4877180
214949
4895709
95391
95822
110753
96668
106775
86065
92702
100240
87371
91129
92252
108266
90827
95314
99154
99824
94602
92845
90667
117880
117927
95997
145688
215071
215077
6620345
6623244
6623243
9398335
6619822
10049696
7343954
7343954
7343955
215071
215071
215077
145688
145688
118511
118511
110753
111094
111503
111540
112419
112641
111949
111949
118318
118318
117880
90499
88610
91123
92063
92277
85786
101022
145875
145875
134743
4764602
4764603
2365229
4766665
4766664
4766668
931122
932059
931124
931614
945737
4892571
4898460
4894912
102861
111503
104697
102858
111504
102901
101975
106658
102038
111541
105090
105993
106508
105193
105326
105172
105304
105197
106307
101762
106282
105533
103287
105212
106863
105018
105628
106879
105630
107201
102167
102219
105631
102986
134745
101899
102275
103017
102381
110826
102387
102389
110488
102580
112429
102596
103219
108804
102605
109244
107734
108819
103230
109436
107744
6225645
101632
109824
103047
112674
112715
110675
112279
112644
109261
110692
109836
112646
110002
110718
112075
110034
110037
102703
102139
110022
102726
102734
103950
118404
112329
118407
111908
103982
110097
111710
104031
104033
111939
100916
104002
101733
107314
107315
111262
107320
109930
110892
110894
104454
108153
108247
103716
111146
103671
111016
108221
112227
110985
111104
109101
109585
118318
118346
2804677
6454239
6461470
2788982
6463787
799995
799993
2959745
2959749
2806208
2810527
1975541
809122
2421240
2790213
2812589
2801433
2808294
3189871
2803249
4460812
2811848
3214883
2680590
2676593
4479380
4630267
4618956
4246370
3195998
4757657
3211608
4759389
4591917
4759029
4764451
4765903
4895709
4631842
4630088
107554
110248
109060
112768
110295
112849
112890
112777
104759
109380
109402
118076
108754
118458
110048
118115
109467
118120
130139
118140
117856
118010
118183
118148
117968
118238
117895
117852
127912
117935
118214
112249
117883
117927
149586
149703
149702
2621075
145902
146552
1087607
803267
145747
145849
4630268
4641200
6479294
6480696
7686272
9407187
9404970
9406660
9409605
9410786
9480639
9484378
9506542
9546123
9679332
9824344
9947295
9954582
9502726
9971894
9986254
9986257
9508920
10049671
10049679
10049675
10049660
10049655
4766664
4766664
4766665
4766665
4630267
4630267
2788982
2808294
2803249
3214883
3189871
3211608
145902
149702
145849
809122
809122
809122
9054281
9068915
931614
931614
945737
931122
931122
146552
146552
146552
146552
145747
127912
799990
118407
799993
799993
799995
799995
799995
118458
130139
134743
134745
134745
2621075
2811848
9044058
110295
110248
110718
111104
110985
110985
110894
111503
111504
111541
111710
111146
111262
112249
112075
110692
111939
112429
112429
112429
110488
112768
112329
112227
112227
112279
112674
118214
118318
118318
111016
111016
112644
112646
117856
112777
118115
118183
112890
118140
117895
118148
118148
2645422
626209
813020
4729479
4867542
4877180
214949
4894055
4898459
4894912
111492
111503
102872
104697
102901
101991
105371
106821
106067
105152
105898
106879
107115
105594
105608
102167
101895
102271
108726
108763
112427
112444
103229
102756
112701
108291
112681
118363
112291
102111
102112
102126
112302
145660
117841
109702
109907
109915
102475
100926
110885
109012
104116
110961
118506
104455
118511
111094
111949
109520
110985
111441
110365
118316
145702
799995
2806208
1960562
621043
2421240
2808294
3205023
3214883
2676593
2784695
4510624
4748670
4748668
3187262
4749014
4749015
4894283
4894284
4903413
108152
112877
1753
111758
109405
117948
118031
117905
117880
117927
145688
215071
146552
4510028
9398334
9391545
9400078
9449042
9473279
9567048
9679332
9824344
9947295
9954582
9971894
9986254
9986257
9987186
10049702
10049695
10318017
10337235
10353024
4748668
10589836
2808294
3214883
7343954
7350870
8167887
215071
9242169
146552
145660
145660
145702
145688
118506
799995
118511
110885
110985
111094
111503
111492
112302
112427
112291
111441
111949
111949
118316
111758
117905
117880
1218943
866022
1447641
931122
104652
102847
104663
106739
106618
106729
106821
105829
106041
106401
105230
106307
104966
103319
103287
105732
105217
101802
107115
102224
134745
102963
103017
110477
103037
110485
110516
102580
112429
102636
103187
102605
107734
122254
103227
107731
101580
112698
108326
110578
110643
102807
102065
112636
110673
109811
103107
145777
118363
103122
112291
102094
112534
103133
112747
110718
102727
118379
109662
112341
111212
110068
104009
112803
102460
103990
101684
118396
111941
103362
104060
100926
111769
103367
102512
103413
110880
111091
110881
111949
103716
111437
111412
110427
109578
118346
799995
809122
2421240
2790213
2801433
2516349
2676593
4501697
4509418
802971
4374567
4632952
111850
109771
110161
106950
106951
110308
118111
121162
117997
118026
117914
117927
149702
182558
145902
1087607
803267
145739
145809
145862
803270
9398334
9400078
9401905
9406660
9409606
9410341
6619822
9484375
9485287
10049695
10049684
10049661
10049675
7341869
145777
145862
145902
149702
809122
809122
809122
866022
931122
145809
145809
121162
145739
145739
118396
118379
799995
799995
122254
134745
803270
110516
110516
110718
110643
110880
110308
110881
110881
111091
110485
110578
111769
112429
111941
117914
112803
111949
112341
112291
112534
118111
118111
112636
182558
134736
4766664
4729478
1446533
102861
111503
104697
104696
104700
106845
106819
105871
105283
105326
106307
101762
105511
102986
110771
112423
110531
103145
107744
102770
108307
103047
102054
102086
102090
112266
112293
102697
102703
110031
112345
103982
112802
101733
109932
108987
110889
110932
111094
111949
109503
111016
110245
110990
118318
2790213
4487345
4630267
2764189
3171724
4510624
3177217
3177218
4731814
3203730
4374578
4630088
112770
111758
118076
118134
108266
107969
117895
118203
117935
145872
1794340
4510028
820904
4630268
4641200
9986254
9231105
4766664
4630267
8176275
9032937
110245
110771
110889
111094
111094
111503
112266
112293
112802
112293
112770
112770
111949
111949
118318
111758
111758
112423
111016
112345
118134
117895
118134
118134
118203
1087772
102861
102029
106835
105833
106481
103287
101872
102253
102963
102402
102405
103164
102588
107901
101632
102065
103122
102098
111153
104009
101684
110137
104119
109044
2421240
4632952
95339
93324
96196
92758
95765
95365
92767
91551
91559
96232
99884
91566
87885
95785
97134
95790
91716
104859
94079
90046
86808
95538
92203
91735
93898
90078
104869
92223
89268
91413
87748
89506
95471
86014
98408
89765
98521
86480
89725
105847
91985
97835
88075
86540
94239
104834
94174
104171
118111
101220
88607
89142
97150
101444
97363
94416
87379
93112
100245
99176
97378
86429
93127
89946
88429
95284
101481
95319
95884
91178
94918
91869
117855
94933
90741
96751
93507
98232
94872
94873
90600
94894
99541
118038
104328
104307
117914
95118
86231
94940
117927
95030
96569
96033
95959
95999
96009
95012
102665
1087607
9398334
9400078
9409606
9410341
6619822
10049695
10049661
117914
118111
122254
109288
103354
104522
2771248
149585
149649
9400077
10049692
8171534
149649
122254
111062
105200
122254
103135
111432
2959739
621090
621044
4492196
4748670
4749014
4749015
106757
111062
103624
6480696
7686272
2959739
122254
111062
111432
102224
101894
108472
108223
118299
802971
118111
108751
803270
803270
118111
118299
105789
112481
1446533
104700
107219
102996
102428
110744
1933842
100926
110115
2620695
1794340
110744
4879558
102873
104696
105363
106729
105835
105270
105125
105689
102288
102345
112564
108819
1116658
101604
103091
102817
137006
109877
112135
111710
110077
107492
108166
110885
103426
111091
111094
104528
110245
91030
92142
92423
109059
97121
110274
90036
89016
110168
92206
86289
101265
107024
105246
103447
86325
106164
88871
87633
89625
106775
86682
87041
100362
95227
93638
103624
90787
88831
89199
96939
90205
104182
91876
117892
118038
103794
92845
9378411
137006
110168
110245
110420
111091
110885
111094
111710
118038
112135
112564
117892
102861
101762
102219
102968
112429
109824
103047
110675
112279
102734
103982
112227
109585
118310
91588
86463
86314
93571
95471
86480
101300
94239
94174
96357
97150
101444
94416
100771
117956
101648
103853
88308
99610
112429
112227
112227
112279
118310
1447641
102847
104663
105695
108767
112313
110031
111916
100926
110885
103438
118299
2676593
110753
92766
92767
95779
90039
90897
98379
89266
95471
96239
86480
89626
98646
109961
104386
102249
101442
98950
100806
99672
94602
101360
100996
101019
145872
110885
110753
118299
112313
112313
623241
931614
102861
106627
108897
108359
108744
102605
108291
110744
102111
110018
111909
102485
110115
107545
109937
118451
110895
104454
108130
111147
110923
111988
110436
4621280
4499693
118134
118128
2499327
145856
6619823
9401905
931614
145856
118451
118451
110923
110923
110744
110895
110436
111988
118128
118134
2790213
104696
106834
105833
106282
102224
101894
102833
111153
104009
118390
111244
111941
110137
104119
2421240
2801433
4632952
112787
118111
145739
145739
111244
111941
118111
112787
106357
105409
106521
106943
102256
102350
102396
109207
103409
110373
106440
110373
101804
101894
110645
103974
107481
4374572
6480696
7686272
4374572
110645
108637
110136
5625138
4879558
111390
111390
103189
108818
102083
109288
108982
104105
109018
108547
104522
103678
2771248
106757
8171534
111062
102114
95407
93804
93289
92252
131148
99154
100103
131148
110718
112313
110031
111916
110379
2781442
4474475
4511641
98314
95815
97104
96519
112768
90040
90041
90042
90043
110284
98371
91415
93578
98646
109961
91503
100240
90285
92252
99021
118148
96819
118225
104311
94976
8172266
110379
110718
110790
112768
118148
112313
94640
89502
89832
92730
90322
91298
92325
90011
100688
91878
90683
102348
102486
90400
90112
93003
93083
90787
90163
89998
89541
96939
90205
90753
93471
101894
90844
91253
100366
90546
95941
105230
102190
102963
110467
102605
118396
104106
107541
102512
103413
98902
95346
92394
93804
92169
92767
110161
107547
95790
90947
91716
92203
91752
89458
89459
93562
89268
93915
91711
97448
89718
91986
89623
89820
98436
97899
89626
94238
98958
96420
94192
97576
94486
104171
96358
89142
97966
91528
101500
90287
90290
91276
97003
90808
90809
92306
99783
94872
90602
90608
94635
95093
95012
1087607
9401905
10049684
118396
110467
105210
92350
96912
95354
93393
95684
93405
95707
91588
98481
98395
94273
94277
94171
96405
92685
94191
100445
92690
94793
98588
92610
94819
97320
91459
94590
99564
101371
96032
96578
101894
100366
95078
90719
105751
106221
105313
106534
106087
105497
107082
106267
104980
105518
105219
106880
102831
108329
118361
110075
109701
111260
104139
109729
110413
109647
2959733
92392
95797
95497
91735
93842
104923
106988
105659
104790
89805
97656
104158
104373
99756
104162
94451
100734
104229
130161
97242
104184
90760
94855
104303
145221
1087605
6477117
9410338
9485286
9987186
10049657
4766665
130161
145221
110413
111260
111260
1522352
1087704
104669
102412
103156
104139
102513
104443
93300
90964
96454
90450
96865
92809
97648
89618
104361
92967
92654
96284
91491
103616
94428
89969
101193
91143
93699
90030
99560
93465
103900
95033
95953
102861
106481
105843
101762
105716
106879
107201
108859
101894
108373
110521
107901
103226
110554
110034
111695
108501
108971
102529
108485
108221
118286
93940
96885
98330
95785
107573
91716
91581
91735
89268
91413
93916
89506
100587
91985
91986
89826
94239
104043
97966
109954
108751
91914
90809
91178
91869
99670
99672
94872
90600
117935
101411
110554
110521
118286
111695
1218943
102968
103047
112632
110718
110881
118318
4497655
112768
94079
91368
94238
94174
100692
97349
100515
94416
100768
93124
95281
99190
102843
91153
100409
118148
100978
101399
9404968
9406660
10049677
10049675
110718
110718
110881
112768
112768
118318
118148
112632
5625006
931614
106060
106366
102986
101894
102346
102783
112632
109259
110718
112304
109026
108153
1975541
4481138
4499693
93413
112768
91368
91374
89695
97448
89817
96357
90255
100366
92252
97003
102843
94923
118148
99672
96033
102676
102662
145902
145872
145856
9409605
10049660
145902
931614
145856
110718
112304
112768
118148
112632
110236
91983
110236
92512
106209
105270
105217
108015
92746
99307
93011
98958
94471
95150
137726
98201
103764
102674
9477033
102861
102858
104696
106366
101762
95325
102219
102986
101894
102275
102330
102619
101632
102779
102783
109824
103047
102065
112279
112313
110031
103982
112227
111104
118310
1975541
93259
95704
91588
93571
101322
94239
94174
96357
95895
93638
100771
97378
95281
95284
101648
104222
103853
99610
102676
102662
111104
112227
112227
112279
118310
112313
105230
105210
103216
103219
110068
103990
96482
95771
95787
91358
97467
90051
97523
106448
98383
93923
93863
96335
97614
93124
94597
104628
106835
105833
112643
111153
104119
111949
92767
118111
101220
100245
118038
112643
111949
118111
89372
89713
92988
91125
92719
219734
134743
1447641
97425
104696
106545
105843
106366
106282
105221
106879
101887
102224
108859
101894
102956
102334
108369
107901
103226
108307
103047
110733
102694
109868
104009
112144
111244
111737
107480
102501
109012
112176
108501
109930
102529
118501
108527
104455
111097
108221
111438
118286
110338
145702
6461470
6463787
799990
2421240
4631844
93413
96885
99053
93324
98111
93259
100233
93817
92767
112753
95785
99449
95472
90039
90041
95538
108662
91735
95546
90897
104918
98666
89675
92834
93916
95504
97713
106850
104355
96244
107263
106170
98426
91832
101323
96268
107197
101335
99282
96717
91488
95887
91182
94413
94508
99012
99190
121160
94828
95204
91158
97242
94842
94583
99670
99672
118144
101032
94602
103921
104545
100023
118243
117935
99577
99621
90728
96024
94954
105546
149702
9410338
4631844
149702
149702
149702
149702
121160
145702
145702
219734
799990
134743
118501
110338
110733
110733
111097
111097
111244
111737
112144
112144
112753
118286
118286
118286
112176
112176
1446533
1087768
101991
102170
102432
112293
110031
103973
104000
2790213
93410
90955
90434
93947
94710
93742
100178
91583
91371
91374
90058
93608
94283
97576
89934
92702
94413
99744
90290
93641
89839
93154
118134
92290
90810
90811
94833
100909
93057
90214
96819
90667
1794340
112293
118134
101894
103037
100916
93359
91716
91581
101288
92620
91178
100981
1087768
102861
102038
102024
105110
101762
105630
102986
101894
107744
101632
102058
110675
112279
101665
100916
101731
101733
96154
98296
93948
98109
93359
101559
94074
91588
92205
90084
92223
101272
93908
101277
97725
96335
101300
89905
112926
94416
100771
93124
96403
94819
97378
95281
101648
94833
102745
1435431
99829
95978
112279
95674
94189
100336
90646
108637
98898
98847
93741
93879
92833
93606
99959
104241
92883
105359
105137
102308
107686
112616
111893
97067
93951
109248
94009
108152
104894
106792
103563
105662
94238
92334
92542
92704
99206
100475
90762
103767
96094
117872
2620887
112616
112616
117872
89695
106721
110485
112577
108566
108474
93318
93431
96471
98241
93803
95656
98337
94117
91734
106973
89506
95526
97674
97150
97979
91911
100914
94850
117861
100946
95947
94954
9409606
9410341
10049661
110485
117861
112577
92818
89193
109047
96152
94652
93804
93741
95580
98958
89880
92846
96634
98068
90350
93944
97084
98261
98759
96291
99961
99657
96025
108897
108744
112480
110744
104013
103985
107555
93804
93274
97774
92946
97576
100464
92718
148798
6796842
148798
110744
1446533
104700
112293
103973
111094
118318
90955
96897
98317
93947
94710
95384
91583
91371
91374
94174
92702
94358
90810
90811
93057
94588
96819
99566
90667
93481
1794340
111094
112293
118318
90455
91639
100660
91903
95849
95304
93707
96796
90695
623241
108897
110744
102095
102485
104454
108130
111988
98902
95346
90981
95752
97091
101128
93804
99106
91588
93896
97774
97847
96668
92946
96272
96702
94768
97576
94337
93214
93100
95913
118134
99025
100778
98563
104216
94614
95059
92923
1745828
2499327
110744
111988
111988
118134
106721
101894
110485
104009
98085
93318
96471
93742
91734
100366
98582
93233
91911
100914
95111
95947
110485
102861
101894
100916
102477
101731
90454
100223
99339
95561
90124
93853
101291
92673
96963
94499
96768
94899
99943
94939
101798
2771248
94067
91637
91728
99431
104802
93161
91052
8171534
4867543
1087704
111491
102875
104690
106721
105378
105843
105161
105126
101758
106303
103314
104972
105728
105210
105595
101836
102261
102412
112436
103219
107938
101604
110705
112643
111159
109858
109721
111220
104095
109008
104139
104140
103379
102513
108474
103417
110981
112014
110170
109525
109128
2649076
4403809
4395247
4374578
90343
93297
96885
98292
96454
92392
91005
96855
101096
96209
94703
98879
94010
96144
98767
98895
94117
109768
94133
104806
92497
91741
91600
103447
95457
104786
91435
99503
104767
93585
93930
104909
97644
97648
98429
93611
92627
92654
89892
100511
94412
103616
95233
91530
91209
96994
90311
92730
94816
104200
90787
95189
89955
101526
99782
99211
98139
100294
99961
94563
104240
107960
98214
104545
98236
118035
104568
101008
90680
92878
92880
93481
95033
94983
96629
95000
95004
95006
1447601
9406660
9409606
9410341
10049661
10049675
4403809
8176344
8176275
110170
110170
111491
110981
111159
110705
112436
112436
112643
102335
102807
118363
102734
104009
104060
112167
2421240
2421297
2811845
96165
95365
93270
92186
95785
95786
99434
92813
112880
97725
101320
91986
94301
94456
97150
97596
97151
98580
92269
92620
102843
95294
101189
97222
96764
94597
90600
96033
112167
112880
90400
101102
93633
92574
104332
95111
90719
92343
90967
98261
96647
89845
92087
92114
91454
99657
1087822
105809
105860
108860
103707
4763596
93765
93243
90510
97108
105857
95550
95552
100343
99704
97202
104229
90030
90749
90629
118033
99556
96129
104246
107953
4763596
134743
105766
105012
105221
101816
106879
101911
102407
108026
103162
108762
103226
112570
109439
112610
108589
103052
118363
109861
110031
107809
110143
104135
108496
104455
104467
109102
90349
108152
90336
93554
97687
90897
111662
97779
93930
96657
107263
106997
107264
98441
93540
104151
107256
96422
95887
93092
97357
94508
94451
96404
100776
94828
97027
100887
97236
93067
103854
90749
103921
104545
104608
106548
100970
95937
96036
9410338
10049657
134743
111662
112610
112570
134743
1447641
931614
105766
95325
105221
101816
106879
107201
101911
108906
110766
110793
108026
5305640
5305639
108772
103226
112606
112570
109439
5305358
108578
108589
112655
112484
103109
118363
112291
111166
110045
117836
111160
103950
110031
111869
118407
107825
110143
107480
104135
109919
108496
112176
107411
110141
110881
104461
109520
104467
111977
104478
108221
109102
118286
110338
2392353
93765
96885
96895
93322
110248
110753
92766
92779
110273
90336
94648
90888
90897
111662
104785
91704
97779
93930
106761
106170
106997
107197
107256
107182
95887
96376
94508
99012
112358
103531
93132
94828
92295
118140
90749
94842
118156
94858
106609
104272
104545
117895
106548
100978
117944
96557
94954
96036
145697
146981
106444
9398337
9392442
9404968
9410338
9480639
9484378
10049699
10049677
10049657
6796081
146981
931614
145697
118407
134743
134743
9136737
110338
110248
111166
110881
110793
110753
110766
110766
111662
112291
112606
112655
118156
112358
112358
112291
118286
112570
118140
117895
112176
112176
105288
102265
98068
93944
96195
98261
96291
96399
91454
99961
96025
94949
94975
91637
91389
93161
101894
93354
92763
91717
100366
102861
1866189
105195
101762
103148
102612
103122
103982
104060
2421240
2503240
94653
96165
96839
95365
95785
91716
91581
94074
92205
91735
93928
97725
93929
91986
101300
94456
94459
94184
92694
95890
97150
92269
92620
97308
93124
97551
93127
101189
92308
91178
94597
95108
96569
95012
104954
105529
101902
102392
110879
109047
90967
96856
106763
91963
94172
95235
100519
100336
106562
92846
103901
95032
96576
110879
1446533
104700
105439
106394
103284
110762
110792
108375
103165
102755
112293
102126
103973
110097
104078
109932
104452
110965
111094
110923
104481
110222
118318
90955
96480
98121
98254
94710
94063
91566
91583
97453
97469
91368
95487
104894
103492
93608
104407
97576
92702
94358
94421
118134
99694
90810
99731
100909
93057
91077
99982
93509
118199
96819
96123
103805
96033
96587
94976
1794340
9987186
110923
110792
110792
111094
110965
110762
112293
112293
118318
118134
118134
118134
118199
134743
101816
106879
107201
108727
118363
110103
104135
112805
108153
111015
2959737
809122
802973
93322
96210
90897
104918
98518
106170
96668
108654
97957
96296
95887
100907
100887
95214
118140
91236
96745
91885
99670
104545
803271
803267
809122
2959737
134743
111015
111015
112805
118140
899483
106880
105594
101604
112643
102831
118361
109701
110413
95497
93842
97766
92942
98441
96361
92716
94451
100734
91057
104229
97341
94922
94855
94866
96070
110413
112643
1447641
4870761
106208
105298
105121
106308
106879
107201
107137
110764
110766
110768
110782
110461
108017
108727
108572
118363
112293
109861
112313
112144
110103
104135
111255
109930
108153
111015
109068
111441
104506
109509
109125
6461470
6463787
93322
110248
106950
106951
104889
91372
104918
96244
106170
108654
98441
97957
95887
94508
93112
100246
99012
107467
100907
100887
118140
91885
106607
94602
106609
104545
118027
118012
127926
96036
146981
9480639
9484378
6796081
146981
127926
110461
110248
110768
110782
111255
110764
110766
112144
112293
111441
118140
112313
93152
219097
1236300
102879
97427
104709
106545
106223
106391
106393
106282
105533
105018
105687
102189
108860
102358
108026
112436
108417
102601
102604
103226
112557
112477
108843
109439
108589
112699
108611
108329
118381
109682
111235
104014
102481
107439
110143
100926
104108
108496
102529
111081
104455
111323
104521
103694
104539
109627
2808292
2812209
4746633
96885
94664
98903
92392
98861
93820
98888
95797
99887
105857
112786
91385
98491
91613
104785
92834
101285
104355
97651
118062
98441
106862
93029
97944
94761
112920
94495
91254
95894
112924
95166
100845
93659
94828
95204
91153
118005
91894
98209
118196
117862
100943
96086
118214
93441
96130
117916
95114
92927
96065
149702
6480696
7686272
9409606
9410341
9500702
9986256
10049661
9231323
7345716
149702
149702
149702
219097
118381
9286992
111323
111235
117916
117862
112436
112436
112557
118214
112786
118196
97427
106512
106284
105594
102189
112280
112645
118361
118380
104010
111917
109701
112804
109891
108189
111129
108110
110413
2514271
2499246
93278
107014
95497
94082
97847
94275
98441
94454
94455
97561
94327
94782
95224
96361
97975
94359
94515
94451
100734
100471
100280
91864
94922
94866
104557
93448
96128
103791
96129
94956
118380
110413
111129
112645
94671
92762
93368
100237
92796
92509
93569
91710
92988
92238
93638
92719
92609
91906
91857
91873
94883
96821
1446533
104700
102393
112293
110031
109009
118506
111094
118318
93947
99844
94710
99884
91565
91566
91583
97453
118087
94239
97957
98992
94413
94358
97549
118134
100896
93043
97222
93057
95218
96819
96821
94947
94976
95997
932061
118506
111094
111094
112293
112293
118318
118134
1446533
104700
104956
111094
93947
94710
91583
93850
93608
94358
93043
93057
96819
94976
111094
105176
106534
109186
110235
104468
2620702
93298
93420
92391
96440
109352
98891
93902
91613
91702
105659
104831
100567
104345
94194
91516
99672
106548
95113
99619
107953
10338097
2620702
110235
219617
856347
622304
623242
4867542
1087666
111477
97416
97431
97437
101970
111509
104709
101963
105363
106622
106187
106641
106221
106512
106223
105407
106515
106021
105880
105305
105341
107082
106282
106267
105533
107084
105021
101414
106287
101918
108882
102987
108931
101899
108898
112382
108377
110464
108714
108709
108710
108375
109186
109432
107737
109433
108841
108800
108801
107729
108845
108581
108304
108305
108335
112631
108643
102801
102807
108301
108303
145779
109302
109304
102129
117830
112120
112067
111173
112123
110061
104006
103966
109921
104016
107483
111745
109675
107487
109714
118443
111260
111738
112823
104108
107312
111301
111262
109729
107319
108995
108509
107325
107336
107337
108541
109026
109005
110973
111833
112175
111835
108533
104455
109046
111110
112218
103664
110235
109522
111146
111013
108223
108077
104504
109539
118277
109579
109540
109590
118289
109130
110331
2443377
2513954
3189871
2680439
4512666
2499246
108713
4374566
96885
98094
100203
93951
94706
94707
96866
110754
107064
104849
98056
109352
93757
92189
101113
108066
104769
112459
95497
93562
104758
111666
106964
111667
109400
91712
95471
107262
118052
101320
107043
108650
96668
104943
106862
105972
94238
104833
106180
100567
112904
104385
96424
94399
96959
96357
94782
108848
94410
99162
99745
99746
112924
101164
97608
100711
99755
96390
96999
93723
93234
104422
93665
101643
107465
100471
121146
99789
95204
99820
97242
104239
94842
94591
103754
104603
100980
96128
103791
96129
104576
104585
104313
96063
96015
145646
145640
102641
2620874
145887
1293085
4510032
145814
3189871
7350871
145814
145779
622304
623242
145887
219617
118443
121146
1087666
110235
110235
111301
111173
110464
111110
111110
110754
111666
111666
111667
111833
111833
110973
111146
111738
111260
111835
111509
112067
111745
111262
112120
112120
111013
112123
112175
112218
118277
145646
145646
112382
118052
112459
111477
118289
112904
112823
118052
112631
1446533
102876
104700
104956
102126
111094
4895709
98317
93947
94710
97453
92664
92702
92703
94358
92721
97004
96396
104204
95314
93057
99824
96819
95997
111094
102861
97426
105628
105630
112419
112293
102136
110031
103982
100916
109585
95346
98904
95354
94711
92469
95792
92808
92811
91676
98382
93915
91947
97448
94239
94174
104048
92685
103528
96357
92044
100706
94416
98588
96403
99783
100299
103853
99943
104577
104263
112293
112419
145795
145797
1087767
105074
105882
106544
106308
108860
108417
108772
109224
108578
110574
110581
110662
111862
109256
109717
104135
112847
112207
108193
104461
111145
118296
6461473
2620727
98288
94655
93429
96467
96913
95432
95717
92766
95368
94017
96517
96519
92779
92736
107361
118058
104779
94089
98494
91771
104925
97775
91795
93601
98441
93028
111151
92334
94317
93092
96363
95257
96372
100710
100433
94820
108266
92297
100686
103921
104948
96819
96820
94901
118206
96076
106548
104575
104333
95116
94976
96632
95011
100122
145688
145688
110662
111145
111151
110581
112847
112847
118296
118296
118206
101798
96878
91683
91758
92260
97416
106846
1866189
105829
106239
105145
104966
103287
107093
102963
102391
103148
102059
112741
103122
102124
109900
111942
103416
109135
2421240
99040
92394
93324
96839
93951
93359
95765
99088
95365
92767
99919
98054
95785
94074
94079
95627
92203
92813
93898
104917
99474
92826
91936
94095
95471
97792
98408
91985
91986
93539
100358
97243
104171
118111
104388
95890
97150
97966
100461
97281
93112
100245
93124
91914
93127
100670
98013
97222
92314
100442
94933
94587
94597
98231
94872
94873
118038
117914
104339
104253
94940
96550
92932
96569
96033
95959
96624
1087607
111942
117914
118111
106078
105896
102167
108709
108710
101596
112643
103976
107316
110973
118505
104455
104461
112222
101041
105978
104385
100455
95894
94359
93114
97312
92114
107964
100951
106548
100977
103820
106407
110973
110973
112222
112643
93318
93431
96471
93803
94117
97674
97150
97979
100914
94850
95947
94954
9409606
9410341
10049661
2499096
102861
102857
102029
106846
1866189
103287
101894
102972
103037
102303
102391
103148
102636
102616
103122
102124
103990
100916
108501
99040
93324
93951
93359
100155
95365
96864
99919
94645
94074
98655
92814
93908
95471
101317
94289
97553
94239
94174
104388
93211
95890
97150
101497
97966
94792
100245
92620
93124
93127
99196
100551
99141
96760
94597
98231
100981
117914
104339
2620958
1578327
117914
104700
95789
93582
145875
145875
1087822
104697
102413
108767
107686
108567
101618
102801
102111
102705
108185
108187
103707
112215
104461
109526
109516
6461473
94664
93264
93817
101558
98056
98492
95504
107249
106792
105662
94285
108654
96270
107874
95894
109157
99756
93048
95204
99954
99651
94866
106548
96128
95043
96033
1515499
1087822
106057
105242
104987
105580
108430
107686
110075
112808
103707
104521
109095
109096
109635
97067
93951
109248
92766
106786
107249
106792
96657
103563
105848
93608
105662
98441
100624
94238
92542
92704
101453
97312
103746
117872
100996
104627
106433
9135777
9135776
112808
117872
1515499
101894
110708
98752
110708
110708
111541
105860
105742
110824
107978
109200
112432
103050
103134
109894
109694
109695
111266
109736
111317
104461
6461473
3171724
3177217
3177218
93765
94674
92779
98463
110307
93608
96428
97312
93132
94572
104316
106548
92836
9135776
9135777
9135777
110307
110824
111317
9135776
9135777
9135776
111541
112432
1087822
105303
108368
107686
102061
103707
104461
109096
97067
109248
93551
107249
106792
103563
105848
105662
100624
93092
92704
101453
93132
92836
104627
9135777
9135776
103050
104461
94674
100224
93281
104779
106792
105848
105662
98441
94317
94323
92704
92714
93115
93132
104557
92836
102861
97434
96162
94669
93945
98904
95354
95831
95684
98059
95792
99438
98481
98382
98395
94261
93934
94273
96405
94239
94244
93213
97358
95160
96384
99764
93157
97203
99943
96101
96111
104577
2620964
134741
214949
111503
111540
106821
104956
102212
102271
110792
102294
108763
112641
109259
112291
112292
102112
110034
102126
118407
112318
103973
111742
112800
118504
118506
118511
111094
111949
109520
118316
118318
118323
4618956
4895709
95391
95407
95639
95802
110753
92767
93289
97453
99496
106992
111362
93608
96668
94157
95150
104057
95159
94358
94363
118134
108266
100792
95314
99221
93057
95877
99824
118199
101370
127888
127926
117880
94976
95997
145688
215071
215077
6620345
6623244
6623243
6619822
7343954
7343954
7343955
215071
215071
215077
145688
118323
118407
118506
118511
127926
134741
118511
110792
110792
111362
110753
111094
111094
111094
111503
111503
111503
111540
111742
111742
111503
112291
112291
112292
112292
112800
112641
112641
112318
118316
111949
111949
111949
118318
118318
112291
112291
117880
117880
118134
118199
1087768
102885
104696
101801
103301
102174
107115
101832
103197
1101268
102481
104455
93947
95427
98334
100220
93272
102148
98039
93283
94726
95687
98770
99887
94130
104894
95555
99309
95532
96665
101250
103633
94473
97965
97966
97972
93112
95173
97625
98003
94833
97230
94558
94570
96819
99548
95098
102664
104696
106834
106835
105109
103287
101894
110780
102402
102727
118390
111244
112820
2421240
2781926
4632952
97051
96184
93324
96196
98832
95365
94054
95785
94079
98360
97687
92813
93898
98490
97534
98388
98503
95467
94095
97792
98521
103465
98714
97835
103604
103569
96275
97675
99275
104835
96357
104171
96360
95890
97966
100366
99171
93112
100245
99190
93127
99975
94587
94872
94873
103931
94894
100981
104307
96550
117927
95989
96624
96006
96009
142893
1087607
142893
142893
110780
111244
112820
105835
105837
105170
103121
118439
110136
109047
93741
93817
95379
105986
105987
106763
94172
98958
104389
96972
96745
104287
118439
102903
102200
94059
100928
103421
95174
98236
93481
145795
105412
105130
102157
101836
101435
110771
112382
108767
2676593
100199
95500
106447
95504
105981
96296
100446
100750
95894
101342
99561
96130
101395
2620811
110771
110771
112382
1218943
102861
106846
105828
105829
105230
105210
101826
101894
102972
102315
103220
107629
110068
103990
103360
2620707
93949
93950
93359
102143
99863
96495
96864
95777
96232
93396
94647
112755
94078
106448
101277
95471
96335
99332
95614
96693
97553
94459
94174
96299
96302
100692
95222
95890
98992
97151
99011
100654
100810
94831
99141
100320
94597
95047
100981
95094
104628
101411
104339
95126
94940
96017
96041
145862
145862
112755
94610
103020
102363
102398
102399
104102
1156859
2679203
2676591
94037
94067
109421
93579
99308
104802
106179
104832
96308
100379
101181
107160
100813
118019
93517
103874
104637
100120
1447641
1087873
104660
105440
105079
106050
105121
105495
106273
101804
106879
107201
107202
108859
108729
107656
103226
107715
110731
109893
110076
111246
104135
108153
108233
93771
96885
93781
95710
99065
95714
109773
94035
99111
104889
94082
111665
104888
98518
93935
103597
106170
97653
101320
94275
97667
94238
94297
94385
94408
95257
94212
94235
100433
97002
94813
103531
93665
97318
100469
93685
95301
97335
96938
95317
99658
99948
96129
106577
93465
104336
145449
1293085
6795263
145449
110731
111246
111665
93431
97644
93611
96290
94188
102656
102012
101832
102116
2620683
93779
98242
100222
94726
95450
94752
97960
97961
99000
94419
94420
95850
96818
103935
104613
99623
103819
96594
100052
931615
103244
101430
102701
104516
2959740
98292
98085
93789
96471
93803
96850
95827
93739
93752
97133
94117
97848
99509
93935
93611
96290
94315
94316
94787
94340
97150
96990
97979
100865
99037
93694
100914
94574
94850
93516
93519
100985
93493
96581
94954
105789
106195
103054
111933
107481
99065
101544
106772
101178
118191
96810
101374
104263
111933
118191
1642680
102211
108744
102469
103371
108972
110972
111142
108130
110172
2764188
99122
97050
96886
96457
99899
99106
93764
99390
99394
106775
95146
99781
99154
99983
100330
99543
110172
1116658
110223
2402836
101265
100385
101529
104182
98201
96095
2620807
110223
101881
102265
102785
95405
101127
109755
98261
98711
94242
96291
104147
96088
105904
102165
99052
96471
96850
96490
96138
98275
99120
94117
98482
97757
93850
98408
95623
94291
100634
95889
95256
97150
94803
97399
95932
95313
94539
101348
95082
95008
2620957
623241
104674
102861
106627
108897
102211
108359
102428
108744
102605
110744
102095
102114
111909
101704
102485
109937
118451
103413
110895
104454
108130
111988
110436
96451
94650
98902
111850
95346
96180
96844
98926
97091
107555
94015
99106
96443
93874
95628
93896
104811
104812
95504
97774
97847
96668
98436
96269
97899
97559
94249
94768
96304
97576
94337
95898
100762
97614
100849
118134
99025
100778
100893
99710
118128
95863
95207
98138
99232
94613
94625
95059
103837
95113
100040
96591
2499327
1436643
145820
145820
118451
110744
110895
110436
110436
111988
111988
118128
118134
102610
94067
1087916
102860
102029
93940
99107
94074
94078
98655
96710
97150
94414
96033
105391
105256
103254
105745
106284
101833
108799
112566
109264
109698
112808
110875
108538
109631
2499246
112868
99470
103561
107009
94454
94465
104387
94327
94493
94782
94359
96999
94444
94515
94425
100471
95301
100280
99651
94615
117862
94875
103846
103791
142880
9408683
9409093
10049665
10049669
142880
110875
112868
117862
112808
112566
108637
94658
94772
102861
102858
106016
105713
101762
101772
106879
102219
102986
101894
102276
102605
102619
101632
102779
103047
112643
145777
109930
110980
111104
109137
110420
1975541
98078
98109
95749
100215
99897
97134
103446
97849
95471
95532
98642
98643
98629
96348
96357
95895
101499
97985
100771
94819
97378
95281
102843
95284
99197
98014
99730
101481
99808
99967
99988
96794
99610
95030
95999
102676
145777
110420
111104
111104
111104
110980
112643
145800
103020
103093
103675
4395244
97893
97584
100945
4395244
98987
101001
111547
106628
105142
110762
110763
2390269
112135
109932
109009
110162
109387
104894
127913
9987186
127913
111547
110762
110763
112135
112135
104652
97421
103241
102963
102402
112643
109868
109662
111942
109488
2462772
98773
101555
106351
96882
98067
99403
98414
101328
95230
97966
94506
100653
103642
100325
96834
104563
99561
104564
111942
112643
2462772
1087842
101762
105210
101894
102371
101632
100916
101731
101733
98296
95763
94645
101272
95556
97725
94459
95146
95890
100771
99829
100005
96041
106300
102172
101894
108033
112659
97667
97552
94514
100951
112659
111516
103260
107703
110146
4621280
98773
95758
106352
98283
110295
97687
97448
101335
108754
95166
99154
103642
99232
100325
100040
110295
111516
106359
105860
105996
106273
105542
105594
105597
110473
110465
108729
107978
109200
109201
109204
122251
110681
110714
110731
111872
109894
109694
109695
109677
109891
112155
108469
108195
109042
109526
108233
110361
109631
820896
800858
105857
110289
109395
97764
105249
104355
111151
106847
95224
96361
107166
94602
96129
106577
96598
9409093
9477032
10049665
800858
820896
122251
9135776
9135777
110714
110731
110465
110681
111151
111151
112155
112155
110473
1447641
104652
106024
105930
106282
95325
101413
101915
102224
101894
102404
102601
112557
102837
102817
111690
109670
109930
102529
104455
109592
2421240
96883
99132
96471
95356
95427
96925
95365
100233
96230
96521
95785
100181
104806
95559
98498
95605
96276
103344
101146
95891
98999
97368
99756
101177
98542
94828
98557
100306
94932
94933
99672
118144
96764
98214
96786
100023
99570
103789
95118
95941
96624
100072
100128
106444
7341398
182990
111690
112557
102861
101983
106198
101749
104106
107541
104111
103413
96451
98902
111850
95346
110161
95793
104812
112787
104814
98694
98436
97899
96272
96420
100357
97576
96358
101500
97164
98024
97240
94946
96591
95991
9401905
10049684
112787
108637
98898
101332
94772
117946
1087847
110825
108711
102083
103987
109704
104139
104522
104523
101103
96878
99534
96243
97656
104055
99167
97196
100268
101655
99231
95958
100119
102339
108637
104006
2499246
98094
105249
109400
104931
107753
104933
103561
104943
110315
106862
111364
100471
94875
104603
104321
104243
127891
127927
103820
2621051
218925
145888
106421
6480695
7345714
137002
218925
118380
127927
111364
111214
111835
110315
110315
111728
111017
112847
111614
1236300
104649
106282
102224
102358
103226
110042
111720
103958
109670
102481
104455
104521
104539
109530
96885
98903
95356
98110
96925
98330
95645
98337
95365
98888
96140
99440
100181
96882
99887
112786
95497
95500
97750
95525
98521
104355
106862
98448
96276
105984
103347
101315
96370
98999
97368
99012
100374
98004
100907
95204
100287
98166
96786
118198
95050
95018
95941
96578
94978
102681
111720
118198
112786
626209
97416
106242
106534
101932
102188
110782
108727
103217
108843
108307
110742
108187
109513
2806208
2808294
4595876
4595943
4595944
101129
95822
95682
105658
105660
96668
106775
96296
96357
98542
121148
118198
96076
104564
96128
96129
99626
96571
100051
94971
9231195
2808294
626209
626209
110782
110742
118198
118198
118198
104972
108782
2649076
96471
98429
96259
97674
100702
97150
97011
95082
94954
94983
106061
106534
106087
106884
118361
109729
107337
110213
103701
4511150
2781926
98835
95797
104923
105659
100343
97550
98187
104303
127899
127899
127899
127899
127899
104697
102960
102358
107686
112643
102831
109814
118361
102705
109701
108187
108538
110413
6461470
6463787
4746633
101558
106985
95504
105662
98441
96270
97561
95894
99756
95917
100734
95204
99954
94922
99651
96128
96129
96130
95043
95031
145812
8509973
9231323
145812
110413
112643
101894
101898
102393
102634
1101268
95358
100222
95555
98391
99309
98525
98193
100333
104697
101864
108767
108843
102106
101705
110138
109014
99063
101558
99512
99471
95504
97856
96270
98733
104387
109964
95204
101939
99954
103846
117867
96128
101403
99615
2528498
8509973
9408683
10049669
117867
2528498
102879
105750
106545
103301
105687
102167
102189
102960
103226
112557
108843
109814
104108
102529
107342
108187
104455
108538
108539
111014
103694
104539
4746633
96885
95415
95363
101558
99887
105857
99470
107754
104355
97651
103563
96336
98441
106862
97944
97960
95894
100845
95281
96793
96086
96130
149702
8509973
9231323
149702
111014
112557
106050
104022
96467
99619
102861
104700
101983
106198
106394
105206
103284
102211
104106
107541
104111
104454
96451
98902
111850
96844
97091
99907
110161
95793
112787
104814
98694
98436
118062
97899
97900
96272
96420
104407
97576
96358
101500
97363
97164
100909
98024
106566
96591
148798
6796842
148798
112787
105378
103084
104139
96454
95768
97747
97184
106701
104139
109128
96454
95768
96144
96706
96296
101021
145795
104697
105412
106366
105293
105509
106282
104996
105594
112382
5305924
108767
109805
102111
102726
110952
104119
109490
6461470
6463787
2481368
4757657
4759389
4759029
97055
110270
99926
95538
95539
104756
106447
104813
99509
96270
95894
97396
97212
99954
101343
96112
96129
96130
2620876
9406659
10049674
9231327
110270
112382
112382
112382
103330
101632
102723
101674
102529
101277
96658
101322
101237
101648
97341
99967
103828
100955
101366
106661
106041
1101268
98242
95576
99309
97966
97310
98003
98955
104696
105831
106043
101759
101760
101918
101433
102263
110484
110639
108221
96883
98825
96196
96485
95762
95772
96140
96234
96537
98354
99887
97922
97531
97535
96717
100579
104408
96727
101217
97356
97275
96394
100374
97186
97223
95867
100401
96950
98157
98219
96019
95937
100044
96619
105546
110639
4766667
104700
102012
105268
102271
103166
102827
103115
112266
102112
110018
102128
111689
110997
109632
110436
101058
96459
99059
100139
96487
98254
97123
98275
95792
99538
106447
99389
99406
97787
103567
96268
112929
104407
96435
95892
101495
100370
100536
97616
100778
99735
100792
104433
99983
99566
104326
96587
2620997
4766667
110997
110997
110436
112266
97416
104964
103020
103152
107938
110639
110743
101715
104522
103721
104523
103678
2483661
96872
96878
96145
97691
106805
97893
96295
104348
104349
96722
104408
98988
97584
96389
97398
95858
96950
99231
100836
100945
100119
110639
110743
2516349
106701
103327
103084
103096
104139
109128
98070
96454
98932
99074
96865
96144
96706
96296
97605
101193
99561
95953
95983
95997
97425
103260
103327
105037
108805
109436
103115
107635
103982
100916
109585
2540705
98779
98100
101549
97115
98758
99118
97639
96268
99271
108754
108755
97976
96384
97616
98007
109478
100398
99230
99823
103856
104577
103816
96597
218665
218665
813020
103252
105709
103284
101865
110783
102439
102389
103126
102125
109924
102493
104451
110222
118291
2513954
4748669
96451
98902
98903
99869
97453
99391
104814
98722
96272
97948
98620
96420
96294
100357
97576
99236
96358
100522
100285
98024
97240
97344
96956
98222
104300
99618
96591
95991
2621056
4748669
110783
118291
104700
104956
102126
100926
111094
101106
96529
97453
97292
96399
100735
95844
96819
111094
104706
101990
105825
105827
105836
105837
106209
105271
106640
106126
105180
106133
105170
105215
101864
105625
106943
102997
137747
112503
112527
103121
104094
108166
109047
103732
108234
150540
4632239
101091
101104
106447
105986
98958
100366
117953
100385
101529
99203
106049
96741
100007
104278
104287
101343
103764
96084
103817
102648
102649
149286
145851
150540
145851
149286
145795
134732
102035
101997
105412
103266
106282
112382
100923
104119
109490
108538
108539
6461470
6463787
99926
99509
102447
96255
96270
100640
100892
100808
104427
99954
98209
106548
96129
96130
104246
104588
7356240
134732
112382
112382
112382
102860
105179
103241
105935
105498
101816
101914
98130
103563
104429
96107
97425
103293
105688
101864
101437
103200
109432
102762
103099
104540
98094
103443
97760
97720
98455
96424
96427
96977
99008
97378
100440
104239
99593
96616
103293
101888
108723
108375
102580
107731
112481
102064
110676
109710
103373
111256
110968
109086
98825
100162
99887
98669
97895
96709
96727
103349
97260
101238
97221
98219
104303
110676
111256
110968
105179
103434
2812210
98856
98130
99107
98058
97213
2812210
104660
102879
97427
105275
105073
105542
105594
105597
101879
137746
110465
109200
102596
109201
109204
108562
109258
109818
103135
102696
109893
111246
100923
109891
109928
108469
111286
109490
109042
110361
109631
96461
100236
99464
98494
104355
111151
96689
97561
98963
96715
98986
97257
96361
104418
97395
100907
100284
97242
98209
103886
103820
96598
137746
9135776
9135777
111246
110465
111151
145795
97427
105412
101886
112382
109805
102824
103107
110729
104119
109490
109488
109091
6461470
6463787
4510624
99926
106447
99509
96270
106775
99954
98209
2620876
4510028
112382
112382
112382
102861
102038
105401
101762
101632
102058
100916
101733
2620696
96912
98664
98690
101291
101322
97614
100771
102745
99829
99943
96833
104263
4833940
4770835
4957280
106660
101975
106658
101991
101997
106451
106000
107082
101765
102963
102334
108714
112404
103197
112478
108285
110647
110745
109303
137001
111688
103950
111690
109874
118387
108165
100934
108530
108489
112047
109635
4794488
108713
4757575
101076
98110
96925
98856
112786
97750
98666
109423
105659
98521
104790
97875
97895
96276
96345
104373
97353
96364
101441
97550
97179
98004
118136
97221
97036
118144
96764
103933
100958
104580
103912
101028
100054
102662
145744
145744
118387
137001
110647
111690
112047
111688
118136
118144
112786
105293
109814
108187
109490
99926
97620
99954
8509973
1087961
111504
111507
106729
106098
105790
107082
104970
105001
106282
110783
108817
110638
108281
112674
112646
112324
111891
111690
112141
109670
111786
109929
111738
107314
109930
110881
104455
111385
111951
104532
110223
108111
109592
109647
110340
145702
6461470
6463787
799984
809122
2812209
2812210
4511150
3217332
3217528
3217529
108713
98337
100233
100181
112786
110292
112787
118051
110312
112900
107197
112930
118455
107448
97368
97179
104422
97036
118139
97345
118144
96764
117861
96786
104548
100023
118239
104611
117927
149702
219511
219616
803267
145707
145739
145818
9398334
9400078
10049695
3217332
6796842
7345718
7345718
148798
149702
149702
809122
145818
2812210
145702
145739
145739
219616
219616
118455
799984
110292
110340
110223
110638
110783
110881
110312
111690
111504
111504
111507
111738
112141
111385
112646
112674
111951
112324
117861
112787
118139
118051
112786
112786
112900
112900
1087961
1218943
102861
105210
102972
103990
96482
97467
104869
101277
96335
100358
100692
96360
97614
100551
103840
100987
104628
111516
105321
109193
107702
107703
109818
111689
104104
110146
118451
110962
108130
4601078
4605151
98773
97091
97787
99318
103642
99230
96748
9408684
10049670
118451
111516
111516
1218943
1087842
106136
105230
105210
101742
101826
101924
102956
103219
103220
102839
102779
102042
103082
102059
102833
103990
109915
103671
2620707
102143
99863
96495
98053
97467
106448
98498
101277
96652
99332
96693
100692
104437
97150
99011
97614
97008
100781
101648
98557
100271
101475
101488
100320
98214
96800
99580
103789
99617
104628
96569
102658
103195
102839
102804
2513954
98078
96514
104891
99887
98374
97702
99481
98687
104792
97895
104156
97243
97353
97374
101480
98219
100943
96559
102662
1236300
102189
102604
111017
96885
98441
97285
97294
100337
101534
100833
106548
100122
111017
1087772
106821
101762
102167
102219
102233
101894
102275
102968
102330
102593
102783
109824
103047
103049
111104
809122
112748
101559
99467
110308
97975
97004
100771
97378
109448
102843
97396
101648
121162
99731
100397
104222
100915
99807
100409
99541
117921
803267
145739
809122
121162
145739
110308
111104
106821
105192
104956
108763
108578
102126
103973
103362
118504
111094
1975541
4895709
98319
111757
98713
104362
96639
96723
104057
100506
118236
96819
96626
102676
2621076
111094
111757
108914
102703
96889
97091
107555
97133
97904
98205
96637
932059
945737
102150
103084
110706
104139
102513
98932
98119
98879
97747
97648
98429
98461
98636
97184
9406660
10049675
945737
110706
101894
98085
96514
96641
97150
97151
100366
100914
1997012
105860
105594
105687
102987
112432
108607
108610
109894
109729
110237
105448
109053
101041
106156
98480
98492
97665
106152
98636
100433
99756
97194
97395
96811
96814
100977
9135776
9135777
110237
9135776
9135777
112432
105210
110068
103990
97467
97614
104628
104723
105076
105210
102292
103990
2620707
102143
106448
97151
97008
98167
104628
106308
102101
111916
104461
98314
97090
98646
109961
96713
99021
99709
96783
1964908
103330
103219
102690
102723
101674
101237
99738
103828
100955
101366
103897
134732
102872
111541
105860
105185
101864
108860
112419
109818
109736
111317
109077
108112
3211608
105857
104440
97395
97202
99556
107953
3211608
7356240
7356240
7356240
134732
134732
134732
9135777
111317
9135776
9135777
9135776
111541
112419
1087916
103298
103175
99137
100220
98391
98439
100844
108751
100385
110055
100683
96950
99596
99597
99617
104688
101863
112420
108996
111432
97053
98094
109755
97103
98270
96872
97450
99248
97394
96807
103757
111432
112420
106627
103130
118388
104104
110146
109938
110895
110994
111007
4603641
109405
111362
112929
109465
117938
9408684
10049670
117938
111362
110895
110994
111007
111007
105399
101413
106288
101590
101636
102795
102804
102806
118363
109661
110881
104455
4499694
4511640
96883
98903
96925
98337
99440
100181
103518
97368
99756
101642
99037
97345
104548
100023
101340
104611
99597
117927
102662
2620807
110881
103982
102477
99339
96963
101494
99943
104263
145767
625722
623240
4766664
214949
111503
102876
102877
111500
5291995
104700
106825
101991
111540
106730
106183
106530
106012
104956
106282
106267
106318
105219
107089
101816
102174
107115
102226
102278
103025
110792
102437
108375
108763
112423
5305640
5305639
103145
102605
103195
5305358
108578
1101268
112657
110581
103101
109811
110734
112742
112291
112537
111608
102104
112293
110034
102126
112299
103950
110031
118407
103973
109857
107809
111742
112800
107485
109723
109915
108985
104135
109919
109009
107320
108486
103437
118506
118508
110965
111094
111949
104461
109520
110245
103704
109621
110435
118318
6447545
118342
6448162
6448163
2392353
2790213
2675751
5065494
98085
96895
98114
98332
98934
96936
98334
96937
110753
99093
98738
101106
110273
112768
98770
97453
99472
108047
107025
98668
97779
104905
106992
99407
106792
104374
99309
105662
98718
97675
99279
106180
104385
118093
112921
97965
97576
97245
96966
131155
98991
98992
97966
97970
108263
97283
97162
107193
97292
99756
97549
118134
118120
108266
99031
97014
98003
98542
97023
97025
100875
98016
100907
100909
100287
98576
99657
99977
99988
104265
118194
103750
118199
101340
100948
99548
118211
127888
127926
117944
104311
149586
145688
149703
145689
102662
215071
6480698
6473471
9398337
9392442
6619822
9506541
10049699
4766664
2675751
7343954
7343954
7343954
215071
215071
215071
9054281
623240
625722
145688
145688
145767
118407
118506
118506
118506
127926
110245
110734
110734
110792
110792
110753
111094
111094
111503
111540
111540
110965
111742
110435
110435
110581
112291
112293
112800
112768
112299
111949
118318
118318
112423
112291
112537
118211
118194
118134
118134
118134
118199
97421
111501
105091
103241
105732
102167
102387
110827
108841
101613
102783
102064
102456
109924
102470
109929
103373
110957
111839
108965
102518
108532
103645
109070
109647
100208
109349
104774
97699
106966
97735
104797
104943
99267
101948
109950
97596
100649
100528
97337
101402
100079
9672131
110827
111839
111501
104669
102263
102264
103156
102630
101572
102108
104018
104139
102513
103417
3183099
97084
97700
97446
112865
101246
97826
104361
100615
112456
104916
98461
98636
101140
103616
99175
97293
97316
97200
101193
100293
100295
96957
98214
118161
99560
103900
8176147
112865
118161
118161
103135
97098
97104
97868
97569
98636
97394
98143
99562
1087847
102363
102399
107938
102083
101696
104105
104522
103665
103688
1156859
110330
1991924
99853
97772
101291
97893
104802
97584
99167
103041
99033
100268
99231
103874
104323
100119
145655
9400077
10049692
9230963
9230964
1236300
4879558
1087973
102879
104709
105750
105377
106545
106223
105907
105843
105925
105297
106393
105073
105456
105305
104963
106282
106267
105741
103301
105687
107201
102189
102358
102334
108373
110521
102601
102604
109429
107901
103226
112557
102764
110554
108302
109819
109302
104006
110103
104135
104108
108501
102529
108187
104455
104521
108221
103694
104539
108111
110426
3211607
98078
98094
98903
100214
100233
99933
105857
107014
99470
112771
107262
107038
104355
97815
97651
106170
103563
98441
106862
98733
104043
112924
100708
97608
100845
107148
97294
109954
100337
96941
99670
118144
103921
104545
118242
99608
99615
149702
3211607
149702
149702
110554
110521
110426
112771
112557
102872
97765
97778
105301
105625
99469
98505
97986
102889
101696
103675
110330
106179
106848
100274
102650
106701
103327
102150
103219
103096
110674
102513
110332
97697
97771
97724
97918
97292
97184
118161
103789
103900
110332
110674
118161
103135
111455
102001
105748
106734
106455
106282
107083
103301
106879
105594
101881
110473
137749
110795
108679
108686
110518
110525
112626
112693
108605
145780
102801
112485
110594
112726
112646
109990
111863
112324
103950
112326
110085
111869
112142
111250
109919
108165
109935
107314
112808
109731
112010
103664
111000
110223
109535
109536
110410
109561
109635
799990
2959730
2959737
2443377
2675753
2811849
2809766
2679204
2676594
3171724
3177217
3177218
802973
107750
105659
104355
111558
101320
97836
112888
117187
100343
104387
99756
109469
121158
100940
127897
146790
803271
145817
6795859
6795859
6795859
145780
146790
145817
146790
146790
2811849
2959737
137749
137749
799990
127897
127897
121158
110518
110594
110525
110223
110223
110795
110795
111250
111000
111558
111558
112142
111000
110473
112010
111863
112646
112646
112326
111455
110594
112324
112324
112808
112646
112626
112888
104696
104700
102963
98085
97576
104171
98991
97966
97979
118134
98542
100909
100914
104305
1087607
118134
104662
99658
101977
101997
101805
101887
102224
102210
102404
102614
98330
98127
98337
100233
98888
97491
98372
97501
98374
97697
97702
97750
98668
97713
97451
98521
99267
98595
100252
97634
98004
99789
98166
98193
98227
100024
99608
101402
102681
2620807
1096255
102029
104714
105369
101759
103333
101749
101888
101901
102292
110781
102330
108804
103227
112474
102783
102042
103047
102794
102797
102059
103094
112339
111703
101694
102519
111821
109005
103656
98078
98855
98114
101559
109060
98655
98498
103450
97849
101317
98410
100611
101322
98437
101323
99251
101254
103515
97553
101307
98629
99302
101154
99744
100424
101444
97979
99011
99178
97985
106654
100771
97551
99190
102843
98550
101648
98014
99730
101475
101481
104222
99808
99987
99952
99610
99617
9596275
110781
111821
111703
105860
105186
105155
101824
105687
112432
112713
109894
109694
109695
109038
110237
105448
98479
98480
110307
97561
117962
103757
104316
100977
9135776
9135777
9135777
110237
110307
9135776
9135777
9135776
112432
112713
104652
106834
102754
110652
109868
109911
109916
2620747
98054
99524
106161
110308
99326
103465
118080
101328
118111
97966
97602
100653
98140
98231
110308
118111
1694995
106366
106013
108744
122264
103115
109665
104129
108526
2540705
98779
98296
98100
98315
98104
98912
101549
99097
98758
98361
101272
97639
112783
97915
99271
103611
99305
97976
99754
98593
97616
98607
100399
100292
101486
100830
99823
98176
98224
104326
103816
218665
1115307
6619823
218665
122264
112783
931614
214949
111541
106366
105206
103222
109823
110673
110718
110379
118327
3195551
3211608
110248
98889
112768
98283
97687
104811
98384
100607
103508
97557
107182
97976
100399
98031
2621062
215071
3211608
3211608
7343954
215071
931614
110248
110379
110718
110718
111541
112768
112768
101975
103249
105172
104959
101413
102224
103187
107740
102762
102795
102804
104016
102460
103367
103716
112219
98903
99906
98888
108066
101119
97764
97964
97966
99181
97634
98171
104239
99977
98192
98193
98232
104585
2620807
217702
145800
104685
106254
101894
103093
112104
101696
104522
111139
110330
799994
99090
97691
98507
97893
106179
111062
99167
100366
100823
99974
100945
101004
145673
102650
217702
799994
799994
111062
111062
111139
112104
102862
102872
105293
105210
101894
100916
101731
101733
101272
97778
101322
100771
98939
4766667
106013
103260
101775
108929
109193
103230
112641
109972
102128
109857
102466
110115
102509
108526
108130
111439
2540705
98315
98913
99097
98276
98512
111362
111680
103567
99271
112929
101215
101499
98593
99032
118467
99771
109478
102742
99230
98154
103856
99581
100040
9406660
10049675
4766667
111362
111680
111439
112641
104689
101973
103004
102969
102622
108829
102099
109295
101668
101724
98897
98905
101119
99379
101296
107193
100370
101514
103042
101642
100468
98015
98942
99142
100321
98197
100035
101012
102669
1100374
110456
1087980
104694
105378
102150
102313
103084
98118
104390
104240
98236
104568
145800
103321
103020
108818
103093
102713
101696
101715
108547
104522
103675
4395244
98916
99090
101291
103577
99167
99028
99974
104194
100945
4395244
102861
104686
104708
106627
106198
106068
105321
105230
105204
105344
106282
101749
102266
102605
102095
102734
102456
109924
101733
104106
107541
104111
103413
104454
98902
111850
101128
100225
100226
110161
99114
104812
104814
98694
103544
98436
97948
99236
97966
100753
100423
101500
100762
100253
98138
99994
103741
104601
104291
101370
103837
118226
145656
9401905
10049684
102861
98902
111850
110161
100179
104814
98694
98436
99236
100753
101500
100893
98241
99868
98747
105746
98415
100914
98214
623242
104664
102879
104709
104713
106822
106622
106187
106641
106513
106223
106515
105820
106021
106107
106109
105149
105055
105179
106039
105188
105194
105456
105343
105508
107238
107084
105021
108893
108894
134746
101899
108898
108377
108429
108710
108375
108768
107701
107745
107729
108845
108581
108272
108596
108301
112730
109302
102129
104006
107636
112136
107483
107831
107486
109925
111259
104108
111262
107318
107319
108995
110959
111835
110965
108538
103663
103664
110235
109522
109063
104539
104504
110230
109539
109540
2443377
2680439
3216497
3214882
4630267
4501697
873669
4630088
100203
110150
110267
101118
104769
99464
110300
106990
99506
104932
107262
106771
101320
107043
106862
118086
106777
106180
100567
99296
112350
107872
110850
101148
99162
99745
99746
101164
110049
100711
104422
101180
101643
118250
107465
100471
99820
104239
118235
104603
104605
101354
117905
100980
103791
100989
104576
104313
104314
145646
218926
145922
145887
4630268
4641200
4630267
4630267
8176208
7345713
7345713
623242
145922
145887
218926
218926
134746
110235
110300
110230
110267
110850
110959
110959
110965
111259
111259
111262
111262
111262
111835
111835
112350
118086
145646
145646
112136
112136
117905
4870761
1087907
101805
101887
102224
102233
103003
102210
103227
102835
101636
110027
104009
98247
98337
98739
100181
104891
98374
98668
99267
100628
99282
103344
101315
100246
99725
101192
99789
100566
98219
98227
106609
103832
103789
104307
101384
99608
104308
101029
100039
105546
102681
104649
102224
103195
98878
98374
98669
99310
101217
98595
99725
99667
99583
2621058
105283
105060
105172
103257
101755
105511
101777
101802
105686
105607
102992
103037
110516
102580
102593
103187
103191
103227
103230
103237
122252
101573
101631
102804
103099
109259
103107
118363
103122
103133
102116
102134
103961
104012
102459
102460
101686
102474
103367
102518
118502
103646
103716
103699
109118
799995
1975541
809122
2421094
2483562
98833
99071
99906
106950
101121
98373
99379
111672
103464
103600
100609
100620
103541
107256
103579
104171
118260
104409
104159
99000
100535
109470
99185
103531
100861
98946
99212
99796
102240
100315
99977
103918
104554
101409
117927
100136
102676
102662
1087613
1087607
1272541
803267
809122
799995
9060309
110516
101973
101954
104978
105583
102353
102776
102116
104011
98299
99053
98814
99064
99379
106773
101298
98985
100709
100388
100468
104428
100484
98955
103835
100136
1100374
104121
98638
100820
104546
102861
102038
102219
102986
102405
101632
103982
100916
101731
2540705
99897
100231
110295
98664
101272
98689
101291
101300
101154
101499
101444
101171
100771
100830
99829
112249
110295
112249
107082
104970
105001
101413
108817
101590
102837
101636
108281
102795
102804
102806
109670
104455
108111
4499694
4581525
98903
98908
98888
99440
100181
103518
100708
99756
100374
98542
99037
99672
104548
100023
104611
99597
117927
2621060
4581525
219734
111480
101764
105547
101866
101935
102815
104532
98859
98364
100484
104623
101029
100132
219734
111480
101991
102012
105099
105060
101773
102954
102960
102407
108553
101602
101589
102758
101611
102764
103051
103129
102459
2620707
98865
101095
102143
101098
98770
99887
99460
99351
99490
104905
99508
100597
98525
99241
100635
98981
98996
100526
99721
100683
104428
99217
100315
99677
99678
101035
99614
105099
105060
102960
101602
103051
101095
98770
99460
99508
98441
98590
99721
100683
99211
99614
102831
118361
111917
109701
110413
2812588
104355
100734
117925
145817
145817
9138026
110413
101983
101749
102090
104106
103413
98902
110161
100179
104814
98694
100753
100528
100536
99710
102150
101915
102404
103173
102513
99943
101371
104263
99073
106153
100516
100863
100389
101211
101343
103800
106819
106534
106267
105018
102042
102726
4403811
98854
104748
105658
105659
105660
104790
104914
118198
101361
118198
104727
103017
110516
103191
103133
102727
103976
99088
99481
99252
99190
104599
110516
102038
102219
102986
101632
100916
102539
101731
2540705
99897
110295
101272
101291
101300
101154
101444
101171
100771
101648
99829
112249
110295
112249
103252
103253
104111
103413
98902
104814
99236
100753
108566
102224
102210
102833
98859
98861
99531
99403
101315
98999
100669
99233
111516
106013
107702
110146
103642
100325
111516
105109
103241
101764
105606
101914
102224
103017
103191
108636
103107
103133
102694
102727
111244
104483
110927
1975541
4632952
99041
99042
98903
104756
99481
100610
99251
103604
103569
101328
99275
100570
104171
104388
100366
99749
99190
103931
104305
104307
99596
142893
102676
2620885
1087607
142893
142893
110927
111244
813020
4894056
106198
106068
103252
105204
105344
101749
101865
110783
103133
102125
109924
101704
104111
103413
2513954
99869
110161
99481
104814
99281
100357
99236
100522
101500
100778
99713
102742
99661
99983
104291
104300
103837
99618
100046
100064
102662
148798
6796842
148798
110783
217702
145800
102889
106483
103321
101894
103020
103152
103093
108330
101696
104105
104522
103675
111139
110330
799994
2771248
4395244
99090
99107
99431
105248
104816
104367
111062
103577
106848
99167
100366
100823
99974
104194
100945
101004
149585
149649
145673
102650
4395244
8171534
149649
217702
799994
799994
111062
111062
111139
106701
101758
102954
103236
103096
110706
110715
104139
110715
110706
107082
102224
101636
111164
99132
101097
102148
100233
101053
104917
101315
99756
100814
99715
100907
100287
99233
100306
99672
101341
99597
101029
111164
102101
111916
110387
3171723
109961
99709
815038
110387
102861
102857
102900
102029
102032
103287
103005
101894
102972
103037
102303
102405
102636
103122
103990
100916
100195
99442
104859
99526
99347
99354
103465
100358
104388
101154
101497
101444
100245
99196
100551
100981
104328
104574
106658
106251
106534
105326
106249
101765
106282
102353
102334
103226
107701
107725
107727
108285
137001
103953
109692
112144
108165
103373
102529
111375
99348
99406
105659
106995
99316
112455
103615
99161
101446
103531
99796
104234
103875
99542
117870
104580
803268
6619822
137001
803268
111375
112144
117870
101894
111933
107481
111986
101320
111986
111933
118191
109445
103115
2540705
100292
101486
99823
99647
103816
103260
101772
101632
100916
2540705
99479
101272
99700
105090
103191
108580
118363
102727
104009
118415
102460
104060
104448
110881
110198
103716
809122
4632952
100207
107050
99868
100610
101247
104795
100630
99275
100756
100461
100536
101642
99715
104228
99987
100018
104554
100958
104307
103795
104634
104639
117927
102662
803267
809122
118415
110881
102861
102858
102029
106846
105829
103287
105211
101412
102986
103005
102972
103037
102303
102405
102616
102779
103122
109900
102529
103414
110229
2801433
99897
100235
101559
99526
101322
103638
100358
104388
101154
101497
101444
100551
101648
99648
99952
100972
99610
104339
110229
101773
104987
101881
108798
102807
108611
99345
106792
103563
105662
104914
104385
100708
101453
104429
100293
106441
149008
219734
104668
106221
105903
105001
106308
106267
101773
106268
105537
107086
105547
108384
110798
112398
103152
108636
109790
102821
108611
109979
112304
111175
109663
109871
104015
107484
107605
102468
103355
104061
109939
112219
109525
109077
109568
101097
112774
99512
106968
99456
99461
110309
104843
110311
104790
103459
118061
110312
103563
1741
104914
111754
103632
104842
107187
108848
100708
101446
99756
104216
104429
104184
99672
103867
103933
103875
99542
103832
104304
99595
104623
145810
145810
149008
219734
1741
110309
111175
110311
110312
112304
111754
112219
112774
102172
109176
102821
111946
103708
101041
104889
99512
99456
99461
104843
104790
104914
104050
100708
99756
99672
99542
104304
99595
111946
102821
108611
99512
99456
99461
104790
104914
100708
99756
99672
103875
99542
104304
109878
108218
101057
110271
99544
110271
102593
100188
101082
103600
101176
103531
100861
100895
99796
99977
99988
100018
102662
1396627
105119
101587
102452
104094
99889
109419
101495
99689
101189
100481
99982
103743
100968
104691
105109
106041
105236
101894
110827
108552
101580
104116
118485
104483
110927
104747
106754
104904
118080
103579
100442
100829
103826
101364
100987
118485
110827
110927
102901
102779
103047
102111
110365
99897
106447
100611
100693
100771
101650
101031
4766664
102861
105435
101762
101749
105631
112429
103047
100916
118310
99897
101300
109467
104181
103853
103786
4766664
112429
112429
118310
118310
104662
105789
101894
109337
100630
99951
107201
103226
110733
102727
108501
102529
111097
104889
99955
110733
111097
106256
106288
108896
108906
107884
107683
112266
111222
103379
107407
109503
110225
118319
799986
4499694
4612906
100167
4612906
799986
799986
799986
110225
112266
118319
102861
102038
102024
105489
101894
101632
100916
101731
101733
101272
108754
103611
100771
102745
102861
102038
105193
101762
101772
102219
102986
101894
112429
108804
101632
102779
103047
102058
110675
103982
100916
102539
101731
111104
109585
2540705
110295
101272
101291
101300
108754
101154
101499
101171
100771
104222
100972
112249
110295
111104
112249
112249
112429
105099
105060
101777
104984
101797
101802
105686
105607
101436
102291
108428
102593
103187
103237
101573
101631
102804
103099
102077
103133
102134
102474
104109
103699
2421094
101058
100221
100222
100180
99935
103464
103600
101259
103579
104409
104159
100535
100380
100861
101642
100821
100801
102240
99960
100315
100321
99977
100018
99942
104552
101409
103812
100136
102662
1087613
1236479
1272541
102861
102171
103049
102104
103982
104821
101371
104263
100066
100115
145795
102872
105412
105293
106282
110771
112382
108767
112570
109805
111744
104119
109490
109488
6461470
6463787
4757657
4759389
4759029
110270
104756
106447
105981
2620876
110771
110270
111744
112382
112382
112382
112570
109047
104670
105010
111192
100065
104700
105871
106137
106394
103165
103205
101587
103115
102452
103439
111094
101138
103571
104407
103615
101495
100418
100519
104395
100767
109448
100668
101189
104320
104260
100124
9410786
10049655
111094
111094
105835
105837
101669
104459
103732
108234
4632239
100175
105986
100352
102244
100366
100844
100532
100385
106049
100911
104287
101343
102648
102649
1087949
106659
106510
105824
104979
108722
112560
102622
112473
102099
104109
112830
108479
111399
110166
107749
111674
108649
101842
104241
117886
101022
118229
145746
10371243
145746
111399
1087949
1087949
4471243
104697
104690
106843
105904
106629
105288
106272
104990
101864
102267
108906
102354
102413
102380
108767
102631
108578
101580
102770
102055
110581
102822
112266
112302
109904
110077
100926
109732
109743
102533
108160
110932
1735
100197
112752
106447
122244
109405
103467
103511
100371
101450
100837
103834
103881
104626
101408
145625
1523301
122244
112302
110581
112266
104652
102024
105832
103287
101872
103003
102405
102839
112643
102723
104012
111942
102474
102529
103716
103740
103699
2783887
100195
100207
101087
101545
100162
101281
101317
100461
100654
102843
100913
104563
102662
111942
112643
1087955
102879
105074
105149
106259
105066
106017
105336
103271
103272
105531
107083
102189
102372
108772
102604
112573
101604
108589
145770
103050
110662
108329
103134
111863
109310
111726
109717
111727
107821
111728
112847
112808
104455
111323
104461
103660
104467
103735
104487
104539
110382
109540
118296
6461473
1324132
2620704
110256
107066
112771
104779
112773
104886
103561
104936
104937
103563
106862
105148
107157
100816
104196
104545
104948
103928
103850
106548
104575
104333
106441
145832
9053440
145770
145770
2620704
110256
110382
110662
111323
111726
111727
111727
111728
111863
112771
112771
112808
112773
112847
118296
112573
1087955
1236300
1087668
101975
101977
107082
104970
101773
107084
101413
102224
102580
102605
107901
102614
108817
112593
101636
108281
103081
108329
112141
109670
104121
104455
131166
2812209
102148
100233
101053
112786
1741
101254
100625
100628
101315
101511
100246
100374
100469
121170
104548
104288
104611
103795
101029
102681
102662
121170
1741
131166
1087668
112141
112593
112786
112786
102026
105090
105172
102224
102992
103187
103227
102804
110701
102124
104009
102474
103367
103716
109112
799995
101122
101132
106950
108649
103464
103600
100461
101511
100861
100334
104273
102655
799995
110701
101887
102224
103227
102837
102713
100928
104850
101053
105958
100625
100628
101315
100373
100552
100403
101356
101029
102681
109193
111860
109868
109488
112766
101328
103642
104563
111860
112766
106531
105236
101795
102174
102204
103026
108552
102809
104116
118485
104445
104483
110927
2795279
104747
106754
111559
118080
103579
103638
100829
103826
100987
118485
110927
111559
134743
931122
105172
101749
102387
102727
110156
101264
101254
107256
107182
100795
118140
100958
931122
134743
134743
118140
106512
105256
105907
103301
106284
105597
111614
104006
103974
104010
103981
107526
103702
104931
103561
106862
111364
104304
103791
145888
111364
111214
111614
108330
4895710
104194
134729
820744
4867542
4892570
4898458
4900457
4958317
104716
111509
106641
106515
105820
106108
105194
106865
105025
105597
101905
108854
106936
108893
108931
101899
108377
110534
109186
107687
108841
108800
108571
107729
108845
108581
108304
111583
108297
110558
103100
111600
102098
112646
110636
109302
110045
109311
112067
109332
118405
110075
110096
109876
107483
110119
101682
109675
110127
109714
118443
100931
108183
111301
108184
111305
109005
110973
111834
110901
110235
111397
111013
112220
104490
109069
109537
111423
111020
118277
109541
118287
2760668
2620702
2801433
3189871
2672525
2674862
4501697
4512666
109352
101113
101118
104769
112459
110351
112873
106990
106771
101320
107043
111148
112454
105963
118063
100621
118086
106777
106180
108260
109154
108850
101164
100711
109953
104422
101180
107465
100685
117964
118005
118030
117936
104576
104313
2621047
2620876
4510032
106425
145852
145843
2674862
2760668
3189871
145852
145843
118405
118443
134729
2620702
110235
110534
110636
111301
111305
110558
110558
110558
110558
110559
111423
111423
111834
111583
110973
110973
111148
111509
111509
111397
112067
111600
111397
111013
118086
112873
112220
118277
118277
112646
112454
112459
118287
2621047
111020
106365
103548
101828
101887
102224
102365
100928
100766
105546
101435
102112
110365
109110
106447
103795
4840575
4764770
4892570
4894053
4898458
4900457
1087668
4958317
102879
102032
106658
106183
106530
105152
106249
107082
106282
106267
101887
107137
108863
108913
102224
102952
108859
103017
110765
110506
102334
108380
108714
112404
107663
107737
108839
108842
107898
108844
107731
112481
102807
110676
109836
109988
112295
111688
109301
111690
109684
117846
111879
112330
110099
109670
109722
109710
109679
108985
110113
111738
104061
111254
110145
100934
111255
103373
109939
109004
108546
109005
111081
108530
108489
110968
110999
103691
109529
109530
109509
110246
109117
110401
110432
109592
109567
110333
2808292
2812209
108713
4764452
101097
109768
110280
112786
104894
112779
105746
109423
112881
103563
101246
118071
104373
103349
137732
108851
112924
107452
108751
108266
110055
100907
130160
121151
104181
121168
118144
118198
101340
103933
101341
106559
104623
101011
149702
102662
182990
145707
145731
9679332
9824344
4764452
4764770
7341398
149702
182990
130160
145731
137732
137732
121151
1087668
1087668
1087668
1087668
1087668
110280
110333
110506
9281247
110401
110246
9286992
111690
111690
110676
111690
111254
111255
111255
111738
110765
110968
110432
110432
110999
110765
111738
111688
112295
112330
112330
117846
112881
112779
118144
112786
118198
112786
118361
117841
111917
109701
111129
118351
112872
118088
118135
118126
130161
117925
130161
130161
111129
112872
118088
118135
102861
104740
101762
103287
105628
102219
102986
102948
102233
101894
102968
102330
102593
108804
107734
101632
102783
109824
103047
102058
110675
102734
101665
101731
101733
102498
103369
104447
111104
2540705
101559
101272
103545
101322
101300
101444
101648
104222
103786
102665
9406660
10049675
111104
112768
105236
102174
103026
101580
104445
109058
106958
103579
100987
2540705
108755
105012
104233
104545
104546
102861
102038
106109
105536
102986
101894
101632
103982
101731
2540705
101272
101291
101300
101499
101171
102745
112249
134724
112678
103976
110973
108189
108220
118300
101041
101246
104200
104233
134724
110973
110973
112678
118300
105210
103219
101279
101475
626208
105329
107229
101830
112694
112724
102452
111743
101677
104094
110997
111010
103494
101495
101230
110997
111743
111010
104691
106531
105109
105236
102174
108428
109205
108552
101580
110652
104112
104116
108978
118485
104445
104483
110927
2795279
3171727
3177216
3177219
107050
104747
106754
103579
103826
102662
118485
110927
110927
103315
106282
108859
103373
101097
104623
104642
102669
104689
101969
101973
105383
102218
102952
103004
102969
101668
104510
103691
103443
104894
103943
109650
101296
104801
101306
107193
101511
101514
103042
107964
118210
103889
4894053
107082
101773
101887
102224
101894
102437
103227
108839
112478
101636
102713
103437
111385
109125
2804671
101053
110312
101315
101511
101341
101356
103817
102681
110312
111385
1087666
902767
105090
106267
104992
107110
108335
108302
107608
107607
111260
109005
108487
109400
107198
101450
112360
104252
103902
903977
1087666
111260
112360
149008
219735
2659301
1087950
111464
104668
111490
102901
111517
105371
105751
106221
106545
105882
103243
106142
105937
106538
106249
105498
105001
103320
105532
106308
106282
106267
101773
106268
101741
106342
108902
103017
102966
108360
102305
108361
110798
112398
107663
108798
103226
107692
108839
107889
107898
108581
108636
103057
103058
102821
110689
108612
108616
109836
109837
112647
110038
110015
118384
102728
118385
112304
103950
109871
111876
103970
109718
107484
109670
111245
102468
103998
104090
104058
104135
118427
111782
108205
2797290
104520
109088
109505
109112
110431
118335
2365621
2812210
4623614
802771
112786
109380
110311
106761
103561
104790
103459
110312
104936
103563
109649
111248
1741
104914
101335
106181
103632
118097
110850
118458
108263
108264
101167
101448
108266
108270
102747
107167
102243
104184
103867
127908
103875
117898
103877
106559
104623
117921
104256
149702
106441
145707
145758
803268
9400442
9409607
9410787
10049662
10049656
10316927
10316651
9231236
2797290
6797285
149008
149702
149702
802771
2812210
7345722
149008
127908
145758
1741
118427
118384
118385
118458
803268
110850
110311
111245
111248
111248
110431
110312
110312
110312
110689
111490
112304
111517
111464
112647
118097
117898
118335
112786
1087950
102861
101762
102986
101894
101559
101291
101322
101300
101444
101970
106641
106515
106021
106107
105194
101833
108893
134746
101899
112382
108377
108375
109432
107898
110611
110061
107483
107487
111262
111823
108515
110979
110901
103664
109522
2443377
2680439
110158
104769
106964
112448
106990
106771
101320
110314
104422
101643
101354
104576
104313
104314
145887
145887
134746
110158
110611
110314
110901
111823
110979
111262
111262
112448
112382
102032
102124
102474
104841
102655
102032
105728
103227
102059
102833
102713
109885
101706
101307
101384
107229
101830
101495
104320
101972
102035
105429
101874
101888
102235
102279
103163
103220
102619
103232
101583
102779
102117
102723
101674
104090
102488
101568
106997
104202
101480
101488
103828
101366
101367
104256
104697
102019
101740
112564
107686
107920
1116658
103091
102817
137006
111094
104528
110245
1735
102147
107024
105246
103624
104182
103842
103900
137006
137006
110245
111094
112564
102861
105630
101894
103982
101731
101733
101300
104263
106013
101772
102986
101894
101632
103047
102452
102466
101733
2540705
110295
108754
101499
103853
103816
110295
104723
106136
103256
105210
101826
101924
102303
102315
103166
103216
103219
103220
103222
108576
101593
101611
101632
102779
102820
103990
112839
101559
106976
103616
104437
101444
118146
101648
101475
101488
103828
112839
108804
101733
101648
104222
105130
118409
108234
4632239
106049
102648
102029
102032
105829
105076
105077
106239
105152
103287
105210
103298
104989
101827
101934
101935
103005
102963
102391
103154
103186
102605
102612
102777
102072
103139
102124
103984
102457
111942
101716
108501
104847
106958
104797
105147
101497
101533
101376
111942
105001
101773
102224
110487
103227
101636
109803
102713
104455
101511
104548
101356
102681
110487
104696
105203
101759
101827
101924
102292
102634
102059
112643
108221
101328
101335
101497
101448
101474
101384
104624
112643
108920
108689
108832
107436
108187
103664
1741
104313
145922
9987186
6796843
7341398
7345713
7350871
7350871
148797
182990
622304
622304
145922
121171
1741
218926
118427
118443
118385
118385
118385
131165
110235
110338
110339
111301
110882
111247
111301
111112
111252
110754
111255
111481
111504
111380
111666
111833
110432
111143
111146
111738
111259
111262
111262
111262
111509
110317
110317
110586
111013
118100
118318
112175
112219
112220
117899
117905
112348
112381
112382
112459
112890
112579
1087961
104652
101918
102963
102402
102634
102614
103227
110652
112740
112741
103133
109868
111189
109911
109916
109498
108085
110308
104171
101492
104563
104564
101386
1087607
145739
145739
145739
110308
110308
111189
1087961
1087961
1087961
101887
101636
102059
112643
122260
101448
104634
117927
122260
112643
101884
101916
101918
102224
102990
110771
103227
102713
102460
101716
104455
809122
4497655
104943
102843
102662
803267
809122
110771
102877
102884
102885
102002
102012
105124
102270
102754
101589
102091
108987
104116
111094
104445
104352
104375
101642
103924
101365
103837
111094
101975
105244
102210
102413
103875
106182
106628
105091
105925
106078
106393
105305
105306
105532
105219
106279
107116
102166
105609
102374
108714
109438
107900
109257
109488
3168776
106988
107259
106654
107168
107964
112052
106407
8176112
112052
106660
106658
101765
102334
108980
109077
150544
4507882
4503818
4503819
4403807
4503544
104884
104790
106170
104162
103877
150544
150544
102061
106963
106792
105662
104321
102884
102002
102174
102259
103197
101625
102481
111672
103633
101642
102664
102644
9060309
102012
107229
105010
101830
109419
104389
104320
102861
102029
105211
101872
103037
102303
102391
102636
102616
103122
102124
101665
103990
104388
117914
104574
104253
104339
117914
111468
111516
105381
106079
105304
106249
103260
101816
105628
105630
102986
101894
112444
109206
109972
102128
103973
111700
103982
104104
111011
111439
109632
2540705
111362
112929
108754
108755
109478
103856
118166
117883
6477853
111362
111700
111516
111439
111468
111011
104657
106633
101764
101805
101864
103007
103227
101581
102789
102804
103097
103099
102090
103362
103716
110985
104382
103537
103835
104580
102664
102668
102673
102644
102647
102662
110985
101779
101780
102978
108599
103083
104083
104084
101694
102488
106170
107195
104616
104617
105326
102166
101921
102189
102413
102358
108720
109204
108843
109825
103050
102830
109814
112644
102106
102705
103950
101705
110140
108187
108538
103735
108137
104539
104496
2804677
2803249
4746633
110748
106985
103597
137739
145812
8509973
9507490
9947295
9954582
9971894
9986257
9231323
2803249
145812
145812
137739
110748
112644
102846
102035
105376
106241
103261
103312
103275
104992
101812
145826
103033
103232
101621
109829
102082
102117
101694
103389
108487
103720
104537
107036
103491
104202
102746
103897
102861
102029
102038
102024
101762
101919
102182
102986
101894
102276
102330
108804
109824
103047
102058
102065
110675
102731
111908
101731
102498
103383
111104
102745
104328
111104
101773
101805
101749
101887
101866
107217
101884
101924
101888
102224
102226
102292
102406
102329
102405
102634
102603
103227
102835
102836
102059
102064
104020
102501
102529
104891
112787
103344
102644
102681
112787
623242
4893420
4898455
104664
101963
106357
106641
106021
106107
106108
106109
106039
105194
103311
105542
108893
101899
108898
108377
108710
107745
107729
110559
112644
102129
104006
103966
107483
109675
112139
107474
108183
111262
111823
110901
103664
109579
2620702
2443377
110158
104769
112448
106180
118113
104422
107465
131146
104239
104605
104576
104313
145887
623242
145887
2620702
110158
110901
111823
110559
112139
112139
111262
112644
112448
118113
102858
102029
105369
105993
105304
101762
103287
103333
105628
105630
101924
101894
101901
102292
102405
103216
102839
103047
102467
101731
102498
102515
110435
104760
110435
110435
102889
106483
103321
103020
103152
103093
108330
104105
104522
103675
103678
111139
110330
1977513
104816
104367
104832
111062
103577
103578
106848
104349
145673
102667
102650
111062
111139
102048
104083
102488
104616
104617
102861
101961
102219
102986
101894
103047
102539
102861
101983
102038
102024
102219
102182
103453
102745
103786
2659301
1236300
111457
104668
111517
106837
105751
105830
106514
103243
106142
106538
105232
107231
105001
105002
106308
106311
105537
105743
105219
101887
102991
102189
103017
108360
112386
102334
108382
110492
108444
110833
110841
109174
103170
107663
103226
107701
107934
108841
112470
107900
108273
112659
108598
111589
110702
112635
102821
110689
108611
109836
112746
109846
112085
102728
112304
111175
111226
104010
107841
111245
110084
107605
110109
107489
118427
104061
108988
108991
111256
109016
111271
107427
104132
112836
2797290
103434
108489
110917
108119
110984
108135
109085
104532
110221
108146
109089
109090
109505
111441
109091
109092
104509
111418
109079
110440
110397
110339
6461471
2812210
2809762
4507882
4503818
4503819
4752098
4503544
108149
107359
106967
109391
108047
110309
106761
104790
103564
1741
104914
107291
103632
107869
104402
104043
107871
103347
103348
108266
108270
107163
117960
107167
103867
106610
103763
104623
104588
145926
9231325
145926
2812210
1741
118427
9029763
110397
110339
110221
110833
110841
110309
111175
111245
110984
110984
111418
110689
111256
111589
111226
110917
112304
111271
110440
111517
112085
110492
112659
111441
111441
111457
110702
112635
112386
112386
112836
101967
106701
106073
110520
103236
103084
112634
103096
110706
110715
103399
118288
2788685
2959751
3217332
3217528
3217529
104275
2959751
3217332
110520
110715
110706
112634
102861
101872
102219
102986
101894
102275
102968
102330
102405
103205
109244
107744
102783
109824
103047
102065
102731
102734
103982
111104
1975541
109426
101946
102676
111104
106658
106819
102334
107725
108285
108165
108980
107344
109077
110548
104884
106995
106170
104162
103875
103877
103912
110548
109077
106170
1236300
111467
111464
104649
111490
102879
105751
106221
105901
106223
106514
105091
106530
105131
105183
105117
106142
105937
105498
105001
105547
105544
101887
105030
106878
106287
102224
102991
108921
102189
103017
102334
108384
112417
109175
102601
112447
2452958
109187
109214
109216
103226
108839
107898
112664
110554
108600
102807
102821
145777
108611
102092
108329
109836
109837
108334
112307
117829
102728
112315
110059
103956
103976
109921
107484
107489
103355
104061
110869
110140
110894
112195
103645
104518
110173
104532
109525
109505
110224
109091
109079
110339
6454239
4591646
106446
109388
106162
104894
108047
106987
105746
104843
106761
104790
103459
103563
109406
107783
1741
104914
105972
112902
103632
111755
112348
103347
104842
108848
108853
108270
104216
117898
103832
104304
106559
104623
149702
102681
106441
803268
9231185
145777
149702
149702
9192665
9192666
1741
1741
803268
9051087
9156675
9156676
110173
110339
110554
110224
110554
110894
111490
112195
112195
112307
112348
111464
111467
112315
111755
111755
112417
112664
112447
111467
117898
112348
112902
112902
102978
108599
103083
104084
102488
107195
103777
104616
106510
106089
105824
104979
105688
101864
108722
108783
102622
102778
103107
107628
104109
108649
107255
109472
107171
104254
118229
103914
1993216
104652
107082
110757
102224
108551
112478
102837
109823
110638
110733
110676
108329
112646
110718
102713
118384
136995
118426
110881
108538
104467
110383
109592
110338
799995
2959749
2812589
3216495
4511150
3181500
4632952
104747
107014
118056
104917
110308
106856
111067
104171
118100
108751
117855
118144
106609
104548
117905
117927
149702
219511
219616
145921
1087607
6473471
6620345
6623244
6623243
9398334
9400078
10049695
3181500
3216495
7345718
149702
149702
145921
136995
118426
219616
118384
118384
799995
1993216
110338
9286420
110638
110718
110733
110383
110308
110881
110757
110676
112646
118100
117905
117905
118144
118056
102861
104697
102038
101961
102219
102986
102956
102983
112431
102605
107744
103047
102058
112669
112643
109259
145777
112646
117837
109680
104009
112330
111935
102539
2795703
109023
108187
108527
2797292
104522
111441
112044
110446
118323
110332
2620699
4630267
2540705
4746633
4509418
4631843
4630088
112786
106447
111552
111674
106170
111560
105662
112915
112932
121164
104222
118242
112249
103795
117874
102644
102681
145882
145887
145838
4630268
4641200
9404970
10049679
105903
106366
105121
108859
103017
102431
108375
112610
109815
109861
109683
104135
108470
110965
108221
109125
109131
2672208
2670794
4630087
106850
106856
106170
104162
103531
107467
103921
118040
106547
118012
104623
104311
110965
112610
118040
101967
102263
102412
102404
103173
102088
110034
102712
102513
110879
104443
110370
110332
3195551
106986
103543
104916
104401
104391
127914
103900
1087848
101975
101991
2382407
106392
105890
104959
106268
103338
103298
102167
102963
102409
102435
102387
102586
103186
102835
102804
102059
102064
102072
102833
103113
102090
109335
107797
104020
102457
102460
109929
111958
110380
110439
109647
109771
102145
104792
103569
103342
104156
104842
104418
104305
104624
110380
110439
110439
111958
112669
1991588
105107
105492
105034
106286
102184
102581
107902
102816
112347
104867
111055
104252
1991588
102269
102622
102776
102099
103894
102664
111513
105408
106243
102335
103152
112425
102628
109833
1116266
103352
109931
104138
103367
107418
109732
1158994
104463
104522
109542
106959
104757
106178
103570
103476
104055
104173
110053
104178
118139
102662
110984
111513
112425
118139
105825
102478
102479
103733
103468
102884
102885
103286
102259
102198
102266
102960
102270
102280
102369
102370
103197
102590
107672
102835
103051
102823
102481
118502
112842
109061
107751
103633
102664
102644
112842
105789
105079
105920
105072
105021
102181
102197
102202
102358
103165
108843
102705
118380
103974
103979
111285
110226
104856
106048
118191
118237
118042
104603
103846
104309
6480696
7686272
118380
110226
118042
118191
149008
1087952
102901
106366
106534
105006
105217
105018
102224
102958
102282
102982
102294
110783
102432
110827
102594
103211
112560
103181
108819
102760
108636
102789
112703
103053
110643
103094
103113
110600
137001
103952
117841
107814
111216
104040
102474
109929
107439
103380
110957
111839
103705
109528
109647
2513954
4505999
107554
110548
112777
104894
106966
105659
112883
118062
109414
103342
103534
103521
107182
102844
104191
104589
103924
103875
145856
145856
149008
137001
110600
110643
110827
110548
110783
111839
112883
112777
105789
105079
105186
102358
110226
104845
118042
104603
110226
118042
106243
105881
103321
105003
103152
103187
107938
102804
108298
103966
102474
104098
103367
104115
109118
105455
104864
103600
103473
104827
104915
104172
104205
104554
104571
104649
104652
106723
105285
105497
103310
103272
107082
104970
105001
106308
104973
106282
106267
106879
107217
106884
102322
102329
102402
102594
102602
102603
103195
103227
107672
102835
102797
102800
1116266
111200
103950
103952
107797
104020
109670
102460
103362
102501
109930
112009
109125
2804671
106950
104917
110292
110312
104835
103633
103347
102945
109952
104178
117855
104623
102681
102662
106423
9506542
9502726
110292
110312
112009
102877
102884
102885
102960
103026
102369
103197
102835
103051
102823
102719
103959
102481
104116
108198
104445
103633
104161
102644
1087606
214949
111503
104697
104700
106821
108763
103165
112444
103229
112641
109259
112291
110034
103973
107320
118511
111094
111949
118272
118318
4618956
4895709
110753
109763
106447
118134
118148
118194
103805
145665
145688
215071
6619822
7343954
215071
145688
118511
110753
111094
111094
111503
112291
112641
111949
111949
118318
118318
118272
112291
118134
118194
118148
103051
102719
104445
103633
102644
145795
1087822
105826
106050
106507
104978
108772
112262
107631
137000
110143
108193
103707
112044
104779
104342
104345
103486
103532
104196
106548
117942
102672
137000
9075444
9075445
104652
102952
102402
102603
103227
107672
102797
102800
102501
105546
102681
102861
102968
102593
102783
109824
103047
103049
102498
104222
4892570
1087789
4898458
4900457
1087888
4958317
102874
102879
106658
106251
105044
110770
103171
103226
107725
108285
103132
111688
107841
108165
103373
110874
102529
104455
103705
104520
108135
109755
104790
104162
103912
145707
110770
110874
111688
111688
1087907
1087961
104652
106661
106846
106723
103287
107217
102963
102972
103037
103161
103227
108838
102797
102800
112740
112741
112681
102833
110733
112534
112081
109896
109900
111715
109703
111244
109911
109916
103362
103378
104119
109498
108085
110439
109578
118286
799982
104847
104917
110290
104904
109384
111683
104171
118111
104388
131148
117855
127885
103786
127921
104308
106597
104253
106601
142893
102662
1087607
145739
145809
9398334
9400078
9409606
9410341
10049695
10049661
145809
131148
142893
145739
127921
799982
110733
111244
111715
111683
111683
110439
112681
112534
118111
118286
1087961
111491
106024
103173
110034
104087
102513
104443
103733
110370
110332
3195551
107049
106986
105248
103559
104361
104916
104401
103344
104391
104602
127914
103787
103789
103900
9409606
9410341
10049661
110332
110332
110370
110370
110370
111491
102820
109721
102513
104443
3195551
103559
104361
112456
104916
104393
103900
110679
118340
118012
110679
213505
111514
105074
106219
105517
108846
112730
109292
109309
111893
136997
110090
103976
111717
107486
103352
111837
112156
110140
109024
131165
104486
109506
109101
118307
799973
1991670
4403802
4792659
110251
112764
107359
111353
106163
106985
111552
105978
103582
104321
103783
117923
145883
106405
106407
8509977
9987186
9987642
7343085
213505
145883
136997
131165
799973
111353
111353
111717
111552
111837
111514
112156
112764
118307
106307
103333
103165
102767
103047
103115
111209
104094
103553
103549
103298
104989
103003
102956
103186
102839
102777
103139
102720
111941
111942
108501
102529
104482
112450
104797
104624
102666
111941
111942
111942
111942
112450
112450
105381
106013
2540705
118467
105837
103303
108646
104278
104674
102861
102862
108897
102605
110744
109856
111742
110895
104454
111958
111147
111988
107555
118128
110744
110895
111742
111988
111988
111958
118128
107902
104083
103777
104616
104617
103795
107902
103083
103777
104616
104617
105832
106879
103003
102615
103226
103094
102713
102723
104009
108501
104455
118286
105546
118286
931615
102864
105090
105310
105152
105730
106288
103003
110765
108014
107901
103191
107731
102839
108605
102824
102826
109259
110029
104030
118395
111939
103387
118290
109641
110338
2959740
1975541
809122
3205023
112768
104894
104812
109380
103560
104048
104142
102843
102844
103853
117855
117967
104634
102676
102662
146552
803267
106423
9404968
10049677
809122
809122
146552
118395
110338
110765
111939
111939
112768
117967
118290
106821
105869
105879
103248
105513
103016
108763
107734
102783
109823
112669
110673
103101
109259
118363
118368
112293
110718
110895
110878
111949
103668
1975541
110308
106992
103541
104385
109448
104222
104231
104276
103805
103914
102676
118368
118368
118368
110718
110878
110308
110308
110895
112293
112669
111949
111949
1087959
104697
111490
102879
106660
105751
106545
105830
105903
106514
105091
105131
106000
103243
105001
106879
102991
103017
110765
112404
103186
108798
103195
103196
103226
109219
109432
107701
108841
112572
110581
102807
109831
108611
109836
111866
102728
110059
103956
109876
109921
109718
107484
111735
109884
107489
104058
104061
107325
110894
103705
104518
108135
109088
103694
109525
112047
109573
109121
110339
3189871
106968
106162
105746
109380
104790
1741
106862
104914
105972
112902
103632
103347
131149
104842
107187
112354
108848
118254
121151
104238
104239
117869
104623
104588
149702
145706
9410787
10049656
149702
1741
1741
121151
110339
110894
110894
111866
111735
110765
111490
112047
110581
117869
112572
112572
112902
112902
1087959
104652
102963
103186
103227
102800
110380
118302
102681
9188187
9188188
110380
104652
104696
112103
108209
108221
104624
105546
112103
149008
145768
145795
4764770
145738
932059
945737
1087959
1087955
111465
111467
111476
111492
104686
111507
106837
111544
105363
105397
105429
106067
106531
105059
105465
105152
106008
105298
105493
105526
107082
106282
104974
106267
103298
105018
105608
106884
102990
112382
110508
110794
108041
108419
109207
103222
112577
107731
108845
108581
112625
102770
108636
110564
110697
108605
109800
109832
102826
109809
102833
145777
112645
111600
110599
111625
110745
118368
111632
118370
108332
110040
110042
118379
109313
102734
111161
107608
111226
109664
112103
111191
112142
111197
109667
110116
112330
110119
109670
109721
110077
109675
109708
109727
118452
104135
111249
108165
109008
110138
108987
108989
108496
110957
109939
111822
109930
103413
103425
118503
108489
118507
108490
118511
111094
112205
104465
108115
104526
111403
110237
112029
108223
110985
111378
110926
109525
112037
110245
109530
109076
110246
112047
111140
109101
109117
118299
110432
118268
118295
6447545
6448162
6448163
2959731
2676593
4632235
108713
4764452
108152
107573
109784
106970
111549
104894
106986
109397
105746
112787
104843
106995
109404
104375
111758
112881
109406
103544
109652
112887
118062
1741
112914
104156
104043
118093
104045
104158
109149
130162
104442
136984
121160
118359
118259
118188
104948
104602
107969
103845
104548
117898
104303
117905
112248
117935
104330
117916
104585
104588
149586
149703
142901
145121
102662
217512
2621077
2620886
148798
145918
145944
145882
1087605
145707
145824
145856
4764452
4764770
6796842
7344718
7344718
145777
148798
9054281
945737
945737
145882
145856
145824
9189391
9189392
121160
142901
149008
136984
130162
130162
145738
145738
145768
217512
217512
1741
1741
118368
118379
118503
118507
118452
118511
2621077
110237
110245
110246
110599
110926
111249
110794
111094
111094
110985
110985
111191
111197
111822
112037
111378
111140
112047
110564
111549
110432
111600
111226
111625
111507
111632
111492
111492
112142
111161
112103
110697
110697
112205
111403
111403
111465
112914
117916
112330
111758
112625
111467
111467
117905
112645
117898
112881
112787
112382
111476
112887
118188
118295
118299
112577
1087955
1087959
2620886
118259
103740
110380
104397
104563
104564
110380
110380
105261
105170
102997
102782
103121
109047
103732
4632239
105986
106049
104278
104287
103764
103811
145851
145851
111504
106282
103287
102992
110516
103187
102794
102804
102806
103099
118363
108329
103133
110718
102713
102726
102734
111690
118407
111244
103362
104136
111256
108978
108979
110881
110968
103716
111100
110985
111024
109101
109117
2804677
6455147
809122
2803249
2784697
104894
104757
108548
103570
109952
102843
118198
104554
103795
117927
2621077
146552
803267
2784697
2784697
2803249
809122
146552
118407
2621077
110516
110718
110881
111100
111244
110985
111690
111504
111256
110968
111024
118198
1087984
111504
105067
103310
105732
103004
102969
103027
108770
107672
111617
103950
106960
104834
118093
2620886
111504
111617
2620886
103019
102980
103222
102792
102808
102697
104455
104482
103443
103795
105405
104135
104896
104907
110312
102945
104420
110312
102861
105193
105674
102968
103175
102783
103047
103982
104222
103853
1087692
102871
102908
103269
108032
145784
108626
109285
108475
109485
1682020
145784
145784
103298
104989
102963
103186
103187
103139
103705
104797
102968
103047
109937
104164
104165
103853
1087668
104649
105285
103310
107082
104970
105001
106308
103305
102956
108668
103227
102839
108329
103952
111690
112141
107797
109670
104121
109930
108527
112202
104455
110439
2804671
4746633
3217332
3217528
3217529
112786
1741
107197
104156
103347
102843
118144
104548
104288
104611
103795
104334
9679332
9824344
9231323
3217332
1741
1087668
111690
112141
112202
110439
112786
112786
112786
1087822
104697
105245
108378
108767
108739
107686
108567
107939
109265
111856
109300
108185
111285
108187
103707
112215
107249
106792
118053
105662
108466
109157
110057
111856
118053
118053
102879
106837
105902
105074
106514
105052
103243
106142
107231
105001
106308
106311
108858
103017
103226
108839
108322
108598
118385
103355
104061
108472
103434
108492
110984
104532
107554
106761
104790
103459
103460
103563
104914
107291
103632
104184
103867
104575
104623
104578
104579
118385
110984
104652
1866189
106314
107217
103148
103191
103227
107886
103133
104020
110312
103604
104156
104171
104161
104425
104426
104322
1087606
1087607
801501
104652
106008
106087
106884
108858
103003
103017
110794
103175
103227
103235
107731
110561
103107
110041
111226
104020
104021
104038
109929
111385
112870
103574
104373
104416
104418
104397
108751
104200
104202
104187
103832
103838
103840
112249
104307
801501
801501
110794
110561
111385
111226
112249
111385
112870
1866189
105195
103287
103005
102972
103037
103148
108737
112643
103122
103990
103465
104388
104339
112643
1866189
106723
106508
106000
105110
105193
105122
103258
103262
103291
105210
106863
105628
105629
105630
105631
102986
102948
103148
112429
108804
108819
103047
103054
110675
112279
109261
103134
110022
111908
103982
104031
110884
110892
111104
109488
109585
118267
118310
2540705
112450
106772
103465
103545
103507
108754
103343
118128
104950
103841
103786
103787
112249
104256
104263
9044058
110884
111104
112249
112429
112429
112279
112450
118310
118310
118128
932059
945737
1087668
104660
104709
105377
105382
106641
106221
105901
106545
106223
105860
105412
105275
106107
106109
106259
105297
105194
105073
105456
106249
107082
105241
105001
106282
105533
105741
105547
105742
105542
105544
103301
105024
105594
105687
105691
106881
102991
112387
110465
107978
109200
108798
103226
112557
108839
112478
108281
103050
110662
108301
108302
108329
112731
112295
111891
112326
111690
109688
112142
103981
107484
109670
110132
112810
107481
104135
111738
104108
111841
111262
112808
111782
112206
108187
111317
104455
104457
104467
103735
109089
103694
104539
109091
108111
108112
109592
109561
4630267
108713
4630088
112753
110549
107359
105857
107014
112786
104894
105746
109380
109402
107038
104355
104792
106170
103563
104943
106862
107197
103347
118131
112924
107148
118021
118144
103757
103933
118043
106548
118214
127891
104623
127927
103820
149702
145832
4630268
4641200
4630267
149702
149702
149702
9053440
945737
127927
127927
1087668
110549
110662
110465
110465
111317
111690
111738
111262
112142
111841
112206
112326
112295
112557
118214
112753
112808
112810
118043
118144
112387
118131
112786
1524136
106183
106622
106187
106641
105149
105055
103257
103259
105584
105585
105021
109302
103974
107483
107319
109001
109020
103663
103494
107875
107876
104603
9987186
106483
103321
103020
103152
112744
104105
103675
111139
110330
104816
104367
103577
103578
111139
104657
104689
108860
107731
110033
109295
109930
103943
111759
104421
103042
108266
104590
103889
111759
104652
104699
106846
1866189
105828
105195
106018
103258
105230
103287
103003
103037
110488
103148
108737
109239
103122
108633
117834
104009
109900
103984
103990
103992
112167
110229
2801433
2395420
104859
104869
103638
103524
104388
118038
104328
104307
117914
104574
104628
104253
104339
104587
110229
110488
117914
112167
103291
105628
109824
103047
103982
111104
110421
2540705
110295
108754
104222
104281
103786
112249
104577
110295
111104
112249
112249
1087946
111508
106016
106087
105338
105213
105537
103034
109200
103193
108643
112259
109258
109340
109005
104470
109625
110331
118052
104794
104823
112352
117954
103753
103757
117872
145867
9954582
9986257
145867
111508
112259
112352
118052
117872
118052
1087946
1087946
1087946
1087946
149008
4900455
4900456
4957281
111467
104668
106832
106658
105751
106545
105830
106240
105091
106530
103243
106011
105117
106142
106249
107235
105001
106267
106268
107111
105608
108858
103017
110798
110532
103170
109214
108798
103226
107692
109443
108574
110561
108592
108598
111596
112638
108611
108329
109836
108334
118385
111175
111226
112141
112103
117847
107801
111245
107489
104061
103373
111256
109729
108501
108508
107325
112836
107336
110894
108194
103705
110918
104532
110926
109505
110224
110188
4897042
104844
107064
110549
106967
106968
104917
106162
106962
106987
104843
106761
104790
103459
109406
107045
1741
106862
104914
103632
104043
112348
107871
103347
103348
104842
103490
108848
104442
104216
121151
117966
103933
103832
106559
104570
103797
103798
104623
117921
149008
1741
1741
118385
121151
110188
110549
110224
110532
110532
110549
110926
111175
111245
110894
111256
110561
110561
110561
111596
111226
112141
112103
112103
110918
110918
111467
117966
117847
111467
112348
112638
112836
219098
4729777
4729774
4892569
4879558
104677
104697
104690
104693
104694
104695
104696
104730
106720
106721
105363
106729
105825
106545
105831
106628
105913
105270
105134
105135
105061
105886
105471
106535
103247
105170
105125
105898
103260
107219
103307
105711
105526
105527
105342
104967
104968
103324
103325
106267
107084
103299
104992
107200
105689
107201
105044
110468
110478
110484
112391
108406
108375
103150
103206
103142
112564
108819
107701
109246
112587
108800
1116658
112616
108291
103091
103092
110701
110586
110708
103122
103127
145779
103131
110715
108330
109275
112076
103947
112121
109323
137006
104003
112102
145660
112115
110072
112135
112330
103986
118392
107832
111937
118395
110077
111920
111718
109715
107492
110144
111794
104139
110956
103395
109015
111819
103402
1158994
103418
103426
108523
111091
108534
104515
111094
109495
104444
103658
103721
104468
104528
104474
103732
104482
110223
111442
110226
110360
109076
110420
110435
118318
2803251
3205874
4630267
4493906
4492197
4746633
4501697
4748669
4765904
4630088
2146
2147
1722
110260
110274
110168
104861
112786
112777
106447
107024
105246
106788
103447
106164
118076
103496
106170
103543
105662
106175
103549
106775
103476
103542
118069
112903
103609
103346
103615
118111
104393
103624
104220
107471
104182
103854
104275
104545
117892
117849
118042
118046
127912
104559
103772
106548
117905
118038
103881
117935
103794
104332
103800
103900
117927
145643
2528498
2621048
2621076
4493907
2518018
145832
4630268
4641200
9392441
9409605
9231296
4748669
4630267
9231323
6792710
6792710
6792710
7345715
1722
1722
145779
1722
9053440
2146
2146
3205874
145660
127912
137006
137006
118392
118395
219098
110168
110245
110360
110223
110708
110715
110260
110226
110420
111091
110956
111094
110468
110468
110478
111920
112102
111718
110435
112115
112115
111937
110701
110586
112121
112121
112330
118038
112616
118042
145643
118318
112616
117905
112135
118111
112564
112777
118046
118046
117892
117892
112786
112903
2528498
2528498
2528498
801501
134735
111507
106251
106392
103249
106282
108861
110770
108859
110458
110784
110485
110786
110516
108373
112427
112558
103186
103195
112632
145777
108611
110742
109817
110020
103950
109687
112114
104020
104021
110077
111252
111260
104061
103367
103373
112176
109930
103413
110904
111958
111385
108221
109528
103701
109515
110380
110333
110339
110340
809122
2812210
2672208
2670794
3217332
3217528
3217529
4379104
106951
110319
118056
104917
104756
112787
111669
112896
104790
103460
104914
111685
104156
107256
103633
103347
104388
109952
108751
104228
117968
118144
103933
103782
104305
104623
106601
104588
117927
149702
219511
219616
803267
3217332
3217332
7345718
2812210
104740
105152
103287
103333
105628
105630
103165
112429
109824
109259
103982
103716
112227
111104
118310
2540705
4591917
110308
103545
105851
108755
104171
104222
118148
1087607
110308
111104
112429
112227
118310
118148
106701
110674
110706
104139
104140
110360
104866
103447
104400
104568
103900
110360
110674
110706
106701
106073
105192
103264
103271
107138
103236
112700
110674
110715
111153
111715
103362
104137
103420
111076
1324132
1727
104888
111757
104385
104275
117864
104301
112062
103820
2621076
145858
145858
110715
111076
110674
111715
112062
117864
111757
105170
105562
103955
103647
109047
103732
105986
104287
106618
105266
105059
105063
105172
106282
106314
105222
110517
103148
107901
103191
103227
108329
103950
103362
103367
104445
103716
103738
103740
110985
2784697
107554
104847
103443
104756
104374
103600
103604
103570
104163
108266
104181
104238
103875
104322
106601
2784697
110985
104700
105274
105869
105142
106394
104975
103326
103328
105010
103333
103302
105694
108408
108763
112094
111209
103973
103369
110974
104471
110178
103451
103492
104821
103571
104407
104260
104264
104588
110178
110974
112094
104696
106366
105110
105193
106307
103328
106863
105628
105630
112429
103230
107744
109824
110675
109259
112279
104006
111908
103982
103364
103438
110881
112227
111104
109585
118267
118310
2540705
4591917
104770
103553
112890
103446
105662
103545
105851
108755
104171
117956
104222
103853
103786
145872
1087607
110881
111104
112429
112429
112227
112227
112279
118310
112890
118310
625709
111491
106820
106067
106345
110034
112102
104087
104443
103733
110370
110332
3195551
106986
105248
103559
104916
103542
103609
104401
103616
118161
127914
103900
625709
110332
110332
110370
110370
110370
111491
112102
118161
1087907
104652
105210
104989
108896
103195
107884
111617
109266
117834
104061
103705
104482
109488
110380
110439
799986
104797
103569
103623
103931
104308
799986
799986
110380
111617
110439
105090
105874
103249
105172
106314
108329
103950
104039
103362
103367
103413
103716
104756
103943
103600
103633
107182
104265
103889
103383
112029
2540705
118467
104577
110365
109110
2540705
106447
103795
2365229
104723
105126
103256
105230
105728
105210
103229
103232
110734
103990
104002
103414
103655
103671
104533
110229
2801433
4631842
104909
103471
103609
104437
103828
104568
103789
104339
110229
110734
2365229
105210
103229
103232
103990
104002
103671
4631842
104437
103789
2365602
111464
104668
104697
111517
106183
105903
106514
103243
105117
106142
106267
103301
105608
107201
107202
110532
107901
109214
108798
108813
107692
107884
112593
110561
108592
108598
112736
112486
112534
109836
118385
111175
111226
109868
109870
112341
112103
110076
112134
111245
103998
107489
104135
104061
108493
108988
103373
108175
110874
103438
112202
109031
104455
103705
110916
111097
110918
110173
111979
112027
109090
109505
110224
118291
110339
4630087
107554
109349
104844
110549
106967
104889
106162
108047
110322
106987
104785
112781
110309
104843
110311
104790
103459
118061
104937
106170
103563
109406
111148
111363
107264
104914
107291
104043
107871
103347
104842
103490
104442
110853
112356
103531
104216
117960
117966
117860
104265
103833
117935
104570
103797
104623
104311
149585
149649
145905
6480695
145905
149649
149649
118385
110173
110339
110549
110224
110532
110874
110549
110853
111097
110309
110311
111175
111245
111363
112027
110561
110561
110322
110322
111979
111226
111148
110916
112103
112202
110918
110918
111517
111517
111464
112356
117966
112593
112341
112134
112534
118291
112781
112781
112781
104652
106452
105063
106043
105172
103310
104973
108014
110516
108431
108329
103950
103952
103362
103716
111403
103740
110985
109542
2784697
106950
103443
104756
106167
103943
103600
103604
103633
118139
104187
118238
104340
106601
106423
2784697
110516
110985
111403
118139
106701
105192
104968
108578
109915
103362
104137
103399
103671
103550
104866
104361
104385
103820
1210751
110734
110674
106701
105094
105117
105200
103271
103327
107084
107138
110771
108860
112403
108406
110520
112618
112700
112634
108302
108303
110715
110092
104071
109701
104139
103420
111076
112206
109027
110994
108102
118288
1727
110754
108660
104888
111757
112450
108757
107148
104275
107975
104301
103834
145858
145858
110520
110520
110771
110715
111076
110754
110994
112403
112206
111757
112450
112634
112634
111501
104700
112373
111227
112135
109117
3177215
3170730
4631843
104300
4631843
4631843
3170730
111227
111501
112135
112135
801501
106661
106879
109219
112572
104135
109013
110894
104455
110935
111385
111003
109515
118286
118080
130147
108751
103921
118165
105546
147528
6796084
801501
801501
147528
110935
110894
111385
111003
118286
118165
112572
104688
105265
105329
105457
108941
107902
108580
110650
108599
112643
108330
117837
104023
104083
110111
108165
108187
104528
112044
2959750
2675751
2811844
4630267
4764452
4630088
104768
112881
106170
103502
1741
107255
103611
107305
104168
107195
104218
130160
118140
103777
118038
104324
104616
104617
104244
103795
117874
103897
104640
145630
106422
145706
4630268
4641200
4764452
4630267
2675751
2811844
130160
1741
1741
9075444
9075445
110650
112643
112881
117874
118140
104700
105142
112586
112694
112094
111209
112105
103439
131167
4614408
103492
112931
112105
112105
112094
219097
1088003
104652
107889
112730
112085
109664
112317
111928
111214
111912
104087
109930
110959
110930
112456
103574
110850
103880
104256
104263
7345716
219097
110850
110930
110959
110959
111214
111928
112085
112317
105790
110827
110643
109929
110957
103698
106966
118062
103534
104191
110643
110827
1087907
105754
105728
107217
104087
104443
104891
104806
106976
105248
104361
103787
103789
104307
104308
104634
106444
104668
111480
104649
111490
106837
105830
105902
106514
105102
106527
106530
106008
106142
105937
106538
105232
107231
105001
106308
105536
106311
105547
107089
107111
106288
106884
110757
108858
106945
108361
110794
110798
112417
112398
107901
108798
107692
108839
108838
108636
108597
108322
108598
112736
108603
111596
108611
108329
109836
109271
108332
108334
112087
112315
118385
110059
111175
111226
109661
112329
112103
112114
107483
107484
107841
111919
107489
109727
104135
118427
104061
108963
111256
108472
107325
112836
108489
109031
104455
103705
110992
108195
103645
103646
103649
110917
110918
111950
108146
109089
110926
109505
110224
109091
110188
118321
2395615
4752098
4511640
107554
112767
110549
106967
106968
108348
106987
107025
103451
110309
104843
110311
104374
103459
104792
103460
104793
103563
106808
107783
111248
104796
1741
104914
105972
112902
103632
107869
107256
107257
107871
131149
103490
130162
108263
103622
107162
107163
104216
107167
107168
103867
103832
104304
104623
104636
104588
149702
106441
145810
145706
9987187
9999993
10290265
9231325
149702
145810
130162
1741
118321
118427
118385
118385
110188
110549
110224
110926
110309
110311
111175
111248
110794
111480
110757
111256
111919
111490
111490
111256
111596
111226
110992
112103
112114
110917
110918
110918
112315
112767
112329
112417
111950
112836
112902
205789
4764770
4892570
4898458
4900457
1087888
4958317
111467
111464
104668
111480
106660
106832
106658
105751
105901
106545
105830
106223
105404
105902
105903
106514
106240
106251
106530
105465
105117
106142
106538
106249
107222
105232
105498
105716
107231
107082
105001
105002
106308
106267
106281
106879
106880
105608
105044
107210
106884
108885
108856
108858
108360
110794
108367
108714
108688
112404
110532
112447
107662
109214
109443
108839
107900
110561
108275
108597
110697
108322
108598
108281
108285
109831
110587
110588
110735
108611
108616
111609
110008
111688
112304
111164
111175
111226
109661
111924
112103
107801
103976
107841
112331
107489
109727
111946
107533
104061
108165
118446
108965
110874
107325
112836
111826
109005
111081
108530
108492
110189
109034
103705
109035
103645
104520
103649
108538
109496
110938
111146
108135
111014
104532
111979
108221
109090
110188
112047
108111
109079
110440
2804674
6461471
799990
799993
2672525
4507882
4503818
4503819
2681317
2674862
4403793
4403807
4503544
108713
107554
109251
104844
112767
106446
107551
106967
112774
106968
110749
107553
107014
104917
106162
108348
112779
105746
109380
112781
104843
106761
104374
104790
112881
103459
103563
109406
106808
107045
106862
104914
107291
103632
107869
104043
111755
112348
107871
104373
104842
103490
104442
108261
108262
136984
108263
108269
108270
104216
121151
118140
104545
103933
118208
103832
106559
104570
103797
103798
104623
149702
145707
6480696
7686272
9409607
6623460
6619004
10049662
4764770
4764770
2674862
2804674
149702
149702
205789
136984
799990
118446
799993
799993
121151
121151
110188
110188
110189
9286992
110532
110874
110735
110749
111175
110938
110794
111480
111609
111924
111826
112047
110561
110561
110561
111979
111226
111146
112103
112304
112103
110697
111688
111688
110440
111164
111464
111464
110587
110588
112767
111014
111755
111755
111946
112331
112881
112447
111467
112774
112348
112881
118208
112779
112781
118140
112836
104652
106701
105824
105236
107901
108329
103950
103952
104009
104012
104096
104136
108978
108979
103420
112173
110881
103657
103716
104470
103677
103738
103699
109542
2788685
2804677
2959751
2803249
104757
109380
103558
107250
104353
110312
104821
111058
103604
103570
103633
104385
104273
104275
104554
103776
104616
104329
103889
103795
104580
104634
103904
106601
2803249
2959751
110881
110312
112173
111058
105408
105862
105163
105198
105457
104964
105715
107086
107087
110487
108421
112599
108278
109823
1116266
109262
110707
110708
109269
112296
109341
104009
110111
107491
104098
104135
103403
103716
104463
103740
109118
109763
106167
103451
103494
104794
112907
111685
104387
104172
104173
104178
106613
103756
104322
104616
9135779
9135778
110707
110708
110487
111685
112296
112599
4892570
4898458
4900457
4958317
111464
106221
106249
105001
110765
5305924
112404
107737
112635
112277
111710
109930
103705
110420
109638
4511640
104843
112881
104914
103867
145810
145706
145810
110420
111710
110765
111738
111464
112277
112881
112635
106198
106068
105204
105344
105242
105732
103990
104106
104111
103646
107050
104812
104374
103544
104156
104601
104291
103837
104573
104313
9401905
118396
104690
105378
106501
105126
104968
105728
109721
111116
104786
107034
104200
104240
4403809
8176147
110170
110170
110170
110715
110925
111824
111116
111159
111159
112436
112436
106137
108408
112094
111209
103553
117895
103786
104260
112094
117895
106618
105090
106253
105063
105172
107082
107201
110794
108003
108668
110516
110517
108763
107901
107734
108842
122252
108580
108326
109259
118363
110718
103952
103958
111690
118407
104009
111932
104012
104060
104121
104448
109005
110881
103713
103716
104483
108221
104495
103699
103704
110441
109118
799995
809122
4746633
4499694
4765903
110161
112768
106950
110166
106951
104770
104756
104375
103600
103544
104795
103604
103549
103570
107256
103579
103633
107182
104052
104388
104161
103531
104202
104228
104231
117855
104238
104239
103858
104273
104602
104288
104554
104307
104329
103795
104623
104634
104585
117927
103824
218927
146552
1087606
803267
9401905
9406660
6619822
10049684
10049675
9231323
7345712
809122
809122
146552
218927
118407
799995
799995
799995
110516
110516
110718
110881
110881
110794
111690
111932
112768
110441
112768
219105
111547
108431
110525
108772
108329
110085
112316
107840
109016
104125
108484
108193
109097
109643
109776
118054
219105
110525
111547
112316
118054
118054
118054
111541
106229
105061
105935
105326
105130
105498
108764
108804
112565
109271
109290
109662
112827
104454
108161
104532
104917
104792
103563
103609
104429
104602
104563
103775
104587
111541
112565
112827
105402
106203
106496
105995
105177
105999
105063
105187
105065
105487
105013
105673
105037
107127
105698
108890
108895
110773
110775
110823
108018
108370
108409
109215
109194
107915
107672
108829
112684
108329
108626
109299
110030
104011
103979
104012
107822
104076
109910
111223
109913
104096
111747
107367
118491
104130
108478
108513
110943
118305
104848
106948
109061
107071
105348
103553
107017
105250
109404
103599
107784
107007
107008
103570
108756
104050
104392
112925
107194
104147
117981
104205
103862
117886
104266
106605
104548
103770
104306
104616
104329
104331
104247
104249
104636
103914
9546124
118491
110773
110823
110775
110943
110943
111747
118305
111223
111223
105285
107082
104970
105244
110487
107663
107702
112478
109803
109303
112141
107797
104020
107439
104135
110380
109592
104891
104917
109423
103633
104548
104286
104624
110380
110487
112141
2365602
902770
106739
106366
105867
106008
105121
105899
104999
105018
106879
107201
107202
106942
110764
108906
110766
110478
108747
108375
107656
112738
110589
108620
118382
112116
112313
104011
103998
104135
109009
112162
111781
108153
112203
103664
110236
108221
108076
110246
110418
2443377
109053
104889
104890
109387
110353
109380
107033
106989
111556
106850
109402
104374
106856
106170
107197
105981
104047
118098
118152
103921
104593
106547
118012
117935
104311
104588
145627
142896
2621075
145706
9409605
9484377
10049660
902770
902770
145627
118382
142896
2621075
110236
110246
110418
111781
111781
110478
110764
110766
110766
111556
112203
112116
112162
110589
110589
112313
106365
105913
109015
103720
105458
104522
103675
110330
104816
104367
104408
104055
103917
106495
107082
107672
107677
108552
112518
109973
104007
109875
104086
104114
104116
112169
118502
104455
103716
2363931
109058
109061
106966
110315
104200
106611
103750
104291
110516
110315
112169
111468
104674
111516
105268
106013
109193
107702
107646
104104
110146
103680
4601078
4605151
106352
112929
108754
103799
103809
9408684
10049670
111516
111468
105830
106011
105001
106308
108361
108444
108798
110561
112643
109836
109271
111164
109870
109871
107489
109727
107325
112836
110992
109090
109092
110188
118303
112774
104917
106761
104790
110312
112899
104914
108848
107188
118458
117963
103832
103833
103797
117924
118458
110188
110312
110561
110992
111164
112643
118303
112774
112899
112836
2443377
7350871
622304
118443
110754
111666
111143
112890
104646
104734
105405
105131
105178
106009
105070
106542
107223
112425
122254
108330
109287
103966
107491
108495
104522
103721
103725
104523
104540
106757
118051
106805
104816
104367
107870
106657
104549
104551
122254
112425
118051
106000
106142
105498
106311
105608
2452958
103956
112103
107489
110894
2540824
104843
112881
107871
104373
104842
104216
104184
103865
103933
103830
103940
103832
103833
104623
110894
112103
112881
145795
1087822
111504
104718
105155
106534
105326
105004
106267
105018
108860
108698
107701
137001
136999
137000
104132
104521
109077
2620730
136999
137000
137001
137001
137001
137001
111504
104658
105378
105126
104968
105001
105728
105537
105743
105219
107900
112659
104010
104061
104139
104140
104132
104443
104533
104509
110332
107359
104866
106761
104361
104916
104400
104402
104393
103783
104568
103900
945737
110332
110984
110984
111271
112659
118161
112386
104700
104705
105871
105170
107229
105010
111209
111094
104459
3177215
3170730
112849
104389
104320
3170730
111094
104697
106101
108805
104009
104141
104113
104123
104747
104616
105381
105110
105037
112641
109972
107635
108969
110895
109067
2540705
108754
109478
103856
104577
9408684
9406660
110895
112641
2659301
4892570
4894053
4898458
4900457
106443
1087888
4958317
111464
104668
106658
106837
105751
105752
106221
106223
105902
106251
106249
105497
105498
107082
105001
106308
106282
106268
105743
106281
110765
5305924
108367
108369
108030
112404
112398
110841
109199
107663
107737
107900
112593
112472
108605
108323
108285
111596
110599
108611
109836
108331
112277
109291
111616
118377
118384
111688
112304
112326
109661
111690
112141
103976
112330
107841
112331
109679
111252
104135
111738
104061
108988
111301
108499
111256
112808
111781
108530
104455
109494
104520
110232
109517
104467
111100
111434
111014
111979
109092
109136
110401
110420
109638
110333
145702
799990
799993
2959749
2812589
2812209
2809762
2672525
4507882
4503818
4503819
2681318
4511150
2674862
4746633
3197852
4503544
4511640
802771
4764453
108069
112786
112779
110292
104843
104790
112881
118061
106856
112451
112453
109406
104914
105972
118455
104373
108261
136984
104162
108269
117960
107167
118139
121170
121171
103933
117869
104304
106559
104623
104588
145626
145672
142895
142896
2621017
145707
145810
145706
903975
6468902
9410787
9231239
10592873
9231323
9231327
2674862
802771
145810
136984
136984
136984
136984
145702
121170
121171
142895
142895
142895
145626
118377
799990
799993
118384
118455
118455
118455
142896
2621017
110333
110292
110292
110401
110599
110232
110232
110841
110420
111301
111301
111100
111100
111301
111252
111690
111781
110765
110765
111616
111256
110765
111596
111596
111979
111738
112141
112304
112304
111434
111688
111464
112326
111014
112593
112330
112330
112277
112331
117869
112808
112881
112451
112451
112453
118139
112779
118139
118139
112786
112786
106740
106819
105821
106383
105930
106534
105484
105493
106283
104980
105220
105222
105018
105020
106879
105609
106945
108384
108373
108781
107901
112664
108296
110742
137001
103950
111869
111882
104011
104015
104040
107605
107480
109012
109013
109930
108527
109523
112219
104494
104506
118340
110338
145702
6461470
6463787
3216495
107554
104845
104894
111669
105659
104790
109553
104043
104347
107182
112905
106654
108751
104234
104590
104546
103940
104616
104246
104580
117944
106425
9410338
10049657
3216495
145702
145702
137001
110338
110338
110338
110742
111669
112664
112219
112905
106660
106658
106251
106249
112404
108285
109831
112271
108165
111826
108530
108115
111014
110380
110440
106995
106761
104790
104347
104390
117966
104334
110380
111826
110440
112271
111014
117966
106833
111510
105402
106510
106089
106492
106304
105236
106267
106274
106323
110820
108011
108409
108783
109194
108347
110584
112710
112273
110041
109859
107622
107627
107628
112103
104070
111221
111223
109011
104112
104130
111306
104447
104448
110190
104459
110985
111120
112241
108090
109078
109576
104848
107071
107072
104856
105347
104812
104903
104376
106776
104391
104392
104161
117981
104205
104430
104431
118020
104320
104616
104331
104247
104639
145903
1087606
8509976
145903
110190
111306
110985
111120
111510
112103
110584
112241
111223
104710
104712
111542
106512
106625
106106
105912
105917
105149
105297
105194
105333
105229
105741
105745
106278
106879
106284
106877
105690
106881
108800
112601
108605
108301
111614
118380
104006
104010
104087
104135
104108
112847
107319
111779
107336
104455
104467
104491
104497
108231
110431
105449
110300
104933
107261
112452
106862
105977
104151
104387
111364
104429
104545
104603
106558
104304
104243
127891
127927
104309
106421
118380
127927
127927
110300
110431
111364
111779
111779
112601
112452
112847
111542
111614
626454
104652
104723
106846
105829
105076
105230
105210
110780
108779
112636
110068
109900
112167
104533
110229
110439
4512666
106448
118080
104350
104437
104291
104307
104628
104339
104587
4510032
9398334
9400078
10049695
10316927
10316651
626454
110229
110780
110439
112167
112636
106510
105265
105266
105810
106243
105163
107220
105011
108722
112422
107705
1116266
108494
104463
104469
104473
105455
106970
104827
104915
107255
107870
104055
107161
104178
104549
104550
104551
104630
112422
104668
105103
105716
106282
106283
104980
105222
106945
108787
109012
109930
104494
104506
110338
105659
107197
104589
107971
104564
104580
10373795
4630267
9231323
931125
145702
130155
137001
137001
110338
110338
110246
110762
111616
111388
112275
112219
117871
112833
112176
104736
106722
105094
105187
105573
110820
109183
109827
112340
107822
107063
104790
104415
104173
104611
110820
112340
214949
4879558
111503
111500
104700
106821
105869
104956
110792
112423
110734
109272
110033
110031
111742
109720
109919
109009
109940
118504
111094
111949
109520
109574
109128
118318
110753
118087
118134
109479
106604
118236
104339
104264
117883
215071
7343954
215071
110734
110792
110753
111094
111742
111503
111949
118318
112423
118134
118134
105750
105372
106822
105074
106300
105241
105745
105589
110604
111169
104137
104125
104129
104457
104461
110920
111017
104539
104779
104936
107174
104196
104948
106548
104575
104333
145838
9053437
9035388
9035388
110920
111017
106699
104710
105436
106625
105074
105912
105917
105149
105194
105333
105229
107082
105533
105741
106278
104997
105683
106284
105024
105690
106881
108429
112566
107932
107890
112601
108608
118380
109905
107439
104135
104139
107319
108488
104455
104491
104497
109540
109541
105449
107359
104933
104355
106170
104943
106862
110317
104151
111364
118184
104603
104605
104321
104304
127891
127927
106421
118380
127927
111364
110317
112601
112566
118184
104658
105378
106106
105231
104968
104996
108281
110925
109128
104866
104374
104938
104361
104400
104240
104568
9406660
10049675
110925
1116658
107199
4762680
6792710
6792710
6792710
1722
1722
1722
127912
110956
112102
111491
112102
112121
112616
118319
2528498
1088003
106661
106838
106357
105901
105259
105409
106521
106522
105053
105931
105318
105116
104972
105728
110482
107647
109207
109265
110743
112268
112076
118437
111822
108515
112169
110438
110253
104755
111768
130162
118153
104548
104328
106598
106440
130162
9137855
110253
110253
110743
111822
111822
110482
110438
110438
112268
118153
118153
112169
107814
109929
109647
106966
104563
106930
108330
2810526
4895710
104816
104827
104348
104349
106657
104668
111480
104710
106251
106142
106308
106879
107137
110764
110766
110768
108798
107692
112610
108591
108592
111596
108611
109861
118403
109921
110099
111245
111950
109125
4630087
110549
104917
110292
104914
111755
107871
104373
104842
106609
104545
117895
104570
104623
104635
9484377
118403
110292
110549
110768
111245
111480
110764
110766
111596
111755
112610
112610
111950
117895
104740
106821
105090
106307
110796
108804
107734
108819
109824
109259
112646
110974
111949
111104
112748
112768
110295
110308
109448
104231
104232
104262
145739
145739
110295
110308
110308
111104
110796
110974
112768
112646
111949
106618
106365
106253
105293
105513
107115
107734
110673
109259
110718
112768
104232
104267
104305
104262
110718
112768
105907
105050
107084
104992
145826
112347
108487
104867
104412
104652
104699
104696
105829
106239
105110
105195
104966
105210
105540
107217
108737
111158
109900
111215
111244
107845
111942
108501
109498
104467
110215
109578
104917
111683
104388
104305
104328
104307
104308
106597
104339
104587
111244
111683
111942
111942
111942
105728
105629
109043
109488
111056
110850
104263
111056
110850
105363
106221
105901
105902
106061
105315
106131
106534
106087
106267
105218
105518
105227
110757
110765
109202
107701
112594
108605
108607
108608
118361
110075
112139
111260
109008
109729
108187
110985
108230
109635
3195998
106973
106447
104894
104923
106988
109402
105659
104374
104790
112881
104373
117916
117925
104311
110985
110757
110765
112139
111260
111260
117916
112594
112881
134735
106739
106366
105059
106127
110790
112717
145777
111737
110980
108221
3191207
4633469
112768
104808
104874
104784
106850
104375
107783
104371
104442
118129
104593
104602
127905
106547
9506541
145777
127905
127905
134735
9158193
9158194
110790
111737
110980
112768
118129
104651
104705
104706
107229
104459
104861
104415
104391
104616
104646
106720
105440
105079
106515
106050
105176
106040
110758
108413
107663
107684
107730
110670
107494
108220
104486
109053
105450
107359
104750
107265
108458
118176
110670
118176
107217
104465
110415
4738310
107554
104894
104790
107451
107192
107453
213843
4764770
4892570
4898458
4900457
106443
4958317
111464
106660
111505
111506
106658
105751
106252
106249
104971
105002
105743
106281
105044
106288
108863
108864
108380
108381
110814
107737
107731
110697
108285
109831
110587
111617
110599
111924
107793
109722
112138
112331
109925
108165
112194
108530
110189
104455
104520
109496
110938
131166
108135
109062
111014
111113
111003
110440
110333
145704
799990
799993
2672525
2674862
4403793
109251
110749
112779
109380
112881
111561
112887
108757
136984
108851
108852
121168
117966
117967
117870
106559
149702
214467
214063
6468902
6479298
6623460
6619004
9231239
4764770
4764770
2674862
7343473
7343473
149702
214467
214467
121168
121168
121168
136984
145704
799990
799990
799990
799993
799993
799993
131166
131166
110333
110189
110189
110189
110599
110749
110938
111113
111113
111505
111505
111506
111506
111506
111924
111617
112138
112194
112194
111561
111003
111003
110697
110440
110440
111464
111464
111464
111464
110587
111014
111014
117966
117966
117967
117967
117967
117967
112138
112331
112331
112331
112331
112881
117870
112881
112887
112779
112779
112779
104652
104699
105829
106229
105195
108737
104859
104862
104869
104416
104574
104587
105417
106368
104954
105337
105010
110481
110934
108092
109419
106763
111751
104595
104616
10371243
111751
111751
104664
104709
105749
106622
106641
106197
106021
106107
105194
106936
108893
108894
134746
107981
107982
108377
110534
108710
108304
112631
108301
108302
109302
109876
107487
111259
107312
111262
107319
107430
111823
118287
110326
3216497
109755
110754
104769
106777
106180
107872
107465
104603
104605
117905
104576
104585
218926
145887
7345713
145887
145887
218926
134746
110534
110754
111823
111259
111262
117905
118287
112631
104699
104705
105825
105835
105270
105170
105986
104587
104685
104699
104729
104734
106659
105266
105131
105070
107895
107732
109269
109287
112809
104475
109118
106791
104940
104839
104550
104551
104554
104567
146986
6796077
216733
2654534
4460853
4460854
623242
104664
111477
104716
111509
104713
105748
105749
106641
106197
106515
105820
106021
106108
105880
105194
105731
106865
105021
108893
108931
112382
110456
108377
110464
112392
110534
110530
109186
107745
108800
108801
107716
108571
107729
107730
112475
108582
108304
111583
110612
111611
110636
112067
111173
110061
110096
109876
111214
107483
107831
110119
110100
109905
110127
109925
111259
109714
110882
107312
108183
111301
111262
108966
111257
108967
108472
108998
110890
111305
110959
110979
110901
111835
110235
109522
111013
112220
109504
108223
111378
109537
111423
109572
109540
118287
4460811
2680439
873669
110264
110158
107058
110754
109352
104769
111666
131161
112448
107752
106990
104932
107262
105963
106777
106180
107872
107875
108853
107465
104605
117905
104576
145669
145814
858288
2654534
145814
216733
216733
623242
145669
131161
131161
110235
110235
110158
110456
110612
110530
110534
110636
110636
110264
111301
110882
111173
110464
111305
110890
110754
111423
110901
110959
110959
111214
111611
111378
111378
111666
111257
111583
111259
111259
111262
111835
111835
111509
112067
110979
111013
112448
112448
112220
117905
117905
112382
112392
111477
118287
105399
105150
105152
105222
106879
110782
110461
108727
108802
110639
112313
109661
111882
118392
111965
110944
108654
104564
118392
110461
110461
110639
110782
111965
112313
112313
866022
1087961
104652
106229
105904
105835
106067
105898
105206
105714
104969
108714
110485
109219
112740
110733
112117
117834
111158
109868
109662
111189
107845
109911
109916
112805
108485
111097
109498
109488
108085
118286
107553
104810
104917
110290
110308
104905
111363
117855
118165
145739
9409606
9410341
10049661
866022
145739
145739
110733
110733
110733
111097
111097
110308
111363
111363
111189
110485
112117
112117
112805
118165
118286
1087961
1087961
111491
104658
105378
105126
104968
112102
109858
111220
110170
111117
107049
104866
104909
118161
110170
111491
112102
112102
118161
118161
104664
104713
106641
106197
106021
106107
105880
105194
108893
108377
109186
108304
110636
107831
109905
111259
107312
108183
108184
108966
108967
111265
109352
104769
112448
107752
104932
107043
106180
107465
104605
104585
145887
145887
110636
111259
111265
112448
1087666
104675
105363
105090
105528
106267
105228
110466
107934
108335
109806
108302
110038
110040
107608
110091
107607
2795703
107337
108541
109005
2797292
4583335
4748670
4749014
4749015
4895710
104849
108066
108062
104790
112360
104616
127891
127927
8173704
127927
1087666
110466
112360
112360
104699
105195
109239
109630
104869
112066
104718
106507
105185
108290
136999
137000
108959
108193
112044
2620730
106154
104813
104948
104616
145838
9053437
136999
136999
136999
137000
137000
9075444
9075445
106366
107940
104874
104784
106850
106856
107783
106547
118012
4894054
104664
104716
106666
104709
105749
106622
106187
106641
106021
106107
106109
105880
105194
105731
105021
108893
108377
110464
107745
107718
107729
112475
108581
108304
110559
108301
110636
110045
111173
111214
110119
109905
111259
107312
108183
111301
108184
108967
107319
110901
110235
111146
108223
109537
109579
109541
4894406
4894407
110754
104769
131161
112448
104932
106777
106180
107872
109953
107465
145646
858288
131161
131161
110235
110636
111173
111173
110464
111301
110559
110754
110901
111214
110559
111146
111259
112448
145646
145646
105919
106249
110793
112643
108611
109308
112805
108115
108221
109065
4403811
118056
107197
108751
118198
106546
127888
127926
106601
145874
145874
127926
110793
112643
112805
118056
118056
118056
118198
104649
104663
106700
105399
105102
105285
105890
107082
104970
105001
105244
108839
110638
109896
112030
104891
104917
109952
118239
104634
104636
148798
145716
6796842
148798
145716
110638
112030
104668
105363
106221
106251
106109
106000
106011
106538
107082
105001
106308
105012
105547
108859
110765
110506
110507
110532
107663
109214
108810
108798
107692
108839
108838
110561
108636
108598
109291
112315
118385
111175
111690
109663
112329
112103
117847
112134
111245
109676
107489
108497
111256
109939
107325
112836
118501
110992
110918
109090
109505
110245
118335
110339
104844
106967
104917
106162
109380
110309
104843
110311
104790
109649
104914
104842
107187
107188
107962
117921
118385
118501
110506
110339
110245
110507
110507
110339
110532
110309
110309
110311
111175
111245
110311
111690
111256
110561
110561
110561
110561
110765
110992
112103
112103
110918
112315
112329
118335
117847
112134
112134
112134
118335
112836
104696
105829
106229
105230
105210
110781
107629
110068
107425
106448
108264
145862
105402
106365
105866
105999
105284
105173
105175
105235
105698
108370
108723
109862
111120
112044
104850
104919
104791
107008
106601
9075444
9075445
111120
856346
105265
110790
109816
110086
109682
110087
111926
111193
109855
111714
107484
110143
107318
107319
107344
110232
110327
2959750
2812588
2811844
118056
104802
106179
104832
118037
117944
117923
145850
9434377
2811844
145850
9158191
9158192
110232
110790
111193
111714
111926
118056
1087961
111466
104663
106846
106723
105049
104966
106314
110485
108838
112741
112681
112534
111860
112081
117834
109662
111189
109896
109900
111709
109916
110880
109498
110170
109112
110439
109771
104847
104747
104917
106448
110290
110308
104904
109384
118080
104835
118111
117855
112066
117914
105546
142893
9398334
9400078
9409606
9410341
10049695
10049661
142893
110170
110308
110308
110880
111189
111709
110485
110439
111466
111860
117914
112681
112534
112534
118111
118111
118111
1087961
106183
106622
106641
106545
106513
106223
105074
106628
105412
106021
106107
106109
105149
105055
105179
105880
105194
105073
105456
105343
107082
106282
107083
107084
106287
108898
108377
110501
108375
107701
108800
110558
109302
107483
107831
110119
109721
109925
109714
111301
111262
107325
110959
108187
112175
108538
110235
111146
108223
111380
109539
109540
110401
109635
4630267
4501697
873669
4630088
110150
104769
107014
112890
106964
107262
104937
106170
107043
104943
106862
106180
109961
107872
107260
107874
108850
107875
112924
110049
107148
106548
145646
149702
218926
145922
106425
4630268
4641200
4630267
7345713
149702
149702
149702
145922
218926
110235
110501
110401
111301
110558
110959
111380
111146
111262
112175
145646
145646
112890
111509
105748
105749
106641
106197
106515
106021
106107
105194
106282
106936
108893
134746
107981
107982
108377
109186
107898
107730
108581
108304
108301
108302
110612
109302
111614
111891
107636
107831
110119
111259
109714
108183
111301
111262
108184
107319
108995
107430
110976
112175
110979
110901
109504
109537
111020
3216497
110158
110754
109352
107360
131161
106990
104932
107262
106771
110314
106777
106180
107465
218926
145887
7345713
145887
145887
218926
131161
134746
110158
110612
111301
110314
110754
110901
110976
111259
111509
110979
111262
112175
111020
111614
145795
1087888
111504
106660
106832
106837
105386
105363
106182
105751
105752
106221
106222
105902
105903
106514
105054
106000
105315
106131
105117
105497
105001
105532
104974
106267
104978
106310
106268
105012
105537
105227
107201
105044
107202
107210
106884
108001
2452958
109214
108798
112593
108598
108608
118385
111185
111876
110075
107638
109921
109673
108499
109517
4511640
110319
104894
105746
104923
104903
105658
104843
104819
111248
104943
107265
104914
105972
106181
131149
108261
107189
107156
108269
106559
145810
9409607
10049662
145810
118385
111248
111185
111504
110319
112593
111513
106659
105253
105862
105131
106009
106542
106876
110831
112425
107895
107732
110747
109287
107615
111239
109933
110215
104907
104915
110053
146986
6796077
110831
111239
110747
111513
112425
112425
105186
106268
107110
108596
104849
104912
105662
105828
105110
105230
112820
118038
118038
112820
105107
105034
106286
107902
106846
105828
105829
105076
105077
106239
105059
104966
105211
104989
108737
109239
112643
112528
111213
111942
112820
108501
112167
117914
111213
111942
111942
117914
112528
112167
112643
112820
1087888
106837
105363
105371
106182
105751
106221
105901
106223
105902
105903
105108
105315
105117
105935
105937
105232
105001
105532
106267
104978
106268
106269
104980
105214
105537
105547
104987
105743
105699
106884
109220
109225
108636
108299
108611
108329
108332
109663
107484
107605
109931
108951
108499
112219
109084
109525
109091
108110
107558
107025
104925
105658
106761
109406
105662
104943
105972
106559
10049663
9409091
112219
106510
105408
105810
106243
105131
106542
106876
108722
107895
107938
107732
109287
111239
107490
107491
108494
110856
108495
109763
112855
108652
107870
136989
146986
106440
6796077
136989
111239
110856
112855
105125
104967
3195551
106788
105248
112456
118148
145872
118148
106188
106628
106366
105194
107201
107202
110103
112805
108153
111015
104937
106170
117864
117878
112805
112805
112805
117864
111015
112805
106739
106182
106641
105436
106512
106192
106223
105074
105880
106131
105297
106078
105194
105073
105456
106087
107082
105001
106282
107084
106881
108893
110478
108377
108710
108768
109437
107890
108843
108801
107715
112478
108605
112699
112257
108301
108329
111610
112731
111614
112116
111198
111891
112123
109682
110075
109693
107841
107486
107488
110132
107439
107394
107318
112808
108995
111265
110959
112202
111380
110245
108100
108111
109539
109540
109635
105857
112786
106966
107262
106170
107043
110317
107869
112352
112924
118021
118144
107960
118214
127891
127927
149702
106425
858288
149702
127927
127927
127927
110245
111198
111610
110478
110959
111380
112202
112257
110317
111265
112116
112352
112123
118214
118214
112808
112808
118144
112786
112786
112786
111614
1087812
105837
105270
105180
105170
105300
105337
105230
105000
105215
110460
112098
110136
110879
108536
109047
106763
106049
106562
110879
112098
106837
105363
105377
106182
105751
105901
105902
105054
106007
106142
107082
106311
105743
105219
107210
106884
107737
112472
108611
112346
110917
109517
109077
105658
108261
110055
110917
105907
105281
105107
105457
106864
107317
108487
105857
137001
105981
145625
137001
626209
145795
145797
134732
4764602
4764603
134921
4766665
4766668
4894055
4898459
1087960
111504
106725
106627
106366
105315
105716
105718
105606
110762
110771
108384
112427
108802
107725
108581
112625
108595
110564
110699
112644
109285
137001
118379
136995
112305
111690
110062
112139
110135
108956
108957
109729
108511
109005
112173
108247
110198
109089
110985
109101
109117
6447544
6448774
2804677
6454963
2959745
2806208
2808294
2803249
2680590
4403804
4748670
3211608
4749014
4749015
4764451
4894283
4894284
5063917
4903413
109380
112784
111759
109650
107045
112920
111756
118115
130156
109455
117859
107969
118238
118033
117916
117927
149586
145625
149703
218927
145943
145822
6620346
9400074
9406660
9493672
9501457
9987186
10049689
10049663
10049675
9231240
4766665
4630267
9409091
2808294
2808294
2803249
3211608
7345712
626209
9054281
145822
145822
7356240
136995
134732
218927
118379
130156
130156
137001
137001
137001
110771
110985
110985
110985
111690
111690
111504
110762
110762
110564
112139
112305
110699
112427
117916
111756
111756
112644
112173
111759
117916
112625
117859
118115
118115
112784
112784
1087960
106183
105149
105179
105880
105194
105584
110477
109302
110291
109383
107788
108849
107876
110291
145795
134737
4883693
4893421
1087955
106740
105750
106191
106192
105075
105265
105813
105917
106634
105176
105882
106259
105318
105333
106544
105229
105531
105726
105745
105683
106284
108860
112387
110466
108026
108027
108414
108765
108417
112573
112566
108800
110574
110662
108302
110590
109981
110604
110692
109253
111892
117842
137000
107795
110094
112142
111726
112322
110116
109717
111727
109925
118452
110143
107527
110138
110857
108496
112847
112808
108508
112206
112207
108491
112845
112205
110910
111430
111017
109094
109133
109114
110382
109624
109540
118307
118296
110339
6461473
3171724
3177217
3177218
3211609
4883739
4883740
4894122
4885592
4885593
109059
110256
112771
106447
118058
112773
111067
108655
118109
107874
107875
107877
118135
117982
117860
118015
118205
106548
117923
145122
1269289
145734
872995
137000
145122
145734
118452
134737
1269289
9035388
9286420
110339
110256
110382
110857
110662
110662
110466
111430
112142
110692
111726
112205
111726
111727
111727
111727
112206
112206
112771
112771
118109
110590
112322
111017
112808
112773
112566
118307
112845
112847
118296
118296
112387
118135
118205
112573
112573
1087955
4892571
4898460
105280
106000
105936
105194
105172
106267
105538
105741
105596
108002
108003
108335
108302
108303
107607
110216
809122
109400
803267
809122
110216
105399
105404
106067
106008
105298
106249
107082
106308
106267
106879
106288
110794
108017
112399
112570
108572
107731
109301
111226
109661
109679
107544
109004
109005
108153
108489
109086
108088
109530
110228
109573
110432
4752098
4764452
109768
105746
110309
110312
118096
107872
137732
109953
137739
107467
118025
106609
118198
142881
145806
4764452
4764452
4764452
9231325
137732
137732
137732
142881
142881
137739
110228
110309
110794
110312
110432
111226
112570
118198
106620
105825
105827
105835
105836
105837
105270
106368
105337
105727
105215
105562
106943
110462
108411
111693
111718
118439
110136
108166
107422
110971
108234
110253
105986
105987
106763
105967
112930
117989
106049
137726
106429
118439
110462
110253
111718
206097
1087955
106050
108413
107730
110670
107494
110213
105450
110851
118176
106612
145866
820897
206097
820897
110670
118176
1087955
111476
106845
106622
106187
106107
105456
105715
107082
106282
107084
105741
105609
108377
108375
110813
107890
112637
109302
110061
111690
109698
111713
107841
109725
111838
107319
110959
109086
109093
109539
109540
112775
112912
107872
107875
118470
118249
118242
117944
106425
111690
110959
111713
111838
112912
112775
111476
112637
106846
105829
106229
105230
105236
105211
108017
110488
110494
108737
109219
107845
108501
112167
106161
110494
110488
112167
145795
931125
4879558
111464
111504
106825
106740
106658
111507
105361
106725
106729
106182
105766
106223
106626
105903
106514
106106
106629
106630
106367
105312
105878
105880
106127
105496
106308
107083
106872
107112
106879
107125
107201
108861
110770
110469
110765
110766
110790
137748
110461
110784
108380
108369
110518
108034
107647
107705
107706
107707
107680
108844
112472
108587
112693
108316
108319
112484
111577
108296
112679
112718
112520
110742
110602
110007
112296
111869
111690
117841
110064
112142
112133
110098
107827
118395
110077
109708
109723
109709
109710
109679
110142
107480
111738
109012
112176
111301
110140
111258
109930
110141
112836
109023
111827
109027
108527
108153
108530
110938
131166
109517
111014
111979
108221
110176
111114
111982
109068
109102
109136
110401
109627
110432
110434
110420
109635
110338
110333
110339
145702
6461470
6463787
2672208
2670794
4746633
4631844
109349
106950
110277
106957
112786
108058
111669
106993
112782
106850
112451
107783
106997
1741
107197
107869
107182
112905
108851
108455
108456
108457
136987
130154
108459
108751
130155
110055
107467
117965
121168
117968
118040
127908
127914
118037
106575
106596
117944
107950
107954
2621048
9410338
4760997
9506541
9679332
9824344
10049657
4631844
4760997
9231323
145850
931125
145702
145702
145702
145702
145702
127908
127908
137748
121168
136987
136987
137748
1741
118395
131166
130154
130155
130155
9148069
9148068
9158193
9158194
110277
110333
110176
110338
110338
110339
110401
110461
110518
110770
110420
110742
110784
111301
110790
110938
111301
111690
110469
111504
110765
111669
111669
111258
111258
111258
111577
110432
110434
110766
111979
111979
111982
111507
111738
112142
111464
111014
112296
112520
112296
118040
112133
112679
112905
112905
112451
112782
112782
112782
112786
112836
112786
112176
111827
932059
931125
945737
106819
105766
105312
105932
107082
106282
106884
108856
106945
108901
108400
108405
110829
108373
108417
108734
108781
107901
109218
112610
112484
108285
108608
108329
110020
109308
112339
110097
107825
111733
109670
111260
110137
112176
109013
108971
111258
109746
110141
108980
109490
111950
109523
111375
109067
109072
110246
109132
109605
110338
110339
6461470
6463787
108713
4889469
4893489
4893490
107064
110755
110548
109423
106995
107045
108654
108655
112905
108761
109464
109469
118466
109455
118022
118144
118198
106575
149702
145848
9410338
4760997
10049657
4760997
145848
149702
931125
945737
945737
110338
110338
110339
110246
110829
110548
110548
111375
111258
111260
111733
112610
111950
112905
118198
112176
106267
108002
108335
108302
108303
107607
110216
109400
110216
626207
106661
111507
106514
106366
106011
105890
106249
106250
107082
107217
108855
108913
106945
108901
108908
110767
108373
108422
109213
107663
107901
108810
107917
107702
107886
107680
110561
108636
108296
109813
111597
145777
118363
108611
109271
110015
110020
109291
110042
109308
109317
111226
112328
111690
109871
110075
107797
111216
112330
118395
110130
109710
109727
112176
109729
109746
110894
108485
108527
108489
111958
110968
109498
108115
108221
109065
109070
109528
109515
110380
118303
110434
109647
109612
110338
110333
145702
799984
2812209
4511150
3217332
3217528
3217529
108713
4764452
110257
109768
112786
112870
111662
109423
109380
106989
111671
106803
108548
112883
111685
107256
107182
109952
109471
108751
130160
118139
118027
118012
118239
117927
105546
219511
219616
146552
147528
145749
4764452
3217332
3217332
6796084
7345718
145777
146552
147528
145749
130160
145702
118395
219616
799984
110333
110333
110338
110767
110767
110257
110380
110380
110894
111690
111662
110968
110561
111597
111597
111507
111671
111226
111685
110434
112328
112870
111958
111958
112330
112330
112883
118303
118139
112786
112786
112786
626207
112176
107239
108001
108419
108421
109200
108607
112511
110671
109821
111163
111238
109672
111945
108996
108195
105454
112919
118104
111238
111238
110671
111945
112919
118104
106825
106828
105361
106725
106729
105766
106626
105903
106514
106630
107112
106945
108380
108369
112414
107705
107706
107707
108844
108587
108316
110699
112679
112718
112520
111690
110097
107827
111746
109723
112176
109930
110141
111827
108153
109519
109068
110245
109076
109102
145702
799990
112768
106957
108661
112786
108058
111669
112782
105958
107783
108757
108455
118134
117944
107950
9410338
9506541
10049657
145702
145702
145702
145702
799990
110245
111690
111669
111669
111746
110699
112414
112414
112520
112520
112768
112679
112679
112782
112782
112782
112782
112786
118134
112176
111827
931122
105359
105407
105809
105412
105413
106245
105896
108860
106881
110771
112418
108033
107978
108767
109224
108595
108280
110686
109838
136999
137000
108959
109077
109132
4510624
110548
106973
106447
106988
105659
111759
109406
105662
110315
109414
105981
108465
112920
107974
118033
107953
145625
145866
4510028
9954582
9986257
931122
136999
136999
136999
137000
110771
110548
110686
110315
112418
112577
112577
4894056
105487
105740
110783
109194
107692
112684
108591
109862
109866
109910
109913
111120
109589
110292
107007
107008
112921
117981
106605
110292
110783
111120
145797
105407
109490
105981
145795
105407
109490
105981
1087955
111499
106718
106845
106722
106354
106628
105818
106499
105998
105999
106030
106084
106085
105711
106336
110771
108899
110468
108903
110472
110460
110820
110484
110486
108370
108375
112426
110531
109183
107655
112584
107886
112623
108346
112086
2773182
111895
137006
110086
109877
118415
110072
107822
110077
107534
108961
107308
108975
118500
108523
111091
110932
108534
109041
111965
111412
108226
110990
109538
109571
110441
110339
4469103
4493906
4492197
4501697
106346
109054
110164
106784
106973
111758
112882
106170
106775
107199
130139
117857
117852
118207
106551
145890
149288
4493907
106403
106434
106435
106432
145890
149288
137006
118415
118500
130139
9032937
9032937
9032937
110339
110820
110771
111091
110468
110472
110472
111965
110486
111499
110441
110441
111758
111758
112426
112623
112882
112584
118207
1087955
106821
105818
105869
105931
109823
112669
110673
2764185
110718
111215
108166
110878
111831
111949
109422
107150
109448
110718
110878
111831
112669
111949
111949
219617
145795
145797
134732
106545
106512
105809
110771
108860
112382
107978
112439
109224
107725
108595
108605
110585
137001
107821
109729
109490
112027
110361
109077
6461470
6463787
2812209
2676593
4510624
4757657
4759389
4759029
4603642
106973
106988
105659
107847
110315
109414
105981
105982
105983
108465
130156
118194
107974
118033
117935
107953
145625
145628
145688
142898
2620876
145866
4510028
145853
9954582
9986257
4603642
10419644
145853
7356240
142898
134732
145688
219617
130156
137001
110771
112027
110315
110585
112439
112382
112382
112382
118194
106663
106837
106182
105751
106221
106222
105901
105902
105903
105935
106267
106310
106268
106269
105743
105580
105679
105687
105688
105699
105700
108902
108360
112386
108384
109225
107900
108586
112659
108600
110702
112085
107608
109341
107605
107607
109891
108165
108499
108119
110984
150540
109053
107025
106761
109406
107301
108269
118240
117881
149285
149286
145926
4510030
150540
145926
149285
149286
110984
110984
112085
112659
112659
110702
117881
112386
106945
108714
108373
109213
107680
107681
110659
108296
112643
108165
108497
108470
108485
108527
111385
110968
108115
108221
110363
109515
3217332
3217528
3217529
108751
3217332
110363
110363
110659
110968
111385
112643
1087952
105860
105996
106273
105687
105597
110473
110824
108729
107978
109200
109201
109204
108794
112432
109186
108800
122251
109258
110681
111606
110714
110731
109892
111207
109893
111872
109894
109688
109694
109695
109717
111250
111246
109677
109891
109928
112155
108469
109735
108509
111286
111317
109038
111949
108139
111440
108233
111105
110361
109631
4325538
820896
800858
4630267
3211608
4630088
109773
105857
111664
110307
109395
111151
106847
108463
107293
112922
112352
107166
117889
118243
106577
145449
4510030
145734
145859
4630268
4641200
9477032
4630267
8176259
3211608
6795263
145859
800858
800858
820896
145449
145734
122251
122251
9135776
9135777
9135777
110307
110714
110824
110731
110731
111246
111105
111250
111317
9135776
110681
111207
111664
111151
111151
111151
111606
111440
112155
110473
110473
112432
112432
112352
111949
1087801
111469
111513
106659
106483
105862
106542
105900
107223
105673
110791
108722
112560
107895
112599
112744
110747
109287
109680
109896
111239
107820
107490
108495
109732
108479
110215
111139
109593
110269
107071
107037
107870
112356
110053
118139
112051
111239
110747
110791
111139
111139
112051
112051
111513
112356
112356
112599
118139
106819
106534
106536
106267
112382
108307
110381
110168
110168
110381
112382
217161
4837662
1087956
111455
111467
106819
106734
106369
106033
106534
106536
106087
108859
110506
137749
110795
108686
110518
112477
107701
107715
112626
112693
108605
145780
111586
112485
110594
112726
108329
112646
109990
112277
111863
112324
111891
112325
112326
111869
110075
111725
112142
111250
109935
109729
112808
109731
111303
111000
111014
110223
111029
111019
110371
109535
109536
109622
109121
110410
109561
109635
2959730
2959734
2959737
2812588
2675753
2679204
2676594
4541869
3171724
3177217
3177218
4748670
802973
4749014
4749015
4374569
110548
110168
107750
111558
112888
117187
112649
121158
110055
121169
118033
117899
217287
146790
803271
4605632
4605633
145817
9986256
4605633
6795859
145780
146790
145817
2959734
2959737
2959737
121169
121169
137749
137749
137749
121158
121158
121158
9137855
9138026
110168
110168
9267825
110506
110518
110518
110594
110518
110223
110223
110371
110548
111029
111250
110795
111303
111131
111586
111000
111558
112142
112142
112142
111725
111725
111863
112646
112649
112326
111014
111455
112277
112277
112324
112326
111467
112808
117899
112626
112888
1087956
111019
112325
112325
105750
106221
106106
105860
105742
108399
107978
112432
111630
108509
110961
105857
107166
111630
112432
106677
106719
106621
106383
107084
106340
108400
108410
108412
108281
107390
111302
107423
108480
109643
118332
107307
107148
108751
107966
106549
106550
145832
9053440
118332
111302
111302
106822
106625
105914
105917
106634
106284
106881
118380
107336
110300
112890
107260
218925
7345714
218925
118380
110300
112890
106822
106625
105914
105917
106634
106284
108811
110649
110029
118380
109872
107419
110300
112890
107260
106548
118380
118380
110300
110649
112890
219734
1087950
111490
106660
106658
111510
106837
106729
106221
106222
105901
106545
105830
105902
106514
106530
106109
106000
106075
106534
106267
107083
106864
106877
106878
106287
107210
108858
108902
110765
110819
108361
110821
108367
108380
108688
110798
108429
112398
109214
108839
108562
112572
108800
112593
112472
108583
108589
108275
108636
108606
108598
108341
108600
110661
108608
108609
108301
112637
109265
108611
108616
108329
110692
109836
111628
118369
109291
111164
110085
109661
111876
110067
109698
111713
110099
107484
109884
107489
109928
107494
109008
110138
108499
108993
107416
111782
109004
111303
107325
110141
108541
112195
111829
108492
111318
109035
108238
110935
110232
109517
111976
111979
108221
108223
109525
108228
110224
109091
109094
111418
108100
108111
110333
107554
107064
106446
108069
112775
118059
106987
107025
109380
118060
109401
107034
106761
108549
111248
110315
105972
112902
111755
107188
108261
108262
107189
112356
108269
107163
117967
117861
118240
106559
127886
127918
145624
145672
2621077
9409607
10049662
145624
219734
118369
127918
2621077
2621077
9070221
9070222
110333
110224
110821
110661
110935
110935
111248
111303
111418
111318
110765
111490
111713
111829
111979
111510
112195
110315
110692
111164
111164
112356
117967
112593
111755
117861
112775
112775
112572
112637
112902
1087950
1087950
111628
111628
111503
111504
106825
106626
105912
106208
106109
106127
106008
106308
106879
107080
110461
108380
108369
108698
5305640
5305639
107647
107705
5305358
2764183
112643
112718
118363
108329
117828
111157
111690
107827
118395
110146
112176
111258
110141
108153
110938
108115
108221
109068
109102
145702
2672208
2670794
110248
112768
118056
108057
112782
112349
107448
108851
130155
107167
117968
106609
9410338
10049657
145702
118395
130155
9148069
9148068
110461
110248
110938
111690
111503
111504
111258
111258
111157
112349
112768
112643
112782
118056
112176
106098
106107
107394
108220
109528
110168
106048
118191
118042
110168
118042
118191
106846
108737
109239
112731
107629
111042
107023
117997
106846
106358
106239
106141
106018
110780
110488
108737
109239
108647
117834
111158
109900
111244
111941
111942
107425
110229
109578
109630
2801433
109772
112769
110297
112450
118111
117855
117914
1208150
110229
110780
110780
111244
110488
111941
111942
117914
112769
112769
112450
118111
145862
145862
145862
1087812
105845
106022
110462
108411
111693
118439
108215
4601080
105986
105987
105846
118122
117989
118439
110462
118122
106057
106283
108898
108430
112730
110038
112139
112173
109248
107249
106792
106403
112139
112173
1087946
111541
106457
106107
106001
106283
106864
107978
109170
107887
110657
109818
109321
109744
108212
111317
108238
108112
4630267
3211608
4630088
109374
110167
106862
118091
107166
4630268
4641200
4630267
4630267
4630267
3211608
3211608
9135776
9135777
110657
111317
111541
111541
111541
1087946
118091
145790
623843
219098
1088049
106827
106700
106720
106722
106354
106488
106521
106496
106631
105991
106499
106632
106636
106526
105999
106531
105931
106314
107087
106336
107200
107123
106942
110468
110477
110798
108370
108723
108779
107692
107886
110562
108273
112661
110639
111621
109262
111608
110041
112086
109862
111901
112140
112340
112341
111915
111251
111223
107367
112828
108963
110897
109041
110943
109089
111438
111412
111006
108091
108093
111991
110427
109119
109542
109616
2540047
4731814
4499694
112777
109383
118051
111673
111056
107003
106811
118055
118121
107162
118026
117852
118207
118246
106601
1880390
106430
106403
106434
9403372
10049682
7345715
623843
145790
145790
219098
9068995
9068996
110639
111056
111056
110943
110943
111251
110897
110897
110468
110468
110562
111621
111673
111673
112140
111006
111006
111006
112340
112341
112777
112777
118121
118051
118055
118207
111223
118246
106821
108763
112423
112669
112291
110033
111209
111906
118442
109919
118504
111094
111949
110379
4618956
110753
112768
118236
117880
215077
7343955
215077
110379
110379
110753
110753
111094
112291
112768
112669
111949
111949
111949
112423
112423
117880
117880
106622
106641
105909
105914
106021
106107
106109
107082
106282
106287
110530
109874
107636
111927
109876
109714
107474
111262
107319
111959
108223
108077
109540
106964
110314
106180
110530
110530
110314
111959
111927
111262
625832
626055
111546
106822
106622
106641
106091
106512
106625
106192
106391
106278
106864
106284
106881
106936
112385
108429
108743
112566
108554
107893
108800
108585
108846
111568
111204
112127
111193
111726
107486
111798
111779
108541
111344
108139
108231
109624
107569
107359
110300
112452
106862
105977
107260
106558
145873
145880
106421
106425
106441
9493495
145873
626055
110300
110300
111344
111193
111779
111204
111546
111568
111726
112127
112566
112452
112385
625833
106057
106078
108709
108710
112738
112730
109821
118376
122260
107316
118505
112222
111004
3214883
107964
106407
3214883
625833
625833
122260
122260
118376
111004
112222
931122
106545
106512
106253
108860
108768
108595
109077
809122
107953
146552
803267
809122
931122
146552
111498
106023
110782
112401
110531
112558
107886
110555
108346
110664
110597
111621
111604
110041
110073
110030
112341
109906
107414
110898
108532
108083
109078
109123
106346
109765
110164
111049
107007
107008
106605
106406
9403372
10049682
9032937
110597
110782
110555
111621
111604
111498
111006
112341
106542
107223
112425
107691
107683
107732
110698
111607
109287
107615
107490
110880
110215
111115
106166
106805
106657
112051
145701
145701
9349584
110880
111607
112051
112051
110698
112425
111509
106622
106641
106107
106108
106282
108893
108894
107981
112392
107701
108800
111583
109874
111927
109901
107319
108995
111265
110901
109522
109504
109352
107577
107262
106180
107465
118036
110901
111583
111927
111509
111265
112392
106622
106187
106641
106197
106515
106107
106108
106865
106936
108898
108379
110464
108710
112416
107745
108800
107716
108582
108589
108304
112488
108602
108297
112643
110599
111611
111635
107636
107483
107831
109925
112795
107394
107312
111262
107318
107430
110959
108215
112175
111143
111146
109540
110326
4497658
106783
106990
106777
108760
107872
109953
118249
107465
145670
106425
145670
110599
110959
110959
110959
111611
111143
111146
111146
111635
111262
111262
112175
112416
112643
112175
106098
106507
107730
110088
107494
109012
118176
118176
106087
110757
108430
107686
109442
112644
112645
111861
111186
110140
110339
107248
106792
106441
110339
110339
110757
111861
112644
112645
1087946
111465
106660
106182
106369
106534
106267
108855
108405
108781
109186
107901
109218
107897
109236
110657
108608
109976
108333
109308
111198
110075
111711
111260
118444
110137
109729
107328
108194
108115
109524
108223
110363
110423
109618
109605
109612
110331
112870
109382
111671
118082
108655
118071
108266
121155
127899
121155
127899
127899
127899
9281247
110363
110363
110657
110423
111198
111671
111260
111465
112870
1087946
219735
111541
106641
106545
106513
106223
106197
106515
107084
106864
106287
108898
108377
112579
107736
108800
107729
108596
109302
109304
109292
109312
111204
110059
112136
107483
111259
118427
111301
111262
110959
110933
108538
109063
108223
109101
109539
109540
110339
4630267
4630088
110150
106771
106170
106862
110317
106180
112350
107872
107874
110049
107148
118107
117964
118235
118042
117905
145628
145646
218926
145922
106425
145814
4630268
4641200
4630267
4630267
7345713
7345722
145814
145922
145628
218926
118427
9179815
9179816
110339
111301
110933
111204
111541
110959
111259
111262
110317
110317
112350
118042
145646
112136
117905
112579
118107
106641
112392
112579
107729
107730
107487
111738
107312
111143
110264
107577
106777
106180
109953
106425
110264
111143
111738
112392
112579
106622
106641
106545
106223
108639
145779
107638
107474
107319
106862
145779
1087888
106832
106658
106221
106545
106514
106240
107222
107082
106267
106268
107205
107210
106884
108881
108913
108858
108932
110764
110819
108714
108688
110798
108747
110813
110521
107657
107662
108798
107717
112472
108636
108597
108598
112664
108600
108285
108608
108609
110587
111596
108611
108612
109836
109303
109661
111690
112329
110075
107793
107801
111695
110070
109670
107841
107604
108952
109008
111255
108499
109729
108993
109016
107416
108971
109005
108485
109035
110917
110232
109517
108115
109083
111100
110173
111979
108221
109505
109128
109568
109638
4511640
4896549
107554
107553
106162
109380
106803
109406
107045
106862
107291
131149
108261
108262
108751
130155
110055
108269
107465
106559
145653
2621017
10592873
130155
2621017
110173
110521
110232
110232
111100
111100
111100
111100
111690
111255
111255
110813
110764
111596
111979
110917
110587
112329
112664
145653
111695
111500
106628
106629
106366
107082
106308
107084
107201
107202
110770
108906
110766
110478
112419
108375
108414
5305640
5305639
108772
108782
109216
108813
107884
107743
5305358
112610
108578
108596
112657
112733
110553
108286
108608
110581
112738
109832
112712
110589
109815
112266
108620
112534
112293
111611
109253
111615
112116
109296
112313
110031
111721
112341
111926
111237
110076
109877
109697
109904
111730
110077
110103
110105
111252
108985
112795
109919
112805
111837
112825
108493
109009
110885
108498
107411
111264
112162
111846
112166
109930
111304
108153
110961
110977
109490
109031
111008
109520
110236
109503
111441
110245
111415
110360
112044
109621
109574
109542
110420
118291
2620710
4403804
4623614
4760995
4631843
110150
110261
110753
109349
110268
107570
110149
109387
112461
110353
110322
111757
111556
109402
107756
107264
108654
112924
108263
118104
109953
117961
106607
118012
117852
118203
118044
145646
149702
180037
145900
106444
6480697
9404968
10049677
9231236
4631843
7340595
149702
9075444
9075445
9156414
9156415
110236
110236
110245
110360
110553
110360
110770
110261
110261
110261
110420
111237
110885
110885
110753
110753
111304
111252
111415
110478
111611
111615
110322
110766
110766
110977
111926
111721
111556
111837
110581
111264
111846
111441
112116
112266
111730
112293
112293
112461
112162
112293
111441
112419
112610
111008
112805
112712
111757
110589
110589
112534
145646
112341
118291
118291
118044
118203
118203
2620710
118104
118104
112313
112313
856347
216733
622304
111481
106815
106622
106515
106282
107083
110456
108375
112413
112579
112475
108581
108304
110061
112136
107483
118443
112795
110882
107312
107318
111257
107319
111823
111959
111143
110235
111146
111013
111953
110230
109590
2672208
2670794
4501697
4512666
111666
131161
107262
107872
107875
109953
118249
107465
145646
4510032
106425
7350871
7350871
622304
622304
216733
118443
118443
131161
110235
110456
110230
110882
111823
111959
111481
111666
111143
111257
111146
112413
111013
111953
145646
112136
112579
111521
106634
106391
106302
107083
106278
106279
110463
109175
112604
112570
107715
107716
108589
110645
111619
112280
109270
112647
112119
111869
111228
109701
108951
111803
107322
110140
111303
108519
109024
111082
108538
109525
108235
150540
6460296
4631844
107056
112753
109378
108662
112771
109394
111665
106963
107247
111051
106809
112053
106548
149286
106441
8247829
4631844
149286
150540
150540
149286
110463
9286993
110645
111051
111303
111521
111125
111665
111619
112053
111228
111228
112119
112647
112604
112604
112604
112771
112771
112753
112753
112570
149008
106493
106534
107110
107210
106884
107934
108600
108611
108612
108329
109257
111260
118502
109005
108221
109117
107554
107558
107025
107026
107027
109380
106559
149008
111260
4883693
1088003
106677
106699
106822
106622
106641
106545
106512
106513
106628
107225
107082
107238
107083
107084
107085
107102
110760
106936
108893
108898
110478
107982
108377
137749
108429
108375
108768
108794
107912
112584
109432
107745
108800
107898
108801
107716
107729
107730
108581
108304
108272
108596
108605
108639
108297
110662
110558
110559
108301
108302
112643
109302
109304
110045
111204
110061
111724
107636
107800
110096
112330
107483
111728
110118
107831
110119
107487
107488
109925
111259
107540
107394
108183
111301
111262
108184
112847
111779
107325
111785
110959
112206
108187
112175
111835
112845
109032
108534
108538
110235
111112
109063
108221
108223
111380
109091
108111
109539
109540
110401
109604
3214882
3171724
3177217
3177218
4746633
4501697
4883739
4883740
4885592
4885593
873669
110150
110267
110754
107360
107577
108660
107014
112786
110300
112890
112771
112873
106964
106988
107262
112881
107043
107788
106862
110317
107283
106777
109961
112350
107872
107260
131150
107874
110850
108850
107875
107876
112924
108853
110049
107148
107465
118235
117905
118214
107952
145628
145646
149702
218926
148797
145922
1882017
106425
145832
145875
145875
9231323
8176208
6796843
7345713
7345713
148797
149702
149702
149702
9053440
9053440
145922
137749
145628
145628
218926
218926
110235
110401
110300
110267
110850
111301
110662
111301
111112
110754
110558
110760
110959
111204
111779
110478
110959
111380
110559
111259
111262
111262
111262
111835
111835
110317
110317
111724
111262
111728
112206
112206
112350
112873
112330
112771
112643
118214
112175
145646
145646
117905
117905
112881
112845
112890
112890
112847
112847
112584
112786
625832
626055
111546
106822
106545
106480
106388
107083
110474
112385
145785
108554
108567
108846
109825
111622
112080
111169
112316
111193
107486
107488
107542
112807
108182
108480
118509
109516
109624
107359
107014
110300
107781
107782
106595
107951
145839
145839
626055
145785
118509
110300
111193
111546
111622
112080
112080
110474
112316
112807
112385
106837
107231
107210
108902
112472
107731
110640
108598
108609
110684
108611
111877
107793
107489
109008
108499
110917
111434
107554
106965
109380
108549
108269
110917
111434
137746
110473
112372
110465
110834
109200
109201
109204
110731
111869
109894
111246
109891
107539
108469
111333
110361
109631
820896
109773
112352
145859
10338070
145859
820896
137746
110731
110834
111246
110465
111333
110473
112352
112372
106711
106509
107115
112429
108322
112643
109116
107573
106952
106440
145706
112429
112643
626209
134735
219098
932059
945737
111491
111504
106739
106658
106380
106879
107073
107201
110771
110469
108903
108906
110790
107999
108364
112389
108677
108747
145783
108736
112427
109179
107647
107737
108558
108824
109235
108837
107731
112619
108595
110654
109823
110697
112736
111587
112681
112717
111602
110599
108620
109271
112747
112294
109253
110029
112097
109301
111226
111720
112339
109667
110097
109923
109703
112803
110077
112139
111737
108493
108987
107314
107411
109729
108502
111258
108511
111276
109005
110916
108247
110980
110906
110198
111966
110983
109517
109086
109087
108221
111114
110985
110182
110226
110227
108089
109530
110246
110228
109101
109116
109573
110392
109118
109597
109128
109604
109605
109614
2959749
2806208
809122
2812589
2808294
4746633
3191207
4508138
108713
4633469
106852
110248
110156
109349
110548
112768
111661
109768
106970
106961
109380
107033
106850
106851
109404
106853
106854
106855
106856
108549
111362
107783
109652
106775
108464
112351
109462
109463
109953
108751
118146
110056
118259
118176
117968
107964
118040
107969
127905
106547
118238
118037
117874
2620886
803267
106431
145753
145749
9409605
9506541
10049660
9231323
2808294
7345715
145783
809122
626209
945737
127905
127905
145749
145749
134735
134735
134735
219098
9158193
9158194
9089346
9089347
110392
110246
110248
110599
110599
110771
110654
110226
110228
110548
110790
111362
110985
110469
111737
111737
111737
111737
111504
110906
111966
111491
111258
111258
112097
111226
112139
111739
111720
111720
110980
110983
110916
110916
111602
110697
111661
112427
112803
112803
112768
118040
112681
117874
118115
118176
118176
2620886
118259
145768
1087958
2742710
106455
106458
108729
108586
109894
107439
107316
112177
118505
109084
107259
118038
106559
106437
9406658
10049673
145768
145768
112177
1087958
2645421
110761
107655
112261
118378
109300
108983
107534
109011
107326
110990
112044
109538
106605
106592
1269289
118378
1269289
9075444
9075445
110761
112261
111455
106734
106545
107082
108901
110478
137749
110795
108686
110518
108422
108556
108579
112626
108605
145780
112485
110594
108329
112646
109990
111610
112731
109303
111863
112324
111869
112142
111250
111921
111738
110138
112808
109731
112202
110941
111000
108221
110237
110223
108111
109535
109536
109592
109561
109635
2959730
107349
107014
107750
106862
107174
121158
127897
127898
145624
149702
146790
145817
9408683
9986256
10049669
6795859
145780
149702
149702
145817
146790
145817
137749
145624
127897
127898
127898
121158
110237
110518
110594
110223
110223
111250
110795
110941
111610
110478
111921
111000
111738
112142
112202
111863
112646
111455
112324
112808
112646
112626
145795
4471245
110785
108765
108772
108583
110576
108290
112262
111208
136999
111727
108959
108193
108537
111105
108054
107852
111151
118015
136999
9048021
110785
110785
111105
110576
111151
111727
219734
219105
111479
111480
111490
106660
106832
111507
106729
106527
106530
107222
107231
107082
107235
107111
107210
106884
110757
108881
108856
108857
108858
110789
108902
110765
110819
110507
110508
108361
110794
110786
110798
108747
108431
110813
110532
107662
107901
107664
108798
109443
107701
108839
112607
112470
107717
108838
108636
108597
108598
112664
108600
111577
108298
112486
110689
108611
108612
109836
109271
111628
111609
108332
110034
112278
110022
112312
112087
118385
110059
109661
111185
109870
112141
109871
111876
111188
111879
110070
110099
107484
109670
107840
111919
109710
107489
109727
107494
118427
107533
109008
107544
111255
111256
108993
108994
107416
108502
111781
111782
108971
109004
107325
112836
110894
109005
108485
108206
108492
109031
110904
110918
109517
109083
111100
110926
109525
109505
110224
109091
110188
109509
109079
109590
110432
110418
109131
118335
2804674
110339
2809763
4511150
4752098
802771
4896549
107554
107064
107551
106968
107553
112850
118057
118059
107025
109380
112781
106761
106803
106808
107783
107264
107045
1741
106862
107291
118456
131149
130149
112356
108266
108269
107465
121163
107167
118025
118240
117869
117871
106559
142896
142901
145824
145706
803268
9231325
2804674
802771
219105
219105
145824
121163
142901
142896
1741
219734
118427
118456
130149
803268
110188
110507
110339
110224
110532
110418
110926
110786
111100
110789
111185
111188
111188
110794
110894
111479
111480
110757
110757
111609
110689
111255
111255
111256
111781
111919
110813
111507
110765
111490
111577
110432
112141
112312
110918
112356
112664
112607
112607
112278
117869
112850
118335
117871
117871
112781
112836
111628
111628
134921
1087946
106819
108860
106884
109186
107701
109236
107731
108307
110554
112259
137001
112324
111198
111891
110075
107809
111745
118401
107607
108985
111254
108169
109729
111002
109116
109635
110331
107554
110168
108661
106792
118052
107045
112904
107447
108266
117957
118136
118198
127899
118401
118401
118401
127899
127899
127899
137001
110168
110554
111198
111254
111198
111745
112259
111002
112259
112324
118052
118136
118136
112904
118198
1087946
1087946
213842
145795
1088038
111542
106729
106881
106936
108945
112387
108429
110828
108765
112441
108743
108772
112573
108843
108605
108302
110590
111617
111688
111170
112074
111208
111228
111725
107795
109717
109905
110143
107543
110138
110857
112808
111779
111303
108480
108187
111343
108490
112845
111330
111433
108221
108231
111029
109094
111046
110382
109624
109540
109360
109773
109761
110256
107066
107361
107364
106956
112771
106962
111552
112773
111050
107264
111763
110315
117187
108462
107260
107874
107877
117982
118015
112056
112061
117873
106591
145122
2621078
146980
145734
7343474
146980
213842
145122
145734
145734
9048021
9135780
9135781
110256
110828
110382
111029
111046
111050
111170
110857
111343
111303
111779
111779
111330
111433
111552
111617
111228
112056
112061
110315
111725
111725
112074
111688
111763
112771
112771
110590
112441
112808
112808
112808
112773
117873
112845
112387
112573
112573
111542
1520894
1520443
134743
625711
2654533
2654756
219097
4876196
4883693
1087959
1087955
111504
106672
106673
106674
106675
106677
106683
106689
106690
111546
106822
106622
106641
106634
107082
107241
107083
107084
107115
106881
106935
108860
110506
112390
108720
107978
108412
145785
108417
108427
108794
108811
108785
112566
109442
112557
108554
107741
109438
108567
108570
108551
108585
108846
1101273
108309
108312
108605
108281
109825
108341
110662
108301
112515
108302
110589
111625
108329
109819
110613
112080
112311
111169
112088
109309
109310
111170
111894
110032
112074
112316
136998
111233
111724
110065
109851
111193
109717
118417
107824
107484
107487
107488
107439
107481
107369
107540
107542
107544
108182
118492
112157
107408
111811
111812
112808
111302
107423
107325
108480
112168
110875
107337
107342
108187
112201
118507
108490
112845
112247
110933
109043
110914
111099
110213
111112
110984
108137
108138
108221
111017
109070
111134
110372
108100
108111
109516
109133
118298
109624
118299
1157132
109643
118332
118328
799988
3007018
2620704
2620703
3189871
4403796
4403801
4594419
4236644
3171724
3177217
3177218
4746633
3212620
3211607
4883739
4883740
4885592
4885593
1723
110249
112764
107056
107348
107352
110256
109352
107066
107359
112868
107588
107014
110300
112890
112872
112771
108048
111552
111356
106988
118048
107754
106803
111051
107781
107782
111560
112898
106861
106810
106862
109414
111750
109416
108462
107198
118071
107260
118131
107875
112924
109157
106650
118106
107148
118189
106581
106582
106583
106584
106586
106587
106588
106589
106590
145631
149702
145633
142897
142886
2620998
2621000
2621006
2621008
2621011
146982
620671
1087852
1087856
1087854
145755
856791
145860
145832
9231323
3212620
3211607
3189871
6796080
7350294
7345716
7345716
145759
145797
134737
625711
1087955
106679
106691
106721
106821
106641
107084
106881
106885
108860
112387
110785
108023
112394
108429
107978
108763
108414
108765
108417
109196
108772
108794
107651
112573
112477
109224
109438
108843
108800
109439
107715
107730
108605
108639
110581
108297
110662
108302
109265
110692
108625
110693
109253
109309
109660
112316
111235
110093
111880
107795
111726
112322
109717
111727
111728
107840
110143
110138
112847
108474
108480
112206
112207
108187
118478
108491
112845
112205
111393
111012
108138
108139
111029
109094
110360
111046
109623
110382
109540
110337
4763596
109761
107066
112771
106962
111552
107753
107757
111051
109648
107264
109653
108465
107305
107260
108761
107874
107875
107877
109475
107465
106606
106591
117879
145635
145872
145729
1639091
9408683
10049669
4763596
625711
145729
145729
145759
118478
134737
110337
110360
110382
111029
111046
111051
110785
110662
110662
110692
111552
111235
111235
111393
110581
110692
110693
111726
112205
112205
112205
111727
111727
111727
111728
112206
112206
112316
111012
112771
112322
112394
112845
112845
112847
112847
112387
112573
112573
1087955
1639091
106625
134748
112566
109905
111798
107336
108137
107359
106862
106599
218925
7345714
218925
134748
112566
109678
110879
106580
110879
110879
106661
106729
107082
107242
107087
107217
106881
108855
110791
108714
110485
110517
107663
108810
107702
108839
107886
107680
112478
109823
110638
108281
110661
110705
108329
117846
109896
107797
111216
112330
109923
109670
107841
110146
107402
109013
108994
108978
108979
108527
108115
108221
109528
110380
109542
109592
2804671
2812209
108713
112766
106950
106952
109768
112786
106966
110312
112883
107197
107869
109952
117861
106609
118239
117927
142894
142894
110638
110380
110380
110661
110791
110312
110485
112766
117861
110705
112330
117846
117846
112883
112786
106670
106719
106646
112424
108417
112573
108800
110662
108302
110692
108625
112325
111899
107795
111726
111706
109717
109699
110121
110143
108182
108509
111271
112206
111086
111089
112845
108245
111330
111393
110920
111017
111029
111046
110382
110447
6454238
4757658
109059
112773
109648
111763
108761
107874
108452
117893
118015
117879
145122
149287
9408683
10049669
149287
145122
9053164
9287807
110447
9287454
110360
110382
111029
111046
111046
110662
110662
111086
110692
111706
111330
111393
111271
111726
111726
110920
111763
112206
112424
111017
112773
112773
112845
117893
117893
112573
112573
112325
134725
111546
106822
107083
110474
112385
145785
108416
112566
108554
108567
108846
109825
108301
112080
111169
111193
107484
107486
107542
108182
108184
108480
108531
118509
108122
108137
108138
109624
107359
107014
110300
112450
111051
107782
107875
145839
145839
145785
145785
118509
110300
111051
111193
111546
112080
110474
112450
112566
112385
107083
108920
108923
108768
109433
107745
108304
109264
109311
110061
107483
110118
107318
111257
107319
109001
108516
111143
109084
109146
118309
109653
110317
107875
110049
111143
111257
110317
118309
111542
106864
106877
106881
108429
112410
107648
112566
107694
108800
111614
118380
111214
109905
107439
110858
112847
107318
107319
107419
110890
107336
108137
108139
109063
108231
799989
110264
107569
108150
107359
106967
107588
107261
106761
106862
111364
107260
131154
145888
131154
118380
110264
110858
111364
110890
111214
111214
112566
112847
111542
111614
106943
108911
110460
110484
110136
108166
118122
145851
145851
118122
4883694
106677
106699
106815
107225
107084
107102
106865
106877
106936
108377
109186
107745
108800
107718
107729
107730
108304
108297
110558
109302
110045
109893
110061
107625
109874
110096
107483
110100
110127
112795
108183
108995
111823
110959
108187
108538
110235
111397
4742386
110754
109352
107014
106962
106964
131161
107043
106862
106777
109961
107872
107875
118103
107876
131146
118180
118030
117936
145628
145646
149702
145654
858288
9231313
149702
149702
145628
131161
145654
110235
110754
110558
110959
111823
110959
111397
145646
108818
122254
108330
110720
110028
109018
108547
112199
109542
2810526
106848
130141
122254
122254
108818
108330
110028
109018
112199
111434
109542
2810526
106848
111434
149008
2651116
205789
219735
4900455
4900456
1087950
4957281
111458
111479
111490
111517
106832
107222
107082
106879
106877
106935
108921
108924
108858
108361
110794
108714
108384
110798
108444
108034
110846
109207
107904
107669
108798
109443
108839
112470
107900
107717
112472
108838
110561
108275
108276
108277
108597
111577
112633
109831
108610
108302
111596
112638
145777
110689
108611
110743
109836
109271
111628
109837
112647
109284
112307
112312
118380
111164
110059
111175
111226
109661
109681
109870
112329
112141
109871
109876
112134
111707
112330
109921
110099
107484
111245
111719
110131
110133
109727
111946
107494
118427
107536
109008
108180
108989
109729
109730
109939
108970
107325
112836
110915
110992
110904
110996
110917
112011
109517
111370
111432
111100
109088
108146
109089
112027
109090
111117
109525
109505
109091
110188
109079
110395
109120
109638
109616
118335
150544
2804674
110339
2654278
4511150
4681446
802971
4591646
4897042
107064
109354
109355
109356
107551
112774
107014
112786
109388
118057
107599
108049
112773
109380
110292
109401
110309
110311
118061
109406
107783
111248
1741
106862
107010
107301
131149
118097
130162
107187
108848
107188
108266
107162
107163
121163
117960
107168
121170
107962
118026
107970
118208
127886
127918
117921
117924
145630
219511
2621077
219616
145706
803268
803270
6619002
9409607
9431584
10049662
10314190
9231185
2804674
7345718
7345722
145777
150544
205789
205789
7345722
121163
130162
149008
130162
121170
145630
1741
1741
118427
118427
219616
118380
127918
2621077
803268
803268
803268
803270
9041947
110395
110292
110339
110188
110846
110743
110309
111100
111175
111245
111248
111248
110794
110311
111479
111479
110689
111707
111370
110904
112027
111490
111490
111490
111490
111577
111432
110561
110561
110996
111596
111596
111226
111719
110915
110992
112141
112141
110917
110917
111164
112307
112312
111164
111517
112011
112011
112647
112329
111458
112470
111946
111946
112330
118097
112134
112773
112774
112774
112633
112633
112638
112638
112638
112786
118208
1087950
1087950
1087950
111628
111628
107084
107102
106922
107982
108377
107745
112475
110559
110612
109302
112067
107487
108183
108967
108995
109537
111423
109579
4512666
110754
107875
107465
145669
4510032
145669
145669
110612
110754
111423
110559
112067
111503
108763
112423
107734
108800
112641
109823
112669
110673
112643
112291
109272
110718
110031
109919
110878
109036
111094
111949
111008
109520
118316
118318
118323
112748
110753
106992
111362
109448
6619822
118323
118323
110718
110878
111362
110753
111094
111503
111503
112291
112641
111008
112643
112669
112669
118316
111949
111949
111949
118318
112423
112291
112291
625832
626055
1379716
4883693
1087720
111546
110474
110475
112385
110809
145785
112573
112566
107736
108554
108585
108846
108605
111622
110613
112732
112080
111614
111204
112100
112127
111193
111726
111214
118417
107486
107312
108182
107318
107419
111344
108231
110372
109624
2510431
2522121
4883739
4883740
4885592
4885593
1723
110254
107070
110300
131158
112773
107753
111051
112452
145873
145880
145873
1723
145785
626055
145785
118417
110254
110300
110300
110300
110300
110613
111051
111344
111193
110809
111204
110474
110475
111546
111546
111214
112100
111622
111622
112080
111726
111726
110474
112127
112127
112773
112452
112452
112566
112573
112385
112385
112573
111614
107087
107200
107123
110823
108370
110520
111621
109262
110716
111608
110041
109862
110086
111915
109025
110897
111438
111412
111006
109119
109616
107150
110520
110823
110897
111621
111006
111006
148483
219734
1087895
1087950
107231
107082
107089
106869
107111
107210
110794
109184
112557
112472
108838
108581
108595
108636
108598
110661
108609
108611
108329
107483
110099
111919
107604
111923
107489
108985
107533
108499
109016
107325
108546
108492
109035
111094
111434
109531
107553
107025
109380
107033
109405
108262
108263
107147
108266
108269
118012
802792
6796841
148483
802792
219734
110661
110794
111094
111919
111434
112557
1087895
1087950
111923
110780
109239
112601
112528
111213
109900
111941
110996
110229
109135
109630
2801433
107023
117859
110229
110229
110780
111213
111213
110996
111941
111941
112528
112601
117859
134735
134921
931614
107220
107222
107082
107094
107073
107077
106895
106896
108881
106931
108859
108902
110469
110790
108363
107999
110510
108364
108365
108745
108746
108697
108747
108719
108437
112414
112427
108773
109179
107647
108781
107901
107917
107896
107897
108825
108826
107715
108827
108828
108837
112683
108593
109823
112629
145774
112736
109798
112636
112743
110742
109818
110023
109297
110075
110066
109667
107825
118395
110077
107846
109912
109710
111737
112824
108168
107314
108992
109729
108993
108470
108971
107328
107330
108485
108529
108190
108194
110980
110983
109083
112221
109504
108221
108227
108076
110246
109102
108112
109127
109597
109131
109614
118335
110333
110339
2788983
799993
4397056
2521730
2521732
2521763
2521883
2522123
4800350
3195997
3191207
4508138
4510531
4633469
109053
107571
109352
112768
107548
107359
107362
106970
106957
108661
109418
106961
109380
107033
106989
106851
112450
107783
107197
107256
107257
112905
107448
107449
108449
109950
108453
108751
130158
107170
118129
118141
117968
118027
118040
127905
107971
107975
118037
145627
142896
145901
137564
145909
145813
9506541
2788983
145901
145813
145909
145909
931614
9198234
9198235
9259216
145774
127905
127905
134735
134735
134735
134735
134735
134735
137564
145627
118395
118395
799993
137564
142896
130158
9158193
9158194
110333
110339
110246
110510
110246
110246
110742
110742
110742
110790
110469
110469
110469
111737
111737
111737
110980
110980
110980
110980
110983
110983
112427
112414
112768
118040
118040
112221
112905
112450
112450
118335
112629
118141
112636
118129
4879558
111542
107082
108882
112382
110474
108378
108429
108442
108033
108416
109429
107686
108798
112566
109442
108790
112557
112464
107738
108551
108579
108272
108605
108335
108281
108299
108611
108329
109819
110038
111614
137002
112123
118380
107608
109893
109683
111878
112322
111214
111933
107483
111728
111745
107487
107607
111260
107439
107526
111249
111798
112831
112832
107314
112847
111779
107337
108541
108542
108187
108531
108220
109491
108238
108538
109522
108137
108139
109063
108221
111105
108111
109133
110426
109130
4746633
1734
107359
107360
107014
112872
109423
107261
107262
107038
107043
108650
110315
107197
109148
111364
107872
107260
107875
112924
107148
112360
136990
121146
107173
118242
127891
127927
107951
149702
6480696
6480695
7686272
9231323
149702
149702
1734
137002
118380
127927
127927
136990
127927
121146
121146
9041783
111105
111249
110426
111364
111364
111779
111779
111214
111260
111745
111933
110315
110315
111728
110474
112123
112123
112872
112557
112464
112360
112322
112566
112382
112847
112831
111542
111614
1087666
111541
108882
110474
110821
110832
109429
109442
112464
109432
107738
107739
108596
108335
108299
108302
108303
108329
110038
109292
111204
112123
107608
111214
107483
107486
107607
111260
107439
112847
107337
108541
108187
108238
108538
109046
111110
109522
110216
109063
110426
109130
4630267
4630088
109374
110298
107014
109400
107038
108650
111766
111364
107148
112360
107173
118168
118242
127891
127927
4630268
4641200
4630267
127927
110216
110298
110821
110821
110821
110832
111110
110426
111364
111204
111541
111214
111214
111260
110474
112123
112123
112464
112360
112847
111546
145785
108743
107650
107913
109442
107694
107736
108554
107893
108800
108846
112634
110662
108303
111614
111615
137003
109336
112127
111193
111214
109717
107486
107526
112847
107318
111779
107340
111112
109063
110179
111105
109624
109757
108148
112890
118059
107753
107261
107262
111364
107260
107875
117863
218926
145888
147529
145832
6796082
7345713
145785
9053440
9053440
147529
137003
218926
118380
110662
111105
111364
111112
111193
111193
111193
111779
111546
111615
111214
112127
117863
112890
112847
112634
111614
111614
107938
108330
110028
2810526
205606
134724
107082
107083
107209
108378
108684
108718
108720
108416
107686
107668
107913
108790
108554
107741
108567
112590
108800
107684
6238238
6244456
112488
6244457
112489
112678
111625
108329
111613
111864
111865
109309
109310
110032
107610
109893
110087
111928
107817
112330
112146
107486
107439
107481
107369
107540
109008
107394
108182
107413
107322
112165
108506
111822
108974
109024
108187
108531
108189
108220
108538
108221
109097
108110
108111
109133
118300
110324
2959736
108349
111681
109148
108751
107964
107951
107952
149702
219509
145853
798255
145832
9409093
10049665
7342459
7342459
7345720
149702
149702
9053440
219509
145853
2959736
2959736
798255
134724
111822
111822
111613
111625
111625
111928
111928
111681
112146
112165
111864
111865
112330
112678
112590
118300
112489
4469603
4876196
4883693
108860
108898
107995
108406
110811
109196
108794
109181
107921
107736
112477
107741
107745
108800
107715
107729
108585
108304
108309
108297
112634
110662
108301
108302
108303
122265
109970
109302
110059
117841
107636
111741
107817
109699
107484
107488
111262
112847
112184
108480
111785
108519
110959
112206
107342
109027
108490
110213
108122
111112
109084
108138
108139
109063
109539
109624
109540
109121
3171724
3177217
3177218
4883739
4883740
4885592
4885593
110754
108660
112890
110302
111355
107754
107263
107781
107788
108757
107872
107260
107874
107875
110049
107148
107975
107949
218926
145832
7345713
7345713
9053440
9053440
218926
218926
110662
111355
111355
111112
110754
110811
110754
110959
111741
111262
111262
112184
112206
112890
112890
112847
112634
108002
108302
107608
107607
108541
109539
107173
136990
110298
111260
112360
112360
108370
110041
109862
107628
107367
109025
111673
111673
111673
108906
108369
108373
110521
107656
107901
110554
109805
110733
118363
109271
110034
111695
110076
112144
112805
108501
108971
108485
108153
111015
108221
118286
110339
108713
110248
109053
109768
107264
108654
118098
109954
108751
118140
127908
117935
107955
127908
110339
110554
110248
110521
110733
110733
112144
112805
112805
111015
112805
118286
118140
111695
149008
108902
110798
112472
108600
108609
108611
107533
108499
109005
110918
109517
109090
109091
109079
110333
107554
108549
108261
108269
118012
149008
110333
110918
110791
108804
108636
110638
110661
112634
112643
111607
112103
111244
111081
110215
111434
111133
111683
9286992
110638
111244
110661
110791
110791
111607
111133
111683
111683
111683
112103
111434
112643
112634
111490
110757
108857
110765
110509
112398
109207
108798
109443
112607
108322
112736
110689
108611
109836
109837
108334
110059
109661
109876
109921
118437
108515
112169
112203
109080
110917
109088
109090
109091
109079
118335
6454239
802771
109356
118057
109380
110311
111248
111063
118456
130162
117921
802771
130162
118456
110509
110311
111063
111248
110757
110689
110689
111490
110765
110917
112203
112607
112169
118335
134743
134732
931614
110458
110793
108781
107901
108304
108640
109810
118363
110042
118407
107846
108165
112824
108988
112176
109729
109930
108153
108189
110881
109498
108115
109520
108221
110380
118286
118316
109610
118323
110327
110338
110248
109418
109380
112896
108654
108465
131149
108751
118140
127888
117874
127926
117944
149702
145856
149702
931614
145856
7356240
134732
118323
118407
127926
127926
127926
127926
134743
110338
110338
110458
110248
110248
110248
110380
110881
110793
118316
118286
117874
118140
112176
112176
216733
1087666
111509
110474
108377
112381
108709
108710
108375
110504
110832
112464
108554
109432
108801
112478
108335
110612
109292
137003
109312
111173
112123
118405
110075
111214
109905
107486
107487
107607
108183
112191
108995
107337
112175
110191
110908
111110
109522
111397
112219
109063
109069
111380
109635
6447544
6448774
3216497
4633470
873669
108650
111364
112360
136990
107465
118242
145669
145852
858288
9231242
216733
216733
145852
145669
145669
137003
118405
118405
1087666
110191
110612
110612
110832
110832
111173
111173
111364
111110
111364
110908
111214
111380
111509
111509
111397
110474
112123
112123
112464
112464
112175
112360
112219
112219
112381
109682
110087
1269289
110381
110790
111193
111128
112052
620566
107710
110855
111017
7350293
620566
110855
111017
111017
2783506
110780
109900
112167
110229
109630
4509418
1740
110297
112354
112066
2783506
1740
110229
110229
110780
112167
108364
108697
108027
107647
108825
109798
109255
108076
622304
623242
4883694
108893
108894
134746
112382
108377
110464
108811
107913
109432
109433
108800
107898
107729
112475
108304
110559
108301
110045
137003
111173
118405
110061
109874
107636
110096
109876
111214
109717
107483
107831
109905
107487
111943
109714
112795
112823
108183
111301
108184
111257
108967
108995
110890
108187
110979
110901
110235
109522
111146
109504
109069
109537
109146
109540
2801435
3189871
2680439
109755
109352
131161
112448
108650
107874
107875
109953
145669
858288
3189871
7350871
622304
623242
145669
137003
118405
118405
131161
134746
110235
111301
111173
110464
110890
110901
111214
111257
110559
111146
110979
111943
112448
112382
112823
111481
111509
108920
108377
108379
108696
108375
109432
107739
107729
107730
108581
108304
108596
109860
110061
109876
110127
118427
111262
109729
108966
109020
110959
108187
111835
111143
109522
109584
4512666
109361
110158
109352
107872
107875
107876
110049
109457
4510032
118427
110158
110158
111481
110959
111143
111262
111835
111835
111509
111262
802401
625832
625833
134725
626055
1087666
111546
110474
112385
108709
108710
108375
145785
108794
109186
109442
112464
107736
108554
109432
107890
108800
108570
108846
108335
108301
108303
111622
108329
111645
112080
111614
109292
111204
112123
112127
111233
107636
107638
111193
109693
111214
112136
109699
111259
110132
107517
108182
112156
111779
111822
108480
112168
112206
108187
108194
110191
110933
110196
111110
111112
109522
109063
111134
110371
110372
110230
109624
2641855
802772
1723
109757
108148
109352
109764
110300
112890
131158
111353
107875
136990
107952
145873
145880
620671
7350294
7350294
145873
1723
145785
626055
802772
625833
625833
620671
620671
9231390
145785
145785
136990
1087666
110191
110300
110300
110371
110371
110230
111353
110933
111110
111112
111193
111193
111822
111204
111204
111204
111779
111546
111214
111134
111622
111214
111259
111233
112080
111645
112156
110474
112206
112206
112123
112123
112127
112464
112168
112464
112807
112136
112890
112385
111614
108902
108722
108711
112425
107732
112643
109287
107615
109725
108495
108478
110880
111008
110927
112044
109413
118104
112051
145701
145701
145701
9075444
9075445
110927
110880
112051
111008
112643
112425
118104
108897
110744
117779
111912
111958
111988
110438
112787
148798
6796842
6796842
148798
148798
110744
110744
111988
110438
111958
112787
112425
107683
107732
110747
110215
2679835
112051
145701
8168053
145701
145701
110747
112051
112425
112425
108765
108772
142877
142877
108793
108554
107745
107890
108846
108639
110667
108329
110731
109860
111180
109683
111928
109693
109694
110119
111717
110132
109935
108182
108970
108189
110371
110382
109624
110326
4512052
4792659
109757
109764
112771
110317
108760
107872
109953
112360
620671
7350294
7350294
620671
620671
110371
110382
110382
110731
110667
110667
111180
111717
111928
110317
112771
112360
108017
145782
112426
107886
111858
111859
112086
111915
108983
109041
111412
110990
109538
136991
130139
118173
117852
145782
130139
130139
136991
111859
112426
219734
108878
108855
108937
110794
108688
112417
107978
109214
108839
107709
108841
107678
108800
107898
107900
107730
108838
112481
108636
112489
110676
118369
112309
109291
137005
109865
111877
112319
112142
109670
107841
109679
110145
118496
109939
112195
118503
108530
110992
109084
108136
109505
111985
112240
109529
110432
110434
109642
2804674
4632237
109751
112774
108047
110309
118061
111754
118147
118176
145882
9409607
4632237
2804674
145882
118496
137005
137005
219734
219734
219734
118369
118369
118503
110309
110794
110794
110676
110432
110432
110434
110992
112142
112142
112195
111985
112309
112417
112240
111754
111754
112319
112319
118147
118147
112774
118176
112489
145795
107978
108765
108772
109191
107730
108290
112262
136999
111726
110878
108193
110187
112044
111552
107759
108548
109413
107877
117942
142877
10373795
136999
142877
9075444
9075445
110187
110878
111552
111726
134743
4883693
108860
112386
107995
108378
108684
108429
108026
108416
108794
109181
112553
107901
108790
107890
112570
108567
108843
107939
108569
108589
108605
112659
108281
108301
112485
108303
109814
112720
109265
108329
118381
112298
109965
109310
109313
136995
110032
136996
111869
109893
109670
111250
118397
111735
108496
108185
112808
110140
109946
111303
111286
112206
108187
108531
108189
111328
108538
108539
112215
111951
110175
108221
109525
109526
111415
109096
110246
108111
118274
109133
118298
110339
2812209
4746633
3211607
802770
4883739
4883740
4374572
4885592
4885593
110249
112764
108148
112753
112868
112786
108662
111662
110302
109394
111665
107754
111558
111759
118053
107788
111067
109414
111750
109148
109964
107875
112924
109157
112358
108751
110057
121164
121165
118188
107951
149702
903985
8509973
9954582
9986257
4374572
9231323
3211607
149702
149702
149702
149702
802770
903985
136995
136996
121164
121165
136996
118381
118381
134743
9045565
110175
110339
110246
9286420
110249
111250
111250
111303
111415
111328
111662
111662
111665
111735
111558
111750
112206
112659
112868
112298
112553
111951
111759
112753
112358
118274
112764
112808
117899
118053
118053
118188
112570
112386
112786
118298
118298
108860
107995
108378
108368
108794
107939
108303
108611
109300
111893
110075
108187
108538
108232
109095
109096
112045
109248
111662
107754
118053
107788
107875
117872
146981
6796081
146981
9135777
9135777
9135777
9135776
9135777
9135776
9135776
9135776
111662
112045
118053
117872
117872
108798
112684
108591
108592
108597
108598
109861
109862
112304
110245
108093
109119
4630087
110292
110309
110292
110292
110245
110309
112304
107993
108019
108369
108024
108844
107731
108587
108316
108317
108318
108319
112718
112520
107827
111746
109723
110142
112176
109930
110141
111827
109027
109519
110176
109068
109102
110338
145702
108057
108058
111669
112782
107783
108851
108453
117944
107950
9410338
10049657
145702
145702
145702
145702
110176
110338
111669
111669
111746
111746
112520
112520
112782
112782
112782
112782
112176
111827
111827
623144
217703
216733
820749
2654534
4867542
4874693
4894054
111509
108893
108894
108898
112384
108377
108004
108714
112392
110534
108709
110498
110501
108710
108375
109186
107912
112579
108800
108801
108571
112475
108845
108581
108304
112631
108297
110558
112257
110559
108301
111600
109817
110607
109304
109860
110045
109311
111198
109312
112095
109866
111204
118405
110075
109686
110096
118391
110118
109905
109675
110127
110128
111259
110132
109714
111252
110143
111249
111301
110867
111262
108184
118449
109729
109017
108995
110890
111280
111282
110973
110959
111294
111834
110979
110901
109031
111143
109522
111397
111013
112219
109063
108223
111378
110926
111380
112239
111382
108099
109537
110377
111020
111022
109539
118277
109540
109541
109592
109635
118326
110326
110336
118352
118354
110339
2760668
2795278
2620702
3214882
2641101
2670795
4512666
108713
4742386
4894406
4894407
873669
2157
1734
1736
111851
109751
110264
110158
109352
112459
112873
109402
108650
111148
112454
118086
118066
112350
107872
109156
118103
112924
109953
136990
118468
118250
118474
137742
121153
117859
118030
117905
127919
127896
145646
145640
182990
218925
145912
145922
145887
4510032
145712
145852
858288
9231313
9231313
8176208
2654534
2760668
2795278
2795278
7341398
7344719
7344719
7345714
1734
1736
182990
217703
217703
216733
623144
820749
820749
145852
145922
145887
9189388
9189387
137742
137742
118326
118326
218925
118391
118405
118405
118474
118449
136990
136990
136990
121153
2620702
2620702
9136098
9136097
110158
110158
110158
110336
110336
110498
110501
110339
110607
110377
110534
110534
110867
110264
110264
110264
110926
110926
111294
111294
111301
111301
111301
111301
111249
110890
110558
110559
110890
110890
111198
111252
110901
111204
110959
111378
111378
111378
111380
111143
110559
110973
110979
111148
111148
111382
111382
111259
111259
111262
111834
111509
111509
111397
110979
110979
111600
111600
112257
111280
111851
111397
112350
111013
111013
112095
112239
112239
112873
118086
118086
112873
112219
112219
118277
118277
145646
117859
117905
112384
112384
112392
111022
112454
112459
112579
112579
111020
111020
112631
112631
219731
4460853
4460854
219097
111492
108878
108893
108894
134746
108377
108004
112389
110824
112392
107978
109196
109221
108801
107900
108571
110660
110559
110670
110014
109859
110096
110127
109012
111301
111262
111302
108475
110890
109007
110973
110959
111298
111835
111384
111378
110926
111982
110228
110230
111020
110231
118277
118324
2810524
4460811
2811846
109751
110264
110158
112873
118086
131150
118250
118176
107969
118012
118013
2620876
7345716
7345723
219097
134746
110158
110824
110228
110230
110231
110264
110264
110926
111298
111301
110660
111302
110890
110890
110670
110670
110959
111378
110559
111982
110973
111384
111262
111835
111492
111835
118086
112873
118277
118277
112392
118176
118176
111020
111020
111470
111513
110821
110484
107895
107938
109823
108279
110708
109287
112098
109680
110101
110856
111777
110887
108479
109076
109586
109604
110752
109763
110053
117894
110708
110821
110856
110752
111777
112098
111513
111513
110516
108763
109178
107901
108326
112643
109259
118363
110718
111932
110881
109118
118318
799995
809122
112768
112853
130143
117927
146552
803267
145706
9406660
10049675
809122
146552
799995
799995
799995
110516
110718
110420
110881
111932
112768
112643
118318
4764770
111464
111488
111505
111506
108862
108863
108380
108381
108369
108839
110697
108285
110587
111617
112271
111924
109722
112138
112331
108165
112194
110189
109496
108135
111014
111113
111003
110355
110400
110333
799993
2681317
109251
109418
111561
112887
108757
108851
108852
118146
121168
117967
9231239
4764770
121168
799993
110333
110400
110189
110189
110355
110355
111113
111488
111505
111506
111506
111924
111617
112138
112194
111561
111003
111003
110697
111464
111464
111464
111464
111944
112271
110587
111014
117967
117967
112138
112331
112887
108883
110458
110547
108373
108418
108772
108775
107901
109215
1999571
108324
110581
109266
110033
110021
110076
109882
111939
110077
109707
110130
110134
108493
108987
109010
108989
108498
111297
108113
108115
108118
111952
108223
108100
110333
109250
110753
110322
111360
108548
108550
108849
127885
117912
127921
127921
110333
110458
110547
111297
110753
110322
110581
111939
111952
145805
134743
111495
110782
110461
108017
145782
108369
108727
108734
108781
112696
110654
112254
110701
110707
109254
112296
109861
112313
111926
111237
111883
110076
109857
112144
107825
110077
110103
110112
112805
108493
110885
109004
109930
108153
110881
108221
112044
109509
109513
110338
4594418
4738312
108654
108851
110056
109455
117944
142881
145806
4639918
9410338
9410787
10049656
10049657
4594418
145782
142881
134743
9075445
9075444
110338
110461
110461
110461
110707
110654
110782
110782
110782
111237
110881
110885
111926
111495
112144
110701
112296
112296
112805
112313
112313
111515
108877
108420
108809
108590
110686
109331
109867
112819
108235
109560
3205025
108148
112780
107873
8176191
110686
111515
111515
112780
112780
112819
622304
1087826
108858
108898
107987
110794
108689
108700
108710
109433
108832
108581
108589
110561
108304
108313
108596
108610
109816
111629
109302
109860
109876
111301
111262
111257
110959
109033
109491
111146
111013
111375
109539
109624
109540
2675750
3217332
3217528
3217529
110289
112856
110317
108760
111364
108255
108749
108850
109953
118235
107977
117923
3217332
7350871
7350871
622304
622304
111301
110794
111364
110959
111375
111257
111257
110561
111146
111629
111262
111262
110317
111013
111497
108012
112558
108346
111621
112306
110041
112073
112140
111874
112341
111251
108160
112211
108222
109616
108052
1753
117857
111251
111621
112140
111497
112306
112211
112211
112211
112341
112073
134743
111484
111507
108856
108927
108859
108714
108369
108400
108403
108747
108410
108373
110521
108412
108418
108734
108422
108739
108793
108781
108810
108800
112472
112481
108636
108322
108606
108341
108608
108609
109805
112643
110733
110734
110742
108329
109271
110034
109291
111198
111688
109868
110075
111695
110098
111733
109710
108498
110957
109013
108992
109729
108993
108501
108971
109004
109747
108980
108485
108489
108194
112216
108113
109517
108115
109083
111952
110925
108221
109065
108223
110246
108100
109515
118286
109128
109647
110333
110339
108713
108069
109768
108075
112786
109399
112899
108655
108466
118111
109463
109954
108751
107971
117935
145706
134743
134743
110333
110333
110339
110246
110246
110521
110521
110733
110733
110925
110733
110734
110925
110742
110742
110742
111198
111484
111507
112030
111688
111733
112643
112216
111952
118111
118286
118286
112786
112899
111695
111695
108860
108767
109224
108595
108280
112643
110205
109077
109144
4510624
108053
110315
109414
108465
118033
4510028
110315
112643
145790
1999653
108895
110823
108384
109194
108329
109871
109898
109727
118491
110865
108532
110943
109505
111006
109123
112774
130162
121163
118025
118167
145790
121163
130162
118491
110823
110865
110943
111006
112774
118167
205788
1087946
111537
108860
110473
110777
112372
110824
145784
108413
110842
108427
108793
109200
108794
112432
108567
108569
122251
145775
110662
110585
109806
110670
112259
112643
110590
111602
108329
111614
110731
117832
109313
112303
118380
111207
111236
111194
111931
109694
109695
109677
109891
109928
111253
112155
108182
111270
108214
108187
108162
109042
110911
111430
110941
111112
110237
111440
109526
109093
110361
108112
109516
110428
4325538
2771247
109767
110748
108660
111664
110307
109395
111355
112450
118052
109956
112922
117954
112928
118243
218927
145832
8176259
7345712
7342461
145784
9053440
9053440
9054020
205788
218927
118380
122251
122251
122251
9135776
9135777
110237
110237
110307
110824
110824
110731
110777
110777
110842
110748
110748
110748
110662
110670
111355
110941
110428
111112
111253
111253
111253
9135776
9135777
111537
111207
111664
110911
111430
111931
112303
111602
111602
111602
112259
111236
111270
111440
112155
110473
110473
112432
110585
112372
112643
110590
112450
118052
1087946
1087946
1087946
111194
111614
1087946
111541
108930
108933
108946
108947
108860
108900
110473
110465
110824
108690
108399
108374
108729
108424
109170
108793
109200
108794
112432
108830
108584
108281
109258
111606
110714
110728
110731
109865
109892
109893
111194
111250
109928
112155
108469
108518
112206
108187
111088
109038
111384
109042
108538
109522
108221
109526
108233
112044
110361
110375
108111
108112
110414
4630267
4630088
109773
109368
110754
109374
109359
108660
110307
109395
111151
112924
117954
112368
118176
118013
149702
145810
145859
4630268
4641200
4630267
4630267
4630267
4630267
145859
149702
149702
149702
9075444
9075445
110307
110375
110714
110824
110728
110731
110465
110465
111088
111250
110754
111606
110473
111541
111384
111151
111606
111606
112155
112432
112432
112206
112368
118176
1087946
111194
108971
108485
1087961
110758
110485
112741
112681
109811
111860
112081
117834
111158
111189
112108
109900
111715
109703
111244
109916
112820
112805
111338
112213
111385
109498
110927
109112
110380
110439
109578
799982
4509418
109771
110290
110308
109384
112450
111559
118080
111683
118111
117855
117933
112249
117927
142893
145739
145809
9398334
9400078
9409606
9410341
10049695
10049661
145809
145809
145809
142893
142893
145739
799982
799982
110380
110308
110308
110927
111244
111189
111189
111715
111338
111385
111559
111559
111683
110485
110485
112249
112108
110439
110439
110439
111860
111860
112805
112805
112681
118111
118111
118111
112450
112820
1087961
1087961
1087961
108912
110458
108357
108381
108373
108418
108324
112712
112266
110033
112341
110076
109882
110077
110103
110130
111790
108165
108493
108987
109010
108989
109930
108157
108194
109031
111008
110945
108223
111983
109127
2790213
109250
110755
110273
112461
110322
109380
111360
108548
108263
109472
127885
127921
10314189
127921
110458
110458
110458
110945
110322
110322
111983
112266
112461
111008
111008
112341
112712
112712
111542
110775
108909
108911
110699
112503
108302
112643
145779
108330
109299
112124
109879
111718
118439
118425
109015
108187
108189
110339
2675751
4632239
4601080
110253
110168
108252
118471
117989
117864
118223
1235907
145851
2675751
145779
145779
145851
118471
118425
118439
118439
110168
110339
110253
110775
111718
110699
112124
112643
117864
111542
108854
110776
108377
112566
108800
108845
108304
108601
111583
108297
110558
110559
108301
110636
111169
109312
111157
109332
109866
109717
110119
109925
111259
109714
111301
111305
108203
110959
110979
110914
111013
112219
109069
109537
111423
109540
4501697
110150
110351
118063
111750
118086
108850
109953
110636
111301
111305
111305
110558
110558
110558
110558
110559
111423
110914
110959
111583
110559
111259
110979
111157
111750
111013
118086
112219
112566
108398
108417
110574
108290
109256
109961
108723
110493
108729
109200
109204
108322
109792
109258
110681
110714
109893
109894
109688
109695
109677
109891
108469
109735
109038
110361
109631
118310
800858
109773
109395
111063
112352
145449
6795263
6795263
800858
145449
145449
9135776
9135777
110493
110714
110714
111063
110681
112352
118310
108355
108669
108441
108586
108995
108512
111409
111409
111471
110762
137746
110832
108793
112557
112477
108551
108605
110641
112637
109265
118367
111863
109292
111170
112122
111725
111250
111717
112810
112821
111837
109935
112180
109731
108970
111081
110902
111322
109494
110234
111447
109534
109535
109536
109622
110323
2812588
110259
110298
111558
109414
117187
109956
121146
118189
117851
127916
2621078
4510030
137746
127916
118367
121146
121146
110234
110298
110303
9286992
110259
110641
110832
111170
111250
111322
110902
110762
111717
110323
111558
111837
111725
112180
111863
111447
112122
112557
117851
112810
118189
112637
801976
801500
217703
620567
2654532
4858987
4729777
4471245
1087699
1087960
1087956
111481
111503
111547
110762
110763
108898
112382
137749
110546
112562
108813
112606
108800
112594
108581
108596
112657
112701
112671
112254
110701
112257
109815
109816
109817
108620
110033
109286
109302
109304
112313
137006
111204
118380
111721
109340
110061
145662
137000
112132
109857
112135
110097
111241
109923
110077
118434
111259
109932
110885
111262
118449
111264
110140
108509
108541
110959
110960
118483
110965
109036
110916
111008
131167
111953
110236
111954
110245
111987
110360
109539
109574
109579
109624
109540
118289
145705
2675749
4403795
4403804
4493906
4492197
4748669
4385683
4760995
110150
110154
110158
110300
112890
112876
111552
131161
109402
108654
118054
112931
118098
136067
118115
130152
112648
110049
109471
118134
118466
121160
118124
118471
117996
130140
145448
145628
145646
149702
145653
145689
217512
215077
2620886
145918
4493907
6475794
145875
145875
4403795
4403795
9231296
4748669
8427945
7343955
7344718
7344719
7344719
7350292
7350292
7350292
149702
801976
801500
215077
217703
217703
620567
620567
620567
130152
121160
145662
145662
137000
136067
137749
145705
145705
145705
137006
137006
145628
217512
118380
118471
118449
131161
110158
110236
110245
110245
110245
110245
110360
110300
110546
111241
110885
110959
111204
111204
111503
111481
111481
111547
110965
110965
110762
110762
110762
110763
111552
111259
111721
111262
110916
111987
112257
111264
110701
112648
112606
112594
111008
112594
112671
112132
112132
111953
111953
111954
111954
111954
145646
112135
112562
112382
112382
118054
118115
145653
118289
112890
118134
118134
1087956
1087960
1087699
2620886
2620886
112313
623242
4883694
111509
108854
108893
112382
110456
110464
108692
108710
109186
108800
108801
108571
112475
108845
108581
108582
111583
110558
110559
110611
110636
109302
109304
117833
111173
109866
110061
109874
110119
110100
109905
111259
109714
111788
112795
111301
111262
108967
111779
109017
108995
108998
110890
111823
111282
111305
110959
111834
110979
110901
111143
110235
109522
111013
112219
109504
109069
109537
111423
111020
109516
109572
109579
118287
2680439
4633470
4501697
110158
110754
109352
112873
112448
110314
111057
118063
108850
109156
108853
109953
109162
118156
145646
145669
9231242
623242
145669
145669
145669
110235
110235
110158
110456
110611
110636
110636
111057
111173
110464
111301
111305
110558
110890
110314
110314
110754
111423
110901
110901
110901
110901
110959
111823
111779
110959
110959
111143
111834
111834
111834
111834
111583
110559
110979
111143
111259
111262
111262
111509
111013
118156
112873
112448
112219
112448
112219
145646
112382
118287
111020
4764770
2678465
111464
111488
111505
111506
108862
108863
108864
108674
110814
110697
109831
110587
110599
112271
110040
118377
111924
109692
109722
112138
112331
111944
112194
108530
110189
109496
111967
109062
111014
111113
111003
110355
111417
110440
110437
799990
799993
2959733
2672525
2674862
4403793
4748670
4749014
4749015
4766378
109752
109251
110280
112874
112779
109380
112451
111561
112887
108757
112354
136984
108851
108852
109469
121168
117966
117967
117870
145221
142900
616433
6468902
9381468
9410339
6623460
6619004
9986254
10049658
10338098
9231239
4764770
2674862
7349181
9247520
9198480
9198481
142900
142900
121168
145221
121168
121168
136984
118377
118377
799990
799990
799990
799990
799993
799993
110280
110189
110189
110189
110355
110355
110599
111113
111113
111113
111113
111488
111488
111505
111505
111505
111506
111506
111506
111506
111924
111924
111924
111967
112138
112194
112194
111561
111561
111003
111003
110697
110697
110437
110440
111464
111464
111464
111464
111464
111944
111944
111944
112271
110587
110587
111014
111014
117966
112138
117967
112331
112331
112331
112331
112874
112874
112874
117870
117870
117870
112887
112451
112451
112451
117870
112887
112779
112779
112779
112779
625722
932059
945737
111507
108855
108856
110793
108781
108810
109218
109235
110649
108597
110657
109785
109834
110742
109988
117836
110029
145660
110064
110066
110098
109670
110077
110103
118444
112805
108496
108497
109013
109004
108980
110978
108489
110999
109523
109065
112030
110247
109515
109132
109544
110433
110434
109565
109612
109641
109642
4403811
110548
109768
112786
118056
108751
118198
127888
127926
145669
145917
145874
4760997
4760997
145874
625722
945737
145660
145669
118444
127926
9136737
9189169
9189170
110247
110363
110649
110649
110649
110657
110548
110742
110793
110793
111507
112030
110433
110434
110999
110978
111507
110434
110434
112805
118056
118056
112786
118198
1515499
112803
111262
109095
109096
109594
109248
111262
112803
1515499
108856
108913
108858
108714
112418
108739
109218
108839
108842
112570
112481
110649
109988
112295
112311
110025
111226
111690
110075
112330
109670
109708
109679
111738
111254
109004
109005
111081
108530
110992
110916
110968
109529
109530
109509
110246
109515
109132
110432
109592
110434
110333
2812209
3217332
3217528
3217529
108713
4764452
109768
112786
109423
108655
118071
137732
108751
130160
118144
118198
218927
145744
4764452
3217332
7345712
130160
130160
130160
145744
218927
137732
9281247
110246
9286992
110649
111690
111690
111690
111254
111738
110968
110432
111226
111738
111738
110434
110916
112311
112295
112295
112418
112330
112330
112570
118144
112786
112786
118198
118198
112786
1087737
1087668
1087955
111507
108855
108913
110476
110506
108663
110505
108781
108810
109218
108568
112481
110649
108608
110676
112295
109308
110025
112069
110085
109684
110064
110075
110066
109855
111241
109670
110126
111254
110145
111255
112833
109023
110959
109043
110999
111952
109523
111002
109528
109529
111990
109097
110390
110432
109128
109612
109642
109760
112786
109423
109402
118071
1087668
1087668
1087668
1087668
9151633
9151634
110390
110506
110506
9281247
9281247
110649
111241
110676
110676
111254
111255
110476
110432
110432
110999
110999
111507
112069
111002
111990
112295
112295
112295
112295
111952
112833
112786
112833
112786
112786
1087955
1087737
108858
108793
108794
109243
109443
111602
112647
109253
111236
118387
111919
111253
108954
109008
108988
109042
109526
110361
109516
118299
109767
110748
111151
109414
118098
118387
111236
110748
111253
111919
111151
111151
111602
111236
112647
118299
118299
4894056
108890
110783
112684
109862
109910
109913
4630087
110292
110292
110783
108798
4764453
4630087
110292
9231327
110292
110292
110292
111455
111473
1921234
108927
112383
110473
110452
112386
112388
137749
110795
112418
110518
110496
110835
108794
112604
112477
112487
111573
110641
145780
111582
111586
112705
110702
112485
110711
112746
112646
110624
112545
111564
111639
112080
112277
111863
112084
111891
111170
136994
112325
112326
111869
112316
136998
111725
112142
111885
111934
109701
111250
111921
109676
110083
109889
118424
112810
112794
112806
111797
109935
109936
111806
110866
112188
109731
111303
111340
111086
111312
111314
111316
111319
111321
111322
111092
111330
111332
110984
111000
111978
109504
111017
110223
111018
111957
111029
111019
109533
109534
109535
109536
109133
109622
110383
110402
109121
109635
118309
110323
2959730
2959737
4329179
2812588
2675753
2642828
2679204
2676594
4478680
4746633
802973
2153
2156
110754
112753
109352
110259
108660
112773
111656
112788
111657
112897
110313
117187
124715
118131
112922
112928
121158
121165
118164
117854
118033
118243
117875
145632
145694
2621078
145950
145967
145973
146790
803271
145817
4760997
9986256
4760997
9231323
6795859
6795859
8167864
145780
146790
145817
146790
2959737
9225528
9225529
9225528
9225529
121165
121165
121165
124715
137749
137749
145694
118424
136994
121158
121158
121158
9042477
9053158
9138026
9154242
9154243
9267825
9282779
110496
110496
110402
110452
110518
110223
110223
110624
110711
110711
110259
110259
110259
110641
110835
110383
111029
111170
110866
111086
111092
110984
111250
111250
110795
110795
111092
111303
110984
110984
110313
110313
111312
111314
111316
110754
110473
111319
111321
111330
111332
111921
111921
111582
111586
111340
111000
110323
110323
110323
111978
112142
112142
112142
111564
111934
111573
111725
112080
111639
111657
112084
110473
112188
111863
112646
112646
112604
112316
112326
112326
111455
112418
110702
110702
111957
112277
112806
112705
112753
112788
112794
118164
111017
111018
111018
111473
111473
112810
112810
112545
112646
117854
112773
112773
118309
112383
112383
112388
111018
117875
112810
112386
118131
112897
112897
111019
111019
112325
112325
110507
110536
108813
110507
110507
110715
110536
110536
111244
111776
111776
111588
110561
110561
112103
112417
112291
112635
112635
112635
1087946
111508
109200
112259
109258
111745
109026
110178
110331
3214886
111551
118052
112904
112352
118234
3214886
110178
111551
111508
111745
112259
112352
112352
118052
112904
118052
118052
1087946
1087946
108898
112566
111625
109860
110087
111262
108970
110959
110933
109530
109540
110326
110317
111065
109953
110933
111065
110959
111625
111262
110317
112566
134741
111503
110458
110792
112423
108800
112641
112291
112292
112293
112299
110031
112318
109919
118504
111094
111949
109520
118318
118323
110327
110753
111362
118236
118323
118323
134741
110458
110458
110792
110792
111362
111362
110753
111094
111094
111094
111503
111503
112291
112291
112292
112293
112641
112299
112318
111949
118318
112423
112423
112291
112291
625722
111507
108856
108913
110793
112563
108810
109218
109235
112484
109834
110020
117836
110029
110085
110064
110066
110098
110077
110130
109725
118444
112805
109008
111255
112176
109013
108971
109930
108980
110960
110978
109523
111014
111954
111114
109065
110247
109515
109132
110423
109618
110433
110434
109565
109612
109642
799990
2812209
4403811
4889469
4893489
4893490
4765904
110548
118056
112920
130154
127888
127926
145874
4760997
4760997
145874
625722
799990
118444
127926
130154
9136737
110247
110423
110548
110548
110793
110793
111255
111507
110433
110434
110978
111507
110434
111014
112805
111954
112563
118056
112176
112423
108813
110734
109266
112266
110033
110034
112313
118407
111237
109877
109697
110104
109009
109930
118504
109503
109509
109574
118288
112456
118087
110048
118194
2620886
145754
118407
110734
111237
112266
112423
118194
2620886
2620886
112313
112313
111617
112293
110031
110077
110236
109503
109574
109471
180037
7340595
110236
111617
112293
112293
111490
110794
110661
111596
112638
110689
109836
109271
110015
110059
109870
109871
112103
111744
109679
109727
112836
110894
110992
111434
109088
109090
109525
112850
110312
112902
118458
117960
118139
142901
145810
9409092
9410787
145810
142901
118458
110661
110794
110894
110312
110689
111490
111596
110992
112103
111744
111744
111434
112850
118139
112638
112836
112836
112902
112902
111503
112444
110744
108972
110172
111988
2764188
110172
110744
111503
111988
111507
112478
112481
110676
109988
112295
109308
109328
111869
109684
109670
109679
111254
111255
109004
111081
111952
111403
111441
109072
110432
109565
109612
109642
2812209
109760
109768
145874
145874
9286992
110676
111254
111255
110432
111507
111403
112295
112295
111441
111441
111952
109218
109235
110029
110098
109930
110894
111114
109065
110247
109132
109618
110434
109128
109610
109612
110338
110548
110338
110247
110548
110894
110434
110434
110434
111517
110765
137748
112381
110829
110518
109184
112589
112643
111597
112647
112316
111185
111904
110075
109921
111913
109718
118420
110099
110122
111919
111252
111254
111256
110140
109080
111375
110173
109505
109092
109097
109079
110410
109568
109643
2620698
2771249
109776
110549
110352
109406
118054
118228
2771249
137748
2620698
110173
110173
110549
110352
110518
110518
110829
111185
111185
111252
111254
111919
111375
110765
111256
111597
111517
112316
112647
112381
112643
118054
111490
110757
137748
110829
110518
110525
109830
112260
109836
109837
110085
111904
110075
109876
109921
111913
109718
118420
111735
111252
111254
110140
110874
109525
109643
150544
110339
2620698
110549
110352
110309
109406
111755
130150
121146
150544
130150
130150
137748
121146
2620698
110339
110339
110549
110339
110352
110518
110525
110829
110874
110309
111252
111252
110757
111254
111735
111490
112260
111755
206098
219097
1087737
111476
111504
111547
137748
110506
112381
110829
110518
112399
110525
109186
109429
109223
112620
110657
110590
112260
110593
110603
110746
111868
112324
110085
109869
111904
109684
110075
111193
109855
109921
109718
111914
111241
118420
109675
111252
110113
111254
111430
111433
110921
110360
111990
109510
110231
109136
109590
110413
109560
109635
109643
110337
799975
2620698
2620710
2808292
110319
110352
110303
109382
111556
118054
109414
118112
130150
121160
117957
121146
117864
118214
117925
142877
145860
9302602
7342462
7345716
145860
145860
206098
130150
121160
137748
219097
142877
121146
110337
110506
110413
110352
110352
110360
110518
110603
110303
110525
110525
110525
110657
9106320
9106321
110829
110829
110829
110231
111241
110746
111193
111252
111252
111254
111504
111547
111430
111430
111430
111547
110319
111556
111990
111433
112260
112260
110921
110921
117864
112381
117864
118214
110590
110593
112324
112620
111476
118054
118054
118054
118112
118112
1087737
2620710
110793
109218
109235
110020
117836
110029
110064
110066
110098
111255
109930
109523
110925
111114
109618
110434
109612
110343
110548
109406
118033
9136737
110548
110548
110925
110793
110793
111255
110434
110434
110434
137746
110465
110493
109258
109816
110731
111207
109893
109894
109688
111194
109694
109695
110107
109891
109928
109735
110942
111440
109526
110361
109546
109547
109631
109563
820896
111663
109395
111554
109550
111151
112922
112928
118021
118188
820896
137746
9135777
110493
110731
110465
110465
110942
9135776
111207
111554
111151
111151
111440
118188
111194
111194
110493
112643
109258
112277
110731
109894
109688
109695
109928
109735
110237
109526
110361
109546
109631
111663
109550
111151
145706
110237
110493
110731
111151
112277
112643
134732
109258
109893
109894
109688
109677
109891
109928
109735
111333
109526
110361
109631
110346
2675752
109784
109550
7356240
134732
111333
111507
110793
110020
117836
110029
110064
110066
110098
110130
109930
109746
111114
109515
109618
109588
110434
109612
109642
4403811
4618953
4604808
4609491
118056
112880
147528
6796084
147528
9136737
110793
110793
110434
111507
112880
118056
110494
109630
112066
110494
111464
111505
111506
109831
110040
111924
109703
109722
112138
112331
112194
110189
109496
111113
111003
111417
109752
111561
112887
121168
117967
6468902
121168
110189
110189
111113
111113
111505
111506
111506
111506
111506
111924
111924
112138
112194
111561
111003
111003
111464
117967
112138
112331
112887
112887
111503
110516
109824
118363
110718
110034
110042
110881
112768
112853
118148
110516
110718
110718
110881
111503
112768
112768
118148
111490
110794
110561
110698
109830
109836
110015
112309
109301
112329
109871
111744
109679
109727
111256
112836
110992
110188
118303
4511150
110273
112774
112786
109380
110311
110312
109649
112899
130162
130153
118026
127910
117924
219511
219616
7345718
7345718
130153
127910
130162
219616
219616
110188
110794
110311
110312
111256
111490
110561
110561
110992
112141
111744
111744
112309
112309
110698
112329
112329
112774
118303
112786
112836
112899
110796
110816
112643
110675
111153
111189
110068
111709
112330
112820
111778
110892
111949
110996
110927
4618956
110295
118111
117859
118038
145862
145862
9044058
110295
110927
111189
110796
111709
110996
112330
112643
111949
117859
118111
112820
112820
145797
134737
110785
110693
112078
111235
112322
109717
111727
111728
110143
110138
112847
109621
109540
109627
118296
112752
111552
1754
111151
117860
872995
1754
134737
110785
111552
111235
111151
110693
110693
110693
111727
111727
111727
111728
112322
112847
118296
111467
111490
111517
110765
110507
112398
110532
112447
110561
112627
110644
112643
111596
109966
111597
110735
109836
109837
118369
112307
110015
111866
112087
112324
112090
112315
111164
110059
109870
109663
112329
112141
109871
111876
112103
117847
109921
111744
109674
111245
109679
109727
111256
118499
112836
110992
110904
111950
111434
112027
109505
110188
112042
109542
118303
118293
4507882
4503818
4503819
2681318
4511150
2680591
4503544
4379104
4765904
2144
1728
110549
112774
112850
112781
110311
118061
110312
109649
112899
112348
118455
130162
118458
130153
117963
118139
118167
117898
117924
219511
219616
145710
145810
803268
7345718
7345718
2144
1728
145810
130153
130162
118369
118369
219616
219616
118455
118455
118458
118458
118499
803268
803268
118458
9036988
110188
110188
110507
110549
110532
110532
110549
110735
110311
111245
110311
110312
110312
110312
111866
111256
110904
112027
111490
111490
110561
110561
110765
111596
111597
110992
110992
112141
112103
111744
111744
112307
111517
112103
112203
111434
111434
111434
112348
112348
111164
112315
112329
112090
112643
111950
111950
112447
112324
112850
117847
111467
117898
112774
118303
112774
112627
112627
112627
118167
112627
118139
118139
118293
112781
112899
112836
112836
112836
625722
134735
4896548
4902410
1087691
1088006
110790
110478
110782
110461
110784
110786
112404
110499
112601
110553
112718
112520
111565
110042
111869
118407
111211
109665
118387
112330
112145
110098
118421
109708
109724
109709
109725
110142
111737
109728
110143
118444
111793
112805
109733
109734
109930
110141
112195
110933
110938
111008
111375
111413
110246
109573
109624
109627
110434
109565
109610
118334
110338
110333
799972
799976
799993
2959750
2620697
2811844
2672208
2670794
4633469
109753
110160
111662
111552
112782
118054
118071
112905
118107
130160
118140
118009
127902
118203
127888
112252
127926
117876
145627
145813
145848
9404970
9410338
9476533
9480638
10049679
10049657
10290267
145875
145875
2811844
145813
145848
625722
127902
130160
134735
134735
145627
118387
118334
118444
118407
118407
118407
799993
127926
2620697
799972
799976
9032675
9158193
9158194
110333
110338
9281247
9281247
110246
110246
110246
110246
110553
110461
110461
110782
110784
110786
110933
110790
110790
110790
110938
110478
111662
111737
111375
111211
111552
110434
112195
112252
111565
112520
112330
111008
111008
111008
112601
112805
112601
112601
112905
118054
117876
112782
112782
118140
118203
1088006
1087691
112145
112145
118107
110770
112382
112419
109805
110598
110742
109817
110729
109687
111195
110076
111196
111744
112159
112039
4757657
3211608
4759389
4759028
4759029
110268
110270
110322
110055
2620876
3211608
3211608
110598
110598
110770
110770
110270
110742
111195
110322
111744
112159
112419
112382
111503
110458
110516
110517
112482
109823
109824
109794
110673
112643
110718
110034
118362
110042
110068
109923
109723
110143
109919
110881
109517
109520
110945
110985
111104
110226
112044
110420
109647
109643
118318
110338
799995
110248
112768
112853
111662
110308
118089
118148
117935
117927
145739
145706
9406660
6619822
10049675
145739
799995
9048746
9075444
9075445
110338
110248
110248
110516
110458
110718
110226
110718
110718
110420
110308
110308
110881
110881
110881
111104
110985
110945
111503
111662
112768
112768
112643
118318
118148
118148
112266
109992
109904
111094
110169
799986
799986
799986
111094
111094
112266
112266
134743
625722
111503
110458
110792
110516
112641
112632
118363
112291
112292
112293
110042
112299
110031
118407
109723
109919
110881
111094
111949
110236
110929
110420
118316
118318
118323
110327
110338
4738313
4895709
110248
110753
110291
118134
118140
127888
127926
117880
145688
145697
9398335
9404968
6619822
9480639
9484378
10049696
10049677
625722
145688
145697
118323
118407
118407
127926
127926
127926
134743
110338
110291
110236
110458
110248
110516
110458
110420
110929
110881
110792
110753
111094
111094
111503
111503
112291
112292
112293
112641
112299
112299
118316
111949
111949
118318
112291
112291
117880
118140
118134
112632
620567
217161
1088006
1087956
111455
134747
110478
5293793
110518
112626
112693
112699
112254
112257
110589
112726
110746
111610
117833
112116
109921
111250
110132
111252
109919
112202
110998
110175
112231
110245
111415
111029
109635
109643
2959734
2959737
4403804
4748670
802973
4749014
4749015
1738
109781
110352
112858
111556
112888
118054
130150
118104
118466
121169
127917
118214
177420
217287
146552
146790
803271
4605632
4605633
145730
145722
145827
145817
9438686
9484377
9986256
4605633
6795859
7350292
7350292
1738
145827
177420
620567
620567
146552
146790
145817
2959734
2959737
2959737
2959737
130150
145722
121169
145730
127917
110175
110175
110245
110352
110518
110518
110518
111029
110746
111250
111252
111252
111415
111610
111610
110478
110478
110998
111556
112202
112202
112257
112116
112231
111455
118214
110589
110589
112626
118054
112626
112888
112888
1087956
1087956
1087956
1088006
118104
1993216
134743
4894055
4898459
1087950
111492
110765
112423
112414
110697
109967
109815
118368
109992
112293
110033
109965
145662
109665
109666
109878
110072
112800
118430
109923
110077
111946
110874
109930
110141
110966
111094
111388
110917
110232
111008
111413
110246
118318
145705
2760669
4623614
4508137
4742387
4894283
4894284
4903413
110753
118059
118060
118054
112456
118087
130146
112927
110055
112369
118040
117894
118203
118037
112252
117880
145665
2620886
145909
145857
1854808
9508919
9509016
9598786
9231312
9231312
9231236
9231236
9231236
2760669
145909
145857
9190483
9190484
145662
145662
145705
145705
118368
118430
130146
134743
1993216
110246
110232
110874
110753
110753
111094
110765
111492
112252
111388
110917
112252
112252
112252
110697
112293
112414
112800
111946
111946
112369
118040
111008
118318
112423
118054
117880
118203
1087950
1087950
1087950
2620886
2783506
1087947
110780
110485
110488
110494
110816
109824
112491
110643
112643
110734
112528
117834
111213
110068
109900
111709
111941
111942
112820
112167
112027
112242
111042
110229
799982
2801433
4509418
110295
110297
112450
118111
117956
117997
117859
118038
112066
117914
620672
2783506
620672
799982
799982
110295
110494
110229
110643
110780
110734
111709
112027
111213
111213
110485
111941
110488
111942
111942
117914
117914
112528
112528
112167
112643
112242
112242
112450
117859
117859
118111
112450
112820
112820
111941
110894
4509418
110295
112354
112066
110295
110295
110894
111941
137746
110473
112372
110465
112566
122251
109836
110731
112298
112324
109893
109894
111877
109688
109695
111246
110109
109891
109928
109735
111333
110875
110361
2675752
820896
800858
109784
112868
111663
111151
111750
112922
112352
118239
127920
127895
145631
9477032
10049673
800858
800858
820896
137746
122251
110731
110875
111246
110465
110465
110473
111333
111151
111151
111750
111750
112352
112868
112298
112372
112324
112566
626209
4894053
111547
110458
110478
112381
110829
110518
112620
112693
112699
110657
112257
110594
110676
109969
109815
110745
110746
112646
111610
112295
112116
112324
111198
110085
112340
109684
110075
109855
109670
111252
112795
110145
111301
112202
110998
110999
111000
110223
111415
110231
2620710
2808292
2811847
4591916
112769
110292
111556
112904
112150
112924
117957
117964
118144
9986256
2811847
4591916
626209
110292
110518
110594
110458
110223
110223
110657
110231
111301
111301
110746
111252
111415
110676
111610
111610
111198
110478
110478
111547
110998
110998
110999
111000
111556
111556
112202
112257
112150
112116
112646
112295
112769
112340
112324
112324
112620
112646
112381
112904
2620710
110532
110561
109836
109837
110015
111175
112141
111876
117847
111744
109710
109727
111256
112836
110992
111434
118303
110549
112850
112781
110311
110312
111248
1741
110056
219511
219616
7345718
1741
219616
110549
110549
110532
110549
110311
111175
111175
111248
110312
110312
111256
110561
110561
110561
110992
110992
112141
111744
111434
112850
117847
118303
112781
112836
109811
109868
109916
110986
799971
2790213
799971
110986
145794
111497
111513
110484
110831
112444
112476
110708
112296
110101
111777
112245
112044
4802500
4764452
4618958
110752
109763
111674
117994
117858
118244
117874
145701
145918
4764452
145701
9075445
9075444
9086192
110708
110708
110831
110831
110752
110752
111777
111497
111513
112296
117874
122251
110714
109894
109735
110361
820896
820896
122251
110714
1087946
111488
111541
110824
110541
110842
112432
109806
112713
110681
109983
109818
111207
111872
109894
111236
111931
118417
112177
111270
109736
111317
110237
111440
110428
110407
110307
118091
111048
112352
117954
118013
4510030
118417
9135776
9135777
9135777
110237
110237
110237
110407
110307
110307
110824
110541
111048
111236
110842
110428
111317
9135776
9135777
9135776
110681
111207
111488
111541
111541
111931
111270
111440
111440
111440
112432
112177
112352
112432
112713
1087946
118091
2654533
2654756
112388
110465
110502
112660
112485
112637
110692
111632
112731
118381
111235
110067
111933
111713
110109
110132
110138
112808
111829
111315
111318
110970
111976
111418
118274
110402
4738309
4384109
112868
112775
112872
111356
112898
112924
117954
121164
121165
118188
118043
118018
145624
145638
145921
815038
6619003
9477032
4384109
145921
121164
121165
145624
145624
118381
118381
9070221
9070222
110502
110402
111356
110465
111315
111318
111418
110692
111713
111713
111713
111829
111829
110970
110970
111632
111235
111235
111933
110692
112660
112868
112872
112872
118043
118043
118274
118274
118274
112808
112808
112775
112775
112775
112388
112388
112388
118188
118043
118043
118043
118188
112637
112637
112898
622304
112392
112412
112579
112595
112475
111583
110558
110559
112287
111172
112067
109866
109874
110118
110119
110100
109905
111259
111788
111301
111262
111257
111282
111305
110959
110976
110979
110901
110197
111143
110235
111146
111013
112219
111423
110411
110326
2620702
2680439
3216497
110158
131161
112448
110314
109953
145670
2620876
7350871
622304
145670
145670
131161
2620702
110235
110158
111301
111172
111305
111305
110558
110558
110558
110558
110558
110559
110314
110314
111423
110901
110959
111143
111143
111257
111583
110559
110559
110976
110976
110979
111143
111146
111146
111259
111262
111262
112067
112412
111013
111013
112595
112219
112448
112287
112392
112579
4893421
111483
111513
110791
112425
110638
109833
112643
112744
109986
111607
110747
112296
111189
111239
109931
111786
118488
109933
110856
110880
111008
111115
112044
111139
4510626
4510625
4510530
4894122
110269
112356
118104
110053
112051
145701
145696
145857
145857
145701
145701
145696
118488
9075444
9075445
9349584
110638
111239
111239
110856
110880
110747
110747
110791
110791
111189
111607
111139
111139
112051
112051
111513
112356
112296
111008
112643
112425
112425
118104
213842
134737
625711
4883693
1087955
112573
112477
112642
110553
110662
112644
109971
112530
110692
110693
109991
112078
111862
110723
111614
111865
111169
111892
112316
136998
111724
111235
110093
145664
111726
118389
111741
111727
111728
110143
110138
110857
112847
112808
111271
111303
112206
112207
118478
118505
111315
112210
112845
111318
112205
111393
111012
111373
110223
111029
110382
118296
6461473
621045
820895
4403796
4883739
4883740
4885592
4885593
109761
110298
111665
111552
112773
111553
118048
1754
111151
111750
118109
137735
118135
118356
118357
117860
118194
117893
118202
118205
117927
145628
145648
145635
182992
205316
145896
145853
872995
145860
145832
6479296
6470913
7342449
7343474
145860
182992
213842
820895
9053440
621045
625711
1754
145853
9225528
9225529
145664
145628
118478
118478
134737
134737
110298
110553
110223
110382
110723
111029
110857
110662
110662
111303
111303
111315
111318
110692
111373
111665
111552
111553
111741
111235
111235
111393
111151
111724
110692
110693
110693
110693
110693
111271
112205
112205
112205
112205
111726
111727
111750
111727
111727
111728
111728
112206
112316
112316
111012
111012
111865
112642
112210
112210
118109
112644
145648
112808
112773
118135
112845
112847
112847
118194
118296
118048
118202
117893
117893
118205
112573
112573
1087955
111614
111517
111547
137748
112381
110829
110518
111610
111904
110075
111913
118420
110122
111252
110874
111285
110175
2620698
110549
110352
1741
118054
111755
130150
110853
117957
130150
137748
1741
1741
2620698
110175
110549
110549
110352
110518
110518
110829
110874
110874
110549
110853
111252
111610
111547
111517
111517
111755
112381
118054
118054
111464
111505
111506
110814
110587
110040
111924
112138
112331
110189
110938
111014
111113
111003
110440
109752
110280
111561
112887
121168
117966
117967
117870
6468902
121168
110280
110280
110189
110189
110189
110938
111113
111505
111506
111506
111506
111924
112138
111561
111003
111003
110440
111464
111464
110587
111014
117966
117967
112138
112331
117870
117870
112887
112887
110824
110842
112432
112713
109983
112303
111236
111266
111270
111317
110237
110407
110307
118052
118183
9135776
9135777
9135777
9135777
110237
110237
110237
110407
110307
110307
110824
111236
110842
111317
9135776
9135777
9135776
9135776
9135776
9135777
112303
111270
112432
112432
112713
118052
118183
110540
122251
110590
110714
110731
111207
109893
111931
111246
109928
111333
110361
4325538
2675752
800858
111151
117971
145449
4510030
145859
8176259
6795263
6795263
145859
800858
800858
145449
145449
122251
122251
9135777
110714
110714
110731
110540
111246
111246
111246
9135776
111207
111151
111151
110590
110488
110816
110643
112643
117834
111153
111213
110068
111941
112820
111778
112167
110927
110229
110297
117859
118038
112066
112249
110229
110643
110927
111213
112249
111941
110488
118038
112167
112643
117859
112820
866022
110485
112436
112741
110733
112117
117834
109911
111097
118286
110308
111363
118111
118165
866022
110733
111097
110308
111363
110485
112117
112436
118286
118165
118111
866022
1087947
1087961
110485
110652
112740
112741
112681
112291
111860
112081
117834
111189
111715
111244
110880
112213
110986
110927
110380
110439
799982
2801433
4509418
4632952
112765
112768
110290
110308
118080
111683
118111
117997
117855
142893
145739
145809
866022
145809
145809
142893
142893
145739
145739
799982
110380
110380
110308
110927
110880
111244
111189
110986
111715
111683
110485
110439
110439
111860
112765
112768
112291
112681
118111
118111
1087961
1087961
931125
111507
110476
110782
110509
110784
110467
110697
112484
110587
110742
110033
110042
111869
111188
111211
112346
110077
118421
111747
110135
111249
111770
112176
110140
111846
111336
111827
111299
110210
111008
111100
110173
110246
150544
110338
110333
145702
2620697
2672208
3216495
2670794
4746633
110753
110160
111549
111669
112782
112884
112905
130154
130155
117968
118040
145658
205202
903985
9410338
9231323
3216495
3216495
7342448
150544
205202
931125
903985
931125
931125
145658
145702
145702
145702
145702
130154
130154
130154
130154
130154
130155
130155
130155
130155
130155
2620697
9158193
9158194
110333
110173
110338
110338
110338
110338
110338
110509
110246
110210
110782
110742
110784
110784
111100
110467
111249
111188
110753
110476
111211
111211
111669
111669
111669
111669
111336
111549
111549
111507
111747
110697
110697
111846
111846
111846
111770
110587
110587
118040
111008
111008
111008
111008
111008
112905
112905
112884
112782
112176
112176
112176
111827
110538
110521
110569
111916
110359
110379
110284
118225
110359
110359
110521
110379
110538
217703
626454
217161
4471245
1087946
1087956
137748
110459
110804
110829
110518
112573
112605
112626
112693
112699
112257
112679
112259
110745
110746
111610
110635
112732
111198
111891
111892
118380
110085
111904
111913
110132
111252
111254
112202
111959
110998
111397
112219
112220
110175
111118
110228
110410
110331
2959734
4397057
2811847
2681317
4403804
4384109
873669
110352
111556
118052
118054
130150
117957
118136
117964
118005
118214
117943
142877
217287
145817
145852
145875
145875
8176352
4384109
2811847
7344719
217703
626454
626454
145852
145817
2959734
130150
137748
118380
142877
110175
110175
110352
110518
110518
110518
110459
110518
110228
110829
110746
111198
111252
111252
111252
111610
111254
111254
111254
111198
111959
110998
110998
111556
112202
112257
112259
111397
112605
118214
112219
112220
112220
112679
112679
118052
112626
118054
118054
118136
112573
1087946
1087946
1087956
112412
112595
110558
110559
112643
111611
112067
111259
111788
111301
111257
111305
110976
110979
110901
110197
111143
111146
111013
110987
111423
110351
112448
110314
111301
111305
110558
110558
110558
110558
110558
110559
110314
110314
111423
110901
110901
111611
111143
111143
111257
110559
110559
110976
110979
111146
111259
110987
112067
112412
111013
111013
112643
112595
112448
110763
110478
110838
112699
112257
111611
112079
111198
145662
112202
110169
111397
111441
118291
4376986
111556
112924
4376986
145662
110838
111198
111198
110478
110478
110763
111611
112202
112257
111441
111397
118291
118291
111468
111516
112414
110718
111689
110895
110986
110436
118340
4601078
4621280
4499693
4605151
112768
111362
112885
111149
112929
145680
9408684
145680
110718
110718
110718
111362
110986
110986
110895
111149
111149
110436
111516
111516
112414
112768
111468
112885
111503
111547
112699
110657
112293
111866
112121
111831
112202
112218
110236
110360
110319
110322
110292
111556
112456
112924
118118
118134
117961
145872
9025584
9156414
9156415
110292
110236
110360
110657
111866
111503
111547
111831
110319
110322
111556
112202
110319
112293
112293
112121
112121
112293
112218
118118
118134
1087946
111541
110541
110842
112432
112713
111606
111236
111317
110361
118052
111151
9027207
9027212
9135776
9135777
9135777
110541
111236
110842
111317
9135776
9135777
9135776
111541
111151
111606
111236
112432
112432
112713
118052
1087946
111467
111490
112447
110561
110661
110644
111596
110689
112090
112302
111226
112329
111215
111744
118499
112836
118501
110992
111950
110919
111100
111434
118303
118321
6461471
2809763
4511150
4403807
4511640
4379104
4765904
1728
112850
118061
112899
111363
111248
118455
130162
118458
130153
117963
118139
117966
125839
117861
117853
117924
145653
142895
219511
219616
145810
803268
6480696
7686272
7345718
7345718
1728
1728
145810
130153
125839
130162
142895
118321
219616
219616
118455
118455
118458
118458
118458
145653
118499
118499
118499
118501
803268
9036988
9076499
9076500
111100
110661
111363
111248
110689
111490
111490
110561
110561
111596
111226
110992
110992
110992
111744
111744
111434
111434
111434
110919
112090
112329
112329
112090
111950
111950
112447
112850
112850
111467
117853
117861
118303
118139
118139
118139
112899
112899
112836
112836
112836
112899
111495
112382
110458
110546
112444
110553
112669
112712
112534
112293
110730
112299
112313
112341
111237
111241
111790
110860
110885
112159
111264
111846
110915
111008
111415
110360
110379
110423
118318
2790213
112461
112456
118091
118101
112357
121157
118236
117852
142879
145872
9404968
10049677
121157
142879
142879
110458
110553
110458
110458
110360
110379
110730
110546
110546
110423
111237
111241
110860
110885
111415
110915
111495
111264
111846
112159
112293
112357
112461
112461
112293
112534
112299
111008
111008
111008
112669
112341
112341
112712
112712
118318
112382
118101
112313
112313
118091
1087946
111508
112259
111745
118401
118052
112904
118136
118005
118163
118242
117872
127899
118401
118401
118401
127899
127899
111508
111745
112259
118052
118052
118052
117872
118136
118136
112904
118052
1087946
1087946
931125
110771
110458
110509
112625
112484
118363
111939
112139
111747
112176
111336
111827
110881
111097
111008
110434
145702
809122
2672208
2670794
112768
111669
111756
112905
130154
130155
118140
118040
117944
117927
145882
803267
809122
931125
145882
145702
145702
145702
130154
130155
110509
110458
110771
111097
110881
111669
111669
111669
111669
111336
110434
112139
111747
111939
111939
111747
112349
111756
112768
118040
111008
111008
112905
112905
112625
118140
112176
112176
112176
112176
112176
111827
111827
111827
111827
111510
110771
112484
112716
112645
111632
112139
2804677
2803249
4748669
111759
118630
121170
127917
811779
4632953
9947295
9954582
9971894
9986257
4748669
2803249
121170
127917
118630
9033512
110771
112139
111632
111510
111759
111759
112645
112645
111501
110516
110838
112693
112699
110657
112643
110589
112277
112116
111252
112795
111254
110885
112166
112202
110915
111389
118316
799978
799991
2620710
3205025
4631843
110753
111556
112924
118125
118214
145706
9500702
4631843
8176191
799991
799978
9035136
9034290
9060562
110516
110657
110838
110885
110753
111252
111252
111252
111254
110915
111556
111556
112202
111389
111501
112116
112277
112643
118214
118316
110589
2620710
2620710
931124
1087947
110789
110524
112446
112491
110560
112740
112681
117834
111158
111906
111213
111697
111244
111941
111942
118442
112796
112828
110957
111783
112167
110972
110895
112846
112213
112026
111104
4474475
4511641
112766
1743
112777
111559
112154
118111
117997
117855
117935
117914
117928
145925
147530
145749
147530
9068915
145925
145749
118442
1743
1743
111244
111104
110789
110895
111213
111213
110560
111559
111941
111941
111942
111942
111942
112766
117914
112167
112681
118111
118111
112777
112846
111501
134745
112373
110673
118363
111605
110718
111887
111227
111723
111912
118396
111839
110878
110881
112009
111104
111139
118291
799995
809122
4403799
4497655
112768
112787
131157
118116
118148
117861
117927
146552
145889
803267
9401905
9406660
6619822
10049675
4403799
809122
146552
146552
131157
118396
799995
799995
799995
134745
9033454
9033455
110718
110718
110718
110878
110881
110881
111104
111139
111227
111605
111839
111723
111501
112009
112009
112768
117861
112768
112787
112787
118116
118116
118291
118291
118148
118148
134746
112595
112067
111257
110959
111143
111146
111378
110987
145887
145887
134746
9035218
110959
110959
111378
111143
111143
111257
111146
110987
112067
112595
1087946
110643
112740
112643
111860
117834
111213
112330
111942
112167
110919
110927
799982
118111
117997
112066
112249
117914
799982
110643
110927
111213
112249
110919
111942
111942
111860
117914
112167
112330
112643
118111
1087946
1087946
112669
110718
110881
112768
112781
9039394
110718
110718
110881
110881
112768
112669
112669
112781
134737
625711
111545
112387
112573
111598
111614
111169
111170
136996
111229
111235
111726
111727
111728
112807
111303
110875
112206
112207
111315
112210
112845
110881
111318
110933
112205
110910
110970
112010
111012
111018
111957
118296
621045
4403796
4374572
112872
112771
112773
118048
111765
111151
111048
117893
118202
117897
118015
118205
117927
145628
145648
145635
183477
145895
872994
145822
6470913
9477032
4374572
7341400
183477
621045
625711
145822
136996
145628
134737
134737
9039505
9039788
110875
111048
111170
110933
110881
111303
111315
111318
111545
111598
110970
111229
111235
111235
111151
111726
112205
112205
112205
111726
111727
111727
111727
111728
111728
112010
112206
111012
112872
111957
112210
112210
112771
111018
145648
112807
112773
112773
112773
112845
118296
118296
118048
112387
118202
117893
117893
118205
112573
112573
111614
118370
112176
118485
110881
111396
111104
110927
110928
809122
2769806
4497655
4631843
112768
112456
111685
118148
117932
117935
117927
145642
145872
803267
4631843
2769806
809122
809122
9189391
9189392
118485
9040057
110927
110881
110881
111104
111396
111685
112768
112768
112176
118148
118148
118148
110776
112392
112595
111583
112287
111600
112275
112067
111788
111301
111262
111257
111823
111282
111305
112168
110959
110976
110979
110901
111143
111013
111378
110987
111423
111020
118277
118287
4501697
4512666
4509418
131161
112448
118030
2621047
145887
4510032
145852
9231313
145852
145887
131161
9040926
9043260
9039645
9039499
9039500
9039501
9045964
111301
111305
111305
111423
111423
110901
110901
110901
111823
110959
110959
111378
111378
111143
111143
111257
111257
111583
110976
110979
111143
111262
110987
112067
111600
111262
111013
111013
112168
112275
112595
112595
112448
112448
118277
118277
118277
112287
112392
118287
2621047
111020
111020
111469
112425
112507
112744
111607
111167
111239
111139
2810526
4510626
4510625
4510530
112356
112051
145675
145701
146986
6796077
145701
145701
111167
111239
111607
111139
111139
112051
112356
112356
112425
112425
110777
111602
111869
111208
111236
111253
111837
111384
110911
111375
118022
9039871
9048021
110777
111253
111375
110911
111375
111384
111602
111837
111236
111860
111385
111982
118310
112450
118076
111683
118111
118148
118026
9398334
9400078
9409606
9410341
10049695
10049661
9039865
111982
111683
111385
111860
111860
118111
112450
118310
118148
111466
112740
111607
111608
111189
111385
111097
111411
118111
145809
145809
111097
111097
111189
111189
111607
111385
111466
118111
118111
111472
111474
111504
112584
112632
112669
118363
112844
111376
111104
118323
809122
4550984
112768
131162
117952
117927
142883
803267
809122
118323
118323
131162
111104
111504
111376
112768
112768
112669
112584
112632
112632
112844
1087958
111492
111509
112417
112557
111600
112647
118385
111226
111877
111919
111923
111255
111256
111081
110959
111342
110979
111959
111434
112027
111378
111020
118299
150540
2812210
4487345
4632235
3217334
4374573
112774
118098
136990
137741
218457
149286
145743
145744
6480697
9986256
9231105
9231240
8176305
8176305
7345363
150540
218457
2812210
137741
145743
145743
145744
118385
136990
136990
149286
9286992
111342
111255
111256
111256
111919
111959
110959
112027
111378
111378
111226
111492
111509
110979
111600
111434
112417
112647
112557
112774
118299
118299
118299
118299
1087958
111020
111923
122246
112681
112302
112130
112199
112026
112039
112774
111559
118080
127885
127921
6620345
6623244
6623243
127921
111559
111559
112302
112130
112681
112774
112774
856347
145738
111509
112384
112392
112579
112257
111600
118405
118391
111259
118443
111252
112795
111301
111282
111305
111294
111834
111143
111146
111397
112219
111378
111382
111020
118354
3153112
111851
112873
112448
136990
137742
3153112
137742
137742
137742
145738
118391
118391
118405
118443
136990
9046276
9046150
9046154
9287005
111294
111301
111301
111301
111305
111305
111252
111252
111378
111378
111378
111143
111143
111834
111143
111146
111382
111259
111259
111834
111509
111509
111397
111600
111600
112257
111851
111851
111397
112873
112219
112448
112448
112384
112392
112579
111020
213843
111464
111505
111506
118377
111924
112138
112331
111944
112194
111109
131166
111113
799990
799993
112451
111561
112887
136987
121168
117966
117967
117870
214467
214063
147528
9231239
6796084
7343473
7343473
214467
214467
147528
121168
121168
121168
136987
136987
118377
799990
799993
131166
111109
111113
111113
111113
111505
111506
111506
111924
112194
112194
111561
111561
111561
111561
111464
111464
111464
111464
111944
117967
117967
117967
112138
112331
117870
112451
112887
112887
812450
4764770
4766667
111471
111521
134746
112384
112400
112416
112444
112464
112470
112475
111600
111625
112291
112746
111635
112294
111157
112095
111172
111207
111872
111191
111880
111928
111214
111252
111796
111301
111778
112193
111276
111823
112206
111294
112175
112205
111324
111430
111143
111146
111101
111435
111423
2620701
3205874
820895
3170728
2150
1736
131160
112873
112450
111673
1754
118063
118086
118066
112354
130147
118250
117987
118235
117905
127889
127930
117927
145624
145631
145632
145654
145639
145695
217512
145894
145912
145887
10339023
10339193
4764770
4766667
4766667
10584846
3170728
7344718
2150
1736
1736
820895
1754
145887
145887
3205874
145695
131160
145624
217512
145654
134746
111294
111301
111101
111172
111301
111191
111252
111423
111423
111521
111823
111207
111324
111214
111143
111430
111430
111600
111625
111625
111928
111146
111673
111635
111157
111157
111600
112205
112205
112205
112205
111435
112291
112206
112416
112095
112470
112873
118086
112464
112175
117905
117905
117905
112450
112384
112384
134737
625711
112387
112573
112477
112078
111726
111727
111728
111340
111296
111315
112210
112845
111957
112004
3205025
118015
118205
8176191
625711
134737
111296
111315
111340
112004
111726
111727
111727
111727
111728
111728
111957
112210
112210
112845
112387
118205
112573
112573
626454
217161
1087956
111501
111547
112381
112693
112699
111610
112795
111301
111389
118316
118291
118318
2959734
2620710
4738313
112459
111556
130150
112924
118255
118228
145640
217287
626454
2959734
130150
111301
111301
111610
111547
111556
111389
111501
112381
118316
118318
112381
118291
112459
1087956
2620710
2620710
856347
111583
111378
111423
118277
112364
145852
145852
9091625
9091626
111423
111423
111378
111378
111583
118277
118277
134732
1087961
111464
111503
111540
112427
112429
112632
112738
112643
112486
145777
118363
112291
118371
118362
111690
112330
112176
118511
112044
118318
799995
4794488
4746633
4757575
4765903
4792854
112768
112755
112786
112853
111552
118089
118148
127914
117935
118228
117927
145902
146552
145739
145809
145706
6619822
9231323
145777
145902
146552
145809
7356240
134732
145739
118371
799995
799995
799995
118511
9053676
9135776
9135777
9075444
9075445
111690
111503
111540
111552
111503
112427
112429
111464
112291
112291
112768
112330
112768
112330
112643
112643
118318
112755
112786
112786
1087961
112176
118148
118148
118148
112632
112632
112536
112116
111790
118491
112833
112037
112449
118491
112037
112116
112833
620566
134743
902770
111540
112394
112419
112423
112444
112565
112618
112641
112653
112629
112632
112669
118363
112291
112292
111627
112293
112299
117841
112318
111742
112800
118452
118504
118484
118511
111949
118316
118318
118323
799970
2676593
4895709
112777
118049
112357
121157
118134
118236
127887
127923
117880
145693
142890
215077
145902
9408683
6619822
9473278
7343955
7343955
7350293
145902
215077
215077
620566
902770
121157
142890
145693
145693
118323
118323
118323
118511
118452
118452
118484
127923
118511
134743
799970
111540
111540
111540
111742
111742
111627
112291
112291
112292
112292
112292
112293
112293
112800
112419
112641
112641
112299
112299
112318
112318
112669
112669
118316
111949
111949
118316
118318
112423
112423
112357
112291
112291
112565
112394
112629
112777
112777
117880
118049
118049
118134
112632
112632
213843
4764770
111924
112138
112331
111944
118446
112194
799990
112874
112779
112881
112451
111561
112887
121168
117966
117967
117870
214467
214063
6468902
4764770
7343473
214467
121168
799990
118446
118446
9070211
9070212
111924
111924
111924
112138
112194
111561
111944
117967
112138
112331
112331
112331
112331
112874
112881
117870
117870
117870
112887
112451
112887
112779
112779
112643
112271
111924
112138
112331
799990
112874
112779
112887
112354
121168
117870
6468902
121168
799990
9070211
9070212
111924
112138
112271
112138
112331
112331
112643
112874
117870
117870
117870
117870
112887
112779
112779
4601078
4605151
111680
118166
111680
111924
112138
112331
131166
112779
112887
118136
112364
121168
117966
117967
117870
121168
121168
131166
131166
9059885
9091625
9091626
9188501
9188502
111924
112138
117967
117967
117967
117967
112138
112331
117870
117870
118136
112887
112887
112779
2771247
931125
112472
112484
112664
112275
112315
112145
111747
112176
111846
111827
112027
145702
2672208
3216495
2670794
4374574
111748
112905
134082
130154
130155
118129
118141
117968
118040
145848
9404970
9410338
3216495
145848
145848
931125
931125
145702
145702
145702
145702
145702
130154
130154
130154
130155
130155
130155
134082
9061185
9061200
9067525
9067526
9158194
9158193
9158193
9158194
112027
111747
111846
111846
111846
111747
111748
111748
112315
112664
118040
118040
118040
118040
112275
112905
112905
112905
118141
118129
112145
112176
112176
112176
112176
111827
111827
111827
111827
1087961
112740
112681
111860
112108
111714
111776
112213
4509418
4632952
118080
118111
117933
117927
142893
9398334
9400078
10049695
142893
142893
111776
111714
112108
111860
112681
118111
1087961
1087961
148483
206097
134737
625711
112573
112477
112642
112078
111862
112316
112847
112206
118478
112210
112205
131165
111957
118307
118296
621045
4403796
112773
112928
118357
117893
118202
118015
118205
145628
145648
145635
182992
872994
872995
6470913
6796841
6796841
148483
148483
182992
206097
621045
625711
145628
118478
131165
134737
134737
9061202
112205
112205
111765
112205
112206
112206
112316
112642
111957
112210
112210
145648
112808
112773
112773
112773
118307
112847
118296
118202
117893
117893
118205
118205
112573
112573
112087
112329
112836
111950
118303
2144
112774
112850
112861
112899
118139
117861
117924
2144
112329
117861
111950
112850
112774
118303
112774
118139
112899
112836
112899
112442
112484
112643
111904
112176
112349
130155
117871
130155
9185297
9185298
9097363
9097364
112349
112643
117871
117871
112176
112176
112176
112176
206098
625711
112573
112316
112206
112845
112205
111976
118332
118339
799972
799988
799989
621045
2620703
4594419
3171724
3177217
3177218
3211607
112771
118054
121160
118189
145860
3211607
7342462
145860
206098
621045
625711
121160
118332
799988
799989
2620703
799972
9070221
9070222
112205
112206
112316
112316
112316
112771
118054
112845
118189
118189
112573
112643
112280
112119
4759315
112848
145895
145726
9231326
145726
145726
112119
112119
112643
112848
112616
112253
112102
117845
112139
118492
112173
4625564
112924
112050
117872
117944
932061
9386887
118492
9135777
9135777
9160005
9160006
9135776
9135776
112050
112050
112050
112139
112102
112253
112616
112173
112173
112616
112616
117872
626454
217161
137748
112381
112481
112699
112701
112295
118420
111959
2959734
2620698
2808292
2812209
2811847
3181043
2771249
4618953
4618954
4394712
4632951
112786
118054
118071
130150
112924
121146
118144
145626
145640
142900
177420
217287
145860
9231224
2771249
2811847
145860
177420
626454
626454
2959734
2959734
130150
130150
130150
142900
137748
137748
137748
145626
145626
121146
121146
2620698
9072306
9072307
9281247
111959
112295
112381
112381
118054
118054
118054
118054
118144
112786
112786
118148
118225
118148
112423
112566
112641
112669
112510
112643
112291
112292
112293
112296
112299
112313
112318
112800
118318
6456420
4630267
4630088
121164
121165
117880
145806
4630268
4641200
4630267
121164
121165
112291
112291
112292
112293
112800
112296
112641
112641
112299
112643
112318
112318
112669
112669
118318
112423
112423
112291
112566
117880
112313
2678468
1087895
1087958
5305640
5305639
112575
5305358
117841
112137
118298
118331
2959747
3213977
4403803
4601079
117865
4601079
112137
118298
112575
1087895
1087895
1087958
2783506
112167
112242
799982
4509418
117914
2783506
799982
117914
112167
112242
213843
4764770
118377
112330
112331
145704
799990
799993
112887
112354
117966
117967
117870
145658
214467
214063
4764770
7343473
7343473
214467
214467
145658
145704
145704
145704
145704
118377
118377
799990
799993
145658
9160005
9160006
9188501
9188502
117967
117967
117967
112330
112331
117870
117870
112887
112887
931125
137748
112601
112484
112270
112315
117841
118407
112330
118315
118335
145702
2959750
2811844
2672208
3216495
2670794
4746633
4748668
112782
112884
112905
134082
130154
130155
118129
117968
118040
118238
118037
112252
117876
117944
145627
145901
145848
9410338
4748668
9231323
2811844
3216495
3216495
145901
145848
145848
931125
931125
145702
145702
145702
145702
137748
145627
118407
134082
130154
130154
130154
130155
130155
130155
130155
9085405
9085406
9158194
9158193
9185297
9185298
112252
112270
112315
112315
112330
118040
118040
118315
112601
112905
112905
112884
112884
117876
112782
118129
217161
112642
112291
112746
112322
2959734
3205874
820895
4403796
112771
118063
118109
117893
118202
117897
117905
145624
145695
182992
217287
872994
182992
820895
2959734
3205874
145695
145624
9086798
9086799
9091268
9091269
112291
112642
112642
112771
118109
112322
117905
117905
117893
118202
1087946
112324
112303
118401
118052
112904
112352
117954
118136
118005
127900
146981
145867
6796081
146981
145867
118401
118401
9135777
9135776
112303
112303
112352
112324
112324
118052
118136
112904
112904
118052
1087946
1087946
1087946
1087946
112423
112414
112565
112566
112641
112629
117841
112318
118316
118318
118323
112770
118134
117892
127888
118219
127926
117880
145706
6619822
9473278
118323
118323
118323
127926
112414
112641
112770
112318
112318
112318
118316
118316
118318
112423
112423
112565
112629
112566
117880
118134
117892
134736
931121
1087950
112393
112559
112431
112737
112669
112738
112510
112643
112744
117837
118380
117841
117842
118421
118269
118315
798626
2959744
2810526
2959750
2620697
2675751
2811844
2676593
2679835
3168776
4738312
4746633
4509418
855518
1722
112752
112786
112890
112901
112934
117994
121165
117858
117884
117892
118205
118242
118245
117874
145679
145681
142875
219508
145890
145887
145842
145806
145838
903985
4632953
9404970
9986254
9231323
8168053
8176112
2675751
2675751
2811844
6792710
7345721
1722
145887
145890
145890
9053437
9053437
9053437
903985
2959744
145842
121165
798626
118380
118380
142875
2620697
9135776
9135777
9088633
9088634
9091853
9091854
9096309
9096310
112559
112643
112643
112669
118315
118269
117874
117874
112890
112786
117892
118205
112901
112901
1087950
856346
4510626
4510625
4510530
112893
145701
145906
145760
10371243
145906
145701
112893
112893
112713
112643
112646
112540
4325538
4630267
4630088
118183
117878
4510030
145706
145859
4630268
4641200
4630267
8176259
145859
9135776
9135777
9135777
9135777
9099646
9099647
9099650
9099651
9102853
9102854
9103280
9103279
9135776
9135777
9135776
9135776
9135776
9135777
112646
112643
112713
112713
112540
118183
931125
112643
112731
117836
118444
145702
2672208
3216495
2670794
4869841
118056
130154
130155
117968
118040
117869
117876
145706
6480698
3216495
931125
145702
118444
130154
130155
9136737
9101781
9101782
118040
112643
117869
117876
118056
145766
145795
134737
625711
4883693
1088038
134747
112584
112687
112672
112726
112646
117828
145664
112847
112808
118478
112845
118307
6461473
4403796
2769807
3195198
4757658
4510531
4883739
4883740
4885592
4885593
112786
112771
118058
112773
118054
117187
118356
118359
117893
118202
117897
118015
118205
117873
117927
145648
142891
145700
149287
145817
872995
145860
145832
9408683
10049669
3195198
149287
149287
145860
9053440
625711
145817
145700
145700
145664
142891
118478
134737
9138872
9143083
9135780
9135781
9108272
9108273
9110075
9110076
9110938
9110939
112646
112771
112672
145648
145648
112808
112808
112773
112773
112773
118307
118054
117873
112845
112847
112584
112786
118202
117893
117893
118205
148483
145759
213842
1992738
625711
624280
4764770
4766667
931122
1087693
122249
112687
112735
118371
137004
118389
112847
112808
118478
112845
118296
799988
621045
2620704
2642829
4487343
3205874
820895
4403796
3170728
3207966
4374577
1734
1736
112768
112771
112773
1754
117187
118109
112928
118356
118357
121172
118154
118015
117905
117873
117927
145628
145635
145700
218927
205316
145899
2643016
149287
145883
811778
145740
872994
872995
6470913
4764770
4766667
3170728
6796841
6796841
6796841
7342449
7345712
7343474
149287
1734
1736
148483
148483
148483
213842
820895
820895
811778
621045
621045
625711
625711
931122
1754
145883
3205874
3205874
9203464
9203465
145700
145759
145740
145628
218927
118371
799988
118478
118478
122249
2620704
2620704
9138872
112768
112771
118109
112808
117905
112773
112773
117905
117873
117873
112845
112847
118296
118296
118296
1087693
134724
134735
145738
4883693
4894055
4898459
1087959
112702
117836
136994
136995
118380
112807
118492
118309
118323
6448058
6448085
6448086
2810526
4311283
2812210
2675751
2681318
2679835
820896
4630267
3170728
4746633
4511640
4883739
4764452
4883740
4894283
4374569
4894284
4903413
4885592
4885593
4631843
4630088
112753
112786
112779
112879
1741
137727
130150
137741
121164
130160
117851
118202
118038
117874
127897
145630
145701
145918
145925
145970
145873
145887
145707
145857
145817
145706
903985
4630268
4632953
4641200
9410338
9954582
9986254
9986257
10049657
10318017
4631843
4764452
4630267
4630267
4630267
4630267
9231323
8168053
2675751
2675751
3170728
145873
820896
903985
903985
145925
145887
145887
145817
145857
2812210
2812210
130150
145701
145701
136995
121164
137741
130160
134735
145738
145630
118323
1741
1741
118380
127897
118492
137727
136994
145630
134724
9136737
9135776
9135777
112702
112702
112753
112807
117851
118309
112779
117874
112786
118202
112786
1087959
112712
112729
118378
4794488
131155
145850
145850
145850
118378
112712
134743
134741
214949
1087952
5305640
5305639
5305358
118368
112841
118504
118511
118304
118318
4618956
117996
118148
117880
145689
215071
147530
6479296
9398335
10049696
7343954
147530
215071
118368
118511
134741
134743
9133174
9133175
118318
118304
112841
117880
117880
118148
117847
118303
6461471
2809763
4511150
4469101
112899
118458
117963
118139
117924
219511
219616
7345718
7345718
219616
219616
118458
117847
118303
118139
112899
219617
802398
821189
4730119
4891453
145784
145664
118492
118505
118487
118298
118309
118324
2810523
798510
2620704
4441341
4403790
3195996
4738311
4508136
130145
131156
136986
118106
117857
117889
117897
218921
145896
146982
145885
145812
145740
820903
6470914
8511111
9409093
10049665
9231014
6796080
6796080
145812
146982
146982
145784
802398
820903
820903
218921
145812
145664
136986
145740
798510
219617
118487
118487
118492
130145
2620704
118309
118298
118298
4883693
4891453
118381
117831
118274
118298
4403801
4497656
4883739
4883740
4885592
4885593
118074
118065
118460
118106
131144
118162
145631
145633
145926
146982
8509977
6796080
145926
145926
146982
118381
9136743
118274
118162
118298
118298
131166
799990
4511149
121168
117967
118158
117870
121168
121168
799990
131166
9188501
9188502
117967
117967
117967
118158
117870
117870
117870
931122
118303
4497655
118458
118139
117924
219511
219616
7345718
931122
219616
118458
118458
118303
118139
219097
112937
118417
118264
2812210
820896
4630267
4510624
4630088
118052
114675
117954
118188
117872
117878
146981
4510028
145706
4630268
4641200
4630267
6796081
7345716
146981
820896
820896
2812210
118417
219097
9143336
9143337
117872
118188
118052
134735
4770835
799990
799993
4511149
136984
117966
117967
142900
6468902
134735
142900
136984
136984
799990
799990
799993
117967
117967
117967
118499
118501
118303
118321
4469101
118455
118097
118458
117963
118139
219511
219616
7345718
118321
118321
219616
118455
118458
118499
118501
118458
118097
118303
118139
4469101
118061
118458
118139
219511
219616
145710
7345718
219616
118458
118139
213843
219735
4764770
4770835
137749
118377
118446
118496
131166
150541
150544
6461471
799990
799993
2675749
2809762
2809763
4507882
4503818
4503819
2681318
2680591
4403793
4595899
4403807
4632237
4503544
4742385
4757575
4765904
4630087
2148
118061
131149
130162
136984
130153
121168
118240
118208
145653
145672
142895
142900
214467
2621017
2621077
214063
145905
145909
145707
6468902
6479298
9231239
4632237
4632237
4764770
4764770
10592873
7343473
7343473
145905
145909
150541
150544
150544
150544
214467
214467
2148
7345722
130153
130153
118496
142900
136984
121168
121168
130162
121168
142895
137749
118377
799990
118446
118446
118446
118446
799993
131166
2621077
2621077
2621017
2621017
9188501
9188502
145653
145653
118208
118208
625722
134741
4866333
214949
902770
118368
118407
118452
118506
118511
118316
118318
118323
2790213
2675751
4618956
4738313
4746633
4511640
802971
4895709
118056
134087
131155
118460
118134
118135
118140
118151
118040
118199
118212
127916
127888
127926
145665
145688
217512
215071
215077
147530
1269289
145706
803270
903985
6620345
6623244
6623243
9398335
9400074
9406660
6619822
10589836
9231323
2675751
2675751
2675751
7343954
7343954
7343955
7343955
7344718
147530
215071
215071
215077
215077
625722
903985
903985
902770
145688
127916
145688
217512
118323
118323
118323
118368
118368
118407
118407
118506
118506
118511
118511
118511
118452
127926
127926
134741
134741
134741
134087
1269289
803270
7035923
7471795
9285437
118316
118316
118318
118318
118212
118140
118134
118056
118134
118134
118135
118199
118136
118234
127899
9500702
127899
127899
9283596
118136
118136
205788
213843
4764770
4892570
4898458
4900457
4958317
122249
118377
118380
118278
799969
799990
4403793
4630267
4618956
4746633
4511640
4764452
4631843
4630088
121164
121168
145628
145119
214467
214063
145850
4630268
4641200
6468902
6479298
9986254
4631843
4764452
4764770
4630267
9231323
7343473
7342461
145850
205788
214467
121164
121168
121168
121168
121168
145628
118377
118380
799990
122249
10599009
799969
9168004
9188501
9188502
118278
111163
109442
107248
107248
111163
111540
108955
110558
110558
110558
111505
111506
112138
1087895
1087895
137749
137749
3162143
145760
820903
8176094
820903
93536
93472
4892571
4898460
118329
799995
809122
118052
117954
118136
803267
809122
118329
118329
799995
9146582
9146583
9148755
9148756
118052
118052
118136
118052
111869
111797
111092
110984
110259
117187
110259
110984
111092
625711
2654533
2654756
1087959
1087955
102879
111539
111546
106822
105751
106545
106223
105074
106195
105917
105149
106388
105066
106391
105332
105333
106300
103272
107082
105531
105241
107083
105745
105589
106284
102189
108859
110474
112385
102407
102408
110506
110809
145785
108416
108417
102601
102604
108554
109438
108567
108551
108585
108846
108605
103050
112253
102801
109809
110589
109969
111622
110613
112080
112310
112311
111169
112088
109309
102728
111170
110032
112074
112316
136998
111724
109851
111193
109717
118417
104079
107486
107439
104058
104059
104135
108182
112157
108184
111812
111813
111302
104125
112168
107337
118478
118509
104455
104457
109043
111096
104521
110914
111012
103735
108138
103694
111017
104539
104496
111415
111134
110372
108100
109516
109133
109624
109590
109130
118328
799988
2812588
3189871
4594419
3211607
110249
105449
110300
104779
106164
118048
111051
103597
104937
106170
106862
109414
111750
109416
104370
105981
112356
104230
104196
104545
103928
104604
103850
104575
104333
107957
149702
145633
145873
145880
145812
145839
145860
3189871
3211607
145812
145860
145873
145839
149702
625711
145785
9225528
9225529
118417
118328
799988
118509
118478
110506
110249
110300
110613
111051
111170
111170
111096
111302
111193
110809
111415
111812
111813
111539
111134
111546
110914
111622
112253
111724
111724
112074
112074
112080
112311
111750
112157
110474
112088
112356
112316
112316
111012
112168
110589
111017
118048
112385
112385
1087955
1087959
106641
106107
106108
107084
111262
109539
106170
107872
145646
111262
145646
108560
108605
109536
145967
9154242
9154243
9267825
104685
106452
106483
105408
106493
105862
106243
101768
102992
102230
112422
112425
102628
102622
102041
102806
1116266
104009
104037
103352
107490
104060
103367
108495
104115
109732
104522
101059
98251
98878
100232
101106
99511
99426
98354
97928
97691
97744
112893
104827
104915
104055
99167
97615
136989
99190
104178
99960
106613
104550
104554
100953
104322
104329
99623
9400076
9407187
10049691
10049671
136989
112425
112893
118140
111092
110259
110259
111092
111092
110259
110259
111092
107201
110461
112144
101684
104135
108153
111015
109513
96885
104889
98518
108654
100887
2620779
110461
112144
111015
107491
108495
1446533
1087822
104646
101991
106366
106534
105326
105004
105018
101413
102167
102224
108581
108595
102474
108247
103707
109525
2513954
94655
98903
94710
92793
91598
107593
99481
87754
99495
99406
106792
105662
98441
105981
104043
108465
92334
94471
95894
99704
99713
99789
90006
104229
91850
104590
103875
106548
99556
104246
90667
104633
102662
4763596
102861
105828
105210
103037
102616
101574
102124
107629
101665
103990
110894
101062
100155
100235
101497
101382
104339
110894
108546
107474
110886
110380
110380
110886
109536
105880
1218943
2365229
102035
105309
105210
103219
103220
103232
102117
104002
101062
101277
98702
100692
101504
99011
101237
101475
101212
101488
104267
100955
101366
104245
102224
101894
107901
101636
100181
112786
99282
104156
101315
102681
112786
101558
104709
111546
106107
107083
107084
108375
109432
111622
111204
104108
111262
109624
109540
4501697
110150
110300
110317
218926
145922
145814
7345713
145814
145922
145922
218926
110300
111204
111204
111546
111622
111262
110317
103287
102402
101580
104694
112643
112249
112249
111606
111606
110420
111490
112643
110420
112643
