docket_id,court_id,docket_number_raw
66551748,scotus,No. 96-6167
66266484,scotus,No. 74-32
66233492,scotus,No. 899
66540647,scotus,No. D-1594
66228531,scotus,No. 178
64338186,scotus,No. 11-514
66370807,scotus,No. 90-6260
527431,scotus,716
66208629,scotus,No. 8
66545872,scotus,No. 03-10870
66396565,scotus,No. 92-311
66330179,scotus,No. 85-2045
66458947,scotus,No. 99-9203
66201833,scotus,No. 664; No. 782
66356954,scotus,No. 89-226
66299301,scotus,No. 80-1356
46139,scotus,89-1555
66431919,scotus,No. 96-8242; No. 96-8252; No. 96-8667
66462859,scotus,No. 00-8482
64327445,scotus,No. 10-5600
63777220,scotus,No. 09-8969
66482418,scotus,No. 03-266
66261631,scotus,No. A-421
66506400,scotus,No. 12-6214
66211616,scotus,No. 844
66555392,scotus,No. 83-5460
66374734,scotus,No. 90-7545
66367359,scotus,No. 90-5009
1617062,scotus,176
2154147,scotus,01-8139
2587248,scotus,98-7450
66262162,scotus,No. 73-225
66644571,scotus,No. 17–5899.
66468944,scotus,No. 01-8883
66241643,scotus,No. 1319
66321272,scotus,No. 10-9271
65611406,scotus,No. 13M75.
66502485,scotus,No. 10-7803; No. 10-8059; No. 10-8374; No. 10-8444; No. 10-8594
66422967,scotus,No. 94-9104
66552038,scotus,No. 96-6241
66427687,scotus,No. 120
66439284,scotus,No. 97-6027
66378899,scotus,No. 91-178
66317284,scotus,No. 84-5415
66524247,scotus,No. 05-7869
65624905,scotus,No. 16–401.
66467438,scotus,No. 01-8144
66423603,scotus,No. 94-1794
66424184,scotus,No. 94-9461
66195252,scotus,No. 551
66227308,scotus,No. 714
66403311,scotus,No. 93-8039 (A-682)
65265187,scotus,No. 13–9998.
2391603,scotus,03-7950
66478012,scotus,No. 02-7489
66494415,scotus,No. 04-8864
66649636,scotus,No. 18–6607.
66531562,scotus,No. 99-6977
66346915,scotus,No. 88-136
66431108,scotus,No. 96-8355
65293761,scotus,No. 103
65302556,scotus,No. 788
403880,scotus,93-7430
66339474,scotus,No. 87-376
66410416,scotus,No. 93-9110
2055005,scotus,92-8846
66326000,scotus,No. 85-1095
66506861,scotus,No. 12-7009
66359625,scotus,No. 89-719
64327381,scotus,No. 10-5515
251476,scotus,"Nos. 170, 245"
66382546,scotus,No. 91-755
66348163,scotus,No. 87-7243
66523380,scotus,No. 05-7253
66420134,scotus,No. 94-8058
408646,scotus,37
66510505,scotus,No. 11-5297
66340207,scotus,No. 87-621; No. 87-721
66403281,scotus,No. 93-7996
66382048,scotus,No. 91-473
64334986,scotus,No. 10-10439
66368584,scotus,No. 90-469
66321352,scotus,No. 10-902
66266705,scotus,No. 74-5028
66447754,scotus,No. 98-882
66387182,scotus,No. 91-1314
66363843,scotus,No. 89-6969
66201514,scotus,No. 130
64329307,scotus,No. 10-7108
66331258,scotus,No. 86-5563
66243242,scotus,No. 503
66445785,scotus,No. 98-6253
66209456,scotus,No. 624
66343528,scotus,No. 87-1512
66423508,scotus,No. D-1560
66438975,scotus,No. 97-6079
2165297,scotus,92-1969
66513960,scotus,No. 11-8304
202215,scotus,04-439
66373899,scotus,No. 90-813; No. 90-974
66663274,scotus,No. 83-5483
405233,scotus,156
65618689,scotus,No. 15–7042.
66417599,scotus,No. 94-1024
66408757,scotus,No. 93-944
66449122,scotus,No. 98-8108 (A-678)
66503951,scotus,No. 11-10115
65614222,scotus,No. D–2769.
408937,scotus,352
66509420,scotus,No. 10-1501
66281672,scotus,No. 77-192
66425209,scotus,No. 94-357
66235454,scotus,No. 219
66407845,scotus,No. 93-6579
66518290,scotus,No. 01-10804
66541344,scotus,No. 95-6884
482198,scotus,262
66394947,scotus,No. 92-6349
66288590,scotus,No. 78-6498
66720654,scotus,No. 18–7841.
65293322,scotus,No. 992
66348384,scotus,No. 88-5501
66198568,scotus,No. 457
66363538,scotus,No. 89-6904
65276266,scotus,No. 1014
66196052,scotus,No. 215
65621213,scotus,No. 15–8715.
66505582,scotus,No. 12-5576
66317183,scotus,No. 83-2083
66537064,scotus,No. 00-9742
66247608,scotus,No. 5696
66402805,scotus,No. 92-8913
66530668,scotus,No. 99-6462
66471555,scotus,No. 01-9547
66517801,scotus,No. 01-9997
65282303,scotus,No. 928
66373531,scotus,No. 90-7111
65286672,scotus,No. 141
66289385,scotus,No. 78-1652
66375318,scotus,No. 90-7564
65281681,scotus,No. 988
627405,scotus,17
66643072,scotus,No. 16–8988.
443139,scotus,645
66301202,scotus,No. 81-205
66287182,scotus,No. 78-5861
66201245,scotus,No. 331
66551271,scotus,No. 96-5716
66295183,scotus,No. D-188
66397201,scotus,No. 92-6865
66232902,scotus,No. 975
66539345,scotus,No. 01-564
66262146,scotus,No. 73-5553
66265709,scotus,No. 73-1641
66272578,scotus,No. 75-5844
66256066,scotus,No. 71-6691
66362737,scotus,No. 89-6830
66285309,scotus,No. 77-1808
64326231,scotus,No. 09-10570
66554783,scotus,No. 82-2134
66438210,scotus,No. 97-5509
63778158,scotus,No. 09-10425
66216602,scotus,"No. 1078, Misc."
66462081,scotus,No. 00-8067
66449770,scotus,No. 98-7383
66525278,scotus,No. 05-8401
64338956,scotus,No. 11-6867
66249627,scotus,No. 6635
66238123,scotus,No. 1671
66518191,scotus,No. 01-10702
66212771,scotus,No. 378; No. 437
2519550,scotus,238
65611795,scotus,No. 13–599.
65283327,scotus,No. 447
66481428,scotus,No. 03-5675
66473397,scotus,No. 02-1207
66525368,scotus,No. 05-8380
82771,scotus,282
2519557,scotus,32
66292640,scotus,No. 79-6289
66470804,scotus,No. 01-1525
1578825,scotus,241
2625747,scotus,13-854
66429408,scotus,No. 96-1226
66286645,scotus,No. 78-70
63772149,scotus,No. 09-8547
66236552,scotus,No. 856
66397212,scotus,No. 92-6875
1111446,scotus,93-7762
66727445,scotus,No. 19-911.
66725933,scotus,No. 19-6542
66378017,scotus,No. 90-8124
2442778,scotus,03-10490
66424797,scotus,No. 95-7972
1461843,scotus,01-10043
66511060,scotus,No. 11-5171
66645776,scotus,No. 17–7721.
65621513,scotus,No. 15–9006.
420372,scotus,214
66241122,scotus,No. 1613
66407568,scotus,No. 93-529
66455032,scotus,No. 98-9082
66432404,scotus,No. 96-8731
64339036,scotus,No. 11-7119
66354562,scotus,No. 88-7171
66323278,scotus,No. A-362
66532087,scotus,No. 99-7196
65294604,scotus,Nos. 893 and 894
65293467,scotus,No. 1030
66252085,scotus,No. 70-5389
66546499,scotus,No. 04-5509
66347778,scotus,No. 88-5338
66352622,scotus,No. 88-6593
66195394,scotus,"No. 364, Misc."
66396434,scotus,No. 92-1105
66397223,scotus,No. 92-6885
366163,scotus,"1,073"
66384930,scotus,No. 91-7194
976288,scotus,04-7299
66451494,scotus,No. 98-7829
66351284,scotus,No. 88-6256
65265950,scotus,No. 14–5091.
66488823,scotus,No. 03-8443
66401213,scotus,No. 91-1600
66204054,scotus,No. 25
66240548,scotus,No. 951
65623971,scotus,No. 16–5421.
166149,scotus,03-342
66287035,scotus,No. 78-5731
66386798,scotus,No. D-1087
66360853,scotus,No. 87-6700
66316500,scotus,No. 83-6940
66514328,scotus,No. 11-6251
66381277,scotus,No. 91-469
63771625,scotus,No. 09-8380
66724160,scotus,No. 19-5272
66438366,scotus,No. 97-230
506810,scotus,97
66333651,scotus,No. 86-6328
66219661,scotus,No. 201
66403846,scotus,No. 93-8223
65873736,scotus,Nos. L-51 and L-208
66643953,scotus,No. 17–5238.
66266436,scotus,No. 73-7023
66373374,scotus,No. 90-952
926305,scotus,90-7675
66545704,scotus,No. 03-10671
66432608,scotus,No. 96-8061
459166,scotus,04-1299
66495717,scotus,No. 04-9776; No. 04-9799; No. 04-9800; No. 04-9844; No. 04-9850; No. 04-9932
66447668,scotus,No. 98-681
66650078,scotus,No. 18–7026.
65294169,scotus,No. 1157
66481594,scotus,No. 03-5828
66481834,scotus,No. 03-6078
66489436,scotus,No. 03-934
66388185,scotus,No. 91-7924
66401580,scotus,No. 92-8282
369899,scotus,254
66396647,scotus,No. 92-745; No. 92-1063
66721054,scotus,No. 18–8160.
65288985,scotus,No. 515
65615115,scotus,No. 14–1318.
65615236,scotus,No. 14–1365.
373281,scotus,04-105
66500170,scotus,No. 10-5774
66404404,scotus,No. 93-6495
66374527,scotus,No. 90-1398
65283185,scotus,No. 227; No. 228
66493111,scotus,No. 04-807
64325653,scotus,No. 09-9681
230784,scotus,186
66434022,scotus,No. 96-1400 (A-925)
66442558,scotus,No. 97-9444
65609834,scotus,No. 13–5386.
66384539,scotus,No. 91-6986
65266412,scotus,No. 14–5613.
64327722,scotus,No. 09-10531
45910,scotus,82-331
66516429,scotus,No. 02-7561
66229218,scotus,No. 368
66227777,scotus,No. 1092
65616900,scotus,No. 14–1513.
433470,scotus,38
1280675,scotus,872
65298376,scotus,Nos. 677 and 678
66492818,scotus,No. 04-108
66347079,scotus,No. 88-5085
66202964,scotus,No. 319
66517985,scotus,No. 01-10427
66309435,scotus,No. 82-5531
66415571,scotus,No. 94-6590
401602,scotus,01-9960
66649432,scotus,No. 18–6261.
66251177,scotus,No. 70-253
66727642,scotus,No. 18-9645.
66228521,scotus,No. 163
65271282,scotus,No. 14–8844.
66343665,scotus,No. 87-6616
66333840,scotus,No. 86-6054
66372563,scotus,No. 90-6897
66531288,scotus,No. 99-6909
65268963,scotus,No. 14–476.
66505410,scotus,No. 11-10769
66443702,scotus,No. 98-5220
65612489,scotus,No. 13–8828.
66341399,scotus,No. 87-5675
66474551,scotus,No. 02-1045
66248938,scotus,No. 1119
66490339,scotus,No. 03-9124
66475062,scotus,No. 02-1262
66249121,scotus,No. 6461
66722010,scotus,No. 18–7191.
66287026,scotus,No. 78-5707
64333571,scotus,No. 10-9948
64335343,scotus,No. 10-9543
66240166,scotus,No. 785
66235523,scotus,No. 222
66426114,scotus,No. 95-1389
66298832,scotus,No. 80-6125
66647654,scotus,No. 18–5580.
66329880,scotus,No. 11-564
44701,scotus,78-1118
66488353,scotus,No. 03-8168
66307876,scotus,No. 82-5110
65515870,scotus,No. 97-1067
436576,scotus,89-1433
66387189,scotus,No. 91-1337
66521944,scotus,No. 05-5270
66551042,scotus,No. 96-5724
1264094,scotus,04-7179
322398,scotus,02-10780
66532441,scotus,No. 98-2040
63919011,scotus,No. 91-34
364518,scotus,166
66374415,scotus,No. 90-7248
66317840,scotus,No. 84-5639
66546620,scotus,No. 04-5798
66550827,scotus,No. 96-5358
188327,scotus,"128, 135"
63773793,scotus,No. 09-8391
66352150,scotus,No. 88-6409
66196750,scotus,No. 585
66537170,scotus,No. 00-10011
66375140,scotus,No. 90-7679
66303645,scotus,No. 81-1234
66393489,scotus,No. 92-5740
66552963,scotus,No. 96-6571
65621267,scotus,No. 15–6719.
66350866,scotus,No. 88-1007
65296465,scotus,No. 73
66364411,scotus,No. 89-7257
66460143,scotus,No. 99-10089 (99A1055)
407944,scotus,184
46029,scotus,84-1070
63777378,scotus,No. 09-9935
66511970,scotus,No. 11-583
66514230,scotus,No. 11-6204
66449402,scotus,No. 98-1067
66521988,scotus,No. 05-5649
65279215,scotus,No. 70
1513668,scotus,02-673
65877264,scotus,No. 344-62
440231,scotus,267
2347873,scotus,01-7918
66324908,scotus,No. 10-1296
66663859,scotus,No. 12–1293.
66501899,scotus,No. 10-7378
342878,scotus,02-424
66371777,scotus,No. 90-1183
66402414,scotus,No. 92-521
66363667,scotus,No. 89-1438
66479698,scotus,No. 02-11199
66291657,scotus,No. 79-177
66232578,scotus,No. 699
65276352,scotus,No. 467
65291669,scotus,No. 378
66302181,scotus,No. 81-5407; No. 81-5483
63777690,scotus,No. 09-10144
66242827,scotus,No. 624
66425196,scotus,No. 95-1205
66472373,scotus,No. 01-10366
65292276,scotus,No. 1
66541226,scotus,No. 95-7135
66221908,scotus,"No. 929, Misc."
66478595,scotus,No. 02-1771
64334555,scotus,No. 10-10594
66517091,scotus,No. 02-7903
66202192,scotus,No. 212
66521286,scotus,No. 05-5238
66422294,scotus,No. 94-8596
1285674,scotus,04-6511
65297864,scotus,No. 854
66448629,scotus,No. 98-6514
2441075,scotus,04-5679
66648728,scotus,No. 18–6003.
66370492,scotus,No. 90-688
66509843,scotus,No. 10-10878; No. 10-10939
66377029,scotus,No. 90-1749
1669689,scotus,95-1621
66510376,scotus,No. 11-5137
66451169,scotus,No. 98-7996
1050090,scotus,03-10003
66445275,scotus,No. 98-6160
66478164,scotus,No. 02-10813
66218621,scotus,No. 1029
66399531,scotus,No. 92-1303
66490568,scotus,No. 03-9187
66531402,scotus,No. 99-778
66418837,scotus,No. 94-7491
65629101,scotus,No. 16–8849.
66250593,scotus,No. 6956
66554736,scotus,No. 83-5228
66658876,scotus,No. 17–5309.
66518621,scotus,No. 02-238
66365134,scotus,No. 89-7299
66321238,scotus,No. 10-9108
66404125,scotus,No. 93-8643
66528449,scotus,No. 00-8190
66236759,scotus,No. 1043
66496814,scotus,No. 04M75; No. 04M76; No. 04M77
66449662,scotus,No. 98-7266
64336507,scotus,No. 11-5471
66531927,scotus,No. 99-7321
65287244,scotus,No. 839
66411170,scotus,No. 93-9661
159307,scotus,02-6937
66206460,scotus,No. 483
66475399,scotus,No. 02-9263
66341934,scotus,No. 87-5468
66421600,scotus,No. 94-8640
64335926,scotus,No. 10-11147
66401977,scotus,No. 92-8489
66325725,scotus,No. 10-10175
66455909,scotus,No. 99-7737
66243124,scotus,No. 430
66201025,scotus,No. 246
66432649,scotus,No. 96-8476
337260,scotus,04-8549
66424719,scotus,No. 95-7663
66277592,scotus,No. 76-5474
66510200,scotus,No. 11-25
66325149,scotus,No. 85-227
66272318,scotus,No. 75-431
65298700,scotus,No. 439
52389,scotus,179
66549214,scotus,No. 04-8334
65619900,scotus,No. 14–9998.
65620811,scotus,No. 15–1062.
66419916,scotus,No. 94-7629
66320519,scotus,No. 84-5801
66661095,scotus,No. 12–7321.
66450298,scotus,No. 98-7403
192519,scotus,107
66528597,scotus,No. 99-10021
66361356,scotus,No. 89-6281
140029,scotus,93-5536
1117496,scotus,25
66340923,scotus,No. 87-926
1223634,scotus,121
66555113,scotus,No. 83-173
65617708,scotus,No. 14–1543.
66518413,scotus,No. 01-10949
66312408,scotus,No. 81-2332
66448017,scotus,No. 98-6813
66417210,scotus,No. D-1496
66271026,scotus,No. 74-6639
66424877,scotus,No. 95-8095
66448862,scotus,No. 98-963
66529434,scotus,No. 00-5711
63776311,scotus,No. 09-489
66403430,scotus,No. 93-7579
465196,scotus,03-9382
65628276,scotus,No. 16–8089.
65283979,scotus,No. 335
66518765,scotus,No. 02-5150
66197807,scotus,No. 58; No. 70; No. 120
66360350,scotus,No. 89-523
66725127,scotus,No. 19-6317
2087908,scotus,03-8844
2240915,scotus,02-10712
66648473,scotus,No. 18–6112.
65606932,scotus,No. 13–44.
66550560,scotus,No. 96-5042
1482176,scotus,92-8873
66202132,scotus,No. 92
66397110,scotus,No. 92-6763
66282100,scotus,No. 76-6268
66226822,scotus,No. 751
65629522,scotus,No. 16–1272.
64338475,scotus,No. 11-5210
66499382,scotus,No. 10-5126
66405901,scotus,No. 92-9125
274199,scotus,"Nos. 35, 36"
66332780,scotus,No. 86-603
66225824,scotus,No. 207
65279468,scotus,No. 504
66722375,scotus,No. 18–8613.
66232893,scotus,No. 974
66208110,scotus,No. 115
65609300,scotus,No. 13–7090.
64339129,scotus,No. 11-7412
66485804,scotus,No. 03-7487
65617869,scotus,No. 15–6647.
66419333,scotus,No. 94-7722
66354556,scotus,No. 88-6977
1746587,scotus,01-1264
66222517,scotus,No. 116
64472531,scotus,No. 89-128
95348,scotus,99-5716
66239477,scotus,No. 611
66541682,scotus,No. 95-7173
66477949,scotus,No. 02-1007
63772316,scotus,No. 09-7853
66286019,scotus,No. 78-163
66322700,scotus,No. D-524
66358839,scotus,No. 89-500
66417993,scotus,No. 93-2068
66492294,scotus,No. 03-9883
66240834,scotus,No. 672
66507824,scotus,No. 12-6529
66518680,scotus,No. 02-5055
65264879,scotus,No. 13–1079.
66434853,scotus,No. 97-7830
1620134,scotus,01-9860
2569564,scotus,130
65300279,scotus,No. 335
66226877,scotus,No. 677
66435954,scotus,No. 97-8223
66276482,scotus,No. 75-6892
66399769,scotus,No. 92-7787
382836,scotus,03-1304
66346992,scotus,No. 88-292
76490,scotus,576
66199723,scotus,No. 543
66261034,scotus,No. 72-6899
66447153,scotus,No. 98-6338
66663820,scotus,No. D–2727.
1427559,scotus,01-1538
66541350,scotus,No. 95-7057
63777871,scotus,No. 09-8643
66258233,scotus,No. 72-5677
66463547,scotus,No. 00-8504; No. 00-8522
66450133,scotus,No. 98-7810
66288017,scotus,No. 78-6147
66362457,scotus,No. 89-1074
66474981,scotus,No. 02-9557
66276537,scotus,No. 76-5056
66331250,scotus,No. 86-5516
66447663,scotus,No. 98-675
65629558,scotus,No. 16–9192.
411504,scotus,72-691
66368330,scotus,No. 90-5494
65625452,scotus,No. 16M56.
66413284,scotus,No. 94-5819
66500212,scotus,No. 10-6011
66500794,scotus,No. 10-317
66353826,scotus,No. 88-1598
65295615,scotus,No. 812
66383762,scotus,No. 91-767
66481132,scotus,No. 03-5477
66394843,scotus,No. 92-653
66278259,scotus,No. 76-5820
66392191,scotus,No. 92-5472
66413144,scotus,No. 94-5594
66531798,scotus,No. 99-1002
66375047,scotus,No. 90-7498
66377795,scotus,No. 90-7691
268582,scotus,02-8621
66508741,scotus,No. 12-8523
64344129,scotus,No. 93-7566
66401526,scotus,No. 92-1675
66484296,scotus,No. 03-7030
65606715,scotus,No. 13–8.
66291092,scotus,No. 79-5616
66360416,scotus,No. 89-816
65608626,scotus,No. 13–6594.
66420219,scotus,No. 94-8111
66383681,scotus,No. 91-855
404859,scotus,178
257135,scotus,01-1801
66400177,scotus,No. D-1229
66198905,scotus,No. 70; No. 172
66542175,scotus,No. 95-7828
66399781,scotus,No. 92-7805
66453965,scotus,No. 98-1550
66522317,scotus,No. 05-6415
66301290,scotus,No. 81-5153
66330678,scotus,No. 86-5072
66198971,scotus,No. 200
66480801,scotus,No. 03-5279
66410864,scotus,No. 93-9495
66345935,scotus,No. 87-1648
66204756,scotus,No. 33; No. 501; No. 502; No. 506; No. 518; No. 524; No. 525; No. 540; No. 546; No. 554; No. 136; No. 237; No. 290; No. 328; No. 341; No. 359; No. 367; No. 369
66454766,scotus,No. 98-9306
66352455,scotus,No. 87-1165
64326943,scotus,No. 10-191
66199772,scotus,No. 380
66534240,scotus,No. 99-5484
66302643,scotus,No. 81-878
66329085,scotus,No. 11-9497
965160,scotus,04-8247
65297484,scotus,No. 506
66550498,scotus,No. 96-213
66340922,scotus,No. 87-989
274241,scotus,"Nos. 255, 256"
66485810,scotus,No. 03-7503
66252137,scotus,No. A-522
66250612,scotus,No. 7021
63777258,scotus,No. 09-1008
66483116,scotus,No. 03-6554
66326570,scotus,No. D-553
66198510,scotus,No. 498
66212916,scotus,No. 551
66420228,scotus,No. 94-1237
65273340,scotus,No. 16–8029.
66341424,scotus,No. 87-6013
66273114,scotus,No. 75-819
66431446,scotus,No. 96-1060
66427540,scotus,No. 95-8472
66258393,scotus,No. 72-806
66722992,scotus,No. 18–8716.
66279230,scotus,No. 76-6392
65617952,scotus,No. 14–10144.
66365322,scotus,No. 89-1860
65287233,scotus,No. 744; No. 745; No. 746; No. 747
2194764,scotus,04-7552
66211096,scotus,No. 10
66658913,scotus,No. 17–8808.
66331476,scotus,No. A-386
66450109,scotus,No. 98-7783
81785,scotus,189
66727442,scotus,No. 19-890.
66435694,scotus,No. 97-8508
32485,scotus,04-1657
66377459,scotus,No. 90-1786
66480782,scotus,No. 03-5270
2574933,scotus,741
66553560,scotus,No. 96-7143
66293093,scotus,No. 79-6443
65625826,scotus,No. 16–197.
66454563,scotus,No. 98-1641
272603,scotus,03-9314
66396109,scotus,No. 92-817
66417243,scotus,No. 94-648
66396356,scotus,No. 92-6707
66292690,scotus,No. 79-1645
64334653,scotus,No. 10-885
66353133,scotus,No. 88-1519
65300252,scotus,No. 568
66511115,scotus,No. 11-5708
66295053,scotus,No. 80-5088
66409575,scotus,No. 93-7897
368333,scotus,1399
66490387,scotus,No. 03-9280
2272137,scotus,93-6395
66361749,scotus,No. 89-6530
66546501,scotus,No. 04-5496
65623045,scotus,No. 15–9473.
66290200,scotus,No. 79-246
66535430,scotus,No. 01-6352
66405677,scotus,No. 92-8853
66238928,scotus,No. 211
66350823,scotus,No. 88-956
240063,scotus,513
66408618,scotus,No. 93-6985
66459573,scotus,"No. 128, Orig"
66521752,scotus,No. 05-5994
66404706,scotus,No. 93-8759
66309813,scotus,No. 82-1140
65609935,scotus,No. 13–477.
66465118,scotus,No. 00-9760
65288730,scotus,No. 66
66286797,scotus,No. 78-5324
1362615,scotus,04-5690
66547584,scotus,No. 04-295
66213495,scotus,No. 695
66232192,scotus,No. 577
66457374,scotus,No. 99-8251
66539773,scotus,No. 01-7076
66722587,scotus,No. 18–8864.
66359439,scotus,No. 89-5546
66534115,scotus,No. 99-7725
65284683,scotus,No. 24
66517779,scotus,No. 01-9910
66228537,scotus,No. 188
64329288,scotus,No. 10-6975
465279,scotus,04-529
66298056,scotus,No. 80-1617 (A-814)
66448118,scotus,No. 98-6930
66226144,scotus,No. 239
66469457,scotus,No. 01-9282
66249507,scotus,No. 835
66240290,scotus,No. 663
66527512,scotus,No. 99-8629
66528865,scotus,No. 00-80
66218054,scotus,No. 631
66722232,scotus,No. 18–8667.
66363065,scotus,No. 89-6799
66334889,scotus,No. 86-6594
66200939,scotus,No. 214
66644471,scotus,No. 17–197.
66444885,scotus,No. 98-5805
66347917,scotus,No. 88-331
443429,scotus,70-305
66500332,scotus,No. 10-232
66368375,scotus,No. 90-5584
66532176,scotus,No. D-2126
65268889,scotus,No. 14–7432.
66360303,scotus,No. D-852
66334074,scotus,No. 86-1393
65284711,scotus,No. 903
66344759,scotus,No. D-705
66393991,scotus,No. 91-1877; No. 91-1922
2076968,scotus,02-1046
66506112,scotus,No. 12-6369
66330880,scotus,No. 86-5306
1540379,scotus,03-1184
66406954,scotus,No. 93-5605
64325817,scotus,No. 09-834
66444810,scotus,No. 98-5596
66225945,scotus,No. 361
65612762,scotus,No. 13–7909.
66279366,scotus,No. 76-6369
66284432,scotus,No. 77-1326
66431675,scotus,No. 96-8198
2337173,scotus,93-6350
66454936,scotus,No. 98-7987
66458693,scotus,No. D-2164
66491702,scotus,No. 03-9646
66399600,scotus,No. 92-1496
65269177,scotus,No. 14–7601.
66524263,scotus,No. 05-7915
65620611,scotus,No. 15–8330.
1463171,scotus,04-630
65299440,scotus,No. 1207
66428588,scotus,No. 95-9161
66441729,scotus,No. 97-1997
66644191,scotus,No. 17–5587.
66532755,scotus,No. 98-9671
66271738,scotus,No. 75-5058
66345533,scotus,No. D-701
66323771,scotus,No. 84-6884
66489889,scotus,No. 03-8861
66314766,scotus,No. 83-6634
66287692,scotus,No. 78-6008
66481083,scotus,No. 03-5448
66428318,scotus,No. 95-1732
66524783,scotus,No. 05-835
65294516,scotus,No. 975
65287135,scotus,No. 742
64333395,scotus,No. 10-9485
66361160,scotus,No. 89-1083
66306229,scotus,No. 92
65606972,scotus,No. 13–5248.
66254237,scotus,No. A-1105
66235306,scotus,No. 195
66488090,scotus,No. 03-8457
66387578,scotus,No. 91-7782
66312073,scotus,No. 82-1680
65279966,scotus,No. 375
65286745,scotus,No. 279
66206310,scotus,No. 85
2144737,scotus,02-5984
66244683,scotus,No. 1196
66348273,scotus,No. 88-562
66440155,scotus,No. 97-6665
2433137,scotus,02-1741
66426983,scotus,No. 95-8320
66261451,scotus,No. 73-5049
66488339,scotus,No. 03-8154
66507896,scotus,No. 12-753
66520424,scotus,No. 04-9954
66223585,scotus,No. 680
758555,scotus,02-1588
66254347,scotus,No. 71-6218
66357364,scotus,No. 89-5329
275689,scotus,47
66479654,scotus,No. 02-11175
65272355,scotus,No. 14–9771.
66644218,scotus,No. 17–5612.
66402153,scotus,No. 92-1712
66472640,scotus,No. 01-9860
412958,scotus,03-5664
65621864,scotus,No. 15–8770.
66355812,scotus,No. 88-1902
66208327,scotus,No. 177
64335060,scotus,No. 11-5564
66648524,scotus,No. 17–1606.
66282482,scotus,No. 77-5555
66431025,scotus,No. 96-7988
66514279,scotus,No. 11-5817
66349827,scotus,No. 88-757
66332069,scotus,No. 86-5791
66463710,scotus,No. 00-9024
66234171,scotus,No. 1197
66464666,scotus,No. 00-9093
65283009,scotus,"No. 21, original"
66234397,scotus,No. 1304
66644891,scotus,No. 17–6063.
66469904,scotus,No. 01-1339
66493761,scotus,No. 04-8894
66434332,scotus,No. 96-1627
66327713,scotus,No. 11-8516
66348666,scotus,No. 87-201
66661042,scotus,No. 12–717.
66218016,scotus,No. 800
66356605,scotus,No. 88-7561
66350806,scotus,No. 88-933
66347540,scotus,No. 87-2057
66493486,scotus,No. 04-8600
66547622,scotus,No. 04-461
66727323,scotus,No. 19-6862.
66554491,scotus,No. 82-7007
66420075,scotus,No. 94-7920
66239751,scotus,No. 290
262835,scotus,363
1447698,scotus,93-7089
63777144,scotus,No. 09-9771
66476537,scotus,No. 02-9754
66220850,scotus,No. 669
66458097,scotus,No. 99-8849
64326258,scotus,No. 09-10660
66449527,scotus,No. 98-7068
66662331,scotus,No. 12–9424.
66275470,scotus,No. 72
66286271,scotus,No. 78-136
66367352,scotus,No. 90-5006
65292676,scotus,No. 648
66330079,scotus,No. 85-1826
66348613,scotus,No. 88-5613
66359956,scotus,No. 89-856
66464006,scotus,No. 00-8830
66460083,scotus,No. 99-9436
66363736,scotus,No. 89-1512
66283805,scotus,No. 77-1244
66321331,scotus,No. 10-384
66234406,scotus,No. 1278
2127586,scotus,03-1197
66223474,scotus,No. 286
66477575,scotus,No. 01-1531
66322585,scotus,No. 85-5251
66439903,scotus,No. 97-501
827696,scotus,03-8240
66312298,scotus,No. 82-6661
66553409,scotus,No. 96-1068; No. 96-7493
66546124,scotus,No. 04-159
66359827,scotus,No. 89-597
65617553,scotus,No. 15–6051.
65285535,scotus,No. 429
66262956,scotus,No. D-19
65613693,scotus,No. 13–9866.
66416158,scotus,No. 94-863
66317178,scotus,No. 83-1754
66351861,scotus,No. 87-2073
66454215,scotus,No. 98-9569 (A-1002)
66554071,scotus,No. 83-87
66502720,scotus,No. 10-8021
66455744,scotus,No. 99-812
66224470,scotus,No. 881
65285533,scotus,No. 435
66212910,scotus,No. 378
64332364,scotus,No. 10-8691
66547797,scotus,No. 04-296
65269011,scotus,No. 14–286.
66276081,scotus,No. 76-26
66417782,scotus,No. 94-7229
66239302,scotus,No. 424
65626148,scotus,No. 16–6705.
65619992,scotus,No. 15–7659.
66283454,scotus,No. 77-6173
66532346,scotus,No. 98-1918
66232247,scotus,No. 160
66442556,scotus,No. 97-9443
66403730,scotus,No. 93-1044
66477596,scotus,No. 02-1512
66297998,scotus,No. 80-6131
65606185,scotus,No. 12–10510.
66210213,scotus,No. 159
66290160,scotus,No. 79-287
66474144,scotus,No. 02-9246
66199403,scotus,No. 265
66285429,scotus,No. 77-6763
66546904,scotus,No. 04-6173
66369487,scotus,No. 90-5808
66221666,scotus,No. 1037
66479451,scotus,No. 02-11061
65289114,scotus,No. 469
66466806,scotus,No. 01-653; No. 01-657
65297817,scotus,No. 712
1377878,scotus,93-7314
65271364,scotus,No. 14–677.
2298373,scotus,03-1620
66210655,scotus,No. 318
66259746,scotus,No. 72-1178
66395422,scotus,No. 92-867; No. 92-6318
66403273,scotus,No. 93-7859
66489473,scotus,No. 03-1142
66306219,scotus,No. 81-465
66496633,scotus,No. 04-7537
66453992,scotus,No. 98-1723
66644662,scotus,No. 17–5696.
66489323,scotus,No. 03-9089
66506771,scotus,No. 12-6461
66513939,scotus,No. 11-8219
65271788,scotus,No. 14–8923.
65280620,scotus,No. 959; No. 960
66348140,scotus,No. 87-7159
66259083,scotus,No. 72-1150
64331408,scotus,No. 10-8417
66524072,scotus,No. 05-7579
66462531,scotus,No. 00-8407
66294277,scotus,No. 80-5079
2493855,scotus,02-7042
65277762,scotus,No. 887
66460639,scotus,No. 99-9289
66317213,scotus,No. 84-273
64329092,scotus,No. 09-11567
65264860,scotus,No. 13–1240.
66459243,scotus,No. 99-8119
66220104,scotus,No. 315
66204336,scotus,No. 441
65301448,scotus,No. 275
66529223,scotus,No. 00-5346
66307454,scotus,No. 81-6534
66231030,scotus,No. 1060
66330973,scotus,No. 86-5338
66361955,scotus,No. A-603 (89-6461)
66335993,scotus,No. 85-5402
66462184,scotus,No. 00-8234
66470266,scotus,No. 01-9542
66368989,scotus,No. 90-5666
66233831,scotus,No. 804
66314746,scotus,No. 83-1096
1236013,scotus,146
66415407,scotus,No. 94-6347
66322576,scotus,No. 85-5233
66345983,scotus,No. 87-1893
65627708,scotus,No. 16–7587.
66726707,scotus,No. 19-758
1483347,scotus,01-1341
66482535,scotus,No. 03-6076
66473058,scotus,No. 02-6235
65272412,scotus,No. 14–916.
66247076,scotus,No. 5368
66645641,scotus,No. 17–6952.
66526128,scotus,No. 00-6556
66458278,scotus,No. 99-1587
64335244,scotus,No. 10-1446
66325406,scotus,No. 85-5922
66339292,scotus,No. 86-7009; No. 86-7012; No. 87-5032
66423517,scotus,No. 94-8945
66209657,scotus,No. 617
65293384,scotus,No. 595
66526023,scotus,No. 99-9774
66487922,scotus,No. 03-772
66390804,scotus,No. 91-8593
66517970,scotus,No. 01-10393
2135592,scotus,04-898
66337350,scotus,No. 86-7033
66663399,scotus,No. 83-511
65606831,scotus,No. 13–5113.
65299069,scotus,No. 996
66443614,scotus,No. 98-5165
66281773,scotus,No. 77-346
66319192,scotus,No. 84-1162
66497058,scotus,No. 04-10238
66436868,scotus,No. 97-8291
66268305,scotus,No. 73-6950
65266251,scotus,No. 14–89.
66548319,scotus,No. 04-7201
66330537,scotus,No. 86-37
66206587,scotus,No. 535
66346493,scotus,No. 87-7149
66339784,scotus,No. 87-361
66527507,scotus,No. 99-1786
66312294,scotus,No. 82-6650
66495261,scotus,No. 04-9036
66517214,scotus,No. 02-8144
66446120,scotus,No. 98-6428
65610601,scotus,No. 13–7868.
66217473,scotus,No. 210
66473406,scotus,No. 02-7461
66422026,scotus,No. 94-1535
66519544,scotus,No. 02-5797
2829,scotus,32
66447040,scotus,No. D-2017
66286431,scotus,No. 78-5474
2059473,scotus,03-8612
66491377,scotus,No. 03-1372
66474569,scotus,No. 02-1180
66382006,scotus,No. 90-7134
66511468,scotus,No. 11-6915
66353985,scotus,No. A-937
66543504,scotus,No. 95-5304
66452698,scotus,No. 98-8521
66304962,scotus,No. 81-6297
66300942,scotus,No. 80-6691
66459867,scotus,No. 99-1412; No. 99-6199; No. 99-7763; No. 99-7781; No. 99-7813; No. 99-7821; No. 99-8137; No. 99-8141; No. 99-8144; No. 99-8193; No. 99-8289; No. 99-8291; No. 99-8305; No. 99-8319; No. 99-8354; No. 99-8388; No. 99-8519; No. 99-8574; No. 99-8823
66279296,scotus,No. 76-6235
66352347,scotus,No. 88-1289
66489698,scotus,No. 03A706
66313417,scotus,No. 83-912
66297204,scotus,No. 80-631
66544574,scotus,No. 95-6218
65267511,scotus,No. 14–5742.
66295769,scotus,No. D-201
66379284,scotus,No. 91-5160
66272014,scotus,No. 75-299
66341110,scotus,No. 87-363; No. 87-364
65622868,scotus,No. 15–9195.
66196464,scotus,No. 359
66200632,scotus,No. 246
66375126,scotus,No. 90-7646
66304628,scotus,No. 81-6256
66724152,scotus,No. 19-5283
66457137,scotus,No. 99-7961
66510810,scotus,No. 11-5713
66506266,scotus,No. 12-6420
65609285,scotus,No. 13–7061.
66532242,scotus,No. 98-1649
66413781,scotus,No. 94-5463
66348783,scotus,No. 88-5179
66417013,scotus,No. 94-6972
65277038,scotus,No. 664
66363029,scotus,No. 89-6742
65631113,scotus,No. 1293
66533263,scotus,No. 99-5037
66417072,scotus,No. 94-7046
66371365,scotus,No. 90-6276
66441042,scotus,No. 97-7367
66273901,scotus,No. 75-6368
66319433,scotus,No. D-486
66329061,scotus,No. 11-9228
66399860,scotus,No. 92-7998
66459623,scotus,No. 99-1685
66413518,scotus,No. 94-389
65616515,scotus,No. 15–5777.
66527605,scotus,No. 00-7557
2139657,scotus,04-8089
66727483,scotus,No. 19-6918.
66247255,scotus,No. 5502
66367238,scotus,No. 90-164
66244402,scotus,No. 909
65297277,scotus,No. 154
65297721,scotus,No. 97; No. 99
1119717,scotus,93-99
66213966,scotus,No. 798
66339271,scotus,No. 86-1357
66473593,scotus,No. 02-8769
66252766,scotus,No. 71-648
65292928,scotus,No. 160
66351200,scotus,No. 88-6196
66514988,scotus,No. 02-6220
66725869,scotus,No. 19-6898
1655169,scotus,92-1884
66380699,scotus,No. 91-403
66344235,scotus,No. 87-1666
65278676,scotus,No. 488
66358826,scotus,No. 89-468
377310,scotus,210
65285841,scotus,No. 462
66407096,scotus,No. 93-5522
66414784,scotus,No. 94-561
65628123,scotus,No. 16–8116.
66454532,scotus,No. 98-1648
66325104,scotus,No. 10-10052
66421086,scotus,No. 94-8207
66266465,scotus,No. 73-1950
66196714,scotus,No. 379
65616789,scotus,No. 15–5822.
66299239,scotus,No. 80-6492
66399141,scotus,No. 92-7734
66554991,scotus,No. D-372
66516133,scotus,No. 02-799
216868,scotus,408
65285893,scotus,No. 533
65294978,scotus,No. 243
219271,scotus,277
66465605,scotus,No. 00-9462
66265772,scotus,No. 73-1792
66210757,scotus,No. 148
66543475,scotus,No. 95-5273
65292153,scotus,No. 682
64329697,scotus,No. 10-595
2037972,scotus,02-10065
66488413,scotus,No. 03-8273
65873739,scotus,No. 46004
66206127,scotus,No. 107
66401400,scotus,No. 92-8390
66228542,scotus,No. 193
66646541,scotus,No. 17–8963.
66494509,scotus,No. 04-9157
66389182,scotus,No. 91-685
66271031,scotus,No. 74-6646
66354915,scotus,No. D-749
66402496,scotus,No. 91-8768
66471340,scotus,No. 01-10026
65284913,scotus,No. 322
66338895,scotus,No. 87-418
65291993,scotus,No. 938
65294904,scotus,No. 106
66410704,scotus,No. 93-9378; No. 93-9461
66220549,scotus,"No. 621, Misc."
66351205,scotus,No. 88-6199
65265510,scotus,No. 13–10469.
66532261,scotus,No. 98-1745
66236933,scotus,No. 1026
66297462,scotus,No. 80-5962
66511741,scotus,No. 11-7028
66297762,scotus,No. 80-283
66427474,scotus,No. 95-1395
64330968,scotus,No. 10-8210
65282921,scotus,No. 532
66281117,scotus,No. 77-5087
66722762,scotus,No. 18–9284.
66277090,scotus,No. 76-777
273018,scotus,50
66400992,scotus,No. 92-1533
66243374,scotus,No. 920
66407308,scotus,No. 93-5972
66208388,scotus,No. 386
66237626,scotus,No. 1100
66290149,scotus,No. 79-5322
66468096,scotus,No. 01-1121
66526553,scotus,No. 00-6373
64330435,scotus,No. 10-5589
66646985,scotus,No. 17–9439.
65269185,scotus,No. 14–6960.
66380120,scotus,No. 91-420
66488308,scotus,No. 03-8124
66198872,scotus,No. 75
65270176,scotus,No. 14–7777.
66412284,scotus,No. 94-5371
66424443,scotus,No. 95-5990 (A-263)
66546044,scotus,No. 03-11089
773944,scotus,46
65608816,scotus,No. 13–6214.
65614562,scotus,No. 13M136.
66226410,scotus,No. 388
66553388,scotus,No. 96-1003
66506317,scotus,No. 12-7163 (12A476)
1246310,scotus,03-10089
65612463,scotus,No. 13–8679.
66223911,scotus,No. 750
66360702,scotus,No. 89-5822
66501772,scotus,No. 10-7020
66199226,scotus,No. 332
66496040,scotus,No. 04-8212
66333014,scotus,No. 86-1154
66511921,scotus,No. 11-153; No. 11-5014; No. 11-5035; No. 11-5062; No. 11-5195; No. 11-5387; No. 11-5533; No. 11-5775; No. 11-5783; No. 11-5947
66235669,scotus,No. 542
208862,scotus,03-1036
65286671,scotus,No. 144
66206338,scotus,No. 233
66235269,scotus,No. 106
66507251,scotus,No. 12-6839
66427413,scotus,No. 95-8828
66645489,scotus,No. 17–6071.
65287617,scotus,No. 126
65267846,scotus,No. 13–1352.
66648681,scotus,No. 18–73.
66431231,scotus,No. 96-1547
1352143,scotus,01-1587
64472861,scotus,No. 12-1377
66452921,scotus,No. 98-8475
65618739,scotus,No. 15–7123.
66479675,scotus,No. 02-11185
66211460,scotus,No. 512
263044,scotus,352
66238853,scotus,No. 292
66553779,scotus,No. 95-2088
66535531,scotus,No. 01-6542
67102775,scotus,22-49
66398811,scotus,No. 92-7566
677858,scotus,741
66550350,scotus,No. 95-9493
66402919,scotus,No. 92-7367
66407709,scotus,No. 93-6467
66444450,scotus,No. 98-5814
66251135,scotus,No. 70-168
66399631,scotus,No. 92-7324; No. 92-7450
66314775,scotus,No. 83-1660; No. 83-6381
66413403,scotus,No. 94-5971
66512657,scotus,No. 11-6936
66456860,scotus,No. 99-1123
66432594,scotus,No. 96-7639; No. 96-7686; No. 96-7692
66516175,scotus,No. 02-6927
66723854,scotus,No. 18-9774
66273745,scotus,No. 75-1206
66543136,scotus,No. 95-38
66264023,scotus,No. 73-1212
66341573,scotus,No. 87-6142
66663516,scotus,No. 83-634
66466349,scotus,No. 00-1731
66662476,scotus,No. 12–873.
66224004,scotus,"No. 886, Misc."
63778970,scotus,No. 09-11024
66391304,scotus,No. 92-158
66330328,scotus,No. 85-6951
66277190,scotus,No. 76-614
66479151,scotus,No. 02-10879
66294551,scotus,No. 79-1966
65609974,scotus,No. 13–7025.
1116055,scotus,"16, 17"
1181137,scotus,1269
1556797,scotus,04-8985
66536255,scotus,No. 01-6782
66524683,scotus,No. 05-399
66538427,scotus,No. 01-5493
64337894,scotus,No. 11-312
2580390,scotus,"926, Misc"
66453955,scotus,No. 98-1391
65605663,scotus,No. 12–9419.
1585358,scotus,02-11185
64338111,scotus,No. 11-6460
66486509,scotus,No. 03M42; No. 03M43; No. 03M44
65280545,scotus,No. 556
66473021,scotus,No. 02-1014
66377258,scotus,No. D-1006
66458231,scotus,No. 99-1488
66454302,scotus,No. 98-1622
66326075,scotus,No. 11-6341 (11A290)
66722822,scotus,No. 18–7038.
66343978,scotus,No. 87-1650
66242947,scotus,No. 425
66286678,scotus,No. 78-598
66243190,scotus,No. 689
391016,scotus,03-9154
66551881,scotus,No. 96-6257; No. 96-6263
66471114,scotus,No. 01-1444
66357207,scotus,No. 89-5181
65612908,scotus,No. 13–8700.
63778653,scotus,No. 09-7923
764340,scotus,07-623
454163,scotus,04-7484
65297680,scotus,No. 853
66348247,scotus,No. 88-426
66472459,scotus,No. 01-529
66248539,scotus,No. 959
66474814,scotus,No. 02-9223
64332742,scotus,No. 10-7240
66269912,scotus,No. 74-142
66658978,scotus,No. 18–6659.
66453647,scotus,No. 98-1627
65294946,scotus,No. 182
66382746,scotus,No. 91-6313
65297528,scotus,No. 582
65267454,scotus,No. 14–6492.
66247033,scotus,No. 5292
66316106,scotus,No. 83-1827
66530900,scotus,No. 99-6665
66663839,scotus,No. 12–918.
66395882,scotus,No. 92-6568
66340816,scotus,No. 87-5795; No. 87-5877; No. 87-5885; No. 87-5892; No. 87-5909; No. 87-5913; No. 87-6002
405982,scotus,29
66354719,scotus,No. 88-1700
66385878,scotus,No. 91-6938
66216404,scotus,No. 917
66219666,scotus,No. 111
66537908,scotus,No. 01-141
66545634,scotus,No. 03-10552
66269924,scotus,No. 74-1330
66509645,scotus,No. 10-10580
66725685,scotus,No. 19-6436
66234236,scotus,No. 1124
65606732,scotus,No. 13–5020.
66405064,scotus,No. 93-8579
65269458,scotus,No. 14–7397.
66206197,scotus,No. 268
66250412,scotus,No. 6550
1474609,scotus,06-761
66516907,scotus,No. 02A605
66516083,scotus,No. 02-671
66398153,scotus,No. 92-1042
66433735,scotus,No. 96-1491
65283400,scotus,No. 499
66396883,scotus,No. 92-1116
66383791,scotus,No. 91-762
66243346,scotus,No. 633
2010135,scotus,03-9964
2278845,scotus,03-1257
66463344,scotus,No. 00-8622
66356788,scotus,No. 89-66
66550261,scotus,No. 95-9392
66311410,scotus,No. 82-6389
66533366,scotus,No. 99-5162
65264539,scotus,No. 88-489
66357265,scotus,No. 89-5234
66502602,scotus,No. 10-7274
66542554,scotus,No. 94-2109
66468564,scotus,No. 01-8145
66199765,scotus,No. 344
66235735,scotus,No. 268
66253935,scotus,No. 71-6044
66449928,scotus,No. 98-7560
66521320,scotus,No. 05-5283
64331011,scotus,No. 10-594
66308871,scotus,No. 82-5642
66532488,scotus,No. 98-9147
66330858,scotus,No. 85-2137
66426990,scotus,No. 95-8332
417058,scotus,04-9007
66204834,scotus,No. 659
66268005,scotus,No. 74-687
66409088,scotus,No. 93-7448
66324630,scotus,No. 10-9665
66469849,scotus,No. 01-1272
64336975,scotus,No. 10-10899
66384692,scotus,No. D-1056
66351787,scotus,No. 88-6212; No. 88-6331
66284332,scotus,No. 77-1398
65621101,scotus,No. 15A853.
66385097,scotus,No. 91-6890
66279959,scotus,No. 76-1191
451400,scotus,04-683
66431792,scotus,No. 96-8529
66283875,scotus,No. 77-755
66494183,scotus,No. 04-8078
66547924,scotus,No. 04-7069
441663,scotus,134
66253401,scotus,No. 71-5773
65626344,scotus,No. 16–6956.
66317414,scotus,No. 84-5419
66289562,scotus,No. 78-6333
66454496,scotus,No. 98-8261
66240910,scotus,No. 1344
66542407,scotus,No. 94-1908
66405550,scotus,No. 92-2054
66280609,scotus,No. 76-1613
66523745,scotus,No. 05-7433
66470089,scotus,No. 01-8951
63784731,scotus,No. 92-853
2548458,scotus,191
66214663,scotus,No. 13
66343944,scotus,No. 86-1548
66390455,scotus,No. 91-8315
66349052,scotus,No. 88-711
66547392,scotus,No. 04-6653
66481905,scotus,No. 02-1791
65613569,scotus,No. 13–1144.
64336943,scotus,No. 11-6147
66256190,scotus,No. 71-6864
66271027,scotus,No. 74-6640
328900,scotus,77
66297573,scotus,No. 80-868; No. 80-1076
66321362,scotus,No. 10-1046
66496428,scotus,No. 04-10038
66329591,scotus,No. 11-9991
64337356,scotus,No. 11-6371
64331220,scotus,No. 10-8023
66283835,scotus,No. 77-6305
65284570,scotus,No. 597
66660558,scotus,"No. 65, Original."
66262105,scotus,No. 73-5377
66493954,scotus,No. 04-8469
66336995,scotus,No. 86-1997
66196775,scotus,No. 549
2499460,scotus,02-6923
66505112,scotus,No. 12-5384
65619127,scotus,No. 15–6142.
66343661,scotus,No. 87-6702
66486358,scotus,No. 03-7482
66212903,scotus,No. 430
66441319,scotus,No. 97-2018
66233329,scotus,No. 1106
66402116,scotus,No. 92-1568
66335719,scotus,No. 86-1826
66514757,scotus,No. 01-1624
66307157,scotus,No. 81-6713
66320069,scotus,No. 84-5854
66308139,scotus,No. 82-5263
66355659,scotus,No. 88-7322; No. 88-7356; No. 88-7583
66535857,scotus,No. 01A346
66513284,scotus,No. 11-7852
66414187,scotus,No. 94-6012
66371267,scotus,No. 90-805
66445903,scotus,No. 98-410
66426383,scotus,No. 95-965
66485707,scotus,No. 03-7297
66497143,scotus,No. 04-294; No. 04-8034; No. 04-8477; No. 04-8651; No. 04-8784; No. 04-8802; No. 04-8858; No. 04-8910; No. 04-8999; No. 04-9041; No. 04-9144; No. 04-9443
66524245,scotus,No. 05-7874
66407033,scotus,No. 93-159
65618952,scotus,No. 15–170.
66211083,scotus,No. 636
66281933,scotus,No. 77-5336
66282839,scotus,No. 77-5905
66327607,scotus,No. 11M89
66379085,scotus,No. 91-5039
84163,scotus,111
66494419,scotus,No. 04-8915
66353537,scotus,No. 88-1541
4616498,scotus,16–6250.
66551211,scotus,No. 96-5246
64338427,scotus,No. D-2607
66267360,scotus,No. 74-5520
66318271,scotus,No. 84-5752
66516637,scotus,No. 01-1832; No. 02-154
63777818,scotus,No. 09-812
2077742,scotus,02-744
66521975,scotus,No. 05-5639
66453598,scotus,No. 98-1373; No. 98-1572
66349004,scotus,No. 88-536
65615110,scotus,No. 14–9594.
66328280,scotus,No. 11-1008
872350,scotus,19
66544717,scotus,No. 95-6332
66649788,scotus,No. 18–6865.
66549727,scotus,No. 95-1983
66284164,scotus,No. 77-6274
66300988,scotus,No. 80-6772
66509063,scotus,No. 12-8778
66473813,scotus,No. 02-7406
66313875,scotus,No. A-707
66339496,scotus,No. A-342 (87-731)
66480657,scotus,No. 03-5201
66226803,scotus,No. 713
1599902,scotus,284
66518705,scotus,No. 02-5083
66330559,scotus,No. 86-95
66536780,scotus,No. 00-9491
2469632,scotus,01-1349
66279537,scotus,No. 76-1422
65625333,scotus,No. 16–6283.
65265265,scotus,No. 13–10196.
66478832,scotus,No. 02-10500
66374739,scotus,No. 90-7607
66536874,scotus,No. 00-1783
66281010,scotus,No. 77-80
66537080,scotus,No. 00-9796
66244514,scotus,No. 1093
65302258,scotus,No. 137
66225780,scotus,No. 122
65298074,scotus,Nos. 1004 and 1005
66649380,scotus,No. 18–229.
66643698,scotus,No. 16–9746.
66331188,scotus,No. 86-538
64338159,scotus,No. 11-362
65270287,scotus,No. 14–7880.
64326358,scotus,No. 09-10919
65277097,scotus,No. 507
66319335,scotus,No. 84-5922
65611758,scotus,No. 13–8626.
65614846,scotus,No. 14–280.
66401493,scotus,No. 91-1944
66251599,scotus,No. 70-261
66223220,scotus,No. 455
64332229,scotus,No. 10-7402
66531347,scotus,No. 99-662
66323339,scotus,No. 85-475
64326798,scotus,No. 09-11523
66547891,scotus,No. 04-6703
379849,scotus,191
66206411,scotus,No. 450
66508553,scotus,No. 12-8311
66298107,scotus,No. 80-6178
66442846,scotus,No. 97-9606
66398682,scotus,No. 92-7336
1189528,scotus,03-9046
66332762,scotus,No. 86-935
66263501,scotus,No. 73-6146
66367332,scotus,No. 90-264
66646184,scotus,No. 17–243.
66239373,scotus,No. 478
65606190,scotus,No. 12–1406.
66196904,scotus,No. 403
66368120,scotus,No. 90-99
66384016,scotus,No. 91-1169
66362982,scotus,No. 89-6493
66513821,scotus,No. 11-8178
66309315,scotus,No. 82-5722
66328207,scotus,No. 11-9225
66229754,scotus,No. 869
66214554,scotus,No. 142
66347120,scotus,No. 88-5109
66343135,scotus,No. 87-1492
66452511,scotus,No. D-2068
66647207,scotus,No. 18–17.
66275893,scotus,No. 75-6761
66429881,scotus,No. 96-1264
66253688,scotus,No. 71-5940
66534587,scotus,No. 99-350; No. 99-5935; No. 99-5989
66415509,scotus,No. 94-6536
2099741,scotus,04-1418
66447943,scotus,No. 98-6724
66303459,scotus,No. 81-811
66381295,scotus,No. 91-6382
65286537,scotus,No. 249
64338869,scotus,No. 11-505
435300,scotus,81-497
66346732,scotus,No. 87-7318
276518,scotus,00-346
65270132,scotus,No. 14–7020.
66445573,scotus,No. 98-5817
66351659,scotus,No. 87-1860
66524816,scotus,No. 05-7724
66207294,scotus,No. 832
64332417,scotus,No. 10-9212
65279317,scotus,No. 623
66442250,scotus,No. 97-9219
206,scotus,93-5124
441893,scotus,50
66516562,scotus,No. 02-7798
66466855,scotus,No. 01-1052
66375752,scotus,No. 90-7670
2058440,scotus,92-1511
66720866,scotus,No. 18–8015.
65282973,scotus,No. 173
66414214,scotus,No. 94-6071
66487835,scotus,No. 03-8555
64344271,scotus,No. 94-967
66224180,scotus,"No. 980, Misc."
63778879,scotus,No. 09-10318
66414743,scotus,No. 93-9674
66335071,scotus,No. 86-1587; No. 86-1588
66214693,scotus,No. 71
66521552,scotus,No. 05-5590
66478959,scotus,No. 02-10674
557675,scotus,10-5258
66295149,scotus,No. 79-1883
64344461,scotus,No. 97-2053
63777755,scotus,No. 09-9541
63779053,scotus,No. 09-1292
66277178,scotus,No. 75-1681
65624248,scotus,No. 15-1388.
79555,scotus,406
66321808,scotus,No. 84-1666
66432816,scotus,No. 96-1499
66454627,scotus,No. 98-8264
2019857,scotus,93-5310
66224151,scotus,No. 777
66253742,scotus,No. 71-452
66399629,scotus,No. 92-7301
66457295,scotus,No. 99-8102
66396919,scotus,No. 92-1148
66318488,scotus,No. 84-5923
2061407,scotus,03-5463
66208864,scotus,No. 712
66487613,scotus,No. 03-8241
66460115,scotus,No. 99-9596
66466435,scotus,No. 00-9662
66645495,scotus,No. 17–6385.
66317870,scotus,No. 94
65621067,scotus,No. 15–1095.
65294957,scotus,No. 202
66406020,scotus,No. 93-18
66403113,scotus,No. 93-7723
66489428,scotus,No. 03-9332; No. 03-9383; No. 03-9415
66334419,scotus,No. 86-6533
66381740,scotus,No. 91-5706; No. 91-5753
66554142,scotus,No. 82-1897
65614200,scotus,No. 13–926.
66300733,scotus,No. 80-2013
66513495,scotus,No. 11-8400
66435465,scotus,No. 97-8029
65270021,scotus,No. 14–8002.
66426670,scotus,No. 95-8447
66320319,scotus,No. 84-1557
66311726,scotus,No. 82-940
66221600,scotus,No. 1079
66528976,scotus,No. 00-5032
65267650,scotus,No. 14–6661.
66256004,scotus,No. 71-6557
66237800,scotus,No. 1490
66319068,scotus,No. 84-861
66350010,scotus,No. 88-5840
66240116,scotus,No. 1013
66407029,scotus,No. 92-1961
66538252,scotus,No. 01-5303
64330363,scotus,No. 10-550
63777613,scotus,No. 09-9735
66294586,scotus,No. 79-2024
66426707,scotus,No. 95-8527
26392,scotus,02-7746
66530533,scotus,No. 00-6461
66481415,scotus,No. 03-5666
66427461,scotus,No. 95-1225
192537,scotus,"1,232"
66322513,scotus,No. 85-5146
1119282,scotus,"Nos. 181, 182"
66216584,scotus,"No. 1053, Misc."
66397357,scotus,No. 92-6991
66257574,scotus,No. 72-656
66408832,scotus,No. 93-6663
66434451,scotus,No. 96-1928
66345462,scotus,No. 87-7091
66198846,scotus,No. 211
66332278,scotus,No. 85-6394
326692,scotus,02-1645
65609930,scotus,No. 13–6882.
66367227,scotus,No. 90-158
66444318,scotus,No. 98-5644
65297894,scotus,No. 881
64328734,scotus,No. 09-1578
66448597,scotus,No. 98-946
66202116,scotus,No. 61; No. 66
66259069,scotus,No. 72-1032
66411739,scotus,No. 94-5006
66454994,scotus,No. 98-8979
66250584,scotus,No. 6915
66283353,scotus,No. 76-6204
66266756,scotus,No. 74-5186
65288223,scotus,No. 49; No. 50; No. 64
65271053,scotus,No. 14–8786.
2478619,scotus,02-7278
217216,scotus,513
65267525,scotus,No. 14–6154.
66532167,scotus,No. D-2101
66347658,scotus,No. 88-407
2482394,scotus,01-8614
66503441,scotus,No. 10-8841
66350720,scotus,No. 88-791
66720448,scotus,No. 18–760.
66234883,scotus,No. 879
66465406,scotus,No. 00-9880
66451751,scotus,No. 98-7946
66503870,scotus,No. 11-9395
66404216,scotus,No. 93-1580
666609,scotus,10 ORIG
66307493,scotus,No. 81-6740
66219752,scotus,No. 233
1150474,scotus,89-1714
66659276,scotus,No. 18–7126.
65288008,scotus,No. 837
66649405,scotus,No. 18–6005.
65272643,scotus,No. 14–8293.
66294698,scotus,No. 79-6565
65620066,scotus,No. 14–1091.
65285185,scotus,No. 406
66528663,scotus,No. 99-10107
66443112,scotus,No. 98-89
66229069,scotus,No. 125
58769,scotus,650
66314588,scotus,No. 83-6561
66498499,scotus,No. 09-9972
66349561,scotus,No. 88-714
66356474,scotus,No. 88-7473
65282974,scotus,No. 119
66329437,scotus,No. 11-9748
66341556,scotus,No. 87-6123
66494369,scotus,No. 04-8717
66517234,scotus,No. 02-8171
66531074,scotus,No. 99-6435
64344575,scotus,No. 99-1577
66505826,scotus,No. 12-5785
66525362,scotus,No. 05-8276
66349401,scotus,No. 88-5798
66454362,scotus,No. 98-8803
66646710,scotus,No. 17–1638.
66219659,scotus,No. 88
66270134,scotus,No. 74-599
440342,scotus,04-6516
66368383,scotus,No. 90-5597
2459668,scotus,93-5212
66726562,scotus,No. 19-7026
273567,scotus,"726, 727"
66440976,scotus,No. 97-7247
66464689,scotus,No. 00-9134
1546984,scotus,114
65271936,scotus,No. 14–740.
66379626,scotus,No. 91-5381
65298899,scotus,No. 740
66359486,scotus,No. 89-5823
64330277,scotus,No. 10-7665
66398066,scotus,No. 92-895
66209249,scotus,No. 827
66214458,scotus,No. 352
65290522,scotus,No. 246
66345257,scotus,No. 108
66381733,scotus,No. 91-5689
66471836,scotus,No. 01-9604
66393680,scotus,No. 92-205
66457838,scotus,No. 99-8444
65289969,scotus,No. 249
66539811,scotus,No. 01-7183
65290019,scotus,No. 528
971416,scotus,28
66548461,scotus,No. 03-1250
65300345,scotus,No. 561; No. 562
65617299,scotus,No. 15–6371.
66321193,scotus,No. 10-8821
66465552,scotus,No. 00-8428
66349503,scotus,No. 88-462
66500710,scotus,No. 10-6643
66302451,scotus,No. 81-5611
66297229,scotus,No. 80-809
66526906,scotus,No. 00-677
66325784,scotus,No. 10-10306
65625053,scotus,No. 16M49.
66397568,scotus,No. 92-7122
65286231,scotus,No. 978; No. 979; No. 980; No. 981; No. 982
66239496,scotus,No. 698
262907,scotus,02-10125
66368506,scotus,No. 111
63777842,scotus,No. 09-1155
66500985,scotus,No. 10-6457
66423208,scotus,No. 94-9164
66277040,scotus,No. 76-402
63776934,scotus,No. 09-579
66324591,scotus,No. 85-6119
66322731,scotus,No. 84-1744
66478869,scotus,No. 02-10558
66446771,scotus,No. 98-6357
65619717,scotus,No. 15–904.
65618018,scotus,No. 15–5149.
66531773,scotus,No. 99-792
66277679,scotus,No. 76-923
66522571,scotus,No. 05-6393
66320745,scotus,No. D-504
66316233,scotus,No. 83-2020
66238810,scotus,No. 190
65616989,scotus,No. 15–6013.
66514391,scotus,No. D-2592
66398309,scotus,No. 92-7379
66230927,scotus,No. 1301; No. 1302
66235897,scotus,No. 614
65610982,scotus,No. 13–7667.
1119082,scotus,183
66267353,scotus,No. 74-5241
66333332,scotus,No. 86-1352
66213638,scotus,No. 702
66346918,scotus,No. 88-134
66449165,scotus,No. D-2036
66333183,scotus,No. D-617
66217736,scotus,No. 487
66462548,scotus,No. 00-8536
66498639,scotus,No. 09-10837
66324799,scotus,No. 10-9788
64472586,scotus,No. 91-752
66541077,scotus,No. 95-758
66331507,scotus,No. 85-2064
66458893,scotus,No. 99-9125
65619328,scotus,No. 15–6761.
66529813,scotus,No. 99-1257
2537253,scotus,159
66552326,scotus,No. 96-6540
66493939,scotus,No. 04-8480
66646723,scotus,No. 17–9180.
66406307,scotus,No. 93-5176
66496658,scotus,No. 04-9658
66200142,scotus,No. 756
66336813,scotus,No. 86-1816
66309711,scotus,No. 82-817
66647542,scotus,No. 18–105.
66232911,scotus,No. 216
66489421,scotus,No. 03-637
66293152,scotus,No. 79-6306
66207120,scotus,No. 555
65302314,scotus,No. 108
65273384,scotus,No. 16–8325.
66426675,scotus,No. 95-8473
64326536,scotus,No. 09-11215
66201560,scotus,No. 29
66491027,scotus,No. 03-9729
66455019,scotus,No. 98-9059
66250470,scotus,No. 6583
120662,scotus,77-832
66346390,scotus,No. 87-7026
66454791,scotus,No. 98-9373
66307173,scotus,No. 81-1; No. 81-3
66212423,scotus,No. 215
66550711,scotus,No. 96-5212
65295758,scotus,No. 959
65293658,scotus,No. 523
370067,scotus,03-1467
2062389,scotus,93-1142
66327397,scotus,No. 85-6870
66244529,scotus,No. 1048
66463838,scotus,No. 00-1195
66542948,scotus,No. 94-9687
64331546,scotus,No. 10-7218
66484151,scotus,No. 03-6657
64328751,scotus,No. 10-480
1407963,scotus,03-1598
66425088,scotus,No. 95-7942
66720835,scotus,No. 18–7928.
65283100,scotus,No. 95
66426862,scotus,No. 95-1400
66253965,scotus,No. 71-6091
64325556,scotus,No. 09-11120
66335249,scotus,No. 86-6284
24898,scotus,16
66418754,scotus,No. 94-7438
384482,scotus,03-8301
65272101,scotus,No. 14–1197.
66522917,scotus,No. 05-74
66532267,scotus,No. 98-1774
65264906,scotus,No. 13–9520.
66504629,scotus,No. 11-11064
64330243,scotus,No. 10-7583
125971,scotus,93-5781
66303934,scotus,No. 81-6149
66397162,scotus,No. 92-6819
66515810,scotus,No. 02-7244
66494700,scotus,No. 04-8867
66230873,scotus,No. 1472
66483887,scotus,No. 03-425
66236164,scotus,No. 491
66544622,scotus,No. 95-429
66281830,scotus,No. 77-5156
66457664,scotus,No. D-2141
65627405,scotus,No. 16–7854.
64337028,scotus,No. 11-5575
66415780,scotus,No. 94-5324
66278452,scotus,No. 76-5958
66216947,scotus,No. 26
66526909,scotus,No. 00-684
1227433,scotus,201
66423445,scotus,No. 94-9141
66550580,scotus,No. 96-5066
66489508,scotus,No. 03-7975
66507356,scotus,No. 12-7233
66476643,scotus,No. 02-10284
65610554,scotus,No. 13–7732.
273878,scotus,30
66272904,scotus,No. 75-885
66376495,scotus,No. 90-1770
66536535,scotus,No. 01-6998
66477884,scotus,No. 02-10785
66394116,scotus,No. 92-5847
66202142,scotus,No. 107
63778424,scotus,No. 09-1074
66224124,scotus,"No. 969, Misc."
66262117,scotus,No. 73-5441
66476459,scotus,No. 02-9649
66263847,scotus,No. 72-1379
66325179,scotus,No. 85-1021; No. 85-1022
66419418,scotus,No. 94-7866
66415072,scotus,No. 94-3
1347055,scotus,02-852
1241908,scotus,80-1640; 80-1656
1532140,scotus,173
66347699,scotus,No. 88-5073
66349082,scotus,No. 88-5579
66511332,scotus,No. 11-304
66437914,scotus,No. 97-5132
66402643,scotus,No. 92-8552
66234550,scotus,No. 1111
66390642,scotus,No. 91-8491
66370685,scotus,No. 90-6107
66366850,scotus,No. 89-7761
66498912,scotus,No. 09-11297
66284594,scotus,No. 77-6339
65618323,scotus,No. 14–1280.
66367426,scotus,No. 90-5054
66324570,scotus,No. 85-5963
66364111,scotus,No. 89-6430
66363610,scotus,No. 89-7130
66453418,scotus,No. 98-8638
66384881,scotus,No. 91-6990
66204616,scotus,No. 559
65620904,scotus,No. 15–8556.
66312284,scotus,No. 82-6632
66506206,scotus,No. 12-280
65280824,scotus,No. 462
65606965,scotus,No. 13–47.
66226841,scotus,No. 798
66204006,scotus,No. 252
64344625,scotus,No. 00-1912
2084799,scotus,03-5416
66314744,scotus,No. 82-1074
66321222,scotus,No. 10-9013
66648511,scotus,No. 18–6109.
2054953,scotus,92-8766
66541653,scotus,No. 95-7117
66501859,scotus,No. 10-7306
66397338,scotus,No. 92-6970
66484205,scotus,No. 03-6765
66548109,scotus,No. 04-678
66490844,scotus,No. 03-9306
66417216,scotus,No. D-1466
66382294,scotus,No. 91-6093
65281706,scotus,No. 133
66535576,scotus,No. D-2285
66529038,scotus,No. 00-5111
65301657,scotus,No. 473
6069113,scotus,16-529
65266359,scotus,No. 14–5526.
65623670,scotus,No. 16–5133.
66265130,scotus,No. 73-6770
66466289,scotus,No. 00-1470
66485127,scotus,No. 03M36; No. 03M38
66644024,scotus,No. 17–5308.
66253669,scotus,No. 71-952
66427701,scotus,No. 95-818
127211,scotus,02-8199
66434920,scotus,No. 97-8010
66540039,scotus,No. 01-7672
1381984,scotus,638
66282529,scotus,No. 77-725
2366574,scotus,376
66281937,scotus,No. 77-5393
66249065,scotus,No. 1167
66362855,scotus,No. 89-1175
65299709,scotus,No. 113
65624958,scotus,No. 16M46.
66264939,scotus,No. 73-6512
66646602,scotus,No. 17–1598.
66456384,scotus,No. 99-8164
66304828,scotus,No. 81-6227
1468853,scotus,02-10152
66196167,scotus,No. 136
66315034,scotus,No. 83-1084
66296554,scotus,No. 80-5733
65291842,scotus,No. 405
66273001,scotus,No. 75-5848
66196744,scotus,No. 363
66471040,scotus,No. 01-9653
66239705,scotus,No. 416
65300192,scotus,No. 197
66425224,scotus,No. D-1628
242854,scotus,00-1946
151333,scotus,02-10118
66221107,scotus,No. 810
66422863,scotus,No. 94-8720
66481577,scotus,No. 03-5814
66254832,scotus,No. 71-1348
66538486,scotus,No. 01-5611
66457405,scotus,No. 99-8289
66221099,scotus,No. 956; No. 970; No. 974
65605972,scotus,No. 12–10185.
66644879,scotus,No. 17–6023.
66431470,scotus,No. 96-1205
66503029,scotus,No. 10-8226
66396051,scotus,No. 92-6754
2444021,scotus,01-270
66334995,scotus,No. 86-6642
66288275,scotus,No. 78-6390
157064,scotus,02-8448
64326306,scotus,No. 09-10783
66501628,scotus,No. 10-6955
66664037,scotus,No. 12–8414.
66543466,scotus,No. 95-5242
66454721,scotus,No. 98-9106
217406,scotus,78-911
66661626,scotus,No. 12–1135.
66447170,scotus,No. 98-6375
66510031,scotus,No. 10-11112
63770180,scotus,No. 09-752
66238858,scotus,No. 285
64334706,scotus,No. 10-10124
66421539,scotus,No. 94-8586
66536377,scotus,No. 01-675
65283613,scotus,No. 762
66336558,scotus,No. 87-141
1557600,scotus,93-7434
66346813,scotus,No. 88-38
65280808,scotus,No. 410
66434484,scotus,No. 96-1967
66501613,scotus,No. 09-987; No. 09-991
66282583,scotus,No. 77-5709
66365847,scotus,No. A-193
66287611,scotus,No 78-517; No. 78-5901
2449693,scotus,285
1903353,scotus,01-8494
66724142,scotus,No. 19-5063.
66358539,scotus,No. D-826
66527122,scotus,No. 00-6880
2482050,scotus,02-10036
1498329,scotus,02-9764
66226484,scotus,No. 610; No. 614
66531077,scotus,No. 99-6438
66480955,scotus,No. 03-5365
66474846,scotus,No. 02-9342
66453753,scotus,No. 98-8749
2094460,scotus,04-5461
66420601,scotus,No. 94-1365
66376914,scotus,No. 90-8045
66456955,scotus,No. 99-7991
66523881,scotus,No. 05-6944
66456255,scotus,No. 99-7767
65617339,scotus,No. 15–6099.
66237952,scotus,No. 1148
309854,scotus,93-5233
66372336,scotus,No. 87-7065
274946,scotus,195
66301425,scotus,No. 80-1925
66210455,scotus,No. 311
2496557,scotus,01-925
66238654,scotus,No. 648
66338803,scotus,No. 87-5425
65620296,scotus,No. 15–8190.
66301249,scotus,No. 81-5061
66345873,scotus,No. 88-260
41407,scotus,02-6159
65613102,scotus,No. D–2748.
66428134,scotus,No. 95-8814
120583,scotus,74-730
66241771,scotus,No. 2096
66197550,scotus,No. 11
315497,scotus,02-6021
66469750,scotus,No. 01-9337
66208417,scotus,No. 456
66227811,scotus,No. 123; No. 363; No. 871; No. 899; No. 924; No. 925; No. 952; No. 956; No. 977; No. 988; No. 991; No. 1013; No. 1094; No. 237
66379859,scotus,No. 90-1492
66336676,scotus,No. 87-3
66553938,scotus,No. 96-7984 (A-609)
66381023,scotus,No. 91-5969
66518260,scotus,No. 01-10774
66542875,scotus,No. 94-9615
126207,cadc,10-7174
64321542,cadc,Civil Action No. 10-0022 (PLF)
64324889,cadc,Civil Action No. 19-1021 (TJK)
1622443,cadc,8704
163783,cadc,94-7211
64993860,cadc,"Nos. 81-1437, 81-1480, 81-1520, 81-1523, 81-1547, 81-1590, 81-1639 and 81-1642"
64010792,cadc,Nos. 16660 and 16661
63963634,cadc,No. 6927
65007035,cadc,Nos. 92-5281 to 92-5285
66018022,cadc,No. CIV.A. 96-1285 (RCL)
990364,cadc,7383
64991693,cadc,No. 79-2517
3086372,cadc,14-5279
16613302,cadc,15-1426
63975034,cadc,No. 8030
817816,cadc,87-1758
1305306,cadc,75-2038
393800,cadc,83-1310
225587,cadc,11732
1030358,cadc,92-5249
611127,cadc,11668
63970971,cadc,No. 7436
63925561,cadc,No. 1872
66111382,cadc,No. 3860
852856,cadc,94-1557
593348,cadc,"93-1420, 93-1706 and 94-1053"
546829,cadc,05-5382
2315908,cadc,11131_1
1032008,cadc,92-5208
546823,cadc,05-1411
63937449,cadc,Nos. 5057-5060
65007304,cadc,No. 92-3222
63957684,cadc,No. 6547
192867,cadc,20584_1
2177382,cadc,91-5067
64018143,cadc,Division No. 86-6
1443179,cadc,74-1025
1420136,cadc,84-5115
64322873,cadc,Civil Action No.: 17-cv-2660 (RC)
64348304,cadc,No. 1626
65007863,cadc,No. 03-1423
62626460,cadc,20-1330
63952230,cadc,No. 6204
903,cadc,18-5150
64350085,cadc,No. 1106
63924379,cadc,No. 1855
64319144,cadc,Civil Action No.: 17–0140 (RC)
64348057,cadc,No. 256
2103997,cadc,"10-1121, 10-1137"
53273,cadc,18-3067
2037670,cadc,97-1047
593423,cadc,265_1
65733207,cadc,"Nos. 09-3046, 09-3047, 09-3048"
64347446,cadc,No. 94
63948678,cadc,No. 5903
63999542,cadc,"Nos. 12284, 12356"
17059607,cadc,19-1100
63999739,cadc,No. 12499
64347643,cadc,No. 976
495146,cadc,87-1234
627988,cadc,07-7162
2629665,cadc,13-1074
63928428,cadc,No. 1995
190327,cadc,9736
694644,cadc,19285_1
64349974,cadc,No. 2933
596581,cadc,75-1748
1442528,cadc,96-5110
64350232,cadc,No. 3112
2444619,cadc,73-1737
64348603,cadc,No. 1862
1334292,cadc,72-2105
64347124,cadc,No. 457
64348818,cadc,No. 1979
65006565,cadc,"No. 90-7191, 90-7192"
1390216,cadc,91-1423
378699,cadc,92-5509
1005333,cadc,75-2233
680162,cadc,21936
64347329,cadc,No. 673
64001604,cadc,No. 13138
63926815,cadc,No. 4485
483259,cadc,12416
755300,cadc,73--2170
15738217,cadc,18-7018
65973050,cadc,"MDL Docket No. 1798; Master File No. 07-mc-0014 (RMU); Nos. 07-cv-0051 (RMU), 07-cv-0050 (RMU), 06-cv-0483 (RMU)"
64082866,cadc,No. 00-5163
64093129,cadc,No. 00-5454
197024,cadc,92-1411
64347877,cadc,No. 1260
13474,cadc,19-5139
1292168,cadc,98-3100
1076293,cadc,95-3044
66166256,cadc,"Nos. 23731, 23867"
15949,cadc,19-1071
63921648,cadc,No. 136
335746,cadc,91-3300
1080938,cadc,22415
348251,cadc,93-3010
2272298,cadc,76-1521
64296786,cadc,Civil Action No.: 13-cv-2033 (RC)
1084279,cadc,"11-1280, 11-1322"
14901041,cadc,17-5012
827984,cadc,92-1473
67524243,cadc,22-1151
64016490,cadc,"Nos. 91-1314, 91-1317"
220993,cadc,"08-1284, 08-1285"
64007025,cadc,No. 15699
1266128,cadc,05-3080
705391,cadc,24258
470294,cadc,13306
63955738,cadc,No. 6305
288479,cadc,83-1722
772911,cadc,74--1369
652104,cadc,19414_1
64007337,cadc,"Nos. 15506, 15529, 15530"
826300,cadc,89-5288
546143,cadc,02-1131
853421,cadc,94-3061
6336187,cadc,15-1211; C/w 15-1218; 15-1244; 15-1290; 15-1304; 15-1306; 15-1311; 15-1313; 15-1314; 15-1440; 15-1441
63950105,cadc,No. 5967
1209874,cadc,80-2587
285662,cadc,22110
2468717,cadc,89-5364
63930501,cadc,No. 4785
67177317,cadc,23-7042
65710162,cadc,No. 12-7119
976852,cadc,03-7149
65696284,cadc,No. 11-1119
63990089,cadc,No. 9722
748003,cadc,24816_1
878690,cadc,09-5236
412879,cadc,"96-1226, 96-1238"
210641,cadc,92-7166
942738,cadc,79-1763
923236,cadc,"88-1385 to 88-1390, 88-1393, 88-1400, 88-1406, 88-1421, 88-1452, 88-1459 to 88-1463, 88-1502, 88-1503, 88-1512, 88-1524, 88-1534, 88-1536, 88-1538, 88-1560, 88-1565, 88-1568, 88-1598, 88-1616, 88-1624, 88-1638, 88-1642, 88-1655, 88-1656, 88-1695, 88-1766, 89-1165, 89-1218, 89-1279, 89-1303 and 89-1448"
777425,cadc,82-1034
66110503,cadc,No. 3839
507381,cadc,76-1252
375542,cadc,00-5116 and 00-5302
64324280,cadc,Case No. 1:17-cv-01013 (TNM)
64316449,cadc,Civil Action No.: 12–1734 (RC)
63947818,cadc,No. 5604
63943394,cadc,No. 5469
837081,cadc,91-1051
627536,cadc,21433_1
64165460,cadc,No. 01-3022
448212,cadc,12074_1
523695,cadc,13562
92677,cadc,15570
65007964,cadc,No. 04-1311
122367,cadc,"80-2172, 81-1033"
63922268,cadc,No. 4197
309683,cadc,01-1270
452969,cadc,82-2461
65986791,cadc,Civil Action No. 11-2074 (BAH)
65006985,cadc,"Nos. 92-1046, 92-1047 and 92-1049"
719680,cadc,23098_1
257374,cadc,82-1237
1293193,cadc,07-7113
745590,cadc,19287_1
63739621,cadc,No. 4212
546446,cadc,03-1449
2309997,cadc,88-7118
63932462,cadc,No. 4889
309644,cadc,00-1426
375785,cadc,01-5142
626176,cadc,99-3141
676491,cadc,17776_1
2412724,cadc,90-5386
38267,cadc,19-7106
2431653,cadc,92-5117
2480144,cadc,13299
64347723,cadc,No. 1123
3048199,cadc,14-3055
828520,cadc,"90-3005, 90-3042 and 90-3038"
501875,cadc,96-3053
63921680,cadc,No. 1731
375871,cadc,"01-7185, 01-7186"
65889420,cadc,No. 05-3115
308696,cadc,89-5412
64984715,cadc,No. 73-1713
63975869,cadc,No. 8158
1893249,cadc,10979
428815,cadc,80-2269
194145,cadc,71-1619
64319987,cadc,Civil Action No. 17- 02528 (CKK)
545885,cadc,01-1045
1021727,cadc,10-5299
662201,cadc,76-1008
786825,cadc,72-1136
616415,cadc,12131_1
64349897,cadc,No. 2898
64347461,cadc,No. 98
64997989,cadc,"Nos. 85-1760, 85-1826"
2148756,cadc,90-3203
525388,cadc,74-1450
2122041,cadc,97-3112
65525977,cadc,No. 667
64349075,cadc,No. 2162
67113377,cadc,23-5067
455342,cadc,82-1723
845701,cadc,"10-7071, 10-7087, 10-7113"
2187518,cadc,76-1709
1388604,cadc,82-2401
118999,cadc,"95-7090, 95-7109"
65893400,cadc,No. 05-1435
64349534,cadc,No. 2589
454126,cadc,10-5227
65007953,cadc,No. 04-5429
2096534,cadc,13237_1
691684,cadc,15687
64348759,cadc,No. 1907
67613347,cadc,23-7095
1180396,cadc,14168_1
103157,cadc,"95-3064, 95-3074"
546827,cadc,06-7096
1623619,cadc,9448
279836,cadc,15592
474064,cadc,11239
238589,cadc,88-7131
29283,cadc,19-5272
504161,cadc,11736_1
1923085,cadc,10-5330
2442172,cadc,11040_1
382145,cadc,93-1488
1376865,cadc,83-2119
478973,cadc,11557_1
59932767,cadc,20-5246
65710408,cadc,No. 12-1133
690946,cadc,15750
2164027,cadc,13373
65005798,cadc,"Nos. 89-1707, 89-1777"
572186,cadc,8140
1269556,cadc,75-1365
2430446,cadc,73-1244
64324531,cadc,Civil Action No. 17-1154 (EGS)
545255,cadc,98-3041
63923489,cadc,No. 4244
63332549,cadc,20-5355
217128,cadc,83-2088
64319133,cadc,Civil Action No. 16–2445 (ABJ)
63940856,cadc,No. 5323
349827,cadc,23747
64056851,cadc,No. 96-5280
66050571,cadc,Civil Action No. 12-1789 (JDB)
709578,cadc,21162_1
2114250,cadc,14418_1
64296792,cadc,Civil Action No. 13-2046 (JDB)
2608763,cadc,"13-7115, 14-7025"
64984832,cadc,No. 74-1953
67690421,cadc,22-5249
449857,cadc,78-1294
547061,cadc,07-1422
2163275,cadc,72-1097
64284562,cadc,No. 01-5311
15083,cadc,18-3090
616995,cadc,89-5382
1845156,cadc,86-1105
2240879,cadc,74-1331
64349884,cadc,Nos. 2852 and 2879
124369,cadc,94-7014
64349435,cadc,No. 2524
1930112,cadc,13263
2239673,cadc,88-1710
180941,cadc,07-7045; Consolidated with 07-7046
2180663,cadc,74-1472
185793,cadc,17186_1
66163896,cadc,No. 23012
546203,cadc,02-7063
205362,cadc,75-1615
63969816,cadc,No. 7356
64349133,cadc,No. 2261
1292131,cadc,73-1806
69233,cadc,77-1983
64320624,cadc,Civil Action No. 14-240 (ESH)
2135512,cadc,12638_1
63990018,cadc,No. 9646
699805,cadc,04-1440
948574,cadc,78-1251
65710116,cadc,No. 11-7022
337943,cadc,95-3119
65730177,cadc,No. 09-7103
320498,cadc,11177_1
520775,cadc,74-2086
596885,cadc,10617
64349434,cadc,No. 847
1010882,cadc,91-1025
726962,cadc,24494
1946862,cadc,94-5357
64347535,cadc,Nos. 888 and 890
1252217,cadc,14819_1
65004696,cadc,No. 89-1563
759359,cadc,71-1048
642497,cadc,10363
165209,cadc,85-1696
292623,cadc,89-5137
64319427,cadc,Civil Action No. 14-1055 (DLF)
1091717,cadc,20985
86327,cadc,88-5439
65689544,cadc,No. 10-5307
59686328,cadc,20-1092
1175298,cadc,94-5004
124884,cadc,06-5203
1254375,cadc,94-7092
121513,cadc,90-5224
2103973,cadc,08-5155
496544,cadc,88-7075
518996,cadc,"85-6078, 85-6079"
63923556,cadc,No. 4266
995681,cadc,88-1802
67303739,cadc,22-7114
514908,cadc,88-1564
2460309,cadc,74-1334
976895,cadc,03-3088
766041,cadc,72-1406
410242,cadc,75-1135
64349155,cadc,Nos. 730 and 731
64011177,cadc,No. 16637
189687,cadc,12-7099
64348211,cadc,No. 1585
1043617,cadc,"92-3056, 94-3148"
1400439,cadc,75-1693
691194,cadc,16057
2407703,cadc,79-2066
2001867,cadc,05-7030
64321086,cadc,Civil Action No. 18-724 (JEB)
863109,cadc,83-2063
691232,cadc,16332
160368,cadc,95-5384
65965311,cadc,No. 16-7003
63924495,cadc,No. 4350
64349331,cadc,No. 790
627552,cadc,21522_1
371216,cadc,92-3044
66650675,cadc,"Nos. 4021, 4022"
65003533,cadc,"Nos. 86-1529, 86-1575, 86-1580, 86-1585, 86-1587, 86-1590, 86-1591, 86-1594, 86-1597, 88-1291, 88-1366"
1271629,cadc,74-1751
64318297,cadc,Civil Action No. 14–cv–1271 (KBJ)
850896,cadc,Division 86-6
801081,cadc,85-1205
2329237,cadc,81-2100
65960927,cadc,No. 15-5224
64325158,cadc,Civil Action No. 18-875 (RMC)
64062625,cadc,"Nos. 97-1384, 97-1397"
65008164,cadc,"Nos. 04-1323, 04-1325, 04-1328, 06-1140"
66859008,cadc,22-7101
64349194,cadc,No. 2375
642647,cadc,80-1414
64009553,cadc,No. 16534
64319248,cadc,Civil Action No. 1:15-01459 (CKK)
912955,cadc,12-5374
907107,cadc,11-3086
64985013,cadc,No. 76-1146
879339,cadc,11-1113
64003115,cadc,No. 13651
65966120,cadc,No. 17-7129
66838748,cadc,22-1316
242664,cadc,14417_1
64004386,cadc,No. 14323
1973303,cadc,91-5241
63943867,cadc,No. 5517
1191073,cadc,03-1068
64019739,cadc,No. 93-5339
578662,cadc,84-1438
545868,cadc,02-5047
1696,cadc,18-1157
64323224,cadc,Civil Action No. 18-553 (RMC)
213710,cadc,"86-5572, 86-5573"
65525932,cadc,No. 152
64349444,cadc,No. 2553
14717569,cadc,18-7066
67081636,cadc,23-1069
63930407,cadc,No. 4787
626135,cadc,21169
669613,cadc,18171
6614370,cadc,17-1012
3057907,cadc,15-5120
335838,cadc,97-3042
2089666,cadc,82-2442
195758,cadc,13456_1
65696881,cadc,No. 11-7053
822056,cadc,88-1602
818341,cadc,85-5143
63737607,cadc,No. 4000
1776218,cadc,89-1759
650272,cadc,89-1421
1291943,cadc,97-1274
88297,cadc,13791_1
578614,cadc,81-2009
63932206,cadc,No. 4035
63939760,cadc,No. 5217
1238246,cadc,18974_1
719085,cadc,23870_1
1056519,cadc,95-1340
1037131,cadc,93-1201
63976647,cadc,"Nos. 8098, 8099"
1257061,cadc,10903_1
64007663,cadc,No. 15604
64108887,cadc,No. 00-5313
66099838,cadc,No. 1349
64319909,cadc,Civil Action No. 17-348 (RDM)
63993025,cadc,No. 9818
1390489,cadc,10-5306
64348172,cadc,No. 1516
63925808,cadc,No. 4429
1647812,cadc,11622_1
1296192,cadc,94-1621
65663257,cadc,No. 18-1157
2343686,cadc,78-1134
1485113,cadc,12409
567243,cadc,11437
66674517,cadc,21-7141
64349346,cadc,No. 2457
2212894,cadc,86-1510
697155,cadc,19504
64349455,cadc,No. 2600
63975468,cadc,"Nos. 7841, 7923"
926426,cadc,83-1448
65006961,cadc,No. 91-5337
59951857,cadc,20-3004
781502,cadc,83-1224
64347529,cadc,No. 870
64285898,cadc,No. 01-5268
65004491,cadc,No. 88-5439
802719,cadc,86-5017
2073451,cadc,01-3086
359364,cadc,20267
933331,cadc,78-1096
310247,cadc,05-5284
63141598,cadc,21-7040
65698349,cadc,No. 04-5428
266983,cadc,12-5171
64350206,cadc,No. 3091
2128859,cadc,90-5268
951414,cadc,"77-2106, 78-1646"
63971632,cadc,No. 7512
841043,cadc,91-5242
268374,cadc,14488_1
828580,cadc,89-3185
985980,cadc,9125
63947075,cadc,No. 5930
390472,cadc,82-2092
245980,cadc,85-5167
1498835,cadc,14101_1
63739960,cadc,No. 1690
1284778,cadc,81-2074
2465161,cadc,10679_1
408044,cadc,95-1472
65966284,cadc,No. 17-5166
1331787,cadc,75-1572
64323953,cadc,Case No. 17-cv-1283 (EGS)
355234,cadc,12850
698542,cadc,19949_1
2034167,cadc,93-5093
64995164,cadc,"Nos. 81-2356, 82-1302"
979229,cadc,7895
66834454,cadc,22-7126
9478,cadc,13-1108
64350303,cadc,No. 1195
66095859,cadc,"Nos. 3275, 3276"
65716361,cadc,No. 09-7017
64320626,cadc,Civil Case No. 13-0993 (RJL)
506873,cadc,89-7133
65344479,cadc,20-7111
6774986,cadc,16-1370; C/w 16-1423
64014457,cadc,No. 92-1134
64988843,cadc,No. 80-1549
310901,cadc,76-1972
111657,cadc,12-5254
65007225,cadc,"Nos. 93-5086, 93-5092"
1105984,cadc,88-5171
1290886,cadc,96-3008
1292795,cadc,01-7195
2408923,cadc,91-5432
1159429,cadc,82-2021
63987875,cadc,No. 9407
539597,cadc,92-1078
965620,cadc,"8404, 8403, No. 8481"
1252423,cadc,97-1263
64348325,cadc,No. 345
617340,cadc,20264_1
64005097,cadc,No. 14444
63974026,cadc,No. 7664
696907,cadc,19704
151353,cadc,15312_1
64323816,cadc,Civil Action No. 17-1154 (EGS)
1466586,cadc,"23781, 23782"
64318706,cadc,Civil Action No. 17–479 (TJK)
1769364,cadc,80-1622
666381,cadc,21819
165297,cadc,"05-5142, 04-5369"
2444531,cadc,92-1044
66111456,cadc,No. 3807
2371140,cadc,84-5850
12583,cadc,17-1249
63941485,cadc,No. 5322
63932595,cadc,No. 4803
65958411,cadc,No. 13-5312
66970177,cadc,22-1312
17467225,cadc,18-5261
64347509,cadc,No. 113
2470581,cadc,90-5207
66650910,cadc,No. 1655
858978,cadc,95-3056
64318453,cadc,Case No. 1:18–mc–00044 (TNM)
274379,cadc,87-7195
65709537,cadc,No. 12-1160
1212340,cadc,74-1005
2170337,cadc,75-1495
2054946,cadc,22880_1
546128,cadc,02-5139
796528,cadc,84-5229
64285899,cadc,No. 02-7013
663532,cadc,21601
257442,cadc,83-2027
125310,cadc,93-7047
64124013,cadc,"No. 98-1372; Nos. 98-1385, 00-1488 & 00-1489"
2482271,cadc,77-2064
741043,cadc,71-1586
1099280,cadc,80-2503
64349363,cadc,No. 2445
66908684,cadc,22-7136
481967,cadc,84-5189
798382,cadc,89-7270
1268425,cadc,95-3112
65987626,cadc,Civil Action No. 10-904 (RMC)
286236,cadc,83-1475
64994058,cadc,No. 80-1501
1502908,cadc,84-5815
64347569,cadc,No. 922
1000680,cadc,71-1956
1942259,cadc,72-1936
905322,cadc,79-1821
842617,cadc,90-3001
307603,cadc,09-5147
2417446,cadc,73-1557
1251294,cadc,81-2166
63944906,cadc,No. 5764
65002643,cadc,Nos. 87-7151 to 87-7153
631110,cadc,11-5116
569412,cadc,96-1015
2208461,cadc,94-5097
64317081,cadc,Civil Case No. 02–2280 (RJL)
63980155,cadc,No. 8791
63180044,cadc,20-1499
58425,cadc,82-1681
366806,cadc,24289_1
1229648,cadc,"83-1114, 83-1181"
66162515,cadc,"Nos. 22797, 22911"
468767,cadc,82-2177
125187,cadc,96-1017
65729737,cadc,No. 08-5470
64348019,cadc,No. 1373
65657211,cadc,No. 03-3066
64002978,cadc,"Nos. 13787 and 13808, 13788 and 13809, 13789 and 13810, 13790 and 13811"
235544,cadc,13223
65008373,cadc,No. 10-5319
64019929,cadc,"Nos. 92-1634, 93-1762"
600189,cadc,Division 86-6
65525935,cadc,No. 153
682064,cadc,17946
29901345,cadc,19-1140
427625,cadc,22317
64346917,cadc,No. 96
63928096,cadc,No. 1958
64995704,cadc,"Nos. 82-2423, 82-2443, 82-2488 and 82-2500"
63937571,cadc,No. 5122
65002879,cadc,No. 88-1241
216571,cadc,98-1036
2106306,cadc,"71-1691, 72-1284"
165637,cadc,93-5395
257073,cadc,14215_1
61795,cadc,12807_1
64998908,cadc,No. 80-1607
950113,cadc,79-1943
699253,cadc,20083_1
64993887,cadc,"Nos. 80-2098, 80-2099, 80-2429 and 80-2495"
66924680,cadc,22-1220
930471,cadc,76-1620
149105,cadc,94-5275
590736,cadc,10482_1
216629,cadc,77-2050
64347471,cadc,No. 828
464847,cadc,99-1397
65913557,cadc,No. 07-7098
1825444,cadc,74-1374
64347330,cadc,No. 616
21387,cadc,07-7059
1369849,cadc,91-3291
4586857,cadc,15-7144
65006951,cadc,No. 91-3025
1051988,cadc,93-3113
65659498,cadc,No. 09-5448
63993029,cadc,No. 10011
2484538,cadc,84-5461
391288,cadc,17328_1
2464999,cadc,85-5853
804030,cadc,91-1371
52754,cadc,17-1246
577566,cadc,17557_1
1054485,cadc,95-3116
1453508,cadc,22142_1
700209,cadc,23653_1
8451687,cadc,17-5068
350508,cadc,16742_1
439476,cadc,9731
1418569,cadc,91-5409
281595,cadc,82-2318
64347971,cadc,No. 1375
65681726,cadc,No. 03-5221
831373,cadc,"82-2210, 82-2211, 82-2216, 82-2259, 82-2274 and 82-2275"
1341471,cadc,82-2320
296387,cadc,11850
64990916,cadc,No. 80-1679
152035,cadc,"88-7257, 88-7260"
64317184,cadc,Civil No. 12–cv–734 (KBJ)
546637,cadc,04-3023
977361,cadc,85-5632
65733201,cadc,No. 10-5004
588260,cadc,18035_1
959718,cadc,"6142, 6153, 6154"
144102,cadc,79-1615
64320356,cadc,Civil Action No. 16-2018 (TJK)
6140200,cadc,15-1312 Consolidated with 15-1359
2119926,cadc,71-1898
133999,cadc,"95-7135, 95-7136"
65894571,cadc,No. 06-5319
64294330,cadc,Civil Action No. 13-675 (GK)
533275,cadc,90-7029
1439440,cadc,"13764, 13999"
63939557,cadc,No. 5230
1231820,cadc,77-1775
63931245,cadc,No. 4704
1293099,cadc,"04-1343, 04-1344, 04-1349"
65734773,cadc,No. 10-5283
65940199,cadc,No. 06-5405
1113891,cadc,1032
638170,cadc,83-1595
606821,cadc,16141
64069946,cadc,"Nos. 99-1442, 99-1466, 99-1475 & 99-1523"
16074567,cadc,18-3026
63974566,cadc,No. 7868
168803,cadc,88-7107
348284,cadc,92-7010
674168,cadc,17232
63948691,cadc,No. 5885
64321245,cadc,Civil Action No. 15-355 (RMC)
64316730,cadc,Case No. 16–cv–01455 (TNM)
2142171,cadc,94-3041
2418729,cadc,81-1442
64320371,cadc,Civil Action No. 17-1641 (ABJ)
376390,cadc,04-3138 to 04-3140
66691420,cadc,22-1017
597364,cadc,11196
751406,cadc,72-2208
1707076,cadc,82-1687
221116,cadc,80-1538
291967,cadc,73-2103
66099607,cadc,No. 3362
2071282,cadc,73-1892
546088,cadc,01-1491
2674898,cadc,14-1001
64349184,cadc,No. 2337
195041,cadc,71-2059
577475,cadc,10-5433
64988676,cadc,"Nos. 79-1971, 79-2133"
1086854,cadc,95-1360
65525995,cadc,No. 704
623301,cadc,14768_1
699040,cadc,20007_1
63976261,cadc,No. 8271
66772867,cadc,21-5276
65693452,cadc,No. 04-5094
60114388,cadc,19-5252
1047354,cadc,7771
64350295,cadc,No. 3213
1499978,cadc,73-1566
64350335,cadc,No. 3218
64984851,cadc,"Nos. 75-1670, 75-1674"
440889,cadc,73--1869
223804,cadc,78-2218
526840,cadc,90-7107
64350066,cadc,No. 3008
64990136,cadc,"Nos. 79-2312, 79-2313 and 79-2324"
65696226,cadc,No. 04-7096
698101,cadc,20121_1
384078,cadc,93-5297
1008009,cadc,93-1807
64280226,cadc,"No. 00-1389, 00-1545"
66025666,cadc,CRIM.A. No. 03-0111GKDAR
546384,cadc,03-7129
1272405,cadc,71-1690
2212884,cadc,87-3054
244302,cadc,"75-1920, 75-1941"
1567261,cadc,73-1895
1123558,cadc,02-7016
64349467,cadc,No. 2556
857334,cadc,94-3171
64323134,cadc,Case No. 17-cv-02608 (APM)
64985163,cadc,Nos. 77-2123 to 77-2125
1139271,cadc,82-2170
827308,cadc,88-1778
2619505,cadc,13-7185
1377172,cadc,12897
64348768,cadc,No. 1868
1621878,cadc,9243
64319501,cadc,Case No. 17-cv-00144 (APM)
1892351,cadc,11-5127
1132305,cadc,9582
1010287,cadc,83-2201
546487,cadc,04-1031
474108,cadc,84-5576
2684907,cadc,14-5053
927964,cadc,81-2386
183748,cadc,86-1685
66111378,cadc,No. 3907
64347302,cadc,No. 61
1259272,cadc,14239
663543,cadc,21577
66156699,cadc,No. 20458
63990988,cadc,No. 9780
1697712,cadc,92-3023
64862266,cadc,20-1286
326033,cadc,12944
2466531,cadc,92-1106
65958403,cadc,No. 13-7080
1377143,cadc,83-1922
1292942,cadc,83-1642
2094747,cadc,82-1307
750138,cadc,71-1875
64002868,cadc,"Nos. 13272, 13307"
63954518,cadc,No. 6187
66156777,cadc,"Nos. 19796, 19800, 19919, 19941, 19957"
687630,cadc,23423_1
230597,cadc,13252_1
2332813,cadc,84-5613
961738,cadc,84-5625
1146108,cadc,"14831, 14832"
1348502,cadc,85-1326
2188180,cadc,78-1963
65966126,cadc,No. 16-7130
1281670,cadc,89-3054
601336,cadc,"94-1698, 94-1708"
2614419,cadc,13-7095
6234243,cadc,17-7023
64017101,cadc,"Nos. 92-1396, 92-5158, 92-1214"
545462,cadc,"99-5215, 99-5216"
63992134,cadc,Nos. 9725-9728
492313,cadc,"85-1846, 85-1847, 86-1021, 86-1074, 86-1082, 86-1164 and 86-1187"
65000817,cadc,"Nos. 85-1757, 86-1219"
217956,cadc,13297
65006710,cadc,"Nos. 90-1397, 90-1399 to 90-1401 and 90-1504"
268341,cadc,14626_1
64347897,cadc,No. 1254
255195,cadc,14036
309694,cadc,00-5409
225880,cadc,8498
16641054,cadc,18-1300
378140,cadc,16326
775164,cadc,74-1364
66107040,cadc,"Nos. 1488, 1489"
67525344,cadc,22-3031
1147752,cadc,10666
65720150,cadc,No. 09-5180
338732,cadc,72-2224
1629919,cadc,9279
819222,cadc,88-1447
546652,cadc,05-7017
1299042,cadc,16847
2430482,cadc,96-3030
1133152,cadc,13-1215
545080,cadc,96-7192
2469908,cadc,90-5075
64319354,cadc,Case No. 1:10-cr-00310-RCL-4
221867,cadc,"93-1662, 93-1666"
164152,cadc,95-1538
65720143,cadc,No. 08-1211
64350169,cadc,No. 3074
64165472,cadc,No. 01-5276
295126,cadc,15150_1
1292765,cadc,97-1026
61686837,cadc,20-7077
64034403,cadc,"Nos. 95-1348, 95-1360, 95-1362, 95-1363, 95-1378, 95-1452 and 95-1483"
66917432,cadc,22-3078
18756766,cadc,19-5224
65526026,cadc,No. 711
407834,cadc,"79-2305, 79-2337"
2297260,cadc,85-5841
66919443,cadc,22-5175
841056,cadc,91-3283
66107141,cadc,No. 3751
64878702,cadc,21-5289
64165480,cadc,No. 01-5207
64994064,cadc,"Nos. 81-1025, 81-1705"
673931,cadc,16870_1
2147947,cadc,"02-3073, 02-3121 and 03-3053"
66113223,cadc,No. 3890
64347460,cadc,No. 92
64321929,cadc,Case No. 1:18-cv-01138 (TNM)
163042,cadc,90-5304
381857,cadc,82-1496
817921,cadc,88-7054
2084028,cadc,18211_1
387355,cadc,74-1150
2118311,cadc,13997
4478054,cadc,15-1177
64347924,cadc,No. 1311
439726,cadc,"80-1091, 80-1103"
66114269,cadc,No. 4002
166681,cadc,"00-5081, 00-5084"
2469304,cadc,92-3137
63947076,cadc,No. 5756
2499549,cadc,90-1170
768596,cadc,80-1804
1535814,cadc,93-3175
65517633,cadc,Civil Action Nos. 16-1968 (EGS); 16-1969 (EGS); 16-1970 (EGS); 17-1017 (EGS); 17-1316 (EGS); 18-434 (EGS)
950723,cadc,79-2064
2417966,cadc,81-1153
122947,cadc,00-5280
65911433,cadc,No. 06-1006
616381,cadc,19596_1
64994468,cadc,"Nos. 81-1807, 81-1814"
14570108,cadc,18-5214
63160027,cadc,20-1315
65000177,cadc,"Nos. 85-1846, 85-1847, 86-1021, 86-1074, 86-1082, 86-1164 and 86-1187"
1138478,cadc,93-1416
585542,cadc,71-1568
1311071,cadc,78-1480
2131976,cadc,92-1004
68100290,cadc,23-5300
64984642,cadc,No. 73-1563
1066193,cadc,85-5363
65004869,cadc,No. 89-1535
63935223,cadc,No. 5161
63956198,cadc,No. 6400
64347752,cadc,No. 1148
696633,cadc,18639_1
184460,cadc,"10-1113, 10-1181, 12-1010, 12-1014"
6231270,cadc,16-1059
294954,cadc,14871
597085,cadc,11024_1
1642270,cadc,6629
548554,cadc,95-5361
435721,cadc,90-5242
63982477,cadc,No. 9260
5107240,cadc,16-5174
658641,cadc,21152_1
59914587,cadc,20-3006
1088093,cadc,"92-3237, 92-3246"
64990774,cadc,"Nos. 79-2529, 79-2530, 80-1017 and 80-1024"
1271216,cadc,03-1020
1405969,cadc,88-1067
188744,cadc,20769_1
158004,cadc,08-3017
420357,cadc,75-1250
2265855,cadc,73-2197
64322445,cadc,Civil Action No. 17-cv-1279 (DLF)
376374,cadc,03-1271
301687,cadc,15907_1
282627,cadc,84-5428
64318192,cadc,Case No. 17–cv–2086 (CRC)
183735,cadc,02-5311
546274,cadc,03-1133 and 03-1134
2449710,cadc,89-1463
64023510,cadc,No. 95-1104
25748,cadc,18-7188
63955037,cadc,"Nos. 6298, 6308"
70342206,cadc,25-5184
59737622,cadc,17-7146
755879,cadc,"11-1168, 11-1177"
63937211,cadc,No. 5411
497787,cadc,"87-3076, 88-3020"
1007783,cadc,04-7082
167726,cadc,92-3065
64996198,cadc,"Nos. 84-1340, 84-1464"
2162689,cadc,10946
1497173,cadc,74-1223
966305,cadc,71-1585
64013532,cadc,No. 17976
66630003,cadc,19-5161
644271,cadc,18269
66095304,cadc,No. 1249
2492762,cadc,11971
398485,cadc,77-1443
712092,cadc,81-1770
819223,cadc,89-3033
65709861,cadc,No. 12-7010
64349186,cadc,No. 721
716516,cadc,23386
64990467,cadc,No. 80-1283
118336,cadc,95-5126
954180,cadc,82-1070
1545446,cadc,06-7174
64348596,cadc,No. 1788
63980427,cadc,No. 8751
214997,cadc,01-5383
63947378,cadc,No. 5686
66158761,cadc,"Nos. 21047, 21176"
65962499,cadc,No. 15-7139
1501250,cadc,76-1767
60077636,cadc,20-1112
714090,cadc,81-2349
451603,cadc,19202
139358,cadc,12735
64317855,cadc,Civil Case No. 13–0862 (RJL)
6362771,cadc,15-7023
149103,cadc,02-5003
1094577,cadc,10369
1109392,cadc,1730
63923012,cadc,Patent Appeal No. 1721
65007879,cadc,No. 04-1129
1459237,cadc,74-1616
333246,cadc,9492
60317740,cadc,20-1062
66159352,cadc,"Nos. 21193, 21343"
63975470,cadc,No. 7935
64320491,cadc,Civil Action No. 05-2310 (RCL); Civil Action No. 09-1864 (RCL); Civil Action No. 09-1872 (RCL)
173195,cadc,10999
1090429,cadc,11-1471
68461676,cadc,24-7059
1621895,cadc,9211
1648630,cadc,85-1215
65006580,cadc,No. 90-1503
64349857,cadc,No. 984
285330,cadc,71-1050
63739062,cadc,No. 4119
437311,cadc,9929
501887,cadc,88-1062
64198709,cadc,No. 00-5308
140180,cadc,73-1801
156073,cadc,74-1170
2671462,cadc,13-7012
976542,cadc,02-3042
1479027,cadc,74-1413
2189048,cadc,90-7138
1123515,cadc,96-3102
65004398,cadc,"Nos. 88-1597, 89-1105"
375911,cadc,01-5295
1439677,cadc,12853_1
1138263,cadc,79-1513
586680,cadc,2189_1
1962270,cadc,77-1379
65719346,cadc,No. 08-5226
64996385,cadc,No. 85-1427
63954151,cadc,"Nos. 6328, 6391"
66157916,cadc,No. 21082
65715831,cadc,No. 08-7062
1815812,cadc,01-5036
309555,cadc,00-5362
64288367,cadc,No. 02-5334
824046,cadc,89-7062
145616,cadc,14636
375545,cadc,00-1204
768605,cadc,"80-2297, 80-2302"
1714475,cadc,14920
64996109,cadc,"Nos. 83-1975, 83-1976"
64203329,cadc,No. 01-5329
338876,cadc,91-1561
65656794,cadc,Division No. 94-1
2314406,cadc,12428_1
3006586,cadc,14-5194
84638,cadc,"04-5315, 04-5335"
64995260,cadc,"Nos. 82-1183, 82-1214"
248398,cadc,05-5052
71784,cadc,80-2169
65715822,cadc,No. 07-1336
493582,cadc,88-3074
64349829,cadc,No. 982
64349125,cadc,No. 2227
612665,cadc,11996_1
65962402,cadc,No. 15-5110
194814,cadc,71-1063
63980154,cadc,No. 8924
64349539,cadc,No. 854
65655528,cadc,Division No. 94-1
377798,cadc,79-2488
697929,cadc,"18617, 18626"
65701530,cadc,No. 12-5044
1500000,cadc,73-1721
59789479,cadc,18-5356
1141525,cadc,05-5139
129589,cadc,75-2099
65710695,cadc,No. 11-3075
63979928,cadc,No. 8804
830353,cadc,89-7275
1399638,cadc,97-7201
64347071,cadc,No. 411
114016,cadc,74-1177
656453,cadc,20255
805475,cadc,77-1917
68424102,cadc,24-5079
66190672,cadc,"Nos. 80-1491, 80-1492"
65732646,cadc,No. 09-5411
1418630,cadc,97-1342
1011667,cadc,91-5321
64349327,cadc,No. 2437
64053358,cadc,No. 97-5129
63923617,cadc,No. 1820
768646,cadc,81-2280
65688609,cadc,No. 10-7053
64348584,cadc,No. 1790
64348289,cadc,No. 1638
1248862,cadc,90-1336
88372,cadc,13834
288291,cadc,83-2343
220358,cadc,80-1055
546837,cadc,06-5132
2191417,cadc,81-2227
190152,cadc,21389
65006498,cadc,No. 90-1461
1847672,cadc,87-7107
64319055,cadc,Civil Action No. 14–2069 (ABJ)
63929145,cadc,No. 1962
63946499,cadc,No. 5802
63957768,cadc,No. 6473
64348073,cadc,No. 1450
682213,cadc,18237_1
1457115,cadc,80-1195
63922273,cadc,No. 4168
207263,cadc,76-1970
63941463,cadc,No. 5288
1304963,cadc,75-1544
63955839,cadc,No. 6406
66158058,cadc,No. 20760
63963620,cadc,Original No. 2835
65006801,cadc,No. 89-1365
63977006,cadc,No. 8227
411256,cadc,81-1741
64346931,cadc,No. 248
661654,cadc,21049
64029032,cadc,No. 96-1059
63921672,cadc,No. 1718
64349140,cadc,No. 2250
568203,cadc,16539_1
63976688,cadc,No. 8033
66160621,cadc,No. 22028
2404206,cadc,82-2009
65957264,cadc,No. 13-7195
64028422,cadc,No. 94-1752
18652432,cadc,19-1153
1138091,cadc,07-5158
135097,cadc,85-5301
274509,cadc,76-1540 and 76-1541
546182,cadc,02-5350
68117042,cadc,23-7179
64996276,cadc,"Nos. 84-1077, 84-1126"
64347298,cadc,No. 23
1039316,cadc,92-7100
666394,cadc,21693_1
618050,cadc,12149_1
546914,cadc,04-5350
1622407,cadc,8695
1613816,cadc,89-7088
63930806,cadc,No. 4703
376364,cadc,03-1455
715651,cadc,22911
3029989,cadc,"15-5016, 15-5017"
64349797,cadc,No. 2781
64347027,cadc,No. 322
334946,cadc,9223
673370,cadc,Misc. 1797
63965559,cadc,No. 7068
63972277,cadc,No. 7555
351311,cadc,10780
1358522,cadc,91-3065
64348622,cadc,Nos. 473 and 474
64317940,cadc,Case No. 17–cv–00112 (APM)
521353,cadc,85-1692
997251,cadc,7758
184930,cadc,16534_1
64995043,cadc,No. 82-1942
64002805,cadc,"Nos. 13394, 13406"
65007800,cadc,No. 03-1162
67077970,cadc,22-7064
65682984,cadc,No. 03-7138
66155577,cadc,"Nos. 18833, 18834, 18840"
65728107,cadc,No. 07-3126
2155698,cadc,80-2243
65007001,cadc,"Nos. 91-1362, 91-1367 and 91-1368"
2470701,cadc,88-3011
16192994,cadc,16-1406
737242,cadc,05-5151
11187,cadc,18-1167
1845041,cadc,87-1519
1291930,cadc,97-1516
66110798,cadc,No. 3848
1453497,cadc,91-3019
65894572,cadc,No. 07-5010
2192451,cadc,01-3011
1637015,cadc,6686
2450455,cadc,99-3153
65663227,cadc,17-5225
64350133,cadc,No. 3051
1033852,cadc,92-7085
64348701,cadc,Nos. 1914 and 1915
63274236,cadc,21-7038
65525930,cadc,No. 948
64049716,cadc,No. 97-7191
66109401,cadc,No. 1525
710277,cadc,22302_1
1098657,cadc,74-1948
63975864,cadc,No. 8152
2227578,cadc,76-1878
699482,cadc,19754_1
65987640,cadc,Civil No. 05-1548 (RCL)
1973285,cadc,91-5170
984127,cadc,792
408332,cadc,13466_1
64319345,cadc,Case No. 16-cv-00498 (APM)
443265,cadc,90-5344
63976651,cadc,No. 8319
19134,cadc,18-7174
208802,cadc,81-1974
66062853,cadc,Civ. A. No. 466-69
1495660,cadc,17344_1
64347345,cadc,No. 659
64019651,cadc,No. 93-1468
507472,cadc,83-2328
428814,cadc,81-2101
65008166,cadc,No. 04-1238
64984934,cadc,No. 76-1563
63987309,cadc,No. 9386
373969,cadc,80-1025
2149339,cadc,85-5808
504605,cadc,"91-5253, 91-5254"
377450,cadc,08-1071
240361,cadc,85-5689
2025229,cadc,89-3038
97058,cadc,14632_1
63979923,cadc,No. 8674
63981856,cadc,"Nos. 9077, 9078, 9101, 9133"
730654,cadc,24843
2342644,cadc,78-1962
306379,cadc,80-2270
2216526,cadc,72-1440
1233965,cadc,74-1848
64348850,cadc,No. 574
64988834,cadc,No. 80-1482
63977010,cadc,No. 8185
63973523,cadc,No. 7784
63979788,cadc,No. 8779
65708065,cadc,No. 10-5389
347380,cadc,72-1363
1583972,cadc,16573_1
1430235,cadc,84-5459
191262,cadc,19241_1
1986279,cadc,91-1333
358647,cadc,21258
122002,cadc,80-1722
738846,cadc,24526
254280,cadc,"83-2024, 83-2025"
65000622,cadc,"Nos. 86-1359, 86-1360, 86-1410 and 86-1411"
64349135,cadc,No. 2225
6160902,cadc,16-5073
1513707,cadc,94-7042
64348727,cadc,No. 1918
63970455,cadc,No. 7213
683197,cadc,18267_1
530208,cadc,09-5399
65001874,cadc,No. 88-1064
2440050,cadc,90-5109
64347754,cadc,No. 1078
65007750,cadc,No. 02-1308
681162,cadc,82-1776
63974030,cadc,No. 7762
64317442,cadc,Civil Action No. 14–2035 (RMC)
328750,cadc,"90-5011, 90-5320"
701666,cadc,217
225633,cadc,82-1970
17307553,cadc,17-1098
65959373,cadc,No. 14-5198
64349403,cadc,No. 2499
652089,cadc,19149_1
64350568,cadc,"Nos. 23720, 23747"
66111404,cadc,No. 1571
80758,cadc,12885
352250,cadc,72-1753
457161,cadc,77-1329
66149484,cadc,"Nos. 17891, 18405"
722743,cadc,99-1247
608187,cadc,95-1272
213809,cadc,99-3060
1210015,cadc,79-2235
669608,cadc,18849_1
309621,cadc,00-7259
164953,cadc,02-1002
64347928,cadc,No. 1313
2235764,cadc,84-5478
880678,cadc,73-1455
103736,cadc,"88-5095, 88-5119"
2281359,cadc,73-1416
267585,cadc,86-1661
693239,cadc,16352_1
2490459,cadc,20384
2495850,cadc,75-1094
323550,cadc,90-5071
1473591,cadc,86-5205
711004,cadc,20647
1378761,cadc,89-5444
57799,cadc,72-2232
63979561,cadc,No. 8749
6079499,cadc,16-7051
523268,cadc,77-1760
63972146,cadc,No. 7473
66093705,cadc,No. 1237
762737,cadc,72-1117
981069,cadc,86-5458
64985719,cadc,No. 78-1052
946116,cadc,"95-1222, 95-1223, 95-1298, 95-1299, 95-1302, 95-1303 and 95-1309"
64315079,cadc,Case No. 17-cv-00126 (CRC)
1251541,cadc,81-2314
58920,cadc,74-1469
15867961,cadc,17-1189
439705,cadc,75-1087
1250856,cadc,12044
64996307,cadc,"Nos. 82-2173, 82-2204, 82-2270, 82-2311, 82-2527, 83-1409 and 83-1415"
66244065,cadc,No. 88-7107
1011706,cadc,91-1312
65008039,cadc,No. 02-1367
66037374,cadc,Civil Action No. 06-670 (CKK)(AK)
64318458,cadc,Civil Action No. 17–1863 (BAH)
64350129,cadc,No. 3046
64320860,cadc,Civil Action No. 17-543 (RBW)
64347709,cadc,No. 1103
693730,cadc,19491_1
981079,cadc,87-7087
421923,cadc,96-1486
1007770,cadc,71-1254
309346,cadc,98-1554
2464022,cadc,14665_1
59967995,cadc,20-1008
64347288,cadc,No. 619
18575866,cadc,19-5021
1678967,cadc,91-7101
2486791,cadc,13980
655549,cadc,24555_1
64348280,cadc,No. 333
684656,cadc,18634_1
609096,cadc,95-1455
6247719,cadc,16-5307
64347033,cadc,No. 346
758402,cadc,10-5153
2307473,cadc,80-2357
829936,cadc,89-5429
332233,cadc,16560
66158383,cadc,"Nos. 20336, 20514"
2482469,cadc,72-1927
65733226,cadc,No. 08-5157
259352,cadc,14198
962179,cadc,72-1445
675117,cadc,16702_1
66964402,cadc,22-1204
673036,cadc,17101
64280023,cadc,No. 01-7120
65702032,cadc,No. 12-5080
1346666,cadc,76-1591
64348881,cadc,No. 2018
64349698,cadc,No. 2719
64319906,cadc,Civil Action No.: 15-1823 (RC)
1116271,cadc,72-1783
64006469,cadc,No. 15381
64318885,cadc,Criminal No. 17–186 (JDB)
981095,cadc,"86-5547, 86-5577, 86-5676"
191030,cadc,12249
65965155,cadc,No. 16-7023
63930043,cadc,"Nos. 4684, 4685"
64347564,cadc,No. 876
17423811,cadc,19-5331
517729,cadc,"20480, 20481"
786239,cadc,71-1126
175213,cadc,86-5353
609133,cadc,16135-16139
64996396,cadc,No. 84-1322
66157219,cadc,No. 19798
63982470,cadc,No. 9198
1642792,cadc,90-5353
1042196,cadc,"93-1562, 93-1568, 93-1590 and 93-1624"
61087,cadc,95-7077
715851,cadc,91-3037
64007175,cadc,"Nos. 15414, 15415"
63929153,cadc,No. 2052
66157822,cadc,No. 20025
636570,cadc,21633_1
546600,cadc,04-1311
295253,cadc,15352-15354_1
65963907,cadc,No. 16-5085
64984719,cadc,"Nos. 74-1298, 74-1299"
2047854,cadc,14973
67077711,cadc,21-5193
64320177,cadc,Civil Action No. 15-195 (JEB)
83276,cadc,13391_1
2239306,cadc,76-1272
1933739,cadc,78-2285
2352412,cadc,75-1360
2188360,cadc,12922_1
66104522,cadc,No. 1431
145427,cadc,97-5343
64350802,cadc,No. 74-1258
63949393,cadc,No. 5991
1471580,cadc,91-1487
938964,cadc,79-2231
2137767,cadc,92-1041
63972087,cadc,No. 7527
14324,cadc,13-7060
1046420,cadc,93-1252
920160,cadc,21760
1134199,cadc,13-7032
721874,cadc,90-5236
716692,cadc,22752
109567,cadc,91-3247
2229321,cadc,87-1067
505872,cadc,89-5114
63962113,cadc,Nos. 6844-6848
64349822,cadc,No. 994
707201,cadc,00-5195
956004,cadc,82-1436
65691867,cadc,No. 10-5210
64348050,cadc,No. 1429
309692,cadc,01-1282
63569498,cadc,21-1167
65688200,cadc,No. 09-5223
590917,cadc,10395_1
377447,cadc,08-5078
66160327,cadc,"Nos. 22192, 22194"
7002773,cadc,17-5128
575514,cadc,10-5235
65719609,cadc,"Nos. 08-1297, 08-1336"
2461969,cadc,90-3246
2109641,cadc,12388_1
68078047,cadc,23-7166
766839,cadc,80-2506
231145,cadc,90-5393
64321165,cadc,No. 1:17-cv-2487 (KBJ)
255939,cadc,99-3120
64350240,cadc,Nos. 1157 and 1158
230031,cadc,13855
64316196,cadc,Civil Action No. 16–850 (RMC)
65775719,cadc,21-1270
278137,cadc,80-2271
363453,cadc,05-5309
2668839,cadc,13-5171
65008323,cadc,No. 10-1343
65979100,cadc,Civil Action No. 11-1213 (CKK)
805526,cadc,"86-1203, 86-1408"
65910872,cadc,No. 07-7039
64286208,cadc,No. 01-5396
65961038,cadc,No. 15-5119
546424,cadc,04-1049
682078,cadc,17895_1
91393,cadc,83-1425
64349105,cadc,No. 2150
64001749,cadc,No. 13134
66111385,cadc,No. 3781
583732,cadc,73-1982
376163,cadc,03-3018
64347336,cadc,No. 663
487039,cadc,86-5351
29949658,cadc,18-1321
173230,cadc,10964_1
664718,cadc,21901_1
2482768,cadc,81-1017
309046,cadc,95-1481
618036,cadc,"11833, 11871"
1081556,cadc,01-3067 & 01-3099
167593,cadc,10-7094
65710613,cadc,No. 12-5301
58049,cadc,13354_1
656469,cadc,04-5417
275958,cadc,75-1843
10165,cadc,19-5096
63298555,cadc,22-5031
1598808,cadc,74-1799
1626594,cadc,7207
65887113,cadc,No. 05-5472
63945945,cadc,No. 5693
63973238,cadc,No. 7702
63928644,cadc,No. 2003
64347479,cadc,No. 761
1235185,cadc,87-1051
64984890,cadc,No. 75-2152
152730,cadc,79-2091
65731104,cadc,No. 09-7058
64984885,cadc,"Nos. 75-1064, 75-1152, 75-1289, 75-1379, 75-1386, 75-1387, 75-1388, 75-1567, 75-1614 and 75-1618"
2646772,cadc,14-1039
64347131,cadc,No. 434
64348877,cadc,No. 2003
63970572,cadc,No. 7334
131021,cadc,12927_1
65002154,cadc,No. 85-1515
65732653,cadc,No. 09-7148
2299534,cadc,86-5007
502773,cadc,Division 89-2
63972696,cadc,No. 7486
239765,cadc,85-5355
647642,cadc,18512_1
64984775,cadc,No. 74-1923
2923910,cadc,12-5246
64350579,cadc,No. 72-1595
64988275,cadc,"Nos. 80-1002, 80-1003 and 80-1018"
361888,cadc,23102
64996185,cadc,"Nos. 81-2034, 81-2035, 83-1073, 84-1042 and 84-1410"
65712347,cadc,No. 14-5034
542266,cadc,11-1324
710237,cadc,21581-21584
284501,cadc,75-1600
1424085,cadc,84-5449
64990712,cadc,"Nos. 80-1143, 80-1152, 80-1165 and 80-1176"
773321,cadc,72-1356
2458297,cadc,82-1612
65912456,cadc,No. 06-5392
902180,cadc,"05-5207, 06-5048"
1339057,cadc,85-5850
64348324,cadc,No. 344
950698,cadc,"78-1761, 78-2071"
63924317,cadc,No. 4354
65960924,cadc,No. 15-5178
64067991,cadc,No. 98-7180
65693822,cadc,No. 10-7162
65695553,cadc,No. 10-3057
174680,cadc,13060_1
65964765,cadc,No. 16-7115
753429,cadc,23949
220304,cadc,81-1259
289968,cadc,13019
63932736,cadc,Nos. 4900-4902
309376,cadc,99-5147
454992,cadc,83-1752
1695220,cadc,18940_1
65979103,cadc,Civil Action No. 07-111 (GK)
755430,cadc,11-1242
2051192,cadc,89-3057
64325072,cadc,Case No. 1:16-cv-2230 (TNM)
2494694,cadc,11095_1
64985119,cadc,"Nos. 76-1953, 76-2125"
253479,cadc,13704
853869,cadc,"97-1064, 97-1065, 97-1370 and 97-1398"
119010,cadc,90-5173
65676106,cadc,No. 03-3019
218812,cadc,76-1916
512866,cadc,90-1006
185054,cadc,16616_1
2417712,cadc,82-1795
64993028,cadc,No. 79-1580
63930498,cadc,No. 2112
372204,cadc,75-1104
64349399,cadc,No. 2492
63973707,cadc,No. 7753
1327621,cadc,10-5014
64165477,cadc,No. 00-1517
627508,cadc,02-1308
63930188,cadc,No. 2084
1120048,cadc,06-3070
18541867,cadc,19-5331
2418114,cadc,75-1630
748020,cadc,23885
4112080,cadc,14-5305
64318455,cadc,Civil Action No. 17–1499 (ABJ)
1001865,cadc,90-1366
1717352,cadc,73-1491
1981018,cadc,80-2266
63981763,cadc,No. 8981
319528,cadc,10908_1
1910369,cadc,01-1357
545863,cadc,00-5329
2520088,cadc,6817
63998396,cadc,No. 11971
1235602,cadc,04-5382
649069,cadc,12495_1
65005404,cadc,No. 89-1517
786552,cadc,09-1038
277456,cadc,82-1373
64347295,cadc,"Nos. 596, 597, 598 and 600"
420324,cadc,15606_1
1103187,cadc,07-5411
65658440,cadc,No. 05-1446
64349148,cadc,No. 2300
1078592,cadc,81-1951
64350159,cadc,Nos. 3056 and 3057
929780,cadc,03-7015 & 03-7053
309786,cadc,02-5265
545092,cadc,97-5255
64319260,cadc,Criminal Action No. 18-08 (RDM)
1422255,cadc,74-1340
2635725,cadc,13-5072
240248,cadc,13771_1
1041045,cadc,75-2081
329421,cadc,18853
63937791,cadc,No. 5133
1627434,cadc,15945
1488981,cadc,15657_1
64350242,cadc,No. 1163
2429050,cadc,87-7186
65961051,cadc,No. 15-7067
1122832,cadc,04-7089
96924,cadc,02-3082
65693461,cadc,No. 04-5344
63955202,cadc,No. 6439
971943,cadc,85-5970
64349052,cadc,No. 2157
448206,cadc,83-1521
64347647,cadc,No. 982
989087,cadc,10053
64317787,cadc,Case No: 16–cv–1171–RCL
68073028,cadc,23-3228
2261283,cadc,72-1536
17175060,cadc,18-1285
66099736,cadc,No. 1351
60222852,cadc,20-5085
64350200,cadc,No. 3120
64317958,cadc,Civil Action No. 09–02030 (CKK)
335146,cadc,71-1997
64349259,cadc,No. 767
627537,cadc,21486_1
2505128,cadc,9883
1344414,cadc,16956
64349345,cadc,No. 2442
66148934,cadc,"Nos. 17753, 17755, 17756, 17764"
65728098,cadc,No. 08-3046
64349783,cadc,No. 2783
116868,cadc,14001_1
545755,cadc,74--1923
621279,cadc,19158
996600,cadc,89-7047
2262655,cadc,74-1032
802680,cadc,85-1300
2195032,cadc,72-2177
64347853,cadc,No. 1253
637098,cadc,13919_1
162981,cadc,00-5266
733308,cadc,71-1307
66159948,cadc,"Nos. 21820, 22015"
390723,cadc,75--1018
599096,cadc,88-5196
63966994,cadc,No. 7203
66111455,cadc,No. 3858
66037375,cadc,Civil Action No. 08-0252 (PLF)
190613,cadc,22090
63408798,cadc,22-3028
64988147,cadc,No. 78-2260
63975410,cadc,No. 8223
165669,cadc,7288
714747,cadc,22637
582879,cadc,95-3083
65966204,cadc,No. 17-7131
63951397,cadc,No. 5998
63923570,cadc,No. 4267
64016205,cadc,"Nos. 92-1251, 92-1254"
1866187,cadc,10-1053
691820,cadc,16208-16211
592985,cadc,10532
627979,cadc,08-1078
1150033,cadc,09-3001
1989447,cadc,78-1895
63976129,cadc,No. 8305
2243105,cadc,76-2152
952890,cadc,1257
465230,cadc,03-5303
597820,cadc,"10829, 10830"
768234,cadc,71-1901
397963,cadc,20232_1
65973509,cadc,Civ. A. No. 90-0845
1243680,cadc,71-1510
2343429,cadc,88-3171
63965075,cadc,No. 7057
407658,cadc,"74-1455, 75-1451, 74-1460, 75-1157, 75-1454 and 74-1640"
345351,cadc,23748
641401,cadc,16455_1
63960388,cadc,No. 6685
656591,cadc,20279_1
155795,cadc,00-5143
251699,cadc,14112_1
981704,cadc,7315
63928098,cadc,No. 1976
1286904,cadc,13430
708705,cadc,96-3130
64004433,cadc,No. 14142
64006278,cadc,Nos. 14425-14428
983150,cadc,7205
65891453,cadc,No. 06-7142
792345,cadc,83-2185
709429,cadc,74--2105
1229029,cadc,78-1132
333543,cadc,"17395, 17396"
63966996,cadc,No. 7172
309202,cadc,97-5276 to 97-5281
1125927,cadc,"6929, 6930"
68432153,cadc,24-7047
2520174,cadc,9788
343697,cadc,10658_1
278707,cadc,75-1580
365844,cadc,"10-5385, 10-5402, 11-5149"
508116,cadc,84-1046
64350255,cadc,"Nos. 1170, 1171, and 1172"
309367,cadc,99-1094
191920,cadc,"22760, 22761"
63930151,cadc,No. 2077
64347768,cadc,No. 1160
64347003,cadc,No. 327
64009024,cadc,"Nos. 16143, 16144"
654210,cadc,19237
1791313,cadc,96-7239
412875,cadc,96-3075
2229428,cadc,90-5059
65959394,cadc,No. 15-3013
2180665,cadc,74-1711
829057,cadc,83-1320
133865,cadc,95-5113
66655505,cadc,"Nos. 19445, 19446"
64996383,cadc,"Nos. 84-1280, 84-1282"
68353427,cadc,24-7035
6123613,cadc,16-3102
2330011,cadc,10550
63952228,cadc,No. 6266
64998505,cadc,No. 85-6165
65959319,cadc,No. 13-3020
958685,cadc,81-1029
64348893,cadc,No. 596
64349912,cadc,No. 2910
64348787,cadc,No. 545
65690439,cadc,No. 10-5401
763463,cadc,78-1364
1852382,cadc,13437
75042,cadc,12815_1
187344,cadc,19000-19003
2862616,cadc,14-5205
790483,cadc,23178_1
63947380,cadc,No. 5716
648040,cadc,12430
64318446,cadc,Civil Action No. 17–450 (CKK)
61598579,cadc,20-1104
671172,cadc,23392
65526046,cadc,No. 2343
2468715,cadc,89-1488
64348644,cadc,No. 1863
17284684,cadc,19-5298
65717362,cadc,No. 08-7081
1132846,cadc,90-3087
64350553,cadc,No. 72-1482
547011,cadc,"07-1235, 07-1238"
64283460,cadc,No. 02-7031
698244,cadc,20006
68470601,cadc,24-5110
66105763,cadc,No. 3678
65662158,cadc,No. 15-1338
64007542,cadc,"Nos. 15238, 15303"
63946536,cadc,No. 5730
2239638,cadc,73-1402
191328,cadc,"10125, 10126"
674153,cadc,22140
65696883,cadc,No. 11-1400
193358,cadc,24546
64318787,cadc,Criminal No. 11–129–08 (CKK)
64348076,cadc,No. 1430
64099135,cadc,No. 00-5140
2491577,cadc,95-3178
53979,cadc,19-5322
64350212,cadc,No. 1144
578327,cadc,12025_1
64995583,cadc,"Nos. 81-2271, 81-2389, 81-2394, 81-2395, 81-2396 and 82-1008"
64321251,cadc,Civil Action No. 17-cv-0219 (DLF)
65729740,cadc,No. 08-3113
1011868,cadc,91-3191
293497,cadc,71-1147
63953919,cadc,No. 6226
1928063,cadc,72-1128
977163,cadc,18808_1
181001,cadc,13222
64995307,cadc,No. 81-1951
183220,cadc,85-5344
66650906,cadc,No. 4056
65719345,cadc,No. 08-5226
162720,cadc,"85-5277, 85-5600"
962114,cadc,02-3028
66109377,cadc,No. 3796
65523361,cadc,Civil Action No. 16-1965 (TJK)
174079,cadc,11928_1
78369,cadc,"13-5223, 13-5276, 13-5224, 13-5225"
61390,cadc,14081
791227,cadc,90-5127
2087776,cadc,83-1484
595007,cadc,10651
691699,cadc,"15948, 16049"
751319,cadc,73-1288
770206,cadc,81-2294
890392,cadc,10297_1
17048785,cadc,18-1167
1400951,cadc,86-3004
64097359,cadc,No. 00-1272
205208,cadc,13415_1
64984869,cadc,"Nos. 73-2234, 74-1015, 74-1030, 74-1574, 74-1576, 74-1583, 74-1016, 74-1018, 74-1573, 74-1578, 74-1235, 74-1357, 74-1378 to 74-1381, 74-1521, 74-1536 and 74-1537, 74-1564 to 74-1570, 74-1588 and 74-1589, 74-1595 to 74-1598, 74-1630, 74-1631, 74-1669 to 74-1674, 74-1676, 74-1678 to 74-1683, 74-1685 to 74-1693, 74-1800 and 74-1897"
149091,cadc,06-3090
65008103,cadc,No. 06-5014
317758,cadc,80-2274
1160309,cadc,89-1101
63990024,cadc,Nos. 9653-9656
97346,cadc,91-1417
65712351,cadc,No. 14-5043
65706553,cadc,No. 08-5146
63936530,cadc,No. 4801
2440044,cadc,17648_1
48465,cadc,18-1118
64349903,cadc,No. 2859
777420,cadc,81-2389
64348751,cadc,No. 521
174597,cadc,"11910, 11911"
545588,cadc,99-3153
312243,cadc,13-1014
64992924,cadc,"Nos. 80-2102, 80-2585, 81-1089"
546476,cadc,04-5048
63936932,cadc,No. 5016
1448354,cadc,82-1054
776106,cadc,72-1827
64347919,cadc,No. 1294
68247923,cadc,24-1024
64349793,cadc,No. 2830
63957348,cadc,No. 6592
64348267,cadc,No. 259
64350641,cadc,No. 73-1938
2211627,cadc,84-5851
59296429,cadc,04-3074
853408,cadc,94-3135
66167722,cadc,"Nos. 17785, 17788, 23154, 23159, 23172"
65890866,cadc,No. 06-5276
578665,cadc,85-1271
63982476,cadc,No. 9190
324090,cadc,85-1003
531705,cadc,09-3116
1338260,cadc,75-2117
310232,cadc,08-3029
63983927,cadc,No. 9342
976959,cadc,92-7009
65911438,cadc,No. 06-5378
266085,cadc,15465
546389,cadc,02-1294
63385478,cadc,22-7025
1042442,cadc,93-1210
624159,cadc,20821
64347703,cadc,No. 1100
166007,cadc,92-7083
409659,cadc,06-1034
66080414,cadc,Civ. A. No. 80-0566
64349398,cadc,No. 2487
1215334,cadc,07-5359
59996888,cadc,19-7160
269507,cadc,14475_1
1647719,cadc,89-1037
546334,cadc,03-5169
163214,cadc,75-2127
2550508,cadc,7646
929781,cadc,01-1381
1006372,cadc,90-3180
695800,cadc,87-1
414213,cadc,75-1635
127586,cadc,12989
65691405,cadc,No. 11-5091
691716,cadc,16287
2365489,cadc,85-5911
2476220,cadc,94-1573
707884,cadc,76-1586
255213,cadc,14263
786838,cadc,71-1321
66822466,cadc,21-1212
344389,cadc,"91-3057, 91-3058"
63944893,cadc,"Nos. 5530, 5533"
66093696,cadc,No. 1233
64350220,cadc,No. 3105
1215953,cadc,74-1214
63949203,cadc,No. 5941
66100425,cadc,No. 1398
492032,cadc,73-1682
65963833,cadc,No. 15-7051
64350538,cadc,"Nos. 72-1117, 72-1254"
546193,cadc,02-5294
1130132,cadc,89-3225
66834862,cadc,22-1242
361884,cadc,22526
63922943,cadc,No. 4200
2431027,cadc,72-2070
68191671,cadc,24-7008
2501643,cadc,89-1701
350609,cadc,89-1659
65682388,cadc,No. 04-1199
64063757,cadc,No. 98-5020
351969,cadc,73--1290
2659155,cadc,13-3098
1930686,cadc,76-1098
64023835,cadc,No. 95-1083
64348796,cadc,No. 531
336684,cadc,16623
65655378,cadc,Division No. 94-2
2444706,cadc,73-1631
814385,cadc,87-1203
494418,cadc,87-5371
64004763,cadc,Nos. 14195-14197
858584,cadc,95-5377
65703843,cadc,No. 11-7064
628028,cadc,09-1029
1465457,cadc,76-1027
64348278,cadc,No. 330
900599,cadc,11-7131
545600,cadc,99-5326
694210,cadc,19634_1
718902,cadc,23324
1436791,cadc,92-3067
109124,cadc,14162
64996328,cadc,"Nos. 84-5051, 84-5864"
2120424,cadc,89-3129
64348958,cadc,No. 2055
202020,cadc,13976_1
328066,cadc,90-5293
527336,cadc,92-3119
236171,cadc,05-7044
249324,cadc,81-2273
63939767,cadc,No. 5209
314912,cadc,80-1268
1477293,cadc,85-5977
2466781,cadc,77-1707
1145478,cadc,75--1636
1042807,cadc,10169_1
2415236,cadc,82-2127
441025,cadc,19176_1
68105300,cadc,23-1342
728983,cadc,03-1345 and 03-1410
827320,cadc,"88-7269, 89-7019"
546152,cadc,02-5045
2296225,cadc,72-1500
64349377,cadc,No. 833
65713021,cadc,No. 08-1212
64283273,cadc,No. 02-5214
65005665,cadc,No. 89-1702
570017,cadc,17032_1
407593,cadc,78-2190
1208296,cadc,90-5106
63948581,cadc,No. 5995
2216528,cadc,72-1147
253158,cadc,93-1676
123125,cadc,80-2359
64350047,cadc,No. 3001
962071,cadc,98-3122
834960,cadc,"89-1187, 91-1167"
2175269,cadc,79-1136
63992635,cadc,No. 9905
266558,cadc,80-1668
2204972,cadc,79-1004
206146,cadc,13241_1
165882,cadc,"83-1138, 83-1685"
63971614,cadc,No. 7420
1001443,cadc,90-3109
811991,cadc,"87-5261, 87-5264 and 87-5265"
66110499,cadc,No. 3818
64349928,cadc,No. 1031
64349836,cadc,No. 2829
544076,cadc,92-5184
1040015,cadc,8850
65522956,cadc,Civil Action No. 15–cv–1688 (KBJ)
639963,cadc,11255_1
66114419,cadc,No. 3963
985889,cadc,87-1656
1024860,cadc,6975
58377,cadc,82-1906_1
63343543,cadc,21-1047
1699647,cadc,93-7055
929070,cadc,73-1729
1229026,cadc,77-1934
218076,cadc,13686_1
2160996,cadc,15853_1
63932332,cadc,No. 4796
469342,cadc,19222_1
64323130,cadc,No. 1:17-cv-2450 (KBJ)
6083054,cadc,16-7128
976483,cadc,84-5785
433138,cadc,18735
8462486,cadc,17-3005
607747,cadc,95-1349
214833,cadc,78-1975
64348582,cadc,Nos. 1778 and 1779
546712,cadc,05-5185
6246585,cadc,16-5379
64888516,cadc,21-5166
1567888,cadc,07-1478
669019,cadc,18740_1
1982792,cadc,89-5474
752664,cadc,24778
811244,cadc,86-3049
546581,cadc,05-5132
65961637,cadc,No. 14-3061
545948,cadc,"01-7143, 01-7144 to 01-7146"
548512,cadc,24428
544794,cadc,97-7103
410797,cadc,96-7182
732478,cadc,96-7022
64348712,cadc,No. 1895
1828593,cadc,08-1012
63966854,cadc,No. 7098
64318796,cadc,Civil Action No. 17–772 (JDB)
64319323,cadc,Civil Action No. 12–1902 (RCL)
662118,cadc,89-7254
64347354,cadc,No. 54
766913,cadc,96-5354
652677,cadc,91-1257
64984649,cadc,"Nos. 73-1117, 73-1118 and 73-1150"
127876,cadc,84-5081
29275,cadc,19-1210
383245,cadc,72-1553
63925491,cadc,No. 4411
435139,cadc,85-5912
23219,cadc,18-1298
1988134,cadc,84-1253
65964976,cadc,No. 16-1202
64347457,cadc,No. 802
64350106,cadc,No. 3020
64092334,cadc,"Nos. 00-5206, 00-5207"
858569,cadc,95-3169
63928189,cadc,No. 4580
1361015,cadc,73-1243
288843,cadc,88-1716
2490692,cadc,16324
983766,cadc,87-1640
64002765,cadc,No. 13465
1628214,cadc,7607
65728090,cadc,No. 09-5064
1392764,cadc,83-2095
683687,cadc,22874
69463687,cadc,24-7188
64349481,cadc,No. 858
63944071,cadc,No. 5609
67525341,cadc,22-1261
710071,cadc,21615
393371,cadc,83-1015
65668407,cadc,No. 03-7001
66099909,cadc,No. 3374
65008275,cadc,"Nos. 08-5390, 08-5391, 08-5392, 08-5393, 08-5394"
64996397,cadc,"Nos. 84-1313, 84-1514"
63942069,cadc,No. 5379
950844,cadc,80-1779
520010,cadc,90-1488
271511,cadc,82-2140
66998624,cadc,22-5137
1142804,cadc,13657
64319167,cadc,Civil Action No. 16-01589 DAR
64350130,cadc,No. 3047
1987579,cadc,10145_1
820409,cadc,88-3111
477332,cadc,81-2245
977403,cadc,6619
63930181,cadc,No. 2074
2125131,cadc,72-2170
510572,cadc,10784_1
64025124,cadc,"Nos. 92-3220, 95-3100"
952128,cadc,80-2011
63926988,cadc,No. 4575
67934920,cadc,23-7144
641158,cadc,9716
234874,cadc,"12988, 13160"
66025700,cadc,No. CRIM. 05-0370 (PLF)
63926411,cadc,No. 4490
390680,cadc,74--1151
532235,cadc,12-5037
65987630,cadc,Civil Action No. 08-00642 (BAH)
65710808,cadc,No. 10-7176
64097198,cadc,"Nos. 01-1198, 01-1206 and 01-1209"
971542,cadc,Division 81-2
1060390,cadc,92-5136
338572,cadc,09-5410
64347031,cadc,No. 376
1402914,cadc,01-1462
138931,cadc,19636_1
2499189,cadc,14445_1
65960458,cadc,No. 14-1172
1971261,cadc,78-1282
63932354,cadc,No. 4842
1960524,cadc,07-5378
603905,cadc,94-7203
1387115,cadc,76-1515
65694419,cadc,No. 11-5267
66158371,cadc,Nos. 20975-20978
2646771,cadc,12-3007
760046,cadc,91-1133
1065351,cadc,"01-5231, 01-5232"
63929263,cadc,No. 2068
192251,cadc,15530
63939454,cadc,No. 5187
109899,cadc,90-5314
389099,cadc,76-1867
64067177,cadc,No. 98-1365
618442,cadc,22148_1
64984855,cadc,"Nos. 75-1335, 75-1353"
1309412,cadc,78-2242
122845,cadc,80-1110
2184669,cadc,78-1840
63933131,cadc,No. 4859
2476039,cadc,72-1274
64347662,cadc,No. 173
1845326,cadc,91-3009
20171,cadc,19-7073
63970288,cadc,"Nos. 7344, 7345"
63930379,cadc,No. 4699
576935,cadc,80-2327
64347750,cadc,No. 193
603867,ca1,96-1061
314233,ca1,06-1166
1637539,ca1,4104
1972894,ca1,73-1073
1391215,ca1,1886
403290,ca1,00-1158
2821511,ca1,95-1297
520171,ca1,82-1234
998707,ca1,90-1256
63922997,ca1,No. 1889
66067670,ca1,"Nos. 984, 985"
1879454,ca1,95-36201
185392,ca1,6013_1
608865,ca1,02-1852
645006,ca1,96-1435
123077,ca1,5425_1
65655982,ca1,No. 03-1215
449945,ca1,90-4088
1847732,ca1,79-1214
628074,ca1,97-1464
727503,ca1,71-1224
2818944,ca1,92-1414
8871,ca1,18-1962
313352,ca1,"01-2131, 02-1434"
2823456,ca1,01-2229
65663284,ca1,Nos. 18-1836; 18-1837; No. 18-1841; No. 18-1855; No. 18-1858; No. 18-1868
8092170,ca1,17-1855P
766192,ca1,08-1290
311154,ca1,"95-1479, 95-1480"
284751,ca1,93-1544
6157059,ca1,15-1859P
63953228,ca1,No. 2984
66075963,ca1,No. 1046
393769,ca1,10-1209
499910,ca1,85-1041
1021456,ca1,10-1824
1692680,ca1,97-1021
63951779,ca1,No. 2951
701814,ca1,93-1826
2822534,ca1,97-2010
17011699,ca1,19-1101P
1429670,ca1,4613
950048,ca1,80-1348
245845,ca1,84-1420
214824,ca1,959
986728,ca1,88-1532
66655822,ca1,No. 6714
603068,ca1,97-2285
747870,ca1,99-2328
814522,ca1,86-1737
406518,ca1,04-1437
1240148,ca1,99-1904
1200707,ca1,87-1125
247114,ca1,5488_1
946482,ca1,78-1039
122734,ca1,04-1526
2089460,ca1,78-1130
65688913,ca1,No. 05-1495
49667,ca1,94-1298
52446,ca1,95-2142
66116110,ca1,No. 1671
609226,ca1,04-2437
512599,ca1,89-2008
7103455,ca1,16-2399P
1109346,ca1,75-1145
114474,ca1,00-2194
63976378,ca1,"Nos. 3829, 3830"
4567839,ca1,12-2364P
2470675,ca1,96-5475
2820228,ca1,94-1492
2340606,ca1,5564_1
986680,ca1,88-1893
2819443,ca1,92-2306
333121,ca1,91-1912
940717,ca1,79-1641
1265067,ca1,86-1963
311232,ca1,95-1966
68925714,ca1,24-1156
66142941,ca1,No. 209
63973149,ca1,"Nos. 3437, 3467"
1475058,ca1,87-1254
3089177,ca1,15-2384P
362615,ca1,93-2856
4544836,ca1,15-1945E
169099,ca1,05-2426
66082585,ca1,No. 1225
63937690,ca1,No. 2525
1883009,ca1,10-2083
2820748,ca1,94-1096
2823088,ca1,98-1986
650216,ca1,11-1760
1730882,ca1,88-1976
385429,ca1,13-1574
2102356,ca1,08-1823
2821808,ca1,96-1815
2818783,ca1,92-1246
2822556,ca1,97-9009
1638762,ca1,91-3435
2819026,ca1,92-2079
819692,ca1,88-1212
64012765,ca1,"Nos. 6140, 6165"
66790691,ca1,21-1702P2
609276,ca1,04-1051
1612735,ca1,"09-1216, 09-1231"
1261126,ca1,88-1480
443601,ca1,80-7774
1990161,ca1,96-1677
4118608,ca1,15-1161P
950612,ca1,"80-1635, 80-1639"
60678945,ca1,21-1032P
63930823,ca1,Nos. 2316-2319
192542,ca1,30295
63947845,ca1,No. 2820
66086901,ca1,Nos. 1277-1279
936514,ca1,78-1561
3041166,ca1,15-1327P
608771,ca1,02-2530
609306,ca1,04-2395
927796,ca1,09-2071
1744671,ca1,79-1406
610245,ca1,06-2367
990907,ca1,"89-1258, 89-1296"
13960,ca1,18-1678
608571,ca1,02-1966
335208,ca1,92-1096
1011854,ca1,1359
2459534,ca1,89-1298
2820001,ca1,94-1391
2149506,ca1,87-1995
836606,ca1,91-6300
364453,ca1,92-9010
605413,ca1,94-1741
2171346,ca1,99-2208
64075310,ca1,No. 00-1665
701240,ca1,"95-1965, 96-1157, 96-1156 and 97-1865"
2820392,ca1,93-2112
3072496,ca1,15-1424P2
630622,ca1,97-1394
607801,ca1,02-1217
63925860,ca1,No. 2034
3050245,ca1,15-1247P
609538,ca1,05-1307
575097,ca1,5808
731183,ca1,76-1234
66057390,ca1,C.D. 3746; Protest No. 66/4208-1047
874501,ca1,98-31274
972406,ca1,2488
252606,ca1,80-1350
2454080,ca1,86-2382
520078,ca1,4886
424441,ca1,99-1179
466985,ca1,09-1394
2101697,ca1,93-2301
421735,ca1,77-1343
430864,ca1,85-1359
795196,ca1,11-1444
2821917,ca1,96-1298
722808,ca1,99-1803
63986590,ca1,No. 12092
1131819,ca1,09-2021
604480,ca1,96-1293
159658,ca1,13-1228
310851,ca1,97-1796
2045812,ca1,77-1096
404155,ca1,00-2357
122433,ca1,89-1072
66242331,ca1,"Nos. 88-1679, 88-1740"
66100284,ca1,No. 1426
63944645,ca1,No. 2719
843745,ca1,92-1546
766793,ca1,07-2631
2819759,ca1,94-1125
2260554,ca1,21558
622661,ca1,74-1242
609672,ca1,05-1945
606134,ca1,93-1410
978182,ca1,87-1561
801224,ca1,79-1059
287956,ca1,83-1850
70337,ca1,80-1131
50966,ca1,06-2508
1089438,ca1,79-1363
314417,ca1,"06-1951, 06-2017"
63949320,ca1,No. 2865
311893,ca1,94-2137
311755,ca1,97-1193
170620,ca1,99-2170
1112222,ca1,06-1625
820285,ca1,87-2133
401632,ca1,93-1851
2039652,ca1,96-56687
654832,ca1,22573
364643,ca1,71-1051_1
26099,ca1,20-1154
82135,ca1,84-1711
546346,ca1,99-1412
3018662,ca1,14-1933P
202848,ca1,80-1788
66031428,ca1,"Nos. 412, 413"
228561,ca1,79-1868
2819292,ca1,92-2089
2095573,ca1,91-3924
1137113,ca1,81-1471
219114,ca1,80-2158
66035703,ca1,No. 491
2818672,ca1,91-1301
605067,ca1,94-2078
2663591,ca1,14-2072
562419,ca1,92-1023
837501,ca1,91-2006
563270,ca1,91-2021
2819772,ca1,93-2233
1227964,ca1,74-3030
658436,ca1,2000
169066,ca1,04-1029
318319,ca1,13-9002
1246926,ca1,83-1872
66114749,ca1,No. 1660
1460117,ca1,85-5330
548385,ca1,93-1106
4576885,ca1,15-1070P
610676,ca1,96-2185
455531,ca1,92-2412
40793,ca1,19-1447
166232,ca1,97-2083
1388932,ca1,07-2631
314798,ca1,06-2750
2447530,ca1,82-1647
406175,ca1,03-1098
2819731,ca1,92-1801
1677669,ca1,80-1241
984680,ca1,"2301, 2302"
63978160,ca1,No. 3927
2819074,ca1,92-2151
932041,ca1,10-1058
719209,ca1,08-1974
2820703,ca1,94-2237
566042,ca1,07-2361
820121,ca1,88-1426
1073697,ca1,11-1330
2822634,ca1,98-1124
1114194,ca1,"92-2374, 93-1033"
65883465,ca1,"Nos. 12-2301, 13-1339"
584781,ca1,82-1837
641139,ca1,5925
1568898,ca1,96-1287
17030086,ca1,18-2235P
772315,ca1,82-1151
63960391,ca1,No. 3183
982724,ca1,87-1993
2440068,ca1,99-1839
65419561,ca1,22-1198P
2819491,ca1,93-1438
2409706,ca1,86-2133
774046,ca1,73-1167
3043119,ca1,15-1739P
66273423,ca1,"Nos. 91-1360, 91-1422"
1909216,ca1,10-2455
606448,ca1,93-1519
314894,ca1,08-2414
399328,ca1,96-1638
1107798,ca1,90-1333
69702611,ca1,22-1650
1096935,ca1,00-2091
66043179,ca1,No. 612
2818633,ca1,92-1008
2822674,ca1,97-1599
606714,ca1,"98-2349, 98-2350, 98-2351, 98-2352, 98-2353"
609349,ca1,"04-2194, 04-2212"
1019442,ca1,92-2020
25667,ca1,07-2401
65653190,ca1,21-1609P
980345,ca1,87-1984
1201005,ca1,72-1010
63930636,ca1,"Nos. 2266, 2267"
134804,ca1,00-2410
817383,ca1,88-1287
66086883,ca1,No. 1288
1008897,ca1,87-1472
2819305,ca1,92-2322
418058,ca1,78-1143
220869,ca1,80-1642
606503,ca1,92-1244
4118607,ca1,14-1175P
610482,ca1,06-2339
968789,ca1,85-1750
674411,ca1,76-2495
66070289,ca1,"No. 1,012"
350363,ca1,88-1536
2823091,ca1,98-1473
63943262,ca1,No. 2673
610372,ca1,07-1352
609080,ca1,"03-2520, 04-1169"
312907,ca1,00-1502
169232,ca1,08-1130
66191044,ca1,"Nos. 79-1437, 79-1438, 79-1441, 79-1442, 79-1446 and 79-1476"
81300,ca1,90-2096
994154,ca1,89-1550
988796,ca1,1093
385430,ca1,12-2134
479957,ca1,78-1380
7273113,ca1,16-2023P
894066,ca1,81-1476
63957484,ca1,No. 3109
1397445,ca1,08-1569
718022,ca1,94-69
311102,ca1,95-1702
992615,ca1,88-3970
399294,ca1,95-2332
66080261,ca1,No. 1145
63965628,ca1,No. 3353
833884,ca1,91-5537
2822480,ca1,97-1624
65657581,ca1,No. 05-1498
2152018,ca1,74-1387
212703,ca1,89-55138
2102536,ca1,08-1752
892364,ca1,10-1766
2820961,ca1,95-1574
2477101,ca1,02-1329
784054,ca1,83-1635
1123787,ca1,"97-2294, 97-2295, 98-1100, 98-1101, 98-1102"
1072690,ca1,03-2574
585812,ca1,09-2349
1106960,ca1,3619
2821470,ca1,95-2324
563371,ca1,78-2544
169038,ca1,04-1744
398762,ca1,96-1240
2819068,ca1,91-2220
580434,ca1,89-1691
835348,ca1,"13-1507, 13-1510"
1694955,ca1,"89-1564, 89-1597"
609775,ca1,05-1230
537363,ca1,84-2032
2822284,ca1,97-1398
66191676,ca1,"Nos. 81-1462, 81-1463"
63994551,ca1,"Nos. 4445, 4447-4450"
2411895,ca1,6095_1
68228105,ca1,23-1701
1021750,ca1,82-1215
2100124,ca1,"06-1318, 06-1319"
2309159,ca1,76-1089
311151,ca1,95-1241
2448214,ca1,4747
2819710,ca1,94-1302
173350,ca1,4615
66216631,ca1,"Nos. 84-1673, 84-1674, 84-1685 to 84-1688, 84-1762 and 84-1870"
443382,ca1,95-1586
1241855,ca1,02-1763
517036,ca1,96-15870
1651823,ca1,86-5407
1295097,ca1,97-9007
644139,ca1,04-1344
944723,ca1,77-1037
115636,ca1,04-2438
312998,ca1,01-1231
2357652,ca1,87-1319
2819383,ca1,93-1171
112455,ca1,96-2284
161674,ca1,08-2458
310893,ca1,97-1683
620898,ca1,6807
662200,ca1,75-1224
4118058,ca1,15-1998P
403151,ca1,00-1099
63981785,ca1,No. 4091
68906321,ca1,19-1998
2819697,ca1,94-1175
73983,ca1,81-1542
66260319,ca1,"Nos. 90-1311, 90-1312"
409526,ca1,08-1753
1296161,ca1,82-1110
864591,ca1,79-1303
2822104,ca1,97-1235
17206868,ca1,17-1258P
2430302,ca1,6374
63942443,ca1,No. 2674
606109,ca1,93-1595
2491557,ca1,09-1135 
451773,ca1,96-1623
3727,ca1,18-1618
2481885,ca1,97-1566
1055996,ca1,87-1614
220942,ca1,81-1461
6323073,ca1,17-1693E
269795,ca1,88-1309
63940877,ca1,No. 2606
2458275,ca1,2552
447750,ca1,79-1151
1244961,ca1,"05-1870, 05-2239"
66110264,ca1,No. 1581
844106,ca1,92-2482
66105538,ca1,No. 1489
609403,ca1,03-2102
1109592,ca1,08-1744
66185498,ca1,No. 78-1404
2819958,ca1,94-1037
4424007,ca1,15-2126U
66169088,ca1,"Nos. 72-1347, 72-1379"
609402,ca1,00-2037
2821825,ca1,96-1956
602617,ca1,97-2414
716255,ca1,7564
1438171,ca1,91-1498
1963414,ca1,80-1067
167273,ca1,96-1332
606914,ca1,99-2121
67483160,ca1,23-1267
2060862,ca1,97-2332
2820841,ca1,95-1278
176268,ca1,83-1102
665813,ca1,98-2194
2821499,ca1,95-1912
2018492,ca1,08-1692
441850,ca1,80-1260
2820255,ca1,93-1877A
30264555,ca1,15-1964P
608356,ca1,02-1923
945988,ca1,78-1244
2819081,ca1,92-2107
207930,ca1,03-1189
66046272,ca1,No. 674
745689,ca1,8286
607647,ca1,01-2127
165753,ca1,"98-1560, 98-1685"
1176900,ca1,05-1159
1639146,ca1,90-1112
4667430,ca1,15-2398P
63392117,ca1,20-1108E
63947208,ca1,No. 2832
946766,ca1,79-1199
258014,ca1,10-2390
608540,ca1,02-2347
1009404,ca1,91-1156
430241,ca1,96-2469
407729,ca1,06-1048
66113824,ca1,No. 1648
2821821,ca1,96-2310
63960556,ca1,No. 3144
497657,ca1,84-2029
2002569,ca1,72-2049
469287,ca1,99-1767
7087385,ca1,16-1756O
2823219,ca1,98-1047
1641771,ca1,95-6185
466936,ca1,89-1876
394124,ca1,"09-2497, 09-2589"
66023290,ca1,No. 298
2292564,ca1,81-1061
66085142,ca1,"Nos. 1257, 1258"
2444311,ca1,97-1914
1293381,ca1,97-1810
66114808,ca1,No. 1686
608115,ca1,02-1148
2823404,ca1,98-1977
13140,ca1,19-1267
605311,ca1,94-1959
67786511,ca1,22-1207
951310,ca1,97-1461
1919301,ca1,10-1042
355076,ca1,77-1432
242857,ca1,85-1261
63961352,ca1,No. 3226
66094694,ca1,No. 1383
1018219,ca1,92-2364
1752501,ca1,87-2099
69263383,ca1,21-1098
2820857,ca1,95-1023
166888,ca1,95-2106
1122335,ca1,3555
2818817,ca1,92-1359
327394,ca1,92-1112
1743846,ca1,87-1095
396793,ca1,97-2046
2820210,ca1,93-1984
63974322,ca1,No. 3487
2819477,ca1,93-1751
435228,ca1,02-7026
167638,ca1,79-1585
2822742,ca1,98-1150
2818770,ca1,92-1437
311049,ca1,"95-1206, 95-1239"
750938,ca1,72-1348
169047,ca1,04-1274
68849533,ca1,23-1100
66184518,ca1,No. 77-1541
603378,ca1,94-2196
602986,ca1,97-2145
2819569,ca1,93-1999
304795,ca1,09-1201
2819134,ca1,92-2018
605430,ca1,94-1641
66098362,ca1,No. 1399
2442785,ca1,96-1684
141221,ca1,"89-1945, 89-1946"
608950,ca1,03-2469
1989058,ca1,"94-2260, 94-2300"
608411,ca1,02-1939
287607,ca1,12-1466
167833,ca1,93-2212
818232,ca1,87-5396
1625368,ca1,3111
2319684,ca1,86-1364
406394,ca1,04-1862
6247046,ca1,17-1014P
673464,ca1,78-1067
2822303,ca1,97-1587
390035,ca1,88-1652
205407,ca1,76-1445
312423,ca1,92-1798
1569530,ca1,"06-2270, 06-2271"
2819609,ca1,93-1528
16034677,ca1,18-2055P
164363,ca1,92-1426
919069,ca1,"10-1687, 10-1931, 10-2155"
656777,ca1,01-1234
2819010,ca1,92-1949
14527928,ca1,18-1550P
59702181,ca1,20-1103P
311504,ca1,95-1755
64897061,ca1,20-1988P
920168,ca1,92-1341
1440177,ca1,83-1755
63931863,ca1,No. 2398
1106141,ca1,06-1652
193433,ca1,71-1170
377570,ca1,99-1085
388858,ca1,75-1492
260220,ca1,5387
2020885,ca1,92-1017
994119,ca1,89-1359
2818886,ca1,92-1845
1085819,ca1,"90-2006, 90-2025"
1513649,ca1,86-1357
2821591,ca1,96-1576
610339,ca1,07-1243
15569114,ca1,18-1119P
2818663,ca1,92-1307
1617108,ca1,92-1011
673158,ca1,"6045, 6051"
1253426,ca1,74-1285
468434,ca1,91-1442
954206,ca1,82-1022
2821710,ca1,95-1171
1023563,ca1,11-1026
163485,ca1,5589
608891,ca1,03-1980
1184494,ca1,81-1654
77560,ca1,96-2262
1513454,ca1,06-1210
66194375,ca1,"Nos. 83-1250, 83-1251"
1324923,ca1,86-1533
2821366,ca1,95-1960
1685895,ca1,01-1196
953751,ca1,81-1885
50967,ca1,93-1679
16526750,ca1,18-1876P
701883,ca1,94-1053
374754,ca1,99-1643
1243234,ca1,03-2559
255194,ca1,92-2260
2821855,ca1,96-2201
978479,ca1,92-2429
63953339,ca1,No. 2983
3059945,ca1,15-1954P
717808,ca1,412_1
962007,ca1,85-1728
2822497,ca1,97-2098
762775,ca1,80-1598
59153,ca1,01-1543
503816,ca1,"83-2101, 83-2297"
2468895,ca1,88-1887
68969228,ca1,23-1959
746816,ca1,6494-6499
1093740,ca1,99-1969
942215,ca1,12-1039
609384,ca1,04-1888
1129524,ca1,2391
604537,ca1,97-1084
2821816,ca1,96-1331
1333497,ca1,84-5987
16603650,ca1,18-1140P
65660110,ca1,No. 12-1236
227129,ca1,81-3029
2990419,ca1,15-1799P
1242582,ca1,02-1205
604543,ca1,96-1819
2823389,ca1,97-2422
523245,ca1,92-1498
224186,ca1,82-1420
1123751,ca1,07-1966
2821091,ca1,95-1384
169097,ca1,05-1438
13506,ca1,07-2258
2819376,ca1,93-1114
1716272,ca1,94-1074
1092960,ca1,99-1264
24434,ca1,19-1994
303178,ca1,10-1110
311421,ca1,96-1182
978160,ca1,91-2220
64008466,ca1,"Nos. 5782, 5783"
1084486,ca1,81-3468
676353,ca1,"87-1957, 87-1958"
929297,ca1,04-1193
63924491,ca1,No. 1981
101153,ca1,80-1171
1454181,ca1,11-1815
2078573,ca1,11-2281
168838,ca1,01-1416
65351824,ca1,21-1540P
61651982,ca1,19-1474E
1145310,ca1,73-1126
66141588,ca1,Nos. 234 and 235
6262405,ca1,16-2471P
65883554,ca1,No. 17-1161
66144399,ca1,No. 214
609051,ca1,04-1237
673968,ca1,14196_1
602975,ca1,97-1777
311106,ca1,95-1870
334018,ca1,04-1742
693118,ca1,5774
2495136,ca1,91-5116
66133760,ca1,No. 131
2004257,ca1,91-1060 to 91-1062
883705,ca1,08-2571
105890,ca1,4768_1
200917,ca1,75-1197
836404,ca1,91-1949
66134827,ca1,No. 143
1648120,ca1,07-2272
1185231,ca1,12-1631
527520,ca1,92-2372
2146110,ca1,84-2060
156085,ca1,87-1260
391385,ca1,91-1144
66189820,ca1,"Nos. 80-1021, 80-1085"
2820167,ca1,94-1230
406498,ca1,04-1909
2822897,ca1,97-2137
1993817,ca1,03-1123
2822034,ca1,96-1950
313668,ca1,03-1520
166858,ca1,95-1861
1961205,ca1,97-1084
167236,ca1,97-1058
2822125,ca1,97-1293
16390852,ca1,19-8010U
228427,ca1,79-1396
2822846,ca1,98-1669
340645,ca1,92-1349
59294553,ca1,20-1690P
956716,ca1,83-1032
1112495,ca1,78-1093
1007489,ca1,95-1992
1210510,ca1,85-1478
2821613,ca1,96-1549
1305450,ca1,01-2558
516479,ca1,12-1139
2818940,ca1,92-1512
605682,ca1,93-2385
2820792,ca1,94-1523
1232060,ca1,79-1365
312433,ca1,92-2467
490850,ca1,79-1112
1466815,ca1,87-1358
2820749,ca1,95-1185
63979899,ca1,No. 4003
1459693,ca1,96-1383
18750599,ca1,19-1864P
42542,ca1,96-2084
2144949,ca1,81-1093
2821730,ca1,96-2028
2189170,ca1,11-1792
2410478,ca1,98-1506
2822166,ca1,97-1244
2094567,ca1,11-1308
698113,ca1,7496
765027,ca1,80-2612
1245168,ca1,06-2767
76275,ca1,12-9005
2206838,ca1,05-2522
1398501,ca1,97-2252
69639647,ca1,23-1812
2819521,ca1,93-1824
839014,ca1,92-1089
16403375,ca1,18-1678P
63981927,ca1,No. 4165
988477,ca1,88-3855
1480469,ca1,93-1403
63925148,ca1,"Nos. 2000, 2001"
1890997,ca1,11-1713
321751,ca1,90-35634
17329204,ca1,18-1199E
1104165,ca1,93-5253
1482343,ca1,87-1937
596742,ca1,4584
186355,ca1,6291_1
2823128,ca1,98-2203
699191,ca1,6737
64074791,ca1,No. 00-1155
1015528,ca1,92-1286
2820208,ca1,94-2085
67855531,ca1,22-1750
63264783,ca1,22-1080P
24721,ca1,19-2157
2146356,ca1,82-1091
327479,ca1,5349
803662,ca1,86-1430
395515,ca1,"98-1094, 98-1095"
312523,ca1,92-1970
66126188,ca1,No. 30
657896,ca1,7032_1
924339,ca1,91-1637
280407,ca1,84-1415
337573,ca1,"09-2625, 09-2626"
17253980,ca1,19-1130P
66029072,ca1,No. 379
2823317,ca1,99-1616
1017067,ca1,92-1358
2035104,ca1,05-1698
1241006,ca1,01-2541
2820633,ca1,94-2033
1267854,ca1,75-1276
66222382,ca1,"Nos. 86-1378, 86-1466"
817103,ca1,88-1440
409247,ca1,08-1129
605856,ca1,93-2152
2688906,ca1,14-1665
804441,ca1,85-3702
4118606,ca1,14-1514P
420239,ca1,78-1155
1085385,ca1,80-1566
18497538,ca1,19-9004P
991231,ca1,2527
2822201,ca1,97-1245
8195787,ca1,18-1122P
157908,ca1,76-1381
376845,ca1,448
271277,ca1,81-1015
1669085,ca1,93-1349
814506,ca1,87-1786
799701,ca1,86-8412
428923,ca1,6722_1
1149285,ca1,10-2009
995770,ca1,3535
842015,ca1,92-1536
66201089,ca1,"Nos. 84-1055, 84-1105"
719736,ca1,99-1855
353565,ca1,6443
1972477,ca1,98-1825
494964,ca1,87-1128
447808,ca1,"84-1293, 84-1294"
11154,ca1,18-2057
1219305,ca1,74-1244
2823211,ca1,98-2244
1099836,ca1,87-1271
2818915,ca1,92-1610
819963,ca1,88-1907
65658904,ca1,No. 08-2275
1017804,ca1,92-2483
609527,ca1,"04-2365, 04-2366"
986566,ca1,97-2256
2821412,ca1,96-1026
311460,ca1,96-1226
606861,ca1,00-1421
1260932,ca1,81-1878
69433001,ca1,24-1062
2819279,ca1,92-2298
6141875,ca1,16-1766P
66226644,ca1,No. 86-1615
658618,ca1,77-1047
264317,ca1,86-1919
2172046,ca1,09-2596
1895571,ca1,09-1835
523192,ca1,84-1932
468986,ca1,4598_1
2822854,ca1,98-1497
15693138,ca1,17-1723P
1063977,ca1,06-1466
2820828,ca1,94-1394
66038880,ca1,"Nos. 540, 541"
131305,ca1,85-1037
977896,ca1,92-2048
66191871,ca1,Nos. 81-1741 to 81-1743 and 81-1756
967413,ca1,86-1205
403375,ca1,00-2415
746182,ca1,6622_1
1051013,ca1,03-2087
701742,ca1,93-1417
1242053,ca1,02-1727
805866,ca1,86-1378
744582,ca1,6538_1
2822183,ca1,97-1407
2100934,ca1,96-1200
2819471,ca1,93-1651
870455,ca1,97-2102
2822014,ca1,96-2199
403007,ca1,"91-2343, 92-1121, 92-1317 and 92-1318"
566265,ca1,08-1246
1314674,ca1,75-1177
322047,ca1,4782
66051464,ca1,No. 774
66028221,ca1,No. 381
2077822,ca1,89-1646
402421,ca1,93-1390
1859593,ca1,11-1302
66203101,ca1,No. 83-1688
2821077,ca1,94-2260
43803,ca1,11-1290
2820234,ca1,94-1344
64012271,ca1,No. 6087
1023634,ca1,11-1216
4617009,ca1,15-1307P
1217211,ca1,74-1340
1498301,ca1,95-1118
1085895,ca1,94-1138
464912,ca1,00-2585
66621250,ca1,18-2241E
1406499,ca1,75-1248
1103343,ca1,81-1248
1063943,ca1,04-1437
735300,ca1,93-1802
2408567,ca1,83-1396
1716909,ca1,80-1306
68014146,ca1,22-1220P
2820097,ca1,93-1493
3016090,ca1,14-2250P
66070476,ca1,"No. 1,015"
171890,ca1,08-2394
6131189,ca1,16-1469P
2322258,ca1,89-1464
609018,ca1,03-2663
662008,ca1,"00-1181, 00-1532"
189849,ca1,5582
2821958,ca1,96-1972
1238946,ca1,99-1611
959090,ca1,82-1849
2821681,ca1,96-1551
1243609,ca1,04-1619
748749,ca1,30977_1
810761,ca1,86-2103
537448,ca1,83-1894
63969974,ca1,No. 3505
1459606,ca1,2007 KA 1469
2821255,ca1,95-1240
1051045,ca1,05-1563
2819426,ca1,92-2471
2147663,ca1,94-20203
611988,ca1,10-2262
1472934,ca1,84-1988
710350,ca1,71-1209
940711,ca1,79-1382
311063,ca1,95-1391
59947778,ca1,20-1356P
2822767,ca1,98-1333
2007225,ca1,87-3313
400155,ca1,"97-1049, 97-1050"
2821192,ca1,95-2163
166422,ca1,97-1584
1049603,ca1,93-17049
2818597,ca1,92-1126
972589,ca1,86-1272
1069818,ca1,12-1597
176217,ca1,88-1868
409114,ca1,08-1279
828604,ca1,979
2821552,ca1,96-1097
1069975,ca1,98-1530
604545,ca1,96-1979
62605932,ca1,21-1226P
981816,ca1,93-2090
283799,ca1,88-1563
63977898,ca1,No. 91-2039
2285090,ca1,90-35319
606141,ca1,92-1747
691470,ca1,5811
306816,ca1,13-2167
142123,ca1,12-1548
2821117,ca1,95-1523
1626052,ca1,3827
875569,ca1,05-1555
806235,ca1,85-6068
3039038,ca1,15-1752P
2455086,ca1,91-1208
987683,ca1,88-1531
63949443,ca1,No. 2860
1004775,ca1,91-1128
144714,ca1,04-2328
2819255,ca1,93-1011
2823057,ca1,98-2088
551296,ca1,88-1395
63961329,ca1,No. 3192
14322447,ca1,14-1359E
142539,ca1,09-1192
557566,ca1,93-2227
2158832,ca1,80-1902
218670,ca1,79-1193
893402,ca1,09-2121
496051,ca1,84-2011
603359,ca1,95-1094
1525437,ca1,83-1646
609019,ca1,03-1723
2822625,ca1,96-1764
2008343,ca1,82-1634
399321,ca1,79-1304
66088802,ca1,No. 1315
204992,ca1,75-1242
755592,ca1,11-2172
6169566,ca1,16-1305E
1242773,ca1,03-1846
167709,ca1,94-1687
66098608,ca1,No. 1387
1626668,ca1,3726
7033794,ca1,17-1993P
313089,ca1,"00-2077, 00-2078"
2819142,ca1,92-1867
63930268,ca1,No. 2273
66080122,ca1,No. 1101
310632,ca1,98-1621
2819882,ca1,93-2024
2819853,ca1,93-1759
204874,ca1,76-1288
1438243,ca1,77-1374
712756,ca1,7535_1
1168678,ca1,94-2273
76921,ca1,82-1645
311831,ca1,95-1162
2475680,ca1,86-1889
200617,ca1,74-1134
151208,ca1,86-1020
313025,ca1,01-1270
167381,ca1,95-2246
63961277,ca1,No. 3195
357006,ca1,01-1410
306635,ca1,09-2688
1473000,ca1,84-1785
2822823,ca1,98-1764
1096989,ca1,01-1571
66047904,ca1,No. 662
692534,ca1,19084
2823353,ca1,99-2140
949947,ca1,80-1257
402494,ca1,93-1641
76316,ca1,90-1800
1179492,ca1,90-2052
170572,ca1,10-2133
1246065,ca1,07-2472
59297666,ca1,20-1107P
607368,ca1,01-1029
2821132,ca1,95-2008
314652,ca1,07-1599
260028,ca1,13-1417
506421,ca1,129
1231538,ca1,00-2498
2820753,ca1,94-2031
1854113,ca1,75-1229
14801348,ca1,18-1165P
812970,ca1,87-1435
6071205,ca1,15-2171P
1937157,ca1,93-2399
1321253,ca1,90-6004
2206761,ca1,85-1224
66245175,ca1,"Nos. 87-1625-87-1627, 87-1857-87-1859"
2822529,ca1,97-1694
402062,ca1,93-2203
53433,ca1,90-1457
355963,ca1,90-1809
329293,ca1,85-1648
203269,ca1,09-2596
1326340,ca1,76-1303
18691381,ca1,18-1966P
2822324,ca1,96-1257
1252935,ca1,88-1197
442723,ca1,93-1701
311633,ca1,96-2351
63930886,ca1,"Nos. 2283, 2284, 2304"
3041887,ca1,13-2447P
746823,ca1,86-1285
1086072,ca1,09-2643
312922,ca1,82-1922
225965,ca1,83-1094
416563,ca1,78-1136
63946811,ca1,No. 2780
602819,ca1,96-1916
755234,ca1,74--1140
8413839,ca1,17-1849P
310891,ca1,97-1964
2820945,ca1,95-1193
1123193,ca1,94-1502
498116,ca1,88-1541
65679807,ca1,No. 04-1095
2032978,ca1,01-60678
409195,ca1,07-2682
441600,ca1,84-1131
65658970,ca1,No. 08-1002
2451982,ca1,93-1045
815414,ca1,87-6097
443887,ca1,78-1004
2822509,ca1,98-1463
1073183,ca1,"10-1664, 10-1668"
1035157,ca1,93-1453
1109313,ca1,02-1271
2821795,ca1,96-1691
63937127,ca1,No. 2544
1867152,ca1,5124_1
565830,ca1,07-1539
1154741,ca1,87-1864
985252,ca1,88-1917
973818,ca1,2366
63140546,ca1,21-1080
1147696,ca1,89-1434
1239931,ca1,00-1556
1893658,ca1,76-2497
606201,ca1,93-1651
773985,ca1,"72-1864, 72-1865"
311037,ca1,93-1898
2820730,ca1,94-1764
557815,ca1,91-1436
640690,ca1,5856_1
4421829,ca1,15-1858E2
242838,ca1,13-1774
535693,ca1,08-1499
311116,ca1,95-1188
404372,ca1,"00-2326, 01-1543"
973053,ca1,85-2693
66105756,ca1,No. 1537
403969,ca1,00-1712
604356,ca1,96-1482
64002149,ca1,No. 5211
2822511,ca1,97-1957
1239872,ca1,00-1848
60102,ca1,02-1099
65883018,ca1,"Nos. 03-2517, 03-2518, 03-2519"
18620217,ca1,19-2005P
1498394,ca1,"3695, 3706"
607426,ca1,01-1202
65713645,ca1,No. 09-8004
1166850,ca1,86-2109
1973673,ca1,1998
702610,ca1,02-2141
2822122,ca1,97-1095
792504,ca1,"85-1840, 85-1848"
74059,ca1,5116
310846,ca1,97-1844
14322,ca1,19-1739
1730603,ca1,89-1215
66687070,ca1,20-1131P
2820190,ca1,93-2132
1466548,ca1,87-1383
135153,ca1,13-1025
2100741,ca1,87-4387
2818933,ca1,92-1737
2651230,ca1,14-2059
642019,ca1,81-1357
606169,ca1,93-1346
381343,ca1,99-1534
47068,ca1,93-1407
65883019,ca1,"Nos. 01-1647, 02-1462, 02-1707"
403384,ca1,"00-1798, 00-1799"
165551,ca1,99-1230
967280,ca1,4173
606255,ca1,"92-1951, 92-2028"
171909,ca1,11649
261933,ca1,86-2011
15198,ca1,19-1346
385432,ca1,"13-1220, 13-1750"
66038820,ca1,No. 549
1670763,ca1,91-1392
802172,ca1,86-1456
2378957,ca1,84-1971
683389,ca1,6353_1
17261800,ca1,16-2275P
1420774,ca1,99-1741
3009898,ca1,14-1110P
2821721,ca1,95-1271
1087690,ca1,11-1686
840515,ca1,91-2293
311691,ca1,96-2149
602900,ca1,94-1402
472387,ca1,80-1583
2822810,ca1,98-1344
607084,ca1,"00-2201, 00-2202"
2822547,ca1,97-1696
1074811,ca1,11-1972
1425647,ca1,13-2353
1341300,ca1,83-1906
562275,ca1,90-2059
65399068,ca1,21-1650
700204,ca1,7785_1
750363,ca1,73-1374
230951,ca1,5253_1
1643108,ca1,79-1314
567653,ca1,78-1030
3057729,ca1,13-2132P
65883470,ca1,No. 13-1225
68503652,ca1,23-1820
691978,ca1,272
39893,ca1,19-1358
799170,ca1,86-1751
400040,ca1,97-1354
566592,ca1,09-1222
813202,ca1,"86-1996, 86-1997"
63944657,ca1,No. 2713
6149751,ca1,15-1542P
226580,ca1,5050_1
786581,ca1,11-2106
66794432,ca1,21-1907P
409102,ca1,08-1250
1024775,ca1,11-1628
837329,ca1,91-1609
7940565,ca1,17-1857E
1369410,ca1,81-1431
66049666,ca1,No. 731
427190,ca1,82-1243
1296600,ca1,77-1324
2822973,ca1,98-1366
530971,ca1,10-1542
2820803,ca1,94-2280
843882,ca1,92-1902
1016798,ca1,92-1763
1400499,ca1,76-1150
1108816,ca1,05-1598
67986710,ca1,22-1844
511638,ca1,90-1578
65883237,ca1,No. 07-1988
775450,ca1,73-1284
2821434,ca1,95-2183
66082717,ca1,No. 1206
14781134,ca1,17-1507P
366832,ca1,5974
815368,ca1,87-1526
66188282,ca1,No. 78-1564
834201,ca1,13-1858
313252,ca1,02-1284
107584,ca1,12-2047
1539816,ca1,"05-1461, 05-1462, 05-2315, 05-2627, 06-1005"
2129335,ca1,77-1345
2124193,ca1,5086_1
794412,ca1,"02-2158, 02-2159, 02-2165, 02-2166, 02-2288"
743891,ca1,"01-1460, 01-1788"
609304,ca1,04-2070
2688622,ca1,"11-2328, 12-1442, 12-2412"
464891,ca1,99-1548
506869,ca1,89-1974
45006,ca1,99-1547
464854,ca1,94-1546
2819802,ca1,93-1847
406718,ca1,04-2469
400469,ca1,95-1127
312398,ca1,93-1414
609003,ca1,03-2561
2822582,ca1,97-2426
745942,ca1,7230_1
605213,ca1,94-1774
65957484,ca1,No. 09-1454
962646,ca1,02-1953
76915,ca1,89-1152
60700764,ca1,20-1184P
1008939,ca1,72-1339
963010,ca1,13-1225
2821042,ca1,95-1832
63937468,ca1,No. 2532
66025540,ca1,No. 346
6281131,ca1,15-2298P
168180,ca1,93-1671
692909,ca1,5887
200792,ca1,5730
168987,ca1,02-2291
4554210,ca1,15-2103P
993827,ca1,88-1434
313085,ca1,01-1351
6147756,ca1,16-2039O
221921,ca1,5026_1
2167076,ca1,78-1459
18698500,ca1,20-1157P
2356325,ca1,88-3756
505341,ca1,"89-1556, 89-1557"
774518,ca1,73-1334
1244841,ca1,05-2487
66160852,ca1,Nos. 7245-7247
554225,ca1,85-1328
190820,ca1,"07-2012, 07-2070, 07-2326, 07-2327"
2821158,ca1,95-1246
369709,ca1,74-1234
374312,ca1,7235
100065,ca1,79-1490
843244,ca1,92-2157
591101,ca1,85-1677
46307,ca1,09-1135 
514121,ca1,"90-3049, 90-3111"
414124,ca1,95-2351
943921,ca1,80-1475
2664376,ca1,12-1711
6084606,ca1,16-1904P
1438699,ca1,92-1331
677169,ca1,20163_1
406213,ca1,03-2735
954991,ca1,"95-1495, 95-1497"
2822173,ca1,97-1294
608765,ca1,03-1506
2067748,ca1,5449
787275,ca1,72-1219
169250,ca1,"08-1365, 08-1951"
509115,ca1,"89-1835, 89-1923"
681477,ca1,6191_1
1265986,ca1,95-1333
2820739,ca1,95-1263
313833,ca1,03-2168
66185497,ca1,No. 78-1148
1999797,ca1,87-5073
820667,ca1,88-2084
1040148,ca1,2710
164971,ca1,7769_1
2821108,ca1,95-1881
713552,ca1,7388
610190,ca1,06-2016
223627,ca1,82-1027
228447,ca1,78-3342
333965,ca1,6042
2822785,ca1,98-1203
1500690,ca1,02-1577
66040724,ca1,No. 570
15220,ca1,19-1301
818495,ca1,88-1361
226061,ca1,81-1606
314469,ca1,06-2540
2821852,ca1,96-1396
2819012,ca1,92-1971
608986,ca1,04-1395
2819455,ca1,91-2298
16893749,ca1,19-1402U
60048727,ca1,19-1445P
2818587,ca1,91-2208
245594,ca1,06-2166
954603,ca1,82-1299
605074,ca1,94-2132
1243017,ca1,02-2643
2408899,ca1,93-1164
18688637,ca1,19-1929E
313173,ca1,00-1841
3013907,ca1,15-1416P
962857,ca1,07-1024
8029969,ca1,17-1711P
2822277,ca1,97-1187
2045325,ca1,00-1341
356281,ca1,11-2495
1512733,ca1,91-1532
2113533,ca1,7489_1
104985,ca1,13-1236
6279471,ca1,17-1293P
1179541,ca1,91-1081
66262891,ca1,No. 90-1721
2821476,ca1,96-1186
406844,ca1,05-1011
677419,ca1,01-1466
407377,ca1,05-2573
1291837,ca1,93-1241
512379,ca1,92-2156
1239389,ca1,00-1005
63593183,ca1,20-1888U
757977,ca1,09-2531
68501326,ca1,22-1875
765879,ca1,07-2754
66132166,ca1,No. 112
2469088,ca1,87-1964_1
2819973,ca1,93-1313
2820852,ca1,95-1010
301169,ca1,81-1250
1113083,ca1,"89-2067, 89-2068"
3061745,ca1,15-1987E
635612,ca1,77-1277
665967,ca1,09-2472
67318387,ca1,23-1389
66086312,ca1,No. 1271
16534910,ca1,17-2140P
233351,ca1,93-1898
2822005,ca1,97-1094
156701,ca1,08-2444 
865597,ca1,85-1428
708753,ca1,86-1814
607722,ca1,01-2018
944236,ca1,"09-2391, 10-1410"
2634312,ca1,13-2379
2821103,ca1,95-1777
2489999,ca1,91-1277
1919338,ca1,10-1994
63128249,ca1,20-1443U
312521,ca1,92-2024
1003862,ca1,90-2088
278546,ca1,5596_1
96139,ca1,06-1085
673987,ca1,13786
92924,ca1,"5462, 5474"
148113,ca1,12-1593
198633,ca1,89-1349
609437,ca1,05-1086
63959205,ca1,No. 3150
59684511,ca1,20-1092P
307977,ca1,87-1196
406996,ca1,79-1487
354578,ca1,15158
2819652,ca1,93-1589
609040,ca1,03-1816
1248867,ca1,"84-1707, 84-1708"
457925,ca1,10-2277
2038333,ca1,88-1552
606492,ca1,92-2444
2273272,ca1,98-1833
1380029,ca1,93-1246
2134451,ca1,89-1666
811269,ca1,86-8159
874010,ca1,99-2262
63930347,ca1,No. 2290
2823451,ca1,01-2353A
691994,ca1,5831
2821684,ca1,96-1279
608454,ca1,02-2544
311974,ca1,94-1629
3059940,ca1,15-1031P
602260,ca1,09-2386
978699,ca1,2884
1214503,ca1,01-1329
836318,ca1,91-5407
2228956,ca1,09-2048
189585,ca1,7134_1
980834,ca1,3637
8509703,ca1,17-1962P
409924,ca1,7455
136711,ca1,"83-1773, 83-1842"
983484,ca1,86-6031 to 86-6033
378080,ca1,98-2073
169253,ca1,08-1381
313092,ca1,01-1408
1993642,ca1,98-1246
610169,ca1,06-1979
17245,ca1,19-1582
181287,ca1,"85-1979, 85-1980 and 85-1981"
673884,ca1,6025
260029,ca1,12-2427
1844146,ca1,97-2159
401854,ca1,93-1800
561820,ca1,85-1070
407012,ca1,04-2400
143666,ca1,78-1335
606595,ca1,92-1427
50956,ca1,"96-1173, 96-1221 and 96-2231"
169270,ca1,08-1769
692348,ca1,5880_1
66062636,ca1,No. 928
2819270,ca1,92-1959
2450215,ca1,93-8281
66267793,ca1,Nos. 87-2006 to 87-2008
2823271,ca1,99-1101
2821178,ca1,95-1479
2238743,ca1,85-1764
122425,ca1,88-1596
853872,ca1,01-1187
2818719,ca1,92-1544
871245,ca1,97-1804
2822861,ca1,98-1369
69436555,ca1,24-1310
2362971,ca1,85-1689
66127196,ca1,Nos. 4 and 5
990735,ca1,92-2060
1136746,ca1,85-1925
4450283,ca1,15-1501U
954475,ca1,88-1820
465999,ca1,83-1207
331000,ca1,85-1873
608158,ca1,"01-1542, 02-1196, 02-1235"
2819496,ca1,93-1363
1267165,ca1,"75-1354, 75-1413 and 75-3303"
734638,ca1,71-1699
165869,ca1,98-5111
2820868,ca1,94-2062
533907,ca1,90-4023
610463,ca1,79-1283
1644247,ca1,91-1374
2822504,ca1,98-1392
314592,ca1,07-1624
345488,ca1,72-1148
508917,ca1,89-8546
8344951,ca1,18-1464E
314424,ca1,06-1765
525563,ca1,90-1465
66189722,ca1,No. 79-1575
1446910,ca1,85-2411
66226683,ca1,No. 86-1336
828741,ca1,90-1319
65893411,ca1,No. 06-1777
66084524,ca1,No. 1260
731253,ca1,71-1276
936558,ca1,"79-1351, 79-1452"
364838,ca1,7732
1454021,ca1,86-1999
1114189,ca1,91-2249
932429,ca1,75--1218
755510,ca1,74-2230
494733,ca1,84-1558
608844,ca1,03-1645
274264,ca1,89-1364
65472,ca1,95-1631
65883459,ca1,"Nos. 10-1076, 10-1099, 10-1115, 10-1875, 10-2466"
1407193,ca1,84-7143
616425,ca1,4854_1
589440,ca1,4475
64017731,ca1,"Nos. 92-1182, 92-1258, 92-1183 to 92-1185, 92-1259, 92-1442 and 92-1443"
167340,ca1,96-1890
1826838,ca1,01-1577
333107,ca1,"91-1629, 91-1710"
929840,ca1,73-1137
859778,ca1,08-1159
311452,ca1,96-1194
405629,ca1,03-1104
2374863,ca1,89-1356
404373,ca1,"01-1538, 01-1570 and 01-2325"
2822887,ca1,98-1735
2819457,ca1,93-1001
2498333,ca1,99-1586
269704,ca1,86-2130
2028913,ca1,83-1792
1276641,ca1,88-1168
812744,ca1,87-1219
608113,ca1,02-2071
1049174,ca1,94-2318
608568,ca1,02-2391
1246067,ca1,07-1539
2819658,ca1,93-2341
609579,ca1,04-1882
66100835,ca1,No. 1481
669100,ca1,6507_1
1542196,ca1,08-1179
369982,ca1,02-1666
1741185,ca1,78-1554
690396,ca1,97-1872
762541,ca1,72-1353
670834,ca1,17908
63944515,ca1,No. 2694
319618,ca1,99-1019
961729,ca1,85-1784
847536,ca1,92-2236
833958,ca1,90-1818
586032,ca1,75--1274
63972102,ca1,No. 3607
1342372,ca1,82-1587
708126,ca1,01-1533
2820613,ca1,93-1039
982320,ca1,87-1928
66213748,ca1,No. 85-1031
212121,ca1,78-1038
2819541,ca1,92-2016
608055,ca1,02-1318
605201,ca1,94-1727
942660,ca1,80-1425
697301,ca1,6724_1
2819014,ca1,92-2175
4619646,ca1,15-2038U
65883271,ca1,No. 06-1254
407387,ca1,05-2692
2497725,ca1,01-1056
2822189,ca1,97-1913
1025550,ca1,93-1604
608772,ca1,03-1391
405622,ca1,03-1835
2819364,ca1,93-1341
347780,ca1,76-1012
790799,ca1,88-1418
1252768,ca1,81-1516
66697111,ca1,22-1630P
328467,ca1,91-7041
1293693,ca1,96-2129
824482,ca1,"89-1379, 89-1380"
564518,ca1,92-1180
17261799,ca1,15-2070P
6284924,ca1,17-1803P
312364,ca1,93-1325
840697,ca1,"89-1684, 90-1167"
63928118,ca1,No. 2177
2674595,ca1,13-1632
65685397,ca1,No. 04-1308
1906912,ca1,84-1398
1123961,ca1,04-1258
1238919,ca1,98-2341
510949,ca1,89-2076
1067007,ca1,97-1321
69070646,ca1,22-1872
1690256,ca1,96-2068
2154802,ca1,85-1832
2462698,ca1,02-1823
1178122,ca1,93-2164
18617654,ca1,19-1572P
1245965,ca1,96-1184
14993009,ca1,18-1727P
402221,ca1,93-1653
1469896,ca1,79-1440
16086788,ca1,18-2055E
365156,ca1,7800_1
1038955,ca1,90-1901
2820635,ca1,95-8026
321687,ca1,90-4193
606469,ca1,92-2372
494915,ca1,84-1821
63143438,ca1,21-1057E
392589,ca1,76-1091
325620,ca1,80-1740
68060489,ca1,22-1883
476564,ca1,81-1583
2823093,ca1,98-2069
2821953,ca1,96-2076
328815,ca1,10-2327
616213,ca1,00-1297
870226,ca1,96-4006
66094000,ca1,No. 1359
557804,ca1,91-1257
3012645,ca1,15-1437P
1063813,ca1,99-1600
2819934,ca1,93-1590
1241213,ca1,94-1476
637748,ca1,75-1468 and 75-1469
2630137,ca1,12-2368
576285,ca1,02-1896
330672,ca1,92-1546
63368090,ca1,21-1649P
2819520,ca1,93-1499
313970,ca1,04-1222
167094,ca1,96-1052
17360224,ca1,19-1848P
1044206,ca1,94-4028
14791256,ca1,18-1051P
6079846,ca1,16-1732P
66189136,ca1,"Nos. 79-1269 to 79-1272, 79-1274, 79-1391 and 80-1218"
558514,ca1,82-1194
2821575,ca1,96-1245
272415,ca1,02-1428
1023604,ca1,11-1253
1246842,ca1,06-2722
995248,ca1,08-1089
66080518,ca1,"Nos. 1130, 1131"
953159,ca1,"81-1509, 81-1510"
66135801,ca1,No. 140
2054501,ca1,89-1647
2405003,ca1,81-5820
1762538,ca1,82-1407
675378,ca1,6103
1950504,ca1,88-1897
219986,ca1,"4291, 4292"
6143544,ca1,15-2043P
349212,ca1,09-1020
311835,ca1,95-1027
311318,ca1,95-1616
2818795,ca1,91-2219
1087049,ca1,08-2185
1230510,ca1,76-1463
3019139,ca1,15-1553P
66047993,ca1,Nos. 738-740
2570231,ca1,06-1861
597638,ca1,97-9005
66106475,ca1,No. 1525
616406,ca1,4879_1
2204011,ca1,83-2048
411419,ca1,09-1943
2823484,ca1,07-1723
606581,ca1,92-1435
943613,ca1,76-1284
359563,ca1,88-2739
309006,ca1,90-3399
3057217,ca1,14-2042P2
65653189,ca1,21-1948P
63738605,ca1,No. 1790
1016443,ca1,92-1270
664899,ca1,96-1916
1812250,ca1,02-11559
1130281,ca1,82-1792
314332,ca1,05-2752
1002612,ca1,09-2109
75846,ca1,76-1168
604315,ca1,96-1458
325877,ca1,85-1952
2819375,ca1,93-1370
1158466,ca1,87-2093
60700763,ca1,20-2165P
2822460,ca1,96-2029
167894,ca1,94-1171
789603,ca1,74--1013
839204,ca1,86-1295
792893,ca1,06-2537
1011677,ca1,91-1826
63925227,ca1,No. 1890
1925435,ca1,10-1309
598311,ca1,01-1460
2819864,ca1,93-1581
66265392,ca1,No. 91-1219
63959407,ca1,No. 3167
2062202,ca1,6660
2821902,ca1,96-1697
1463526,ca1,86-2143
1379395,ca1,87-1275
2102949,ca1,07-1511
959569,ca1,82-1887
142157,ca1,05-2697
354999,ca1,6657_1
2823255,ca1,99-1130
69707853,ca1,23-1345
602615,ca1,98-1278
2378320,ca1,08-1248
329663,ca1,16227_1
1325705,ca1,88-1090
63948199,ca1,No. 2845
19688,ca1,18-1500
609549,ca1,05-2350
1487975,ca1,83-1499
984266,ca1,87-5884
66026579,ca1,No. 342
66177756,ca1,"Nos. 75-1277, 75-1303 and 75-1305"
1122851,ca1,1816
1289455,ca1,"98-1254, 98-1269"
949407,ca1,5319
605937,ca1,93-2068
2819424,ca1,92-1703
778570,ca1,83-1374
664436,ca1,7193_1
1765312,ca1,06-2472
63922446,ca1,No. 1834
565860,ca1,06-1942
1240970,ca1,01-2098
1254853,ca1,91-1587
801527,ca1,86-1350
167800,ca1,93-1823
6153331,ca1,16-1589P
2169630,ca1,87-2339
926104,ca1,4713_1
2012844,ca1,89-1002
2431176,ca1,4447-4450_1
63392119,ca1,20-1571E
69059646,ca1,23-1259
1472771,ca1,84-1321
604355,ca1,96-1070
610250,ca1,03-1932
405195,ca1,02-2443
323740,ca1,89-1596
413762,ca1,80-1553
166805,ca1,95-2127
311572,ca1,96-1223
17126151,ca1,19-1262P
607375,ca1,00-1498
405954,ca1,00-2492
66267657,ca1,No. 91-1019
65883407,ca1,No. 09-2549
2414662,ca1,90-2022_1
1047158,ca1,3786
1040266,ca1,2721
2263285,ca1,92-1718
60384431,ca1,20-1944P
606600,ca1,92-1587
804551,ca1,90-1664
1971946,ca1,90-1863
950365,ca1,"80-1351, 80-1380"
187510,ca1,7981_1
68368984,ca1,24-1265
609157,ca1,"04-1574, 04-1741"
2181820,ca1,96-1011
873491,ca1,97-3701
166259,ca1,97-2330
952172,ca1,81-1550
1251978,ca1,90-1197
388885,ca1,84-1555
2232174,ca1,93-1289
312447,ca1,92-2205
1407424,ca1,08-2579
411368,ca1,77-1395
2645535,ca1,12-2490
2818651,ca1,91-2325
2818918,ca1,92-2041
1102850,ca1,04-1324
608773,ca1,03-1027
205770,ca1,97-1233
63247752,ca1,21-1335P
991246,ca1,2519
64202157,ca1,No. 01-1404
2822659,ca1,97-1952
1747692,ca1,99-2216
696545,ca1,6685
428143,ca1,82-1495
2326283,ca1,91-1599
2822094,ca1,97-1246
752273,ca1,550
63894,ca1,77-1050
63948958,ca1,No. 2872
2392874,ca1,87-1727
608631,ca1,02-2170
1177631,ca1,84-1838
607746,ca1,95-1966
649633,ca1,21171
403915,ca1,01-1338
565978,ca1,"07-1743, 07-1744"
66197326,ca1,"Nos. 83-1501, 83-1567"
69344986,ca1,24-1264
374529,ca1,01-2746
70571,ca1,06-1559
1286868,ca1,4777
638630,ca1,99-1995
2822276,ca1,97-1584
715598,ca1,76-1456
991845,ca1,89-1251
662368,ca1,09-1690
66805270,ca1,22-1116P
610095,ca1,"06-1795, 06-1832"
3036899,ca1,15-1531P
876742,ca1,11-1404
1240557,ca1,00-2551
667375,ca1,7243
983481,ca1,12-2388
2308704,ca1,75-2922
954608,ca1,"82-1408, 82-1466"
2819988,ca1,94-1060
605053,ca1,94-1598
66031073,ca1,No. 480
947008,ca1,79-1254
2349469,ca1,84-1730
6360656,ca1,17-1069U
63976413,ca1,No. 3766
2293880,ca1,91-1509
312435,ca1,93-1097
780934,ca1,74-1226
2822366,ca1,97-1685
231286,ca1,5282
248391,ca1,"00-1739, 00-1813"
63979422,ca1,No. 4011
729117,ca1,78-1027
521648,ca1,85-1909
396796,ca1,97-1958
978716,ca1,87-2001
314152,ca1,05-1751
503204,ca1,"86-1842, 86-1855"
701926,ca1,71-1064
2450439,ca1,89-2158
66091805,ca1,No. 1385
2821272,ca1,95-2241
66184773,ca1,No. 77-1450
66249467,ca1,"Nos. 86-1300, 86-1643 and 86-1644"
66042792,ca1,"Nos. 622, 623"
879477,ca1,11-2083
816598,ca1,"88-1174, 88-1411"
442753,ca1,80-1205
3061746,ca1,15-1320E
609536,ca1,05-1250
714637,ca1,03-2337
65739618,ca1,21-1068P
66137404,ca1,No. 142
609070,ca1,04-1121
433722,ca1,83-1471
932597,ca1,76-1245
1244469,ca1,04-2596
214840,ca1,79-1133
512821,ca1,90-1406
1290684,ca1,91-1079
2181691,ca1,92-7626
282272,ca1,88-1582
838374,ca1,92-1708
608567,ca1,"02-2504, 02-2566"
2822802,ca1,98-1256
63957294,ca1,No. 3024
1239434,ca1,00-1368
2635839,ca1,"14-1328, 14-1350, 14-9002, 14-9003"
2671530,ca1,14-1038
2217875,ca1,73-1240
331619,ca1,91-2003
66182821,ca1,No. 77-1284
2819616,ca1,93-1536
1311308,ca1,06-1907
247610,ca1,09-1721 
497810,ca1,84-2325
1217642,ca1,6166_1
773497,ca1,73-1340
1074734,ca1,11-2100
68191336,ca1,23-1839
2103584,ca1,96-2161
60318327,ca1,19-2019E
2783052,ca1,14-1566
313188,ca1,"01-1382, 01-2273"
330639,ca1,"91-2046, 91-2218"
66138355,ca1,No. 202
2820023,ca1,94-1333
2822793,ca1,98-1446
1299629,ca1,88-1484
1642589,ca1,2435
2482498,ca1,08-2300
14781133,ca1,17-1543P
595300,ca1,87-1241
808065,ca1,86-1779
294805,ca1,5516
1901998,ca1,91-1661
2822123,ca1,96-2057
605924,ca1,93-1932
67859779,ca1,23-1802
1626771,ca1,2910
606642,ca1,99-1967
799383,ca1,85-1240
63936064,ca1,No. 2518
274392,ca1,89-1894
167417,ca1,96-1527
2822920,ca1,98-1667
1077728,ca1,93-1971
63971788,ca1,No. 3546
3055965,ca1,14-2150P
63945500,ca1,No. 2738
402936,ca1,92-2258
1098789,ca1,12-1902
707967,ca1,80-3711
603127,ca1,96-2347
289980,ca1,5404_1
798169,ca1,06-2292
6257575,ca1,17-1394P
519315,ca1,79-1409
2823357,ca1,99-1169
176505,ca1,87-1976
1414339,ca1,13-2087
1432951,ca1,83-4139
935435,ca1,95-55616
819336,ca1,87-1748
874470,ca1,00-9003
1537448,ca1,07-2362
1733699,ca1,99-8015
606354,ca1,93-1142
63976701,ca1,No. 3721
2200627,ca1,80-1177
605970,ca1,93-2038
874899,ca1,00-2425
726841,ca1,02-9407
244657,ca1,77-1008
594250,ca1,4551
744358,ca1,6539_1
2819854,ca1,93-1800
2819256,ca1,92-2417
1214954,ca1,95-1933
1968292,ca1,88-7387
312382,ca1,92-2481
2821203,ca1,95-2121
63976886,ca1,No. 3826
945590,ca1,78-1047
606881,ca1,00-1594
66036830,ca1,No. 515
1318753,ca1,85-1999
2823475,ca1,02-1656FEES
2100484,ca1,71-1324
1039050,ca1,2200
834973,ca1,91-7041
63998170,ca1,No. 4811
63949307,ca1,No. 2871
2189736,ca1,86-1585
2341159,ca1,79-1301
68512505,ca1,24-1119
2452561,ca1,82-1004
224599,ca1,82-1674
691449,ca1,5859
2819144,ca1,91-1602
3085376,ca1,15-1609U
14543497,ca1,18-1836E
2821240,ca1,95-2374
1183763,ca1,97-1022
2035286,ca1,94-1922
381695,ca1,98-1998
311342,ca1,96-1053
610002,ca1,05-1582
1012904,ca1,92-1791
1063956,ca1,04-1709
1274480,ca1,86-1136
756443,ca1,75-2197
683922,ca1,7841
314316,ca1,3917
990917,ca1,88-1708
1245875,ca1,07-1218
61638809,ca1,20-2110P
954401,ca1,08-1048
611711,ca1,4774
2821331,ca1,95-1689
260221,ca1,85-2410
602856,ca1,77-1566
608276,ca1,02-1811
615749,ca1,10-2009
63737142,ca1,Nos. 1730-1732
889576,ca1,11-1877
74141,ca1,74-1195
2819447,ca1,93-1074
313688,ca1,03-1141
2822227,ca1,97-1772
717191,ca1,7498_1
385361,ca1,99-1656
2395681,ca1,04-1714
609467,ca1,04-2170
585848,ca1,02-1541
719644,ca1,09-2626
17115,ca1,18-1787
495002,ca1,94-7748
423929,ca1,03-2719
653158,ca1,6569_1
644805,ca1,4581
50758,ca1,92-1969
2023785,ca1,12-1586
398694,ca1,95-2088
3030334,ca1,14-1216P
66131619,ca1,No. 95
2819077,ca1,92-1343
66225075,ca1,No. 86-1506
1260437,ca1,5739
63108446,ca1,20-2024E
834419,ca1,12-1780
2819269,ca1,93-1743
66055619,ca1,No. 834
2822965,ca1,98-1917
2477629,ca1,86-1579
1036778,ca1,87-1489
404248,ca1,01-2013
66138428,ca1,No. 204
606842,ca1,00-1631
1375318,ca1,86-1183
656313,ca1,6982_1
790985,ca1,"07-1475, 07-1477"
377650,ca1,99-1053
352312,ca1,73-1189
6543,ca1,18-2118
1058812,ca1,"75-1424, 75-1457"
279565,ca1,01-1410
1606627,ca1,77-1268
63935232,ca1,No. 2447
69381463,ca1,23-1717
167345,ca1,96-2270
486238,ca1,4926
2822848,ca1,98-1658
2820917,ca1,95-1609
2822794,ca1,98-1266
483264,ca1,4944_1
63981969,ca1,No. 4077
1004062,ca1,91-1074
310403,ca1,98-1995
65677944,ca1,No. 04-1020
63982115,ca1,No. 4111
63931995,ca1,No. 2394
2821920,ca1,96-1623
605923,ca1,94-1002
756557,ca1,72-1166 to 72-1168
1922199,ca1,09-2001
1101008,ca1,03-1678
210092,ca1,78-1195
640395,ca1,91-1606
2822572,ca1,98-1218
1380781,ca1,76-1515
63291013,ca1,21-1296P
78308,ca1,03-1647
2375890,ca1,80-9027
767288,ca1,"72-1306, 72-1313"
4619645,ca1,15-2245E
65965157,ca1,No. 16-1336
609282,ca1,04-2411
2491041,ca1,02-1907
270236,ca1,12-2098
588388,ca1,76-4018
2818772,ca1,92-1096
2822138,ca1,97-1221
128893,ca1,84-1236
66134865,ca1,No. 137
367360,ca1,93-1446
259210,ca1,16806
314066,ca1,80-1273
30411,ca1,19-1956
2598560,ca1,13-1108
1696628,ca1,90-2161
715181,ca1,7430_1
1015020,ca1,92-1193
1393905,ca1,00-1573
1463757,ca1,86-1240
66069673,ca1,No. 993
62151329,ca1,21-1145P
313263,ca1,02-1098
999390,ca1,90-1307
2352349,ca1,89-2136
460040,ca1,82-1618
111184,ca1,24585_1
2822880,ca1,97-2353
676429,ca1,95-1882
610803,ca1,92-1224
2822635,ca1,98-1077
2822505,ca1,97-2092
2821840,ca1,96-1743
2132619,ca1,98-1755
7273110,ca1,17-1178P
802506,ca1,85-4291
2822319,ca1,96-2311
169604,ca1,5411
2820074,ca1,93-1221
674895,ca1,81-5316
154302,ca1,13-1149
1092307,ca1,"78-1664, 77-3486"
6352513,ca1,16-2242P
1241522,ca1,14717_1
467047,ca1,05-1374-
625746,ca1,92-1475
66087600,ca2,No. 144
65725839,ca2,No. 08-6032-ag
4582154,ca2,15-3364-cv
66111995,ca2,No. 275
63947193,ca2,No. 343
65680755,ca2,No. 04-0226-CR
66231319,ca2,"No. 1141, Docket 86-6272"
71553,ca2,81-1156
288630,ca2,84-7896
65691707,ca2,No. 04-0297-AG
296952,ca2,25742_1
64022228,ca2,"No. 1150, Docket 94-2527"
902224,ca2,Docket 05-1390-AG
14996662,ca2,17-3237-cr
320695,ca2,83-1002
508816,ca2,89-1241
65685272,ca2,"No. 04-4755, 04-5431"
66268607,ca2,"Nos. 683, 762 and 812, 90-1087, 90-1205 and 90-1217"
1274035,ca2,94-7653
65713070,ca2,No. 07-0233-pr
16432612,ca2,17-2784
63006,ca2,"920, Docket 89-9157"
2129611,ca2,89-7501
65956185,ca2,No. 10-5039-cr
63943211,ca2,No. 461
65723844,ca2,No. 08-6123-ag
2414927,ca2,"118, Docket 72-1675"
65690257,ca2,No. 09-3618-cr
534586,ca2,1017
63944211,ca2,No. 203
68522530,ca2,22-6235
65660371,ca2,"Nos. 13-163-cr (Lead), 13-335-cr (Con)"
63945771,ca2,No. 189
65728134,ca2,"Nos. 08-1066-cr(L), 08-2820-cr(CON)"
60003046,ca2,20-1321
2134783,ca2,23438_1
65691680,ca2,No. 02-4930 NAC
952630,ca2,342
2488928,ca2,"142, Docket 73-1424"
65895219,ca2,No. 06-0714-cr.
1481570,ca2,81-1255
65686272,ca2,Docket No. 03-4231
64061357,ca2,Docket No. 97-7943
350660,ca2,"135, Docket 73-1775"
331732,ca2,26792_1
402511,ca2,"537, Docket 83-2283"
1705899,ca2,01-9282
66175664,ca2,"No. 320, Docket 74-1708"
1038388,ca2,234
65913841,ca2,No. 04-6285-ag
365267,ca2,94-8509
791954,ca2,"751, 826, Dockets 85-7783, 85-7817"
1480749,ca2,80-7185
65704457,ca2,No. 08-0295-cr
2653146,ca2,14-1136
65888681,ca2,"Nos. 05-4631-ag (L), 05-4633-ag (Con)"
425865,ca2,"986, Docket 82-2004"
4576510,ca2,16-317
3060319,ca2,15-365-cv
65663196,ca2,"Docket Nos. 15-3560; 16-3595 August Term, 2016"
2471044,ca2,90-5021
2501495,ca2,87-1267
757586,ca2,"562-566, 609-610, Dockets 76-1384 to 76-1389, 76-1395"
403102,ca2,"208, Docket 21940"
66099883,ca2,No. 54
66860088,ca2,22-3158
63977126,ca2,No. 237
65707539,ca2,No. 07-3406-cv
66167178,ca2,Docket No. 72-1330
65708451,ca2,"Nos. 04-4414-CR(L), 06-0204-cr, 06-0342-cr, 06-1558"
63958838,ca2,No. 25
64018905,ca2,"Nos. 1480, 1481 and 1709, Dockets 93-9046, 93-9332 and 94-7084"
763832,ca2,"643, Docket 80-7413"
4469168,ca2,15-2081
779103,ca2,Docket 05-6953-ag
67466450,ca2,23-282
67511770,ca2,22-980
1813118,ca2,78-1330
1700659,ca2,77-7041
66045528,ca2,No. 127
65926319,ca2,No. 07-4714-ag.
65964141,ca2,No. 15-4131-bk
64004206,ca2,"No. 362, Docket 24720"
1446262,ca2,90-2199
548767,ca2,09-3176-cr
297312,ca2,08-5482-cv
17040680,ca2,19-244cv
737591,ca2,Docket 05-3454-CR
2670217,ca2,14-1050
4553203,ca2,16-1168
65694826,ca2,No. 03-40967-AG
66111989,ca2,No. 279
754912,ca2,11-1986-cr
845386,ca2,10-4255-cr
1084052,ca2,11-3300-cr
2645080,ca2,14-428-ag
65693923,ca2,No. 04-0037-AG NAC
1212296,ca2,"444, Docket 94-7316"
2029790,ca2,84-3056
66101987,ca2,No. 28
1440693,ca2,84-7104
1133304,ca2,77-7174
66090238,ca2,No. 253
1213076,ca2,81-7258
66037213,ca2,No. 126
668482,ca2,29453_1
2119272,ca2,No. 11-4222-cv
1766963,ca2,93-7980
236296,ca2,1880
14693007,ca2,17-2112-cr
63948036,ca2,No. 40
1353017,ca2,80-7368
46000,ca2,97-9055
64157239,ca2,No. 00-9280
69683,ca2,23938
63954370,ca2,No. 317
1269177,ca2,82-3010
66110906,ca2,No. 154
682937,ca2,"295, Docket 33641"
65908055,ca2,No. 06-2019-cv
4586096,ca2,16-1019
66150196,ca2,"No. 83, Docket 28826"
875055,ca2,03-6143
1467568,ca2,86-2269
306011,ca2,13-2360-cr
672653,ca2,27318_1
532792,ca2,11-187-ag
4485192,ca2,14-3800-cv
1514914,ca2,435
2817233,ca2,Docket 05-0731-pr
785457,ca2,10-1834-cr
156042,ca2,"1418, Docket 95-7862"
66237389,ca2,"Nos. 939, 1051, Dockets 87-7881, 87-7939"
66194303,ca2,"No. 1310, Docket 82-7943"
2103518,ca2,87-5025
856494,ca2,95-1062
2680293,ca2,14-3143
1058821,ca2,95-2291
2083767,ca2,84-2175
4616351,ca2,15-3498-cr
65698370,ca2,No. 05-0618-cv
536360,ca2,12-2432-cv
66088683,ca2,No. 124
566990,ca2,Docket 09-4475-cr
1923315,ca2,86-2244
64010646,ca2,"Nos. 256-258, Docket 27146-27148"
1043879,ca2,201
773997,ca2,"310, 644, Dockets 73-1417, 73-1049"
70156,ca2,"1699, Docket 91-6060"
7681397,ca2,16-4185
69329394,ca2,24-0514-cv
1942994,ca2,82-7493
337781,ca2,07-5291
69585028,ca2,23-7993
63998915,ca2,"No. 50, Docket 22953"
298015,ca2,"08-4446-cr(L), 08-4913-cr(CON)"
583821,ca2,90-2592
65732495,ca2,No. 09-0408-bk
1378653,ca2,95-1180
2408364,ca2,85-7404
1388284,ca2,76-7024
1071520,ca2,98-7442
78298,ca2,87-6020
741158,ca2,"707, Docket 72-1032"
65886509,ca2,No. 03-4324-ag
1212958,ca2,80-6221
294387,ca2,"49, Docket 25652"
950055,ca2,"1379, Docket 80-9136"
63923521,ca2,No. 173
420259,ca2,07-4483
65728123,ca2,No. 08-2905-ag
2131136,ca2,82-7800
65954132,ca2,No. 07-4756-ag
608553,ca2,27259
2467186,ca2,84-7945
1071066,ca2,Docket 06-2079-bk
1411727,ca2,84-3014
59708022,ca2,19-3667-cr
65718870,ca2,No. 08-1999-cv
64023351,ca2,"No. 959, Docket 95-6178"
65913610,ca2,No. 06-2857-PR.
16601101,ca2,19-973-cv
2490245,ca2,78-1230
64049660,ca2,"No. 867, Docket 97-7522"
3088284,ca2,Docket 15-3063
481588,ca2,82-6144
2432411,ca2,89-2180
4108632,ca2,13-4500
65692430,ca2,No. 03-41083-AG
728343,ca2,01-1215
63957547,ca2,No. 329
737081,ca2,"483, Docket 71-1948"
1220659,ca2,74-2356
1653021,ca2,88-1060
4621994,ca2,Docket 15-2074
2686476,ca2,14-4713-cv
65910107,ca2,No. 05-1396-ag
781492,ca2,"153, 234 and 480, Dockets 74-1878, 74-1879 and 74-1920"
879055,ca2,11-3945-cr(L)11-4040-cr (Con)
66972045,ca2,22-3033
65892968,ca2,No. 05-6697-cv
720977,ca2,1999
1040153,ca2,140
65719624,ca2,No. 08-4046-bk
507005,ca2,442
3062375,ca2,15-3381-pr
1974125,ca2,97-1027
500491,ca2,"99, Docket 22813"
18616354,ca2,19-1314
690478,ca2,26833_1
261301,ca2,"353, 458, 376, 374 and 375, Dockets 86-1204, 86-1205, 86-1212, 86-1257 and 86-1258"
662318,ca2,Docket 97-6094
64287972,ca2,"Nos. 02-7036(L), 02-7406(CON)"
63930991,ca2,No. 243
66100292,ca2,No. 37
66040148,ca2,"No. 223 (3,344)"
1337158,ca2,74-2049
695266,ca2,Docket 30365
64284796,ca2,No. 02-77
875515,ca2,Docket 03-4200
65891817,ca2,No. 05-2410-ag
965780,ca2,09-4823-ag
65713052,ca2,No. 08-0476-cv
2276497,ca2,86-7083
64015827,ca2,"No. 1164, Docket 92-6256"
620190,ca2,"69, Docket 76-1157"
1445863,ca2,83-7346
1085531,ca2,80-1083
15688760,ca2,18-1563-cv
63151872,ca2,18-3618
553311,ca2,"1107, Docket 94-1481"
64048919,ca2,"No. 243, Docket 96-2414"
6148072,ca2,16-4220-cv
66110474,ca2,No. 48
63937299,ca2,"Nos. 391, 392"
1903201,ca2,93-2802
65662395,ca2,"Docket Nos. 15-1133-cv(L), 15-1146-cv(CON)"
765154,ca2,"643, Docket 72-2120"
65674728,ca2,Docket No. 03-1582
1605398,ca2,75-7087
2543750,ca2,114
65657336,ca2,Docket No. 04-0926-CV
65699165,ca2,No. 05-1937-ag
1138656,ca2,83-2342
1497049,ca2,94-1654
66095949,ca2,No. 76
874999,ca2,Docket 03-4492
59692489,ca2,18-2745
66147417,ca2,No. 2
194896,ca2,"97, Docket 26294"
65956350,ca2,No. 07-5590-ag
27231,ca2,19-3574
66064777,ca2,No. 154
67905790,ca2,23-1322
1210925,ca2,85-6090
632,ca2,19-297
60684168,ca2,19-575
66270322,ca2,"Nos. 9, 7, 8, 11, 10, 15, 13, 12 and 14, Dockets 89-1458, 89-1459, 89-1527, 89-1537, 89-1550, 89-1556, 90-1229, 90-1230 and 90-1263"
1047371,ca2,"1273, Docket 85-6067"
65385697,ca2,21-2543
357547,ca2,Docket 10-3889-cv
1963168,ca2,96-1052
2347309,ca2,80-6183
63976389,ca2,No. 146
66064356,ca2,No. 169
668252,ca2,96-2012
961321,ca2,01-7505
65954036,ca2,No. 07-2428-cr
66115036,ca2,No. 221
1430463,ca2,82-1227
532059,ca2,09-3769-ag
15638025,ca2,18-2561-cv
65911623,ca2,No. 07-2783-ag
66093529,ca2,No. 217
255315,ca2,"1432, Docket 83-1061"
65704516,ca2,No. 07-0296-cr
66048796,ca2,No. 147
66197242,ca2,"Nos. 672, 682, Dockets 83-4026, 83-4170"
16607053,ca2,13-3992-cv(L)
14554394,ca2,16-3560-cv
65697352,ca2,No. 04-5925-AG
187001,ca2,"132, Docket 80-7387"
980933,ca2,"119, Docket 20833"
1090700,ca2,"353, Docket 95-1081"
63924726,ca2,No. 352
1239035,ca2,75-1159
695312,ca2,29985-29987_1
2333253,ca2,87-1088
875674,ca2,Docket 05-2766-pr
2344669,ca2,93-1466
2041317,ca2,11-3215
1080301,ca2,"1792, Docket 97-7131"
65705874,ca2,No. 08-0693-ag
63944695,ca2,No. 122
17395534,ca2,20-2056-cv
2258187,ca2,1367
2498212,ca2,76-1349
65658084,ca2,"Docket No. 16-1429-cr; August Term, 2016"
2224017,ca2,33671_1
67879184,ca2,23-1330
65962804,ca2,15-3610-cr
63176702,ca2,21-1242-cv
66198540,ca2,"No. 814, Docket 83-2289"
726916,ca2,Docket 03-7381
715088,ca2,33743-33745
65895327,ca2,No. 06-4500-ag
1625959,ca2,267
65718439,ca2,No. 08-1536-cr
3032636,ca2,Docket 15-164-cv
961341,ca2,302
64162488,ca2,No. 01-1047
1121672,ca2,92-4194
65694869,ca2,No. 04-0810-AG
65389375,ca2,21-1076
667293,ca2,32933_1
622647,ca2,"962, Docket 75-7122"
2421524,ca2,90-2411
65704081,ca2,No. 08-2698-ag
539416,ca2,"346, Docket 92-7624"
956484,ca2,"1288, Docket 82-1452"
390632,ca2,09-2283-cr
409970,ca2,10-703-ag
65682647,ca2,No. 03-9111-CV
2451577,ca2,80-2331
67992238,ca2,22-1425
63971545,ca2,No. 375
601473,ca2,10-3846-ag
66189237,ca2,"No. 1037, Docket 79-6267"
2294858,ca2,24364_1
283838,ca2,993
66079770,ca2,No. 56
63975119,ca2,No. 241
59836451,ca2,19-4365-cv
1443888,ca2,93-6049
837111,ca2,"936, Docket 91-2326"
560989,ca2,199
66106291,ca2,No. 273
2360782,ca2,27575_1
63936086,ca2,No. 243
63980896,ca2,No. 325
1178449,ca2,90-2268
869342,ca2,"880, Docket 83-2355"
1000940,ca2,169
749767,ca2,"816, Docket 74-1057"
529550,ca2,1077
59906956,ca2,20-2024
2446977,ca2,92-1204
63959973,ca2,No. 216
65727311,ca2,"Nos. 08-0944-cr(L), 08-3371-cr(con)"
63972384,ca2,No. 103
2129467,ca2,93-1603
66092330,ca2,No. 138
875376,ca2,Docket 03-2503
66211824,ca2,"No. 285, Docket 85-7435"
870174,ca2,"248, Docket 97-6026"
2521013,ca2,164
1300710,ca2,85-7279
1015420,ca2,598
759590,ca2,"1229, Docket 80-1429"
1284728,ca2,85-7506
6521204,ca2,17-1071
2117415,ca2,94-1368
68810614,ca2,23-6585
65660710,ca2,Docket No. 12-4803-bk
98334,ca2,13-272-cv
6162608,ca2,16-3230
1846834,ca2,"484, Docket 72-1754"
66070724,ca2,No. 276
66191919,ca2,"No. 880, Docket 82-6004"
66078285,ca2,No. 301
65895210,ca2,No. 06-1094-cv.
65685597,ca2,No. 04-3415-CR
675887,ca2,"284, Docket 27965"
65725829,ca2,No. 08-2602-cv
61634440,ca2,21-475-cr
1061436,ca2,"00-1313, 00-1314"
101363,ca2,"248, Docket 24910"
2150742,ca2,Docket 04-2394-CR
66800808,ca2,21-2905
18689977,ca2,19-2638
1239349,ca2,"550, Docket 76-2117"
950352,ca2,08-9050
549442,ca2,"432, Docket 93-4195"
65711966,ca2,No. 07-4899-cr
65712391,ca2,No. 13-2125-cv
487084,ca2,"869, 978, Dockets 86-1444, 86-1454"
2817372,ca2,06-0978-cv
66046796,ca2,No. 276
65718488,ca2,No. 08-2442-ag
498180,ca2,81-2276
65675397,ca2,No. 03-1690
165757,ca2,2000
501200,ca2,21193_1
17354475,ca2,18-842-ag
61645544,ca2,20-1476
295686,ca2,"302, Docket 25501"
64091102,ca2,Docket No. 98-4391
2071475,ca2,77-7545
65669409,ca2,No. 02-9370
2649578,ca2,13-3289
171134,ca2,08-5398
1332459,ca2,83-7349
66758130,ca2,22-122
63996795,ca2,"No. 196, Docket 22179"
1520956,ca2,754
65962801,ca2,15-3446-cv
2476800,ca2,75-2143
538280,ca2,"Docket 02-4641, 02-4642, 03-40550, 03-40555"
1305545,ca2,"630, Docket 91-7809"
786774,ca2,72-2249
404954,ca2,Docket 03-4803-ag
65957125,ca2,No. 13-3894-cv
878618,ca2,11-5182
1621167,ca2,Docket 08-0659-cv
66087657,ca2,No. 54
69058537,ca2,24-1220
1726790,ca2,84-2329
2166147,ca2,23819
69451478,ca2,23-6336-cr
1002293,ca2,90-2482
65663207,ca2,"Docket No. 17-1966-cr; August Term, 2017"
202323,ca2,"808, Docket 75-1407"
1121887,ca2,93-7725
1377838,ca2,91-1257
982367,ca2,242
65909364,ca2,No. 06-1291-cv
63934019,ca2,No. 236
283980,ca2,28404_1
1163252,ca2,11-4765-cr
64006261,ca2,"No. 68, Docket 25729"
713492,ca2,Docket 03-9198
855712,ca2,1233
748190,ca2,2000
1680082,ca2,80-7602
1002874,ca2,73-1443
66025548,ca2,No. 31
65887165,ca2,No. 04-5282-AG
219498,ca2,1335
1215423,ca2,80-1011
278843,ca2,81-1092
656213,ca2,"174, Docket 30664"
2468298,ca2,91-7913
66029619,ca2,No. 37
2817718,ca2,"08-2966-cr (L), 08-2975-cr (con)"
65720681,ca2,No. 08-2540-cv
2164161,ca2,73-1429
1051166,ca2,85-1056
65675698,ca2,Docket No. 03-7868 CV
203468,ca2,1988
18438960,ca2,19-3071-cr
64107858,ca2,No. 00-7757
854598,ca2,"1165, Docket 95-1615"
562616,ca2,07-3765
66066471,ca2,"Nos. 233, 194, 161, 236, 237, 240, 234"
65909840,ca2,No. 06-5903-ag
547234,ca2,"1192, Docket 93-6229"
555114,ca2,91-2017
66069811,ca2,No. 190
65890922,ca2,No. 06-0841-CR
673544,ca2,27628_1
65717636,ca2,No. 07-4442-cv
64067347,ca2,"Docket Nos. 98-7835, 98-9003"
1399504,ca2,80-6158
1974083,ca2,97-9367
1079471,ca2,Docket 09-4723-pr
367232,ca2,"11-4080-cr(L), 11-4309-cr(CON)"
861904,ca2,13-422-cv (L)
1451803,ca2,12-1839 (L)
63950757,ca2,No. 446
65708450,ca2,"Nos. 04-4414-CR(L), 06-0204-cr, 06-0342-cr, 06-1558"
65699308,ca2,No. 05-1033-AG
64004398,ca2,"No. 304, Docket 23702"
67154110,ca2,23-239
466946,ca2,"Docket 05-4261(L), 05-4290(CON), 05-4933-CR-XAP, 05-4936-CR-XAP, 05-5275-CR(CON)"
1121530,ca2,33517_1
63957204,ca2,No. 330
2399410,ca2,81-3017_1
65926111,ca2,No. 06-0203-cr.
1121909,ca2,92-6204
65892511,ca2,No. 05-6391-ag
482731,ca2,"612, 648 and 649, Dockets 81-1392, 81-1394 and 81-1396"
63945522,ca2,No. 306
105082,ca2,23816
66100794,ca2,No. 127
7128070,ca2,17-1153
64101988,ca2,"Nos. 00-7285, 00-7293, 00-7295, 00-7553, 00-7555, 00-7623"
65669090,ca2,No. 02-7840
535318,ca2,"840, Docket 93-1538"
989810,ca2,122-126
3008976,ca2,14-4330
65699002,ca2,"Nos. 05-2558-AG, A70 901 850"
2648504,ca2,14-1125-cv
1022044,ca2,10-1045
65887124,ca2,No. 04-2382-ag
219427,ca2,02-6185
2436384,ca2,78-7102
65704979,ca2,No. 07-0809-cr
66143626,ca2,"No. 1,042"
584247,ca2,10-2547-cv
2593706,ca2,14-1448-cv
2060840,ca2,89-7568
65666512,ca2,No. 01-2499
4555180,ca2,15-4036-cr
65675102,ca2,Docket No. 03-1122
511097,ca2,25561_1
875491,ca2,Docket 01-1588
2447622,ca2,78-1271
65704915,ca2,No. 08-1672-cr
1625038,ca2,417
66172266,ca2,"No. 1078, Docket 74-1456"
67611108,ca2,23-930
64024974,ca2,"No. 996, Docket 95-7756"
65683180,ca2,No. 03-0199-PR
721283,ca2,1999
66170429,ca2,"No. 1026, Docket 73-1719"
63191358,ca2,20-3157-cr
63739595,ca2,No. 26
684456,ca2,28849_1
63926553,ca2,No. 269
4415694,ca2,15-2797-cv
1625689,ca2,266
695120,ca2,29935
65954602,ca2,No. 07-5285-ag.
3030879,ca2,14-1275-cr
513394,ca2,"854, Docket 75-6121"
1457577,ca2,"1149, Docket 93-7993"
14731002,ca2,17-3921
882881,ca2,"11-5443-cr(L), 11-5448-cr"
65701580,ca2,No. 05-1883-ag
64068637,ca2,No. 99-9111
65657074,ca2,Docket No. 03-9213
329617,ca2,696
2614862,ca2,13-4754
920673,ca2,08-5340-cv
1286688,ca2,24684
65722845,ca2,No. 05-6681-ag
655423,ca2,30959_1
63970674,ca2,No. 255
2434373,ca2,91-1401
49071,ca2,12-5082-cv
1185112,ca2,02-7468
575254,ca2,"10-1339-cv (L), 10-1599-cv (CON)"
2135766,ca2,81-2381
542411,ca2,1394
64018232,ca2,"No. 1213, Docket 93-9079"
661724,ca2,209
67214046,ca2,21-6223
1009011,ca2,279 Docket 91-2284
65695463,ca2,No. 05-3849-CR
574515,ca2,09-4916-cv
329924,ca2,85-1319
1498220,ca2,"1261, 1360, Dockets 87-7135, 87-7143"
2084202,ca2,78-1393
64001476,ca2,"No. 31, Docket 24296"
65720189,ca2,No. 08-0598-cv
460416,ca2,972
299935,ca2,"56, Docket 26119"
65715875,ca2,No. 08-3475-ag
64197231,ca2,Docket No. 01-6044
351524,ca2,133
68272522,ca2,23-6063-cr
388674,ca2,09-0574-cr
65670151,ca2,Docket No. 02-1391
65720679,ca2,No. 08-5059-ag
65685399,ca2,No. 03-40583
65704512,ca2,No. 08-1765-cr
66049321,ca2,No. 163
64049649,ca2,No. 96-9593
66164602,ca2,"No. 714, Docket 35816"
629403,ca2,"258, Docket 77-2057"
66039292,ca2,"Nos. 108, 109"
64000331,ca2,"No. 114, Docket 23709"
1027733,ca2,1551
66039693,ca2,No. 131
599639,ca2,91-1312
675218,ca2,"330, Docket 28077"
296886,ca2,25840_1
218585,ca2,"521, 716, Dockets 80-4149, 80-4197"
1269371,ca2,12-3487-cr
979184,ca2,698
2592794,ca2,13-1547
865083,ca2,83-6255
984148,ca2,305
2817433,ca2,05-4591-cr
66083126,ca2,No. 85
65887955,ca2,No. 05-6708-ag
1165500,ca2,92-7602
845102,ca2,10-5122-ag
1360375,ca2,10-2226-ag
875026,ca2,Docket 03-1063
2450120,ca2,77-1459
2689604,ca2,13-4691
731566,ca2,122
16192981,ca2,18-2321-cv
15861979,ca2,18-3248
65889800,ca2,Nos. 04-3702-ag(L); 04-3706-ag(Con)
65666024,ca2,Docket No. 02-6159
65660135,ca2,Docket No. 12-87-cv
64065914,ca2,"No. 301, Docket 97-2047"
2817173,ca2,"Docket 06-2099-bk (L), 06-2103-bk (con), 06-2105-bk (con), 06-2118-bk (con), 06-2186-bk (con)"
889414,ca2,Docket 12-10-ag
1556880,ca2,Docket 08-1619-cr
1917142,ca2,84-9027
698801,ca2,30781
1448930,ca2,83-7111
66213277,ca2,Docket No. 85-6274
65700362,ca2,No. 04-2865-ag
2292939,ca2,92-5019
414247,ca2,"552-554, Dockets 74-1830, 74-1841, 74-2246"
64066163,ca2,Docket No. 98-7275
1080833,ca2,02-1260
65700340,ca2,No. 05-4217-cv
750677,ca2,"794, Docket 72-1048"
66153211,ca2,"Nos. 459-463, Dockets 29512-29516"
305603,ca2,09-4186-pr
715800,ca2,"1372, Docket 86-7218"
66166889,ca2,"No. 416, Docket 71-2039"
17131103,ca2,18-2277-cv
611179,ca2,"9, Docket 22568"
4608266,ca2,15-706
1150074,ca2,94-2181
2364016,ca2,23788_1
66050853,ca2,No. 230
1741487,ca2,93-1560
65959663,ca2,No. 14-1583
2687205,ca2,14-3997-cv
65935424,ca2,No. 06-4382-ag
388527,ca2,12-2829
156941,ca2,13-1478-cr
65703969,ca2,No. 08-1505-ag
1848301,ca2,"652, Docket 87-7685"
63979819,ca2,No. 87
672662,ca2,27773_1
59832541,ca2,20-1399-cv
66188834,ca2,"Nos. 885, 1149, Dockets 79-4216, 80-4004"
693069,ca2,26953
65717747,ca2,No. 08-2184-cv
265750,ca2,"951, Docket 76-1033"
1425330,ca2,84-4096
65688710,ca2,Docket No. 04-6068-CV
3041963,ca2,14-4788-cv
64067921,ca2,"Docket Nos. 98-9385(L), 98-9387(C)"
63921946,ca2,No. 97
65679112,ca2,"Nos. 02-1093(L), 02-1122(CON)"
59921593,ca2,19-2854-cv
66095723,ca2,No. 48
1690871,ca2,93-1833
66186114,ca2,"No. 1079, Docket 78-7147"
768183,ca2,"1126, Docket 73-2022"
66094030,ca2,No. 130
2817652,ca2,08-0241-cv
65680616,ca2,No. 04-0209
16427657,ca2,17-3486-cv
1386069,ca2,83-1285
62639076,ca2,14-1908
66029976,ca2,No. 8
31654,ca2,91-1388
1213372,ca2,80-1350
992627,ca2,"198, Docket 89-1147"
1902167,ca2,94-1324
4478815,ca2,14-2251-cv
65666981,ca2,Docket No. 02-4139
66100416,ca2,No. 7
328058,ca2,25289
725146,ca2,02-7492
63963722,ca2,No. 234
65723238,ca2,No. 07-5150-ag
65894078,ca2,"Nos. 05-2801-ag(L), 05-2803-ag(Con)"
64066732,ca2,No. 98-4335
64065735,ca2,Docket No. 98-7827
1625205,ca2,91-1544
65909790,ca2,No. 06-5207-ag
66197271,ca2,"No. 950, Docket 83-5063"
705317,ca2,254_1
2924120,ca2,15-170-cv
64005867,ca2,"No. 31, Docket 25570"
63969505,ca2,No. 1
679408,ca2,28734_1
65889648,ca2,"Nos. 05-5157-AG(L), 05-5158-AG(CON), 05-5168-AG(CON)"
64054807,ca2,"Docket Nos. 97-7013, 97-7023"
1434246,ca2,83-4080
66029246,ca2,No. 68
63935135,ca2,No. 113
948293,ca2,"773, Docket 79-7748"
1410945,ca2,81-6227
66040117,ca2,No. 132
874502,ca2,2000
8347858,ca2,16-3828-cr
65676416,ca2,No. 03-2463
66673966,ca2,21-2642
878250,ca2,11-2835-cv
61602,ca2,"Docket 03-1548L, 03-1566(CON)"
38957,ca2,09-4100-cv
691064,ca2,26614
65726619,ca2,"Nos. 06-5430-cv (L), 08-4308-cv (xap)"
63578582,ca2,20-1019
1445239,ca2,83-7145
65722182,ca2,No. 07-4937-ag
156942,ca2,10-3428
189114,ca2,31615_1
6120530,ca2,16-1
63968269,ca2,No. 388
66143610,ca2,No. 159
66100789,ca2,No. 71
65699341,ca2,No. 05-3150-CV
681874,ca2,"502, Docket 28667"
237152,ca2,11-1657-cv
699218,ca2,"192, Docket 30756"
597104,ca2,"41, Docket 22076"
66221773,ca2,"Nos. 1455, 1456, 1457, Dockets 86-7350, 86-7356, 86-7362"
1469946,ca2,85-7739
225593,ca2,120
1251856,ca2,11-3590-cv
60623987,ca2,19-2650
1714115,ca2,78-7612_1
63954901,ca2,No. 478
65892368,ca2,No. 06-2840-ag
152194,ca2,"607, Docket 93-2415"
759787,ca2,10-1849-ag
1245314,ca2,85-7684
67673,ca2,79-2019
63944152,ca2,No. 11
66041204,ca2,No. 51
587844,ca2,1260
704162,ca2,96-7510
2642411,ca2,14-2122
65668432,ca2,No. 02-6280
3055533,ca2,15-1844-cr
63935167,ca2,No. 2
17252221,ca2,18-1007
1110339,ca2,"25, 68, Docket 82-7188, 82-7236"
3080112,ca2,15-2239-cv
2154400,ca2,93-2032
665130,ca2,"491, Docket 32346"
257270,ca2,24929_1
65887942,ca2,No. 05-0809-ag
1232662,ca2,1045
65728172,ca2,No. 07-5469-ag
66187152,ca2,"No. 803, Docket 79-1027"
445396,ca2,09-1088
69054928,ca2,22-6138
65673884,ca2,No. 03-7183
845284,ca2,10-565
68424956,ca2,23-6154
1033286,ca2,"211, Docket 92-6300"
1700513,ca2,133
2252284,ca2,72-2248
7813469,ca2,17-3904
70551806,ca2,23-7893-cr
65892973,ca2,No. 05-6976-cv
6185388,ca2,17-711-cv
64003790,ca2,"No. 181, Docket 24668"
65894307,ca2,"Nos. 05-5219-cr(L), 05-5525-cr(CON), 05-5622-cr(CON)"
828243,ca2,98
795865,ca2,09-5068-cv
65966470,ca2,16-1739
869024,ca2,12-4263-cv
66233133,ca2,"No. 117, Docket 87-7296"
2145128,ca2,90-1073
1376860,ca2,81-7406
66077139,ca2,No. 192
359752,ca2,95-2823
941291,ca2,"254, Docket 80-3034"
66045094,ca2,No. 171
2861936,ca2,15-2294-cv
64165613,ca2,Docket No. 01-2176
340970,ca2,Docket 08-5250-cv
65720188,ca2,No. 08-0598-cv
667901,ca2,1999
63924571,ca2,"Nos. 347, 348"
1391097,ca2,13-3655-cr
65653944,ca2,Docket No. 04-3820
66173009,ca2,"Nos. 948, 1064 and 1108, Dockets 74-1092, 74-1103 and 74-1538"
375779,ca2,"294, 295 and 1178, Dockets 93-1167, 93-1267 and 93-1731"
297521,ca2,08-2876-cv
460317,ca2,708
1233742,ca2,"488, Docket 80-7586"
65694761,ca2,No. 04-1175-ag
64008298,ca2,Docket 26654
70903507,ca2,24-1457
436182,ca2,"201, Docket 84-1165"
596032,ca2,22073_1
60117970,ca2,19-3062
1325273,ca2,Docket 10-2828-cr
64286493,ca2,No. 02-1007
1989638,ca2,90-2485
2595517,ca2,14-90-bk
795598,ca2,Docket 05-2103-pr
65663310,ca2,"Docket No. 17-783-cv; August Term, 2017"
65890715,ca2,No. 05-4473-cv
2132510,ca2,33941_1
66250926,ca2,"No. 620, Docket 89-7889"
1057382,ca2,"1640, Docket 95-1670"
64110267,ca2,No. 00-9086
1361660,ca2,10-319-ag
66046691,ca2,"Nos. 212, 213"
62643286,ca2,20-3419
63979388,ca2,No. 58
729027,ca2,"Docket 03-2292, 03-2104"
14996667,ca2,18-1012-cv
1048118,ca2,Docket 06-3532-cv
65709235,ca2,No. 07-2235-ag
939906,ca2,"70, Docket 80-6023"
65712403,ca2,No. 07-4109-ag
1254191,ca2,81-6199
65655825,ca2,Docket No. 02-9026
66035496,ca2,No. 191
718620,ca2,34646_1
65674875,ca2,No. 03-7405
65657675,ca2,Docket No. 04-2542-CV
970623,ca2,76-1279
65706177,ca2,No. 11-5138-cr
2464242,ca2,88-7791
1062457,ca2,72-1766
690603,ca2,"183, Docket 26243"
1032398,ca2,82-734
1238585,ca2,"1146, 1147, Dockets 91-1564, 91-1565"
66133801,ca2,No. 31
2489033,ca2,78-7566
1108735,ca2,253
499835,ca2,22574_1
207400,ca2,93-1296
743782,ca2,Docket 01-7582
4571680,ca2,15-3903-ag
64009731,ca2,"No. 193, Docket 27175"
379386,ca2,"63, Docket 77-7130"
65661095,ca2,"Docket Nos. 13-1098, 13-0766, 13-2510, 13-2740, 13-2751"
65722857,ca2,"Nos. 08-2670-ag(L), 08-3842-ag(CON)"
2055602,ca2,81-1133
930493,ca2,"994, 1085, Dockets 76-1581, 76-1582"
739595,ca2,Docket 01-7303
1896067,ca2,82-6181
65909073,ca2,No. 06-4628-ag
1039727,ca2,107
65712313,ca2,"Nos. 06-0384-cv (LEAD), 06-1176-cv (CON)"
1087858,ca2,"1252, Docket 91-1712"
998141,ca2,973
64050376,ca2,Docket No. 98-1072
66284781,ca2,"No. 721, Docket 92-7910"
65729227,ca2,No. 09-1454-cv
549443,ca2,257
66097872,ca2,No. 108
6315764,ca2,15-3775 (en banc)
692085,ca2,26892_1
18756756,ca2,17-1697(L)
65698714,ca2,No. 04-2167
194628,ca2,"429, 430, Dockets 72-1888, 72-1889"
1340538,ca2,Docket 12-3055-cr
1096548,ca2,"458, Docket 95-1226"
66148455,ca2,No. 56
67486689,ca2,23-842
1253034,ca2,93-7110
64280748,ca2,Docket No. 01-7767
825147,ca2,84-2238
65724664,ca2,No. 08-5657-ag
1313970,ca2,75-7286
65680208,ca2,No. 03-286
66279859,ca2,"Nos. 392, 512, Dockets 92-4090, 92-4098"
879298,ca2,11-2339-cv
6069089,ca2,16-3394-cr
65701423,ca2,"Nos. 07-4239-ag(L), 08-0593-ag(Con)"
63927798,ca2,No. 69
254210,ca2,1442
591751,ca2,"81, Docket 21405"
2285961,ca2,"607, Docket 88-7838"
113799,ca2,11-5078-cv
64102431,ca2,No. 00-7792
1270473,ca2,"1350, 1351, Dockets 75-2103, 75-2110"
2165279,ca2,93-1529
65699703,ca2,No. 03-40716-AG
298016,ca2,08-3823
1128138,ca2,10-1357-ag
224628,ca2,"275, Docket 82-1211"
65729223,ca2,No. 09-0319-ag
65684312,ca2,No. 03-41139
1918643,ca2,10-4683
2088278,ca2,76-6104
64933149,ca2,20-977
802267,ca2,"719, Docket 86-7907"
899973,ca2,"Docket 11-5113-cv(L), 12-491-cv(XAP)"
65683190,ca2,No. 03-6243
65889916,ca2,No. 05-6495-AG
969490,ca2,"282, Docket 21383"
108772,ca2,"142, Docket 75-1201"
2608280,ca2,13-3003
65697620,ca2,No. 04-2266-AG
2653601,ca2,14-1140
461227,ca2,779
567810,ca2,97-7788
63977846,ca2,No. 186
769926,ca2,"1113, 1114, Dockets 73-1126, 73-1924"
2817637,ca2,08-4088-cr
65674357,ca2,No. 01-7999
2137419,ca2,94-9045
14693005,ca2,18-1331
65657404,ca2,Docket No. 05-4853-cv
66192034,ca2,"No. 1077, Docket 82-7062"
4482205,ca2,15-2683
1019052,ca2,Docket 00-1810
1473357,ca2,83-3033
66114362,ca2,No. 36
64203292,ca2,Docket No. 01-7283
64010214,ca2,"No. 277, Docket 27216"
2119493,ca2,76-2122
1375314,ca2,82-7879
429922,ca2,25173_1
715437,ca2,34560_1
713525,ca2,1998
66275655,ca2,"Nos. 358, 359, Dockets 91-7563, 91-7571"
65952287,ca2,No. 06-4490-cr
60680285,ca2,20-4238
855617,ca2,"715, 716 and 784, Dockets 95-1213 (L), 95-1247 and 95-1250"
527183,ca2,656
299172,ca2,"364, Docket 26233"
65378551,ca2,22-80
121354,ca2,88-1309
2269476,ca2,92-1331
1021236,ca2,10-2758-ag
2236906,ca2,31228
95994,ca2,85-1094
630699,ca2,11-1512-cv
2451603,ca2,86-3022
119060,ca2,23831_1
558961,ca2,1459
65728174,ca2,No. 08-1023-ag
1953463,ca2,88-6235
66131599,ca2,No. 136
6083033,ca2,16-3431
855734,ca2,1284
4118346,ca2,15-2249-cv
2142760,ca2,10-2022-pr
66115988,ca2,No. 147
2040433,ca2,75-7043
3050717,ca2,14-90008-am
851967,ca2,09-2624-ag
2000520,ca2,90-7824
759938,ca2,529
61380342,ca2,20-3752
65702001,ca2,No. 05-1594
673543,ca2,"222, Docket 27652"
1371015,ca2,12-1420
354414,ca2,"169, Docket 29908"
65697338,ca2,No. 04-3062-AG
66194674,ca2,"No. 333, Docket 83-6216"
1121312,ca2,90-7811
215846,ca2,Docket 09-2821-cv
66032422,ca2,No. 21
440273,ca2,"170, Docket 21472"
65724069,ca2,No. 08-3695-ag
2038428,ca2,"1158, Docket 92-4219"
247346,ca2,25365_1
66193103,ca2,"Nos. 397, 398, Dockets 82-7143, 82-7163"
704424,ca2,"1052, Docket 71-1232"
65671544,ca2,No. 02-2436
61647901,ca2,20-1502
64110293,ca2,No. 00-7312
319055,ca2,250
740709,ca2,Docket 01-6263
65655777,ca2,"Docket Nos. 03-6124, 03-6130"
1235014,ca2,73-1346
2464286,ca2,81-6158
293965,ca2,"243, Docket 25429"
756452,ca2,"237, Docket 72-1753"
871949,ca2,"571, Docket 75-7555"
716327,ca2,32940_1
63980939,ca2,No. 334
59999702,ca2,19-492
63971450,ca2,No. 386
1224345,ca2,10-3467-cv
65656651,ca2,Docket No. 04-0313-cv
66195796,ca2,"No. 538, Docket 83-7617"
66048892,ca2,No. 61
726696,ca2,02-7552
2502384,ca2,92-5705
64202414,ca2,No. 00-9370
1552233,ca2,94-1616
3013589,ca2,14-3-ag
962381,ca2,86-2232
114083,ca2,"1067, Docket 71-1617"
65657223,ca2,Docket No. 04-5519-CV
63936092,ca2,No. 149
6305590,ca2,17-943-cr
291527,ca2,"377, Docket 84-1196"
253985,ca2,Docket 07-4272-cv
297453,ca2,08-4868-ag
472388,ca2,"741, Docket 79-2226"
1048789,ca2,"800, Docket 94-7411"
656312,ca2,"64, Docket 31226"
971207,ca2,86
226169,ca2,"33, Docket 24100"
2043922,ca2,89-6055
66030964,ca2,"NO. 1; Nos. 93, 94"
841524,ca2,"1583, 1584, Docket 96-1620(L), 96-1642"
66893041,ca2,20-3644
14650234,ca2,17-3328 (L)
16439178,ca2,17-3198(L)
65910239,ca2,No. 06-0947-ag
64069102,ca2,Docket No. 99-9011
1039822,ca2,2000
3019793,ca2,12-4347-cv
66219525,ca2,"Nos. 864, 1006, Dockets 85-7917, 85-7943"
738792,ca2,Docket 97-1103
65720278,ca2,No. 06-4141-cv
281358,ca2,76-1242
69058204,ca2,24-1176
1101684,ca2,40
66231348,ca2,"No. 1682, Docket 87-6185"
4566665,ca2,15-3921
1596039,ca2,72-1806
66095778,ca2,No. 61
64017200,ca2,"Nos. 317, 318 and 510, Dockets 93-7261(L), 93-7371 and 93-7409"
1625286,ca2,426
65724635,ca2,No. 08-4716-ag
956652,ca2,928
1114444,ca2,08-5733-ag
993427,ca2,103
744131,ca2,Docket 02-1460
837224,ca2,989
66087570,ca2,No. 29
66173478,ca2,"No. 1158, Docket 74-1472"
66241416,ca2,"No. 187, Docket 88-2109"
16650848,ca2,18-27
65700383,ca2,No. 04-2493-AG
64016366,ca2,"No. 898, Docket 93-7857"
278411,ca2,81-7191
4045,ca2,18-1669
220213,ca2,"38, Docket 23404"
13984,ca2,19-2539
209861,ca2,09-2697-cv
297383,ca2,12-1505
65663213,ca2,"Docket No. 17-3518; August Term, 2018"
297626,ca2,08-3289-ag
1076110,ca2,1999
63363249,ca2,21-1748
63997396,ca2,"No. 252, Docket 22668"
2435829,ca2,83-3022
496910,ca2,"472, 473, Dockets 73-2300, 73-2301"
63983679,ca2,"No. 108, Docket 20379"
1045420,ca2,"1364, Docket 94-6190"
64109394,ca2,No. 00-6079
150721,ca2,79-1460
829000,ca2,88-1512
1346916,ca2,82-1119
978698,ca2,38
66046346,ca2,No. 266
65690244,ca2,No. 05-2480-CV
513592,ca2,330
59763122,ca2,20-590-cv
64029857,ca2,"Nos. 534, Docket 96-1299"
66072915,ca2,No. 81
65674393,ca2,No. 02-1318
65690989,ca2,No. 05-0062-CV
2175613,ca2,81-1334
726012,ca2,"96-9099, 1180"
55411,ca2,82-7808
988849,ca2,"215, Docket 21274"
66043856,ca2,No. 207
6312708,ca2,17-73
65727662,ca2,"Nos. 07-4974-cv(L), 08-6184-cv(CON), 08-6188-cv(CON)"
69238710,ca2,22-6529
1979159,ca2,91-1495
63931173,ca2,No. 262
66269923,ca2,"No. 169, Docket 91-7460"
668234,ca2,"995, Docket 97-4200"
383658,ca2,"184, Docket 74-2008"
66107995,ca2,"Nos. 204, 205"
763859,ca2,"411, Docket 72-1595"
68362427,ca2,22-6367
65712388,ca2,No. 13-1398-CV
65959101,ca2,No. 13-4606
417785,ca2,96-7979
16421,ca2,19-1626
2447610,ca2,82-2364
151630,ca2,12-3770
360146,ca2,90-2175
2817046,ca2,05-4935-cv
66191284,ca2,"Nos. 4, 5, Dockets 80-7800, 80-7804"
66077043,ca2,No. 191
1502931,ca2,89-7952
1100992,ca2,"1367, Docket 88-1131"
1003885,ca2,853
64061348,ca2,No. 97-6142
770257,ca2,261
65719352,ca2,No. 08-2174—ag
996404,ca2,"671, Docket 89-1437"
366693,ca2,95-9296
786336,ca2,"807, Docket 35595"
65708494,ca2,No. 07-2523-cv
66176687,ca2,"No. 325, Docket 75-7304"
63931309,ca2,No. 283
187428,ca2,29699_1
585264,ca2,10-1758-cr
406820,ca2,13-2158
63232120,ca2,21-2100-cv
320898,ca2,"1101, Docket 82-7138"
65722041,ca2,No. 07-5346-ag
66100838,ca2,No. 146
1444841,ca2,1354
63959561,ca2,No. 126
673129,ca2,"202, Docket 27619"
1488516,ca2,77-6105
644850,ca2,"731, Docket 87-7861"
1309706,ca2,13-3440-cv
65710021,ca2,No. 11-3386-AG
511827,ca2,"357, 360, Dockets 83-1141 to 83-1144"
65717721,ca2,"Nos. 08-1950-ag (L), 08-1951-ag (CON)"
417054,ca2,90-6329
1159497,ca2,74-1152
66075600,ca2,No. 147
779497,ca2,261
1281370,ca2,"08-1525-ag, 08-4139-ag, 08-5000-ag, 08-6266-ag, 09-0167-ag, 09-0550-ag, 09-1016-ag, 09-1035-ag, 09-1877-ag, 09-2827-ag, 09-2853-ag, 09-2855-ag, 09-2967-ag, 09-3083-ag, 09-3206-ag, 09-3858-ag, 09-3891-ag, 09-4219-ag, 09-4220-ag, 09-4374-ag, 09-4613-ag, 09-4644-ag, 09-4648-ag, 09-4649-ag, 09-4711-ag, 09-4712-ag, 09-4791-ag, 09-4821-ag, 09-4837-ag, 09-4905-ag, 09-4936-ag, 09-5113-ag, 09-5262-ag, 10-0277-ag"
611435,ca2,668
64170343,ca2,No. 01-7340
65889220,ca2,No. 06-1910-ag
1122977,ca2,314
754105,ca2,288
65693467,ca2,No. 03-4551-ag
654121,ca2,1135
431608,ca2,10-1637-ag
63990313,ca2,"No. 11, Docket 20923"
1968,ca2,17-508
65909087,ca2,No. 06-3164-ag
4546329,ca2,15-3024
69127260,ca2,22-6419
66804581,ca2,22-2923
64203687,ca2,Docket No. 00-0081
63937027,ca2,No. 345
66179438,ca2,"Nos. 520, 649, Dockets 76-6137, and 76-6168"
722492,ca2,1999
861365,ca2,71-1729
66130116,ca2,No. 79
2366998,ca2,81-1003
65893434,ca2,No. 06-1297-pr.
335117,ca2,24163_1
320946,ca2,"1621, Docket 96-2475"
66043365,ca2,"Nos. 61, 62"
65689975,ca2,Docket No. 05-1347-CV
64016958,ca2,"No. 237, Docket 93-6044"
18424436,ca2,19-4237-cv
66138581,ca2,No. 564
67764951,ca2,20-3681
2125788,ca2,841
19500,ca2,17-432
872066,ca2,97-9317
2168931,ca2,75-2106
64169365,ca2,Docket No. 98-2729
2420451,ca2,28329
66153872,ca2,"No. 1, Docket 29108"
2232609,ca2,89-7419
65714079,ca2,No. 08-4533-ag
66177385,ca2,Nos. 75-7256 and 75-7404
383693,ca2,89-1150
313997,ca2,80-7078
516015,ca2,"925, Docket 86-2441"
392511,ca2,10-756-cv
2284157,ca2,99-6158
66190982,ca2,"No. 715, Docket 80-7779"
568952,ca2,"1587, Docket 95-1571"
67214841,ca2,22-4
433944,ca2,31346_1
726894,ca2,625
6088682,ca2,16-336-cv
63997058,ca2,"No. 112, Docket 22505"
65889926,ca2,No. 03-40942-ag
812522,ca2,598
2379075,ca2,81-2232
496468,ca2,88-1042
66157730,ca2,"Nos. 44, 45, Dockets 31290, 31291"
65695964,ca2,No. 04-4729
765370,ca2,83-7193
64030044,ca2,"No. 197, Docket 96-1125"
1622605,ca2,"280, 294"
64099331,ca2,No. 00-7470
586634,ca2,"07-4697-ag (L), 09-4195-ag(Con), 08-0123-ag, 08-2215-ag, 08-4086-ag, 08-4590-ag, 08-5398-ag, 08-5724-ag, 08-6125-ag, 09-1088-ag, 09-1948-ag, 09-2800-ag, 09-3225-ag, 09-3285-ag, 09-3287-ag, 09-3445-ag, 09-4004-ag, 09-4073-ag, 09-4500-ag, 09-4576-ag, 09-4614-ag, 09-4883-ag, 09-4995-ag, 09-5036-ag, 09-5094-ag, 10-91-ag, 10-95-ag, 10-517-ag"
65888794,ca2,No. 05-6217
1388937,ca2,232
64098526,ca2,Docket No. 02-7305
307380,ca2,77-1506
1573993,ca2,89-9009
65954031,ca2,No. 06-5412-cr
65706583,ca2,No. 08-2453-ag
65912498,ca2,No. 07-2392-ag
91562,ca2,11-226-ag
65704962,ca2,No. 08-1063-cr
244361,ca2,"935, Docket 76-7617"
66737964,ca2,22-131
60105405,ca2,15-3012-cr (L)
65888245,ca2,No. 04-3479-AG
66165344,ca2,"No. 859, Docket 71-1023"
2306884,ca2,75-7241
66183792,ca2,"No. 733, Docket 77-4194"
874786,ca2,99-9043
65724041,ca2,No. 08-2624-cv
2674881,ca2,12-39
6282747,ca2,16-1268
63972107,ca2,No. 84
644435,ca2,29387_1
1232437,ca2,10-3169-ag
17155643,ca2,19-1695
2161109,ca2,"276, Docket 24389"
64102415,ca2,No. 00-0115
389247,ca2,"568, Docket 94-7483"
372959,ca2,"20, 21, Dockets 76-7015, 76-7065"
66056801,ca2,No. 174
771126,ca2,Docket 83-8032
63981171,ca2,No. 51
70961,ca2,12-1141-cv
64137935,ca2,Docket No. 00-1775
65892826,ca2,No. 06-3359-ag
323786,ca2,"48, 23587"
933820,ca2,"1009, Docket 79-7215"
17171456,ca2,19-1852-cv
2398109,ca2,93-1079
64016956,ca2,"Nos. 1255, 1256, Dockets 93-7826L, 93-7828CON"
65659559,ca2,Docket No. 09-2564(ag)
67207896,ca2,21-1531
297340,ca2,09-3392-ag
105534,ca2,157
342181,ca2,"177, Docket 21576"
65700274,ca2,No. 04-5021-AG
4416551,ca2,15-1369
63950913,ca2,No. 323
2051149,ca2,95-3097
63981341,ca2,No. 20
66189682,ca2,"No. 714, Docket 79-4185"
65700384,ca2,No. 04-2493-AG
322699,ca2,"322, 320, 163, 213, 321 and 323, Dockets 84-1032 to 84-1035, 84-1064 and 84-1065"
63996170,ca2,"No. 88, Docket 21764"
2305283,ca2,95-1059
65701862,ca2,No. 04-0901-ag
979606,ca2,117
71192573,ca2,24-1202
66084688,ca2,No. 196
65712314,ca2,"Nos. 06-0384-cv (LEAD), 06-1176-cv (CON)"
64009574,ca2,"No. 229, Docket 27262"
67069967,ca2,21-2556
16925776,ca2,18-1247-cv
1106293,ca2,"242, Docket 20558"
63931310,ca2,"Nos. 373, 374"
753760,ca2,84-1019
65888677,ca2,No. 05-5160-cr
238489,ca2,09-2620-ag
1362436,ca2,92-1505
66207937,ca2,"No. 1500, Docket 84-7331"
137657,ca2,85-1127
1041183,ca2,"498, Docket 93-6063"
65890326,ca2,No. 06-2095-AG
1003869,ca2,692
65692053,ca2,No. 04-5954-CR
818918,ca2,"665, Docket 90-1419"
1127025,ca2,"20, Docket 79-7195"
1247933,ca2,75-1183
2058018,ca2,84-1112
2320063,ca2,81-2008
65273095,ca2,No. 15-715
66092421,ca2,No. 162
4483883,ca2,15-3655-bk
1075673,ca2,1736
741626,ca2,00-1516
479956,ca2,"104 to 106, 115, Docket 78-1184 to 78-1186, 78-1193"
392349,ca2,"1249, Docket 75-7308"
1942867,ca2,12-1362-cr
2817339,ca2,07-3636-cr
577599,ca2,08-3386
65715914,ca2,No. 07-2489-pr
6166598,ca2,16-1807-cr
66196651,ca2,"No. 476, Docket 83-6204"
1473097,ca2,84-2340
303437,ca2,1340
236425,ca2,1999
66097920,ca2,"Nos. 154, 155"
487379,ca2,"1298, Docket 90-7128"
409388,ca2,10-4168-cv
65910901,ca2,"Nos. 05-6649-cr, 05-6656-cr(con)"
1941842,ca2,78-1259
290083,ca2,10-2319
66068,ca2,27626
66231827,ca2,"Nos. 7, 67 and 68, Dockets 87-7258, 87-7364 and 87-7366"
720619,ca2,"551, 657, Dockets 34326, 34456"
66272744,ca2,"No. 727, Docket 91-5098"
65953951,ca2,No. 07-2282-cv
65957719,ca2,No. 13-3577
1642208,ca2,69
65894309,ca2,No. 06-3334-cv.
428730,ca2,"1125, Docket 76-1091"
1350920,ca2,10-4735
498196,ca2,85-1161
1162561,ca2,445
322033,ca2,310
423641,ca2,10-1204-cv (L); 10-1253 (con)
2169939,ca2,127
65892363,ca2,"Nos. 05-2713-ag (L), 05-2715-ag (CON), 05-2716-ag (CON)"
110735,ca2,24535_1
4469303,ca2,16-340-cr
3036277,ca2,12-2163
66163931,ca2,"No. 467, Docket 35585"
183473,ca2,75-1058
16583502,ca2,17-4128
427217,ca2,77-6121
1129801,ca2,"106, Docket 20353"
993945,ca2,80-9131
649152,ca2,90-6138
634701,ca2,223
185852,ca2,"255, 327, Dockets 27880, 28060"
66255446,ca2,"Nos. 1513, 1599, Dockets 90-4016, 90-4036"
306013,ca2,13-3880-cv
65679810,ca2,No. 03-1579
1300280,ca2,82-6029
704636,ca2,96-1335
2350731,ca2,80-6061
66048287,ca2,No. 187
1230744,ca2,1628
66157911,ca2,"No. 231, Docket 31707"
65690673,ca2,No. 09-5224-pr
1041402,ca2,"34, Docket 20287"
1087847,ca2,"509, 942, Dockets 95-1238, 95-1263"
86307,ca2,1276
32021,ca2,89-6120
65700380,ca2,No. 05-0845-ag
211568,ca2,"43, Docket 78-7160"
723276,ca2,1999
740309,ca2,Docket 00-1303
65728194,ca2,No. 08-6012-ag
987854,ca2,97-1604
1288256,ca2,"151, Docket 75-7247"
65656311,ca2,No. 02-9407
375608,ca2,25075_1
831796,ca2,804
65694208,ca2,No. 04-3957-AG
344822,ca2,Docket 03-1773
389224,ca2,"149, Docket 75-5006"
981946,ca2,996
252476,ca2,13-2438-cv(L)
73232,ca2,13-1040-cv
65656632,ca2,Docket No. 03-7981
640798,ca2,"288, Docket 27297"
4111086,ca2,15-2054
262862,ca2,81-2093
996071,ca2,"888, Docket 89-6187"
66265269,ca2,"Nos. 627, 628 and 629, Dockets 90-7708, 90-7710 and 90-7742"
297518,ca2,09-1796-cr
644392,ca2,22530_1
65726159,ca2,No. 08-5633-cr
1230380,ca2,Docket 02-9147
2863673,ca2,14-2791-ag
2456041,ca2,26176
63970835,ca2,No. 180
57876,ca2,73-2520
66231259,ca2,"No. 433, Docket 87-7588"
297717,ca2,09-1842-CV
312852,ca2,80-7019
66035957,ca2,"No. 3,013"
1248383,ca2,"624, Docket 35399"
64010100,ca2,"No. 74, Docket 26953"
2455410,ca2,95-9197
65953817,ca2,No. 07-2710-cr
14808982,ca2,18-244-cv (L)
1091251,ca2,530
5107118,ca2,16-915
1712120,ca2,01-9459
66189205,ca2,"No. 863, Docket 79-6227"
63921798,ca2,No. 109
1609249,ca2,89-2255
2490244,ca2,78-1159
63964033,ca2,No. 199
66096373,ca2,No. 33
6085303,ca2,16-1056-cv
1909118,ca2,"967, Docket 96-7726"
2330778,ca2,95-2153
1454361,ca2,"1135, Docket 76-7151"
63976995,ca2,No. 312
65962829,ca2,15-1621
67781505,ca2,23-1168
7502014,ca2,17-1607
69154007,ca2,24-2365
814723,ca2,347
1458917,ca2,79-2232
1128372,ca2,195
64107848,ca2,No. 00-6184
2272565,ca2,84-4131
1136250,ca2,"Docket 10-1175, 10-1201, 10-1352"
65695452,ca2,No. 04-3078-AG
66046348,ca2,No. 221
1626923,ca2,307
65674105,ca2,No. 99-6360
667423,ca2,32742_1
64018906,ca2,"Nos. 1763, 1769, Dockets 93-9140, 93-9198"
16156788,ca2,18-3481
297351,ca2,09-0996-cv
2146068,ca2,92-9226
2149329,ca2,89-7875
66102389,ca2,"Nos. 197, 198"
845487,ca2,"331, Docket 87-7560"
66557607,ca2,20-1145
64057002,ca2,"Docket Nos. 97-9407, 97-9435"
653267,ca2,1194
1794845,ca2,76-2082
392030,ca2,08-3374-cr
67106115,ca2,21-6574
2420392,ca2,94-9329
1342751,ca2,82-2141
65704537,ca2,No. 07-3980-cv
665599,ca2,"375, Docket 32645"
741186,ca2,01-7756
1195629,ca2,"408, Docket 88-1322"
63961867,ca2,No. 387
65723287,ca2,No. 08-1329-ag
66248458,ca2,"Nos. 201-217, Dockets 87-1294 to 87-1299, 87-1303 and 87-1357 to 87-1366"
663841,ca2,"67, Docket 32170"
66170877,ca2,"No. 103, Docket 73-1833"
66141268,ca2,No. 35
2265130,ca2,73-1581
874567,ca2,2000
1957081,ca2,"Docket 05-2223-CR(L), 05-2272-CR(CON)"
63982551,ca2,"No. 314, Docket 20275"
672392,ca2,"119, Docket 27677"
65712335,ca2,No. 04-1308-ag
203512,ca2,09-5233-ag
66101910,ca2,No. 216
2445854,ca2,88-7476
48867,ca2,12-4962-ag
66162388,ca2,"No. 389, Docket 33683"
65722112,ca2,No. 08-1386-ag
1599788,ca2,10-295
16980267,ca2,17-2240(L)
580108,ca2,"361, Docket 76-2065"
15721964,ca2,18-3637-cv
968598,ca2,Ño. 12
696970,ca2,29854
544740,ca2,08-4923-ag
1044860,ca2,"939, Docket 94-7682"
2096637,ca2,"378, Docket 28200"
208739,ca2,"931, Docket 76-7637"
63951613,ca2,No. 56
66193297,ca2,"Nos. 602, 603, 604, 605, 606, 607, 608, Dockets 82-6061, 82-6063, 82-6065, 82-6067, 82-6075, 82-6077 and 82-6079"
65718468,ca2,No. 07-4227-cv
2270642,ca2,94-7835
59889380,ca2,19-3258 (L)
343509,ca2,"201, Docket 21931"
534902,ca2,"636, 637, 663, Dockets 77-1438, 77-1444, and 77-1445"
2817105,ca2,05-6844-cv
1072681,ca2,23
65723248,ca2,No. 08-0178-ag
63930312,ca2,No. 106
65963104,ca2,15-3010-cv
1872480,ca2,213
1833431,ca2,76-2147
1129321,ca2,185
653879,ca2,"793, Docket 35169"
63953022,ca2,No. 48
95974,ca2,13-737-cv
1100364,ca2,78-1112
1836700,ca2,80-1215
65912286,ca2,"Nos. 05-6273-ag, 05-6274-ag"
66203690,ca2,Docket 84-2056
68561,ca2,79-7346
65685892,ca2,Docket No. 03-40041
1269372,ca2,13-2583 NAC
595807,ca2,141
773541,ca2,11-3653-cr
51699,ca2,00-6090
64158054,ca2,Docket No. 99-0162
1048316,ca2,1190
617904,ca2,"Docket Nos. 07-3962-bk(L), 07-3952-bk(CON), 07-3964-bk(CON), 07-3986-bk(CON), 07-3990-bk(CON)"
63951926,ca2,No. 94
71209921,ca2,23-6897
610508,ca2,"54, Docket 22789"
297395,ca2,09-3061-ag
1498004,ca2,27283
1962385,ca2,Docket 01-7900
9318,ca2,14-3924
65710525,ca2,No. 08-2934-ag
65911913,ca2,No. 05-4794-ag
65695487,ca2,No. 05-2604-CR
60656681,ca2,18-3689
65698989,ca2,No. 04-5589-ag
640228,ca2,"1494, 1575, Dockets 86-6052, 86-6058"
63994516,ca2,"No. 167, Docket 21534"
879059,ca2,11-1778-cv (L)
2611434,ca2,11-2429-cr
337717,ca2,81-1381
643234,ca2,"178, Docket 22245"
65683761,ca2,No. 02-1725L
16256596,ca2,18-764
65911461,ca2,No. 07-1913-ag
251505,ca2,"932, Docket 85-9048"
66081851,ca2,No. 102
65676556,ca2,No. 03-4521
1504659,ca2,86-1151
140101,ca2,09-4397-ag
1321067,ca2,74-1625
65936669,ca2,No. 06-2516-cr
64068921,ca2,No. 00-1036
70192761,ca2,24-2947
1078324,ca2,08-1768
1575757,ca2,Docket 07-5638-cv
4109057,ca2,15-1112-cv
583184,ca2,21546_1
13588041,ca2,18-66
2189430,ca2,93-9172
66226623,ca2,"No. 1076, Docket 87-7140"
3016974,ca2,13-1714
254118,ca2,"1303, Docket 84-1093"
66182325,ca2,"No. 301, Docket 76-4083"
70235991,ca2,22-6517
174030,ca2,88-7854
197350,ca2,12-2250
64285761,ca2,No. 02-7529
64097596,ca2,Docket No. 01-9044
65892055,ca2,No. 06-2415-cv
65663349,ca2,"No. 16-4310; August Term, 2017"
2289387,ca2,"214, Docket 27249"
65716869,ca2,No. 08-0087-cv
2474563,ca2,27761
251221,ca2,81-1148
64036084,ca2,"No. 1158, Docket 96-7976"
63976562,ca2,No. 138
65720253,ca2,No. 08-1539-cv
605819,ca2,"Docket 13-1204-cv, 13-1207-cv, 13-1208-cv"
66130699,ca2,No. 111
1284917,ca2,95-2109
1129225,ca2,"950, Docket 89-1368"
66203603,ca2,"No. 355, Docket 84-7611"
64006074,ca2,"No. 69, Docket 25329"
2160046,ca2,83-1076
70951320,ca2,22-6393
17233555,ca2,19-3452
64012253,ca2,"Nos. 368, 369, Dockets 27542, 28121"
183281,ca2,25363_1
65716889,ca2,No. 08-2809-ag
611272,ca2,10-3908-cv
66103715,ca2,No. 4
1970725,ca2,"Docket 08-5561-cr, 08-6004-cr"
2468445,ca2,79-2056
65655300,ca2,Docket No. 02-7642
63954285,ca2,No. 241
66048872,ca2,No. 136
65714091,ca2,No. 08-1603-ag
297611,ca2,08-5840-cr
2423503,ca2,87-1292
197100,ca2,"423, 809, Dockets 73-2212, 73-2213"
65892707,ca2,No. 06-0380-ag
2459793,ca2,77-1104
64047174,ca2,"No. 2065, Docket 97-7264"
63999128,ca2,"No. 144, Docket 23069"
1782099,ca2,91-6045
534305,ca2,12-1069
1445750,ca2,83-6092
66212083,ca2,"Nos. 528, 377, Dockets 85-4108, 85-4100"
702715,ca2,35696_1
65349994,ca2,"21-400-cv, 21-403-cv"
65941943,ca2,No. 07-1263-pr
60501614,ca2,20-3672-cv
65710526,ca2,No. 08-2934-ag
2416409,ca2,87-1150
1930001,ca2,93-7983
1621905,ca2,"24, Docket 20990"
3012405,ca2,14-1513
1681923,ca2,306
1641861,ca2,"98, Docket 20373"
333388,ca2,13-997-cv
1025525,ca2,818
66111926,ca2,No. 196
915524,ca2,12-3568-cv
66060838,ca2,"Nos. 211, 212"
6067467,ca2,15-3425
59298974,ca2,18-3353
67091274,ca2,22-1204
63978908,ca2,No. 353
64203019,ca2,Docket No. 01-4066
63923509,ca2,No. 166
2279758,ca2,87-7065
65703735,ca2,No. 11-5238-cv
66621417,ca2,21-1656-cr
65953708,ca2,No. 07-4662-ag
312853,ca2,80-7187
64098535,ca2,Docket No. 01-9211
63947114,ca2,No. 166
67105764,ca2,23-274
18429168,ca2,19-2998
1876472,ca2,Docket 08-3075-cv
2198125,ca2,Docket 09-0708-cv
297816,ca2,08-6120-ag
16955784,ca2,19-1381
67715684,ca2,22-287
744240,ca2,12-1836
6135152,ca2,14-1304
404459,ca2,79-7539
63936110,ca2,No. 124
753398,ca2,11-2942-cr
66252389,ca2,"No. 706, Docket 89-6193"
65961241,ca2,No. 14-2666-cr
66111832,ca2,No. 233
297716,ca2,08-3714-ag
64200100,ca2,Docket No. 01-7573
277043,ca2,91-7345
1221117,ca2,25078_1
65731010,ca2,No. 09-1987-cv
1111318,ca2,88-4055
793366,ca2,"113, Docket 74-1404"
6064565,ca2,16-3024-cv
64050380,ca2,"No. 256, Docket 97-7140"
6174117,ca2,15-3109-cv
542220,ca2,Docket 11-2078-cr
65726925,ca2,No. 08-5715-ag
971630,ca2,8
65722032,ca2,No. 08-2072-cv
863473,ca2,09-3375-ag
874356,ca2,2000
2621475,ca2,14-2156-cv
66101898,ca2,No. 194
1501451,ca2,94-1105
2426827,ca2,74-2596
64008043,ca2,"Nos. 251, 252, Dockets 26505-26506"
65705038,ca2,No. 07-5428-ag
2662293,ca2,13-3145
956209,ca2,1460
65700358,ca2,No. 05-5682-ag
3039138,ca2,14-4499
2124446,ca2,79-6234
2396531,ca2,84-1021
66254022,ca2,"No. 1030, Docket 89-9073"
323064,ca2,1271
60123588,ca2,20-1998-cv
383871,ca2,11-2116-cv
65732201,ca2,"Nos. 09-2546-cv(L), 09-2696-cv(XAP)"
2321715,ca2,30434_1
66080179,ca2,No. 94
2645351,ca2,14-29 NAC
65683529,ca2,Docket No. 02-0288
66082818,ca2,No. 35
2347105,ca2,93-9018
17784,ca2,19-3355
96360,ca2,87-7026
307331,ca2,"1150, 1151, Dockets 88-1562, 88-1563"
766021,ca2,"198, Docket 81-7125"
8221054,ca2,16-3982-cr
366889,ca2,81-1465
6072782,ca2,16-2735-cv(L)
64155342,ca2,No. 00-9187
6244868,ca2,16-1837-cv
2466062,ca2,90-4084
297709,ca2,08-4293-ag
64069345,ca2,"Docket Nos. 99-7719, 99-7720"
66059389,ca2,No. 96
64016413,ca2,"Nos. 1056, 1058, Docket 93-7938, 93-7974"
501204,ca2,"128, Docket 22426"
100278,ca2,"36, Docket 23447"
119730,ca2,"38, Docket 26185"
1114418,ca2,Docket 06-2721-cr
6315769,ca2,16-3827
66234854,ca2,"Nos. 873, 874 and 875, Dockets 87-7956, 87-7968 and 87-7996"
63923351,ca2,No. 44
399571,ca2,09-2048-ag
65912123,ca2,No. 06-2914-cr
4616808,ca2,15-2952
67072944,ca2,22-3043
221038,ca2,"62, Docket 81-1155"
1069608,ca2,Docket 97-9406
673430,ca2,"Docket 10-2058-cv, 10-2190-cv"
17124336,ca2,19-112-cr
14527209,ca2,18-342-bk
58785,ca2,74-1177
65723213,ca2,No. 08-4928-ag
2817234,ca2,07-0635-cr
1728285,ca2,Docket 01-1301
2463012,ca2,26359_1
17354474,ca2,19-95
2485675,ca2,78-1402
69510000,ca2,23-7296
28228,ca2,20-1494
2036403,ca2,"1683, Docket 96-2920"
163526,ca2,10-275-ag
2471481,ca2,24489_1
357233,ca2,30486_1
65660689,ca2,Docket No. 13-3625-cv
65699770,ca2,No. 04-0032-AG
65674638,ca2,No. 03-6151
625231,ca2,"197, Docket 31708"
1086946,ca2,1367
877275,ca2,10-5132
839874,ca2,92-1148
66039250,ca2,No. 87
279222,ca2,Docket 08-4820-ag
66275679,ca2,"Nos. 1401, 1607, Dockets 91-6313, 91-6315"
63959238,ca2,No. 139
66213891,ca2,"Nos. 624, 637, 753, 773, 774, 775 and 925, Dockets 85-1405, -1406, -1407, -1414, -1415, -1416, -1417"
62612661,ca2,21-22
65718883,ca2,No. 08-0016-cv
63923510,ca2,No. 225
191507,ca2,35212_1
6149443,ca2,16-1366-cv
419428,ca2,"1345, 1346, Dockets 93-1739, 93-1740"
69058767,ca2,22-6373
1041721,ca2,"74, Docket 21101"
66044817,ca2,No. 219
845692,ca2,10-2829-cv
670527,ca2,"630, Docket 76-1438"
380332,ca2,85-2004
553300,ca2,09-4115
65661363,ca2,Docket No. 14-781-cv
65660986,ca2,Docket No. 14-1042-cv
66056666,ca2,No. 14
296810,ca2,"237, Docket 25910"
64284818,ca2,Docket No. 01-1490
614215,ca2,"1228, Dockets 83-7011, 83-7067"
65724347,ca2,No. 08-2060-ag
598956,ca2,1275
305635,ca2,76-1203
65715834,ca2,No. 08-0565-ag
65718524,ca2,No. 07-4130-ag
65912856,ca2,No. 07-1006-ag
1499061,ca2,81-1441
27497,ca2,13-1613
920423,ca2,04-3661
65710625,ca2,No. 13-1705-cv
65721310,ca2,No. 08-5493-ag
2134948,ca2,"5, Docket 34611"
64017872,ca2,"No. 943, Docket 93-7825"
66213278,ca2,"No. 221, Docket 85-5061"
64086128,ca2,No. 00-7935
1081105,ca2,"1310, Docket 95-7988"
66729229,ca2,19-2208
65717709,ca2,No. 08-3469-ag
66080573,ca2,No. 206
66159263,ca2,"No. 486, Docket 32158"
66189821,ca2,"No. 511, Docket 80-7762"
1823736,ca2,93-4095
303970,ca2,73-1008
57669,ca2,23529_1
66182088,ca2,"No. 1553, Docket 77-7337"
65714071,ca2,No. 05-5538-ag
294928,ca2,"198, Docket 25863"
215507,ca2,"773, Docket 91-1490"
732518,ca2,"58, Docket 96-1035"
1054907,ca2,"1041, Docket 95-1346"
297879,ca2,08-5095-ag
306230,ca2,73-2344
243299,ca2,"1401, Docket 77-1076"
704601,ca2,10-1954-ag
65667869,ca2,No. 02-1559
65681376,ca2,No. 03-2765
65684019,ca2,No. 03-9353
1523942,ca2,94-1280
63921745,ca2,No. 130
1099421,ca2,373
64163836,ca2,No. 00-10158; D.C. No. CR-97-05233-REC
40673,ca2,"644, Docket 79-1343"
65886765,ca2,No. 04-4033-ag
4576507,ca2,16-468
576645,ca2,09-90016-AM
6357939,ca2,15-4003(L)
3044836,ca2,14-4242
1132281,ca2,"26, Docket 20999"
2378480,ca2,"Docket Nos. 10-2970-cv(L), 10-3128-cv(CON), 10-3131-cv(CON), 10-3133-cv(CON), 10-3135-cv(CON), 10-3136-cv(CON), 10-3137-cv(CON), 10-3139-cv(CON), 10-3140-cv(CON), 10-3141-cv(CON), 10-3143-cv(CON), 10-3144-cv(CON), 10-3145-cv(CON), 10-3148-cv(CON), 10-3153-cv(CON), 10-3157-cv(CON), 10-3159-cv(CON), 10-3178-cv(CON), 10-3180-cv(CON)"
886559,ca2,78-7576
7320019,ca2,"Docket 15-2474-cv; August Term, 2016"
2378167,ca2,93-1036
41955691,ca2,18-657
65886513,ca2,No. 05-3694-cr
66138527,ca2,No. 516
63970880,ca2,No. 252
1335160,ca2,94
742571,ca2,Docket 01-1543
247557,ca2,"21, Docket 25037"
672576,ca2,"101, Docket 27629"
63948139,ca2,"Nos. 45, 46"
975847,ca2,"591, Docket 86-6170"
2438691,ca2,88-1242
63976873,ca2,No. 209
682238,ca2,28621
1485829,ca2,78-6118
65686696,ca2,Docket No. 04-4307
64008698,ca2,"No. 306, Docket 26602"
132321,ca2,Docket 06-0644-op
66166803,ca2,"No. 573, Docket 71-2085"
67558248,ca2,23-832
3048432,ca2,15-366
65684296,ca2,No. 04-2346-CV
66233069,ca2,"No. 279, Docket 87-2201"
2864674,ca2,14-1110-cr
728515,ca2,Docket 03-40399
63950242,ca2,No. 344
3068883,ca2,"15-270, 15-2157"
65660622,ca2,"Docket Nos. 12-2412-cv, 12-2645-cv"
387566,ca2,28385
1062260,ca2,77-7492
292223,ca2,580
39467,ca2,13-464-cr
300478,ca2,"357, Docket 81-6141"
1956112,ca2,88-2390
66180961,ca2,"No. 1166, Docket 77-6022"
1373467,ca2,80-6073
672143,ca2,27757_1
16407297,ca2,18-152-cv
792293,ca2,73-2250
63932472,ca2,No. 109
878966,ca2,10-1804
920602,ca2,"06-0548-cr, 06-0582-cr"
549731,ca2,09-4514
1448605,ca2,32946-32948_1
65704499,ca2,No. 07-0024-cv
65681242,ca2,"Nos. 02-0283, 02-0313"
65717194,ca2,No. 07-4628-pr
715467,ca2,"689, Docket 34465"
63948886,ca2,No. 301
63976665,ca2,No. 160
1311859,ca2,12-3343-cv
65717735,ca2,No. 08-0559-ag
532008,ca2,10-4008-pr
1102179,ca2,1998
63954451,ca2,Nos. 340-342
1492201,ca2,79-6087
591339,ca2,11-2310-ag
65723649,ca2,No. 08-3848-ag
63155527,ca2,19-2490
68399979,ca2,19-1769
483816,ca2,"592, Docket 78-1357"
65656584,ca2,"Docket Nos. 03-7090(L), 03-7249(XAP)"
63392719,ca2,21-1955-cv
4422668,ca2,16-3028
65688714,ca2,Docket No. 03-40223
670541,ca2,"549, Docket 29747"
52283,ca2,79-6024
69355244,ca2,23-6301
65689767,ca2,No. 04-2986-CV
713530,ca2,1998
1012347,ca2,"472, 527, Dockets 79-1372, 79-1384"
2444005,ca2,77-1044
404085,ca2,96-9011
387602,ca2,09-4408
4119563,ca2,15-633
575776,ca2,10-2096-cr
67256588,ca2,23-264
65669638,ca2,"Docket Nos. 03-6055, 03-6063"
1110062,ca2,Docket 10-1985-cr
63944357,ca2,No. 60
64018737,ca2,"No. 822, Docket 93-7714"
66031640,ca2,"Nos. 119, 137"
137089,ca2,78-1383
692591,ca2,27050_1
932418,ca2,"76, Docket 78-1168"
772642,ca2,"331, 521, Dockets 73-2216, 73-2286"
17244575,ca2,18-362
1449066,ca2,391
349679,ca2,09-3437-ag
3064523,ca2,"14-3435-cv, 14-3474-cv"
66193054,ca2,"No. 99, Docket 82-7251"
66030092,ca2,"Nos. 127, 128"
64010194,ca2,"No. 355, Docket 27431"
65955230,ca2,No. 08-0922-ag
8019728,ca2,17-3305
65718507,ca2,No. 08-3799-cv
63369269,ca2,18-2482(L)
1708057,ca2,95-7047
66262423,ca2,"No. 564, Docket 90-6181"
65672407,ca2,No. 03-1297
6862768,ca2,16-4114
67405607,ca2,22-491
979626,ca2,"203, Docket 87-7404"
65954594,ca2,No. 07-0850-cv.
14173209,ca2,17-2323
4565037,ca2,15-2206
2105273,ca2,78-7039
63967503,ca2,"Nos. 222, 223"
66188114,ca2,"No. 576, Docket No. 79-7561"
66073632,ca2,No. 160
165727,ca2,"162, Docket 26460"
63923641,ca2,No. 151
2637327,ca2,14-295
65657891,ca2,Docket No. 04-2542-CV
63923241,ca2,No. 87
66078645,ca2,No. 290
65713032,ca2,No. 07-2561-cr
2252521,ca2,89-7232
831056,ca2,536
964392,ca2,Docket 03-1626
1246675,ca2,"391, Docket 88-1281"
70825717,ca2,24-2140
1039047,ca2,206
65698562,ca2,No. 04-0135-AG
63934338,ca2,No. 250
4617629,ca2,16-923-cv
261355,ca2,24142-24143_1
65655774,ca2,Docket No. 01-9219
858315,ca2,"49, Docket 95-1708"
65367487,ca2,21-2569
491262,ca2,87-7268
66076034,ca2,Nos. 38-40
69651501,ca2,22-1506
66189203,ca2,"No. 893, Docket 79-7767"
63971804,ca2,No. 29
1592327,ca2,Docket 08-2998-ag
1334194,ca2,08-4123-ag
25122,ca2,19-4338
65893435,ca2,No. 06-0995-cv.
63981518,ca2,No. 130
65894299,ca2,No. 06-2023-ag.
59971062,ca2,19-3540-cv
60063672,ca2,19-590-cr
982115,ca2,425
2636318,ca2,12-2634-cv
59731488,ca2,20-419-cv
1425709,ca2,84-1136
1623658,ca2,114
63952391,ca2,No. 177
393230,ca2,28498_1
305781,ca2,09-4471
65686268,ca2,Docket No. 04-2153
69351283,ca2,23-7333
65683100,ca2,No. 04-3363-CR
64034421,ca2,"No. 471, Docket 96-2349"
484611,ca2,865
66698467,ca2,21-1927
1254611,ca2,81-1249
75571,ca2,05-5644-CR
1629971,ca2,92-2761
66280282,ca2,"No. 880, Docket 92-6268"
893120,ca2,"702, 1182, Dockets 93-1397, 93-1697"
65705744,ca2,No. 08-0006-ag
65909308,ca2,No. 06-4524-ag
4410,ca2,14-4420
65656936,ca2,Docket No. 04-0744-CV
1084016,ca2,12-1650
69737990,ca2,24-1111
65715431,ca2,No. 07-2630-pr
2189042,ca2,87-2043
65694205,ca2,No. 04-2690-AG
1929936,ca2,88-3049
1638070,ca2,132
17145406,ca2,19-3740-cv
300661,ca2,"237, Docket 26659"
6078045,ca2,Docket 16-1758-cv
418233,ca2,90-1507
65599638,ca2,22-345
63989990,ca2,"No. 78, Docket 21069"
66107146,ca2,No. 322
1974402,ca2,08-5977-cv
4419690,ca2,15-336-ag
64010951,ca2,"No. 23, Docket 27085"
1101378,ca2,72
108896,ca2,11-854-cv
1472427,ca2,30261_1
63958049,ca2,No. 324
65691368,ca2,No. 04-6573-CV
4556913,ca2,16-514-cr
16795441,ca2,18-3781-cr
66193437,ca2,"No. 795, Docket 82-6257"
164813,ca2,136
1127650,ca2,86-2267
66100739,ca2,No. 96
65891820,ca2,No. 06-2368-cv
66144969,ca2,No. 54
1973491,ca2,"111, Docket 96-7066"
389393,ca2,09-5184-ag
65656710,ca2,"Docket Nos. 04-0834-CV, 04-2201-CV"
66032926,ca2,No. 59
64287811,ca2,Docket No. 02-7971
761506,ca2,"181, 182, Dockets 73-2538, 73-2539"
502536,ca2,88-7316
1068382,ca2,Docket 97-7252
65726955,ca2,"Nos. 08-1719-cv (Lead), 08-2100-cv (XAP)"
6366237,ca2,17-463-bk
66073092,ca2,No. 86
1083100,ca2,11-4862-cr
64032538,ca2,"No. 1323, Docket 96-6201"
677729,ca2,"279, Docket 89-6110"
65725097,ca2,No. 08-4637-cv
1022853,ca2,Docket 09-2113-op
64058252,ca2,"Docket Nos. 97-2825, 97-2855"
67367292,ca2,23-660
1432403,ca2,84-7125
66037572,ca2,No. 168
65929299,ca2,No. 05-6538-ag
66028714,ca2,No. 67
2163391,ca2,"147, Docket 21521"
966100,ca2,09-3757-ag
7395385,ca2,16-4023
780568,ca2,"347, Docket 83-4121"
828515,ca2,96-7203
66062697,ca2,No. 189
66284832,ca2,"No. 870, Docket 92-9032"
1489999,ca2,78-2029
68420270,ca2,21-3085
749706,ca2,"361, 362, 370, Dockets 73-2060, 73-2065, 73-2089"
1980814,ca2,"307, Docket 95-1110"
753182,ca2,11-2751-cv(L)11-2930-cv(XAP)11-3120-cv(CON)
65725407,ca2,No. 08-3514-cv
66167397,ca2,"No. 844, Docket 71-1699"
63959263,ca2,No. 90
1274549,ca2,10-790-cv
63972475,ca2,No. 187
580253,ca2,10-2221 NAC
29029,ca2,81-2172
2267105,ca2,26902
2041176,ca2,94-1339
66223476,ca2,"No. 369, Docket 86-6037"
66133734,ca2,No. 118
425467,ca2,09-4985-ag
65955086,ca2,No. 07-1452-cv
1318280,ca3,96-3762
63963490,ca3,No. 6406
2476748,ca3,71-1476 through 71-1478
159220,ca3,13-1416
1055766,ca3,95-1484
2013870,ca3,10778_1
2181278,ca3,75-1906
2871543,ca3,03-2340
2463939,ca3,98-3357
65724118,ca3,No. 07-3739
59207,ca3,74-1500
1314031,ca3,97-7642
2870027,ca3,02-2784
66165108,ca3,"Nos. 19235, 19248 and 19506"
2872311,ca3,04-3663
65729018,ca3,No. 09-2002
2398859,ca3,89
749433,ca3,11-4342
1110615,ca3,8257
66158913,ca3,No. 16892
65368117,ca3,21-2292
17340,ca3,18-2106
2348185,ca3,89-3379
114428,ca3,06-3271
766151,ca3,81-1134
1504366,ca3,73-1690
2868964,ca3,01-2874
64004175,ca3,Nos. 12434 and 12435
2902913,ca3,08-4579
7483873,ca3,18-1874
66181625,ca3,No. 76-1707
2893544,ca3,06-4218
908744,ca3,91-2050
439864,ca3,93-1364
1713717,ca3,93-1380
65371762,ca3,20-3141
2668932,ca3,15-1315
2189412,ca3,94-1316
359715,ca3,17050
1447427,ca3,88-3507
2475498,ca3,91-1081
2415837,ca3,71-1756
2260711,ca3,96-3002
637167,ca3,97-3514
8054695,ca3,17-3476
2688969,ca3,15-2005
65910256,ca3,No. 07-3517
2881421,ca3,04-2129
7929388,ca3,17-3190; 17-3201
393232,ca3,10-1072
66107,ca3,10-2737
764617,ca3,80-3092
64004843,ca3,No. 12606
64280251,ca3,"Nos. 01-3035, 01-3036, 01-3037"
2881518,ca3,05-5013
2884994,ca3,05-3675
2453931,ca3,87-5141
7228445,ca3,18-1060
195854,ca3,85-1676
285633,ca3,78-1636
2885150,ca3,05-5577
59245805,ca3,19-3089
1991940,ca3,83-5001
65708130,ca3,No. 11-3198
69551262,ca3,23-2996
941182,ca3,06-2287
66041811,ca3,No. 33
805285,ca3,07-2271
38468,ca3,88-1856_1
366223,ca3,19334
2248817,ca3,12965_1
493541,ca3,88-5279
65723866,ca3,No. 09-1653
2888261,ca3,06-2580
2902768,ca3,08-1700
2895597,ca3,07-1401
64287827,ca3,No. 01-1158
1392702,ca3,76-1880
2875421,ca3,"06-1829 to 06-1836, 06-1848, 06-1850"
7473614,ca3,16-1069
828093,ca3,90-1284
65729430,ca3,No. 08-4244
1768345,ca3,74-1137
279950,ca3,88-3209
2874326,ca3,03-2837
1051161,ca3,92-7452
2874472,ca3,01-9000
92410,ca3,79-1998
743498,ca3,01-4150
63931325,ca3,No. 3997
644098,ca3,90-3351
413213,ca3,82-1286
2869609,ca3,01-3422
2450760,ca3,85-1519
433749,ca3,79-2518
16891985,ca3,18-2466
590725,ca3,10124_1
66097855,ca3,No. 2532
68462484,ca3,23-1864
1152099,ca3,86-3766
66077026,ca3,No. 1900
2287526,ca3,92-1914
64281700,ca3,No. 01-2241
835714,ca3,90-6160
2867006,ca3,93-5657
809521,ca3,97-1020
2516252,ca3,7623
7646,ca3,18-2974
2872496,ca3,04-2867
784505,ca3,73-2007
66218936,ca3,"Nos. 85-3282, 85-3311, 85-3343, 85-5517, 85-5542, 85-5439, 85-5552, 85-1541"
65935132,ca3,No. 07-1715
391228,ca3,08-3093
2886903,ca3,06-4238
2264858,ca3,82-5358
1505964,ca3,87-5583
64003600,ca3,No. 12312
2872980,ca3,04-1745
2461687,ca3,78-1851
2520048,ca3,"7423, 7424"
860505,ca3,94-7202
4684684,ca3,16-3270
734765,ca3,71-1776
1149435,ca3,87-3402
66238577,ca3,No. 88-5128
63959386,ca3,No. 6166
2871412,ca3,03-2784
1268148,ca3,75-1810
294531,ca3,12976
2872620,ca3,04-2026
2871142,ca3,03-3404
2465300,ca3,08-4303
1528800,ca3,86-1654
61800503,ca3,21-3160
4607363,ca3,15-2596
65694067,ca3,No. 11-1944
2879531,ca3,04-4707
2870117,ca3,02-3155
1143323,ca3,93-5780
1463987,ca3,89-5636
2498450,ca3,98-1207
686295,ca3,91-3218
2428082,ca3,88-6008
443890,ca3,96-16507
353120,ca3,11-4028
2874292,ca3,04-1846
1838308,ca3,16269_1
65723365,ca3,No. 08-3406
17060097,ca3,19-2997
2144326,ca3,90-1066
881531,ca3,87-5588
65730246,ca3,No. 10-1084
2249556,ca3,87-3126
66229598,ca3,No. 86-5470
2468050,ca3,97-1924
67225376,ca3,22-2552
967005,ca3,85-3124
65725970,ca3,No. 08-4125
66058128,ca3,"No. 1,361"
2892860,ca3,08-2071
65672609,ca3,No. 02-1083
63950603,ca3,No. 5258
2877545,ca3,05-2323
2882192,ca3,06-3593
71108,ca3,86-1431_1
2870792,ca3,01-4467
65727478,ca3,No. 09-1180
65727821,ca3,No. 08-3668
662915,ca3,17253
2869461,ca3,01-4143
2904085,ca3,"08-3097, 08-3399"
2042811,ca3,10474
760005,ca3,78-1439
2871625,ca3,03-2458
2895119,ca3,06-1526
66183796,ca3,No. 77-1956
2174360,ca3,81-1972
2866914,ca3,94-5160
2006604,ca3,91-5787
809462,ca3,86-3595
2891400,ca3,06-4403
3021689,ca3,14-1418
1349786,ca3,84-3202
1767596,ca3,89-1310
2872049,ca3,02-3427
1216494,ca3,92-1682
1478204,ca3,98-1412
66094512,ca3,No. 2426
2886204,ca3,06-2325
2870402,ca3,02-1551
766466,ca3,73-1079
2077877,ca3,75-2359
65399163,ca3,21-1615
249754,ca3,80-2248
2873069,ca3,03-3068
2878062,ca3,05-2337
471320,ca3,82-5448
922565,ca3,07-3201
1541427,ca3,11-4593
66030021,ca3,No. 13
2495196,ca3,95-1107
64917443,ca3,21-2263
732774,ca3,71-1373
1008222,ca3,91-3152
162296,ca3,91-3293
1092567,ca3,81-2077
64017022,ca3,No. 93-3368
15919104,ca3,19-2396
2893834,ca3,07-2870
2885854,ca3,06-3186
749230,ca3,73-1827
1504703,ca3,88-1449
2016649,ca3,88-1960
67601321,ca3,23-2181
177416,ca3,16293
767907,ca3,72-1694
608342,ca3,95-1839
66109220,ca3,No. 2881
1016810,ca3,92-1483
6367797,ca3,17-1925
63949150,ca3,No. 5265
132772,ca3,80-1102
664446,ca3,17161-17163_1
677642,ca3,14198_1
65727083,ca3,No. 09-1332
2868146,ca3,97-5701
63211305,ca3,21-1458
616159,ca3,94-5208
936530,ca3,91-1881
2890383,ca3,07-4062
893382,ca3,80-2098
65709030,ca3,No. 11-4423
27376,ca3,10-2751
361599,ca3,79-3945
357702,ca3,92-1462
1091668,ca3,91-5916
1972141,ca3,17715_1
1864962,ca3,71-1918
66142467,ca3,No. 10
59195252,ca3,19-3589
6257030,ca3,17-2039
2655651,ca3,14-1992
47763,ca3,93-5417
66272682,ca3,No. 91-5407
1406156,ca3,86-3243
2876681,ca3,06-2261
1263496,ca3,98-3025
296923,ca3,"12-2032, 12-2033"
2323140,ca3,85-3094_1
2277864,ca3,17164_1
1270078,ca3,80-2779
146286,ca3,03-3634
2871218,ca3,"03-3205, 03-3357"
65725922,ca3,No. 09-2633
2321138,ca3,98-3216
272452,ca3,75-1066
445439,ca3,09-1049
767304,ca3,72-1776
2455100,ca3,10554
2471959,ca3,93-1755
825976,ca3,89-1775
2871186,ca3,04-1103
1040728,ca3,92-56379
1036060,ca3,83-5869
910949,ca3,92-1464
273832,ca3,89-3000
16988419,ca3,19-1675
2883831,ca3,05-4708
66205769,ca3,Nos. 84-5455 to 84-5461 and 84-45480
66919893,ca3,22-1133
2890183,ca3,08-2432
65730218,ca3,No. 08-4795
95472,ca3,97-7492
68496837,ca3,23-2189
63982191,ca3,No. 9125
1216721,ca3,14972
66033385,ca3,"Nos. 27, 28, 29"
1086592,ca3,75-1294
2885722,ca3,06-1621
344267,ca3,10409
949818,ca3,80-1077
2904142,ca3,07-3183
4586373,ca3,16-3195
2180401,ca3,77-1579
2685486,ca3,14-3330
1616396,ca3,76-1673
69410763,ca3,24-2055
343040,ca3,88-1956
110379,ca3,88-5252
1269676,ca3,81-2816
1329171,ca3,87-3082
959199,ca3,84-5613
442981,ca3,90-1674
65308923,ca3,"No. 19,428"
2138607,ca3,93-5046
1356687,ca3,97-5146
388919,ca3,83-5679
6230224,ca3,16-1784
2870433,ca3,02-1139
8180,ca3,17-1441
54117996,ca3,20-2112
65719471,ca3,No. 08-3394
4487041,ca3,16-1817 & 16-1818
2872005,ca3,03-2442
1181851,ca3,97-1345
63935557,ca3,No. 4449
20978,ca3,86-5421_1
64015834,ca3,No. 92-7507
318231,ca3,81-1804
2380569,ca3,82-1157
2455452,ca3,88-3625
245447,ca3,12820_1
2869000,ca3,00-2235
66930358,ca3,21-2361
66134292,ca3,No. 21
419407,ca3,"93-3336, 93-3395"
378091,ca3,13-4548
2885216,ca3,06-2200
642273,ca3,13876_1
1407130,ca3,88-3011
640099,ca3,17219
2188851,ca3,74-1653
160248,ca3,11817_1
59768798,ca3,20-1422
2890709,ca3,06-2902
1765110,ca3,85-1739
59853077,ca3,20-3544
2466643,ca3,92-5287
1225066,ca3,12069_1
2878293,ca3,05-1348
2924217,ca3,14-4546
721553,ca3,99-5051
64285503,ca3,"Nos. 02-1190, 02-1193, 02-1215"
2871813,ca3,02-3949
67940159,ca3,22-2363
2883129,ca3,05-4088
3008805,ca3,14-3891
792505,ca3,"9712, 9737"
65668120,ca3,No. 02-3700
65695797,ca3,No. 11-2994
419188,ca3,90-3797
68399902,ca3,23-3029
488181,ca3,73-1743
934298,ca3,75-4019
1510100,ca3,92-7493
831643,ca3,90-3659
1072022,ca3,73-1256
17481195,ca3,18-3111
2880364,ca3,05-1140
2301975,ca3,17585_1
383642,ca3,84-1041
413714,ca3,90-3527
300821,ca3,13313
851801,ca3,90-1688
666985,ca3,18409
66159727,ca3,No. 17313
60698914,ca3,19-1756
65730015,ca3,No. 07-4578
4554674,ca3,15-3505
318727,ca3,94-5007
2867994,ca3,96-1421
2867052,ca3,93-7699
1444888,ca3,84-5290
66246597,ca3,No. 89-5337
1250415,ca3,09-3586
2867795,ca3,96-1883
474450,ca3,83-5893
403257,ca3,01-3472
65709034,ca3,No. 11-3976
63929891,ca3,No. 3821
2870444,ca3,02-2820
2024416,ca3,86-5295
15911345,ca3,18-3483
6127851,ca3,16-3605
1476423,ca3,75-1257
2869002,ca3,99-3337
756477,ca3,83-3374
2144713,ca3,88-1887
412846,ca3,80-2323
65732527,ca3,"Nos. 09-2087, 09-3077"
584945,ca3,10-2960
2869134,ca3,99-1989
2070086,ca3,83-5255
2136579,ca3,88-3019
63952130,ca3,"Nos. 5395, 5396"
66719197,ca3,22-1005
1391826,ca3,76-2158_1
18466351,ca3,19-1932
1196243,ca3,88-5807
65673724,ca3,No. 03-1068
66191012,ca3,No. 81-1250
2867435,ca3,94-1634
1913548,ca3,87-3379
1835410,ca3,76-1069
2180185,ca3,85-3065
64002706,ca3,No. 12233
4486232,ca3,15-2985
1258017,ca3,97-7605
1484446,ca3,08-4138
2879482,ca3,05-2466
65727858,ca3,No. 09-2097
862481,ca3,93-1075
594995,ca3,12-1430
67155860,ca3,23-1303
631472,ca3,11-1241
817633,ca3,87-6067
1162833,ca3,90-5680
65730269,ca3,No. 08-3888
901369,ca3,"12-3230, 12-3231"
2869733,ca3,01-3433
2459082,ca3,77-2086
2895366,ca3,08-1001
1912505,ca3,86-1242
2156304,ca3,87-5702
2886816,ca3,05-3269
1343500,ca3,76-1770
2341781,ca3,79-2756
66205070,ca3,No. 84-1276
1430898,ca3,93-1918
932812,ca3,76-2385
2361214,ca3,82-5460
2867042,ca3,93-1378
757158,ca3,"76-1642, 76-1643"
1875446,ca3,91-5666
223357,ca3,93-7177
1375724,ca3,298
516760,ca3,12-4537
1623316,ca3,3490
1376932,ca3,85-1402
2447099,ca3,12988_1
743092,ca3,02-2211
2182236,ca3,87-5259
1399862,ca3,83-1611
2470805,ca3,12209_1
2868181,ca3,"96-5538, 96-5539 and 96-5835"
2876406,ca3,03-3888
63999711,ca3,No. 11305
1045200,ca3,3589
17006371,ca3,19-3384
1075935,ca3,03-1930
65728615,ca3,08-2722
1105959,ca3,9253
4426787,ca3,16-1191
818687,ca3,87-6076
66173487,ca3,"Nos. 73-1959, 73-1983 and 73-1960"
941320,ca3,80-1454
65725980,ca3,No. 09-2338
66157674,ca3,No. 16784
18540110,ca3,20-1508
65926148,ca3,No. 07-1553
2477644,ca3,72-1026
613754,ca3,96-16438
2029751,ca3,83-1227
627724,ca3,11-2246
1356533,ca3,96-1235
2873916,ca3,04-2758
1577553,ca3,07-1045
2498424,ca3,72-1227
1522046,ca3,94-5246
18881,ca3,18-2052
381829,ca3,405
698413,ca3,15210_1
1749665,ca3,83-1384
773447,ca3,72-1584
849983,ca3,92-2104
69439272,ca3,24-1035
749776,ca3,73-1750
1371323,ca3,15885_1
878963,ca3,11-2393
2447518,ca3,12021_1
65910667,ca3,No. 06-3815
64000912,ca3,"Nos. 11606, 11607, 11635"
60102973,ca3,18-3747
65730539,ca3,No. 09-1862
749700,ca3,73-1270
2876089,ca3,03-4597
1149641,ca3,91-3486
2013796,ca3,97-5470
641127,ca3,13493-13495
2886884,ca3,05-5238
426716,ca3,10-2420
66225258,ca3,"Nos. 86-1341, 86-1342"
70751,ca3,79-1392
2867664,ca3,95-1803
2876960,ca3,05-4901
18545257,ca3,19-3255
419600,ca3,9221
581856,ca3,94-1290
982583,ca3,87-1484
66267667,ca3,"Nos. 89-3764, 89-3816"
1286406,ca3,85-5400_1
2870131,ca3,02-2758
2647275,ca3,14-1816
272062,ca3,86-3817
68239141,ca3,23-2661
65692498,ca3,No. 09-4139
66161897,ca3,No. 17785
2868009,ca3,96-3009
65730387,ca3,No. 09-1031
756970,ca3,11-3939
280509,ca3,87-3551
66190748,ca3,"Nos. 80-2366, 80-2367 and 80-2444"
2875786,ca3,05-5329
6175734,ca3,17-1813
8491489,ca3,18-2344
2872993,ca3,05-1034
66225611,ca3,"Nos. 86-3049, 86-3065 to 86-3067, 86-3584 and 86-3585"
63954279,ca3,No. 5687
655516,ca3,16179
1300385,ca3,93-1865
202767,ca3,79-1387
2869699,ca3,00-2720
2880270,ca3,01-2399
2896005,ca3,07-1636
2660648,ca3,14-2067
701115,ca3,99-3567
2869214,ca3,02-1587
1419594,ca3,12-4493
2893290,ca3,07-3019
2312849,ca3,93-7540
2483237,ca3,95-5127
775917,ca3,72-2528
2189284,ca3,90-3367
967595,ca3,92-5269
946646,ca3,"78-2210, 78-2211"
365341,ca3,93-3271
938335,ca3,78-3765
348313,ca3,92-7335
2329425,ca3,80-1255
711211,ca3,97-7339
1120417,ca3,82-3355
1328272,ca3,92-1094
8286690,ca3,18-1345
1102556,ca3,93-1558
277205,ca3,89-5748
4671166,ca3,17-1018
1038763,ca3,91-3511
56735,ca3,71-1864
63978929,ca3,"Nos. 8558, 8559"
182668,ca3,88-5621
65675115,ca3,No. 03-3527
2870306,ca3,00-2305
2868159,ca3,96-7356
108068,ca3,83-1862
337394,ca3,91-3874
1264032,ca3,93-7071
65666409,ca3,22-2744
1436183,ca3,84-1031
531635,ca3,08-4145
2879652,ca3,05-2349
3058718,ca3,15-2805
63943821,ca3,No. 4878
63990423,ca3,No. 9729
2382109,ca3,85-3516
66203778,ca3,"Nos. 83-1223, 83-1269"
2224815,ca3,87-5422
2301623,ca3,91-3101
1450537,ca3,89-5200
2254787,ca3,93-7065
119888,ca3,87-5426
64066499,ca3,"Nos. 98-3578, 98-3579"
63968407,ca3,No. 6709
2877823,ca3,05-5216
63969144,ca3,No. 6955
265354,ca3,82-5404
1292710,ca3,86-5277_1
66083019,ca3,No. 2116
2121160,ca3,92-7542
12327,ca3,03-1902
918698,ca3,11-1938
309550,ca3,79-1878
2308923,ca3,75-1774
2004834,ca3,95-5143
920175,ca3,04-3521
1622917,ca3,7211
6336335,ca3,15-3876
66181650,ca3,Nos. 76-2596 and 77-1050
3072375,ca3,15-1960
773630,ca3,94-7420
299420,ca3,13077
2872451,ca3,04-3697
2138035,ca3,86-5489
2042398,ca3,96-7216
939360,ca3,79-2113
691223,ca3,75--1570
2127600,ca3,99-3133
63969645,ca3,No. 7024
2464623,ca3,1154
375081,ca3,76-1978
316847,ca3,81-1183
1557366,ca3,84-5322
1700625,ca3,93-2058
65707669,ca3,No. 08-1902
2868599,ca3,98-2019
2870711,ca3,02-1687
2905200,ca3,07-4230
66044670,ca3,No. 32
30543,ca3,80-1528
1497820,ca3,95-5025
588910,ca3,00-3050
66105699,ca3,"Nos. 2762, 2839"
1247184,ca3,02-2666
2680248,ca3,14-4119
6257028,ca3,16-4378
1288085,ca3,08-2074
14579971,ca3,18-2885
64240,ca3,12-4622
2870787,ca3,01-3969
934898,ca3,84-3271
2294943,ca3,92-1511
63931559,ca3,No. 4082
69574567,ca3,23-1550
207341,ca3,97-7018
1116755,ca3,94-7016
61618463,ca3,21-1365
1058993,ca3,95-1793
2499274,ca3,83-1864
2443889,ca3,96-5189
65308922,ca3,"No. 18,520"
2185884,ca3,76-2656
747564,ca3,18831
804984,ca3,87-5593
2669318,ca3,14-1442
1066139,ca3,13-1599
68188921,ca3,22-3212
2902152,ca3,08-4446
1832905,ca3,78-1752
2428375,ca3,81-2610
2893204,ca3,06-4545
812699,ca3,87-1311
1503089,ca3,89-3692
705699,ca3,19209
65734593,ca3,No. 09-2981
387279,ca3,14347_1
1852315,ca3,86-0600
1340111,ca3,12-1779
1093205,ca3,90-3200
2893787,ca3,06-4806
1042463,ca3,7935
63937731,ca3,No. 4580
1357033,ca3,88-1044
1613460,ca3,95-2045
1085827,ca3,13047_1
979987,ca3,7819
2893086,ca3,08-2485
684463,ca3,21081_1
1152046,ca3,86-5415_1
953394,ca3,09-4420
18564111,ca3,20-1027
743213,ca3,02-3110
1826227,ca3,"99-1734, 99-1735"
1023111,ca3,11-4259
1866883,ca3,12321_1
2146081,ca3,88-5006
607180,ca3,10570_1
1400671,ca3,83-1529
590978,ca3,11-3076
1413699,ca3,84-5867_1
2238350,ca3,85-1492
723984,ca3,99-1832
734300,ca3,87-3820
1749637,ca3,96-1602
1984077,ca3,82-1074
288371,ca3,88-3463
758870,ca3,71-2042
59958736,ca3,19-3251
1231392,ca3,"13-3087, 13-3199"
663340,ca3,97-3136
65699775,ca3,No. 05-2186
1367256,ca3,93-5266
1180920,ca3,80-2842
1075332,ca3,76-1217
59739876,ca3,20-1066
2884451,ca3,"06-3390, 06-3525"
2878195,ca3,05-3001
369224,ca3,71-1098
2476813,ca3,94-2144
16868142,ca3,18-1583
524975,ca3,77-1629
59773932,ca3,19-1286
504870,ca3,84-1039
4114381,ca3,16-2826
59978489,ca3,21-1426
1220582,ca3,91-3157
66260437,ca3,No. 90-5446
63973047,ca3,No. 7624
2883337,ca3,07-2296
1294345,ca3,75-1706
65731512,ca3,No. 09-1698
2235322,ca3,95-1003
3049180,ca3,14-4590
1551911,ca3,89-1398
719772,ca3,18064_1
872899,ca3,95
2876120,ca3,05-3854
65910260,ca3,No. 06-3182
1562234,ca3,97-5032
63737158,ca3,No. 3124
2497464,ca3,88-5926_1
657755,ca3,16794_1
1113520,ca3,"12-4222, 12-4223, 13-1141"
64068798,ca3,No. 96-5597
2870293,ca3,02-4182
2874520,ca3,04-1643
63991189,ca3,No. 9702
2868719,ca3,99-1373
2877434,ca3,06-1375
2415064,ca3,88-3703_1
2887011,ca3,05-3365
2349305,ca3,80-2238
1479755,ca3,85-3610
69822012,ca3,24-1497
1510104,ca3,92-1664
1177002,ca3,83-5617
2872645,ca3,04-2379
66194206,ca3,No. 82-5566
4668787,ca3,15-3171
681894,ca3,14511-14512
2101474,ca3,09-4398
64098105,ca3,"Nos. 01-1068, 01-1461"
1320355,ca3,77-1538
2664178,ca3,14-4682
68070077,ca3,22-2982
67664930,ca3,23-1796
268913,ca3,96-3526
524746,ca3,85-8404
64014461,ca3,No. 92-5525
63363060,ca3,21-1935
2875870,ca3,"04-9005, 04-9006"
2870670,ca3,02-1699
1345642,ca3,11-1413
2870607,ca3,02-1454
561688,ca3,83-1192
63954321,ca3,No. 5543
2500334,ca3,82-3176
2418872,ca3,75-1150
1776243,ca3,77-1569
2020253,ca3,92-5571
1213471,ca3,88-5946
1254944,ca3,88-5764
63944912,ca3,No. 4954
1125177,ca3,89-5280
161771,ca3,79-1095_1
1970473,ca3,98-5063
7296700,ca3,17-2340
63950994,ca3,No. 5410
2870338,ca3,02-3688
63985582,ca3,No. 9332
644158,ca3,10713_1
2879215,ca3,05-2936
63929170,ca3,No. 3812
381111,ca3,92-5431
6223985,ca3,17-1327
2629791,ca3,14-1123
66048794,ca3,No. 57
6088212,ca3,17-1101
64012653,ca3,No. 14377
326814,ca3,85-5174
66223750,ca3,No. 86-5392
763975,ca3,71-2035
2499448,ca3,89-5161
1214973,ca3,14-1360
2879574,ca3,05-3005
1368133,ca3,92-2082
2471669,ca3,93-7259
2872761,ca3,04-4025
193380,ca3,71-1137
1023007,ca3,11-1209
2901932,ca3,07-3452
66192094,ca3,No. 81-2981
1324393,ca3,86-1110
63933050,ca3,"Nos. 4254, 4253, 4255, 4256"
782365,ca3,87-5853
65727849,ca3,No. 09-1812
607776,ca3,10494
66166036,ca3,Nos. 18137-18142
1142443,ca3,93-5352
1239786,ca3,81-2422
787033,ca3,72-2017
1426502,ca3,84-1254
607093,ca3,10-3500
1354217,ca3,85-5785
2871686,ca3,03-3058
63939877,ca3,No. 4437
2885044,ca3,05-4114
346061,ca3,08-2784
2862739,ca3,13-3461
444184,ca3,84-5060
2325770,ca3,79-1735
994842,ca3,89-1522
17230540,ca3,19-3178
509057,ca3,77-1394
367813,ca3,"71-1066, 71-1151"
65725158,ca3,"Nos. 06-3520, 07-1795, 07-3351"
243106,ca3,08-3844
2897744,ca3,05-4978
2904877,ca3,08-1674
1038590,ca3,84-5608
66156303,ca3,No. 15435
66704672,ca3,19-3078
71165692,ca3,25-1650
65710424,ca3,No. 12-1020
65724403,ca3,No. 07-3729
65728618,ca3,No. 08-3116
16194006,ca3,18-3567
2880825,ca3,04-1479
2282356,ca3,88-1543
2885047,ca3,06-1867
66048726,ca3,No. 53
1493505,ca3,73-1493
67331880,ca3,22-2765
68063180,ca3,22-3428
734758,ca3,05-2351
2215386,ca3,96-5081
59816580,ca3,20-3035
1162667,ca3,"11-3680, 11-3964"
2885866,ca3,06-4728
18590452,ca3,18-3136
7604298,ca3,17-1463
2869095,ca3,00-1212
111346,ca3,11942_1
736500,ca3,05-2654
66203694,ca3,No. 84-3270
66155,ca3,13-4120
2884223,ca3,05-4415
383185,ca3,88-5122
65726657,ca3,No. 09-2339
2142998,ca3,72-1090
773977,ca3,72-1331
2872353,ca3,05-1978
692220,ca3,13421
697946,ca3,16135-16137
2441450,ca3,97-1644
1501464,ca3,76-2521
645281,ca3,10777_1
367741,ca3,13-2034
1464035,ca3,87-1056
866079,ca3,12-3773
207823,ca3,77-1010
182726,ca3,88-1969
65726305,ca3,"Nos. 07-3391, 08-1496"
1687163,ca3,10679_1
426458,ca3,13303_1
63991102,ca3,No. 9673
60624413,ca3,19-3046
2496360,ca3,87-5079
1538002,ca3,09-1143
6089658,ca3,16-1650
454076,ca3,10155
2449175,ca3,76-1221
2897420,ca3,05-5574
2482439,ca3,92-1836
2884668,ca3,06-3124
501940,ca3,87-1549
78988,ca3,78-2495
1717136,ca3,97-5797
1106435,ca3,3721
1213593,ca3,11-3775
391902,ca3,10-3282
65655706,ca3,No. 05-2191
66164890,ca3,No. 71-1091
998079,ca3,"3040, 3041"
1980228,ca3,93-7380
223440,ca3,81-3302
65730548,ca3,No. 08-4352
2867999,ca3,"96-5200, 96-5239"
2870666,ca3,02-2773
507336,ca3,88-2213
66055270,ca3,No. 46
991931,ca3,89-5048
2893214,ca3,07-4630
2890160,ca3,06-4195
2128218,ca3,10046_1
1406230,ca3,82-3398
2870796,ca3,01-2788
350053,ca3,11-2862
66238269,ca3,No. 87-3540
551499,ca3,94-10066
66182696,ca3,No. 77-1248
68824074,ca3,23-1642
690366,ca3,13399
877667,ca3,11-2314
2480994,ca3,72-1810
66061735,ca3,No. 2
1466120,ca3,83-3636
2902328,ca3,"08-3881, 08-3938"
2127315,ca3,82-5134
566901,ca3,09-4642
62996275,ca3,20-1824
6281134,ca3,16-3604
63944553,ca3,No. 4732
1958661,ca3,93-7210
420073,ca3,78-1350 and 78-1351
2894056,ca3,"07-4811, 07-4812"
2870037,ca3,03-1665
64002838,ca3,"Nos. 12216, 12217"
3013687,ca3,15-2215
385006,ca3,13-1199
170413,ca3,88-3768
1645422,ca3,93-7412
536375,ca3,09-3420
16648367,ca3,19-3844
1325544,ca3,10203
2868604,ca3,97-1412
469658,ca3,15427
299009,ca3,13118
1150856,ca3,15637_1
580494,ca3,88-3780
63295937,ca3,21-1721
657700,ca3,99-5460
768285,ca3,71-2138
66168767,ca3,"Nos. 71-1985, 71-1986"
2870493,ca3,02-1812
68558574,ca3,22-3082
273848,ca3,80-2778
63999719,ca3,"Nos. 8805, 10948"
6329387,ca3,17-2425
2892740,ca3,08-2964
287250,ca3,09-3859
66238184,ca3,"ICC Ex Parte No. 393; Nos. 86-3798, 86-3799, 87-3002, 87-3325 to 87-3328"
796108,ca3,09-1722
65961910,ca3,No. 15-1953
68731,ca3,79-2186
2867115,ca3,93-5117
2886495,ca3,05-4550
1213773,ca3,81-1129
2474272,ca3,97-3389
63935550,ca3,No. 4388
1004536,ca3,74-1101
2894699,ca3,07-2223
278723,ca3,91-3333
771902,ca3,73-1466_1
65722961,ca3,No. 07-3816
2469468,ca3,80-1114
1465508,ca3,77-2235
396625,ca3,13-3291
2870384,ca3,02-3315
65722593,ca3,"Nos. 06-4300, 07-1892"
416669,ca3,77-1242
2870443,ca3,02-3293
129155,ca3,87-3331
1000128,ca3,90-5256
2413498,ca3,94-7751
773631,ca3,11-3108
675559,ca3,13-2407
1421398,ca3,84-5564
254534,ca3,12-3951
649432,ca3,98-6257
70622149,ca3,24-1459
2189668,ca3,93-7590
2461531,ca3,76-4243
2872002,ca3,"01-9009, 01-9010"
66045081,ca3,No. 36
2868090,ca3,"97-1812,97-1813"
128349,ca3,87-5812
818202,ca3,87-1804
18644848,ca3,19-3122
65732845,ca3,No. 08-3139
7131718,ca3,17-3404
65665188,ca3,No. 02-2515
65732947,ca3,No. 09-4409
1000222,ca3,15056
163589,ca3,"91-5440, 91-5441"
4566294,ca3,16-1447
784920,ca3,10-3152
2498581,ca3,94-7624
123864,ca3,95-7091
1043980,ca3,84-5313
66275694,ca3,No. 91-1570
507529,ca3,89-3686
1121563,ca3,78-1807
11443,ca3,19-2749
2062495,ca3,83-5226
60674392,ca3,20-3626
66141023,ca3,No. 35
2034259,ca3,89-5527
66282144,ca3,No. 92-3149
65732529,ca3,No. 09-1596
650777,ca3,90-35401
2868335,ca3,98-6309
747876,ca3,99-5479
2368385,ca3,96-5463
63938862,ca3,No. 4564
1619770,ca3,98-1747
1023090,ca3,09-1296
1080316,ca3,77-2094
2143362,ca3,79-1153
1763802,ca3,88-5671
1248554,ca3,85-5628
2869585,ca3,01-2277
64285408,ca3,No. 01-1243
1108410,ca3,5297
2893758,ca3,06-4859
2161363,ca3,82-3488
65722064,ca3,No. 09-1800
2450002,ca3,96-1330
603288,ca3,79-2465
60089408,ca3,18-3216
2034044,ca3,93-6788
2867828,ca3,"95-5554,95-5601,96-5160,96-5161,96-5162,96-5163"
16718760,ca3,19-2139
2481770,ca3,96-7343
66701911,ca3,21-2646
315080,ca3,10-2888
68210068,ca3,22-2940
2871041,ca3,04-1888
2872921,ca3,04-2549
482603,ca3,81-1434
2867784,ca3,96-7045
535663,ca3,11-3774
65726696,ca3,No. 08-3806
2426904,ca3,96-5416
1268600,ca3,86-3725 and 87-3056
664710,ca3,19430
305525,ca3,91-3540
1655296,ca3,18110_1
2638624,ca3,14-3426
63333133,ca3,21-2425
2451831,ca3,79-1133
2201078,ca3,96-1082
65689330,ca3,No. 06-3015
2658961,ca3,14-1152
338021,ca3,89-5684
2877563,ca3,06-1714
63984468,ca3,No. 9234
66132972,ca3,No. 7
2868245,ca3,97-1051
972272,ca3,86-5081_1
1328342,ca3,92-1366
673973,ca3,78-1357
1774823,ca3,81-1744
749707,ca3,11-3846
2084733,ca3,80-1358
1645781,ca3,78-1132
433332,ca3,"82-5584, 82-5614"
2894524,ca3,07-2563
7814640,ca3,17-3095
1329551,ca3,94-1538
1625557,ca3,3392
383343,ca3,14467_1
990344,ca3,"7159, 7164-7167, 7184"
258564,ca3,09-2303
552095,ca3,10-2874
63950629,ca3,No. 5241
1338527,ca3,75-2327
285013,ca3,88-1492
385235,ca3,94-3093
3072373,ca3,15-1827
2882588,ca3,07-2236
1231462,ca3,74-1562
1579939,ca3,13525
1286369,ca3,10-3779
63595270,ca3,21-2501
937794,ca3,79-2074
1117634,ca3,90-5839
47817,ca3,93-5792
851782,ca3,90-1975
66189458,ca3,No. 79-1129
1212422,ca3,91-5406
874178,ca3,82-3458
1287501,ca3,94-5137
261638,ca3,8746
66193470,ca3,"Nos. 82-1399, 82-1410 to 1414"
1133113,ca3,4314
1394342,ca3,76-1511
898043,ca3,09-4702
60379927,ca3,20-2645
613593,ca3,11-2548
831588,ca3,89-3750
1033438,ca3,93-5074
465881,ca3,92-1435
2876018,ca3,06-1733
2896211,ca3,07-1663
17033682,ca3,19-2591
1082291,ca3,11-4244
585622,ca3,10-3691
109874,ca3,13-3975
127378,ca3,88-3799
1221488,ca3,74-2040
2593374,ca3,14-1292
202506,ca3,75-1441
986383,ca3,88-1348
2627301,ca3,13-4811
148636,ca3,87-1399
65687309,ca3,No. 05-1118
2880577,ca3,05-2342
67981348,ca3,23-2273
2451385,ca3,14837
65727804,ca3,No. 08-1196
63971753,ca3,No. 7026
1272887,ca3,92-5141
170784,ca3,10-3125
2895555,ca3,"07-1837, 07-2867"
2924224,ca3,14-4140
68442060,ca3,23-1843
796084,ca3,09-3740
63945144,ca3,No. 4945
1342984,ca3,11-3572
2875506,ca3,04-3070
63965548,ca3,"Nos. 6627, 6628"
1021686,ca3,10-4364
2905001,ca3,08-1411
2872986,ca3,04-2974
2485979,ca3,73-1158
883341,ca3,89-2116
240265,ca3,84-5755
787483,ca3,73-1604
16667897,ca3,18-3100
65656516,ca3,No. 04-2411
65730535,ca3,"Nos. 08-3442, 08-3631"
70746,ca3,80-1236
2868654,ca3,00-5198
1485375,ca3,85-5102
66044813,ca3,No. 37
307811,ca3,09-3126
2873012,ca3,03-4647
2490181,ca3,93-3204
879380,ca3,12-1152
1238485,ca3,89-3034_1
714229,ca3,28198_1
65730391,ca3,No. 09-1254
15638154,ca3,18-3699
2492897,ca3,16035
2879583,ca3,04-2834
66203693,ca3,No. 84-3209
812661,ca3,86-1162
342273,ca3,76-1079
2867646,ca3,94-9003
2152193,ca3,93-1436
1578024,ca3,88-5648
172668,ca3,10024_1
2868174,ca3,97-1605
67696616,ca3,22-2568
148430,ca3,90-3347_1
66073833,ca3,No. 1826
66222262,ca3,No. 86-1187
1362762,ca3,98-3050
7523541,ca3,17-3160
330578,ca3,85-3621
1776536,ca3,77-1036
47654,ca3,78-1617
2872364,ca3,04-3762
2887777,ca3,05-4575
2154469,ca3,11857
60637743,ca3,20-3353
65694264,ca3,No. 11-1542
65733695,ca3,No. 09-2901
2870968,ca3,03-1956
187851,ca3,83-1927
66218227,ca3,No. 85-1534
2869781,ca3,99-3446
66101593,ca3,No. 2630
2023471,ca3,95-1086
286995,ca3,09-2965
1340319,ca3,80-1280
2616112,ca3,14-4232
59780362,ca3,20-2675
720375,ca3,18951_1
1290009,ca3,12-2736
589746,ca3,75-1975
2868040,ca3,96-5807
64285047,ca3,No. 02-1100
1294288,ca3,75-1488
1630148,ca3,91-1269
42462,ca3,96-2018
2394666,ca3,87-5310
66115928,ca3,No. 3052
175717,ca3,80-2021
16462400,ca3,19-1671
64004425,ca3,No. 12460
2868677,ca3,99-1832
7228440,ca3,17-3153
2106599,ca3,89-1183
68840553,ca3,24-1202
662311,ca3,96-1829
822877,ca3,89-5288
63963471,ca3,No. 6447
1303330,ca3,82-5348
859564,ca3,96-1286
1221713,ca3,74-1665
2868946,ca3,00-1205
2489764,ca3,73-1631
543679,ca3,83-1812
2872119,ca3,"04-4780, 05-1115"
186744,ca3,14561
804926,ca3,87-5774
769917,ca3,82-1050
2183950,ca3,95-5655
69315868,ca3,24-2143
1488922,ca3,87-3157
2904768,ca3,08-1918
2880204,ca3,04-3294
65308850,ca3,"No. 17,199"
972870,ca3,86-5210
908612,ca3,85-3514
2501157,ca3,79-1030
2879430,ca3,05-4152
1208701,ca3,88-3325
66149646,ca3,No. 14547
324069,ca3,12277
2422193,ca3,97-5741
2022675,ca3,79-1112
63934477,ca3,No. 4074
1417365,ca3,88-3509
1148544,ca3,89-3812
1599504,ca3,86-3635
66185054,ca3,"Nos. 77-2096, 77-2097"
2137489,ca3,13-1259
2884898,ca3,06-1345
982486,ca3,87-1525
2216455,ca3,12-2493
2147034,ca3,96-3304
1921852,ca3,80-2677
1483165,ca3,94-1802
1111625,ca3,"11-4359, 11-4494, 12-1034"
66227388,ca3,No. 84-1318
60377167,ca3,20-2765
2867395,ca3,94-7406
1272819,ca3,81-2088
687697,ca3,1336
2153785,ca3,88-5469
109912,ca3,13309_1
66086928,ca3,No. 2177
1489915,ca3,87-1012
65725499,ca3,No. 08-4686
2868660,ca3,00-1116
2501563,ca3,92-3139
1173329,ca3,92-7616
618169,ca3,89-3334
148705,ca3,86-1537
778775,ca3,05-1405
528801,ca3,08-3671
12947,ca3,19-1839
2219241,ca3,10-1554
2895590,ca3,07-3581
65730704,ca3,No. 09-3418
229546,ca3,"81-3130, 82-1029"
2877472,ca3,05-1887
2355904,ca3,72-1599_1
59847,ca3,01-3800
64282431,ca3,No. 01-3406
66030174,ca3,No. 14
61589484,ca3,20-3490
2344773,ca3,74-1638
1666754,ca3,96-3271
2155696,ca3,93-1631
542458,ca3,83-1673
66187916,ca3,No. 79-1321
724690,ca3,03-1722
4570660,ca3,16-3250
66190864,ca3,Nos. 81-1057 to 81-1059
66773587,ca3,21-1533
1419783,ca3,13464_1
1839775,ca3,92-1819
836053,ca3,91-1656
1629608,ca3,01-3587
2335011,ca3,10209
2896502,ca3,"07-1153, 07-1154"
725734,ca3,04-4124
1808679,ca3,86-3376_1
495032,ca3,87-1606
66177654,ca3,No. 75-1749
2870271,ca3,03-1595
598516,ca3,74--1852
1673783,ca3,92-5252
66622872,ca3,22-2211
1535403,ca3,93-5355
2896641,ca3,07-4363
583266,ca3,74--2209
184686,ca3,13527_1
63934736,ca3,No. 4262
1708712,ca3,10-2354
1151109,ca3,13-1247
66145501,ca3,No. 10
2498945,ca3,94-1882
2872540,ca3,04-4068
2868501,ca3,98-5393
63562182,ca3,20-3386
2872177,ca3,04-1568
4554664,ca3,16-1354
226640,ca3,12059
973772,ca3,5075
160048,ca3,97-3137
1722077,ca3,89-1865
1409862,ca3,14-1512
752219,ca3,72-2545
2868222,ca3,96-5492
64280260,ca3,No. 00-3483
65683555,ca3,No. 04-2004
65723881,ca3,No. 09-2543
2903773,ca3,08-1741
2890372,ca3,07-2189
2592250,ca3,14-3113
84317,ca3,85-5295
2453493,ca3,90-3273
2432321,ca3,95-3124
1685816,ca3,94-7467
1042598,ca3,7793
66061198,ca3,No. 36
1389813,ca3,95-7203
856258,ca3,95-8046
1022139,ca3,11-1237
653855,ca3,11084_1
64066749,ca3,No. 97-3248
66175401,ca3,"Nos. 74-1544, 74-1545"
1875704,ca3,10-2532
4566772,ca3,16-2062
977866,ca3,4848
45523,ca3,97-7377
7533657,ca3,17-3635
63211306,ca3,20-2592
649942,ca3,09-3745
2868845,ca3,98-1636 and 98-1888
1376295,ca3,89-1515
1105596,ca3,9100
2872179,ca3,05-1587
1287651,ca3,85-3533_1
6073014,ca3,16-3774
2692643,ca3,15-1926
63973210,ca3,No. 7535
2487670,ca3,80-2351
359013,ca3,13-4441
781171,ca3,"05-2717, 07-1772"
2473130,ca3,82-1243
65690679,ca3,No. 10-2217
64013065,ca3,"Nos. 14299, 14300, 14337"
1949019,ca3,09-2365
2189378,ca3,72-1874_1
221747,ca3,84-5197
983514,ca3,87-3002
2866984,ca3,93-7837
2490855,ca3,88-1368
1120187,ca3,11-2942
526972,ca3,92-7208
2876985,ca3,05-3137
462077,ca3,92-3040
1304262,ca3,82-1709
758987,ca3,10-1625
949477,ca3,79-2530
2075244,ca3,89-5535
2879100,ca3,05-5127
2308194,ca3,78-1250
66166656,ca3,No. 72-1023
59678865,ca3,18-3444
481829,ca3,12-2157
824109,ca3,89-1546
111801,ca3,96-5671
2184113,ca3,92-3076
640291,ca3,12400
2870933,ca3,03-2898
66143504,ca3,No. 5
1854552,ca3,96-1065
3041790,ca3,15-2358
1477723,ca3,87-1795
536012,ca3,09-2168
2184922,ca3,81-3071
96152,ca3,86-5347
17097680,ca3,19-1172
69733822,ca3,24-1477
16753163,ca3,18-3723
737262,ca3,05-2482
319471,ca3,83-3544
657902,ca3,17034
16673272,ca3,19-1417
466844,ca3,92-5570
63960024,ca3,No. 6130
2867721,ca3,95-1227
2878768,ca3,05-3352
1111272,ca3,81-2115
539216,ca3,71-1769
2172457,ca3,95-7495
66650966,ca3,Nos. 3145-3149
65730209,ca3,No. 08-4238
2157571,ca3,87-5412
2441796,ca3,93-1749
1490706,ca3,83-1774
317777,ca3,13-3945
3039219,ca3,15-3567
66074088,ca3,"Nos. 1835, 1836"
2882174,ca3,06-1238
63948469,ca3,No. 5142
341082,ca3,11-2472
319602,ca3,96-3311
484065,ca3,15020_1
2902075,ca3,07-1291
2888808,ca3,05-4211
66186788,ca3,No. 78-2097
2891951,ca3,06-4033
323249,ca3,84-5265
60102970,ca3,20-1922
876710,ca3,11-2186
18197089,ca3,20-1012
62655643,ca3,20-3021
18531216,ca3,19-2280
6175935,ca3,16-3990
658902,ca3,99-4081
1378132,ca3,83-3028
4574170,ca3,16-3723
1126894,ca3,8858
99146,ca3,90-5622
466355,ca3,02-2146
16944676,ca3,19-1480
65724744,ca3,No. 08-3211
66061631,ca3,No. 24
66184219,ca3,No. 77-1381; No. 77-1382; No. 77-1383
68399900,ca3,24-1084
785137,ca3,83-1400
63932623,ca3,No. 3983
1270110,ca3,81-1951
472206,ca3,83-1895
63934014,ca3,No. 4350
66213820,ca3,No. 84-5669
1212389,ca3,91-1315
14857829,ca3,18-3095
1626400,ca3,7001-7003
69181124,ca3,24-1511
2877486,ca3,04-1209
68081120,ca3,22-3295
1084337,ca3,12-3212
153869,ca3,12-3623
66191771,ca3,No. 82-5034
2880212,ca3,05-2691
66228655,ca3,No. 86-3781
517449,ca3,83-5122
2884187,ca3,06-3504
307006,ca3,84-1346
2868772,ca3,"98-7324, 98-7349"
2146257,ca3,88-1867
188350,ca3,76-1459_1
1536434,ca3,85-5278
600271,ca3,94-3711
368915,ca3,18464
2472511,ca3,94-7005
2869746,ca3,01-3098
1836560,ca3,84-335
497016,ca3,88-3400
279021,ca3,84-5232
2362257,ca3,83-5401
1274688,ca3,85-1114
64287820,ca3,No. 01-4528
1712126,ca3,98-3321
520815,ca3,85-1177
1501953,ca3,93-3292
2474276,ca3,91-5206
2417249,ca3,93-1741
392302,ca3,75-2114
66075585,ca3,No. 1886
2488238,ca3,13325_1
974454,ca3,8679
1929913,ca3,91-3766
2896341,ca3,06-5217
2431777,ca3,73-1631
69542728,ca3,24-3277
1421743,ca3,97-7096
614892,ca3,72-1847
66177106,ca3,No. 75-2101
2897311,ca3,07-2457
2873788,ca3,04-2301
66183794,ca3,No. 77-1758
2874026,ca3,03-3747
882817,ca3,12-4541
952393,ca3,81-1497
65917421,ca3,No. 07-1637
1995435,ca3,95-5857
231561,ca3,94-3134
54415,ca3,84-1165
63965310,ca3,No. 6573
846644,ca3,11-2205
2887284,ca3,05-5250
2148065,ca3,87-5065
2159832,ca3,80-2619
180133,ca3,73-1314
1022970,ca3,10-2364
517136,ca3,87-1623
2876507,ca3,05-4798
2883387,ca3,06-3630
223359,ca3,81-2181
1625546,ca3,97-1402
1029480,ca3,"92-5686, 93-5069"
1970558,ca3,474-69
453532,ca3,16187
2885488,ca3,05-2416
714709,ca3,17609
70494420,ca3,21-2008
4584251,ca3,16-4258
325485,ca3,95-7013
901034,ca3,93-3208
2872026,ca3,03-1593
2894868,ca3,06-3190
1481542,ca3,92-7007
87635,ca3,87-3245
2186143,ca3,95-1777
66061570,ca3,No. 18
1676178,ca3,10607
2272483,ca3,75-1676
65731337,ca3,No. 07-1206
2008540,ca3,92-5136
2224606,ca3,74-1314
1486147,ca3,83-5490
1353747,ca3,97-3191
879586,ca3,81-1638
2867616,ca3,95-1644
387116,ca3,12-2974
2448209,ca3,78-2289
3057983,ca3,15-3204
69006605,ca3,23-2824
672381,ca3,13917
967784,ca3,77-2048
1355552,ca3,91-1057
2866918,ca3,94-1494
1795590,ca3,96-5590
66151761,ca3,No. 15113
2884184,ca3,06-3483
2870724,ca3,02-2121
1234155,ca3,78-1242
2485471,ca3,95-5247
2893303,ca3,07-4774
67598288,ca3,22-3138
59926001,ca3,20-1878
2872894,ca3,04-1349
2661410,ca3,14-4643
2879758,ca3,05-2847
829026,ca3,90-1242
2870487,ca3,"02-4340, 02-4341, 02-4412, 02-4413, 02-4414"
1436598,ca3,77-1815
538871,ca3,92-3288
1374015,ca3,78-1592
66753991,ca3,21-1734
691865,ca3,"99-5220, 99-5302, 99-5328 and 99-5329"
65731134,ca3,No. 09-1358
802466,ca3,"84-5698, 85-5386"
63980560,ca3,No. 8743
65727807,ca3,"Nos. 08-1802, 08-1803"
1891924,ca3,96-5623
769635,ca3,10-3559
2886648,ca3,05-4879
1913227,ca3,09-4542
208934,ca3,88-3341
276124,ca3,12689_1
1504214,ca3,92-1619
1302418,ca3,82-1593
2091206,ca3,75-1816
64018425,ca3,No. 93-5538
18576630,ca3,19-3645
2883368,ca3,06-2493
355862,ca3,15710
65698406,ca3,No. 04-3746
195065,ca3,80-1304
626836,ca3,12-3646
707240,ca3,17494
66240635,ca3,No. 88-3676
2445848,ca3,82-1473
1683230,ca3,91-5726
2867998,ca3,95-3440
8414,ca3,17-1623
645540,ca3,"86-5613, 86-5629"
2046395,ca3,88-1945
2870517,ca3,02-2658
148458,ca3,11865_1
2872339,ca3,05-2129
682439,ca3,13-2432
205124,ca3,76-1984 and 76-1985
725462,ca3,18471
6384801,ca3,17-3317
63933796,ca3,No. 4155
1241675,ca3,92-5056
1427537,ca3,97-7552 to 97-7555
2247337,ca3,82-5053
4547066,ca3,16-1211
1709009,ca3,93-3454
18577431,ca3,19-2885
739602,ca3,00-2004
2486456,ca3,93-1048
2872317,ca3,04-4254
360336,ca3,17227_1
546869,ca3,94-1832
2867296,ca3,95-1039
261339,ca3,80-1431
2886176,ca3,06-4038
549000,ca3,09-4668
1352851,ca3,93-3554
1217414,ca3,17119
95284,ca3,98-7310
1487886,ca3,94-3359
804127,ca3,85-3665
2438040,ca3,88-3683
533723,ca3,09-3845
930544,ca3,76-1127
63945622,ca3,No. 4965
66650967,ca3,No. 3098
6121467,ca3,16-4295
986666,ca3,88-3559
2144564,ca3,94-1855
66653,ca3,94-7485
16038341,ca3,18-3677
173151,ca3,9206
63992459,ca3,No. 9799
67408643,ca3,22-1973
2159134,ca3,93-5422
63983194,ca3,No. 9141
66147895,ca3,No. 21
2868315,ca3,98- 7156
1480513,ca3,84-1266_1
496277,ca3,84-5415
737492,ca3,01-1557
2903943,ca3,08-2753
341468,ca3,81-3021
66189240,ca3,"Nos. 79-2299, 79-2709"
1425252,ca3,95-5286
2474870,ca3,89-1999
144371,ca3,"10-2965, 10-3107"
65725482,ca3,No. 06-1785
66185402,ca3,No. 77-2588
651925,ca3,77-1033
1586183,ca3,94-3265
234951,ca3,85-5366
63999836,ca3,No. 11498
16416584,ca3,19-1486
394563,ca3,09-3879
502083,ca3,89-1222
1322176,ca3,94-7020
64018521,ca3,"Nos. 93-5414, 93-5490, 93-5635, 93-5722, 94-5048"
14902169,ca3,17-2632
1805904,ca3,84-1017
66192885,ca3,No. 82-1380
1137312,ca3,88-3007
2870825,ca3,01-1033
1982449,ca3,86-5471
66265300,ca3,No. 90-5521
66250762,ca3,Nos. 89-1431 to 89-1434
1303138,ca3,82-1040
990339,ca3,84-1185
66688638,ca3,22-1338
438620,ca3,90-1479
527854,ca3,12-2528
2185044,ca3,95-1596
2163824,ca3,96-5528
66254739,ca3,Nos. 89-1437 through 89-1442
2886054,ca3,06-4599
68457498,ca3,24-1702
1412661,ca3,75-2282
1388870,ca3,77-1357
66093169,ca3,No. 2423
171306,ca3,11-1550
2885239,ca3,06-2316
2904688,ca3,08-1013
633516,ca3,17065_1
612051,ca3,"10-4495, 10-4496"
66254984,ca3,"Nos. 89-1649, 89-1736 and 89-1737"
65732840,ca3,No. 09-3082
63960004,ca3,No. 6115
336088,ca3,91-2009
65716413,ca3,No. 06-3227
2390937,ca3,86-5188
2883417,ca3,06-3801
63922110,ca3,No. 3280
63923862,ca3,"Nos. 3452, 3453"
2092865,ca3,75-1310
4117874,ca3,15-3686
60095,ca3,79-1071
2868172,ca3,97-3302
2362463,ca3,73-1672
510519,ca3,77-1576
533957,ca3,92-6567
1158158,ca3,85-5453
65705082,ca3,"Nos. 07-2290, 07-2523"
321170,ca3,10981
2868240,ca3,97-5281
69180695,ca3,23-2689
66655658,ca3,No. 78-1389
1146136,ca3,75-2074
64013347,ca3,No. 14661
2870255,ca3,02-4000
2103710,ca3,84-1750
66280269,ca3,No. 92-3211
2135499,ca3,93-2056
2872909,ca3,04-3353
826476,ca3,74-1490
65728237,ca3,No. 09-4077
550513,ca3,75-1990
2872634,ca3,05-2066
2870446,ca3,02-2849
66268832,ca3,No. 91-3182
66164779,ca3,No. 18252
2318232,ca3,90-1360
1736552,ca3,98-7111
17359107,ca3,19-3659
1087369,ca3,12-3777
579182,ca3,09-1015
914276,ca3,12-2621
68181370,ca3,22-1365
63270883,ca3,21-2364
65935156,ca3,No. 07-1922
16462894,ca3,19-1920
1627058,ca3,4048
1688205,ca3,93-3249
2869513,ca3,01-4172
2871493,ca3,03-1979
312665,ca3,13-3517
2904335,ca3,07-3201
2867833,ca3,96-7526
1812011,ca3,84-5028
544433,ca3,10-1239
949120,ca3,80-1627
69766,ca3,90-3835
1382730,ca3,93-5180
64004706,ca3,No. 12637
7914229,ca3,18-1320
2883390,ca3,06-3887
2903051,ca3,07-1622
1406123,ca3,85-3725
163741,ca3,87-3450
194976,ca3,80-1192
2870279,ca3,02-2585
801708,ca3,85-3475
1577052,ca3,72-1346
1648962,ca3,87-5399
1454016,ca3,83-5888
531156,ca3,16600_1
2872881,ca3,03-2628
63980771,ca3,No. 8731
928675,ca3,93-3107
4485652,ca3,15-2751
67532377,ca3,22-2406
2895538,ca3,07-2247
63989168,ca3,No. 9487
1086031,ca3,14148
1730860,ca3,76-1186
66075,ca3,13-1984
594931,ca3,12-1694
1070212,ca3,98-7108
2872600,ca3,05-3550
63953376,ca3,No. 5566
1133551,ca3,93-3025
926978,ca3,82-3055
7936565,ca3,16-4134 & 17-1390
61474,ca3,76-1121
2882186,ca3,06-3161
65728611,ca3,No. 08-4325
66166898,ca3,"Nos. 71-1008, 71-1009"
750998,ca3,74-1085
1369447,ca3,80-1977
601551,ca3,10-1403
2880462,ca3,04-4428
63977190,ca3,No. 8148
2902120,ca3,08-1688
1388419,ca3,80-2664
14910392,ca3,18-1115
67606851,ca3,22-2565
1392352,ca3,83-3136
4111297,ca3,14-3710 & 14-4605
695364,ca3,09-2312
66048728,ca3,No. 31
8462877,ca3,17-3282
2053,ca3,18-3071
6184910,ca3,17-1044
2642980,ca3,14-3350
806588,ca3,86-5342
319980,ca3,10715_1
66027924,ca3,No. 31
16751883,ca3,19-3736
2873357,ca3,03-4786
2869013,ca3,00-4313
66050186,ca3,No. 26
63993825,ca3,No. 9946
481979,ca3,84-5124
65723695,ca3,No. 07-2639
965686,ca3,09-1890
2881208,ca3,05-1285
513463,ca3,11227
109721,ca3,13-2229
2451984,ca3,85-5466
16181897,ca3,18-1034
738242,ca3,01-3178
2871098,ca3,03-3770
1151108,ca3,13-1147
2867936,ca3,95-3253
2432556,ca3,10648
29099063,ca3,20-1953
1883392,ca3,10-1542
42914,ca3,97-7464
2319263,ca3,87-1243
450725,ca3,82-5101
63979351,ca3,No. 8696
2416149,ca3,96-3438
66197330,ca3,"Nos. 83-5396, 83-5397, 83-5406 and 83-5427"
1729610,ca3,96-3759
1355971,ca3,89-1292
1489827,ca3,96-3410
2417043,ca3,98-3229
2872082,ca3,04-4320
999744,ca3,90-5276
63943279,ca3,No. 4691
650962,ca3,10-3926
899263,ca3,"12-3853, 13-1524"
66156746,ca3,No. 15805
1135776,ca3,96-5307
2369236,ca3,"10-1919, 12-1361"
1212060,ca3,75-1519
17093895,ca3,19-2620
1165195,ca3,79-2203
2895339,ca3,06-2727
21758,ca3,12-4630
1986965,ca3,82-5043
66102064,ca3,No. 2625
65689720,ca3,No. 09-4480
2892311,ca3,06-5163
66057537,ca3,"No. 64 (1,259)"
65682784,ca3,No. 04-1832
6131882,ca3,"16-3735, 16-3736, 16-3737"
42903,ca3,97-7461
145058,ca3,09-2118
66180435,ca3,No. 77-1170
1531647,ca3,86-3525
329529,ca3,91-3385
6147709,ca3,16-2808
150473,ca3,73-1729
1315663,ca3,84-1141
532262,ca3,08-4552
66091320,ca3,No. 2424
66237356,ca3,"Nos. 88-5091, 88-5113"
396742,ca3,83-1646
594307,ca3,10203_1
379974,ca3,09-2873
2614515,ca3,13-2488
696317,ca3,90-5243
7376875,ca3,18-2164
838992,ca3,82-1537
653681,ca3,11-3608
2038848,ca3,31
1182554,ca3,74-1010
63971263,ca3,No. 7291
2895349,ca3,06-4245
2887947,ca3,05-4743
956391,ca3,82-3343
2083001,ca3,97-7230
187278,ca3,15107_1
63970491,ca3,No. 6000
776033,ca3,82-5310
2366427,ca3,93-3346
543968,ca3,93-7026
631471,ca3,10-4264
307767,ca3,74-1531
2871430,ca3,02-3108
66091715,ca3,No. 2381
1422856,ca3,981400
1645551,ca3,83-1061
617782,ca3,91-3149
68849265,ca3,23-2296
223244,ca3,83-5861
1627374,ca3,95-1613
1381256,ca3,83-1785
1438404,ca3,77-2376
481990,ca3,84-5139
66614417,ca3,21-2804
97318,ca3,"12-2722, 12-3000"
2870176,ca3,03-1774
66957920,ca3,22-2445
1033270,ca3,93-1622
2870961,ca3,04-1885
1150882,ca3,83-1609
65726677,ca3,No. 08-4802
18434788,ca3,20-1575
66275331,ca3,"Nos. 91-3670, 91-3674 — 91-3676, 91-3893 and 91-3894"
2191892,ca3,95-1623
2158069,ca3,92-1759
1869871,ca3,96-3588
293421,ca3,80-1668-80-1670
60376278,ca3,21-1042
577273,ca3,96-5597
635038,ca3,81-1327
380341,ca3,95-1030
2332336,ca3,83-3148
768895,ca3,72-2173
66042798,ca3,No. 60
65732260,ca3,No. 09-3910
828019,ca3,"77-1411, 77-1412"
2904237,ca3,06-4503
1503946,ca3,87-8859
2683589,ca3,14-3814
141725,ca3,73-1220
566903,ca3,09-3006
2428149,ca3,93-5001
66260142,ca3,No. 90-5429
2905088,ca3,07-4548
2883331,ca3,06-2376
64013885,ca3,No. 14580
1752632,ca3,93-7614
14582155,ca3,18-1534
603625,ca3,94-5666
63655319,ca3,21-2772
889262,ca3,12-3300
66284937,ca3,No. 89-3787
915436,ca3,12-2524
1304112,ca3,82-5348
555240,ca3,90-1708
1223939,ca3,74-1984
64004393,ca3,No. 12445
910149,ca3,06-1276
25359,ca3,11-4363
65386499,ca3,22-1135
1113822,ca3,98-1823
334300,ca3,72-1211
2904917,ca3,"08-1370, 08-1388"
2237254,ca3,84-5123
2373353,ca3,90-3393_1
2016274,ca3,85-5540_1
624802,ca3,16386
63979617,ca3,No. 8514
2868506,ca3,97-5465
2871903,ca3,02-3575
2873170,ca3,05-1666
64284820,ca3,"Nos. 01-4073, 01-4178, 01-4266"
63965169,ca3,No. 6653
946901,ca3,96-5182
187942,ca3,13-2382
39051,ca3,96-5578
246084,ca3,13-2185
16891983,ca3,19-2239
3017929,ca3,15-1477
2867692,ca3,95-1201
696328,ca3,15656
2869387,ca3,01-1007
65670024,ca3,No. 01-1285
289434,ca3,93-3493
2323824,ca3,90-3486
2871856,ca3,"02-1401, 02-2214"
65719470,ca3,No. 09-1480
66104527,ca3,No. 2763
1011042,ca3,84-3241
1636661,ca3,7129
2873479,ca3,04-3664
2867641,ca3,95-1484
66095138,ca3,No. 2474
351992,ca3,11-1376
65729005,ca3,"Nos. 08-4174, 08-4175"
2895889,ca3,06-3064
2897577,ca3,05-5354
576411,ca3,10-2593
67603469,ca3,20-3307
430309,ca3,10-1138
972308,ca3,4389
387843,ca3,74-2148
65728592,ca3,No. 08-3034
2352794,ca3,86-1117
2097794,ca3,94-7488
66237434,ca3,No. 87-5886
874630,ca3,00-1979
890220,ca3,12-3863
1496316,ca3,85-3114
1131673,ca3,83-5558
2451502,ca3,94-1618
69439276,ca3,23-2912
1394109,ca3,72-2048
66201988,ca3,No. 84-5270
17014047,ca3,19-2722
2048703,ca3,88-5061
759981,ca3,78-2670 to 78-2675
322650,ca3,90-1118
2664046,ca3,14-3988
6242663,ca3,17-1716
4550455,ca3,16-1744
1244045,ca3,98-1049
63305714,ca3,21-1918
714012,ca3,17899_1
66182202,ca3,No. 77-1433
2313599,ca3,85-5747
2320294,ca3,90-1154
503461,ca3,85-1169
66177635,ca3,Nos. 75-1628 and 76-1040
374278,ca3,89-3735
705855,ca3,11-2547
66079412,ca3,No. 1983
2871233,ca3,"03-1478, 04-1502"
6078845,ca3,16-2963
2135773,ca3,14783
878240,ca3,11-2643
18735818,ca3,19-2532
1131462,ca3,89-1767
51025,ca3,12117
2629862,ca3,12-3984
69128001,ca3,23-2597
1073170,ca3,86-1034
677305,ca3,19401
68081117,ca3,23-2727
2229422,ca3,83-1830
1171183,ca3,79-1073
16551466,ca3,18-3333
63946759,ca3,No. 5127
252143,ca3,12-1907
67263515,ca3,23-1116
225226,ca3,79-1005
1445910,ca3,84-5035
1279646,ca3,89-5835
1508555,ca3,83-5694
64283288,ca3,No. 01-4524
682670,ca3,97-1735
2878279,ca3,06-1400
748050,ca3,18952_1
1351197,ca3,93-7825
65956574,ca4,No. 14-6046
977884,ca4,87-5061
128224,ca4,13-1926
2673026,ca4,14-2254
65691992,ca4,No. 10-7603
65715974,ca4,No. 08-8151
65749581,ca4,16-7671
2135500,ca4,86-6807
284945,ca4,81-6811
1226678,ca4,80-6716
1109112,ca4,89-6635
2210745,ca4,00-2519
65883928,ca4,No. 02-7827
2419139,ca4,95-5106
2335723,ca4,11-7607
902687,ca4,94-2385
843535,ca4,12-2168
66979187,ca4,22-1290
69268056,ca4,24-4551
5733,ca4,19-1327
65689347,ca4,No. 10-1888
163679,ca4,97-546
1111477,ca4,11-1958
65958176,ca4,No. 14-1686
906949,ca4,99-6346
710544,ca4,97-1652
59898227,ca4,20-7585
830748,ca4,90-5678
7915403,ca4,18-6783
2453033,ca4,06-7165
2210534,ca4,96-6273
1093672,ca4,96-4216
850629,ca4,94-5608
1755251,ca4,81-6948
65704860,ca4,No. 11-7656
2425611,ca4,00-6939
679254,ca4,08-1281
1072989,ca4,11-4739
1045784,ca4,81-1464
60628179,ca4,21-6023
65705416,ca4,No. 12-6319
140981,ca4,05-2254
64283863,ca4,No. 02-7202
3078228,ca4,15-7826
2017070,ca4,93-5609
65963615,ca4,No. 16-7015
281419,ca4,87-5107
1057834,ca4,95-7979
1178517,ca4,"73-1964, 73-1965"
777790,ca4,02-6649
67680997,ca4,23-6783
1190681,ca4,00-7692
511748,ca4,99-2363
2068188,ca4,98-6557
996580,ca4,4219
2463616,ca4,97-7063
3029174,ca4,15-2015
559397,ca4,75-1470
2219742,ca4,03-6678
1104623,ca4,03-4914
1604939,ca4,97-7618
2477716,ca4,96-6030
2477160,ca4,97-2429
910776,ca4,03-6493
1114011,ca4,09-1871
2229148,ca4,01-6354
66068670,ca4,"No. 1,103"
64083037,ca4,No. 01-1072
757386,ca4,12-7713
508194,ca4,01-2273
66651280,ca4,No. 268
59946807,ca4,21-6220
2142164,ca4,94-6652
911859,ca4,03-4614
63949739,ca4,No. 3571
581991,ca4,79-6643
62633471,ca4,19-4886
2457220,ca4,00-6240
1102576,ca4,03-1764
233342,ca4,88-6846
1195870,ca4,98-7676
2497907,ca4,11-7588
893758,ca4,12-1956
2488057,ca4,97-2706
267707,ca4,02-4808
2140793,ca4,96-7821
4612835,ca4,15-2198
664012,ca4,"97-2038, 97-2053"
1962173,ca4,98-6091
1383036,ca4,83-1817
636735,ca4,02-1712
2362180,ca4,84-2123
2490497,ca4,99-1226
489846,ca4,2599-2601
569535,ca4,8651_1
950790,ca4,09-7896
6370644,ca4,17-7640
347749,ca4,89-3325
2132475,ca4,13-6930
1554694,ca4,05-1117
859021,ca4,95-5821
580861,ca4,9055_1
2470571,ca4,78-6553
1978158,ca4,03-7183
331998,ca4,86-6588
2184338,ca4,83-6066
709733,ca4,"13447, 13550"
63233769,ca4,20-2344
488759,ca4,87-2529
65962982,ca4,No. 12-4494
30165,ca4,13-7476
2478268,ca4,06-2166
65887200,ca4,No. 06-1253
65706174,ca4,No. 12-6450
2304746,ca4,96-7898
63233743,ca4,21-6092
1538275,ca4,07-1888
636961,ca4,02-2190
291354,ca4,82-6076
66891953,ca4,23-6177
64288431,ca4,No. 03-6672
2258834,ca4,95-2295
875909,ca4,11-2244
904159,ca4,96-2085
88830,ca4,87-6046
1589838,ca4,10-6429
63940176,ca4,No. 3213
984986,ca4,88-3917
1044063,ca4,93-5591
1022794,ca4,11-1787
910486,ca4,02-4032
948002,ca4,85-5204
2452593,ca4,02-7256
1305938,ca4,11-6161
2090362,ca4,83-6436
758416,ca4,75-2071
65686719,ca4,No. 05-1427
638706,ca4,03-1651
1919353,ca4,84-1917
2368254,ca4,81-6964
626600,ca4,98-4724
67111788,ca4,22-4736
708547,ca4,03-4802
1439256,ca4,08-6973
1970509,ca4,88-2817
1106493,ca4,06-6972
2609676,ca4,14-1627
67658816,ca4,23-6760
146200,ca4,13-4334
1094507,ca4,97-4443
4619890,ca4,16-7460
3006145,ca4,15-1693
65705443,ca4,No. 12-6514
64455134,ca4,21-6561
67271527,ca4,23-6415
480985,ca4,95-7997
2669707,ca4,15-6555
753872,ca4,08-1505
3040486,ca4,15-7664
2409118,ca4,96-6255
1975158,ca4,00-6429
1095128,ca4,98-1100
451390,ca4,09-7860
2159450,ca4,82-1474
61630373,ca4,21-6962
65707089,ca4,No. 12-4646
2055348,ca4,01-6353
347205,ca4,05-6690
66799188,ca4,22-2311
18724392,ca4,19-2385
4548978,ca4,15-4284
65907552,ca4,No. 07-6679
905917,ca4,97-5026
66782609,ca4,22-4211
682247,ca4,9283
961070,ca4,10-6835
1490887,ca4,86-7318
67937953,ca4,23-4670
663774,ca4,86-2115
1006013,ca4,07-1150
1242020,ca4,04-1362
89189,ca4,80-1507
2188082,ca4,01-7327
2049674,ca4,11-2237
14903414,ca4,18-4553
155567,ca4,09-5159
28509,ca4,01-7810
66040745,ca4,No. 506
2479179,ca4,12-6211
636329,ca4,"74-2280, 74-1464"
1325637,ca4,11-6543
6963,ca4,18-4794
65689268,ca4,No. 10-7641
1252505,ca4,11-4465
188748,ca4,11224_1
1394376,ca4,81-6947
6125450,ca4,17-6509
2046461,ca4,88-6732
65733469,ca4,No. 09-2186
953917,ca4,81-1846
65962684,ca4,No. 16-1705
1847284,ca4,95-7962
2410251,ca4,95-6955
2455998,ca4,09-7639
2402426,ca4,90-5911
1005327,ca4,06-5204
9957,ca4,19-1539
16963722,ca4,19-2323
2825250,ca4,"03-1387, 03-1453"
606747,ca4,"81-6347, 81-6368"
1336956,ca4,11-6641
571187,ca4,05-2052
67611925,ca4,19-4325
66160201,ca4,No. 12596
65727497,ca4,No. 09-7211
857005,ca4,95-3083
2667190,ca4,15-6123
65659098,ca4,No. 09-1283
1058385,ca4,13-7005
2417592,ca4,02-6759
530659,ca4,11-4431
1466272,ca4,78-1845
1552156,ca4,78-6118
4570532,ca4,16-1478
1777587,ca4,91-7711
101076,ca4,90-7390
628385,ca4,74-1387
194722,ca4,8196_1
1026980,ca4,93-2517
788555,ca4,02-1886
1046451,ca4,93-7091
60631732,ca4,21-6459
2149959,ca4,75-1924
4545507,ca4,16-6877
1471983,ca4,86-7148
28516,ca4,78-8422
66221289,ca4,"Nos. 85-2333(L), 85-2334"
22647,ca4,19-4478
65885147,ca4,No. 05-6471
1105616,ca4,05-1985
4685468,ca4,16-7054
1571484,ca4,78-5219
2652490,ca4,14-2394
1371003,ca4,09-6826
1030276,ca4,11-1074
374662,ca4,76-1340
653329,ca4,6593
1038806,ca4,91-1576
436242,ca4,97-4900
2183744,ca4,05-1296
2417239,ca4,98-6010
623520,ca4,97-4118
66655777,ca4,"Nos. 73-2159, 75-1069, 75-1867 and 75-1868"
1260016,ca4,07-1667
978015,ca4,86-2513
921285,ca4,02-1820
163252,ca4,79-1494
852979,ca4,94-2577
15968446,ca4,18-1845
60506303,ca4,21-6134
6364096,ca4,17-2375
59688383,ca4,20-7758
1146672,ca4,12-7128
66098003,ca4,No. 1770
64258049,ca4,No. 02-6411
67408636,ca4,23-6499
2174281,ca4,11-7391
2474488,ca4,89-6356
65710768,ca4,No. 13-7684
66116689,ca4,No. 2128
1979241,ca4,09-8243
65957676,ca4,No. 08-5233
915707,ca4,07-1105
60045140,ca4,19-7766
2370609,ca4,79-6834
64045327,ca4,"Nos. 96-2855, 97-1135"
66159746,ca4,No. 12140
1025780,ca4,93-2148
2495863,ca4,99-7252
2188655,ca4,00-6297
1306077,ca4,11-6094
1493685,ca4,87-7295
1048109,ca4,04-1458
63964222,ca4,No. 4305
59965848,ca4,20-6994
2147402,ca4,02-4262
1174698,ca4,"93-5472, 93-5606"
66957693,ca4,23-6208
65959440,ca4,No. 13-7292
1105764,ca4,05-7963
665369,ca4,92-1188
2469337,ca4,02-6816
686834,ca4,13-4145
2463386,ca4,12-2049
16881550,ca4,19-7243
66193730,ca4,No. 81-6874
1143874,ca4,75-2368
214149,ca4,02-7230
390956,ca4,94-5491
1998451,ca4,02-7008
2223867,ca4,94-7093
65889227,ca4,No. 06-7111
45933,ca4,"81-5167, 81-5168"
65730770,ca4,No. 09-7692
1269622,ca4,77-2257
2646831,ca4,14-4665
909473,ca4,02-6007
7741986,ca4,18-1413
213482,ca4,10-1197
1022414,ca4,92-1063
6066606,ca4,17-6379
643039,ca4,99-7125
907754,ca4,99-2516
372894,ca4,93-1600
913021,ca4,04-4705
384334,ca4,90-1824
975824,ca4,86-3587
2460632,ca4,06-1485
1385806,ca4,84-6133
1147714,ca4,10-6568
60077117,ca4,21-1302
332338,ca4,00-1636
933489,ca4,04-7723
501927,ca4,88-1113
549614,ca4,94-5063
1377118,ca4,05-6861
65665037,ca4,No. 03-6332
993611,ca4,3851
1440267,ca4,77-1979
542573,ca4,00-1506
1097256,ca4,97-4693
771803,ca4,76-1463
386780,ca4,95-6149
16252679,ca4,19-1392
1469097,ca4,05-2154
1510170,ca4,84-5022
131294,ca4,89-7723
917346,ca4,08-4892
65688211,ca4,No. 05-7147
648850,ca4,79-5135
2120437,ca4,04-7991
2458931,ca4,96-1613
689512,ca4,76-1223
2048169,ca4,09-7407
2455636,ca4,08-6824
66956858,ca4,22-2263
522351,ca4,91-2284
1553826,ca4,81-5253
2392541,ca4,12-6048
2498106,ca4,05-7591
65733467,ca4,No. 09-7814
1348740,ca4,08-7187
545380,ca4,93-2478
7270212,ca4,18-1339
633143,ca4,01-7697
1887486,ca4,90-2020
49743,ca4,"94-5502, 94-5503"
15723923,ca4,18-1695
66057589,ca4,No. 903
2500980,ca4,13-1159
385603,ca4,95-6083
63125279,ca4,21-7442
1658738,ca4,04-6576
963989,ca4,00-7099
2480412,ca4,00-7317
65716476,ca4,No. 08-8280
2112430,ca4,96-7252
2375047,ca4,92-6553
8345845,ca4,18-6859
1080021,ca4,12-4516
2672094,ca4,"14-4504, 14-4670, 14-4718"
1849688,ca4,88-6574
19595,ca4,19-2370
63983330,ca4,No. 5524
2443491,ca4,96-2543
1361636,ca4,76-2233
62586922,ca4,20-7566
737711,ca4,05-4381
1095269,ca4,97-1360
65955605,ca4,No. 13-6148
676876,ca4,06-5217
445035,ca4,97-1821
953079,ca4,81-1754
65691210,ca4,No. 11-1220
628229,ca4,99-1874
2048700,ca4,7905
637974,ca4,02-2392
904834,ca4,96-2684
65958094,ca4,No. 14-6546
7101892,ca4,18-1353
65733402,ca4,No. 09-1874
535587,ca4,93-2347
3006134,ca4,15-1816
273045,ca4,87-2598
65908490,ca4,No. 07-7051
1114960,ca4,73-1708
2484129,ca4,96-6847
2384908,ca4,88-6789
2363608,ca4,02-4840
678209,ca4,07-5048
1091973,ca4,95-7567
64019464,ca4,No. 93-1833
927593,ca4,78-5086
909847,ca4,"02-4292, 02-4450"
2134984,ca4,02-6665
65702467,ca4,No. 12-6585
1108573,ca4,07-1310
67527308,ca4,22-7450
67166301,ca4,23-6128
490802,ca4,01-6563
2050202,ca4,95-1021
306184,ca4,06-7000
351782,ca4,14-6107
526151,ca4,92-1459
313641,ca4,"11-4438, 11-4564, 11-5052"
1377057,ca4,"73-1642, 73-1643"
1416913,ca4,85-6180
64948375,ca4,21-1535
6374519,ca4,18-6129
54979,ca4,14547
1312021,ca4,94-7213
6374541,ca4,18-1213
904498,ca4,96-1663
1409855,ca4,81-1461
1672735,ca4,94-6448
619884,ca4,97-1244
65957002,ca4,No. 12-6961
1091759,ca4,94-2588
65730766,ca4,No. 09-7693
2484442,ca4,96-6286
2376812,ca4,74-1748
713685,ca4,95-2905
69440,ca4,79-1444
1098813,ca4,"05-7420, 05-7584"
1388383,ca4,83-1843
683054,ca4,08-7775
901675,ca4,93-1563
1460210,ca4,00-1951
2759487,ca4,14-4851
1006850,ca4,91-1056
914454,ca4,78-1196
63121335,ca4,21-2175
65698757,ca4,No. 05-2119
811111,ca4,86-7396
66197220,ca4,No. 83-1838
910704,ca4,03-4173
677539,ca4,07-4443
906786,ca4,98-7643
1102439,ca4,02-6710
65717203,ca4,No. 08-1869
1044204,ca4,94-5096
202744,ca4,"03-4158, 03-4740"
160100,ca4,13-7588
65734791,ca4,No. 10-1727
1172158,ca4,93-7238
2488066,ca4,06-2282
671783,ca4,81-6654
2456293,ca4,98-6657
7465170,ca4,17-4480
976836,ca4,87-5524
64454746,ca4,22-6138
66247984,ca4,No. 88-1005
1667159,ca4,03-6311
2442039,ca4,01-7172
391437,ca4,092208
67313,ca4,05-7475
2025600,ca4,06-7782
1604864,ca4,98-1055
1269712,ca4,94-7131
69758232,ca4,25-6195
1645531,ca4,06-7963
8348199,ca4,18-4187
1674762,ca4,86-3817
917123,ca4,08-5015
139828,ca4,97-1570
2135116,ca4,08-8181
1032155,ca4,93-5363
965092,ca4,92-6158
970893,ca4,04-7207
2425439,ca4,98-1111
1300602,ca4,09-6021
2116738,ca4,02-6838
6262279,ca4,16-6833
751696,ca4,73-2147
66156679,ca4,No. 10606
911517,ca4,03-4682
69866829,ca4,25-4185
2670884,ca4,14-1969
65706859,ca4,No. 13-6230
65885081,ca4,No. 05-6097
555656,ca4,82-1349
387571,ca4,90-6389
1065319,ca4,84-1841
2456453,ca4,05-6170
2476741,ca4,93-6318
65956466,ca4,No. 13-7474
62647398,ca4,21-6873
904212,ca4,96-4783
2667524,ca4,15-6304
2258796,ca4,09-6968
29089435,ca4,20-1602
1649612,ca4,05-1214
230369,ca4,7470_1
2496954,ca4,96-6191
65377833,ca4,21-4615
860730,ca4,82-1385
564909,ca4,94-7225
6226969,ca4,17-1983
65960422,ca4,No. 15-6668
116778,ca4,"13-7839, 14-6213"
160273,ca4,13-1878
66976931,ca4,22-1797
2482491,ca4,89-7754
564328,ca4,03-2100
1109545,ca4,07-4962
1057366,ca4,95-5844
634853,ca4,02-1826
1002203,ca4,78-1899
2184683,ca4,96-7728
2266424,ca4,06-1872
4110878,ca4,14-6882
2264415,ca4,12-1668
1274462,ca4,03-1509
1042015,ca4,05-7142
537483,ca4,07-7312
912835,ca4,04-4999
4108291,ca4,16-6238
1974621,ca4,95-7873
65720788,ca4,No. 09-6510
1087238,ca4,12-4723
1439512,ca4,77-8389
1153160,ca4,09-4084
5825212,ca4,16-4461
1437885,ca4,98-7045
66136134,ca4,No. 139
2243591,ca4,83-8201
60315292,ca4,20-4488
1248809,ca4,05-7868
607839,ca4,8382
2244081,ca4,10-7675
8372264,ca4,17-2402
2713321,ca4,14-7540
392027,ca4,94-6160
1289565,ca4,11-1067
65700714,ca4,No. 08-6878
2469010,ca4,11551_1
1236039,ca4,10-5045
65705985,ca4,No. 08-7814
862075,ca4,93-5036
1109937,ca4,08-4249
1381483,ca4,77-8405
19596,ca4,19-2337
65708251,ca4,No. 13-1108
1363982,ca4,02-1816
914928,ca4,"04-2221, 05-1099, 06-1338, 06-1935"
68007669,ca4,22-4572
1330549,ca4,80-6004
339628,ca4,91-7574
909567,ca4,01-4892
907250,ca4,99-4237
1219149,ca4,13-6123
580962,ca4,84-1387
2825667,ca4,"05-2063, 05-2342"
940910,ca4,03-7552
2440608,ca4,96-1067
2825743,ca4,10-7353
56351,ca4,89-7526
616934,ca4,87-7306
6074973,ca4,16-7047
4468319,ca4,16-6298
330922,ca4,13-2068
2146660,ca4,06-6732
626400,ca4,98-2601
1425891,ca4,94-6355
566583,ca4,95-2014
2468624,ca4,10-6329
2171401,ca4,02-1753
1099488,ca4,06-1021
2049167,ca4,07-6974
460770,ca4,90-7504
1139694,ca4,14-6508
65682419,ca4,No. 04-2192
1171588,ca4,"07-11, 07-12"
67351556,ca4,22-1691
723349,ca4,99-2184
65908744,ca4,No. 07-1079
131679,ca4,08-1028
910558,ca4,"03-4677, 03-4849"
2502531,ca4,88-7214
65659847,ca4,No. 11-2000
824147,ca4,89-6621
418917,ca4,82-1165
2825628,ca4,05-4765
65961178,ca4,No. 15-1790
1422532,ca4,84-6765
2823567,ca4,94-2276
1082169,ca4,73-2235
5540112,ca4,"15-7616, 15-7621"
66748760,ca4,22-6960
398142,ca4,9057_1
66035443,ca4,No. 485
1956575,ca4,89-7739
65724164,ca4,No. 09-7003
2480378,ca4,97-1401
2491555,ca4,92-6521
64907812,ca4,19-4180
1985412,ca4,00-6900
2431600,ca4,08-7224
903897,ca4,96-4399
4481071,ca4,16-1266
63299621,ca4,20-2261
65712555,ca4,No. 13-7477
14542884,ca4,17-4489
257217,ca4,13-2199
2823889,ca4,96-4757
63975794,ca4,No. 4984
68070332,ca4,23-7224
1396962,ca4,96-6020
16498903,ca4,19-1723
1648613,ca4,96-6307
63931616,ca4,No. 2808
60118803,ca4,20-1408
66244020,ca4,No. 88-2803
877199,ca4,10-5129
1272972,ca4,11-1130
61619464,ca4,21-6866
2308816,ca4,99-2057
65912904,ca4,No. 07-1324
1825623,ca4,82-1383
2283453,ca4,00-4626
103924,ca4,09-4799
215146,ca4,"79-1056, 79-1057"
2057519,ca4,91-6769
2487137,ca4,01-7897
18685666,ca4,20-6886
40629,ca4,95-7667
706198,ca4,71-1358
6057541,ca4,16-7138
63972519,ca4,No. 4726
2092269,ca4,83-1405
2189270,ca4,98-7229
1069914,ca4,85-6013
2642983,ca4,14-7681
2253698,ca4,07-7513
2124882,ca4,78-5039
363974,ca4,96-1299
65884822,ca4,22-6473
992343,ca4,06-7504
917885,ca4,08-4747
622054,ca4,97-4547
1058905,ca4,95-1902
1170963,ca4,"09-2189, 09-2190, 09-2192, 09-2254"
2402546,ca4,79-6127
1369562,ca4,92-6191
15684177,ca4,18-4282
1110809,ca4,09-1016
8486227,ca4,18-1803
826970,ca4,"13-4378, 13-4414"
1412898,ca4,14-4415
1421148,ca4,95-7797
2109862,ca4,06-1095
944089,ca4,76-2110
1102827,ca4,07-4661
66189579,ca4,No. 80-1534
1041283,ca4,94-1602
65885304,ca4,No. 05-6156
975543,ca4,05-2155
673404,ca4,05-5053
1115975,ca4,74-1134
437290,ca4,93-6552
153924,ca4,13-1596
68350952,ca4,24-1228
64171551,ca4,No. 01-1985
2475786,ca4,05-7230
1304313,ca4,75-1171
358958,ca4,04-7218
472167,ca4,97-7681
1096614,ca4,98-7078
63950433,ca4,No. 3585
65956067,ca4,No. 13-6349
65890559,ca4,No. 06-6920
2464679,ca4,01-7664
64282938,ca4,No. 02-7136
1352557,ca4,08-7209
119786,ca4,96-6576
65733406,ca4,No. 09-8152
65694476,ca4,No. 11-1518
600710,ca4,09-4533
915985,ca4,05-7884
63970149,ca4,No. 4575
94901,ca4,9805
65959184,ca4,No. 14-7164
7164628,ca4,17-2111
1237776,ca4,10399_1
66162651,ca4,No. 13982
806861,ca4,86-2572
483864,ca4,10146
66115973,ca4,No. 2218
632683,ca4,00-4423
945397,ca4,92-6466
2478782,ca4,05-1486
1350664,ca4,08-1867
1239505,ca4,10-5028R1
65957998,ca4,No. 14-6542
908197,ca4,00-1647
285681,ca4,88-2912
26232,ca4,20-4585
565969,ca4,97-579
944876,ca4,91-1202
70624,ca4,78-5172
1093718,ca4,14298
65885248,ca4,No. 04-8004
2265512,ca4,09-6429
1519223,ca4,95-6731
487603,ca4,92-6902
914060,ca4,"04-4332, 04-4333"
66976776,ca4,22-4521
7029503,ca4,18-1068
790550,ca4,99-7269
1050707,ca4,95-4000
63930568,ca4,No. 2693
905621,ca4,97-1147
575129,ca4,74-1008
9781,ca4,18-4670
2260096,ca4,12-6161
183516,ca4,7769
1576886,ca4,97-7612
44045,ca4,8214_1
65955440,ca4,No. 12-8080
2825911,ca4,11-2053
2467278,ca4,92-7170
18464173,ca4,20-6499
1504633,ca4,93-5490
291145,ca4,88-1127
2443504,ca4,02-6770
1022122,ca4,11-4123
357736,ca4,11-2417
66081461,ca4,No. 1369
2467936,ca4,93-6658
1445781,ca4,77-2418
247745,ca4,89-3304
629450,ca4,76-2275
66211001,ca4,No. 84-2271
902226,ca4,95-5167
3034843,ca4,15-7658
989376,ca4,06-7130
1364111,ca4,77-8379
3030994,ca4,15-1553
67014065,ca4,23-1280
1340742,ca4,06-6880
2823682,ca4,95-2947
279710,ca4,87-8004
67534550,ca4,21-7200
2825497,ca4,04-4969
699161,ca4,97-2099
15785017,ca4,18-1196
911929,ca4,04-6360
2422282,ca4,93-6125
65733112,ca4,No. 10-1327
786558,ca4,08-4441
14550110,ca4,18-4534
1420956,ca4,95-7623
2424812,ca4,83-1872
1110373,ca4,07-4882
504163,ca4,85-6028
1109933,ca4,08-2045
1017189,ca4,92-1499
793610,ca4,95-6308
6310271,ca4,17-7637
6310254,ca4,17-7615
2085729,ca4,05-7603
2020890,ca4,90-2909
65712428,ca4,No. 08-7271
18613247,ca4,20-1015
63948404,ca4,No. 3527
69013852,ca4,24-6735
18509772,ca4,20-6385
59724262,ca4,18-6506
1393879,ca4,02-6368
601210,ca4,"08-5129, 09-4374"
797425,ca4,03-6977
1009207,ca4,91-7317
1883389,ca4,08-4889
2488134,ca4,04-2521
992858,ca4,89-1450
64009346,ca4,No. 8428
527899,ca4,12-4759
65954447,ca4,No. 08-1018
66274974,ca4,"Nos. 91-2086, CA-90-1607-N"
2216133,ca4,90-7119
2625903,ca4,14-1921
727721,ca4,03-7344
64011368,ca4,No. 8662
2145870,ca4,04-7947
2825235,ca4,04-1375
1041521,ca4,14-4071
567553,ca4,09-2319
1422342,ca4,76-1692
533011,ca4,10-5336
631306,ca4,00-2448
2254228,ca4,74-2148
2463488,ca4,87-6557
683901,ca4,09-1061
1443630,ca4,75--1161
65717452,ca4,No. 09-6343
66832419,ca4,23-1068
523542,ca4,91-6676
2442726,ca4,09-7512
2143292,ca4,06-7150
65703516,ca4,No. 11-2169
840239,ca4,00-1729
794931,ca4,89-6646
575495,ca4,96-2399
1405281,ca4,73-1267
483683,ca4,74-1827
2076227,ca4,00-6275
1425156,ca4,97-2348
2474894,ca4,85-6079
903836,ca4,96-4117
2613988,ca4,14-1229
143271,ca4,72-1999
65963466,ca4,No. 15-2376
2434629,ca4,87-7204
1909379,ca4,73-2000
915549,ca4,06-1948
8512587,ca4,18-1836
2442844,ca4,10-1096
783495,ca4,01-6866
1113435,ca4,13-6628
2232758,ca4,89-7703
4610778,ca4,16-1973
2119780,ca4,88-7837
2988788,ca4,15-6800
340324,ca4,79-1339
2824264,ca4,97-2584
1492995,ca4,13-6997
296629,ca4,7981_1
121485,ca4,7783
2676613,ca4,15-6262
623383,ca4,97-2751
1847401,ca4,12-2384
66203697,ca4,No. 84-6103
7495877,ca4,18-1105
837978,ca4,89-2759
2632453,ca4,13-1995
2501402,ca4,98-6825
575222,ca4,10-1439
1024689,ca4,11-6315
1061124,ca4,93-6252
1082524,ca4,"08-4786, 08-5214"
911849,ca4,04-1002
65708642,ca4,No. 08-6917
1094477,ca4,96-4515
2990519,ca4,15-7047
682389,ca4,08-4959
445505,ca4,10-4858
65963035,ca4,No. 16-6380
15846023,ca4,18-2411
982407,ca4,07-7280
1181610,ca4,92-1191
1334645,ca4,82-6515
63106225,ca4,20-4214
387484,ca4,85-6502
304655,ca4,73-1073
65956032,ca4,No. 10-7160
66181628,ca4,"Nos. 76-1870, 77-1088"
2471926,ca4,89-3341
837888,ca4,91-5418
67618440,ca4,23-1755
2344889,ca4,03-4950
826620,ca4,89-2131
31912,ca4,00-7208
66056826,ca4,No. 826
1240227,ca4,78-1753
66113701,ca4,No. 2111
67309429,ca4,22-4149
2363036,ca4,03-6309
1436459,ca4,07-7276
204978,ca4,6277_1
836581,ca4,91-2169
402731,ca4,12585
1983191,ca4,03-1535
69190312,ca4,24-1924
63944452,ca4,"Nos. 3284, 3285"
1961213,ca4,07-5040
569907,ca4,04-4675
674579,ca4,8901
625595,ca4,82-1749
476707,ca4,6509_1
804113,ca4,90-6031
331065,ca4,91-1053
1557088,ca4,01-4410
1654283,ca4,12-1319
874438,ca4,00-2151
829552,ca4,90-6409
2069974,ca4,13242_1
71651,ca4,83-5128
586974,ca4,98-1869
4421424,ca4,15-2067
63927341,ca4,No. 2636
1572995,ca4,06-2279
1367203,ca4,77-1199
63971923,ca4,No. 4669
990213,ca4,88-1345
1108620,ca4,07-6993
477984,ca4,96-2800
63984740,ca4,No. 5584
2645848,ca4,14-7433
63737679,ca4,No. 2222
1075597,ca4,11-4910
1101162,ca4,02-4266
65684818,ca4,No. 05-6120
1108052,ca4,"06-5186, 06-5206"
837533,ca4,91-1169
2824480,ca4,99-1043
273077,ca4,87-1040
392759,ca4,94-6673
576260,ca4,05-4404
754771,ca4,84-1599
1451653,ca4,79-1073
770287,ca4,82-1574
67448196,ca4,22-1719
6352180,ca4,16-4510
66577089,ca4,22-6648
527866,ca4,92-7019
66169303,ca4,No. 72-1471
63975788,ca4,No. 4956
3052125,ca4,"15-2362, 15-2389"
1093096,ca4,95-5773
669543,ca4,99-2166
2825989,ca4,12-7066
1118883,ca4,89-5180
65695892,ca4,No. 11-1669
1652459,ca4,85-7062
6086557,ca4,16-1472
66042294,ca4,No. 614
916820,ca4,08-4428
840538,ca4,09-1790
65732404,ca4,No. 09-7509
68337258,ca4,24-4138
713543,ca4,98-4578
902904,ca4,93-6803
1104956,ca4,05-4107
390699,ca4,02-7454
66062649,ca4,"No. 1,029"
88378,ca4,7441_1
1015107,ca4,91-5816
65702912,ca4,No. 12-2057
2165528,ca4,93-7294
917270,ca4,08-4874
316872,ca4,91-6790
251702,ca4,95-2230
1367390,ca4,81-8320
1993842,ca4,09-7868
117373,ca4,13-7842
844451,ca4,10-2353
6248288,ca4,17-1795
2216600,ca4,04-7468
617315,ca4,9510
64455008,ca4,21-6040
1188927,ca4,79-1156
1108354,ca4,07-1391
66047983,ca4,No. 718
2099862,ca4,09-1432
1025551,ca4,08-6716
233093,ca4,80-6741
2354263,ca4,92-6505
103833,ca4,"13-4439, 13-4440"
8090705,ca4,18-1660
836407,ca4,91-2512
4479962,ca4,16-6746
640705,ca4,9639
65960738,ca4,No. 15-1427
65718924,ca4,No. 09-6265
2491490,ca4,88-2865
616426,ca4,97-2051
2449151,ca4,95-8062
1200556,ca4,07-1022
907779,ca4,99-2354
53653,ca4,07-6698
3070376,ca4,15-1889
65713381,ca4,No. 08-2293
63929326,ca4,No. 2707
2455613,ca4,03-6829
14430,ca4,19-2094
1224902,ca4,90-5843
903661,ca4,96-4147
980357,ca4,86-2598
1099783,ca4,2422
424642,ca4,10-1602
1366563,ca4,93-6931
2125074,ca4,13-6410
64007418,ca4,No. 8003
2825022,ca4,01-1102
65687355,ca4,No. 05-6655
2384635,ca4,85-5251
1852916,ca4,87-3603
66023329,ca4,No. 360
2825735,ca4,"09-1332, 09-1427"
909028,ca4,01-4238
1646725,ca4,95-7452
1139936,ca4,14-1606
390499,ca4,10-5174
2256119,ca4,85-6670
4116742,ca4,16-6013
1150240,ca4,08-2270
64288775,ca4,No. 03-6262
66931885,ca4,21-7325
160150,ca4,10-1233
7844061,ca4,18-6351
16622196,ca4,19-1921
65683224,ca4,No. 05-6021
1374556,ca4,99-2499
7270213,ca4,18-1293
2454579,ca4,05-7909
2209506,ca4,03-4789
605113,ca4,94-7303
60032100,ca4,21-1252
3050174,ca4,15-7706
1371310,ca4,82-8301
2480536,ca4,95-2497
1347885,ca4,90-5740
6321775,ca4,16-4848
426972,ca4,79-6523
65963648,ca4,No. 16-6899
2689170,ca4,15-1610
65959955,ca4,No. 15-1426
2457180,ca4,99-2374
67060601,ca4,23-4191
64064217,ca4,No. 98-2134
65957204,ca4,No. 09-6491
1286660,ca4,00-1212
2825353,ca4,04-4887
2131818,ca4,73-1094
386691,ca4,89-6612
65715472,ca4,No. 08-8485
4658901,ca4,16-7501
66159889,ca4,No. 13008
65705579,ca4,No. 13-6208
1879413,ca4,84-1938
6066602,ca4,16-4569
67263756,ca4,23-6400
1286741,ca4,81-6664
415952,ca4,91-6788
303515,ca4,79-1705
13586145,ca4,18-4392
632160,ca4,90-7037
583770,ca4,5943_1
65679254,ca4,No. 04-7138
2455829,ca4,90-6864
65704471,ca4,No. 12-2214
2988791,ca4,15-6862
64013575,ca4,No. 9300
2680375,ca4,14-2257
6230891,ca4,17-6856
916781,ca4,07-1948
670768,ca4,96-6148
583126,ca4,07-1830
976394,ca4,87-7099
1110375,ca4,07-5155
65720820,ca4,No. 09-6293
1453784,ca4,90-6341
65954767,ca4,No. 07-7166
2451347,ca4,88-7171
63972703,ca4,No. 4743
66040438,ca4,No. 583
1342740,ca4,76-8063
79113,ca4,79-6765
67874814,ca4,21-4374
14276309,ca4,18-4535
1301639,ca4,92-5011
2448920,ca4,95-7533
559543,ca4,91-7180
175797,ca4,74-2295
2471310,ca4,78-5178
1224124,ca4,81-8212
1073479,ca4,11-4853
65958359,ca4,No. 14-6372
1110690,ca4,08-5066
68821560,ca4,24-1500
906962,ca4,99-1357
262124,ca4,90-7359
6085698,ca4,16-4609
912967,ca4,04-4274
818734,ca4,79-1493
65691218,ca4,No. 11-6145
188717,ca4,9717_1
1050315,ca4,09-2280
1390358,ca4,84-6027
65702483,ca4,No. 12-7431
67714959,ca4,23-6822
185778,ca4,78-5154
1419979,ca4,14-7092
60383470,ca4,21-6204
2100202,ca4,03-2061
2167166,ca4,10-1211
63964066,ca4,No. 4264
940033,ca4,10-7529
1035753,ca4,93-1723
63954433,ca4,No. 3826
66975482,ca4,23-1111
681095,ca4,08-4709
34884,ca4,95-7361
2689737,ca4,15-6791
67270576,ca4,23-4102
287165,ca4,00-1961
2463530,ca4,94-8080
283898,ca4,14-6068
918116,ca4,12-2359
1223577,ca4,03-7251
760941,ca4,88-8133
1378414,ca4,74-2039
139862,ca4,12-2547
1769539,ca4,93-2332
462330,ca4,82-6302
982478,ca4,4066
1469514,ca4,78-6243
371917,ca4,10-4308
2824645,ca4,00-2032
2425161,ca4,80-5112
179285,ca4,86-7103
1493078,ca4,77-2368
65749583,ca4,22-1130
67930436,ca4,23-2079
2478562,ca4,09-6590
2386334,ca4,09-6890
65701606,ca4,No. 11-1525
2449757,ca4,85-2069
68157573,ca4,24-6030
2185304,ca4,80-8159
643795,ca4,02-4923
63306374,ca4,20-1828
2357512,ca4,12-6439
1622238,ca4,3929
932403,ca4,04-2360
66976317,ca4,22-4684
64928830,ca4,22-6262
2110083,ca4,96-6782
2134974,ca4,08-7067
700775,ca4,14904_1
69249209,ca4,24-4539
2478027,ca4,95-6271
904877,ca4,97-4160
2825598,ca4,05-1832
18554611,ca4,20-1468
1562266,ca4,07-4508
18463718,ca4,19-7628
65961730,ca4,No. 15-6799
325631,ca4,10-6244
68495263,ca4,24-1390
1109516,ca4,07-5016
226683,ca4,79-1345
67877638,ca4,22-4261
1012334,ca4,92-5114
696628,ca4,10035
2501375,ca4,13-6402
65715470,ca4,No. 08-8515
390550,ca4,75-2305
107389,ca4,96-1007
641289,ca4,05-7110
595673,ca4,99-7715
65728357,ca4,No. 09-6987
64025131,ca4,No. 95-2627
2464421,ca4,04-7572
2380846,ca4,09-6938
5825233,ca4,16-7631
2013905,ca4,79-1807
1094501,ca4,96-4952
18644352,ca4,20-6077
2468014,ca4,96-6070
65963673,ca4,No. 16-1952
394697,ca4,72-1939
2410573,ca4,94-1907
1339858,ca4,00-7764
606748,ca4,80-5128
917030,ca4,08-3
532665,ca4,11-7426
724292,ca4,02-7086
807421,ca4,98-4772
14579768,ca4,18-6979
2488698,ca4,94-6603
1272195,ca4,05-7595
63952614,ca4,No. 3744
541981,ca4,92-2368
1316424,ca4,87-7283
63993106,ca4,No. 5967
65955276,ca4,No. 10-7227
66190164,ca4,No. 78-1563
65731050,ca4,No. 09-8227
2478242,ca4,03-7614
604810,ca4,94-5332
2490451,ca4,09-7102
2293169,ca4,73-1355
1099006,ca4,99-4832
63954317,ca4,No. 3875
1645448,ca4,12-7214
3046664,ca4,15-7502
1355402,ca4,82-2103
1242215,ca4,99-6889
2825332,ca4,04-1502
65890939,ca4,No. 05-2353
65885279,ca4,No. 05-7207
968649,ca4,05-4328
509851,ca4,89-2210
224711,ca4,82-5182
363794,ca4,14301-14304
905439,ca4,97-1943
1147850,ca4,83-6275
890620,ca4,80-6396
68445835,ca4,24-6359
1469981,ca4,82-6399
912352,ca4,03-4596
1014256,ca4,07-6287
916841,ca4,07-2040
68326504,ca4,24-6161
906343,ca4,98-4145
1341569,ca4,96-2605
3014985,ca4,15-2072
112102,ca4,13-1346
50528,ca4,13-6960
67124210,ca4,22-7057
64007125,ca4,No. 8058
910718,ca4,03-4689
64066187,ca4,"Nos. 98-1759, 98-1805"
2183003,ca4,10-1032
66192888,ca4,No. 81-1790
2458061,ca4,05-1195
65958772,ca4,No. 14-7329
624878,ca4,98-4507
2443866,ca4,11-1824
65702796,ca4,No. 08-7279
2474053,ca4,75-1152
2485585,ca4,01-6968
887701,ca4,84-1379
7270222,ca4,18-1396
1752288,ca4,04-8016
2990056,ca4,15-4219
637663,ca4,03-7658
66085122,ca4,No. 1498
887113,ca4,78-8406
65963240,ca4,No. 16-6750
1084928,ca4,12-7493
1110253,ca4,07-4737
65955357,ca4,No. 10-7431
64455104,ca4,21-1087
14517297,ca4,18-7333
339561,ca4,"10-1113, 10-1160, 10-1176"
65734129,ca4,No. 10-4182
1093451,ca4,96-4015
2480045,ca4,11-7081
985005,ca4,87-2122
2150221,ca4,92-6919
65698595,ca4,No. 05-2079
377231,ca4,1495
8404989,ca4,18-6723
635265,ca4,02-4611
768985,ca4,72-2090
842651,ca4,92-1781
1623876,ca4,3079-3082
63177939,ca4,21-1410
973060,ca4,2527
65403178,ca4,20-1805
65894357,ca4,No. 06-1735
252506,ca4,86-7098
574958,ca4,80-5056
2442131,ca4,96-2075
66608527,ca4,20-6278
4555460,ca4,15-4692
1768133,ca4,80-8342
68809126,ca4,24-1450
2463648,ca4,81-6954
124696,ca4,91-7551
906815,ca4,99-6096
2461674,ca4,79-6470
63971620,ca4,No. 4633
65708665,ca4,No. 13-1325
63955468,ca4,No. 3980
64283704,ca4,No. 02-7272
885920,ca4,04-1335
805220,ca4,78-6577
3036785,ca4,15-2089
1080207,ca4,12-4109
30297,ca4,90-6310
69376286,ca4,24-2133
63934352,ca4,No. 2933
2442418,ca4,96-6119
1098146,ca4,99-1485
1646476,ca4,12-7610
1111492,ca4,09-6736
1082733,ca4,12-6832
2429424,ca4,96-1290
66158973,ca4,"Nos. 11563, 11564"
2465865,ca4,95-7713
765167,ca4,72-2452
65707092,ca4,No. 12-6963
2473992,ca4,10-2113
2348028,ca4,09-7526
65689262,ca4,No. 10-7345
525867,ca4,77-1588
2461509,ca4,08-7295
2391903,ca4,08-6088
2453322,ca4,08-6042
66650761,ca4,No. 2201
1433544,ca4,04-5005
2177814,ca4,06-1845
1982960,ca4,98-1767
536015,ca4,93-1764
1017132,ca4,92-6957
2499054,ca4,99-6839
65892216,ca4,"Nos. 05-7634, 06-1224"
66185935,ca4,Nos. 78-6416 to 78-6419
1109506,ca4,08-4273
978264,ca4,3031
281075,ca4,87-3103
2288561,ca4,04-2498
65957291,ca4,No. 14-6142
1089128,ca4,13-6294
6246822,ca4,17-7400
811992,ca4,87-5539
66650793,ca4,No. 2236
63986925,ca4,No. 5646
65706952,ca4,No. 12-4019
17050,ca4,19-4659
2825912,ca4,10-4895
2125199,ca4,84-6098
6236635,ca4,17-4217
1215498,ca4,10-4739
2289146,ca4,85-1140
125850,ca4,12-7557
64907814,ca4,19-4160
820001,ca4,12-4492
414697,ca4,99-7491
2647323,ca4,14-2154
674972,ca4,8756
564524,ca4,91-5796
66280166,ca4,No. 91-6688
1108715,ca4,06-4680
1410455,ca4,84-2325
1148574,ca4,90-6338
60661207,ca4,20-6109
65709803,ca4,No. 12-7339
1104601,ca4,04-4738
912813,ca4,04-4854
67031584,ca4,22-2078
67422912,ca4,22-2235
460726,ca4,97-7023
589265,ca4,74--2310
1272897,ca4,10-2361
26860,ca4,12-6770
171873,ca4,09-7384
1408907,ca4,99-6393
2689167,ca4,15-1432
849037,ca4,93-5357
2634290,ca4,14-7416
1108129,ca4,88-6592
810119,ca4,12-7554
1199653,ca4,12-2445
2387825,ca4,04-6595
99193,ca4,09-8051
316806,ca4,09-6844
646349,ca4,6563_1
60334777,ca4,21-6308
63936762,ca4,No. 3077
521190,ca4,"87-5514, 87-5515"
66210954,ca4,"Nos. 84-2245(L), 84-2246"
2137688,ca4,07-6839
67174687,ca4,22-2131
1417912,ca4,96-2796
3022552,ca4,15-7485
347756,ca4,79-6734
913466,ca4,05-6256
6231944,ca4,17-6965
291121,ca4,96-6991
1982707,ca4,82-1029
65292,ca4,77-1583
65717201,ca4,No. 09-6296
1069596,ca4,96-6395
2469984,ca4,09-6746
2444878,ca4,04-1142
63960669,ca4,No. 4103
801609,ca4,85-6685
218454,ca4,7410
4422775,ca4,16-4181
67785559,ca4,23-1866
2003912,ca4,94-7199
403754,ca4,07-6154
2378140,ca4,96-6833
59279,ca4,13-2081
65694491,ca4,No. 11-6753
2455047,ca4,92-7086
2248301,ca4,02-1817
2825062,ca4,02-27
530237,ca4,97-2148
623020,ca4,95-5947
310228,ca4,79-8358
2365796,ca4,89-7518
913586,ca4,"07-4760, 07-4772"
1021649,ca4,11-1649
2267289,ca4,92-6829
57765,ca4,89-5020
1758747,ca4,94-6515
1406729,ca4,83-8087
157297,ca4,14-1159
1074427,ca4,12-6777
65963142,ca4,No. 16-6696
65725164,ca4,No. 07-5066
1058902,ca4,95-5795
2031365,ca4,04-7514
523003,ca4,96-4063
914058,ca4,06-4132
1022077,ca4,11-4025
2401110,ca4,10310
2479246,ca4,96-7758
622064,ca4,11-4110
109700,ca4,01-6800
1578213,ca4,09-8092
67032100,ca4,17-4487
2187820,ca4,"09-6696, 09-7180"
1096826,ca4,06-6066
65911645,ca4,No. 07-7468
131932,ca4,96-531
67527321,ca4,22-7146
2320533,ca4,94-2225
535935,ca4,12-1632
1097347,ca4,99-4365
2124650,ca4,10-2049
1008169,ca4,91-6125
904698,ca4,97-1760
258920,ca4,13-4263
1740314,ca4,80-1020
1502886,ca4,99-6353
70134864,ca4,25-1499
570019,ca4,8710_1
2449627,ca4,05-6444
65717845,ca4,No. 09-6301
907537,ca4,05-5211
64455171,ca4,21-7346
1226833,ca4,81-5160
911607,ca4,09-4380
2159009,ca4,00-6521
64455248,ca4,20-1685
2183739,ca4,05-6881
1105483,ca4,05-4278
4616145,ca4,16-7391
2205359,ca4,75-2096
276442,ca4,84-1595
2170135,ca4,12-7775
984932,ca4,88-7134
992005,ca4,89-1723
2211704,ca4,03-1988
65731180,ca4,No. 09-7385
907374,ca4,96-1722
6260969,ca4,16-4781
1975211,ca4,85-5064
66059786,ca4,"No. 1,008"
1348183,ca4,08-1601
65954638,ca4,No. 08-1616
66718462,ca4,19-7782
334317,ca4,92-1069
1083803,ca4,11-6118
65713351,ca4,No. 08-7281
5656321,ca4,17-6204
1982737,ca4,92-6481
65691790,ca4,No. 11-6007
67696849,ca4,22-1707
2096463,ca4,10287_1
65718546,ca4,No. 09-1099
67614007,ca4,22-1936
569809,ca4,10-4336
825206,ca4,89-6890
1212767,ca4,95-6817
60112459,ca4,20-7423
2008535,ca4,96-7036
1130424,ca4,82-8162
536473,ca4,09-4739
303200,ca4,99-7519
1322650,ca4,82-5185
1158039,ca4,87-7317
65656450,ca4,No. 03-4253
65893014,ca4,No. 06-6631
61582686,ca4,21-6949
934964,ca4,03-7048
912348,ca4,04-6955
2171610,ca4,12-7942
66192999,ca4,"Nos. 82-5049, 82-5052, 82-5181 and 82-5157"
1101900,ca4,02-4548
1460237,ca4,95-8565
4617836,ca4,15-4325
904195,ca4,96-4780
14608540,ca4,18-2287
1034365,ca4,93-5327
65730283,ca4,"Nos. 08-4493, 08-4512"
980369,ca4,87-2514
15552,ca4,19-4407
2163106,ca4,89-7801
65711651,ca4,No. 13-2243
1270526,ca4,93-6619
64014723,ca4,No. 92-1712
1100842,ca4,01-4714
64172255,ca4,No. 01-7471
214262,ca4,79-6284
6226964,ca4,17-1846
67705389,ca4,23-6811
1025528,ca4,92-5220
446842,ca4,10-1944
2323535,ca4,12-6521
65729505,ca4,No. 09-7760
359593,ca4,6757_1
624895,ca4,75-1278
2338174,ca4,97-1790
1937229,ca4,97-6992
69661349,ca4,25-6072
2500613,ca4,83-1643
18463749,ca4,20-6304
1641985,ca4,84-8084
65734630,ca4,No. 10-1798
2458826,ca4,05-7858
65885679,ca4,No. 05-4653
64285554,ca4,No. 02-4293
60035154,ca4,21-6077
65885329,ca4,No. 05-7086
1335272,ca4,09-7289
3059824,ca4,15-1467
2498489,ca4,03-7667
278617,ca4,84-1196
910299,ca4,02-4406
156691,ca4,08-8496
2085385,ca4,85-6043
627966,ca4,99-2096
1298236,ca4,08-1957
1371365,ca4,83-1664
2497652,ca4,06-7370
66142092,ca4,Nos. 254 and 255
2499096,ca4,13-1009
2007934,ca4,13-6088
1000461,ca4,06-7774
18724389,ca4,19-4422
2824769,ca4,00-2269
2211156,ca4,09-7728
2450674,ca4,09-6441
1107362,ca4,06-6387
903670,ca4,94-1891
2455944,ca4,11-6281
917443,ca4,08-7813
64165649,ca4,"Nos. 01-6965, 01-7012, 01-7073"
66200316,ca4,No. 83-1281
1196623,ca4,99-7671
1431496,ca4,96-6202
1447236,ca4,84-1779
1413538,ca4,76-1702
64455383,ca4,20-1644
63125248,ca4,20-2176
4481463,ca4,16-6744
634406,ca4,02-6607
65964217,ca4,No. 16-7352
1252468,ca4,85-6523
1089085,ca4,13-6068
69054653,ca4,24-1547
1250409,ca4,09-4274
627387,ca4,76-1922
1136530,ca4,11-4228
2170332,ca4,12-7804
1009209,ca4,92-6001
621343,ca4,96-4262
60383471,ca4,21-6826
2188819,ca4,01-6486
907457,ca4,99-1582
1392085,ca4,09-8189
69384432,ca4,24-7077
1530247,ca4,11-5028
671284,ca4,05-4856
2017754,ca4,86-6792
831133,ca4,05-7252
65961866,ca4,No. 15-2282
465991,ca4,"00-4851, 00-4853"
1009303,ca4,07-6039
1910928,ca4,85-1478
2484110,ca4,11-6266
1086779,ca4,12-4904
287182,ca4,08-5252
65717006,ca4,No. 08-1324
2210653,ca4,99-1779
2463257,ca4,06-6672
17244046,ca4,17-4574
59801946,ca4,19-4528
2824751,ca4,00-4245
65722973,ca4,No. 08-8050
1741174,ca4,07-2208
450459,ca4,05-1327
639407,ca4,04-4483
2824969,ca4,02-4331
65646330,ca4,20-2306
917474,ca4,13-6487
60019105,ca4,20-4129
2452469,ca4,06-6896
673226,ca4,07-6469
3088906,ca4,16-6439
1379293,ca4,11-6953
172362,ca4,10-4939
2826056,ca4,11-5132
1985002,ca4,02-6279
1499253,ca4,01-7587
972884,ca4,08-6729
1712023,ca4,89-6783
16959239,ca4,19-7292
2150353,ca4,08-8494
2651180,ca4,15-6125
2166,ca4,19-1287
2368828,ca4,01-2416
1394935,ca4,98-6451
310397,ca4,89-7189
404013,ca4,12-8171
65719760,ca4,No. 09-6182
770354,ca4,82-1665
2197312,ca4,74-1048
65693750,ca4,No. 11-6507
466395,ca4,97-6910
14983615,ca4,18-4719
1555196,ca4,00-6782
1095600,ca4,93-5733
468602,ca4,92-2605
2470089,ca4,99-2078
66050243,ca4,No. 619
917261,ca4,09-6368
562430,ca4,04-1294
2436800,ca4,88-7138
912272,ca4,"03-1788, 03-1918, 03-2357"
940641,ca4,96-7008
2474128,ca4,01-7173
915074,ca4,06-1825
1105713,ca4,04-4657
65348495,ca4,22-6431
64022139,ca4,No. 95-1039
1296682,ca4,09-6098
2450494,ca4,98-6233
1473692,ca4,85-6113
2448338,ca4,95-1058
64003504,ca4,No. 7572
16807945,ca4,19-1374
1941618,ca4,08-1724
79806,ca4,84-1576
1003381,ca4,90-1112
2432238,ca4,00-6509
65965199,ca4,No. 17-6532
18464116,ca4,20-4022
2347568,ca4,80-6147
1357201,ca4,98-4234
640249,ca4,04-1938
66863043,ca4,22-6819
2399114,ca4,88-6027
998057,ca4,90-2004
1057358,ca4,95-2025
66906338,ca4,22-4578
60498204,ca4,20-6614
18480773,ca4,20-6260
1343795,ca4,82-1719
1415964,ca4,11145_1
59926689,ca4,21-6315
154894,ca4,12-4304
1435464,ca4,84-2115
63975147,ca4,No. 4960
1912382,ca4,81-6848
679726,ca4,08-6998
6138117,ca4,17-6488
4112184,ca4,15-1906
2450687,ca4,13121
1250410,ca4,09-4427
2613991,ca4,13-2097
2684434,ca4,15-6360
2408052,ca4,98-7541
907274,ca4,99-4385
15831711,ca4,19-6177
1039280,ca4,93-5633
91021,ca4,94-2040
550832,ca4,94-1749
8216494,ca4,18-6923
555855,ca4,09-1837
851561,ca4,94-1173
326462,ca4,91-1541
18463756,ca4,19-7355
2308229,ca4,07-2150
2169571,ca4,93-1255
2465927,ca4,87-1762
2336931,ca4,98-2819
2250041,ca4,76-1877
66155918,ca4,No. 10192
1111570,ca4,09-6933
67868714,ca4,22-2114
2466876,ca4,11-7567
1128589,ca4,97-2057
65955802,ca4,No. 11-6054
65961103,ca4,No. 15-7223
998594,ca4,06-7058
2360679,ca4,08-6651
65730586,ca4,No. 09-1852
2449404,ca4,09-8158
669334,ca4,9603_1
60498207,ca4,19-2394
2615534,ca4,14-2187
1685233,ca4,96-553
2396601,ca4,98-7051
1278424,ca4,96-1287
4566093,ca4,15-4436
2137756,ca4,72-1207
15835,ca4,19-4454
523694,ca4,86-3130
1448828,ca4,12-6632
1144565,ca4,11-6762
601500,ca4,07-7372
7844060,ca4,18-6426
1995287,ca4,91-7564
2311444,ca4,06-6367
2244368,ca4,10-6759
1531548,ca4,03-7449
647579,ca4,95-6916
2164162,ca4,83-2032
1400269,ca4,02-7630
2396329,ca4,11-6975
69320393,ca4,24-2083
66191099,ca4,No. 80-1854
16663348,ca4,19-1473
660817,ca4,78-5105
2442535,ca4,92-4005
2132746,ca4,98-2584
65704795,ca4,No. 12-7943
371406,ca4,75-2339
916263,ca4,06-6395
1289366,ca4,07-6235
1106207,ca4,"05-7550, 06-6487"
1095473,ca4,98-1354
1666734,ca4,00-7291
2823701,ca4,95-3172
588161,ca4,9170_1
16498876,ca4,18-4820
1927466,ca4,99-6638
2143665,ca4,09-6404
68084118,ca4,23-2284
1076185,ca4,72-2329
608603,ca4,95-1712
1701131,ca4,80-8030
68404164,ca4,24-4192
307125,ca4,09-2141
6245056,ca4,17-1180
1883220,ca4,86-3979
7908362,ca4,18-1614
2443250,ca4,00-7326
67612377,ca4,21-1459
65712135,ca4,No. 13-7921
902231,ca4,95-5251
507606,ca4,90-7030
65963658,ca4,No. 16-6999
65958456,ca4,No. 14-1534
684785,ca4,9622_1
2499404,ca4,07-7741
67703930,ca4,22-6689
65958652,ca4,No. 14-1720
65721426,ca4,No. 09-6946
65708638,ca4,No. 08-1057
1882033,ca4,03-4189
65955970,ca4,No. 07-1877
3028773,ca4,14-2268
65704422,ca4,No. 12-1142
2457734,ca4,13-1574
65957229,ca4,No. 09-6236
246372,ca4,13-7688
796130,ca4,09-5123
60866469,ca4,20-7306
63139571,ca4,21-6218
634638,ca4,00-4839
372358,ca4,92-6708
910217,ca4,"06-5135, 06-5159"
1001134,ca4,89-2402
822045,ca4,88-5698
66186169,ca4,No. 77-2246
2208435,ca4,01-8087
726577,ca4,03-2245
980828,ca4,87-7194
183260,ca4,89-7537
2252172,ca4,82-6339
246829,ca4,7864_1
1100019,ca4,80-1442
1332039,ca4,76-1561
1021318,ca4,11-1173
65715160,ca4,No. 08-7875
1107728,ca4,06-5002
824371,ca4,"89-5042, 89-5132"
65708181,ca4,No. 12-7026
66732535,ca4,22-1020
65710034,ca4,"Nos. 11-1259, 11-1266, 11-1270, 11-1276, 11-1277, 11-1281, 11-1284, 11-1289, 11-1291, 11-1292, 11-1295, 11-1297, 11-1299, 11-1299, 11-1308, 11-1316"
1099003,ca4,88-7585
336454,ca4,80-6410
1108690,ca4,"06-4532, 06-4603"
67743611,ca4,21-7365
530318,ca4,09-4955
65729855,ca4,No. 09-4372
1057956,ca4,96-4073
65698922,ca4,No. 06-6057
2367560,ca4,09-7531
624478,ca4,97-4606
2441954,ca4,10-1415
16740047,ca4,19-1623
627294,ca4,99-4454
63966233,ca4,No. 4401
64250629,ca4,No. 02-1268
1380725,ca4,81-6702
2294661,ca4,80-8006
2062591,ca4,77-1507
1362473,ca4,76-1740
65962553,ca4,No. 15-2503
65959024,ca4,No. 14-2069
907285,ca4,"05-4834, 05-1887"
1098164,ca4,99-4917
1852207,ca4,96-610
1038870,ca4,94-1773
65959415,ca4,No. 15-6033
63923728,ca4,No. 2445
2254614,ca4,09-7341
66200278,ca4,Nos. 84-6139 to 84-6141
6153224,ca4,17-6391
67678760,ca4,23-6778
2345196,ca4,12-6097
201181,ca4,94-5431
2286185,ca4,09-1626
6161107,ca4,17-1628
2016315,ca4,94-6213
353458,ca4,77-1130
2483295,ca4,78-6351
790360,ca4,01-7152
618808,ca4,86-3630
1337458,ca4,97-4142
1746257,ca4,84-5019
66086803,ca4,No. 1544
2325529,ca4,84-6110
2826035,ca4,12-6431
18463964,ca4,20-6441
2365831,ca4,00-6192
2469788,ca4,08-7872
65958880,ca4,No. 14-7332
765995,ca4,72-2443
903795,ca4,95-5044
2824063,ca4,"97-1593, 97-1594 and 97-1599"
371727,ca4,78-1825
781223,ca4,11-4623
617885,ca4,82-6767
66111850,ca4,Nos. 2091-2094
902577,ca4,86-5061
1043491,ca4,05-1578
66182453,ca4,No. 77-1278
2379208,ca4,08-8526
1343389,ca4,03-2501
1140978,ca4,03-6866
628529,ca4,99-2528
447356,ca4,97-7838
1387638,ca4,84-1048
15737870,ca4,17-4727
833374,ca4,02-6536
1040269,ca4,94-5151
1106541,ca4,81-5095
65659632,ca4,"Nos. 11-1057, 11-1058"
1095155,ca4,97-7697
2456842,ca4,00-6451
1111198,ca4,09-6092
1044157,ca4,94-6208
241840,ca4,85-1672
923683,ca4,03-6332
66156737,ca4,No. 10718
813939,ca4,87-5073
1100502,ca4,4342
1206046,ca4,01-6695
2824175,ca4,97-2341
862499,ca4,84-1136
1532052,ca4,12-6576
924641,ca4,02-4958
991550,ca4,88-7099
2458425,ca4,00-1106
343971,ca4,77-1442
1084248,ca4,12-4320
65727114,ca4,No. 09-6558
633986,ca4,01-1920
1610876,ca4,90-6438
66168211,ca4,"Nos. 71-2140, 71-2141"
97257,ca4,11-1112
1495468,ca4,97-6960
63999361,ca4,"Nos. 6903, 6904"
1399311,ca4,83-1273
632409,ca4,99-4936
554861,ca4,91-2306
63966702,ca4,No. 4411
66167830,ca4,No. 71-1055
503144,ca4,88-1142
818239,ca4,88-3144
1388518,ca4,10-1136
1017220,ca4,07-6367
66269448,ca4,"Nos. 90-2499, 90-2509"
16383345,ca4,18-4698
62644423,ca4,21-7308
306914,ca4,89-6593
65686307,ca4,No. 05-6353
59952280,ca4,21-6139
65694446,ca4,No. 11-1252
65885757,ca4,No. 05-7798
739146,ca4,94-1218
1981089,ca4,89-3249
2825784,ca4,10-1891
473,ca4,18-6257
65590666,ca4,22-6445
512387,ca4,84-1407
281815,ca4,13-79825
1131841,ca4,91-7235
2207856,ca4,88-2814
65710706,ca4,No. 13-7425
2824190,ca4,96-7539
219561,ca4,80-5057
2070013,ca4,11-1523
66976867,ca4,22-1812
2279433,ca4,09-7558
65942261,ca4,No. 07-1346
771824,ca4,91-6336
65958315,ca4,No. 13-7881
1022630,ca4,11-1344
2141775,ca4,10-1462
1528664,ca4,92-6450
63947542,ca4,No. 3484
760634,ca4,72-1437
533250,ca4,98-4570
6326846,ca4,17-1736
64007647,ca4,No. 8197
66910241,ca4,23-6110
1489368,ca4,"02-7755, 02-7818"
805297,ca4,95-5796
67481679,ca4,21-4717
1764046,ca4,91-8107
63192388,ca4,21-7396
1001866,ca4,06-7646
65692922,ca4,No. 09-8263
402823,ca4,79-8377
2281571,ca4,99-2536
65698409,ca4,No. 05-7565
906789,ca4,98-4799
1735944,ca4,94-8099
65715494,ca4,No. 09-6003
65960418,ca4,No. 14-7903
279319,ca4,14-6053
65599117,ca4,22-6824
1140895,ca4,03-4720
1835871,ca4,83-6630
65705432,ca4,No. 12-6516
3020727,ca4,15-1248
62608735,ca4,20-4342
281987,ca4,88-5062
1111066,ca4,07-6551
66760608,ca4,22-1721
65956913,ca4,No. 12-7162
65956402,ca4,No. 11-6897
2228938,ca4,06-6674
919444,ca4,13-1482
996259,ca4,08-6081
387523,ca4,77-2413
908675,ca4,00-4715
743340,ca4,02-2116
66242199,ca4,No. 88-3074
2434146,ca4,04-8020
1217232,ca4,08-6076
14991411,ca4,18-4369
2244652,ca4,11-7120
911978,ca4,"03-6998, 03-7622"
384486,ca4,07-4597
204484,ca4,95-8516
1112632,ca4,13-6470
66254770,ca4,No. 89-2401
66220650,ca4,No. 85-2285
1236051,ca4,04-1085
1635442,ca4,06-6304
1198355,ca4,03-6799
2320978,ca4,76-1825
571432,ca4,08-6760
152943,ca4,79-1428
1115447,ca4,12-1071
64281304,ca4,No. 02-1496
452832,ca4,9338
672509,ca4,05-5195
971515,ca4,6940_1
1257047,ca4,03-6205
1351929,ca4,08-1027
2451377,ca4,79-6395
59071012,ca4,20-4142
59198241,ca4,20-4325
2182673,ca4,05-6599
253686,ca4,13-4566
2383921,ca4,03-1805
1100588,ca4,79-1735
1082318,ca4,09-7521
410983,ca4,81-2175
163863,ca4,13-7831
1673968,ca4,04-7222
971152,ca4,92-1829
1588328,ca4,96-6560
1364065,ca4,83-8131
2466664,ca4,99-6646
66033387,ca4,No. 489
61686,ca5,98-20498
66259535,ca5,No. 90-1649
1472002,ca5,84-1769
323801,ca5,90-1761
67839697,ca5,23-50046
1360472,ca5,73-2922
65730097,ca5,No. 09-40454
2480569,ca5,92-7363
63974298,ca5,No. 9934
65965039,ca5,No. 16-50345 Summary Calendar
66163399,ca5,No. 28232
1470720,ca5,78-2139
66023795,ca5,No. 863
2096991,ca5,89-1164
1491213,ca5,89-5632
1286091,ca5,05-30817
3021452,ca5,15-50282
84446,ca5,12-31184
6178795,ca5,16-11639
63934728,ca5,No. 6020
911318,ca5,00-31145
2148021,ca5,05-40896
1624278,ca5,10603
342371,ca5,04-50299
1922190,ca5,08-40840
618675,ca5,15301_1
63945687,ca5,No. 6707
1123390,ca5,96-50613
573088,ca5,80-7882
18617308,ca5,20-10210
4538766,ca5,15-11205 Summary Calendar
2045630,ca5,83-3453
63974194,ca5,No. 10052
67682072,ca5,22-10227
2492606,ca5,04-50577
877833,ca5,11-40863
716253,ca5,29067_1
188910,ca5,22845_1
1167153,ca5,80-3549
817689,ca5,09-20593
417958,ca5,09-20006
2060940,ca5,73-3354
1125559,ca5,15285
978150,ca5,10-40523
1682554,ca5,91-2741
265015,ca5,16193
691705,ca5,98-30719
1459457,ca5,05-20200
772283,ca5,72-3797
63983869,ca5,No. 11612
706225,ca5,71-1518
55350,ca5,95-50433
235952,ca5,99-40487
2452924,ca5,11-41301
806622,ca5,98-30778
2148733,ca5,89-1664
66187163,ca5,No. 78-2406
205652,ca5,13-30891
39117,ca5,97-50862
68274955,ca5,24-40103
66195540,ca5,"Nos. 82-4312, 82-4317"
2475704,ca5,96-10391
330231,ca5,94-50646
2499209,ca5,89-4614
1021150,ca5,10-51036
2642497,ca5,13-51134
506901,ca5,97-20526
2494122,ca5,03-40686
759646,ca5,79-2394
506294,ca5,89-4571
1592908,ca5,08-30515
2095606,ca5,72-2811
1504524,ca5,93-03121
511340,ca5,90-1515
1529746,ca5,94-10714
1180085,ca5,89-2107
1157593,ca5,11-20419
351132,ca5,73-2176
66188119,ca5,No. 78-1183
1078979,ca5,96-40331
4117504,ca5,15-11056
308148,ca5,71-3528
702304,ca5,71-1453_1
2349991,ca5,91-5702
2098424,ca5,90-4063
421277,ca5,08-30423
1407796,ca5,21533_1
1979129,ca5,95-10449
287558,ca5,89-3914
1468321,ca5,85-2310
58997543,ca5,20-10156
18771,ca5,97-50904
1008819,ca5,23544_1
2148995,ca5,13715
62267,ca5,13-10430
518465,ca5,09-50481
63970490,ca5,No. 9331
612305,ca5,96-10446
66148864,ca5,No. 20875
66259994,ca5,"Nos. 89-1218, 89-1290"
71410,ca5,08-10648
1981820,ca5,96-10180
95843,ca5,86-4118
63344288,ca5,20-60695
61546337,ca5,21-10500
1508162,ca5,94-60747
1564930,ca5,89-2375
2492449,ca5,95-50621
63737502,ca5,No. 4203
1503296,ca5,94-10498
65690480,ca5,No. 10-40758
498002,ca5,95-40635
1323967,ca5,82-4286
1021523,ca5,10-31224
1984384,ca5,96-60264
14986846,ca5,18-20518
1498877,ca5,93-08531
2491688,ca5,27204_1
1540622,ca5,75-1770
2441875,ca5,90-1986
1527219,ca5,92-3228
345596,ca5,89-3730
2441161,ca5,00-40022
807872,ca5,86-4747
15582765,ca5,18-11216
1216804,ca5,06-51446
343232,ca5,92-1618
63965995,ca5,No. 8700
66252838,ca5,No. 89-4510
150132,ca5,"11-50621, 11-50632"
65736915,ca5,22-10531
651138,ca5,25542
2489562,ca5,87-4150
65957616,ca5,No. 14-50250
63967929,ca5,No. 9086
1853125,ca5,92-4351
2115990,ca5,05-51252
757607,ca5,76-4291
65643968,ca5,21-60794
954070,ca5,12891_1
714496,ca5,28678
592609,ca5,21064_1
27531,ca5,00-60331
1764739,ca5,72-2937
2003518,ca5,01-20562
2124374,ca5,94-20198
2651399,ca5,14-50261
2653060,ca5,13-60764
2259829,ca5,09-40882
1084518,ca5,12-30368
14555735,ca5,17-30486
1114900,ca5,73-1415
2325187,ca5,74-3634
320027,ca5,97-41070
65732037,ca5,No. 09-50484
358778,ca5,12-41043
1218584,ca5,94-40318
85791,ca5,13-11003
2467542,ca5,06-41622
63991605,ca5,No. 12558
212681,ca5,04-60654
6077830,ca5,16-11267
2450312,ca5,94-10110
17076479,ca5,19-20058
658339,ca5,21456_1
1447854,ca5,05-40622
151456,ca5,98-21100
2285484,ca5,99-50571
135830,ca5,92-4274
246231,ca5,17552_1
410309,ca5,10-20540
561659,ca5,82-2472
2594147,ca5,13-51181
63989730,ca5,No. 12494
2348231,ca5,82-3225
2379471,ca5,08-50351
60381658,ca5,20-50051
18716250,ca5,20-10329
1143145,ca5,20436
964992,ca5,85-3574
1871303,ca5,95-10570
563311,ca5,91-1950
881077,ca5,10-40367
822688,ca5,78-5099
1368682,ca5,82-3183
66156971,ca5,No. 23290
3072400,ca5,15-50802
10477,ca5,20-50155
650304,ca5,90-3640
299456,ca5,04-50870
371259,ca5,08-50670
1413639,ca5,88-1160
173030,ca5,93-03018
63973154,ca5,No. 9801
1435569,ca5,13-41304
50205,ca5,05-60513
65959914,ca5,No. 14-40759
2499266,ca5,08-20530
199700,ca5,06-60303
2024277,ca5,92-3076
1653959,ca5,84-3020
65890160,ca5,No. 06-40472
288513,ca5,96-60096
70059436,ca5,24-20402
4629890,ca5,16-40472
2448187,ca5,95-31097
769863,ca5,82-3120
502374,ca5,82-4078
83036,ca5,16281_1
66263634,ca5,No. 88-2756
66023637,ca5,No. 903
3037294,ca5,15-40667
2613101,ca5,14-50164
66187860,ca5,No. 78-5596
65963979,ca5,No. 16-20208 Conference Calendar
1053256,ca5,96-10012
16142377,ca5,18-60178
6333686,ca5,17-40730
760318,ca5,78-1566
168998,ca5,00-41121
15667462,ca5,18-11226
1184763,ca5,05-60270
1413164,ca5,00-40850
1976808,ca5,93-04982
1831090,ca5,82-1273
1978215,ca5,95-10092
1441717,ca5,91-3419
63932488,ca5,No. 5610
1589219,ca5,83-4258
280388,ca5,03-10807
997437,ca5,74-1933
56516,ca5,99-50686
1105772,ca5,12-50550
2045672,ca5,00-20844
17212338,ca5,19-20647
67755954,ca5,23-30077
66188670,ca5,No. 79-4069
558939,ca5,80-1955
1408526,ca5,71-2366
2329907,ca5,08-70030
1646299,ca5,85-1238
1291906,ca5,85-3339
69538,ca5,08-30826
2151514,ca5,95-30173
761601,ca5,79-2970
587925,ca5,21456
66893084,ca5,22-60326
1182525,ca5,01-60160
2162624,ca5,92-07808
1299881,ca5,82-3622
2183613,ca5,94-60592
2004218,ca5,23171
344220,ca5,11-30669
600413,ca5,10-60452
2213295,ca5,87-2861
169589,ca5,04-50305
69554106,ca5,24-60264
16960138,ca5,19-50654
65955910,ca5,No. 12-40263
1117328,ca5,88-3090
361083,ca5,26705_1
203207,ca5,86-4692
66185163,ca5,No. 76-2845
129091,ca5,95-60006
1401002,ca5,99-30056
2208252,ca5,76-3959
66161568,ca5,No. 26338
696308,ca5,22465
66164888,ca5,No. 30678
503738,ca5,85-4138
2224702,ca5,93-07402
309770,ca5,79-2341
878771,ca5,11-60843
1714953,ca5,97-50242
65711174,ca5,No. 13-50261
53208,ca5,03-20049
206375,ca5,99-30401
298419,ca5,04-10496
66556775,ca5,22-30267
541220,ca5,08-30183
65658258,ca5,No. 17-20429
66175031,ca5,No. 75-1262
603553,ca5,74-2279
343249,ca5,92-9508
4607947,ca5,16-20191
67763834,ca5,22-11150
172804,ca5,04-41205
964838,ca5,12-10229
283882,ca5,01-10183
1232851,ca5,08-10714
372574,ca5,75-2195
66180820,ca5,No. 75-2528
1130329,ca5,90-4352
6287332,ca5,16-11596 Summary Calendar
268319,ca5,83-1829
63991439,ca5,No. 12590
342792,ca5,92-1335
513664,ca5,92-5043
1351216,ca5,01-21071
1474174,ca5,90-3662
63376827,ca5,21-50169
2335643,ca5,74-1317
65960116,ca5,No. 14-60633
2194069,ca5,30035
2449646,ca5,89-6274
161550,ca5,05-21037
1402854,ca5,10-11150
2442469,ca5,73-2569
784521,ca5,74-2459
416362,ca5,78-5127
537683,ca5,09-40075
2196853,ca5,92-03977
23009,ca5,96-60362
1114464,ca5,92-4047
65956791,ca5,No. 11-51113
14794543,ca5,18-40283
24815,ca5,86-2342
2486065,ca5,89-3571
771201,ca5,73-2701
63962200,ca5,No. 8475
72823,ca5,13-10606
2140150,ca5,77-1717
66961640,ca5,21-60892
80227,ca5,01-30580
66060392,ca5,"No. 2,019"
7591545,ca5,17-41238
2480760,ca5,91-5039
2444674,ca5,85-2185
1375258,ca5,13-41359
2443058,ca5,08-41321
3014740,ca5,14-31188
2146108,ca5,92-8268
233075,ca5,08-60660
976765,ca5,95-30578
16639708,ca5,19-60110
6336817,ca5,17-30552
60673229,ca5,20-20574
6144556,ca5,17-30089 Summary Calendar
66169959,ca5,No. 73-1603
2497496,ca5,12-41283
186160,ca5,04-10151
6161059,ca5,17-50107 Summary Calendar
2070461,ca5,93-02872
708212,ca5,26869
2131466,ca5,92-7212
755946,ca5,72-2282
644755,ca5,96-20274
2213969,ca5,86-4499
59957151,ca5,20-40743
2241165,ca5,94-40421
1411056,ca5,79-5073
1193026,ca5,06-40501
920798,ca5,97-41035
536293,ca5,11-31121
317677,ca5,92-02743
2485353,ca5,93-05523
65411926,ca5,21-20386
68451387,ca5,23-10421
1852884,ca5,90-2554
2033667,ca5,09-40256
6178770,ca5,16-51384
71211746,ca5,24-51015
59700891,ca5,20-50487
249464,ca5,02-41046
976881,ca5,87-1009
1986586,ca5,91-7386
2019754,ca5,06-50451
2355349,ca5,95-30273
457583,ca5,78-2896
1171023,ca5,03-60220
348001,ca5,08-40704
996038,ca5,9249
2374721,ca5,86-2181
317159,ca5,84-1149
615558,ca5,92-5091
747754,ca5,351
2426215,ca5,88-4496
898904,ca5,78-1633
706541,ca5,27491_1
2122734,ca5,84-2753
68912270,ca5,23-11081
2372049,ca5,92-3569
483533,ca5,78-5427
1445223,ca5,11-50748
768621,ca5,72-3269
71562,ca5,"08-50812, 08-50863"
528063,ca5,92-1515
103243,ca5,99-31027
533591,ca5,13981
757674,ca5,71-3168
16729834,ca5,19-50356
1537572,ca5,06-20157
1999893,ca5,00-20802
1974904,ca5,86-2709
2178248,ca5,96-10480
308939,ca5,10-50357
2044065,ca5,06-10258
657976,ca5,02-40718
63892105,ca5,21-40445
2021005,ca5,1250_1
2185655,ca5,73-2199
2438131,ca5,88-1314
72252,ca5,00-60844
59298236,ca5,20-20177
1504537,ca5,07-30443
1455764,ca5,86-4447
65712468,ca5,No. 13-20215
132153,ca5,02-20442
65893221,ca5,No. 06-40661
171137,ca5,03-51392
6433,ca5,19-40664
496991,ca5,14310
1466953,ca5,73-1223
525303,ca5,81-2381
4554240,ca5,16-30039
365321,ca5,57
33435,ca5,04-41500
185550,ca5,03-41609
1893914,ca5,12-10553
65697549,ca5,No. 05-60065
32713,ca5,04-60938
112541,ca5,17241_1
78937,ca5,13-20160
2387902,ca5,96-30902
1475376,ca5,86-2178
63925408,ca5,No. 4802
125870,ca5,02-40931
85588,ca5,12-60537
296452,ca5,18055
1481392,ca5,01-60547
59555,ca5,98-30257
55779,ca5,95-50116
29110,ca5,02-40871
193353,ca5,05-50318
2434810,ca5,05-61086
899316,ca5,"25708, 25755"
2134372,ca5,05-10433
1198525,ca5,08-20845
66170874,ca5,No. 73-1483
65954075,ca5,No. 07-51153
505689,ca5,96-30134
2300013,ca5,71-2560
299336,ca5,05-60366
3050273,ca5,15-50773
206007,ca5,08-60575
1501374,ca5,88-3921
920831,ca5,72-3497
343078,ca5,92-4948
1979453,ca5,95-30141
65697175,ca5,No. 05-10430
66188225,ca5,No. 78-1879
341487,ca5,10-51172
754299,ca5,71-3522
2499329,ca5,09-40797
29601,ca5,97-31241
968759,ca5,85-1568
63355984,ca5,20-20621
1994190,ca5,98-41211
1420865,ca5,91-4079
2683817,ca5,14-10932
161104,ca5,01-40275
2621912,ca5,14-20105
1893890,ca5,97-30391
278824,ca5,91-1476
59801592,ca5,20-50703
163773,ca5,02-50577
65719489,ca5,No. 08-20227
66216121,ca5,"Nos. 84-3832, 84-3833"
2455098,ca5,29129
1676187,ca5,85-2827
630968,ca5,23018_1
59731149,ca5,19-60315
538099,ca5,79-3349
2441500,ca5,92-2184
1506023,ca5,93-07696
746415,ca5,80-1669
456223,ca5,84-1104
6057499,ca5,15-11219 Summary Calendar
60177366,ca5,21-10073
96249,ca5,09-10505
64097679,ca5,No. 01-60364
2031645,ca5,06-60708
421142,ca5,09-50296
309856,ca5,95-30126
65721887,ca5,No. 08-10169
65956122,ca5,"Nos. 11-50344, 11-50363"
68177,ca5,97-50241
1940781,ca5,73-3006
173070,ca5,93-04935
2393576,ca5,01-30230
2486178,ca5,97-20126
590341,ca5,98-60551
2458727,ca5,74-3054
138077,ca5,80-7084
2028897,ca5,12943
2495330,ca5,96-20281
166306,ca5,01-50251
63949432,ca5,No. 6973
1148023,ca5,93-08889
225038,ca5,96-40830
1181306,ca5,73-2803
610778,ca5,14486
66161574,ca5,No. 26455
69117661,ca5,23-50741
1162931,ca5,12-40416
504871,ca5,84-3470
696315,ca5,1351
7403942,ca5,17-40340
4469281,ca5,15-41492
63987243,ca5,No. 12096
16618314,ca5,17-10253
120030,ca5,87-6311
2304726,ca5,77-3271
1471501,ca5,91-3581
73393,ca5,01-40177
725461,ca5,71-2963
80359,ca5,77-3501
2636520,ca5,14-40045
693230,ca5,77-2523_1
535520,ca5,08-30958
8505596,ca5,18-50131
16032894,ca5,18-10590
16142372,ca5,17-20689
317319,ca5,80-2185
4418752,ca5,15-30863
300367,ca5,05-40678
480994,ca5,75-4045
66155587,ca5,No. 22353
66144225,ca5,No. 772
2501382,ca5,93-01482
501387,ca5,88-3806
1993345,ca5,98-10815
951642,ca5,80-2100
1445146,ca5,97-40534
1063941,ca5,74-1799
1610508,ca5,93-05540
277094,ca5,91-4639
2020539,ca5,06-50664
2344432,ca5,08-40635
1266560,ca5,90-2771
64004127,ca5,No. 16870
66255583,ca5,No. 89-1890
418885,ca5,96-10303
1998694,ca5,00-10554
65659047,ca5,No. 07-60756
4946422,ca5,16-41215
392238,ca5,74-3180
971633,ca5,07-20165
340874,ca5,05-41039
65662964,ca5,No. 15-11010
8780,ca5,19-60650
67963453,ca5,23-20027
344264,ca5,93-07575
2149553,ca5,94-50358
392580,ca5,97-41155
63956171,ca5,No. 7835
63946265,ca5,No. 6791
1177072,ca5,11-40740
1489530,ca5,07-50786
65685306,ca5,No. 04-50277
575122,ca5,10-10200
395023,ca5,98-50255
349761,ca5,96-10504
111298,ca5,12-10286
112212,ca5,99-20440
2215665,ca5,79-2559
18957,ca5,12-20412
1159061,ca5,96-31051
1987479,ca5,97-40152
759405,ca5,72-2639
66080132,ca5,No. 2769
2204886,ca5,79-1677
2483843,ca5,76-1279
17475828,ca5,19-40470
1121646,ca5,10-10686
675951,ca5,20113
763704,ca5,81-3047
17475816,ca5,20-60054
68064694,ca5,23-10129
1075262,ca5,12-60036
66092350,ca5,No. 3080
1238837,ca5,07-10831
1826872,ca5,92-1842
5179311,ca5,15-31094
413717,ca5,09-60328
951552,ca5,92-8167
2477227,ca5,92-5135
65887779,ca5,No. 05-51425
65595028,ca5,21-60083
2402208,ca5,80-7227
580239,ca5,93-5486
17349968,ca5,19-10993
2162973,ca5,87-2406
1989411,ca5,94-41021
111039,ca5,01-40339
232045,ca5,07-60605
2197248,ca5,80-3320
1159903,ca5,02-20077
67674385,ca5,21-60681
719276,ca5,28503
63959167,ca5,No. 7930
1223746,ca5,91-1346
17039596,ca5,18-60786
461962,ca5,85-2579
147514,ca5,02-60472
201590,ca5,99-20295
26946,ca5,01-11243
65960273,ca5,No. 14-41432
68250666,ca5,23-50466
2165535,ca5,00-10636
1197331,ca5,92-1005
193048,ca5,71-2017
65964237,ca5,No. 16-30162 Summary Calendar
130547,ca5,92-08490
2191955,ca5,96-50335
436018,ca5,19672_1
1233312,ca5,81-5157
26197,ca5,98-50129
558856,ca5,81-3110
690937,ca5,75--2491
665753,ca5,26207_1
695660,ca5,12-50310
2490589,ca5,01-41064
7344572,ca5,17-30820
63936405,ca5,No. 5846
2001306,ca5,87-1292
2198272,ca5,83-1405
2483154,ca5,92-5090
18570162,ca5,20-50489
147412,ca5,02-40883
67127553,ca5,22-10444
2107272,ca5,96-60451
2028980,ca5,07-11225
2111119,ca5,93-07089
202757,ca5,96-60096
16155465,ca5,18-11302
1459770,ca5,93-04944
2644681,ca5,14-10657
69223276,ca5,24-60195
65708024,ca5,No. 12-40050
1460156,ca5,95-20586
733779,ca5,01-60639
2098026,ca5,02-40943
2485791,ca5,87-6117
1606819,ca5,86-4457
1839244,ca5,13577_1
271750,ca5,17374
2126915,ca5,23494
64938149,ca5,21-50022
63972344,ca5,No. 9504
44812,ca5,95-40012
2452329,ca5,97-41144
2401179,ca5,98-40305
1549799,ca5,96-50852
1497989,ca5,93-03038
673402,ca5,12157
68388692,ca5,23-10383
61646388,ca5,20-20531
2213945,ca5,09-10762
786831,ca5,11-30607
53799,ca5,04-60988
2799723,ca5,14-20420
2163186,ca5,76-3659
417895,ca5,78-5093
798354,ca5,07-50691
66073662,ca5,No. 2524
4480046,ca5,15-10687
1464010,ca5,85-1032
66802482,ca5,21-50807
66176529,ca5,No. 75-3724
1403153,ca5,71-2770
268543,ca5,84-3246
69051481,ca5,23-60546
2469132,ca5,71-2812
2662709,ca5,14-50893
17026301,ca5,19-30544
939290,ca5,80-3492
65688245,ca5,No. 09-41179
62639984,ca5,20-40781
986413,ca5,87-2175
54575,ca5,75-4411
92120,ca5,99-11397
186566,ca5,06-70004
995143,ca5,03-40950
2482327,ca5,05-30788
739582,ca5,01-60270
23388,ca5,01-30563
1999617,ca5,90-2434
2271664,ca5,30621
80735,ca5,13-50239
2197033,ca5,96-11333
4684491,ca5,15-60584 Summary Calendar
64007633,ca5,No. 18450
454370,ca5,01-50448
1770069,ca5,71-2897
2430427,ca5,96-30548
184386,ca5,06-51327
2471816,ca5,85-40628
364866,ca5,30699
16164264,ca5,18-11552
543915,ca5,21037_1
2352304,ca5,91-4524
233136,ca5,07-61025
876228,ca5,10-20497
1075649,ca5,09-31215
812465,ca5,86-4790
791281,ca5,80-3941
186038,ca5,80-5255
14852,ca5,99-30499
2628005,ca5,14-60167
642685,ca5,13778_1
1129308,ca5,6993
1117483,ca5,05-41110
676952,ca5,20573_1
1240302,ca5,14960
1852296,ca5,90-1441
879613,ca5,12-60186
1984006,ca5,92-1179
2449783,ca5,02-20715
1421935,ca5,89-2515
2421311,ca5,92-5293
1244284,ca5,97-10480
1690533,ca5,97-10663
499570,ca5,84-5001
2067205,ca5,73-2322
6170277,ca5,16-60715
65728745,ca5,No. 09-40238
223789,ca5,95-20821
2475128,ca5,90-8466
617818,ca5,27068
65757048,ca5,21-10984
1431066,ca5,93-03555
63559775,ca5,21-40896
2493045,ca5,01-20004
65687722,ca5,No. 04-41451
66174281,ca5,No. 73-3913
2456871,ca5,05-50550
2004958,ca5,02-50198
1237705,ca5,13-41342
2472468,ca5,97-40852
66195096,ca5,No. 82-1481
6355731,ca5,17-50215
900029,ca5,12-60291
220049,ca5,81-7061
1501201,ca5,77-1034
1374535,ca5,92-7032
16227800,ca5,18-10291
63383209,ca5,21-40357
63961720,ca5,No. 8106
805537,ca5,86-1087
1622360,ca5,95-60121
2421393,ca5,90-3100
66141625,ca5,No. 657
16877206,ca5,18-11071
2003972,ca5,09-40785
59822958,ca5,20-60445
1240796,ca5,01-50604
2030462,ca5,08-60036
1146566,ca5,76-2361
154130,ca5,04-41169
660592,ca5,76-2044
2480808,ca5,94-10241
1705141,ca5,86-4008
149577,ca5,96-41007
737469,ca5,90-3483
2100558,ca5,88-4737
651797,ca5,09-50614
2040176,ca5,91-5534
65908094,ca5,No. 06-30469
1468348,ca5,98-41009
1335813,ca5,88-1100
60419846,ca5,21-40189
1091450,ca5,82-4543
7745344,ca5,"16-30104; cons. w/ 16-30226, cons. w/ 16-30013, cons. w/ 16-30527"
68535,ca5,07-51334
66076435,ca5,No. 2585
61588333,ca5,21-51083
66075701,ca5,No. 2678
67584,ca5,00-41149
321685,ca5,09-30167
1604901,ca5,93-03787
1647554,ca5,08-30995
453318,ca5,14219
65885728,ca5,No. 05-41334
501641,ca5,84-3198
14531817,ca5,16-20751
325283,ca5,90-3512
200240,ca5,74-4047
66186692,ca5,"Nos. 76-1093, 76-1094"
944422,ca5,09-60831
456673,ca5,90-4364
14939,ca5,90-4311
419730,ca5,09-60063
613165,ca5,12-30955
157030,ca5,06-50262
60003753,ca5,21-10036
1386368,ca5,76-3433
2175574,ca5,95-20740
2127617,ca5,05-41732
487240,ca5,08-30680
763828,ca5,72-3111
233051,ca5,08-50453
2473404,ca5,06-40840
65710274,ca5,No. 12-50883
1985324,ca5,96-20403
121461,ca5,05-51641
2485501,ca5,05-51149
66056664,ca5,"No. 1,893"
440003,ca5,98-40272
2297077,ca5,93-08536
489941,ca5,"91-2067, 91-2271"
2168383,ca5,73-4002
746691,ca5,22527_1
65658636,ca5,No. 06-60308
2440808,ca5,93-05546
65908578,ca5,No. 06-51365
1698957,ca5,00-10900
2189513,ca5,76-3497
85524,ca5,13-10480
59091,ca5,15812
1497198,ca5,93-03553
462271,ca5,90-3808
535539,ca5,09-20651
682550,ca5,28565
63370111,ca5,21-40303
1997992,ca5,00-20156
66116042,ca5,No. 4226
729080,ca5,03-30598
1757492,ca5,94-60779
1418653,ca5,"99-50742, 99-51171"
192687,ca5,04-10082
1955060,ca5,76-1508
306104,ca5,10-10430
375662,ca5,08-10476
2168339,ca5,93-07312
16654434,ca5,18-10304
1394050,ca5,14-60525
1930987,ca5,207
655380,ca5,23530_1
289124,ca5,00-60668
1490626,ca5,95-40534
1076348,ca5,79-5006
2322784,ca5,96-60272
824672,ca5,89-2279
16565324,ca5,19-10042
2404755,ca5,97-11415
4480031,ca5,16-40045
2015414,ca5,05-20034
906669,ca5,85-4395
2479991,ca5,74-3782
1037466,ca5,99-30827
1014467,ca5,04-20005
1195128,ca5,93-01631
66175793,ca5,No. 74-1546
783394,ca5,89-5510
2417765,ca5,93-03302
1999418,ca5,90-8036
414891,ca5,09-10383
64884038,ca5,21-60163
4560208,ca5,14-20543
1900880,ca5,94-10442
194377,ca5,08-31084
47958,ca5,04-50462
547465,ca5,78-2337
956800,ca5,72-1316
1180334,ca5,21481_1
63930014,ca5,No. 5445
1466122,ca5,17989
343230,ca5,92-1557
24144,ca5,01-60016
6079898,ca5,16-40773 Summary Calendar
66125244,ca5,No. 32
2129185,ca5,82-4490
1406166,ca5,95-10606
6537094,ca5,17-10667
2155347,ca5,91-1322
66168160,ca5,No. 72-2052
66819616,ca5,22-30038
1440415,ca5,88-2922
309408,ca5,78-2737
2007035,ca5,02-61029
1427874,ca5,95-20487
146773,ca5,15758_1
2714364,ca5,14-31072
670708,ca5,21458
65688527,ca5,No. 05-50710
63923121,ca5,No. 4666
3085700,ca5,14-60163 Summary Calendar
474286,ca5,22709
2361555,ca5,26022
666232,ca5,26483
776111,ca5,12-20529
3044564,ca5,15-40413
365340,ca5,90-1527
1970403,ca5,88-4554
469455,ca5,13676_1
1590575,ca5,1201_1
1969373,ca5,95-40861
69253,ca5,08-60351
2488473,ca5,06-20405
65402121,ca5,22-10076
206532,ca5,76-2851
2384685,ca5,84-3406
7634875,ca5,18-40083
2318411,ca5,90-3324
65717255,ca5,No. 08-40720
1743422,ca5,85-2808
735654,ca5,01-21256
527731,ca5,92-2490
63976145,ca5,No. 10286
65965556,ca5,No. 17-10225 Summary Calendar
65966608,ca5,No. 17-20196 Summary Calendar
66190593,ca5,No. 80-5228
52767,ca5,00-10676
1156274,ca5,03-50018
1477860,ca5,85-3086
66105672,ca5,No. 3702
1995001,ca5,99-30396
2458682,ca5,16685_1
67095876,ca5,22-10314
2001506,ca5,07-60737
2393110,ca5,25036
325625,ca5,80-3707
1023459,ca5,10-20877
17961,ca5,12-20412
217452,ca5,96-20340
67710201,ca5,22-50939
585103,ca5,912
62636024,ca5,20-11204
66166883,ca5,No. 71-2073
1726901,ca5,09-30508
414234,ca5,76-4404
580188,ca5,10-30718
63928697,ca5,No. 5254
254409,ca5,96-10337
8127278,ca5,17-30928
177309,ca5,83-2650
65963064,ca5,No. 15-10814 Conference Calendar
839206,ca5,92-4158
206359,ca5,99-21150
4110398,ca5,15-50576 Summary Calendar
283383,ca5,93-04399
117031,ca5,85-3639
2109890,ca5,95-40216
3051520,ca5,15-40619
557726,ca5,90-8387
504130,ca5,98-30806
65691050,ca5,No. 10-50310
1419616,ca5,76-1207
823831,ca5,89-2544
6488239,ca5,15-70038
60010919,ca5,20-50615
124018,ca5,79-3432
1362566,ca5,76-3929
66030499,ca5,"No. 1,126"
1174515,ca5,13-40597
3010289,ca5,13-31287
2072498,ca5,86-4123
68943886,ca5,23-30652
2509830,ca5,5515
17470162,ca5,19-40999
928045,ca5,91-9564
930997,ca5,10-51026
59835519,ca5,20-40636
68250668,ca5,21-40543
542692,ca5,83-2619
66079170,ca5,No. 2773
2619256,ca5,14-60282
1710270,ca5,11-10668
2058970,ca5,95-50247
63273315,ca5,21-50821
354665,ca5,77-2320
2188363,ca5,94-20139
726966,ca5,71-1949
412477,ca5,78-2582
1047480,ca5,85-1403
63964114,ca5,No. 8303
192375,ca5,04-41030
748271,ca5,30136_1
1313300,ca5,82-3468
47947,ca5,99-30754
2388063,ca5,79-2513
2034842,ca5,09-40636
3055672,ca5,15-10817
63406085,ca5,22-10255
986328,ca5,84-1283
65655301,ca5,No. 00-10512
211718,ca5,03-30302
1359862,ca5,93-08306
68308804,ca5,23-11001
204058,ca5,04-50173
288530,ca5,01-20032
2029978,ca5,08-50294
2027964,ca5,74-1282
1970183,ca5,96-20188
2260849,ca5,95-30679
1115322,ca5,97-60446
219019,ca5,94-20914
2167095,ca5,95-50509
1379951,ca5,85-4672
873708,ca5,98-51009
125818,ca5,97-50051
1237090,ca5,04-51264
395367,ca5,13-10074
104184,ca5,03-20484
2435389,ca5,97-10232
315818,ca5,04-51237
18433,ca5,91-8581
708971,ca5,80-7284
760574,ca5,72-2324
2033315,ca5,08-40708
193322,ca5,04-10337
1437473,ca5,05-10668
66218285,ca5,No. 85-3394
68406681,ca5,22-50183
66139997,ca5,No. 598
49697,ca5,91-02701
2476001,ca5,86-2324
1799309,ca5,95-10848
801813,ca5,09-20857
1118893,ca5,85-3728
2842428,ca5,15-40395
210859,ca5,13856
22220,ca5,96-21066
686346,ca5,87-3872
58268,ca5,99-60123
65966018,ca5,No. 17-60108 Summary Calendar
143011,ca5,79-8026
266966,ca5,87-2354
410780,ca5,13-41098
67145455,ca5,22-50131
190784,ca5,04-41418
1738017,ca5,99-10618
997659,ca5,9944
718854,ca5,29831_1
1326508,ca5,16072_1
1667100,ca5,95-10979
4115531,ca5,15-30202 Summary Calendar
717477,ca5,28967_1
593535,ca5,83-4040
4475005,ca5,15-10834
1477209,ca5,96-41017
1245885,ca5,96-40652
66142539,ca5,No. 687
1132788,ca5,10840
287095,ca5,19034_1
1187015,ca5,11-41394
573985,ca5,75-3852
1383008,ca5,93-05325
66105706,ca5,No. 3842
2009639,ca5,03-51269
1120618,ca5,84-1241
60419840,ca5,21-40267
655537,ca5,24164_1
1661937,ca5,23719
943581,ca5,74-3972
192691,ca5,06-10936
389526,ca5,06-60023
566257,ca5,74-3762
201529,ca5,02-60493
233735,ca5,98-10245
16948154,ca5,19-10445
209651,ca5,08-50016
65964540,ca5,No. 16-41042 Conference Calendar
1876794,ca5,09-40546
1817064,ca5,96-40007
65963634,ca5,No. 15-40804 Summary Calendar
2164964,ca5,11-30366
486297,ca5,99-41382
280228,ca5,85-2318
1660019,ca5,11-50608
1901938,ca5,96-60079
287685,ca5,88-1964
1083453,ca5,24459
66220706,ca5,No. 85-4786
4583089,ca5,16-10442
6279271,ca5,17-60001
7834887,ca5,18-10089
68066528,ca5,23-40440
313612,ca5,1094
233358,ca5,08-10815
152884,ca5,03-41085
384373,ca5,89-1264
1202881,ca5,04-40504
687163,ca5,12-60612
2475940,ca5,13551
1579915,ca5,05-51425
1429649,ca5,12-50045
2261789,ca5,80-7550
65709886,ca5,No. 12-40566
362092,ca5,78-5752
66026584,ca5,"No. 1,031"
619948,ca5,07-70028
338364,ca5,02-40825
209398,ca5,77-5701
97288,ca5,01-41504
1068794,ca5,97-30323
1330630,ca5,15163_1
408789,ca5,94-20756
616440,ca5,15006_1
63953407,ca5,No. 7675
2487802,ca5,95-50835
297413,ca5,72-1792
2472923,ca5,89-5551
289526,ca5,95-31010
2022034,ca5,06-50948
745740,ca5,94-30553
80218,ca5,96-40844
69922773,ca5,24-11002
848162,ca5,86-3356
1986726,ca5,97-60278
981448,ca5,97-50640
342207,ca5,04-20578
65704963,ca5,No. 09-41010
990446,ca5,88-2818
2409822,ca5,89-8060
112619,ca5,92-1539
1483203,ca5,83-2656
2379107,ca5,12-41071
705143,ca5,00-30964
820310,ca5,02-20170
931140,ca5,13-11325
70418116,ca5,24-30671
204758,ca5,04-50100
6311337,ca5,14-11317
902073,ca5,12-31054
192131,ca5,04-30334
1320838,ca5,06-20843
772824,ca5,74--1035
2456165,ca5,09-20649
1304601,ca5,11-30599
819325,ca5,88-2086
68314863,ca5,23-40362
69837549,ca5,24-10972
72946,ca5,00-30802
70256195,ca5,24-50652
1210498,ca5,13-50017
732931,ca5,89-1603
4669935,ca5,16-10407 Summary Calendar
65411925,ca5,22-50544
187466,ca5,96-40961
6230839,ca5,16-51458
52147,ca5,02-30956
265187,ca5,99-20933
60662789,ca5,21-30189
55481,ca5,71-1771_1
1890312,ca5,31111
60049118,ca5,19-50939
2308744,ca5,75-2588
2011300,ca5,04-50062
1117643,ca5,09-31142
794697,ca5,02-20898
3042617,ca5,15-40946
933292,ca5,82-1142
1585639,ca5,75-2163
66160982,ca5,No. 28172
6060993,ca5,16-30298
1977354,ca5,93-7145
1019851,ca5,93-7108
621333,ca5,87-1091
65384710,ca5,21-51161
241296,ca5,24260
88185,ca5,89-3564
68164279,ca5,23-50567
2632417,ca5,14-40438
48096,ca5,"03-10268, 04-10173"
70263,ca5,97-50302
2213300,ca5,88-2518
2659384,ca5,14-60283
235741,ca5,09-50645
1535290,ca5,05-20205
106334,ca5,12-10876
2190824,ca5,76-3573
2495040,ca5,95-10377
1399564,ca5,13-11300
178089,ca5,07-10973
67201949,ca5,22-60124
670853,ca5,21704_1
807385,ca5,86-3208
2497537,ca5,08-51065
16514680,ca5,18-41024
1122086,ca5,91-8149
110810,ca5,94-20607
173989,ca5,02-20777
751159,ca5,30363
304940,ca5,"05-50624, 05-50727"
60124421,ca5,20-10258
2425597,ca5,77-5022
1642496,ca5,10483
65965084,ca5,No. 16-11430 Conference Calendar
420089,ca5,78-1564
255881,ca5,16955_1
2157658,ca5,97-50839
1234747,ca5,03-20760
999198,ca5,99-30309
62354137,ca5,20-60104
452703,ca5,13091_1
1464003,ca5,10-40303
668607,ca5,25410
1195114,ca5,74-1846
66792387,ca5,22-40350
2442650,ca5,96-30207
1164996,ca5,76-3651
2014726,ca5,05-20124
1161182,ca5,76-1673
1298315,ca5,05-51036
1129144,ca5,13-11077
6311347,ca5,17-50490
1189705,ca5,08-20123
2485903,ca5,95-50487
236037,ca5,09-40450
889404,ca5,12-10143
17226,ca5,99-60113
1586202,ca5,01-41253
65685641,ca5,No. 04-50813
1472378,ca5,03-60709
224344,ca5,82-2138
4547088,ca5,16-70005
7351616,ca5,17-40802
2304728,ca5,00-41007
2006583,ca5,03-20373
2440811,ca5,07-40561
208071,ca5,28815_1
1218897,ca5,96-30098
214346,ca5,79-1915
66075704,ca5,No. 2252
65699795,ca5,No. 05-20125
1187877,ca5,71-1602
13953,ca5,97-10068
377226,ca5,06-31304
986810,ca5,88-1321
2067504,ca5,96-50916
519508,ca5,78-2009
2176134,ca5,72-1834
1930404,ca5,75-3325
233316,ca5,08-60563
2466758,ca5,96-20931
202795,ca5,05-30882
6396,ca5,16-51375
2467805,ca5,83-3597
346009,ca5,04-30995
1893308,ca5,22864
977856,ca5,86-2904
140237,ca5,12-30106
1987720,ca5,97-40512
2392773,ca5,20702
66064264,ca5,"No. 2,300"
2122179,ca5,83-2471
65676346,ca5,No. 03-30983
284957,ca5,95-10864
1384560,ca5,78-1725
1999555,ca5,00-60324
65956197,ca5,No. 13-40084
2212322,ca5,87-1127
873816,ca5,98-51111
14998957,ca5,18-40929
452830,ca5,82-1020
2130730,ca5,07-41031
387744,ca5,07-50968
2146629,ca5,95-20433
676524,ca5,97-50904
246061,ca5,628
751311,ca5,73-2758
263142,ca5,16195_1
109976,ca5,96-10410
1357868,ca5,98-40472
383814,ca5,"20225, 20226"
425782,ca5,07-41085
205812,ca5,12179
3006210,ca5,14-41140
1186090,ca5,89-1458
2673800,ca5,14-50704
132734,ca5,01-11592
186345,ca5,20607_1
2436692,ca5,93-08428
2402108,ca5,78-2261
14714654,ca5,18-40609
2502983,ca5,05-10214
1158537,ca5,93-03646
1070069,ca5,03-20139
4420739,ca5,15-41109
1677461,ca5,23056_1
2475627,ca5,00-40634
2108724,ca5,95-10312
1529074,ca5,94-40496
59858985,ca5,20-50021
276625,ca5,76-1148
641396,ca5,19257_1
2001424,ca5,01-50446
6329447,ca5,17-50180
17157931,ca5,19-60316
301876,ca5,84-2487
233397,ca5,08-50991
2470064,ca5,23787_1
644815,ca5,14163
507396,ca5,85-1207
1218637,ca5,07-50552
869157,ca5,91-3899
46889,ca5,04-10503
145715,ca5,92-01596
63978946,ca5,No. 10947
327024,ca5,86-4725
785478,ca5,"11-41311, 12-40908"
8869,ca5,13-10409
59826950,ca5,20-50284
1396393,ca5,83-3630
357551,ca5,11-10116
65734725,ca5,No. 10-10248
1991749,ca5,98-40352
66172968,ca5,No. 73-3854
68492221,ca5,23-60368
210698,ca5,02-21287
59996210,ca5,20-10764
63989401,ca5,No. 12386
2405255,ca5,89-1904
222902,ca5,95-50077
380487,ca5,13-31256
8086398,ca5,17-10941
2026646,ca5,07-50871
66173676,ca5,No. 72-1481
2347679,ca5,86-3404
170514,ca5,00-11360
66187922,ca5,No. 79-1344
66105656,ca5,No. 3683
1506137,ca5,94-30244
480118,ca5,08-11071
65416155,ca5,21-40360
146726,ca5,13-30979
940058,ca5,80-3476
3053052,ca5,15-50654
254826,ca5,16904_1
954810,ca5,82-2137
719188,ca5,29718_1
615978,ca5,14953_1
2484504,ca5,09-40205
1853088,ca5,05-20101
142044,ca5,02-51078
746736,ca5,21916_1
718108,ca5,28644_1
608964,ca5,25150_1
1290022,ca5,96-40234
2862193,ca5,14-60469
309591,ca5,00-30468
188971,ca5,95-21058
2144041,ca5,84-3332
138890,ca5,77-3344
999160,ca5,90-3040
66191735,ca5,No. 81-1251
66072006,ca5,"No. 2,576"
661111,ca5,76-4517
766171,ca5,80-2144
124708,ca5,05-60536
491410,ca5,82-1135
63989537,ca5,No. 12433
324400,ca5,03-30598
2477454,ca5,79-2490
63243676,ca5,21-50164
3037292,ca5,15-40867
1426644,ca5,86-4425
381275,ca5,86-1345
1550140,ca5,21069
107427,ca5,02-50185
64346326,ca5,21-11194
182163,ca5,13-50310
35079,ca5,06-10123
364524,ca5,30330
1875164,ca5,08-41247
900122,ca5,12-40584
1980351,ca5,95-30885
2621357,ca5,14-40412
15921040,ca5,18-40521
219614,ca5,81-2052
1162075,ca5,92-2341
210464,ca5,02-51137
6311339,ca5,17-40549
1662840,ca5,88-2275
387423,ca5,96-20458
66764,ca5,07-10554
1589105,ca5,78-3055
2333255,ca5,98-50500
510735,ca5,09-30304
2175945,ca5,96-40433
320957,ca5,12-31065
151283,ca5,05-51203
65906689,ca5,No. 06-40722
974966,ca5,79-2501
1981038,ca5,95-60398
2469119,ca5,93-03809
85973,ca5,94-50564
594916,ca5,11-41323
1399665,ca5,93-07552
214551,ca5,99-10765
730119,ca5,71-1784
2460456,ca5,10-10495
65680001,ca5,No. 04-30145
828088,ca5,99-50502
66158591,ca5,No. 25667
2598663,ca5,13-41273
65726759,ca5,No. 08-51174
274245,ca5,"78-5249, 78-5374"
7251436,ca5,17-10778
18477941,ca5,18-11203
17305843,ca5,19-50276
1740777,ca5,98-40298
7730629,ca5,18-50163
8072671,ca5,18-20303
64007579,ca5,No. 18262
64022991,ca5,No. 94-60551
362945,ca5,09-20709
976800,ca5,95-31042
1274834,ca5,12-50523
348819,ca5,91-1823
348776,ca5,10-41301
2245796,ca5,92-1665
1199095,ca5,83-1264
2446299,ca5,"07-10277, 07-10283"
2494912,ca5,74-1406
16892493,ca5,19-50630
880530,ca5,99-60079
7674999,ca5,17-20774
2485013,ca5,10-41315
723162,ca5,90-1802
17443984,ca5,19-11178
203405,ca5,75-1591
63165546,ca5,21-50498
934762,ca5,29810
66111354,ca5,No. 4016
1979400,ca5,95-60073
2323417,ca5,73-3388
59291631,ca5,19-60718
2252354,ca5,86-2793
62628079,ca5,20-50507
1074146,ca5,11-30985
693274,ca5,18732
65692678,ca5,22-10042
821322,ca5,88-2819
2396863,ca5,14724
60373229,ca5,21-20073
16799681,ca5,19-20402
1146707,ca5,04-60146
63970777,ca5,No. 9182
60848,ca5,23238_1
71140936,ca5,25-30032
1144719,ca5,72-1589
822022,ca5,88-2800
1115384,ca5,99-50112
125207,ca5,05-11129
2035,ca5,17-30864
1689778,ca5,95-50436
63990125,ca5,No. 12317
347874,ca5,09-60043
1452321,ca5,80-9050
296477,ca5,18107_1
596246,ca5,13142_1
994893,ca5,74-1501
2214117,ca5,99-60395
64025268,ca5,No. 94-41244
2069200,ca5,91-5098
70392764,ca5,24-30616
211216,ca5,09-50318
69115084,ca5,24-60031
2250319,ca5,92-5189
133807,ca5,03-50615
653741,ca5,14390
64006742,ca5,No. 17905
61508471,ca5,21-40361
23468,ca5,92-7712
2952638,ca5,13-30969
63952250,ca5,No. 7520
1124987,ca5,13059_1
977855,ca5,6444
295431,ca5,02-30143
2476963,ca5,96-10021
6129125,ca5,16-41439 Summary Calendar
684077,ca5,28252
982040,ca5,13-50989
1437387,ca5,92-3547
1094730,ca5,87-6163
808387,ca5,86-4661
18019,ca5,94-60781
63940094,ca5,No. 6429
552001,ca5,89-4365
2175944,ca5,96-40334
1116941,ca5,04-30458
153966,ca5,99-40094
71119357,ca5,24-10712
2449665,ca5,06-41056
2075777,ca5,76-2813
53276,ca5,02-10229
66164471,ca5,No. 29897
2457755,ca5,02-40471
201173,ca5,03-40258
727177,ca5,71-2893
935670,ca5,78-3536
66126784,ca5,No. 31
2009642,ca5,03-51191
274669,ca5,84-4722
245292,ca5,13-50358
177917,ca5,12-40145
63186699,ca5,19-50397
7621151,ca5,17-11008
2159426,ca5,81-2026
275593,ca5,05-40767
319564,ca5,94-20479
488654,ca5,09-10674
746422,ca5,13792_1
2486432,ca5,93-07466
400282,ca5,12-50629
61648729,ca5,21-10424
1270880,ca5,21074_1
544422,ca5,97-11389
7789,ca5,19-30612
2480663,ca5,88-4039
16963219,ca5,19-10653
2638921,ca5,14-20240
1492671,ca5,92-3648
1768754,ca5,02-11080
786528,ca5,72-2041
68586,ca5,08-50072
350017,ca5,09-30184
828651,ca5,90-2251
236058,ca5,93-07307
1215720,ca5,71-2122
641721,ca5,18772
559608,ca5,08-51310
66186867,ca5,No. 76-4477
2442018,ca5,93-02892
2073781,ca5,97-50955
326966,ca5,91-8681
65911116,ca5,No. 07-50649
6154690,ca5,17-40318 Summary Calendar
724132,ca5,97-21034
2250093,ca5,05-41639
665758,ca5,98-41602
1101260,ca5,80-2017
2464777,ca5,00-11318
69522835,ca5,24-30439
152330,ca5,74-1020
20622,ca5,01-60608
2377097,ca5,94-60693
67989804,ca5,23-20026
63944179,ca5,No. 6732
17177834,ca5,19-30317
1068669,ca5,96-20280
49943,ca5,05-30629
70273206,ca5,24-60512
1342269,ca5,96-50117
301049,ca5,06-10620
142886,ca5,04-40894
285417,ca5,81-1294
1403142,ca5,95-20498
65661811,ca5,No. 15-30265
1244468,ca5,89-2742
65965135,ca5,No. 16-41573 Summary Calendar
1994196,ca5,99-50159
583839,ca5,12694_1
1118550,ca5,73-3192
1937671,ca5,03-51383
2466161,ca5,22978_1
63960297,ca5,No. 8029
2348554,ca5,19087
123015,ca5,84-4387
1337328,ca5,99-10189
386446,ca5,75-3569
1214971,ca5,18528
2401891,ca5,72-2775
125653,ca5,97-20378
1166870,ca5,03-10431
201111,ca5,03-30550
1041735,ca5,12274
315684,ca5,78-1095
63231465,ca5,21-11008
150360,ca5,05-60582
66051281,ca5,"No. 1,837"
1467322,ca5,97-40861
137355,ca5,02-41245
66171094,ca5,No. 72-3684
171581,ca5,03-10094
1391495,ca5,78-5182
710744,ca5,98-10273
58852959,ca5,20-50601
66760803,ca5,22-20003
2160801,ca5,93-02147
63959444,ca5,No. 7972
4617473,ca5,16-30872
173095,ca5,93-08354
384754,ca5,12-60642
2355517,ca5,86-1579
110632,ca5,02-51120
243954,ca5,11-30099
2126638,ca5,22787_1
97682,ca5,94-20439
2491047,ca5,02-41192
66205625,ca5,No. 84-1398
1266174,ca5,94-20367
2027007,ca5,07-40599
65419949,ca5,21-20544
65702186,ca5,No. 11-41072
31676,ca5,04-60104
63927222,ca5,No. 5103
6066751,ca5,16-30071 Summary Calendar
183382,ca5,06-41179
69510634,ca5,23-50714
162154,ca5,80-7913
763970,ca5,72-1132
176949,ca5,13215
12131,ca5,00-20372
65884214,ca5,No. 03-50304
4108261,ca5,15-50686
66190451,ca5,No. 79-2109
1494635,ca5,93-08588
2257884,ca5,05-51451
2948357,ca5,12-10775
4483615,ca5,15-41209 Summary Calendar
66216891,ca5,No. 85-4587
66169960,ca5,No. 73-2514
63923360,ca5,No. 4650
757657,ca5,79-2926
65733649,ca5,No. 09-60748
63980405,ca5,No. 11223
6162087,ca5,17-40029 Summary Calendar
994385,ca5,89-2201
66205048,ca5,"Nos. 83-2281, 83-2486"
299428,ca5,04-41626
65959639,ca5,No. 14-10353
1308059,ca5,11-30791
6178773,ca5,17-50056
7625698,ca5,17-20423
937878,ca5,92-8333
1264061,ca5,10-41088
303473,ca5,83-1422
1824453,ca5,21172
1186540,ca5,"14-11024, 14-70029"
8062633,ca5,17-30746
984844,ca5,91-1991
1177912,ca5,10-31082
267406,ca5,76-4360
237475,ca5,84-1119
183228,ca5,79-1953
66035657,ca5,"No. 1,282"
1826860,ca5,83-4368
269511,ca5,79-1413
1696602,ca5,98-31273
54301,ca5,06-20443
761597,ca5,78-1015
66163664,ca5,No. 30248
2467649,ca5,78-1178
1310807,ca5,93-03406
17857,ca5,86-3619
828875,ca5,89-3298
2461571,ca5,90-2673
1957807,ca5,92-5718
30766,ca5,02-40594
1099867,ca5,6286
2462269,ca5,79-3957
1103901,ca5,00-40633
1478380,ca5,96-50551
2450114,ca5,96-50392
152509,ca5,87-1732
196950,ca5,73-2487
1548667,ca5,10-40977
1173639,ca5,73-3789
60131067,ca5,21-40075
7662184,ca5,17-40807
1342254,ca5,95-30176
677437,ca5,19760
2646721,ca5,13-11358
2054356,ca5,92-8560
1723892,ca5,80-3365
288113,ca5,86-1203
1983956,ca5,93-3802
67229869,ca5,22-60425
18724012,ca5,20-10356
340097,ca5,03-50309
66188511,ca5,No. 77-3088
1185333,ca5,25599_1
2592749,ca5,14-40199
2005139,ca5,92-7795
2309872,ca5,96-10328
1147396,ca5,81-3450
66226732,ca5,Nos. 86-4599 to 86-4602
1787499,ca5,84-3603
2114856,ca5,79-2208
2468316,ca5,79-1135
1156877,ca5,94-20265
974305,ca5,99-31199
872662,ca5,96-30212
1462046,ca5,94-10532
456568,ca5,05-10116
2477908,ca5,97-3300
40088,ca5,98-41139
2010503,ca5,03-50888
828368,ca5,90-2341
63313080,ca5,21-60856
279718,ca5,18563_1
63923371,ca5,No. 4445
65960613,ca5,No. 15-60009
65685295,ca5,No. 04-10501
1986300,ca5,97-40149
286281,ca5,88-3136
839041,ca5,86-3633
2463210,ca5,94-40354
65720440,ca5,No. 08-60394
2016719,ca5,03-11194
1214972,ca5,89-3387
65889682,ca5,No. 06-40355
747122,ca5,23209
2389473,ca5,73-1737
3062568,ca5,15-41080
439675,ca5,79-3674
210094,ca5,77-5826
1365365,ca5,92-02537
2485331,ca5,96-60452
2156128,ca5,77-5277
3012361,ca5,"14-10694, 14-10702, 14-10801"
67451905,ca5,22-40777
750391,ca5,73-2285
65709646,ca5,No. 12-40229
979533,ca5,99-21045
88906,ca5,01-51001
655324,ca5,20463
63965692,ca5,No. 8904
768541,ca5,81-3453
101347,ca5,95-10528
17139473,ca5,19-20058
1146301,ca5,94-41251
8342780,ca5,17-50908
66190835,ca5,"Nos. 79-2358, 79-3319 and 80-7297"
60285961,ca5,20-11142
2035382,ca5,08-51134
1715405,ca5,07-50954
2199177,ca5,83-3025
1943345,ca5,02-40819
66127817,ca5,No. 100
4577408,ca5,15-60687 Summary Calendar
2398113,ca5,24659
409567,ca5,96-60130
2403576,ca5,92-1760
1497968,ca5,85-4509
370798,ca5,89-7047
292021,ca5,88-6178
2330066,ca5,05-40741
60082,ca5,00-10284
38417,ca5,02-51268
844844,ca5,11-50129
967660,ca5,10295
45064,ca5,03-11128
63922916,ca5,No. 4596
1689121,ca5,95-60605
48362,ca5,96-30422
1534331,ca5,05-10320
18703510,ca5,20-10480
997082,ca5,10-50706
1602391,ca5,93-2315
65893257,ca5,No. 04-40752
699984,ca5,29887_1
171454,ca5,04-60052
936188,ca5,"76-1956, 76-2675"
65699844,ca5,No. 05-50642
679769,ca5,28114_1
1305796,ca5,77-2649
60009137,ca5,19-20429
990486,ca5,8969
2089327,ca5,10-50537
859252,ca5,89-4095
14854085,ca5,18-40409
1610810,ca5,77-3183
675473,ca5,78-5310
218458,ca5,95-20314
65963363,ca5,No. 15-11142 Conference Calendar
63971790,ca5,No. 9641
64011971,ca5,No. 20337
17109494,ca5,19-10748
209874,ca5,96-60028
66028753,ca5,"No. 1,085"
921192,ca5,82-3629
82638,ca5,12-31046
234860,ca5,16208
66113337,ca5,No. 4045
1014949,ca5,04-40737
1981664,ca5,95-40317
948448,ca5,79-3661
367825,ca5,22568_1
2444693,ca5,89-7037
42064,ca5,06-50155
497966,ca5,88-2615
2497664,ca5,92-4929
100454,ca5,86-4779
1529634,ca5,30782_1
878567,ca5,11-60549
85671,ca5,99-60466
15094816,ca5,18-60568
2497090,ca5,80-5979
954354,ca5,82-3135
1250050,ca5,02-20827
403501,ca5,90-4528
1712084,ca5,04-50428
65724486,ca5,No. 08-20845
26844,ca5,00-30612
920412,ca5,04-60054
203162,ca5,03-41358
696548,ca5,22695
249646,ca5,13-60552
2947933,ca5,13-30795
1353695,ca5,95-11023
1284040,ca5,10-31003
17300581,ca5,19-40594
199429,ca5,12-11014
894484,ca5,"78-2102, 78-2508"
1131875,ca5,20503_1
222415,ca5,95-20809
4551029,ca5,16-40321
1534127,ca5,76-2996
63988862,ca5,No. 12374
2482714,ca5,00-30044
977976,ca5,6520
1210058,ca5,89-3016
230537,ca5,07-10373
2443733,ca5,04-40539
320861,ca5,94-60854
65386501,ca5,22-50657
66655496,ca5,No. 21970
65692327,ca5,No. 11-30084
437996,ca5,90-5569
202149,ca5,06-41654
696509,ca5,22046
57717,ca5,95-30849
16298,ca5,99-20446
265638,ca5,88-3787
29984,ca5,02-60048
1736514,ca5,73-3849
66703685,ca5,22-60152
2799719,ca5,14-11023
2862062,ca5,14-60685
1986091,ca5,74-1946
63654378,ca5,20-61218
198355,ca5,07-50449
1997904,ca5,98-60572
29046599,ca5,20-50077
66168305,ca5,No. 72-1222
280387,ca5,09-10554
1270273,ca5,88-4852
1666118,ca5,75-2038
63987468,ca5,No. 12052
1131435,ca5,06-11208
4664380,ca5,15-10615
804962,ca5,24174
2134765,ca5,02-61011
8437445,ca5,17-10223
429402,ca5,21480
655308,ca5,24031
1424691,ca5,80-1935
2444123,ca5,03-21063
740769,ca5,03-20470
1339175,ca5,16288
2455537,ca5,98-50022
562739,ca5,91-8108
66192372,ca5,No. 79-3879
146975,ca5,11-50706
2667339,ca5,14-31347
274450,ca5,82-3282
513509,ca5,03-10834
293710,ca5,02-30932
1267487,ca5,95-50315
106601,ca5,00-20056
613217,ca5,92-8103
415864,ca5,96-50072
2314832,ca5,10-41184
140710,ca5,17184
5690300,ca5,16-41090 Summary Calendar
2482758,ca5,03-30187
66184719,ca5,"Nos. 76-3866, 76-3870"
4480078,ca5,16-20095
906471,ca5,11-20902
628196,ca5,10-20802
797344,ca5,99-30877
733277,ca5,72-1603
1506030,ca5,74-1716
908175,ca5,12-40551
1036274,ca5,10-31264
2314917,ca5,07-51251
3025608,ca5,14-50773
1463155,ca5,85-4735
67826506,ca5,23-40353
657574,ca5,24325_1
506327,ca5,89-3528
66164742,ca5,No. 29603
949834,ca5,80-2370
2292081,ca5,98-60167
142926,ca5,04-40177
702306,ca5,29992_1
6257961,ca5,17-10053 Summary Calendar
332183,ca5,19168
80461,ca5,11-20805
947560,ca5,79-3245
35702,ca5,05-50487
134629,ca5,95-60011
258449,ca5,16748
14609,ca5,13-10004
2426124,ca5,92-5620
458733,ca5,79-3100
106479,ca5,03-60391
133574,ca5,73-3216
6975438,ca5,17-11261
66192964,ca5,No. 82-4076
173533,ca5,94-50247
120959,ca5,05-40020
154941,ca5,98-50287
2178366,ca5,74-2188
2486280,ca5,80-3960
2111450,ca5,90-3166
1000541,ca5,90-4361
777741,ca5,90
65964615,ca5,No. 16-11624 Summary Calendar
70067230,ca5,24-30530
2432358,ca5,96-11353
1104308,ca5,7407
1454829,ca5,03-20124
68912269,ca5,23-50658
488953,ca5,86-4832
1127887,ca5,80-3699
1388574,ca5,10-30224
1184507,ca5,10-20198
206563,ca5,76-1603
2146447,ca5,98-40164
213761,ca5,94-60040
2002817,ca5,01-50960
951241,ca5,80-7561
991949,ca5,00-10561
14568126,ca5,18-10673
59917069,ca5,19-11327
717718,ca5,29289
68497275,ca5,23-40647
114271,ca5,13-30188
217658,ca5,16408
16300917,ca5,18-31222
1432256,ca5,92-4905
777038,ca5,09-40864
882948,ca5,09-30186
1144744,ca5,72-2232
226247,ca5,82-3364
1171529,ca5,92-9519
1995561,ca5,95-40123
161537,ca5,92-5516
285482,ca5,85-4182
830038,ca5,81-4445
150934,ca5,98-51189
2137190,ca5,75-1308
774541,ca5,73-3395
67332306,ca5,22-60531
42211,ca5,00-50105
98505,ca5,05-30440
997563,ca5,9892
2478483,ca5,96-41133
778016,ca5,630
39216,ca5,86-4324
17084643,ca5,20-50296
2003218,ca5,01-40699
8514747,ca5,17-30397
66234639,ca5,No. 87-1468
2127308,ca5,24600_1
65686539,ca5,No. 04-51393
701403,ca5,29048
345444,ca5,89-2594
221739,ca5,96-60338
2213356,ca5,95-40569
63999348,ca5,"Nos. 14855, 14871"
65709575,ca5,No. 12-20662
161897,ca5,04-31113
2325922,ca5,05-10456
859322,ca5,02-20124
288633,ca5,99-41319
2156818,ca5,94-30511
2095370,ca5,86-6021
64941012,ca5,22-10063
60040086,ca5,20-40331
763441,ca5,83-1865
1180425,ca5,80-1050
243679,ca5,99-50040
56458,ca5,95-10587
2277990,ca5,27455
2028614,ca5,88-3435
2653954,ca5,14-10127
1075106,ca5,10-10801
842643,ca5,94-40225
810618,ca5,00-30805
380585,ca5,13-50794
207389,ca5,05-10148
2384480,ca5,09-41231
2509036,ca5,9429
16035921,ca5,18-40441
64901375,ca5,21-60688
34244,ca5,00-10414
3037311,ca5,15-40640
1429993,ca5,84-4161
66556778,ca5,22-60010
73366,ca5,80-3797
18720239,ca5,19-50734
1728624,ca5,97-60133
651240,ca5,77-5571
280307,ca6,83-1818
68236563,ca6,23-5476
1374974,ca6,86-3581
125871,ca6,"72-2121, 72-2122"
66032919,ca6,"No. 1,140"
971003,ca6,12074
61589994,ca6,21-1297
65668719,ca6,No. 03-1042
800655,ca6,85-1558
2832936,ca6,"06-1695, 06-1696"
1481168,ca6,87-5102
60038397,ca6,20-3830
1034948,ca6,93-1101
657508,ca6,18058
1007180,ca6,84-1330
127055,ca6,94-1133
2389950,ca6,85-5131
65674156,ca6,No. 02-3286
63936309,ca6,No. 5788
881090,ca6,85-1619
66079612,ca6,No. 2653
727369,ca6,03-3071
2829660,ca6,04-5414
824857,ca6,89-6180
2829062,ca6,03-4346
66033831,ca6,"No. 1,146"
315917,ca6,90-4033
2828112,ca6,02-1128
579221,ca6,81-1544
26718,ca6,93-2577
257588,ca6,86-3192
713122,ca6,18742
1475987,ca6,83-1512
1037503,ca6,93-2318
1409515,ca6,77-1067
718346,ca6,98-1914
2435024,ca6,94-1123
66168890,ca6,"Nos. 72-1619, 72-1620"
631823,ca6,77-3009
2830802,ca6,"04-2500, 04-2521"
64280806,ca6,"Nos. 00-6147, 00-6219, 00-6222"
2184934,ca6,88-1545
736842,ca6,05-6271
1282030,ca6,85-5983
2839819,ca6,14-1311
1006390,ca6,79-1624
2028487,ca6,88-3828
982482,ca6,7383-7386
1054127,ca6,94-3819
1474073,ca6,78-1146
66108950,ca6,No. 3761
2826981,ca6,99-4482
1156995,ca6,87-1267
2828218,ca6,02-5546
63973027,ca6,No. 8624
1076352,ca6,95-1743
7647558,ca6,17-6229
3054291,ca6,15-1524
2828498,ca6,03-5006
850164,ca6,93-6419
362573,ca6,93-1604
1234140,ca6,06-5551
2160190,ca6,81-3682
64166131,ca6,No. 01-5880
647023,ca6,83-3403
2828473,ca6,02-6387
2390302,ca6,92-1052
1306365,ca6,81-3205
757672,ca6,72-1237
66195693,ca6,"Nos. 82-3166, 82-3206"
2676961,ca6,"13-2300, 13-2389, 13-2510, 13-2582"
1408014,ca6,90-1642
1536266,ca6,75-1867
558033,ca6,91-1168
221432,ca6,7238
6238487,ca6,17-1489
130929,ca6,95-5266
386235,ca6,13-1928
828671,ca6,90-5254
198765,ca6,11227_1
838270,ca6,91-1583
2090872,ca6,98-2437
2426471,ca6,77-3483
1054683,ca6,95-5468
64285634,ca6,No. 02-5788
2023672,ca6,91-3819
205154,ca6,75-1955
605678,ca6,95-5910
1600784,ca6,"06-5883, 06-6235"
56748,ca6,86-5860
302664,ca6,89-1344
63967821,ca6,No. 7861
2295816,ca6,76-2012
1922180,ca6,08-4641
393794,ca6,95-3494
911511,ca6,13213_1
810302,ca6,87-1558
66034339,ca6,"No. 1,162"
651456,ca6,"10-4531, 10-4545"
2485582,ca6,89-5216
64012794,ca6,No. 15275
1218675,ca6,95-6490
66208892,ca6,No. 84-3229
1232865,ca6,74-1467
676436,ca6,79-3110
596241,ca6,82-3711
2477662,ca6,95-1081
65667928,ca6,No. 02-5817
835695,ca6,89-6396
262688,ca6,14045
66278112,ca6,Nos. 90-4114 to 90-4120
2432376,ca6,82-5701
842877,ca6,92-6148
2489596,ca6,91-4037
791770,ca6,85-5375
1050392,ca6,94-2296
6352017,ca6,17-3965
2826685,ca6,98-6438
355070,ca6,"16296, 16297"
1043671,ca6,93-6622
652946,ca6,"11704, 11705"
63975252,ca6,No. 8947
1073152,ca6,10-2564
59678450,ca6,20-1050
1312212,ca6,82-1750
750930,ca6,73-2108
319282,ca6,92-2004
520246,ca6,08-4456
1676501,ca6,92-5820
64070108,ca6,"Nos. 98-4100, 98-4540"
2116355,ca6,85-5011
2354897,ca6,83-5449
856857,ca6,95-3530
1961447,ca6,84-3933
6138821,ca6,16-2586
609266,ca6,95-5142
547094,ca6,93-2379
63982455,ca6,No. 10122
234003,ca6,12608_1
2652160,ca6,14-3951
66189256,ca6,"Nos. 78-3187, 78-3196"
1971597,ca6,07-3370
2830858,ca6,05-1701
63973964,ca6,No. 8305
65689009,ca6,No. 03-1364
2830140,ca6,04-3470
2835410,ca6,07-4175
2189383,ca6,87-5291
2828401,ca6,"02-5316, 02-5823"
1028165,ca6,93-2332
2199181,ca6,87-6165
1010053,ca6,91-3775
412649,ca6,13-4227
1003564,ca6,90-3791
2431028,ca6,16854_1
2835930,ca6,07-6037
308136,ca6,89-3618
65674153,ca6,No. 02-1536
63958074,ca6,No. 6775
2429550,ca6,15678
2831966,ca6,05-3398
2839259,ca6,13-1261
3021083,ca6,15-5136
64000379,ca6,No. 12437
2057273,ca6,11941
290566,ca6,89-5306
1736257,ca6,92-3125
6158116,ca6,15-1494
1322985,ca6,97-1024
66072510,ca6,No. 2398
2838589,ca6,11-3337
135872,ca6,85-1016
856022,ca6,95-3488
306644,ca6,81-1368
64024773,ca6,No. 95-1299
1152106,ca6,79-5137
1768350,ca6,74-1075
54400,ca6,"95-3833, 95-3900"
31838,ca6,90-5545
2482381,ca6,86-3720
664741,ca6,18482_1
1042221,ca6,5046.
6065025,ca6,Case 16-1661
581181,ca6,09-6018
32695,ca6,95-1963
2839107,ca6,12-6062
1643914,ca6,95-6254
65675760,ca6,No. 03-3003
932408,ca6,76-1916
64285623,ca6,No. 02-5483
828673,ca6,90-1618
66094108,ca6,Nos. 3182-3184
1708730,ca6,82-3170
66092519,ca6,No. 3237
979952,ca6,74-1204
1170023,ca6,77-3269
2189413,ca6,90-5465
2410123,ca6,81-5534
2831441,ca6,05-3419
2831350,ca6,05-3051
917946,ca6,07-1400
429337,ca6,83-5073
319491,ca6,90-6606
889468,ca6,12-3005
66168279,ca6,Nos. 71-2018-71-2021
2041748,ca6,"88-3774, 88-3787"
16814,ca6,19-3935
2303367,ca6,81-5003
2839758,ca6,12-6425
500201,ca6,88-3671
64156416,ca6,No. 01-1514
368573,ca6,93-2375
63990168,ca6,No. 10656
852514,ca6,95-5320
2833278,ca6,06-3718
64105864,ca6,No. 99-6478
652849,ca6,12-3367
1147290,ca6,19908_1
60036,ca6,77-1708
2484901,ca6,75-1207
63960422,ca6,No. 7100
517740,ca6,84-1081
1264770,ca6,95-5936
63386936,ca6,21-3997
1263983,ca6,88-5962
2112263,ca6,88-2284
3017811,ca6,14-5661
65669010,ca6,No. 01-2450
4613983,ca6,Case 16-1988
653694,ca6,"90-2158, 90-2223"
17376509,ca6,19-1808
63150240,ca6,21-3405
4617634,ca6,Case 16-6112
67012584,ca6,23-3068
63892717,ca6,21-6199
1321062,ca6,05-1320
945001,ca6,85-1702
1010216,ca6,91-3825
67908629,ca6,23-3535
2249536,ca6,89-5864
822732,ca6,89-5373
820243,ca6,88-5744
63353750,ca6,19-3361
2828168,ca6,"02-3270, 02-3299, 02-3301"
1405314,ca6,77-5145
185794,ca6,"14835, 14836"
66073342,ca6,No. 2393
699243,ca6,16975
63924074,ca6,No. 4500
67155029,ca6,23-5265
65692842,ca6,No. 09-1087
813462,ca6,87-1242
2827810,ca6,00-6135
994550,ca6,14703_1
2839038,ca6,12-1763
1993126,ca6,89-2327
342197,ca6,"92-5291, 92-5469"
65889818,ca6,No. 05-5381
2831476,ca6,05-6434
564946,ca6,91-3995
64203175,ca6,"No. 00-5410, 00-5427"
684732,ca6,84-3869
1229377,ca6,84-6074
346624,ca6,06-3796
2831305,ca6,05-5419
268502,ca6,13523
1593105,ca6,72-2117
2173124,ca6,84-1249
690518,ca6,14211_1
1302450,ca6,75-1897
16007926,ca6,18-2110
60684857,ca6,20-6231
128288,ca6,94-3588
824844,ca6,89-1962
1490365,ca6,92-5855
1023759,ca6,10-5767
68372037,ca6,24-5270
69413241,ca6,24-5856
2832504,ca6,06-3646
66238385,ca6,No. 87-2023
403326,ca6,79-5075
6071636,ca6,Case 16-5349
2670244,ca6,"14-2405, 14-2558"
484852,ca6,96-1040
547621,ca6,94-3614
63930155,ca6,Nos. 5048-5050
318659,ca6,90-2345
2839307,ca6,12-4006
2831857,ca6,05-2700
2830886,ca6,04-6468
1269403,ca6,77-1378
66245359,ca6,No. 88-1757
66075502,ca6,No. 2500
67005387,ca6,21-5457
331448,ca6,89-5578
2835689,ca6,07-3509
593316,ca6,11208_1
583444,ca6,90-5240
783560,ca6,12-5057
949413,ca6,96-6362
2829390,ca6,04-3201
820237,ca6,88-1104
2470856,ca6,12357_1
2827726,ca6,00-4567
1253442,ca6,74-2025
259198,ca6,86-3230
990298,ca6,88-3883
562172,ca6,87-3558
814646,ca6,87-3231
65660470,ca6,21-4181
307336,ca6,89-3940
714358,ca6,89-2420
760587,ca6,"79-1039, 1040"
63924609,ca6,No. 4533
65961184,ca6,14-3612
410564,ca6,95-5687
1412427,ca6,84-3274
397828,ca6,96-3049
2829782,ca6,04-5605
65671651,ca6,No. 02-1550
6280158,ca6,17-5588
3054292,ca6,15-3336
66045117,ca6,"No. 1,542"
550058,ca6,93-3783
66039583,ca6,"No. 1,359"
561413,ca6,91-5180
983661,ca6,72-1526
2322968,ca6,82-5381
69443860,ca6,24-5513
357114,ca6,"17273, 17274"
739621,ca6,00-6428
1400726,ca6,79-1586
2261743,ca6,78-5177
64287851,ca6,No. 01-1936
4113228,ca6,15-2594
300289,ca6,13901_1
64044116,ca6,"Nos. 96-3157, 96-3159"
848359,ca6,93-4141
66048310,ca6,"No. 1,679"
800474,ca6,84-1778
161861,ca6,"09-1528, 09-1530"
1033919,ca6,92-5724
2033996,ca6,"94-6111, 94-6112"
714151,ca6,19438_1
1422782,ca6,77-5129
64162905,ca6,"No. 00-5312, 00-5363"
1100908,ca6,"9122, 9123"
2495464,ca6,12040
802594,ca6,85-1364
528991,ca6,75-1982
734999,ca6,03-4591
801845,ca6,85-3913
6303785,ca6,17-5027
2835737,ca6,07-1801
848988,ca6,92-3738
2218549,ca6,85-3866
64156406,ca6,No. 00-2317
991635,ca6,88-1650
1998057,ca6,78-3568
894782,ca6,"07-2077, 07-2078"
2832561,ca6,06-4229
2835158,ca6,08-3802
668336,ca6,98-3545
2828894,ca6,04-3131
66278084,ca6,"Nos. 91-1363 to 91-1366, 91-1384, 91-1476, 91-1478, 91-1479 and 91-1488"
385805,ca6,94-5551
191274,ca6,19737
2828160,ca6,"01-2478, 01-2673"
60661576,ca6,20-4307
2831892,ca6,05-2580
158911,ca6,7606
459403,ca6,96-5499
2838760,ca6,11-2624
66127189,ca6,No. 53
1427373,ca6,83-5708
615984,ca6,12381_1
877583,ca6,11-5811
67884099,ca6,23-5247
2829769,ca6,04-3679
66068767,ca6,"No. 2,278"
737103,ca6,"01-1447, 01-1516"
63958262,ca6,No. 6910
693913,ca6,15769
2837260,ca6,10-3520
854478,ca6,94-5156
963743,ca6,98-3282
2455748,ca6,82-1902
2833184,ca6,06-4138
66193187,ca6,"Nos. 81-3475, 81-3476 and 81-3654"
1280688,ca6,75-1584
2459735,ca6,00-1992
183626,ca6,86-3731
2838710,ca6,12-5081
809454,ca6,86-5408
998415,ca6,89-6349
2828177,ca6,02-1001
507653,ca6,89-6483
2838194,ca6,11-3207
63940490,ca6,No. 5970
486254,ca6,86-6128
1139221,ca6,"84-5962, 84-6086"
6083358,ca6,16-1592
160261,ca6,96-3157
2139716,ca6,85-1014
4562659,ca6,15-4292
1124231,ca6,4066
6127802,ca6,16-2169
2827500,ca6,00-5560
828278,ca6,90-1180
2171334,ca6,92-1541
66059231,ca6,"No. 2,038"
2839154,ca6,12-2196
812085,ca6,86-5920
196293,ca6,93-1823
1309757,ca6,77-3561
617350,ca6,03-4293
1268647,ca6,93-6237
1240454,ca6,84-5178
60042417,ca6,20-1878
2827501,ca6,01-1494
713128,ca6,98-3340
504682,ca6,87-2093
554378,ca6,14609
6982690,ca6,17-1429
2826755,ca6,99-6267
2839322,ca6,13-3048
2483705,ca6,83-1493
29105544,ca6,20-1140
261529,ca6,86-1871
946386,ca6,96-1238
2830128,ca6,04-5481
63931286,ca6,No. 5357
6143136,ca6,16-3960
2829047,ca6,02-4382
258500,ca6,83-1544
1274301,ca6,73-1026
2251749,ca6,91-3752
732421,ca6,04-3365
275972,ca6,83-3587
65666376,ca6,No. 03-5021
705187,ca6,00-3092
2446879,ca6,91-3331
66093561,ca6,No. 3210
64035136,ca6,No. 96-1207
63353754,ca6,21-3834
299536,ca6,13910
64166096,ca6,No. 01-5059
64148640,ca6,No. 00-1358
66061151,ca6,"No. 2,083"
332513,ca6,76-1247
2226580,ca6,"86-3379, 86-3380"
2832022,ca6,"05-4328, 06-3287"
854871,ca6,95-5743
884381,ca6,10-5498
64286403,ca6,No. 02-5636
661673,ca6,18758
837936,ca6,92-3071
306594,ca6,90-3006
949240,ca6,79-3153
63935998,ca6,No. 5385
1615765,ca6,89-1980
1123371,ca6,08-1775
718425,ca6,99-3065
71822,ca6,80-5334
394200,ca6,80-3693
260472,ca6,13-5693
65671382,ca6,No. 02-4002
1606079,ca6,76-2344
66114746,ca6,No. 3838
2461853,ca6,85-1784
707603,ca6,18775_1
284434,ca6,85-1976
2189344,ca6,89-3533
1373814,ca6,78-3080
2831803,ca6,"05-4076, 05-4453"
2480351,ca6,91-1274
2838568,ca6,11-6278
2835614,ca6,07-4464
858158,ca6,95-5171
2864013,ca6,14-1479
2835419,ca6,08-2168
981188,ca6,87-1370
841677,ca6,92-5514
1051945,ca6,95-5378
853538,ca6,94-2118
703965,ca6,20873
2455493,ca6,87-1842
747274,ca6,95-4227
1077944,ca6,90-1850
63966713,ca6,No. 7720
110080,ca6,07-4115
6280161,ca6,17-1600
830498,ca6,09-5626
63983601,ca6,No. 10311
2831507,ca6,05-4091
2520389,ca6,10044
827519,ca6,89-6511
66101635,ca6,No. 3536
328157,ca6,91-6230
2662685,ca6,13-4084
870216,ca6,96-4242
1289752,ca6,75-1457
807854,ca6,86-3721
64100008,ca6,No. 99-4545
2835079,ca6,09-1119
833559,ca6,91-5398
390096,ca6,81-3289
708826,ca6,19940_1
778387,ca6,06-3134
730467,ca6,04-1005
93311,ca6,06-1963
15906619,ca6,18-5703/5705
76052,ca6,82-3557
2469431,ca6,82-1789
565103,ca6,85-1872
1603698,ca6,84-5042
6069206,ca6,16-4202
16014081,ca6,18-2056
63985647,ca6,No. 10324
2492734,ca6,81-5625
1636743,ca6,5709
64200364,ca6,No. 00-1089
63928749,ca6,No. 4816
363746,ca6,93-1171
2839560,ca6,13-4190
1302947,ca6,81-5394
64165715,ca6,No. 00-1793
736155,ca6,05-1237
3078588,ca6,14-6494
491461,ca6,83-1181
363525,ca6,"82-8413, 82-8418, 82-8426 to 82-8432 and 82-8435"
4582348,ca6,15-5838/5872
66061670,ca6,"No. 2,107"
2244106,ca6,12719_1
202422,ca6,83-3862
2831446,ca6,05-4148
134865,ca6,83-3724
136881,ca6,88-3559
64110354,ca6,No. 99-6417
52143,ca6,75-2050
66030999,ca6,"No. 1,045"
874911,ca6,01-5610
1932849,ca6,88-3451
879647,ca6,82-1818
1060036,ca6,79-3697
66573717,ca6,21-3793
2839250,ca6,12-1953
749243,ca6,73-1236
340265,ca6,81-3484
219747,ca6,04-6342
484951,ca6,80-5226
1672032,ca6,81-5885
1659392,ca6,79-5188
871776,ca6,77-3412
2461131,ca6,97-15224
18707626,ca6,14-6508
14528705,ca6,18-1375
66050996,ca6,"No. 1,797"
780136,ca6,06-5792
64200946,ca6,No. 00-3699
65688551,ca6,"Nos. 03-1802, 05-1093"
2407358,ca6,83-5226
1800133,ca6,16792
1056283,ca6,95-3534
66037312,ca6,"No. 1,297"
1031016,ca6,93-5658
816788,ca6,87-1821
67563450,ca6,22-3876
2839440,ca6,12-3645
68026075,ca6,23-1941
2834468,ca6,07-4030
2832957,ca6,06-4009
729504,ca6,05-5271
665151,ca6,18518
789908,ca6,06-3366
4111189,ca6,Case 15-3677
744020,ca6,01-5451
624729,ca6,"01-6505, 01-6602"
67769625,ca6,23-5798
1442610,ca6,87-5260
349045,ca6,09-3999
1408834,ca6,83-3233
16338389,ca6,18-6333
974560,ca6,86-3979
1745560,ca6,74-1058
6087254,ca6,16-5587
65674656,ca6,No. 03-4077
900486,ca6,20200
66089131,ca6,No. 2939
16556084,ca6,19-1123
613311,ca6,12428
1403844,ca6,84-3208
352017,ca6,12-3515
2833380,ca6,"05-6022, 05-6024"
2827196,ca6,99-6008
2829177,ca6,03-6622
524704,ca6,92-1881
1025009,ca6,92-3725
2116305,ca6,72-1448
326900,ca6,91-3637
990774,ca6,92-3773
2832488,ca6,05-4534
8134538,ca6,17-3964
274247,ca6,77-1178
2278678,ca6,94-4233
2836814,ca6,09-6084
66240620,ca6,No. 87-3957
712859,ca6,19688
1185305,ca6,17778_1
64181525,ca6,No. 99-6623
752992,ca6,95-6413
1018632,ca6,77-5151
63973364,ca6,"Nos. 8644, 8645"
1335399,ca6,88-3581
2433177,ca6,89-3745
279962,ca6,77-5147
508633,ca6,89-6393
1016004,ca6,91-5667
64113772,ca6,No. 99-5875
7589110,ca6,17-5543
717167,ca6,19532
2835553,ca6,07-2197
1475230,ca6,84-6010
2675959,ca6,14-1116
2838960,ca6,13-5186
66896821,ca6,22-5696
4561226,ca6,Case 16-5174
521933,ca6,85-1493
601757,ca6,93-4211
843691,ca6,92-5894
1128288,ca6,81-5868
7969709,ca6,15-6306
2146008,ca6,78-3388
79159,ca6,86-3388
64109000,ca6,No. 99-1924
1757469,ca6,88-1417
2101440,ca6,00-3369
63570531,ca6,19-2354
657577,ca6,17518-17520
1077847,ca6,01-5348
746360,ca6,"00-4365, 00-5416"
1174522,ca6,72-1912
2833596,ca6,07-3347
599574,ca6,94-4245
368306,ca6,02-1897
64200568,ca6,"No. 00-4159, 00-4604"
4585452,ca6,15-6060
2836994,ca6,"09-2513, 10-1037"
66176496,ca6,No. 74-1378
65665260,ca6,No. 02-5288
2840079,ca6,13-5593
483789,ca6,85-5334
2835146,ca6,05-4211
1017779,ca6,92-3148
2831962,ca6,05-2633
814310,ca6,87-1239
1395032,ca6,13-6486
874531,ca6,99-2409
1659468,ca6,84-3135
64129498,ca6,No. 00-1875
325675,ca6,91-3672
1051541,ca6,95-5510
2641,ca6,18-3302
976750,ca6,86-3071
63949750,ca6,No. 6439
554549,ca6,84-5453
179359,ca6,90-1273
270294,ca6,86-3741
629741,ca6,486
2492232,ca6,79-3386
112949,ca6,09-3029
593505,ca6,95-4274
64067394,ca6,"Nos. 98-1756, 98-1760, 98-1771"
66090155,ca6,No. 3175
1097169,ca6,86-4099
404338,ca6,78-1598
64068603,ca6,No. 97-5134
794010,ca6,99-6348
2829104,ca6,03-1192
801703,ca6,84-1468
357124,ca6,17263
1358551,ca6,"13-1375, 13-1387"
63936721,ca6,No. 5738
1570254,ca6,74-2131
754094,ca6,72-1088
77432,ca6,"92-3135, 92-3136"
653863,ca6,10-1634
64243501,ca6,"Nos. 00-1434, 00-1451"
933434,ca6,95-2363
830697,ca6,90-6050
2484688,ca6,75-1382
1285859,ca6,82-5004
849913,ca6,93-1997
1990695,ca6,90-3984
2829996,ca6,04-4039
1481686,ca6,86-1934
386162,ca6,74-1304
2277408,ca6,78-5459
500437,ca6,87-3789
914005,ca6,12-4213
2829613,ca6,02-4079
2829875,ca6,"04-3244, 04-3377"
827457,ca6,89-3771
2829149,ca6,02-6302
1738241,ca6,82-5523
717701,ca6,03-2479
2835816,ca6,08-6406
871700,ca6,"97-5405, 97-5408"
2838696,ca6,12-5027
809628,ca6,"85-6009, 85-6146"
1412103,ca6,81-5069
981442,ca6,7813
495354,ca6,87-6294
9816,ca6,18-6282
2840122,ca6,14-2303
798677,ca6,85-5380
453404,ca6,75-1746
66130675,ca6,No. 102
593467,ca6,15852_1
623862,ca6,07-1552
64283056,ca6,No. 01-5328
65667351,ca6,No. 02-5964
63174990,ca6,21-8011
2005040,ca6,85-5678
2333655,ca6,17768_1
66129706,ca6,No. 177
1490448,ca6,95-1961
430970,ca6,86-3342
2830153,ca6,03-3446
1053908,ca6,94-1361
681324,ca6,88-1070
832918,ca6,91-3110
421866,ca6,94-5271
1240088,ca6,94-1508
2687668,ca6,14-3910
405097,ca6,96-5267
322536,ca6,91-3965
66136131,ca6,No. 371
1015178,ca6,92-3320
14854780,ca6,18-1209
613511,ca6,12037_1
485347,ca6,80-3667
64202233,ca6,"Nos. 00-5441, 00-5447"
1346373,ca6,76-2000
527789,ca6,12-5426
2052640,ca6,88-2239 to 88-2241
63969090,ca6,"Nos. 8097, 8098"
1321778,ca6,74-2313
2827385,ca6,00-5622
696253,ca6,81-5231_1
678806,ca6,15327
276635,ca6,84-5458
712860,ca6,19578
738962,ca6,00-3853
2832611,ca6,"06-3091, 06-3624 to 06-3626, 06-3894, 06-3895"
211083,ca6,88-3144
520029,ca6,08-2033
8074416,ca6,17-3205
1057505,ca6,94-6508
2242503,ca6,75-1515
3028592,ca6,15-5062
1785168,ca6,72-1229
1079464,ca6,"91-3623, 91-3651"
701771,ca6,98-3546
877489,ca6,10-5761
1898471,ca6,79-1580
989102,ca6,88-1338
2832326,ca6,05-4411
69724,ca6,98-6775
1309961,ca6,89-1799
2831763,ca6,05-4646
99331,ca6,97-3911
17424886,ca6,20-3034
2833699,ca6,"06-2560, 06-2638, 07-1043"
1018863,ca6,92-2316
1468319,ca6,85-3828
64225835,ca6,No. 00-6561
2826538,ca6,98-6481
2669175,ca6,13-2137
2475479,ca6,94-3364
18753316,ca6,19-5230
64282218,ca6,No. 00-6148
1075737,ca6,04-4543
17200803,ca6,19-5238
1323542,ca6,73-1029
47888,ca6,04-1436
636321,ca6,87-4071
67981455,ca6,23-3191
842812,ca6,92-6057
722819,ca6,99-3741
23864,ca6,19-1979
70001348,ca6,24-6049
66158661,ca6,No. 17699
65671568,ca6,No. 02-5891
63933065,ca6,No. 5274
258343,ca6,86-5640
1308028,ca6,81-3537
1455028,ca6,83-5580
730986,ca6,"03-4118, 03-4171"
2836066,ca6,07-3549
6285684,ca6,17-1459
64011045,ca6,No. 14770
325220,ca6,10557
257180,ca6,86-5952
2833057,ca6,06-5030
66188486,ca6,No. 80-3168
1094543,ca6,93-4351
219925,ca6,72-1453
494631,ca6,91-1976
270449,ca6,13-3974
1395336,ca6,93-6423
660295,ca6,93-5262
348120,ca6,92-1450
1395340,ca6,82-1396
592880,ca6,11159_1
994316,ca6,89-1575
63921907,ca6,No. 4322
1476451,ca6,80-3149
2833814,ca6,07-5265
730100,ca6,02-6060
1000365,ca6,90-5376
66027585,ca6,No. 923
511486,ca6,"13209, 13210"
802519,ca6,90-5784
17340400,ca6,19-6163
64226291,ca6,No. 00-2326
66111856,ca6,No. 3899
1014806,ca6,91-3655
17132239,ca6,18-5004
2212476,ca6,78-1168
2237927,ca6,86-3931
64077024,ca6,"Nos. 99-6400, 99-6596"
1053628,ca6,95-3549
840620,ca6,92-6272
1423479,ca6,80-1619
463736,ca6,13546
770843,ca6,82-3034
2829802,ca6,03-6367
65888541,ca6,No. 05-6479
1360928,ca6,"86-6309, 87-5198"
2830741,ca6,04-4010
66094132,ca6,No. 3178
553216,ca6,12880_1
2833666,ca6,06-4538
64068127,ca6,"Nos. 97-1148, 97-2096 and 97-2097"
988231,ca6,76-1880
966768,ca6,83-3860
760458,ca6,72-1050
2835566,ca6,08-3508
66612364,ca6,21-5132
1401419,ca6,12-4108
489971,ca6,83-3496
677450,ca6,11-3934
975226,ca6,86-5876
760265,ca6,72-1806
66192819,ca6,"Nos. 81-3199, 82-3017"
831125,ca6,90-5793
682823,ca6,20028
1001594,ca6,90-5971
752532,ca6,09-3466
434978,ca6,82-1314
724922,ca6,02-6168
800342,ca6,83-3858
723832,ca6,96-3221
1466793,ca6,84-3067
66054367,ca6,"No. 1,926"
765927,ca6,72-1995
998297,ca6,89-5683
1854123,ca6,72-1460
17261084,ca6,19-3452
63921736,ca6,No. 4161
1180368,ca6,00-2241
67173772,ca6,23-3039
2836058,ca6,09-1485
2831633,ca6,05-5692
2833817,ca6,"06-4523, 07-3523"
2833344,ca6,06-5693
65668987,ca6,No. 02-1865
2485149,ca6,80-3803
65671595,ca6,No. 03-3630
1045183,ca6,94-1909
1241041,ca6,85-1871
2630144,ca6,13-2368
1247323,ca6,86-3970
66039135,ca6,"Nos. 1,352, 1,353"
837954,ca6,91-3863
66770997,ca6,23-5075
1037715,ca6,94-5595
2827970,ca6,01-2087
450844,ca6,"83-5168, 83-5169"
1960990,ca6,92-1044
1849106,ca6,79-3491
2839765,ca6,13-1635
370876,ca6,93-5924
830113,ca6,90-3765
16044060,ca6,18-1885
2337413,ca6,92-6315
64282002,ca6,No. 01-3142
1452024,ca6,78-1157
558079,ca6,90-1962
2832471,ca6,99-5279
434082,ca6,83-1046
2227655,ca6,92-3363
596356,ca6,11302_1
63930383,ca6,No. 4955
729329,ca6,03-5853
815641,ca6,87-1327
333473,ca6,75-1237
63952383,ca6,No. 6491
63040,ca6,96-2294
66065425,ca6,"No. 2,261"
64277682,ca6,No. 01-6173
63844077,ca6,Nos. 16638-16641
66080871,ca6,No. 2796
2400861,ca6,93-6405
60693345,ca6,20-6217
509090,ca6,"87-4035, 89-3456"
835931,ca6,"90-2249, 91-1273"
67513571,ca6,22-3884
521886,ca6,85-3221
79548,ca6,83-3536
2835597,ca6,07-4537
748773,ca6,73-2014
1879407,ca6,86-1073
64284142,ca6,No. 01-5645
65668738,ca6,No. 03-1212
66192975,ca6,No. 81-1587
420777,ca6,89-3246
66084503,ca6,No. 2846
66072464,ca6,No. 2548
283932,ca6,81-3047
817548,ca6,87-3841
67207150,ca6,21-4184
660976,ca6,78-3442
1359286,ca6,82-1352
65678569,ca6,No. 03-5392
120344,ca6,87-2062
1130743,ca6,82-3393
1815386,ca6,89-3663
164926,ca6,79-3754
1054239,ca6,94-3776
63987857,ca6,No. 10509
875844,ca6,06-5321
1008934,ca6,89-5992
66214397,ca6,No. 85-5385
585235,ca6,07-6123
66085804,ca6,No. 2945
2827844,ca6,01-3534
23308,ca6,19-6403
557543,ca6,91-3485
2837912,ca6,10-4585
64285203,ca6,No. 01-2013
64161267,ca6,No. 01-1289
63924024,ca6,No. 4430
2831430,ca6,05-6517
1114179,ca6,01-2231
1029076,ca6,08-1173
64064595,ca6,"Nos. 97-6283, 97-6437 and 97-6284"
64281747,ca6,No. 00-4531
396444,ca6,15208_1
992391,ca6,89-3200
560837,ca6,91-1863
2827535,ca6,00-1516
6220964,ca6,16-1687
803887,ca6,84-1886
63967740,ca6,No. 7880
259232,ca6,86-3261
1050325,ca6,94-4336
1466800,ca6,83-1457
2831618,ca6,05-3103
810876,ca6,86-3688
66268950,ca6,No. 89-1135
1405756,ca6,78-5153
64281047,ca6,No. 01-1595
2177279,ca6,72-1489
2838249,ca6,11-3425
63947764,ca6,No. 6296
2830649,ca6,04-3611
2114212,ca6,82-5770
822530,ca6,90-5786
63949590,ca6,No. 6725
197732,ca6,73-1510
66981006,ca6,22-5185
66238423,ca6,No. 87-3149
874988,ca6,01-2561
237422,ca6,84-1622_1
4418950,ca6,16-1027
2833149,ca6,06-1916
1944994,ca6,82-1353
66092525,ca6,No. 3200
465880,ca6,90-5083
2831859,ca6,05-6760
6063347,ca6,16-5164
270058,ca6,87-3786
2838491,ca6,10-6150
65672689,ca6,No. 02-2087
2829963,ca6,04-3753
66094064,ca6,No. 3142
2470100,ca6,88-1355
66064720,ca6,"No. 2,158"
65673487,ca6,No. 02-3484
1337763,ca6,82-1542
578407,ca6,97-1326
827646,ca6,90-1207
1135414,ca6,92-4300
2091467,ca6,83-5667
66048409,ca6,"No. 1,719"
581460,ca6,15269
723474,ca6,99-3412
2830739,ca6,03-4370
63985356,ca6,No. 10287
931193,ca6,78-5497
300459,ca6,80-1420
66213893,ca6,"Nos. 82-3771, 82-3773"
559786,ca6,91-2212
695609,ca6,16633
2839672,ca6,12-4428
2186861,ca6,10905
63933839,ca6,No. 5195
1500511,ca6,95-3462
1940360,ca6,84-1432
1640685,ca6,6372
63942847,ca6,No. 6069
66033746,ca6,"No. 1,169"
637034,ca6,"81-1087, 1088 and 1089"
64281383,ca6,No. 01-4313
4126410,ca6,15-2130
63988532,ca6,No. 10606
64178477,ca6,No. 00-6047
749148,ca6,73-1456
744129,ca6,"01-2171, 01-2177"
522666,ca6,91-5581
976317,ca6,85-4027
2831144,ca6,05-3523
600339,ca6,94-6117
1227493,ca6,"85-5382, 85-5383"
2835662,ca6,07-5299
524303,ca6,91-2425
65678160,ca6,No. 02-1995
66159982,ca6,No. 18675
1041308,ca6,93-6483
2826690,ca6,99-3274
2837723,ca6,09-2327
1504268,ca6,88-3091
2076523,ca6,81-3006
50363,ca6,87-1141
502505,ca6,88-3953
1352263,ca6,76-1586
1196175,ca6,"84-1148, 84-1178"
874167,ca6,98-3399
845875,ca6,10-2359
2441719,ca6,87-3425
818396,ca6,86-1217
466683,ca6,03-2053
1088134,ca6,12-1904
1975411,ca6,88-1237
170037,ca6,84-1051
778913,ca6,05-2375
66187810,ca6,No. 77-1251
1064791,ca6,77-1348
1575150,ca6,87-6010
60678201,ca6,20-2203
2829011,ca6,02-4284
1038889,ca6,93-3417
2502034,ca6,91-3882
2830046,ca6,04-3949
1027825,ca6,93-6558
2357396,ca6,92-5860
18753315,ca6,19-5965
332911,ca6,14938_1
871814,ca6,97-1635
64282457,ca6,No. 01-5481
15647512,ca6,18-6026
2829043,ca6,03-3812
71964,ca6,86-1570
64202497,ca6,No. 00-6685
2251117,ca6,91-5092
316553,ca6,90-5540
187550,ca6,16091
789834,ca6,03-1588
546496,ca6,94-5442
585511,ca6,15246_1
281250,ca6,88-1010
69538613,ca6,24-3769
1013010,ca6,91-6430
64017236,ca6,No. 92-2377
751048,ca6,73-2020
66166299,ca6,No. 71-1385
64069551,ca6,No. 99-5234
267039,ca6,76-2367
2218795,ca6,85-1969
2215553,ca6,80-3100
2479826,ca6,88-5366
1277349,ca6,83-5720
1244433,ca6,00-3159
767508,ca6,81-5162
65678808,ca6,No. 03-3529
1393700,ca6,78-3389
2830085,ca6,04-3920
332384,ca6,14403_1
67853387,ca6,23-1820
2827824,ca6,00-1447
1975209,ca6,88-1231
652671,ca6,75-2340
579064,ca6,87-4005
2839403,ca6,13-3568
2840053,ca6,14-3172
1975256,ca6,88-1357
66141488,ca6,No. 541
1413670,ca6,90-4046
827797,ca6,89-3090
425152,ca6,81-1675
346794,ca6,92-5777
2839380,ca6,12-6242
17506272,ca6,19-4078
793464,ca6,74-2088
495770,ca6,"84-5296, 84-5297"
63948069,ca6,No. 6295
1051671,ca6,95-3016
69608907,ca6,24-1481
965724,ca6,84-1518
1269055,ca6,74-2137
1270368,ca6,11-5545
64110352,ca6,No. 01-1099
983699,ca6,8937
1037737,ca6,93-6519
283555,ca6,86-3230
2602920,ca6,13-3892
1060406,ca6,96-3127
63951578,ca6,No. 6427
711832,ca6,71-1233
64279889,ca6,No. 01-6092
65680534,ca6,No. 03-5386
357761,ca6,91-2182
29338,ca6,08-1834
1121029,ca6,89-4018
506174,ca6,89-5913
64284415,ca6,No. 02-3472
66184934,ca6,"Nos. 76-2518, 76-2521 and 76-2522"
2834837,ca6,08-5249
8021322,ca6,17-4138
202723,ca6,76-1296
66095936,ca6,No. 3326
669251,ca6,18231
66651419,ca6,No. 588
978949,ca6,86-3933
2827013,ca6,00-3001
64180022,ca6,No. 01-3863
2490024,ca6,95-5056
1403535,ca6,93-5981
1451435,ca6,75-2038
423877,ca6,92-2143
2022292,ca6,92-3162
1987983,ca6,88-4025
1050348,ca6,94-6017
64150451,ca6,No. 00-6205
1031871,ca6,92-2088
1792682,ca6,95-6539
669503,ca6,00-3726
2004308,ca6,87-5461
1041288,ca6,94-1692
175169,ca6,12280_1
295831,ca6,13900_1
874532,ca6,"00-5150, 00-5232"
64281739,ca6,No. 01-5091
228648,ca6,95-6692
2481940,ca6,89-3764
1001553,ca6,90-3015
7228450,ca6,17-1431
2131787,ca6,83-5003
837575,ca6,91-5418
65666236,ca6,No. 02-3372
1045727,ca6,6272
2129375,ca6,79-3118
534849,ca6,92-6171
1714937,ca6,78-5469
2119470,ca6,11774
806382,ca6,85-3264
4615847,ca6,16-5700
64162820,ca6,No. 00-3936
1403728,ca6,86-3691_1
1052805,ca6,81-5043
64099853,ca6,No. 99-6188
2830803,ca6,05-5431
721442,ca6,"98-6044, 98-6048, 98-6216"
2514619,ca6,07-5255
2153624,ca6,78-1179
786320,ca6,71-2076
823908,ca6,89-5158
314964,ca6,90-3166
348590,ca6,72-1966
66629064,ca6,21-2984
2835758,ca6,08-6537
2405934,ca6,91-4070
2390529,ca6,86-1900
68483976,ca6,24-3360
63980142,ca6,No. 9848
739394,ca6,08-5138
100266,ca6,79-1050-51
59933077,ca6,20-1607
66219309,ca6,No. 86-1652
63257094,ca6,21-3675
1576165,ca6,78-1437
20792,ca6,06-4512
14918849,ca6,17-5760
2001254,ca6,00-4032
994049,ca6,89-3357
2456090,ca6,92-6019
2140644,ca6,88-3542
446839,ca6,83-1599
2838402,ca6,11-3591
1408692,ca6,77-3350
84502,ca6,09-5397
720297,ca6,03-4101
65712479,ca6,No. 12-4244
1130428,ca6,09-2045
11799,ca6,19-5692
2833955,ca6,07-6111
59723256,ca6,19-2262
2834161,ca6,07-5334
64872903,ca6,22-5006
830956,ca6,"90-5716, 90-5765"
63930835,ca6,No. 5163
117666,ca6,"5530, 5531"
555349,ca6,90-6121
759479,ca6,72-2061
833549,ca6,90-2272
1859120,ca6,10-3784
805281,ca6,08-3261
63971786,ca6,No. 8307
6138818,ca6,16-4734
66132602,ca6,No. 251
6119832,ca6,16-2199
829620,ca6,89-3761
1524428,ca6,80-1232
1110303,ca6,5026-5028
66171855,ca6,"Nos. 72-1931, 72-1932 and 72-1933"
2834642,ca6,08-1892
2835039,ca6,06-5668
77072,ca6,13-1132
1359047,ca6,81-1178
1039632,ca6,13-6266
1465272,ca6,82-5610
1047045,ca6,9078
2480128,ca6,11052
833697,ca6,84-1045
2829873,ca6,03-4196
2839133,ca6,10-2185
2294544,ca6,90-3316
753066,ca6,95-5876
66100473,ca6,No. 3474
171734,ca6,13028
3009365,ca6,14-3563
4609175,ca6,16-1547
66051844,ca6,No. 1833
1305691,ca6,93-3029
1661034,ca6,87-3830
1488410,ca6,79-1226
6338027,ca6,17-1447
330127,ca6,91-2092
129971,ca6,88-3608
626611,ca6,75-1055
729823,ca6,5614
813360,ca6,87-1147
1041621,ca6,94-1656
949937,ca6,80-1247
821170,ca6,89-5793
63987546,ca6,No. 10497
2190621,ca6,88-1710
2829878,ca6,"04-3724, 04-3725"
64000917,ca6,"Nos. 12420, 12421"
511204,ca6,90-3038
66042218,ca6,"No. 1,470"
1088184,ca6,77-3514
18747932,ca6,19-2381
2829411,ca6,03-1886
2833067,ca6,06-3823
1132318,ca6,92-1113
1292208,ca6,81-3730
377886,ca6,"93-5142, 93-5179"
63927729,ca6,No. 5045
2192462,ca6,88-5711
1038922,ca6,94-1246
2837663,ca6,10-3549
2407574,ca6,76-2282
64203161,ca6,No. 00-1977
65669933,ca6,No. 03-1170
952523,ca6,80-1611
1148413,ca6,73-2081
2668,ca6,17-4221
2830015,ca6,04-1341
64028016,ca6,No. 94-4144
715023,ca6,19570-1_1
2828187,ca6,01-1576
6059532,ca6,16-5023
134323,ca6,14316
766303,ca6,72-2001
1000373,ca6,76-1471
67095,ca6,87-5252
65666073,ca6,No. 02-4235
567180,ca6,95-3097
452982,ca6,01-2498
2827938,ca6,01-5373
836449,ca6,91-5966
565267,ca6,92-1385
682967,ca6,15763
65667345,ca6,No. 02-2177
520258,ca6,81-5597
66076790,ca6,No. 2634
2407326,ca6,89-6136
319924,ca6,91-5124
71715,ca6,07-2230
374959,ca6,76-2670
1790238,ca6,79-5221
66739735,ca6,22-3045
259956,ca6,86-3414
681133,ca6,15565
1231376,ca6,11968_1
2832359,ca6,05-5177
1567052,ca6,83-5036
484789,ca6,86-1088
98008,ca6,17115_1
1118429,ca6,77-1028
64065436,ca6,No. 98-3197
3014089,ca6,15-5152
63966537,ca6,No. 7596
64279704,ca6,No. 01-3544
6161439,ca6,15-4124
2835914,ca6,05-4488
313049,ca6,8586
4415360,ca6,Case 15-1661; 15-1849
92100,ca6,77-5257
2828193,ca6,"02-2337, 02-2338"
347771,ca6,81-1137
731648,ca6,05-2206
79019,ca6,83-5393
14878196,ca6,17-1933
817551,ca6,87-3996
1240888,ca6,94-3855
2834863,ca6,07-2430
2029719,ca6,90-6585
2827172,ca6,99-5694
971735,ca6,86-5766
369607,ca6,10-2623
364584,ca6,"20271, 20272"
65673500,ca6,No. 03-5015
1052407,ca6,95-1482
2125796,ca6,11387_1
271207,ca6,87-3417
2490420,ca6,13960_1
2832345,ca6,06-5288
939116,ca6,92-3691
1340390,ca6,81-3290
2833657,ca6,07-3435
506588,ca6,75--1167
63975608,ca6,No. 9106
2463893,ca6,72-2091
1358352,ca6,82-3644
1618495,ca6,09-5006
1027889,ca6,92-1377
2830760,ca6,05-1150
1118450,ca6,89-3752
17417239,ca6,19-1302
63933896,ca6,No. 5602
2831671,ca6,05-6330
784437,ca6,74-1052
383299,ca6,09-1753
65958799,ca6,No. 13-1796
500655,ca6,83-5283
819341,ca6,87-6214
1763432,ca6,11739
75871,ca6,90-1483
2839625,ca6,13-1705
660542,ca6,77-1113
2393164,ca6,75-2425
63948913,ca6,No. 6641
65659555,ca6,No. 09-2001
180527,ca6,84-3503
66237365,ca6,No. 87-1920
2831336,ca6,05-4079
65962529,ca6,No. 15-3923
338859,ca6,81-3739
66037617,ca6,"No. 1,307"
1019937,ca6,92-2293
601257,ca6,82-1473
64280319,ca6,No. 00-4219
1651218,ca6,94-5298
2830219,ca6,04-1579
60622277,ca6,20-3004
64281793,ca6,No. 00-2365
11025,ca6,19-5508
816807,ca6,87-5993
1046377,ca6,94-5703
1034993,ca6,93-5264
267842,ca6,13557_1
66080652,ca6,No. 2681
2353181,ca6,77-1071
1234483,ca6,96-5048
63975033,ca6,No. 9027
413174,ca6,77-3369
68428761,ca6,24-5335
69167843,ca6,24-1599
2828872,ca6,03-2376
833474,ca6,90-5845
1013621,ca6,92-5901
63982056,ca6,No. 9868
66065930,ca6,"No. 2,208"
329604,ca6,87-3377
2839164,ca6,12-3703
66769406,ca6,22-3602
716228,ca6,19887
88307,ca6,95-1002
2502879,ca6,89-3044
649240,ca6,"12200, 12201"
10969,ca6,18-5847
802930,ca6,84-1173
2356199,ca6,80-3781
63970351,ca6,No. 6809
2838598,ca6,11-5748
231485,ca6,13276_1
282898,ca6,88-1348
124397,ca6,74-1508
2828365,ca6,02-3626
1127776,ca6,6573
3068447,ca6,15-2037/15-2197
2827936,ca6,01-6587
2829908,ca6,04-1689
2831621,ca6,05-4540
68008060,ca6,23-3924
84470,ca6,05-3173
2459090,ca6,95-4339
2495218,ca6,84-6084
1114819,ca6,88-1145
337114,ca6,"09-4533, 10-4242"
59764803,ca6,20-3538
122466,ca6,"05-2539, 05-2680, 05-2693"
2196321,ca6,78-3661
2134134,ca6,12362
707850,ca6,18584_1
144563,ca6,76-1114
875106,ca6,02-5081
2829512,ca6,"03-6592, 03-6593, 03-6594, 03-6595, 04-5031, 04-5033, 04-5034, 04-5035, 04-5036, 04-5037"
811474,ca6,83-3234
66045970,ca6,"No. 1,593"
841406,ca6,91-6194
66088248,ca6,No. 3098
248361,ca6,99-1734
729902,ca6,03-6502
665623,ca6,18942
1245071,ca6,12-4062
2839096,ca6,12-4071
64138021,ca6,No. 00-3773
2098514,ca6,77-3371
997001,ca6,89-2267
2473128,ca6,87-3203
762760,ca6,08-6181
1025220,ca6,92-3624
66070990,ca6,"No. 2,311"
63983049,ca6,No. 10138
324137,ca6,91-1659
2021650,ca6,73-1830
318741,ca6,90-1525
1268887,ca6,75-1435
64279702,ca6,No. 01-1446
66056244,ca6,"No. 1,902"
64280318,ca6,No. 00-6064
2839548,ca6,13-2606
22571,ca6,19-2388
1324457,ca6,81-3156
126063,ca6,94-6137
2832997,ca6,06-1437
2192177,ca6,87-3669
1976476,ca6,92-1815
298349,ca6,735
809960,ca6,87-1293
1047631,ca6,94-6628
68335883,ca6,24-3206
814313,ca6,88-3195
2147444,ca6,15104_1
772772,ca6,10-3342
2397468,ca6,84-1207
2835064,ca6,07-6045
2045660,ca6,80-3131
2179862,ca6,77-1250
983942,ca6,87-1966
345494,ca6,92-3567
1368762,ca6,83-1608
813721,ca6,86-3140
804195,ca6,522
548568,ca6,93-4091
631748,ca6,"92-1132, 92-1136, 92-1144 and 92-1155"
1031851,ca6,92-3412
64285072,ca6,No. 02-3184
1410792,ca6,86-3215
1227718,ca6,74-1370
129535,ca6,97-1118
1389774,ca6,82-1892
66249376,ca6,No. 87-3345
2423457,ca6,77-1437
2829999,ca6,04-5663
2839688,ca6,13-2127
2444337,ca6,91-5106
1019126,ca6,92-6473
63927754,ca6,No. 4908
62634715,ca6,21-5194
602729,ca6,94-2267
2451885,ca6,11219
1411521,ca6,14226
661550,ca6,"96-6411, 96-6412"
4545769,ca6,16-3419
65677442,ca6,No. 03-4028
66976495,ca6,21-5619
1059121,ca6,95-3780
69669675,ca6,24-3838
64021972,ca6,"Nos. 93-6366, 93-6462"
971337,ca6,77-1526
66043498,ca6,"No. 1,497"
2261768,ca6,79-3688
1104016,ca6,4105
2497746,ca6,89-6493
760503,ca6,72-1645
1135043,ca6,84-3022
222178,ca6,79-5029
807135,ca6,85-3441
819385,ca6,88-5161
2413538,ca6,87-2241
1133846,ca6,79-3073
803228,ca6,85-3897
273460,ca6,86-4081
65668715,ca6,No. 02-5856
2839503,ca6,12-4481
890017,ca6,12-1449
517720,ca6,84-1848
545872,ca6,93-5833
66213290,ca6,"Nos. 84-5874, 84-5902, 84-5911, 84-5916, 84-5988 to 84-5991"
830323,ca6,90-5871
65667061,ca6,No. 01-6414
2417300,ca6,92-6335
2828752,ca6,02-2326
63972014,ca6,No. 8356
3037323,ca6,15-1588
878225,ca6,10-5522
814712,ca6,86-4001
2831412,ca6,05-1125
63938456,ca6,No. 5066
1895568,ca6,"10-1128, 10-1160"
2438548,ca6,87-4024
63923252,ca6,No. 4492
729967,ca6,"05-3241, 05-3243"
63973790,ca6,No. 8665
848491,ca6,93-5644
66050960,ca6,"Nos. 1,811, 1,812, 1,813, 1,814"
1799885,ca6,83-3324
63932576,ca6,No. 5387
2835562,ca6,"07-4820, 07-4329"
2048664,ca6,91-6468
824100,ca6,"89-3556, 89-3557 and 89-3593"
2835850,ca6,09-1393
505924,ca6,73-1351
2837542,ca6,10-6025
65673501,ca6,No. 03-3194
2835233,ca6,07-1766
692357,ca6,14481
2829619,ca6,03-1895
64032750,ca6,"Nos. 92-2288, 92-2326"
66088122,ca6,No. 2970
63985652,ca6,No. 10383
1136948,ca6,93-3882
515478,ca6,90-3774
2045684,ca6,80-1444
358214,ca6,88-3021
699028,ca6,"16080, 16964"
978510,ca6,86-3608
1444278,ca6,76-2649
64285513,ca6,No. 01-6072
65667086,ca6,No. 02-6130
984133,ca6,6524
935333,ca6,83-5137
796268,ca6,85-1938
518727,ca6,85-5112
2827629,ca6,01-1018
329944,ca6,92-3251
1625896,ca6,5434
2143495,ca6,77-3622
2494423,ca6,73-1269
1580300,ca6,"07-4375, 07-4376"
837916,ca6,91-4147
300266,ca6,14184_1
988166,ca6,89-5118
341749,ca6,82-3388
182624,ca6,15080
734853,ca6,10-5043
991712,ca6,88-4060
18634859,ca6,20-5006
2838848,ca6,12-5237
14219644,ca6,18-5674
318722,ca6,91-3279
378969,ca6,"13-3357, 13-4340"
2374226,ca6,81-3447
2110183,ca6,72-2155
2834162,ca6,07-5860
718271,ca6,18016_1
2614494,ca6,14-5337
63815673,ca6,Nos. 3829-3832
1017398,ca6,"08-1614, 08-1615"
1220811,ca6,97-3277
2826651,ca6,99-1294
219645,ca6,79-1296
1525579,ca6,85-1168
66093158,ca6,"Nos. 3213, 3214"
66242325,ca6,"Nos. 87-6074, 87-6079"
1049483,ca6,95-5813
917196,ca6,88-5079
66808723,ca6,23-5121
63989511,ca6,No. 10688
263484,ca6,83-1122
1596748,ca6,07-6385
2096365,ca6,82-5334
1319891,ca6,76-1368
134025,ca6,13-1321
66026780,ca6,No. 788
991706,ca6,88-3775
379313,ca6,09-3117
1001274,ca6,90-5807
515140,ca6,08-5746
802830,ca6,85-3252
1217856,ca6,85-5042
6261414,ca6,17-5448
2190504,ca6,80-1358
557292,ca6,91-3162
90547,ca6,"91-1466, 91-1558"
1216990,ca6,9062
966150,ca6,"08-4233, 08-4404"
440454,ca6,81-3473
66187737,ca6,No. 77-1320
1054613,ca6,94-1458
743448,ca6,01-1391
2827336,ca6,00-1502
1086184,ca6,93-1665
2833992,ca6,07-3645
541033,ca6,92-2207
1302963,ca6,81-3589
2189795,ca6,18203
64043189,ca6,"Nos. 94-3855, 94-3973 and 94-4280"
1119737,ca6,90-5290
2836799,ca6,09-2402
995607,ca6,89-3434
16881568,ca6,19-1588
63922688,ca6,No. 4264
6084638,ca6,15-6299
272829,ca6,84-5500
649039,ca6,90-3432
65961375,ca6,No. 15-5377
1213847,ca6,74-2159
2837790,ca6,10-2461
65680274,ca6,"Nos. 03-5195, 03-5198"
448420,ca6,86-6007
2835704,ca6,08-6387
69354940,ca6,24-5893
66165392,ca6,No. 21050
63113100,ca6,20-5693
65673141,ca6,No. 02-3986
118390,ca6,84-5086
984790,ca6,88-5877
63969621,ca6,No. 8057
51132,ca6,78-5172
69038795,ca6,24-5623
559067,ca6,91-5991
2837413,ca6,09-2061
66267702,ca6,No. 90-3825
498431,ca6,88-5936
1270390,ca6,09-5564
2834152,ca6,06-6208
981202,ca6,87-3436
2129005,ca6,83-3533
59772688,ca6,20-1420
346284,ca6,9799
675274,ca6,07-5431
370287,ca6,71-2036
835884,ca6,"91-5638, 91-5847"
64162752,ca6,No. 00-1990
2830899,ca6,04-3640
250183,ca6,85-3662
2829651,ca6,04-3085
405099,ca6,96-1071
936612,ca6,91-3558
617900,ca6,05-2465
3094,ca6,18-2274
919188,ca6,"11-4409, 12-3047"
521839,ca6,1415
289543,ca6,83-1698
986356,ca6,88-3135
14547719,ca6,17-5995/6071
63933930,ca6,No. 5422
559908,ca6,90-2212
3030231,ca6,14-5510
2830608,ca6,04-4163
66033931,ca6,"No. 1,142"
2829810,ca6,04-3743
64161132,ca6,No. 99-6364
2839029,ca6,"12-5226, 12-5582"
946045,ca6,77-3054
984787,ca6,88-5311
2830892,ca6,04-1707
245147,ca6,84-5496
976336,ca6,86-1681
931685,ca6,20155
66088696,ca6,No. 3087
66155589,ca6,No. 16762
237547,ca6,84-3295
2227686,ca6,81-5608
2840205,ca6,14-2494
66751593,ca6,22-3059
1508490,ca6,11621_1
63926882,ca6,No. 4884
63976911,ca6,No. 9374
491131,ca6,87-1344
66043869,ca6,"No. 1,478"
16003838,ca6,18-3858
66228001,ca6,No. 86-5588
680031,ca6,98-5724
386236,ca6,13-3760
748786,ca6,73-1813
2030803,ca6,75-1387
68384221,ca6,24-3258
2839789,ca6,13-1824
2080687,ca6,74-1656
2831382,ca6,05-3917
1270554,ca6,96-3334
2826583,ca6,98-1851
66046689,ca6,"Nos. 1,641, 1,645"
128670,ca6,95-2150
63505,ca6,06-5949
2597234,ca6,13-5928
65680262,ca6,No. 03-3727
1154281,ca6,74-1959
2828977,ca6,03-1528
875648,ca6,04-4142
334662,ca6,92-1027
62996280,ca6,20-3209
8068151,ca6,18-1225
2115850,ca6,80-5452
966546,ca6,5644
241941,ca6,09-3972
193490,ca6,82-5157
1542406,ca6,80-5442
344916,ca6,92-1958
585845,ca6,15306
2828552,ca6,03-3959
2469101,ca6,75--1165
848969,ca6,92-6652
1015699,ca6,92-1120
84415,ca6,82-3465
843741,ca6,92-5904
185015,ca6,10701
2314123,ca6,87-1764
733851,ca6,71-2074
63942900,ca6,No. 5981
4574719,ca6,Case 16-5558
43940,ca6,14269
99965,ca6,447
66188487,ca6,No. 78-1059
2455260,ca6,86-1406_1
2837330,ca6,08-4552
554949,ca6,91-3189
14516462,ca6,17-6365
815033,ca6,86-3211
1415435,ca6,73-1500
393615,ca6,90-6201
2828582,ca6,03-4540
66919956,ca6,22-3998
430425,ca6,"81-5440, 81-5441"
680972,ca6,15354_1
65958193,ca6,"Nos. 13-1840, 13-1896; 13-1849, 13-1897"
371491,ca6,93-1328
2830893,ca6,05-5072
2839707,ca6,"11-3894, 11-3925"
464300,ca6,81-3110
2833608,ca6,"06-5843, 06-5852"
843639,ca6,92-3615
2828910,ca6,03-5624
2829681,ca6,03-2458
66970649,ca6,22-5496
63937978,ca6,"Nos. 5721, 5722"
574863,ca6,09-4089
767854,ca6,80-5498
66274885,ca6,"Nos. 89-6410 to 89-6412, 89-6443, 89-6444, 91-5075, 91-5076 and 91-5243"
26685,ca6,93-6329
750012,ca6,10-6117
1961579,ca6,00-3584
689884,ca6,"77-5365, 77-5366"
672219,ca6,18872_1
14868379,ca6,18-5079
63947984,ca6,"Nos. 6377, 6378"
1049946,ca6,94-5828
2826487,ca6,98-3092
778639,ca6,82-3701
15769594,ca6,17-1383
292548,ca6,08-1156
539907,ca6,93-5864
700355,ca6,20739
699654,ca6,17306_1
306228,ca6,83-1464
18505852,ca6,20-3319
993538,ca6,89-5500
2836295,ca6,"08-2268, 08-2232"
491361,ca6,87-1253
2830913,ca6,05-6570
2494844,ca6,82-5043
1055881,ca6,95-4042
828994,ca6,90-5095
558111,ca6,91-5366
64073663,ca6,"Nos. 98-3935, 98-3986, 98-3987 and 98-3988"
257211,ca6,86-5473
988146,ca6,88-1218
63936716,ca6,No. 5824
4546423,ca6,16-3416
224903,ca6,89-1471
2168078,ca6,78-1473
63957478,ca6,No. 6939
64107038,ca6,No. 99-2330
824750,ca6,87-1944
111536,ca6,13408
1728599,ca6,83-3169
64093433,ca6,No. 01-1494
1002077,ca6,90-3139
223296,ca6,93-6157
723806,ca6,96-5002
2830975,ca6,05-3783
63927622,ca6,No. 4819
60362189,ca6,20-1003
661601,ca6,17751
167134,ca6,4605
1468643,ca6,89-1429
64281054,ca6,No. 01-2704
823193,ca6,89-5004
1327029,ca6,84-3628
2840223,ca6,"13-2655, 13-2656"
691744,ca6,14386_1
779609,ca6,06-5288
1933930,ca6,88-3748
1191460,ca6,80-1319
2828639,ca6,03-2136
63976840,ca6,No. 8909
76182,ca6,79-5140
997999,ca6,89-1194
720843,ca6,99-3059
509877,ca6,89-3781
2833068,ca6,07-1016
59850039,ca6,20-1348
740880,ca6,07-1421
260735,ca6,11708
2837682,ca6,09-2527
856615,ca6,95-5217
248866,ca6,12-2346
934469,ca6,77-1265
1077949,ca6,"07-5458, 07-5459"
1138799,ca6,81-5134
2471998,ca6,86-1736
2831886,ca6,06-1157
265512,ca6,87-3370
714006,ca6,19550
63972927,ca6,No. 8626
65676173,ca6,No. 03-5876
1031892,ca6,92-1802
64287107,ca6,No. 02-3812
1028747,ca6,73-1016
2834688,ca6,08-5138
2834869,ca6,08-1249
63964455,ca6,No. 7509
2836423,ca6,08-4188
487860,ca6,86-3953
992774,ca6,89-1136
232299,ca6,83-5529
64152503,ca6,No. 00-2044
1966043,ca6,86-3132_1
2838833,ca6,12-1204
63933610,ca6,No. 5482
66024887,ca6,No. 812
2453508,ca6,93-3924
2110179,ca6,90-1693
2832012,ca6,05-2480
2835877,ca6,08-2237
16181900,ca6,17-6238
367300,ca6,"12-3268, 12-4173"
532069,ca6,11-4054
2826715,ca6,99-3012
825251,ca6,89-5964
981211,ca6,87-6342
2329010,ca6,86-5827
66042656,ca6,"No. 1,484"
237458,ca6,09-6325
2074355,ca6,88-6110
6304778,ca6,17-5027
357869,ca6,"92-3538, 92-3539 and 92-3541"
1446947,ca6,86-6207
601280,ca6,83-5246
1641438,ca6,79-5102
800640,ca6,85-1246
1051270,ca6,94-6571
726627,ca6,04-5279
64203201,ca6,No. 01-1556
2147817,ca6,93-1952
2828256,ca6,02-1823
556914,ca6,85-5101
1427098,ca6,83-1291
140348,ca6,"84-1364, 84-1365"
2097067,ca6,81-3444
66636664,ca6,22-3134
766959,ca6,72-1941
842901,ca6,92-1987
110906,ca6,535
61579223,ca6,21-5286
512375,ca6,89-6026
67416043,ca6,23-1318
511618,ca6,90-5018
190526,ca6,19320_1
6831778,ca6,17-5209
2145646,ca6,85-3054
2499516,ca6,79-5013
1134720,ca6,"10-1413, 10-1415"
2829882,ca6,04-3978
6228174,ca6,16-6375
65665535,ca6,No. 02-2457
514590,ca6,91-5141
102500,ca6,12745_1
66140134,ca6,No. 491
524307,ca6,92-1494
372224,ca6,93-5472
2672575,ca6,14-1925
482604,ca6,80-3685
398735,ca6,95-3188
2389727,ca6,73-1074
66135348,ca6,No. 350
1734541,ca6,80-3508
121455,ca6,87-5928
65962341,ca6,No. 15-5762
161685,ca6,73-1875
821111,ca6,88-3934
17220055,ca6,19-3859
2832358,ca6,06-3253
1049060,ca6,94-2461
64203319,ca6,No. 00-4475
433966,ca6,"96-1059, 96-1060"
66047484,ca6,"No. 1,663"
63973991,ca6,No. 8936
4567806,ca6,Case 15-5644/15-5653/15-5663
383587,ca6,93-2578
358849,ca6,78-5433
662578,ca6,18095_1
2045484,ca6,12289_1
1031780,ca6,"92-6699, 93-5043"
2830774,ca6,04-4232
929887,ca6,07-5369
793423,ca6,74-1491
63970550,ca6,No. 8062
6683249,ca6,17-5517
59986091,ca6,20-3461
1206505,ca6,78-1447
2827997,ca6,01-5683
973103,ca6,"86-1079, 86-1083"
2828170,ca6,02-1475
2838811,ca6,"10-4180, 10-4583, 11-3008"
2064926,ca6,82-3551
2435828,ca6,88-3098
981373,ca6,87-3594
682091,ca6,15342_1
355399,ca6,79-3150
18501281,ca6,19-6291
39947,ca6,12-4390
2829572,ca6,04-5391
2839126,ca6,12-6318
2839468,ca6,13-1369
515102,ca6,"89-2057, 89-2100"
64285629,ca6,No. 01-5003
66264391,ca6,No. 90-5083
990767,ca6,88-3863
67613772,ca6,23-1481
585108,ca6,"07-2458, 07-2495"
67319745,ca6,23-5248
822473,ca6,88-2232
1036976,ca6,93-2536
69277360,ca6,24-1912
2831002,ca6,05-5201
1154477,ca6,86-1983
405770,ca6,94-1733
1605752,ca6,74-1388
812089,ca6,86-3330
549305,ca6,78-1594
1891660,ca6,06-6533
822662,ca6,89-5356
726611,ca6,04-3474
2829955,ca6,03-1796
1654066,ca6,95-1837
1094790,ca6,73-1636
2279656,ca6,75-2480
2835584,ca6,08-3246
802632,ca6,85-1355
66955111,ca6,22-5806
66184566,ca6,No. 76-2325
2861107,ca7,09-2289
63956126,ca7,No. 5414
2852388,ca7,00-2991
66180095,ca7,No. 76-1822
66801578,ca7,22-1515
426991,ca7,5039
66133427,ca7,No. 168
2852061,ca7,00-2745
17027826,ca7,19-3067
66069140,ca7,"No. 1,950"
65662746,ca7,"No. 16-2342, No. 16-2375"
2854740,ca7,04-1616
2858106,ca7,06-3336
951708,ca7,80-1948
2856159,ca7,04-3985
16883584,ca7,19-2309
66213845,ca7,"Nos. 84-1168, 84-1182 and 84-1196"
1071542,ca7,"05-2007, 05-2008, 09-1291"
65675489,ca7,No. 03-2938
63986336,ca7,No. 9313
412142,ca7,12611
2856194,ca7,04-1062
64202241,ca7,No. 01-2723
482228,ca7,11340_1
536042,ca7,92-1249
63960504,ca7,No. 5744
1742440,ca7,84-2538
1276855,ca7,80-1672
748256,ca7,18463
851440,ca7,94-3175
580260,ca7,84-1239
63990748,ca7,No. 9625
63977560,ca7,No. 8160
66230194,ca7,No. 86-1783
64284438,ca7,No. 01-3935
63655665,ca7,21-1718
970928,ca7,7600
484068,ca7,16716_1
1734075,ca7,03-1507
931890,ca7,80-1826
63955506,ca7,No. 5615
1087512,ca7,82-2010
2853291,ca7,02-1336
65692177,ca7,No. 11-1319
64008528,ca7,No. 13236
728641,ca7,03-3630
63981581,ca7,No. 8773
830295,ca7,89-3777 and 90-1329
66215698,ca7,No. 85-1219
247688,ca7,10-2141
448336,ca7,82-2784
2857993,ca7,06-3609
2851959,ca7,00-1384
65679305,ca7,No. 04-1027
50695,ca7,13030
66081763,ca7,No. 2249
2856107,ca7,05-1721
343788,ca7,10339_1
503787,ca7,85-1051
64012769,ca7,"Nos. 13959, 13962-13965"
131267,ca7,82-2160
65666839,ca7,No. 03-1552
660449,ca7,97-2723
467023,ca7,"06-2001, 06-2003, 06-2005, 06-2108"
63970989,ca7,No. 7064
705640,ca7,00-4034
711805,ca7,17597
2684119,ca7,14-2621
266979,ca7,78-1948
1161156,ca7,95-2157
18411869,ca7,19-3270
363881,ca7,88-1318
65706924,ca7,No. 12-1532
64197792,ca7,No. 01-1591
707780,ca7,77-1246
65689169,ca7,No. 09-3890
567524,ca7,94-3989
63967316,ca7,No. 5757
587137,ca7,75-2019
7551772,ca7,18-1265
2675268,ca7,14-2982
388678,ca7,93-3261
2852560,ca7,00-3413
887865,ca7,76-2062
2852350,ca7,"01-1034, 01-1080"
136947,ca7,12-2631
63983099,ca7,No. 9015
456289,ca7,83-2647
215689,ca7,92-1351
66212162,ca7,No. 84-2834
694424,ca7,08-2766
133091,ca7,13-1496
69543732,ca7,23-2653
63136647,ca7,21-2256
1338405,ca7,76-1006
515012,ca7,90-2163
63941895,ca7,No. 4629
871339,ca7,97-2969
1429930,ca7,77-1715
176857,ca7,12-1840
65712197,ca7,No. 13-2205
66094628,ca7,No. 2648
707535,ca7,01-1275
2855302,ca7,04-2048
1013800,ca7,92-1793
66218314,ca7,No. 84-3104
876520,ca7,08-1879
657894,ca7,16144
1226595,ca7,10728
65661632,ca7,No. 15-1290
928766,ca7,"06-2745, 06-3424"
853736,ca7,05-4696
1018238,ca7,13-3678
65682140,ca7,No. 04-2942
512376,ca7,"90-2060, 90-3339"
2854254,ca7,03-2690
2859060,ca7,07-2443
545488,ca7,93-2826
942670,ca7,74-1728
547975,ca7,"93-4060, 94-1225"
166352,ca7,06-1489
2114722,ca7,80-2017
65959086,ca7,No. 14-1718
64010169,ca7,No. 13448
615137,ca7,92-2084
7710058,ca7,17-2602
66155228,ca7,No. 15303
2857386,ca7,06-1304
1716565,ca7,80-2819
1626350,ca7,"6770, Original"
2860890,ca7,09-1517
6365325,ca7,17-1940
873194,ca7,98-1114
2495530,ca7,80-2367
763543,ca7,79-2299
215995,ca7,12068
65678026,ca7,No. 04-1454
2856639,ca7,05-3796
65878143,ca7,21-1990
4616205,ca7,16-3439
63981293,ca7,No. 8687
745575,ca7,02-2062
941338,ca7,"79-1627, 79-2205"
65706333,ca7,No. 13-1596
732807,ca7,"83-1476, 83-1727"
382112,ca7,76-1969 and 76-1975
16006107,ca7,18-1595
17103090,ca7,18-1931
714432,ca7,"98-1728, 98-3162"
331143,ca7,79-2486
475540,ca7,93-3464
1238609,ca7,13-1192
15738323,ca7,18-2178
740672,ca7,01-2819
1557434,ca7,08-4109
1742409,ca7,87-1203
2623023,ca7,14-2423
65662436,ca7,No. 16-1901
8492244,ca7,15-2830
646415,ca7,10649_1
27624,ca7,19-1463
2853206,ca7,02-2199
971382,ca7,8817
274770,ca7,75-2008
571016,ca7,13714
550147,ca7,96-3839
379587,ca7,93-1026
65662905,ca7,Nos. 17-2540 & 17-2541
13586647,ca7,17-2068
895389,ca7,13-2857
1377239,ca7,86-2198
8140836,ca7,17-2501
2860097,ca7,08-3040
2609818,ca7,14-2512
191520,ca7,7785
2856776,ca7,05-3412
889226,ca7,11-2984
16022428,ca7,18-3315
64225878,ca7,No. 01-3277
65684429,ca7,No. 04-2323
2856602,ca7,05-4593
2415882,ca7,75-1062
2856970,ca7,05-4729
857138,ca7,95-3782
66024139,ca7,No. 666
6880607,ca7,17-2865
2859707,ca7,07-3612
17316341,ca7,19-2931
1046319,ca7,94-2454
44243,ca7,13127_1
348667,ca7,92-4084
65680433,ca7,No. 04-1839
128894,ca7,12-1520
633069,ca7,75-2125
15817400,ca7,18-3523
1912252,ca7,10-1543
747067,ca7,"18563, 18564"
1067071,ca7,97-3810
66206996,ca7,"Nos. 83-3255, 83-3259"
550217,ca7,93-1825
66227398,ca7,"Nos. 86-2658, 86-2659"
732781,ca7,71-1445
65682446,ca7,No. 03-3661
65585041,ca7,21-2708
1591564,ca7,08-2438
65965848,ca7,No. 16-3185
344714,ca7,10433
65727924,ca7,No. 08-2799
66042215,ca7,"No. 1,206"
65674863,ca7,No. 03-1257
1046724,ca7,8207
759506,ca7,06-3189
1372670,ca7,80-2691
656156,ca7,15962
15768123,ca7,17-3508
580283,ca7,94-2810
2855788,ca7,04-2269
811287,ca7,86-2858
7812712,ca7,18-2220
2859608,ca7,08-1977
2348391,ca7,88-2583
1127619,ca7,84-2448
14545298,ca7,18-1695
68420278,ca7,23-2894
615485,ca7,11212
2854367,ca7,02-1538
1392190,ca7,79-1572
1194918,ca7,05-1920
379188,ca7,76-2044 and 77-1681
64161400,ca7,No. 00-3077
952764,ca7,97-2828
18650277,ca7,20-1367
2854140,ca7,03-1546
553048,ca7,93-3821
63925779,ca7,No. 3818
300170,ca7,13029
1002826,ca7,90-2483
260265,ca7,80-2506
8036070,ca7,16-3575
2652619,ca7,14-1398
17015537,ca7,19-2048
66096480,ca7,No. 2557
63964773,ca7,No. 6417
2178933,ca7,77-1399
775005,ca7,06-2780
347955,ca7,92-2279
7657143,ca7,17-1714
66274332,ca7,No. 91-3483
611612,ca7,"10906, 10907, 10908"
179809,ca7,78-2380
630015,ca7,06-4260
2853927,ca7,03-2017
144666,ca7,93-3566
66143471,ca7,No. 482
2309357,ca7,83-2710
66140093,ca7,No. 334
63366944,ca7,21-3116
124222,ca7,93-3039
66198732,ca7,"Nos. 81-2775, 81-2776"
859064,ca7,96-1964
2372228,ca7,83-1790
2786285,ca7,14-3325
941230,ca7,79-2445
1521870,ca7,73-1728
65962822,ca7,No. 16-1113
207695,ca7,90-3086
280575,ca7,87-1321
1029577,ca7,93-1151
738747,ca7,01-3017
151991,ca7,85-2937
2854413,ca7,03-3645
1733910,ca7,03-2453
168611,ca7,13-2955
2855984,ca7,04-2475
584904,ca7,90-2490
63981290,ca7,No. 8675
448014,ca7,395
63966181,ca7,No. 6669
6229585,ca7,16-3944
734674,ca7,18961
2470,ca7,19-1284
687986,ca7,16818
721572,ca7,99-1524
17401850,ca7,19-2679
66040058,ca7,"No. 1,121"
729783,ca7,04-2005
65694521,ca7,No. 11-2100
796754,ca7,91-2288
1331689,ca7,72-1560
611267,ca7,15303_1
2853393,ca7,02-2634
2452532,ca7,14906_1
1432637,ca7,77-1147
2859916,ca7,08-2398
832812,ca7,90-3549
563636,ca7,91-3445
1650203,ca7,95-2949
737465,ca7,18639
2200420,ca7,77-2105
294085,ca7,09-2873
335070,ca7,14250
4585080,ca7,"16-2493, -2494"
1260766,ca7,89-3472
2851747,ca7,00-1109
169502,ca7,12429
65965270,ca7,No. 16-1373
717066,ca7,17461_1
2853042,ca7,01-2283
971589,ca7,"8768, 8769"
1481798,ca7,72-1106
14763602,ca7,18-3373
63961712,ca7,No. 6112
65953959,ca7,No. 07-3279
66265363,ca7,No. 90-2802
63959020,ca7,No. 5919
551498,ca7,"94-1404, 94-2118"
1075228,ca7,10-2467
808131,ca7,02-4032
964221,ca7,4758
4555535,ca7,15-3113
65661293,ca7,No. 15-1193
1964534,ca7,86-3100
63999430,ca7,No. 11266
780268,ca7,05-4631
1191160,ca7,80-2816_1
2615699,ca7,"12-2853, 12-3142, 12-3143"
1366039,ca7,85-2904
2856007,ca7,05-1412
463224,ca7,95-3787
1848646,ca7,86-2182
2260316,ca7,79-1023
1102459,ca7,5801
1275231,ca7,92-3663
15042009,ca7,18-1683
63972007,ca7,No. 7332
69707308,ca7,24-1694
247464,ca7,77-1271
615237,ca7,91-2861
1057151,ca7,"95-2780, 95-2798, 95-2821, 95-2822 and 95-2824"
872540,ca7,98-2184
2150698,ca7,79-1883
1120406,ca7,75-1860
63945124,ca7,"Nos. 4871, 4879"
777590,ca7,05-4429
16968420,ca7,19-1346
641098,ca7,13640
4556985,ca7,16-1063
17046931,ca7,19-1656
66237369,ca7,No. 87-1974
732524,ca7,71-1242
657047,ca7,16130_1
65660263,ca7,No. 12-2357
65960697,ca7,No. 14-3802
469794,ca7,97-3820
837274,ca7,91-2727
2856756,ca7,05-4213
826691,ca7,89-3271
2856939,ca7,05-1894
2851751,ca7,99-3322
970832,ca7,85-3239
718591,ca7,99-1435
1104609,ca7,3685
7367654,ca7,17-2116
592498,ca7,14504
871751,ca7,"96-2367, 96-2462"
258256,ca7,12238_1
66185533,ca7,"Nos. 77-1239, 77-1240"
1308957,ca7,"91-1291, 91-2339"
163031,ca7,83-2931
502235,ca7,80-1706
65721525,ca7,No. 08-3720
112261,ca7,12313_1
305689,ca7,89-2996
226520,ca7,82-2398
793752,ca7,91-1768
2101003,ca7,11-3668
772977,ca7,80-2503
1068450,ca7,97-2493
65961890,ca7,No. 15-2741
65704312,ca7,No. 08-1561
65710789,ca7,No. 08-2875
451841,ca7,97-1866
2858041,ca7,06-3930
66768817,ca7,22-2954
8111090,ca7,17-2598
2669535,ca7,14-2695
16422297,ca7,17-3074
155476,ca7,4942
329985,ca7,83-1512
66192045,ca7,"Nos. 80-1105, 81-1409"
715266,ca7,99-1288
2857615,ca7,06-1684
444745,ca7,97-1202
854222,ca7,95-2342
1086962,ca7,92-3779
791310,ca7,80-1908
267069,ca7,78-1336
65702572,ca7,No. 12-2176
558836,ca7,75-1373
64287855,ca7,No. 02-2696
1344832,ca7,75-2134
66140113,ca7,No. 405
851378,ca7,"96-1408, 96-1666"
1210035,ca7,"10-1957, 10-2603, 10-2080"
65727516,ca7,No. 08-2580
64002116,ca7,No. 11859
285116,ca7,88-1265
1043508,ca7,94-2115
575322,ca7,"10-2878, 10-3394, 11-1076"
17254424,ca7,20-1811
65676640,ca7,"Nos. 02-3614, 02-4124"
66170894,ca7,No. 73-1302
3082231,ca7,16-1609
1170096,ca7,11-1999
58968327,ca7,19-3298
2861011,ca7,09-1681
65688016,ca7,"Nos. 10-1849, 10-1875"
1378593,ca7,76-1911
2852371,ca7,00-2647
66195901,ca7,No. 83-1815
16449633,ca7,19-1243
205278,ca7,94-2763
362563,ca7,88-1162
63938126,ca7,No. 4479
2861767,ca7,11-2786
1682930,ca7,89-2463
1285110,ca7,74-1612
294485,ca7,12-1635
66035336,ca7,"No. 1,028"
17105336,ca7,19-2634
745281,ca7,90-2659
6359408,ca7,17-2402
174152,ca7,10973
66250269,ca7,No. 88-3166
63947161,ca7,No. 5023
65660182,ca7,No. 12-1930
586567,ca7,07-3672
2860031,ca7,08-4223
16078066,ca7,18-3584
736862,ca7,"04-3287, 04-3288"
2858577,ca7,07-2046
489327,ca7,86-2537
295506,ca7,81-1262
66220662,ca7,No. 85-2770
66268557,ca7,No. 90-1947
1622008,ca7,"4038, 4039"
66044807,ca7,"No. 1,309"
69177814,ca7,23-3100
2855685,ca7,05-2175
529310,ca7,09-3079
66141018,ca7,No. 414
2856448,ca7,"05-2271, 05-2272"
268070,ca7,83-2865
63985983,ca7,No. 9210
663802,ca7,07-3640
650400,ca7,89-3071
63955055,ca7,"Nos. 5481, 5514"
2851756,ca7,99-3853
2333228,ca7,84-2891
743807,ca7,02-1104
17111396,ca7,19-2654
868668,ca7,73-2085
65734647,ca7,No. 10-1536
2643362,ca7,14-2722
8406546,ca7,18-1852
2052144,ca7,"15523, 15526"
66280201,ca7,"Nos. 92-1717, 92-1867"
65704278,ca7,No. 08-1802
65682562,ca7,No. 04-1939
504953,ca7,82-2391
1642603,ca7,4094
2858997,ca7,06-3560
7764326,ca7,17-3095
14698773,ca7,18-1608
2858079,ca7,06-2835
822476,ca7,89-1699
1097604,ca7,7226
875411,ca7,04-3097
66234787,ca7,"Nos. 87-2377, 87-2634"
63096,ca7,05-3330
2853227,ca7,01-2230
702787,ca7,"99-4318, 99-4319, 99-4320, 99-4345"
66095943,ca7,No. 2718
1401418,ca7,08-2805
65672101,ca7,No. 02-3152
64021663,ca7,"Nos. 94-3528, 94-3634"
64050934,ca7,"Nos. 96-3879, 96-3937"
738594,ca7,01-2999
552736,ca7,93-3226
63961707,ca7,No. 5993
457822,ca7,83-2016
64025018,ca7,No. 95-3196
65964503,ca7,No. 16-2283
2855081,ca7,04-2204
6259255,ca7,17-1563
66157953,ca7,No. 15991
2855156,ca7,04-2721
895425,ca7,13-3871
7051746,ca7,17-2758
712138,ca7,98-1146
1427565,ca7,14-2223
66173124,ca7,"Nos. 72-2024, 72-2025"
2628864,ca7,14-1581
549151,ca7,80-2307
1027645,ca7,09-2464
301542,ca7,13076_1
65710062,ca7,No. 11-1219
16841,ca7,18-2633
628402,ca7,75-1547
38735,ca7,19-2092
66064311,ca7,"No. 1,765"
541510,ca7,95-3892
2027387,ca7,89-2413
66192335,ca7,"Nos. 81-1522, 81-2482, 81-2755, 81-2873 and 81-1507"
2668999,ca7,14-2984
2856482,ca7,05-4737
2424192,ca7,75-1319
334756,ca7,88-2320
66833655,ca7,21-1402
730759,ca7,04-1171
2852903,ca7,01-3513
69588986,ca7,24-1852
773363,ca7,73-1182
2855484,ca7,04-4114
722972,ca7,"90-2230, 90-2256"
2860960,ca7,09-2094
16004952,ca7,18-1595
614939,ca7,91-3054
66607805,ca7,22-1332
15814189,ca7,18-3457
1126478,ca7,8965
17284158,ca7,19-3232
551318,ca7,93-3618
1706593,ca7,86-1367
858579,ca7,96-1694
2852103,ca7,"00-1897, 00-2034"
7114420,ca7,17-2175
549470,ca7,08-2267
65953537,ca7,No. 06-4312
63959517,ca7,No. 5957
957609,ca7,81-1933
63010201,ca7,21-1377
589588,ca7,02-2693
747882,ca7,00-1151
63977499,ca7,No. 8257
647160,ca7,957
65692862,ca7,No. 11-1585
221872,ca7,81-1860
61639657,ca7,21-1433
424007,ca7,82-1483
356682,ca7,15697
2856986,ca7,05-4584
65674862,ca7,"Nos. 03-2649, 04-1189"
1502414,ca7,"18836, 18911"
8230363,ca7,18-1741
1213785,ca7,84-2613
6057646,ca7,16-3311
2852059,ca7,99-2631
2853625,ca7,03-1299
64202242,ca7,No. 01-1446
300169,ca7,13054_1
480030,ca7,80-2489
7693062,ca7,17-3562
63957551,ca7,No. 5308
933078,ca7,08-2206
65733061,ca7,No. 09-3782
14537925,ca7,17-2904
2857158,ca7,05-4690
1172923,ca7,73-1742
18409340,ca7,19-1999
63554016,ca7,21-1044
2853351,ca7,01-4325
2852266,ca7,00-2472
724432,ca7,02-3975
1087289,ca7,78-2312
701404,ca7,18127
14589877,ca7,18-3605
276928,ca7,11-3245
1103924,ca7,02-3175
1049506,ca7,94-3941
150994,ca7,12-3309
222935,ca7,85-2602
380182,ca7,18779
15786302,ca7,18-2351
65683129,ca7,No. 02-4388
503851,ca7,88-3422
1413710,ca7,81-1996
729563,ca7,04-2212
6330921,ca7,15-3343
483427,ca7,11257
2855982,ca7,06-8002
392781,ca7,82-1876
726864,ca7,03-4292
13626,ca7,18-2559
1051938,ca7,94-4020
6341259,ca7,17-3040
447019,ca7,97-2605
411703,ca7,05-1196
2854433,ca7,03-2738
2861600,ca7,10-1655
654039,ca7,87-2285
1424043,ca7,83-3127
1135044,ca7,83-2660
64286828,ca7,No. 01-2527
736831,ca7,05-1715
1242655,ca7,"01-3064, 01-3690"
2857113,ca7,06-2169
14629147,ca7,18-1167
2856642,ca7,05-4722
65676185,ca7,No. 03-3177
281526,ca7,78-1404
794498,ca7,04-3373
2856404,ca7,05-2637
2860616,ca7,07-4032
524693,ca7,"85-2035, 85-2036, 85-2043, 85-2044 and 85-2258"
160829,ca7,11599
712724,ca7,17329-17331_1
2673503,ca7,14-1124
1587220,ca7,76-2142
63993296,ca7,No. 9856
17442972,ca7,19-1909
150137,ca7,13-1003
2003257,ca7,79-1162
736919,ca7,"05-1424, 05-1435"
14873072,ca7,18-3557
744054,ca7,02-1950
65695015,ca7,No. 11-2182
509167,ca7,83-1260
63982840,ca7,No. 8980
1352271,ca7,75-1990_1
67123406,ca7,21-2288
16868148,ca7,18-3689
1099206,ca7,99-1145
66068311,ca7,"No. 1,826"
183230,ca7,17361_1
722251,ca7,99-2967
64002250,ca7,No. 11894
63977272,ca7,No. 8246
7559396,ca7,18-1283
1449516,ca7,74-1047
14547726,ca7,18-2229
223813,ca7,81-2599
2859163,ca7,06-2542
65938113,ca7,No. 04-2635
735883,ca7,05-4433
1786630,ca7,74-1750
1223048,ca7,79-1008
627199,ca7,11-1872
267196,ca7,86-2869
6291251,ca7,17-1978
266755,ca7,75-1507
1047006,ca7,94-1657
7881181,ca7,17-1631
480880,ca7,82-2253
2670473,ca7,14-3497
901242,ca7,83-1254
66150241,ca7,No. 14731
990627,ca7,71-1787
120628,ca7,83-3306
16720357,ca7,17-1141
60117975,ca7,20-3446
65662088,ca7,No. 16-1049
59250768,ca7,20-2092
16594821,ca7,19-1394
64017239,ca7,"Nos. 92-4038, 93-2438"
726882,ca7,71-1240
65688996,ca7,No. 10-2649
2861694,ca7,10-1628
503342,ca7,95-2289
1075785,ca7,99-2507
2852411,ca7,00-1911
1218226,ca7,85-2115
2854116,ca7,03-3300
16582651,ca7,18-2213
66113789,ca7,No. 3162
8480510,ca7,17-3466
592509,ca7,08-2324
63970239,ca7,No. 6954
68381087,ca7,23-2965
64020045,ca7,"Nos. 92-1222, 92-1223, 92-1224, 92-1225, 92-1226 and 93-3405"
63959902,ca7,No. 5946
2860443,ca7,08-3010
65660389,ca7,No. 13-2505
251448,ca7,92-3986
63947976,ca7,No. 4962
438281,ca7,81-2699
4563003,ca7,16-1112
1437334,ca7,73-1855
65660890,ca7,No. 13-3113
66199628,ca7,"Nos. 83-1670, 83-1766"
1037622,ca7,94-1110
2852387,ca7,00-2326
511009,ca7,10-2417
177916,ca7,12-1232
64157498,ca7,No. 01-1561
65965225,ca7,No. 16-4173
1942272,ca7,89-1254
283270,ca7,83-1009
63980515,ca7,No. 8718
2397245,ca7,81-2651
1340228,ca7,85-3206
1073089,ca7,11-3494
1093090,ca7,76-1302
127423,ca7,94-3309
167589,ca7,13-2300
63959818,ca7,No. 5970
283244,ca7,82-2804
948907,ca7,79-2343
2860049,ca7,08-3558
7388178,ca7,17-3314
681371,ca7,14393-94_1
675731,ca7,98-1590
603786,ca7,95-2154
133182,ca7,13-1494
82854,ca7,89-2608
2264983,ca7,72-1432
65959620,ca7,No. 14-3685
681217,ca7,14430
1112566,ca7,12100
736759,ca7,06-1056
1706632,ca7,86-2724
65661039,ca7,No. 14-2303
775135,ca7,73-1277
277936,ca7,13113_1
6071210,ca7,16-3504
1030428,ca7,83-2635
1101107,ca7,"15377, 15413"
16150512,ca7,18-3719
1378587,ca7,78-1284
64280391,ca7,No. 01-3889
16535515,ca7,18-3512
64453575,ca7,21-2524
979032,ca7,87-1620
247332,ca7,12587_1
726490,ca7,03-2569
65744312,ca7,22-1869
66082612,ca7,No. 2321
2856267,ca7,05-3713
2856083,ca7,05-2713
826186,ca7,89-2064
8407173,ca7,18-1945
2103142,ca7,01-3564
1112755,ca7,80-1008
1582924,ca7,86-2187
372200,ca7,84-1222
4118518,ca7,15-3799
16663349,ca7,19-1205
1416985,ca7,12-3724
18568867,ca7,20-1500
530729,ca7,09-1759
133382,ca7,12-3313
312228,ca7,83-1094
2853230,ca7,01-3638
1803817,ca7,04-1828
872077,ca7,98-2023
840077,ca7,91-3123
261103,ca7,12868
17147348,ca7,19-1624
14866065,ca7,18-2558
66061169,ca7,"No. 1,719"
727336,ca7,02-4385
541523,ca7,96-2712
484675,ca7,"76-2065, 76-2066"
1241431,ca7,78-1815
16923666,ca7,18-3690
837418,ca7,91-2026
2858119,ca7,06-3057
66152684,ca7,No. 14991
62602151,ca7,20-2598
140342,ca7,01-3759
875307,ca7,03-1421
51586,ca7,76-1704
65368975,ca7,22-1166
675526,ca7,87-1458
66155300,ca7,No. 15352
6089129,ca7,16-4173
1688397,ca7,83-2475
2858940,ca7,07-3548
973065,ca7,85-1938
845157,ca7,11-2073
803583,ca7,85-1611
1580005,ca7,88-1800
1260641,ca7,08-1741
2861125,ca7,09-1646
1919725,ca7,09-1896
66212195,ca7,No. 85-1176
133371,ca7,13-2401
64150471,ca7,No. 00-4061
2852782,ca7,01-1460
65701657,ca7,No. 09-1666
1844324,ca7,78-1328
345486,ca7,71-1754
854686,ca7,95-1138
729004,ca7,02-1113
4117891,ca7,14-2008
2375915,ca7,88-2124
449370,ca7,99-3310
7322249,ca7,16-3188
1440689,ca7,16633_1
250460,ca7,10-2911
65733802,ca7,No. 09-1345
1190489,ca7,87-2183
17313981,ca7,20-1104
1103575,ca7,4235
2858364,ca7,06-3824
17402388,ca7,20-1375
8132116,ca7,18-2167
69895334,ca7,24-2481
747842,ca7,00-3758
63981642,ca7,"Nos. 8876, 8877"
2860782,ca7,08-2980
59757081,ca7,20-1024
62667363,ca7,21-2308
707778,ca7,11066_1
422988,ca7,75--1180
65682958,ca7,No. 04-2857
2851381,ca7,99-1177
1000582,ca7,90-2129
448037,ca7,78-2500
928805,ca7,73-1905
622028,ca7,98-1600
64019852,ca7,No. 94-2491
730225,ca7,04-2576
2855686,ca7,05-3200
63977291,ca7,No. 8259
654267,ca7,14736_1
66088599,ca7,No. 2451
666862,ca7,17047_1
714388,ca7,75-1652
66185739,ca7,No. 77-2268
4478688,ca7,15-1647
255470,ca7,85-2967
615960,ca7,11138
632009,ca7,93-3302
2856269,ca7,05-2581
2631156,ca7,"14-1242, 14-1356, 14-1359"
2858305,ca7,07-1491
225392,ca7,"82-1664, 82-1665"
2185124,ca7,93-1680
63939861,ca7,No. 4685
614827,ca7,11086
728351,ca7,71-1295
2614497,ca7,14-2612
1717580,ca7,83-3137
614947,ca7,11088_1
66219385,ca7,No. 85-2372
66203614,ca7,No. 82-2786
7833974,ca7,18-1426
64931783,ca7,21-3371
65661631,ca7,No. 15-2001
532160,ca7,09-3890
65711510,ca7,No. 08-1662
1352768,ca7,88-1692
632807,ca7,96-1276
684654,ca7,"08-2464, 09-1381"
250209,ca7,12148_1
695568,ca7,15250_1
951672,ca7,81-1794
63959027,ca7,No. 5891
2674308,ca7,15-1013
64103091,ca7,No. 99-4299
153280,ca7,09-2019
63966667,ca7,No. 6687
16211716,ca7,18-3286
2852476,ca7,00-2091
65732446,ca7,No. 09-2206
1726071,ca7,89-2361
704124,ca7,01-2441
353106,ca7,92-3424
2380109,ca7,75-2015
352140,ca7,73-1207
849056,ca7,94-1910
64055128,ca7,No. 97-3918
357910,ca7,92-3615
861174,ca7,89-2640
1540501,ca7,06-4199
611686,ca7,10895
2856189,ca7,04-4080
730884,ca7,04-2124
2463586,ca7,74-1152
516356,ca7,07-1217
435573,ca7,92-2832
2854521,ca7,03-2747
59817217,ca7,20-2166
22006,ca7,16-1799
246594,ca7,09-2436
1159503,ca7,94-1428
2464816,ca7,4156-4158
20731046,ca7,20-1207
241034,ca7,83-2747
1114231,ca7,04-3426
186182,ca7,13119
66269992,ca7,No. 90-2976
295161,ca7,12-2261
106762,ca7,"97-9095, 97-9097"
185124,ca7,13549_1
1049500,ca7,93-2983
870480,ca7,97-1505
1072664,ca7,04-3559
1041271,ca7,93-3119
2861294,ca7,09-1890
578065,ca7,10-3778
873760,ca7,98-3740
1084346,ca7,"12-1788, 12-1269"
1755886,ca7,74-1570
1234059,ca7,91-3030
1109443,ca7,05-3673
66031538,ca7,No. 810
66146108,ca7,No. 514
65683245,ca7,No. 04-3579
16759186,ca7,19-1409
1004852,ca7,89-2827
1063279,ca7,87-2054
502606,ca7,09-3809
63940102,ca7,No. 4062
741007,ca7,02-2333
311191,ca7,88-1132
66177669,ca7,No. 76-1226
506612,ca7,74--1771
130548,ca7,13-1335
874951,ca7,02-2077
66267752,ca7,No. 88-3148
1268731,ca7,84-2485
2424071,ca7,77-1598
65726007,ca7,No. 09-1081
16933732,ca7,19-2830
1115284,ca7,73-1765
539042,ca7,93-3938
1433010,ca7,84-1530
656286,ca7,16100
224492,ca7,83-2326
187554,ca7,15039_1
2852219,ca7,00-1364
484507,ca7,10-3359
135695,ca7,96-2987
7904653,ca7,17-1080
402248,ca7,94-3428
65661999,ca7,No. 14-3389
7503599,ca7,16-3571
3015860,ca7,"14-2150, 14-2287"
806393,ca7,85-2898
2272677,ca7,76-1301
2858231,ca7,07-1104
66212067,ca7,No. 84-3125
529401,ca7,92-3222
64288812,ca7,No. 02-3717
2852974,ca7,00-3834
64287854,ca7,No. 02-1985
2858573,ca7,05-3683
66070500,ca7,"Nos. 1937, 1938"
66078445,ca7,No. 2082
528195,ca7,96-2709
18441150,ca7,19-2092
66063862,ca7,"No. 1,692"
2126977,ca7,14592_1
66161201,ca7,No. 17428
2859108,ca7,07-1286
2859798,ca7,08-1827
66081644,ca7,No. 2240
3007197,ca7,15-1122
65682808,ca7,No. 04-2161
591166,ca7,10081
2860872,ca7,08-3358
2854361,ca7,03-1789
65694101,ca7,No. 08-2695
3038223,ca7,15-2852
668112,ca7,97-2009
738076,ca7,01-1946
66155962,ca7,No. 15450
1062704,ca7,03-1219
2861455,ca7,09-2020
2855227,ca7,04-4172
1027888,ca7,92-3842
4118798,ca7,16-1083
16980546,ca7,18-3531
63944283,ca7,No. 4855
2655925,ca7,14-3478
66199626,ca7,"Nos. 83-2394, 83-2461 and 83-2485"
2861120,ca7,09-2267
983536,ca7,87-2437
827385,ca7,90-1072
1308192,ca7,81-2343
2852672,ca7,01-1523
707765,ca7,77-1206
2854682,ca7,04-2318
1019117,ca7,07-1062
1189792,ca7,11-3572
2416570,ca7,76-1788
2860660,ca7,08-2587
66269781,ca7,No. 91-1473
786114,ca7,02-2524
2855718,ca7,04-4232
704569,ca7,18616_1
1122957,ca7,3463
1129989,ca7,93-2288
830264,ca7,90-1933
66816479,ca7,22-1848
358811,ca7,79-1072
192529,ca7,17593_1
59743117,ca7,19-2970
1367914,ca7,81-1452
1253339,ca7,87-3062
525413,ca7,78-1161
522258,ca7,06-3275
540151,ca7,12-3775
739920,ca7,01-2864
63924162,ca7,No. 3609
156519,ca7,85-1159
2857104,ca7,05-2478
14537929,ca7,18-2809
2856460,ca7,05-3696
3019677,ca7,15-1728
2483546,ca7,80-2641
591808,ca7,96-3499
66242068,ca7,"Nos. 88-2064, 88-2137"
1670361,ca7,85-1588
65913133,ca7,No. 06-3191
603723,ca7,93-3319
870835,ca7,97-3864
60703141,ca7,21-1421
60335432,ca7,20-2381
2861027,ca7,08-1617
125040,ca7,94-3262
1472895,ca7,86-1969
14622903,ca7,17-3320
1383866,ca7,90-1437
2856309,ca7,05-1517
2856494,ca7,04-1703
66105733,ca7,No. 2795
15029188,ca7,18-2636
65720842,ca7,No. 08-1034
4578751,ca7,15-3481
6960748,ca7,17-3129
1447900,ca7,78-2076
498069,ca7,84-1895
296893,ca7,"12-1277, 12-2865"
136663,ca7,12-1816
1277651,ca7,81-2177
1191147,ca7,80-2824
1112492,ca7,"02-2244, 02-2299"
2852332,ca7,00-4145
1702372,ca7,88-2394
127437,ca7,82-2841
257043,ca7,78-2377
1191915,ca7,81-1791
704390,ca7,99-3023
65960524,ca7,No. 14-3708
2857653,ca7,06-2374
65959309,ca7,No. 14-2722
1029424,ca7,93-1481
746171,ca7,16804_1
11953,ca7,19-1613
455528,ca7,83-1670
2852762,ca7,01-1625
559013,ca7,80-1272
691499,ca7,13269_1
2687392,ca7,14-3563
375786,ca7,93-2096
952179,ca7,80-2723
64010901,ca7,No. 13659
65966110,ca7,No. 16-3894
2857290,ca7,06-2304
498292,ca7,18350_1
826660,ca7,89-3800
129203,ca7,"04-2222, 04-2493"
1054663,ca7,94-3198
1130524,ca7,9214
514347,ca7,89-3266
723786,ca7,00-1323
982258,ca7,"6264, 6284"
729458,ca7,03-1223
2855185,ca7,03-2574
806582,ca7,"87-1451, 87-1716 and 87-1770"
2858868,ca7,07-1694
742659,ca7,12-1692
2087736,ca7,02-4257
69995,ca7,10218_1
1487031,ca7,73-2131
714888,ca7,17659
701191,ca7,99-1409
586579,ca7,"07-1657, 07-2685, 07-3083"
2855337,ca7,05-1804
2859057,ca7,"06-3750, 07-1835, 07-3087"
2854330,ca7,02-4112
1077485,ca7,72-1602
63316082,ca7,21-2329
505097,ca7,87-3120
65717471,ca7,No. 08-3361
2229241,ca7,85-1623
732993,ca7,04-2433
711069,ca7,97-3752
16816344,ca7,19-1739
16512609,ca7,19-1998
65661638,ca7,No. 15-2091
131090,ca7,11-2706
934540,ca7,08-2592
63949674,ca7,No. 5186
64014306,ca7,No. 92-1794
1287038,ca7,92-2686
2660682,ca7,14-2983
728555,ca7,03-2211
129044,ca7,11-2187
6339588,ca7,17-1107
750150,ca7,73-1593
1056345,ca7,95-3050
69618338,ca7,23-2939
837377,ca7,91-2976
731950,ca7,96-3982
143861,ca7,17019_1
121332,ca7,07-2968
2667979,ca7,14-2903
1058436,ca7,95-4006
296239,ca7,12800_1
2859297,ca7,07-1555
65689277,ca7,No. 09-3436
134953,ca7,13-1015
65676637,ca7,"Nos. 03-2378, 03-2902"
831589,ca7,90-1534
2854575,ca7,02-3250
2440905,ca7,79-1949
63954796,ca7,No. 5535
713758,ca7,04-1964
728647,ca7,02-2626
816244,ca7,87-2561
1052074,ca7,94-2536
66182706,ca7,No. 77-1707
1375856,ca7,88-3088
63975528,ca7,No. 8023
800398,ca7,96-2127
2861073,ca7,09-2029
68016276,ca7,23-3170
706486,ca7,01-1016
18407020,ca7,20-1041
1631995,ca7,87-2638
66188369,ca7,No. 79-1639
2854234,ca7,03-1530
2854190,ca7,04-1760
2853475,ca7,02-1520
14800349,ca7,18-1984
65726359,ca7,No. 09-1137
66280199,ca7,"Nos. 91-3865, 92-1482"
589480,ca7,10001_1
2851765,ca7,99-3602
722829,ca7,99-2692
2855797,ca7,04-1776
1058837,ca7,96-1312
736812,ca7,05-4605
66238388,ca7,"Nos. 87-2230, 87-2409"
948251,ca7,"78-1748, 78-1754"
735032,ca7,05-2925
63922758,ca7,No. 3531
7522504,ca7,18-1643
626556,ca7,91-2464
64006204,ca7,No. 12654
66134358,ca7,No. 211
950699,ca7,"81-1087, 81-1148"
65725176,ca7,No. 08-2499
65655850,ca7,No. 03-1557
15849180,ca7,18-2935
669455,ca7,14832
6289894,ca7,17-1712
2860586,ca7,08-2013
2362335,ca7,74-1565
14572994,ca7,18-2508
877564,ca7,11-2256
2851618,ca7,99-3627
347636,ca7,10-1368
2858493,ca7,06-2904
64050931,ca7,No. 97-1983
65690747,ca7,No. 10-3590
63962513,ca7,No. 6242
118234,ca7,13-2661
824633,ca7,07-1432
66255700,ca7,No. 89-2563
1267747,ca7,74-2002
727244,ca7,04-1006
64284666,ca7,No. 01-3334
1309720,ca7,14-1107
63992335,ca7,No. 9691
178381,ca7,13-1045
567421,ca7,94-3794
166020,ca7,97-1131
1501994,ca7,86-2889
669490,ca7,14809
295153,ca7,09-3985
2852386,ca7,00-3120
66079149,ca7,No. 2210
17381014,ca7,19-1948
854962,ca7,94-3758
65708644,ca7,No. 12-1199
726232,ca7,"01-3685, 01-3787"
66197339,ca7,"Nos. 82-2215, 82-2240"
359809,ca7,16879_1
752991,ca7,71-1197
63566024,ca7,21-2449
68387861,ca7,23-2480
692677,ca7,13389_1
64203219,ca7,No. 01-3034
65728873,ca7,No. 08-4063
18568862,ca7,20-1308
2856546,ca7,05-2435
66282306,ca7,No. 91-3663
1338083,ca7,74-1625
2858265,ca7,06-3575
2176550,ca7,88-2238
1432660,ca7,93-2491
270076,ca7,12284_1
1446886,ca7,77-2197
696930,ca7,15344-15347_1
2861634,ca7,09-3720
1415668,ca7,83-2755
17325391,ca7,18-2631
2262316,ca7,87-2239
746713,ca7,02-1758
510655,ca7,89-3232
2858408,ca7,"06-1381, 06-1488, 06-1555, 06-1601, 06-1900"
1428124,ca7,09-3673
930087,ca7,71-1382
469743,ca7,"96-4160, 96-4161"
343443,ca7,92-1925
6248805,ca7,16-1645
66255522,ca7,No. 89-1489
702833,ca7,00-3255
17435648,ca7,19-2081
760190,ca7,78-1711
17282361,ca7,19-2086
62983164,ca7,21-1633
1900153,ca7,88-3397
803595,ca7,86-1060
63977668,ca7,No. 8315
2652000,ca7,14-3766
7070457,ca7,17-2244
871331,ca7,97-2900
459782,ca7,92-3428
66273510,ca7,"Nos. 90-1650, 90-2182"
403652,ca7,8848
139852,ca7,"09-2011, 09-2012, 09-2013, 09-2026"
1642538,ca7,8359
66147922,ca7,No. 622
2861131,ca7,09-1435
172574,ca7,"9922, 9923"
1562570,ca7,85-1094
306955,ca7,75-1470
285232,ca7,84-1812
65670885,ca7,No. 03-2322
65965885,ca7,Nos. 16-3255 & 16-3559
4977341,ca7,16-3803
1359367,ca7,"83-3172, 84-1339"
64109502,ca7,No. 00-1973
3011040,ca7,13-1586
1003227,ca7,89-1418
2852818,ca7,01-2941
968014,ca7,84-1810
609361,ca7,86-2069
65692551,ca7,No. 10-2725
447123,ca7,97-1638
766588,ca7,96-1770
7962731,ca7,17-2486
6385310,ca7,17-1416
1245614,ca7,91-1058
17374087,ca7,19-2075
65727909,ca7,No. 09-1349
8112305,ca7,17-1310 & 17-1649
2857576,ca7,06-2985
745838,ca7,17061
69588990,ca7,24-1381
18740908,ca7,19-3378
1314007,ca7,"97-2409, 98-1332"
2447039,ca7,79-2029
740222,ca7,"01-4122, 02-1190"
2859416,ca7,07-1948
692894,ca7,99-2893
2857247,ca7,05-4500
1339358,ca7,74-1903
346490,ca7,92-1919
112012,ca7,84-1013
183192,ca7,11632_1
2859232,ca7,07-2804
68218968,ca7,23-1228
648696,ca7,88-1965
66060397,ca7,"No. 1,716"
2856932,ca7,05-2158
2856918,ca7,05-4618
66231207,ca7,"Nos. 86-2674, 86-2698"
66071943,ca7,"No. 1,893"
2853618,ca7,02-2403
2345912,ca7,92-1744
2239351,ca7,74-1388
65702866,ca7,No. 11-3711
66073082,ca7,No. 2001
14985991,ca7,18-3075
532625,ca7,80-1155 & 80-1161
65734759,ca7,No. 09-4016
567840,ca7,10-2429
64255790,ca7,No. 01-3723
346462,ca7,78-1918
727339,ca7,04-3655
2038884,ca7,82-1434
2471440,ca7,78-1981
65692341,ca7,No. 11-1859
1059374,ca7,13-1320
66135739,ca7,No. 288
67516137,ca7,22-2675
1538594,ca7,"05-3904, 05-3944, 05-3946, 05-3947, 05-4284, 06-2779"
16753748,ca7,18-1154
66054314,ca7,"No. 1,491"
308119,ca7,16890
140611,ca7,98-1840
105270,ca7,11803
656931,ca7,16293
18732722,ca7,20-1418
2851875,ca7,99-3952
2461428,ca7,94-1763
345256,ca7,71-1354
1126626,ca7,96-3672
359221,ca7,"15841, 15842"
653404,ca7,89-2529
64280586,ca7,No. 01-1767
592201,ca7,10174_1
14767922,ca7,17-3645
218324,ca7,96-3160
2852152,ca7,98-2600
2855053,ca7,03-3266
1840083,ca7,86-1552
808633,ca7,76-1358
1412807,ca7,13-2894
2855324,ca7,03-3031
2858810,ca7,06-1355
63945923,ca7,No. 4883
2639619,ca7,14-2327
65661871,ca7,No. 14-3211
2855244,ca7,03-3716
65732045,ca7,No. 09-3355
2860571,ca7,07-3903
581950,ca7,10-3696
66135771,ca7,No. 274
65660322,ca7,13-1708
65706885,ca7,No. 07-2106
2855963,ca7,03-3461
672853,ca7,06-4295
2857280,ca7,06-2926
4544393,ca7,14-2325
63231875,ca7,21-1940
2353976,ca7,86-1395
6250938,ca7,16-4191
64878682,ca7,21-3334
63583902,ca7,21-3196
979816,ca7,6698
826874,ca7,89-1906
66214310,ca7,No. 85-1023
66136108,ca7,No. 278
1716373,ca7,98-4252
2857203,ca7,05-3084
1239807,ca7,05-1172
806830,ca7,86-2072
1035077,ca7,92-3947
583402,ca7,9897
65734302,ca7,No. 08-1741
136670,ca7,80-1122
597945,ca7,10464
66280076,ca7,No. 91-1970
2852533,ca7,01-1202
63962257,ca7,"Nos. 6257, 6309"
1443987,ca7,86-2651
857462,ca7,95-3953
367319,ca7,91-2410
2461177,ca7,80-1868
981837,ca7,80-2110
2854735,ca7,04-2212
267474,ca7,84-2471
63954813,ca7,No. 5465
692608,ca7,99-3326
521682,ca7,10-2174
1009976,ca7,07-1185
552311,ca7,80-2207
338902,ca7,82-1703
413554,ca7,76-1926
1044918,ca7,94-1902
64281096,ca7,No. 01-4057
2854496,ca7,03-3108
875135,ca7,02-3965
65725175,ca7,No. 08-2499
161288,ca7,92-2289
135723,ca7,"13-1558, 13-1559, 13-1611, 13-2739"
2861284,ca7,09-2057
259704,ca7,78-2394
65690357,ca7,No. 09-3610
66139167,ca7,No. 351
66191050,ca7,"Nos. 80-2008, 80-2146, 80-2235"
699021,ca7,15684
536170,ca7,77-1239
254248,ca7,"78-1954, 78-1955"
7591550,ca7,17-2117
1001071,ca7,90-1087
63962681,ca7,No. 6198
857680,ca7,94-3689
66264986,ca7,No. 90-1800
483095,ca7,78-1715
2858302,ca7,06-3060
68186091,ca7,23-1878
66204981,ca7,"Nos. 83-2923, 83-2012"
3041793,ca7,15-2406
55156,ca7,"08-3403, 09-2071"
1253242,ca7,85-2454
66024837,ca7,No. 655
740575,ca7,01-3973
317650,ca7,90-2447 and 90-2448
1004712,ca7,79-1122
647919,ca7,89-1423
684249,ca7,14674_1
67808921,ca7,22-2957
723537,ca7,99-3504
275575,ca7,80-2131
1715910,ca7,00-3629
992048,ca7,89-1271
708643,ca7,"17734, 17735"
596187,ca7,10360_1
65707825,ca7,No. 08-3441
2621587,ca7,14-1890
1433245,ca7,07-1853
2856208,ca7,04-2783
64285807,ca7,No. 02-2190
4619107,ca7,16-1565
63953030,ca7,No. 4943
172395,ca7,09-3678
575144,ca7,10-1737
1008057,ca7,91-2442
14998962,ca7,18-2799 & 18-2804
2851982,ca7,00-1258
228637,ca7,81-2995
734043,ca7,05-1289
1259923,ca7,95-3820
876951,ca7,"11-1232, 11-1738"
589855,ca7,03-1368
15909316,ca7,18-3265
776975,ca7,05-3580
133847,ca7,12-1718
64109567,ca7,No. 00-3855
2280914,ca7,73-1081
66078395,ca7,No. 2160
731952,ca7,96-1151 to 96-1154
65648987,ca7,22-1053
2854399,ca7,03-4076
125281,ca7,13-3137
2466194,ca7,88-3105
1224234,ca7,"99-1272, 99-3475"
2232338,ca7,80-2537
543302,ca7,76-2074
745022,ca7,02-2010
1315763,ca7,97-1471
59900193,ca7,19-3464
1087392,ca7,12-1148
668313,ca7,00-2961
2856988,ca7,"05-1335, 05-1733"
14565520,ca7,18-2561
66651397,ca7,No. 481
94197,ca7,11470_1
777165,ca7,05-4782
544943,ca7,93-3644
174481,ca7,11068_1
66095739,ca7,No. 2701
658260,ca7,16532_1
615826,ca7,11-2089
824185,ca7,88-3113 & 89-2565
65961748,ca7,No. 15-2641
60628928,ca7,21-1384
6066938,ca7,16-3240
63970276,ca7,No. 6779
2348132,ca7,94-1255
538658,ca7,93-2233
1125427,ca7,11216_1
2365491,ca7,90-2731
2854523,ca7,03-1720
64157489,ca7,No. 00-3766
1329709,ca7,10-3117
65697020,ca7,No. 11-2181
474250,ca7,85-1425
864805,ca7,96-3559
65678029,ca7,No. 03-3575
6241864,ca7,16-2295
1087887,ca7,86-1695
583040,ca7,9933
66112026,ca7,No. 3088
1441402,ca7,"14-2058, 14-2059"
65666833,ca7,No. 02-1015
254804,ca7,12155
742638,ca7,00-3740
767202,ca7,72-1210
65682448,ca7,No. 04-2377
2041565,ca7,87-1400
859955,ca7,10-2650
66071093,ca7,"No. 1,968"
370716,ca7,92-2926
2857790,ca7,06-3337
567436,ca7,13570
1053746,ca7,95-2230
63399690,ca7,21-1963
2853906,ca7,02-3975
612467,ca7,90-2167
2853814,ca7,02-4143
63974285,ca7,No. 7780
2148329,ca7,10-2287
2466523,ca7,76-2162
2852550,ca7,01-1643
544611,ca7,93-3569
1875167,ca7,10-2329
868586,ca7,91-2910
2862004,ca7,15-1292
207990,ca7,84-1550
703718,ca7,17861_1
2854296,ca7,03-2480
656103,ca7,16251
2637093,ca7,14-3191
4553645,ca7,14-3755
132561,ca7,12-3428
2218967,ca7,12-2293
1967483,ca7,78-1537
996624,ca7,91-2416
652807,ca7,91-2438
512783,ca7,90-1301
720052,ca7,89-1059
491154,ca7,77-1605
1521402,ca7,75-1985
1580010,ca7,88-2647
30174426,ca7,20-1438
261416,ca7,83-3163
3032803,ca7,15-1411
118076,ca7,12-2855
972542,ca7,86-1756
592290,ca7,"10-3838, 10-3840, 11-1098"
722979,ca7,99-2879
118729,ca7,13-1058
121563,ca7,93-1427
2856886,ca7,06-1437
742433,ca7,02-1733
63979476,ca7,No. 8516
1174457,ca7,85-1966
721566,ca7,"99-2271, 99-2397"
741356,ca7,02-1828
64281810,ca7,No. 02-1656
63192089,ca7,21-1819
2852129,ca7,00-4267
15696537,ca7,18-1969
65662306,ca7,No. 15-3854
63959941,ca7,No. 5927
205755,ca7,96-1680
2852460,ca7,00-1109
2855687,ca7,05-2095
64023700,ca7,No. 95-2139
1121565,ca7,"13-1886, 13-1936"
875716,ca7,06-2204
2857919,ca7,03-3388
6960750,ca7,17-2498
65674850,ca7,No. 03-2550
69358915,ca7,23-3366
2641235,ca7,14-2778
557239,ca7,71-1234
2856102,ca7,05-1701
592625,ca7,14613_1
2859274,ca7,06-4295
1562262,ca7,"06-4178, 06-4179, 06-4180, 06-4181"
2285732,ca7,75-1054
874530,ca7,01-1155
37079062,ca7,19-3185
66025070,ca7,No. 678
17434778,ca7,19-2913
628373,ca7,74-1803
1371411,ca7,84-2266
2860268,ca7,08-1826
600345,ca7,10-2394
2257483,ca7,88-2175
868678,ca7,87-1155
1129676,ca7,9118
66205053,ca7,"Nos. 82-2328, 82-2329"
2860007,ca7,08-1224
1201149,ca7,87-1854
2012876,ca7,86-2453
64028384,ca7,"Nos. 95-2949, 95-3400"
7126545,ca7,17-3586
1372754,ca7,82-1363
66074896,ca7,No. 2020
67024513,ca7,22-2786
1072668,ca7,04-1820
534517,ca7,93-1358
375988,ca7,93-1621
878045,ca7,11-3911
3066983,ca7,15-3769
2858277,ca7,07-2124
8039151,ca7,16-3575
224142,ca7,10-3751
1441511,ca7,75-1830
66205713,ca7,No. 84-1338
2861463,ca7,08-3219
8480895,ca7,17-3543
2362336,ca7,87-1718
587710,ca7,10-1568
15919105,ca7,18-2529
726674,ca7,"02-3627, 03-2281, 03-2951"
1264892,ca7,75-1160
64000743,ca7,No. 11485
65680290,ca7,No. 03-1861
2013305,ca7,86-2071
2856168,ca7,"02-4235, 03-2483"
873969,ca7,99-4102
454502,ca7,04-2934
65734071,ca7,No. 09-3675
60111954,ca7,20-3449
66068253,ca7,"Nos. 1,806, 1,807, 1,808"
824070,ca7,88-3192
1035682,ca7,91-3015
567470,ca7,95-3825
65954918,ca7,No. 08-1293
1375740,ca7,86-1633
66105051,ca7,No. 2915
64703567,ca7,18-2358
266465,ca7,83-3118
2855871,ca7,05-2999
66198214,ca7,No. 82-2866
2856178,ca7,03-2506
562128,ca7,78-1996
59962092,ca7,20-3415
588277,ca7,11-1479
63971883,ca7,No. 7359
670816,ca7,14954_1
138184,ca7,13-1438
844467,ca7,"10-3898, 11-1006"
2854997,ca7,04-3668
2618224,ca7,14-1634
283644,ca7,78-2161
17447424,ca7,19-2029
66235019,ca7,No. 87-1522
2474567,ca7,76-2150
2647460,ca7,14-2743
63312338,ca7,21-1674
18724019,ca7,19-3152
6154163,ca7,16-2119
66076323,ca7,No. 2099
2493807,ca7,74-1323
2628876,ca7,13-3208
14523003,ca7,17-2543
501218,ca7,88-2729
66650455,ca7,No. 3310
16046022,ca7,17-2667
81923,ca7,84-1943
511395,ca7,84-1248
603476,ca7,"95-1294, 95-1525"
65710781,ca7,No. 08-1534
1020235,ca7,92-2917
18409343,ca7,20-2175
65677463,ca7,No. 03-1430
66203552,ca7,No. 84-2216
3038196,ca7,15-2334
65674855,ca7,No. 02-4213
961944,ca7,85-2651
14547727,ca7,17-3365
740741,ca7,01-3063
2856324,ca7,05-4227
2032276,ca7,87-3055
3036748,ca7,15-1828
511611,ca7,90-2224
66234668,ca7,No. 87-2067
65709975,ca7,No. 12-1156
63172318,ca7,21-2226
66085796,ca7,"Nos. 2224-2226, 2232, 2233, 2237, 2261, 2346, 2347"
663571,ca7,18122_1
333062,ca7,91-3430
337487,ca7,10-3240
17377053,ca7,19-2108
644658,ca7,97-1903
2853601,ca7,02-2092
66137462,ca7,No. 335
60118150,ca7,21-1649
2137365,ca7,72-1291
65734217,ca7,No. 10-1564
2682068,ca7,14-3075
768269,ca7,79-1083
65961061,ca7,No. 15-2307
1027242,ca7,06-4099
69686396,ca7,23-3140
66053640,ca7,"No. 1,540"
603779,ca7,77-1651
858695,ca7,96-1327
2471382,ca7,87-2268
712453,ca7,98-1232
6344339,ca7,17-2979
120244,ca7,12-3231
2859926,ca7,07-2404
63931446,ca7,No. 4096
812610,ca7,78-1605
64026398,ca7,"Nos. 95-1293, 95-1315"
2860456,ca7,09-1151
65592228,ca7,22-1521
66163141,ca7,No. 17995
3032815,ca7,15-1868
933066,ca7,08-1523
413615,ca7,94-3739
950714,ca7,79-2152
15975575,ca7,18-3082
153555,ca7,09-2578
2854597,ca7,03-3630
65731653,ca7,No. 09-4027
740719,ca7,02-2523
587310,ca7,"08-4241, 08-4243, 08-4244"
736340,ca7,05-2813
65680643,ca7,No. 04-1215
1041548,ca7,72-1476
687795,ca7,16944_1
831644,ca7,"90-3501, 90-3503"
7606254,ca7,17-1853
270264,ca7,87-1043
65658189,ca7,No. 16-3979
399035,ca7,78-2284
743952,ca7,03-1075
746021,ca7,14967
496324,ca7,83-1627
345484,ca7,71-1568
64862991,ca7,20-2402
59060873,ca7,20-2033
137702,ca7,"12-2099, 12-2100"
1496851,ca7,85-1063
273154,ca7,12514_1
330092,ca7,84-1478
64285085,ca7,No. 01-3588
2860873,ca7,09-1741
930720,ca7,76-2169
144144,ca7,"99-1492, 99-3533, 99-3569, 99-3570, 99-3623"
838177,ca7,91-2233
1436148,ca7,83-2788
63948527,ca7,No. 5011
707380,ca7,00-2708
2854499,ca7,03-3244
1977014,ca7,93-2895
2857544,ca7,06-1915
765056,ca7,80-2747
891097,ca7,"07-1474, 07-1484"
2314322,ca7,08-3164
444774,ca7,10-3282
891767,ca7,86-1906
2852764,ca7,00-2441
63956446,ca7,No. 5689
623640,ca7,91-1030
716786,ca7,17098
64069373,ca7,"Nos. 98-2127, 99-2811, 99-2805, 99-2873, 99-2806, 99-2992"
1224131,ca7,99-1417
807290,ca7,98-3544
66158567,ca7,"Nos. 16295, 16296"
2694803,ca7,"14-3726, 14-3737"
65733518,ca7,No. 10-1369
2857953,ca7,06-2971
911784,ca7,92-2996
66185508,ca7,"Nos. 77-2037, 77-2023"
6636068,ca7,17-3269
65913405,ca7,No. 07-1330
2859161,ca7,08-2161
68045396,ca7,23-1010
826933,ca7,89-2136
66103528,ca7,No. 2886
65661867,ca7,No. 15-1818
64003557,ca7,No. 12030
1948624,ca7,87-2658
730031,ca7,03-2305
66154626,ca7,No. 15255
776703,ca7,74-1125
2855212,ca7,04-3375
63955973,ca7,No. 4822
4580039,ca7,16-3569
827373,ca7,89-2804
980307,ca7,87-1829
65340667,ca7,19-3499
553355,ca7,94-2535
18572084,ca7,20-1338
383175,ca7,91-2447
65717461,ca7,No. 08-2185
643543,ca7,07-2026
708194,ca7,00-4268
2857034,ca7,05-2987
1372532,ca7,82-2040
1010844,ca7,91-2590
693951,ca7,15316_1
724501,ca7,02-3743
3069501,ca7,15-1245
2859465,ca7,06-2887
63977557,ca7,No. 8247
694417,ca7,"08-3206, 09-1049"
15822232,ca7,18-1981
1688792,ca7,96-1355
62570627,ca7,19-1978
2858975,ca7,07-2471
2314693,ca7,73-1013
63389759,ca7,21-2665
766153,ca7,11-1558
598790,ca7,10-2022
743737,ca7,02-2080
64023910,ca7,No. 95-2132
631758,ca7,93-1128
778889,ca7,05-3978
2855917,ca7,05-1168
725608,ca7,03-3250
1891427,ca7,"09-1527, 09-1537"
64019417,ca7,No. 93-2117
1018695,ca7,"92-1441, 92-1442 and 92-1448"
2859120,ca7,07-2726
2857219,ca7,06-1096
1705659,ca7,88-2720
66212132,ca7,No. 84-1360
712985,ca7,99-1140
1548327,ca7,08-1120
641023,ca7,17024_1
145430,ca7,84-1904
629512,ca7,08-3857
770240,ca7,81-2745
65716071,ca7,"Nos. 08-2781, 08-3020, 08-3551"
65958115,ca7,No. 13-2971
66196867,ca7,No. 83-1805
66082454,ca7,No. 2299
602933,ca7,95-2179
713752,ca7,98-3141
2461718,ca7,83-1550
6168757,ca7,17-1335
136672,ca7,13-2019
17029508,ca7,19-3066
893426,ca7,88-3066
65714782,ca7,No. 08-3372
997323,ca7,89-2849
2861641,ca7,09-4030
815215,ca7,87-1963
63975183,ca7,No. 7799
878083,ca7,11-3478
1241124,ca7,12274_1
1084607,ca7,12-1109
1028600,ca7,93-1649
65960336,ca7,No. 15-1370
2851564,ca7,98-2950
2645469,ca7,14-3720
487503,ca7,86-3051
2859571,ca7,06-3183
1021770,ca7,11-2002
2861717,ca7,09-4140
801459,ca7,85-1668
63977777,ca7,No. 8428
63943863,ca7,No. 4692
193972,ca7,11732_1
293321,ca7,10-1786
1369678,ca7,88-3400
8367357,ca7,16-3487
18415609,ca7,19-2764
1695982,ca7,97-2445
683347,ca7,14654
18722467,ca7,20-1945
64055114,ca7,No. 96-2343
7172030,ca7,17-1457
2856998,ca7,05-4755
2856802,ca7,03-3113
16366536,ca7,19-1747
788681,ca7,08-3298
726659,ca7,"82-2057, 82-2142"
904123,ca7,86-2763
298158,ca7,12860
2598189,ca7,14-1371
6231385,ca7,17-1779
1653339,ca7,79-2326
603392,ca7,94-2779
17346414,ca7,19-2465
2855527,ca7,04-3988
65694755,ca7,No. 11-1461
65672102,ca7,No. 03-1235
1054419,ca7,95-1465
2859141,ca7,07-2185
2480698,ca7,75-1905
2852817,ca7,01-2395
17167053,ca7,19-2904
483537,ca7,77-1397
1188506,ca7,82-2162
705059,ca7,00-2326
2861583,ca7,10-1458
67916436,ca7,23-1698
2264477,ca7,86-2373
2851886,ca7,99-3340
889445,ca7,11-1807
65963182,ca7,No. 16-1552
2860017,ca7,08-1116
6239517,ca7,17-1700
65658231,ca7,No. 17-2498
63960453,ca7,No. 6055
726549,ca7,"16021, 16022"
65706681,ca7,No. 12-3270
616982,ca7,80-1639
6146848,ca7,17-1930
105447,ca7,79-1074
65662016,ca7,No. 14-3241
66191133,ca7,No. 79-2445
2858067,ca7,06-1643
474416,ca7,"10617, 10619"
871324,ca7,97-1282
239990,ca7,81-2009
435362,ca7,80-1765
64037407,ca7,No. 96-1160
66046663,ca7,"No. 1,325"
2859186,ca7,07-2522
135854,ca7,13-2247
2860870,ca7,08-3440
63939151,ca7,No. 4551
66028764,ca7,No. 780
2858596,ca7,07-1271
660160,ca7,96-3848
183945,ca7,12884
64053037,ca7,No. 97-2769
66048915,ca7,"No. 1,370"
707437,ca7,"17138, 17139"
2859351,ca7,06-3815
65702865,ca7,No. 06-4102
713840,ca7,98-2329
65691309,ca7,No. 10-2996
14173413,ca7,18-2875
639712,ca7,98-3172
675289,ca7,06-4147
2861404,ca7,09-2722
728395,ca7,03-4245
1911898,ca7,78-1102
17422436,ca7,19-3095
1649803,ca7,96-1279
14888416,ca7,18-2106
66043969,ca7,"No. 1,235"
59927569,ca7,20-1429
2007405,ca7,81-1389
1044059,ca7,6398
279688,ca7,87-1772
2855736,ca7,05-1174
801266,ca7,86-1935
768477,ca7,80-2102
1043503,ca7,94-1632
2854730,ca7,03-3622
729420,ca7,"04-1748, 04-2324"
769602,ca7,17299_1
677214,ca7,17641-17643
660164,ca7,97-4005
2852784,ca7,01-2503
246585,ca7,09-4014
2851988,ca7,98-2696
429763,ca7,82-2510
3015327,ca7,15-1602
65888140,ca7,No. 03-3176
1058063,ca7,96-1790
2852640,ca7,01-1353
1012262,ca7,90-3196
2455778,ca7,78-1600
2855024,ca7,03-1089
40713,ca7,79-1144
394228,ca7,90-1045
64013803,ca7,No. 14358
428904,ca7,97-3687
677639,ca7,06-4141
140581,ca7,12-3067
613267,ca7,91-2980
722122,ca7,97-2831
66100383,ca7,No. 2799
890767,ca7,79-2522
3087010,ca7,15-2679
2476429,ca7,81-2586
2220027,ca7,89-2530
127751,ca7,13-2552
17421185,ca7,19-3095
2856111,ca7,05-2397
3044122,ca7,14-2953
2854917,ca7,04-2146
66226714,ca7,No. 85-2434
1395855,ca7,83-1996
858576,ca7,96-1578
66136962,ca7,No. 299
61607660,ca7,21-1173
2857921,ca7,03-3780
18699168,ca7,19-2596
534573,ca7,96-2837
66141206,ca7,No. 428
16690208,ca7,19-1107
599361,ca7,10-2427
65711712,ca7,No. 13-2796
447670,ca7,79-1182
844688,ca7,10-3497
2858872,ca7,07-3734
60053828,ca7,20-2546
994231,ca7,93-2569
1432129,ca7,77-1072
1064891,ca7,84-1683
63966485,ca7,"Nos. 6712, 6713"
2852566,ca7,00-2467
2858110,ca7,06-3243
14571807,ca7,17-1422
464199,ca7,10302_1
1035958,ca7,92-3957
7561713,ca7,17-1283
14543499,ca7,18-2156
818048,ca7,87-3070
65682146,ca7,No. 04-1819
711456,ca7,"98-3432, 98-3560"
69441004,ca7,23-2957
455898,ca7,10044
2856327,ca7,05-3074
2852193,ca7,98-4275
510359,ca7,"89-3522, 89-3564 and 89-3569"
63976239,ca8,No. 12500
1628470,ca8,8677
134545,ca8,87-2056
63973046,ca8,No. 11869
403427,ca8,83-2055
660737,ca8,97-1683
1261370,ca8,11-3221
163392,ca8,03-1411
4614490,ca8,16-1341
4479189,ca8,16-1086
2882876,ca8,99-2879
980808,ca8,11900
639210,ca8,80-1007
803946,ca8,85-5135
730846,ca8,04-1258
66185742,ca8,No. 78-1667
2876155,ca8,96-1896
66087572,ca8,No. 4683
736755,ca8,05-3375
692412,ca8,16681
63935567,ca8,No. 8900
881862,ca8,78-1365
728705,ca8,05-2256
63953608,ca8,No. 10327
2896872,ca8,05-226801192006
66181935,ca8,Nos. 77-1189 to 77-1191 and 77-1210 to 77-1212
2443049,ca8,93-1406
2898745,ca8,05-2578
66262908,ca8,No. 90-1782
65659083,ca8,No. 09-1916
60698284,ca8,21-1607
66264991,ca8,No. 90-1687
712658,ca8,98-2761
64288491,ca8,No. 02-3311
3032828,ca8,15-1883
1454747,ca8,94-3348
554664,ca8,90-2169
2143948,ca8,89-1170
63979770,ca8,No. 12878
2894932,ca8,04-1362
2190518,ca8,05-3122
807689,ca8,"99-3203, 00-1211"
271270,ca8,18581_1
652938,ca8,91-3483
878938,ca8,11-3665
2888082,ca8,02-2007
61612132,ca8,21-2915
64021929,ca8,No. 94-2617
55894,ca8,94-3023
2905787,ca8,08-3846
2881867,ca8,99-2939
1092601,ca8,79-1955
406642,ca8,96-2236
2900908,ca8,06-3826
16074904,ca8,18-1597
59719447,ca8,19-2946
65683028,ca8,No. 03-3769
2900407,ca8,06-3369
66190918,ca8,No. 80-1994
68290459,ca8,22-3570
373651,ca8,99-3593
65962561,ca8,No. 15-3423
2897432,ca8,05-2214
66051342,ca8,"No. 2,723"
749952,ca8,83-2558
296486,ca8,16056_1
2883541,ca8,00-1209
126197,ca8,13-2539
2322985,ca8,94-2691
210936,ca8,78-1717
540410,ca8,07-3812
17013751,ca8,19-1002
399815,ca8,95-2496
340403,ca8,89-5495
5431,ca8,18-3512
978930,ca8,9939
1004883,ca8,90-5483
984208,ca8,89-2893SI
2256779,ca8,96-3408
760977,ca8,79-1796
2876158,ca8,96-3157
1371891,ca8,86-5400
6235151,ca8,17-1549
516766,ca8,06-3943
833955,ca8,91-1775
1456347,ca8,99-2216
1705588,ca8,93-1786
749120,ca8,73-1138
1150906,ca8,11-2771
2875628,ca8,96-2261
63974344,ca8,No. 11980
63926458,ca8,No. 7538
2134469,ca8,84-2058
1196735,ca8,94-3600
129962,ca8,94-3172
2873742,ca8,95-1360
195215,ca8,13-2522
1322126,ca8,94-1479
66116022,ca8,No. 6318
720726,ca8,97-1330
2903336,ca8,07-3738
63970349,ca8,No. 11570
66651447,ca8,No. 845
66082507,ca8,No. 166
1087851,ca8,11-3122
2200914,ca8,"08-11-90022, 08-11-90023, 08-11-90024, 08-11-90025, 08-11-90026, 08-11-90027, 08-11-90028, 08-11-90029, 08-11-90030, 08-11-90031, 08-11-90032, 08-11-90033, 08-11-90034, 08-11-90035, 08-11-90036, 08-11-90037, 08-11-90038, 08-11-90039, 08-11-90040, 08-11-90041, 08-11-90042, 08-11-90043, 08-11-90044, 08-11-90045, 08-11-90046, 08-11-90047, 08-11-90048"
704230,ca8,00-3729
2460964,ca8,97-2523
2023102,ca8,80-1843
2884065,ca8,00-2863
2883504,ca8,00-1522
2895822,ca8,04-2830
69324757,ca8,23-3418
881518,ca8,10-2536
1372397,ca8,14-1150
2894187,ca8,04-1113
650178,ca8,90-5243
734706,ca8,06-2326
66089200,ca8,No. 4970
18461210,ca8,20-1117
66044676,ca8,"No. 2,355"
64872027,ca8,21-2930
803248,ca8,97-2684
2891569,ca8,03-2483
2877851,ca8,97-1408
669250,ca8,00-2716
70762614,ca8,25-1227
2879995,ca8,97-4390
7306360,ca8,17-1854
794551,ca8,04-2346
512758,ca8,90-1826
2208853,ca8,91-2790
823354,ca8,89-1146
2885069,ca8,01-1437
63967863,ca8,No. 11346
2897734,ca8,04-3825
981653,ca8,87-2151
385499,ca8,74-1692
2883264,ca8,99-4150
66061082,ca8,"No. 3,405"
17056164,ca8,19-1431
2894591,ca8,04-1095
1010855,ca8,90-2905
163208,ca8,04-2285
289748,ca8,16054
1894470,ca8,10-3237
66045030,ca8,"No. 2,367"
63925731,ca8,No. 7290
2465978,ca8,91-2196
2874845,ca8,95-4120
1433755,ca8,93-3811
2681363,ca8,"14-1970, 14-2682"
2878907,ca8,97-3422
2881797,ca8,99-2357
66127842,ca8,No. 225
63945099,ca8,No. 9513
2889699,ca8,"02-1342, 02-1466"
16061620,ca8,18-1466
3026408,ca8,15-1818
63997010,ca8,No. 14668
278642,ca8,16637
525019,ca8,92-2479
2879805,ca8,98-2652
115577,ca8,79-2058
8347985,ca8,16-3784
2456555,ca8,88-1334
658269,ca8,18897_1
1364622,ca8,14-1143
1059025,ca8,95-2476
2194116,ca8,17294
2878686,ca8,98-1306
66137434,ca8,No. 738
736711,ca8,05-3725
946976,ca8,07-3573
2903162,ca8,07-3662
658726,ca8,19105
761552,ca8,"10-2989, 10-2990, 10-2992"
2893630,ca8,03-2261
167051,ca8,93-1720
63935572,ca8,No. 9091
2903494,ca8,08-1674
322550,ca8,15134_1
69936172,ca8,24-2395
633134,ca8,92-1475
88276,ca8,09-3498
2876172,ca8,95-1277
2873740,ca8,95-1326
604902,ca8,95-1522
677106,ca8,"86-2180, 86-2222"
974444,ca8,86-1923
1463149,ca8,86-5476
2478715,ca8,96-2388
840650,ca8,92-1235
1045332,ca8,7172
1128063,ca8,05-1396
1940865,ca8,89-2726
2891566,ca8,03-2774
2893002,ca8,03-3260
987976,ca8,88-5065
66097520,ca8,No. 5519
557233,ca8,75-1158
2874465,ca8,95-3790
246715,ca8,16158_1
1714461,ca8,00-1404
707145,ca8,01-1066
2367339,ca8,86-2182
693812,ca8,19805-19807_1
7024209,ca8,17-1198; 17-1393
736745,ca8,06-1549
534366,ca8,12-1462
2879854,ca8,98-3470
1420183,ca8,98-3467
63972583,ca8,No. 11912
66073709,ca8,No. 4007
111993,ca8,95-2772
589587,ca8,02-2523
2899455,ca8,06-2264
604559,ca8,95-1505
66108661,ca8,No. 5972
61601847,ca8,21-2258
2888031,ca8,02-2030
1249566,ca8,87-1990
64016000,ca8,Nos. 93-1709 to 93-1711 and 93-1722
1417862,ca8,77-1775
433916,ca8,82-2313
2473650,ca8,96-3734
592407,ca8,11-3016
3038104,ca8,15-2985
2877693,ca8,97-2167
66203583,ca8,"Tract Nos. 03-117, 60-117, 60-122; Tract No. 69-114; Tract No. 303; Nos. 82-1919, 83-1519"
2177695,ca8,10-1973
2168860,ca8,88-2209
2903699,ca8,08-2326
2905833,ca8,09-1106
64004329,ca8,No. 16007
2317485,ca8,87-5363
1324839,ca8,83-1795
64020892,ca8,No. 94-2625
2879142,ca8,98-1419
2454149,ca8,86-1221
2882449,ca8,99-3755
63956507,ca8,No. 10277
910114,ca8,06-3397
2200643,ca8,96-2149
530645,ca8,10-3335
476151,ca8,14698_1
63359266,ca8,21-2871
1074161,ca8,12-1348
1051239,ca8,95-1532
3048194,ca8,"14-3099, 14-3211"
70870,ca8,15311_1
764298,ca8,11-3203
2905760,ca8,08-2633
257739,ca8,89-1797
1023534,ca8,76-1400
69355613,ca8,24-2400
63926263,ca8,No. 7443
1065036,ca8,99-3585
66105725,ca8,Nos. 5831-5833
2881723,ca8,98-4178
2191500,ca8,20424
68073187,ca8,23-1298
1349176,ca8,17263_1
2875958,ca8,96-2352
63922118,ca8,No. 6992
2266963,ca8,95-1447
587603,ca8,11-1274
14526029,ca8,18-1985
336136,ca8,91-3404
700779,ca8,71-1011_1
250721,ca8,13-1911
2874952,ca8,"95-2937, 95-3000"
99741,ca8,92-2286
63975448,ca8,No. 12418
487610,ca8,86-5481
591127,ca8,09-3031
2875190,ca8,96-2410
2141102,ca8,13-1491
308838,ca8,10-1903
4574101,ca8,16-1435
63986924,ca8,No. 13462
54718,ca8,15875
66036821,ca8,"No. 1,873"
1107276,ca8,12-2384
66165123,ca8,No. 19783
16956226,ca8,18-3683
727146,ca8,03-2582
63738223,ca8,No. 6703
357327,ca8,18577_1
2457808,ca8,09-3310
2883745,ca8,99-4340
2882463,ca8,99-3654
2894385,ca8,04-1220
534415,ca8,92-3846
1055544,ca8,13-2115
527221,ca8,77-1609
2459104,ca8,87-2246
547769,ca8,08-3229
66140577,ca8,No. 873
2889741,ca8,03-1178
7130387,ca8,17-3032
127957,ca8,94-1376
2892289,ca8,03-3378
63930931,ca8,No. 8175
64005826,ca8,"Nos. 16132, 16145, 16133, 16146, 16134, 16147"
1668448,ca8,88-2464
1984964,ca8,87-2068
1405161,ca8,93-3851
1621773,ca8,10680
2900718,ca8,06-2221
66026935,ca8,"No. 1,491"
2885235,ca8,01-1594
2188061,ca8,93-4092
863710,ca8,07-2184
63963674,ca8,"Nos. 10896, 10931"
1058233,ca8,96-1248
66181785,ca8,Nos. 76-1864 to 76-1866
1067148,ca8,96-3700
2874961,ca8,95-3625
628351,ca8,75-1101
820117,ca8,05-1515
576165,ca8,97-1198
2894901,ca8,04-2893
66132153,ca8,No. 115
1550241,ca8,"05-4381, 07-2015"
779024,ca8,06-3050
66034980,ca8,"No. 1,563"
964255,ca8,03-1057
63953687,ca8,No. 10167
690448,ca8,16652_1
66194288,ca8,No. 83-1478
137131,ca8,95-2361
968569,ca8,86-1556
1636808,ca8,12369
2895940,ca8,04-1958
2888110,ca8,02-1923
2899935,ca8,06-3599
957029,ca8,96-1305
16968425,ca8,19-2645
63922621,ca8,No. 6427
289660,ca8,84-2036
734074,ca8,04-3962
713042,ca8,"93-3628, 93-3848"
936396,ca8,79-1284
1254659,ca8,81-2043
888682,ca8,79-1793
2897946,ca8,05-2297
389171,ca8,75--1176
2014891,ca8,88-1492
908206,ca8,07-2921
487163,ca8,83-2151
749246,ca8,72-1731
637071,ca8,83-1667
464381,ca8,82-1166
78327,ca8,93-4010
2457821,ca8,88-1799
2876905,ca8,97-1479
1081185,ca8,76-2090
2901218,ca8,"06-3584, 06-3954"
328818,ca8,98-1489
2439137,ca8,88-1660
1222973,ca8,96-1625
2873502,ca8,95-2579
6235822,ca8,16-4531
516107,ca8,15067
66270228,ca8,No. 91-1678
981584,ca8,11162
66055211,ca8,"No. 2,842"
2883809,ca8,00-1049
2880486,ca8,98-4132
6374330,ca8,17-1643
146172,ca8,03-1467
68184533,ca8,23-1532
699462,ca8,18825
37820,ca8,12-1799
2880685,ca8,98-2035
14893159,ca8,17-3731
2889964,ca8,02-4063
1465889,ca8,85-2449
214543,ca8,15631
66049587,ca8,"No. 2,700"
66144919,ca8,"No. 1,070"
252852,ca8,81-1692
2906072,ca8,09-1607
1031704,ca8,93-2228
2879648,ca8,98-1738
695077,ca8,91-1957
2882231,ca8,99-1643
2903928,ca8,07-3621
2890171,ca8,03-1368
380013,ca8,77-1291
2141951,ca8,89-1812
2887897,ca8,02-3229
60063710,ca8,20-1508
63198764,ca8,20-3680
2884715,ca8,00-3905
525590,ca8,860
653038,ca8,91-2411
2873408,ca8,95-1244
907412,ca8,07-3816
1507846,ca8,94-2084
2463833,ca8,81-1227
2891662,ca8,03-1934
988314,ca8,88-1599
66147410,ca8,"No. 1,155"
2898574,ca8,05-3171
70217522,ca8,24-1812
64021295,ca8,Nos. 94-3820 and 94-4016
1991659,ca8,"76-1634, 77-1084"
1472049,ca8,12-3435
422684,ca8,08-3960
783016,ca8,83-1533
2889019,ca8,02-1081
661913,ca8,97-3043
2895455,ca8,04-3728
1579638,ca8,94-2905
3078148,ca8,16-1774
1015199,ca8,94-2768
2905522,ca8,09-1355
2355055,ca8,82-2023
63923700,ca8,No. 6970
15704268,ca8,18-1648
64014777,ca8,No. 91-3498
1049505,ca8,94-2971
6146142,ca8,16-1419
7796955,ca8,17-3516
66026361,ca8,"No. 1,459"
63951420,ca8,"Nos. 9902, 9903"
184309,ca8,13-1485
2874726,ca8,95-3665
17226115,ca8,19-2031
1359692,ca8,83-1080
793375,ca8,06-3134
726219,ca8,03-1494
66234109,ca8,No. 86-1939
1181992,ca8,80-1996
775914,ca8,83-1296
1094855,ca8,90-5277
362062,ca8,84-1261
2884593,ca8,99-4134
316131,ca8,72-1237
769238,ca8,82-1003
362788,ca8,78-1357
2131702,ca8,82-1780
7628992,ca8,17-2176
587605,ca8,96-1604EM
66077968,ca8,No. 4314
1092362,ca8,93-2986
2904685,ca8,08-3414
2875771,ca8,"96-1456, 96-1535"
1071673,ca8,626
783898,ca8,09-3144
66260188,ca8,No. 89-2101
761805,ca8,79-1107
2892357,ca8,03-2159
6574657,ca8,17-2938
18407986,ca8,19-3077
741855,ca8,02-3246
2894803,ca8,04-3261
2879667,ca8,97-8219
510448,ca8,92-3543
63983188,ca8,No. 13318
92138,ca8,15498_1
3038397,ca8,15-2221
739768,ca8,01-1550
2884923,ca8,00-3415
205501,ca8,14325_1
2891405,ca8,02-2859
66283509,ca8,No. 92-1910
964401,ca8,06-1500
751553,ca8,09-1788
1294448,ca8,15914_1
649435,ca8,"97-2176, 97-2177, 97-2178"
2881352,ca8,99-1290
992142,ca8,7452
14539117,ca8,17-2079
380779,ca8,94-1513
779448,ca8,06-2875
343625,ca8,83-1250
68277170,ca8,23-2289
2900267,ca8,06-2310
248609,ca8,"91-1091, 91-1093 and 91-1187"
2084538,ca8,81-2121
1222482,ca8,16229_1
767284,ca8,73-1155
16415426,ca8,18-2974
65662477,ca8,No. 17-1840
980485,ca8,86-5433
520721,ca8,07-3561
766014,ca8,72-1710
1046015,ca8,94-2617
66135333,ca8,No. 666
66036769,ca8,"No. 1,834"
64055273,ca8,"Nos. 97-1794, 97-1855, 97-2394 and 97-2406"
63973039,ca8,"No. 509, Original"
2879765,ca8,98-1804
66100910,ca8,No. 5647
66222338,ca8,No. 85-5449
63926520,ca8,No. 7550
514724,ca8,10-2850
66137084,ca8,"Nos. 505, 641, and 661"
2876527,ca8,96-2676
478297,ca8,96-3045
1389342,ca8,86-1290
704306,ca8,00-1411
1662698,ca8,97-1045
849726,ca8,93-3707
82719,ca8,13-2035
66095991,ca8,No. 5352
400264,ca8,96-1448
2904531,ca8,08-2470
88220,ca8,12-1533
2878377,ca8,97-1982
66133767,ca8,No. 611
246837,ca8,77-1208
706639,ca8,76-1803
767325,ca8,73-1033
66040325,ca8,"No. 2,065"
1318567,ca8,12-2450
159193,ca8,81-1315
394580,ca8,95-1713
971559,ca8,12982
1018142,ca8,08-1349
564106,ca8,76-1535
2886798,ca8,02-1356
1039748,ca8,10-1472
66179218,ca8,"Nos. 76-1627, 76-1658 and 76-1668 to 76-1671"
63976183,ca8,No. 12391
66207553,ca8,"Nos. 84-2604, 84-2629"
706424,ca8,03-3893
2902245,ca8,07-2587
745494,ca8,18134_1
733748,ca8,05-1999
1209390,ca8,16778_1
489792,ca8,86-5178
66024994,ca8,"No. 1,361"
2883408,ca8,00-1087
15875700,ca8,18-2000
2278311,ca8,86-5054
1127325,ca8,90-5525
286008,ca8,12-1993
66114231,ca8,No. 6219
684985,ca8,12-2224
1523867,ca8,82-2026
17171034,ca8,20-1985
63971860,ca8,No. 11766
2880684,ca8,97-3892
65651791,ca8,22-1411
67853995,ca8,23-1009
66069086,ca8,"No. 3,734"
1498080,ca8,85-1346
65661816,ca8,"No. 15-1580, No. 15-2375, No. 15-3225, No. 15-3277"
2878580,ca8,97-2765
2900422,ca8,06-2763
842556,ca8,91-3791
1249549,ca8,"00-2722, 00-3287"
2900166,ca8,06-1150
2903295,ca8,07-3938
2900187,ca8,06-3474
2481180,ca8,91-1210
66086840,ca8,No. 4673
66498124,ca8,21-3484
66051885,ca8,"No. 2,659"
2173735,ca8,86-1458
2892742,ca8,03-2950
2893936,ca8,03-3855
59241771,ca8,20-1321
69733042,ca8,24-1013
2898659,ca8,05-3734
964009,ca8,01-1463
2893829,ca8,04-1769
67118,ca8,11-3262
1610484,ca8,10-3288
66086490,ca8,No. 189
706621,ca8,00-2812
2879959,ca8,98-3727
2889810,ca8,02-4071
1265773,ca8,75-1225
1564753,ca8,87-1613
2023520,ca8,86-1990
2911,ca8,18-2376
741453,ca8,02-3530
673305,ca8,"88-1263, 88-1264"
2901474,ca8,07-2953
63969761,ca8,No. 11459
1269637,ca8,11-1112
735226,ca8,04-3566
736508,ca8,05-6057
66025945,ca8,"No. 1,381"
66113232,ca8,No. 6256
2879185,ca8,97-2990
2364846,ca8,89-2484
756807,ca8,11-3266
2617221,ca8,14-2252
741381,ca8,01-1302
2895088,ca8,04-2021
296821,ca8,"16338, 16339"
2897956,ca8,05-4248
1068584,ca8,97-1979
66127760,ca8,No. 178
125678,ca8,96-3185
1281259,ca8,75-1540
415077,ca8,91-1744
1472528,ca8,90-2560
604889,ca8,95-2435
318931,ca8,80-2049
1016864,ca8,92-2535
1116764,ca8,77-1642
66065405,ca8,"Nos. 3,542, 3,543"
131607,ca8,87-2257
63301919,ca8,21-2501
1481078,ca8,91-1889
16817546,ca8,18-3017
2208725,ca8,93-3321
65966623,ca8,No. 17-1665
794607,ca8,05-2009
18643200,ca8,19-2415
66141251,ca8,No. 949
2882440,ca8,99-4210
2885277,ca8,01-1158
2898277,ca8,05-1594
63926877,ca8,No. 7607
2875074,ca8,96-1025
324966,ca8,91-1577
63930948,ca8,No. 8102
16738841,ca8,19-2527
721160,ca8,99-1965
980291,ca8,87-1409
66638391,ca8,21-3683
66196576,ca8,"Nos. 82-2162, 82-2163"
2614924,ca8,14-2171
1159572,ca8,89-1252
7751563,ca8,17-3640
965777,ca8,84-2472
7418394,ca8,16-3060
3064527,ca8,15-2688
7864192,ca8,17-1422
2905706,ca8,08-2389
612786,ca8,"91-3108, 92-1023"
6285747,ca8,17-2261
773728,ca8,73-1447
2874404,ca8,95-1355
316913,ca8,96-2169
777167,ca8,"06-1893, 06-2269"
108229,ca8,"11-1760, 11-1764"
349762,ca8,73-1177
156167,ca8,06-3792
613355,ca8,18096
1175077,ca8,11-3245
66191716,ca8,No. 81-1787
2901810,ca8,07-2104
963124,ca8,86-5012
16631192,ca8,18-2232
2882793,ca8,00-1404
63952777,ca8,No. 10006
1425,ca8,17-3415
2866723,ca8,15-1777
2891128,ca8,03-2291
15875695,ca8,18-1545
63941235,ca8,No. 9316
2873433,ca8,95-1553
1475295,ca8,11-3345
630264,ca8,11-2076
2892954,ca8,03-2395
403633,ca8,85-5095
269166,ca8,95-3910
1559792,ca8,95-1942
2905559,ca8,08-3516
2901484,ca8,07-1637
434166,ca8,84-1149
1501278,ca8,87-1369
156364,ca8,17631_1
66069168,ca8,"No. 3,839"
764886,ca8,80-2045
63958353,ca8,No. 10482
925033,ca8,08-3807
1583127,ca8,95-2209
419383,ca8,14161
1644513,ca8,96-3586
66682846,ca8,21-3355
1264429,ca8,93-1231
1392822,ca8,91-2112
437414,ca8,10-2903
2901965,ca8,07-1354
481048,ca8,82-1719
188596,ca8,18647
28117,ca8,82-1693
66065825,ca8,No. 115 (Original)
973493,ca8,86-1902
66208954,ca8,No. 84-5164
2138709,ca8,85-1141
2663967,ca8,14-3122
66036676,ca8,"No. 1,936"
482034,ca8,81-2318
2075608,ca8,92-3879
7266946,ca8,17-1493
2618227,ca8,13-3385
64026683,ca8,No. 95-3666
802179,ca8,85-2481
2896558,ca8,04-4076
69460162,ca8,24-1799
492375,ca8,91-1662
59965073,ca8,20-2497
2475736,ca8,88-5129
2902972,ca8,07-3732
931076,ca8,74-1632
152108,ca8,93-3323
6299490,ca8,17-2310
913322,ca8,08-1039
707656,ca8,01-1956
652772,ca8,17960
63985826,ca8,No. 13551
2897198,ca8,04-3560
66244192,ca8,No. 87-5414
812641,ca8,86-5357
1592758,ca8,08-3205
16472538,ca8,18-2542
883998,ca8,90-2407
1404970,ca8,91-3760
715908,ca8,98-3721
64287602,ca8,No. 02-3350
2892415,ca8,02-4116
205305,ca8,"16894, 17010"
2892435,ca8,"03-2518, 03-2519"
1943105,ca8,73-1395
573992,ca8,96-1661
63971711,ca8,No. 11774
2899993,ca8,06-3162
584985,ca8,96-3691
434759,ca8,12-3925
1790224,ca8,80-1998
705084,ca8,00-3595
66254110,ca8,No. 89-2090
96123,ca8,91-1859
236865,ca8,04-2189
930088,ca8,71-1578
63973587,ca8,"No. 520, Original"
1221129,ca8,89-2835
66073827,ca8,No. 4056
1736502,ca8,93-3998
2314173,ca8,91-2310
63987566,ca8,No. 13689
2904226,ca8,08-3003
14526027,ca8,17-3521
2889441,ca8,02-2048
66030596,ca8,"No. 1,626"
2873782,ca8,95-2335
66103688,ca8,No. 5599
15886230,ca8,18-1060
142175,ca8,97-1125
1292194,ca8,06-2805
60086,ca8,75-1462
2883928,ca8,00-2813
2899451,ca8,06-1804
1955392,ca8,"80-1534, 80-1535"
540116,ca8,93-2587
240100,ca8,"08-2976, 08-3128"
2875269,ca8,96-1235
2893488,ca8,04-2253
2898755,ca8,05-4284
1125664,ca8,19905
1611243,ca8,07-2278
2881609,ca8,99-2215
1053291,ca8,19087_1
2898773,ca8,06-1541
15619,ca8,14-2204
66682844,ca8,22-2906
1629944,ca8,9613
65709976,ca8,No. 12-2123
16050012,ca8,18-2724
320370,ca8,14645
477569,ca8,92-3061
65718587,ca8,No. 07-2874
6144687,ca8,16-3210
1423461,ca8,99-3169
320234,ca8,83-2390
498942,ca8,91-2299
304787,ca8,89-5599
64020220,ca8,No. 94-2083
2891930,ca8,02-3798
277106,ca8,84-2491
66850,ca8,08-3399
1038263,ca8,94-1557
672319,ca8,17251
713835,ca8,98-1010
16780617,ca8,18-2872
208236,ca8,"09-3147, 10-1051"
2874884,ca8,96-1061
522618,ca8,76-1945
756724,ca8,76-1062
563922,ca8,92-1233
2114707,ca8,80-1406
2890377,ca8,03-1956
1008051,ca8,89-5565
735781,ca8,71-1434
975153,ca8,11701
373446,ca8,90-2377
368444,ca8,71-1097
16926193,ca8,19-1126
63968940,ca8,No. 11517
68852261,ca8,23-3066
1043726,ca8,91-2067
720907,ca8,99-3205
919187,ca8,13-1262
2904829,ca8,08-2368
2457644,ca8,89-5334
1078551,ca8,74--1733
4116619,ca8,16-1615
96341,ca8,95-1187
63933196,ca8,No. 8545
66228020,ca8,No. 86-5403
63945449,ca8,No. 9557
861145,ca8,71-1089_1
2166344,ca8,91-3056
720384,ca8,04-3730
727086,ca8,07-2298
100735,ca8,91-3200
2880330,ca8,98-2324
14693024,ca8,17-3556
66023748,ca8,"No. 1,352"
66182315,ca8,Nos. 76-2099 and 77-1013
893801,ca8,06-3316
2454845,ca8,94-1568
1445703,ca8,83-1852
973461,ca8,86-1043
66244143,ca8,No. 88-5033
63950522,ca8,No. 9864
2880443,ca8,98-2733
66069761,ca8,No. 119
64018704,ca8,No. 94-1152
1308904,ca8,97-1364
2874570,ca8,95-2830
2303914,ca8,79-1220
2908574,ca8,13-1072
759928,ca8,79-1065
2002565,ca8,91-1054EM
334284,ca8,88-1512
63232698,ca8,21-3490
66207034,ca8,No. 84-1635
778667,ca8,555
934975,ca8,89-2854
2884221,ca8,01-1354
2891277,ca8,03-2718
1057145,ca8,95-3757
59777036,ca8,20-2039
648045,ca8,88-5272
154743,ca8,13-3290
66140099,ca8,No. 880
393574,ca8,75-1173
66190519,ca8,"Nos. 79-2050, 80-1714, 80-1861 and 80-1900"
1419913,ca8,74--1533
4667192,ca8,16-1027
2874599,ca8,95-3813
2876326,ca8,96-3796
63138766,ca8,21-1713
2874918,ca8,95-3911
66126662,ca8,No. 155
1759775,ca8,90-2390
66024489,ca8,"Nos. 1,212, 1,213, 1,214, 1,215"
378657,ca8,94-1990
1003442,ca8,90-1807
2890895,ca8,03-2087
1942564,ca8,09-3283
64000060,ca8,No. 15341
66071030,ca8,"No. 3,864"
1039058,ca8,10-2396
65718588,ca8,No. 07-2874
2874723,ca8,96-1352
842593,ca8,92-1340
62635474,ca8,21-1556
66131576,ca8,No. 391
63930945,ca8,No. 8333
723377,ca8,99-1260
1200577,ca8,92-2200
2883917,ca8,00-3444
4551422,ca8,16-1882
66284964,ca8,No. 92-2363NE
1251162,ca8,80-1692
294568,ca8,13-2557
1396286,ca8,77-1175
826500,ca8,89-2152
66240695,ca8,No. 88-1704
59238282,ca8,19-2751
635067,ca8,81-1226
270850,ca8,93-3616
446838,ca8,81-1794 to 81-1796
173464,ca8,14460
2170558,ca8,90-5037
2877361,ca8,97-2180
66082481,ca8,No. 4703
840131,ca8,92-1165
1107957,ca8,90-5131
63929910,ca8,No. 8230
66136977,ca8,"Nos. 672, 673"
663823,ca8,08-2086
63954553,ca8,No. 10207
1374105,ca8,93-2649
1409050,ca8,"84-2038, 84-2091"
66030052,ca8,"No. 1,628"
63955282,ca8,No. 10479
2904827,ca8,08-3183
2901197,ca8,07-1500
63926367,ca8,No. 7496
2905927,ca8,09-1382
380513,ca8,76-1899
66228539,ca8,No. 86-1282
2877480,ca8,97-1339
2874665,ca8,95-2819
2874233,ca8,95-2057
752964,ca8,"06-3292, 06-3344"
2041124,ca8,89-1221
58691,ca8,12-3651
429545,ca8,83-2601
66194281,ca8,No. 83-1471
2881659,ca8,99-3251
206354,ca8,76-1874
63949637,ca8,No. 9975
63982770,ca8,No. 13405
2907600,ca8,12-1670
701204,ca8,99-2705
2874708,ca8,96-1220
2889650,ca8,03-1129
273223,ca8,18924_1
8494442,ca8,17-2367
65710869,ca8,No. 07-3231
63927522,ca8,No. 7396
1098625,ca8,10876
2198607,ca8,88-1587
2885628,ca8,01-1876
1911189,ca8,80-1925
2439678,ca8,12-3984
2877410,ca8,97-1726
289670,ca8,84-1249
63945875,ca8,No. 9153
442332,ca8,97-4121
2898043,ca8,05-3387
1509520,ca8,83-1689
399777,ca8,15085
63922009,ca8,No. 6736
2901753,ca8,07-2503
3065959,ca8,15-1492
831156,ca8,90-5580
66032294,ca8,"No. 1,806"
66065255,ca8,"Nos. 3,591, 3,615"
555946,ca8,90-2227
2898332,ca8,05-4235
66102440,ca8,No. 5827
1058388,ca8,96-3645
743129,ca8,01-3982
373526,ca8,76-1980
730337,ca8,05-1753
2893499,ca8,03-3266
373699,ca8,93-1918
2899045,ca8,06-2472
2890402,ca8,03-2893
1049523,ca8,95-1398
67807702,ca8,23-1825
550762,ca8,94-3947
2905400,ca8,08-2807
596948,ca8,83-2188
66166308,ca8,No. 71-1096
786023,ca8,02-3280
2919882,ca8,15-1285
654253,ca8,14852_1
740906,ca8,07-3099
946643,ca8,79-1191
63986858,ca8,No. 13520
2894272,ca8,04-2195
2876458,ca8,96-4222
2878808,ca8,98-1751
550428,ca8,94-2991
2087990,ca8,90-1184
739424,ca8,01-1898WA
14579283,ca8,18-1469
66027570,ca8,"No. 1,575"
2905990,ca8,09-2072
6137217,ca8,16-4000
531468,ca8,12-2072
2891421,ca8,03-1835
65894130,ca8,No. 07-1325
66081934,ca8,No. 4378
1030419,ca8,92-3376
672384,ca8,17076_1
1366750,ca8,79-1805
6080661,ca8,16-2019
67270608,ca8,22-2283
525439,ca8,92-1699
2883488,ca8,98-2147
65729081,ca8,No. 08-3343
2873536,ca8,95-1645
1374204,ca8,93-2610
2877688,ca8,96-3659
697050,ca8,99-2886
788710,ca8,95-2487
749956,ca8,71-1686
63970825,ca8,No. 11634
844347,ca8,10-3840
1285113,ca8,94-1783
2886368,ca8,02-1084
718030,ca8,20046
670732,ca8,07-2437
67230119,ca8,22-2734
2293449,ca8,78-1769
2171627,ca8,84-5084
69890765,ca8,24-2002
1510794,ca8,92-1618
838235,ca8,91-3284
2896639,ca8,05-2076
64018375,ca8,"No. 93-3577, 93-3586, 93-3587 and 93-3644"
66070792,ca8,"Nos. 3,761 and 125"
2715,ca8,17-3675
14820444,ca8,18-2503
382083,ca8,94-2086
879798,ca8,83-1282
2905606,ca8,08-2078
64288492,ca8,"Nos. 02-3536, 02-3556"
715354,ca8,20052_1
2204534,ca8,97-3719
879270,ca8,82-2222
742162,ca8,02-1456
2883358,ca8,99-3584
2397246,ca8,81-2290
2881990,ca8,97-1582
18748318,ca8,19-1954
168525,ca8,12-3732
1840084,ca8,87-1617
1034063,ca8,07-3181
780023,ca8,06-1925
63970394,ca8,No. 467
74520,ca8,09-2198
2902658,ca8,07-2235
66139108,ca8,No. 863
2875999,ca8,96-2587
63930073,ca8,"Nos. 8138, 8139"
1049525,ca8,95-1416
2894134,ca8,04-2106
2279541,ca8,90-1176
15966742,ca8,17-3673
64004654,ca8,No. 16117
3014466,ca8,15-1010
705062,ca8,"00-3013, 00-3173"
2885707,ca8,00-3741
2415106,ca8,92-3861
843582,ca8,92-3753
66039972,ca8,"No. 2,106"
2898288,ca8,05-2768
2874283,ca8,95-3597
1384915,ca8,85-5219
425082,ca8,94-1186
963944,ca8,00-2070
2312840,ca8,89-2615
275382,ca8,84-1395
4573197,ca8,"16-1834, 16-1835"
63974444,ca8,No. 12011
64010071,ca8,"Nos. 16655, 16656, 16662, 16663, 16669"
667834,ca8,17407
646024,ca8,14709_1
725954,ca8,76-1909
64899055,ca8,21-3881
16931698,ca8,19-2213
2884430,ca8,99-1346
1016392,ca8,92-3034
1212990,ca8,78-1853
1188759,ca8,87-5380
1012368,ca8,91-3097
1620745,ca8,81-2337
995771,ca8,11557
2894249,ca8,04-1363
720562,ca8,08-3705
2873850,ca8,95-3095
63924987,ca8,No. 7372
727243,ca8,03-2160
3025476,ca8,15-1153
2881549,ca8,99-3161
228556,ca8,79-1606
64687966,ca8,21-3804
992946,ca8,88-1342
2648539,ca8,14-2146
513486,ca8,83-1401
1339402,ca8,83-1241
21451,ca8,97-2008
796959,ca8,09-3187
820343,ca8,88-5493
645398,ca8,97-2020
361633,ca8,19495
2353867,ca8,97-3058
63975323,ca8,No. 11737
2901067,ca8,07-1346
4424999,ca8,15-2777
195468,ca8,10-2001
527888,ca8,12-2925
2171896,ca8,12-1687
127281,ca8,84-2044
589167,ca8,00-1748
1261635,ca8,92-3754
2891303,ca8,03-1765
66142848,ca8,"No. 1,043"
36912798,ca8,20-1996
106655,ca8,15621_1
964512,ca8,279
1027323,ca8,92-3276
2862315,ca8,15-1758
2880051,ca8,98-2142
2007043,ca8,03-1311
680363,ca8,Misc. 258
4126349,ca8,15-3869
2880542,ca8,98-1459
16861950,ca8,17-3627
939654,ca8,91-3606
66189315,ca8,No. 80-1179
1044252,ca8,94-1842
66095781,ca8,No. 5339
956655,ca8,"96-3346, 96-3396, 97-1190"
1066481,ca8,95-1253
1909152,ca8,73-1864
600896,ca8,94-2619
1708137,ca8,93-3317
2883601,ca8,00-3077
63969647,ca8,No. 11613
1326406,ca8,11-1988
1900630,ca8,10-3778
2687677,ca8,13-3500
973634,ca8,"9641, 9645"
373900,ca8,"93-3827, 93-4082"
2873376,ca8,94-4001
2899315,ca8,05-3752
456501,ca8,83-1374
681201,ca8,19772_1
63969075,ca8,No. 433 Orig
726844,ca8,03-3354
705101,ca8,01-1846
988953,ca8,88-1726
1502425,ca8,15122_1
2895986,ca8,04-3177
487599,ca8,86-5434
2904982,ca8,08-2812
2655902,ca8,14-3402
1490067,ca8,11-2625
63928392,ca8,No. 7823
4559221,ca8,16-1874
63962927,ca8,No. 11017
229246,ca8,83-1812
2900314,ca8,06-3557
1481075,ca8,88-5412
63927293,ca8,No. 7923
63946891,ca8,No. 9718
1560619,ca8,97-1906
1446447,ca8,92-3375
185186,ca8,16965_1
66264990,ca8,No. 90-1644
1164817,ca8,92-3919
3067198,ca8,15-2202
760526,ca8,"72-1701, 73-1044"
2688878,ca8,14-3036
2886340,ca8,01-3203
66202547,ca8,"Nos. 83-1725, 83-1758 and 83-2055"
65892099,ca8,No. 06-1410
63924009,ca8,No. 7316
14766213,ca8,18-1006; 18-1294
1727207,ca8,86-1219
65745784,ca8,22-1657
66255448,ca8,No. 89-5518
2863259,ca8,14-1679
63992208,ca8,No. 13823
1310137,ca8,88-1162
729482,ca8,01-2045
294723,ca8,09-2222
183219,ca8,02-3269
63926087,ca8,No. 7508
2885410,ca8,01-1951
359785,ca8,83-1903
66079193,ca8,No. 4414
66049310,ca8,"No. 2,512"
718465,ca8,99-2673SI
8470700,ca8,17-3137
669360,ca8,17974
816349,ca8,"07-2593, 07-2808"
7130386,ca8,17-1938
739767,ca8,01-2543
2898079,ca8,05-3399
64016529,ca8,"Nos. 92-2513, 92-2538, 92-2569, 92-2572, 92-2575, 92-3264, 92-3266, 92-3267, 92-3271, 92-3272 and 92-3785"
490991,ca8,91-1468
66269786,ca8,"Nos. 91-1201, 91-1206"
1113965,ca8,01-2259
1185049,ca8,96-3507
736930,ca8,05-3346
2898108,ca8,05-3292
2903181,ca8,07-3857
66053930,ca8,"Nos. 2,920, 2,927"
2891031,ca8,03-1585
2457973,ca8,87-2236
66215909,ca8,"Nos. 85-5180, 85-5195"
689684,ca8,20473
66097995,ca8,No. 5504
1103929,ca8,7145
1094893,ca8,90-5308
98669,ca8,79-1232
66050100,ca8,"No. 2,704"
66025413,ca8,"No. 1,400"
1229975,ca8,95-2755
1652718,ca8,96-2308
63989513,ca8,No. 13816
2180523,ca8,89-2411
2885248,ca8,01-2280
4685765,ca8,15-3835
2177852,ca8,94-1107
63984997,ca8,No. 13000
2888725,ca8,02-2608
2467995,ca8,97-1942
66859529,ca8,21-2864
17109515,ca8,19-1266
63990007,ca8,No. 13833
2874625,ca8,95-3847
2902600,ca8,07-3582
250843,ca8,87-5280
63943642,ca8,No. 9449
1866607,ca8,09-3714
1108738,ca8,8166
848036,ca8,09-2179
66229689,ca8,No. 85-5101
394087,ca8,85-1275
2895581,ca8,04-2459
63977835,ca8,No. 91-1792
290103,ca8,75--1395
278276,ca8,76-1697
2896362,ca8,05-1651
2878255,ca8,97-3887
848774,ca8,93-3354
822298,ca8,88-5521
2900154,ca8,06-3220
805277,ca8,09-2162
271095,ca8,84-2353
1131891,ca8,91-3562
64014535,ca8,"Nos. 92-2606, 92-2608, 92-2614, 92-2674 and 92-2678"
1145690,ca8,74-1753
1486160,ca8,73-1080
2897117,ca8,05-1220
66184841,ca8,"Nos. 77-1510, 77-1514, 77-1515 and 77-1524"
2493384,ca8,93-2659
63997263,ca8,No. 14780
874846,ca8,01-4016
2892029,ca8,03-1411
69844156,ca8,24-2821
659520,ca8,19092_1
16968421,ca8,19-2244
4620960,ca8,16-2695
956916,ca8,96-3817
1591705,ca8,07-2705
784412,ca8,73-1903
2281428,ca8,89-1396
2901968,ca8,07-1970
2144276,ca8,94-3127
63981027,ca8,Na. 13063
2903989,ca8,08-1667
811873,ca8,"86-5267, 86-5268"
2894708,ca8,04-3263
1300154,ca8,75-1709
66126127,ca8,No. 131
351041,ca8,11-1349
64019902,ca8,No. 94-3072
786013,ca8,01-2457_1
2891825,ca8,"03-1441, 03-1544, 03-1444, 03-1546"
63969035,ca8,No. 11521
1135596,ca8,"11-3487, 11-3489"
489952,ca8,85-1351
60034359,ca8,20-2764
66082676,ca8,No. 4480
592653,ca8,11-3429
725455,ca8,04-3521
2885912,ca8,01-2792
664036,ca8,19141-19143
7767721,ca8,17-1414; 17-2662
2096312,ca8,89-2669
66092802,ca8,No. 5278
2876170,ca8,96-2895SI
2876035,ca8,96-1347
1715099,ca8,01-1283
2122245,ca8,89-1656
7081393,ca8,16-1731
2897360,ca8,05-2237
504890,ca8,"83-2142, 83-2512"
66084147,ca8,"Nos. 4550, 4552"
2326069,ca8,97-4092
1314328,ca8,97-2504
627084,ca8,79-1057
818092,ca8,88-5152
2874629,ca8,95-3883
792571,ca8,06-3307
2878037,ca8,"97-1797, 97-1955"
6242630,ca8,"16-4014, 17-1618"
2901323,ca8,06-3450
66052962,ca8,"No. 2,873"
50831,ca8,15298
2901590,ca8,06-3522
2633373,ca8,"13-2658, 13-2797"
94243,ca8,03-1326
63329690,ca8,21-3167
66129210,ca8,No. 287
2312827,ca8,89-1184
2887702,ca8,02-3219
2014248,ca8,96-1293
1049509,ca8,95-1438
226440,ca8,83-2310
6376831,ca8,17-1545
66113683,ca8,No. 6226
63989557,ca8,No. 13706
2880648,ca8,98-3111
936997,ca8,79-1631
65685450,ca8,No. 04-2267
2897382,ca8,05-3094
167569,ca8,79-1547
372858,ca8,76-1226
66088694,ca8,No. 4937
63931398,ca8,"Nos. 8176, 8179"
2879535,ca8,98-1628
68946956,ca8,23-3119
980939,ca8,13648
66205718,ca8,No. 83-2600
2877866,ca8,97-4035
1384846,ca8,95-2154
888800,ca8,95-2936
512444,ca8,84-1762
289573,ca8,84-1913
170000,ca8,87-2405
63924421,ca8,No. 7155
964213,ca8,85-1528
2904366,ca8,09-1050
725955,ca8,03-2326
1572794,ca8,94-2555
330520,ca8,"07-2310, 07-2541"
2880867,ca8,98-2583
523336,ca8,92-1485
771345,ca8,73-1373
167052,ca8,98-1943
2089038,ca8,84-1727
66201929,ca8,No. 84-1209
1997513,ca8,"96-1370EMSL, 96-1371EMSL and 96-1621EMSL"
2884497,ca8,00-3425
2045098,ca8,86-2230
247882,ca8,"00-3935, 00-3967"
879805,ca8,83-1973
779674,ca8,06-2502
60076956,ca8,20-2359
3091956,ca8,15-1711
2883293,ca8,00-2577
657224,ca8,"81-1514, 81-1532"
66189154,ca8,No. 79-1440
1459787,ca8,82-1066
426378,ca8,17932
1079593,ca8,76-1517
1136794,ca8,14-1178
3038398,ca8,14-2170
762188,ca8,80-1318
16186677,ca8,16-3484
799051,ca8,84-2537
66113096,ca8,No. 6190
66227443,ca8,"Nos. 86-1312, 86-1393"
2887627,ca8,02-1770
2646944,ca8,14-1127
678164,ca8,17414_1
2881142,ca8,98-3843
2888467,ca8,02-3162
66205638,ca8,"Nos. 84-1831, 84-1832"
517587,ca8,83-1782
15954700,ca8,18-2478
958744,ca8,83-1717
573866,ca8,10-2917
1407435,ca8,96-2247
3048193,ca8,15-1831
2452866,ca8,16749
2348375,ca8,95-1511
66284969,ca8,"Nos. 92-3406, 92-3409 and 92-3608"
318254,ca8,91-1070
64002244,ca8,No. 15701
138997,ca8,80-1641
63964798,ca8,No. 11047
14951183,ca8,18-1542
316788,ca8,90-1940
369725,ca8,74-1031
720871,ca8,98-3807
2885429,ca8,01-2009
2888424,ca8,02-4091
15892150,ca8,18-1461
2890462,ca8,03-1324
653684,ca8,614_1
66077544,ca8,No. 4314
2459846,ca8,88-5333
804981,ca8,07-2713
76387,ca8,10711
522481,ca8,92-1949
2875902,ca8,96-2578
2891888,ca8,03-3028
66041081,ca8,"No. 2,129"
2894886,ca8,04-2560
63958457,ca8,No. 10439
2070521,ca8,81-2190
2877919,ca8,97-3831
629602,ca8,74-1716
66110423,ca8,"Nos. 5928, 5929"
1400780,ca8,76-1761
2482919,ca8,95-3824
66273438,ca8,No. 91-1887
758098,ca8,11-2996
6119764,ca8,16-4390
549682,ca8,94-3031
68331264,ca8,23-2633
653066,ca8,91-1086
2883901,ca8,00-2144
2889665,ca8,02-2350
729073,ca8,04-1875
369530,ca8,"12-2607, 12-3230"
128790,ca8,95-1484
2888791,ca8,02-1561
64003627,ca8,No. 15934
282777,ca8,88-1066
2903711,ca8,07-3687
2619564,ca8,14-1971
1459789,ca8,83-1145
2878487,ca8,97-3400
443417,ca8,81-1589
66194702,ca8,No. 82-2489
66089839,ca8,No. 4951
1360026,ca8,83-1027
2880225,ca8,98-4009
2904723,ca8,07-3031
806312,ca8,93-2764
354949,ca8,18155_1
8409688,ca8,17-3512
675826,ca8,78-1354
95573,ca8,01-1272
66107535,ca8,No. 5904
2897911,ca8,05-1648
2874661,ca8,96-2308
1683415,ca8,97-2466
934792,ca8,74-1664
1058151,ca8,95-3281
63974486,ca8,Nos. 12028-12030
557950,ca8,91-1973
253642,ca8,83-2222
1185959,ca8,76-1220
66028801,ca8,"No. 1,592"
2899872,ca8,06-2996
63991067,ca8,No. 13760
1114974,ca8,96-3845
743322,ca8,01-2957
868573,ca8,95-1079
1119852,ca8,90-5471
153203,ca8,76-1645
1444074,ca8,02-2144
2899113,ca8,05-3777
2881449,ca8,98-3765
15715569,ca8,18-3397
2886225,ca8,01-3476
56220,ca8,"90-1754, 90-1755"
804497,ca8,85-1876
1527481,ca8,16650
66190703,ca8,No. 80-1812
14776533,ca8,18-1439
409847,ca8,95-3996
1268229,ca8,86-2466
64023084,ca8,No. 95-1498
6170100,ca8,16-4546
2902456,ca8,07-2920
2904315,ca8,09-1095
60038117,ca8,20-1832
1538534,ca8,06-3626
730586,ca8,71-1543
1055473,ca8,95-3587
338483,ca8,84-2245
2398479,ca8,81-1801
829055,ca8,89-2145
961861,ca8,98-3392
2260271,ca8,85-5159
2485333,ca8,86-2014
594645,ca8,96-3514
66104383,ca8,No. 5698
2893060,ca8,03-3743
3023190,ca8,15-1090
2904727,ca8,08-1078
70275827,ca8,24-2082
63982247,ca8,No. 13073
764964,ca8,13-1756
2008788,ca8,03-3954
66207077,ca8,No. 84-1589
1391878,ca8,94-4051
66153307,ca8,"Nos. 17856, 17857"
1379999,ca8,83-2094
456308,ca8,83-2329
66098324,ca8,No. 5536
2875929,ca8,96-1417
63930935,ca8,No. 8123
2878905,ca8,98-1277
2889206,ca8,02-3743
2449606,ca8,96-3075
2888586,ca8,"02-1433, 02-1443"
2469327,ca8,89-3035
702637,ca8,00-2210
6061654,ca8,15-3299
924950,ca8,94-3434
1382468,ca8,12-3375
992467,ca8,8090
66140105,ca8,No. 887
829882,ca8,01-2250
245562,ca8,74-1331
16136614,ca8,18-1522
1027747,ca8,94-1544
1071133,ca8,84-1227
63969074,ca8,No. 431 Orig
938074,ca8,80-1077
872827,ca8,98-3156
66055395,ca8,"No. 3,031"
1548471,ca8,08-1088
63931045,ca8,No. 8213
2885464,ca8,01-1856
8447021,ca8,18-2529
508733,ca8,89-5260
63924280,ca8,No. 7170
14552049,ca8,18-1212
551382,ca8,94-3186
429881,ca8,83-1619
63921940,ca8,No. 6694
2885166,ca8,00-3847
17302656,ca8,19-1004
791329,ca8,80-2147
1040041,ca8,94-1246
66057249,ca8,"No. 3,050"
1317205,ca8,09-1970
2883446,ca8,00-1109
2894719,ca8,04-3118
2876189,ca8,96-3024 to 96-3026
63738367,ca8,No. 6246
2891366,ca8,03-2760
2652726,ca8,14-1253
949300,ca8,80-1014
1041798,ca8,94-2066
2164184,ca8,89-1084
234272,ca8,11267
2126775,ca8,93-2966
66046188,ca8,"No. 2,360"
7693064,ca8,17-2565
997175,ca8,89-2008
18757070,ca8,19-2369
1961639,ca8,04-3167
959233,ca8,13699
500045,ca8,85-1066
2874452,ca8,95-3039MN
1957008,ca8,93-2044
1110848,ca8,05-1780
699055,ca8,18245_1
2496964,ca8,79-1950
1093785,ca8,20410_1
778579,ca8,06-4216
2874015,ca8,95-2398
431482,ca8,83-1467
63928895,ca8,No. 7820
1324844,ca8,97-3843
887880,ca8,72-1114
63988805,ca8,No. 13619
473221,ca8,09-2977
2547478,ca8,9724
2153350,ca8,87-2535
66042725,ca8,"No. 2,236"
66135407,ca8,No. 668
1099693,ca8,7039
1112132,ca8,82-2475
2885853,ca8,"00-1518, 00-1520"
2905176,ca8,08-2194
66242181,ca8,No. 88-1475
63997533,ca8,No. 14870
1038709,ca8,7892
66106887,ca8,No. 5910
670701,ca8,17812
66147381,ca8,"No. 1,247"
2120118,ca8,92-2577
66170265,ca8,No. 73-1384
3008721,ca8,15-2388
997148,ca8,89-2148
2876971,ca8,96-3261
63936058,ca8,No. 8951
969286,ca8,1614
1284974,ca8,16485 and 16486
2902207,ca8,07-2591
66100911,ca8,No. 5477
1414536,ca8,87-1568
67597711,ca8,22-2247
1100738,ca8,12370
1519561,ca8,93-2535
65639522,ca8,22-1967
539004,ca8,92-2891MN
66207883,ca8,No. 83-2519
66189188,ca8,No. 79-1081
29081994,ca8,19-1836
66044465,ca8,"No. 2,390"
731559,ca8,04-2756
17070410,ca8,19-1693
466482,ca8,12-1242
66045521,ca8,"No. 2,494"
321343,ca8,14822_1
64020468,ca8,No. 94-3715
63995239,ca8,No. 14176
2888102,ca8,01-3700
930086,ca8,91-3679
2886766,ca8,01-3847
2897547,ca8,05-1588
2890038,ca8,02-3559
2874791,ca8,94-3714
66178285,ca8,No. 74-1569
64010720,ca8,No. 17087
69355618,ca8,"22-2979, 22-3067"
500443,ca8,88-2456
66244266,ca8,No. 88-2071
2145251,ca8,90-5084
4126344,ca8,15-1690
2885865,ca8,01-2955
66238301,ca8,"Nos. 87-2489, 87-2596"
737899,ca8,01-2199
66784449,ca8,21-3755
16510637,ca8,18-3629
2181900,ca8,78-1554
399443,ca8,95-2009
716329,ca8,20156
2897963,ca8,04-4127
523750,ca8,92-3219
487661,ca8,77-1288
66055261,ca8,"No. 3,092"
1066592,ca8,82-2471
8345602,ca8,17-3683
728102,ca8,03-2251
2885572,ca8,01-2838
2882173,ca8,99-2633
60073695,ca8,20-2170
1134345,ca8,9258
2671894,ca8,15-1083
672167,ca8,97-3394
65659629,ca8,No. 10-1340
340840,ca8,90-1170
17001948,ca8,18-3487
2887676,ca8,02-1577
66073628,ca8,No. 4050
66040796,ca8,"No. 2,220"
1506786,ca8,94-1755
1105355,ca8,81-2259
2881583,ca8,98-3025
3067637,ca8,15-1365
26436698,ca8,20-1837
2885168,ca8,01-1128
2902113,ca8,07-3611
64026638,ca8,"Nos. 96-2606, 96-2671"
2900107,ca8,06-1683
445039,ca8,98-1148
364941,ca8,93-2446
66108294,ca8,No. 5974
2281177,ca8,14850_1
1129880,ca8,92-2135
203456,ca8,03-3191
832748,ca8,90-2967EM
66215405,ca8,"Nos. 84-1674, 84-1675, 84-1719 to 84-1721 and 85-1593NE"
1297948,ca8,84-2025
64012239,ca8,No. 17357
818842,ca8,88-2036
661584,ca8,97-2987
603656,ca8,"94-4001, 95-1047"
895508,ca8,84-1650
2888701,ca8,02-3997
65926423,ca8,"Nos. 06-3271, 06-3352"
66634089,ca8,22-1478
1135814,ca8,"84-1519, 84-1574"
2874063,ca8,95-2675
2348870,ca8,91-3753
2878583,ca8,98-2797
700993,ca8,"00-2557, 00-2765"
351901,ca8,73-1423
2904564,ca8,08-2809
66191463,ca8,"Nos. 81-1249, 81-1302"
221871,ca8,81-1675
1580590,ca8,07-2608
739859,ca8,"01-2731, 01-2732, 01-3787 and 02-1422"
2891181,ca8,03-2646
63970846,ca8,No. 11658
2175027,ca8,80-1613
15722437,ca8,18-1327
2474634,ca8,88-1015
63569673,ca8,21-1489
66136953,ca8,No. 739
4574100,ca8,16-1065
2899187,ca8,06-2385
63569672,ca8,21-1711
776364,ca8,"05-4146, 05-4156"
752070,ca8,83-1263
2010231,ca8,81-1400
4565044,ca8,16-2199
994681,ca8,9319
1924841,ca8,92-3491
66753609,ca8,22-2075
2901925,ca8,07-2555
66133335,ca8,No. 526
2306917,ca8,94-3976
2876362,ca8,95-3829
2887754,ca8,02-1849
65655269,ca8,No. 02-1161
742991,ca8,01-3952
1180642,ca8,04-4184
7306365,ca8,17-1377
66097853,ca8,No. 4902
817505,ca8,88-1386
59921935,ca8,20-2782
2899856,ca8,06-1477
59899949,ca8,20-1459
768255,ca8,81-2400
465649,ca8,15133_1
650185,ca8,90-2816
66191320,ca8,"Nos. 81-1206, 81-1264"
63975096,ca8,"Nos. 12199, 12200"
1010752,ca8,91-2821
2903071,ca8,07-3873
650697,ca8,90-2009
442221,ca8,79-1741
2908600,ca8,12-3712
654240,ca8,14774_1
2907827,ca8,11-3693
543083,ca8,75-1744
2237224,ca8,90-1378
55175,ca8,08-2959
2894844,ca8,04-1807
1325019,ca8,97-2460
2889284,ca8,02-2502
67857668,ca8,23-1142
609931,ca8,95-3028
2874663,ca8,95-4196
715386,ca8,"98-3703, 98-3705 and 98-4201"
2876250,ca8,96-3849
63967512,ca8,No. 11347
830759,ca8,90-5375
787888,ca8,90-5205
66100204,ca8,No. 5508
63550004,ca8,21-3919
1126615,ca8,97-2887
879728,ca8,"83-1554, 83-1555"
2873712,ca8,95-2729
363939,ca8,93-2875
2902397,ca8,07-2274
483428,ca8,78-1599
808300,ca8,96-3260
60050900,ca8,20-2539
752824,ca8,05-4220
552563,ca8,94-3514
68014359,ca8,22-3624
66191318,ca8,No. 81-1990
25954,ca8,14463_1
828386,ca8,89-3022
2611932,ca8,14-2115
2896587,ca8,05-1379
6292721,ca8,16-4559
17137134,ca8,19-3110
2000851,ca8,81-1731
2652203,ca8,14-1763
2881268,ca8,99-2197NI
66215931,ca8,No. 85-5303
65733364,ca8,No. 08-2949
2899865,ca8,05-4409
859566,ca8,96-1476SI
736989,ca8,05-3117
451477,ca8,90-5202
1533228,ca8,88-1050
66209949,ca8,"Nos. 84-1814, 84-2045"
66057282,ca8,"No. 3,064"
455409,ca8,83-2051
780667,ca8,06-2787
141569,ca8,12-4003
2903411,ca8,07-2690
733179,ca8,04-3919
296393,ca8,16362
2878268,ca8,97-4280
2902565,ca8,06-4011
15844200,ca8,18-2430
987343,ca8,87-2515
1071873,ca8,98-3941
2898281,ca8,05-1279
1200705,ca8,74-1097
63738309,ca8,No. 6670
2610031,ca8,14-1540
65684182,ca8,No. 05-1284
63929772,ca8,No. 8154
1083809,ca8,80-1116
1014658,ca8,81-1393
2880750,ca8,98-3261
1636215,ca8,82-1302
2903410,ca8,07-3130
778870,ca8,06-2677
583911,ca8,97-4287
66067840,ca8,"No. 3,728"
730963,ca8,03-4082
2053598,ca8,88-2432
97795,ca8,84-1495
2334276,ca8,94-1663
2274489,ca8,05-1355
131319,ca8,85-1523
66141006,ca8,No. 912
1580854,ca8,11-2736
1313607,ca8,94-4105
162883,ca8,94-2553
16829739,ca8,19-2115
2899059,ca8,06-2158
2905219,ca8,08-1616
2348824,ca8,95-1946
2883825,ca8,00-3878
1366236,ca8,83-1700
521373,ca8,85-5392
2863716,ca8,15-1159
64286417,ca8,No. 02-2515
2316646,ca8,97-1494
2880618,ca8,98-3637
186940,ca8,17590_1
414730,ca8,75-1460
2900762,ca8,06-3986
922763,ca8,08-2978
520886,ca8,08-2824
68006516,ca8,23-1702
1851618,ca8,84-2534
2902382,ca8,07-2843
2873963,ca8,95-1155
63960586,ca8,No. 10618
739012,ca8,01-2619
7842323,ca8,17-3368
64002423,ca8,No. 15756
2880413,ca8,98-4119
66109349,ca8,"Nos. 5924, 5925"
65663239,ca8,No. 18-2074
2905696,ca8,09-2291
2888144,ca8,02-2442
521250,ca8,04-1684
66026060,ca8,"No. 1,465"
305856,ca8,09-1454
8342406,ca8,17-2568
64002357,ca8,"Nos. 15659, 15660"
66172555,ca8,No. 73-1621
238670,ca8,12-1878
8152786,ca8,18-1448
1130465,ca8,90-1197
66031477,ca8,"Nos. 1,719, 1,720"
2875181,ca8,96-2220
142991,ca8,"05-3296, 05-3428, 05-3456"
2899672,ca8,06-1629
1046550,ca8,94-2068
253194,ca8,89-2601
550395,ca8,94-2224
1127356,ca8,91-1864
64019789,ca8,No. 94-1744
963199,ca8,85-1928
2493074,ca8,11-2077
63981502,ca8,No. 13156
66212164,ca8,"Nos. 84-2464, 84-2465 and 84-2529"
2881385,ca8,99-1164
293803,ca8,09-3856
2884535,ca8,00-3995
110227,ca8,10-1789
2906885,ca8,10-2326
1537308,ca8,08-3561
488055,ca8,86-2512
2621108,ca8,14-1284
649771,ca8,90-5176MN
2885566,ca8,00-4079
2898810,ca8,05-3812
66761310,ca8,21-2806
1275653,ca8,16880_1
178754,ca8,85-1466
3038759,ca8,15-1274
2275668,ca8,95-1476
66106240,ca8,No. 5834
66190800,ca8,No. 80-1246
66170632,ca8,No. 73-1610
1228974,ca8,94-1338
1315575,ca8,86-1423
240484,ca8,13-1779
95213,ca8,78-1475
2188312,ca8,94-1305
2004478,ca8,88-1036
63946089,ca8,No. 9541
2891855,ca8,03-1409
4557648,ca8,15-3237
732240,ca8,06-3728
529395,ca8,92-3523
2888439,ca8,"02-2088, 02-2089"
66095136,ca8,No. 5358
1120508,ca8,13-3621
2889696,ca8,03-1345
2894874,ca8,04-2810
3065956,ca8,12-3753
2877908,ca8,97-1393
66137433,ca8,No. 737
271614,ca8,88-2145
66181959,ca8,No. 76-2109
2899106,ca8,06-2397
63996602,ca8,No. 14458
66082508,ca8,No. 4651
587102,ca8,75-1763
420093,ca8,76-1890
2899959,ca8,06-1273
772741,ca8,83-1298
2892431,ca8,03-3376
2896743,ca8,04-4032
337276,ca8,10-3487
816654,ca8,87-2198
302615,ca8,20670
221987,ca8,83-2624
66125130,ca8,No. 76
66170009,ca8,"Nos. 73-1019, 73-1073"
65758141,ca8,21-3791
959714,ca8,9948
1082237,ca8,12-1885
65688574,ca8,No. 10-2738
2877597,ca8,96-2989
68205096,ca8,23-2449
65661130,ca8,"Nos. 13-3581, 13-3582, 13-3666"
66069623,ca8,"Nos. 3,854, 3,855"
66757508,ca8,22-2080
66051257,ca8,"No. 2,922"
2882042,ca8,99-3484
2894365,ca8,03-3964
16181318,ca8,18-2181
1050937,ca8,95-1234
653567,ca8,90-5188
2902449,ca8,07-2905
1337235,ca8,89-2310
2893774,ca8,04-1698
1055319,ca8,95-1136
674573,ca8,17163
462537,ca8,91-3407
66052486,ca8,"No. 2,794"
2903421,ca8,08-2212
63999275,ca8,No. 15235
1582898,ca8,95-1912
2446471,ca8,09-3774
7648207,ca8,17-2771
2199629,ca8,79-1389
222082,ca8,81-1628
372292,ca8,92-2295
66236282,ca8,No. 87-1856
65959929,ca8,No. 14-3462
1563397,ca8,07-1422
2885257,ca8,01-1930
171255,ca8,10-2048
715577,ca8,15504
357490,ca8,09-3308
1510372,ca8,97-1469
66744031,ca8,22-2126
1139431,ca8,95-2640
66230229,ca8,No. 86-5417
531473,ca8,12-1382
717545,ca8,99-1627WM
293962,ca8,20029_1
2890112,ca8,02-3541
66240668,ca8,No. 88-1978
1688429,ca8,87-2624
66189284,ca8,No. 79-2013
831195,ca8,90-1780
976614,ca8,11920
726617,ca8,03-3214
1145818,ca8,92-3864
348797,ca8,92-2363
310110,ca8,12-2202
730686,ca8,03-3441
2906033,ca8,09-1761
63973595,ca8,No. 12080
971046,ca8,11958
2878962,ca8,97-1825
360860,ca8,91-1483
1145280,ca8,85-1625
201765,ca8,"02-2232, 02-2427"
61984,ca8,04-2246
755170,ca8,10-3753
191269,ca8,19948
2873664,ca8,94-2064
485445,ca8,77-1130
66242290,ca8,No. 87-2369
15424143,ca8,18-2295
66182439,ca8,No. 77-1714
812472,ca8,07-3598
66179756,ca8,No. 76-1268
2901674,ca8,06-3725
2884505,ca8,00-1115
2897988,ca8,04-2771
2886009,ca8,01-3927
372660,ca8,17028
554370,ca8,80-1957
1670576,ca8,96-1911
1253532,ca8,91-1872
2890000,ca8,03-1125
66054833,ca8,"No. 2,857"
361985,ca8,93-1099
66275370,ca8,No. 91-3039
2903631,ca8,08-2560
17052501,ca8,18-2185
15646,ca8,97-2286
886203,ca8,10-2118
14883895,ca8,18-1463
2898982,ca8,06-2036
67519590,ca8,22-3552
2681359,ca8,14-1034
840721,ca8,92-1697
518683,ca9,10-15764
409188,ca9,"03-73648, 04-35048"
67886546,ca9,23-55448
517599,ca9,07-17120
937647,ca9,603
1513604,ca9,15418
64284506,ca9,No. 01-15431; D.C. No. CV-96-01110-EJG
16234343,ca9,17-56330
821927,ca9,88-2919
1421974,ca9,94-50607
4423257,ca9,15-15241
824805,ca9,87-6383
63974453,ca9,No. 9842
641755,ca9,17692_1
1499558,ca9,84-7075
647547,ca9,14522
65718144,ca9,No. 05-74763
598730,ca9,22811_1
64030071,ca9,"Nos. 96-50076, 96-50079"
65935281,ca9,No. 07-74758
2120296,ca9,80-3243
1139881,ca9,16463
1496297,ca9,84-1913
1713513,ca9,83-5572
1013818,ca9,91-35801
65894531,ca9,No. 04-17087
65895284,ca9,No. 05-35394
550899,ca9,1175
1386750,ca9,92-30367
65718217,ca9,No. 06-75446
3050974,ca9,11-70674
764584,ca9,79-4825
60003495,ca9,20-15175
1020579,ca9,92-15894
663595,ca9,24279_1
69187224,ca9,23-15165
65953692,ca9,No. 06-35863
63957281,ca9,No. 7799
65911499,ca9,No. 05-76140
64279722,ca9,No. 00-55997; D.C. No. CV-97-02589-LGB
63633427,ca9,No. 9027
527889,ca9,06-55867
2151613,ca9,94-70266
63596178,ca9,15-73423
66179458,ca9,No. 75-3713
64001341,ca9,No. 14701
65666928,ca9,No. 02-55225; D.C. No. CV-00-06348-GHK
2908162,ca9,05-35383
165043,ca9,06-30447
66029528,ca9,No. 627
65684206,ca9,No. 03-15722; D.C. No. CV-01-03668-PJH
65888890,ca9,No. 04-55836
2895260,ca9,05-50597
64021383,ca9,"Nos. 92-56119, 92-56312"
878876,ca9,10-71751
1412520,ca9,79-1579
69497876,ca9,24-12
16835732,ca9,18-35072
332466,ca9,83-1147
65668037,ca9,"No. 01-70671; INS Nos. A74-796-356, A74-796-357"
65683690,ca9,No. 02-50248; D.C. No. CR-89-00189-CBM-01
64280716,ca9,No. 01-71220; Tax Ct. No. 134-99
282459,ca9,86-3143
65714932,ca9,No. 06-75800
18536708,ca9,18-73505
1027162,ca9,93-50417
4486286,ca9,14-17497
64202622,ca9,No. 00-55519; D.C. No. CV-98-07763-NMM
854538,ca9,94-70359
65656929,ca9,"Nos. 02-50600, 02-50660"
582499,ca9,95-17250
66674,ca9,94-55027
63955589,ca9,No. 7339
2241286,ca9,78-2645
1281767,ca9,84-7112
65891372,ca9,No. 04-75110
323048,ca9,90-70139
600733,ca9,09-10394
2642653,ca9,13-73487
65659625,ca9,No. 08-15943
16240369,ca9,16-56879
66080495,ca9,No. 2576
17235169,ca9,19-16268
938101,ca9,"79-1269, 79-1270"
65708242,ca9,No. 08-71862
63669185,ca9,"Nos. 1,932, 1,947"
1149667,ca9,83-2208
651259,ca9,81-1138
876596,ca9,10-17890
2114409,ca9,97-16214
328853,ca9,01-50610
1335124,ca9,25634
322170,ca9,90-15095
1837029,ca9,85-6144
60112741,ca9,20-35699
64166958,ca9,No. 00-35505; D.C. No. CV-99-781-HA
65890688,ca9,No. 06-30016
65950102,ca9,No. 07-55088
65683476,ca9,No. 03-73272
65912675,ca9,No. 06-50398
1216364,ca9,02-35881
1559346,ca9,96-50033
4618556,ca9,15-56018
145767,ca9,98-35617
2890457,ca9,03-16218
63974540,ca9,No. 10064
2493764,ca9,85-4333
841315,ca9,91-10439
620473,ca9,04-55831
2475824,ca9,76-1825
67231129,ca9,22-104
2124087,ca9,94-70421
63945474,ca9,No. 6963
2908088,ca9,06-35349
2190199,ca9,21904_1
65956148,ca9,No. 08-50113
65886191,ca9,No. 04-16895
2889888,ca9,08-55364
1046927,ca9,93-56338
63954077,ca9,No. 7641
1071905,ca9,96-17315
65692286,ca9,No. 04-72355
66040434,ca9,"No. 1,145"
46320974,ca9,19-70966
586018,ca9,74--2315
14300600,ca9,18-55530
542648,ca9,93-15092
325215,ca9,93-70274
2444321,ca9,09-50246
65698204,ca9,No. 05-10247
17446959,ca9,18-71184
305878,ca9,73-2503
982996,ca9,36-3_5
1519626,ca9,77-3510
2886908,ca9,06-35988
2923452,ca9,12-71444
65718107,ca9,No. 06-72779
24273,ca9,19-55628
1565477,ca9,82-5597
66212171,ca9,"Nos. 83-7973, 84-7093"
714542,ca9,24255_1
527242,ca9,11-36012
64032472,ca9,"Nos. 95-10438, 95-10446, 95-10447 and 96-10007"
1544385,ca9,06-74297
16098987,ca9,17-56694
63971035,ca9,No. 9351
95820,ca9,86-2656
65670399,ca9,No. 03-15794; D.C. No. CV-01-01577-ROS
1601953,ca9,08-35312
766567,ca9,26451
2484698,ca9,75-3380
6875044,ca9,17-35258
66159628,ca9,No. 22197
65703597,ca9,No. 06-71166
1250573,ca9,10-50441
538430,ca9,93-30252
660660,ca9,77-2072
2475870,ca9,91-16891
67390122,ca9,18-70237
250781,ca9,76-1005
65717324,ca9,No. 05-76388
391404,ca9,06-35669
59951838,ca9,19-16184
65670566,ca9,No. 03-55775
61619878,ca9,20-72542
14570440,ca9,16-35939
65727968,ca9,No. 08-50387
512846,ca9,06-70210
64288089,ca9,No. 02-30181
2615054,ca9,13-16502
1252020,ca9,95-17379
171902,ca9,10-36031
1853376,ca9,08-72993
2134339,ca9,09-73606
65706374,ca9,No. 06-71625
65714982,ca9,No. 08-35103
65669952,ca9,No. 03-15094; D.C. No. CV-98-20887-RMW
65909916,ca9,No. 07-72098
804033,ca9,85-6094
2483010,ca9,25914
63937904,ca9,No. 6143
1622208,ca9,7794
2441649,ca9,07-15061
2669323,ca9,13-10533
1047382,ca9,10090
60287305,ca9,20-15860
2418320,ca9,85-3152
2665434,ca9,13-35753
754462,ca9,95-16968
15734434,ca9,18-16393
66650969,ca9,No. 4184
68390118,ca9,19-72855
1396220,ca9,79-3148
19879877,ca9,19-55846
3046296,ca9,14-70051
1056712,ca9,95-10255
970300,ca9,85-1648
56286,ca9,72-3114
69452441,ca9,23-4006
981075,ca9,87-2749
4541797,ca9,15-35544
2276600,ca9,83-5905
1017411,ca9,92-50006
65671462,ca9,No. 03-30047
1012686,ca9,90-55250
1069001,ca9,"83-5665, 83-5866"
227753,ca9,14039
66176501,ca9,No. 74-3379
65685193,ca9,No. 03-30072
4685192,ca9,13-35288
68016435,ca9,22-168
767927,ca9,72-2972
65714019,ca9,"Nos. 07-16533, 08-15102"
65698961,ca9,No. 05-35888
50337,ca9,"02-56256, 02-56390"
168174,ca9,10-99020
18440711,ca9,19-16866
573501,ca9,"06-56325, 06-56406"
1309820,ca9,82-1074
945806,ca9,96-35866
1096695,ca9,89-35590
63237921,ca9,16-70888
155062,ca9,14324
184594,ca9,17184
2461889,ca9,08-72880
323696,ca9,14194
4551483,ca9,15-10517
94957,ca9,09-35685
60083281,ca9,17-73005
949790,ca9,"72-1577, 72-1589"
65682614,ca9,No. 03-70022; Agency No. A76-858-429
64202579,ca9,"Nos. 00-56548, 00-56683. D.C. No. CV-99-12107-JWM"
60027,ca9,75-1429
64156887,ca9,No. 99-17428; D.C. No. CV-98-21023-JF
68390998,ca9,23-55030
65698102,ca9,No. 04-17103
65677320,ca9,No. 03-30525
1688258,ca9,75-1533
66188322,ca9,No. 78-2002
1016935,ca9,08-50529
18436028,ca9,18-56385
149703,ca9,94-16434
1342375,ca9,74-2882
17356138,ca9,17-73303
17335103,ca9,19-35008
1113798,ca9,99-15645
65963791,ca9,No. 15-15761
60202752,ca9,20-15724
59798685,ca9,17-72563
57332,ca9,12-30259
726078,ca9,91-10218
2922571,ca9,08-35045
63979485,ca9,No. 10435
1409235,ca9,93-70248
1384859,ca9,02-35536
65895691,ca9,No. 05-71270
64064631,ca9,No. 97-17398
65671508,ca9,No. 03-35099; D.C. No. CV-96-00118-EJL
64283604,ca9,No. 01-30191; D.C. No. CR-00-00484-RSL
2174105,ca9,86-5297
14527800,ca9,17-55845
697046,ca9,97-70595
65714624,ca9,No. 06-72574
234299,ca9,14701_1
2291980,ca9,90-10034
845513,ca9,09-55362
493390,ca9,12-72518
952403,ca9,96-30083
336982,ca9,91-10611
65907108,ca9,No. 06-30505
66116178,ca9,No. 4142
65961196,ca9,No. 13-70004
60393884,ca9,20-10190
65681328,ca9,No. 02-73138; Agency No. A41-180-825
66070483,ca9,"No. 2,145"
1057211,ca9,14228
64158731,ca9,"Nos. 00-30128, 00-30129; D.C. Nos. CR-99-00036-a-HRH, CR-99-00036-2-a-HRH"
2291068,ca9,76-3153
64023092,ca9,No. 93-17233
920925,ca9,21686_1
64187711,ca9,No. 99-56513; D.C. No. CV-98-3138-NM (Mcx)
367697,ca9,26022
1237191,ca9,91-35157
2491234,ca9,92-55690
67481035,ca9,23-55489
2595363,ca9,11-73228
2084756,ca9,85-2272
66026048,ca9,No. 617
67714663,ca9,22-56071
4116843,ca9,14-70499
870749,ca9,97-35161
1394919,ca9,84-1050
219429,ca9,79-1379
1178991,ca9,95-17428
65892445,ca9,No. 05-17357
65671886,ca9,"No. 03-15651; D.C. Nos. CV-02-02330-WBS, CR-97-00054-WBS"
64155897,ca9,No. 97-35713; D.C. No. CV-96-593-FVS
2888219,ca9,07-50351
65655921,ca9,"No. 02-55082, 02-55083"
582677,ca9,12233
1290113,ca9,83-5518
2251251,ca9,96-30190
2597317,ca9,"09-73798, 10-72626"
65703076,ca9,No. 06-15567
710988,ca9,97-17147
64163543,ca9,No. 00-16132; D.C. No. CV-99-02209-CW
65690801,ca9,No. 04-56940
2887339,ca9,08-56084
16848716,ca9,18-70751
64284067,ca9,No. 01-56704; D.C. No. CV-96-01431-RMB
65668891,ca9,"Nos. 01-17268, 02-16608; D.C. No. CV-99-01585-JAT"
16819619,ca9,17-70852
757826,ca9,76-1180
731064,ca9,03-10699
64165282,ca9,No. 00-16298; D.C. No. CV-96-20999-JW
1027346,ca9,93-10670
66038381,ca9,"No. 1,030"
2363737,ca9,6653
364936,ca9,24450
535554,ca9,93-10178
1151420,ca9,"13-30125, 13-30127"
806676,ca9,86-2383
2990133,ca9,15-50196
1132035,ca9,75-3563
65724314,ca9,No. 08-71116
148534,ca9,12-73525
2275874,ca9,20789_1
582001,ca9,12-50387
4557441,ca9,15-35169
359143,ca9,90-16460
64048138,ca9,No. 97-15005
238655,ca9,"08-56040, 08-57068"
8509713,ca9,17-50394
352534,ca9,93-16467
5146048,ca9,15-16101
916271,ca9,11-15167
65705313,ca9,No. 07-30454
1456192,ca9,94-55426
65688334,ca9,No. 02-72519
292682,ca9,89-15502
1934020,ca9,94-50137
957632,ca9,92-50373
2888980,ca9,03-16573
63889317,ca9,21-30248
6316969,ca9,16-15598
29100079,ca9,19-71826
1026136,ca9,91-16515
2307550,ca9,09-56321
65680795,ca9,No. 03-35379. D.C. No. CV-02-00136-PA
69625371,ca9,23-4240
64287293,ca9,No. 02-10164; D.C. No. CR-01-00262-VRW
68091110,ca9,22-1091
2503717,ca9,08-56210
2173195,ca9,94-10167
593553,ca9,11-15059
1044097,ca9,8533
64270921,ca9,No. 01-16825; D.C. No. CV-00-00331-DFL
2175825,ca9,74-1546
65707318,ca9,No. 06-15361
603856,ca9,95-35308
2923439,ca9,11-73915
922790,ca9,09-30013
171304,ca9,06-16716
63988483,ca9,No. 11418
673727,ca9,17586
530599,ca9,10-50203
66178683,ca9,"Nos. 73-1852, 73-2734, 73-2802, 73-3333 and 73-3334"
64164913,ca9,No. 99-56076; D.C. No. CV-97-00750-RMB
2415704,ca9,83-5115
3026858,ca9,13-70156
461208,ca9,11-15576
1526891,ca9,83-1623
979725,ca9,86-15027
16202110,ca9,15-73115
65908796,ca9,No. 05-56414
63959400,ca9,No. 8391
65712290,ca9,No. 06-70932
67893007,ca9,21-670
6226845,ca9,16-10510
2658964,ca9,14-50029
65722368,ca9,No. 08-50499
64280142,ca9,No. 01-50270; D.C. No. CR-00-03206-IEG
65684446,ca9,No. 03-57245
65679431,ca9,No. 03-70838
6084022,ca9,15-55660
2458005,ca9,10-72989
523291,ca9,85-5051
2187480,ca9,75-1473
65710912,ca9,No. 07-30471
6061074,ca9,15-50495
64283770,ca9,No. 01-56138; DC CV-98-02036-WFN
63888363,ca9,20-30231
629955,ca9,18929
64165226,ca9,No. 00-15448; D.C. No. CV-99-00379-RGS
504565,ca9,89-15299
1245696,ca9,10-70951
3035734,ca9,15-30007
57327,ca9,90-50345
1750851,ca9,11-10143
66043630,ca9,"No. 1,291"
65729609,ca9,No. 07-35686
426326,ca9,91-50039
2911165,ca9,09-55124
65955030,ca9,No. 06-55518
1961584,ca9,00-10238
358261,ca9,21129_1
547674,ca9,93-50127
195114,ca9,12519_1
803753,ca9,08-17511
730947,ca9,03-55667
1038518,ca9,93-16802
1448417,ca9,84-6041
16512629,ca9,18-73327
870724,ca9,97-15742
3068724,ca9,15-16927
720934,ca9,96-55194
65718603,ca9,No. 07-17267
2212669,ca9,83-1176
1007047,ca9,89-55647
1504376,ca9,96-10113
1099477,ca9,92-36946
707271,ca9,22834_1
2652557,ca9,14-30088
65909485,ca9,No. 05-50688
65685962,ca9,No. 03-16144
187284,ca9,79-7046
59857645,ca9,19-17452
65720553,ca9,No. 08-15823
700359,ca9,25229
6079828,ca9,16-30191
3089147,ca9,13-70874
2628833,ca9,13-35431
63926363,ca9,No. 5024
66192709,ca9,No. 81-3275
65953867,ca9,No. 07-35235
65961790,ca9,No. 13-60118
1455352,ca9,11-70012
823507,ca9,89-50231
64108599,ca9,No. 00-10359; D.C. No. CR-00-00066-HDM
4419390,ca9,12-56258
832976,ca9,89-56105
2908035,ca9,05-56533
217845,ca9,94-16234
845908,ca9,92-50599
1241325,ca9,"00-10170, 00-30189"
293220,ca9,89-35010
1360158,ca9,76-2537
66216106,ca9,"Nos. 84-2840, 84-2857"
65890000,ca9,No. 04-76035
1047117,ca9,93-70832
60658164,ca9,16-73046
59250403,ca9,18-35973
65673563,ca9,No. 02-73934; Agency No. A72-691-061
63669936,ca9,No. 3815
732654,ca9,03-70630
65711590,ca9,No. 05-70078
65658716,ca9,No. 05-55604
1260593,ca9,80-3164
65963786,ca9,No. 14-35197
692673,ca9,98-55752
2452261,ca9,06-70921
776323,ca9,73-2014
508596,ca9,89-10256
63981160,ca9,"Nos. 10784, 10785"
67783913,ca9,22-35767
2661415,ca9,13-35490
1068037,ca9,97-35405
940366,ca9,95-16737
152006,ca9,15280
65717902,ca9,No. 05-76300
65911712,ca9,No. 07-10099
1039679,ca9,11-71458
1891567,ca9,10-17896
66242354,ca9,No. 87-2204
1009889,ca9,89-16209
1110602,ca9,11-10308
69437876,ca9,23-4123
65909729,ca9,No. 06-72878
412123,ca9,87-1853
721088,ca9,98-56062
743555,ca9,"03-10067, 03-10071"
220041,ca9,06-71968
60672210,ca9,20-35823
65705652,ca9,No. 07-15566
477925,ca9,77-1136
2032790,ca9,07-73463
65701682,ca9,No. 08-30074
59904958,ca9,19-71665
4484573,ca9,15-50167
68108,ca9,82-4674
65684859,ca9,No. 03-71866
66027856,ca9,No. 629
2608500,ca9,14-10114
63980717,ca9,No. 10911
61538652,ca9,20-73516
4995,ca9,19-55278
65701112,ca9,No. 04-75964
26071,ca9,20-1035
845425,ca9,10-50363
65683640,ca9,No. 03-16610; D.C. No. CV-02-00459-ACK/LEK
59927056,ca9,20-10107
65703598,ca9,No. 06-71166
65682246,ca9,No. 03-50483
561652,ca9,90-10635
2922982,ca9,08-71498
65893288,ca9,No. 05-30256
66051032,ca9,"No. 1,531"
17235183,ca9,19-16589
65721026,ca9,No. 06-71337
17235181,ca9,18-70104
15051953,ca9,17-36040
63380662,ca9,16-73926
65888324,ca9,No. 06-15083
64285657,ca9,No. 01-50378; D.C. No. CR-00-00481-RMT
65683833,ca9,No. 02-35884; D.C. No. CV-00-00023-A-HRH
655037,ca9,23833
67779571,ca9,23-1146
1120351,ca9,90-55025
648084,ca9,88-7026
531736,ca9,07-15023
843969,ca9,90-35627
700970,ca9,11-35530
645599,ca9,13303_1
63964809,ca9,No. 8719
66730187,ca9,21-16560
301966,ca9,16626
6139868,ca9,15-56948
737498,ca9,04-70258
65706482,ca9,No. 07-74708
717554,ca9,96-50036
4572027,ca9,14-17288
1403116,ca9,83-1510
65889141,ca9,No. 05-72518
6263025,ca9,16-72008
64287454,ca9,No. 01-71307; Project No. 2150-021
1249023,ca9,81-7525
66194068,ca9,No. 83-3612
65684970,ca9,No. 03-35952
512504,ca9,89-10429
743334,ca9,01-56401
1034609,ca9,93-15160
465656,ca9,98-70848
65699903,ca9,No. 04-74514
65682703,ca9,No. 04-70490. Agency No. A79-279-456
802333,ca9,97-70116
65673066,ca9,No. 02-73508; Agency No. A76-377-763
392315,ca9,74-2922
293113,ca9,09-50600
7198835,ca9,16-35566
784635,ca9,"08-56314, 08-56315"
64284177,ca9,No. 02-10035; D.C. No. CR-01-00196-FRZ
675370,ca9,18537_1
341396,ca9,25605
2491689,ca9,83-7485
1046463,ca9,8191
65966222,ca9,"Nos. 14-70534, 14-71832"
65704759,ca9,No. 07-50406
16098990,ca9,15-73859
202903,ca9,75-2326
466980,ca9,04-55615
698926,ca9,79-2655
65918488,ca9,No. 05-17254
65661570,ca9,"Nos. 13-71276, 13-71487"
66185905,ca9,No. 75-1572
451074,ca9,99-35976
583522,ca9,12236_1
2645748,ca9,12-70779
4481929,ca9,14-16878
65909237,ca9,No. 06-50652
63960956,ca9,No. 8165
16207772,ca9,15-56304
17360227,ca9,19-70971
64286096,ca9,No. 02-55642; D.C. No. CV-99-02299-SVW
994804,ca9,6704
1019689,ca9,92-10278
65705257,ca9,No. 06-72941
551591,ca9,94-70074
65666161,ca9,No. 01-30133; D.C. No. CR-99-00145-HRH
763715,ca9,"77-3891, 77-3892"
65891934,ca9,No. 05-16531
1231229,ca9,91-50367
6347127,ca9,16-10501
449601,ca9,98-55551
1222949,ca9,86-1687
67622665,ca9,21-898
341090,ca9,91-10534
6316077,ca9,13-16464
65676514,ca9,No. 02-73523
63935591,ca9,No. 6343
174946,ca9,12594
487986,ca9,92-30479
322774,ca9,84-1722
67749726,ca9,22-55536
2911220,ca9,03-74442
1902011,ca9,10-36001
65674325,ca9,No. 03-35024
2444758,ca9,90-50662
64065535,ca9,No. 96-70808
222051,ca9,96-35982
65670395,ca9,No. 03-10201; D.C. No. CR-02-00399-PMP/RJJ
17065027,ca9,18-72024
548460,ca9,09-36028
64141457,ca9,No. 98-55052; D.C. No. CV-93-4268-IH
1180228,ca9,72-2855
65912680,ca9,No. 05-55352
665691,ca9,25521_1
65677522,ca9,No. 03-70643; Agency No. A75-259-223
790473,ca9,"99-99018, 00-99001"
591088,ca9,07-30186
65913447,ca9,No. 04-74384
380134,ca9,93-35673
2183013,ca9,09-10433
889960,ca9,75-3213
1356073,ca9,75-1416
6238615,ca9,"16-35245, 16-35256"
65730638,ca9,No. 07-70338
889757,ca9,11-15860
1416742,ca9,76-2025
626982,ca9,21659
64279981,ca9,No. 01-50560; D.C. No. CR-01-00286-MLR-01
1750675,ca9,89-30237
65680655,ca9,No. 03-50588; D.C. No. CR-03-01036-1-JML
66045657,ca9,"Nos. 1,320, 1,321"
65677484,ca9,No. 03-30472; D.C. No. CR-02-00438-RE
2229842,ca9,81-7018
65684867,ca9,No. 03-35965; D.C. No. CV-02-00837-TSZ
493559,ca9,06-74703
598806,ca9,08-72986
63967963,ca9,No. 8860
2921977,ca9,07-35046
1048385,ca9,94-55363
6310342,ca9,16-35236
2187536,ca9,12423
64286428,ca9,No. 01-16875; D.C. No. CV-00-00165-WDB
358076,ca9,91-70722
8495405,ca9,17-16828
64288324,ca9,No. 02-50310; D.C. No. CR-01-00933-GHK
65685723,ca9,No. 03-16482; D.C. No. CV-00-00637-ECR
1248267,ca9,10-71320
64281572,ca9,No. 01-35739; D.C. No. CV-01-00083-DWM
1072719,ca9,04-57007
3068237,ca9,14-15122
1030211,ca9,92-15882
65714468,ca9,No. 05-76786
65677321,ca9,No. 03-50054
632254,ca9,95-15090
65926248,ca9,No. 05-71600
1032057,ca9,93-30215
668614,ca9,23201_1
65685152,ca9,No. 03-16843
64008189,ca9,No. 16839
2181,ca9,17-35174
839044,ca9,90-15964
321573,ca9,89-70236
554591,ca9,77-1585
1020520,ca9,93-15422
68407916,ca9,19-16181
2308942,ca9,95-56430
735687,ca9,03-15045
65666165,ca9,No. 01-10460; D.C. No. CR-00-00610-PJH
65665404,ca9,No. 02-30374; D.C. No. CR-02-00029-SEH
65885888,ca9,No. 05-30470
88598,ca9,11-73298
852649,ca9,94-35413
63167802,ca9,21-70505
2891012,ca9,07-72594
1474696,ca9,10-16687
66056292,ca9,"No. 1,760"
163103,ca9,87-3024
14542602,ca9,18-10070
65716627,ca9,No. 04-72905
2922106,ca9,07-73549
66180071,ca9,No. 75-3376
65702454,ca9,No. 08-72938
2891945,ca9,07-10605
16964297,ca9,18-56320
2890224,ca9,06-56431
2677411,ca9,13-71919
65691312,ca9,No. 05-70202
684379,ca9,18216_1
124999,ca9,98-16025
973827,ca9,6985
565475,ca9,84-4430
66161956,ca9,No. 22962
1398655,ca9,85-2854
2634067,ca9,11-71333
400512,ca9,13-10192
1392794,ca9,77-2323
15692322,ca9,18-15996
6073991,ca9,16-55359
772663,ca9,71-1932
1317340,ca9,81-7191
65712091,ca9,No. 08-35077
211080,ca9,12-16345
519151,ca9,415_1
2485412,ca9,87-6051
65521934,ca9,No. 99-35542; D.C. No. CV-97-00725-MA
397940,ca9,85-4329
2173334,ca9,24943_1
592886,ca9,531_1
61616478,ca9,21-71120
150720,ca9,13-10448
3072455,ca9,13-70800
65907405,ca9,No. 06-55356
65693151,ca9,No. 03-50115
63330749,ca9,15-72966
63977074,ca9,No. 10312
414565,ca9,96-55269
614489,ca9,88-5472
2191236,ca9,91-55967
65910471,ca9,No. 04-73933
65682472,ca9,No. 03-35586
63930659,ca9,No. 5300
405036,ca9,74-1115
946957,ca9,95-16405
582509,ca9,97-15457
2923463,ca9,13-50247
1057176,ca9,95-16365
2652555,ca9,14-10047
2670354,ca9,13-35338
765699,ca9,97-55164
518642,ca9,96-35099
410376,ca9,94-30152
67630829,ca9,22-35069
1215215,ca9,83-7611
1303481,ca9,07-72046
414461,ca9,96-15434
6067848,ca9,16-71065
67867808,ca9,20-73589
664795,ca9,97-99035
582503,ca9,96-16157
738092,ca9,07-16290
839895,ca9,91-50826
65699459,ca9,No. 05-16161
3031600,ca9,14-35252
66075626,ca9,No. 2398
2408944,ca9,18910_1
66225333,ca9,No. 85-6128
65717107,ca9,No. 05-72217
65687911,ca9,No. 04-10557
2479847,ca9,09-72926
780184,ca9,06-30451
66250782,ca9,No. 88-6135
65896010,ca9,No. 06-15639
69422484,ca9,24-3497
55308,ca9,86-7415
2892310,ca9,07-55920
1009692,ca9,90-55252
202003,ca9,74--3019
650506,ca9,90-15693
3031059,ca9,14-70892
66735899,ca9,21-17120
737825,ca9,71-2399
738232,ca9,"99-71306, 00-70811"
1034728,ca9,92-36786
2242911,ca9,79-7200
491517,ca9,83-5500
777240,ca9,04-73812
608319,ca9,93-50671
4670278,ca9,16-50188
65674342,ca9,No. 02-70796
65702270,ca9,No. 06-16415
65678596,ca9,No. 03-71430
65722414,ca9,No. 05-76084
2144114,ca9,88-1926
980822,ca9,11584
2474647,ca9,10-71233
7887111,ca9,16-50413
64266074,ca9,No. 01-35988; D.C. No. CV-93-00012-DWM
70827283,ca9,24-3056
70895392,ca9,24-1427
666864,ca9,22681_1
65718754,ca9,No. 06-73888
2063256,ca9,93-50031
66192906,ca9,"Nos. 81-3444, 81-3448"
2922819,ca9,08-56296
65718625,ca9,No. 07-15151
64022389,ca9,No. 93-35963
98403,ca9,"71-2826, 71-2827"
1051250,ca9,94-70161
1887922,ca9,87-2556
3081523,ca9,14-72785
65894997,ca9,No. 05-72718
642521,ca9,12760_1
60094904,ca9,19-15917
65682479,ca9,No. 02-74261
65892171,ca9,No. 06-30146
18694797,ca9,19-17080
2237327,ca9,09-71901
6335313,ca9,15-72519
368825,ca9,93-17103
61332,ca9,11-35733
839412,ca9,91-16901
673334,ca9,17606_1
2050129,ca9,94-50426
2908369,ca9,05-10067
64229351,ca9,No. 00-71184; I & NS No. A70-781-001 A70-781-002
1169506,ca9,10-50553
765222,ca9,79-3666
66144841,ca9,No. 315
352427,ca9,94-35010
69464716,ca9,23-3561
276799,ca9,96-50229
66184606,ca9,No. 75-2865
65717505,ca9,No. 09-30054
749364,ca9,"72-2792, 72-2798"
65734767,ca9,No. 08-99004
18519225,ca9,19-15072
65714845,ca9,No. 07-16946
4116242,ca9,14-73472
64022168,ca9,"Nos. 93-35482, 93-35498 and 93-35509"
63961213,ca9,No. 8300
68181383,ca9,23-35061
590576,ca9,06-35021
16512637,ca9,19-15312
64066695,ca9,"Nos. 96-16172, 96-16284"
65668346,ca9,No. 02-16058
2891506,ca9,08-56516
18534,ca9,19-55981
847766,ca9,93-50477
1583410,ca9,136
61564366,ca9,20-71802
65684232,ca9,No. 03-35960; D.C. No. CV-03-00423-EFS
64097729,ca9,"Nos. 00-50749, 01-50042, 01-50155, 00-50750, 01-50151, 01-50446, 01-50030, 01-50157, 01-50432"
1102237,ca9,81-5431
65935757,ca9,No. 06-75287
189212,ca9,21620_1
663948,ca9,98-35516
64109153,ca9,No. 99-56317; D.C. No. CV-98-0434-MRP
1172825,ca9,12-55481
65685329,ca9,No. 04-50238
63999461,ca9,No. 13959
975732,ca9,85-2367
613756,ca9,95-17093
65680685,ca9,No. 04-10028; D.C. No. CR-00-00713-JAT
4617306,ca9,15-10156
66279368,ca9,No. 92-15520
683889,ca9,18960
65673525,ca9,"Nos. 03-10150, 03-10155"
91210,ca9,12-73476
801043,ca9,84-2622
170792,ca9,06-72154
65659468,ca9,No. 08-16602
2219387,ca9,09-70714
65725641,ca9,No. 05-74214
2005581,ca9,85-2234
889568,ca9,11-35546
1340600,ca9,94-55335
65676234,ca9,No. 02-72810
1324881,ca9,75-2911
2888337,ca9,07-70464
64065846,ca9,No. 97-17321
974974,ca9,86-5179
648815,ca9,06-35726
703586,ca9,26277_1
1416690,ca9,83-4147
2470273,ca9,94-50125
65912934,ca9,No. 07-10127
649952,ca9,11-71024
1331821,ca9,74--1919
64066942,ca9,"Nos. 98-15257, 98-15258, 98-15843 and 98-55884"
1570996,ca9,07-35949
342367,ca9,92-50341
2487148,ca9,300
65910026,ca9,No. 07-30065
65666919,ca9,No. 02-72165; U.S. Tax Ct. No. 3011-01L
120330,ca9,83-3885
824083,ca9,88-1054
335457,ca9,18443
721428,ca9,71-1636
1013526,ca9,91-35970
66209911,ca9,"Nos. 84-3569, 84-3590"
1043354,ca9,5201
733956,ca9,03-56137
65727978,ca9,No. 06-70152
432651,ca9,12362
2071613,ca9,76-2618
65702226,ca9,No. 08-73892
1177008,ca9,94-55196
65686648,ca9,No. 04-35071; D.C. No. CV-01-00242-A-RRB
2429179,ca9,84-5079
2219863,ca9,76-1016
65909722,ca9,No. 07-50241
2217060,ca9,95-35131
2443514,ca9,10-50159
65730133,ca9,No. 08-35725
64269400,ca9,No. 00-10516; D.C. No. CR-00-00626-ROS
66165073,ca9,No. 71-1124
181043,ca9,81-3241
194038,ca9,71-1258
2128466,ca9,18961
65720460,ca9,No. 07-35697
66730231,ca9,21-17023
916521,ca9,"76-2293, 76-2617"
568074,ca9,94-70328
2921875,ca9,04-10616
1030547,ca9,93-35564
1472582,ca9,10-30226
65888608,ca9,No. 04-75501
748469,ca9,99-15735
65679181,ca9,No. 03-70133
59908704,ca9,19-17468
60004371,ca9,19-10159
1215594,ca9,92-15151
838879,ca9,"90-10423, 90-10424"
524808,ca9,84-1193
2664993,ca9,"14-50125, 14-50126"
6068405,ca9,15-15032
65679378,ca9,03-71267
2886668,ca9,08-50129
65713212,ca9,No. 07-50447
65692874,ca9,"No. 04-55958; D.C. Nos. CV-04-03979-GAF, CR-00-01160-GAF-04"
65913921,ca9,No. 07-74546
59975931,ca9,20-71446
965367,ca9,82-1098
14539982,ca9,18-15278
63982377,ca9,No. 11198
65722771,ca9,No. 07-74847
600370,ca9,08-56497
65669992,ca9,No. 02-74324; Agency No. A70-217-781
324530,ca9,90-70384
6847549,ca9,16-16038
66224334,ca9,"Nos. 85-4241, 85-4300"
1404348,ca9,1274
65935605,ca9,No. 06-35516
65722386,ca9,No. 06-71121
3021298,ca9,12-70741
1845112,ca9,84-3840
806125,ca9,86-2006
725344,ca9,02-35471
425953,ca9,13313
3036519,ca9,12-73314
1299828,ca9,"74-2696, 74-2092 and 75-2695"
1640802,ca9,4304
64104503,ca9,No. 99-17500
7496913,ca9,17-55539
4555569,ca9,14-74010
2274009,ca9,78-2636
66231269,ca9,Nos. 85-2317 to 85-2319
1242720,ca9,Misc. 1481
65965209,ca9,No. 15-50204
69894206,ca9,24-3241
65889086,ca9,No. 04-72791
65909126,ca9,No. 06-71284
350403,ca9,12-15215
588689,ca9,99-70020
616365,ca9,20332_1
65910473,ca9,No. 06-10744
764360,ca9,72-1020
770129,ca9,11-10559
7902022,ca9,18-15804
3669,ca9,17-35094
1030546,ca9,93-15585
66223807,ca9,No. 85-1685
65658825,ca9,No. 06-75388
3082002,ca9,14-73059
2485311,ca9,11-30222
64893273,ca9,20-50308
65730678,ca9,No. 07-73070
813041,ca9,86-3174
272895,ca9,87-2990
6162993,ca9,15-72057
1326069,ca9,74-3496
1980172,ca9,84-5285
981124,ca9,11686
1378039,ca9,83-5095
2488027,ca9,91-56298
65913901,ca9,"Nos. 05-70400, 05-73897"
64097132,ca9,No. 01-55986
65888767,ca9,No. 05-73778
1018325,ca9,91-55691
526718,ca9,88-5435
759592,ca9,11-50062
65692236,ca9,No. 04-70592
1784489,ca9,97-35010
17060881,ca9,18-15201
67623622,ca9,22-15756
6341261,ca9,17-50187
2897824,ca9,08-16860
977383,ca9,86-3933
677016,ca9,18384_1
64014973,ca9,No. 92-35003
920190,ca9,"11-35158, 11-35479, 11-35535"
849255,ca9,93-50221
743130,ca9,01-30439
949929,ca9,96-15063
807231,ca9,85-6571
65707306,ca9,No. 12-70166
66655717,ca9,No. 76-1495
65688365,ca9,"Nos. 04-50233, 04-50234"
2185310,ca9,91-30095
65908108,ca9,No. 06-15756
65890654,ca9,No. 04-71803
2184498,ca9,76-1566
1743935,ca9,79-7259
1183405,ca9,96-35699
7789499,ca9,17-15600
6067857,ca9,15-73027
64939090,ca9,17-71060
660314,ca9,96-30334
65716813,ca9,No. 06-72603
2457505,ca9,12-30396
65658468,ca9,No. 05-15630
578213,ca9,09-17084
791336,ca9,"80-1735, 80-1746"
64149952,ca9,No. 99-17647; D.C. No. CV-98-04814-MJJ
14686107,ca9,18-15185
64921708,ca9,21-35485
64109670,ca9,No. 99-56023; D.C. No. CV-98-07470-RSWL
874925,ca9,00-57066
65891727,ca9,No. 06-71341
302996,ca9,"08-10314, 08-10330"
328739,ca9,22557
65894394,ca9,"Nos. 04-36157, 05-35969"
64203795,ca9,"No. 00-71553, INS A27-257-347; INS No. A27-257-347"
63921862,ca9,No. 4422
732645,ca9,"95-36265, 96-35264"
65889578,ca9,No. 04-71023
1181680,ca9,96-17171
1047878,ca9,9474
63153258,ca9,19-72766
1044768,ca9,93-56318
2282463,ca9,85-5033
74535,ca9,12-10433
64050985,ca9,No. 96-30333
806402,ca9,86-1055
66811720,ca9,22-15017
3068702,ca9,15-30161
552172,ca9,94-50099
2233045,ca9,10-16311
1043953,ca9,93-35912
844742,ca9,10-16470
14543160,ca9,12-17808
63972789,ca9,No. 9663
1011406,ca9,90-56296
68852902,ca9,23-158
754171,ca9,72-1629
65676008,ca9,No. 03-35123; D.C. No. CV-02-01130-RSL
65727159,ca9,No. 08-15962
1270823,ca9,92-70220
239818,ca9,93-35042
589099,ca9,99-35378
1628404,ca9,6206
2921916,ca9,06-16663
68287869,ca9,22-16521
63586344,ca9,16-72470
65657703,ca9,No. 04-35468
66778790,ca9,22-16849
65910039,ca9,No. 07-71368
2922844,ca9,08-16166
1032031,ca9,93-50575
66193961,ca9,No. 82-4466
64157725,ca9,No. 00-15294; D.C. No. CV-97-01915-DWH/LRL
2923027,ca9,11-10649
2379480,ca9,02-73628
725607,ca9,01-71405
66178350,ca9,No. 74-2210
239005,ca9,86-7568
65904528,ca9,No. 04-17209
1005552,ca9,"88-15520, 88-15538"
65675540,ca9,No. 02-71087
699794,ca9,26484
2583509,ca9,8159
1068527,ca9,910
65910802,ca9,No. 06-35606
285630,ca9,11-50493
65908318,ca9,No. 06-70704
67630596,ca9,22-15926
2912064,ca9,10-17308
57536,ca9,12-16260
717969,ca9,98-15063
66289185,ca9,No. 16-30186
62611354,ca9,20-56220
65719013,ca9,No. 08-55568
1494357,ca9,84-6044
2397913,ca9,14154_1
134670,ca9,"93-99011, 93-99012"
700633,ca9,99-36084
932134,ca9,77-1908
1289409,ca9,73-2492
63996672,ca9,No. 12954
64142042,ca9,No. 00-10490; D.C. No. CR-00-00044-JSU
755182,ca9,11-10621
65953694,ca9,No. 05-30136
62636828,ca9,19-16224
64943575,ca9,21-56106
723936,ca9,75-1103
65705272,ca9,No. 07-10560
259435,ca9,24334_1
66730204,ca9,21-10248
796086,ca9,07-72515
12559,ca9,04-72769
66730205,ca9,20-15882
940369,ca9,95-16196
1203904,ca9,71-1850
65704659,ca9,"Nos. 11-10343, 11-10349"
2176132,ca9,79-7548
62150357,ca9,20-72469
566195,ca9,95-30160
2224082,ca9,87-2076
23917,ca9,01-35150
2889855,ca9,07-10446
8530,ca9,19-55526
325052,ca9,90-56127
2497199,ca9,10-35929
843385,ca9,91-56497
65671828,ca9,No. 02-56362
64144144,ca9,No. 00-30290; D.C. No. CR-00-00018-EJL
614610,ca9,91-16272
1257738,ca9,71-1251
65957941,ca9,No. 12-71050
2923522,ca9,10-15152
2274654,ca9,75-2845
6243526,ca9,13-30289
718683,ca9,04-55912
607657,ca9,95-30212
118166,ca9,95-35680
66212072,ca9,No. 84-6039
1706784,ca9,78-2914
65895475,ca9,No. 05-55635
18447760,ca9,16-74039
1151410,ca9,09-55306
516039,ca9,07-30274
922780,ca9,12-10005
369379,ca9,17995_1
2488598,ca9,10-50532
66190364,ca9,No. 79-4377
16697857,ca9,18-16083
3039382,ca9,14-15249
825882,ca9,89-55337
65725255,ca9,No. 06-75183
65410797,ca9,21-35936
65901252,ca9,No. 05-35623
65705241,ca9,No. 06-15479
63929849,ca9,No. 5479
18728892,ca9,19-30243
742530,ca9,01-16823
464790,ca9,07-73933
2862134,ca9,14-50547
264799,ca9,95-56092
2352136,ca9,20227
66192532,ca9,No. 77-2565
760550,ca9,71-2930
855070,ca9,94-35909
601317,ca9,94-10297
15000484,ca9,18-15494
154531,ca9,71-1844
17142024,ca9,19-72623
65958298,ca9,No. 13-10076
65714265,ca9,No. 08-10261
71220289,ca9,24-4794
65718166,ca9,No. 07-56795
65687060,ca9,No. 04-50212
700083,ca9,80-5258
69396163,ca9,23-4434
65935198,ca9,No. 07-50332
65681289,ca9,No. 03-16954
2090087,ca9,87-15013
65910583,ca9,No. 06-50462
6163843,ca9,16-35700
235010,ca9,83-5327
308545,ca9,06-72049
65895799,ca9,No. 05-56204
2890851,ca9,04-50113
1902825,ca9,10-10216
65707130,ca9,No. 06-10291
528372,ca9,91-50634
65724274,ca9,No. 06-72449
3036025,ca9,13-16893
64274443,ca9,No. 01-50337; D.C. No. CR-01-00051-BTM
64038424,ca9,No. 96-16154
1354371,ca9,82-5692
1304614,ca9,23306_1
2456515,ca9,08-70909
66267779,ca9,No. 89-50655
1107023,ca9,10-70340
1449365,ca9,03-50304
129145,ca9,09-50315
944771,ca9,96-15849
65913147,ca9,"Nos. 06-10620, 06-10634"
643985,ca9,13145_1
1340338,ca9,82-5740
1024409,ca9,11-30091
2520105,ca9,7146
1630260,ca9,91-36015
414663,ca9,96-70171
367715,ca9,93-70238
2373912,ca9,09-73603
69570121,ca9,23-35505
65935629,ca9,No. 05-73617
669841,ca9,97-30007
67880483,ca9,22-35346
372652,ca9,92-50251
2923060,ca9,11-73335
903579,ca9,82-3543
1434805,ca9,01-70724
6236814,ca9,16-55965
67217619,ca9,21-15632
846624,ca9,10-35734
955239,ca9,25372
1371872,ca9,94-56582
1011039,ca9,81-5985
64287747,ca9,No. 02-16719; D.C. No. CV-99-02154-LKK
64139330,ca9,No. 99-17577; BAP No. NC-99-01299-RKP
98097,ca9,14833
6174552,ca9,16-30112
65677476,ca9,"No. 02-72752, A72-442-851"
13863,ca9,18-50043
66045640,ca9,"No. 1,366"
60263,ca9,88-15047
65910782,ca9,No. 05-75525
615660,ca9,13725
61564346,ca9,20-71124
1339905,ca9,82-7330
527367,ca9,92-50583
65721079,ca9,No. 06-73453
291615,ca9,80-4540
1618215,ca9,"07-56133, 07-56304"
6083375,ca9,15-73918
110543,ca9,12-72455
841664,ca9,36-3_9
64284175,ca9,No. 01-35542; D.C. No. CV-00-00085-DWM
2614653,ca9,13-50641
64085888,ca9,No. 99-36156
63670657,ca9,No. 5991
64282100,ca9,No. 02-55001; D.C. No. CV-01-07010-GHK
65714553,ca9,No. 06-74614
91061,ca9,08-30450
65906866,ca9,No. 05-55649
68936222,ca9,23-35121
950821,ca9,80-3022
195935,ca9,72-1493
2676676,ca9,"13-35427, 13-35640, 13-35677"
2638271,ca9,13-35238
2131994,ca9,73-1361
65718226,ca9,No. 07-16057
816230,ca9,87-1322
2922367,ca9,07-36018
889301,ca9,11-30101
65717923,ca9,No. 07-50101
69878076,ca9,23-55632
2592040,ca9,13-56441
352470,ca9,93-10492
344565,ca9,92-15866
16110434,ca9,17-16472
246869,ca9,16117
65686168,ca9,No. 03-56538
2886999,ca9,08-16232
2395319,ca9,81-4542
992350,ca9,5480
1988222,ca9,87-1752
326279,ca9,90-35505
755702,ca9,98-15195
222046,ca9,97-10206
63970230,ca9,Na. 8851
1007568,ca9,89-10461
951494,ca9,96-15431
1684589,ca9,98-70982
644739,ca9,11-10139
345058,ca9,95-56273
64149095,ca9,No. 00-35038; D.C. No. CV-98-01402-JCC
2490565,ca9,94-30445
845516,ca9,10-10003
1938429,ca9,88-6471
70464175,ca9,23-70040
3069868,ca9,13-73697
63951932,ca9,No. 7707
283453,ca9,10-72263
568712,ca9,09-70057
2890997,ca9,07-71997
2896037,ca9,01-71051
66054368,ca9,"No. 1,608"
965736,ca9,83-2473
65731075,ca9,No. 08-15195
64283585,ca9,No. 01-71698; INS No. A74-826-352
63924622,ca9,No. 4798
2477206,ca9,09-30288
63940712,ca9,No. 6477
223552,ca9,11-35769
63977585,ca9,No. 10390
65675556,ca9,No. 03-70222
69442336,ca9,23-481
67614057,ca9,22-50285
65658446,ca9,"Nos. 05-56076, 05-56435"
69541277,ca9,23-55730
66107469,ca9,No. 3697
1750882,ca9,71-1328
1249942,ca9,08-71522
550771,ca9,07-16623
65699464,ca9,No. 04-30144
65732608,ca9,No. 09-10302
122608,ca9,05-16705
1268198,ca9,07-73429
169738,ca9,10-10128
2921823,ca9,06-56831
65887877,ca9,No. 05-36220
797560,ca9,83-7846
65910989,ca9,No. 06-72253
1047819,ca9,94-10529
64203493,ca9,No. 00-50550; D.C. No. CR-97-00722-RMT-1
16474709,ca9,18-17195
183375,ca9,91-30121
65940391,ca9,No. 04-76783
6226849,ca9,16-10535
63939116,ca9,No. 6499
642224,ca9,19424
65659109,ca9,"Nos. 08-17253, 08-17567"
16371557,ca9,18-10237
672657,ca9,87-6535
64284940,ca9,No. 02-10207; D.C. No. CR-98-00148-HDM
65907638,ca9,"Nos. 04-73383, 05-72279"
2352130,ca9,91-35378
543712,ca9,"92-30030, 92-30059"
614363,ca9,92-30020
294188,ca9,16334
2477413,ca9,72-2295
65655784,ca9,"Nos. 00-57222, 01-55321"
752752,ca9,08-70988
2922964,ca9,08-16853
65956710,ca9,No. 07-72113
66086350,ca9,"Nos. 2787, 2788"
922594,ca9,80-4556
66730259,ca9,22-60014
326749,ca9,91-15102
65911007,ca9,No. 07-30086
654421,ca9,91-55336
66807859,ca9,21-50265
67263806,ca9,21-36019
707712,ca9,22668_1
64279717,ca9,No. 00-16884; D.C. No. CV-F-98-6344-REC
984135,ca9,87-3998
2319994,ca9,88-4073
7065236,ca9,17-56110
66250889,ca9,No. 88-1676
6128009,ca9,15-17212
705174,ca9,71-1690_1
14610046,ca9,17-55492
214887,ca9,96-50109
1012433,ca9,88-3761
67449453,ca9,21-266
65966255,ca9,No. 17-16243
2891227,ca9,04-36150
63987351,ca9,No. 11710
65712934,ca9,No. 05-73776
566713,ca9,95-15283
67714352,ca9,22-50279
298372,ca9,16684
2447597,ca9,82-5222
868916,ca9,12-10291
107910,ca9,12-16955
4607514,ca9,15-16742
2155049,ca9,94-16248
2922349,ca9,"07-35062, 07-35124, 07-35219"
65888046,ca9,No. 04-50500
386070,ca9,80-1239
2450648,ca9,83-1638
766219,ca9,"80-5063, 80-5080"
65907678,ca9,No. 06-10587
2674292,ca9,14-71734
141985,ca9,00-56848
83787,ca9,90-35575
68430205,ca9,20-72153
997328,ca9,90-15184
6349641,ca9,14-35397
68077565,ca9,21-1327
593636,ca9,10-71701
325328,ca9,91-55052
64108367,ca9,No. 96-56855; D.C. No. CV-96-00621-AHS
65896248,ca9,No. 05-17018
2392140,ca9,82-7637
63977403,ca9,No. 10377
310373,ca9,79-7214
63933154,ca9,No. 5768
65659395,ca9,No. 09-16123
799298,ca9,96-70533
649627,ca9,12-30087
2911387,ca9,06-16857
381338,ca9,94-15367
259134,ca9,15568_1
456316,ca9,83-5200
1972566,ca9,00-15849
65693858,ca9,No. 04-71898; Agency No. A75-629-738
661331,ca9,75-3518
65713927,ca9,No. 07-10580
1407578,ca9,85-5685
676044,ca9,18468
65686668,ca9,"No. 02-72879; Agency Nos. A76-366-977, A76-366-978, A76-366-979, A76-366-980, A76-366-981"
720546,ca9,99-50216
6243536,ca9,16-15524
1007537,ca9,89-56302
18497983,ca9,20-55907
65686839,ca9,"No. 04-73575; Agency Nos. A75-733-198, A78111-937, A78-111-939"
65907055,ca9,No. 06-55788
225050,ca9,82-7518
300989,ca9,89-10333
63970233,ca9,No. 9272
1009482,ca9,91-50095
65681114,ca9,No. 02-73450
63960479,ca9,No. 8427
65700062,ca9,No. 04-75273
6226889,ca9,15-70937
993851,ca9,10801
1464974,ca9,08-73676
1223958,ca9,12-15100
65667778,ca9,No. 02-50548; D.C. No. CR-02-01125-JNK
1464780,ca9,08-73099
66275308,ca9,No. 91-35409
15892699,ca9,16-10150
2893125,ca9,09-15676
2922747,ca9,08-16267
66977771,ca9,22-55279
728825,ca9,03-55072
6069661,ca9,13-56141
63972064,ca9,No. 9699
99844,ca9,07-56692
65668890,ca9,No. 02-30379; D.C. No. CR-02-00025-RFC
687051,ca9,25440_1
2091972,ca9,89-50148
3017660,ca9,12-72114
66139742,ca9,No. 283
66267828,ca9,No. 90-35199
1647624,ca9,96-71050
961409,ca9,99-56061
16499559,ca9,19-55445
615236,ca9,13960
65712949,ca9,No. 05-70647
2907446,ca9,05-16577
1105522,ca9,11234
60052055,ca9,20-35379
776706,ca9,73-1218
338945,ca9,91-16329
2463008,ca9,93-15506
6363054,ca9,16-50419
1234025,ca9,84-5316
66800247,ca9,20-55308
194437,ca9,95-50516
690557,ca9,17040_1
847419,ca9,92-35016
4610025,ca9,14-15464
2922588,ca9,08-10300
350157,ca9,93-16999
1067214,ca9,97-50226
7614147,ca9,17-10407
65660127,ca9,No. 11-56230
65910787,ca9,No. 05-76172
829843,ca9,"80-5342, 80-5387 and 80-5663"
65677013,ca9,No. 02-72613
59886444,ca9,19-72854
60275142,ca9,20-55554
734879,ca9,93-35694
289672,ca9,76-2604
2887734,ca9,07-36083
64149976,ca9,No. 00-50323; D.C. No. CR-99-00914-SVW
3007875,ca9,"13-56706, 13-56755"
380529,ca9,13877
1049087,ca9,95-55035
16112118,ca9,15-73219
65698451,ca9,No. 05-15578
4423262,ca9,14-70954
66227414,ca9,No. 85-7556
815293,ca9,87-4018
2023410,ca9,78-3404
64023378,ca9,"Nos. 94-16137, 94-16214"
1622419,ca9,10755
65706991,ca9,No. 07-10362
64288536,ca9,No. 01-36081
63947667,ca9,No. 7184
1181333,ca9,79-4661
442757,ca9,10-15522
2239915,ca9,96-55288
2677403,ca9,"14-50291, 14-50293"
310759,ca9,10-50481
850994,ca9,92-36966
760564,ca9,72-2541
65706865,ca9,No. 07-55377
66735869,ca9,22-60005
65729358,ca9,No. 06-73734
404170,ca9,95-15048
65909419,ca9,No. 05-75128
64281511,ca9,"Nos. 01-50026, 01-50028; D.C. Nos. CR-99-565-TJH-01, CR-99-565-TJH-02"
825744,ca9,89-35521
65886242,ca9,No. 03-73961
65712629,ca9,No. 06-73508
969710,ca9,8673
65716677,ca9,No. 07-17182
611845,ca9,13509_1
492877,ca9,82-7612
1993088,ca9,83-2254
67238011,ca9,21-456
953861,ca9,08-70434
65701247,ca9,No. 06-30595
1225497,ca9,84-2643
2905903,ca9,05-35609
361219,ca9,23591
65722417,ca9,No. 06-10597
1519715,ca9,21312
755917,ca9,72-1047
843632,ca9,92-30133
2609776,ca9,12-15669
65894710,ca9,No. 06-15111
64859682,ca9,21-15454
67230789,ca9,21-15828
67700420,ca9,23-16038
6181701,ca9,16-70728
6137564,ca9,16-10279
17257956,ca9,19-35566
551594,ca9,94-30311
1023363,ca9,10-17483
65887010,ca9,No. 04-75037
465793,ca9,12699_1
64132594,ca9,No. 01-30010; D.C. No. CR-95-05102-JET
1672176,ca9,80-1759
65670938,ca9,No. 02-17434; D.C. No. CV-02-00647-PCT-JWS
2921781,ca9,08-73179
65718326,ca9,No. 08-30452
65894182,ca9,No. 05-15415
64272504,ca9,No. 01-30295; D.C. No. CR-01-00160-RSL
349215,ca9,07-70701
2922575,ca9,06-99008
67325355,ca9,21-55
770751,ca9,81-1405
65956290,ca9,No. 06-70780
65712898,ca9,No. 08-16855
3068705,ca9,15-10420
8382826,ca9,15-17077
17029511,ca9,18-16839
4576856,ca9,14-16554
422390,ca9,96-35005
6065517,ca9,13-15126
61593092,ca9,20-72520
1836159,ca9,24215
6365440,ca9,17-50083
65679327,ca9,No. 02-72071; Agency No. A74-824-380
359404,ca9,92-70682
840444,ca9,92-15605
982918,ca9,09-71555
302624,ca9,84-3719
65896294,ca9,No. 05-76510
427548,ca9,82-4577
2446579,ca9,92-36843
540173,ca9,92-30290
64203426,ca9,"No. 00-71636, INS A73-949-624; INS No. A73-949-624"
3069566,ca9,13-72381
65679726,ca9,No. 03-71447
805327,ca9,85-2823
65926276,ca9,No. 06-73937
543141,ca9,92-55138
870528,ca9,97-15594
2889389,ca9,03-35669
7120603,ca9,16-35547
65953396,ca9,No. 06-16990
84128,ca9,84-3777
6698155,ca9,16-35685
65892138,ca9,No. 03-74365
67673652,ca9,20-35950
305484,ca9,7657
65698955,ca9,No. 05-30300
1057492,ca9,95-16685
65705304,ca9,No. 07-71176
437955,ca9,17819
1621128,ca9,"06-30607, 07-30035"
15026809,ca9,17-10427
1012534,ca9,91-36215
6325382,ca9,16-16568
360232,ca9,13-10516
614220,ca9,92-30461
18509086,ca9,20-16759
799621,ca9,85-3658
2911379,ca9,06-55817
65686552,ca9,No. 03-50142
65675027,ca9,No. 03-10244
8084129,ca9,17-16830
609626,ca9,95-70854
41957383,ca9,17-16280
968905,ca9,85-3856
165774,ca9,99-17140
762186,ca9,78-2672
693311,ca9,98-70924
2405358,ca9,83-4121
64004423,ca9,No. 15454
562782,ca9,91-35675
68225395,ca9,22-16983
1165516,ca9,11-17011
4551796,ca9,13-72933
64284382,ca9,No. 01-56027; D.C. No. CV-99-12209-SVW
65655787,ca9,"Nos. 00-56431, 00-56526"
65676064,ca9,No. 03-50324
703748,ca9,25382
65727261,ca9,No. 08-17086
411296,ca9,78-1319
67598558,ca9,22-15465
1046234,ca9,8162
977733,ca9,"86-4089, 87-3609"
65894139,ca9,No. 05-35226
1416778,ca9,77-1867
67901350,ca9,17-70930
844183,ca9,92-10655
961511,ca9,07-15938
64022534,ca9,No. 93-56470
67109987,ca9,21-70666
2704472,ca9,13-72638
66188975,ca9,No. 78-2755
69434359,ca9,23-656
1058721,ca9,95-15363
63974717,ca9,No. 10057
848028,ca9,92-56368
65908870,ca9,No. 06-55293
65714959,ca9,No. 07-16554
63944080,ca9,No. 6821
4119182,ca9,13-56104
63264848,ca9,20-35886
62639,ca9,75-3265
1731474,ca9,09-50248
65953630,ca9,No. 06-55044
66177648,ca9,Nos. 73-1173 to 73-1177 and 73-1191
1725363,ca9,78-1576
680556,ca9,18785_1
1046163,ca9,09-17875
67263802,ca9,21-60025
4416468,ca9,13-17283
823027,ca9,88-4445
692186,ca9,17258_1
8454420,ca9,16-72634
565778,ca9,17376_1
2497732,ca9,97-35938
66191140,ca9,No. 80-3237
65727541,ca9,No. 07-56510
63982402,ca9,No. 11166
66834717,ca9,19-71490
64202257,ca9,No. 00-16638; D.C. No. CV-98-01009-CRB
1255531,ca9,01-35766
63954788,ca9,No. 7933
65721022,ca9,No. 05-73810
16152178,ca9,16-71292
64046544,ca9,"Nos. 97-10212, 97-10218"
65911203,ca9,No. 06-70333
17438060,ca9,18-10449
6137572,ca9,16-73031
2894439,ca9,05-10115
2196312,ca9,83-4207
2430920,ca9,85-3085
65726784,ca9,No. 08-50286
65693170,ca9,No. 04-35851
65892267,ca9,No. 06-15641
64165174,ca9,No. 01-15981; D.C. No. CV-00-00549-JWS
773330,ca9,84-7297
65686565,ca9,No. 04-55490
65910729,ca9,No. 07-55342
2414197,ca9,21092
65715702,ca9,No. 07-17251
65718111,ca9,No. 08-16013
65910463,ca9,No. 06-16097
527582,ca9,91-16857
2923581,ca9,13-30008
292662,ca9,81-5527
60661604,ca9,20-55866
63938494,ca9,No. 6610
1075945,ca9,02-73294
694054,ca9,"19417, 19418"
60937751,ca9,19-72744
770072,ca9,82-5135
1356074,ca9,85-4212
562779,ca9,89-16297
528690,ca9,91-70726
1280113,ca9,96-15699
661734,ca9,97-10479
65656677,ca9,No. 03-35398
66259527,ca9,"Nos. 89-10509, 89-10511, 89-10510, 89-10512 and 89-10513"
973075,ca9,86-1160
65721956,ca9,No. 07-10341
65913890,ca9,No. 06-56134
2442918,ca9,10-71202
1186381,ca9,12-15362
6347135,ca9,17-15960
63892735,ca9,20-72795
2634677,ca9,12-55927
65715742,ca9,No. 08-50083
65656090,ca9,No. 02-56278
167761,ca9,08-70836
6263038,ca9,17-15601
600772,ca9,06-74857
1360296,ca9,09-15625
2349584,ca9,75-2871
1466552,ca9,77-1589
844412,ca9,09-55666
235972,ca9,92-55571
2031548,ca9,78-3620
293210,ca9,93-55600
240696,ca9,03-56712
67992485,ca9,22-70209
69574138,ca9,24-4565
2158696,ca9,08-74449
576161,ca9,09-55771
3055641,ca9,14-55263
65727990,ca9,No. 08-55668
729719,ca9,03-30285
940702,ca9,10-30010
65666723,ca9,No. 02-10575; D.C. No. CR-92-00371-PGR
1167860,ca9,08-75090
1592045,ca9,09-35183
2922030,ca9,"10-15935, 10-15964"
33083,ca9,11-50546
1271237,ca9,81-5586
65701167,ca9,No. 03-10222
256842,ca9,85-2861
743866,ca9,01-55937
2496029,ca9,86-2937
63987900,ca9,"Nos. 11569, 11570"
2440269,ca9,10-30286
3016366,ca9,13-73855
15871386,ca9,17-17105
16819628,ca9,18-16494
740529,ca9,01-55066
65723122,ca9,No. 06-35318
65679753,ca9,"Nos. 03-50558, 03-50559; D.C. Nos. CR-00-01007-AHM-01, CR-00-01007-AHM-02"
1067226,ca9,97-15201
65680852,ca9,No. 03-71710
59731988,ca9,19-73000
248169,ca9,16341
64067413,ca9,"Nos. 97-50643, 97-50645"
65893296,ca9,No. 05-70162
63295950,ca9,21-15913
14869381,ca9,17-15975
1508267,ca9,94-10321
806511,ca9,81-5348
2319310,ca9,97-16728
1013895,ca9,05-56026
2891457,ca9,07-72809
2500941,ca9,91-70253
63958223,ca9,No. 8287
6341268,ca9,16-56175
65719091,ca9,No. 06-72106
16032434,ca9,13-55664
67416041,ca9,21-35922
762442,ca9,"79-4643, 79-4655, 79-4676, 79-4740, 79-4801 and 79-4802"
65913646,ca9,No. 06-10575
6316948,ca9,16-50350
1019331,ca9,92-30474
2687022,ca9,13-16099
65682178,ca9,No. 02-16759
65669327,ca9,No. 03-10188; D.C. No. CR-02-00479-LDG
710866,ca9,95-70396
68363069,ca9,21-787
2073082,ca9,84-6097
66063963,ca9,"No. 2,009"
511196,ca9,91-35540
1976262,ca9,78-2151
1082588,ca9,11-15726
729452,ca9,05-30045
6875037,ca9,17-35591
2693754,ca9,13-55652
65718122,ca9,No. 08-16659
499371,ca9,84-3021
66212103,ca9,"Nos. 84-5912, 84-5938"
848012,ca9,93-50351
65913424,ca9,No. 06-72278
604199,ca9,94-35629
65671447,ca9,No. 02-30421
64872318,ca9,21-16007
60937610,ca9,20-15959
65666317,ca9,No. 02-16622; D.C. No. CV-01-04175-CRB
2887103,ca9,07-70621
743588,ca9,02-50282
64285669,ca9,No. 01-30426; D.C. No. CR-00-60049-AA-01
64203531,ca9,No. 01-55657; D.C. No. CV-97-0387-TJW
353763,ca9,08-55490
189916,ca9,22385_1
508289,ca9,89-55262
64108672,ca9,No. 00-50001; D.C. No. CR-99-00765-DDP-1
779522,ca9,05-15266
522243,ca9,76-3671
14947487,ca9,16-16533
66258765,ca9,"Nos. 89-55377, 89-55510, 89-55666 and 89-55668"
66159291,ca9,No. 21232
2922117,ca9,07-50432
63922016,ca9,No. 4547
18426318,ca9,19-55270
844012,ca9,92-10474
1565414,ca9,83-7013
93481,ca9,13-55549
918894,ca9,90-15771
18631195,ca9,18-50120
65911693,ca9,"Nos. 05-16466, 05-16547, 05-16556"
16597915,ca9,18-10451
657219,ca9,21558_1
563559,ca9,75-2610
593083,ca9,12216_1
908194,ca9,11-10247
64132339,ca9,No. 00-50280; D.C. No. CR-99-0135-GLT-01
2263609,ca9,21760
370804,ca9,92-55680
1465281,ca9,86-1918
53430,ca9,21726
823603,ca9,88-3993
77049,ca9,12-30044
979372,ca9,86-3548
2674285,ca9,12-70131
65662754,ca9,Nos. 14-50393; 14-50394
7200310,ca9,17-30148
68073749,ca9,22-50131
1043190,ca9,93-50701
59842777,ca9,20-35581
63977981,ca9,No. 91-15812
2891616,ca9,06-75372
287495,ca9,06-17261
8345040,ca9,18-30060
65913141,ca9,No. 07-73658
878918,ca9,12-35809
706275,ca9,99-56472
65726470,ca9,No. 07-70023
130276,ca9,21099
8091484,ca9,17-15718
374221,ca9,76-1658
4610831,ca9,16-30028
476504,ca9,96-16118
65699966,ca9,No. 04-16283
65660283,ca9,"Nos. 11-55956, 11-56020"
400528,ca9,77-2930
1521532,ca9,08-74206
1372914,ca9,82-4330
748379,ca9,91-15754
501148,ca9,88-6333
65907909,ca9,No. 06-71489
64167126,ca9,No. 00-70747; NLRB No. 20-CA-29481-1
2896396,ca9,05-36182
66860114,ca9,18-71695
551338,ca9,94-35070
64084882,ca9,"Nos. 00-99000, 00-99003"
185597,ca9,75--1478
63937704,ca9,No. 6375
479788,ca9,87-4280
304614,ca9,80-5370
1346810,ca9,97-55029
535051,ca9,93-30084
65719916,ca9,No. 05-75890
1386633,ca9,02-73499
3036020,ca9,13-35255
4416458,ca9,15-35441
65660186,ca9,No. 12-16373
7271810,ca9,17-15448
239034,ca9,C.A. 78-2298
371231,ca9,08-16517
65913680,ca9,No. 07-15259
3017120,ca9,13-71108
1249376,ca9,09-15163
66278992,ca9,"Nos. 89-35736, 90-35005"
68524322,ca9,22-10328
787222,ca9,72-1078
7486410,ca9,17-35684
66159504,ca9,No. 21737
2889287,ca9,07-72937
1033224,ca9,93-15790
2014474,ca9,72-1252
601309,ca9,05-76565
2325628,ca9,12154_1
65887284,ca9,No. 05-70836
2094626,ca9,96-36058
415213,ca9,12202
398586,ca9,77-3613
874839,ca9,"99-30165, 99-30166"
998020,ca9,10-10353
63953126,ca9,No. 7830
1079394,ca9,78-3128
63973356,ca9,No. 9803
2911709,ca9,06-70447
65690958,ca9,No. 05-55402
1030347,ca9,"92-16881, 92-16906"
64214217,ca9,No. 01-35307; D.C. No. CV-00-00117-JCC
528587,ca9,79-7090
291459,ca9,12-50340
3041019,ca9,13-16965
60218572,ca9,20-72198
192010,ca9,24355
65670579,ca9,No. 02-73272
837052,ca9,91-10047
65702573,ca9,No. 04-75481
66176537,ca9,No. 74-1898
65889087,ca9,No. 04-16781
4485661,ca9,16-16865
335784,ca9,12-56493
65724241,ca9,No. 08-15851
66194738,ca9,No. 83-1791
439137,ca9,93-35591
156847,ca9,02-50018
1413163,ca9,77-3476
616302,ca9,14105_1
61501736,ca9,20-10423
65927353,ca9,No. 06-16217
60661587,ca9,20-50037
65895782,ca9,No. 06-16080
973492,ca9,91-10277
17336175,ca9,19-55490
66773992,ca9,20-71629
2487808,ca9,09-10312
806108,ca9,85-6389
2905804,ca9,10-15707
2082330,ca9,07-30339
2678902,ca9,12-71970
17246792,ca9,18-50229
65714542,ca9,No. 07-10615
1046634,ca9,94-10427
834372,ca9,91-30037
799278,ca9,96-70022
65729979,ca9,No. 08-10548
63310011,ca9,21-70569
594517,ca9,11-10131
765008,ca9,23317
63164305,ca9,19-70064
307361,ca9,05-56006
66047542,ca9,"No. 1,340"
803450,ca9,97-10361
66770429,ca9,23-35052
65913018,ca9,No. 07-74390
954548,ca9,81-5291
65694042,ca9,No. 04-55475; D.C. No. CV-03-73330-JSL
1026190,ca9,25150
537123,ca9,26338_1
65680918,ca9,No. 04-10006; D.C. No. CR-02-00177-HG
66190726,ca9,No. 79-3666
1057722,ca9,94-56098
64284976,ca9,No. 01-17029
60011679,ca9,18-73202
65708171,ca9,No. 08-73541
301699,ca9,16882
65895459,ca9,No. 06-75339
943870,ca9,76-2326
61602282,ca9,20-16759
4421456,ca9,14-35284
1037836,ca9,92-15751
2923647,ca9,12-55479
454143,ca9,12396
2892896,ca9,02-56648
4554887,ca9,15-30244
66655833,ca9,No. 76-2906
16467163,ca9,18-35756
65713461,ca9,"Nos. 07-35644, 08-35074"
64203435,ca9,No. 01-15609; D.C. No. CV-00-01097-HDM
583992,ca9,97-10247
1331457,ca9,99-10491
65698677,ca9,Nos. 03-73951
771119,ca9,83-5248
65908316,ca9,No. 06-30562
789632,ca9,72--2002
2405172,ca9,90-10180
2923270,ca9,11-16862
65716169,ca9,No. 05-72588
65953868,ca9,No. 07-35357
618901,ca9,76-2086
237327,ca9,93-15295
844373,ca9,08-56135
64257282,ca9,No. 01-55576; D.C. No. CV-00-00593-GLT
67089418,ca9,22-159
316021,ca9,07-70935
65690809,ca9,No. 04-74271
314386,ca9,94-70671
6088221,ca9,15-35302
4418955,ca9,13-17131
65887294,ca9,No. 05-30536
2892040,ca9,02-73970
63247368,ca9,21-15246
744577,ca9,"19533, 19540"
65907914,ca9,No. 07-30116
65702484,ca9,No. 07-30436
63939274,ca9,No. 6437
66730257,ca9,21-56263
2922493,ca9,07-70619
574388,ca9,90-55397
668123,ca9,97-55109
448797,ca9,83-5243
65953426,ca9,No. 05-77156
64167735,ca9,No. 01-15200; D.C. No. CV-98-01072-GEB(PAN)
63982189,ca9,No. 11040
838021,ca9,91-16027
89980,ca9,14311
4607509,ca9,15-50466
1083423,ca9,11-16194
537301,ca9,11-16860
1308337,ca9,85-5941
1783290,ca9,11-36055
716312,ca9,24433_1
70002,ca9,82-5427
375815,ca9,09-70375
1156167,ca9,80-7369
908179,ca9,07-30490
2300101,ca9,19122_1
870732,ca9,97-30014
63923524,ca9,No. 4708
65896117,ca9,No. 05-73224
65956547,ca9,No. 06-70124
1027422,ca9,08-70284
870679,ca9,97-35122
954285,ca9,97-30216
16831728,ca9,18-73253
506509,ca9,84-6039
583716,ca9,97-10070
2892698,ca9,09-30073
65956187,ca9,No. 05-76383
1313675,ca9,95-15804
1226876,ca9,"06-15371, 06-15436, 06-15455"
33111,ca9,12-30163
24378,ca10,95-3165
64094724,ca10,No. 01-6008
567057,ca10,93-1483
548459,ca10,09-2102
6148208,ca10,16-3135
66254050,ca10,No. 88-2880
454652,ca10,410-69_1
646877,ca10,05-3087
6069670,ca10,16-1500
783306,ca10,99-2256
69809837,ca10,24-5146
685876,ca10,97-4118
467713,ca10,08-7019
525143,ca10,92-1283
68848071,ca10,23-6073
242168,ca10,"94-2009, 94-2011"
63339546,ca10,21-1097
840840,ca10,91-1085
66160880,ca10,No. 7-69
475504,ca10,82-1055
725410,ca10,"71-1288, 71-1289 and 71-1290"
653186,ca10,11-1415
64070927,ca10,No. 97-1304
928371,ca10,05-3023
65710140,ca10,No. 13-2140
651654,ca10,97-6304
555007,ca10,90-7056
1012892,ca10,92-8005
6300908,ca10,17-5098
853828,ca10,95-1374
641653,ca10,6894
511868,ca10,02-6056
244527,ca10,"13-3133, 13-3188"
1612548,ca10,07-6152
73917,ca10,05-3102
555641,ca10,91-4008
221703,ca10,97-2186
926159,ca10,76-1219
2620179,ca10,13-1244
539849,ca10,"96-6328, 96-6342"
963533,ca10,92-6194
16690215,ca10,19-9505
1161253,ca10,75--1104
520681,ca10,84-2542
931484,ca10,06-9594
2274697,ca10,4052_1
849644,ca10,94-5078
227452,ca10,97-6207
63566361,ca10,21-5057
1072685,ca10,05-7020
2013137,ca10,901
66158837,ca10,No. 9667
17245253,ca10,19-2106
92950,ca10,12-2099
751439,ca10,73-1661
952652,ca10,97-9501
260507,ca10,87-1791
7768650,ca10,16-6075
642793,ca10,09-6123
608488,ca10,94-1454
349523,ca10,13-6269
779020,ca10,97-1216
66236345,ca10,"Nos. 86-1488, 86-1489"
1035,ca10,19-4042
63963782,ca10,No. 622
897722,ca10,12-8079
463647,ca10,02-2302
663050,ca10,9900_1
788145,ca10,03-7039
2106107,ca10,99-4040
15567226,ca10,18-2109
4422759,ca10,15-4108
673580,ca10,6951_1
933324,ca10,78-1945 to 78-1947
14742612,ca10,16-5165
591874,ca10,06-4013
576414,ca10,11-3038
833556,ca10,91-2041
517421,ca10,95-1272
251955,ca10,79-1026
63937879,ca10,No. 466
66190328,ca10,No. 79-2119
63944963,ca10,No. 671
816018,ca10,86-1078
595020,ca10,07-7053
16944255,ca10,19-3236
68399309,ca10,24-8000
784996,ca10,99-4181
781032,ca10,82-1261
272133,ca10,6010
66163513,ca10,No. 718-69
66175556,ca10,Nos. 74-1365 to 74-1367
301578,ca10,6446
645399,ca10,04-4222
66187834,ca10,No. 79-2070
689988,ca10,656-69_1
59700247,ca10,20-1142
955928,ca10,98-2136
480753,ca10,05-6020
64020658,ca10,"Nos. 94-3179, 94-3180"
545280,ca10,96-6226
781154,ca10,96-2212
6246780,ca10,16-3280
1034574,ca10,93-3147
599927,ca10,10-7054
59848732,ca10,21-5014
755264,ca10,12-5028
66192084,ca10,No. 80-2096
65965853,ca10,No. 16-5060
361300,ca10,09-2212
63001440,ca10,20-1274
128004,ca10,94-7109
6260863,ca10,17-4061
2421379,ca10,5101
59245461,ca10,20-5040
506505,ca10,83-2523
1070006,ca10,97-1196
65892639,ca10,No. 05-3347
1108028,ca10,"2961, 2962"
2649635,ca10,13-6235
843236,ca10,89-8099
463693,ca10,03-1225
329038,ca10,91-2217
2360402,ca10,6776_1
4582284,ca10,14-1440
579522,ca10,85-1922
527135,ca10,92-1265
4580080,ca10,16-1376
590789,ca10,05-2151
566967,ca10,10-2220
769088,ca10,02-6173
1058459,ca10,96-3007
189750,ca10,9741_1
65409481,ca10,22-3074
2659885,ca10,15-3056
345348,ca10,08-2036
68852887,ca10,23-1239
65935666,ca10,No. 06-4134
1287125,ca10,"00-5131, 00-5137, 00-5138"
2657234,ca10,"13-6258, 14-6115"
198013,ca10,"12-4003, 12-4005, 12-4007, 12-4015, 12-4039"
664111,ca10,00-8031
571582,ca10,00-5025
2919569,ca10,12-1144
974159,ca10,50
670034,ca10,12-3239
1563797,ca10,85-1065
64020154,ca10,No. 94-1430
228883,ca10,01-1042
603374,ca10,95-4027
242489,ca10,96-6197
360518,ca10,99-1028
67563304,ca10,23-5069
242141,ca10,84-2366
1594912,ca10,09-4127
132963,ca10,883
1785243,ca10,96-3153
539161,ca10,95-1171
960672,ca10,06-1453
1349529,ca10,05-6119
4886,ca10,19-1323
597542,ca10,08-2143
469050,ca10,08-6217
959351,ca10,99-5087
643891,ca10,04-9544
65663241,ca10,Nos. 17-6165; 17-6195
597849,ca10,09-1038
388812,ca10,10-1320
98010,ca10,79-2002
6487,ca10,19-1359
780121,ca10,96-1186
962254,ca10,1340
307215,ca10,10-6043
66183813,ca10,No. 77-1347 and Nos. 77-1362 to 77-1364
4468647,ca10,16-1019
59194649,ca10,20-2136
1033563,ca10,93-3133
242678,ca10,97-2080
557639,ca10,90-1257
1033546,ca10,92-5226
589693,ca10,06-3101
16472540,ca10,19-9534
543009,ca10,"98-1448, 98-1449, 98-1450, 98-1454 and 98-1456"
64202039,ca10,No. 01-6144
2494225,ca10,5588_1
6250036,ca10,17-1368
452278,ca10,05-6309
379110,ca10,09-2255
644251,ca10,01-6234
68829532,ca10,24-6036
230850,ca10,07-9552
293561,ca10,10-1112
512897,ca10,92-6297
680377,ca10,97-2390
569375,ca10,7055
66179143,ca10,No. 76-1420
1029955,ca10,92-2252
61608567,ca10,20-6119
805179,ca10,97-3274
64012721,ca10,"Nos. 7312, 7313"
1622513,ca10,191
82778,ca10,13-3120
550909,ca10,97-5036
958301,ca10,97-1065
1939082,ca10,95-1360
69636913,ca10,23-3268
66231341,ca10,"Nos. 86-1554, 86-2126 and 86-2701"
592803,ca10,4107_1
236627,ca10,00-6024
64002792,ca10,No. 5540
1004911,ca10,90-1385
783922,ca10,99-7100
549833,ca10,79-1382
368190,ca10,99-2040
3044502,ca10,15-9548
458262,ca10,06-8011
481128,ca10,95-5045
210668,ca10,93-2256
944294,ca10,05-5109
66166012,ca10,"Nos. 490-70, 491-70"
1701322,ca10,92-6304
958673,ca10,98-5012
887862,ca10,95-1355
332964,ca10,06-6009
368084,ca10,96-6316
764654,ca10,"79-2137, 79-2138"
1372350,ca10,04-3442
780590,ca10,97-6164
7253919,ca10,18-8003
709747,ca10,99-1509
558703,ca10,95-8023
63943184,ca10,No. 642
957987,ca10,96-1190
2276709,ca10,96-8032
480810,ca10,04-9568
1001431,ca10,72-1811
958756,ca10,98-3232
960561,ca10,02-2126
515864,ca10,77-2000
64279788,ca10,No. 01-6317
6170159,ca10,16-3360
1315751,ca10,93-5105
229000,ca10,01-3258
2114106,ca10,01-4009
878059,ca10,"95-2044, 95-2051"
63984089,ca10,No. 3356
2037789,ca10,94-4172
653055,ca10,4563_1
97114,ca10,93-3026
227784,ca10,97-4184
65673853,ca10,No. 03-6050
103575,ca10,5347-5350
6170861,ca10,16-3128
3034958,ca10,"13-3297, 13-3304"
599838,ca10,09-3252
958853,ca10,98-1223
66270380,ca10,"Nos. 90-3273, 90-3313, and 90-3369"
2480782,ca10,7112
1047785,ca10,94-3365
188555,ca10,9190_1
68447640,ca10,23-5027
2214467,ca10,00-5112
2104364,ca10,95-1282
787996,ca10,"02-6076, 01-6303"
2989964,ca10,15-2105
66171686,ca10,"Nos. 71-1767, 71-1768"
670763,ca10,8165
2919555,ca10,12-5059
944544,ca10,94-3292
1070228,ca10,97-6315
6157512,ca10,17-6108
644671,ca10,03-1191
298319,ca10,00-9533
1082299,ca10,11-3215
66813861,ca10,23-1035
593650,ca10,06-6339
473207,ca10,10-1142
687585,ca10,99-3267
1998317,ca10,6679_1
16422308,ca10,19-9510
66211820,ca10,No. 83-1970
66259204,ca10,No. 88-2330
64019826,ca10,"Nos. 92-1317, 92-1321 and 92-1375"
408898,ca10,79-1994 to 79-1997
1123714,ca10,"3220, 3249"
936522,ca10,"77-1770, 78-1680 and 78-1681"
596519,ca10,08-4079
519805,ca10,96-2108
16466612,ca10,19-4044
66187544,ca10,No. 77-1946
186838,ca10,7780_1
401113,ca10,75-1184
780159,ca10,97-8003
45899433,ca10,19-3265
647077,ca10,"04-7049, 04-7050, 04-7054"
621796,ca10,08-4203
242868,ca10,98-5095
1040179,ca10,94-3211
4479864,ca10,15-1398
318205,ca10,90-2168
809895,ca10,11-1334
63989857,ca10,"Nos. 3659, 3660"
63973850,ca10,No. 2280
255469,ca10,84-2490
459121,ca10,82-1727
14731922,ca10,18-6117
83169,ca10,07-3044
6282854,ca10,17-1401
496576,ca10,06-3313
575293,ca10,10-1152
696033,ca10,8416
18479812,ca10,20-6011
553074,ca10,96-6164
518378,ca10,92-5251
630069,ca10,"84-2665, 84-2693"
336268,ca10,92-5063
922505,ca10,14-9510
66274862,ca10,No. 91-4149
997835,ca10,89-2173
1047783,ca10,94-7121
782735,ca10,98-5265
1093185,ca10,87-2655
958684,ca10,96-8065
643994,ca10,03-2222
943108,ca10,75-1462
496113,ca10,05-5196
117919,ca10,6047_1
487180,ca10,96-2079
70521977,ca10,24-1421
1006619,ca10,91-1234
1053970,ca10,10-3138
468044,ca10,"07-7099, 07-7100, 08-7010"
679954,ca10,97-4153
1102484,ca10,1418
783313,ca10,98-2311
786566,ca10,96-4089
532176,ca10,10-6025
64004257,ca10,"Nos. 5674, 5675"
3037375,ca10,15-6194
1564692,ca10,07-7030
825191,ca10,89-6115
784218,ca10,99-3316
740870,ca10,95-6400
1004906,ca10,91-5038
461485,ca10,06-6271
2643334,ca10,14-3178
827544,ca10,12-3171
2919691,ca10,13-1133
160840,ca10,97-7092
365798,ca10,95-2255
3065043,ca10,16-3031
454957,ca10,96-9530
1275479,ca10,93-6230
64006363,ca10,No. 6283
203802,ca10,"72-1165, 72-1166"
466305,ca10,07-1297
892798,ca10,11-6040
6218523,ca10,16-1362
710920,ca10,95-1515
971658,ca10,85-2000
595552,ca10,07-3345
529722,ca10,10-3247
43167,ca10,04-3230
64274827,ca10,No. 01-2183
959082,ca10,09-3383
61581606,ca10,21-6117
918444,ca10,12-6113
461310,ca10,01-4124
46472,ca10,01-7057
188508,ca10,9056
342110,ca10,92-7088
2106520,ca10,01-5102
986133,ca10,93-1223
755927,ca10,71-1127
960607,ca10,05-2105
846061,ca10,11-6319
849618,ca10,94-6172
627257,ca10,"9757, 9758"
595707,ca10,4271_1
834309,ca10,91-5105
63591585,ca10,21-8085
1586285,ca10,4725_1
754780,ca10,11-8089
63960925,ca10,"Nos. 6105, 6106"
15886811,ca10,19-3031
296660,ca10,11-3331
706985,ca10,35-69_1
789781,ca10,07-4247
890322,ca10,12-6107
63937258,ca10,No. 347
658931,ca10,489-70_1
63572968,ca10,20-2042
1922187,ca10,09-2145
1679952,ca10,"97-1113, 97-1135"
66175885,ca10,No. 74-1541
369997,ca10,94-7153
588756,ca10,02-7149
596800,ca10,07-4277
1281785,ca10,00-4037
645680,ca10,05-6031
781366,ca10,97-2376
709762,ca10,97-2302
65912241,ca10,No. 07-2069
329593,ca10,98-3272
18479811,ca10,19-8068
650583,ca10,99-1492
63974557,ca10,No. 2452
299953,ca10,6362_1
8400,ca10,19-9553
66205688,ca10,"Nos. 82-1969, 82-1998 and 82-1999"
839098,ca10,90-8111
2104446,ca10,95-3374
1970343,ca10,93-8064
802865,ca10,85-2390
500081,ca10,82-2449
929230,ca10,75-1360
782022,ca10,98-6227
762082,ca10,79-1518
65909055,ca10,No. 06-3382
61625775,ca10,21-2060
1217150,ca10,00-5017
63982153,ca10,No. 3248
17340439,ca10,19-4109
671946,ca10,00-4026
4112137,ca10,15-2019
399510,ca10,767
653546,ca10,10-1421
63981598,ca10,No. 3290
3031315,ca10,"14-1180, 14-1181, 14-1182, 14-1212, 14-1356, 14-1475"
960258,ca10,02-3214
293871,ca10,97-4059
63198768,ca10,21-6102
978229,ca10,86-1509
300092,ca10,6464_1
2919671,ca10,11-1042
654654,ca10,9107_1
1070488,ca10,98-6330
742556,ca10,01-6428
781882,ca10,98-3255
67810448,ca10,22-3101
174244,ca10,4633_1
645428,ca10,04-6364
66190472,ca10,No. 80-1330
68138663,ca10,23-5008
66224303,ca10,No. 85-1710
589603,ca10,05-6008
8341294,ca10,18-1070
1014871,ca10,91-2299
516034,ca10,91-6162
2610852,ca10,14-4000
468283,ca10,08-1068
832972,ca10,91-3129
390429,ca10,08-1299
340878,ca10,11-2093
708241,ca10,10060-10061
221558,ca10,"84-1443, 84-1444"
658287,ca10,96-4193
903046,ca10,10-6136
847251,ca10,93-6136
328813,ca10,97-9509
2106604,ca10,01-3396
65887672,ca10,No. 05-4058
65691342,ca10,No. 10-8114
195140,ca10,"72-1265, 72-1348"
4486535,ca10,15-1267
981852,ca10,85-2671
226632,ca10,95-3278
787283,ca10,73-1040
412968,ca10,96-6197
228865,ca10,01-1269
623513,ca10,03-4097
6243365,ca10,17-2005
496061,ca10,05-6316
69689866,ca10,24-8082
377684,ca10,96-1136
683157,ca10,554-69_1
258454,ca10,96-1357
64024892,ca10,No. 94-1569
509385,ca10,92-3022
64012350,ca10,No. 7241
24829,ca10,02-7035
2595771,ca10,13-6165
65681912,ca10,No. 04-2038
957596,ca10,95-9522
283047,ca10,96-1219
45235,ca10,94-2171
768111,ca10,72-1588
243634,ca10,"02-9509, 02-9518"
2919489,ca10,11-3028
524869,ca10,96-3025
153489,ca10,99-3236
64280908,ca10,No. 01-1371
464352,ca10,03-4006
856896,ca10,95-9000
65958129,ca10,"Nos. 09-6236, 09-6237, 09-6240, 09-6253, 09-6289"
2316307,ca10,78-1096
64001153,ca10,No. 5263
82777,ca10,13-1433
7714243,ca10,18-7019
6243373,ca10,16-1476
14825,ca10,19-2213
172636,ca10,3927_1
645069,ca10,04-9566
3078198,ca10,15-2234
2124062,ca10,11-1548
243632,ca10,02-4112
18652420,ca10,20-6003
4112097,ca10,16-3004
66761030,ca10,22-6136
782506,ca10,09-1109
929486,ca10,06-3152
69214553,ca10,24-5001
996008,ca10,89-3066
243170,ca10,99-5048
1097620,ca10,2042
1113487,ca10,13-6032
2919547,ca10,12-5029
1031134,ca10,93-3123
2630738,ca10,13-3076
18643202,ca10,20-7040
1134357,ca10,497
2667790,ca10,14-5073
68094993,ca10,23-1397
808598,ca10,10-8004
63996194,ca10,No. 4089
353954,ca10,8241_1
1014585,ca10,92-3150
242850,ca10,97-4117
2105060,ca10,96-2162
64005549,ca10,No. 6065
1074240,ca10,12-2003
66244206,ca10,No. 87-1947
63962519,ca10,No. 1526
228863,ca10,"00-1242, 00-1243, 00-1370"
813775,ca10,85-2776
64011007,ca10,No. 6911
960626,ca10,06-1049
888928,ca10,95-6375
4580906,ca10,15-8139
175572,ca10,13-1240
3037765,ca10,15-1344
1009832,ca10,91-3198
63957056,ca10,No. 1320
326475,ca10,93-9559
14856943,ca10,18-2021
65701484,ca10,"Nos. 11-4049, 11-4050, 11-4053, 11-4059, 11-4066, 11-4071, 11-4072, 11-4076"
2149683,ca10,12-4196
621728,ca10,00-1013
710926,ca10,96-1035
604413,ca10,95-6089
459489,ca10,04-9579
63968352,ca10,No. 1818
6305757,ca10,17-8050
2659188,ca10,13-5084
68829249,ca10,23-8063
16544382,ca10,19-6022
538551,ca10,12-1506
480585,ca10,04-3454
8341297,ca10,18-6054
24463,ca10,5237
16622203,ca10,18-1257
2656928,ca10,14-7066
464642,ca10,09-6222
1044899,ca10,10-2242
315719,ca10,90-3257
454536,ca10,05-1156
474787,ca10,03-5091
63124981,ca10,21-4138
69500103,ca10,24-1329
63945446,ca10,No. 673
784360,ca10,00-2025
64163947,ca10,No. 01-7023
2652877,ca10,14-2027
1537966,ca10,93-3248
785142,ca10,99-6381
757851,ca10,75-1496
427835,ca10,80-1693
66252658,ca10,"Nos. 87-1767, 87-2622"
29652,ca10,13-2112
1621168,ca10,08-5040
656005,ca10,9054
227446,ca10,97-4037
63996176,ca10,No. 4184
668804,ca10,7899
2171026,ca10,5895_1
1441538,ca10,02-6401
644998,ca10,93-2099
63655324,ca10,21-2115
1969230,ca10,75-1937
412532,ca10,76-2119
615038,ca10,92-3216
1576728,ca10,08-1469
923247,ca10,02-2226
66158450,ca10,"Nos. 9488, 9489"
2633519,ca10,14-1106
64094717,ca10,No. 01-4082
959554,ca10,00-1120
781565,ca10,80-2115
707101,ca10,183-68_1
583110,ca10,3768-3769-3770-3782-3783_1
2238483,ca10,97-1442
7578594,ca10,17-4200
1108977,ca10,13-2050
3064556,ca10,15-3306
1334870,ca10,94-9014
587612,ca10,7585_1
337858,ca10,10-9580
541571,ca10,96-6273
105551,ca10,07-3323
304637,ca10,10-7036
466230,ca10,10-4017
479284,ca10,04-3199
828634,ca10,89-2049
299913,ca10,02-3258
789437,ca10,07-6120
17347612,ca10,19-1195
841201,ca10,12-5046
97412,ca10,12-3269
575281,ca10,10-1116
847941,ca10,06-1094
711242,ca10,98-3094
488120,ca10,99-3345
369227,ca10,01-4240
433067,ca10,81-2111
651723,ca10,97-9017
462721,ca10,01-5165
10081,ca10,19-2102
558693,ca10,91-5000
1645405,ca10,6318_1
785604,ca10,00-1173
749564,ca10,12-1094
68532512,ca10,23-9552
70492643,ca10,24-1458
755026,ca10,00-5255
912339,ca10,"99-3045, 99-3044"
711278,ca10,98-2101
64021401,ca10,No. 92-5207
462032,ca10,01-2351
1021281,ca10,11-1155
68168012,ca10,22-1402
229724,ca10,02-9590
1236411,ca10,"01-3158, 01-3172"
671102,ca10,7030_1
66184706,ca10,No. 76-2015-16
1054049,ca10,94-8022
720170,ca10,07-6092
63989231,ca10,No. 3634
596512,ca10,08-6236
1626301,ca10,3549
594118,ca10,05-2303
579563,ca10,10-5169
244221,ca10,83-2035
295974,ca10,6193_1
643670,ca10,4445
64281642,ca10,No. 01-2336
550474,ca10,93-1415
777759,ca10,96-1214
2105019,ca10,97-2059
227420,ca10,97-3024
173139,ca10,4300
2013179,ca10,97-2325
63093934,ca10,21-4070
422868,ca10,75--1156
782265,ca10,98-6367
68511347,ca10,23-1279
500753,ca10,82-1367
66280156,ca10,No. 92-4032
711266,ca10,97-4178
1090743,ca10,12-1307
2654189,ca10,14-5141
2431546,ca10,97-1186
1045052,ca10,141
673467,ca10,7028
1066918,ca10,"10-3125, 10-3142"
958005,ca10,97-7046
848205,ca10,93-6225
66255494,ca10,"Nos. 89-1068, 89-1098"
401673,ca10,79-1164
65653956,ca10,"Nos. 04-6096, 04-6098, 04-6100, 04-6101"
848249,ca10,93-1003
655333,ca10,98-6097
801137,ca10,85-1147
1499214,ca10,95-9505
872215,ca10,97-6440
369579,ca10,13-3050
762674,ca10,72-1136
68192063,ca10,23-7050
357526,ca10,"13-2054, 13-2055"
69172796,ca10,23-1390
644594,ca10,04-6051
99223,ca10,04-4212
437451,ca10,97-1133
645451,ca10,8019_1
228926,ca10,01-6333
63198766,ca10,19-6122
587109,ca10,75-1615
2085228,ca10,03-2231
64892130,ca10,21-2100
2167899,ca10,94-6022
470191,ca10,09-3070
190353,ca10,39-69
321012,ca10,90-5167
958455,ca10,98-1073
65790,ca10,13-7043
367140,ca10,97-1262
1617697,ca10,07-6142
2091019,ca10,9332_1
66153868,ca10,No. 7871
1102693,ca10,1134
115048,ca10,13-6260
2105589,ca10,98-5068
789642,ca10,08-1377
59828268,ca10,20-9523
755008,ca10,12-5064
324296,ca10,07-2243
518434,ca10,92-6286
879129,ca10,11-7040
642519,ca10,09-1070
63991392,ca10,No. 3814
68878977,ca10,22-4079
835500,ca10,91-5096
66151727,ca10,No. 7610
4250,ca10,19-1314
66187294,ca10,"Nos. 77-1420, 77-1421"
2105804,ca10,"98-1018, 98-1214"
68176050,ca10,23-7037
657066,ca10,9675_1
229525,ca10,02-2176
70462678,ca10,25-6025
590418,ca10,05-1549
4483919,ca10,15-1449
237394,ca10,00-6368
462519,ca10,02-1034
541037,ca10,00-4018
66188933,ca10,No. 78-1880
646482,ca10,03-3197
785331,ca10,00-3373
545139,ca10,04-2008
16584404,ca10,18-1486
552684,ca10,74--1701
960404,ca10,02-3068
958316,ca10,97-3197
958919,ca10,98-2064
576478,ca10,11-6013
716243,ca10,99-3004
657493,ca10,9489
350250,ca10,12-9580
68851834,ca10,23-5064
461290,ca10,06-3432
562985,ca10,91-6106
1122762,ca10,99-4088
354830,ca10,8371_1
654704,ca10,03-1043
833770,ca10,91-5103
229172,ca10,02-5048
245849,ca10,"83-1056, 83-1123"
950551,ca10,96-8067
18505169,ca10,20-2001
6152256,ca10,17-5020
456587,ca10,09-2233
461525,ca10,4073_1
784349,ca10,00-4043
2133610,ca10,4008_1
617310,ca10,11-8007
224805,ca10,80-1770
458947,ca10,06-1462
394188,ca10,06-3354
2000607,ca10,4093
1417290,ca10,14-1097
585557,ca10,80-1811
64008077,ca10,No. 6450
487120,ca10,"96-5125, 96-5173"
597795,ca10,09-2080
321691,ca10,90-9587
534307,ca10,4474
1070498,ca10,98-6011
650516,ca10,11-2140
918951,ca10,95-9540
15049268,ca10,18-3194
700497,ca10,96-1217
66165428,ca10,No. 598-69
66190980,ca10,No. 81-1155
716884,ca10,288-69_1
384758,ca10,74--1079
1102797,ca10,"1146, 1147"
347617,ca10,92-5029
2091983,ca10,94-4113
282941,ca10,85-1222
590124,ca10,05-1517
66159261,ca10,No. 9545
644417,ca10,03-2302
1497369,ca10,5768
563933,ca10,92-7011
64281640,ca10,No. 01-5179
1611568,ca10,06-2311
952658,ca10,96-4127
358783,ca10,13-8003
6834014,ca10,17-2130
1039496,ca10,94-8018
958865,ca10,97-2347
6280112,ca10,17-6096
1418403,ca10,85-2658
715709,ca10,620-69
644347,ca10,04-1165
839142,ca10,92-7041
63981592,ca10,No. 3293
17085893,ca10,19-6074
243099,ca10,99-5145
7619736,ca10,18-3099
1897156,ca10,10-1445
957534,ca10,95-7148
127999,ca10,94-4198
780653,ca10,97-3331
24871,ca10,03-2007
786738,ca10,12-3068
66160529,ca10,No. 10056
17156647,ca10,19-1074
754623,ca10,95-1515
1564487,ca10,06-3305
87817,ca10,12-6018
194298,ca10,6422_1
660673,ca10,9856_1
1003691,ca10,90-6370
645158,ca10,04-2249
851423,ca10,11-2094
2106721,ca10,92-2160
1221870,ca10,12-4013
65888051,ca10,No. 05-5173
1236211,ca10,08-4142
1045346,ca10,94-5165
2104841,ca10,96-6279
851735,ca10,9470-94
898582,ca10,71-1549
61586875,ca10,21-1003
64280895,ca10,No. 01-7049
612672,ca10,4773_1
43132,ca10,13-2168
3037788,ca10,15-8044
137198,ca10,96-2115
1973810,ca10,97-6105
326122,ca10,91-4049
840791,ca10,91-2156
260080,ca10,06-4252
3090423,ca10,16-2045
6339505,ca10,16-4091; 16-4098
63979252,ca10,No. 3066
960637,ca10,05-3071
1409172,ca10,76-1778
14548516,ca10,18-1177
64009249,ca10,No. 6818
65885087,ca10,No. 04-2051
456722,ca10,06-6181
465374,ca10,99-1370
64020616,ca10,"Nos. 94-8052, 94-8053"
269386,ca10,00-1482
1033653,ca10,92-1273
461610,ca10,06-2295
3086384,ca10,14-1322
63946097,ca10,No. 697
63998308,ca10,No. 4799
66234736,ca10,No. 84-2540
4418932,ca10,15-6103 & 15-6135
2106672,ca10,02-4223
557147,ca10,91-8023
1637494,ca10,2867
3025579,ca10,15-1237
199620,ca10,74--1132
59729210,ca10,20-1189
63990218,ca10,No. 3776
597210,ca10,08-8073
1087527,ca10,"11-3199, 11-3202"
64003064,ca10,No. 5652
66193229,ca10,No. 81-1061
63937227,ca10,No. 424
490177,ca10,83-1237
575203,ca10,10-1312
783868,ca10,99-6288
914998,ca10,98-7108
650765,ca10,90-1050
655512,ca10,9325
63984310,ca10,No. 3418
111751,ca10,99-4135
959296,ca10,99-6198
1625050,ca10,831
505811,ca10,5553
646183,ca10,04-3390
221661,ca10,97-6101
2106761,ca10,02-6172
1423183,ca10,84-1935
4416402,ca10,15-3269
63954967,ca10,No. 1253
878311,ca10,11-7076
321740,ca10,09-4225
754469,ca10,94-6264
633572,ca10,96-5214
90877,ca10,05-2270
2105946,ca10,99-3039
6148268,ca10,15-9572
946232,ca10,77-1133
425320,ca10,96-1344
709857,ca10,"96-5206, 96-5271"
591645,ca10,06-8042
66190668,ca10,No. 79-1138
236979,ca10,02-6157
453320,ca10,05-4039
859111,ca10,95-5190
188080,ca10,8684
580269,ca10,"83-1008, 83-1009, 83-1062, 83-1063 and 83-1074"
762491,ca10,73-1953 to 73-1955
346945,ca10,88-1679
824568,ca10,"89-4026, 89-4030"
642746,ca10,08-6231
64021639,ca10,"Nos. 94-9558, 94-9560"
788866,ca10,01-2337
371015,ca10,93-4067
1621867,ca10,3352
795097,ca10,08-1442
2493080,ca10,95-5010
66160337,ca10,No. 10135
14573692,ca10,18-1065
756475,ca10,75-1778
957588,ca10,95-6397
18914,ca10,97-8009
214935,ca10,82-2112
1270568,ca10,92-6402
618853,ca10,91-9533
154702,ca10,08-2190
787868,ca10,01-1450
456376,ca10,05-3306
462355,ca10,00-6385
532042,ca10,09-1188
2495419,ca10,95-6127
820980,ca10,87-2260
319208,ca10,90-6235
4118407,ca10,16-3079
66274866,ca10,No. 90-1216
64091437,ca10,No. 01-2117
452392,ca10,05-2306
500251,ca10,86-2098
590282,ca10,06-7002
4109598,ca10,15-1292
464594,ca10,06-2204
922639,ca10,12-6311
644572,ca10,03-3347
3058107,ca10,"14-5128, 15-5004"
64084,ca10,13-1215
64023095,ca10,No. 94-6170
739934,ca10,"01-3211, 01-3215"
229389,ca10,02-3249
625934,ca10,95-7153
2105947,ca10,97-2082
63983060,ca10,No. 3315
15049269,ca10,18-3135
2638631,ca10,14-1096
16031891,ca10,19-2040
702192,ca10,91-1157
1565502,ca10,94-5167
66259550,ca10,No. 89-3036
458102,ca10,06-9002
66275384,ca10,No. 92-3050
228984,ca10,01-2368
1105730,ca10,73-1461
1263927,ca10,08-1458
64012543,ca10,No. 7320
1153747,ca10,04-4113
6238422,ca10,16-6231
957363,ca10,95-6094
630608,ca10,12-5003
1067349,ca10,97-4049
90201,ca10,"99-8020, 99-8030"
766061,ca10,02-5081
788769,ca10,02-5213
252706,ca10,96-4170
66282104,ca10,No. 91-7005
740107,ca10,01-2287
600801,ca10,"12-3302, 12-3332"
596208,ca10,08-6102
2657813,ca10,14-2202
1071627,ca10,02-1408
975971,ca10,7050
529153,ca10,96-6290
266007,ca10,8227
855587,ca10,95-1217
369068,ca10,01-1246
69924306,ca10,24-6087
754445,ca10,72-1343
331827,ca10,90-2270
463346,ca10,03-6022
59832795,ca10,20-2079
63967128,ca10,No. 1835
708682,ca10,97-8111
831402,ca10,90-1181
465620,ca10,07-6222
470202,ca10,09-1153
789598,ca10,74--1236
393544,ca10,99-3069
1048893,ca10,94-5235
63979348,ca10,No. 2909
583923,ca10,98-3214
227657,ca10,98-1198
1238662,ca10,07-2101
694203,ca10,01-1055
1292764,ca10,00-1457
680446,ca10,7469
958451,ca10,96-5155
958791,ca10,98-3188
574654,ca10,7003_1
63981512,ca10,No. 3194
65661136,ca10,"Nos. 13-3334, 14-3023"
476997,ca10,02-1234
603279,ca10,95-1234
69660055,ca10,24-6035
65892182,ca10,No. 05-1141
18201324,ca10,20-4046
719239,ca10,240-70
9927,ca10,19-7050
2457292,ca10,9747_1
207766,ca10,77-1382
556966,ca10,"90-2220, 90-2221 and 90-2271"
1653185,ca10,96-6127
471509,ca10,08-8076
1007908,ca10,1230
64004865,ca10,No. 5983
63987176,ca10,No. 3522
63954311,ca10,No. 1196
754890,ca10,96-1093
63965753,ca10,No. 1794
740679,ca10,01-4216
65960913,ca10,No. 15-1235
66796262,ca10,21-2009
1041943,ca10,94-2110
242432,ca10,95-6295
782870,ca10,99-1268
369628,ca10,04-1519
2630183,ca10,14-8078
612207,ca10,91-6270
1997072,ca10,98-4051
1002442,ca10,89-2281
842380,ca10,92-7047
425303,ca10,92-2165
464322,ca10,02-3387
2406559,ca10,4709_1
455804,ca10,04-1249
667402,ca10,85-68_1
1237298,ca10,97-6431
542048,ca10,08-6099
459015,ca10,06-7029
65660963,ca10,No. 13-6141
1593553,ca10,06-1484
540493,ca10,11-5044
997833,ca10,89-8096
1011987,ca10,92-1011
1240629,ca10,02-4159
788063,ca10,"02-8093, 02-8094"
968344,ca10,2741
874472,ca10,00-3357
63933798,ca10,No. 139
65660086,ca10,No. 11-5109
769702,ca10,96-8093
871119,ca10,93-1233-
144412,ca10,12-4182
292863,ca10,14-3066
68403724,ca10,23-6103
271150,ca10,97-1046
782403,ca10,09-1562
252932,ca10,94-4044
422136,ca10,93-8099
6065519,ca10,16-3281
1722112,ca10,06-1331
1144133,ca10,211-70_1
271040,ca10,6018_1
645243,ca10,02-3310
101828,ca10,"01-6238, 01-6242"
510571,ca10,"89-2253, 89-2255"
469671,ca10,08-4184
782237,ca10,98-2275
782848,ca10,98-5064
790880,ca10,06-3282
438896,ca10,10-7095
970819,ca10,"2259, 2287"
66284925,ca10,No. 92-5160
959516,ca10,00-8015
66223816,ca10,No. 85-1737
688320,ca10,98-7147
112939,ca10,12-6042
376081,ca10,93-3113
836660,ca10,01-3390
16538856,ca10,19-1295
1691647,ca10,94-4170
138496,ca10,76-1237
422293,ca10,85-1728
461681,ca10,4191_1
552646,ca10,94-1385
17056180,ca10,19-6140
515733,ca10,96-8069
1145920,ca10,75-1399
224667,ca10,97-5052
784135,ca10,98-5232
276977,ca10,6420
1902013,ca10,10-3002
842323,ca10,92-6117
986629,ca10,500
270533,ca10,96-5235
635119,ca10,81-2064
66193940,ca10,No. 81-1671
763678,ca10,72-1644
554074,ca10,79-1520
293435,ca10,09-4163
958562,ca10,97-6175
1002672,ca10,82-1079
66189591,ca10,No. 79-1486
228175,ca10,99-1359
541465,ca10,03-1271
866221,ca10,12-4197
63981154,ca10,No. 3143
1295069,ca10,71-1258
14530985,ca10,18-6070
191150,ca10,550-69_1
490338,ca10,99-2316
66187696,ca10,No. 79-1102
63933829,ca10,"Nos. 85, 86"
368127,ca10,98-7116
781459,ca10,97-1313
2213827,ca10,96-4163
1237500,ca10,"00-5021, 00-5026"
784864,ca10,00-1238
1033066,ca10,93-1350
68840987,ca10,23-5112
66157245,ca10,No. 9095
1004933,ca10,90-6276
15747640,ca10,18-1267
1054990,ca10,94-8092
1233667,ca10,91-1391
6251325,ca10,17-1071
788937,ca10,04-5173
1021195,ca10,11-2082
959201,ca10,98-6273
207957,ca10,96-6257
960578,ca10,05-2004
480489,ca10,05-7124
181316,ca10,09-1448
6137967,ca10,16-9532
2000300,ca10,10-2084
4479857,ca10,16-1021
2105559,ca10,97-6392
2104405,ca10,93-3061
16774494,ca10,18-9536
64003967,ca10,No. 5839
2296421,ca10,93-6342
645017,ca10,88-1685
584017,ca10,97-2139
467887,ca10,08-7030
356908,ca10,10-4030
452649,ca10,05-2263
64169021,ca10,No. 01-5056
462148,ca10,06-6305
835165,ca10,91-2020
608889,ca10,6724_1
785053,ca10,00-3106
109975,ca10,95-7141
69419878,ca10,24-6081
369604,ca10,04-3099
4488218,ca10,16-1000
64239174,ca10,No. 01-2138
778478,ca10,96-3176
66274867,ca10,No. 91-1089
593024,ca10,06-1290
2325248,ca10,01-2064
960182,ca10,2293
1114318,ca10,10-3019
1259917,ca10,14-1128
228790,ca10,00-9518
645135,ca10,04-1246
2919669,ca10,"13-6164, 13-6210"
66237417,ca10,No. 86-2528
471556,ca10,09-1111
889729,ca10,"11-2023, 11-2031"
2272281,ca10,09-8046
780436,ca10,98-6052
63285628,ca10,21-7046
2919678,ca10,13-1175
547467,ca10,94-3129
64025233,ca10,No. 95-4155
227897,ca10,82-1485
710394,ca10,98-3128
1217163,ca10,96-5245
1565105,ca10,94-4006
1959,ca10,19-1286
2420317,ca10,09-6189
509848,ca10,91-4184
307373,ca10,83-2640
63958359,ca10,No. 1399
70646410,ca10,25-3109
64021398,ca10,No. 94-5023
1007636,ca10,91-4094
66230275,ca10,"Nos. 85-2163, 85-2210"
682098,ca10,7577_1
241378,ca10,96-3290
141729,ca10,95-2163
1197526,ca10,5351_1
2106268,ca10,04-4272
64202686,ca10,No. 01-8026
595458,ca10,07-8058
713369,ca10,75-1821
840244,ca10,06-7099
66655631,ca10,"Nos. 73-1874 to 73-1878, 73-1961 and 73-1962"
66859533,ca10,22-1124
1173368,ca10,80-1067
63937247,ca10,No. 330
534633,ca10,10-2005
656132,ca10,"8855, 8856"
957489,ca10,95-4017
242864,ca10,97-5220
105169,ca10,99-2008
386239,ca10,74-1509
2919687,ca10,13-4150
329213,ca10,98-3293
892697,ca10,96-1195
2156350,ca10,95-3011
646994,ca10,05-3083
1107484,ca10,89-6362
468729,ca10,03-4156
66220677,ca10,No. 85-1094
1042750,ca10,3765
644310,ca10,03-8098
64017007,ca10,"Nos. 92-4049, 92-4054 and 92-4183"
1046919,ca10,94-3287
479376,ca10,"02-4228, 02-4225"
956714,ca10,81-1920
757238,ca10,12-5044
918535,ca10,12-3250
735793,ca10,04-2259
66166448,ca10,No. 71-1085
593649,ca10,11-1322
846884,ca10,95-3191
710656,ca10,143-69_1
69839576,ca10,25-5003
146175,ca10,96-1132
817316,ca10,98-2211
8096667,ca10,18-8046
67810502,ca10,22-3009
466394,ca10,"07-1389, 07-1390, 07-1442"
69998966,ca10,24-1051
17440777,ca10,20-6037
68357027,ca10,23-2116
921441,ca10,00-1086
503828,ca10,84-1932
1610423,ca10,"07-9542, 07-9545"
66789225,ca10,22-2127
381324,ca10,6748
3046548,ca10,16-6009
1080396,ca10,01-6105
7046542,ca10,17-3172
2087748,ca10,"97-5004, 97-5132"
960740,ca10,08-1245
645153,ca10,03-8071
1006197,ca10,90-3283
338926,ca10,7457
1014866,ca10,92-3002
958406,ca10,97-2268
3081897,ca10,14-4096 and 14-4097 14-4097
289410,ca10,13-2109
3007038,ca10,15-6109
727174,ca10,1054
2105734,ca10,98-4094
589707,ca10,04-6066
259318,ca10,5770
593710,ca10,07-4017
1550805,ca10,08-1105
590755,ca10,03-4098
823735,ca10,89-6016
66158677,ca10,No. 9503
60423,ca10,"77-1821, 77-1822"
68058859,ca10,23-3105
958376,ca10,96-6411
4481381,ca10,15-1453
700206,ca10,514-70_1
2572381,ca10,1811
6289902,ca10,17-1353
788513,ca10,03-8005
63970742,ca10,No. 1978
595132,ca10,07-6245
581050,ca10,09-1559
1961238,ca10,09-8082
957675,ca10,96-5050
66262834,ca10,Nos. 85-1738 to 85-1742 and 85-1811
784783,ca10,00-1112
63969924,ca10,No. 1867
63943252,ca10,Nos. 622-625
784026,ca10,99-7108
2447504,ca10,4752_1
63963575,ca10,No. 1675
1432824,ca10,95-6010
4538533,ca10,15-3114
959683,ca10,00-4061
847527,ca10,93-3149
2156281,ca10,4754-4758
674774,ca10,7191_1
1013857,ca10,91-7098
2919683,ca10,13-1377
959216,ca10,3575
38150,ca10,93-1272
63977092,ca10,"Nos. 2646, 2647"
55542,ca10,"01-4131, 01-4144"
950692,ca10,80-1682
872485,ca10,98-6214
2460512,ca10,02-4154
4658763,ca10,16-1083
788896,ca10,03-8091
4571743,ca10,16-8097
872197,ca10,98-1001
769708,ca10,96-1421
63934327,ca10,No. 318
480490,ca10,05-8037
747924,ca10,98-4158
723146,ca10,1155
540788,ca10,00-3008
227254,ca10,97-3016
166556,ca10,00-3247
789582,ca10,08-2141
1841628,ca10,94-1318
63169971,ca10,20-3234
462067,ca10,02-7032
2661246,ca10,15-6014
66772859,ca10,21-4130
171194,ca10,6032
842262,ca10,91-2098
66182689,ca10,No. 76-1631
788592,ca10,02-9596
958359,ca10,97-6062
1556210,ca10,08-3155
65906795,ca10,"Nos. 04-7116, 05-7116"
1072527,ca10,02-6101
393317,ca10,79-1594
839796,ca10,92-1026
63939827,ca10,"Nos. 503, 504"
831890,ca10,90-6339
65695276,ca10,"Nos. 03-4103, 03-4112"
56253,ca10,01-2052
6125352,ca10,16-9524
714514,ca10,440-69_1
2098016,ca10,98-4175
430700,ca10,10-1514
295147,ca10,95-2074
1538071,ca10,07-1521
452188,ca10,12-6026
789585,ca10,08-3102
371746,ca10,92-2147
589954,ca10,05-9543
66155880,ca10,No. 7969
69127629,ca10,24-6024
6172383,ca10,17-4078
1004912,ca10,91-6101
589706,ca10,05-2298
1387823,ca10,"04-2224, 04-2226, 04-2348"
64018794,ca10,No. 93-2307
243757,ca10,03-4235
702579,ca10,285-70_1
799388,ca10,10-1062
655137,ca10,8891_1
780255,ca10,97-3073
1028666,ca10,93-4084
883481,ca10,13-6019
228852,ca10,"01-1335, 01-1336, 01-1337"
12038,ca10,18-90
1011517,ca10,91-3275
945077,ca10,96-9537
63947909,ca10,No. 821
384403,ca10,10-5017
67979945,ca10,22-1392
1050962,ca10,94-3280
997541,ca10,2386
637145,ca10,81-2244
33050,ca10,87-1797
723066,ca10,5296
63980765,ca10,No. 3042
539814,ca10,96-2110
16596055,ca10,18-1357
227628,ca10,98-3002
6329452,ca10,17-2168
866466,ca10,00-6453
789423,ca10,07-2097
294097,ca10,97-2280
1082832,ca10,12-3048
329597,ca10,98-2255
674731,ca10,85-2817
782902,ca10,99-1062
64022610,ca10,No. 94-5135
6237480,ca10,17-4021
66803750,ca10,22-6104
783162,ca10,99-5207
907991,ca10,12-2104
556627,ca10,90-5192
368130,ca10,98-8015
1336786,ca10,08-5092
15852447,ca10,18-2116
669952,ca10,8053_1
1080437,ca10,11-5066
506130,ca10,97-3177
891520,ca10,72-1695
575522,ca10,09-4224
2614998,ca10,14-5043
4670268,ca10,15-3084
66210032,ca10,"Nos. 83-2226, 83-2227, 83-2277, 83-2504, 83-2524, 84-1349, 84-1352, 84-1482 and 84-1908"
744348,ca10,12-6151
825647,ca10,85-2536
2175948,ca10,83-2561
3047869,ca10,15-1331
748840,ca10,73-1398
591007,ca10,05-2349
830158,ca10,82-1281
934013,ca10,79-2070
918348,ca10,13-3002
29657,ca10,13-1384
229940,ca10,03-3241
834745,ca10,90-5195
64023440,ca10,No. 94-1292
645093,ca10,04-6082
589768,ca10,05-4167
673438,ca10,7118_1
220237,ca10,02-6244
754328,ca10,95-3348
757777,ca10,75-1806
756409,ca10,01-3174
844765,ca10,10-3227
542233,ca10,97-2272
311144,ca10,"78-1832, 78-1865"
755423,ca10,12-5033
1016236,ca10,91-2065
328975,ca10,91-2271
2106576,ca10,93-4105
141861,ca10,5873
789047,ca10,04-1504
287921,ca10,88-1855
14667761,ca10,18-4138
487166,ca10,96-2099
764396,ca10,96-3303
1909220,ca10,10-6184
64282770,ca10,No. 01-7085
509331,ca10,8772
646506,ca10,04-6277
500757,ca10,82-2418
1026650,ca10,93-1009
69566612,ca10,23-3232
226805,ca10,96-5034
1967508,ca10,04-2324
1084413,ca10,12-2147
242338,ca10,95-6092
1008211,ca10,91-7030
2441558,ca10,94-1359
939108,ca10,92-6408
458907,ca10,06-2129
1017851,ca10,92-2185
172941,ca10,5344
1664101,ca10,520-22-7750
692928,ca10,6866_1
339819,ca10,"10-3306, 11-3009"
958777,ca10,98-1259
541401,ca10,02-9532
198180,ca10,4177
66163928,ca10,No. 118-70
388935,ca10,94-1161
380390,ca10,"93-4193, 93-4222"
631986,ca10,93-1400
962766,ca10,438
69012621,ca10,23-7042
930623,ca10,05-4234
2492747,ca10,199-70_1
555640,ca10,91-1056
765294,ca10,72-1366
243310,ca10,00-6188
301048,ca10,6346
243235,ca10,04-1259
2138530,ca10,1199
853613,ca10,94-1481
485299,ca10,5062_1
66244204,ca10,No. 88-1437
468203,ca10,4269_1
65964286,ca10,No. 16-1147
1007906,ca10,88-2833
64010021,ca10,No. 6863
287071,ca10,09-8099
7776325,ca10,17-7065
587545,ca10,10-2129
66262835,ca10,No. 89-1353
459439,ca10,06-6335
66803173,ca10,22-9514
785693,ca10,00-1199
834289,ca10,91-7103
2649263,ca10,14-6220
963185,ca10,09-6257
1407489,ca10,88-2875
787599,ca10,"02-2128, 02-2129"
1212253,ca10,05-3390
540546,ca10,97-1239
452551,ca10,95-4101
66161745,ca10,No. 9869
77547,ca10,13-5046
540876,ca10,00-3069
456873,ca10,06-2063
833667,ca10,91-6157
64012358,ca10,No. 7300
628387,ca10,74-1326
64281646,ca10,No. 01-1323
398097,ca10,12-2113
484479,ca10,96-2143
68124533,ca10,23-3261
656575,ca10,9199
2105974,ca10,99-6205
957892,ca10,82-2356
590217,ca10,05-3128
1120783,ca10,92-1067
331516,ca10,98-4057
73898,ca10,89-6404
1676886,ca10,72-1455
2919642,ca10,13-7027
615466,ca10,92-2011
65962629,ca10,No. 16-2005
1127617,ca10,"77-2076, 77-2077"
66156537,ca10,No. 8234
959609,ca10,99-6390
2105570,ca10,05-4146
770020,ca10,73-1169
651999,ca10,7017
6160030,ca10,17-3002
728727,ca10,95-9513
64002661,ca10,No. 5596
2405171,ca10,5955
227896,ca10,"82-2095, 82-2166 and 83-1277"
1023925,ca10,11-4150
14516279,ca10,17-6206
63972722,ca10,Nos. 2157 and 2158
426334,ca10,8287
4112932,ca10,15-5034
2106660,ca10,02-7114
65890508,ca10,No. 05-3291
6129509,ca10,16-4160
849861,ca10,11-6171
1912654,ca10,12-2073
483224,ca10,8674
1248329,ca10,"03-1274, 03-1303"
1232592,ca10,78-2014
291700,ca10,13-3190
1036,ca10,19-3047
646436,ca10,04-1228
66260052,ca10,No. 90-2113
6131888,ca10,17-7020
658358,ca10,9541
590614,ca10,11-1556
315545,ca10,08-1455
531574,ca10,11-1013
2419094,ca10,94-1507
552888,ca10,98-9512
103673,ca10,92-4136
2184330,ca10,10-7084
56465,ca10,13-2141
348723,ca10,8665
1439725,ca10,89-6270
64274854,ca10,No. 01-6117
699608,ca10,8786_1
2096281,ca10,"94-2285, 95-2004"
242834,ca10,98-1096
4538539,ca10,15-2161
439025,ca10,96-5247
1099261,ca10,1711
1131958,ca10,90-4141
838159,ca10,91-5010
17027829,ca10,19-3269
593426,ca10,07-1185
294158,ca10,6081
958479,ca10,96-3243
592995,ca10,06-1289
3008735,ca10,15-6074
63965791,ca10,No. 1783
69066693,ca10,23-6094
1572301,ca10,07-2123
642969,ca10,09-1378
1221757,ca10,11-3318
419582,ca10,95-7160
66163371,ca10,No. 461-70
59945554,ca10,20-6195
1487051,ca10,81-2155
875724,ca10,05-216903-1251
67927276,ca10,23-4141
510029,ca10,92-2112
679448,ca10,00-3253
662063,ca10,10-4209
226419,ca10,82-1323
2200376,ca10,4550_1
1424270,ca10,98-1158
2105442,ca10,"97-6110, 97-6122"
785832,ca10,"01-1229, 01-1239"
17230260,ca10,19-5059
815127,ca10,86-1521
2106299,ca10,00-1458
242725,ca10,96-2258
590103,ca10,05-2224
68087586,ca10,22-6182
923904,ca10,82-1725
783112,ca10,99-5133
256479,ca10,03-6256
540212,ca10,97-6272
8035006,ca10,18-3083
3088759,ca10,15-7076
1916004,ca10,10-3034
362813,ca10,"93-3216, 93-3217"
14533072,ca10,17-1269
77539,ca10,85-1026
470621,ca10,09-5052
948485,ca10,78-1620
298036,ca10,00-1465
542090,ca10,07-2100
493095,ca10,11-5010
2085995,ca10,04-2327
525328,ca10,92-2023
1176354,ca10,08-3115
86686,ca10,04-4314
4614573,ca10,16-8028
63990374,ca10,No. 3715
878360,ca10,11-6097
4669856,ca10,16-1453
594997,ca10,07-9008
229179,ca10,02-1377
7081399,ca10,17-5083
720606,ca10,181-70_1
358265,ca10,12-1474
150286,ca10,13-9554
65663006,ca10,No. 16-1396
64099072,ca10,"No. 01-4216, 01-4217, 01-4220"
64012372,ca10,No. 7394
308860,ca10,10-6169
1039394,ca10,93-3317
2047000,ca10,89-2056
567403,ca10,6721_1
788829,ca10,03-3262
65408511,ca10,21-1377
650358,ca10,90-6379
847032,ca10,10-1530
63975837,ca10,No. 2545
4610494,ca10,"15-3130, 15-3134"
1084704,ca10,12-6121
750486,ca10,72-1090
1018008,ca10,92-1368
8034442,ca10,17-6208
1282491,ca10,7784_1
853633,ca10,94-7039
661533,ca10,96-1216
646546,ca10,04-6247
426157,ca10,11-6002
464401,ca10,03-4288
644564,ca10,04-1313
6246732,ca10,"14-1313, 14-1331, 14-1338, 14-1340, 14-1343, 14-1407, 14-1484, 15-1060"
353295,ca10,13-1530
440373,ca10,3980_1
488107,ca10,99-1330
2657816,ca10,13-5042
831677,ca10,89-2203
3017487,ca10,15-4026
559836,ca10,91-1054
933867,ca10,09-3138
871000,ca10,97-7136
66179225,ca10,No. 76-1095
576518,ca10,11-7014
769582,ca10,96-7086
1065409,ca10,99-2068
655847,ca10,97-6121
63996593,ca10,"Nos. 4326, 4327"
1133194,ca10,02-4187
1002149,ca10,90-1025
4561950,ca10,15-4171
345182,ca10,96-1384
1598340,ca10,13-5051
66273446,ca10,No. 90-2287
83677,ca10,74-1468
718183,ca10,29-70
2096357,ca10,98-1055
1075545,ca10,12-8054
6352047,ca10,17-2056
439339,ca10,02-4168
826105,ca10,89-5080
65663346,ca10,No. 18-9520
623743,ca10,89-1209
451622,ca10,5987_1
66275119,ca10,"Nos. 92-1071, 92-1078 and 92-1107"
59875742,ca10,20-5016
568811,ca10,94-7143
64001685,ca10,No. 5488
751704,ca10,71-1648
876913,ca10,11-5169
781870,ca10,98-2204
839118,ca10,92-2057
1033092,ca10,93-6092
230851,ca10,08-3024
600150,ca10,95-7126
789014,ca10,04-3466
2666853,ca10,13-4127
959192,ca10,97-7115
377392,ca10,82-1959
1545452,ca10,95-2076
69905790,ca10,24-2101
391010,ca10,75-1278
63975401,ca10,No. 2467
63363345,ca10,21-3130
63943102,ca10,No. 698
643026,ca10,09-1335
66160310,ca10,No. 89-68
839265,ca10,92-4020
765360,ca10,72-1010
722378,ca10,92-2139
491618,ca10,96-6230
387910,ca10,89-6017
559751,ca10,91-3213
655313,ca10,8689
658342,ca10,9477
958408,ca10,97-3162
454753,ca10,04-1330
814128,ca10,86-2475
1500611,ca10,92-3157
959267,ca10,99-8023
787613,ca10,02-7074
780021,ca10,97-4109
637827,ca10,03-2075
4544401,ca10,16-1302
821333,ca10,87-1443
970741,ca10,84-1107
606852,ca10,95-9527
1018884,ca10,92-1269
918104,ca10,13-4080
314802,ca10,13-2057
665259,ca10,"95-4135, 95-4136"
958843,ca10,98-7050
832979,ca10,87-2247
270382,ca10,5901
1038009,ca10,94-6115
2608306,ca10,14-4006
660711,ca10,83-2578
1183406,ca10,97-5163
364874,ca10,93-1108
453060,ca10,05-6190; D.C. 04-CR-208-F
130313,ca10,6565_1
186055,ca10,7311_1
243224,ca10,98-4169
957834,ca10,96-6075
1913574,ca10,10-9004
361999,ca10,09-2272
561393,ca10,82-2113
611235,ca10,4767_1
293862,ca10,82-1584
126626,ca10,12-4058
805707,ca10,01-9005
16762768,ca10,18-1342
341259,ca10,10-1568
841030,ca10,92-5010
111876,ca10,12-1087
957931,ca10,97-1056
799822,ca10,"85-1442, 85-1461, 85-1817 and 85-1819"
1329412,ca10,95-6349
1973262,ca10,95-8057
770786,ca10,80-1926
649415,ca10,12-1162
2656230,ca10,14-5112
231252,ca10,5732
74124,ca10,"99-5136, 99-5148"
1073932,ca10,12-2075
470527,ca10,08-6189
595735,ca10,08-3008
532495,ca10,09-5125
972160,ca10,83-1292
1102631,ca10,1119
63997866,ca10,No. 4658
788794,ca10,03-6231
69785077,ca10,24-5055
1239131,ca10,4137
2650324,ca10,14-9551
66178216,ca10,No. 75-1382
1687827,ca10,11-3181
6128790,ca10,16-1152
814089,ca10,86-1710
1906200,ca10,09-1533
804418,ca10,97-4080
440390,ca10,95-4186
927413,ca10,95-2271
353772,ca10,8002_1
463770,ca10,02-4221
966906,ca10,3070
1896151,ca10,05-2296
68550173,ca10,23-3167
537888,ca10,92-6121
476254,ca10,03-6270
66192301,ca10,No. 81-1379
642795,ca10,09-3126
63977117,ca10,No. 2688
654109,ca10,99-6241
788980,ca10,04-7076
375945,ca10,76-1013
3085025,ca10,15-6152
464532,ca10,07-1121
663031,ca10,10098_1
6387090,ca10,17-4124
596790,ca10,08-2076
558341,ca10,90-2276
486969,ca10,5063_1
453649,ca10,97-6040
1375442,ca10,10-3319
63972084,ca10,No. 2248
64921710,ca10,21-3171
149601,ca10,91-1013
24195,ca10,08-3278
837843,ca10,92-6091
827757,ca10,"87-2127, 88-1421, 88-1521, 88-2309, 89-5035 and 89-5063"
1079960,ca10,12-1285
467740,ca10,08-4052
653904,ca10,"98-2012, 98-2031"
254733,ca10,"77-1433, 77-1434 and 77-1435"
286584,ca10,"87-1651, 87-1712"
853595,ca10,95-6455
68227179,ca10,23-5078
1281819,ca10,96-6022
592946,ca10,06-9509
434018,ca10,81-1945
939663,ca10,"91-6147, 91-6148"
511723,ca10,91-4033
646977,ca10,05-6028
388942,ca10,94-8034
701689,ca10,5748
1888747,ca10,10-2122
561811,ca10,09-9559
65908935,ca10,No. 06-4080
1475540,ca10,95-3259
1312297,ca10,06-6090
1030033,ca10,93-3310
960397,ca10,01-4104
541661,ca10,04-3435
559071,ca10,95-6354
6777595,ca10,18-1022
819923,ca10,11-3224
562905,ca10,92-9515
644675,ca10,03-3248
1372344,ca10,83-2125
278594,ca10,6510
459697,ca10,"05-1284, 05-1420"
462760,ca10,02-3253
527267,ca10,76-2048
597436,ca10,08-2175
958954,ca10,98-2178
1269828,ca10,08-1182
1049373,ca10,08-4031
452498,ca10,05-1425
1129644,ca10,10-9531
64015400,ca10,No. 93-6083
1405759,ca10,96-1542
69063283,ca10,24-1078
7969154,ca10,17-2077
2606642,ca10,14-1065
691375,ca10,6737
69230748,ca10,24-1176
597712,ca10,09-3067
480476,ca10,05-3235
2132404,ca10,71-1148
63981550,ca10,No. 3208
787919,ca10,02-3094
62100,ca10,5288
1506504,ca10,89-6109
1847308,ca10,95-3017
62629361,ca10,21-1143
324402,ca10,5177
265821,ca10,5483_1
590179,ca10,06-6068
3057097,ca10,15-1332
1040142,ca10,93-5191
63957279,ca10,No. 1351
789656,ca10,"74-1196, 74-1391"
1016479,ca10,92-6275
1304741,ca10,93-1440
63947953,ca10,"Nos. 908, 920"
957551,ca10,95-1538
847424,ca10,91-6135
816603,ca10,"97-5063, 97-5208"
575675,ca10,10-2250
7728862,ca10,18-4041
235467,ca10,5327_1
589704,ca10,05-4120
595415,ca10,06-2224
63977310,ca10,No. 2767
475546,ca10,04-7024
64016549,ca10,"Nos. 92-4188, 92-4193"
2032,ca10,19-1288
544880,ca10,86-1970
675037,ca10,7261
878953,ca10,11-4152
17057,ca10,92-2135
567498,ca10,6939_1
847947,ca10,92-2285
1068988,ca10,97-7107
678087,ca10,7467
1152595,ca10,09-3002
921649,ca10,02-2145
2105452,ca10,98-1087
466045,ca10,07-2203
104656,ca10,92-2032
2264726,ca10,7745
7673664,ca10,17-1321
855255,ca10,94-3368
69181011,ca10,23-8084
1440480,ca10,36-69_1
1055914,ca10,"92-2042, 92-2054 and 92-2084"
66213857,ca10,No. 84-2037
974991,ca10,86-1353
760537,ca10,80-1420
551979,ca10,94-1592
64282894,ca10,No. 01-3180
643038,ca10,08-8085
14570251,ca10,18-3003
1549867,ca10,"94-6128, 94-6140, and 94-6152"
958959,ca10,97-3346
841216,ca10,12-1127
64231262,ca10,No. 01-6387
570291,ca10,94-1471
66631829,ca10,20-4053
65663511,ca10,No. 18-4023
17082,ca10,04-8024
793805,ca10,"09-1251, 09-1263, 09-1264, 09-1265, 09-1278, 09-1279"
959564,ca10,"99-1377, 99-1391"
1426042,ca10,91-1296
787948,ca10,02-3194
333457,ca10,7083
63933804,ca10,No. 6
596157,ca10,07-1180
2037416,ca10,96-1453
1362839,ca10,06-4100
179443,ca10,5261_1
1006601,ca10,90-2261
2609552,ca10,"13-4155, 13-4159"
698559,ca10,8268-8270
2026989,ca10,5891
1240510,ca10,5151_1
66284549,ca10,No. 92-2118
520435,ca10,02-6193
557167,ca10,91-6028
230221,ca10,05-5054
485196,ca10,96-6282
18505168,ca10,19-3049
63981003,ca10,No. 3235
63343539,ca10,21-9551
2106105,ca10,99-2007
1068658,ca10,99-7145
760043,ca10,"00-5235, 00-5236, 00-5241, 00-5242, 00-5144"
66241485,ca10,"Nos. 87-1603, 87-2185"
2526217,ca10,1998
673436,ca10,7019_1
445844,ca10,98-6143
312462,ca10,13-8086
18604740,ca10,19-1471
277490,ca10,85-2002
4115492,ca10,15-1247
68491051,ca10,23-6203
64001296,ca10,"Nos. 5180, 5181"
1045258,ca10,94-1069
1008379,ca10,91-9539
63936389,ca10,No. 408
251004,ca10,13-2084
524884,ca10,97-1147
329999,ca10,91-2177
1860789,ca10,"09-4207, 09-4217"
592581,ca10,06-1169
483559,ca10,10-5122
227759,ca10,98-1064
69054689,ca10,24-1042
1069986,ca10,97-2187
2006703,ca10,93-1184
475618,ca10,04-1080
1070669,ca10,98-3186
6136594,ca10,16-5159
66203563,ca10,No. 82-1384
467995,ca10,07-4191
242321,ca10,95-8051
243746,ca10,03-4102
820978,ca10,87-2531
220530,ca10,80-1458
600618,ca10,99-2117
243249,ca10,99-9526
781848,ca10,97-2313
652591,ca10,91-6370
258257,ca10,5780_1
590185,ca10,"04-2344, 05-2033"
932196,ca10,76-1867
707899,ca10,95-69
1419607,ca10,96-2225
66246401,ca10,"Nos. 87-1486, 87-1490"
1874622,ca10,11-5072
843858,ca10,92-6387
835683,ca10,91-2093
1117591,ca10,84-1830
1258869,ca10,85-1736
948121,ca10,79-1149
491615,ca10,96-5171
696824,ca10,8289
18443280,ca10,18-4110
846973,ca10,11-6314
1560664,ca10,98-2060
1503289,ca11,94-8551
1232635,ca11,82-8478
152372,ca11,86-5259
2400487,ca11,89-3879
1444362,ca11,84-5036
1529358,ca11,88-8230
2920392,ca11,09-14006
2077442,ca11,90-5524
1445925,ca11,13-14772
68318276,ca11,24-10199
2466492,ca11,97-3071
164726,ca11,05-10241
524725,ca11,"05-16314, 05-16315"
211865,ca11,97-6206
68857794,ca11,22-13382
213794,ca11,97-6604
2216066,ca11,82-5688
2287268,ca11,92-2181
2029848,ca11,10-10756
2408674,ca11,95-8814
1425806,ca11,95-9578
2494110,ca11,962913
586993,ca11,10-13041
1046558,ca11,94-8592
6349351,ca11,17-13352
2488564,ca11,89-5382
16869154,ca11,15-12130
4113125,ca11,16-14597-J
8447030,ca11,18-13554
39435,ca11,84-8380
19444,ca11,96-2364
70729786,ca11,25-11885
191300,ca11,99-10279
478338,ca11,83-8872
1113944,ca11,03-15136
2199309,ca11,09-15831
257384,ca11,93-5092
146261,ca11,93-4293
8283774,ca11,17-14547
66265198,ca11,No. 89-8540
992575,ca11,"84-3256, 84-3603"
1479482,ca11,88-5922
2039783,ca11,94-9046
1866350,ca11,96-4287
2365622,ca11,90-7211
2108100,ca11,08-11452
176340,ca11,12-12464
302238,ca11,04-15948
2473375,ca11,85-3983
170587,ca11,05-17112
2430407,ca11,97-6933
1991575,ca11,88-7645
685686,ca11,12-15787
2668521,ca11,14-13132
4545711,ca11,15-13056 Non-Argument Calendar
816839,ca11,1564
16061210,ca11,18-10267
2101337,ca11,92-6445
608388,ca11,97-8898
65728006,ca11,No. 09-10213
39120,ca11,05-13010
63587,ca11,07-11733
3079355,ca11,13-13719
212898,ca11,02-12230
1985677,ca11,95-2627
247580,ca11,83-8003
2037590,ca11,92-8549
65705165,ca11,No. 12-10769
1416570,ca11,89-8397
60494828,ca11,20-13868
2903850,ca11,11-13998
60642414,ca11,19-12655
619112,ca11,91-7744
508849,ca11,92-8447
646025,ca11,12-10906
41919,ca11,05-11484; D.C. Docket 03-00431-CR-BBM-1
1256872,ca11,92-6742
201346,ca11,07-14923
1036412,ca11,92-2042
65213200,ca11,No. 91-7669
2470997,ca11,82-5429
153324,ca11,06-14207
2074518,ca11,93-6711
187215,ca11,05-10127; D.C. Docket 03-80146-CR-KAM
66272732,ca11,No. 91-8639
730815,ca11,83-7212
69248975,ca11,22-10967
1294134,ca11,11-12421
937477,ca11,96-3433
1450215,ca11,85-3277
2669207,ca11,13-14028
2022795,ca11,05-15700
65342802,ca11,21-13957
4118313,ca11,15-13967
201584,ca11,07-12077
725248,ca11,90-3291
2387988,ca11,90-5825
2293000,ca11,94-4593
73189,ca11,94-3616
586095,ca11,09-14033
101728,ca11,91-7695
1391553,ca11,14-11371
67634437,ca11,21-10618
6326505,ca11,16-15521
2921259,ca11,08-11474
491189,ca11,91-7332
4423849,ca11,15-14069
65882874,ca11,No. 96-9475
395739,ca11,99-10045
2467329,ca11,95-9309
755748,ca11,13-15943
217140,ca11,06-15582
877597,ca11,12-10243
2369509,ca11,88-5155
238309,ca11,00-12624
2500067,ca11,83-5277
59299745,ca11,19-15156
1050862,ca11,07-15799
721409,ca11,10-14622
858459,ca11,09-12999
2125202,ca11,82-7150
421255,ca11,96-4514
755382,ca11,10-15928
8454979,ca11,17-13900
1223934,ca11,13-13185
16175177,ca11,19-10700
65705529,ca11,No. 12-12230
402798,ca11,97-4516
67634893,ca11,23-10554
63230390,ca11,21-11379
247553,ca11,86-7037
418285,ca11,94-8607
337924,ca11,06-14092
6127806,ca11,16-16760 Non-Argument Calendar
1885338,ca11,10-14396
2446897,ca11,97-9273
4115934,ca11,15-12236
2500853,ca11,97-8054
1667920,ca11,95-6671
230832,ca11,07-12633
2089726,ca11,83-3154
2085628,ca11,92-6166
65925753,ca11,No. 07-12451
2108905,ca11,87-8005
2628955,ca11,14-11550
1713923,ca11,88-8780
2025283,ca11,06-13694
769543,ca11,83-5446
384036,ca11,98-5189
2258511,ca11,96-2633
1663699,ca11,05-13983; D.C. Docket 03-00365-CV-FTM-DNF
59881950,ca11,20-11931
2037945,ca11,"97-5879, 98-5121"
66250292,ca11,No. 88-7784
18412902,ca11,19-14798
1219396,ca11,06-12887
212089,ca11,97-5121
507908,ca11,89-4002
48829,ca11,05-17099
63888986,ca11,21-10586
1485126,ca11,88-3287
2112626,ca11,96-2162
2308553,ca11,95-4196
494013,ca11,82-7131
820017,ca11,88-5411
828492,ca11,"89-8464, 89-8921"
787447,ca11,07-14097
213344,ca11,06-13782
325852,ca11,96-2154
2502209,ca11,97-3373
3020073,ca11,15-10500
2441436,ca11,85-5330
3068056,ca11,15-11895
1231926,ca11,05-11852
254739,ca11,99-6100
396494,ca11,99-11179
741761,ca11,02-12054
308679,ca11,89-5489
2452049,ca11,96-6229
1748371,ca11,96-2474
235615,ca11,94-6316
4110504,ca11,16-13626
1118013,ca11,06-16066
1385310,ca11,91-3756
149177,ca11,13-12821
292050,ca11,10-10552
61781726,ca11,21-10453
2906203,ca11,11-10035
844380,ca11,10-15706
65708270,ca11,No. 08-13655
2389293,ca11,95-2471
2390133,ca11,95-6352
3052812,ca11,15-10100
981390,ca11,87-5263
7605338,ca11,17-11955
425511,ca11,97-2144
1378022,ca11,85-8968
2058629,ca11,93-4882
397552,ca11,01-14688
238532,ca11,07-15016
18483338,ca11,20-10430
1498622,ca11,87-7530
1226439,ca11,91-4055
397799,ca11,02-16433
420311,ca11,10-13019
204709,ca11,08-11111
1760160,ca11,97-5439
346482,ca11,89-8274
50072,ca11,85-7509
2087729,ca11,96-9372
1794453,ca11,90-3898
1424915,ca11,91-8949
16671685,ca11,19-12676
59801607,ca11,19-14110
1160941,ca11,84-9019
66739382,ca11,22-12282
2920210,ca11,09-13480
169809,ca11,04-12665
65687284,ca11,No. 04-14140
16740048,ca11,18-14013
198414,ca11,05-13826; BIA A28-654-740
1788505,ca11,85-7754
198085,ca11,05-16201
60313601,ca11,21-10500
63183498,ca11,21-12917
2461623,ca11,89-3262
1093856,ca11,97-6286
1002074,ca11,91-3808
2628851,ca11,13-11601
59942,ca11,13-10999
74809,ca11,96-4852
2916168,ca11,11-10920
409633,ca11,"82-3108, 82-3109"
66246535,ca11,No. 88-5884
1046483,ca11,92-6827
529687,ca11,"82-8266, 82-8275"
2470142,ca11,95-6349
372690,ca11,08-10889
66240076,ca11,"Nos. 87-5866, 88-5015"
443521,ca11,85-3884
2465611,ca11,93-7074
18514082,ca11,19-15082
398699,ca11,06-10159
169597,ca11,10-12656
2498299,ca11,97-9030
1271581,ca11,10-12619
37993,ca11,06-13067
770799,ca11,12-16308
2502153,ca11,97-5562
98829,ca11,96-4351
27394,ca11,88-3985
68244230,ca11,22-13590
2352035,ca11,07-14888
521712,ca11,94-4008
272933,ca11,05-13352
2381289,ca11,93-9053
831365,ca11,"89-3942, 89-4007"
1217443,ca11,06-16284
65262006,ca11,21-13978
887947,ca11,12-15219
1647501,ca11,96-4261
1352475,ca11,97-5362
1408800,ca11,91-5428
1850401,ca11,95-9058
1117305,ca11,95-8594
1350812,ca11,91-5495
2447249,ca11,97-8769
1537097,ca11,97-2745
317789,ca11,04-14369; D.C. Docket 04-20229-CR-DLG
2482454,ca11,97-3290
7511508,ca11,17-15658
2479579,ca11,84-3452
66205727,ca11,No. 84-3057
65684468,ca11,No. 04-13428; D.C. Docket No. 03-00122-CR-FTM-29-DNF
1056798,ca11,93-3463
2916932,ca11,11-10926
68301724,ca11,22-14187
3024437,ca11,14-15719
1320843,ca11,92-2951
1498465,ca11,85-7289
195074,ca11,05-10884; D.C. Docket 04-00636-CV-ORL-28JGG
772360,ca11,82-8247
1211492,ca11,93-6839
113228,ca11,97-2618
60067667,ca11,20-13023
66209863,ca11,No. 84-3598
1624431,ca11,85-8159
2367407,ca11,96-4908
1219189,ca11,07-10439
250621,ca11,89-7201
1258830,ca11,12-10694
2637939,ca11,14-14448
1648488,ca11,97-6088
1827112,ca11,94-8175
1183865,ca11,97-8220
234941,ca11,08-15102
7656527,ca11,17-15271
1935386,ca11,12-13094
1193127,ca11,91-8386
183709,ca11,06-13797
2126957,ca11,89-7288
193378,ca11,09-13291
2147086,ca11,88-3763
351022,ca11,13-15127
1303675,ca11,12-16145
271349,ca11,84-7311
383883,ca11,10-10940
2916674,ca11,11-11527
686878,ca11,12-14132
60057222,ca11,20-14739
43290,ca11,04-15174; D.C. Docket 04-20036-CR-UUB
2455238,ca11,89-5501
1549646,ca11,95-5092
742399,ca11,02-13488
536038,ca11,90-7108
1199199,ca11,08-11121
1055877,ca11,87-3872
2650996,ca11,14-11117
301417,ca11,05-12770
1429944,ca11,83-7298
69026589,ca11,24-10139
293822,ca11,"11-11906, 11-12568, 11-12441"
1197377,ca11,10-13258
2042846,ca11,91-8615
679497,ca11,83-8504
2488288,ca11,94-4051
395402,ca11,98-8870
927165,ca11,09-12416
290050,ca11,81-5161
2482678,ca11,81-7783
16061624,ca11,18-15171
235864,ca11,95-3214
1247027,ca11,86-3250
2443059,ca11,84-8667
67431595,ca11,23-11040
1054444,ca11,93-5123
893856,ca11,06-11117
2314621,ca11,97-2968
1023245,ca11,11-12856
2641740,ca11,13-13743
64912909,ca11,21-14190
1811541,ca11,85-3913
1562700,ca11,89-5088
1401759,ca11,10-10827
1224862,ca11,11-14722
2497214,ca11,91-4174
60390038,ca11,20-12012
7641988,ca11,17-12744
60187611,ca11,19-14353
2159162,ca11,96-6630
2919075,ca11,10-11185
2919157,ca11,09-15283
329484,ca11,89-3712
65686906,ca11,No. 05-10178; D.C. Docket No. 04-00008-CR-HL-6
2913857,ca11,11-16076
834708,ca11,91-8098
6384755,ca11,16-15782
66741641,ca11,22-12135
397062,ca11,00-11491
1879873,ca11,09-15300
6058183,ca11,16-15123 Non-Argument Calendar
304766,ca11,10-12000
1858891,ca11,10-13002
63243477,ca11,20-13733
71086,ca11,08-13840
2147258,ca11,93-8547
3048511,ca11,15-11771
274159,ca11,89-7060
971734,ca11,85-8617
16009478,ca11,17-14807
60418109,ca11,20-13699
833998,ca11,95-3255
2904741,ca11,11-11352
1422013,ca11,84-3277
876992,ca11,10-15041
2165585,ca11,95-6663
233388,ca11,07-14412
394705,ca11,96-8891
1987472,ca11,11-14381
1702917,ca11,91-7069
398760,ca11,"05-12100, 05-13021"
389351,ca11,85-7795
2613003,ca11,14-11513
1486726,ca11,86-7110
171874,ca11,10-12026
65964167,ca11,No. 16-11543 Non-Argument Calendar
395811,ca11,98-5292
65684264,ca11,No. 04-12280; D.C. Docket No. 01-03993-CV-ASG
1376189,ca11,95-9100
236013,ca11,95-9059
616152,ca11,93-9345
1051216,ca11,96-9476
1985291,ca11,86-3223
6081057,ca11,15-10602
938684,ca11,91-3973
1117362,ca11,05-16985
982879,ca11,85-8841
1978137,ca11,10-13006
2917135,ca11,11-10318
996109,ca11,09-12851
48009,ca11,97-4432
69880739,ca11,24-10418
197784,ca11,05-15730
1600581,ca11,91-8953
877676,ca11,11-12212
393948,ca11,07-13243
61619893,ca11,20-12557
1000195,ca11,94-6562
2921551,ca11,08-14257
2171123,ca11,93-3116
59677948,ca11,19-13114
2038117,ca11,95-4427
527816,ca11,12-14711
1586467,ca11,96-7082
2192762,ca11,91-5904
1118872,ca11,"04-14455, 04-14506"
2916289,ca11,11-10842
1032371,ca11,92-7053
1280768,ca11,07-13203
64552,ca11,07-11738
797291,ca11,90-7171
518361,ca11,96-4723
979008,ca11,87-3417
2068381,ca11,88-7352
407529,ca11,96-4398
18198256,ca11,19-12816
1235262,ca11,91-5348
396109,ca11,99-8307
65662683,ca11,No. 14-15499
613894,ca11,97-2576
451971,ca11,87-3619
2198986,ca11,88-7283
814030,ca11,86-7817
2501008,ca11,88-5675
1108955,ca11,12-14854
1227037,ca11,98-8899
18710802,ca11,20-11474
1498339,ca11,83-3203
6282858,ca11,17-11499 Non-Argument Calendar
2240838,ca11,11-16112
6352619,ca11,17-12832
2437070,ca11,93-9347
1303528,ca11,13-13671
395079,ca11,97-5283
2166319,ca11,82-7058
66738471,ca11,21-12483
1962814,ca11,89-5046
7925182,ca11,16-16607
672524,ca11,93-4839
95200,ca11,12-11201
519824,ca11,81-5138
35112,ca11,06-16663
2025852,ca11,98-4883
237625,ca11,95-3640
300844,ca11,06-13212
217348,ca11,94-9190
3068734,ca11,15-12911
62254092,ca11,20-12667
17224051,ca11,18-14037
1111013,ca11,97-6408
2390492,ca11,87-3170
1154687,ca11,98-6155
66191695,ca11,No. 81-7328
1370724,ca11,83-5112
307626,ca11,10-10325
4118111,ca11,16-10735
2429802,ca11,94-4085
193396,ca11,08-10743
1276026,ca11,06-16655
1000747,ca11,89-4010
2902953,ca11,12-13628
1149402,ca11,11-10275
66324,ca11,13-11551
2906645,ca11,10-11943
481737,ca11,81-7692
288884,ca11,92-3111
1751833,ca11,89-5702
65965583,ca11,No. 16-11940 Non-Argument Calendar
64021266,ca11,No. 94-6751
2188656,ca11,81-5830
273423,ca11,87-8966
2347355,ca11,97-4040
2403818,ca11,94-6081
1453637,ca11,84-3190
62149053,ca11,21-11288
213373,ca11,06-14404
2456172,ca11,89-7938
65731422,ca11,No. 09-13584
1498512,ca11,94-8732
212770,ca11,00-15886
1159066,ca11,84-3685
845635,ca11,11-12350
491173,ca11,90-7323
1381348,ca11,92-7107
2036355,ca11,96-5158
1863971,ca11,12-12092
2478535,ca11,97-2137
269239,ca11,87-7246
2919179,ca11,08-14498
7619737,ca11,17-14642
2459983,ca11,89-5571
2298251,ca11,95-4586
194822,ca11,04-16321
899003,ca11,12-13257
2464297,ca11,91-7633
876740,ca11,11-13614
48788,ca11,05-16817
67405760,ca11,22-11552
23370,ca11,90-7828
393253,ca11,91-3124
1150106,ca11,91-3398
233329,ca11,07-14025
927743,ca11,82-5049
2319314,ca11,96-4125
65706022,ca11,"Nos. 12-15193, 12-15194"
65660564,ca11,No. 11-14774
2124295,ca11,97-2275
69390186,ca11,24-10247
2921517,ca11,07-10923
326661,ca11,90-8583
222309,ca11,06-13268
235550,ca11,94-6455
2148674,ca11,92-3213
63262990,ca11,21-12780
497482,ca11,84-3704
301025,ca11,06-14527
1670591,ca11,85-8779
422434,ca11,95-3254
2478221,ca11,92-2362
2114733,ca11,93-8185
1714203,ca11,91-7290
768933,ca11,09-11696
2637443,ca11,13-13651
18539053,ca11,18-13814
238252,ca11,09-11920
2168642,ca11,96-6676
6285687,ca11,17-12396 Non-Argument Calendar
283718,ca11,89-6050
994317,ca11,98-5604
2416110,ca11,95-8312
1188691,ca11,12-11730
3046929,ca11,15-13363
66196879,ca11,No. 83-3345
8172405,ca11,17-14015
3054723,ca11,15-11720
3079626,ca11,"15-12831, 15-13738"
2446337,ca11,91-3016
2191613,ca11,87-3079
2036853,ca11,97-4681
1008842,ca11,94-6534
1744804,ca11,97-8873
1665151,ca11,96-2671
1985758,ca11,97-8166
1985247,ca11,86-5740
332611,ca11,92-8865
8435285,ca11,16-15917
879119,ca11,12-11747
349601,ca11,08-14609
1687813,ca11,96-4200
231747,ca11,07-12323
2907401,ca11,09-10994
6158412,ca11,17-11173
64019131,ca11,No. 93-4779
63181709,ca11,21-10653
125251,ca11,83-7627
401550,ca11,13-14811
69042306,ca11,24-11403
65661691,ca11,No. 15-11628
2296018,ca11,95-3664
1229047,ca11,87-5156
1227004,ca11,11-13932
60327017,ca11,20-11094
2920609,ca11,09-11071
206793,ca11,05-16476
74529,ca11,97-6076
70990882,ca11,24-10371
17292691,ca11,19-12428
1287775,ca11,09-16516
6877825,ca11,15-11377; 16-11950
2338717,ca11,96-3735
8831,ca11,11-13484
2175283,ca11,92-3182
759443,ca11,11-15450
60369012,ca11,20-11933
69660411,ca11,24-12051
2298952,ca11,94-8862
2492642,ca11,93-2232
3027770,ca11,15-11978
396817,ca11,00-10231
196086,ca11,08-13363
67897832,ca11,22-12023
396595,ca11,99-14862
1023514,ca11,11-10698
925491,ca11,"01-11062, 01-11457 and 01-12408"
1462284,ca11,98-6201
193372,ca11,09-10395
732111,ca11,96-9168
65702605,ca11,No. 08-12957
862109,ca11,84-8162
205984,ca11,08-11395
991547,ca11,84-5932
16176073,ca11,18-14062
27146,ca11,97-8572
1505142,ca11,93-6664
2022303,ca11,05-12535
2489857,ca11,92-8260
2463089,ca11,90-8355
2469230,ca11,89-8072
2360629,ca11,89-8565
2113977,ca11,82-5462
2475080,ca11,88-3869
946556,ca11,81-5471
659018,ca11,97-4786
76088,ca11,01-16904
302626,ca11,10-10322
63376531,ca11,22-10008
1153614,ca11,97-4982
1596795,ca11,85-8697
2194475,ca11,91-8356
117275,ca11,04-10278; D.C. Docket 02-80376-CV-KLR
66704682,ca11,22-10069
236015,ca11,94-6265
63274234,ca11,20-12955
63592831,ca11,20-11271
765638,ca11,11-15221
422491,ca11,96-6809
16237322,ca11,18-13316
66193246,ca11,No. 82-5624
2163583,ca11,90-5181
1056503,ca11,95-4181
2325264,ca11,94-4545
212860,ca11,02-10151
217401,ca11,97-2196
69464261,ca11,23-14198
407141,ca11,12-15100
398184,ca11,04-10369
388099,ca11,07-13523
66284828,ca11,No. 92-6696
68643940,ca11,23-13492
66200332,ca11,"Nos. 82-5547, 82-6043"
66279405,ca11,No. 92-6163
1086718,ca11,85-5733
30980528,ca11,19-14556
802269,ca11,86-8071
212261,ca11,98-4787
176502,ca11,89-7769
8197225,ca11,18-10199
158109,ca11,84-5563
541286,ca11,10-10471
60688992,ca11,21-11647
66213861,ca11,No. 85-8404
1355538,ca11,81-7509
2906598,ca11,09-15300
2022483,ca11,05-10788
447611,ca11,83-5584
1281431,ca11,94-6095
2023879,ca11,06-11255
6175520,ca11,17-10837 Non-Argument Calendar
209659,ca11,89-5317
6057363,ca11,16-16846 Non-Argument Calendar
2900892,ca11,14-14477
2608470,ca11,13-13262
1344042,ca11,82-5827
3078776,ca11,16-12519-J
2059956,ca11,93-6510
1629905,ca11,95-8695
65911891,ca11,No. 06-16166
2165285,ca11,93-2099
942786,ca11,07-11657
1449514,ca11,93-8159
16479871,ca11,18-15028
17204157,ca11,19-10578
2904503,ca11,10-15912
77160,ca11,09-14862
2317925,ca11,87-3588
2917689,ca11,10-14010
591316,ca11,"10-15616, 10-15820"
395689,ca11,99-10279
6948683,ca11,16-12015
2150086,ca11,97-8443
4117745,ca11,15-14485
64336,ca11,13-13294
15909473,ca11,18-12579
1032775,ca11,91-5899
2920376,ca11,009-12530
250665,ca11,92-2143
342690,ca11,92-4016
170613,ca11,06-12506
2906187,ca11,12-14882
626739,ca11,08-14470
1317890,ca11,86-8754
71089756,ca11,24-13076
1724314,ca11,06-11841
1499085,ca11,93-3308
238221,ca11,99-11687
18752134,ca11,20-10578
68283174,ca11,23-13020
2417556,ca11,95-2016
301127,ca11,06-13698
770534,ca11,80-7971
652823,ca11,91-5110
1065971,ca11,85-7420
6145370,ca11,16-15905
2900084,ca11,13-12009
155527,ca11,11-14774
59917679,ca11,20-12797
4422699,ca11,16-11403
2906530,ca11,09-15446
6340940,ca11,16-16018
6152112,ca11,16-11589 Non-Argument Calendar
428264,ca11,11-10203
1778405,ca11,09-16375
18619509,ca11,20-10649
212086,ca11,98-4186
2373206,ca11,91-8376
2351524,ca11,93-2509
65912847,ca11,"Nos. 06-15401, 07-11401"
1006397,ca11,96-3014
1076426,ca11,83-8368
125473,ca11,94-4602
844568,ca11,10-11087
208383,ca11,04-14036; D.C. Docket 04-00019-CR-T-26-MSS
2424646,ca11,90-3460
18490143,ca11,19-14163
2916025,ca11,11-11441
751106,ca11,83-5248
65715344,ca11,No. 08-13922
1845688,ca11,95-2332
66728891,ca11,21-13697
67352207,ca11,22-12902
481779,ca11,90-5638
237007,ca11,96-9408
1084512,ca11,10-15140
66192257,ca11,"Nos. 81-7629, 81-7995"
378881,ca11,13-13234
516486,ca11,09-14583
66249358,ca11,No. 88-8728
197697,ca11,96-4140
2024864,ca11,06-13968
1552203,ca11,91-5977
2473303,ca11,92-8581
186123,ca11,07-12053
2668869,ca11,12-14937
2920656,ca11,09-12615
2919091,ca11,09-14798
2918546,ca11,10-11617
61600529,ca11,21-11178
2444465,ca11,87-3015
195284,ca11,08-11486
399025,ca11,06-12708
2921268,ca11,08-13939
1306067,ca11,91-3904
29082001,ca11,19-13919
1081360,ca11,12-10609
2661172,ca11,14-15200
65962616,ca11,No. 15-12801
230638,ca11,08-16038
7797822,ca11,17-14298
395315,ca11,97-4845
2449994,ca11,97-5210
1444438,ca11,12-15424
126913,ca11,"05-13996, 05-16993"
4482781,ca11,14-14183
1495546,ca11,84-3661
2443060,ca11,84-3375
2391583,ca11,96-4955
16516549,ca11,17-14136
16169549,ca11,16-13004
372004,ca11,08-11433
63280155,ca11,21-12583
338178,ca11,85-8197
1796488,ca11,85-5644
273806,ca11,06-10761
49073,ca11,13-10726
1668802,ca11,84-8401
1173353,ca11,84-7472
966922,ca11,86-3480
212047,ca11,95-3273
2444576,ca11,96-2105
492381,ca11,06-12288
1461743,ca11,84-8902
1171560,ca11,97-6269
68341279,ca11,23-11262
2465435,ca11,95-4832
208080,ca11,04-15859; D.C. Docket 02-60096-CR-WPD
1304804,ca11,92-4746
2016196,ca11,05-12609; Agency A95-553-299
920228,ca11,"88-3072, 88-3081"
325718,ca11,05-16515
2453132,ca11,90-5847
211935,ca11,97-6063
302186,ca11,04-15351; D.C. Docket 03-22851-CV-ASG
2920565,ca11,09-14905
1157748,ca11,13-14214
372531,ca11,07-15704
4685775,ca11,15-14378 Non-Argument Calendar
800453,ca11,85-3281
198230,ca11,05-16407
1891576,ca11,11-12534
2043314,ca11,04-16240
76515,ca11,05-11838
242001,ca11,06-16153
2020598,ca11,96-7105
2316357,ca11,05-15904
418795,ca11,94-4561
885538,ca11,11-15992
1511139,ca11,90-5599
16465739,ca11,19-12735
2188535,ca11,94-7126
2659771,ca11,14-15215
66484,ca11,07-12989
65894540,ca11,"Nos. 06-12566, 06-13714"
66270381,ca11,"Nos. 91-6052, 92-4001"
4112758,ca11,15-14600 Non-Argument Calendar
2920671,ca11,09-14445
66207918,ca11,No. 83-5797
1006887,ca11,06-12217
419663,ca11,94-9401
991769,ca11,88-3056
2254522,ca11,88-7557
60201729,ca11,20-10389
2474000,ca11,88-3828
2065793,ca11,89-8954
1524982,ca11,91-7654
2649963,ca11,14-12303
212391,ca11,98-9616
395158,ca11,97-5812
2378571,ca11,91-5048
65658754,ca11,No. 06-11841
239265,ca11,03-10350
2466833,ca11,90-3632
350859,ca11,08-17002
198208,ca11,06-12387
2191801,ca11,84-8610
1118471,ca11,08-13475
17468963,ca11,19-11112
1526897,ca11,84-3340
2916627,ca11,11-10213
63364361,ca11,21-12404
2108722,ca11,89-7385
1233032,ca11,09-10903
1336320,ca11,06-15740
2417702,ca11,96-9146
17253291,ca11,19-11955
2457971,ca11,98-8397
1457526,ca11,97-3556
66225314,ca11,No. 85-7555
65716845,ca11,No. 07-15184
2912669,ca11,12-13593
60701994,ca11,21-11364
17375384,ca11,19-12066
231932,ca11,06-15154
212325,ca11,98-4626
196673,ca11,06-12966
1065963,ca11,84-3871
1117711,ca11,05-15461
300712,ca11,05-15928
212959,ca11,02-14434
1236255,ca11,83-7145
1322454,ca11,90-9000
1102731,ca11,05-13762
813371,ca11,87-7362
956214,ca11,83-3056
879557,ca11,93-6224
2479638,ca11,94-7102
955625,ca11,82-8183
2919276,ca11,10-10049
69512581,ca11,24-13146
1437390,ca11,94-8213
210130,ca11,07-13226
306279,ca11,83-3715
914316,ca11,13-10550
2919069,ca11,09-13414
84932,ca11,94-8439
1281129,ca11,96-5872
2026270,ca11,92-2176
2663351,ca11,14-14187
68135554,ca11,22-13756
1812876,ca11,97-2012
65964488,ca11,No. 15-15211 Non-Argument Calendar
1922337,ca11,98-4470
67840992,ca11,23-11329
4481863,ca11,16-10091 Non-Argument Calendar
1420019,ca11,85-3576
890192,ca11,12-12195
65962697,ca11,No. 16-10302
1353253,ca11,97-3545
6159170,ca11,17-10442 Non-Argument Calendar
157427,ca11,10-10280
2461489,ca11,88-6153
501540,ca11,93-5266
508370,ca11,84-8496
197641,ca11,06-12070
1034456,ca11,87-5569
70721171,ca11,24-11140
2348290,ca11,98-2956
1074907,ca11,12-11865
1082113,ca11,11-15392
2218135,ca11,95-4489
216547,ca11,87-3610
421718,ca11,88-5712
2473728,ca11,94-8252
1414922,ca11,84-3880
2135854,ca11,89-3125
1162624,ca11,85-3040
60457,ca11,94-9305
16744,ca11,84-5574
1373520,ca11,85-7319
69596562,ca11,24-10378
419346,ca11,94-8547
2412365,ca11,90-3395
65892039,ca11,No. 06-10955
965730,ca11,09-15506
66263740,ca11,No. 91-8047
1249720,ca11,81-5850
2688024,ca11,14-10040
3078150,ca11,15-10485
814922,ca11,85-3970
2905232,ca11,11-10231
2146894,ca11,96-4068
2410392,ca11,89-3469
59719162,ca11,20-11631
955218,ca11,95-6364
6217900,ca11,15-12045
6068750,ca11,16-15900 Non-Argument Calendar
18467540,ca11,19-10454
305809,ca11,10-10431
599937,ca11,02-10171
1775748,ca11,94-9063
8199424,ca11,18-13538
148678,ca11,05-13759
1687603,ca11,95-5114
2404918,ca11,93-6665
1511102,ca11,94-4371
578654,ca11,82-5088
1171521,ca11,95-6262
15638108,ca11,18-11127
1321033,ca11,97-9108
2027949,ca11,87-6068
1402031,ca11,83-7492
499491,ca11,84-8295
2492851,ca11,89-7070
1380798,ca11,95-6574
395397,ca11,98-8532
4580909,ca11,16-11706 Non-Argument Calendar
223703,ca11,88-5417
2681488,ca11,14-11592
2492932,ca11,95-8308
64020029,ca11,No. 93-6820
1021660,ca11,11-11584
14693025,ca11,18-13333
2294237,ca11,89-5540
2170425,ca11,94-3027
2242177,ca11,94-3356
317808,ca11,04-12762; D.C. Docket 03-00249-CR-T-24-MSS
17290535,ca11,18-11679
2030866,ca11,08-11089
2921169,ca11,08-14854
1250808,ca11,91-7873
2100244,ca11,10-15840
268896,ca11,82-8713
2176862,ca11,93-5354
1088927,ca11,12-15728
1489611,ca11,06-12334
3016926,ca11,15-10490-BB
200801,ca11,07-12931
490302,ca11,"84-3431, 84-3876"
36751,ca11,06-13881
2238353,ca11,10-14525
1341335,ca11,81-6225
1409248,ca11,84-7700
2919889,ca11,14-15748
2912256,ca11,1310668
257237,ca11,07-13021
6142624,ca11,14-15499
1325065,ca11,82-3028
397359,ca11,01-16237
1257714,ca11,11-10276
820449,ca11,95-6464
2677533,ca11,15-10628
2448759,ca11,93-9156
791377,ca11,80-5992
496333,ca11,84-3602
450729,ca11,00-14391
2080043,ca11,94-4866
60124200,ca11,20-14840
6154003,ca11,16-11929 Non-Argument Calendar
1201811,ca11,05-15555
211193,ca11,94-3160
1944653,ca11,81-6123
926684,ca11,84-7439
6220317,ca11,17-10299 Non-Argument Calendar
7264945,ca11,18-10370
1549511,ca11,08-16105
1137210,ca11,84-7394
1642157,ca11,91-9150
4684655,ca11,16-16184 Non-Argument Calendar
8015223,ca11,18-10812
2485554,ca11,89-5478
398300,ca11,04-12630
1090386,ca11,12-411760
1115746,ca11,04-16230
877170,ca11,11-13311
62655200,ca11,20-13471
1461276,ca11,93-6399
182356,ca11,95-8366
66270355,ca11,No. 91-7078
396555,ca11,99-15318
350815,ca11,92-2653
2019295,ca11,95-6605
372701,ca11,88-8334
2607768,ca11,13-15832
17352860,ca11,19-11759
1850791,ca11,93-9303
51160,ca11,04-16027; D.C. Docket 04-60231-CV-JIC
1341243,ca11,89-6139
2315609,ca11,92-6648
1351794,ca11,91-5860
1929372,ca11,94-9180
1179642,ca11,"11-10619, 11-13072, 11-14210"
422544,ca11,96-8482
1790667,ca11,88-8615
1980988,ca11,92-8172
66707298,ca11,22-10366
398755,ca11,05-14988
2408665,ca11,95-9015
614257,ca11,90-5475
66275319,ca11,No. 91-7098
3050080,ca11,15-10032
2498131,ca11,93-4845
1305477,ca11,95-9295
396445,ca11,98-5915
1899488,ca11,92-4246
2862791,ca11,12-16188
380439,ca11,09-15392
1495519,ca11,92-2935
2180774,ca11,08-10143
3022748,ca11,14-15526
1481687,ca11,91-7578
1230905,ca11,97-6966
1487375,ca11,94-8692
65718772,ca11,No. 08-14468
1387711,ca11,06-12698
2484210,ca11,93-6131
16463514,ca11,18-13143
1187025,ca11,88-3322
1695058,ca11,92-8192
236346,ca11,95-4893
2358451,ca11,92-9131
2289952,ca11,"08-10521, 08-10522"
1428255,ca11,93-4176
68273273,ca11,23-10278
2140646,ca11,95-3634
395299,ca11,97-3552
67811183,ca11,23-12725
2390535,ca11,87-3672
262742,ca11,11-15388
6359161,ca11,16-16526
2495756,ca11,91-7200
2500376,ca11,95-8716
69579848,ca11,23-12161
1513009,ca11,98-2116
353882,ca11,10-15119
2439669,ca11,85-5494
2494761,ca11,85-8451
246127,ca11,00-15998
1909605,ca11,96-3156
14642,ca11,20-10263
3174,ca11,19-10525
532105,ca11,11-12334
2861956,ca11,14-15204
1018185,ca11,10-10379
1242369,ca11,87-3440
66227892,ca11,No. 86-3563
233853,ca11,08-10604
489762,ca11,83-3578
2464663,ca11,09-11817
1172105,ca11,93-6165
161008,ca11,98-2797
203215,ca11,95-2511
190716,ca11,07-10747
764296,ca11,11-15106
65704430,ca11,No. 12-12185
1010478,ca11,95-2254
48464,ca11,85-5245
103891,ca11,92-8067
1307333,ca11,86-7592
2073156,ca11,94-4468
3021620,ca11,15-11638
180209,ca11,06-10812
2444584,ca11,06-13700
60033930,ca11,20-12106
2376137,ca11,92-7094
2107695,ca11,89-7530
991638,ca11,93-8262
232961,ca11,07-10968
2149905,ca11,84-3550
59804108,ca11,19-14695
827337,ca11,86-8727
2436719,ca11,91-3622
162241,ca11,13-11367
17013752,ca11,17-15344
989545,ca11,98-9251
2110299,ca11,89-5920
1668678,ca11,94-8475
64019282,ca11,"Nos. 93-4104, 93-4449"
67993897,ca11,22-14025
2436428,ca11,87-5362
686882,ca11,87-7718
67013402,ca11,22-10335
66225244,ca11,No. 85-5912
2297725,ca11,87-7654_2
65728758,ca11,No. 09-13297
462898,ca11,82-7409
536256,ca11,09-11094
6156514,ca11,15-10842
2491373,ca11,94-8286
1383473,ca11,83-8716
1996808,ca11,83-7164
1799692,ca11,93-4930
284257,ca11,08-10100
68562466,ca11,24-10805
1137879,ca11,89-7869
107718,ca11,10-14775
653008,ca11,11-11771
2654158,ca11,14-14608
241312,ca11,89-5150
41918,ca11,05-16142; D.C. Docket 05-02629-CV-WSD-1
59301844,ca11,19-14088
1252235,ca11,81-7943
7024213,ca11,15-13261
14530,ca11,14-10616
1117538,ca11,05-11231; D.C. Docket 04-80123-CR-JIC
2242190,ca11,94-4370
1287777,ca11,89-5700
417974,ca11,08-14114
2474942,ca11,98-9069
59694103,ca11,20-12873
1097040,ca11,91-7903
198760,ca11,05-14961
68863934,ca11,19-14295
3012817,ca11,15-11693
1029491,ca11,92-4943
1422789,ca11,84-5258
65926287,ca11,No. 2006-7365
68506394,ca11,22-12375
1173864,ca11,14-10804
67928728,ca11,22-12611
1065005,ca11,85-3692
2661546,ca11,14-10825
1009793,ca11,91-8521
442158,ca11,95-2854
2452174,ca11,83-3039
970332,ca11,85-7483
71110477,ca11,25-12649
1468298,ca11,96-5408
1562685,ca11,89-8316
144455,ca11,93-8127
2034755,ca11,93-8398
2903831,ca11,11-14049
1566842,ca11,94-4952
2920357,ca11,09-15451
2904780,ca11,10-13002
181922,ca11,88-8308
59954373,ca11,20-14253
17252993,ca11,19-14916
15867543,ca11,18-14403
398921,ca11,06-14306
300355,ca11,06-15680
59864941,ca11,20-10900
1591938,ca11,07-10808
18584451,ca11,20-11512
17318524,ca11,19-14117
399289,ca11,07-15125
2489163,ca11,96-4432
66214001,ca11,No. 84-5957
2920190,ca11,10-10335
17471556,ca11,19-13243
2915414,ca11,11-12139
71458,ca11,85-3927
65405640,ca11,21-11299
290418,ca11,87-3700
1054117,ca11,12-10840
301288,ca11,06-13698
2915667,ca11,11-11308
1476194,ca11,96-2400
2496429,ca11,88-3711
916591,ca11,12-15128
6307689,ca11,15-11276
285367,ca11,88-5057
1385208,ca11,96-3506
416604,ca11,08-13828
65962972,ca11,No. 15-15229 Non-Argument Calendar
185338,ca11,06-13775
16650849,ca11,18-13938
2472516,ca11,97-6206
1072027,ca11,98-6486
223638,ca11,82-8109
1179273,ca11,10-14232
2473989,ca11,94-9250
198134,ca11,06-13809
2920381,ca11,09-14208
461494,ca11,89-8295
1700545,ca11,90-3104
2439740,ca11,84-5243
2250827,ca11,90-3733
2318468,ca11,93-6042
266996,ca11,05-12750; D.C. Docket 04-21094-CV-PCH
534650,ca11,12-10441
1307634,ca11,81-5379
2864651,ca11,14-13492
2417752,ca11,96-8765
2028017,ca11,98-4115
2654849,ca11,14-13408
15660560,ca11,16-15737
1218469,ca11,93-5255
2921614,ca11,07-15338
1139417,ca11,95-9374
396135,ca11,99-2488
100946,ca11,93-4649
554184,ca11,84-8336
803480,ca11,86-5224
67842603,ca11,22-11599
72191,ca11,09-11038
2125064,ca11,89-7062
1004855,ca11,95-9410
1248059,ca11,81-5796
2225356,ca11,94-3056
60383097,ca11,21-10463
7636180,ca11,15-15650
68223847,ca11,22-11593
2006994,ca11,93-9539
952615,ca11,81-7696
151719,ca11,89-5081
1474798,ca11,95-6507
545199,ca11,93-6502
67853489,ca11,23-11821
300941,ca11,06-13824
2491202,ca11,94-9121
653000,ca11,99-4281
746361,ca11,92-2898
2472036,ca11,92-2523
148878,ca11,05-12168
7161012,ca11,17-15798
395174,ca11,98-6404
62989132,ca11,21-12635
1926387,ca11,09-16090
2248910,ca11,89-6098
354394,ca11,10-13920
70272639,ca11,24-10667
532129,ca11,09-16404
35730,ca11,86-7365
66715450,ca11,20-10545
2032996,ca11,08-16631
2132497,ca11,88-3421
65706388,ca11,No. 12-16144
64019139,ca11,No. 93-9235
2455416,ca11,92-3121
6934729,ca11,17-13947
2479218,ca11,05-11793; D.C. Docket 04-00173-CV-4-SPM
184516,ca11,04-14610; BIA A95-221-684 & A95-221-685
1711460,ca11,96-5163
65690655,ca11,No. 10-13798
16770053,ca11,19-12187
1401478,ca11,90-3251
918465,ca11,11-14614
325572,ca11,07-10104
415618,ca11,09-11134
2899875,ca11,13-15444
1568556,ca11,97-9058
210365,ca11,09-11602
871224,ca11,10-10255
6063836,ca11,16-10405 Non-Argument Calendar
93220,ca11,12-10934
210996,ca11,94-8992
251316,ca11,84-7281
42851,ca11,"06-10355, 06-12777"
165314,ca11,96-3494
397729,ca11,02-11011
2233576,ca11,96-8604
185008,ca11,05-13169
578641,ca11,83-5019
241509,ca11,10-10608
7611972,ca11,17-11176
2920948,ca11,08-14846
2376149,ca11,95-2131
6162831,ca11,16-15117 Non-Argument Calendar
76281,ca11,03-15005
60318678,ca11,20-14275
162951,ca11,05-12859; D.C. Docket 01-02562-CV-S
351149,ca11,09-11749
66238483,ca11,"Nos. 87-3298, 87-3675"
68142814,ca11,23-12714
2495066,ca11,90-8229
557474,ca11,06-12545
782849,ca11,11-11860
562408,ca11,89-4084
1002515,ca11,90-3252
1042856,ca11,93-2605
3065219,ca11,15-13550
398840,ca11,05-13205
2426108,ca11,84-8883
2654850,ca11,14-15706
66638062,ca11,22-10534
1379599,ca11,83-8486
65892801,ca11,No. 06-12029
76974,ca11,13-10163
1083452,ca11,11-14746
6224146,ca11,15-14257
543732,ca11,09-15804
66221422,ca11,No. 86-5144
2649103,ca11,14-15278
387356,ca11,10-10478
1666053,ca11,94-2870
2422694,ca11,83-3316
776495,ca11,82-3087
1329545,ca11,82-8415
439678,ca11,83-5713
2051121,ca11,94-8632
2920771,ca11,09-13432
2428043,ca11,92-8377
7833257,ca11,17-13025
1129063,ca11,94-6567
3602,ca11,16-15549
285778,ca11,98-2755
17253292,ca11,19-12847
1686011,ca11,98-2703
63230399,ca11,21-12478
1026802,ca11,84-3341
2446012,ca11,94-3380
247566,ca11,86-7132
235585,ca11,88-7164
2389315,ca11,09-10132
876604,ca11,11-15040
67455835,ca11,22-14052
67133768,ca11,23-10385
2418566,ca11,93-8927
1031956,ca11,92-6574
300310,ca11,93-2069
2174440,ca11,94-8860
17297285,ca11,19-10213
69555021,ca11,24-11498
2232252,ca11,84-8392
44025,ca11,08-10133
229922,ca11,07-12468
60397285,ca11,20-13045
6316466,ca11,16-14819
67769731,ca11,22-13053
2157757,ca11,94-8718
212821,ca11,01-11858
334440,ca11,05-16363
65964812,ca11,No. 16-15644 Non-Argument Calendar
66260403,ca11,"Nos. 90-8904, 90-8935"
67861145,ca11,22-13546
322104,ca11,90-8427
1319051,ca11,05-12984
1931091,ca11,95-6156
83617,ca11,89-8518
1048223,ca11,92-9166
1647319,ca11,91-8160
211078,ca11,95-6267
2153726,ca11,87-8507
1349703,ca11,92-6307
2215207,ca11,90-3837
1119112,ca11,06-12831
1130674,ca11,82-7335
998053,ca11,90-5431
1012815,ca11,93-4171
1982020,ca11,85-8062
516144,ca11,90-3791
2921594,ca11,08-10034-JJ
397228,ca11,01-10177
74571,ca11,89-4014
1020062,ca11,92-8324
1779254,ca11,89-8292
64018652,ca11,No. 93-6737
2921516,ca11,08-14645
8053660,ca11,18-11117
1011367,ca11,09-11039
2671417,ca11,14-14860
2918207,ca11,10-13052
121616,ca11,86-3836-1
966373,ca11,06-16683
2489162,ca11,96-6283
1319112,ca11,05-11269
943667,ca11,07-10561
841152,ca11,90-3559
2502890,ca11,90-8738
2096332,ca11,87-3467
69042096,ca11,24-10693
1415425,ca11,89-5611
68534358,ca11,22-14044
819034,ca11,87-5245
2921163,ca11,08-15858
1127455,ca11,12-15448
395795,ca11,98-5292
212500,ca11,99-14521
194381,ca11,99-6189
398752,ca11,05-13005
2464085,ca11,94-4922
2348685,ca11,95-8555
315847,ca11,13-14249
399511,ca11,07-11360
302293,ca11,05-14526; D.C. Docket 04-00407-CV-FTM-29SPC
398275,ca11,"04-10511, 04-10512 and 04-10526"
2267394,ca11,89-5640
2913071,ca11,11-16125
396666,ca11,00-12170
60401356,ca11,20-11862
333564,ca11,96-5375
46514,ca11,10-10620
399517,ca11,09-12788
67424493,ca11,22-12415
823965,ca11,94-6896
35521,ca11,05-11579; Agency A95-546-404 & A95-546-405
2904383,ca11,13-12444
63380386,ca11,20-12384
2023752,ca11,06-12708
65730818,ca11,No. 09-11866
212320,ca11,98-8193
1383727,ca11,83-7371
215795,ca11,12-12953
6284931,ca11,17-12019
212289,ca11,97-3458
1500003,ca11,88-8909
618824,ca11,88-7277
66265163,ca11,No. 90-3701
368322,ca11,97-8962
16287177,ca11,17-15787
1302540,ca11,87-5356
925496,ca11,02-14941
1342407,ca11,98-2406
17045584,ca11,19-12020
2037173,ca11,96-5438
2232235,ca11,84-3287
1143035,ca11,11-11997
2455271,ca11,93-5146
16686406,ca11,18-14183
14874354,ca11,17-13931
234262,ca11,08-17083
2921309,ca11,08-12677
6059535,ca11,16-15582
64931029,ca11,21-10723
1109498,ca11,88-8046
1269148,ca11,06-16281
2377668,ca11,949240
184854,ca11,06-14643
942573,ca11,14-10347
2037436,ca11,92-8213
985354,ca11,87-5710
31169219,ca11,19-11799
67889265,ca11,22-11154
68798592,ca11,23-13398
3054297,ca11,15-12192
18416479,ca11,19-14928
2913592,ca11,12-10929
473048,ca11,08-14198
68245759,ca11,23-11581
2443486,ca11,93-4113
281734,ca11,85-8013
2234728,ca11,86-7490
2494133,ca11,93-4723
2489164,ca11,96-6023
1977674,ca11,93-4878
2378214,ca11,08-16671
1429366,ca11,93-6528
1473507,ca11,89-9010
1084517,ca11,12-11959
2664825,ca11,14-14307
2489291,ca11,87-8160
2642393,ca11,14-13878
17140674,ca11,19-13245
513668,ca11,12-13232
16043628,ca11,18-13656
17306,ca11,89-5232
61571885,ca11,20-10709
399374,ca11,07-11400
117259,ca11,13-12418
1635495,ca11,86-7245
1378093,ca11,94-8236
2163293,ca11,94-8178
238709,ca11,09-12714
66227421,ca11,No. 86-8438
64021555,ca11,No. 93-5371
2919309,ca11,09-16518
2461427,ca11,93-6435
1277997,ca11,81-5216
196357,ca11,05-16758
16558,ca11,20-13356
63002809,ca11,20-11266
268528,ca11,89-7353
219053,ca11,02-16095
15922568,ca11,18-14651
132559,ca11,13-13494
2132988,ca11,91-8842
1505287,ca11,10-10186
66634523,ca11,21-13582
2164865,ca11,96-6812
931020,ca11,87-5023-1
67862722,ca11,22-14136
534951,ca11,12-10281
812933,ca11,86-3652
357461,ca11,85-8281
2359412,ca11,93-3041
2124649,ca11,91-9009
2920222,ca11,09-16052
308357,ca11,90-5103
1197211,ca11,"11-12945, 11-13603"
3014811,ca11,15-11084
527801,ca11,10-10328
4616622,ca11,15-15234
292935,ca11,85-5705
2921185,ca11,08-12808
234117,ca11,08-14588
7441001,ca11,17-15542
708948,ca11,81-7773
420663,ca11,09-13118
1458507,ca11,81-7728
68048168,ca11,22-13884
1748811,ca11,97-6540
1991893,ca11,83-3560
67629453,ca11,23-11965
927722,ca11,85-3907
66192762,ca11,No. 81-5769
60388557,ca11,21-11716
2919217,ca11,10-10628
65720583,ca11,No. 09-11672
1112899,ca11,10-11852
1778223,ca11,82-5530
1456076,ca11,89-8079
16109175,ca11,18-12436
2920197,ca11,09-12618
824269,ca11,89-8228
1474611,ca11,97-4913
398537,ca11,05-10160
1182682,ca11,05-10083; D.C. Docket 03-81066-CV-KLR
8494300,ca11,16-16972
395587,ca11,97-5654
496290,ca11,93-6388
420436,ca11,95-9595
59845950,ca11,20-13706
2646839,ca11,13-15969
395957,ca11,99-8055
41101,ca11,05-15714
302321,ca11,05-14303; D.C. Docket 02-02716-CV-RWS-1
2489246,ca11,96-8220
2404612,ca11,1176
65759413,ca11,21-14454
396695,ca11,98-3101
2646931,ca11,14-10478
2921402,ca11,07-15541
2028292,ca11,08-10002
2913491,ca11,12-13692
2919210,ca11,10-10137
51402,ca11,04-15489
2060630,ca11,95-2636
65962111,ca11,No. 15-13353
66788700,ca11,22-11772
940646,ca11,89-7273
2230658,ca11,83-7445
395504,ca11,97-5380
71049821,ca11,25-10741
6078984,ca11,16-12099 Non-Argument Calendar
18631,ca11,08-11102
189630,ca11,96-4864
3026083,ca11,15-11415
17120972,ca11,18-14930
442957,ca11,09-11442
2336166,ca11,88-3254
1012878,ca11,91-7700
1451479,ca11,87-8223
348007,ca11,08-16529
1168656,ca11,84-7740
1411277,ca11,83-3333
1501563,ca11,94-4783
2296223,ca11,86-8609
2645338,ca11,14-12270
273792,ca11,06-10390
1873514,ca11,12-14461
4487526,ca11,15-15630
397146,ca11,00-10487
445894,ca11,89-3244
1140096,ca11,89-7513
16571279,ca11,19-10456
953916,ca11,81-5277
65660415,ca11,No. 12-13387
918168,ca11,13-10582
244272,ca11,89-8062
2467156,ca11,94-4168
2485236,ca11,96-4018
2381497,ca11,90-7047
1044169,ca11,94-8299
8485394,ca11,18-11217
1296213,ca11,91-3554
52687,ca11,03-15443
1509278,ca11,95-2179
420439,ca11,95-5322
395064,ca11,96-9455
65915433,ca11,No. 07-14109
2611678,ca11,14-12661
2920262,ca11,09-16410
2064713,ca11,89-5588
1024745,ca11,11-13122
17242342,ca11,19-13670
273796,ca11,05-15727; D.C. Docket 04-00206-CV-OC-10-GRJ
329942,ca11,95-3331
219450,ca11,06-13763
66265201,ca11,"Nos. 90-8617, 90-8757"
66224305,ca11,No. 86-3242
395049,ca11,97-2577
18551,ca11,97-6166
2295092,ca11,94-2197
960026,ca11,82-6092
445084,ca11,83-7480
18730808,ca11,19-14618
1993200,ca11,94-9436
2475079,ca11,88-6010
14751632,ca11,18-13330
912503,ca11,84-5896
2919266,ca11,09-16062
6235782,ca11,16-16789
2039681,ca11,95-5167
347343,ca11,08-15324
75672,ca11,98-8830
558287,ca11,"06-10487, 06-10488"
6222861,ca11,16-15943 Non-Argument Calendar
1215290,ca11,97-6136
67365482,ca11,22-12678
1856857,ca11,96-6536
197037,ca11,08-14937
59892887,ca11,20-13105
2903796,ca11,11-14258
2920215,ca11,09-15749
70620358,ca11,24-14041
68267743,ca11,23-11291
67930229,ca11,23-10727
1845527,ca11,95-2475
67700452,ca11,21-13274
6067397,ca11,16-14889 Non-Argument Calendar
394804,ca11,96-8655
971737,ca11,86-8123
59239541,ca11,20-10547
688155,ca11,99-2488
2655414,ca11,14-11671
65885974,ca11,No. 05-14573
814745,ca11,"86-5579, 86-5604"
251446,ca11,"13-12366, 13-12546"
869027,ca11,12-12899
411132,ca11,89-7911
1643310,ca11,92-6969
1490695,ca11,86-3551
1524203,ca11,91-7726
206908,ca11,82-8011
525615,ca11,91-3213
1219653,ca11,12-12471
844259,ca11,10-14282
6236485,ca11,17-10533 Non-Argument Calendar
2083497,ca11,96-9479
889911,ca11,12-10004
2215178,ca11,90-7551
526848,ca11,09-15145
67824318,ca11,23-11026
740296,ca11,84-3716
7804281,ca11,17-14784
2127251,ca11,95-5308
64921714,ca11,22-12451
2215547,ca11,91-8036
398021,ca11,03-14119
2921141,ca11,08-12133
2319079,ca11,97-5300
1432489,ca11,05-15385
385002,ca11,92-2804
69492705,ca11,23-12273
2464650,ca11,98-4651
348791,ca11,92-3288
2442415,ca11,94-6315
735105,ca11,93-8489
1237262,ca11,97-8096
2619663,ca11,14-11201
1310105,ca11,87-5420
2410196,ca11,96-7104
1169647,ca11,91-4232
964637,ca11,00-12720
584666,ca11,97-8637
298176,ca11,07-10123
1735014,ca11,87-7353
2112889,ca11,82-5494
16350265,ca11,18-15005
227319,ca11,09-13195
2037314,ca11,92-3066
67906359,ca11,22-13889
2133562,ca11,92-8734
1500978,ca11,80-5523
6361462,ca11,17-12967
2085123,ca11,86-8077
2209831,ca11,93-8826
16401486,ca11,19-14268
1618485,ca11,05-15159
397048,ca11,99-12623
2221040,ca11,95-2888
66283015,ca11,"Nos. 87-5851, 87-5986"
7005955,ca11,17-12818
2288841,ca11,95-2470
3090130,ca11,15-14707 Non-Argument Calendar
65709153,ca11,No. 11-14268
66252898,ca11,"Nos. 88-8894, 89-8029"
878745,ca11,11-11191
421105,ca11,96-8019
955918,ca11,82-5302
2035346,ca11,1523
1000081,ca11,88-5659
1555405,ca11,86-8659
396553,ca11,00-10295
2259123,ca11,92-2400
2413206,ca11,88-8703
4567368,ca11,16-12101 Non-Argument Calendar
2905701,ca11,10-10574
1398250,ca11,93-4464
1501391,ca11,09-11897
197964,ca11,07-11265
1341039,ca11,82-7294
1071947,ca11,97-8483
1512931,ca11,98-2377
2038496,ca11,00-14105
782247,ca11,11-13455
16418076,ca11,17-15706
209860,ca11,09-12510
2920186,ca11,09-15779
6334554,ca11,17-13269
70700424,ca11,24-12929
1066019,ca11,89-3016
101382,ca11,04-10882
3029179,ca11,15-11424
2300419,ca11,82-6027
6160101,ca11,16-15009 Non-Argument Calendar
59919137,ca11,20-12939
6140279,ca11,16-17353 Non-Argument Calendar
2094642,ca11,82-8231
2373053,ca11,97-4720
2918264,ca11,10-13788
59942631,ca11,19-14572
66234767,ca11,No. 87-3703
396560,ca11,98-5500
2182681,ca11,85-3582
2685620,ca11,14-15432
2920969,ca11,08-15031
982784,ca11,85-8351
791738,ca11,82-3086
60124205,ca11,20-14745
198528,ca11,05-14451
286038,ca11,89-7089
66191505,ca11,No. 81-7579
3044461,ca11,13-11757
240711,ca11,"12-10990, 12-11856"
61464837,ca11,21-10034
2450933,ca11,12-15568
200691,ca11,05-10338; D.C. Docket 04-00126-CR-T-N-1
2920206,ca11,09-13054
4668156,ca11,16-12722 Non-Argument Calendar
1458311,ca11,95-4143
397875,ca11,02-16334
17013753,ca11,19-10510
212944,ca11,01-15156
64017577,ca11,No. 91-8854
1054632,ca11,"11-12716, 11-12802"
499587,ca11,84-3636
317123,ca11,"04-13364, 04-13518; D.C. Docket 02-02053-CV-BBM-1"
224824,ca11,82-8058
1361816,ca11,95-8680
60804290,ca11,20-10790
813002,ca11,84-5799
111654,ca11,13-11092
2905037,ca11,09-11716
2907490,ca11,12-14882
6349192,ca11,16-15677
59861047,ca11,20-13272
2452023,ca11,91-8826
2191908,ca11,96-2378
2485970,ca11,94-8094
506965,ca11,91-8038
1151932,ca11,98-3068
846643,ca11,11-14472
2038928,ca11,01-11664
59828272,ca11,20-10872
2907287,ca11,09-13724
198152,ca11,05-15867
66196619,ca11,No. 83-3341
212241,ca11,97-7024
2037098,ca11,96-3637
1378691,ca11,05-12307
2442407,ca11,94-4860
59700250,ca11,20-13345
2474525,ca11,95-8448
16050023,ca11,18-12021
65895163,ca11,No. 06-13624
2176371,ca11,12-15581
2160671,ca11,94-4844
238967,ca11,02-10216
2073070,ca11,89-8962
6300911,ca11,17-10642
2446365,ca11,94-2870
60186974,ca11,21-10905
2476164,ca11,95-8066
430866,ca11,84-3625
2915170,ca11,11-11588
233880,ca11,07-15811
3049229,ca11,15-12301
482458,ca11,86-7070
153253,ca11,06-13732
15862825,ca11,18-12676
63332819,ca11,21-12537
1487882,ca11,96-8031
1970908,ca11,08-15209
69766504,ca11,24-11297
16609786,ca11,18-14378
63352010,ca11,20-11841
68398078,ca11,23-14236
2920730,ca11,08-14474
396746,ca11,00-10691
2427030,ca11,86-5727
71156465,ca11,24-13575
1562322,ca11,82-7143
429458,ca11,97-4541
197005,ca11,08-14396
105712,ca11,97-3572
2494184,ca11,96-4922
68522308,ca11,23-10479
65957943,ca11,No. 14-11353
723268,ca11,99-12918
1064779,ca11,96-6000
3037797,ca11,15-13578
2921574,ca11,08-13014
2464270,ca11,92-8614
184789,ca11,05-11910
16062085,ca11,18-14676
659296,ca11,05-11924
1504296,ca11,92-9319
16358884,ca11,18-14063
60335123,ca11,20-12533
2663432,ca11,11-16093
1584300,ca11,85-8961
2431455,ca11,90-3721
2453365,ca11,86-3193
847359,ca11,92-8446
65891564,ca11,No. 05-7193
75250,ca11,98-4023
2863088,ca11,14-15118
1375647,ca11,82-7194
199575,ca11,07-12536
1399878,ca11,86-7179
197218,ca11,08-15297
2115253,ca11,88-3762
1424799,ca11,95-6133
2113769,ca11,88-4043
2920908,ca11,08-12952
64346605,ca11,21-12136
2463640,ca11,93-3348
2921156,ca11,08-15764
812612,ca11,86-7088
2448851,ca11,92-5069
169874,ca11,04-15621; D.C. Docket 94-02081-CV-GET-1
98906,ca11,96-3293
6126082,ca11,16-16688 Non-Argument Calendar
2921015,ca11,08-15889
2920275,ca11,09-14048
16251553,ca11,19-11118
1482167,ca11,84-8807
1953347,ca11,93-7024
899291,ca11,86-8512
1388713,ca11,88-7271
63208400,ca11,21-10642
1020751,ca11,89-5131
1594624,ca11,90-7049
67717985,ca11,23-11598
2921567,ca11,08-12608
2217310,ca11,95-4353
184354,ca11,12-13065
2448102,ca11,07-14556
1330393,ca11,81-7598
1898180,ca11,98-4046
14719489,ca11,18-12266
1303290,ca11,96-7203
1489982,ca11,96-9043
808927,ca11,85-5912
1327497,ca11,06-14784
349980,ca11,93-8235
1129258,ca11,89-5110
316971,ca11,03-15747
64017974,ca11,"Nos. 91-7215, 92-6218"
398890,ca11,06-11624
4425468,ca11,15-15147
399273,ca11,07-15791
218763,ca11,93-5041
210029,ca11,09-12170
66227422,ca11,No. 86-8595
16322351,ca11,19-10559
2038055,ca11,98-5685
370474,ca11,13-12437
2670777,ca11,14-10733
158862,ca11,10-10397
2912261,ca11,12-12037
2591640,ca11,14-10676
2018572,ca11,06-10898
484535,ca11,09-15830
3058607,ca11,15-14068
7964982,ca11,18-10393
66230203,ca11,No. 87-3707
65658155,ca11,No. 05-16964
2904857,ca11,11-13227
825096,ca11,89-7392
17442020,ca11,19-13961
67754678,ca11,22-10188
65895547,ca11,No. 06-16490
1433306,ca11,81-7426
1780009,ca11,91-8020
17059846,ca11,18-12607
1847826,ca11,05-12724; D.C. Docket 03-00523-CV-FTM-33-SPC
195954,ca11,13-13225
66283958,ca11,"Nos. 90-8400, 91-7205"
2449228,ca11,05-14230
2243449,ca11,95-8065
1037506,ca11,89-8594
6120854,ca11,16-17702 Non-Argument Calendar
4110917,ca11,15-14117
69220286,ca11,23-10340
68311,ca11,87-5128
3016982,ca11,15-10459
66270456,ca11,No. 89-5911
2622015,ca11,14-11202
226921,ca11,83-8737
18196185,ca11,19-12245
4562099,ca11,16-11215
206579,ca11,05-12607; D.C. Docket 03-00022-CR-RWS-1
165560,ca11,05-11158
228842,ca11,80-5349
1001762,ca11,10-14759
1051187,ca11,92-2247
64899057,ca11,21-10112
2456798,ca11,92-4953
1402831,ca11,92-6416
241908,ca11,86-8347
2460237,ca11,95-8821
18630731,ca11,20-10631
66214912,ca11,No. 84-7776
662860,ca11,94-8553
2920627,ca11,09-11962
60377603,ca11,19-14847
211005,ca11,94-3065
270024,ca11,05-13044
1752030,ca11,05-16609
454719,ca11,07-13854
2108453,ca11,04-14885; D.C. Docket 04-01883-CV-T-26-TGW
2901459,ca11,13-15011
2485226,ca11,95-7070
1359602,ca11,85-3832
2914980,ca11,11-12053
2463743,ca11,93-6746
63356323,ca11,21-11060
224981,ca11,82-3001
302271,ca11,"04-16541; D.C. Docket 02-00142-CV-6, 02-00143-CV-6"
63119304,ca11,21-11590
4416403,ca11,15-14932
399110,ca11,07-13124
1106770,ca11,12-15884
69767146,ca11,24-12680
1336049,ca11,09-16521
66191639,ca11,No. 81-5508
345565,ca11,05-14899
1804942,ca11,87-5118
2681467,ca11,"13-15858, 14-14467"
755695,ca11,11-15536
2487106,ca11,95-8739
6135393,ca11,17-10052
1325327,ca11,90-7063
182388,ca11,97-3270
15861629,ca11,18-13229
2485950,ca11,06-15150
1258782,ca11,90-5935
1291313,ca11,90-3857
8509268,ca11,18-13434
867308,ca11,87-8644
2455582,ca11,87-6072
239267,ca11,04-16502
1000025,ca11,89-7608
457331,ca11,08-17068
2494605,ca11,95-2929
2146813,ca11,07-13171
2399429,ca11,88-6209
399346,ca11,07-13086
6262777,ca11,17-11676
2382151,ca11,1466
121654,ca11,87-5476
1314606,ca11,04-15679
2916740,ca11,11-10167
2481812,ca11,97-6267
17001953,ca11,19-11928
1892682,ca11,82-5697
184735,ca11,06-13347
2140318,ca11,90-5551
1057065,ca11,97-2535
