citing_cluster_id,citing_url,citing_court_name,cited_cluster_id,cited_url,cited_court_name,cited_case_name_short,cited_case_name,cited_citations
420694,https://www.courtlistener.com/opinion/420694/united-states-v-angelito-maniego-hector-galang-teodoro-monte/,Court of Appeals for the Second Circuit,105249,https://www.courtlistener.com/opinion/105249/opper-v-united-states/,Supreme Court of the United States,Opper,Opper v. United States,"['45 A.L.R. 2d 1308', '99 L. Ed. 101', '1954 U.S. LEXIS 1388', '348 U.S. 84', '75 S. Ct. 158', '99 L. Ed. 2d 101']"
420694,https://www.courtlistener.com/opinion/420694/united-states-v-angelito-maniego-hector-galang-teodoro-monte/,Court of Appeals for the Second Circuit,301614,https://www.courtlistener.com/opinion/301614/united-states-v-robert-sarantos-and-constantine-makris/,Court of Appeals for the Second Circuit,,United States v. Robert Sarantos and Constantine Makris,"['1972 U.S. App. LEXIS 11480', '455 F.2d 877']"
420694,https://www.courtlistener.com/opinion/420694/united-states-v-angelito-maniego-hector-galang-teodoro-monte/,Court of Appeals for the Second Circuit,304762,https://www.courtlistener.com/opinion/304762/united-states-v-ralph-kelly-taylor-ii/,Court of Appeals for the Second Circuit,,"United States v. Ralph Kelly Taylor, II","['1972 U.S. App. LEXIS 8560', '464 F.2d 240']"
420694,https://www.courtlistener.com/opinion/420694/united-states-v-angelito-maniego-hector-galang-teodoro-monte/,Court of Appeals for the Second Circuit,313088,https://www.courtlistener.com/opinion/313088/united-states-v-pui-kan-lam/,Court of Appeals for the Second Circuit,,United States v. Pui Kan Lam,"['1973 U.S. App. LEXIS 8252', '483 F.2d 1202']"
420694,https://www.courtlistener.com/opinion/420694/united-states-v-angelito-maniego-hector-galang-teodoro-monte/,Court of Appeals for the Second Circuit,318163,https://www.courtlistener.com/opinion/318163/united-states-v-john-joseph-frank/,Court of Appeals for the Second Circuit,,United States v. John Joseph Frank,['494 F.2d 145']
420694,https://www.courtlistener.com/opinion/420694/united-states-v-angelito-maniego-hector-galang-teodoro-monte/,Court of Appeals for the Second Circuit,344388,https://www.courtlistener.com/opinion/344388/united-states-v-rev-alberto-mejias-aka-rev-angel-ortiz/,Court of Appeals for the Second Circuit,,"United States v. Rev. Alberto Mejias, A/K/A Rev. Angel Ortiz",['552 F.2d 435']
420694,https://www.courtlistener.com/opinion/420694/united-states-v-angelito-maniego-hector-galang-teodoro-monte/,Court of Appeals for the Second Circuit,368404,https://www.courtlistener.com/opinion/368404/united-states-v-berdj-keuylian/,Court of Appeals for the Second Circuit,,United States v. Berdj Keuylian,"['1979 U.S. App. LEXIS 13972', '602 F.2d 1033']"
420694,https://www.courtlistener.com/opinion/420694/united-states-v-angelito-maniego-hector-galang-teodoro-monte/,Court of Appeals for the Second Circuit,368406,https://www.courtlistener.com/opinion/368406/united-states-v-james-w-elsbery/,Court of Appeals for the Second Circuit,,United States v. James W. Elsbery,"['1979 U.S. App. LEXIS 13694', '602 F.2d 1054']"
420694,https://www.courtlistener.com/opinion/420694/united-states-v-angelito-maniego-hector-galang-teodoro-monte/,Court of Appeals for the Second Circuit,398904,https://www.courtlistener.com/opinion/398904/united-states-v-valerie-helgesen/,Court of Appeals for the Second Circuit,,United States v. Valerie Helgesen,"['1982 U.S. App. LEXIS 22609', '669 F.2d 69']"
420694,https://www.courtlistener.com/opinion/420694/united-states-v-angelito-maniego-hector-galang-teodoro-monte/,Court of Appeals for the Second Circuit,402073,https://www.courtlistener.com/opinion/402073/united-states-v-jesus-losada-and-rosalinda-losada/,Court of Appeals for the Second Circuit,,United States v. Jesus Losada and Rosalinda Losada,"['1982 U.S. App. LEXIS 21044', '10 Fed. R. Serv. 57', '674 F.2d 167']"
420694,https://www.courtlistener.com/opinion/420694/united-states-v-angelito-maniego-hector-galang-teodoro-monte/,Court of Appeals for the Second Circuit,402336,https://www.courtlistener.com/opinion/402336/united-states-v-vincent-beltempo-guiseppe-gallina-aka-fillipo-and/,Court of Appeals for the Second Circuit,,"United States v. Vincent Beltempo, Guiseppe Gallina, A/K/A ""Fillipo"", and Barbara Walberg","['1982 U.S. App. LEXIS 20741', '10 Fed. R. Serv. 1165', '675 F.2d 472']"
420694,https://www.courtlistener.com/opinion/420694/united-states-v-angelito-maniego-hector-galang-teodoro-monte/,Court of Appeals for the Second Circuit,402379,https://www.courtlistener.com/opinion/402379/united-states-v-arnold-albert/,Court of Appeals for the Fifth Circuit,,United States v. Arnold Albert,"['1982 U.S. App. LEXIS 19251', '675 F.2d 712']"
420694,https://www.courtlistener.com/opinion/420694/united-states-v-angelito-maniego-hector-galang-teodoro-monte/,Court of Appeals for the Second Circuit,404970,https://www.courtlistener.com/opinion/404970/united-states-v-dominick-mennuti/,Court of Appeals for the Second Circuit,,United States v. Dominick Mennuti,"['1982 U.S. App. LEXIS 19278', '679 F.2d 1032']"
420694,https://www.courtlistener.com/opinion/420694/united-states-v-angelito-maniego-hector-galang-teodoro-monte/,Court of Appeals for the Second Circuit,411862,https://www.courtlistener.com/opinion/411862/united-states-v-robert-w-slocum/,Court of Appeals for the Second Circuit,,United States v. Robert W. Slocum,"['1982 U.S. App. LEXIS 23394', '695 F.2d 650']"
420694,https://www.courtlistener.com/opinion/420694/united-states-v-angelito-maniego-hector-galang-teodoro-monte/,Court of Appeals for the Second Circuit,415372,https://www.courtlistener.com/opinion/415372/united-states-v-arthur-hansen/,Court of Appeals for the Second Circuit,,United States v. Arthur Hansen,"['1983 U.S. App. LEXIS 29928', '701 F.2d 1078']"
420694,https://www.courtlistener.com/opinion/420694/united-states-v-angelito-maniego-hector-galang-teodoro-monte/,Court of Appeals for the Second Circuit,1485044,https://www.courtlistener.com/opinion/1485044/united-states-v-wight/,Court of Appeals for the Second Circuit,Wight,United States v. Wight,"['1949 U.S. App. LEXIS 3059', '176 F.2d 376']"
420694,https://www.courtlistener.com/opinion/420694/united-states-v-angelito-maniego-hector-galang-teodoro-monte/,Court of Appeals for the Second Circuit,8205094,https://www.courtlistener.com/opinion/8205094/trembois-v-standard-railway-equipment-manufacturing-co/,Supreme Court of the United States,Trembois,Trembois v. Standard Railway Equipment Manufacturing Co.,"['1950 U.S. LEXIS 2370', '94 L. Ed. 586', '70 S. Ct. 480', '338 U.S. 950']"
420694,https://www.courtlistener.com/opinion/420694/united-states-v-angelito-maniego-hector-galang-teodoro-monte/,Court of Appeals for the Second Circuit,8921380,https://www.courtlistener.com/opinion/8921380/united-states-v-barnes/,Court of Appeals for the Second Circuit,Barnes,United States v. Barnes,"['1979 U.S. App. LEXIS 15208', '604 F.2d 121']"
420694,https://www.courtlistener.com/opinion/420694/united-states-v-angelito-maniego-hector-galang-teodoro-monte/,Court of Appeals for the Second Circuit,8997297,https://www.courtlistener.com/opinion/8997297/arnold-v-tiffany/,Supreme Court of the United States,Arnold,Arnold v. Tiffany,"['39 L. Ed. 2d 881', '415 U.S. 984']"
420694,https://www.courtlistener.com/opinion/420694/united-states-v-angelito-maniego-hector-galang-teodoro-monte/,Court of Appeals for the Second Circuit,9014428,https://www.courtlistener.com/opinion/9014428/delta-steamship-lines-inc-v-turner/,Supreme Court of the United States,Turner,"Delta Steamship Lines, Inc. v. Turner","['1977 U.S. LEXIS 2874', '54 L. Ed. 2d 85', '98 S. Ct. 104', '434 U.S. 827']"
420694,https://www.courtlistener.com/opinion/420694/united-states-v-angelito-maniego-hector-galang-teodoro-monte/,Court of Appeals for the Second Circuit,343284,https://www.courtlistener.com/opinion/343284/robert-rickenbacker-relator-appellant-v-the-warden-auburn-correctional/,Court of Appeals for the Second Circuit,,"Robert Rickenbacker, Relator-Appellant v. The Warden, Auburn Correctional Facility, and the People of the State of New York",['550 F.2d 62']
429180,https://www.courtlistener.com/opinion/429180/united-states-v-edward-lemon/,Court of Appeals for the D.C. Circuit,225685,https://www.courtlistener.com/opinion/225685/williamson-v-united-states/,Court of Appeals for the Second Circuit,Williamson,Williamson v. United States,"['1950 U.S. App. LEXIS 3076', '95 L. Ed. 1379', '184 F.2d 280']"
429180,https://www.courtlistener.com/opinion/429180/united-states-v-edward-lemon/,Court of Appeals for the D.C. Circuit,332087,https://www.courtlistener.com/opinion/332087/united-states-v-john-michael-donner/,Court of Appeals for the Seventh Circuit,,United States v. John Michael Donner,['528 F.2d 276']
429180,https://www.courtlistener.com/opinion/429180/united-states-v-edward-lemon/,Court of Appeals for the D.C. Circuit,335257,https://www.courtlistener.com/opinion/335257/united-states-v-james-bass-jr/,Court of Appeals for the D.C. Circuit,,"United States v. James Bass, Jr.","['1976 U.S. App. LEXIS 11649', '175 U.S. App. D.C. 282', '535 F.2d 110']"
429180,https://www.courtlistener.com/opinion/429180/united-states-v-edward-lemon/,Court of Appeals for the D.C. Circuit,338658,https://www.courtlistener.com/opinion/338658/united-states-v-thomas-w-moore-jr/,Court of Appeals for the D.C. Circuit,,"United States v. Thomas W. Moore, Jr.","['1976 U.S. App. LEXIS 8870', '176 U.S. App. D.C. 309', '540 F.2d 1088']"
429180,https://www.courtlistener.com/opinion/429180/united-states-v-edward-lemon/,Court of Appeals for the D.C. Circuit,340446,https://www.courtlistener.com/opinion/340446/united-states-v-pio-garcia-united-states-of-america-v-wilfredo/,Court of Appeals for the Third Circuit,,"United States v. Pio Garcia, United States of America v. Wilfredo Antonmarchi","['1976 U.S. App. LEXIS 6357', '544 F.2d 681']"
429180,https://www.courtlistener.com/opinion/429180/united-states-v-edward-lemon/,Court of Appeals for the D.C. Circuit,351851,https://www.courtlistener.com/opinion/351851/united-states-v-gary-woody-united-states-of-america-v-blanchard-l/,Court of Appeals for the Fifth Circuit,,"United States v. Gary Woody, United States of America v. Blanchard L. Savant","['1978 U.S. App. LEXIS 12550', '567 F.2d 1353']"
429180,https://www.courtlistener.com/opinion/429180/united-states-v-edward-lemon/,Court of Appeals for the D.C. Circuit,353771,https://www.courtlistener.com/opinion/353771/united-states-v-irvin-l-hall/,Court of Appeals for the D.C. Circuit,,United States v. Irvin L. Hall,"['187 U.S. App. D.C. 215', '571 F.2d 649']"
429180,https://www.courtlistener.com/opinion/429180/united-states-v-edward-lemon/,Court of Appeals for the D.C. Circuit,358036,https://www.courtlistener.com/opinion/358036/united-states-v-carmine-fatico-and-daniel-fatico/,Court of Appeals for the Second Circuit,,"United States v. Carmine Fatico, and Daniel Fatico","['1978 U.S. App. LEXIS 10760', '579 F.2d 707']"
429180,https://www.courtlistener.com/opinion/429180/united-states-v-edward-lemon/,Court of Appeals for the D.C. Circuit,389259,https://www.courtlistener.com/opinion/389259/united-states-v-richard-lane-bangert-and-alan-harold-kandel/,Court of Appeals for the Eighth Circuit,,"United States v. Richard Lane Bangert, and Alan Harold Kandel","['1981 U.S. App. LEXIS 14726', '645 F.2d 1297']"
429180,https://www.courtlistener.com/opinion/429180/united-states-v-edward-lemon/,Court of Appeals for the D.C. Circuit,396313,https://www.courtlistener.com/opinion/396313/frank-africa-v-the-commonwealth-of-pennsylvania-leroy-s-zimmerman/,Court of Appeals for the Third Circuit,,Frank Africa v. The Commonwealth of Pennsylvania Leroy S. Zimmerman (Attorney General) Bureau of Corrections Ronald Marks (Commissioner of b.o.c.),['662 F.2d 1025']
429180,https://www.courtlistener.com/opinion/429180/united-states-v-edward-lemon/,Court of Appeals for the D.C. Circuit,404968,https://www.courtlistener.com/opinion/404968/united-states-v-gary-sachs/,Court of Appeals for the First Circuit,,United States v. Gary Sachs,['679 F.2d 1015']
429180,https://www.courtlistener.com/opinion/429180/united-states-v-edward-lemon/,Court of Appeals for the D.C. Circuit,406606,https://www.courtlistener.com/opinion/406606/united-states-v-robert-h-campbell-united-states-of-america-v-excavation/,Court of Appeals for the D.C. Circuit,,"United States v. Robert H. Campbell, United States of America v. Excavation Construction, Inc.","['1982 U.S. App. LEXIS 16898', '221 U.S. App. D.C. 367', '684 F.2d 141']"
429180,https://www.courtlistener.com/opinion/429180/united-states-v-edward-lemon/,Court of Appeals for the D.C. Circuit,415372,https://www.courtlistener.com/opinion/415372/united-states-v-arthur-hansen/,Court of Appeals for the Second Circuit,,United States v. Arthur Hansen,"['1983 U.S. App. LEXIS 29928', '701 F.2d 1078']"
429180,https://www.courtlistener.com/opinion/429180/united-states-v-edward-lemon/,Court of Appeals for the D.C. Circuit,426209,https://www.courtlistener.com/opinion/426209/united-states-v-david-michael-marshall/,Court of Appeals for the Seventh Circuit,,United States v. David Michael Marshall,['719 F.2d 887']
429180,https://www.courtlistener.com/opinion/429180/united-states-v-edward-lemon/,Court of Appeals for the D.C. Circuit,1817724,https://www.courtlistener.com/opinion/1817724/united-states-ex-rel-means-v-solem/,"District Court, D. South Dakota",Solem,United States Ex Rel. Means v. Solem,"['1977 U.S. Dist. LEXIS 13052', '440 F. Supp. 544']"
429180,https://www.courtlistener.com/opinion/429180/united-states-v-edward-lemon/,Court of Appeals for the D.C. Circuit,8892212,https://www.courtlistener.com/opinion/8892212/long-v-parker/,Court of Appeals for the Third Circuit,Long,Long v. Parker,['390 F.2d 816']
429180,https://www.courtlistener.com/opinion/429180/united-states-v-edward-lemon/,Court of Appeals for the D.C. Circuit,8916387,https://www.courtlistener.com/opinion/8916387/united-states-v-bazzano/,Court of Appeals for the Third Circuit,Bazzano,United States v. Bazzano,['570 F.2d 1120']
429180,https://www.courtlistener.com/opinion/429180/united-states-v-edward-lemon/,Court of Appeals for the D.C. Circuit,8924119,https://www.courtlistener.com/opinion/8924119/international-society-for-krishna-consciousness-inc-v-barber/,Court of Appeals for the Second Circuit,Barber,"International Society for Krishna Consciousness, Inc. v. Barber",['650 F.2d 430']
429180,https://www.courtlistener.com/opinion/429180/united-states-v-edward-lemon/,Court of Appeals for the D.C. Circuit,8977246,https://www.courtlistener.com/opinion/8977246/founding-church-of-scientology-v-united-states/,Supreme Court of the United States,,Founding Church of Scientology v. United States,"['1969 U.S. LEXIS 154', '24 L. Ed. 2d 427', '90 S. Ct. 434', '396 U.S. 963']"
429180,https://www.courtlistener.com/opinion/429180/united-states-v-edward-lemon/,Court of Appeals for the D.C. Circuit,9017927,https://www.courtlistener.com/opinion/9017927/federal-open-market-committee-of-the-federal-reserve-system-v-merrill/,Supreme Court of the United States,Merrill,Federal Open Market Committee of the Federal Reserve System v. Merrill,"['1978 U.S. LEXIS 164', '56 L. Ed. 2d 757', '98 S. Ct. 2260', '436 U.S. 917']"
429180,https://www.courtlistener.com/opinion/429180/united-states-v-edward-lemon/,Court of Appeals for the D.C. Circuit,9034920,https://www.courtlistener.com/opinion/9034920/hunt-v-bittman/,Supreme Court of the United States,Hunt,Hunt v. Bittman,"['1981 U.S. LEXIS 3623', '70 L. Ed. 2d 158', '50 U.S.L.W. 3248', '102 S. Ct. 315', '454 U.S. 860']"
429180,https://www.courtlistener.com/opinion/429180/united-states-v-edward-lemon/,Court of Appeals for the D.C. Circuit,9038385,https://www.courtlistener.com/opinion/9038385/ellis-v-illinois/,Supreme Court of the United States,Ellis,Ellis v. Illinois,"['1982 U.S. LEXIS 1556', '50 U.S.L.W. 3783', '72 L. Ed. 2d 165', '102 S. Ct. 1755', '456 U.S. 907']"
429180,https://www.courtlistener.com/opinion/429180/united-states-v-edward-lemon/,Court of Appeals for the D.C. Circuit,103976,https://www.courtlistener.com/opinion/103976/united-states-v-ballard/,Supreme Court of the United States,Ballard,United States v. Ballard,"['1944 U.S. LEXIS 810', '88 L. Ed. 1148', '64 S. Ct. 882', '322 U.S. 78']"
429180,https://www.courtlistener.com/opinion/429180/united-states-v-edward-lemon/,Court of Appeals for the D.C. Circuit,106268,https://www.courtlistener.com/opinion/106268/scales-v-united-states/,Supreme Court of the United States,Scales,Scales v. United States,"['1961 U.S. LEXIS 2003', '367 U.S. 203', '81 S. Ct. 1469', '6 L. Ed. 2d 782']"
429180,https://www.courtlistener.com/opinion/429180/united-states-v-edward-lemon/,Court of Appeals for the D.C. Circuit,106660,https://www.courtlistener.com/opinion/106660/sherbert-v-verner/,Supreme Court of the United States,Sherbert,Sherbert v. Verner,"['9 Fair Empl. Prac. Cas. (BNA) 1152', '1963 U.S. LEXIS 976', '374 U.S. 398', '83 S. Ct. 1790', '10 L. Ed. 2d 965']"
429180,https://www.courtlistener.com/opinion/429180/united-states-v-edward-lemon/,Court of Appeals for the D.C. Circuit,106884,https://www.courtlistener.com/opinion/106884/aptheker-v-secretary-of-state/,Supreme Court of the United States,Aptheker,Aptheker v. Secretary of State,"['1964 U.S. LEXIS 2225', '378 U.S. 500', '84 S. Ct. 1659', '12 L. Ed. 2d 992']"
429180,https://www.courtlistener.com/opinion/429180/united-states-v-edward-lemon/,Court of Appeals for the D.C. Circuit,107210,https://www.courtlistener.com/opinion/107210/elfbrandt-v-russell/,Supreme Court of the United States,Elfbrandt,Elfbrandt v. Russell,"['1966 U.S. LEXIS 1818', '384 U.S. 11', '86 S. Ct. 1238', '16 L. Ed. 2d 321']"
429180,https://www.courtlistener.com/opinion/429180/united-states-v-edward-lemon/,Court of Appeals for the D.C. Circuit,107343,https://www.courtlistener.com/opinion/107343/keyishian-v-board-of-regents-of-univ-of-state-of-ny/,Supreme Court of the United States,Keyishian,Keyishian v. Board of Regents of Univ. of State of NY,"['1967 U.S. LEXIS 2454', '385 U.S. 589', '87 S. Ct. 675', '17 L. Ed. 2d 629']"
429180,https://www.courtlistener.com/opinion/429180/united-states-v-edward-lemon/,Court of Appeals for the D.C. Circuit,107554,https://www.courtlistener.com/opinion/107554/united-states-v-robel/,Supreme Court of the United States,Robel,United States v. Robel,"['1967 U.S. LEXIS 2741', '389 U.S. 258', '88 S. Ct. 419', '19 L. Ed. 2d 508']"
429180,https://www.courtlistener.com/opinion/429180/united-states-v-edward-lemon/,Court of Appeals for the D.C. Circuit,107701,https://www.courtlistener.com/opinion/107701/united-states-v-obrien/,Supreme Court of the United States,O'Brien,United States v. O'Brien,"['1968 U.S. LEXIS 2910', '391 U.S. 367', '88 S. Ct. 1673', '20 L. Ed. 2d 672']"
429180,https://www.courtlistener.com/opinion/429180/united-states-v-edward-lemon/,Court of Appeals for the D.C. Circuit,107978,https://www.courtlistener.com/opinion/107978/north-carolina-v-pearce/,Supreme Court of the United States,Pearce,North Carolina v. Pearce,"['1969 U.S. LEXIS 1165', '395 U.S. 711', '89 S. Ct. 2072', '23 L. Ed. 2d 656']"
429180,https://www.courtlistener.com/opinion/429180/united-states-v-edward-lemon/,Court of Appeals for the D.C. Circuit,108261,https://www.courtlistener.com/opinion/108261/baird-v-state-bar-of-arizona/,Supreme Court of the United States,Baird,Baird v. State Bar of Arizona,"['1971 U.S. LEXIS 81', '401 U.S. 1', '91 S. Ct. 702', '27 L. Ed. 2d 639']"
429180,https://www.courtlistener.com/opinion/429180/united-states-v-edward-lemon/,Court of Appeals for the D.C. Circuit,108427,https://www.courtlistener.com/opinion/108427/united-states-v-tucker/,Supreme Court of the United States,Tucker,United States v. Tucker,"['1972 U.S. LEXIS 101', '404 U.S. 443', '92 S. Ct. 589', '30 L. Ed. 2d 592']"
429180,https://www.courtlistener.com/opinion/429180/united-states-v-edward-lemon/,Court of Appeals for the D.C. Circuit,108530,https://www.courtlistener.com/opinion/108530/wisconsin-v-yoder/,Supreme Court of the United States,Yoder,Wisconsin v. Yoder,"['1972 U.S. LEXIS 144', '406 U.S. 205', '92 S. Ct. 1526', '32 L. Ed. 2d 15']"
429180,https://www.courtlistener.com/opinion/429180/united-states-v-edward-lemon/,Court of Appeals for the D.C. Circuit,109093,https://www.courtlistener.com/opinion/109093/dorszynski-v-united-states/,Supreme Court of the United States,Dorszynski,Dorszynski v. United States,"['1974 U.S. LEXIS 26', '418 U.S. 424', '94 S. Ct. 3042', '41 L. Ed. 2d 855']"
429180,https://www.courtlistener.com/opinion/429180/united-states-v-edward-lemon/,Court of Appeals for the D.C. Circuit,109622,https://www.courtlistener.com/opinion/109622/gardner-v-florida/,Supreme Court of the United States,Gardner,Gardner v. Florida,"['1977 U.S. LEXIS 62', '430 U.S. 349', '97 S. Ct. 1197', '51 L. Ed. 2d 393']"
429180,https://www.courtlistener.com/opinion/429180/united-states-v-edward-lemon/,Court of Appeals for the D.C. Circuit,109767,https://www.courtlistener.com/opinion/109767/bordenkircher-v-hayes/,Supreme Court of the United States,Bordenkircher,Bordenkircher v. Hayes,"['1978 U.S. LEXIS 56', '434 U.S. 357', '98 S. Ct. 663', '54 L. Ed. 2d 604']"
429180,https://www.courtlistener.com/opinion/429180/united-states-v-edward-lemon/,Court of Appeals for the D.C. Circuit,109922,https://www.courtlistener.com/opinion/109922/united-states-v-grayson/,Supreme Court of the United States,Grayson,United States v. Grayson,"['1978 U.S. LEXIS 126', '438 U.S. 41', '98 S. Ct. 2610', '57 L. Ed. 2d 582']"
429180,https://www.courtlistener.com/opinion/429180/united-states-v-edward-lemon/,Court of Appeals for the D.C. Circuit,110234,https://www.courtlistener.com/opinion/110234/roberts-v-united-states/,Supreme Court of the United States,Roberts,Roberts v. United States,"['1980 U.S. LEXIS 93', '445 U.S. 552', '100 S. Ct. 1358', '63 L. Ed. 2d 622']"
429180,https://www.courtlistener.com/opinion/429180/united-states-v-edward-lemon/,Court of Appeals for the D.C. Circuit,110532,https://www.courtlistener.com/opinion/110532/heffron-v-international-society-for-krishna-consciousness-inc/,Supreme Court of the United States,Heffron,"Heffron v. International Society for Krishna Consciousness, Inc.","['7 Media L. Rep. (BNA) 1489', '49 U.S.L.W. 4762', '1981 U.S. LEXIS 116', '452 U.S. 640', '101 S. Ct. 2559', '69 L. Ed. 2d 298']"
429180,https://www.courtlistener.com/opinion/429180/united-states-v-edward-lemon/,Court of Appeals for the D.C. Circuit,225883,https://www.courtlistener.com/opinion/225883/bridges-v-united-states/,Court of Appeals for the Ninth Circuit,Bridges,Bridges v. United States,['184 F.2d 881']
429180,https://www.courtlistener.com/opinion/429180/united-states-v-edward-lemon/,Court of Appeals for the D.C. Circuit,275645,https://www.courtlistener.com/opinion/275645/david-paul-obrien-v-united-states/,Court of Appeals for the First Circuit,,David Paul O'Brien v. United States,['376 F.2d 538']
429180,https://www.courtlistener.com/opinion/429180/united-states-v-edward-lemon/,Court of Appeals for the D.C. Circuit,284486,https://www.courtlistener.com/opinion/284486/the-founding-church-of-scientology-of-washington-dc-v-united-states/,Court of Appeals for the D.C. Circuit,,"The Founding Church of Scientology of Washington, D.C. v. United States",['409 F.2d 1146']
429180,https://www.courtlistener.com/opinion/429180/united-states-v-edward-lemon/,Court of Appeals for the D.C. Circuit,287590,https://www.courtlistener.com/opinion/287590/vincent-e-scott-v-united-states/,Court of Appeals for the D.C. Circuit,,Vincent E. Scott v. United States,"['1969 U.S. App. LEXIS 8942', '135 U.S. App. D.C. 377', '419 F.2d 264']"
429180,https://www.courtlistener.com/opinion/429180/united-states-v-edward-lemon/,Court of Appeals for the D.C. Circuit,291899,https://www.courtlistener.com/opinion/291899/timothy-leary-v-united-states/,Court of Appeals for the Fifth Circuit,,Timothy Leary v. United States,"['1970 U.S. App. LEXIS 8772', '431 F.2d 85']"
429180,https://www.courtlistener.com/opinion/429180/united-states-v-edward-lemon/,Court of Appeals for the D.C. Circuit,299089,https://www.courtlistener.com/opinion/299089/united-states-v-janice-weston-aka-janice-wallace/,Court of Appeals for the Ninth Circuit,,"United States v. Janice Weston, A/K/A Janice Wallace","['1971 U.S. App. LEXIS 8223', '448 F.2d 626']"
429180,https://www.courtlistener.com/opinion/429180/united-states-v-edward-lemon/,Court of Appeals for the D.C. Circuit,311614,https://www.courtlistener.com/opinion/311614/united-states-v-wesley-clyde-brown/,Court of Appeals for the Second Circuit,,United States v. Wesley Clyde Brown,"['1973 U.S. App. LEXIS 9779', '479 F.2d 1170']"
429180,https://www.courtlistener.com/opinion/429180/united-states-v-edward-lemon/,Court of Appeals for the D.C. Circuit,315829,https://www.courtlistener.com/opinion/315829/united-states-v-lawrence-d-hartford-aka-larry-united-states-of/,Court of Appeals for the Fifth Circuit,,"United States v. Lawrence D. Hartford, AKA 'Larry,' United States of America v. Dale Bowdoin, United States of America v. Mike Newton",['489 F.2d 652']
429180,https://www.courtlistener.com/opinion/429180/united-states-v-edward-lemon/,Court of Appeals for the D.C. Circuit,325006,https://www.courtlistener.com/opinion/325006/united-states-v-conrad-s-dancy-two-cases/,Court of Appeals for the D.C. Circuit,,"United States v. Conrad S. Dancy, (Two Cases)","['166 U.S. App. D.C. 399', '510 F.2d 779']"
429180,https://www.courtlistener.com/opinion/429180/united-states-v-edward-lemon/,Court of Appeals for the D.C. Circuit,347007,https://www.courtlistener.com/opinion/347007/united-states-v-eugene-harris/,Court of Appeals for the Seventh Circuit,,United States v. Eugene Harris,"['1977 U.S. App. LEXIS 12605', '558 F.2d 366']"
429180,https://www.courtlistener.com/opinion/429180/united-states-v-edward-lemon/,Court of Appeals for the D.C. Circuit,412638,https://www.courtlistener.com/opinion/412638/united-states-v-herbert-baylin/,Court of Appeals for the Third Circuit,,United States v. Herbert Baylin,"['1982 U.S. App. LEXIS 22936', '696 F.2d 1030']"
429180,https://www.courtlistener.com/opinion/429180/united-states-v-edward-lemon/,Court of Appeals for the D.C. Circuit,429180,https://www.courtlistener.com/opinion/429180/united-states-v-edward-lemon/,Court of Appeals for the D.C. Circuit,,United States v. Edward Lemon,"['232 U.S. App. D.C. 396', '723 F.2d 922']"
430620,https://www.courtlistener.com/opinion/430620/united-states-v-vincent-piteo/,Court of Appeals for the Second Circuit,358036,https://www.courtlistener.com/opinion/358036/united-states-v-carmine-fatico-and-daniel-fatico/,Court of Appeals for the Second Circuit,,"United States v. Carmine Fatico, and Daniel Fatico","['1978 U.S. App. LEXIS 10760', '579 F.2d 707']"
430620,https://www.courtlistener.com/opinion/430620/united-states-v-vincent-piteo/,Court of Appeals for the Second Circuit,369003,https://www.courtlistener.com/opinion/369003/united-states-v-daniel-fatico/,Court of Appeals for the Second Circuit,,United States v. Daniel Fatico,"['1979 U.S. App. LEXIS 12520', '603 F.2d 1053']"
430620,https://www.courtlistener.com/opinion/430620/united-states-v-vincent-piteo/,Court of Appeals for the Second Circuit,369008,https://www.courtlistener.com/opinion/369008/united-states-v-allen-harper-wise-aka-skip-wise-united-states-of/,Court of Appeals for the Fourth Circuit,,"United States v. Allen Harper Wise, A/K/A Skip Wise, United States of America v. Lorman Eugene Edmonds, A/K/A Moe","['1979 U.S. App. LEXIS 12904', '603 F.2d 1101']"
430620,https://www.courtlistener.com/opinion/430620/united-states-v-vincent-piteo/,Court of Appeals for the Second Circuit,395166,https://www.courtlistener.com/opinion/395166/united-states-v-john-j-von-moos/,Court of Appeals for the Ninth Circuit,,United States v. John J. Von Moos,"['1981 U.S. App. LEXIS 16271', '660 F.2d 748']"
430620,https://www.courtlistener.com/opinion/430620/united-states-v-vincent-piteo/,Court of Appeals for the Second Circuit,415372,https://www.courtlistener.com/opinion/415372/united-states-v-arthur-hansen/,Court of Appeals for the Second Circuit,,United States v. Arthur Hansen,"['1983 U.S. App. LEXIS 29928', '701 F.2d 1078']"
430620,https://www.courtlistener.com/opinion/430620/united-states-v-vincent-piteo/,Court of Appeals for the Second Circuit,9025187,https://www.courtlistener.com/opinion/9025187/fatico-v-united-states/,Supreme Court of the United States,Fatico,Fatico v. United States,"['1980 U.S. LEXIS 691', '62 L. Ed. 2d 755', '100 S. Ct. 1018', '444 U.S. 1073']"
430620,https://www.courtlistener.com/opinion/430620/united-states-v-vincent-piteo/,Court of Appeals for the Second Circuit,104681,https://www.courtlistener.com/opinion/104681/williams-v-new-york/,Supreme Court of the United States,,Williams v. New York,"['93 L. Ed. 1337', '1949 U.S. LEXIS 2308', '337 U.S. 241', '69 S. Ct. 1079', '93 L. Ed. 2d 1337']"
430620,https://www.courtlistener.com/opinion/430620/united-states-v-vincent-piteo/,Court of Appeals for the Second Circuit,107978,https://www.courtlistener.com/opinion/107978/north-carolina-v-pearce/,Supreme Court of the United States,Pearce,North Carolina v. Pearce,"['1969 U.S. LEXIS 1165', '395 U.S. 711', '89 S. Ct. 2072', '23 L. Ed. 2d 656']"
430620,https://www.courtlistener.com/opinion/430620/united-states-v-vincent-piteo/,Court of Appeals for the Second Circuit,109922,https://www.courtlistener.com/opinion/109922/united-states-v-grayson/,Supreme Court of the United States,Grayson,United States v. Grayson,"['1978 U.S. LEXIS 126', '438 U.S. 41', '98 S. Ct. 2610', '57 L. Ed. 2d 582']"
430620,https://www.courtlistener.com/opinion/430620/united-states-v-vincent-piteo/,Court of Appeals for the Second Circuit,430885,https://www.courtlistener.com/opinion/430885/united-states-v-benjamin-ruggiero-nicholas-santora-anthony-rabito-and/,Court of Appeals for the Second Circuit,,"United States v. Benjamin Ruggiero, Nicholas Santora, Anthony Rabito, and Antonio Tomasulo","['1984 U.S. App. LEXIS 26296', '14 Fed. R. Serv. 1484', '726 F.2d 913']"
436234,https://www.courtlistener.com/opinion/436234/united-states-v-john-j-torniero/,Court of Appeals for the Second Circuit,110736,https://www.courtlistener.com/opinion/110736/blum-v-bacon/,Supreme Court of the United States,Blum,Blum v. Bacon,"['50 U.S.L.W. 4634', '1982 U.S. LEXIS 20', '457 U.S. 132', '102 S. Ct. 2355', '72 L. Ed. 2d 728']"
436234,https://www.courtlistener.com/opinion/436234/united-states-v-john-j-torniero/,Court of Appeals for the Second Circuit,234593,https://www.courtlistener.com/opinion/234593/durham-v-united-states/,Court of Appeals for the D.C. Circuit,,Durham v. United States,['214 F.2d 862']
436234,https://www.courtlistener.com/opinion/436234/united-states-v-john-j-torniero/,Court of Appeals for the Second Circuit,337565,https://www.courtlistener.com/opinion/337565/united-states-v-charles-l-mcdaniel-aka-black-danny-two-cases/,Court of Appeals for the D.C. Circuit,,"United States v. Charles L. McDaniel A/K/A ""Black Danny"" (Two Cases)","['176 U.S. App. D.C. 60', '538 F.2d 408']"
436234,https://www.courtlistener.com/opinion/436234/united-states-v-john-j-torniero/,Court of Appeals for the Second Circuit,359724,https://www.courtlistener.com/opinion/359724/united-states-v-isiah-williams-and-michael-manning/,Court of Appeals for the Second Circuit,,United States v. Isiah Williams and Michael Manning,"['1978 U.S. App. LEXIS 8880', '3 Fed. R. Serv. 1063', '583 F.2d 1194']"
436234,https://www.courtlistener.com/opinion/436234/united-states-v-john-j-torniero/,Court of Appeals for the Second Circuit,389257,https://www.courtlistener.com/opinion/389257/united-states-v-louis-gilliss/,Court of Appeals for the Eighth Circuit,,United States v. Louis Gilliss,"['7 Fed. R. Serv. 1700', '1981 U.S. App. LEXIS 20346', '645 F.2d 1269']"
436234,https://www.courtlistener.com/opinion/436234/united-states-v-john-j-torniero/,Court of Appeals for the Second Circuit,415372,https://www.courtlistener.com/opinion/415372/united-states-v-arthur-hansen/,Court of Appeals for the Second Circuit,,United States v. Arthur Hansen,"['1983 U.S. App. LEXIS 29928', '701 F.2d 1078']"
436234,https://www.courtlistener.com/opinion/436234/united-states-v-john-j-torniero/,Court of Appeals for the Second Circuit,415488,https://www.courtlistener.com/opinion/415488/united-states-v-yvette-carson-lemuel-mont-aka-lam-and-kenneth/,Court of Appeals for the Second Circuit,,"United States v. Yvette Carson, Lemuel Mont, A/K/A ""Lam,"" and Kenneth Thomas, A/K/A ""Kenneth Davis,""","['1983 U.S. App. LEXIS 29926', '12 Fed. R. Serv. 1349', '702 F.2d 351']"
436234,https://www.courtlistener.com/opinion/436234/united-states-v-john-j-torniero/,Court of Appeals for the Second Circuit,428585,https://www.courtlistener.com/opinion/428585/united-states-v-gary-vance-lewellyn/,Court of Appeals for the Eighth Circuit,,United States v. Gary Vance Lewellyn,"['1983 U.S. App. LEXIS 14284', '76 A.L.R. Fed. 739', '723 F.2d 615']"
436234,https://www.courtlistener.com/opinion/436234/united-states-v-john-j-torniero/,Court of Appeals for the Second Circuit,1433154,https://www.courtlistener.com/opinion/1433154/united-states-v-torniero/,"District Court, D. Connecticut",Torniero,United States v. Torniero,"['1983 U.S. Dist. LEXIS 13512', '13 Fed. R. Serv. 1955', '570 F. Supp. 721']"
436234,https://www.courtlistener.com/opinion/436234/united-states-v-john-j-torniero/,Court of Appeals for the Second Circuit,1901171,https://www.courtlistener.com/opinion/1901171/state-v-lafferty/,Supreme Court of Connecticut,Lafferty,State v. Lafferty,"['1983 Conn. LEXIS 451', '456 A.2d 272', '189 Conn. 360']"
436234,https://www.courtlistener.com/opinion/436234/united-states-v-john-j-torniero/,Court of Appeals for the Second Circuit,8847721,https://www.courtlistener.com/opinion/8847721/frye-v-united-states/,Court of Appeals for the D.C. Circuit,Frye,Frye v. United States,"['1923 U.S. App. LEXIS 1712', '34 A.L.R. 145', '54 App. D.C. 46', '293 F. 1013']"
436234,https://www.courtlistener.com/opinion/436234/united-states-v-john-j-torniero/,Court of Appeals for the Second Circuit,8924769,https://www.courtlistener.com/opinion/8924769/city-of-new-york-v-pullman-inc/,Court of Appeals for the Second Circuit,,City of New York v. Pullman Inc.,['662 F.2d 910']
436234,https://www.courtlistener.com/opinion/436234/united-states-v-john-j-torniero/,Court of Appeals for the Second Circuit,9036660,https://www.courtlistener.com/opinion/9036660/buford-v-florida/,Supreme Court of the United States,Buford,Buford v. Florida,"['1982 U.S. LEXIS 524', '50 U.S.L.W. 3549', '71 L. Ed. 2d 320', '102 S. Ct. 1039', '454 U.S. 1164']"
436234,https://www.courtlistener.com/opinion/436234/united-states-v-john-j-torniero/,Court of Appeals for the Second Circuit,111017,https://www.courtlistener.com/opinion/111017/barefoot-v-estelle/,Supreme Court of the United States,Barefoot,Barefoot v. Estelle,"['13 Fed. R. Serv. 449', '51 U.S.L.W. 5189', '1983 U.S. LEXIS 110', '463 U.S. 880', '103 S. Ct. 3383', '77 L. Ed. 2d 1090']"
436234,https://www.courtlistener.com/opinion/436234/united-states-v-john-j-torniero/,Court of Appeals for the Second Circuit,253629,https://www.courtlistener.com/opinion/253629/comer-blocker-v-united-states/,Court of Appeals for the D.C. Circuit,,Comer Blocker v. United States,"['1961 U.S. App. LEXIS 5164', '110 U.S. App. D.C. 41', '288 F.2d 853']"
436234,https://www.courtlistener.com/opinion/436234/united-states-v-john-j-torniero/,Court of Appeals for the Second Circuit,259479,https://www.courtlistener.com/opinion/259479/ernest-mcdonald-v-united-states/,Court of Appeals for the D.C. Circuit,,Ernest McDonald v. United States,"['1962 U.S. App. LEXIS 3973', '114 U.S. App. D.C. 120', '312 F.2d 847']"
436234,https://www.courtlistener.com/opinion/436234/united-states-v-john-j-torniero/,Court of Appeals for the Second Circuit,270991,https://www.courtlistener.com/opinion/270991/united-states-v-charles-freeman/,Court of Appeals for the Second Circuit,,United States v. Charles Freeman,"['1966 U.S. App. LEXIS 7033', '357 F.2d 606']"
436234,https://www.courtlistener.com/opinion/436234/united-states-v-john-j-torniero/,Court of Appeals for the Second Circuit,283099,https://www.courtlistener.com/opinion/283099/united-states-v-russell-charles-currier/,Court of Appeals for the Second Circuit,,United States v. Russell Charles Currier,"['1969 U.S. App. LEXIS 9385', '405 F.2d 1039']"
436234,https://www.courtlistener.com/opinion/436234/united-states-v-john-j-torniero/,Court of Appeals for the Second Circuit,433550,https://www.courtlistener.com/opinion/433550/united-states-v-robert-lyons/,Court of Appeals for the Fifth Circuit,,United States v. Robert Lyons,"['1984 U.S. App. LEXIS 23486', '15 Fed. R. Serv. 859', '731 F.2d 243']"
436234,https://www.courtlistener.com/opinion/436234/united-states-v-john-j-torniero/,Court of Appeals for the Second Circuit,1973209,https://www.courtlistener.com/opinion/1973209/state-v-dipaglia/,Supreme Court of New Jersey,DiPaglia,State v. DiPaglia,"['1974 N.J. LEXIS 218', '64 N.J. 288', '315 A.2d 385']"
436234,https://www.courtlistener.com/opinion/436234/united-states-v-john-j-torniero/,Court of Appeals for the Second Circuit,107750,https://www.courtlistener.com/opinion/107750/powell-v-texas/,Supreme Court of the United States,Powell,Powell v. Texas,"['1968 U.S. LEXIS 1140', '392 U.S. 514', '88 S. Ct. 2145', '20 L. Ed. 2d 1254']"
513272,https://www.courtlistener.com/opinion/513272/united-states-v-giuseppe-pugliese-and-pietro-pugliese/,Court of Appeals for the Second Circuit,302623,https://www.courtlistener.com/opinion/302623/united-states-v-david-wenger/,Court of Appeals for the Second Circuit,,United States v. David Wenger,"['1972 U.S. App. LEXIS 10906', '457 F.2d 1082']"
513272,https://www.courtlistener.com/opinion/513272/united-states-v-giuseppe-pugliese-and-pietro-pugliese/,Court of Appeals for the Second Circuit,323143,https://www.courtlistener.com/opinion/323143/united-states-v-raymond-marquez/,Court of Appeals for the Second Circuit,,United States v. Raymond Marquez,"['1974 U.S. App. LEXIS 6222', '506 F.2d 620']"
513272,https://www.courtlistener.com/opinion/513272/united-states-v-giuseppe-pugliese-and-pietro-pugliese/,Court of Appeals for the Second Circuit,415372,https://www.courtlistener.com/opinion/415372/united-states-v-arthur-hansen/,Court of Appeals for the Second Circuit,,United States v. Arthur Hansen,"['1983 U.S. App. LEXIS 29928', '701 F.2d 1078']"
513272,https://www.courtlistener.com/opinion/513272/united-states-v-giuseppe-pugliese-and-pietro-pugliese/,Court of Appeals for the Second Circuit,429277,https://www.courtlistener.com/opinion/429277/united-states-v-donald-robert-moyles/,Court of Appeals for the Second Circuit,,United States v. Donald Robert Moyles,"['1983 U.S. App. LEXIS 14296', '724 F.2d 29']"
513272,https://www.courtlistener.com/opinion/513272/united-states-v-giuseppe-pugliese-and-pietro-pugliese/,Court of Appeals for the Second Circuit,479794,https://www.courtlistener.com/opinion/479794/united-states-v-giuseppe-pugliese-and-pietro-pugliese/,Court of Appeals for the Second Circuit,,United States v. Giuseppe Pugliese and Pietro Pugliese,"['1986 U.S. App. LEXIS 33974', '805 F.2d 1117']"
513272,https://www.courtlistener.com/opinion/513272/united-states-v-giuseppe-pugliese-and-pietro-pugliese/,Court of Appeals for the Second Circuit,8911952,https://www.courtlistener.com/opinion/8911952/billiteri-v-united-states-board-of-parole/,Court of Appeals for the Second Circuit,Billiteri,Billiteri v. United States Board of Parole,['541 F.2d 938']
513272,https://www.courtlistener.com/opinion/513272/united-states-v-giuseppe-pugliese-and-pietro-pugliese/,Court of Appeals for the Second Circuit,104681,https://www.courtlistener.com/opinion/104681/williams-v-new-york/,Supreme Court of the United States,,Williams v. New York,"['93 L. Ed. 1337', '1949 U.S. LEXIS 2308', '337 U.S. 241', '69 S. Ct. 1079', '93 L. Ed. 2d 1337']"
513272,https://www.courtlistener.com/opinion/513272/united-states-v-giuseppe-pugliese-and-pietro-pugliese/,Court of Appeals for the Second Circuit,107978,https://www.courtlistener.com/opinion/107978/north-carolina-v-pearce/,Supreme Court of the United States,Pearce,North Carolina v. Pearce,"['1969 U.S. LEXIS 1165', '395 U.S. 711', '89 S. Ct. 2072', '23 L. Ed. 2d 656']"
513272,https://www.courtlistener.com/opinion/513272/united-states-v-giuseppe-pugliese-and-pietro-pugliese/,Court of Appeals for the Second Circuit,487215,https://www.courtlistener.com/opinion/487215/united-states-v-paul-c-paulie-villano/,Court of Appeals for the Tenth Circuit,,"United States v. Paul C. ""Paulie"" Villano","['1987 U.S. App. LEXIS 5246', '816 F.2d 1448']"
513272,https://www.courtlistener.com/opinion/513272/united-states-v-giuseppe-pugliese-and-pietro-pugliese/,Court of Appeals for the Second Circuit,488525,https://www.courtlistener.com/opinion/488525/united-states-v-daniel-lee-aka-monkey/,Court of Appeals for the Second Circuit,,"United States v. Daniel Lee, A/K/A ""Monkey""","['1987 U.S. App. LEXIS 6432', '818 F.2d 1052']"
529973,https://www.courtlistener.com/opinion/529973/united-states-v-charles-e-isom/,Court of Appeals for the Fourth Circuit,301064,https://www.courtlistener.com/opinion/301064/united-states-v-martin-sweig/,Court of Appeals for the Second Circuit,,United States v. Martin Sweig,"['1972 U.S. App. LEXIS 11860', '454 F.2d 181']"
529973,https://www.courtlistener.com/opinion/529973/united-states-v-charles-e-isom/,Court of Appeals for the Fourth Circuit,415372,https://www.courtlistener.com/opinion/415372/united-states-v-arthur-hansen/,Court of Appeals for the Second Circuit,,United States v. Arthur Hansen,"['1983 U.S. App. LEXIS 29928', '701 F.2d 1078']"
529973,https://www.courtlistener.com/opinion/529973/united-states-v-charles-e-isom/,Court of Appeals for the Fourth Circuit,449651,https://www.courtlistener.com/opinion/449651/united-states-v-david-meade-bernard/,Court of Appeals for the Fourth Circuit,,United States v. David Meade Bernard,"['1985 U.S. App. LEXIS 29768', '757 F.2d 1439']"
529973,https://www.courtlistener.com/opinion/529973/united-states-v-charles-e-isom/,Court of Appeals for the Fourth Circuit,517630,https://www.courtlistener.com/opinion/517630/united-states-v-esau-juarez-ortega/,Court of Appeals for the Fifth Circuit,,United States v. Esau Juarez-Ortega,"['1989 WL 10338', '1989 U.S. App. LEXIS 2255', '866 F.2d 747']"
529973,https://www.courtlistener.com/opinion/529973/united-states-v-charles-e-isom/,Court of Appeals for the Fourth Circuit,526464,https://www.courtlistener.com/opinion/526464/united-states-v-wilson-fernely-urrego-linares/,Court of Appeals for the Fourth Circuit,,United States v. Wilson Fernely Urrego-Linares,"['1989 WL 79276', '1989 U.S. App. LEXIS 10443', '879 F.2d 1234']"
529973,https://www.courtlistener.com/opinion/529973/united-states-v-charles-e-isom/,Court of Appeals for the Fourth Circuit,8926786,https://www.courtlistener.com/opinion/8926786/united-states-v-harris/,Court of Appeals for the Fourth Circuit,Harris,United States v. Harris,['701 F.2d 1095']
538389,https://www.courtlistener.com/opinion/538389/united-states-v-nancy-bucaro-larry-lawrence-george-jose-turner-andre/,Court of Appeals for the Third Circuit,84695,https://www.courtlistener.com/opinion/84695/calder-v-bull/,Supreme Court of the United States,Calder,Calder v. Bull,"['1798 U.S. LEXIS 148', '3 Dall. 386', '1 L. Ed. 648', '3 U.S. 386']"
538389,https://www.courtlistener.com/opinion/538389/united-states-v-nancy-bucaro-larry-lawrence-george-jose-turner-andre/,Court of Appeals for the Third Circuit,84935,https://www.courtlistener.com/opinion/84935/fletcher-v-peck/,Supreme Court of the United States,Fletcher,Fletcher v. Peck,"['1810 U.S. LEXIS 322', '6 Cranch 87', '3 L. Ed. 162', '10 U.S. 87']"
538389,https://www.courtlistener.com/opinion/538389/united-states-v-nancy-bucaro-larry-lawrence-george-jose-turner-andre/,Court of Appeals for the Third Circuit,95415,https://www.courtlistener.com/opinion/95415/mcdonald-v-massachusetts/,Supreme Court of the United States,McDonald,McDonald v. Massachusetts,"['1901 U.S. LEXIS 1306', '45 L. Ed. 542', '21 S. Ct. 389', '180 U.S. 311']"
538389,https://www.courtlistener.com/opinion/538389/united-states-v-nancy-bucaro-larry-lawrence-george-jose-turner-andre/,Court of Appeals for the Third Circuit,363009,https://www.courtlistener.com/opinion/363009/government-of-the-virgin-islands-v-james-civil-and-cymandy-james/,Court of Appeals for the Third Circuit,,Government of the Virgin Islands v. James Civil and Cymandy James,"['1979 U.S. App. LEXIS 17259', '16 V.I. 77', '591 F.2d 255']"
538389,https://www.courtlistener.com/opinion/538389/united-states-v-nancy-bucaro-larry-lawrence-george-jose-turner-andre/,Court of Appeals for the Third Circuit,409353,https://www.courtlistener.com/opinion/409353/united-states-v-byron-steve-madison-and-james-l-best/,Court of Appeals for the Seventh Circuit,,United States v. Byron Steve Madison and James L. Best,"['1982 U.S. App. LEXIS 25242', '689 F.2d 1300']"
538389,https://www.courtlistener.com/opinion/538389/united-states-v-nancy-bucaro-larry-lawrence-george-jose-turner-andre/,Court of Appeals for the Third Circuit,415372,https://www.courtlistener.com/opinion/415372/united-states-v-arthur-hansen/,Court of Appeals for the Second Circuit,,United States v. Arthur Hansen,"['1983 U.S. App. LEXIS 29928', '701 F.2d 1078']"
538389,https://www.courtlistener.com/opinion/538389/united-states-v-nancy-bucaro-larry-lawrence-george-jose-turner-andre/,Court of Appeals for the Third Circuit,454891,https://www.courtlistener.com/opinion/454891/dan-frederick-schramm-v-united-states-parole-commission/,Court of Appeals for the Eighth Circuit,,Dan Frederick Schramm v. United States Parole Commission,"['1985 U.S. App. LEXIS 20508', '767 F.2d 509']"
538389,https://www.courtlistener.com/opinion/538389/united-states-v-nancy-bucaro-larry-lawrence-george-jose-turner-andre/,Court of Appeals for the Third Circuit,525215,https://www.courtlistener.com/opinion/525215/united-states-v-jose-javier-fernandez-and-jorge-cole-appeal-of-jose/,Court of Appeals for the Second Circuit,,"United States v. Jose Javier Fernandez and Jorge Cole, Appeal of Jose Javier Fernandez",['877 F.2d 1138']
538389,https://www.courtlistener.com/opinion/538389/united-states-v-nancy-bucaro-larry-lawrence-george-jose-turner-andre/,Court of Appeals for the Third Circuit,2009370,https://www.courtlistener.com/opinion/2009370/commonwealth-v-smith/,Supreme Court of Pennsylvania,Com.,Commonwealth v. Smith,"['1984 Pa. Super. LEXIS 6126', '333 Pa. Super. 179', '481 A.2d 1365']"
538389,https://www.courtlistener.com/opinion/538389/united-states-v-nancy-bucaro-larry-lawrence-george-jose-turner-andre/,Court of Appeals for the Third Circuit,9043108,https://www.courtlistener.com/opinion/9043108/bailey-v-united-states/,Supreme Court of the United States,Bailey,Bailey v. United States,"['1983 U.S. LEXIS 3013', '74 L. Ed. 2d 971', '51 U.S.L.W. 3509', '103 S. Ct. 753', '459 U.S. 1116']"
538389,https://www.courtlistener.com/opinion/538389/united-states-v-nancy-bucaro-larry-lawrence-george-jose-turner-andre/,Court of Appeals for the Third Circuit,104578,https://www.courtlistener.com/opinion/104578/gryger-v-burke/,Supreme Court of the United States,Gryger,Gryger v. Burke,"['1948 U.S. LEXIS 1987', '334 U.S. 728', '68 S. Ct. 1256', '92 L. Ed. 2d 1683']"
538389,https://www.courtlistener.com/opinion/538389/united-states-v-nancy-bucaro-larry-lawrence-george-jose-turner-andre/,Court of Appeals for the Third Circuit,1967381,https://www.courtlistener.com/opinion/1967381/commonwealth-v-krum/,Supreme Court of Pennsylvania,Com.,Commonwealth v. Krum,"['1987 Pa. Super. LEXIS 9515', '367 Pa. Super. 511', '533 A.2d 134']"
538389,https://www.courtlistener.com/opinion/538389/united-states-v-nancy-bucaro-larry-lawrence-george-jose-turner-andre/,Court of Appeals for the Third Circuit,2189965,https://www.courtlistener.com/opinion/2189965/commonwealth-v-billett/,Supreme Court of Pennsylvania,Com.,Commonwealth v. Billett,"['1988 Pa. Super. LEXIS 26', '370 Pa. Super. 125', '535 A.2d 1182']"
538389,https://www.courtlistener.com/opinion/538389/united-states-v-nancy-bucaro-larry-lawrence-george-jose-turner-andre/,Court of Appeals for the Third Circuit,2394794,https://www.courtlistener.com/opinion/2394794/commonwealth-v-thomas/,Supreme Court of Pennsylvania,Com.,Commonwealth v. Thomas,"['1986 Pa. LEXIS 730', '510 Pa. 106', '507 A.2d 57']"
563802,https://www.courtlistener.com/opinion/563802/united-states-v-luis-quintero/,Court of Appeals for the Second Circuit,268680,https://www.courtlistener.com/opinion/268680/united-states-v-john-christopher-doyle/,Court of Appeals for the Second Circuit,,United States v. John Christopher Doyle,['348 F.2d 715']
563802,https://www.courtlistener.com/opinion/563802/united-states-v-luis-quintero/,Court of Appeals for the Second Circuit,301064,https://www.courtlistener.com/opinion/301064/united-states-v-martin-sweig/,Court of Appeals for the Second Circuit,,United States v. Martin Sweig,"['1972 U.S. App. LEXIS 11860', '454 F.2d 181']"
563802,https://www.courtlistener.com/opinion/563802/united-states-v-luis-quintero/,Court of Appeals for the Second Circuit,415372,https://www.courtlistener.com/opinion/415372/united-states-v-arthur-hansen/,Court of Appeals for the Second Circuit,,United States v. Arthur Hansen,"['1983 U.S. App. LEXIS 29928', '701 F.2d 1078']"
563802,https://www.courtlistener.com/opinion/563802/united-states-v-luis-quintero/,Court of Appeals for the Second Circuit,440440,https://www.courtlistener.com/opinion/440440/united-states-v-alex-ortiz/,Court of Appeals for the Second Circuit,,United States v. Alex Ortiz,['742 F.2d 712']
563802,https://www.courtlistener.com/opinion/563802/united-states-v-luis-quintero/,Court of Appeals for the Second Circuit,515732,https://www.courtlistener.com/opinion/515732/united-states-v-nelson-guerrero-cesar-rivera-and-anthony-medina/,Court of Appeals for the Second Circuit,,"United States v. Nelson Guerrero, Cesar Rivera and Anthony Medina","['1988 U.S. App. LEXIS 17110', '863 F.2d 245']"
563802,https://www.courtlistener.com/opinion/563802/united-states-v-luis-quintero/,Court of Appeals for the Second Circuit,525215,https://www.courtlistener.com/opinion/525215/united-states-v-jose-javier-fernandez-and-jorge-cole-appeal-of-jose/,Court of Appeals for the Second Circuit,,"United States v. Jose Javier Fernandez and Jorge Cole, Appeal of Jose Javier Fernandez",['877 F.2d 1138']
563802,https://www.courtlistener.com/opinion/563802/united-states-v-luis-quintero/,Court of Appeals for the Second Circuit,525290,https://www.courtlistener.com/opinion/525290/united-states-v-diego-bedoya/,Court of Appeals for the Second Circuit,,United States v. Diego Bedoya,"['1989 WL 70063', '1989 U.S. App. LEXIS 9478', '878 F.2d 73']"
563802,https://www.courtlistener.com/opinion/563802/united-states-v-luis-quintero/,Court of Appeals for the Second Circuit,558027,https://www.courtlistener.com/opinion/558027/united-states-v-patrick-pellegrini/,Court of Appeals for the Second Circuit,,United States v. Patrick Pellegrini,"['1991 WL 37624', '1991 U.S. App. LEXIS 4609', '929 F.2d 55']"
563802,https://www.courtlistener.com/opinion/563802/united-states-v-luis-quintero/,Court of Appeals for the Second Circuit,551861,https://www.courtlistener.com/opinion/551861/united-states-v-pedro-rodriguez-nuez/,Court of Appeals for the Seventh Circuit,,United States v. Pedro Rodriguez-Nuez,"['1990 WL 188770', '1990 U.S. App. LEXIS 20854', '919 F.2d 461']"
655291,https://www.courtlistener.com/opinion/655291/united-states-v-sheila-wishnefsky/,Court of Appeals for the D.C. Circuit,307919,https://www.courtlistener.com/opinion/307919/united-states-v-arthur-needles/,Court of Appeals for the Second Circuit,,United States v. Arthur Needles,"['1973 U.S. App. LEXIS 12205', '472 F.2d 652']"
655291,https://www.courtlistener.com/opinion/655291/united-states-v-sheila-wishnefsky/,Court of Appeals for the D.C. Circuit,406606,https://www.courtlistener.com/opinion/406606/united-states-v-robert-h-campbell-united-states-of-america-v-excavation/,Court of Appeals for the D.C. Circuit,,"United States v. Robert H. Campbell, United States of America v. Excavation Construction, Inc.","['1982 U.S. App. LEXIS 16898', '221 U.S. App. D.C. 367', '684 F.2d 141']"
655291,https://www.courtlistener.com/opinion/655291/united-states-v-sheila-wishnefsky/,Court of Appeals for the D.C. Circuit,415372,https://www.courtlistener.com/opinion/415372/united-states-v-arthur-hansen/,Court of Appeals for the Second Circuit,,United States v. Arthur Hansen,"['1983 U.S. App. LEXIS 29928', '701 F.2d 1078']"
655291,https://www.courtlistener.com/opinion/655291/united-states-v-sheila-wishnefsky/,Court of Appeals for the D.C. Circuit,526822,https://www.courtlistener.com/opinion/526822/united-states-v-samuel-scroggins/,Court of Appeals for the Eleventh Circuit,,United States v. Samuel Scroggins,"['1989 WL 86518', '1989 U.S. App. LEXIS 11015', '880 F.2d 1204']"
655291,https://www.courtlistener.com/opinion/655291/united-states-v-sheila-wishnefsky/,Court of Appeals for the D.C. Circuit,562146,https://www.courtlistener.com/opinion/562146/united-states-v-earl-charles-lynch/,Court of Appeals for the Eleventh Circuit,,United States v. Earl Charles Lynch,"['1991 WL 101447', '1991 U.S. App. LEXIS 13446', '934 F.2d 1226']"
655291,https://www.courtlistener.com/opinion/655291/united-states-v-sheila-wishnefsky/,Court of Appeals for the D.C. Circuit,571396,https://www.courtlistener.com/opinion/571396/united-states-v-floyd-fitzroy-salmon/,Court of Appeals for the D.C. Circuit,,United States v. Floyd Fitzroy Salmon,"['1991 WL 230045', '1991 U.S. App. LEXIS 26532', '292 U.S. App. D.C. 184', '948 F.2d 776']"
655291,https://www.courtlistener.com/opinion/655291/united-states-v-sheila-wishnefsky/,Court of Appeals for the D.C. Circuit,104681,https://www.courtlistener.com/opinion/104681/williams-v-new-york/,Supreme Court of the United States,,Williams v. New York,"['93 L. Ed. 1337', '1949 U.S. LEXIS 2308', '337 U.S. 241', '69 S. Ct. 1079', '93 L. Ed. 2d 1337']"
655291,https://www.courtlistener.com/opinion/655291/united-states-v-sheila-wishnefsky/,Court of Appeals for the D.C. Circuit,108427,https://www.courtlistener.com/opinion/108427/united-states-v-tucker/,Supreme Court of the United States,Tucker,United States v. Tucker,"['1972 U.S. LEXIS 101', '404 U.S. 443', '92 S. Ct. 589', '30 L. Ed. 2d 592']"
655291,https://www.courtlistener.com/opinion/655291/united-states-v-sheila-wishnefsky/,Court of Appeals for the D.C. Circuit,558938,https://www.courtlistener.com/opinion/558938/united-states-v-keith-a-mccrory/,Court of Appeals for the D.C. Circuit,,United States v. Keith A. McCrory,"['1991 WL 52614', '1991 U.S. App. LEXIS 5945', '289 U.S. App. D.C. 178', '930 F.2d 63']"
655291,https://www.courtlistener.com/opinion/655291/united-states-v-sheila-wishnefsky/,Court of Appeals for the D.C. Circuit,585204,https://www.courtlistener.com/opinion/585204/united-states-of-america-appelleecross-appellant-v-darnell-l-mason/,Court of Appeals for the D.C. Circuit,,"United States of America, Appellee/cross-Appellant v. Darnell L. Mason, Appellant/cross-Appellee","['296 U.S. App. D.C. 207', '966 F.2d 1488']"
655291,https://www.courtlistener.com/opinion/655291/united-states-v-sheila-wishnefsky/,Court of Appeals for the D.C. Circuit,593165,https://www.courtlistener.com/opinion/593165/united-states-v-jermaine-boney-united-states-of-america-v-donald-a/,Court of Appeals for the D.C. Circuit,,"United States v. Jermaine Boney, United States of America v. Donald A. Holloman","['1992 U.S. App. LEXIS 25812', '298 U.S. App. D.C. 149', '977 F.2d 624']"
725046,https://www.courtlistener.com/opinion/725046/united-states-v-felix-garcia/,Court of Appeals for the Second Circuit,234593,https://www.courtlistener.com/opinion/234593/durham-v-united-states/,Court of Appeals for the D.C. Circuit,,Durham v. United States,['214 F.2d 862']
725046,https://www.courtlistener.com/opinion/725046/united-states-v-felix-garcia/,Court of Appeals for the Second Circuit,415372,https://www.courtlistener.com/opinion/415372/united-states-v-arthur-hansen/,Court of Appeals for the Second Circuit,,United States v. Arthur Hansen,"['1983 U.S. App. LEXIS 29928', '701 F.2d 1078']"
725046,https://www.courtlistener.com/opinion/725046/united-states-v-felix-garcia/,Court of Appeals for the Second Circuit,433060,https://www.courtlistener.com/opinion/433060/united-states-v-arthur-nathaniel-young/,Court of Appeals for the Fifth Circuit,,United States v. Arthur Nathaniel Young,"['1984 U.S. App. LEXIS 23832', '730 F.2d 221']"
725046,https://www.courtlistener.com/opinion/725046/united-states-v-felix-garcia/,Court of Appeals for the Second Circuit,436234,https://www.courtlistener.com/opinion/436234/united-states-v-john-j-torniero/,Court of Appeals for the Second Circuit,,United States v. John J. Torniero,"['1984 U.S. App. LEXIS 22176', '735 F.2d 725']"
725046,https://www.courtlistener.com/opinion/725046/united-states-v-felix-garcia/,Court of Appeals for the Second Circuit,535689,https://www.courtlistener.com/opinion/535689/united-states-v-robert-gerald-knott/,Court of Appeals for the Ninth Circuit,,United States v. Robert Gerald Knott,"['1990 WL 4631', '1990 U.S. App. LEXIS 861', '894 F.2d 1119']"
725046,https://www.courtlistener.com/opinion/725046/united-states-v-felix-garcia/,Court of Appeals for the Second Circuit,596493,https://www.courtlistener.com/opinion/596493/united-states-v-harry-n-carter/,Court of Appeals for the Second Circuit,,United States v. Harry N. Carter,"['1992 WL 365462', '1992 U.S. App. LEXIS 32517', '981 F.2d 645']"
725046,https://www.courtlistener.com/opinion/725046/united-states-v-felix-garcia/,Court of Appeals for the Second Circuit,696643,https://www.courtlistener.com/opinion/696643/united-states-v-cyril-t-hanna/,Court of Appeals for the Ninth Circuit,,United States v. Cyril T. Hanna,"['1995 WL 322673', '55 F.3d 1456']"
725046,https://www.courtlistener.com/opinion/725046/united-states-v-felix-garcia/,Court of Appeals for the Second Circuit,699604,https://www.courtlistener.com/opinion/699604/united-states-v-ivory-mosby-also-known-as-rafiz-zareef-muhaymin/,Court of Appeals for the Eighth Circuit,,"United States v. Ivory Mosby, Also Known as Rafiz Zareef Muhaymin",['60 F.3d 454']
725046,https://www.courtlistener.com/opinion/725046/united-states-v-felix-garcia/,Court of Appeals for the Second Circuit,705133,https://www.courtlistener.com/opinion/705133/united-states-v-aaron-shelton/,Court of Appeals for the Eighth Circuit,,United States v. Aaron Shelton,"['1995 WL 581335', '66 F.3d 991']"
725046,https://www.courtlistener.com/opinion/725046/united-states-v-felix-garcia/,Court of Appeals for the Second Circuit,706115,https://www.courtlistener.com/opinion/706115/united-states-v-john-w-bolton-aka-gino/,Court of Appeals for the Tenth Circuit,,"United States v. John W. Bolton, A/K/A Gino","['1995 WL 607024', '1995 U.S. App. LEXIS 29225', '68 F.3d 396']"
725046,https://www.courtlistener.com/opinion/725046/united-states-v-felix-garcia/,Court of Appeals for the Second Circuit,707520,https://www.courtlistener.com/opinion/707520/united-states-v-david-kwong-also-known-as-george-kwong-also-known-as-ken/,Court of Appeals for the Second Circuit,,"United States v. David Kwong, Also Known as George Kwong, Also Known as Ken Chan, and Also Known as Zura Kwong","['1995 U.S. App. LEXIS 30153', '42 Fed. R. Serv. 1150', '69 F.3d 663']"
725046,https://www.courtlistener.com/opinion/725046/united-states-v-felix-garcia/,Court of Appeals for the Second Circuit,708089,https://www.courtlistener.com/opinion/708089/united-states-v-kenneth-l-bell/,Court of Appeals for the Seventh Circuit,,United States v. Kenneth L. Bell,"['1995 WL 684076', '1995 U.S. App. LEXIS 32315', '70 F.3d 495']"
725046,https://www.courtlistener.com/opinion/725046/united-states-v-felix-garcia/,Court of Appeals for the Second Circuit,710041,https://www.courtlistener.com/opinion/710041/united-states-v-luciano-sorrentino/,Court of Appeals for the Second Circuit,,United States v. Luciano Sorrentino,"['1995 WL 759531', '1995 U.S. App. LEXIS 36631', '72 F.3d 294']"
725046,https://www.courtlistener.com/opinion/725046/united-states-v-felix-garcia/,Court of Appeals for the Second Circuit,714074,https://www.courtlistener.com/opinion/714074/united-states-v-phillip-wilson-bates/,Court of Appeals for the Eighth Circuit,,United States v. Phillip Wilson Bates,['77 F.3d 1101']
725046,https://www.courtlistener.com/opinion/725046/united-states-v-felix-garcia/,Court of Appeals for the Second Circuit,714837,https://www.courtlistener.com/opinion/714837/united-states-v-sammie-l-bradford/,Court of Appeals for the Seventh Circuit,,United States v. Sammie L. Bradford,"['1996 WL 106382', '78 F.3d 1216']"
725046,https://www.courtlistener.com/opinion/725046/united-states-v-felix-garcia/,Court of Appeals for the Second Circuit,718621,https://www.courtlistener.com/opinion/718621/united-states-v-kenneth-gateward-aka-kenneth-carr/,Court of Appeals for the Third Circuit,,"United States v. Kenneth Gateward, A/K/A Kenneth Carr","['1996 WL 279179', '1996 U.S. App. LEXIS 12304', '84 F.3d 670']"
725046,https://www.courtlistener.com/opinion/725046/united-states-v-felix-garcia/,Court of Appeals for the Second Circuit,8998788,https://www.courtlistener.com/opinion/8998788/united-states-v-ruggiero/,Court of Appeals for the Second Circuit,Ruggiero,United States v. Ruggiero,['934 F.2d 440']
725046,https://www.courtlistener.com/opinion/725046/united-states-v-felix-garcia/,Court of Appeals for the Second Circuit,9003710,https://www.courtlistener.com/opinion/9003710/united-states-v-cardascia/,Court of Appeals for the Second Circuit,Cardascia,United States v. Cardascia,['951 F.2d 474']
725046,https://www.courtlistener.com/opinion/725046/united-states-v-felix-garcia/,Court of Appeals for the Second Circuit,9009158,https://www.courtlistener.com/opinion/9009158/united-states-v-alvarez/,Court of Appeals for the Ninth Circuit,Alvarez,United States v. Alvarez,"['1992 WL 194991', '972 F.2d 1000']"
725046,https://www.courtlistener.com/opinion/725046/united-states-v-felix-garcia/,Court of Appeals for the Second Circuit,9101548,https://www.courtlistener.com/opinion/9101548/parker-v-united-states/,Supreme Court of the United States,Parker,Parker v. United States,"['1990 U.S. LEXIS 4624', '112 L. Ed. 2d 158', '59 U.S.L.W. 3249', '111 S. Ct. 196', '498 U.S. 872']"
725046,https://www.courtlistener.com/opinion/725046/united-states-v-felix-garcia/,Court of Appeals for the Second Circuit,9131995,https://www.courtlistener.com/opinion/9131995/yohey-v-metropolitan-life-insurance/,Supreme Court of the United States,Yohey,Yohey v. Metropolitan Life Insurance,"['122 L. Ed. 2d 795', '507 U.S. 977']"
725046,https://www.courtlistener.com/opinion/725046/united-states-v-felix-garcia/,Court of Appeals for the Second Circuit,9133097,https://www.courtlistener.com/opinion/9133097/mackey-v-united-states/,Supreme Court of the United States,Mackey,Mackey v. United States,"['123 L. Ed. 2d 456', '507 U.S. 1023']"
725046,https://www.courtlistener.com/opinion/725046/united-states-v-felix-garcia/,Court of Appeals for the Second Circuit,9158571,https://www.courtlistener.com/opinion/9158571/kwong-v-united-states/,Supreme Court of the United States,Kwong,Kwong v. United States,"['116 S. Ct. 1343', '517 U.S. 1115']"
725046,https://www.courtlistener.com/opinion/725046/united-states-v-felix-garcia/,Court of Appeals for the Second Circuit,9158813,https://www.courtlistener.com/opinion/9158813/shelton-v-united-states/,Supreme Court of the United States,Shelton,Shelton v. United States,"['1996 U.S. LEXIS 2265', '64 U.S.L.W. 3657', '134 L. Ed. 2d 530', '116 S. Ct. 1364', '517 U.S. 1125']"
725046,https://www.courtlistener.com/opinion/725046/united-states-v-felix-garcia/,Court of Appeals for the Second Circuit,9273902,https://www.courtlistener.com/opinion/9273902/mendoza-figueroa-v-united-states/,Supreme Court of the United States,Mendoza-Figueroa,Mendoza-Figueroa v. United States,"['1996 U.S. LEXIS 1135', '133 L. Ed. 2d 864', '64 U.S.L.W. 3558', '116 S. Ct. 939', '516 U.S. 1125']"
725046,https://www.courtlistener.com/opinion/725046/united-states-v-felix-garcia/,Court of Appeals for the Second Circuit,9472,https://www.courtlistener.com/opinion/9472/united-states-v-rawls/,Court of Appeals for the Fifth Circuit,Rawls,United States v. Rawls,"['1996 WL 288351', '1996 U.S. App. LEXIS 14731', '85 F.3d 240']"
725046,https://www.courtlistener.com/opinion/725046/united-states-v-felix-garcia/,Court of Appeals for the Second Circuit,117927,https://www.courtlistener.com/opinion/117927/united-states-v-lopez/,Supreme Court of the United States,Lopez,United States v. Lopez,"['1995 U.S. LEXIS 3039', '514 U.S. 549', '115 S. Ct. 1624', '131 L. Ed. 2d 626']"
725046,https://www.courtlistener.com/opinion/725046/united-states-v-felix-garcia/,Court of Appeals for the Second Circuit,307716,https://www.courtlistener.com/opinion/307716/united-states-v-archie-w-brawner/,Court of Appeals for the D.C. Circuit,,United States v. Archie W. Brawner,['471 F.2d 969']
725046,https://www.courtlistener.com/opinion/725046/united-states-v-felix-garcia/,Court of Appeals for the Second Circuit,397405,https://www.courtlistener.com/opinion/397405/united-states-v-clifford-mcrary/,Court of Appeals for the Fifth Circuit,,United States v. Clifford McRary,"['1982 U.S. App. LEXIS 22697', '665 F.2d 674']"
2396683,https://www.courtlistener.com/opinion/2396683/united-states-v-cirillo/,"District Court, S.D. New York",110091,https://www.courtlistener.com/opinion/110091/united-states-v-batchelder/,Supreme Court of the United States,Batchelder,United States v. Batchelder,"['1979 U.S. LEXIS 122', '442 U.S. 114', '99 S. Ct. 2198', '60 L. Ed. 2d 755']"
2396683,https://www.courtlistener.com/opinion/2396683/united-states-v-cirillo/,"District Court, S.D. New York",284038,https://www.courtlistener.com/opinion/284038/united-states-of-america-ex-rel-lewis-alexander-brooks-relator-appellant/,Court of Appeals for the Second Circuit,,"United States of America Ex Rel. Lewis Alexander Brooks, Relator-Appellant v. Daniel McMann Warden of Clinton Prison, Dannemora, New York","['1969 U.S. App. LEXIS 13185', '408 F.2d 823']"
2396683,https://www.courtlistener.com/opinion/2396683/united-states-v-cirillo/,"District Court, S.D. New York",306448,https://www.courtlistener.com/opinion/306448/united-states-v-louis-cirillo/,Court of Appeals for the Second Circuit,,United States v. Louis Cirillo,"['1972 U.S. App. LEXIS 6842', '468 F.2d 1233']"
2396683,https://www.courtlistener.com/opinion/2396683/united-states-v-cirillo/,"District Court, S.D. New York",344980,https://www.courtlistener.com/opinion/344980/united-states-v-louis-cirillo/,Court of Appeals for the Second Circuit,,United States v. Louis Cirillo,"['1977 U.S. App. LEXIS 13619', '554 F.2d 54']"
2396683,https://www.courtlistener.com/opinion/2396683/united-states-v-cirillo/,"District Court, S.D. New York",353909,https://www.courtlistener.com/opinion/353909/united-states-v-richard-g-warme-aka-richard-warner-and-james-f/,Court of Appeals for the Second Circuit,,"United States v. Richard G. Warme, A/K/A ""Richard Warner,"" and James F. Heimerle",['572 F.2d 57']
2396683,https://www.courtlistener.com/opinion/2396683/united-states-v-cirillo/,"District Court, S.D. New York",415372,https://www.courtlistener.com/opinion/415372/united-states-v-arthur-hansen/,Court of Appeals for the Second Circuit,,United States v. Arthur Hansen,"['1983 U.S. App. LEXIS 29928', '701 F.2d 1078']"
2396683,https://www.courtlistener.com/opinion/2396683/united-states-v-cirillo/,"District Court, S.D. New York",1513048,https://www.courtlistener.com/opinion/1513048/united-states-v-cirillo/,"District Court, S.D. New York",Cirillo,United States v. Cirillo,"['1977 U.S. Dist. LEXIS 17824', '425 F. Supp. 1254']"
2396683,https://www.courtlistener.com/opinion/2396683/united-states-v-cirillo/,"District Court, S.D. New York",1686317,https://www.courtlistener.com/opinion/1686317/clark-v-coombe/,"District Court, S.D. New York",Coombe,Clark v. Coombe,"['1982 U.S. Dist. LEXIS 14029', '544 F. Supp. 799']"
2396683,https://www.courtlistener.com/opinion/2396683/united-states-v-cirillo/,"District Court, S.D. New York",9014196,https://www.courtlistener.com/opinion/9014196/warren-v-serody/,Supreme Court of the United States,Warren,Warren v. Serody,"['54 L. Ed. 2d 59', '434 U.S. 801']"
2396683,https://www.courtlistener.com/opinion/2396683/united-states-v-cirillo/,"District Court, S.D. New York",108138,https://www.courtlistener.com/opinion/108138/mcmann-v-richardson/,Supreme Court of the United States,McMann,McMann v. Richardson,"['1970 U.S. LEXIS 46', '397 U.S. 759', '90 S. Ct. 1441', '25 L. Ed. 2d 763']"
2396683,https://www.courtlistener.com/opinion/2396683/united-states-v-cirillo/,"District Court, S.D. New York",110693,https://www.courtlistener.com/opinion/110693/united-states-v-frady/,Supreme Court of the United States,Frady,United States v. Frady,"['1982 U.S. LEXIS 95', '456 U.S. 152', '102 S. Ct. 1584', '71 L. Ed. 2d 816']"
2396683,https://www.courtlistener.com/opinion/2396683/united-states-v-cirillo/,"District Court, S.D. New York",110361,https://www.courtlistener.com/opinion/110361/united-states-v-difrancesco/,Supreme Court of the United States,DiFrancesco,United States v. DiFrancesco,"['49 U.S.L.W. 4022', '1980 U.S. LEXIS 3', '449 U.S. 117', '101 S. Ct. 426', '66 L. Ed. 2d 328']"
2650623,https://www.courtlistener.com/opinion/2650623/united-states-v-pratheepan-thavaraja/,Court of Appeals for the Second Circuit,704,https://www.courtlistener.com/opinion/704/united-states-v-menendez/,Court of Appeals for the Second Circuit,Menendez,United States v. Menendez,"['2010 WL 1172076', '2010 U.S. App. LEXIS 6396', '600 F.3d 263']"
2650623,https://www.courtlistener.com/opinion/2650623/united-states-v-pratheepan-thavaraja/,Court of Appeals for the Second Circuit,1756,https://www.courtlistener.com/opinion/1756/porter-v-mccollum/,Supreme Court of the United States,Porter,Porter v. McCollum,"['22 Fla. L. Weekly Fed. S 9', '2009 U.S. LEXIS 8377', '558 U.S. 30', '130 S. Ct. 447', '175 L. Ed. 2d 398']"
2650623,https://www.courtlistener.com/opinion/2650623/united-states-v-pratheepan-thavaraja/,Court of Appeals for the Second Circuit,2467,https://www.courtlistener.com/opinion/2467/united-states-v-rigas/,Court of Appeals for the Second Circuit,Rigas,United States v. Rigas,"['2009 WL 3166066', '2009 U.S. App. LEXIS 21895', '583 F.3d 108']"
2650623,https://www.courtlistener.com/opinion/2650623/united-states-v-pratheepan-thavaraja/,Court of Appeals for the Second Circuit,2649,https://www.courtlistener.com/opinion/2649/united-states-v-verkhoglyad/,Court of Appeals for the Second Circuit,Verkhoglyad,United States v. Verkhoglyad,"['2008 WL 383291', '2008 U.S. App. LEXIS 3148', '516 F.3d 122']"
2650623,https://www.courtlistener.com/opinion/2650623/united-states-v-pratheepan-thavaraja/,Court of Appeals for the Second Circuit,2725,https://www.courtlistener.com/opinion/2725/united-states-v-rigas/,Court of Appeals for the Second Circuit,Rigas,United States v. Rigas,"['2007 U.S. App. LEXIS 12096', '73 Fed. R. Serv. 691', '490 F.3d 208']"
2650623,https://www.courtlistener.com/opinion/2650623/united-states-v-pratheepan-thavaraja/,Court of Appeals for the Second Circuit,2871,https://www.courtlistener.com/opinion/2871/united-states-v-fernandez/,Court of Appeals for the Second Circuit,Fernandez,United States v. Fernandez,"['2006 WL 851670', '2006 U.S. App. LEXIS 8191', '443 F.3d 19']"
2650623,https://www.courtlistener.com/opinion/2650623/united-states-v-pratheepan-thavaraja/,Court of Appeals for the Second Circuit,184871,https://www.courtlistener.com/opinion/184871/peoples-mojahedin-organization-of-iran-v-united-states-department-of/,Court of Appeals for the D.C. Circuit,DOS,People's Mojahedin Organization of Iran v. United States Department of State,"['1999 WL 420471', '1999 U.S. App. LEXIS 14168', '337 U.S. App. D.C. 106', '182 F.3d 17']"
2650623,https://www.courtlistener.com/opinion/2650623/united-states-v-pratheepan-thavaraja/,Court of Appeals for the Second Circuit,415372,https://www.courtlistener.com/opinion/415372/united-states-v-arthur-hansen/,Court of Appeals for the Second Circuit,,United States v. Arthur Hansen,"['1983 U.S. App. LEXIS 29928', '701 F.2d 1078']"
2650623,https://www.courtlistener.com/opinion/2650623/united-states-v-pratheepan-thavaraja/,Court of Appeals for the Second Circuit,613864,https://www.courtlistener.com/opinion/613864/united-states-v-jayyousi/,Court of Appeals for the Eleventh Circuit,Jayyousi,United States v. Jayyousi,"['2011 WL 4346322', '657 F.3d 1085']"
2650623,https://www.courtlistener.com/opinion/2650623/united-states-v-pratheepan-thavaraja/,Court of Appeals for the Second Circuit,773393,https://www.courtlistener.com/opinion/773393/united-states-v-abraham-mcleod/,Court of Appeals for the Second Circuit,,United States v. Abraham McLeod,"['2001 U.S. App. LEXIS 10455', '87 A.F.T.R.2d (RIA) 2274', '251 F.3d 78']"
2650623,https://www.courtlistener.com/opinion/2650623/united-states-v-pratheepan-thavaraja/,Court of Appeals for the Second Circuit,786318,https://www.courtlistener.com/opinion/786318/united-states-v-saul-dos-reis/,Court of Appeals for the Second Circuit,,United States v. Saul Dos Reis,"['2004 WL 1146737', '2004 U.S. App. LEXIS 10169', '369 F.3d 143']"
2650623,https://www.courtlistener.com/opinion/2650623/united-states-v-pratheepan-thavaraja/,Court of Appeals for the Second Circuit,792258,https://www.courtlistener.com/opinion/792258/united-states-of-america-appellee-v-ibrahim-kurti-defendant-appellant/,Court of Appeals for the Second Circuit,,"UNITED STATES of America, Appellee, v. Ibrahim KURTI, Defendant-Appellant","['2005 U.S. App. LEXIS 22483', '427 F.3d 159']"
2650623,https://www.courtlistener.com/opinion/2650623/united-states-v-pratheepan-thavaraja/,Court of Appeals for the Second Circuit,796739,https://www.courtlistener.com/opinion/796739/united-states-v-anthony-wills-aka-fat-man-aka-sealed-deft-1/,Court of Appeals for the Second Circuit,,"United States v. Anthony Wills, A/K/A Fat Man, A/K/A Sealed Deft 1","['2007 U.S. App. LEXIS 2624', '476 F.3d 103']"
2650623,https://www.courtlistener.com/opinion/2650623/united-states-v-pratheepan-thavaraja/,Court of Appeals for the Second Circuit,803272,https://www.courtlistener.com/opinion/803272/united-states-v-lynne-stewart/,Court of Appeals for the Second Circuit,,United States v. Lynne Stewart,"['2012 U.S. App. LEXIS 13286', '2012 WL 2434760', '686 F.3d 156']"
2650623,https://www.courtlistener.com/opinion/2650623/united-states-v-pratheepan-thavaraja/,Court of Appeals for the Second Circuit,104510,https://www.courtlistener.com/opinion/104510/chicago-southern-air-lines-inc-v-waterman-steamship-corp/,Supreme Court of the United States,Waterman SS,"Chicago & Southern Air Lines, Inc. v. Waterman Steamship Corp.","['1948 U.S. LEXIS 2720', '333 U.S. 103', '68 S. Ct. 431', '92 L. Ed. 2d 568']"
2650623,https://www.courtlistener.com/opinion/2650623/united-states-v-pratheepan-thavaraja/,Court of Appeals for the Second Circuit,117954,https://www.courtlistener.com/opinion/117954/witte-v-united-states/,Supreme Court of the United States,Witte,Witte v. United States,"['1995 U.S. LEXIS 4045', '515 U.S. 389', '115 S. Ct. 2199', '132 L. Ed. 2d 351']"
2650623,https://www.courtlistener.com/opinion/2650623/united-states-v-pratheepan-thavaraja/,Court of Appeals for the Second Circuit,145841,https://www.courtlistener.com/opinion/145841/kimbrough-v-united-states/,Supreme Court of the United States,Kimbrough,Kimbrough v. United States,"['2007 U.S. LEXIS 13082', '552 U.S. 85', '128 S. Ct. 558', '169 L. Ed. 2d 481']"
2650623,https://www.courtlistener.com/opinion/2650623/united-states-v-pratheepan-thavaraja/,Court of Appeals for the Second Circuit,145843,https://www.courtlistener.com/opinion/145843/gall-v-united-states/,Supreme Court of the United States,Gall,Gall v. United States,"['2007 U.S. LEXIS 13083', '552 U.S. 38', '128 S. Ct. 586', '169 L. Ed. 2d 445']"
2650623,https://www.courtlistener.com/opinion/2650623/united-states-v-pratheepan-thavaraja/,Court of Appeals for the Second Circuit,331607,https://www.courtlistener.com/opinion/331607/john-winston-ono-lennon-v-immigration-and-naturalization-service/,Court of Appeals for the Second Circuit,,John Winston Ono Lennon v. Immigration and Naturalization Service,"['1975 U.S. App. LEXIS 12451', '32 A.L.R. Fed. 521', '527 F.2d 187']"
2650623,https://www.courtlistener.com/opinion/2650623/united-states-v-pratheepan-thavaraja/,Court of Appeals for the Second Circuit,795404,https://www.courtlistener.com/opinion/795404/united-states-v-eric-jones/,Court of Appeals for the Second Circuit,,United States v. Eric Jones,"['2006 WL 2167171', '2006 U.S. App. LEXIS 19789', '460 F.3d 191']"
2650623,https://www.courtlistener.com/opinion/2650623/united-states-v-pratheepan-thavaraja/,Court of Appeals for the Second Circuit,807293,https://www.courtlistener.com/opinion/807293/united-states-v-wassim-mazloum/,Court of Appeals for the Sixth Circuit,,United States v. Wassim Mazloum,['695 F.3d 457']
2650623,https://www.courtlistener.com/opinion/2650623/united-states-v-pratheepan-thavaraja/,Court of Appeals for the Second Circuit,807518,https://www.courtlistener.com/opinion/807518/united-states-v-broxmeyer/,Court of Appeals for the Second Circuit,Broxmeyer,United States v. Broxmeyer,"['2012 WL 3660316', '699 F.3d 265']"
2650623,https://www.courtlistener.com/opinion/2650623/united-states-v-pratheepan-thavaraja/,Court of Appeals for the Second Circuit,1206802,https://www.courtlistener.com/opinion/1206802/united-states-v-cavera/,Court of Appeals for the Second Circuit,Cavera,United States v. Cavera,"['2008 WL 5102341', '2008 U.S. App. LEXIS 24714', '550 F.3d 180']"
2650623,https://www.courtlistener.com/opinion/2650623/united-states-v-pratheepan-thavaraja/,Court of Appeals for the Second Circuit,1434123,https://www.courtlistener.com/opinion/1434123/united-states-v-stewart/,Court of Appeals for the Second Circuit,Stewart,United States v. Stewart,"['2009 WL 4975286', '590 F.3d 93']"
4450553,https://www.courtlistener.com/opinion/4450553/united-states-v-latchman-singh/,Court of Appeals for the Second Circuit,1756,https://www.courtlistener.com/opinion/1756/porter-v-mccollum/,Supreme Court of the United States,Porter,Porter v. McCollum,"['22 Fla. L. Weekly Fed. S 9', '2009 U.S. LEXIS 8377', '558 U.S. 30', '130 S. Ct. 447', '175 L. Ed. 2d 398']"
4450553,https://www.courtlistener.com/opinion/4450553/united-states-v-latchman-singh/,Court of Appeals for the Second Circuit,2467,https://www.courtlistener.com/opinion/2467/united-states-v-rigas/,Court of Appeals for the Second Circuit,Rigas,United States v. Rigas,"['2009 WL 3166066', '2009 U.S. App. LEXIS 21895', '583 F.3d 108']"
4450553,https://www.courtlistener.com/opinion/4450553/united-states-v-latchman-singh/,Court of Appeals for the Second Circuit,2725,https://www.courtlistener.com/opinion/2725/united-states-v-rigas/,Court of Appeals for the Second Circuit,Rigas,United States v. Rigas,"['2007 U.S. App. LEXIS 12096', '73 Fed. R. Serv. 691', '490 F.3d 208']"
4450553,https://www.courtlistener.com/opinion/4450553/united-states-v-latchman-singh/,Court of Appeals for the Second Circuit,2871,https://www.courtlistener.com/opinion/2871/united-states-v-fernandez/,Court of Appeals for the Second Circuit,Fernandez,United States v. Fernandez,"['2006 WL 851670', '2006 U.S. App. LEXIS 8191', '443 F.3d 19']"
4450553,https://www.courtlistener.com/opinion/4450553/united-states-v-latchman-singh/,Court of Appeals for the Second Circuit,66399,https://www.courtlistener.com/opinion/66399/united-states-v-douglas/,Court of Appeals for the Fifth Circuit,Douglas,United States v. Douglas,"['2009 WL 1515662', '569 F.3d 523']"
4450553,https://www.courtlistener.com/opinion/4450553/united-states-v-latchman-singh/,Court of Appeals for the Second Circuit,152212,https://www.courtlistener.com/opinion/152212/united-states-v-dorvee/,Court of Appeals for the Second Circuit,Dorvee,United States v. Dorvee,"['2010 WL 3023799', '616 F.3d 174']"
4450553,https://www.courtlistener.com/opinion/4450553/united-states-v-latchman-singh/,Court of Appeals for the Second Circuit,183791,https://www.courtlistener.com/opinion/183791/united-states-v-cossey/,Court of Appeals for the Second Circuit,Cossey,United States v. Cossey,"['2011 WL 257441', '2011 U.S. App. LEXIS 1756', '632 F.3d 82']"
4450553,https://www.courtlistener.com/opinion/4450553/united-states-v-latchman-singh/,Court of Appeals for the Second Circuit,194834,https://www.courtlistener.com/opinion/194834/united-states-v-zapata-medina/,Court of Appeals for the First Circuit,Zapata-Medina,United States v. Zapata-Medina,"['1993 WL 259503', '1993 U.S. App. LEXIS 17922', '1 F.3d 46']"
4450553,https://www.courtlistener.com/opinion/4450553/united-states-v-latchman-singh/,Court of Appeals for the Second Circuit,225751,https://www.courtlistener.com/opinion/225751/yuen-jung-v-barber/,Court of Appeals for the Ninth Circuit,Barber,Yuen Jung v. Barber,"['1950 U.S. App. LEXIS 3117', '184 F.2d 491']"
4450553,https://www.courtlistener.com/opinion/4450553/united-states-v-latchman-singh/,Court of Appeals for the Second Circuit,344530,https://www.courtlistener.com/opinion/344530/united-states-v-raymond-robin/,Court of Appeals for the Second Circuit,,United States v. Raymond Robin,"['1977 U.S. App. LEXIS 14060', '553 F.2d 8']"
4450553,https://www.courtlistener.com/opinion/4450553/united-states-v-latchman-singh/,Court of Appeals for the Second Circuit,415372,https://www.courtlistener.com/opinion/415372/united-states-v-arthur-hansen/,Court of Appeals for the Second Circuit,,United States v. Arthur Hansen,"['1983 U.S. App. LEXIS 29928', '701 F.2d 1078']"
4450553,https://www.courtlistener.com/opinion/4450553/united-states-v-latchman-singh/,Court of Appeals for the Second Circuit,571297,https://www.courtlistener.com/opinion/571297/united-states-v-walter-barnes/,Court of Appeals for the Seventh Circuit,,United States v. Walter Barnes,"['1991 WL 238498', '948 F.2d 325']"
4450553,https://www.courtlistener.com/opinion/4450553/united-states-v-latchman-singh/,Court of Appeals for the Second Circuit,741740,https://www.courtlistener.com/opinion/741740/united-states-v-feng-li-aka-li-feng-zhao-hui-aka-hui-zhao-ru-jie-lu/,Court of Appeals for the Second Circuit,,"United States v. Feng Li, AKA Li Feng Zhao Hui, AKA Hui Zhao, Ru Jie Lu, AKA Ru Lu Jie","['1997 WL 275500', '1997 U.S. App. LEXIS 12175', '115 F.3d 125']"
4450553,https://www.courtlistener.com/opinion/4450553/united-states-v-latchman-singh/,Court of Appeals for the Second Circuit,788926,https://www.courtlistener.com/opinion/788926/united-states-v-robert-e-brennan/,Court of Appeals for the Second Circuit,,United States v. Robert E. Brennan,"['2005 WL 57309', '2005 U.S. App. LEXIS 498', '395 F.3d 59']"
4450553,https://www.courtlistener.com/opinion/4450553/united-states-v-latchman-singh/,Court of Appeals for the Second Circuit,793137,https://www.courtlistener.com/opinion/793137/united-states-v-osama-awadallah/,Court of Appeals for the Second Circuit,,United States v. Osama Awadallah,"['2006 WL 181381', '2006 U.S. App. LEXIS 1867', '69 Fed. R. Serv. 412', '436 F.3d 125']"
4450553,https://www.courtlistener.com/opinion/4450553/united-states-v-latchman-singh/,Court of Appeals for the Second Circuit,866796,https://www.courtlistener.com/opinion/866796/united-states-v-chu/,Court of Appeals for the Second Circuit,Chu,United States v. Chu,"['2013 U.S. App. LEXIS 9235', '2013 WL 1876582', '714 F.3d 742']"
4450553,https://www.courtlistener.com/opinion/4450553/united-states-v-latchman-singh/,Court of Appeals for the Second Circuit,1229535,https://www.courtlistener.com/opinion/1229535/united-states-v-juwa/,Court of Appeals for the Second Circuit,Juwa,United States v. Juwa,"['2007 WL 4179834', '2007 U.S. App. LEXIS 27393', '508 F.3d 694']"
4450553,https://www.courtlistener.com/opinion/4450553/united-states-v-latchman-singh/,Court of Appeals for the Second Circuit,2650623,https://www.courtlistener.com/opinion/2650623/united-states-v-pratheepan-thavaraja/,Court of Appeals for the Second Circuit,,United States v. Pratheepan Thavaraja,"['2014 U.S. App. LEXIS 1226', '2014 WL 243390', '740 F.3d 253']"
4450553,https://www.courtlistener.com/opinion/4450553/united-states-v-latchman-singh/,Court of Appeals for the Second Circuit,4406197,https://www.courtlistener.com/opinion/4406197/united-states-v-delacruz/,Court of Appeals for the Second Circuit,Delacruz,United States v. Delacruz,"['2017 U.S. App. LEXIS 11938', '2017 WL 2854330', '862 F.3d 163']"
4450553,https://www.courtlistener.com/opinion/4450553/united-states-v-latchman-singh/,Court of Appeals for the Second Circuit,6795859,https://www.courtlistener.com/opinion/6795859/graham-v-florida/,Supreme Court of the United States,Graham,Graham v. Florida,"['78 U.S.L.W. 4387', '22 Fla. L. Weekly Fed. S 328', '560 U.S. 48', '130 S. Ct. 2011', '2010 U.S. LEXIS 3881', '176 L. Ed. 2d 825']"
4450553,https://www.courtlistener.com/opinion/4450553/united-states-v-latchman-singh/,Court of Appeals for the Second Circuit,8442268,https://www.courtlistener.com/opinion/8442268/united-states-v-aldeen/,Court of Appeals for the Second Circuit,Aldeen,United States v. Aldeen,"['2015 WL 4072106', '2015 U.S. App. LEXIS 11591', '792 F.3d 247']"
4450553,https://www.courtlistener.com/opinion/4450553/united-states-v-latchman-singh/,Court of Appeals for the Second Circuit,8801795,https://www.courtlistener.com/opinion/8801795/alford-v-whitsel/,"District Court, N.D. Mississippi",Alford,Alford v. Whitsel,"['1971 U.S. Dist. LEXIS 14729', '322 F. Supp. 358']"
4450553,https://www.courtlistener.com/opinion/4450553/united-states-v-latchman-singh/,Court of Appeals for the Second Circuit,109535,https://www.courtlistener.com/opinion/109535/woodson-v-north-carolina/,Supreme Court of the United States,Woodson,Woodson v. North Carolina,"['1976 U.S. LEXIS 85', '428 U.S. 280', '96 S. Ct. 2978', '49 L. Ed. 2d 944']"
4450553,https://www.courtlistener.com/opinion/4450553/united-states-v-latchman-singh/,Court of Appeals for the Second Circuit,110641,https://www.courtlistener.com/opinion/110641/eddings-v-oklahoma/,Supreme Court of the United States,Eddings,Eddings v. Oklahoma,"['50 U.S.L.W. 4161', '1982 U.S. LEXIS 15', '455 U.S. 104', '102 S. Ct. 869', '71 L. Ed. 2d 1']"
4450553,https://www.courtlistener.com/opinion/4450553/united-states-v-latchman-singh/,Court of Appeals for the Second Circuit,112897,https://www.courtlistener.com/opinion/112897/johnson-v-texas/,Supreme Court of the United States,Johnson,Johnson v. Texas,"['1993 U.S. LEXIS 4398', '509 U.S. 350', '113 S. Ct. 2658', '125 L. Ed. 2d 290']"
4450553,https://www.courtlistener.com/opinion/4450553/united-states-v-latchman-singh/,Court of Appeals for the Second Circuit,118214,https://www.courtlistener.com/opinion/118214/county-of-sacramento-v-lewis/,Supreme Court of the United States,Lewis,County of Sacramento v. Lewis,"['1998 U.S. LEXIS 3404', '523 U.S. 833', '118 S. Ct. 1708', '140 L. Ed. 2d 1043']"
4450553,https://www.courtlistener.com/opinion/4450553/united-states-v-latchman-singh/,Court of Appeals for the Second Circuit,145843,https://www.courtlistener.com/opinion/145843/gall-v-united-states/,Supreme Court of the United States,Gall,Gall v. United States,"['2007 U.S. LEXIS 13083', '552 U.S. 38', '128 S. Ct. 586', '169 L. Ed. 2d 445']"
4450553,https://www.courtlistener.com/opinion/4450553/united-states-v-latchman-singh/,Court of Appeals for the Second Circuit,152880,https://www.courtlistener.com/opinion/152880/united-states-v-kumar/,Court of Appeals for the Second Circuit,Kumar,United States v. Kumar,"['2010 WL 3169270', '2010 U.S. App. LEXIS 16694', '617 F.3d 612']"
4450553,https://www.courtlistener.com/opinion/4450553/united-states-v-latchman-singh/,Court of Appeals for the Second Circuit,331607,https://www.courtlistener.com/opinion/331607/john-winston-ono-lennon-v-immigration-and-naturalization-service/,Court of Appeals for the Second Circuit,,John Winston Ono Lennon v. Immigration and Naturalization Service,"['1975 U.S. App. LEXIS 12451', '32 A.L.R. Fed. 521', '527 F.2d 187']"
4450553,https://www.courtlistener.com/opinion/4450553/united-states-v-latchman-singh/,Court of Appeals for the Second Circuit,807518,https://www.courtlistener.com/opinion/807518/united-states-v-broxmeyer/,Court of Appeals for the Second Circuit,Broxmeyer,United States v. Broxmeyer,"['2012 WL 3660316', '699 F.3d 265']"
4450553,https://www.courtlistener.com/opinion/4450553/united-states-v-latchman-singh/,Court of Appeals for the Second Circuit,1206802,https://www.courtlistener.com/opinion/1206802/united-states-v-cavera/,Court of Appeals for the Second Circuit,Cavera,United States v. Cavera,"['2008 WL 5102341', '2008 U.S. App. LEXIS 24714', '550 F.3d 180']"
4450553,https://www.courtlistener.com/opinion/4450553/united-states-v-latchman-singh/,Court of Appeals for the Second Circuit,1434123,https://www.courtlistener.com/opinion/1434123/united-states-v-stewart/,Court of Appeals for the Second Circuit,Stewart,United States v. Stewart,"['2009 WL 4975286', '590 F.3d 93']"
4450553,https://www.courtlistener.com/opinion/4450553/united-states-v-latchman-singh/,Court of Appeals for the Second Circuit,4383392,https://www.courtlistener.com/opinion/4383392/united-states-v-joseph-vincent-jenkins/,Court of Appeals for the Second Circuit,,United States v. Joseph Vincent Jenkins,"['2017 U.S. App. LEXIS 6514', '2017 WL 1371399', '854 F.3d 181']"
7325818,https://www.courtlistener.com/opinion/7325818/krommenhock-v-post-foods-llc/,"District Court, N.D. California",112446,https://www.courtlistener.com/opinion/112446/english-v-general-electric-co/,Supreme Court of the United States,English,English v. General Electric Co.,"['14 OSHC (BNA) 1609', '113 P.U.R.4th 97', '5 I.E.R. Cas. (BNA) 609', '58 U.S.L.W. 4679', '1990 U.S. LEXIS 2892', '496 U.S. 72', '110 S. Ct. 2270', '110 L. Ed. 2d 65']"
7325818,https://www.courtlistener.com/opinion/7325818/krommenhock-v-post-foods-llc/,"District Court, N.D. California",155170,https://www.courtlistener.com/opinion/155170/national-council-for-improved-health-v-shalala/,Court of Appeals for the Tenth Circuit,Shalala,National Council for Improved Health v. Shalala,"['1997 WL 452698', '1997 U.S. App. LEXIS 21180', '25 Media L. Rep. (BNA) 2268', '122 F.3d 878']"
7325818,https://www.courtlistener.com/opinion/7325818/krommenhock-v-post-foods-llc/,"District Court, N.D. California",626786,https://www.courtlistener.com/opinion/626786/mirko-carrea-v-dreyers-grand-ice-cream-inc/,Court of Appeals for the Ninth Circuit,,"Mirko Carrea v. Dreyer's Grand Ice Cream, Inc.","[""475 F. App'x 113""]"
7325818,https://www.courtlistener.com/opinion/7325818/krommenhock-v-post-foods-llc/,"District Court, N.D. California",1194077,https://www.courtlistener.com/opinion/1194077/manzarek-v-st-paul-fire-marine-insurance/,Court of Appeals for the Ninth Circuit,Manzarek,Manzarek v. St. Paul Fire & Marine Insurance,"['2008 WL 763385', '2008 U.S. App. LEXIS 6145', '86 U.S.P.Q. 2d (BNA) 1632', '519 F.3d 1025']"
7325818,https://www.courtlistener.com/opinion/7325818/krommenhock-v-post-foods-llc/,"District Court, N.D. California",1243130,https://www.courtlistener.com/opinion/1243130/williams-v-gerber-products-co/,Court of Appeals for the Ninth Circuit,,Williams v. Gerber Products Co.,"['2008 WL 5273731', '2008 U.S. App. LEXIS 27421', '552 F.3d 934']"
7325818,https://www.courtlistener.com/opinion/7325818/krommenhock-v-post-foods-llc/,"District Court, N.D. California",1444135,https://www.courtlistener.com/opinion/1444135/clark-v-time-warner-cable/,Court of Appeals for the Ninth Circuit,,Clark v. Time Warner Cable,"['2008 WL 1885691', '2008 U.S. App. LEXIS 9306', '44 Communications Reg. (P&F) 1271', '523 F.3d 1110']"
7325818,https://www.courtlistener.com/opinion/7325818/krommenhock-v-post-foods-llc/,"District Court, N.D. California",2171826,https://www.courtlistener.com/opinion/2171826/in-re-ferrero-litigation/,"District Court, S.D. California",In Re Ferrero Litigation,In Re Ferrero Litigation,"['2011 WL 2579787', '2011 U.S. Dist. LEXIS 70629', '794 F. Supp. 2d 1107']"
7325818,https://www.courtlistener.com/opinion/7325818/krommenhock-v-post-foods-llc/,"District Court, N.D. California",2255890,https://www.courtlistener.com/opinion/2255890/weinstat-v-dentsply-international-inc/,California Court of Appeal,Weinstat,"Weinstat v. Dentsply International, Inc.","['2010 Cal. App. LEXIS 5', '70 U.C.C. Rep. Serv. 2d (West) 689', '103 Cal. Rptr. 3d 614', '180 Cal. App. 4th 1213']"
7325818,https://www.courtlistener.com/opinion/7325818/krommenhock-v-post-foods-llc/,"District Court, N.D. California",2369735,https://www.courtlistener.com/opinion/2369735/stickrath-v-globalstar-inc/,"District Court, N.D. California",Stickrath,"Stickrath v. Globalstar, Inc.","['2007 WL 2790727', '2007 U.S. Dist. LEXIS 73763', '527 F. Supp. 2d 992']"
7325818,https://www.courtlistener.com/opinion/7325818/krommenhock-v-post-foods-llc/,"District Court, N.D. California",2469350,https://www.courtlistener.com/opinion/2469350/chacanaca-v-quaker-oats-company/,"District Court, N.D. California",Chacanaca,Chacanaca v. QUAKER OATS COMPANY,"['2010 WL 4055954', '2010 U.S. Dist. LEXIS 111981', '752 F. Supp. 2d 1111']"
7325818,https://www.courtlistener.com/opinion/7325818/krommenhock-v-post-foods-llc/,"District Court, N.D. California",2786091,https://www.courtlistener.com/opinion/2786091/reid-v-johnson-johnson-mcneil-nutritionals-llc/,Court of Appeals for the Ninth Circuit,,"Reid v. Johnson & Johnson & McNeil Nutritionals, LLC","['2015 WL 1089583', '2015 U.S. App. LEXIS 4025', '780 F.3d 952']"
7325818,https://www.courtlistener.com/opinion/7325818/krommenhock-v-post-foods-llc/,"District Court, N.D. California",7306892,https://www.courtlistener.com/opinion/7306892/chicago-faucet-shoppe-inc-v-nestle-waters-north-america-inc/,"District Court, N.D. Illinois",,"Chicago Faucet Shoppe, Inc. v. Nestlé Waters North America Inc.","['2014 U.S. Dist. LEXIS 16871', '2014 WL 541644', '24 F. Supp. 3d 750']"
7325818,https://www.courtlistener.com/opinion/7325818/krommenhock-v-post-foods-llc/,"District Court, N.D. California",7311115,https://www.courtlistener.com/opinion/7311115/salazar-v-honest-tea-inc/,"District Court, E.D. California",Salazar,"Salazar v. Honest Tea, Inc.","['2014 U.S. Dist. LEXIS 83164', '2014 WL 2593601', '74 F. Supp. 3d 1304']"
7325818,https://www.courtlistener.com/opinion/7325818/krommenhock-v-post-foods-llc/,"District Court, N.D. California",7312872,https://www.courtlistener.com/opinion/7312872/kardovich-v-pfizer-inc/,"District Court, E.D. New York",Kardovich,"Kardovich v. Pfizer, Inc.","['2015 WL 1506996', '2015 U.S. Dist. LEXIS 42906', '97 F. Supp. 3d 131']"
7325818,https://www.courtlistener.com/opinion/7325818/krommenhock-v-post-foods-llc/,"District Court, N.D. California",7315015,https://www.courtlistener.com/opinion/7315015/backus-v-general-mills-inc/,"District Court, N.D. California",Backus,"Backus v. General Mills, Inc.","['2015 WL 4932687', '2015 U.S. Dist. LEXIS 109839', '122 F. Supp. 3d 909']"
7325818,https://www.courtlistener.com/opinion/7325818/krommenhock-v-post-foods-llc/,"District Court, N.D. California",7316550,https://www.courtlistener.com/opinion/7316550/workman-v-plum-inc/,"District Court, N.D. California",Workman,Workman v. Plum Inc.,"['2015 WL 6664837', '2015 U.S. Dist. LEXIS 148426', '141 F. Supp. 3d 1032']"
7325818,https://www.courtlistener.com/opinion/7325818/krommenhock-v-post-foods-llc/,"District Court, N.D. California",7318868,https://www.courtlistener.com/opinion/7318868/backus-v-nestle-usa-inc/,"District Court, N.D. California",Backus,"Backus v. Nestlé USA, Inc.","['2016 WL 879673', '167 F. Supp. 3d 1068']"
7325818,https://www.courtlistener.com/opinion/7325818/krommenhock-v-post-foods-llc/,"District Court, N.D. California",7324900,https://www.courtlistener.com/opinion/7324900/hadley-v-kellogg-sales-co/,"District Court, N.D. California",Hadley,Hadley v. Kellogg Sales Co.,"['2017 U.S. Dist. LEXIS 40825', '2017 WL 1065293', '243 F. Supp. 3d 1074']"
7325818,https://www.courtlistener.com/opinion/7325818/krommenhock-v-post-foods-llc/,"District Court, N.D. California",8441176,https://www.courtlistener.com/opinion/8441176/oklevueha-native-american-church-of-hawaii-inc-v-holder/,Court of Appeals for the Ninth Circuit,,"Oklevueha Native American Church of Hawaii, Inc. v. Holder","['2012 WL 1150259', '2012 U.S. App. LEXIS 7078', '676 F.3d 829']"
7325818,https://www.courtlistener.com/opinion/7325818/krommenhock-v-post-foods-llc/,"District Court, N.D. California",8693641,https://www.courtlistener.com/opinion/8693641/sf-ex-rel-sef-v-archer-daniels-midland-co/,Court of Appeals for the Second Circuit,,S.F. ex rel. S.E.F. v. Archer Daniels Midland Co.,"[""594 F. App'x 11""]"
7325818,https://www.courtlistener.com/opinion/7325818/krommenhock-v-post-foods-llc/,"District Court, N.D. California",8721534,https://www.courtlistener.com/opinion/8721534/brown-v-hain-celestial-group-inc/,"District Court, N.D. California",Brown,"Brown v. Hain Celestial Group, Inc.","['2012 U.S. Dist. LEXIS 181591', '2012 WL 6697670', '79 U.C.C. Rep. Serv. 2d (West) 338', '913 F. Supp. 2d 881']"
7325818,https://www.courtlistener.com/opinion/7325818/krommenhock-v-post-foods-llc/,"District Court, N.D. California",8725234,https://www.courtlistener.com/opinion/8725234/viggiano-v-hansen-natural-corp/,"District Court, C.D. California",Viggiano,Viggiano v. Hansen Natural Corp.,"['2013 WL 2005430', '2013 U.S. Dist. LEXIS 70003', '80 U.C.C. Rep. Serv. 2d (West) 798', '944 F. Supp. 2d 877']"
7325818,https://www.courtlistener.com/opinion/7325818/krommenhock-v-post-foods-llc/,"District Court, N.D. California",8789488,https://www.courtlistener.com/opinion/8789488/clancy-v-bromley-tea-co/,"District Court, N.D. California",Clancy,Clancy v. Bromley Tea Co.,"['2013 U.S. Dist. LEXIS 112722', '2013 WL 4081632', '308 F.R.D. 564']"
7325818,https://www.courtlistener.com/opinion/7325818/krommenhock-v-post-foods-llc/,"District Court, N.D. California",103438,https://www.courtlistener.com/opinion/103438/hines-v-davidowitz/,Supreme Court of the United States,Hines,Hines v. Davidowitz,"['1941 U.S. LEXIS 1103', '85 L. Ed. 581', '61 S. Ct. 399', '312 U.S. 52']"
7325818,https://www.courtlistener.com/opinion/7325818/krommenhock-v-post-foods-llc/,"District Court, N.D. California",145730,https://www.courtlistener.com/opinion/145730/bell-atlantic-corp-v-twombly/,Supreme Court of the United States,Twombly,Bell Atlantic Corp. v. Twombly,"['75 U.S.L.W. 4337', '68 Fed. R. Serv. 3d 661', '20 Fla. L. Weekly Fed. S 267', '41 Communications Reg. (P&F) 567', '2007 U.S. LEXIS 5901', '550 U.S. 544', '127 S. Ct. 1955', '167 L. Ed. 2d 929']"
7325818,https://www.courtlistener.com/opinion/7325818/krommenhock-v-post-foods-llc/,"District Court, N.D. California",3066151,https://www.courtlistener.com/opinion/3066151/aleta-lilly-v-conagra-foods-inc/,Court of Appeals for the Ninth Circuit,,"Aleta Lilly v. Conagra Foods, Inc.","['2014 U.S. App. LEXIS 3159', '2014 WL 644706', '743 F.3d 662']"
7329667,https://www.courtlistener.com/opinion/7329667/zeiger-v-wellpet-llc/,"District Court, N.D. California",104200,https://www.courtlistener.com/opinion/104200/international-shoe-co-v-washington/,Supreme Court of the United States,,International Shoe Co. v. Washington,"['161 A.L.R. 1057', '1945 U.S. LEXIS 1447', '90 L. Ed. 95', '66 S. Ct. 154', '326 U.S. 310']"
7329667,https://www.courtlistener.com/opinion/7329667/zeiger-v-wellpet-llc/,"District Court, N.D. California",346927,https://www.courtlistener.com/opinion/346927/data-disc-incorporated-v-systems-technology-associates-inc/,Court of Appeals for the Ninth Circuit,,"Data Disc, Incorporated v. Systems Technology Associates, Inc.","['1977 U.S. App. LEXIS 12488', '557 F.2d 1280']"
7329667,https://www.courtlistener.com/opinion/7329667/zeiger-v-wellpet-llc/,"District Court, N.D. California",493965,https://www.courtlistener.com/opinion/493965/sterling-usher-v-city-of-los-angeles-richard-a-gonzales-michael-e/,Court of Appeals for the Ninth Circuit,,"Sterling Usher v. City of Los Angeles, Richard A. Gonzales, Michael E. Melton, Jose E. Ramirez, Joe Rios, and Robert L. Vann","['1987 U.S. App. LEXIS 12482', '828 F.2d 556']"
7329667,https://www.courtlistener.com/opinion/7329667/zeiger-v-wellpet-llc/,"District Court, N.D. California",613992,https://www.courtlistener.com/opinion/613992/maya-v-centex-corp/,Court of Appeals for the Ninth Circuit,Maya,Maya v. Centex Corp.,"['2011 WL 4381864', '658 F.3d 1060']"
7329667,https://www.courtlistener.com/opinion/7329667/zeiger-v-wellpet-llc/,"District Court, N.D. California",732398,https://www.courtlistener.com/opinion/732398/96-cal-daily-op-serv-9424-96-daily-journal-dar-15487-firemans-fund/,Court of Appeals for the Ninth Circuit,,,['103 F.3d 888']
7329667,https://www.courtlistener.com/opinion/7329667/zeiger-v-wellpet-llc/,"District Court, N.D. California",781952,https://www.courtlistener.com/opinion/781952/harris-rutsky-co-insurance-services-inc-v-bell-clements-limited/,Court of Appeals for the Ninth Circuit,,"Harris Rutsky & Co. Insurance Services, Inc. v. Bell & Clements Limited","['2003 U.S. App. LEXIS 8842', '2003 Daily Journal DAR 5058', '2003 Cal. Daily Op. Serv. 3946', '328 F.3d 1122']"
7329667,https://www.courtlistener.com/opinion/7329667/zeiger-v-wellpet-llc/,"District Court, N.D. California",796813,https://www.courtlistener.com/opinion/796813/theodore-c-swartz-v-kpmg-llp-and-presidio-advisory-services-inc/,Court of Appeals for the Ninth Circuit,,"Theodore C. Swartz v. Kpmg Llp, and Presidio Advisory Services Inc. Deutsche Bank Ag Deutsche Bank Securities, Inc.","['2007 WL 438795', '2007 U.S. App. LEXIS 3113', '99 A.F.T.R.2d (RIA) 974', '476 F.3d 756']"
7329667,https://www.courtlistener.com/opinion/7329667/zeiger-v-wellpet-llc/,"District Court, N.D. California",1199775,https://www.courtlistener.com/opinion/1199775/clemens-v-daimlerchrysler-corp/,Court of Appeals for the Ninth Circuit,Clemens,Clemens v. DaimlerChrysler Corp.,"['2008 WL 2840662', '2008 U.S. App. LEXIS 15949', '66 U.C.C. Rep. Serv. 2d (West) 688', '534 F.3d 1017']"
7329667,https://www.courtlistener.com/opinion/7329667/zeiger-v-wellpet-llc/,"District Court, N.D. California",1221373,https://www.courtlistener.com/opinion/1221373/burr-v-sherwin-williams-co/,California Supreme Court,Burr,Burr v. Sherwin Williams Co.,"['1954 Cal. LEXIS 197', '42 Cal. 2d 682', '268 P.2d 1041']"
7329667,https://www.courtlistener.com/opinion/7329667/zeiger-v-wellpet-llc/,"District Court, N.D. California",1243130,https://www.courtlistener.com/opinion/1243130/williams-v-gerber-products-co/,Court of Appeals for the Ninth Circuit,,Williams v. Gerber Products Co.,"['2008 WL 5273731', '2008 U.S. App. LEXIS 27421', '552 F.3d 934']"
7329667,https://www.courtlistener.com/opinion/7329667/zeiger-v-wellpet-llc/,"District Court, N.D. California",1400355,https://www.courtlistener.com/opinion/1400355/in-re-gilead-sciences-securities-litigation/,Court of Appeals for the Ninth Circuit,In Re Gilead Sciences Securities Litigation,In Re Gilead Sciences Securities Litigation,"['2008 WL 3271039', '2008 U.S. App. LEXIS 17076', '536 F.3d 1049']"
7329667,https://www.courtlistener.com/opinion/7329667/zeiger-v-wellpet-llc/,"District Court, N.D. California",1429600,https://www.courtlistener.com/opinion/1429600/lozano-v-at-t-wireless-services-inc/,Court of Appeals for the Ninth Circuit,Lozano,"Lozano v. AT & T Wireless Services, Inc.","['2007 WL 2728758', '2007 U.S. App. LEXIS 22430', '42 Communications Reg. (P&F) 799', '504 F.3d 718']"
7329667,https://www.courtlistener.com/opinion/7329667/zeiger-v-wellpet-llc/,"District Court, N.D. California",2141291,https://www.courtlistener.com/opinion/2141291/gilbert-financial-corp-v-steelform-contracting-co/,California Court of Appeal,,Gilbert Financial Corp v. Steelform Contracting Co.,"['1978 Cal. App. LEXIS 1652', '82 Cal. App. 2d 65', '145 Cal. Rptr. 448', '82 Cal. App. 3d 65']"
7329667,https://www.courtlistener.com/opinion/7329667/zeiger-v-wellpet-llc/,"District Court, N.D. California",2255890,https://www.courtlistener.com/opinion/2255890/weinstat-v-dentsply-international-inc/,California Court of Appeal,Weinstat,"Weinstat v. Dentsply International, Inc.","['2010 Cal. App. LEXIS 5', '70 U.C.C. Rep. Serv. 2d (West) 689', '103 Cal. Rptr. 3d 614', '180 Cal. App. 4th 1213']"
7329667,https://www.courtlistener.com/opinion/7329667/zeiger-v-wellpet-llc/,"District Court, N.D. California",2256580,https://www.courtlistener.com/opinion/2256580/south-bay-chevrolet-v-general-motors-acceptance-corp/,California Court of Appeal,GMAC,South Bay Chevrolet v. General Motors Acceptance Corp.,"['1999 Cal. App. LEXIS 546', '99 Daily Journal DAR 5413', '72 Cal. App. 4th 861', '85 Cal. Rptr. 2d 301']"
7329667,https://www.courtlistener.com/opinion/7329667/zeiger-v-wellpet-llc/,"District Court, N.D. California",2426441,https://www.courtlistener.com/opinion/2426441/anunziato-v-emachines-inc/,"District Court, C.D. California",Anunziato,"Anunziato v. eMachines, Inc.","['2005 WL 3263892', '402 F. Supp. 2d 1133']"
7329667,https://www.courtlistener.com/opinion/7329667/zeiger-v-wellpet-llc/,"District Court, N.D. California",2469350,https://www.courtlistener.com/opinion/2469350/chacanaca-v-quaker-oats-company/,"District Court, N.D. California",Chacanaca,Chacanaca v. QUAKER OATS COMPANY,"['2010 WL 4055954', '2010 U.S. Dist. LEXIS 111981', '752 F. Supp. 2d 1111']"
7329667,https://www.courtlistener.com/opinion/7329667/zeiger-v-wellpet-llc/,"District Court, N.D. California",2649076,https://www.courtlistener.com/opinion/2649076/daimler-ag-v-bauman/,Supreme Court of the United States,Bauman,Daimler AG v. Bauman,"['2014 WL 113486', '24 Fla. L. Weekly Fed. S 503', '571 U.S. 117', '82 U.S.L.W. 4043', '2014 U.S. LEXIS 644', '134 S. Ct. 746', '187 L. Ed. 2d 624']"
7329667,https://www.courtlistener.com/opinion/7329667/zeiger-v-wellpet-llc/,"District Court, N.D. California",2654532,https://www.courtlistener.com/opinion/2654532/walden-v-fiore/,Supreme Court of the United States,Walden,Walden v. Fiore,"['2014 WL 700098', '24 Fla. L. Weekly Fed. S 560', '571 U.S. 277', '82 U.S.L.W. 4097', '2014 U.S. LEXIS 1635', '134 S. Ct. 1115', '188 L. Ed. 2d 12']"
7329667,https://www.courtlistener.com/opinion/7329667/zeiger-v-wellpet-llc/,"District Court, N.D. California",4378094,https://www.courtlistener.com/opinion/4378094/george-williams-v-yamaha-motor-corp-usa/,Court of Appeals for the Ninth Circuit,,George Williams v. Yamaha Motor Corp. USA,"['2017 U.S. App. LEXIS 5210', '2017 WL 1101095', '851 F.3d 1015']"
7329667,https://www.courtlistener.com/opinion/7329667/zeiger-v-wellpet-llc/,"District Court, N.D. California",5607980,https://www.courtlistener.com/opinion/5607980/kasky-v-nike-inc/,California Supreme Court,Kasky,"Kasky v. Nike, Inc.","['45 P.3d 243', '27 Cal. 4th 939']"
7329667,https://www.courtlistener.com/opinion/7329667/zeiger-v-wellpet-llc/,"District Court, N.D. California",7038911,https://www.courtlistener.com/opinion/7038911/american-telephone-telegraph-co-v-compagnie-bruxelles-lambert/,Court of Appeals for the Ninth Circuit,,American Telephone & Telegraph Co. v. Compagnie Bruxelles Lambert,['94 F.3d 586']
7329667,https://www.courtlistener.com/opinion/7329667/zeiger-v-wellpet-llc/,"District Court, N.D. California",7079981,https://www.courtlistener.com/opinion/7079981/lopez-v-smith/,Court of Appeals for the Ninth Circuit,Lopez,Lopez v. Smith,"['2000 WL 144385', '2000 U.S. App. LEXIS 1740', '2000 Daily Journal DAR 1585', '2000 Cal. Daily Op. Serv. 1096', '46 Fed. R. Serv. 3d 494', '203 F.3d 1122']"
7329667,https://www.courtlistener.com/opinion/7329667/zeiger-v-wellpet-llc/,"District Court, N.D. California",7092482,https://www.courtlistener.com/opinion/7092482/lee-v-city-of-los-angeles/,Court of Appeals for the Ninth Circuit,,Lee v. City of Los Angeles,"['2001 WL 468408', '250 F.3d 668']"
7329667,https://www.courtlistener.com/opinion/7329667/zeiger-v-wellpet-llc/,"District Court, N.D. California",7110394,https://www.courtlistener.com/opinion/7110394/vess-v-ciba-geigy-corp-usa/,Court of Appeals for the Ninth Circuit,Vess,Vess v. Ciba-Geigy Corp. USA,"['2003 WL 203124', '317 F.3d 1097']"
7329667,https://www.courtlistener.com/opinion/7329667/zeiger-v-wellpet-llc/,"District Court, N.D. California",7308778,https://www.courtlistener.com/opinion/7308778/in-re-myford-touch-consumer-litigation/,"District Court, N.D. California",,In re Myford Touch Consumer Litigation,"['2014 U.S. Dist. LEXIS 74235', '2014 WL 2451291', '46 F. Supp. 3d 936']"
7329667,https://www.courtlistener.com/opinion/7329667/zeiger-v-wellpet-llc/,"District Court, N.D. California",7311373,https://www.courtlistener.com/opinion/7311373/in-re-carrier-iq-inc/,"District Court, N.D. California",,"In re Carrier IQ, Inc.","['2015 WL 274054', '2015 U.S. Dist. LEXIS 7123', '85 U.C.C. Rep. Serv. 2d (West) 568', '78 F. Supp. 3d 1051']"
7329667,https://www.courtlistener.com/opinion/7329667/zeiger-v-wellpet-llc/,"District Court, N.D. California",7324086,https://www.courtlistener.com/opinion/7324086/in-re-seagate-technology-llc-litigation/,"District Court, N.D. California",,In re Seagate Technology LLC Litigation,"['2017 WL 528398', '2017 U.S. Dist. LEXIS 18745', '91 U.C.C. Rep. Serv. 2d (West) 985', '233 F. Supp. 3d 776']"
7329667,https://www.courtlistener.com/opinion/7329667/zeiger-v-wellpet-llc/,"District Court, N.D. California",7324729,https://www.courtlistener.com/opinion/7324729/lorenz-v-safeway-inc/,"District Court, N.D. California",Lorenz,"Lorenz v. Safeway, Inc.","['2017 U.S. Dist. LEXIS 35731', '2017 WL 952883', '62 Employee Benefits Cas. (BNA) 2826', '241 F. Supp. 3d 1005']"
7329667,https://www.courtlistener.com/opinion/7329667/zeiger-v-wellpet-llc/,"District Court, N.D. California",7324900,https://www.courtlistener.com/opinion/7324900/hadley-v-kellogg-sales-co/,"District Court, N.D. California",Hadley,Hadley v. Kellogg Sales Co.,"['2017 U.S. Dist. LEXIS 40825', '2017 WL 1065293', '243 F. Supp. 3d 1074']"
7329667,https://www.courtlistener.com/opinion/7329667/zeiger-v-wellpet-llc/,"District Court, N.D. California",7325818,https://www.courtlistener.com/opinion/7325818/krommenhock-v-post-foods-llc/,"District Court, N.D. California",Krommenhock,"Krommenhock v. Post Foods, LLC","['2017 U.S. Dist. LEXIS 84359', '2017 WL 2378029', '255 F. Supp. 3d 938']"
7329667,https://www.courtlistener.com/opinion/7329667/zeiger-v-wellpet-llc/,"District Court, N.D. California",7327155,https://www.courtlistener.com/opinion/7327155/johnson-v-nissan-north-america-inc/,"District Court, N.D. California",,"Johnson v. Nissan North America, Inc.",['272 F. Supp. 3d 1168']
7329667,https://www.courtlistener.com/opinion/7329667/zeiger-v-wellpet-llc/,"District Court, N.D. California",8438370,https://www.courtlistener.com/opinion/8438370/schwarzenegger-v-fred-martin-motor-co/,Court of Appeals for the Ninth Circuit,Schwarzenegger,Schwarzenegger v. Fred Martin Motor Co.,"['2004 WL 1462444', '374 F.3d 797']"
7329667,https://www.courtlistener.com/opinion/7329667/zeiger-v-wellpet-llc/,"District Court, N.D. California",8721398,https://www.courtlistener.com/opinion/8721398/jones-v-conagra-foods-inc/,"District Court, N.D. California",Jones,"Jones v. Conagra Foods, Inc.","['2012 U.S. Dist. LEXIS 178352', '2012 WL 6569393', '912 F. Supp. 2d 889']"
7329667,https://www.courtlistener.com/opinion/7329667/zeiger-v-wellpet-llc/,"District Court, N.D. California",8721534,https://www.courtlistener.com/opinion/8721534/brown-v-hain-celestial-group-inc/,"District Court, N.D. California",Brown,"Brown v. Hain Celestial Group, Inc.","['2012 U.S. Dist. LEXIS 181591', '2012 WL 6697670', '79 U.C.C. Rep. Serv. 2d (West) 338', '913 F. Supp. 2d 881']"
7329667,https://www.courtlistener.com/opinion/7329667/zeiger-v-wellpet-llc/,"District Court, N.D. California",8724101,https://www.courtlistener.com/opinion/8724101/brazil-v-dole-food-co/,"District Court, N.D. California",Brazil,Brazil v. Dole Food Co.,"['2013 U.S. Dist. LEXIS 42026', '2013 WL 1209955', '935 F. Supp. 2d 947']"
7329667,https://www.courtlistener.com/opinion/7329667/zeiger-v-wellpet-llc/,"District Court, N.D. California",8727203,https://www.courtlistener.com/opinion/8727203/gustavson-v-wrigley-sales-co/,"District Court, N.D. California",Gustavson,Gustavson v. Wrigley Sales Co.,"['2013 U.S. Dist. LEXIS 132934', '2013 WL 5201190', '961 F. Supp. 2d 1100']"
7329667,https://www.courtlistener.com/opinion/7329667/zeiger-v-wellpet-llc/,"District Court, N.D. California",8789488,https://www.courtlistener.com/opinion/8789488/clancy-v-bromley-tea-co/,"District Court, N.D. California",Clancy,Clancy v. Bromley Tea Co.,"['2013 U.S. Dist. LEXIS 112722', '2013 WL 4081632', '308 F.R.D. 564']"
7329667,https://www.courtlistener.com/opinion/7329667/zeiger-v-wellpet-llc/,"District Court, N.D. California",8990185,https://www.courtlistener.com/opinion/8990185/sher-v-johnson/,Court of Appeals for the Ninth Circuit,Sher,Sher v. Johnson,"['1990 WL 118074', '911 F.2d 1357']"
7329667,https://www.courtlistener.com/opinion/7329667/zeiger-v-wellpet-llc/,"District Court, N.D. California",112747,https://www.courtlistener.com/opinion/112747/lujan-v-defenders-of-wildlife/,Supreme Court of the United States,Lujan,Lujan v. Defenders of Wildlife,"['34 ERC (BNA) 1785', '22 Envtl. L. Rep. (Envtl. Law Inst.) 20913', '6 Fla. L. Weekly Fed. S 374', '92 Daily Journal DAR 8967', '92 Cal. Daily Op. Serv. 4985', '60 U.S.L.W. 4495', '1992 U.S. LEXIS 3543', '504 U.S. 555', '112 S. Ct. 2130', '119 L. Ed. 2d 351']"
7329667,https://www.courtlistener.com/opinion/7329667/zeiger-v-wellpet-llc/,"District Court, N.D. California",145730,https://www.courtlistener.com/opinion/145730/bell-atlantic-corp-v-twombly/,Supreme Court of the United States,Twombly,Bell Atlantic Corp. v. Twombly,"['75 U.S.L.W. 4337', '68 Fed. R. Serv. 3d 661', '20 Fla. L. Weekly Fed. S 267', '41 Communications Reg. (P&F) 567', '2007 U.S. LEXIS 5901', '550 U.S. 544', '127 S. Ct. 1955', '167 L. Ed. 2d 929']"
7329667,https://www.courtlistener.com/opinion/7329667/zeiger-v-wellpet-llc/,"District Court, N.D. California",145875,https://www.courtlistener.com/opinion/145875/ashcroft-v-iqbal/,Supreme Court of the United States,Iqbal,Ashcroft v. Iqbal,"['2009 U.S. LEXIS 3472', '556 U.S. 662', '129 S. Ct. 1937', '173 L. Ed. 2d 868']"
7329667,https://www.courtlistener.com/opinion/7329667/zeiger-v-wellpet-llc/,"District Court, N.D. California",658814,https://www.courtlistener.com/opinion/658814/core-vent-corp-v-nobel-industries-ab-and-per-ingvar-branemark-tomas/,Court of Appeals for the Ninth Circuit,,"Core-Vent Corp. v. Nobel Industries Ab, and Per-Ingvar Branemark Tomas Albrektsson Ulf Lekholm Lars Sennerby","['1993 WL 516959', '1993 U.S. App. LEXIS 32688', '93 Daily Journal DAR 15951', '93 Cal. Daily Op. Serv. 9283', '27 Fed. R. Serv. 3d 1230', '11 F.3d 1482']"
7329667,https://www.courtlistener.com/opinion/7329667/zeiger-v-wellpet-llc/,"District Court, N.D. California",1190081,https://www.courtlistener.com/opinion/1190081/hauter-v-zogarts/,California Supreme Court,Hauter,Hauter v. Zogarts,"['1975 Cal. LEXIS 280', '16 U.C.C. Rep. Serv. (West) 938', '74 A.L.R. 3d 1282', '120 Cal. Rptr. 681', '14 Cal. 3d 104', '534 P.2d 377']"
7329667,https://www.courtlistener.com/opinion/7329667/zeiger-v-wellpet-llc/,"District Court, N.D. California",1194810,https://www.courtlistener.com/opinion/1194810/bates-v-united-parcel-service-inc/,Court of Appeals for the Ninth Circuit,,"Bates v. United Parcel Service, Inc.","['2007 WL 4554016', '2007 U.S. App. LEXIS 29870', '20 Am. Disabilities Cas. (BNA) 1', '511 F.3d 974']"
7329667,https://www.courtlistener.com/opinion/7329667/zeiger-v-wellpet-llc/,"District Court, N.D. California",1427062,https://www.courtlistener.com/opinion/1427062/boschetto-v-hansing/,Court of Appeals for the Ninth Circuit,Boschetto,Boschetto v. Hansing,"['2008 WL 3852676', '2008 U.S. App. LEXIS 17708', '539 F.3d 1011']"
7329667,https://www.courtlistener.com/opinion/7329667/zeiger-v-wellpet-llc/,"District Court, N.D. California",2638712,https://www.courtlistener.com/opinion/2638712/kasky-v-nike-inc/,California Supreme Court,Kasky,"Kasky v. Nike, Inc.","['27 Cal. 4th 939', '119 Cal. Rptr. 2d 296', '45 P.3d 243']"
7329667,https://www.courtlistener.com/opinion/7329667/zeiger-v-wellpet-llc/,"District Court, N.D. California",620819,https://www.courtlistener.com/opinion/620819/mazza-v-american-honda-motor-co-inc/,Court of Appeals for the Ninth Circuit,Mazza,"Mazza v. American Honda Motor Co., Inc.","['2012 U.S. App. LEXIS 626', '2012 WL 89176', '81 Fed. R. Serv. 3d 489', '666 F.3d 581']"
7331908,https://www.courtlistener.com/opinion/7331908/hughes-v-ester-c-co/,"District Court, E.D. New York",2490,https://www.courtlistener.com/opinion/2490/spinelli-v-city-of-new-york/,Court of Appeals for the Second Circuit,Spinelli,Spinelli v. City of New York,"['2009 WL 2413929', '2009 U.S. App. LEXIS 17640', '579 F.3d 160']"
7331908,https://www.courtlistener.com/opinion/7331908/hughes-v-ester-c-co/,"District Court, E.D. New York",487744,https://www.courtlistener.com/opinion/487744/edith-schneider-and-herman-schneider-v-emanuel-revici-md-and-institute/,Court of Appeals for the Second Circuit,,"Edith Schneider and Herman Schneider v. Emanuel Revici, M.D., and Institute of Applied Biology, Inc., Defendants","['1987 U.S. App. LEXIS 5725', '22 Fed. R. Serv. 1493', '817 F.2d 987']"
7331908,https://www.courtlistener.com/opinion/7331908/hughes-v-ester-c-co/,"District Court, E.D. New York",747591,https://www.courtlistener.com/opinion/747591/josef-fischl-v-david-armitage-corrections-sergeant-and-sa-marshall/,Court of Appeals for the Second Circuit,,"Josef Fischl v. David Armitage, Corrections Sergeant, and S.A. Marshall, Corrections Officer, in Their Individual Capacities","['1997 U.S. App. LEXIS 27854', '48 Fed. R. Serv. 211', '128 F.3d 50']"
7331908,https://www.courtlistener.com/opinion/7331908/hughes-v-ester-c-co/,"District Court, E.D. New York",781162,https://www.courtlistener.com/opinion/781162/official-committee-of-the-unsecured-creditors-of-color-tile-inc-v/,Court of Appeals for the Second Circuit,,"Official Committee Of The Unsecured Creditors Of Color Tile, Inc. v. Coopers & Lybrand, Llp",['322 F.3d 147']
7331908,https://www.courtlistener.com/opinion/7331908/hughes-v-ester-c-co/,"District Court, E.D. New York",793150,https://www.courtlistener.com/opinion/793150/sherman-gottlieb-v-carnival-corporation-no-05-2733-cv/,Court of Appeals for the Second Circuit,,"Sherman Gottlieb v. Carnival Corporation, No. 05-2733 Cv","['2006 U.S. App. LEXIS 2677', '37 Communications Reg. (P&F) 1027', '436 F.3d 335']"
7331908,https://www.courtlistener.com/opinion/7331908/hughes-v-ester-c-co/,"District Court, E.D. New York",1199775,https://www.courtlistener.com/opinion/1199775/clemens-v-daimlerchrysler-corp/,Court of Appeals for the Ninth Circuit,Clemens,Clemens v. DaimlerChrysler Corp.,"['2008 WL 2840662', '2008 U.S. App. LEXIS 15949', '66 U.C.C. Rep. Serv. 2d (West) 688', '534 F.3d 1017']"
7331908,https://www.courtlistener.com/opinion/7331908/hughes-v-ester-c-co/,"District Court, E.D. New York",1208595,https://www.courtlistener.com/opinion/1208595/kearns-v-ford-motor-co/,Court of Appeals for the Ninth Circuit,Kearns,Kearns v. Ford Motor Co.,"['2009 WL 1578535', '2009 U.S. App. LEXIS 12289', '73 Fed. R. Serv. 3d 1168', '567 F.3d 1120']"
7331908,https://www.courtlistener.com/opinion/7331908/hughes-v-ester-c-co/,"District Court, E.D. New York",1243130,https://www.courtlistener.com/opinion/1243130/williams-v-gerber-products-co/,Court of Appeals for the Ninth Circuit,,Williams v. Gerber Products Co.,"['2008 WL 5273731', '2008 U.S. App. LEXIS 27421', '552 F.3d 934']"
7331908,https://www.courtlistener.com/opinion/7331908/hughes-v-ester-c-co/,"District Court, E.D. New York",1355956,https://www.courtlistener.com/opinion/1355956/cunningham-charter-corp-v-learjet-inc/,Court of Appeals for the Seventh Circuit,,"Cunningham Charter Corp. v. Learjet, Inc.","['2010 WL 199627', '2010 U.S. App. LEXIS 1452', '592 F.3d 805']"
7331908,https://www.courtlistener.com/opinion/7331908/hughes-v-ester-c-co/,"District Court, E.D. New York",1637522,https://www.courtlistener.com/opinion/1637522/in-re-the-care-treatment-of-cokes/,Missouri Court of Appeals,In Re Care and Treatment of Cokes,In Re the Care & Treatment of Cokes,"['2003 WL 1204094', '2003 Mo. App. LEXIS 348', '107 S.W.3d 317']"
7331908,https://www.courtlistener.com/opinion/7331908/hughes-v-ester-c-co/,"District Court, E.D. New York",2258800,https://www.courtlistener.com/opinion/2258800/colgan-v-leatherman-tool-group-inc/,California Court of Appeal,Colgan,"Colgan v. Leatherman Tool Group, Inc.","['2006 Cal. App. LEXIS 19', '2006 Cal. Daily Op. Serv. 316', '2006 Daily Journal DAR 422', '135 Cal. App. 4th 663', '38 Cal. Rptr. 3d 36']"
7331908,https://www.courtlistener.com/opinion/7331908/hughes-v-ester-c-co/,"District Court, E.D. New York",2261872,https://www.courtlistener.com/opinion/2261872/national-council-against-health-fraud-inc-v-king-bio-pharmaceuticals/,California Court of Appeal,,"National Council Against Health Fraud, Inc. v. King Bio Pharmaceuticals, Inc.","['2003 Cal. App. LEXIS 595', '2003 Daily Journal DAR 4239', '3 Cal. Daily Op. Serv. 3329', '107 Cal. App. 4th 1336', '133 Cal. Rptr. 2d 207']"
7331908,https://www.courtlistener.com/opinion/7331908/hughes-v-ester-c-co/,"District Court, E.D. New York",2274540,https://www.courtlistener.com/opinion/2274540/schnall-v-hertz-corporation/,California Court of Appeal,Schnall,Schnall v. Hertz Corporation,"['2000 Cal. App. LEXIS 162', '2000 Cal. Daily Op. Serv. 1858', '2000 Daily Journal DAR 2537', '78 Cal. App. 4th 1144', '93 Cal. Rptr. 2d 439']"
7331908,https://www.courtlistener.com/opinion/7331908/hughes-v-ester-c-co/,"District Court, E.D. New York",2280950,https://www.courtlistener.com/opinion/2280950/bardin-v-daimlerchrysler-corp/,California Court of Appeal,Bardin,Bardin v. DaimlerChrysler Corp.,"['2006 Cal. App. LEXIS 227', '2006 Daily Journal DAR 2181', '2006 Cal. Daily Op. Serv. 1604', '136 Cal. App. 4th 1255', '39 Cal. Rptr. 3d 634']"
7331908,https://www.courtlistener.com/opinion/7331908/hughes-v-ester-c-co/,"District Court, E.D. New York",2294333,https://www.courtlistener.com/opinion/2294333/wang-v-massey-chevrolet/,California Court of Appeal,Wang,Wang v. Massey Chevrolet,"['2002 Cal. App. LEXIS 3273', '2002 Cal. Daily Op. Serv. 3307', '2002 Daily Journal DAR 4135', '97 Cal. App. 4th 856', '118 Cal. Rptr. 2d 770']"
7331908,https://www.courtlistener.com/opinion/7331908/hughes-v-ester-c-co/,"District Court, E.D. New York",2434749,https://www.courtlistener.com/opinion/2434749/corsello-v-verizon-new-york-inc/,New York Court of Appeals,Corsello,"Corsello v. Verizon New York, Inc.","['2012 NY Slip Op 2343', '944 N.Y.S.2d 732', '18 N.Y.3d 777', '967 N.E.2d 1177']"
7331908,https://www.courtlistener.com/opinion/7331908/hughes-v-ester-c-co/,"District Court, E.D. New York",5608107,https://www.courtlistener.com/opinion/5608107/kwikset-corp-v-superior-court/,California Supreme Court,,Kwikset Corp. v. Superior Court,"['2011 Cal. LEXIS 532', '120 Cal. Rptr. 3d 741', '246 P.3d 877', '51 Cal. 4th 310']"
7331908,https://www.courtlistener.com/opinion/7331908/hughes-v-ester-c-co/,"District Court, E.D. New York",7091005,https://www.courtlistener.com/opinion/7091005/leblanc-v-cleveland/,Court of Appeals for the Second Circuit,LeBlanc,LeBlanc v. Cleveland,"['2001 WL 473727', '248 F.3d 95']"
7331908,https://www.courtlistener.com/opinion/7331908/hughes-v-ester-c-co/,"District Court, E.D. New York",7106428,https://www.courtlistener.com/opinion/7106428/caldarola-v-calabrese/,Court of Appeals for the Second Circuit,Caldarola,Caldarola v. Calabrese,"['2002 WL 1759778', '298 F.3d 156']"
7331908,https://www.courtlistener.com/opinion/7331908/hughes-v-ester-c-co/,"District Court, E.D. New York",7305450,https://www.courtlistener.com/opinion/7305450/goldemberg-v-johnson-johnson-consumer-companies-inc/,"District Court, S.D. New York",Goldemberg,"Goldemberg v. Johnson & Johnson Consumer Companies, Inc.","['2014 WL 1285137', '2014 U.S. Dist. LEXIS 47180', '8 F. Supp. 3d 467']"
7331908,https://www.courtlistener.com/opinion/7331908/hughes-v-ester-c-co/,"District Court, E.D. New York",7308410,https://www.courtlistener.com/opinion/7308410/firestone-v-berrios/,"District Court, E.D. New York",Firestone,Firestone v. Berrios,"['2013 WL 297780', '2013 U.S. Dist. LEXIS 8535', '42 F. Supp. 3d 403']"
7331908,https://www.courtlistener.com/opinion/7331908/hughes-v-ester-c-co/,"District Court, E.D. New York",7313032,https://www.courtlistener.com/opinion/7313032/hughes-v-ester-c-co/,"District Court, E.D. New York",Hughes,Hughes v. Ester C Co.,"['2015 WL 1469197', '99 F. Supp. 3d 278']"
7331908,https://www.courtlistener.com/opinion/7331908/hughes-v-ester-c-co/,"District Court, E.D. New York",7324900,https://www.courtlistener.com/opinion/7324900/hadley-v-kellogg-sales-co/,"District Court, N.D. California",Hadley,Hadley v. Kellogg Sales Co.,"['2017 U.S. Dist. LEXIS 40825', '2017 WL 1065293', '243 F. Supp. 3d 1074']"
7331908,https://www.courtlistener.com/opinion/7331908/hughes-v-ester-c-co/,"District Court, E.D. New York",7326229,https://www.courtlistener.com/opinion/7326229/wilson-v-frito-lay-north-america-inc/,"District Court, N.D. California",Wilson,"Wilson v. Frito-Lay North America, Inc.",['260 F. Supp. 3d 1202']
7331908,https://www.courtlistener.com/opinion/7331908/hughes-v-ester-c-co/,"District Court, E.D. New York",7329062,https://www.courtlistener.com/opinion/7329062/davis-v-hain-celestial-grp-inc/,"District Court, E.D. New York",Davis,"Davis v. Hain Celestial Grp., Inc.",['297 F. Supp. 3d 327']
7331908,https://www.courtlistener.com/opinion/7331908/hughes-v-ester-c-co/,"District Court, E.D. New York",7329667,https://www.courtlistener.com/opinion/7329667/zeiger-v-wellpet-llc/,"District Court, N.D. California",Zeiger,Zeiger v. Wellpet LLC,['304 F. Supp. 3d 837']
7331908,https://www.courtlistener.com/opinion/7331908/hughes-v-ester-c-co/,"District Court, E.D. New York",7331241,https://www.courtlistener.com/opinion/7331241/chandler-v-janssen-pharm-inc/,"District Court, E.D. New York",,"Chandler v. Janssen Pharm., Inc.",['322 F. Supp. 3d 314']
7331908,https://www.courtlistener.com/opinion/7331908/hughes-v-ester-c-co/,"District Court, E.D. New York",8439183,https://www.courtlistener.com/opinion/8439183/mcclellan-v-smith/,Court of Appeals for the Second Circuit,McClellan,McClellan v. Smith,"['2006 WL 436001', '2006 U.S. App. LEXIS 4531', '439 F.3d 137']"
7331908,https://www.courtlistener.com/opinion/7331908/hughes-v-ester-c-co/,"District Court, E.D. New York",8442970,https://www.courtlistener.com/opinion/8442970/ebner-v-fresh-inc/,Court of Appeals for the Ninth Circuit,Ebner,"Ebner v. Fresh, Inc.","['2016 WL 5389307', '838 F.3d 958']"
7331908,https://www.courtlistener.com/opinion/7331908/hughes-v-ester-c-co/,"District Court, E.D. New York",8693710,https://www.courtlistener.com/opinion/8693710/glowczenski-v-taser-international-inc/,Court of Appeals for the Second Circuit,Glowczenski,Glowczenski v. Taser International Inc.,"[""594 F. App'x 723""]"
7331908,https://www.courtlistener.com/opinion/7331908/hughes-v-ester-c-co/,"District Court, E.D. New York",8700517,https://www.courtlistener.com/opinion/8700517/bruton-v-gerber-products-co/,Court of Appeals for the Ninth Circuit,Bruton,Bruton v. Gerber Products Co.,"[""703 F. App'x 468""]"
7331908,https://www.courtlistener.com/opinion/7331908/hughes-v-ester-c-co/,"District Court, E.D. New York",8723323,https://www.courtlistener.com/opinion/8723323/glowczenski-v-taser-international-inc/,"District Court, E.D. New York",Glowczenski,"Glowczenski v. Taser International, Inc.","['2013 U.S. Dist. LEXIS 31905', '2013 WL 802912', '90 Fed. R. Serv. 1082', '928 F. Supp. 2d 564']"
7331908,https://www.courtlistener.com/opinion/7331908/hughes-v-ester-c-co/,"District Court, E.D. New York",8723572,https://www.courtlistener.com/opinion/8723572/hughes-v-ester-c-co/,"District Court, E.D. New York",Hughes,Hughes v. Ester C Co.,"['2013 U.S. Dist. LEXIS 36652', '2013 WL 1080533', '930 F. Supp. 2d 439']"
7331908,https://www.courtlistener.com/opinion/7331908/hughes-v-ester-c-co/,"District Court, E.D. New York",8724671,https://www.courtlistener.com/opinion/8724671/orchard-supply-hardware-llc-v-home-depot-usa-inc/,"District Court, N.D. California",,"Orchard Supply Hardware LLC v. Home Depot USA, Inc.","['2013 WL 1563228', '2013 U.S. Dist. LEXIS 53214', '939 F. Supp. 2d 1002']"
7331908,https://www.courtlistener.com/opinion/7331908/hughes-v-ester-c-co/,"District Court, E.D. New York",8725949,https://www.courtlistener.com/opinion/8725949/elias-v-hewlett-packard-co/,"District Court, N.D. California",Elias,Elias v. Hewlett-Packard Co.,"['2013 U.S. Dist. LEXIS 87748', '2013 WL 3187319', '950 F. Supp. 2d 1123']"
7331908,https://www.courtlistener.com/opinion/7331908/hughes-v-ester-c-co/,"District Court, E.D. New York",8727204,https://www.courtlistener.com/opinion/8727204/wilson-v-frito-lay-north-america-inc/,"District Court, N.D. California",Wilson,"Wilson v. Frito-Lay North America, Inc.","['2013 U.S. Dist. LEXIS 153136', '2013 WL 5777920', '961 F. Supp. 2d 1134']"
7331908,https://www.courtlistener.com/opinion/7331908/hughes-v-ester-c-co/,"District Court, E.D. New York",8782527,https://www.courtlistener.com/opinion/8782527/gagasoules-v-mbf-leasing-llc/,"District Court, E.D. New York",Gagasoules,Gagasoules v. MBF Leasing LLC,"['2012 U.S. Dist. LEXIS 142563', '2012 WL 4574957', '286 F.R.D. 205']"
7331908,https://www.courtlistener.com/opinion/7331908/hughes-v-ester-c-co/,"District Court, E.D. New York",8792111,https://www.courtlistener.com/opinion/8792111/hughes-v-ester-c-co-nbty/,"District Court, E.D. New York",Hughes,"Hughes v. Ester C Co., NBTY","['2016 WL 6092487', '2016 U.S. Dist. LEXIS 144918', '317 F.R.D. 333']"
7331908,https://www.courtlistener.com/opinion/7331908/hughes-v-ester-c-co/,"District Court, E.D. New York",8793122,https://www.courtlistener.com/opinion/8793122/hughes-v-ester-c-co/,"District Court, E.D. New York",Hughes,Hughes v. Ester C. Co.,"['2017 WL 3129767', '2017 U.S. Dist. LEXIS 114224', '320 F.R.D. 337']"
7331908,https://www.courtlistener.com/opinion/7331908/hughes-v-ester-c-co/,"District Court, E.D. New York",8916310,https://www.courtlistener.com/opinion/8916310/acha-v-beame/,Court of Appeals for the Second Circuit,Acha,Acha v. Beame,"['15 Empl. Prac. Dec. (CCH) 8040', '1978 U.S. App. LEXIS 13076', '24 Fed. R. Serv. 2d 938', '16 Fair Empl. Prac. Cas. (BNA) 526', '570 F.2d 57']"
7331908,https://www.courtlistener.com/opinion/7331908/hughes-v-ester-c-co/,"District Court, E.D. New York",8927933,https://www.courtlistener.com/opinion/8927933/warner-bros-inc-v-american-broadcasting-companies/,Court of Appeals for the Second Circuit,,Warner Bros. Inc. v. American Broadcasting Companies,"['222 U.S.P.Q. (BNA) 101', '720 F.2d 231']"
7331908,https://www.courtlistener.com/opinion/7331908/hughes-v-ester-c-co/,"District Court, E.D. New York",2583,https://www.courtlistener.com/opinion/2583/major-league-baseball-properties-inc-v-salvino-inc/,Court of Appeals for the Second Circuit,,"Major League Baseball Properties, Inc. v. Salvino, Inc.","['2008 WL 4181298', '2008 U.S. App. LEXIS 19349', '542 F.3d 290']"
7331908,https://www.courtlistener.com/opinion/7331908/hughes-v-ester-c-co/,"District Court, E.D. New York",107691,https://www.courtlistener.com/opinion/107691/first-nat-bank-of-ariz-v-cities-service-co/,Supreme Court of the United States,,First Nat. Bank of Ariz. v. Cities Service Co.,"['1968 Trade Cas. (CCH) 72,458', '12 Fed. R. Serv. 2d 1179', '1968 U.S. LEXIS 2922', '391 U.S. 253', '88 S. Ct. 1575', '20 L. Ed. 2d 569']"
7331908,https://www.courtlistener.com/opinion/7331908/hughes-v-ester-c-co/,"District Court, E.D. New York",111719,https://www.courtlistener.com/opinion/111719/anderson-v-liberty-lobby-inc/,Supreme Court of the United States,Libby Lobby,"Anderson v. Liberty Lobby, Inc.","['4 Fed. R. Serv. 3d 1041', '54 U.S.L.W. 4755', '12 Media L. Rep. (BNA) 2297', '1986 U.S. LEXIS 115', '477 U.S. 242', '106 S. Ct. 2505', '91 L. Ed. 2d 202']"
7331908,https://www.courtlistener.com/opinion/7331908/hughes-v-ester-c-co/,"District Court, E.D. New York",111722,https://www.courtlistener.com/opinion/111722/celotex-corp-v-catrett-administratrix-of-the-estate-of-catrett/,Supreme Court of the United States,,"Celotex Corp. v. Catrett, Administratrix of the Estate of Catrett","['4 Fed. R. Serv. 3d 1024', '54 U.S.L.W. 4775', '1986 U.S. LEXIS 118', '477 U.S. 317', '106 S. Ct. 2548', '91 L. Ed. 2d 265']"
7331908,https://www.courtlistener.com/opinion/7331908/hughes-v-ester-c-co/,"District Court, E.D. New York",151612,https://www.courtlistener.com/opinion/151612/zalaski-v-city-of-bridgeport-police-department/,Court of Appeals for the Second Circuit,Zalaski,Zalaski v. City of Bridgeport Police Department,"['2010 WL 2902558', '2010 U.S. App. LEXIS 15307', '613 F.3d 336']"
7331908,https://www.courtlistener.com/opinion/7331908/hughes-v-ester-c-co/,"District Court, E.D. New York",1755829,https://www.courtlistener.com/opinion/1755829/hess-v-chase-manhattan-bank-usa-na/,Supreme Court of Missouri,Hess,"Hess v. Chase Manhattan Bank, USA, N.A.","['2007 WL 1261058', '2007 Mo. LEXIS 65', '220 S.W.3d 758']"
7331908,https://www.courtlistener.com/opinion/7331908/hughes-v-ester-c-co/,"District Court, E.D. New York",2283365,https://www.courtlistener.com/opinion/2283365/lavie-v-procter-gamble-co/,California Court of Appeal,Lavie,Lavie v. Procter & Gamble Co.,"['2003 Cal. App. LEXIS 71', '2003 Cal. Daily Op. Serv. 612', '2003 Daily Journal DAR 699', '105 Cal. App. 4th 496', '129 Cal. Rptr. 2d 486']"
7331908,https://www.courtlistener.com/opinion/7331908/hughes-v-ester-c-co/,"District Court, E.D. New York",2638712,https://www.courtlistener.com/opinion/2638712/kasky-v-nike-inc/,California Supreme Court,Kasky,"Kasky v. Nike, Inc.","['27 Cal. 4th 939', '119 Cal. Rptr. 2d 296', '45 P.3d 243']"
7332819,https://www.courtlistener.com/opinion/7332819/northbay-healthcare-grp-hosp-div-v-blue-shield-of-cal-life-health/,"District Court, N.D. California",233131,https://www.courtlistener.com/opinion/233131/interstate-natural-gas-co-v-southern-california-gas-co/,Court of Appeals for the Ninth Circuit,,Interstate Natural Gas Co. v. Southern California Gas Co.,"['1954 Trade Cas. (CCH) 67,642', '1953 U.S. App. LEXIS 3875', '209 F.2d 380']"
7332819,https://www.courtlistener.com/opinion/7332819/northbay-healthcare-grp-hosp-div-v-blue-shield-of-cal-life-health/,"District Court, N.D. California",364236,https://www.courtlistener.com/opinion/364236/thornhill-publishing-company-inc-v-general-telephone-electronics/,Court of Appeals for the Ninth Circuit,,"Thornhill Publishing Company, Inc. v. General Telephone & Electronics Corporation",['594 F.2d 730']
7332819,https://www.courtlistener.com/opinion/7332819/northbay-healthcare-grp-hosp-div-v-blue-shield-of-cal-life-health/,"District Court, N.D. California",622977,https://www.courtlistener.com/opinion/622977/wilson-v-hewlett-packard-co/,Court of Appeals for the Ninth Circuit,Wilson,Wilson v. Hewlett-Packard Co.,"['2012 U.S. App. LEXIS 3174', '2012 WL 502442', '668 F.3d 1136']"
7332819,https://www.courtlistener.com/opinion/7332819/northbay-healthcare-grp-hosp-div-v-blue-shield-of-cal-life-health/,"District Court, N.D. California",1429600,https://www.courtlistener.com/opinion/1429600/lozano-v-at-t-wireless-services-inc/,Court of Appeals for the Ninth Circuit,Lozano,"Lozano v. AT & T Wireless Services, Inc.","['2007 WL 2728758', '2007 U.S. App. LEXIS 22430', '42 Communications Reg. (P&F) 799', '504 F.3d 718']"
7332819,https://www.courtlistener.com/opinion/7332819/northbay-healthcare-grp-hosp-div-v-blue-shield-of-cal-life-health/,"District Court, N.D. California",2250495,https://www.courtlistener.com/opinion/2250495/alvarado-v-selma-convalescent-hospital/,California Court of Appeal,Alvarado,Alvarado v. Selma Convalescent Hospital,"['2007 Cal. App. LEXIS 1272', '153 Cal. App. 4th 1292', '64 Cal. Rptr. 3d 250']"
7332819,https://www.courtlistener.com/opinion/7332819/northbay-healthcare-grp-hosp-div-v-blue-shield-of-cal-life-health/,"District Court, N.D. California",2256813,https://www.courtlistener.com/opinion/2256813/samura-v-kaiser-foundation-health-plan-inc/,California Court of Appeal,Samura,"Samura v. Kaiser Foundation Health Plan, Inc.","['1993 Cal. App. LEXIS 846', '93 Cal. Daily Op. Serv. 6186', '93 Daily Journal DAR 10621', '22 Cal. Rptr. 2d 20', '17 Cal. App. 4th 1284']"
7332819,https://www.courtlistener.com/opinion/7332819/northbay-healthcare-grp-hosp-div-v-blue-shield-of-cal-life-health/,"District Court, N.D. California",2290504,https://www.courtlistener.com/opinion/2290504/daugherty-v-american-honda-motor-co-inc/,California Court of Appeal,,"Daugherty v. American Honda Motor Co., Inc.","['144 Cal. App. 4th 824', '51 Cal. Rptr. 3d 118']"
7332819,https://www.courtlistener.com/opinion/7332819/northbay-healthcare-grp-hosp-div-v-blue-shield-of-cal-life-health/,"District Court, N.D. California",2677800,https://www.courtlistener.com/opinion/2677800/childrens-hospital-central-california-v-blue-cross-of-california/,California Court of Appeal,,Children's Hospital Central California v. Blue Cross of California,"['2014 Cal. App. LEXIS 503', '2014 WL 2590823', '172 Cal. Rptr. 3d 861', '226 Cal. App. 4th 1260']"
7332819,https://www.courtlistener.com/opinion/7332819/northbay-healthcare-grp-hosp-div-v-blue-shield-of-cal-life-health/,"District Court, N.D. California",5608083,https://www.courtlistener.com/opinion/5608083/prospect-medical-group-inc-v-northridge-emergency-medical-group/,California Supreme Court,,"Prospect Medical Group, Inc. v. Northridge Emergency Medical Group",['45 Cal. 4th 497']
7332819,https://www.courtlistener.com/opinion/7332819/northbay-healthcare-grp-hosp-div-v-blue-shield-of-cal-life-health/,"District Court, N.D. California",5808790,https://www.courtlistener.com/opinion/5808790/desert-healthcare-district-v-pacificare-fhp-inc/,California Court of Appeal,,"Desert Healthcare District v. Pacificare, FHP, Inc.","['2001 Cal. App. LEXIS 2930', '2001 Cal. Daily Op. Serv. 10586', '2001 Daily Journal DAR 13143', '114 Cal. Rptr. 2d 623', '94 Cal. App. 4th 781']"
7332819,https://www.courtlistener.com/opinion/7332819/northbay-healthcare-grp-hosp-div-v-blue-shield-of-cal-life-health/,"District Court, N.D. California",7324900,https://www.courtlistener.com/opinion/7324900/hadley-v-kellogg-sales-co/,"District Court, N.D. California",Hadley,Hadley v. Kellogg Sales Co.,"['2017 U.S. Dist. LEXIS 40825', '2017 WL 1065293', '243 F. Supp. 3d 1074']"
7332819,https://www.courtlistener.com/opinion/7332819/northbay-healthcare-grp-hosp-div-v-blue-shield-of-cal-life-health/,"District Court, N.D. California",8690595,https://www.courtlistener.com/opinion/8690595/electronic-arts-inc-v-united-states-district-court/,Court of Appeals for the Ninth Circuit,,"Electronic Arts, Inc. v. United States District Court","[""298 F. App'x 568""]"
7332819,https://www.courtlistener.com/opinion/7332819/northbay-healthcare-grp-hosp-div-v-blue-shield-of-cal-life-health/,"District Court, N.D. California",111719,https://www.courtlistener.com/opinion/111719/anderson-v-liberty-lobby-inc/,Supreme Court of the United States,Libby Lobby,"Anderson v. Liberty Lobby, Inc.","['4 Fed. R. Serv. 3d 1041', '54 U.S.L.W. 4755', '12 Media L. Rep. (BNA) 2297', '1986 U.S. LEXIS 115', '477 U.S. 242', '106 S. Ct. 2505', '91 L. Ed. 2d 202']"
7332819,https://www.courtlistener.com/opinion/7332819/northbay-healthcare-grp-hosp-div-v-blue-shield-of-cal-life-health/,"District Court, N.D. California",111722,https://www.courtlistener.com/opinion/111722/celotex-corp-v-catrett-administratrix-of-the-estate-of-catrett/,Supreme Court of the United States,,"Celotex Corp. v. Catrett, Administratrix of the Estate of Catrett","['4 Fed. R. Serv. 3d 1024', '54 U.S.L.W. 4775', '1986 U.S. LEXIS 118', '477 U.S. 317', '106 S. Ct. 2548', '91 L. Ed. 2d 265']"
7332819,https://www.courtlistener.com/opinion/7332819/northbay-healthcare-grp-hosp-div-v-blue-shield-of-cal-life-health/,"District Court, N.D. California",151207,https://www.courtlistener.com/opinion/151207/rubio-v-capital-one-bank/,Court of Appeals for the Ninth Circuit,Rubio,Rubio v. Capital One Bank,"['2010 WL 2836994', '2010 U.S. App. LEXIS 14968', '613 F.3d 1195']"
7332819,https://www.courtlistener.com/opinion/7332819/northbay-healthcare-grp-hosp-div-v-blue-shield-of-cal-life-health/,"District Court, N.D. California",1301891,https://www.courtlistener.com/opinion/1301891/cel-tech-communications-inc-v-los-angeles-cellular-telephone-co/,California Supreme Court,,"Cel-Tech Communications, Inc. v. Los Angeles Cellular Telephone Co.","['1999 Cal. LEXIS 1656', '99 Daily Journal DAR 3360', '99 Cal. Daily Op. Serv. 2576', '20 Cal. 4th 163', '83 Cal. Rptr. 2d 548', '973 P.2d 527']"
7332819,https://www.courtlistener.com/opinion/7332819/northbay-healthcare-grp-hosp-div-v-blue-shield-of-cal-life-health/,"District Court, N.D. California",2298305,https://www.courtlistener.com/opinion/2298305/gould-v-workers-compensation-appeals-board/,California Court of Appeal,Gould,Gould v. Workers' Compensation Appeals Board,"['1992 Cal. App. LEXIS 367', '92 Cal. Daily Op. Serv. 2561', '57 Cal. Comp. Cases 157', '92 Daily Journal DAR 3953', '6 Cal. Rptr. 2d 228', '4 Cal. App. 4th 1059']"
7332819,https://www.courtlistener.com/opinion/7332819/northbay-healthcare-grp-hosp-div-v-blue-shield-of-cal-life-health/,"District Court, N.D. California",2625746,https://www.courtlistener.com/opinion/2625746/amalgamated-transit-union-local-1756-afl-cio-v-superior-court/,California Supreme Court,,"Amalgamated Transit Union, Local 1756, AFL-CIO v. Superior Court","['186 L.R.R.M. (BNA) 3397', '2009 Cal. LEXIS 6015', '95 Cal. Rptr. 3d 605', '15 Wage & Hour Cas.2d (BNA) 803', '209 P.3d 937', '46 Cal. 4th 993']"
7334436,https://www.courtlistener.com/opinion/7334436/sciacca-v-apple-inc/,"District Court, N.D. California",302,https://www.courtlistener.com/opinion/302/chandler-v-state-farm-mutual-automobile-insurance/,Court of Appeals for the Ninth Circuit,,Chandler v. State Farm Mutual Automobile Insurance,"['2010 WL 938113', '2010 U.S. App. LEXIS 5499', '598 F.3d 1115']"
7334436,https://www.courtlistener.com/opinion/7334436/sciacca-v-apple-inc/,"District Court, N.D. California",216101,https://www.courtlistener.com/opinion/216101/fayer-v-vaughn/,Court of Appeals for the Ninth Circuit,Fayer,Fayer v. Vaughn,"['2011 WL 1663595', '2011 U.S. App. LEXIS 9103', '649 F.3d 1061']"
7334436,https://www.courtlistener.com/opinion/7334436/sciacca-v-apple-inc/,"District Court, N.D. California",219549,https://www.courtlistener.com/opinion/219549/securities-exchange-commission-v-todd/,Court of Appeals for the Ninth Circuit,Todd,Securities & Exchange Commission v. Todd,['642 F.3d 1207']
7334436,https://www.courtlistener.com/opinion/7334436/sciacca-v-apple-inc/,"District Court, N.D. California",221641,https://www.courtlistener.com/opinion/221641/conservation-force-v-salazar/,Court of Appeals for the Ninth Circuit,Salazar,Conservation Force v. Salazar,"['2011 WL 2937938', '2011 U.S. App. LEXIS 15011', '646 F.3d 1240']"
7334436,https://www.courtlistener.com/opinion/7334436/sciacca-v-apple-inc/,"District Court, N.D. California",613992,https://www.courtlistener.com/opinion/613992/maya-v-centex-corp/,Court of Appeals for the Ninth Circuit,Maya,Maya v. Centex Corp.,"['2011 WL 4381864', '658 F.3d 1060']"
7334436,https://www.courtlistener.com/opinion/7334436/sciacca-v-apple-inc/,"District Court, N.D. California",622977,https://www.courtlistener.com/opinion/622977/wilson-v-hewlett-packard-co/,Court of Appeals for the Ninth Circuit,Wilson,Wilson v. Hewlett-Packard Co.,"['2012 U.S. App. LEXIS 3174', '2012 WL 502442', '668 F.3d 1136']"
7334436,https://www.courtlistener.com/opinion/7334436/sciacca-v-apple-inc/,"District Court, N.D. California",685125,https://www.courtlistener.com/opinion/685125/in-re-glenfed-inc-securities-litigation/,Court of Appeals for the Ninth Circuit,,"In Re Glenfed, Inc. Securities Litigation","['1994 U.S. App. LEXIS 34334', '30 Fed. R. Serv. 3d 1416', '94 Daily Journal DAR 17350', '94 Cal. Daily Op. Serv. 9372', '42 F.3d 1541']"
7334436,https://www.courtlistener.com/opinion/7334436/sciacca-v-apple-inc/,"District Court, N.D. California",697357,https://www.courtlistener.com/opinion/697357/gina-shaw-v-james-k-hahn-john-emerson-james-pearson-thomas-hokinson/,Court of Appeals for the Ninth Circuit,,Gina Shaw v. James K. Hahn John Emerson James Pearson Thomas Hokinson,"['1995 WL 332218', '1995 U.S. App. LEXIS 13695', '95 Cal. Daily Op. Serv. 4187', '95 Daily Journal DAR 7226', '56 F.3d 1128']"
7334436,https://www.courtlistener.com/opinion/7334436/sciacca-v-apple-inc/,"District Court, N.D. California",771365,https://www.courtlistener.com/opinion/771365/shwarz-v-united-states/,Court of Appeals for the Ninth Circuit,,Shwarz v. United States,"['2000 U.S. App. LEXIS 31300', '86 A.F.T.R.2d (RIA) 7191', '2000 Cal. Daily Op. Serv. 9745', '234 F.3d 428']"
7334436,https://www.courtlistener.com/opinion/7334436/sciacca-v-apple-inc/,"District Court, N.D. California",780678,https://www.courtlistener.com/opinion/780678/vess-v-ciba-geigy-corp-usa/,Court of Appeals for the Ninth Circuit,,Vess v. Ciba-Geigy Corp. USA,"['2003 U.S. App. LEXIS 1678', '2003 Daily Journal DAR 1265', '2003 Cal. Daily Op. Serv. 970', '54 Fed. R. Serv. 3d 1032', '317 F.3d 1097']"
7334436,https://www.courtlistener.com/opinion/7334436/sciacca-v-apple-inc/,"District Court, N.D. California",796813,https://www.courtlistener.com/opinion/796813/theodore-c-swartz-v-kpmg-llp-and-presidio-advisory-services-inc/,Court of Appeals for the Ninth Circuit,,"Theodore C. Swartz v. Kpmg Llp, and Presidio Advisory Services Inc. Deutsche Bank Ag Deutsche Bank Securities, Inc.","['2007 WL 438795', '2007 U.S. App. LEXIS 3113', '99 A.F.T.R.2d (RIA) 974', '476 F.3d 756']"
7334436,https://www.courtlistener.com/opinion/7334436/sciacca-v-apple-inc/,"District Court, N.D. California",1194077,https://www.courtlistener.com/opinion/1194077/manzarek-v-st-paul-fire-marine-insurance/,Court of Appeals for the Ninth Circuit,Manzarek,Manzarek v. St. Paul Fire & Marine Insurance,"['2008 WL 763385', '2008 U.S. App. LEXIS 6145', '86 U.S.P.Q. 2d (BNA) 1632', '519 F.3d 1025']"
7334436,https://www.courtlistener.com/opinion/7334436/sciacca-v-apple-inc/,"District Court, N.D. California",1199775,https://www.courtlistener.com/opinion/1199775/clemens-v-daimlerchrysler-corp/,Court of Appeals for the Ninth Circuit,Clemens,Clemens v. DaimlerChrysler Corp.,"['2008 WL 2840662', '2008 U.S. App. LEXIS 15949', '66 U.C.C. Rep. Serv. 2d (West) 688', '534 F.3d 1017']"
7334436,https://www.courtlistener.com/opinion/7334436/sciacca-v-apple-inc/,"District Court, N.D. California",1208595,https://www.courtlistener.com/opinion/1208595/kearns-v-ford-motor-co/,Court of Appeals for the Ninth Circuit,Kearns,Kearns v. Ford Motor Co.,"['2009 WL 1578535', '2009 U.S. App. LEXIS 12289', '73 Fed. R. Serv. 3d 1168', '567 F.3d 1120']"
7334436,https://www.courtlistener.com/opinion/7334436/sciacca-v-apple-inc/,"District Court, N.D. California",1446183,https://www.courtlistener.com/opinion/1446183/leadsinger-inc-v-bmg-music-publishing/,Court of Appeals for the Ninth Circuit,,"Leadsinger, Inc. v. BMG Music Publishing","['2008 WL 36630', '2008 U.S. App. LEXIS 7', '85 U.S.P.Q. 2d (BNA) 1257', '512 F.3d 522']"
7334436,https://www.courtlistener.com/opinion/7334436/sciacca-v-apple-inc/,"District Court, N.D. California",2092328,https://www.courtlistener.com/opinion/2092328/marksman-partners-lp-v-chantal-pharmaceutical-corp/,"District Court, C.D. California",,"Marksman Partners, L.P. v. Chantal Pharmaceutical Corp.","['1996 WL 277415', '1996 U.S. Dist. LEXIS 7179', '927 F. Supp. 1297']"
7334436,https://www.courtlistener.com/opinion/7334436/sciacca-v-apple-inc/,"District Court, N.D. California",2178228,https://www.courtlistener.com/opinion/2178228/in-re-toyota-motor-corp/,"District Court, C.D. California",In Re Toyota Motor Corp.,In Re Toyota Motor Corp.,"['2011 WL 1840555', '2011 U.S. Dist. LEXIS 52529', '85 Fed. R. Serv. 451', '790 F. Supp. 2d 1152']"
7334436,https://www.courtlistener.com/opinion/7334436/sciacca-v-apple-inc/,"District Court, N.D. California",2350076,https://www.courtlistener.com/opinion/2350076/falk-v-general-motors-corp/,"District Court, N.D. California",Falk,Falk v. General Motors Corp.,"['2007 WL 1970123', '2007 U.S. Dist. LEXIS 51366', '496 F. Supp. 2d 1088']"
7334436,https://www.courtlistener.com/opinion/7334436/sciacca-v-apple-inc/,"District Court, N.D. California",2469100,https://www.courtlistener.com/opinion/2469100/kowalsky-v-hewlett-packard-co/,"District Court, N.D. California",Kowalsky,Kowalsky v. Hewlett-Packard Co.,"['2011 WL 1466136', '2011 U.S. Dist. LEXIS 41337', '771 F. Supp. 2d 1156']"
7334436,https://www.courtlistener.com/opinion/7334436/sciacca-v-apple-inc/,"District Court, N.D. California",2477682,https://www.courtlistener.com/opinion/2477682/kowalsky-v-hewlett-packard-co/,"District Court, N.D. California",Kowalsky,Kowalsky v. Hewlett-Packard Co.,"['2010 U.S. Dist. LEXIS 131711', '73 U.C.C. Rep. Serv. 2d (West) 362', '771 F. Supp. 2d 1138']"
7334436,https://www.courtlistener.com/opinion/7334436/sciacca-v-apple-inc/,"District Court, N.D. California",2502843,https://www.courtlistener.com/opinion/2502843/conservation-force-v-salazar/,"District Court, N.D. California",Salazar,Conservation Force v. Salazar,"['2009 WL 5247417', '2009 U.S. Dist. LEXIS 123997', '677 F. Supp. 2d 1203']"
7334436,https://www.courtlistener.com/opinion/7334436/sciacca-v-apple-inc/,"District Court, N.D. California",2542088,https://www.courtlistener.com/opinion/2542088/tietsworth-v-sears/,"District Court, N.D. California",Tietsworth,Tietsworth v. Sears,"['2010 WL 1268093', '2010 U.S. Dist. LEXIS 44053', '720 F. Supp. 2d 1123']"
7334436,https://www.courtlistener.com/opinion/7334436/sciacca-v-apple-inc/,"District Court, N.D. California",2584094,https://www.courtlistener.com/opinion/2584094/interbank-investments-llc-v-eagle-river-water-sanitation-district/,Colorado Court of Appeals,,"Interbank Investments, LLC v. Eagle River Water & Sanitation District","['2003 WL 1562443', '2003 Colo. App. LEXIS 391', '77 P.3d 814']"
7334436,https://www.courtlistener.com/opinion/7334436/sciacca-v-apple-inc/,"District Court, N.D. California",2638337,https://www.courtlistener.com/opinion/2638337/regents-of-university-ex-rel-university-of-colorado-at-boulder-v-harbert/,Colorado Court of Appeals,,Regents of University Ex Rel. University of Colorado at Boulder v. Harbert Construction Co.,"['2001 WL 1381147', '2001 Colo. App. LEXIS 1814', '51 P.3d 1037']"
7334436,https://www.courtlistener.com/opinion/7334436/sciacca-v-apple-inc/,"District Court, N.D. California",2671500,https://www.courtlistener.com/opinion/2671500/douglas-leite-v-crane-company/,Court of Appeals for the Ninth Circuit,,Douglas Leite v. Crane Company,"['2014 WL 1646924', '749 F.3d 1117']"
7334436,https://www.courtlistener.com/opinion/7334436/sciacca-v-apple-inc/,"District Court, N.D. California",5320130,https://www.courtlistener.com/opinion/5320130/dudding-v-norton-frickey-associates/,Supreme Court of Colorado,Dudding,Dudding v. Norton Frickey & Associates,"['2000 WL 1483728', '2000 Colo. LEXIS 1170', '2000 Colo. J. C.A.R. 5710', '11 P.3d 441']"
7334436,https://www.courtlistener.com/opinion/7334436/sciacca-v-apple-inc/,"District Court, N.D. California",5325435,https://www.courtlistener.com/opinion/5325435/lewis-v-lewis/,Supreme Court of Colorado,Lewis,Lewis v. Lewis,"['2008 WL 2581563', '189 P.3d 1134']"
7334436,https://www.courtlistener.com/opinion/7334436/sciacca-v-apple-inc/,"District Court, N.D. California",7079981,https://www.courtlistener.com/opinion/7079981/lopez-v-smith/,Court of Appeals for the Ninth Circuit,Lopez,Lopez v. Smith,"['2000 WL 144385', '2000 U.S. App. LEXIS 1740', '2000 Daily Journal DAR 1585', '2000 Cal. Daily Op. Serv. 1096', '46 Fed. R. Serv. 3d 494', '203 F.3d 1122']"
7334436,https://www.courtlistener.com/opinion/7334436/sciacca-v-apple-inc/,"District Court, N.D. California",7085931,https://www.courtlistener.com/opinion/7085931/bly-magee-v-california/,Court of Appeals for the Ninth Circuit,Bly-Magee,Bly-Magee v. California,"['2001 WL 2078', '236 F.3d 1014']"
7334436,https://www.courtlistener.com/opinion/7334436/sciacca-v-apple-inc/,"District Court, N.D. California",7319570,https://www.courtlistener.com/opinion/7319570/richter-v-cc-palo-alto-inc/,"District Court, N.D. California",Richter,"Richter v. CC-Palo Alto, Inc.","['2016 WL 1275592', '2016 U.S. Dist. LEXIS 44912', '176 F. Supp. 3d 877']"
7334436,https://www.courtlistener.com/opinion/7334436/sciacca-v-apple-inc/,"District Court, N.D. California",7324900,https://www.courtlistener.com/opinion/7324900/hadley-v-kellogg-sales-co/,"District Court, N.D. California",Hadley,Hadley v. Kellogg Sales Co.,"['2017 U.S. Dist. LEXIS 40825', '2017 WL 1065293', '243 F. Supp. 3d 1074']"
7334436,https://www.courtlistener.com/opinion/7334436/sciacca-v-apple-inc/,"District Court, N.D. California",7326809,https://www.courtlistener.com/opinion/7326809/letizia-v-facebook-inc/,"District Court, N.D. California",Letizia,Letizia v. Facebook Inc.,['267 F. Supp. 3d 1235']
7334436,https://www.courtlistener.com/opinion/7334436/sciacca-v-apple-inc/,"District Court, N.D. California",8437707,https://www.courtlistener.com/opinion/8437707/lippitt-v-raymond-james-financial-services-inc/,Court of Appeals for the Ninth Circuit,Lippitt,"Lippitt v. Raymond James Financial Services, Inc.","['2003 WL 21999312', '340 F.3d 1033']"
7334436,https://www.courtlistener.com/opinion/7334436/sciacca-v-apple-inc/,"District Court, N.D. California",8438027,https://www.courtlistener.com/opinion/8438027/adams-v-johnson/,Court of Appeals for the Ninth Circuit,Adams,Adams v. Johnson,['355 F.3d 1179']
7334436,https://www.courtlistener.com/opinion/7334436/sciacca-v-apple-inc/,"District Court, N.D. California",8438360,https://www.courtlistener.com/opinion/8438360/safe-air-for-everyone-v-meyer/,Court of Appeals for the Ninth Circuit,Meyer,Safe Air for Everyone v. Meyer,"['2004 WL 1470862', '373 F.3d 1035']"
7334436,https://www.courtlistener.com/opinion/7334436/sciacca-v-apple-inc/,"District Court, N.D. California",8725949,https://www.courtlistener.com/opinion/8725949/elias-v-hewlett-packard-co/,"District Court, N.D. California",Elias,Elias v. Hewlett-Packard Co.,"['2013 U.S. Dist. LEXIS 87748', '2013 WL 3187319', '950 F. Supp. 2d 1123']"
7334436,https://www.courtlistener.com/opinion/7334436/sciacca-v-apple-inc/,"District Court, N.D. California",8946656,https://www.courtlistener.com/opinion/8946656/semegen-v-weidner/,Court of Appeals for the Ninth Circuit,Semegen,Semegen v. Weidner,"['1985 U.S. App. LEXIS 25959', '780 F.2d 727']"
7334436,https://www.courtlistener.com/opinion/7334436/sciacca-v-apple-inc/,"District Court, N.D. California",9022504,https://www.courtlistener.com/opinion/9022504/davidson-v-kimberly-clark-corp/,Court of Appeals for the Ninth Circuit,Davidson,Davidson v. Kimberly-Clark Corp.,['889 F.3d 956']
7334436,https://www.courtlistener.com/opinion/7334436/sciacca-v-apple-inc/,"District Court, N.D. California",107024,https://www.courtlistener.com/opinion/107024/hanna-v-plumer/,Supreme Court of the United States,Hanna,Hanna v. Plumer,"['9 Fed. R. Serv. 2d 1', '1965 U.S. LEXIS 1350', '380 U.S. 460', '85 S. Ct. 1136', '14 L. Ed. 2d 8']"
7334436,https://www.courtlistener.com/opinion/7334436/sciacca-v-apple-inc/,"District Court, N.D. California",112777,https://www.courtlistener.com/opinion/112777/cipollone-v-liggett-group-inc/,Supreme Court of the United States,Cipollone,"Cipollone v. Liggett Group, Inc.","['92 Daily Journal DAR 8688', '6 Fla. L. Weekly Fed. S 589', '17 U.C.C. Rep. Serv. 2d (West) 1087', '92 Cal. Daily Op. Serv. 5517', '60 U.S.L.W. 4703', '1992 U.S. LEXIS 4365', '505 U.S. 504', '112 S. Ct. 2608', '120 L. Ed. 2d 407']"
7334436,https://www.courtlistener.com/opinion/7334436/sciacca-v-apple-inc/,"District Court, N.D. California",145730,https://www.courtlistener.com/opinion/145730/bell-atlantic-corp-v-twombly/,Supreme Court of the United States,Twombly,Bell Atlantic Corp. v. Twombly,"['75 U.S.L.W. 4337', '68 Fed. R. Serv. 3d 661', '20 Fla. L. Weekly Fed. S 267', '41 Communications Reg. (P&F) 567', '2007 U.S. LEXIS 5901', '550 U.S. 544', '127 S. Ct. 1955', '167 L. Ed. 2d 929']"
7334436,https://www.courtlistener.com/opinion/7334436/sciacca-v-apple-inc/,"District Court, N.D. California",145875,https://www.courtlistener.com/opinion/145875/ashcroft-v-iqbal/,Supreme Court of the United States,Iqbal,Ashcroft v. Iqbal,"['2009 U.S. LEXIS 3472', '556 U.S. 662', '129 S. Ct. 1937', '173 L. Ed. 2d 868']"
7334436,https://www.courtlistener.com/opinion/7334436/sciacca-v-apple-inc/,"District Court, N.D. California",182444,https://www.courtlistener.com/opinion/182444/chapman-v-pier-1-imports-us-inc/,Court of Appeals for the Ninth Circuit,Chapman,Chapman v. Pier 1 Imports (U.S.) Inc.,"['2011 WL 43709', '2011 U.S. App. LEXIS 453', '78 Fed. R. Serv. 3d 946', '24 Am. Disabilities Dec. 284', '631 F.3d 939']"
7334436,https://www.courtlistener.com/opinion/7334436/sciacca-v-apple-inc/,"District Court, N.D. California",1194810,https://www.courtlistener.com/opinion/1194810/bates-v-united-parcel-service-inc/,Court of Appeals for the Ninth Circuit,,"Bates v. United Parcel Service, Inc.","['2007 WL 4554016', '2007 U.S. App. LEXIS 29870', '20 Am. Disabilities Cas. (BNA) 1', '511 F.3d 974']"
8443637,https://www.courtlistener.com/opinion/8443637/united-states-v-singh/,Court of Appeals for the Second Circuit,1756,https://www.courtlistener.com/opinion/1756/porter-v-mccollum/,Supreme Court of the United States,Porter,Porter v. McCollum,"['22 Fla. L. Weekly Fed. S 9', '2009 U.S. LEXIS 8377', '558 U.S. 30', '130 S. Ct. 447', '175 L. Ed. 2d 398']"
8443637,https://www.courtlistener.com/opinion/8443637/united-states-v-singh/,Court of Appeals for the Second Circuit,2467,https://www.courtlistener.com/opinion/2467/united-states-v-rigas/,Court of Appeals for the Second Circuit,Rigas,United States v. Rigas,"['2009 WL 3166066', '2009 U.S. App. LEXIS 21895', '583 F.3d 108']"
8443637,https://www.courtlistener.com/opinion/8443637/united-states-v-singh/,Court of Appeals for the Second Circuit,2725,https://www.courtlistener.com/opinion/2725/united-states-v-rigas/,Court of Appeals for the Second Circuit,Rigas,United States v. Rigas,"['2007 U.S. App. LEXIS 12096', '73 Fed. R. Serv. 691', '490 F.3d 208']"
8443637,https://www.courtlistener.com/opinion/8443637/united-states-v-singh/,Court of Appeals for the Second Circuit,2871,https://www.courtlistener.com/opinion/2871/united-states-v-fernandez/,Court of Appeals for the Second Circuit,Fernandez,United States v. Fernandez,"['2006 WL 851670', '2006 U.S. App. LEXIS 8191', '443 F.3d 19']"
8443637,https://www.courtlistener.com/opinion/8443637/united-states-v-singh/,Court of Appeals for the Second Circuit,36874,https://www.courtlistener.com/opinion/36874/united-states-v-andrews/,Court of Appeals for the Fifth Circuit,Andrews,United States v. Andrews,"['2004 WL 2554601', '2004 U.S. App. LEXIS 23707', '390 F.3d 840']"
8443637,https://www.courtlistener.com/opinion/8443637/united-states-v-singh/,Court of Appeals for the Second Circuit,66399,https://www.courtlistener.com/opinion/66399/united-states-v-douglas/,Court of Appeals for the Fifth Circuit,Douglas,United States v. Douglas,"['2009 WL 1515662', '569 F.3d 523']"
8443637,https://www.courtlistener.com/opinion/8443637/united-states-v-singh/,Court of Appeals for the Second Circuit,152212,https://www.courtlistener.com/opinion/152212/united-states-v-dorvee/,Court of Appeals for the Second Circuit,Dorvee,United States v. Dorvee,"['2010 WL 3023799', '616 F.3d 174']"
8443637,https://www.courtlistener.com/opinion/8443637/united-states-v-singh/,Court of Appeals for the Second Circuit,183791,https://www.courtlistener.com/opinion/183791/united-states-v-cossey/,Court of Appeals for the Second Circuit,Cossey,United States v. Cossey,"['2011 WL 257441', '2011 U.S. App. LEXIS 1756', '632 F.3d 82']"
8443637,https://www.courtlistener.com/opinion/8443637/united-states-v-singh/,Court of Appeals for the Second Circuit,194834,https://www.courtlistener.com/opinion/194834/united-states-v-zapata-medina/,Court of Appeals for the First Circuit,Zapata-Medina,United States v. Zapata-Medina,"['1993 WL 259503', '1993 U.S. App. LEXIS 17922', '1 F.3d 46']"
8443637,https://www.courtlistener.com/opinion/8443637/united-states-v-singh/,Court of Appeals for the Second Circuit,225751,https://www.courtlistener.com/opinion/225751/yuen-jung-v-barber/,Court of Appeals for the Ninth Circuit,Barber,Yuen Jung v. Barber,"['1950 U.S. App. LEXIS 3117', '184 F.2d 491']"
8443637,https://www.courtlistener.com/opinion/8443637/united-states-v-singh/,Court of Appeals for the Second Circuit,344530,https://www.courtlistener.com/opinion/344530/united-states-v-raymond-robin/,Court of Appeals for the Second Circuit,,United States v. Raymond Robin,"['1977 U.S. App. LEXIS 14060', '553 F.2d 8']"
8443637,https://www.courtlistener.com/opinion/8443637/united-states-v-singh/,Court of Appeals for the Second Circuit,415372,https://www.courtlistener.com/opinion/415372/united-states-v-arthur-hansen/,Court of Appeals for the Second Circuit,,United States v. Arthur Hansen,"['1983 U.S. App. LEXIS 29928', '701 F.2d 1078']"
8443637,https://www.courtlistener.com/opinion/8443637/united-states-v-singh/,Court of Appeals for the Second Circuit,571297,https://www.courtlistener.com/opinion/571297/united-states-v-walter-barnes/,Court of Appeals for the Seventh Circuit,,United States v. Walter Barnes,"['1991 WL 238498', '948 F.2d 325']"
8443637,https://www.courtlistener.com/opinion/8443637/united-states-v-singh/,Court of Appeals for the Second Circuit,741740,https://www.courtlistener.com/opinion/741740/united-states-v-feng-li-aka-li-feng-zhao-hui-aka-hui-zhao-ru-jie-lu/,Court of Appeals for the Second Circuit,,"United States v. Feng Li, AKA Li Feng Zhao Hui, AKA Hui Zhao, Ru Jie Lu, AKA Ru Lu Jie","['1997 WL 275500', '1997 U.S. App. LEXIS 12175', '115 F.3d 125']"
8443637,https://www.courtlistener.com/opinion/8443637/united-states-v-singh/,Court of Appeals for the Second Circuit,788926,https://www.courtlistener.com/opinion/788926/united-states-v-robert-e-brennan/,Court of Appeals for the Second Circuit,,United States v. Robert E. Brennan,"['2005 WL 57309', '2005 U.S. App. LEXIS 498', '395 F.3d 59']"
8443637,https://www.courtlistener.com/opinion/8443637/united-states-v-singh/,Court of Appeals for the Second Circuit,793137,https://www.courtlistener.com/opinion/793137/united-states-v-osama-awadallah/,Court of Appeals for the Second Circuit,,United States v. Osama Awadallah,"['2006 WL 181381', '2006 U.S. App. LEXIS 1867', '69 Fed. R. Serv. 412', '436 F.3d 125']"
8443637,https://www.courtlistener.com/opinion/8443637/united-states-v-singh/,Court of Appeals for the Second Circuit,866796,https://www.courtlistener.com/opinion/866796/united-states-v-chu/,Court of Appeals for the Second Circuit,Chu,United States v. Chu,"['2013 U.S. App. LEXIS 9235', '2013 WL 1876582', '714 F.3d 742']"
8443637,https://www.courtlistener.com/opinion/8443637/united-states-v-singh/,Court of Appeals for the Second Circuit,1229535,https://www.courtlistener.com/opinion/1229535/united-states-v-juwa/,Court of Appeals for the Second Circuit,Juwa,United States v. Juwa,"['2007 WL 4179834', '2007 U.S. App. LEXIS 27393', '508 F.3d 694']"
8443637,https://www.courtlistener.com/opinion/8443637/united-states-v-singh/,Court of Appeals for the Second Circuit,2650623,https://www.courtlistener.com/opinion/2650623/united-states-v-pratheepan-thavaraja/,Court of Appeals for the Second Circuit,,United States v. Pratheepan Thavaraja,"['2014 U.S. App. LEXIS 1226', '2014 WL 243390', '740 F.3d 253']"
8443637,https://www.courtlistener.com/opinion/8443637/united-states-v-singh/,Court of Appeals for the Second Circuit,4406197,https://www.courtlistener.com/opinion/4406197/united-states-v-delacruz/,Court of Appeals for the Second Circuit,Delacruz,United States v. Delacruz,"['2017 U.S. App. LEXIS 11938', '2017 WL 2854330', '862 F.3d 163']"
8443637,https://www.courtlistener.com/opinion/8443637/united-states-v-singh/,Court of Appeals for the Second Circuit,6795859,https://www.courtlistener.com/opinion/6795859/graham-v-florida/,Supreme Court of the United States,Graham,Graham v. Florida,"['78 U.S.L.W. 4387', '22 Fla. L. Weekly Fed. S 328', '560 U.S. 48', '130 S. Ct. 2011', '2010 U.S. LEXIS 3881', '176 L. Ed. 2d 825']"
8443637,https://www.courtlistener.com/opinion/8443637/united-states-v-singh/,Court of Appeals for the Second Circuit,8442268,https://www.courtlistener.com/opinion/8442268/united-states-v-aldeen/,Court of Appeals for the Second Circuit,Aldeen,United States v. Aldeen,"['2015 WL 4072106', '2015 U.S. App. LEXIS 11591', '792 F.3d 247']"
8443637,https://www.courtlistener.com/opinion/8443637/united-states-v-singh/,Court of Appeals for the Second Circuit,8801795,https://www.courtlistener.com/opinion/8801795/alford-v-whitsel/,"District Court, N.D. Mississippi",Alford,Alford v. Whitsel,"['1971 U.S. Dist. LEXIS 14729', '322 F. Supp. 358']"
8443637,https://www.courtlistener.com/opinion/8443637/united-states-v-singh/,Court of Appeals for the Second Circuit,109535,https://www.courtlistener.com/opinion/109535/woodson-v-north-carolina/,Supreme Court of the United States,Woodson,Woodson v. North Carolina,"['1976 U.S. LEXIS 85', '428 U.S. 280', '96 S. Ct. 2978', '49 L. Ed. 2d 944']"
8443637,https://www.courtlistener.com/opinion/8443637/united-states-v-singh/,Court of Appeals for the Second Circuit,110641,https://www.courtlistener.com/opinion/110641/eddings-v-oklahoma/,Supreme Court of the United States,Eddings,Eddings v. Oklahoma,"['50 U.S.L.W. 4161', '1982 U.S. LEXIS 15', '455 U.S. 104', '102 S. Ct. 869', '71 L. Ed. 2d 1']"
8443637,https://www.courtlistener.com/opinion/8443637/united-states-v-singh/,Court of Appeals for the Second Circuit,112897,https://www.courtlistener.com/opinion/112897/johnson-v-texas/,Supreme Court of the United States,Johnson,Johnson v. Texas,"['1993 U.S. LEXIS 4398', '509 U.S. 350', '113 S. Ct. 2658', '125 L. Ed. 2d 290']"
8443637,https://www.courtlistener.com/opinion/8443637/united-states-v-singh/,Court of Appeals for the Second Circuit,118214,https://www.courtlistener.com/opinion/118214/county-of-sacramento-v-lewis/,Supreme Court of the United States,Lewis,County of Sacramento v. Lewis,"['1998 U.S. LEXIS 3404', '523 U.S. 833', '118 S. Ct. 1708', '140 L. Ed. 2d 1043']"
8443637,https://www.courtlistener.com/opinion/8443637/united-states-v-singh/,Court of Appeals for the Second Circuit,145843,https://www.courtlistener.com/opinion/145843/gall-v-united-states/,Supreme Court of the United States,Gall,Gall v. United States,"['2007 U.S. LEXIS 13083', '552 U.S. 38', '128 S. Ct. 586', '169 L. Ed. 2d 445']"
8443637,https://www.courtlistener.com/opinion/8443637/united-states-v-singh/,Court of Appeals for the Second Circuit,152880,https://www.courtlistener.com/opinion/152880/united-states-v-kumar/,Court of Appeals for the Second Circuit,Kumar,United States v. Kumar,"['2010 WL 3169270', '2010 U.S. App. LEXIS 16694', '617 F.3d 612']"
8443637,https://www.courtlistener.com/opinion/8443637/united-states-v-singh/,Court of Appeals for the Second Circuit,331607,https://www.courtlistener.com/opinion/331607/john-winston-ono-lennon-v-immigration-and-naturalization-service/,Court of Appeals for the Second Circuit,,John Winston Ono Lennon v. Immigration and Naturalization Service,"['1975 U.S. App. LEXIS 12451', '32 A.L.R. Fed. 521', '527 F.2d 187']"
8443637,https://www.courtlistener.com/opinion/8443637/united-states-v-singh/,Court of Appeals for the Second Circuit,807518,https://www.courtlistener.com/opinion/807518/united-states-v-broxmeyer/,Court of Appeals for the Second Circuit,Broxmeyer,United States v. Broxmeyer,"['2012 WL 3660316', '699 F.3d 265']"
8443637,https://www.courtlistener.com/opinion/8443637/united-states-v-singh/,Court of Appeals for the Second Circuit,1206802,https://www.courtlistener.com/opinion/1206802/united-states-v-cavera/,Court of Appeals for the Second Circuit,Cavera,United States v. Cavera,"['2008 WL 5102341', '2008 U.S. App. LEXIS 24714', '550 F.3d 180']"
8443637,https://www.courtlistener.com/opinion/8443637/united-states-v-singh/,Court of Appeals for the Second Circuit,1434123,https://www.courtlistener.com/opinion/1434123/united-states-v-stewart/,Court of Appeals for the Second Circuit,Stewart,United States v. Stewart,"['2009 WL 4975286', '590 F.3d 93']"
8443637,https://www.courtlistener.com/opinion/8443637/united-states-v-singh/,Court of Appeals for the Second Circuit,4383392,https://www.courtlistener.com/opinion/4383392/united-states-v-joseph-vincent-jenkins/,Court of Appeals for the Second Circuit,,United States v. Joseph Vincent Jenkins,"['2017 U.S. App. LEXIS 6514', '2017 WL 1371399', '854 F.3d 181']"
8665422,https://www.courtlistener.com/opinion/8665422/united-states-v-slovacek/,U S Air Force Court of Military Review,415372,https://www.courtlistener.com/opinion/415372/united-states-v-arthur-hansen/,Court of Appeals for the Second Circuit,,United States v. Arthur Hansen,"['1983 U.S. App. LEXIS 29928', '701 F.2d 1078']"
8665422,https://www.courtlistener.com/opinion/8665422/united-states-v-slovacek/,U S Air Force Court of Military Review,1289550,https://www.courtlistener.com/opinion/1289550/state-v-hernandez/,Court of Appeals of Washington,Hernandez,State v. Hernandez,"['1978 Wash. App. LEXIS 2407', '20 Wash. App. 225', '581 P.2d 157']"
8665422,https://www.courtlistener.com/opinion/8665422/united-states-v-slovacek/,U S Air Force Court of Military Review,1319836,https://www.courtlistener.com/opinion/1319836/hayden-v-state/,Supreme Court of South Carolina,Hayden,Hayden v. State,"['1984 S.C. LEXIS 360', '283 S.C. 121', '322 S.E.2d 14']"
8665422,https://www.courtlistener.com/opinion/8665422/united-states-v-slovacek/,U S Air Force Court of Military Review,1811832,https://www.courtlistener.com/opinion/1811832/dickens-v-state/,District Court of Appeal of Florida,Dickens,Dickens v. State,['368 So. 2d 950']
8665422,https://www.courtlistener.com/opinion/8665422/united-states-v-slovacek/,U S Air Force Court of Military Review,2009370,https://www.courtlistener.com/opinion/2009370/commonwealth-v-smith/,Supreme Court of Pennsylvania,Com.,Commonwealth v. Smith,"['1984 Pa. Super. LEXIS 6126', '333 Pa. Super. 179', '481 A.2d 1365']"
8665422,https://www.courtlistener.com/opinion/8665422/united-states-v-slovacek/,U S Air Force Court of Military Review,2035363,https://www.courtlistener.com/opinion/2035363/people-v-mareno/,Appellate Court of Illinois,In Re Mareno,People v. Mareno,"['1976 Ill. App. LEXIS 3333', '2 Ill. Dec. 425', '43 Ill. App. 3d 556', '357 N.E.2d 592']"
8665422,https://www.courtlistener.com/opinion/8665422/united-states-v-slovacek/,U S Air Force Court of Military Review,2115205,https://www.courtlistener.com/opinion/2115205/people-v-hubbell/,California Court of Appeal,Hubbell,People v. Hubbell,"['166 Cal. Rptr. 466', '108 Cal. App. 3d 253']"
8665422,https://www.courtlistener.com/opinion/8665422/united-states-v-slovacek/,U S Air Force Court of Military Review,2217288,https://www.courtlistener.com/opinion/2217288/state-v-koehmstedt/,North Dakota Supreme Court,Koehmstedt,State v. Koehmstedt,"['1980 N.D. LEXIS 290', '297 N.W.2d 315']"
8665422,https://www.courtlistener.com/opinion/8665422/united-states-v-slovacek/,U S Air Force Court of Military Review,2298579,https://www.courtlistener.com/opinion/2298579/united-states-v-battle/,"District Court, S.D. Ohio",Battle,United States v. Battle,"['1981 U.S. Dist. LEXIS 14848', '523 F. Supp. 855']"
8665422,https://www.courtlistener.com/opinion/8665422/united-states-v-slovacek/,U S Air Force Court of Military Review,8595538,https://www.courtlistener.com/opinion/8595538/united-states-v-spencer/,United States Court of Military Appeals,Spencer,United States v. Spencer,"['1958 WL 3316', '1958 CMA LEXIS 560', '26 C.M.R. 121', '9 USCMA 341', '9 C.M.A. 341']"
8665422,https://www.courtlistener.com/opinion/8665422/united-states-v-slovacek/,U S Air Force Court of Military Review,8595539,https://www.courtlistener.com/opinion/8595539/united-states-v-barrow/,United States Court of Military Appeals,Barrow,United States v. Barrow,"['1958 WL 3317', '1958 CMA LEXIS 561', '26 C.M.R. 123', '9 USCMA 343', '9 C.M.A. 343']"
8665422,https://www.courtlistener.com/opinion/8665422/united-states-v-slovacek/,U S Air Force Court of Military Review,8595540,https://www.courtlistener.com/opinion/8595540/united-states-v-morris/,United States Court of Military Appeals,Morris,United States v. Morris,"['1958 WL 3318', '1958 CMA LEXIS 562', '26 C.M.R. 127', '9 USCMA 347', '9 C.M.A. 347']"
8665422,https://www.courtlistener.com/opinion/8665422/united-states-v-slovacek/,U S Air Force Court of Military Review,8663591,https://www.courtlistener.com/opinion/8663591/united-states-v-ruffin/,U S Air Force Court of Military Review,Ruffin,United States v. Ruffin,['12 M.J. 952']
8665422,https://www.courtlistener.com/opinion/8665422/united-states-v-slovacek/,U S Air Force Court of Military Review,8663596,https://www.courtlistener.com/opinion/8663596/united-states-v-clark/,U S Air Force Court of Military Review,,United States v. Clark,['12 M.J. 978']
8665422,https://www.courtlistener.com/opinion/8665422/united-states-v-slovacek/,U S Air Force Court of Military Review,8663690,https://www.courtlistener.com/opinion/8663690/united-states-v-allen/,U S Air Force Court of Military Review,Allen,United States v. Allen,"['1982 CMR LEXIS 1048', '13 M.J. 597']"
8665422,https://www.courtlistener.com/opinion/8665422/united-states-v-slovacek/,U S Air Force Court of Military Review,8664126,https://www.courtlistener.com/opinion/8664126/united-states-v-garcia/,U S Air Force Court of Military Review,Garcia,United States v. Garcia,"['1983 CMR LEXIS 994', '15 M.J. 685']"
8665422,https://www.courtlistener.com/opinion/8665422/united-states-v-slovacek/,U S Air Force Court of Military Review,8664585,https://www.courtlistener.com/opinion/8664585/united-states-v-crayton/,U S Air Force Court of Military Review,Crayton,United States v. Crayton,"['1984 CMR LEXIS 4714', '17 M.J. 932']"
8665422,https://www.courtlistener.com/opinion/8665422/united-states-v-slovacek/,U S Air Force Court of Military Review,8665090,https://www.courtlistener.com/opinion/8665090/united-states-v-barror/,U S Air Force Court of Military Review,Barror,United States v. Barror,['20 M.J. 501']
8665422,https://www.courtlistener.com/opinion/8665422/united-states-v-slovacek/,U S Air Force Court of Military Review,8665418,https://www.courtlistener.com/opinion/8665418/united-states-v-beaulieu/,U S Coast Guard Court of Military Review,Beaulieu,United States v. Beaulieu,['21 M.J. 498']
8666174,https://www.courtlistener.com/opinion/8666174/united-states-v-slovacek/,United States Court of Military Appeals,415372,https://www.courtlistener.com/opinion/415372/united-states-v-arthur-hansen/,Court of Appeals for the Second Circuit,,United States v. Arthur Hansen,"['1983 U.S. App. LEXIS 29928', '701 F.2d 1078']"
8666174,https://www.courtlistener.com/opinion/8666174/united-states-v-slovacek/,United States Court of Military Appeals,8662893,https://www.courtlistener.com/opinion/8662893/united-states-v-mack/,United States Court of Military Appeals,Mack,United States v. Mack,"['1980 CMA LEXIS 10533', '9 M.J. 300']"
8666174,https://www.courtlistener.com/opinion/8666174/united-states-v-slovacek/,United States Court of Military Appeals,8665433,https://www.courtlistener.com/opinion/8665433/united-states-v-haston/,U.S. Army Court of Military Review,Haston,United States v. Haston,['21 M.J. 529']
8666932,https://www.courtlistener.com/opinion/8666932/united-states-v-caniete/,United States Court of Military Appeals,266934,https://www.courtlistener.com/opinion/266934/united-states-v-lee-vainderbilt-pruitt/,Court of Appeals for the Fourth Circuit,,United States v. Lee Vainderbilt Pruitt,"['1965 U.S. App. LEXIS 6668', '341 F.2d 700']"
8666932,https://www.courtlistener.com/opinion/8666932/united-states-v-caniete/,United States Court of Military Appeals,361022,https://www.courtlistener.com/opinion/361022/thomas-dee-stoker-v-united-states/,Court of Appeals for the Ninth Circuit,,Thomas Dee Stoker v. United States,"['1978 U.S. App. LEXIS 7276', '587 F.2d 438']"
8666932,https://www.courtlistener.com/opinion/8666932/united-states-v-caniete/,United States Court of Military Appeals,415372,https://www.courtlistener.com/opinion/415372/united-states-v-arthur-hansen/,Court of Appeals for the Second Circuit,,United States v. Arthur Hansen,"['1983 U.S. App. LEXIS 29928', '701 F.2d 1078']"
8666932,https://www.courtlistener.com/opinion/8666932/united-states-v-caniete/,United States Court of Military Appeals,483813,https://www.courtlistener.com/opinion/483813/united-states-v-harold-t-bradley/,Court of Appeals for the Second Circuit,,United States v. Harold T. Bradley,"['1987 U.S. App. LEXIS 2518', '812 F.2d 774']"
8666932,https://www.courtlistener.com/opinion/8666932/united-states-v-caniete/,United States Court of Military Appeals,8663415,https://www.courtlistener.com/opinion/8663415/united-states-v-krewson/,United States Court of Military Appeals,Krewson,United States v. Krewson,"['1981 CMA LEXIS 11610', '12 M.J. 157']"
8666932,https://www.courtlistener.com/opinion/8666932/united-states-v-caniete/,United States Court of Military Appeals,8665420,https://www.courtlistener.com/opinion/8665420/united-states-v-cottriel/,U.S. Navy-Marine Corps Court of Military Review,Cottriel,United States v. Cottriel,['21 M.J. 505']
8666932,https://www.courtlistener.com/opinion/8666932/united-states-v-caniete/,United States Court of Military Appeals,8665506,https://www.courtlistener.com/opinion/8665506/united-states-v-anderson/,U.S. Army Court of Military Review,Anderson,United States v. Anderson,['21 M.J. 640']
8666932,https://www.courtlistener.com/opinion/8666932/united-states-v-caniete/,United States Court of Military Appeals,8666174,https://www.courtlistener.com/opinion/8666174/united-states-v-slovacek/,United States Court of Military Appeals,Slovacek,United States v. Slovacek,"['1987 CMA LEXIS 1828', '24 M.J. 140']"
8666932,https://www.courtlistener.com/opinion/8666932/united-states-v-caniete/,United States Court of Military Appeals,8666740,https://www.courtlistener.com/opinion/8666740/united-states-v-wingart/,United States Court of Military Appeals,Wingart,United States v. Wingart,"['1988 WL 100243', '1988 CMA LEXIS 2982', '27 M.J. 128']"
9536169,https://www.courtlistener.com/opinion/9536169/ogdon-v-grand-canyon-university-incorporated/,"District Court, D. Arizona",112817,https://www.courtlistener.com/opinion/112817/united-states-v-louisiana/,Supreme Court of the United States,US v. LA,United States v. Louisiana,"['61 U.S.L.W. 3576', '1993 U.S. LEXIS 1763', '507 U.S. 7', '113 S. Ct. 1238', '122 L. Ed. 2d 381']"
9536169,https://www.courtlistener.com/opinion/9536169/ogdon-v-grand-canyon-university-incorporated/,"District Court, D. Arizona",145864,https://www.courtlistener.com/opinion/145864/boyle-v-united-states/,Supreme Court of the United States,Boyle,Boyle v. United States,"['2009 U.S. LEXIS 4159', '556 U.S. 938', '129 S. Ct. 2237', '173 L. Ed. 2d 1265']"
9536169,https://www.courtlistener.com/opinion/9536169/ogdon-v-grand-canyon-university-incorporated/,"District Court, D. Arizona",613006,https://www.courtlistener.com/opinion/613006/alvarez-v-chevron-corp/,Court of Appeals for the Ninth Circuit,Alvarez,Alvarez v. Chevron Corp.,"['2011 WL 3850660', '2011 U.S. App. LEXIS 18211', '75 U.C.C. Rep. Serv. 2d (West) 545', '656 F.3d 925']"
9536169,https://www.courtlistener.com/opinion/9536169/ogdon-v-grand-canyon-university-incorporated/,"District Court, D. Arizona",693410,https://www.courtlistener.com/opinion/693410/parks-school-of-business-inc-dba-parks-college-a-new-mexico-corporation/,Court of Appeals for the Ninth Circuit,,"Parks School of Business, Inc., Dba Parks College, a New Mexico Corporation v. Fife Symington Roy A. Nicholson Sally Hein","['1995 WL 156893', '1995 U.S. App. LEXIS 7930', '95 Daily Journal DAR 4577', '95 Cal. Daily Op. Serv. 2612', '51 F.3d 1480']"
9536169,https://www.courtlistener.com/opinion/9536169/ogdon-v-grand-canyon-university-incorporated/,"District Court, D. Arizona",764072,https://www.courtlistener.com/opinion/764072/edwin-p-harrison-and-united-states-of-america-party-in-interest-v/,Court of Appeals for the Fourth Circuit,,"Edwin P. Harrison, and United States of America, Party in Interest v. Westinghouse Savannah River Company","['1999 WL 308587', '1999 U.S. App. LEXIS 9312', '176 F.3d 776']"
9536169,https://www.courtlistener.com/opinion/9536169/ogdon-v-grand-canyon-university-incorporated/,"District Court, D. Arizona",796813,https://www.courtlistener.com/opinion/796813/theodore-c-swartz-v-kpmg-llp-and-presidio-advisory-services-inc/,Court of Appeals for the Ninth Circuit,,"Theodore C. Swartz v. Kpmg Llp, and Presidio Advisory Services Inc. Deutsche Bank Ag Deutsche Bank Securities, Inc.","['2007 WL 438795', '2007 U.S. App. LEXIS 3113', '99 A.F.T.R.2d (RIA) 974', '476 F.3d 756']"
9536169,https://www.courtlistener.com/opinion/9536169/ogdon-v-grand-canyon-university-incorporated/,"District Court, D. Arizona",797760,https://www.courtlistener.com/opinion/797760/james-odom-v-microsoft-corporation-a-washington-corporation-best-buy-co/,Court of Appeals for the Ninth Circuit,,"James Odom v. Microsoft Corporation, a Washington Corporation Best Buy Co., Inc., a Minnesota Corporation","['2007 WL 1297249', '2007 U.S. App. LEXIS 10519', '486 F.3d 541']"
9536169,https://www.courtlistener.com/opinion/9536169/ogdon-v-grand-canyon-university-incorporated/,"District Court, D. Arizona",1199775,https://www.courtlistener.com/opinion/1199775/clemens-v-daimlerchrysler-corp/,Court of Appeals for the Ninth Circuit,Clemens,Clemens v. DaimlerChrysler Corp.,"['2008 WL 2840662', '2008 U.S. App. LEXIS 15949', '66 U.C.C. Rep. Serv. 2d (West) 688', '534 F.3d 1017']"
9536169,https://www.courtlistener.com/opinion/9536169/ogdon-v-grand-canyon-university-incorporated/,"District Court, D. Arizona",1243130,https://www.courtlistener.com/opinion/1243130/williams-v-gerber-products-co/,Court of Appeals for the Ninth Circuit,,Williams v. Gerber Products Co.,"['2008 WL 5273731', '2008 U.S. App. LEXIS 27421', '552 F.3d 934']"
9536169,https://www.courtlistener.com/opinion/9536169/ogdon-v-grand-canyon-university-incorporated/,"District Court, D. Arizona",1427853,https://www.courtlistener.com/opinion/1427853/united-states-ex-rel-stinson-lyons-gerlin-bustamante-pa-v-blue/,"District Court, S.D. Georgia",,"United States Ex Rel. Stinson, Lyons, Gerlin & Bustamante, P.A. v. Blue Cross Blue Shield of Georgia, Inc.","['1990 WL 255661', '1990 U.S. Dist. LEXIS 18891', '755 F. Supp. 1055']"
9536169,https://www.courtlistener.com/opinion/9536169/ogdon-v-grand-canyon-university-incorporated/,"District Court, D. Arizona",1459853,https://www.courtlistener.com/opinion/1459853/cousins-v-lockyer/,Court of Appeals for the Ninth Circuit,Cousins,Cousins v. Lockyer,"['2009 WL 1652208', '2009 U.S. App. LEXIS 12708', '568 F.3d 1063']"
9536169,https://www.courtlistener.com/opinion/9536169/ogdon-v-grand-canyon-university-incorporated/,"District Court, D. Arizona",2148959,https://www.courtlistener.com/opinion/2148959/people-v-dollar-rent-a-car-systems-inc/,California Court of Appeal,,"People v. Dollar Rent-A-Car Systems, Inc.","['1989 Cal. App. LEXIS 563', '259 Cal. Rptr. 191', '211 Cal. App. 3d 119']"
9536169,https://www.courtlistener.com/opinion/9536169/ogdon-v-grand-canyon-university-incorporated/,"District Court, D. Arizona",7029292,https://www.courtlistener.com/opinion/7029292/weyherlivsey-constructors-inc-v-prevetire/,Court of Appeals for the Fourth Circuit,Prevetire,"Weyher/Livsey Constructors, Inc. v. Prevetire","['1994 WL 284595', '27 F.3d 985']"
9536169,https://www.courtlistener.com/opinion/9536169/ogdon-v-grand-canyon-university-incorporated/,"District Court, D. Arizona",7110394,https://www.courtlistener.com/opinion/7110394/vess-v-ciba-geigy-corp-usa/,Court of Appeals for the Ninth Circuit,Vess,Vess v. Ciba-Geigy Corp. USA,"['2003 WL 203124', '317 F.3d 1097']"
9536169,https://www.courtlistener.com/opinion/9536169/ogdon-v-grand-canyon-university-incorporated/,"District Court, D. Arizona",7310506,https://www.courtlistener.com/opinion/7310506/in-re-adobe-systems-inc-privacy-litigation/,"District Court, N.D. California",,"In re Adobe Systems, Inc. Privacy Litigation","['2014 WL 4379916', '2014 U.S. Dist. LEXIS 124126', '66 F. Supp. 3d 1197']"
9536169,https://www.courtlistener.com/opinion/9536169/ogdon-v-grand-canyon-university-incorporated/,"District Court, D. Arizona",7314166,https://www.courtlistener.com/opinion/7314166/kerrigan-v-visalus-inc/,"District Court, E.D. Michigan",Kerrigan,"Kerrigan v. Visalus, Inc.","['2015 WL 3679266', '2015 U.S. Dist. LEXIS 76233', '112 F. Supp. 3d 580']"
9536169,https://www.courtlistener.com/opinion/9536169/ogdon-v-grand-canyon-university-incorporated/,"District Court, D. Arizona",7324900,https://www.courtlistener.com/opinion/7324900/hadley-v-kellogg-sales-co/,"District Court, N.D. California",Hadley,Hadley v. Kellogg Sales Co.,"['2017 U.S. Dist. LEXIS 40825', '2017 WL 1065293', '243 F. Supp. 3d 1074']"
9536169,https://www.courtlistener.com/opinion/9536169/ogdon-v-grand-canyon-university-incorporated/,"District Court, D. Arizona",8442970,https://www.courtlistener.com/opinion/8442970/ebner-v-fresh-inc/,Court of Appeals for the Ninth Circuit,Ebner,"Ebner v. Fresh, Inc.","['2016 WL 5389307', '838 F.3d 958']"
9536169,https://www.courtlistener.com/opinion/9536169/ogdon-v-grand-canyon-university-incorporated/,"District Court, D. Arizona",8793587,https://www.courtlistener.com/opinion/8793587/schellenbach-v-godaddycom-llc/,"District Court, D. Arizona",Schellenbach,"Schellenbach v. GoDaddy.com, LLC","['2017 WL 2902683', '321 F.R.D. 613']"
9536169,https://www.courtlistener.com/opinion/9536169/ogdon-v-grand-canyon-university-incorporated/,"District Court, D. Arizona",145730,https://www.courtlistener.com/opinion/145730/bell-atlantic-corp-v-twombly/,Supreme Court of the United States,Twombly,Bell Atlantic Corp. v. Twombly,"['75 U.S.L.W. 4337', '68 Fed. R. Serv. 3d 661', '20 Fla. L. Weekly Fed. S 267', '41 Communications Reg. (P&F) 567', '2007 U.S. LEXIS 5901', '550 U.S. 544', '127 S. Ct. 1955', '167 L. Ed. 2d 929']"
9536169,https://www.courtlistener.com/opinion/9536169/ogdon-v-grand-canyon-university-incorporated/,"District Court, D. Arizona",145875,https://www.courtlistener.com/opinion/145875/ashcroft-v-iqbal/,Supreme Court of the United States,Iqbal,Ashcroft v. Iqbal,"['2009 U.S. LEXIS 3472', '556 U.S. 662', '129 S. Ct. 1937', '173 L. Ed. 2d 868']"
9536169,https://www.courtlistener.com/opinion/9536169/ogdon-v-grand-canyon-university-incorporated/,"District Court, D. Arizona",2283365,https://www.courtlistener.com/opinion/2283365/lavie-v-procter-gamble-co/,California Court of Appeal,Lavie,Lavie v. Procter & Gamble Co.,"['2003 Cal. App. LEXIS 71', '2003 Cal. Daily Op. Serv. 612', '2003 Daily Journal DAR 699', '105 Cal. App. 4th 496', '129 Cal. Rptr. 2d 486']"
9553822,https://www.courtlistener.com/opinion/9553822/aerojet-rocketdyne-inc-v-global-aerospace-inc/,"District Court, E.D. California",106497,https://www.courtlistener.com/opinion/106497/foman-v-davis/,Supreme Court of the United States,Foman,Foman v. Davis,"['6 Fed. R. Serv. 2d 1234', '1962 U.S. LEXIS 65', '371 U.S. 178', '83 S. Ct. 227', '9 L. Ed. 2d 222']"
9553822,https://www.courtlistener.com/opinion/9553822/aerojet-rocketdyne-inc-v-global-aerospace-inc/,"District Court, E.D. California",175568,https://www.courtlistener.com/opinion/175568/shroyer-v-new-cingular-wireless-services-inc/,Court of Appeals for the Ninth Circuit,Shroyer,"Shroyer v. New Cingular Wireless Services, Inc.","['51 Communications Reg. (P&F) 535', '2010 U.S. App. LEXIS 19814', '622 F.3d 1035']"
9553822,https://www.courtlistener.com/opinion/9553822/aerojet-rocketdyne-inc-v-global-aerospace-inc/,"District Court, E.D. California",213165,https://www.courtlistener.com/opinion/213165/cafasso-v-general-dynamics-c4-systems-inc/,Court of Appeals for the Ninth Circuit,Cafasso,"Cafasso v. General Dynamics C4 Systems, Inc.","['2011 WL 1053366', '637 F.3d 1047']"
9553822,https://www.courtlistener.com/opinion/9553822/aerojet-rocketdyne-inc-v-global-aerospace-inc/,"District Court, E.D. California",537184,https://www.courtlistener.com/opinion/537184/hal-roach-studios-inc-a-delaware-corporation-v-richard-feiner-and/,Court of Appeals for the Ninth Circuit,,"Hal Roach Studios, Inc., a Delaware Corporation v. Richard Feiner and Company, Inc., a New York Corporation",['896 F.2d 1542']
9553822,https://www.courtlistener.com/opinion/9553822/aerojet-rocketdyne-inc-v-global-aerospace-inc/,"District Court, E.D. California",613006,https://www.courtlistener.com/opinion/613006/alvarez-v-chevron-corp/,Court of Appeals for the Ninth Circuit,Alvarez,Alvarez v. Chevron Corp.,"['2011 WL 3850660', '2011 U.S. App. LEXIS 18211', '75 U.C.C. Rep. Serv. 2d (West) 545', '656 F.3d 925']"
9553822,https://www.courtlistener.com/opinion/9553822/aerojet-rocketdyne-inc-v-global-aerospace-inc/,"District Court, E.D. California",685125,https://www.courtlistener.com/opinion/685125/in-re-glenfed-inc-securities-litigation/,Court of Appeals for the Ninth Circuit,,"In Re Glenfed, Inc. Securities Litigation","['1994 U.S. App. LEXIS 34334', '30 Fed. R. Serv. 3d 1416', '94 Daily Journal DAR 17350', '94 Cal. Daily Op. Serv. 9372', '42 F.3d 1541']"
9553822,https://www.courtlistener.com/opinion/9553822/aerojet-rocketdyne-inc-v-global-aerospace-inc/,"District Court, E.D. California",693410,https://www.courtlistener.com/opinion/693410/parks-school-of-business-inc-dba-parks-college-a-new-mexico-corporation/,Court of Appeals for the Ninth Circuit,,"Parks School of Business, Inc., Dba Parks College, a New Mexico Corporation v. Fife Symington Roy A. Nicholson Sally Hein","['1995 WL 156893', '1995 U.S. App. LEXIS 7930', '95 Daily Journal DAR 4577', '95 Cal. Daily Op. Serv. 2612', '51 F.3d 1480']"
9553822,https://www.courtlistener.com/opinion/9553822/aerojet-rocketdyne-inc-v-global-aerospace-inc/,"District Court, E.D. California",783479,https://www.courtlistener.com/opinion/783479/united-states-v-donald-lawrence-ritchie-heather-horner/,Court of Appeals for the Ninth Circuit,,"United States v. Donald Lawrence Ritchie, Heather Horner, Claimant-Appellant","['2003 WL 22004994', '2003 U.S. App. LEXIS 17752', '2003 Daily Journal DAR 9689', '56 Fed. R. Serv. 3d 577', '2003 Cal. Daily Op. Serv. 7757', '342 F.3d 903']"
9553822,https://www.courtlistener.com/opinion/9553822/aerojet-rocketdyne-inc-v-global-aerospace-inc/,"District Court, E.D. California",785638,https://www.courtlistener.com/opinion/785638/turner-v-cook/,Court of Appeals for the Ninth Circuit,,Turner v. Cook,"['2004 U.S. App. LEXIS 6092', '362 F.3d 1219']"
9553822,https://www.courtlistener.com/opinion/9553822/aerojet-rocketdyne-inc-v-global-aerospace-inc/,"District Court, E.D. California",1036210,https://www.courtlistener.com/opinion/1036210/zhang-v-superior-court/,California Supreme Court,Zhang,Zhang v. Superior Court,"['2013 Cal. LEXIS 6520', '2013 WL 3942607', '304 P.3d 163', '159 Cal. Rptr. 3d 672', '57 Cal. 4th 364']"
9553822,https://www.courtlistener.com/opinion/9553822/aerojet-rocketdyne-inc-v-global-aerospace-inc/,"District Court, E.D. California",1208595,https://www.courtlistener.com/opinion/1208595/kearns-v-ford-motor-co/,Court of Appeals for the Ninth Circuit,Kearns,Kearns v. Ford Motor Co.,"['2009 WL 1578535', '2009 U.S. App. LEXIS 12289', '73 Fed. R. Serv. 3d 1168', '567 F.3d 1120']"
9553822,https://www.courtlistener.com/opinion/9553822/aerojet-rocketdyne-inc-v-global-aerospace-inc/,"District Court, E.D. California",1266432,https://www.courtlistener.com/opinion/1266432/fleming-v-pickard/,Court of Appeals for the Ninth Circuit,Fleming,Fleming v. Pickard,"['2009 WL 2871532', '2009 U.S. App. LEXIS 20129', '581 F.3d 922']"
9553822,https://www.courtlistener.com/opinion/9553822/aerojet-rocketdyne-inc-v-global-aerospace-inc/,"District Court, E.D. California",1429600,https://www.courtlistener.com/opinion/1429600/lozano-v-at-t-wireless-services-inc/,Court of Appeals for the Ninth Circuit,Lozano,"Lozano v. AT & T Wireless Services, Inc.","['2007 WL 2728758', '2007 U.S. App. LEXIS 22430', '42 Communications Reg. (P&F) 799', '504 F.3d 718']"
9553822,https://www.courtlistener.com/opinion/9553822/aerojet-rocketdyne-inc-v-global-aerospace-inc/,"District Court, E.D. California",2281022,https://www.courtlistener.com/opinion/2281022/benavides-v-state-farm-general-ins-co/,California Court of Appeal,Benavides,Benavides v. State Farm General Ins. Co.,"['136 Cal. App. 4th 1241', '39 Cal. Rptr. 3d 650']"
9553822,https://www.courtlistener.com/opinion/9553822/aerojet-rocketdyne-inc-v-global-aerospace-inc/,"District Court, E.D. California",2282385,https://www.courtlistener.com/opinion/2282385/smith-v-state-farm-mutual-automobile-insurance/,California Court of Appeal,,Smith v. State Farm Mutual Automobile Insurance,"['93 Cal. App. 4th 700', '113 Cal. Rptr. 2d 399']"
9553822,https://www.courtlistener.com/opinion/9553822/aerojet-rocketdyne-inc-v-global-aerospace-inc/,"District Court, E.D. California",2290504,https://www.courtlistener.com/opinion/2290504/daugherty-v-american-honda-motor-co-inc/,California Court of Appeal,,"Daugherty v. American Honda Motor Co., Inc.","['144 Cal. App. 4th 824', '51 Cal. Rptr. 3d 118']"
9553822,https://www.courtlistener.com/opinion/9553822/aerojet-rocketdyne-inc-v-global-aerospace-inc/,"District Court, E.D. California",2291577,https://www.courtlistener.com/opinion/2291577/palmer-v-stassinos/,"District Court, N.D. California",Stassinos,Palmer v. Stassinos,"['2005 WL 3845127', '2005 U.S. Dist. LEXIS 41030', '419 F. Supp. 2d 1151']"
9553822,https://www.courtlistener.com/opinion/9553822/aerojet-rocketdyne-inc-v-global-aerospace-inc/,"District Court, E.D. California",2306363,https://www.courtlistener.com/opinion/2306363/palmer-v-stassinos/,"District Court, N.D. California",Stassinos,Palmer v. Stassinos,"['2004 WL 2937216', '2004 U.S. Dist. LEXIS 25566', '348 F. Supp. 2d 1070']"
9553822,https://www.courtlistener.com/opinion/9553822/aerojet-rocketdyne-inc-v-global-aerospace-inc/,"District Court, E.D. California",2469100,https://www.courtlistener.com/opinion/2469100/kowalsky-v-hewlett-packard-co/,"District Court, N.D. California",Kowalsky,Kowalsky v. Hewlett-Packard Co.,"['2011 WL 1466136', '2011 U.S. Dist. LEXIS 41337', '771 F. Supp. 2d 1156']"
9553822,https://www.courtlistener.com/opinion/9553822/aerojet-rocketdyne-inc-v-global-aerospace-inc/,"District Court, E.D. California",2576704,https://www.courtlistener.com/opinion/2576704/popovits-v-circuit-city-stores-inc/,"District Court, N.D. Illinois",Popovits,"Popovits v. Circuit City Stores, Inc.","['1998 WL 299838', '1998 U.S. Dist. LEXIS 8450', '8 F. Supp. 2d 1053']"
9553822,https://www.courtlistener.com/opinion/9553822/aerojet-rocketdyne-inc-v-global-aerospace-inc/,"District Court, E.D. California",4376359,https://www.courtlistener.com/opinion/4376359/kargbo-v-national-railroad-passenger-corporation/,"District Court, District of Columbia",Kargbo,Kargbo v. National Railroad Passenger Corporation,"['2017 WL 1047241', '2017 U.S. Dist. LEXIS 38360', '243 F. Supp. 3d 6']"
9553822,https://www.courtlistener.com/opinion/9553822/aerojet-rocketdyne-inc-v-global-aerospace-inc/,"District Court, E.D. California",7060249,https://www.courtlistener.com/opinion/7060249/cooper-v-pickett/,Court of Appeals for the Ninth Circuit,Cooper,Cooper v. Pickett,"['1997 WL 835300', '137 F.3d 616']"
9553822,https://www.courtlistener.com/opinion/9553822/aerojet-rocketdyne-inc-v-global-aerospace-inc/,"District Court, E.D. California",7100340,https://www.courtlistener.com/opinion/7100340/sprewell-v-golden-state-warriors/,Court of Appeals for the Ninth Circuit,Sprewell,Sprewell v. Golden State Warriors,"['2001 WL 1057136', '266 F.3d 979']"
9553822,https://www.courtlistener.com/opinion/9553822/aerojet-rocketdyne-inc-v-global-aerospace-inc/,"District Court, E.D. California",7311152,https://www.courtlistener.com/opinion/7311152/newton-v-american-debt-services-inc/,"District Court, N.D. California",Newton,"Newton v. American Debt Services, Inc.","['2014 WL 7183930', '2014 U.S. Dist. LEXIS 173741', '75 F. Supp. 3d 1048']"
9553822,https://www.courtlistener.com/opinion/9553822/aerojet-rocketdyne-inc-v-global-aerospace-inc/,"District Court, E.D. California",7324900,https://www.courtlistener.com/opinion/7324900/hadley-v-kellogg-sales-co/,"District Court, N.D. California",Hadley,Hadley v. Kellogg Sales Co.,"['2017 U.S. Dist. LEXIS 40825', '2017 WL 1065293', '243 F. Supp. 3d 1074']"
9553822,https://www.courtlistener.com/opinion/9553822/aerojet-rocketdyne-inc-v-global-aerospace-inc/,"District Court, E.D. California",7325743,https://www.courtlistener.com/opinion/7325743/cunha-v-intellicheck-llc/,"District Court, N.D. California",Cunha,"Cunha v. IntelliCheck, LLC","['2017 U.S. Dist. LEXIS 81528', '2017 WL 2311316', '254 F. Supp. 3d 1124']"
9553822,https://www.courtlistener.com/opinion/9553822/aerojet-rocketdyne-inc-v-global-aerospace-inc/,"District Court, E.D. California",7332576,https://www.courtlistener.com/opinion/7332576/copart-inc-v-sparta-consulting-inc/,"District Court, E.D. California",,"Copart, Inc. v. Sparta Consulting, Inc.",['339 F. Supp. 3d 959']
9553822,https://www.courtlistener.com/opinion/9553822/aerojet-rocketdyne-inc-v-global-aerospace-inc/,"District Court, E.D. California",8716363,https://www.courtlistener.com/opinion/8716363/skinmedica-inc-v-histogen-inc/,"District Court, S.D. California",,"SkinMedica, Inc. v. Histogen Inc.","['2012 U.S. Dist. LEXIS 56659', '2012 WL 1409560', '869 F. Supp. 2d 1176']"
9553822,https://www.courtlistener.com/opinion/9553822/aerojet-rocketdyne-inc-v-global-aerospace-inc/,"District Court, E.D. California",111742,https://www.courtlistener.com/opinion/111742/papasan-v-allain/,Supreme Court of the United States,Papasan,Papasan v. Allain,"['54 U.S.L.W. 4939', '1986 U.S. LEXIS 127', '478 U.S. 265', '106 S. Ct. 2932', '92 L. Ed. 2d 209']"
9553822,https://www.courtlistener.com/opinion/9553822/aerojet-rocketdyne-inc-v-global-aerospace-inc/,"District Court, E.D. California",145875,https://www.courtlistener.com/opinion/145875/ashcroft-v-iqbal/,Supreme Court of the United States,Iqbal,Ashcroft v. Iqbal,"['2009 U.S. LEXIS 3472', '556 U.S. 662', '129 S. Ct. 1937', '173 L. Ed. 2d 868']"
9553822,https://www.courtlistener.com/opinion/9553822/aerojet-rocketdyne-inc-v-global-aerospace-inc/,"District Court, E.D. California",1159700,https://www.courtlistener.com/opinion/1159700/kraus-v-trinity-management-services-inc/,California Supreme Court,Kraus,"Kraus v. Trinity Management Services, Inc.","['2000 Cal. LEXIS 4417', '2000 Daily Journal DAR 5869', '2000 Cal. Daily Op. Serv. 4369', '23 Cal. 4th 116', '96 Cal. Rptr. 2d 485', '999 P.2d 718']"
9553822,https://www.courtlistener.com/opinion/9553822/aerojet-rocketdyne-inc-v-global-aerospace-inc/,"District Court, E.D. California",1194810,https://www.courtlistener.com/opinion/1194810/bates-v-united-parcel-service-inc/,Court of Appeals for the Ninth Circuit,,"Bates v. United Parcel Service, Inc.","['2007 WL 4554016', '2007 U.S. App. LEXIS 29870', '20 Am. Disabilities Cas. (BNA) 1', '511 F.3d 974']"
9553822,https://www.courtlistener.com/opinion/9553822/aerojet-rocketdyne-inc-v-global-aerospace-inc/,"District Court, E.D. California",1301891,https://www.courtlistener.com/opinion/1301891/cel-tech-communications-inc-v-los-angeles-cellular-telephone-co/,California Supreme Court,,"Cel-Tech Communications, Inc. v. Los Angeles Cellular Telephone Co.","['1999 Cal. LEXIS 1656', '99 Daily Journal DAR 3360', '99 Cal. Daily Op. Serv. 2576', '20 Cal. 4th 163', '83 Cal. Rptr. 2d 548', '973 P.2d 527']"
9553822,https://www.courtlistener.com/opinion/9553822/aerojet-rocketdyne-inc-v-global-aerospace-inc/,"District Court, E.D. California",1405841,https://www.courtlistener.com/opinion/1405841/moradi-shalal-v-firemans-fund-ins-companies/,California Supreme Court,Moradi-Shalal,Moradi-Shalal v. Fireman's Fund Ins. Companies,"['1988 Cal. LEXIS 165', '250 Cal. Rptr. 116', '46 Cal. 3d 287', '758 P.2d 58']"
9553822,https://www.courtlistener.com/opinion/9553822/aerojet-rocketdyne-inc-v-global-aerospace-inc/,"District Court, E.D. California",1801796,https://www.courtlistener.com/opinion/1801796/in-re-tobacco-ii-cases/,California Supreme Court,In Re Tobacco II Cases,In Re Tobacco II Cases,"['2009 Cal. LEXIS 4365', '93 Cal. Rptr. 3d 559', '207 P.3d 20', '46 Cal. 4th 298']"
9553822,https://www.courtlistener.com/opinion/9553822/aerojet-rocketdyne-inc-v-global-aerospace-inc/,"District Court, E.D. California",2630547,https://www.courtlistener.com/opinion/2630547/korea-supply-co-v-lockheed-martin-corp/,California Supreme Court,,Korea Supply Co. v. Lockheed Martin Corp.,"['2003 Cal. LEXIS 1301', '2003 Daily Journal DAR 2291', '2003 Cal. Daily Op. Serv. 1825', '29 Cal. 4th 1134', '131 Cal. Rptr. 2d 29', '63 P.3d 937']"
9557725,https://www.courtlistener.com/opinion/9557725/pennie-roper-v-big-heart-pet-brands-inc/,"District Court, E.D. California",426434,https://www.courtlistener.com/opinion/426434/north-star-international-a-nevada-corporation-plaintiff-appellant-v-the/,Court of Appeals for the Ninth Circuit,,"NORTH STAR INTERNATIONAL, a Nevada Corporation, Plaintiff-Appellant, v. the ARIZONA CORPORATION COMMISSION, Et Al., Defendants-Appellees","['1983 U.S. App. LEXIS 15982', '720 F.2d 578']"
9557725,https://www.courtlistener.com/opinion/9557725/pennie-roper-v-big-heart-pet-brands-inc/,"District Court, E.D. California",613006,https://www.courtlistener.com/opinion/613006/alvarez-v-chevron-corp/,Court of Appeals for the Ninth Circuit,Alvarez,Alvarez v. Chevron Corp.,"['2011 WL 3850660', '2011 U.S. App. LEXIS 18211', '75 U.C.C. Rep. Serv. 2d (West) 545', '656 F.3d 925']"
9557725,https://www.courtlistener.com/opinion/9557725/pennie-roper-v-big-heart-pet-brands-inc/,"District Court, E.D. California",780678,https://www.courtlistener.com/opinion/780678/vess-v-ciba-geigy-corp-usa/,Court of Appeals for the Ninth Circuit,,Vess v. Ciba-Geigy Corp. USA,"['2003 U.S. App. LEXIS 1678', '2003 Daily Journal DAR 1265', '2003 Cal. Daily Op. Serv. 970', '54 Fed. R. Serv. 3d 1032', '317 F.3d 1097']"
9557725,https://www.courtlistener.com/opinion/9557725/pennie-roper-v-big-heart-pet-brands-inc/,"District Court, E.D. California",797128,https://www.courtlistener.com/opinion/797128/in-re-napster-inc-copyright-litigation/,Court of Appeals for the Ninth Circuit,"In Re Napster, Inc. Copyright Litigation","In Re Napster, Inc. Copyright Litigation","['2007 WL 754748', '2007 U.S. App. LEXIS 5836', '479 F.3d 1078']"
9557725,https://www.courtlistener.com/opinion/9557725/pennie-roper-v-big-heart-pet-brands-inc/,"District Court, E.D. California",807798,https://www.courtlistener.com/opinion/807798/gary-davis-v-hsbc-bank-nevada-na/,Court of Appeals for the Ninth Circuit,,"Gary Davis v. Hsbc Bank Nevada, N.A.","['2012 U.S. App. LEXIS 18503', '2012 WL 3804370', '691 F.3d 1152']"
9557725,https://www.courtlistener.com/opinion/9557725/pennie-roper-v-big-heart-pet-brands-inc/,"District Court, E.D. California",1208595,https://www.courtlistener.com/opinion/1208595/kearns-v-ford-motor-co/,Court of Appeals for the Ninth Circuit,Kearns,Kearns v. Ford Motor Co.,"['2009 WL 1578535', '2009 U.S. App. LEXIS 12289', '73 Fed. R. Serv. 3d 1168', '567 F.3d 1120']"
9557725,https://www.courtlistener.com/opinion/9557725/pennie-roper-v-big-heart-pet-brands-inc/,"District Court, E.D. California",1243130,https://www.courtlistener.com/opinion/1243130/williams-v-gerber-products-co/,Court of Appeals for the Ninth Circuit,,Williams v. Gerber Products Co.,"['2008 WL 5273731', '2008 U.S. App. LEXIS 27421', '552 F.3d 934']"
9557725,https://www.courtlistener.com/opinion/9557725/pennie-roper-v-big-heart-pet-brands-inc/,"District Court, E.D. California",1429600,https://www.courtlistener.com/opinion/1429600/lozano-v-at-t-wireless-services-inc/,Court of Appeals for the Ninth Circuit,Lozano,"Lozano v. AT & T Wireless Services, Inc.","['2007 WL 2728758', '2007 U.S. App. LEXIS 22430', '42 Communications Reg. (P&F) 799', '504 F.3d 718']"
9557725,https://www.courtlistener.com/opinion/9557725/pennie-roper-v-big-heart-pet-brands-inc/,"District Court, E.D. California",1950713,https://www.courtlistener.com/opinion/1950713/in-re-wal-mart-stores-inc-wage-hour-litigation/,"District Court, N.D. California","In Re Wal-Mart Stores, Inc. Wage and Hour Lit.","In Re Wal-Mart Stores, Inc. Wage & Hour Litigation","['2007 WL 1557935', '505 F. Supp. 2d 609']"
9557725,https://www.courtlistener.com/opinion/9557725/pennie-roper-v-big-heart-pet-brands-inc/,"District Court, E.D. California",2135293,https://www.courtlistener.com/opinion/2135293/krieger-v-nick-alexander-imports-inc/,California Court of Appeal,Krieger,"Krieger v. Nick Alexander Imports, Inc.","['1991 Cal. App. LEXIS 1101', '15 U.C.C. Rep. Serv. 2d (West) 895', '91 Cal. Daily Op. Serv. 7643', '91 Daily Journal DAR 11656', '285 Cal. Rptr. 717', '234 Cal. App. 3d 205']"
9557725,https://www.courtlistener.com/opinion/9557725/pennie-roper-v-big-heart-pet-brands-inc/,"District Court, E.D. California",2139353,https://www.courtlistener.com/opinion/2139353/williams-v-beechnut-nutrition-corp/,California Court of Appeal,,Williams v. Beechnut Nutrition Corp.,"['1986 Cal. App. LEXIS 1994', '2 U.C.C. Rep. Serv. 2d (West) 1252', '229 Cal. Rptr. 605', '185 Cal. App. 3d 135']"
9557725,https://www.courtlistener.com/opinion/9557725/pennie-roper-v-big-heart-pet-brands-inc/,"District Court, E.D. California",2180229,https://www.courtlistener.com/opinion/2180229/in-re-facebook-privacy-litigation/,"District Court, N.D. California",In Re Facebook Privacy Litigation,In Re Facebook Privacy Litigation,"['2011 WL 2039995', '2011 U.S. Dist. LEXIS 60604', '791 F. Supp. 2d 705']"
9557725,https://www.courtlistener.com/opinion/9557725/pennie-roper-v-big-heart-pet-brands-inc/,"District Court, E.D. California",2282785,https://www.courtlistener.com/opinion/2282785/durell-v-sharp-healthcare/,California Court of Appeal,Durell,Durell v. Sharp Healthcare,"['2010 Cal. App. LEXIS 531', '108 Cal. Rptr. 3d 682', '183 Cal. App. 4th 1350']"
9557725,https://www.courtlistener.com/opinion/9557725/pennie-roper-v-big-heart-pet-brands-inc/,"District Court, E.D. California",2290504,https://www.courtlistener.com/opinion/2290504/daugherty-v-american-honda-motor-co-inc/,California Court of Appeal,,"Daugherty v. American Honda Motor Co., Inc.","['144 Cal. App. 4th 824', '51 Cal. Rptr. 3d 118']"
9557725,https://www.courtlistener.com/opinion/9557725/pennie-roper-v-big-heart-pet-brands-inc/,"District Court, E.D. California",2292494,https://www.courtlistener.com/opinion/2292494/podolsky-v-first-healthcare-corp/,California Court of Appeal,Podolsky,Podolsky v. First Healthcare Corp.,"['1996 Cal. App. LEXIS 1007', '96 Daily Journal DAR 13126', '96 Cal. Daily Op. Serv. 7942', '58 Cal. Rptr. 2d 89', '50 Cal. App. 4th 632']"
9557725,https://www.courtlistener.com/opinion/9557725/pennie-roper-v-big-heart-pet-brands-inc/,"District Court, E.D. California",2356979,https://www.courtlistener.com/opinion/2356979/laster-v-t-mobile-usa-inc/,"District Court, S.D. California",Laster,"Laster v. T-MOBILE USA, INC.","['2005 WL 3610616', '2005 U.S. Dist. LEXIS 40742', '407 F. Supp. 2d 1181']"
9557725,https://www.courtlistener.com/opinion/9557725/pennie-roper-v-big-heart-pet-brands-inc/,"District Court, E.D. California",2469100,https://www.courtlistener.com/opinion/2469100/kowalsky-v-hewlett-packard-co/,"District Court, N.D. California",Kowalsky,Kowalsky v. Hewlett-Packard Co.,"['2011 WL 1466136', '2011 U.S. Dist. LEXIS 41337', '771 F. Supp. 2d 1156']"
9557725,https://www.courtlistener.com/opinion/9557725/pennie-roper-v-big-heart-pet-brands-inc/,"District Court, E.D. California",2624588,https://www.courtlistener.com/opinion/2624588/meyer-v-sprint-spectrum-lp/,California Supreme Court,Meyer,Meyer v. Sprint Spectrum L.P.,"['2009 Cal. LEXIS 337', '88 Cal. Rptr. 3d 859', '47 Communications Reg. (P&F) 175', '200 P.3d 295', '45 Cal. 4th 634']"
9557725,https://www.courtlistener.com/opinion/9557725/pennie-roper-v-big-heart-pet-brands-inc/,"District Court, E.D. California",2786091,https://www.courtlistener.com/opinion/2786091/reid-v-johnson-johnson-mcneil-nutritionals-llc/,Court of Appeals for the Ninth Circuit,,"Reid v. Johnson & Johnson & McNeil Nutritionals, LLC","['2015 WL 1089583', '2015 U.S. App. LEXIS 4025', '780 F.3d 952']"
9557725,https://www.courtlistener.com/opinion/9557725/pennie-roper-v-big-heart-pet-brands-inc/,"District Court, E.D. California",2792929,https://www.courtlistener.com/opinion/2792929/skye-astiana-v-the-hain-celestial-group/,Court of Appeals for the Ninth Circuit,,Skye Astiana v. the Hain Celestial Group,"['2015 WL 1600205', '2015 U.S. App. LEXIS 5833', '783 F.3d 753']"
9557725,https://www.courtlistener.com/opinion/9557725/pennie-roper-v-big-heart-pet-brands-inc/,"District Court, E.D. California",4376359,https://www.courtlistener.com/opinion/4376359/kargbo-v-national-railroad-passenger-corporation/,"District Court, District of Columbia",Kargbo,Kargbo v. National Railroad Passenger Corporation,"['2017 WL 1047241', '2017 U.S. Dist. LEXIS 38360', '243 F. Supp. 3d 6']"
9557725,https://www.courtlistener.com/opinion/9557725/pennie-roper-v-big-heart-pet-brands-inc/,"District Court, E.D. California",4388569,https://www.courtlistener.com/opinion/4388569/jerald-friedman-v-aarp-inc/,Court of Appeals for the Ninth Circuit,,"Jerald Friedman v. Aarp, Inc.","['2017 U.S. App. LEXIS 7845', '2017 WL 1657553', '855 F.3d 1047']"
9557725,https://www.courtlistener.com/opinion/9557725/pennie-roper-v-big-heart-pet-brands-inc/,"District Court, E.D. California",4525969,https://www.courtlistener.com/opinion/4525969/karim-khoja-v-orexigen-therapeutics-inc/,Court of Appeals for the Ninth Circuit,,"Karim Khoja v. Orexigen Therapeutics, Inc.",['899 F.3d 988']
9557725,https://www.courtlistener.com/opinion/9557725/pennie-roper-v-big-heart-pet-brands-inc/,"District Court, E.D. California",5607980,https://www.courtlistener.com/opinion/5607980/kasky-v-nike-inc/,California Supreme Court,Kasky,"Kasky v. Nike, Inc.","['45 P.3d 243', '27 Cal. 4th 939']"
9557725,https://www.courtlistener.com/opinion/9557725/pennie-roper-v-big-heart-pet-brands-inc/,"District Court, E.D. California",5808962,https://www.courtlistener.com/opinion/5808962/people-ex-rel-lockyer-v-fremont-life-insurance/,California Court of Appeal,,People ex rel. Lockyer v. Fremont Life Insurance,"['2002 Cal. App. LEXIS 5176', '128 Cal. Rptr. 2d 463', '2002 Cal. Daily Op. Serv. 12142', '2002 Daily Journal DAR 14261', '104 Cal. App. 4th 508']"
9557725,https://www.courtlistener.com/opinion/9557725/pennie-roper-v-big-heart-pet-brands-inc/,"District Court, E.D. California",5809756,https://www.courtlistener.com/opinion/5809756/drum-v-san-fernando-valley-bar-assn/,California Court of Appeal,Drum,Drum v. San Fernando Valley Bar Ass'n,"['2010 Cal. App. LEXIS 225', '106 Cal. Rptr. 3d 46', '182 Cal. App. 4th 247']"
9557725,https://www.courtlistener.com/opinion/9557725/pennie-roper-v-big-heart-pet-brands-inc/,"District Court, E.D. California",6936916,https://www.courtlistener.com/opinion/6936916/fabian-v-united-states/,Court of Appeals for the Second Circuit,Fabian,Fabian v. United States,"['1926 U.S. App. LEXIS 2978', '15 F.2d 696']"
9557725,https://www.courtlistener.com/opinion/9557725/pennie-roper-v-big-heart-pet-brands-inc/,"District Court, E.D. California",7060249,https://www.courtlistener.com/opinion/7060249/cooper-v-pickett/,Court of Appeals for the Ninth Circuit,Cooper,Cooper v. Pickett,"['1997 WL 835300', '137 F.3d 616']"
9557725,https://www.courtlistener.com/opinion/9557725/pennie-roper-v-big-heart-pet-brands-inc/,"District Court, E.D. California",7085931,https://www.courtlistener.com/opinion/7085931/bly-magee-v-california/,Court of Appeals for the Ninth Circuit,Bly-Magee,Bly-Magee v. California,"['2001 WL 2078', '236 F.3d 1014']"
9557725,https://www.courtlistener.com/opinion/9557725/pennie-roper-v-big-heart-pet-brands-inc/,"District Court, E.D. California",7307970,https://www.courtlistener.com/opinion/7307970/united-states-ex-rel-barko-v-halliburton-co/,"District Court, District of Columbia",,United States ex rel. Barko v. Halliburton Co.,"['2014 WL 1016784', '2014 U.S. Dist. LEXIS 36490', '37 F. Supp. 3d 1']"
9557725,https://www.courtlistener.com/opinion/9557725/pennie-roper-v-big-heart-pet-brands-inc/,"District Court, E.D. California",7311730,https://www.courtlistener.com/opinion/7311730/t-m-solar-air-conditioning-inc-v-lennox-international-inc/,"District Court, N.D. California",,"T & M Solar & Air Conditioning, Inc. v. Lennox International Inc.","['2015 WL 1289497', '2015 U.S. Dist. LEXIS 35253', '83 F. Supp. 3d 855']"
9557725,https://www.courtlistener.com/opinion/9557725/pennie-roper-v-big-heart-pet-brands-inc/,"District Court, E.D. California",7324511,https://www.courtlistener.com/opinion/7324511/munning-v-gap-inc/,"District Court, N.D. California",Munning,"Munning v. Gap, Inc.","['2017 U.S. Dist. LEXIS 26459', '2017 WL 733104', '238 F. Supp. 3d 1195']"
9557725,https://www.courtlistener.com/opinion/9557725/pennie-roper-v-big-heart-pet-brands-inc/,"District Court, E.D. California",7324900,https://www.courtlistener.com/opinion/7324900/hadley-v-kellogg-sales-co/,"District Court, N.D. California",Hadley,Hadley v. Kellogg Sales Co.,"['2017 U.S. Dist. LEXIS 40825', '2017 WL 1065293', '243 F. Supp. 3d 1074']"
9557725,https://www.courtlistener.com/opinion/9557725/pennie-roper-v-big-heart-pet-brands-inc/,"District Court, E.D. California",7329667,https://www.courtlistener.com/opinion/7329667/zeiger-v-wellpet-llc/,"District Court, N.D. California",Zeiger,Zeiger v. Wellpet LLC,['304 F. Supp. 3d 837']
9557725,https://www.courtlistener.com/opinion/9557725/pennie-roper-v-big-heart-pet-brands-inc/,"District Court, E.D. California",7330465,https://www.courtlistener.com/opinion/7330465/in-re-yahoo-inc-customer-data-sec-breach-litig/,"District Court, N.D. California",,In re Yahoo! Inc. Customer Data Sec. Breach Litig.,['313 F. Supp. 3d 1113']
9557725,https://www.courtlistener.com/opinion/9557725/pennie-roper-v-big-heart-pet-brands-inc/,"District Court, E.D. California",8443163,https://www.courtlistener.com/opinion/8443163/united-states-v-united-healthcare-insurance-co/,Court of Appeals for the Ninth Circuit,,United States v. United Healthcare Insurance Co.,"['2016 WL 7378731', '848 F.3d 1161']"
9557725,https://www.courtlistener.com/opinion/9557725/pennie-roper-v-big-heart-pet-brands-inc/,"District Court, E.D. California",8730892,https://www.courtlistener.com/opinion/8730892/tae-hee-lee-v-toyota-motor-sales-usa-inc/,"District Court, C.D. California",,"Tae Hee Lee v. Toyota Motor Sales, U.S.A., Inc.","['2014 WL 211462', '2014 U.S. Dist. LEXIS 9218', '82 U.C.C. Rep. Serv. 2d (West) 391', '992 F. Supp. 2d 962']"
9557725,https://www.courtlistener.com/opinion/9557725/pennie-roper-v-big-heart-pet-brands-inc/,"District Court, E.D. California",8782569,https://www.courtlistener.com/opinion/8782569/freeman-v-evans/,Court of Appeals for the Third Circuit,Freeman,Freeman v. Evans,"['1907 U.S. App. LEXIS 4038', '86 C.C.A. 216', '159 F. 26']"
9557725,https://www.courtlistener.com/opinion/9557725/pennie-roper-v-big-heart-pet-brands-inc/,"District Court, E.D. California",8826560,https://www.courtlistener.com/opinion/8826560/ratigan-v-american-united-life-ins/,"District Court, E.D. Michigan",Ratigan,Ratigan v. American United Life Ins.,"['1941 U.S. Dist. LEXIS 3643', '37 F. Supp. 15']"
9557725,https://www.courtlistener.com/opinion/9557725/pennie-roper-v-big-heart-pet-brands-inc/,"District Court, E.D. California",8826607,https://www.courtlistener.com/opinion/8826607/balbas-v-united-states/,Court of Appeals for the First Circuit,Balbas,Balbas v. United States,"['168 C.C.A. 229', '1919 U.S. App. LEXIS 2165', '257 F. 17']"
9557725,https://www.courtlistener.com/opinion/9557725/pennie-roper-v-big-heart-pet-brands-inc/,"District Court, E.D. California",8992547,https://www.courtlistener.com/opinion/8992547/love-v-united-states/,Court of Appeals for the Ninth Circuit,Love,Love v. United States,"['1990 WL 144157', '915 F.2d 1242']"
9557725,https://www.courtlistener.com/opinion/9557725/pennie-roper-v-big-heart-pet-brands-inc/,"District Court, E.D. California",9022504,https://www.courtlistener.com/opinion/9022504/davidson-v-kimberly-clark-corp/,Court of Appeals for the Ninth Circuit,Davidson,Davidson v. Kimberly-Clark Corp.,['889 F.3d 956']
9557725,https://www.courtlistener.com/opinion/9557725/pennie-roper-v-big-heart-pet-brands-inc/,"District Court, E.D. California",110831,https://www.courtlistener.com/opinion/110831/associated-general-contractors-of-california-inc-v-california-state/,Supreme Court of the United States,Carpenters,"Associated General Contractors of California, Inc. v. California State Council of Carpenters","['112 L.R.R.M. (BNA) 2753', '51 U.S.L.W. 4139', '1983 U.S. LEXIS 128', '459 U.S. 519', '103 S. Ct. 897', '74 L. Ed. 2d 723']"
9557725,https://www.courtlistener.com/opinion/9557725/pennie-roper-v-big-heart-pet-brands-inc/,"District Court, E.D. California",111188,https://www.courtlistener.com/opinion/111188/hishon-v-king-spalding/,Supreme Court of the United States,Hishon,Hishon v. King & Spalding,"['34 Fair Empl. Prac. Cas. (BNA) 1406', '34 Empl. Prac. Dec. (CCH) 34,387', '52 U.S.L.W. 4627', '1984 U.S. LEXIS 7', '467 U.S. 69', '104 S. Ct. 2229', '81 L. Ed. 2d 59']"
9557725,https://www.courtlistener.com/opinion/9557725/pennie-roper-v-big-heart-pet-brands-inc/,"District Court, E.D. California",145730,https://www.courtlistener.com/opinion/145730/bell-atlantic-corp-v-twombly/,Supreme Court of the United States,Twombly,Bell Atlantic Corp. v. Twombly,"['75 U.S.L.W. 4337', '68 Fed. R. Serv. 3d 661', '20 Fla. L. Weekly Fed. S 267', '41 Communications Reg. (P&F) 567', '2007 U.S. LEXIS 5901', '550 U.S. 544', '127 S. Ct. 1955', '167 L. Ed. 2d 929']"
9557725,https://www.courtlistener.com/opinion/9557725/pennie-roper-v-big-heart-pet-brands-inc/,"District Court, E.D. California",145875,https://www.courtlistener.com/opinion/145875/ashcroft-v-iqbal/,Supreme Court of the United States,Iqbal,Ashcroft v. Iqbal,"['2009 U.S. LEXIS 3472', '556 U.S. 662', '129 S. Ct. 1937', '173 L. Ed. 2d 868']"
9557725,https://www.courtlistener.com/opinion/9557725/pennie-roper-v-big-heart-pet-brands-inc/,"District Court, E.D. California",1301891,https://www.courtlistener.com/opinion/1301891/cel-tech-communications-inc-v-los-angeles-cellular-telephone-co/,California Supreme Court,,"Cel-Tech Communications, Inc. v. Los Angeles Cellular Telephone Co.","['1999 Cal. LEXIS 1656', '99 Daily Journal DAR 3360', '99 Cal. Daily Op. Serv. 2576', '20 Cal. 4th 163', '83 Cal. Rptr. 2d 548', '973 P.2d 527']"
9557725,https://www.courtlistener.com/opinion/9557725/pennie-roper-v-big-heart-pet-brands-inc/,"District Court, E.D. California",2283365,https://www.courtlistener.com/opinion/2283365/lavie-v-procter-gamble-co/,California Court of Appeal,Lavie,Lavie v. Procter & Gamble Co.,"['2003 Cal. App. LEXIS 71', '2003 Cal. Daily Op. Serv. 612', '2003 Daily Journal DAR 699', '105 Cal. App. 4th 496', '129 Cal. Rptr. 2d 486']"
9576414,https://www.courtlistener.com/opinion/9576414/leaser-v-prime-ascot-lp/,"District Court, E.D. California",106636,https://www.courtlistener.com/opinion/106636/retail-clerks-international-assn-local-1625-v-schermerhorn/,Supreme Court of the United States,Schermerhorn,"Retail Clerks International Ass'n, Local 1625 v. Schermerhorn","['53 L.R.R.M. (BNA) 2318', '1963 U.S. LEXIS 2483', '373 U.S. 746', '83 S. Ct. 1461', '10 L. Ed. 2d 678']"
9576414,https://www.courtlistener.com/opinion/9576414/leaser-v-prime-ascot-lp/,"District Court, E.D. California",118482,https://www.courtlistener.com/opinion/118482/swierkiewicz-v-sorema-n-a/,Supreme Court of the United States,Swierkiewicz,Swierkiewicz v. Sorema N. A.,"['2002 U.S. LEXIS 1374', '534 U.S. 506', '122 S. Ct. 992', '152 L. Ed. 2d 1']"
9576414,https://www.courtlistener.com/opinion/9576414/leaser-v-prime-ascot-lp/,"District Court, E.D. California",173487,https://www.courtlistener.com/opinion/173487/whittlestone-inc-v-handi-craft-co/,Court of Appeals for the Ninth Circuit,,"Whittlestone, Inc. v. Handi-Craft Co.","['2010 WL 3222417', '2010 U.S. App. LEXIS 17133', '77 Fed. R. Serv. 3d 404', '618 F.3d 970']"
9576414,https://www.courtlistener.com/opinion/9576414/leaser-v-prime-ascot-lp/,"District Court, E.D. California",312391,https://www.courtlistener.com/opinion/312391/frank-howey-v-united-states-of-america-and-third-party-v-radio/,Court of Appeals for the Third Circuit,,"Frank Howey v. United States of America, and Third-Party v. Radio Corporation of America, Third-Party v. Universal Services, Inc., Third-Party",['481 F.2d 1187']
9576414,https://www.courtlistener.com/opinion/9576414/leaser-v-prime-ascot-lp/,"District Court, E.D. California",315801,https://www.courtlistener.com/opinion/315801/robert-la-mar-v-h-b-novelty-loan-company-ronald-j-kinsling-v/,Court of Appeals for the Ninth Circuit,,"Robert La Mar v. H & B Novelty & Loan Company, Ronald J. Kinsling v. Allegheny Airlines","['1973 U.S. App. LEXIS 6620', '17 Fed. R. Serv. 2d 1468', '489 F.2d 461']"
9576414,https://www.courtlistener.com/opinion/9576414/leaser-v-prime-ascot-lp/,"District Court, E.D. California",504475,https://www.courtlistener.com/opinion/504475/jehan-zeb-mir-md-v-little-company-of-mary-hospital/,Court of Appeals for the Ninth Circuit,,"Jehan Zeb Mir, M.D. v. Little Company of Mary Hospital","['1988 WL 31927', '1988 U.S. App. LEXIS 4714', '10 Fed. R. Serv. 3d 1114', '844 F.2d 646']"
9576414,https://www.courtlistener.com/opinion/9576414/leaser-v-prime-ascot-lp/,"District Court, E.D. California",776473,https://www.courtlistener.com/opinion/776473/michael-schmier-v-united-states-court-of-appeals-for-the-ninth-circuit-and/,Court of Appeals for the Ninth Circuit,,Michael Schmier v. United States Court of Appeals for the Ninth Circuit and Judicial Council of the Ninth Circuit,"['2002 WL 130454', '2002 U.S. App. LEXIS 1562', '2002 Daily Journal DAR 1245', '2002 Cal. Daily Op. Serv. 979', '51 Fed. R. Serv. 3d 1123', '279 F.3d 817']"
9576414,https://www.courtlistener.com/opinion/9576414/leaser-v-prime-ascot-lp/,"District Court, E.D. California",784326,https://www.courtlistener.com/opinion/784326/kristine-e-lierboe-individually-and-on-behalf-of-all-others-similarly/,Court of Appeals for the Ninth Circuit,,"Kristine E. Lierboe, Individually and on Behalf of All Others Similarly Situated v. State Farm Mutual Automobile Insurance Company, a Corporation","['2003 WL 22833019', '2003 U.S. App. LEXIS 24182', '57 Fed. R. Serv. 3d 232', '2003 Cal. Daily Op. Serv. 10275', '350 F.3d 1018']"
9576414,https://www.courtlistener.com/opinion/9576414/leaser-v-prime-ascot-lp/,"District Court, E.D. California",856123,https://www.courtlistener.com/opinion/856123/robert-perez-v-nidek-co-ltd/,Court of Appeals for the Ninth Circuit,,"Robert Perez v. Nidek Co., Ltd.","['2013 U.S. App. LEXIS 5878', '2013 WL 1189098', '711 F.3d 1109']"
9576414,https://www.courtlistener.com/opinion/9576414/leaser-v-prime-ascot-lp/,"District Court, E.D. California",1429600,https://www.courtlistener.com/opinion/1429600/lozano-v-at-t-wireless-services-inc/,Court of Appeals for the Ninth Circuit,Lozano,"Lozano v. AT & T Wireless Services, Inc.","['2007 WL 2728758', '2007 U.S. App. LEXIS 22430', '42 Communications Reg. (P&F) 799', '504 F.3d 718']"
9576414,https://www.courtlistener.com/opinion/9576414/leaser-v-prime-ascot-lp/,"District Court, E.D. California",1950713,https://www.courtlistener.com/opinion/1950713/in-re-wal-mart-stores-inc-wage-hour-litigation/,"District Court, N.D. California","In Re Wal-Mart Stores, Inc. Wage and Hour Lit.","In Re Wal-Mart Stores, Inc. Wage & Hour Litigation","['2007 WL 1557935', '505 F. Supp. 2d 609']"
9576414,https://www.courtlistener.com/opinion/9576414/leaser-v-prime-ascot-lp/,"District Court, E.D. California",1981183,https://www.courtlistener.com/opinion/1981183/lykins-v-aluminum-workers-international-union/,"District Court, E.D. Pennsylvania",Lykins,Lykins v. Aluminum Workers International Union,"['1980 U.S. Dist. LEXIS 16409', '510 F. Supp. 21']"
9576414,https://www.courtlistener.com/opinion/9576414/leaser-v-prime-ascot-lp/,"District Court, E.D. California",2262093,https://www.courtlistener.com/opinion/2262093/casey-v-us-bank-national-assn/,California Court of Appeal,Casey,Casey v. U.S. Bank National Ass'n,"['2005 Cal. App. LEXIS 462', '2005 Daily Journal DAR 3566', '2005 Cal. Daily Op. Serv. 2615', '127 Cal. App. 4th 1138', '26 Cal. Rptr. 3d 401']"
9576414,https://www.courtlistener.com/opinion/9576414/leaser-v-prime-ascot-lp/,"District Court, E.D. California",2291830,https://www.courtlistener.com/opinion/2291830/metro-goldwyn-mayer-inc-v-superior-court/,California Court of Appeal,,"Metro-Goldwyn-Mayer, Inc. v. Superior Court","['1994 Cal. App. LEXIS 508', '94 Daily Journal DAR 7141', '94 Cal. Daily Op. Serv. 3813', '30 Cal. Rptr. 2d 371', '30 Cal. Rptr. 371', '25 Cal. App. 4th 242']"
9576414,https://www.courtlistener.com/opinion/9576414/leaser-v-prime-ascot-lp/,"District Court, E.D. California",2326612,https://www.courtlistener.com/opinion/2326612/neilson-v-union-bank-of-california-na/,"District Court, C.D. California",Neilson,"Neilson v. Union Bank of California, N.A.","['2003 WL 22533553', '2003 U.S. Dist. LEXIS 20017', '290 F. Supp. 2d 1101']"
9576414,https://www.courtlistener.com/opinion/9576414/leaser-v-prime-ascot-lp/,"District Court, E.D. California",2499024,https://www.courtlistener.com/opinion/2499024/isuzu-motors-ltd-v-consumers-union-of-united-states-inc/,"District Court, C.D. California",,"Isuzu Motors Ltd. v. Consumers Union of United States, Inc.","['1998 WL 372307', '1998 U.S. Dist. LEXIS 17342', '12 F. Supp. 2d 1035']"
9576414,https://www.courtlistener.com/opinion/9576414/leaser-v-prime-ascot-lp/,"District Court, E.D. California",7079981,https://www.courtlistener.com/opinion/7079981/lopez-v-smith/,Court of Appeals for the Ninth Circuit,Lopez,Lopez v. Smith,"['2000 WL 144385', '2000 U.S. App. LEXIS 1740', '2000 Daily Journal DAR 1585', '2000 Cal. Daily Op. Serv. 1096', '46 Fed. R. Serv. 3d 494', '203 F.3d 1122']"
9576414,https://www.courtlistener.com/opinion/9576414/leaser-v-prime-ascot-lp/,"District Court, E.D. California",7092494,https://www.courtlistener.com/opinion/7092494/navarro-v-block/,Court of Appeals for the Ninth Circuit,Navarro,Navarro v. Block,"['2001 WL 498270', '250 F.3d 729']"
9576414,https://www.courtlistener.com/opinion/9576414/leaser-v-prime-ascot-lp/,"District Court, E.D. California",7324900,https://www.courtlistener.com/opinion/7324900/hadley-v-kellogg-sales-co/,"District Court, N.D. California",Hadley,Hadley v. Kellogg Sales Co.,"['2017 U.S. Dist. LEXIS 40825', '2017 WL 1065293', '243 F. Supp. 3d 1074']"
9576414,https://www.courtlistener.com/opinion/9576414/leaser-v-prime-ascot-lp/,"District Court, E.D. California",8919441,https://www.courtlistener.com/opinion/8919441/pence-v-andrus/,Court of Appeals for the Ninth Circuit,Pence,Pence v. Andrus,['586 F.2d 733']
9576414,https://www.courtlistener.com/opinion/9576414/leaser-v-prime-ascot-lp/,"District Court, E.D. California",8926587,https://www.courtlistener.com/opinion/8926587/sidney-vinstein-v-ah-robins-co/,Court of Appeals for the Ninth Circuit,Sidney-Vinstein,Sidney-Vinstein v. A.H. Robins Co.,"['35 Fed. R. Serv. 2d 1155', '697 F.2d 880']"
9576414,https://www.courtlistener.com/opinion/9576414/leaser-v-prime-ascot-lp/,"District Court, E.D. California",108484,https://www.courtlistener.com/opinion/108484/cruz-v-beto/,Supreme Court of the United States,Cruz,Cruz v. Beto,"['1972 U.S. LEXIS 80', '405 U.S. 319', '92 S. Ct. 1079', '31 L. Ed. 2d 263']"
9576414,https://www.courtlistener.com/opinion/9576414/leaser-v-prime-ascot-lp/,"District Court, E.D. California",109301,https://www.courtlistener.com/opinion/109301/warth-v-seldin/,Supreme Court of the United States,Warth,Warth v. Seldin,"['1975 U.S. LEXIS 76', '422 U.S. 490', '95 S. Ct. 2197', '45 L. Ed. 2d 343']"
9576414,https://www.courtlistener.com/opinion/9576414/leaser-v-prime-ascot-lp/,"District Court, E.D. California",112418,https://www.courtlistener.com/opinion/112418/whitmore-ex-rel-simmons-v-arkansas/,Supreme Court of the United States,Whitmore,Whitmore Ex Rel. Simmons v. Arkansas,"['58 U.S.L.W. 3677', '1990 U.S. LEXIS 2182', '495 U.S. 149', '110 S. Ct. 1717', '109 L. Ed. 2d 135']"
9576414,https://www.courtlistener.com/opinion/9576414/leaser-v-prime-ascot-lp/,"District Court, E.D. California",112747,https://www.courtlistener.com/opinion/112747/lujan-v-defenders-of-wildlife/,Supreme Court of the United States,Lujan,Lujan v. Defenders of Wildlife,"['34 ERC (BNA) 1785', '22 Envtl. L. Rep. (Envtl. Law Inst.) 20913', '6 Fla. L. Weekly Fed. S 374', '92 Daily Journal DAR 8967', '92 Cal. Daily Op. Serv. 4985', '60 U.S.L.W. 4495', '1992 U.S. LEXIS 3543', '504 U.S. 555', '112 S. Ct. 2130', '119 L. Ed. 2d 351']"
9576414,https://www.courtlistener.com/opinion/9576414/leaser-v-prime-ascot-lp/,"District Court, E.D. California",145730,https://www.courtlistener.com/opinion/145730/bell-atlantic-corp-v-twombly/,Supreme Court of the United States,Twombly,Bell Atlantic Corp. v. Twombly,"['75 U.S.L.W. 4337', '68 Fed. R. Serv. 3d 661', '20 Fla. L. Weekly Fed. S 267', '41 Communications Reg. (P&F) 567', '2007 U.S. LEXIS 5901', '550 U.S. 544', '127 S. Ct. 1955', '167 L. Ed. 2d 929']"
9576414,https://www.courtlistener.com/opinion/9576414/leaser-v-prime-ascot-lp/,"District Court, E.D. California",145875,https://www.courtlistener.com/opinion/145875/ashcroft-v-iqbal/,Supreme Court of the United States,Iqbal,Ashcroft v. Iqbal,"['2009 U.S. LEXIS 3472', '556 U.S. 662', '129 S. Ct. 1937', '173 L. Ed. 2d 868']"
9576414,https://www.courtlistener.com/opinion/9576414/leaser-v-prime-ascot-lp/,"District Court, E.D. California",149005,https://www.courtlistener.com/opinion/149005/monsanto-co-v-geertson-seed-farms/,Supreme Court of the United States,,Monsanto Co. v. Geertson Seed Farms,"['70 ERC (BNA) 1481', '22 Fla. L. Weekly Fed. S 524', '40 Envtl. L. Rep. (Envtl. Law Inst.) 20167', '78 U.S.L.W. 4665', '2010 D.A.R. 9305', '2010 U.S. LEXIS 4980', '561 U.S. 139', '130 S. Ct. 2743', '177 L. Ed. 2d 461']"
9576414,https://www.courtlistener.com/opinion/9576414/leaser-v-prime-ascot-lp/,"District Court, E.D. California",698448,https://www.courtlistener.com/opinion/698448/john-doe-v-united-states-of-america-in-re-john-doe-debtor-john-doe-v/,Court of Appeals for the Ninth Circuit,,"John Doe v. United States of America, in Re John Doe, Debtor. John Doe v. United States","['1995 WL 383492', '27 Bankr. Ct. Dec. (CRR) 554', '1995 U.S. App. LEXIS 15979', '32 Fed. R. Serv. 3d 795', '95 Cal. Daily Op. Serv. 5027', '95 Daily Journal DAR 8594', '58 F.3d 494']"
9576414,https://www.courtlistener.com/opinion/9576414/leaser-v-prime-ascot-lp/,"District Court, E.D. California",2620886,https://www.courtlistener.com/opinion/2620886/steel-co-v-citizens-for-a-better-environment/,Supreme Court of the United States,Citizens Better Environment,Steel Co. v. Citizens for a Better Environment,"['46 ERC (BNA) 1097', '28 Envtl. L. Rep. (Envtl. Law Inst.) 20434', '98 Cal. Daily Op. Serv. 1512', '1998 Colo. J. C.A.R. 1025', '11 Fla. L. Weekly Fed. S 369', '98 Daily Journal DAR 2102', '66 U.S.L.W. 4174', '1998 U.S. LEXIS 1601', '523 U.S. 83', '118 S. Ct. 1003', '140 L. Ed. 2d 210']"
9576414,https://www.courtlistener.com/opinion/9576414/leaser-v-prime-ascot-lp/,"District Court, E.D. California",3203762,https://www.courtlistener.com/opinion/3203762/spokeo-inc-v-robins/,Supreme Court of the United States,Spokeo,"Spokeo, Inc. v. Robins","['100 Empl. Prac. Dec. (CCH) 45,556', '26 Fla. L. Weekly Fed. S 128', '84 U.S.L.W. 4263', '2016 U.S. LEXIS 3046', '136 S. Ct. 1540', '194 L. Ed. 2d 635']"
9592813,https://www.courtlistener.com/opinion/9592813/lewis-v-zeno/,"District Court, E.D. California",112568,https://www.courtlistener.com/opinion/112568/feist-publications-inc-v-rural-telephone-service-co/,Supreme Court of the United States,,"Feist Publications, Inc. v. Rural Telephone Service Co.","['91 Cal. Daily Op. Serv. 2217', '121 P.U.R.4th 1', '18 U.S.P.Q. 2d (BNA) 1275', '68 Rad. Reg. 2d (P & F) 1513', '59 U.S.L.W. 4251', '18 Media L. Rep. (BNA) 1889', '91 Daily Journal DAR 3580', '1991 U.S. LEXIS 1856', '499 U.S. 340', '111 S. Ct. 1282', '113 L. Ed. 2d 358']"
9592813,https://www.courtlistener.com/opinion/9592813/lewis-v-zeno/,"District Court, E.D. California",428368,https://www.courtlistener.com/opinion/428368/dundee-cement-company-v-howard-pipe-concrete-products-inc/,Court of Appeals for the Seventh Circuit,,"Dundee Cement Company v. Howard Pipe & Concrete Products, Inc.",['722 F.2d 1319']
9592813,https://www.courtlistener.com/opinion/9592813/lewis-v-zeno/,"District Court, E.D. California",464670,https://www.courtlistener.com/opinion/464670/gary-r-eitel-v-william-d-mccool/,Court of Appeals for the Ninth Circuit,,Gary R. Eitel v. William D. McCool,"['1986 U.S. App. LEXIS 22365', '4 Fed. R. Serv. 3d 60', '782 F.2d 1470']"
9592813,https://www.courtlistener.com/opinion/9592813/lewis-v-zeno/,"District Court, E.D. California",492745,https://www.courtlistener.com/opinion/492745/televideo-systems-inc-k-philip-hwang-c-gemma-hwang-v-fred-p/,Court of Appeals for the Ninth Circuit,,"Televideo Systems, Inc. K. Philip Hwang C. Gemma Hwang v. Fred P. Heidenthal, Individually and Dba South Harbor Investors and West Cliff Securities","['1987 U.S. App. LEXIS 11682', '8 Fed. R. Serv. 3d 989', '826 F.2d 915']"
9592813,https://www.courtlistener.com/opinion/9592813/lewis-v-zeno/,"District Court, E.D. California",554944,https://www.courtlistener.com/opinion/554944/lavonne-baxter-plaintiff-appellant-v-louis-sullivan-md-secretary-of/,Court of Appeals for the Ninth Circuit,,"Lavonne BAXTER, Plaintiff-Appellant, v. Louis SULLIVAN, M.D., Secretary of Health and Human Services, Defendant-Appellee","['1991 WL 4574', '1991 U.S. App. LEXIS 880', '91 Daily Journal DAR 981', '91 Cal. Daily Op. Serv. 611', '923 F.2d 1391']"
9592813,https://www.courtlistener.com/opinion/9592813/lewis-v-zeno/,"District Court, E.D. California",681363,https://www.courtlistener.com/opinion/681363/brian-barlow-v-george-ground-officer-9129-lo-oberlies-officer-1706-a/,Court of Appeals for the Ninth Circuit,,"Brian Barlow v. George Ground, Officer 9129 L.O. Oberlies, Officer 1706 A. Tucker, Officer 9363 Ray Shay, Officer 3269","['1994 WL 597761', '1994 U.S. App. LEXIS 30556', '94 Cal. Daily Op. Serv. 8416', '94 Daily Journal DAR 15564', '29 Fed. R. Serv. 3d 1140', '39 F.3d 231']"
9592813,https://www.courtlistener.com/opinion/9592813/lewis-v-zeno/,"District Court, E.D. California",1208595,https://www.courtlistener.com/opinion/1208595/kearns-v-ford-motor-co/,Court of Appeals for the Ninth Circuit,Kearns,Kearns v. Ford Motor Co.,"['2009 WL 1578535', '2009 U.S. App. LEXIS 12289', '73 Fed. R. Serv. 3d 1168', '567 F.3d 1120']"
9592813,https://www.courtlistener.com/opinion/9592813/lewis-v-zeno/,"District Court, E.D. California",1429600,https://www.courtlistener.com/opinion/1429600/lozano-v-at-t-wireless-services-inc/,Court of Appeals for the Ninth Circuit,Lozano,"Lozano v. AT & T Wireless Services, Inc.","['2007 WL 2728758', '2007 U.S. App. LEXIS 22430', '42 Communications Reg. (P&F) 799', '504 F.3d 718']"
9592813,https://www.courtlistener.com/opinion/9592813/lewis-v-zeno/,"District Court, E.D. California",1599785,https://www.courtlistener.com/opinion/1599785/national-treasury-employees-union-v-united-states/,"District Court, District of Columbia",,National Treasury Employees Union v. United States,"['1992 WL 61654', '1992 U.S. Dist. LEXIS 3217', '788 F. Supp. 4']"
9592813,https://www.courtlistener.com/opinion/9592813/lewis-v-zeno/,"District Court, E.D. California",2255528,https://www.courtlistener.com/opinion/2255528/ingels-v-westwood-one-broadcasting-services-inc/,California Court of Appeal,Ingels,"Ingels v. Westwood One Broadcasting Services, Inc.","['2005 Cal. App. LEXIS 863', '2005 Daily Journal DAR 6169', '2005 Cal. Daily Op. Serv. 4498', '129 Cal. App. 4th 1050', '28 Cal. Rptr. 3d 933']"
9592813,https://www.courtlistener.com/opinion/9592813/lewis-v-zeno/,"District Court, E.D. California",2256435,https://www.courtlistener.com/opinion/2256435/davis-v-ford-motor-credit-co-llc/,California Court of Appeal,Davis,Davis v. Ford Motor Credit Co. LLC,"['2009 Cal. App. LEXIS 1861', '101 Cal. Rptr. 3d 697', '179 Cal. App. 4th 581']"
9592813,https://www.courtlistener.com/opinion/9592813/lewis-v-zeno/,"District Court, E.D. California",2275753,https://www.courtlistener.com/opinion/2275753/morgan-v-att-wireless-services-inc/,California Court of Appeal,Morgan,"Morgan v. AT&T Wireless Services, Inc.","['2009 Cal. App. LEXIS 1569', '48 Communications Reg. (P&F) 795', '99 Cal. Rptr. 3d 768', '177 Cal. App. 4th 1235']"
9592813,https://www.courtlistener.com/opinion/9592813/lewis-v-zeno/,"District Court, E.D. California",2277001,https://www.courtlistener.com/opinion/2277001/drum-v-san-fernando-valley-bar-assn/,California Court of Appeal,Drum,Drum v. San Fernando Valley Bar Assn.,"['106 Cal. Rptr. 3d 46', '182 Cal. App. 4th 247']"
9592813,https://www.courtlistener.com/opinion/9592813/lewis-v-zeno/,"District Court, E.D. California",2280950,https://www.courtlistener.com/opinion/2280950/bardin-v-daimlerchrysler-corp/,California Court of Appeal,Bardin,Bardin v. DaimlerChrysler Corp.,"['2006 Cal. App. LEXIS 227', '2006 Daily Journal DAR 2181', '2006 Cal. Daily Op. Serv. 1604', '136 Cal. App. 4th 1255', '39 Cal. Rptr. 3d 634']"
9592813,https://www.courtlistener.com/opinion/9592813/lewis-v-zeno/,"District Court, E.D. California",2417992,https://www.courtlistener.com/opinion/2417992/pepsico-inc-v-california-security-cans/,"District Court, C.D. California",,"Pepsico, Inc. v. California Security Cans","['2002 WL 31934119', '2002 U.S. Dist. LEXIS 25067', '238 F. Supp. 2d 1172']"
9592813,https://www.courtlistener.com/opinion/9592813/lewis-v-zeno/,"District Court, E.D. California",2577631,https://www.courtlistener.com/opinion/2577631/shanghai-automation-instrument-co-ltd-v-kuei/,"District Court, N.D. California",Kuei,"Shanghai Automation Instrument Co., Ltd. v. Kuei","['2001 WL 1826267', '194 F. Supp. 2d 995']"
9592813,https://www.courtlistener.com/opinion/9592813/lewis-v-zeno/,"District Court, E.D. California",2752607,https://www.courtlistener.com/opinion/2752607/j-wilkerson-v-b-wheeler/,Court of Appeals for the Ninth Circuit,,J. Wilkerson v. B. Wheeler,"['2014 WL 6435497', '2014 U.S. App. LEXIS 21809', '772 F.3d 834']"
9592813,https://www.courtlistener.com/opinion/9592813/lewis-v-zeno/,"District Court, E.D. California",4510599,https://www.courtlistener.com/opinion/4510599/martin-vogel-v-harbor-plaza-center-llc/,Court of Appeals for the Ninth Circuit,,"Martin Vogel v. Harbor Plaza Center, LLC",['893 F.3d 1152']
9592813,https://www.courtlistener.com/opinion/9592813/lewis-v-zeno/,"District Court, E.D. California",5608104,https://www.courtlistener.com/opinion/5608104/people-v-howard/,California Supreme Court,Howard,People v. Howard,"['2010 Cal. LEXIS 12593', '118 Cal. Rptr. 3d 678', '247 P.3d 972', '51 Cal. 4th 15']"
9592813,https://www.courtlistener.com/opinion/9592813/lewis-v-zeno/,"District Court, E.D. California",5608107,https://www.courtlistener.com/opinion/5608107/kwikset-corp-v-superior-court/,California Supreme Court,,Kwikset Corp. v. Superior Court,"['2011 Cal. LEXIS 532', '120 Cal. Rptr. 3d 741', '246 P.3d 877', '51 Cal. 4th 310']"
9592813,https://www.courtlistener.com/opinion/9592813/lewis-v-zeno/,"District Court, E.D. California",7110394,https://www.courtlistener.com/opinion/7110394/vess-v-ciba-geigy-corp-usa/,Court of Appeals for the Ninth Circuit,Vess,Vess v. Ciba-Geigy Corp. USA,"['2003 WL 203124', '317 F.3d 1097']"
9592813,https://www.courtlistener.com/opinion/9592813/lewis-v-zeno/,"District Court, E.D. California",7309782,https://www.courtlistener.com/opinion/7309782/oconnor-v-uber-technologies-inc/,"District Court, N.D. California",O'Connor,"O'Connor v. Uber Technologies, Inc.","['2014 WL 4382880', '2014 U.S. Dist. LEXIS 124136', '24 Wage & Hour Cas.2d (BNA) 774', '58 F. Supp. 3d 989']"
9592813,https://www.courtlistener.com/opinion/9592813/lewis-v-zeno/,"District Court, E.D. California",7324900,https://www.courtlistener.com/opinion/7324900/hadley-v-kellogg-sales-co/,"District Court, N.D. California",Hadley,Hadley v. Kellogg Sales Co.,"['2017 U.S. Dist. LEXIS 40825', '2017 WL 1065293', '243 F. Supp. 3d 1074']"
9592813,https://www.courtlistener.com/opinion/9592813/lewis-v-zeno/,"District Court, E.D. California",7332576,https://www.courtlistener.com/opinion/7332576/copart-inc-v-sparta-consulting-inc/,"District Court, E.D. California",,"Copart, Inc. v. Sparta Consulting, Inc.",['339 F. Supp. 3d 959']
9592813,https://www.courtlistener.com/opinion/9592813/lewis-v-zeno/,"District Court, E.D. California",8713687,https://www.courtlistener.com/opinion/8713687/moroccanoil-inc-v-allstate-beauty-products-inc/,"District Court, C.D. California",,"Moroccanoil, Inc. v. Allstate Beauty Products, Inc.","['2012 WL 748776', '2012 U.S. Dist. LEXIS 33793', '847 F. Supp. 2d 1197']"
9592813,https://www.courtlistener.com/opinion/9592813/lewis-v-zeno/,"District Court, E.D. California",8753952,https://www.courtlistener.com/opinion/8753952/philip-morris-usa-inc-v-castworld-products-inc/,"District Court, C.D. California",,"Philip Morris USA Inc. v. Castworld Products, Inc.","['2003 WL 23109807', '2003 U.S. Dist. LEXIS 24707', '219 F.R.D. 494']"
9592813,https://www.courtlistener.com/opinion/9592813/lewis-v-zeno/,"District Court, E.D. California",8756205,https://www.courtlistener.com/opinion/8756205/elektra-entertainment-group-inc-v-crawford/,"District Court, C.D. California",Crawford,Elektra Entertainment Group Inc. v. Crawford,"['2005 WL 407839', '2005 U.S. Dist. LEXIS 4813', '226 F.R.D. 388']"
9592813,https://www.courtlistener.com/opinion/9592813/lewis-v-zeno/,"District Court, E.D. California",9014163,https://www.courtlistener.com/opinion/9014163/gates-v-deukmejian/,Court of Appeals for the Ninth Circuit,Gates,Gates v. Deukmejian,"['1993 WL 51545', '987 F.2d 1392']"
9592813,https://www.courtlistener.com/opinion/9592813/lewis-v-zeno/,"District Court, E.D. California",9016768,https://www.courtlistener.com/opinion/9016768/hite-v-national-transportation-safety-board/,Court of Appeals for the First Circuit,Hite,Hite v. National Transportation Safety Board,['991 F.2d 16']
9592813,https://www.courtlistener.com/opinion/9592813/lewis-v-zeno/,"District Court, E.D. California",1154737,https://www.courtlistener.com/opinion/1154737/mirkin-v-wasserman/,California Supreme Court,Mirkin,Mirkin v. Wasserman,"['1993 Cal. LEXIS 4451', '93 Cal. Daily Op. Serv. 6799', '93 Daily Journal DAR 11610', '23 Cal. Rptr. 2d 101', '5 Cal. 4th 1082', '858 P.2d 568']"
9592813,https://www.courtlistener.com/opinion/9592813/lewis-v-zeno/,"District Court, E.D. California",1217988,https://www.courtlistener.com/opinion/1217988/directv-inc-v-hoa-huynh/,Court of Appeals for the Ninth Circuit,,"DirecTV, Inc. v. Hoa Huynh","['2007 WL 2596115', '2007 U.S. App. LEXIS 21733', '42 Communications Reg. (P&F) 810', '503 F.3d 847']"
9594606,https://www.courtlistener.com/opinion/9594606/campos-v-oneal/,"District Court, E.D. California",436001,https://www.courtlistener.com/opinion/436001/flynt-distributing-company-inc-v-leon-harvey-alfred-harvey/,Court of Appeals for the Ninth Circuit,,"Flynt Distributing Company, Inc. v. Leon Harvey, Alfred Harvey","['1984 U.S. App. LEXIS 21624', '734 F.2d 1389']"
9594606,https://www.courtlistener.com/opinion/9594606/campos-v-oneal/,"District Court, E.D. California",613006,https://www.courtlistener.com/opinion/613006/alvarez-v-chevron-corp/,Court of Appeals for the Ninth Circuit,Alvarez,Alvarez v. Chevron Corp.,"['2011 WL 3850660', '2011 U.S. App. LEXIS 18211', '75 U.C.C. Rep. Serv. 2d (West) 545', '656 F.3d 925']"
9594606,https://www.courtlistener.com/opinion/9594606/campos-v-oneal/,"District Court, E.D. California",772138,https://www.courtlistener.com/opinion/772138/stuhlbarg-international-sales-company-inc-a-california-corporation/,Court of Appeals for the Ninth Circuit,,"Stuhlbarg International Sales Company, Inc., a California Corporation, D/B/A Sisco v. John D. Brush and Company, Inc., a New York Corporation","['2000 WL 33159155', '2001 U.S. App. LEXIS 2083', '2001 Daily Journal DAR 1643', '57 U.S.P.Q. 2d (BNA) 1920', '2001 Cal. Daily Op. Serv. 1304', '240 F.3d 832']"
9594606,https://www.courtlistener.com/opinion/9594606/campos-v-oneal/,"District Court, E.D. California",781113,https://www.courtlistener.com/opinion/781113/connecticut-general-life-insurance-company-v-new-images-of-beverly-hills/,Court of Appeals for the Ninth Circuit,,Connecticut General Life Insurance Company v. New Images Of Beverly Hills,"['2003 U.S. App. LEXIS 3782', '55 Fed. R. Serv. 3d 54', '2003 Cal. Daily Op. Serv. 1914', '321 F.3d 878']"
9594606,https://www.courtlistener.com/opinion/9594606/campos-v-oneal/,"District Court, E.D. California",1450536,https://www.courtlistener.com/opinion/1450536/johnson-v-couturier/,Court of Appeals for the Ninth Circuit,Couturier,Johnson v. Couturier,"['2009 WL 2216805', '2009 U.S. App. LEXIS 16559', '47 Employee Benefits Cas. (BNA) 1449', '572 F.3d 1067']"
9594606,https://www.courtlistener.com/opinion/9594606/campos-v-oneal/,"District Court, E.D. California",2282385,https://www.courtlistener.com/opinion/2282385/smith-v-state-farm-mutual-automobile-insurance/,California Court of Appeal,,Smith v. State Farm Mutual Automobile Insurance,"['93 Cal. App. 4th 700', '113 Cal. Rptr. 2d 399']"
9594606,https://www.courtlistener.com/opinion/9594606/campos-v-oneal/,"District Court, E.D. California",7324900,https://www.courtlistener.com/opinion/7324900/hadley-v-kellogg-sales-co/,"District Court, N.D. California",Hadley,Hadley v. Kellogg Sales Co.,"['2017 U.S. Dist. LEXIS 40825', '2017 WL 1065293', '243 F. Supp. 3d 1074']"
9594606,https://www.courtlistener.com/opinion/9594606/campos-v-oneal/,"District Court, E.D. California",8440877,https://www.courtlistener.com/opinion/8440877/alliance-for-wild-rockies-v-cottrell/,Court of Appeals for the Ninth Circuit,Cottrell,Alliance for Wild Rockies v. Cottrell,"['2011 WL 208360', '2011 U.S. App. LEXIS 1473', '72 ERC (BNA) 1711', '632 F.3d 1127']"
9594606,https://www.courtlistener.com/opinion/9594606/campos-v-oneal/,"District Court, E.D. California",108983,https://www.courtlistener.com/opinion/108983/granny-goose-foods-inc-v-brotherhood-of-teamsters-auto-truck-drivers/,Supreme Court of the United States,Teamsters,"Granny Goose Foods, Inc. v. Brotherhood of Teamsters & Auto Truck Drivers, Local No. 70","['85 L.R.R.M. (BNA) 2481', '18 Fed. R. Serv. 2d 410', '1974 U.S. LEXIS 31', '415 U.S. 423', '94 S. Ct. 1113', '39 L. Ed. 2d 435']"
9594606,https://www.courtlistener.com/opinion/9594606/campos-v-oneal/,"District Court, E.D. California",145928,https://www.courtlistener.com/opinion/145928/winter-v-natural-resources-defense-council-inc/,Supreme Court of the United States,Winter,"Winter v. Natural Resources Defense Council, Inc.","['67 ERC (BNA) 1225', '21 Fla. L. Weekly Fed. S 547', '39 Envtl. L. Rep. (Envtl. Law Inst.) 20279', '77 U.S.L.W. 4001', '2008 U.S. LEXIS 8343', '555 U.S. 7', '129 S. Ct. 365', '172 L. Ed. 2d 249']"
9594606,https://www.courtlistener.com/opinion/9594606/campos-v-oneal/,"District Court, E.D. California",205533,https://www.courtlistener.com/opinion/205533/park-village-apartment-tenants-assn-v-mortimer-howard-trust/,Court of Appeals for the Ninth Circuit,,Park Village Apartment Tenants Ass'n v. Mortimer Howard Trust,"['2011 WL 667986', '2011 U.S. App. LEXIS 3683', '636 F.3d 1150']"
9595984,https://www.courtlistener.com/opinion/9595984/snarr-v-cento-fine-foods-inc/,"District Court, N.D. California",198798,https://www.courtlistener.com/opinion/198798/iragorri-v-international-elevator-inc/,Court of Appeals for the First Circuit,Iragorri,"Iragorri v. International Elevator, Inc.","['2000 WL 64881', '203 F.3d 8']"
9595984,https://www.courtlistener.com/opinion/9595984/snarr-v-cento-fine-foods-inc/,"District Court, N.D. California",663773,https://www.courtlistener.com/opinion/663773/howard-l-haupt-v-td-dillard-robert-leonard-las-vegas-metropolitan/,Court of Appeals for the Ninth Circuit,,"Howard L. Haupt v. T.D. Dillard, Robert Leonard Las Vegas Metropolitan Police Department City of Las Vegas, Nevada and Clark County, Nevada",['17 F.3d 285']
9595984,https://www.courtlistener.com/opinion/9595984/snarr-v-cento-fine-foods-inc/,"District Court, N.D. California",783479,https://www.courtlistener.com/opinion/783479/united-states-v-donald-lawrence-ritchie-heather-horner/,Court of Appeals for the Ninth Circuit,,"United States v. Donald Lawrence Ritchie, Heather Horner, Claimant-Appellant","['2003 WL 22004994', '2003 U.S. App. LEXIS 17752', '2003 Daily Journal DAR 9689', '56 Fed. R. Serv. 3d 577', '2003 Cal. Daily Op. Serv. 7757', '342 F.3d 903']"
9595984,https://www.courtlistener.com/opinion/9595984/snarr-v-cento-fine-foods-inc/,"District Court, N.D. California",1168887,https://www.courtlistener.com/opinion/1168887/greenman-v-yuba-power-products-inc/,California Supreme Court,Greenman,"Greenman v. Yuba Power Products, Inc.","['1963 Cal. LEXIS 140', '13 A.L.R. 3d 1049', '377 P.2d 897', '27 Cal. Rptr. 697', '59 Cal. 2d 57']"
9595984,https://www.courtlistener.com/opinion/9595984/snarr-v-cento-fine-foods-inc/,"District Court, N.D. California",1194077,https://www.courtlistener.com/opinion/1194077/manzarek-v-st-paul-fire-marine-insurance/,Court of Appeals for the Ninth Circuit,Manzarek,Manzarek v. St. Paul Fire & Marine Insurance,"['2008 WL 763385', '2008 U.S. App. LEXIS 6145', '86 U.S.P.Q. 2d (BNA) 1632', '519 F.3d 1025']"
9595984,https://www.courtlistener.com/opinion/9595984/snarr-v-cento-fine-foods-inc/,"District Court, N.D. California",1243130,https://www.courtlistener.com/opinion/1243130/williams-v-gerber-products-co/,Court of Appeals for the Ninth Circuit,,Williams v. Gerber Products Co.,"['2008 WL 5273731', '2008 U.S. App. LEXIS 27421', '552 F.3d 934']"
9595984,https://www.courtlistener.com/opinion/9595984/snarr-v-cento-fine-foods-inc/,"District Court, N.D. California",1300996,https://www.courtlistener.com/opinion/1300996/mendiondo-v-centinela-hospital-medical-center/,Court of Appeals for the Ninth Circuit,Mendiondo,Mendiondo v. Centinela Hospital Medical Center,"['2008 WL 852186', '2008 U.S. App. LEXIS 6854', '27 I.E.R. Cas. (BNA) 609', '521 F.3d 1097']"
9595984,https://www.courtlistener.com/opinion/9595984/snarr-v-cento-fine-foods-inc/,"District Court, N.D. California",1400355,https://www.courtlistener.com/opinion/1400355/in-re-gilead-sciences-securities-litigation/,Court of Appeals for the Ninth Circuit,In Re Gilead Sciences Securities Litigation,In Re Gilead Sciences Securities Litigation,"['2008 WL 3271039', '2008 U.S. App. LEXIS 17076', '536 F.3d 1049']"
9595984,https://www.courtlistener.com/opinion/9595984/snarr-v-cento-fine-foods-inc/,"District Court, N.D. California",1603966,https://www.courtlistener.com/opinion/1603966/matter-of-masini-soler/,"District Court, D. Puerto Rico",In re Masini-Soler,Matter of Masini-Soler,"['1995 WL 234510', '1995 U.S. Dist. LEXIS 5342', '882 F. Supp. 23']"
9595984,https://www.courtlistener.com/opinion/9595984/snarr-v-cento-fine-foods-inc/,"District Court, N.D. California",2255890,https://www.courtlistener.com/opinion/2255890/weinstat-v-dentsply-international-inc/,California Court of Appeal,Weinstat,"Weinstat v. Dentsply International, Inc.","['2010 Cal. App. LEXIS 5', '70 U.C.C. Rep. Serv. 2d (West) 689', '103 Cal. Rptr. 3d 614', '180 Cal. App. 4th 1213']"
9595984,https://www.courtlistener.com/opinion/9595984/snarr-v-cento-fine-foods-inc/,"District Court, N.D. California",2275753,https://www.courtlistener.com/opinion/2275753/morgan-v-att-wireless-services-inc/,California Court of Appeal,Morgan,"Morgan v. AT&T Wireless Services, Inc.","['2009 Cal. App. LEXIS 1569', '48 Communications Reg. (P&F) 795', '99 Cal. Rptr. 3d 768', '177 Cal. App. 4th 1235']"
9595984,https://www.courtlistener.com/opinion/9595984/snarr-v-cento-fine-foods-inc/,"District Court, N.D. California",2792929,https://www.courtlistener.com/opinion/2792929/skye-astiana-v-the-hain-celestial-group/,Court of Appeals for the Ninth Circuit,,Skye Astiana v. the Hain Celestial Group,"['2015 WL 1600205', '2015 U.S. App. LEXIS 5833', '783 F.3d 753']"
9595984,https://www.courtlistener.com/opinion/9595984/snarr-v-cento-fine-foods-inc/,"District Court, N.D. California",3287232,https://www.courtlistener.com/opinion/3287232/thomas-v-lynch/,Court of Appeals for the First Circuit,Thomas,Thomas v. Lynch,"['2016 WL 3606943', '2016 U.S. App. LEXIS 12373', '828 F.3d 11']"
9595984,https://www.courtlistener.com/opinion/9595984/snarr-v-cento-fine-foods-inc/,"District Court, N.D. California",4439642,https://www.courtlistener.com/opinion/4439642/axiom-foods-inc-v-acerchem-international-inc/,Court of Appeals for the Ninth Circuit,,"Axiom Foods, Inc. v. Acerchem International, Inc.",['874 F.3d 1064']
9595984,https://www.courtlistener.com/opinion/9595984/snarr-v-cento-fine-foods-inc/,"District Court, N.D. California",4525969,https://www.courtlistener.com/opinion/4525969/karim-khoja-v-orexigen-therapeutics-inc/,Court of Appeals for the Ninth Circuit,,"Karim Khoja v. Orexigen Therapeutics, Inc.",['899 F.3d 988']
9595984,https://www.courtlistener.com/opinion/9595984/snarr-v-cento-fine-foods-inc/,"District Court, N.D. California",5607980,https://www.courtlistener.com/opinion/5607980/kasky-v-nike-inc/,California Supreme Court,Kasky,"Kasky v. Nike, Inc.","['45 P.3d 243', '27 Cal. 4th 939']"
9595984,https://www.courtlistener.com/opinion/9595984/snarr-v-cento-fine-foods-inc/,"District Court, N.D. California",7060249,https://www.courtlistener.com/opinion/7060249/cooper-v-pickett/,Court of Appeals for the Ninth Circuit,Cooper,Cooper v. Pickett,"['1997 WL 835300', '137 F.3d 616']"
9595984,https://www.courtlistener.com/opinion/9595984/snarr-v-cento-fine-foods-inc/,"District Court, N.D. California",7100340,https://www.courtlistener.com/opinion/7100340/sprewell-v-golden-state-warriors/,Court of Appeals for the Ninth Circuit,Sprewell,Sprewell v. Golden State Warriors,"['2001 WL 1057136', '266 F.3d 979']"
9595984,https://www.courtlistener.com/opinion/9595984/snarr-v-cento-fine-foods-inc/,"District Court, N.D. California",7310810,https://www.courtlistener.com/opinion/7310810/ham-v-hain-celestial-group-inc/,"District Court, N.D. California",Ham,"Ham v. Hain Celestial Group, Inc.","['2014 WL 4965959', '2014 U.S. Dist. LEXIS 141157', '70 F. Supp. 3d 1188']"
9595984,https://www.courtlistener.com/opinion/9595984/snarr-v-cento-fine-foods-inc/,"District Court, N.D. California",7311373,https://www.courtlistener.com/opinion/7311373/in-re-carrier-iq-inc/,"District Court, N.D. California",,"In re Carrier IQ, Inc.","['2015 WL 274054', '2015 U.S. Dist. LEXIS 7123', '85 U.C.C. Rep. Serv. 2d (West) 568', '78 F. Supp. 3d 1051']"
9595984,https://www.courtlistener.com/opinion/9595984/snarr-v-cento-fine-foods-inc/,"District Court, N.D. California",7324900,https://www.courtlistener.com/opinion/7324900/hadley-v-kellogg-sales-co/,"District Court, N.D. California",Hadley,Hadley v. Kellogg Sales Co.,"['2017 U.S. Dist. LEXIS 40825', '2017 WL 1065293', '243 F. Supp. 3d 1074']"
9595984,https://www.courtlistener.com/opinion/9595984/snarr-v-cento-fine-foods-inc/,"District Court, N.D. California",7326229,https://www.courtlistener.com/opinion/7326229/wilson-v-frito-lay-north-america-inc/,"District Court, N.D. California",Wilson,"Wilson v. Frito-Lay North America, Inc.",['260 F. Supp. 3d 1202']
9595984,https://www.courtlistener.com/opinion/9595984/snarr-v-cento-fine-foods-inc/,"District Court, N.D. California",7327155,https://www.courtlistener.com/opinion/7327155/johnson-v-nissan-north-america-inc/,"District Court, N.D. California",,"Johnson v. Nissan North America, Inc.",['272 F. Supp. 3d 1168']
9595984,https://www.courtlistener.com/opinion/9595984/snarr-v-cento-fine-foods-inc/,"District Court, N.D. California",8472124,https://www.courtlistener.com/opinion/8472124/jarrett-v-intermune-inc/,Court of Appeals for the Ninth Circuit,Jarrett,Jarrett v. InterMune Inc.,"[""464 F. App'x 651""]"
9595984,https://www.courtlistener.com/opinion/9595984/snarr-v-cento-fine-foods-inc/,"District Court, N.D. California",8982113,https://www.courtlistener.com/opinion/8982113/moore-v-kayport-package-express-inc/,Court of Appeals for the Ninth Circuit,Moore,"Moore v. Kayport Package Express, Inc.",['885 F.2d 531']
9595984,https://www.courtlistener.com/opinion/9595984/snarr-v-cento-fine-foods-inc/,"District Court, N.D. California",9022504,https://www.courtlistener.com/opinion/9022504/davidson-v-kimberly-clark-corp/,Court of Appeals for the Ninth Circuit,Davidson,Davidson v. Kimberly-Clark Corp.,['889 F.3d 956']
9595984,https://www.courtlistener.com/opinion/9595984/snarr-v-cento-fine-foods-inc/,"District Court, N.D. California",145730,https://www.courtlistener.com/opinion/145730/bell-atlantic-corp-v-twombly/,Supreme Court of the United States,Twombly,Bell Atlantic Corp. v. Twombly,"['75 U.S.L.W. 4337', '68 Fed. R. Serv. 3d 661', '20 Fla. L. Weekly Fed. S 267', '41 Communications Reg. (P&F) 567', '2007 U.S. LEXIS 5901', '550 U.S. 544', '127 S. Ct. 1955', '167 L. Ed. 2d 929']"
9595984,https://www.courtlistener.com/opinion/9595984/snarr-v-cento-fine-foods-inc/,"District Court, N.D. California",145875,https://www.courtlistener.com/opinion/145875/ashcroft-v-iqbal/,Supreme Court of the United States,Iqbal,Ashcroft v. Iqbal,"['2009 U.S. LEXIS 3472', '556 U.S. 662', '129 S. Ct. 1937', '173 L. Ed. 2d 868']"
9595984,https://www.courtlistener.com/opinion/9595984/snarr-v-cento-fine-foods-inc/,"District Court, N.D. California",145904,https://www.courtlistener.com/opinion/145904/summers-v-earth-island-institute/,Supreme Court of the United States,Summers,Summers v. Earth Island Institute,"['21 Fla. L. Weekly Fed. S 670', '2009 U.S. LEXIS 1769', '555 U.S. 488', '129 S. Ct. 1142', '173 L. Ed. 2d 1']"
9595984,https://www.courtlistener.com/opinion/9595984/snarr-v-cento-fine-foods-inc/,"District Court, N.D. California",620819,https://www.courtlistener.com/opinion/620819/mazza-v-american-honda-motor-co-inc/,Court of Appeals for the Ninth Circuit,Mazza,"Mazza v. American Honda Motor Co., Inc.","['2012 U.S. App. LEXIS 626', '2012 WL 89176', '81 Fed. R. Serv. 3d 489', '666 F.3d 581']"
9595984,https://www.courtlistener.com/opinion/9595984/snarr-v-cento-fine-foods-inc/,"District Court, N.D. California",4403809,https://www.courtlistener.com/opinion/4403809/bristol-myers-squibb-co-v-superior-court-of-cal-san-francisco-cty/,Supreme Court of the United States,,"Bristol-Myers Squibb Co. v. Superior Court of Cal., San Francisco Cty.","['2017 WL 2621322', '85 U.S.L.W. 4400', '26 Fla. L. Weekly Fed. S 671', '198 L. Ed. 2d 395', '137 S. Ct. 1773', '2017 U.S. LEXIS 3873']"
9597498,https://www.courtlistener.com/opinion/9597498/the-distance-learning-company-v-the-maynard-group/,"District Court, N.D. California",175568,https://www.courtlistener.com/opinion/175568/shroyer-v-new-cingular-wireless-services-inc/,Court of Appeals for the Ninth Circuit,Shroyer,"Shroyer v. New Cingular Wireless Services, Inc.","['51 Communications Reg. (P&F) 535', '2010 U.S. App. LEXIS 19814', '622 F.3d 1035']"
9597498,https://www.courtlistener.com/opinion/9597498/the-distance-learning-company-v-the-maynard-group/,"District Court, N.D. California",437639,https://www.courtlistener.com/opinion/437639/century-oil-tool-inc-and-jerry-raggio-v-production-specialties-inc/,Court of Appeals for the Fifth Circuit,,"Century Oil Tool, Inc. And Jerry Raggio v. Production Specialties, Inc., Gerald Hebert and Gas Lift Supply, Inc.","['1984 U.S. App. LEXIS 19836', '737 F.2d 1316']"
9597498,https://www.courtlistener.com/opinion/9597498/the-distance-learning-company-v-the-maynard-group/,"District Court, N.D. California",524097,https://www.courtlistener.com/opinion/524097/thurman-industries-inc-v-pay-n-pak-stores-inc/,Court of Appeals for the Ninth Circuit,,"Thurman Industries, Inc. v. Pay 'N Pak Stores, Inc.","['1989 WL 52664', '1989 U.S. App. LEXIS 7160', '875 F.2d 1369']"
9597498,https://www.courtlistener.com/opinion/9597498/the-distance-learning-company-v-the-maynard-group/,"District Court, N.D. California",665979,https://www.courtlistener.com/opinion/665979/richard-silva-v-peter-witschen-city-of-east-providence-stephen-linder/,Court of Appeals for the First Circuit,,"Richard Silva v. Peter Witschen, City of East Providence, Stephen Linder","['1994 WL 86217', '1994 U.S. App. LEXIS 5488', '28 Fed. R. Serv. 3d 420', '19 F.3d 725']"
9597498,https://www.courtlistener.com/opinion/9597498/the-distance-learning-company-v-the-maynard-group/,"District Court, N.D. California",672125,https://www.courtlistener.com/opinion/672125/frank-cerrato-v-san-francisco-community-college-district/,Court of Appeals for the Ninth Circuit,,Frank Cerrato v. San Francisco Community College District,"['1994 WL 262058', '67 Fair Empl. Prac. Cas. (BNA) 777', '64 Empl. Prac. Dec. (CCH) 43,090', '1994 U.S. App. LEXIS 14794', '94 Cal. Daily Op. Serv. 4477', '94 Daily Journal DAR 8324', '26 F.3d 968']"
9597498,https://www.courtlistener.com/opinion/9597498/the-distance-learning-company-v-the-maynard-group/,"District Court, N.D. California",718281,https://www.courtlistener.com/opinion/718281/mark-g-epstein-samuel-c-arsers-on-behalf-of-themselves-all-others/,Court of Appeals for the Ninth Circuit,,"Mark G. Epstein Samuel C. Arsers, on Behalf of Themselves & All Others Similarly Situated v. Washington Energy Co. James A. Thorpe","['1996 WL 250439', '1996 U.S. App. LEXIS 11214', '96 Daily Journal DAR 5527', '96 Cal. Daily Op. Serv. 3383', '83 F.3d 1136']"
9597498,https://www.courtlistener.com/opinion/9597498/the-distance-learning-company-v-the-maynard-group/,"District Court, N.D. California",773593,https://www.courtlistener.com/opinion/773593/rhiannon-tanaka-v-university-of-southern-california-michael-garrett-daryl/,Court of Appeals for the Ninth Circuit,,Rhiannon Tanaka v. University of Southern California Michael Garrett Daryl Gross Pacific-10 Conference National Collegiate Athletic Association,"['2001 WL 618599', '2001 U.S. App. LEXIS 11837', '2001 Daily Journal DAR 5741', '2001 Cal. Daily Op. Serv. 4649', '252 F.3d 1059']"
9597498,https://www.courtlistener.com/opinion/9597498/the-distance-learning-company-v-the-maynard-group/,"District Court, N.D. California",1404453,https://www.courtlistener.com/opinion/1404453/kendall-v-visa-usa-inc/,Court of Appeals for the Ninth Circuit,Kendall,"Kendall v. Visa U.S.A., Inc.","['2008 WL 613924', '2008 U.S. App. LEXIS 5032', '518 F.3d 1042']"
9597498,https://www.courtlistener.com/opinion/9597498/the-distance-learning-company-v-the-maynard-group/,"District Court, N.D. California",1429600,https://www.courtlistener.com/opinion/1429600/lozano-v-at-t-wireless-services-inc/,Court of Appeals for the Ninth Circuit,Lozano,"Lozano v. AT & T Wireless Services, Inc.","['2007 WL 2728758', '2007 U.S. App. LEXIS 22430', '42 Communications Reg. (P&F) 799', '504 F.3d 718']"
9597498,https://www.courtlistener.com/opinion/9597498/the-distance-learning-company-v-the-maynard-group/,"District Court, N.D. California",2473119,https://www.courtlistener.com/opinion/2473119/sullivan-v-credit-control-services-inc/,"District Court, D. Massachusetts",Sullivan,"Sullivan v. CREDIT CONTROL SERVICES, INC.","['2010 WL 4183801', '2010 U.S. Dist. LEXIS 113335', '745 F. Supp. 2d 2']"
9597498,https://www.courtlistener.com/opinion/9597498/the-distance-learning-company-v-the-maynard-group/,"District Court, N.D. California",2499751,https://www.courtlistener.com/opinion/2499751/livingston-downs-racing-assn-inc-v-jefferson-downs-corp/,"District Court, M.D. Louisiana",,"Livingston Downs Racing Ass'n, Inc. v. Jefferson Downs Corp.","['2002 WL 32079253', '257 F. Supp. 2d 819']"
9597498,https://www.courtlistener.com/opinion/9597498/the-distance-learning-company-v-the-maynard-group/,"District Court, N.D. California",7079981,https://www.courtlistener.com/opinion/7079981/lopez-v-smith/,Court of Appeals for the Ninth Circuit,Lopez,Lopez v. Smith,"['2000 WL 144385', '2000 U.S. App. LEXIS 1740', '2000 Daily Journal DAR 1585', '2000 Cal. Daily Op. Serv. 1096', '46 Fed. R. Serv. 3d 494', '203 F.3d 1122']"
9597498,https://www.courtlistener.com/opinion/9597498/the-distance-learning-company-v-the-maynard-group/,"District Court, N.D. California",7310951,https://www.courtlistener.com/opinion/7310951/chrimar-systems-inc-v-cisco-systems-inc/,"District Court, N.D. California",,"Chrimar Systems, Inc. v. Cisco Systems, Inc.","['2014 WL 5477666', '2014 U.S. Dist. LEXIS 153393', '72 F. Supp. 3d 1012']"
9597498,https://www.courtlistener.com/opinion/9597498/the-distance-learning-company-v-the-maynard-group/,"District Court, N.D. California",7324900,https://www.courtlistener.com/opinion/7324900/hadley-v-kellogg-sales-co/,"District Court, N.D. California",Hadley,Hadley v. Kellogg Sales Co.,"['2017 U.S. Dist. LEXIS 40825', '2017 WL 1065293', '243 F. Supp. 3d 1074']"
9597498,https://www.courtlistener.com/opinion/9597498/the-distance-learning-company-v-the-maynard-group/,"District Court, N.D. California",8477224,https://www.courtlistener.com/opinion/8477224/liveuniverse-inc-v-myspace-inc/,Court of Appeals for the Ninth Circuit,,"Liveuniverse, Inc. v. Myspace, Inc.","[""304 F. App'x 554""]"
9597498,https://www.courtlistener.com/opinion/9597498/the-distance-learning-company-v-the-maynard-group/,"District Court, N.D. California",107254,https://www.courtlistener.com/opinion/107254/united-states-v-grinnell-corp/,Supreme Court of the United States,Grinnell Co,United States v. Grinnell Corp.,"['1966 Trade Cas. (CCH) 71,459', '1966 U.S. LEXIS 2988', '384 U.S. 563', '86 S. Ct. 1698', '16 L. Ed. 2d 778']"
9597498,https://www.courtlistener.com/opinion/9597498/the-distance-learning-company-v-the-maynard-group/,"District Court, N.D. California",145722,https://www.courtlistener.com/opinion/145722/erickson-v-pardus/,Supreme Court of the United States,Erickson,Erickson v. Pardus,"['2007 U.S. LEXIS 6814', '551 U.S. 89', '127 S. Ct. 2197', '167 L. Ed. 2d 1081']"
9597498,https://www.courtlistener.com/opinion/9597498/the-distance-learning-company-v-the-maynard-group/,"District Court, N.D. California",145730,https://www.courtlistener.com/opinion/145730/bell-atlantic-corp-v-twombly/,Supreme Court of the United States,Twombly,Bell Atlantic Corp. v. Twombly,"['75 U.S.L.W. 4337', '68 Fed. R. Serv. 3d 661', '20 Fla. L. Weekly Fed. S 267', '41 Communications Reg. (P&F) 567', '2007 U.S. LEXIS 5901', '550 U.S. 544', '127 S. Ct. 1955', '167 L. Ed. 2d 929']"
9597498,https://www.courtlistener.com/opinion/9597498/the-distance-learning-company-v-the-maynard-group/,"District Court, N.D. California",145875,https://www.courtlistener.com/opinion/145875/ashcroft-v-iqbal/,Supreme Court of the United States,Iqbal,Ashcroft v. Iqbal,"['2009 U.S. LEXIS 3472', '556 U.S. 662', '129 S. Ct. 1937', '173 L. Ed. 2d 868']"
9597498,https://www.courtlistener.com/opinion/9597498/the-distance-learning-company-v-the-maynard-group/,"District Court, N.D. California",1301891,https://www.courtlistener.com/opinion/1301891/cel-tech-communications-inc-v-los-angeles-cellular-telephone-co/,California Supreme Court,,"Cel-Tech Communications, Inc. v. Los Angeles Cellular Telephone Co.","['1999 Cal. LEXIS 1656', '99 Daily Journal DAR 3360', '99 Cal. Daily Op. Serv. 2576', '20 Cal. 4th 163', '83 Cal. Rptr. 2d 548', '973 P.2d 527']"
9599044,https://www.courtlistener.com/opinion/9599044/snapkeys-ltd-v-google-llc/,"District Court, N.D. California",216101,https://www.courtlistener.com/opinion/216101/fayer-v-vaughn/,Court of Appeals for the Ninth Circuit,Fayer,Fayer v. Vaughn,"['2011 WL 1663595', '2011 U.S. App. LEXIS 9103', '649 F.3d 1061']"
9599044,https://www.courtlistener.com/opinion/9599044/snapkeys-ltd-v-google-llc/,"District Court, N.D. California",697357,https://www.courtlistener.com/opinion/697357/gina-shaw-v-james-k-hahn-john-emerson-james-pearson-thomas-hokinson/,Court of Appeals for the Ninth Circuit,,Gina Shaw v. James K. Hahn John Emerson James Pearson Thomas Hokinson,"['1995 WL 332218', '1995 U.S. App. LEXIS 13695', '95 Cal. Daily Op. Serv. 4187', '95 Daily Journal DAR 7226', '56 F.3d 1128']"
9599044,https://www.courtlistener.com/opinion/9599044/snapkeys-ltd-v-google-llc/,"District Court, N.D. California",776957,https://www.courtlistener.com/opinion/776957/in-re-the-vantive-corporation-securities-litigation-glenn-r-fischer-brian/,Court of Appeals for the Ninth Circuit,,,"['2002 U.S. App. LEXIS 4231', '2002 Daily Journal DAR 2953', '283 F.3d 1079']"
9599044,https://www.courtlistener.com/opinion/9599044/snapkeys-ltd-v-google-llc/,"District Court, N.D. California",1194077,https://www.courtlistener.com/opinion/1194077/manzarek-v-st-paul-fire-marine-insurance/,Court of Appeals for the Ninth Circuit,Manzarek,Manzarek v. St. Paul Fire & Marine Insurance,"['2008 WL 763385', '2008 U.S. App. LEXIS 6145', '86 U.S.P.Q. 2d (BNA) 1632', '519 F.3d 1025']"
9599044,https://www.courtlistener.com/opinion/9599044/snapkeys-ltd-v-google-llc/,"District Court, N.D. California",1429600,https://www.courtlistener.com/opinion/1429600/lozano-v-at-t-wireless-services-inc/,Court of Appeals for the Ninth Circuit,Lozano,"Lozano v. AT & T Wireless Services, Inc.","['2007 WL 2728758', '2007 U.S. App. LEXIS 22430', '42 Communications Reg. (P&F) 799', '504 F.3d 718']"
9599044,https://www.courtlistener.com/opinion/9599044/snapkeys-ltd-v-google-llc/,"District Court, N.D. California",1446183,https://www.courtlistener.com/opinion/1446183/leadsinger-inc-v-bmg-music-publishing/,Court of Appeals for the Ninth Circuit,,"Leadsinger, Inc. v. BMG Music Publishing","['2008 WL 36630', '2008 U.S. App. LEXIS 7', '85 U.S.P.Q. 2d (BNA) 1257', '512 F.3d 522']"
9599044,https://www.courtlistener.com/opinion/9599044/snapkeys-ltd-v-google-llc/,"District Court, N.D. California",2274540,https://www.courtlistener.com/opinion/2274540/schnall-v-hertz-corporation/,California Court of Appeal,Schnall,Schnall v. Hertz Corporation,"['2000 Cal. App. LEXIS 162', '2000 Cal. Daily Op. Serv. 1858', '2000 Daily Journal DAR 2537', '78 Cal. App. 4th 1144', '93 Cal. Rptr. 2d 439']"
9599044,https://www.courtlistener.com/opinion/9599044/snapkeys-ltd-v-google-llc/,"District Court, N.D. California",2723330,https://www.courtlistener.com/opinion/2723330/boris-levitt-v-yelp-inc/,Court of Appeals for the Ninth Circuit,,Boris Levitt v. Yelp! Inc.,"['2014 WL 4290615', '2014 U.S. App. LEXIS 17079', '765 F.3d 1123']"
9599044,https://www.courtlistener.com/opinion/9599044/snapkeys-ltd-v-google-llc/,"District Court, N.D. California",5347004,https://www.courtlistener.com/opinion/5347004/sweet-v-marvin/,Appellate Division of the Supreme Court of the State of New York,Sweet,Sweet v. Marvin,"['72 N.Y. St. Rep. 497', '37 N.Y.S. 442', '2 A.D. 1']"
9599044,https://www.courtlistener.com/opinion/9599044/snapkeys-ltd-v-google-llc/,"District Court, N.D. California",5349810,https://www.courtlistener.com/opinion/5349810/united-growers-co-v-eisner/,Appellate Division of the Supreme Court of the State of New York,Eisner,United Growers Co. v. Eisner,"['47 N.Y.S. 906', '22 A.D. 1']"
9599044,https://www.courtlistener.com/opinion/9599044/snapkeys-ltd-v-google-llc/,"District Court, N.D. California",5809756,https://www.courtlistener.com/opinion/5809756/drum-v-san-fernando-valley-bar-assn/,California Court of Appeal,Drum,Drum v. San Fernando Valley Bar Ass'n,"['2010 Cal. App. LEXIS 225', '106 Cal. Rptr. 3d 46', '182 Cal. App. 4th 247']"
9599044,https://www.courtlistener.com/opinion/9599044/snapkeys-ltd-v-google-llc/,"District Court, N.D. California",5810651,https://www.courtlistener.com/opinion/5810651/marsh-v-anesthesia-services-medical-group-inc/,California Court of Appeal,Marsh,"Marsh v. Anesthesia Services Medical Group, Inc.","['2011 Cal. App. LEXIS 1358', '132 Cal. Rptr. 3d 660', '200 Cal. App. 4th 480']"
9599044,https://www.courtlistener.com/opinion/9599044/snapkeys-ltd-v-google-llc/,"District Court, N.D. California",7079981,https://www.courtlistener.com/opinion/7079981/lopez-v-smith/,Court of Appeals for the Ninth Circuit,Lopez,Lopez v. Smith,"['2000 WL 144385', '2000 U.S. App. LEXIS 1740', '2000 Daily Journal DAR 1585', '2000 Cal. Daily Op. Serv. 1096', '46 Fed. R. Serv. 3d 494', '203 F.3d 1122']"
9599044,https://www.courtlistener.com/opinion/9599044/snapkeys-ltd-v-google-llc/,"District Court, N.D. California",7084861,https://www.courtlistener.com/opinion/7084861/shwarz-v-united-states/,Court of Appeals for the Ninth Circuit,Shwarz,Shwarz v. United States,"['2000 WL 1800196', '234 F.3d 428']"
9599044,https://www.courtlistener.com/opinion/9599044/snapkeys-ltd-v-google-llc/,"District Court, N.D. California",7309782,https://www.courtlistener.com/opinion/7309782/oconnor-v-uber-technologies-inc/,"District Court, N.D. California",O'Connor,"O'Connor v. Uber Technologies, Inc.","['2014 WL 4382880', '2014 U.S. Dist. LEXIS 124136', '24 Wage & Hour Cas.2d (BNA) 774', '58 F. Supp. 3d 989']"
9599044,https://www.courtlistener.com/opinion/9599044/snapkeys-ltd-v-google-llc/,"District Court, N.D. California",7311103,https://www.courtlistener.com/opinion/7311103/backhaut-v-apple-inc/,"District Court, N.D. California",Backhaut,"Backhaut v. Apple, Inc.","['2014 WL 6601776', '2014 U.S. Dist. LEXIS 162870', '74 F. Supp. 3d 1033']"
9599044,https://www.courtlistener.com/opinion/9599044/snapkeys-ltd-v-google-llc/,"District Court, N.D. California",7324900,https://www.courtlistener.com/opinion/7324900/hadley-v-kellogg-sales-co/,"District Court, N.D. California",Hadley,Hadley v. Kellogg Sales Co.,"['2017 U.S. Dist. LEXIS 40825', '2017 WL 1065293', '243 F. Supp. 3d 1074']"
9599044,https://www.courtlistener.com/opinion/9599044/snapkeys-ltd-v-google-llc/,"District Court, N.D. California",8438027,https://www.courtlistener.com/opinion/8438027/adams-v-johnson/,Court of Appeals for the Ninth Circuit,Adams,Adams v. Johnson,['355 F.3d 1179']
9599044,https://www.courtlistener.com/opinion/9599044/snapkeys-ltd-v-google-llc/,"District Court, N.D. California",8709036,https://www.courtlistener.com/opinion/8709036/mccomb-v-dobson/,"District Court, W.D. Pennsylvania",McComb,McComb v. Dobson,"['1948 U.S. Dist. LEXIS 2606', '77 F. Supp. 1']"
9599044,https://www.courtlistener.com/opinion/9599044/snapkeys-ltd-v-google-llc/,"District Court, N.D. California",145730,https://www.courtlistener.com/opinion/145730/bell-atlantic-corp-v-twombly/,Supreme Court of the United States,Twombly,Bell Atlantic Corp. v. Twombly,"['75 U.S.L.W. 4337', '68 Fed. R. Serv. 3d 661', '20 Fla. L. Weekly Fed. S 267', '41 Communications Reg. (P&F) 567', '2007 U.S. LEXIS 5901', '550 U.S. 544', '127 S. Ct. 1955', '167 L. Ed. 2d 929']"
9599044,https://www.courtlistener.com/opinion/9599044/snapkeys-ltd-v-google-llc/,"District Court, N.D. California",145875,https://www.courtlistener.com/opinion/145875/ashcroft-v-iqbal/,Supreme Court of the United States,Iqbal,Ashcroft v. Iqbal,"['2009 U.S. LEXIS 3472', '556 U.S. 662', '129 S. Ct. 1937', '173 L. Ed. 2d 868']"
9599044,https://www.courtlistener.com/opinion/9599044/snapkeys-ltd-v-google-llc/,"District Court, N.D. California",1260127,https://www.courtlistener.com/opinion/1260127/committee-on-childrens-television-inc-v-general-foods-corp/,California Supreme Court,,"Committee on Children's Television, Inc. v. General Foods Corp.","['1983 Cal. LEXIS 266', '197 Cal. Rptr. 783', '35 Cal. 3d 197', '673 P.2d 660']"
9599044,https://www.courtlistener.com/opinion/9599044/snapkeys-ltd-v-google-llc/,"District Court, N.D. California",1420107,https://www.courtlistener.com/opinion/1420107/people-v-rodriguez/,California Supreme Court,Rodriguez,People v. Rodriguez,"['1999 Cal. LEXIS 765', '99 Cal. Daily Op. Serv. 1447', '99 Daily Journal DAR 1837', '20 Cal. 4th 1', '82 Cal. Rptr. 2d 413', '971 P.2d 618']"
9599044,https://www.courtlistener.com/opinion/9599044/snapkeys-ltd-v-google-llc/,"District Court, N.D. California",1801796,https://www.courtlistener.com/opinion/1801796/in-re-tobacco-ii-cases/,California Supreme Court,In Re Tobacco II Cases,In Re Tobacco II Cases,"['2009 Cal. LEXIS 4365', '93 Cal. Rptr. 3d 559', '207 P.3d 20', '46 Cal. 4th 298']"
9599479,https://www.courtlistener.com/opinion/9599479/ahmed-v-county-of-santa-clara/,"District Court, N.D. California",216101,https://www.courtlistener.com/opinion/216101/fayer-v-vaughn/,Court of Appeals for the Ninth Circuit,Fayer,Fayer v. Vaughn,"['2011 WL 1663595', '2011 U.S. App. LEXIS 9103', '649 F.3d 1061']"
9599479,https://www.courtlistener.com/opinion/9599479/ahmed-v-county-of-santa-clara/,"District Court, N.D. California",220740,https://www.courtlistener.com/opinion/220740/patel-ex-rel-ah-v-kent-school-district/,Court of Appeals for the Ninth Circuit,Patel,Patel Ex Rel. A.H. v. Kent School District,"['2011 U.S. App. LEXIS 14172', '271 Educ. L. Rep. 51', '648 F.3d 965']"
9599479,https://www.courtlistener.com/opinion/9599479/ahmed-v-county-of-santa-clara/,"District Court, N.D. California",621643,https://www.courtlistener.com/opinion/621643/ae-ex-rel-hernandez-v-county-of-tulare/,Court of Appeals for the Ninth Circuit,,AE Ex Rel. Hernandez v. County of Tulare,"['2012 WL 251918', '2012 U.S. App. LEXIS 1489', '666 F.3d 631']"
9599479,https://www.courtlistener.com/opinion/9599479/ahmed-v-county-of-santa-clara/,"District Court, N.D. California",697357,https://www.courtlistener.com/opinion/697357/gina-shaw-v-james-k-hahn-john-emerson-james-pearson-thomas-hokinson/,Court of Appeals for the Ninth Circuit,,Gina Shaw v. James K. Hahn John Emerson James Pearson Thomas Hokinson,"['1995 WL 332218', '1995 U.S. App. LEXIS 13695', '95 Cal. Daily Op. Serv. 4187', '95 Daily Journal DAR 7226', '56 F.3d 1128']"
9599479,https://www.courtlistener.com/opinion/9599479/ahmed-v-county-of-santa-clara/,"District Court, N.D. California",748641,https://www.courtlistener.com/opinion/748641/plumeau-v-school-district-40/,Court of Appeals for the Ninth Circuit,,Plumeau v. School District #40,"['1997 U.S. App. LEXIS 34073', '97 Cal. Daily Op. Serv. 9081', '97 Daily Journal DAR 14663', '130 F.3d 432']"
9599479,https://www.courtlistener.com/opinion/9599479/ahmed-v-county-of-santa-clara/,"District Court, N.D. California",1194077,https://www.courtlistener.com/opinion/1194077/manzarek-v-st-paul-fire-marine-insurance/,Court of Appeals for the Ninth Circuit,Manzarek,Manzarek v. St. Paul Fire & Marine Insurance,"['2008 WL 763385', '2008 U.S. App. LEXIS 6145', '86 U.S.P.Q. 2d (BNA) 1632', '519 F.3d 1025']"
9599479,https://www.courtlistener.com/opinion/9599479/ahmed-v-county-of-santa-clara/,"District Court, N.D. California",1240877,https://www.courtlistener.com/opinion/1240877/platt-electrical-supply-inc-v-eoff-electrical-inc/,Court of Appeals for the Ninth Circuit,,"Platt Electrical Supply, Inc. v. Eoff Electrical, Inc.","['2008 WL 1722882', '2008 U.S. App. LEXIS 8026', '522 F.3d 1049']"
9599479,https://www.courtlistener.com/opinion/9599479/ahmed-v-county-of-santa-clara/,"District Court, N.D. California",1416959,https://www.courtlistener.com/opinion/1416959/laubisch-v-roberdo/,California Supreme Court,Laubisch,Laubisch v. Roberdo,"['1954 Cal. LEXIS 291', '277 P.2d 9', '43 Cal. 2d 702']"
9599479,https://www.courtlistener.com/opinion/9599479/ahmed-v-county-of-santa-clara/,"District Court, N.D. California",1446183,https://www.courtlistener.com/opinion/1446183/leadsinger-inc-v-bmg-music-publishing/,Court of Appeals for the Ninth Circuit,,"Leadsinger, Inc. v. BMG Music Publishing","['2008 WL 36630', '2008 U.S. App. LEXIS 7', '85 U.S.P.Q. 2d (BNA) 1257', '512 F.3d 522']"
9599479,https://www.courtlistener.com/opinion/9599479/ahmed-v-county-of-santa-clara/,"District Court, N.D. California",2114919,https://www.courtlistener.com/opinion/2114919/briggs-v-lawrence/,California Court of Appeal,Briggs,Briggs v. Lawrence,"['1991 Cal. App. LEXIS 508', '91 Daily Journal DAR 6175', '91 Cal. Daily Op. Serv. 3885', '281 Cal. Rptr. 578', '230 Cal. App. 3d 605']"
9599479,https://www.courtlistener.com/opinion/9599479/ahmed-v-county-of-santa-clara/,"District Court, N.D. California",2138005,https://www.courtlistener.com/opinion/2138005/anson-v-county-of-merced/,California Court of Appeal,Anson,Anson v. County of Merced,"['1988 Cal. App. LEXIS 644', '249 Cal. Rptr. 457', '202 Cal. App. 3d 1195']"
9599479,https://www.courtlistener.com/opinion/9599479/ahmed-v-county-of-santa-clara/,"District Court, N.D. California",2256277,https://www.courtlistener.com/opinion/2256277/curtis-t-v-county-of-los-angeles/,California Court of Appeal,,CURTIS T. v. County of Los Angeles,"['2004 Cal. App. LEXIS 1891', '2004 Daily Journal DAR 13765', '2004 Cal. Daily Op. Serv. 10104', '123 Cal. App. 4th 1405', '21 Cal. Rptr. 3d 208']"
9599479,https://www.courtlistener.com/opinion/9599479/ahmed-v-county-of-santa-clara/,"District Court, N.D. California",2259880,https://www.courtlistener.com/opinion/2259880/apollo-v-gyaami/,California Court of Appeal,Apollo,Apollo v. Gyaami,"['85 Cal. Rptr. 3d 127', '167 Cal. App. 4th 1468']"
9599479,https://www.courtlistener.com/opinion/9599479/ahmed-v-county-of-santa-clara/,"District Court, N.D. California",2262501,https://www.courtlistener.com/opinion/2262501/county-of-los-angeles-v-superior-court/,California Court of Appeal,,County of Los Angeles v. Superior Court,"['2005 Cal. App. LEXIS 492', '2005 Daily Journal DAR 3675', '2005 Cal. Daily Op. Serv. 2746', '127 Cal. App. 4th 1263', '26 Cal. Rptr. 3d 445']"
9599479,https://www.courtlistener.com/opinion/9599479/ahmed-v-county-of-santa-clara/,"District Court, N.D. California",4570769,https://www.courtlistener.com/opinion/4570769/jerry-hoang-v-bank-of-america-na/,Court of Appeals for the Ninth Circuit,,"Jerry Hoang v. Bank of America, N.A.",['910 F.3d 1096']
9599479,https://www.courtlistener.com/opinion/9599479/ahmed-v-county-of-santa-clara/,"District Court, N.D. California",5808239,https://www.courtlistener.com/opinion/5808239/martell-v-antelope-valley-hospital-medical-center/,California Court of Appeal,Martell,Martell v. Antelope Valley Hospital Medical Center,"['1998 Cal. App. LEXIS 932', '98 Cal. Daily Op. Serv. 8391', '98 Daily Journal DAR 11649', '79 Cal. Rptr. 2d 329', '67 Cal. App. 4th 978']"
9599479,https://www.courtlistener.com/opinion/9599479/ahmed-v-county-of-santa-clara/,"District Court, N.D. California",6726317,https://www.courtlistener.com/opinion/6726317/young-v-bank-of-alexandria/,Supreme Court of the United States,Young,Young v. Bank of Alexandria,['8 U.S. 384']
9599479,https://www.courtlistener.com/opinion/9599479/ahmed-v-county-of-santa-clara/,"District Court, N.D. California",7084861,https://www.courtlistener.com/opinion/7084861/shwarz-v-united-states/,Court of Appeals for the Ninth Circuit,Shwarz,Shwarz v. United States,"['2000 WL 1800196', '234 F.3d 428']"
9599479,https://www.courtlistener.com/opinion/9599479/ahmed-v-county-of-santa-clara/,"District Court, N.D. California",7106340,https://www.courtlistener.com/opinion/7106340/jones-v-williams/,Court of Appeals for the Ninth Circuit,Jones,Jones v. Williams,"['2002 WL 1629432', '297 F.3d 930']"
9599479,https://www.courtlistener.com/opinion/9599479/ahmed-v-county-of-santa-clara/,"District Court, N.D. California",7108812,https://www.courtlistener.com/opinion/7108812/galbraith-v-county-of-santa-clara/,Court of Appeals for the Ninth Circuit,Galbraith,Galbraith v. County of Santa Clara,"['2002 WL 31255033', '307 F.3d 1119']"
9599479,https://www.courtlistener.com/opinion/9599479/ahmed-v-county-of-santa-clara/,"District Court, N.D. California",7324900,https://www.courtlistener.com/opinion/7324900/hadley-v-kellogg-sales-co/,"District Court, N.D. California",Hadley,Hadley v. Kellogg Sales Co.,"['2017 U.S. Dist. LEXIS 40825', '2017 WL 1065293', '243 F. Supp. 3d 1074']"
9599479,https://www.courtlistener.com/opinion/9599479/ahmed-v-county-of-santa-clara/,"District Court, N.D. California",8438027,https://www.courtlistener.com/opinion/8438027/adams-v-johnson/,Court of Appeals for the Ninth Circuit,Adams,Adams v. Johnson,['355 F.3d 1179']
9599479,https://www.courtlistener.com/opinion/9599479/ahmed-v-county-of-santa-clara/,"District Court, N.D. California",109881,https://www.courtlistener.com/opinion/109881/monell-v-new-york-city-dept-of-social-servs/,Supreme Court of the United States,Monell,Monell v. New York City Dept. of Social Servs.,"['17 Fair Empl. Prac. Cas. (BNA) 873', '16 Empl. Prac. Dec. (CCH) 8345', '1978 U.S. LEXIS 100', '436 U.S. 658', '98 S. Ct. 2018', '56 L. Ed. 2d 611']"
9599479,https://www.courtlistener.com/opinion/9599479/ahmed-v-county-of-santa-clara/,"District Court, N.D. California",145730,https://www.courtlistener.com/opinion/145730/bell-atlantic-corp-v-twombly/,Supreme Court of the United States,Twombly,Bell Atlantic Corp. v. Twombly,"['75 U.S.L.W. 4337', '68 Fed. R. Serv. 3d 661', '20 Fla. L. Weekly Fed. S 267', '41 Communications Reg. (P&F) 567', '2007 U.S. LEXIS 5901', '550 U.S. 544', '127 S. Ct. 1955', '167 L. Ed. 2d 929']"
9599479,https://www.courtlistener.com/opinion/9599479/ahmed-v-county-of-santa-clara/,"District Court, N.D. California",145747,https://www.courtlistener.com/opinion/145747/watters-v-wachovia-bank-n-a/,Supreme Court of the United States,Watters,"Watters v. Wachovia Bank, N. A.","['20 Fla. L. Weekly Fed. S 170', '66 A.L.R. Fed. 2d 651', '75 U.S.L.W. 4176', '7 Cal. Daily Op. Serv. 4013', '2007 U.S. LEXIS 4336', '550 U.S. 1', '127 S. Ct. 1559', '167 L. Ed. 2d 389']"
9599479,https://www.courtlistener.com/opinion/9599479/ahmed-v-county-of-santa-clara/,"District Court, N.D. California",223270,https://www.courtlistener.com/opinion/223270/dougherty-v-city-of-covina/,Court of Appeals for the Ninth Circuit,Dougherty,Dougherty v. City of Covina,"['2011 WL 3583404', '2011 U.S. App. LEXIS 16879', '654 F.3d 892']"
9599479,https://www.courtlistener.com/opinion/9599479/ahmed-v-county-of-santa-clara/,"District Court, N.D. California",797418,https://www.courtlistener.com/opinion/797418/united-states-v-jasper-black/,Court of Appeals for the Ninth Circuit,,United States v. Jasper Black,"['2007 U.S. App. LEXIS 8182', '482 F.3d 1035']"
9599778,https://www.courtlistener.com/opinion/9599778/ahmed-v-county-of-santa-clara/,"District Court, N.D. California",216101,https://www.courtlistener.com/opinion/216101/fayer-v-vaughn/,Court of Appeals for the Ninth Circuit,Fayer,Fayer v. Vaughn,"['2011 WL 1663595', '2011 U.S. App. LEXIS 9103', '649 F.3d 1061']"
9599778,https://www.courtlistener.com/opinion/9599778/ahmed-v-county-of-santa-clara/,"District Court, N.D. California",220740,https://www.courtlistener.com/opinion/220740/patel-ex-rel-ah-v-kent-school-district/,Court of Appeals for the Ninth Circuit,Patel,Patel Ex Rel. A.H. v. Kent School District,"['2011 U.S. App. LEXIS 14172', '271 Educ. L. Rep. 51', '648 F.3d 965']"
9599778,https://www.courtlistener.com/opinion/9599778/ahmed-v-county-of-santa-clara/,"District Court, N.D. California",621643,https://www.courtlistener.com/opinion/621643/ae-ex-rel-hernandez-v-county-of-tulare/,Court of Appeals for the Ninth Circuit,,AE Ex Rel. Hernandez v. County of Tulare,"['2012 WL 251918', '2012 U.S. App. LEXIS 1489', '666 F.3d 631']"
9599778,https://www.courtlistener.com/opinion/9599778/ahmed-v-county-of-santa-clara/,"District Court, N.D. California",657247,https://www.courtlistener.com/opinion/657247/the-gates-rubber-co-v-bando-chemical-industries-ltd/,Court of Appeals for the Tenth Circuit,,"The Gates Rubber Co. v. Bando Chemical Industries, Ltd.","['1993 WL 428672', '1993 U.S. App. LEXIS 27045', '28 U.S.P.Q. 2d (BNA) 1503', '9 F.3d 823']"
9599778,https://www.courtlistener.com/opinion/9599778/ahmed-v-county-of-santa-clara/,"District Court, N.D. California",697357,https://www.courtlistener.com/opinion/697357/gina-shaw-v-james-k-hahn-john-emerson-james-pearson-thomas-hokinson/,Court of Appeals for the Ninth Circuit,,Gina Shaw v. James K. Hahn John Emerson James Pearson Thomas Hokinson,"['1995 WL 332218', '1995 U.S. App. LEXIS 13695', '95 Cal. Daily Op. Serv. 4187', '95 Daily Journal DAR 7226', '56 F.3d 1128']"
9599778,https://www.courtlistener.com/opinion/9599778/ahmed-v-county-of-santa-clara/,"District Court, N.D. California",748641,https://www.courtlistener.com/opinion/748641/plumeau-v-school-district-40/,Court of Appeals for the Ninth Circuit,,Plumeau v. School District #40,"['1997 U.S. App. LEXIS 34073', '97 Cal. Daily Op. Serv. 9081', '97 Daily Journal DAR 14663', '130 F.3d 432']"
9599778,https://www.courtlistener.com/opinion/9599778/ahmed-v-county-of-santa-clara/,"District Court, N.D. California",1194077,https://www.courtlistener.com/opinion/1194077/manzarek-v-st-paul-fire-marine-insurance/,Court of Appeals for the Ninth Circuit,Manzarek,Manzarek v. St. Paul Fire & Marine Insurance,"['2008 WL 763385', '2008 U.S. App. LEXIS 6145', '86 U.S.P.Q. 2d (BNA) 1632', '519 F.3d 1025']"
9599778,https://www.courtlistener.com/opinion/9599778/ahmed-v-county-of-santa-clara/,"District Court, N.D. California",1446183,https://www.courtlistener.com/opinion/1446183/leadsinger-inc-v-bmg-music-publishing/,Court of Appeals for the Ninth Circuit,,"Leadsinger, Inc. v. BMG Music Publishing","['2008 WL 36630', '2008 U.S. App. LEXIS 7', '85 U.S.P.Q. 2d (BNA) 1257', '512 F.3d 522']"
9599778,https://www.courtlistener.com/opinion/9599778/ahmed-v-county-of-santa-clara/,"District Court, N.D. California",2114919,https://www.courtlistener.com/opinion/2114919/briggs-v-lawrence/,California Court of Appeal,Briggs,Briggs v. Lawrence,"['1991 Cal. App. LEXIS 508', '91 Daily Journal DAR 6175', '91 Cal. Daily Op. Serv. 3885', '281 Cal. Rptr. 578', '230 Cal. App. 3d 605']"
9599778,https://www.courtlistener.com/opinion/9599778/ahmed-v-county-of-santa-clara/,"District Court, N.D. California",2156852,https://www.courtlistener.com/opinion/2156852/hernandez-v-state-of-california/,California Court of Appeal,Hernandez,Hernandez v. State of California,"['1970 Cal. App. LEXIS 1788', '90 Cal. Rptr. 205', '11 Cal. App. 3d 895']"
9599778,https://www.courtlistener.com/opinion/9599778/ahmed-v-county-of-santa-clara/,"District Court, N.D. California",2254039,https://www.courtlistener.com/opinion/2254039/people-v-clark/,California Court of Appeal,,People v. Clark,"['1992 Cal. App. LEXIS 1295', '92 Daily Journal DAR 15023', '92 Cal. Daily Op. Serv. 9098', '13 Cal. Rptr. 2d 209', '10 Cal. App. 4th 1259']"
9599778,https://www.courtlistener.com/opinion/9599778/ahmed-v-county-of-santa-clara/,"District Court, N.D. California",2255553,https://www.courtlistener.com/opinion/2255553/johnson-v-county-of-ventura/,California Court of Appeal,,Johnson v. County of Ventura,"['1994 Cal. App. LEXIS 1109', '94 Daily Journal DAR 15479', '94 Cal. Daily Op. Serv. 8397', '29 Cal. App. 2d 1400', '35 Cal. Rptr. 2d 150', '29 Cal. App. 4th 1400']"
9599778,https://www.courtlistener.com/opinion/9599778/ahmed-v-county-of-santa-clara/,"District Court, N.D. California",2256277,https://www.courtlistener.com/opinion/2256277/curtis-t-v-county-of-los-angeles/,California Court of Appeal,,CURTIS T. v. County of Los Angeles,"['2004 Cal. App. LEXIS 1891', '2004 Daily Journal DAR 13765', '2004 Cal. Daily Op. Serv. 10104', '123 Cal. App. 4th 1405', '21 Cal. Rptr. 3d 208']"
9599778,https://www.courtlistener.com/opinion/9599778/ahmed-v-county-of-santa-clara/,"District Court, N.D. California",2634703,https://www.courtlistener.com/opinion/2634703/state-v-superior-court/,California Supreme Court,,State v. Superior Court,"['2004 Cal. LEXIS 4629', '2004 Cal. Daily Op. Serv. 4442', '2004 Daily Journal DAR 6138', '32 Cal. 4th 1234', '13 Cal. Rptr. 3d 534', '90 P.3d 116']"
9599778,https://www.courtlistener.com/opinion/9599778/ahmed-v-county-of-santa-clara/,"District Court, N.D. California",7027853,https://www.courtlistener.com/opinion/7027853/hunger-ex-rel-hunger-v-leininger/,Court of Appeals for the Seventh Circuit,Leininger,Hunger ex rel. Hunger v. Leininger,['15 F.3d 664']
9599778,https://www.courtlistener.com/opinion/9599778/ahmed-v-county-of-santa-clara/,"District Court, N.D. California",7084861,https://www.courtlistener.com/opinion/7084861/shwarz-v-united-states/,Court of Appeals for the Ninth Circuit,Shwarz,Shwarz v. United States,"['2000 WL 1800196', '234 F.3d 428']"
9599778,https://www.courtlistener.com/opinion/9599778/ahmed-v-county-of-santa-clara/,"District Court, N.D. California",7106340,https://www.courtlistener.com/opinion/7106340/jones-v-williams/,Court of Appeals for the Ninth Circuit,Jones,Jones v. Williams,"['2002 WL 1629432', '297 F.3d 930']"
9599778,https://www.courtlistener.com/opinion/9599778/ahmed-v-county-of-santa-clara/,"District Court, N.D. California",7108812,https://www.courtlistener.com/opinion/7108812/galbraith-v-county-of-santa-clara/,Court of Appeals for the Ninth Circuit,Galbraith,Galbraith v. County of Santa Clara,"['2002 WL 31255033', '307 F.3d 1119']"
9599778,https://www.courtlistener.com/opinion/9599778/ahmed-v-county-of-santa-clara/,"District Court, N.D. California",7310383,https://www.courtlistener.com/opinion/7310383/dv-v-city-of-sunnyvale/,"District Court, N.D. California",D.V.,D.V. v. City of Sunnyvale,"['2014 WL 4072338', '2014 U.S. Dist. LEXIS 114632', '65 F. Supp. 3d 782']"
9599778,https://www.courtlistener.com/opinion/9599778/ahmed-v-county-of-santa-clara/,"District Court, N.D. California",7324900,https://www.courtlistener.com/opinion/7324900/hadley-v-kellogg-sales-co/,"District Court, N.D. California",Hadley,Hadley v. Kellogg Sales Co.,"['2017 U.S. Dist. LEXIS 40825', '2017 WL 1065293', '243 F. Supp. 3d 1074']"
9599778,https://www.courtlistener.com/opinion/9599778/ahmed-v-county-of-santa-clara/,"District Court, N.D. California",8438027,https://www.courtlistener.com/opinion/8438027/adams-v-johnson/,Court of Appeals for the Ninth Circuit,Adams,Adams v. Johnson,['355 F.3d 1179']
9599778,https://www.courtlistener.com/opinion/9599778/ahmed-v-county-of-santa-clara/,"District Court, N.D. California",109881,https://www.courtlistener.com/opinion/109881/monell-v-new-york-city-dept-of-social-servs/,Supreme Court of the United States,Monell,Monell v. New York City Dept. of Social Servs.,"['17 Fair Empl. Prac. Cas. (BNA) 873', '16 Empl. Prac. Dec. (CCH) 8345', '1978 U.S. LEXIS 100', '436 U.S. 658', '98 S. Ct. 2018', '56 L. Ed. 2d 611']"
9599778,https://www.courtlistener.com/opinion/9599778/ahmed-v-county-of-santa-clara/,"District Court, N.D. California",145730,https://www.courtlistener.com/opinion/145730/bell-atlantic-corp-v-twombly/,Supreme Court of the United States,Twombly,Bell Atlantic Corp. v. Twombly,"['75 U.S.L.W. 4337', '68 Fed. R. Serv. 3d 661', '20 Fla. L. Weekly Fed. S 267', '41 Communications Reg. (P&F) 567', '2007 U.S. LEXIS 5901', '550 U.S. 544', '127 S. Ct. 1955', '167 L. Ed. 2d 929']"
9599778,https://www.courtlistener.com/opinion/9599778/ahmed-v-county-of-santa-clara/,"District Court, N.D. California",145747,https://www.courtlistener.com/opinion/145747/watters-v-wachovia-bank-n-a/,Supreme Court of the United States,Watters,"Watters v. Wachovia Bank, N. A.","['20 Fla. L. Weekly Fed. S 170', '66 A.L.R. Fed. 2d 651', '75 U.S.L.W. 4176', '7 Cal. Daily Op. Serv. 4013', '2007 U.S. LEXIS 4336', '550 U.S. 1', '127 S. Ct. 1559', '167 L. Ed. 2d 389']"
9599778,https://www.courtlistener.com/opinion/9599778/ahmed-v-county-of-santa-clara/,"District Court, N.D. California",223270,https://www.courtlistener.com/opinion/223270/dougherty-v-city-of-covina/,Court of Appeals for the Ninth Circuit,Dougherty,Dougherty v. City of Covina,"['2011 WL 3583404', '2011 U.S. App. LEXIS 16879', '654 F.3d 892']"
9599778,https://www.courtlistener.com/opinion/9599778/ahmed-v-county-of-santa-clara/,"District Court, N.D. California",1175611,https://www.courtlistener.com/opinion/1175611/tarasoff-v-regents-of-university-of-california/,California Supreme Court,Tarasoff,Tarasoff v. Regents of University of California,"['1976 Cal. LEXIS 297', '83 A.L.R. 3d 1166', '131 Cal. Rptr. 14', '17 Cal. 3d 425', '551 P.2d 334']"
9599778,https://www.courtlistener.com/opinion/9599778/ahmed-v-county-of-santa-clara/,"District Court, N.D. California",797418,https://www.courtlistener.com/opinion/797418/united-states-v-jasper-black/,Court of Appeals for the Ninth Circuit,,United States v. Jasper Black,"['2007 U.S. App. LEXIS 8182', '482 F.3d 1035']"
9600200,https://www.courtlistener.com/opinion/9600200/ng-chie-v-citigroup-inc/,"District Court, N.D. California",85610,https://www.courtlistener.com/opinion/85610/ross-v-doe-on-the-demise-of-barland/,Supreme Court of the United States,Ross,Ross v. Doe on the Demise of Barland,"['1828 U.S. LEXIS 436', '1 Pet. 655', '7 L. Ed. 302', '26 U.S. 655']"
9600200,https://www.courtlistener.com/opinion/9600200/ng-chie-v-citigroup-inc/,"District Court, N.D. California",117845,https://www.courtlistener.com/opinion/117845/kokkonen-v-guardian-life-insurance-co-of-america/,Supreme Court of the United States,Kokkonen,Kokkonen v. Guardian Life Insurance Co. of America,"['94 Daily Journal DAR 6508', '29 Fed. R. Serv. 3d 1', '62 U.S.L.W. 4313', '94 Cal. Daily Op. Serv. 3453', '8 Fla. L. Weekly Fed. S 93', '1994 U.S. LEXIS 3767', '511 U.S. 375', '114 S. Ct. 1673', '128 L. Ed. 2d 391']"
9600200,https://www.courtlistener.com/opinion/9600200/ng-chie-v-citigroup-inc/,"District Court, N.D. California",149846,https://www.courtlistener.com/opinion/149846/mercado-berrios-v-cancel-alegria/,Court of Appeals for the First Circuit,Mercado-Berrios,Mercado-Berrios v. Cancel-Alegria,"['2010 WL 2598331', '2010 U.S. App. LEXIS 13332', '611 F.3d 18']"
9600200,https://www.courtlistener.com/opinion/9600200/ng-chie-v-citigroup-inc/,"District Court, N.D. California",476899,https://www.courtlistener.com/opinion/476899/robert-j-pachinger-v-mgm-grand-hotel-las-vegas-inc-and-does-i-through/,Court of Appeals for the Ninth Circuit,,"Robert J. Pachinger v. Mgm Grand Hotel-Las Vegas, Inc., and Does I Through V, Inclusive","['1986 U.S. App. LEXIS 32250', '802 F.2d 362']"
9600200,https://www.courtlistener.com/opinion/9600200/ng-chie-v-citigroup-inc/,"District Court, N.D. California",771047,https://www.courtlistener.com/opinion/771047/gail-crum-v-circus-circus-enterprises-circus-circus-casinos-inc-circus/,Court of Appeals for the Ninth Circuit,,"Gail Crum v. Circus Circus Enterprises Circus Circus Casinos, Inc. Circus Circus Hotel Casino","['2000 WL 1638877', '2000 U.S. App. LEXIS 27333', '2000 Daily Journal DAR 11731', '2000 Cal. Daily Op. Serv. 8842', '231 F.3d 1129']"
9600200,https://www.courtlistener.com/opinion/9600200/ng-chie-v-citigroup-inc/,"District Court, N.D. California",797760,https://www.courtlistener.com/opinion/797760/james-odom-v-microsoft-corporation-a-washington-corporation-best-buy-co/,Court of Appeals for the Ninth Circuit,,"James Odom v. Microsoft Corporation, a Washington Corporation Best Buy Co., Inc., a Minnesota Corporation","['2007 WL 1297249', '2007 U.S. App. LEXIS 10519', '486 F.3d 541']"
9600200,https://www.courtlistener.com/opinion/9600200/ng-chie-v-citigroup-inc/,"District Court, N.D. California",1038647,https://www.courtlistener.com/opinion/1038647/hayes-v-county-of-san-diego/,California Supreme Court,Hayes,Hayes v. County of San Diego,"['2013 Cal. LEXIS 6652', '2013 WL 4413281', '305 P.3d 252', '160 Cal. Rptr. 3d 684', '2013 D.A.R. 10', '57 Cal. 4th 622']"
9600200,https://www.courtlistener.com/opinion/9600200/ng-chie-v-citigroup-inc/,"District Court, N.D. California",1489114,https://www.courtlistener.com/opinion/1489114/douglas-v-warden-maryland-penitentiary/,"District Court, D. Maryland",Douglas,"Douglas v. Warden, Maryland Penitentiary","['1975 U.S. Dist. LEXIS 12033', '399 F. Supp. 1']"
9600200,https://www.courtlistener.com/opinion/9600200/ng-chie-v-citigroup-inc/,"District Court, N.D. California",2118918,https://www.courtlistener.com/opinion/2118918/nymark-v-heart-federal-savings-loan-assn/,California Court of Appeal,Nymark,Nymark v. Heart Federal Savings & Loan Ass'n,"['1991 Cal. App. LEXIS 727', '91 Daily Journal DAR 7922', '91 Cal. Daily Op. Serv. 5021', '283 Cal. Rptr. 53', '231 Cal. App. 3d 1089']"
9600200,https://www.courtlistener.com/opinion/9600200/ng-chie-v-citigroup-inc/,"District Court, N.D. California",2190374,https://www.courtlistener.com/opinion/2190374/mccafferty-v-gilbank/,California Court of Appeal,McCafferty,McCafferty v. Gilbank,"['1967 Cal. App. LEXIS 2261', '57 Cal. Rptr. 695', '249 Cal. App. 2d 569']"
9600200,https://www.courtlistener.com/opinion/9600200/ng-chie-v-citigroup-inc/,"District Court, N.D. California",2256245,https://www.courtlistener.com/opinion/2256245/mcbride-v-boughton/,California Court of Appeal,McBride,McBride v. Boughton,"['2004 Cal. App. LEXIS 1757', '2004 Daily Journal DAR 12899', '2004 Cal. Daily Op. Serv. 9441', '123 Cal. App. 4th 379', '20 Cal. Rptr. 3d 115']"
9600200,https://www.courtlistener.com/opinion/9600200/ng-chie-v-citigroup-inc/,"District Court, N.D. California",2475734,https://www.courtlistener.com/opinion/2475734/swingless-golf-club-corp-v-taylor/,"District Court, N.D. California",Taylor,Swingless Golf Club Corp. v. Taylor,"['2010 WL 3081255', '2010 U.S. Dist. LEXIS 79681', '732 F. Supp. 2d 899']"
9600200,https://www.courtlistener.com/opinion/9600200/ng-chie-v-citigroup-inc/,"District Court, N.D. California",2530589,https://www.courtlistener.com/opinion/2530589/philips-medical-capital-llc-v-medical-insights-diagnostics-centers-inc/,"District Court, N.D. California",,"Philips Medical Capital, LLC v. Medical Insights Diagnostics Centers, Inc.","['2007 WL 209987', '2007 U.S. Dist. LEXIS 38441', '471 F. Supp. 2d 1035']"
9600200,https://www.courtlistener.com/opinion/9600200/ng-chie-v-citigroup-inc/,"District Court, N.D. California",2650741,https://www.courtlistener.com/opinion/2650741/rutherford-holdings-llc-v-plaza-del-rey/,California Court of Appeal,,"Rutherford Holdings, LLC v. Plaza Del Rey","['2014 Cal. App. LEXIS 56', '2014 WL 255537', '166 Cal. Rptr. 3d 864', '223 Cal. App. 4th 221']"
9600200,https://www.courtlistener.com/opinion/9600200/ng-chie-v-citigroup-inc/,"District Court, N.D. California",3190265,https://www.courtlistener.com/opinion/3190265/san-diego-housing-commission-v-public-employment-relations-board/,California Court of Appeal,,San Diego Housing Commission v. Public Employment Relations Board,"['2016 Cal. App. LEXIS 249', '200 Cal. Rptr. 3d 629', '246 Cal. App. 4th 1']"
9600200,https://www.courtlistener.com/opinion/9600200/ng-chie-v-citigroup-inc/,"District Court, N.D. California",3303055,https://www.courtlistener.com/opinion/3303055/charles-l-donohoe-co-v-superior-court-of-glenn/,California Supreme Court,,Charles L. Donohoe Co. v. Superior Court of Glenn,"['1927 Cal. LEXIS 310', '202 Cal. 15', '258 P. 1094']"
9600200,https://www.courtlistener.com/opinion/9600200/ng-chie-v-citigroup-inc/,"District Court, N.D. California",5811600,https://www.courtlistener.com/opinion/5811600/avidor-v-sutters-place-inc/,California Court of Appeal,Avidor,"Avidor v. Sutter's Place, Inc.","['2013 Cal. App. LEXIS 45', '20 Wage & Hour Cas.2d (BNA) 1509', '151 Cal. Rptr. 3d 804', '212 Cal. App. 4th 1439']"
9600200,https://www.courtlistener.com/opinion/9600200/ng-chie-v-citigroup-inc/,"District Court, N.D. California",5811809,https://www.courtlistener.com/opinion/5811809/alvarez-v-bag-home-loans-servicing-lp/,California Court of Appeal,Alvarez,"Alvarez v. Bag Home Loans Servicing, L.P.","['176 Cal. Rptr. 3d 304', '228 Cal. App. 4th 941']"
9600200,https://www.courtlistener.com/opinion/9600200/ng-chie-v-citigroup-inc/,"District Court, N.D. California",7110394,https://www.courtlistener.com/opinion/7110394/vess-v-ciba-geigy-corp-usa/,Court of Appeals for the Ninth Circuit,Vess,Vess v. Ciba-Geigy Corp. USA,"['2003 WL 203124', '317 F.3d 1097']"
9600200,https://www.courtlistener.com/opinion/9600200/ng-chie-v-citigroup-inc/,"District Court, N.D. California",7319571,https://www.courtlistener.com/opinion/7319571/english-sons-inc-v-straw-hat-restaurants-inc/,"District Court, N.D. California",,"English & Sons, Inc. v. Straw Hat Restaurants, Inc.","['2016 WL 1305946', '2016 U.S. Dist. LEXIS 44803', '176 F. Supp. 3d 904']"
9600200,https://www.courtlistener.com/opinion/9600200/ng-chie-v-citigroup-inc/,"District Court, N.D. California",7324900,https://www.courtlistener.com/opinion/7324900/hadley-v-kellogg-sales-co/,"District Court, N.D. California",Hadley,Hadley v. Kellogg Sales Co.,"['2017 U.S. Dist. LEXIS 40825', '2017 WL 1065293', '243 F. Supp. 3d 1074']"
9600200,https://www.courtlistener.com/opinion/9600200/ng-chie-v-citigroup-inc/,"District Court, N.D. California",8443163,https://www.courtlistener.com/opinion/8443163/united-states-v-united-healthcare-insurance-co/,Court of Appeals for the Ninth Circuit,,United States v. United Healthcare Insurance Co.,"['2016 WL 7378731', '848 F.3d 1161']"
9600200,https://www.courtlistener.com/opinion/9600200/ng-chie-v-citigroup-inc/,"District Court, N.D. California",8713301,https://www.courtlistener.com/opinion/8713301/in-re-iphone-application-litig/,"District Court, N.D. California",,In re iPhone Application Litig.,"['2012 U.S. Dist. LEXIS 81426', '2012 WL 2126351', '844 F. Supp. 2d 1040']"
9600200,https://www.courtlistener.com/opinion/9600200/ng-chie-v-citigroup-inc/,"District Court, N.D. California",8717696,https://www.courtlistener.com/opinion/8717696/jmp-securities-llp-v-altair-nanotechnologies-inc/,"District Court, N.D. California",,JMP Securities LLP V. Altair Nanotechnologies Inc.,"['2012 U.S. Dist. LEXIS 102264', '2012 WL 3010965', '880 F. Supp. 2d 1029']"
9600200,https://www.courtlistener.com/opinion/9600200/ng-chie-v-citigroup-inc/,"District Court, N.D. California",8866232,https://www.courtlistener.com/opinion/8866232/bridgens-v-dollar-sav-bank-of-kansas-city/,U.S. Circuit Court for the District of Western Missouri,Bridgens,Bridgens v. Dollar Sav. Bank of Kansas City,"['1895 U.S. App. LEXIS 3045', '66 F. 9']"
9600200,https://www.courtlistener.com/opinion/9600200/ng-chie-v-citigroup-inc/,"District Court, N.D. California",145730,https://www.courtlistener.com/opinion/145730/bell-atlantic-corp-v-twombly/,Supreme Court of the United States,Twombly,Bell Atlantic Corp. v. Twombly,"['75 U.S.L.W. 4337', '68 Fed. R. Serv. 3d 661', '20 Fla. L. Weekly Fed. S 267', '41 Communications Reg. (P&F) 567', '2007 U.S. LEXIS 5901', '550 U.S. 544', '127 S. Ct. 1955', '167 L. Ed. 2d 929']"
9600200,https://www.courtlistener.com/opinion/9600200/ng-chie-v-citigroup-inc/,"District Court, N.D. California",788804,https://www.courtlistener.com/opinion/788804/evel-knievel-krystal-knievel-v-espn-a-subsidiary-of-walt-disney-inc/,Court of Appeals for the Ninth Circuit,,"Evel Knievel Krystal Knievel v. Espn, a Subsidiary of Walt Disney, Inc.","['2005 WL 14882', '2005 U.S. App. LEXIS 45', '33 Media L. Rep. (BNA) 1097', '3 A.L.R. 6th 733', '393 F.3d 1068']"
9600200,https://www.courtlistener.com/opinion/9600200/ng-chie-v-citigroup-inc/,"District Court, N.D. California",1160919,https://www.courtlistener.com/opinion/1160919/erlich-v-menezes/,California Supreme Court,Erlich,Erlich v. Menezes,"['1999 Cal. LEXIS 5530', '99 Cal. Daily Op. Serv. 6808', '99 Daily Journal DAR 8687', '21 Cal. 4th 543', '87 Cal. Rptr. 2d 886', '981 P.2d 978']"
9600200,https://www.courtlistener.com/opinion/9600200/ng-chie-v-citigroup-inc/,"District Court, N.D. California",2623151,https://www.courtlistener.com/opinion/2623151/robinson-helicopter-co-inc-v-dana-corp/,California Supreme Court,,"Robinson Helicopter Co., Inc. v. Dana Corp.","['2004 Cal. LEXIS 12219', '2004 Cal. Daily Op. Serv. 11271', '34 Cal. 4th 979', '22 Cal. Rptr. 3d 352', '102 P.3d 268']"
9600255,https://www.courtlistener.com/opinion/9600255/eidmann-v-walgreen-co/,"District Court, N.D. California",181397,https://www.courtlistener.com/opinion/181397/daniels-hall-v-national-education-assn/,Court of Appeals for the Ninth Circuit,Daniels-Hall,Daniels-Hall v. National Education Ass'n,"['2010 WL 5141247', '2010 U.S. App. LEXIS 25894', '50 Employee Benefits Cas. (BNA) 1481', '629 F.3d 992']"
9600255,https://www.courtlistener.com/opinion/9600255/eidmann-v-walgreen-co/,"District Court, N.D. California",195450,https://www.courtlistener.com/opinion/195450/united-states-v-guyon/,Court of Appeals for the First Circuit,Guyon,United States v. Guyon,"['1994 WL 275115', '1994 U.S. App. LEXIS 16149', '27 F.3d 723']"
9600255,https://www.courtlistener.com/opinion/9600255/eidmann-v-walgreen-co/,"District Court, N.D. California",223097,https://www.courtlistener.com/opinion/223097/united-states-v-corinthian-colleges/,Court of Appeals for the Ninth Circuit,,United States v. Corinthian Colleges,"['2011 U.S. App. LEXIS 16618', '272 Educ. L. Rep. 852', '655 F.3d 984']"
9600255,https://www.courtlistener.com/opinion/9600255/eidmann-v-walgreen-co/,"District Court, N.D. California",629029,https://www.courtlistener.com/opinion/629029/united-states-v-kevin-r-smith-dalian-c-stewart-and-steve-taylor/,Court of Appeals for the Seventh Circuit,,"United States v. Kevin R. Smith, Dalian C. Stewart, and Steve Taylor","['1993 U.S. App. LEXIS 21790', '3 F.3d 1088']"
9600255,https://www.courtlistener.com/opinion/9600255/eidmann-v-walgreen-co/,"District Court, N.D. California",693410,https://www.courtlistener.com/opinion/693410/parks-school-of-business-inc-dba-parks-college-a-new-mexico-corporation/,Court of Appeals for the Ninth Circuit,,"Parks School of Business, Inc., Dba Parks College, a New Mexico Corporation v. Fife Symington Roy A. Nicholson Sally Hein","['1995 WL 156893', '1995 U.S. App. LEXIS 7930', '95 Daily Journal DAR 4577', '95 Cal. Daily Op. Serv. 2612', '51 F.3d 1480']"
9600255,https://www.courtlistener.com/opinion/9600255/eidmann-v-walgreen-co/,"District Court, N.D. California",1208595,https://www.courtlistener.com/opinion/1208595/kearns-v-ford-motor-co/,Court of Appeals for the Ninth Circuit,Kearns,Kearns v. Ford Motor Co.,"['2009 WL 1578535', '2009 U.S. App. LEXIS 12289', '73 Fed. R. Serv. 3d 1168', '567 F.3d 1120']"
9600255,https://www.courtlistener.com/opinion/9600255/eidmann-v-walgreen-co/,"District Court, N.D. California",1243130,https://www.courtlistener.com/opinion/1243130/williams-v-gerber-products-co/,Court of Appeals for the Ninth Circuit,,Williams v. Gerber Products Co.,"['2008 WL 5273731', '2008 U.S. App. LEXIS 27421', '552 F.3d 934']"
9600255,https://www.courtlistener.com/opinion/9600255/eidmann-v-walgreen-co/,"District Court, N.D. California",2267506,https://www.courtlistener.com/opinion/2267506/limandri-v-judkins/,California Court of Appeal,LiMandri,LiMandri v. Judkins,"['1997 Cal. App. LEXIS 56', '97 Daily Journal DAR 1037', '97 Cal. Daily Op. Serv. 690', '60 Cal. Rptr. 2d 539', '52 Cal. App. 4th 326']"
9600255,https://www.courtlistener.com/opinion/9600255/eidmann-v-walgreen-co/,"District Court, N.D. California",2290504,https://www.courtlistener.com/opinion/2290504/daugherty-v-american-honda-motor-co-inc/,California Court of Appeal,,"Daugherty v. American Honda Motor Co., Inc.","['144 Cal. App. 4th 824', '51 Cal. Rptr. 3d 118']"
9600255,https://www.courtlistener.com/opinion/9600255/eidmann-v-walgreen-co/,"District Court, N.D. California",2736107,https://www.courtlistener.com/opinion/2736107/retail-property-trust-v-united-brotherhood-of-carpenters-joiners-of/,Court of Appeals for the Ninth Circuit,,Retail Property Trust v. United Brotherhood of Carpenters & Joiners of America,"['2014 WL 4694802', '2014 U.S. App. LEXIS 18322', '200 L.R.R.M. (BNA) 3653', '768 F.3d 938']"
9600255,https://www.courtlistener.com/opinion/9600255/eidmann-v-walgreen-co/,"District Court, N.D. California",3197609,https://www.courtlistener.com/opinion/3197609/timothy-boris-v-wal-mart-stores-inc/,Court of Appeals for the Ninth Circuit,,"Timothy Boris v. Wal-Mart Stores, Inc.","[""649 F. App'x 424""]"
9600255,https://www.courtlistener.com/opinion/9600255/eidmann-v-walgreen-co/,"District Court, N.D. California",4503602,https://www.courtlistener.com/opinion/4503602/robert-hodsdon-v-mars-inc/,Court of Appeals for the Ninth Circuit,,"Robert Hodsdon v. Mars, Inc.",['891 F.3d 857']
9600255,https://www.courtlistener.com/opinion/9600255/eidmann-v-walgreen-co/,"District Court, N.D. California",7060249,https://www.courtlistener.com/opinion/7060249/cooper-v-pickett/,Court of Appeals for the Ninth Circuit,Cooper,Cooper v. Pickett,"['1997 WL 835300', '137 F.3d 616']"
9600255,https://www.courtlistener.com/opinion/9600255/eidmann-v-walgreen-co/,"District Court, N.D. California",7079981,https://www.courtlistener.com/opinion/7079981/lopez-v-smith/,Court of Appeals for the Ninth Circuit,Lopez,Lopez v. Smith,"['2000 WL 144385', '2000 U.S. App. LEXIS 1740', '2000 Daily Journal DAR 1585', '2000 Cal. Daily Op. Serv. 1096', '46 Fed. R. Serv. 3d 494', '203 F.3d 1122']"
9600255,https://www.courtlistener.com/opinion/9600255/eidmann-v-walgreen-co/,"District Court, N.D. California",7092482,https://www.courtlistener.com/opinion/7092482/lee-v-city-of-los-angeles/,Court of Appeals for the Ninth Circuit,,Lee v. City of Los Angeles,"['2001 WL 468408', '250 F.3d 668']"
9600255,https://www.courtlistener.com/opinion/9600255/eidmann-v-walgreen-co/,"District Court, N.D. California",7307880,https://www.courtlistener.com/opinion/7307880/boris-v-wal-mart-stores-inc/,"District Court, C.D. California",Boris,"Boris v. Wal-Mart Stores, Inc.","['2014 U.S. Dist. LEXIS 56115', '2014 WL 1477404', '35 F. Supp. 3d 1163']"
9600255,https://www.courtlistener.com/opinion/9600255/eidmann-v-walgreen-co/,"District Court, N.D. California",7314194,https://www.courtlistener.com/opinion/7314194/gerritsen-v-warner-bros-entertainment-inc/,"District Court, C.D. California",Gerritsen,Gerritsen v. Warner Bros. Entertainment Inc.,"['2015 WL 4069617', '2015 U.S. Dist. LEXIS 84978', '112 F. Supp. 3d 1011']"
9600255,https://www.courtlistener.com/opinion/9600255/eidmann-v-walgreen-co/,"District Court, N.D. California",7319736,https://www.courtlistener.com/opinion/7319736/mullins-v-premier-nutrition-corp/,"District Court, N.D. California",Mullins,Mullins v. Premier Nutrition Corp.,"['2016 WL 1534784', '2016 U.S. Dist. LEXIS 51139', '178 F. Supp. 3d 867']"
9600255,https://www.courtlistener.com/opinion/9600255/eidmann-v-walgreen-co/,"District Court, N.D. California",7323778,https://www.courtlistener.com/opinion/7323778/sud-v-costco-wholesale-corp/,"District Court, N.D. California",Sud,Sud v. Costco Wholesale Corp.,"['2017 U.S. Dist. LEXIS 9943', '2017 WL 345994', '229 F. Supp. 3d 1075']"
9600255,https://www.courtlistener.com/opinion/9600255/eidmann-v-walgreen-co/,"District Court, N.D. California",7324900,https://www.courtlistener.com/opinion/7324900/hadley-v-kellogg-sales-co/,"District Court, N.D. California",Hadley,Hadley v. Kellogg Sales Co.,"['2017 U.S. Dist. LEXIS 40825', '2017 WL 1065293', '243 F. Supp. 3d 1074']"
9600255,https://www.courtlistener.com/opinion/9600255/eidmann-v-walgreen-co/,"District Court, N.D. California",7332053,https://www.courtlistener.com/opinion/7332053/lanza-v-fin-indus-regulatory-auth/,"District Court, District of Columbia",Lanza,Lanza v. Fin. Indus. Regulatory Auth.,['333 F. Supp. 3d 11']
9600255,https://www.courtlistener.com/opinion/9600255/eidmann-v-walgreen-co/,"District Court, N.D. California",8442970,https://www.courtlistener.com/opinion/8442970/ebner-v-fresh-inc/,Court of Appeals for the Ninth Circuit,Ebner,"Ebner v. Fresh, Inc.","['2016 WL 5389307', '838 F.3d 958']"
9600255,https://www.courtlistener.com/opinion/9600255/eidmann-v-walgreen-co/,"District Court, N.D. California",8819232,https://www.courtlistener.com/opinion/8819232/bluefields-s-s-co-v-united-fruit-co/,Court of Appeals for the Third Circuit,,Bluefields S. S. Co. v. United Fruit Co.,"['1917 U.S. App. LEXIS 2082', '155 C.C.A. 531', '243 F. 1']"
9600255,https://www.courtlistener.com/opinion/9600255/eidmann-v-walgreen-co/,"District Court, N.D. California",8946656,https://www.courtlistener.com/opinion/8946656/semegen-v-weidner/,Court of Appeals for the Ninth Circuit,Semegen,Semegen v. Weidner,"['1985 U.S. App. LEXIS 25959', '780 F.2d 727']"
9600255,https://www.courtlistener.com/opinion/9600255/eidmann-v-walgreen-co/,"District Court, N.D. California",145875,https://www.courtlistener.com/opinion/145875/ashcroft-v-iqbal/,Supreme Court of the United States,Iqbal,Ashcroft v. Iqbal,"['2009 U.S. LEXIS 3472', '556 U.S. 662', '129 S. Ct. 1937', '173 L. Ed. 2d 868']"
9600255,https://www.courtlistener.com/opinion/9600255/eidmann-v-walgreen-co/,"District Court, N.D. California",2283365,https://www.courtlistener.com/opinion/2283365/lavie-v-procter-gamble-co/,California Court of Appeal,Lavie,Lavie v. Procter & Gamble Co.,"['2003 Cal. App. LEXIS 71', '2003 Cal. Daily Op. Serv. 612', '2003 Daily Journal DAR 699', '105 Cal. App. 4th 496', '129 Cal. Rptr. 2d 486']"
9600728,https://www.courtlistener.com/opinion/9600728/simpson-strong-tie-company-inc-v-mitek-inc/,"District Court, N.D. California",112568,https://www.courtlistener.com/opinion/112568/feist-publications-inc-v-rural-telephone-service-co/,Supreme Court of the United States,,"Feist Publications, Inc. v. Rural Telephone Service Co.","['91 Cal. Daily Op. Serv. 2217', '121 P.U.R.4th 1', '18 U.S.P.Q. 2d (BNA) 1275', '68 Rad. Reg. 2d (P & F) 1513', '59 U.S.L.W. 4251', '18 Media L. Rep. (BNA) 1889', '91 Daily Journal DAR 3580', '1991 U.S. LEXIS 1856', '499 U.S. 340', '111 S. Ct. 1282', '113 L. Ed. 2d 358']"
9600728,https://www.courtlistener.com/opinion/9600728/simpson-strong-tie-company-inc-v-mitek-inc/,"District Court, N.D. California",130141,https://www.courtlistener.com/opinion/130141/dastar-corp-v-twentieth-century-fox-film-corp/,Supreme Court of the United States,Dastar,Dastar Corp. v. Twentieth Century Fox Film Corp.,"['71 U.S.L.W. 4415', '66 U.S.P.Q. 2d (BNA) 1641', '2003 Cal. Daily Op. Serv. 4554', '16 Fla. L. Weekly Fed. S 330', '2003 Daily Journal DAR 5799', '194 A.L.R. Fed. 731', '2003 U.S. LEXIS 4276', '539 U.S. 23', '123 S. Ct. 2041', '156 L. Ed. 2d 18']"
9600728,https://www.courtlistener.com/opinion/9600728/simpson-strong-tie-company-inc-v-mitek-inc/,"District Court, N.D. California",216101,https://www.courtlistener.com/opinion/216101/fayer-v-vaughn/,Court of Appeals for the Ninth Circuit,Fayer,Fayer v. Vaughn,"['2011 WL 1663595', '2011 U.S. App. LEXIS 9103', '649 F.3d 1061']"
9600728,https://www.courtlistener.com/opinion/9600728/simpson-strong-tie-company-inc-v-mitek-inc/,"District Court, N.D. California",219976,https://www.courtlistener.com/opinion/219976/reese-v-bp-exploration-alaska-inc/,Court of Appeals for the Ninth Circuit,Reese,Reese v. BP Exploration (Alaska) Inc.,"['2011 WL 2557238', '2011 U.S. App. LEXIS 13255', '178 Oil & Gas Rep. 774', '643 F.3d 681']"
9600728,https://www.courtlistener.com/opinion/9600728/simpson-strong-tie-company-inc-v-mitek-inc/,"District Court, N.D. California",383718,https://www.courtlistener.com/opinion/383718/international-order-of-jobs-daughters-v-lindeburg-and-company/,Court of Appeals for the Ninth Circuit,,International Order of Job's Daughters v. Lindeburg and Company,['633 F.2d 912']
9600728,https://www.courtlistener.com/opinion/9600728/simpson-strong-tie-company-inc-v-mitek-inc/,"District Court, N.D. California",537184,https://www.courtlistener.com/opinion/537184/hal-roach-studios-inc-a-delaware-corporation-v-richard-feiner-and/,Court of Appeals for the Ninth Circuit,,"Hal Roach Studios, Inc., a Delaware Corporation v. Richard Feiner and Company, Inc., a New York Corporation",['896 F.2d 1542']
9600728,https://www.courtlistener.com/opinion/9600728/simpson-strong-tie-company-inc-v-mitek-inc/,"District Court, N.D. California",763256,https://www.courtlistener.com/opinion/763256/coastal-abstract-service-inc-v-first-american-title-insurance-company/,Court of Appeals for the First Circuit,,"Coastal Abstract Service, Inc. v. First American Title Insurance Company, John M. Hollenbeck","['1999 WL 152594', '1999 U.S. App. LEXIS 4841', '50 U.S.P.Q. 2d (BNA) 1118', '99 Cal. Daily Op. Serv. 2065', '173 F.3d 725']"
9600728,https://www.courtlistener.com/opinion/9600728/simpson-strong-tie-company-inc-v-mitek-inc/,"District Court, N.D. California",1228127,https://www.courtlistener.com/opinion/1228127/perfect-10-inc-v-amazon-com-inc/,Court of Appeals for the Ninth Circuit,,"Perfect 10, Inc. v. Amazon. Com, Inc.","['2007 WL 4225819', '508 F.3d 1146']"
9600728,https://www.courtlistener.com/opinion/9600728/simpson-strong-tie-company-inc-v-mitek-inc/,"District Court, N.D. California",1243130,https://www.courtlistener.com/opinion/1243130/williams-v-gerber-products-co/,Court of Appeals for the Ninth Circuit,,Williams v. Gerber Products Co.,"['2008 WL 5273731', '2008 U.S. App. LEXIS 27421', '552 F.3d 934']"
9600728,https://www.courtlistener.com/opinion/9600728/simpson-strong-tie-company-inc-v-mitek-inc/,"District Court, N.D. California",1384069,https://www.courtlistener.com/opinion/1384069/freecycle-network-inc-v-oey/,Court of Appeals for the Ninth Circuit,Oey,"Freecycle Network, Inc. v. Oey","['2007 WL 2781902', '2007 U.S. App. LEXIS 22724', '84 U.S.P.Q. 2d (BNA) 1530', '505 F.3d 898']"
9600728,https://www.courtlistener.com/opinion/9600728/simpson-strong-tie-company-inc-v-mitek-inc/,"District Court, N.D. California",1400355,https://www.courtlistener.com/opinion/1400355/in-re-gilead-sciences-securities-litigation/,Court of Appeals for the Ninth Circuit,In Re Gilead Sciences Securities Litigation,In Re Gilead Sciences Securities Litigation,"['2008 WL 3271039', '2008 U.S. App. LEXIS 17076', '536 F.3d 1049']"
9600728,https://www.courtlistener.com/opinion/9600728/simpson-strong-tie-company-inc-v-mitek-inc/,"District Court, N.D. California",1544353,https://www.courtlistener.com/opinion/1544353/dezendorf-v-twentieth-century-fox-film-corporation/,Court of Appeals for the Ninth Circuit,Dezendorf,Dezendorf v. Twentieth Century-Fox Film Corporation,"['1938 U.S. App. LEXIS 3009', '39 U.S.P.Q. (BNA) 467', '99 F.2d 850']"
9600728,https://www.courtlistener.com/opinion/9600728/simpson-strong-tie-company-inc-v-mitek-inc/,"District Court, N.D. California",2368488,https://www.courtlistener.com/opinion/2368488/dana-point-safe-harbor-collective-v-superior-court/,California Supreme Court,,Dana Point Safe Harbor Collective v. Superior Court,"['2010 Cal. LEXIS 12366', '118 Cal. Rptr. 3d 571', '243 P.3d 575', '51 Cal. 4th 1']"
9600728,https://www.courtlistener.com/opinion/9600728/simpson-strong-tie-company-inc-v-mitek-inc/,"District Court, N.D. California",2574191,https://www.courtlistener.com/opinion/2574191/zito-v-steeplechase-films-inc/,"District Court, N.D. California",Zito,"Zito v. Steeplechase Films, Inc.","['2003 WL 21404075', '2003 U.S. Dist. LEXIS 14441', '67 U.S.P.Q. 2d (BNA) 1364', '267 F. Supp. 2d 1022']"
9600728,https://www.courtlistener.com/opinion/9600728/simpson-strong-tie-company-inc-v-mitek-inc/,"District Court, N.D. California",2685239,https://www.courtlistener.com/opinion/2685239/p-victor-gonzalez-v-planned-parenthood-of-la/,Court of Appeals for the Ninth Circuit,,P. Victor Gonzalez v. Planned Parenthood of La,"['2014 U.S. App. LEXIS 13999', '2014 WL 3583514', '759 F.3d 1112']"
9600728,https://www.courtlistener.com/opinion/9600728/simpson-strong-tie-company-inc-v-mitek-inc/,"District Court, N.D. California",3010728,https://www.courtlistener.com/opinion/3010728/pennzoil-products-co-v-colelli-associates-inc/,Court of Appeals for the Third Circuit,,"Pennzoil Products Co. v. Colelli & Associates, Inc.","['1998 WL 378809', '149 F.3d 197']"
9600728,https://www.courtlistener.com/opinion/9600728/simpson-strong-tie-company-inc-v-mitek-inc/,"District Court, N.D. California",4421468,https://www.courtlistener.com/opinion/4421468/disney-enterprises-inc-v-vidangel-inc/,Court of Appeals for the Ninth Circuit,,"Disney Enterprises, Inc. v. Vidangel, Inc.","['2017 U.S. App. LEXIS 16188', '45 Media L. Rep. (BNA) 2241', '123 U.S.P.Q. 2d (BNA) 1753', '869 F.3d 848']"
9600728,https://www.courtlistener.com/opinion/9600728/simpson-strong-tie-company-inc-v-mitek-inc/,"District Court, N.D. California",4471306,https://www.courtlistener.com/opinion/4471306/jacobus-rentmeester-v-nike-inc/,Court of Appeals for the Ninth Circuit,,"Jacobus Rentmeester v. Nike, Inc.",['883 F.3d 1111']
9600728,https://www.courtlistener.com/opinion/9600728/simpson-strong-tie-company-inc-v-mitek-inc/,"District Court, N.D. California",4519778,https://www.courtlistener.com/opinion/4519778/otr-wheel-engineering-v-west-worldwide-services/,Court of Appeals for the Ninth Circuit,,Otr Wheel Engineering v. West Worldwide Services,['897 F.3d 1008']
9600728,https://www.courtlistener.com/opinion/9600728/simpson-strong-tie-company-inc-v-mitek-inc/,"District Court, N.D. California",4525969,https://www.courtlistener.com/opinion/4525969/karim-khoja-v-orexigen-therapeutics-inc/,Court of Appeals for the Ninth Circuit,,"Karim Khoja v. Orexigen Therapeutics, Inc.",['899 F.3d 988']
9600728,https://www.courtlistener.com/opinion/9600728/simpson-strong-tie-company-inc-v-mitek-inc/,"District Court, N.D. California",5608107,https://www.courtlistener.com/opinion/5608107/kwikset-corp-v-superior-court/,California Supreme Court,,Kwikset Corp. v. Superior Court,"['2011 Cal. LEXIS 532', '120 Cal. Rptr. 3d 741', '246 P.3d 877', '51 Cal. 4th 310']"
9600728,https://www.courtlistener.com/opinion/9600728/simpson-strong-tie-company-inc-v-mitek-inc/,"District Court, N.D. California",6239892,https://www.courtlistener.com/opinion/6239892/brady-v-bayer-corp/,"California Court of Appeal, 5th District",Brady,Brady v. Bayer Corp.,"['26 Cal. App. 5th 1156', '237 Cal. Rptr. 3d 683']"
9600728,https://www.courtlistener.com/opinion/9600728/simpson-strong-tie-company-inc-v-mitek-inc/,"District Court, N.D. California",7041988,https://www.courtlistener.com/opinion/7041988/southland-sod-farms-v-stover-seed-co/,Court of Appeals for the Ninth Circuit,,Southland Sod Farms v. Stover Seed Co.,"['1997 WL 104651', '108 F.3d 1134']"
9600728,https://www.courtlistener.com/opinion/9600728/simpson-strong-tie-company-inc-v-mitek-inc/,"District Court, N.D. California",7324900,https://www.courtlistener.com/opinion/7324900/hadley-v-kellogg-sales-co/,"District Court, N.D. California",Hadley,Hadley v. Kellogg Sales Co.,"['2017 U.S. Dist. LEXIS 40825', '2017 WL 1065293', '243 F. Supp. 3d 1074']"
9600728,https://www.courtlistener.com/opinion/9600728/simpson-strong-tie-company-inc-v-mitek-inc/,"District Court, N.D. California",8749605,https://www.courtlistener.com/opinion/8749605/nissan-motor-co-v-nissan-computer-corp/,"District Court, C.D. California",,Nissan Motor Co. v. Nissan Computer Corp.,"['2001 WL 1557455', '2001 U.S. Dist. LEXIS 20575', '204 F.R.D. 460']"
9600728,https://www.courtlistener.com/opinion/9600728/simpson-strong-tie-company-inc-v-mitek-inc/,"District Court, N.D. California",8977849,https://www.courtlistener.com/opinion/8977849/blinded-veterans-assn-v-blinded-american-veterans-foundation/,Court of Appeals for the D.C. Circuit,,Blinded Veterans Ass'n v. Blinded American Veterans Foundation,"['1989 WL 32862', '872 F.2d 1035']"
9600728,https://www.courtlistener.com/opinion/9600728/simpson-strong-tie-company-inc-v-mitek-inc/,"District Court, N.D. California",145730,https://www.courtlistener.com/opinion/145730/bell-atlantic-corp-v-twombly/,Supreme Court of the United States,Twombly,Bell Atlantic Corp. v. Twombly,"['75 U.S.L.W. 4337', '68 Fed. R. Serv. 3d 661', '20 Fla. L. Weekly Fed. S 267', '41 Communications Reg. (P&F) 567', '2007 U.S. LEXIS 5901', '550 U.S. 544', '127 S. Ct. 1955', '167 L. Ed. 2d 929']"
9600728,https://www.courtlistener.com/opinion/9600728/simpson-strong-tie-company-inc-v-mitek-inc/,"District Court, N.D. California",1801796,https://www.courtlistener.com/opinion/1801796/in-re-tobacco-ii-cases/,California Supreme Court,In Re Tobacco II Cases,In Re Tobacco II Cases,"['2009 Cal. LEXIS 4365', '93 Cal. Rptr. 3d 559', '207 P.3d 20', '46 Cal. 4th 298']"
9601047,https://www.courtlistener.com/opinion/9601047/maisel-v-sc-johnson-son-inc/,"District Court, N.D. California",302,https://www.courtlistener.com/opinion/302/chandler-v-state-farm-mutual-automobile-insurance/,Court of Appeals for the Ninth Circuit,,Chandler v. State Farm Mutual Automobile Insurance,"['2010 WL 938113', '2010 U.S. App. LEXIS 5499', '598 F.3d 1115']"
9601047,https://www.courtlistener.com/opinion/9601047/maisel-v-sc-johnson-son-inc/,"District Court, N.D. California",117845,https://www.courtlistener.com/opinion/117845/kokkonen-v-guardian-life-insurance-co-of-america/,Supreme Court of the United States,Kokkonen,Kokkonen v. Guardian Life Insurance Co. of America,"['94 Daily Journal DAR 6508', '29 Fed. R. Serv. 3d 1', '62 U.S.L.W. 4313', '94 Cal. Daily Op. Serv. 3453', '8 Fla. L. Weekly Fed. S 93', '1994 U.S. LEXIS 3767', '511 U.S. 375', '114 S. Ct. 1673', '128 L. Ed. 2d 391']"
9601047,https://www.courtlistener.com/opinion/9601047/maisel-v-sc-johnson-son-inc/,"District Court, N.D. California",613992,https://www.courtlistener.com/opinion/613992/maya-v-centex-corp/,Court of Appeals for the Ninth Circuit,Maya,Maya v. Centex Corp.,"['2011 WL 4381864', '658 F.3d 1060']"
9601047,https://www.courtlistener.com/opinion/9601047/maisel-v-sc-johnson-son-inc/,"District Court, N.D. California",626786,https://www.courtlistener.com/opinion/626786/mirko-carrea-v-dreyers-grand-ice-cream-inc/,Court of Appeals for the Ninth Circuit,,"Mirko Carrea v. Dreyer's Grand Ice Cream, Inc.","[""475 F. App'x 113""]"
9601047,https://www.courtlistener.com/opinion/9601047/maisel-v-sc-johnson-son-inc/,"District Court, N.D. California",788121,https://www.courtlistener.com/opinion/788121/the-cetacean-community-v-george-w-bush-president-of-the-united-states-of/,Court of Appeals for the Ninth Circuit,,"The Cetacean Community v. George W. Bush, President of the United States of America Donald H. Rumsfeld, United States of America Secretary of Defense","['2004 WL 2348373', '2004 U.S. App. LEXIS 21754', '59 ERC (BNA) 1257', '34 Envtl. L. Rep. (Envtl. Law Inst.) 20120', '386 F.3d 1169']"
9601047,https://www.courtlistener.com/opinion/9601047/maisel-v-sc-johnson-son-inc/,"District Court, N.D. California",1208595,https://www.courtlistener.com/opinion/1208595/kearns-v-ford-motor-co/,Court of Appeals for the Ninth Circuit,Kearns,Kearns v. Ford Motor Co.,"['2009 WL 1578535', '2009 U.S. App. LEXIS 12289', '73 Fed. R. Serv. 3d 1168', '567 F.3d 1120']"
9601047,https://www.courtlistener.com/opinion/9601047/maisel-v-sc-johnson-son-inc/,"District Court, N.D. California",2178527,https://www.courtlistener.com/opinion/2178527/in-re-apple-at-t-ipad-unlimited-data-plan-litigation/,"District Court, N.D. California",In Re Apple & at & T Ipad Unlimited Data Plan Lit.,In Re Apple & AT & T Ipad Unlimited Data Plan Litigation,"['2011 WL 2847418', '2011 U.S. Dist. LEXIS 77411', '802 F. Supp. 2d 1070']"
9601047,https://www.courtlistener.com/opinion/9601047/maisel-v-sc-johnson-son-inc/,"District Court, N.D. California",2255890,https://www.courtlistener.com/opinion/2255890/weinstat-v-dentsply-international-inc/,California Court of Appeal,Weinstat,"Weinstat v. Dentsply International, Inc.","['2010 Cal. App. LEXIS 5', '70 U.C.C. Rep. Serv. 2d (West) 689', '103 Cal. Rptr. 3d 614', '180 Cal. App. 4th 1213']"
9601047,https://www.courtlistener.com/opinion/9601047/maisel-v-sc-johnson-son-inc/,"District Court, N.D. California",2258800,https://www.courtlistener.com/opinion/2258800/colgan-v-leatherman-tool-group-inc/,California Court of Appeal,Colgan,"Colgan v. Leatherman Tool Group, Inc.","['2006 Cal. App. LEXIS 19', '2006 Cal. Daily Op. Serv. 316', '2006 Daily Journal DAR 422', '135 Cal. App. 4th 663', '38 Cal. Rptr. 3d 36']"
9601047,https://www.courtlistener.com/opinion/9601047/maisel-v-sc-johnson-son-inc/,"District Court, N.D. California",2261722,https://www.courtlistener.com/opinion/2261722/brocket-v-moore/,California Court of Appeal,BROCKET,BROCKET v. Moore,"['2003 Cal. App. LEXIS 421', '2003 Daily Journal DAR 3018', '2003 Cal. Daily Op. Serv. 2418', '107 Cal. App. 4th 86', '131 Cal. Rptr. 2d 746']"
9601047,https://www.courtlistener.com/opinion/9601047/maisel-v-sc-johnson-son-inc/,"District Court, N.D. California",2282785,https://www.courtlistener.com/opinion/2282785/durell-v-sharp-healthcare/,California Court of Appeal,Durell,Durell v. Sharp Healthcare,"['2010 Cal. App. LEXIS 531', '108 Cal. Rptr. 3d 682', '183 Cal. App. 4th 1350']"
9601047,https://www.courtlistener.com/opinion/9601047/maisel-v-sc-johnson-son-inc/,"District Court, N.D. California",3179362,https://www.courtlistener.com/opinion/3179362/alessandra-balser-v-the-hain-celestial-group/,Court of Appeals for the Ninth Circuit,,Alessandra Balser v. the Hain Celestial Group,"[""640 F. App'x 694""]"
9601047,https://www.courtlistener.com/opinion/9601047/maisel-v-sc-johnson-son-inc/,"District Court, N.D. California",5608107,https://www.courtlistener.com/opinion/5608107/kwikset-corp-v-superior-court/,California Supreme Court,,Kwikset Corp. v. Superior Court,"['2011 Cal. LEXIS 532', '120 Cal. Rptr. 3d 741', '246 P.3d 877', '51 Cal. 4th 310']"
9601047,https://www.courtlistener.com/opinion/9601047/maisel-v-sc-johnson-son-inc/,"District Court, N.D. California",5809491,https://www.courtlistener.com/opinion/5809491/linear-technology-corp-v-applied-materials-inc/,California Court of Appeal,,"Linear Technology Corp. v. Applied Materials, Inc.","['2007 Cal. App. LEXIS 1000', '63 U.C.C. Rep. Serv. 2d (West) 407', '61 Cal. Rptr. 3d 221', '152 Cal. App. 4th 115']"
9601047,https://www.courtlistener.com/opinion/9601047/maisel-v-sc-johnson-son-inc/,"District Court, N.D. California",5810388,https://www.courtlistener.com/opinion/5810388/bower-v-att-mobility-llc/,California Court of Appeal,Bower,"Bower v. AT&T Mobility, LLC","['2011 Cal. App. LEXIS 851', '127 Cal. Rptr. 3d 569', '196 Cal. App. 4th 1545']"
9601047,https://www.courtlistener.com/opinion/9601047/maisel-v-sc-johnson-son-inc/,"District Court, N.D. California",7060249,https://www.courtlistener.com/opinion/7060249/cooper-v-pickett/,Court of Appeals for the Ninth Circuit,Cooper,Cooper v. Pickett,"['1997 WL 835300', '137 F.3d 616']"
9601047,https://www.courtlistener.com/opinion/9601047/maisel-v-sc-johnson-son-inc/,"District Court, N.D. California",7082005,https://www.courtlistener.com/opinion/7082005/white-v-lee/,Court of Appeals for the Ninth Circuit,White,White v. Lee,"['2000 WL 1407125', '2000 U.S. App. LEXIS 23778', '2000 Cal. Daily Op. Serv. 7958', '2000 Daily Journal DAR 10557', '227 F.3d 1214']"
9601047,https://www.courtlistener.com/opinion/9601047/maisel-v-sc-johnson-son-inc/,"District Court, N.D. California",7085931,https://www.courtlistener.com/opinion/7085931/bly-magee-v-california/,Court of Appeals for the Ninth Circuit,Bly-Magee,Bly-Magee v. California,"['2001 WL 2078', '236 F.3d 1014']"
9601047,https://www.courtlistener.com/opinion/9601047/maisel-v-sc-johnson-son-inc/,"District Court, N.D. California",7102486,https://www.courtlistener.com/opinion/7102486/armstrong-v-davis/,Court of Appeals for the Ninth Circuit,Armstrong,Armstrong v. Davis,"['2001 WL 1506518', '275 F.3d 849']"
9601047,https://www.courtlistener.com/opinion/9601047/maisel-v-sc-johnson-son-inc/,"District Court, N.D. California",7110394,https://www.courtlistener.com/opinion/7110394/vess-v-ciba-geigy-corp-usa/,Court of Appeals for the Ninth Circuit,Vess,Vess v. Ciba-Geigy Corp. USA,"['2003 WL 203124', '317 F.3d 1097']"
9601047,https://www.courtlistener.com/opinion/9601047/maisel-v-sc-johnson-son-inc/,"District Court, N.D. California",7310575,https://www.courtlistener.com/opinion/7310575/figy-v-frito-lay-north-america-inc/,"District Court, N.D. California",Figy,"Figy v. Frito-Lay North America, Inc.","['2014 U.S. Dist. LEXIS 111732', '2014 WL 3953755', '67 F. Supp. 3d 1075']"
9601047,https://www.courtlistener.com/opinion/9601047/maisel-v-sc-johnson-son-inc/,"District Court, N.D. California",7316646,https://www.courtlistener.com/opinion/7316646/kanfer-v-pharmacare-us-inc/,"District Court, S.D. California",Kanfer,"Kanfer v. Pharmacare US, Inc.","['2015 WL 6742201', '2015 U.S. Dist. LEXIS 150105', '142 F. Supp. 3d 1091']"
9601047,https://www.courtlistener.com/opinion/9601047/maisel-v-sc-johnson-son-inc/,"District Court, N.D. California",7324900,https://www.courtlistener.com/opinion/7324900/hadley-v-kellogg-sales-co/,"District Court, N.D. California",Hadley,Hadley v. Kellogg Sales Co.,"['2017 U.S. Dist. LEXIS 40825', '2017 WL 1065293', '243 F. Supp. 3d 1074']"
9601047,https://www.courtlistener.com/opinion/9601047/maisel-v-sc-johnson-son-inc/,"District Court, N.D. California",7328212,https://www.courtlistener.com/opinion/7328212/sloan-v-gen-motors-llc/,"District Court, N.D. California",Sloan,Sloan v. Gen. Motors LLC,['287 F. Supp. 3d 840']
9601047,https://www.courtlistener.com/opinion/9601047/maisel-v-sc-johnson-son-inc/,"District Court, N.D. California",7329667,https://www.courtlistener.com/opinion/7329667/zeiger-v-wellpet-llc/,"District Court, N.D. California",Zeiger,Zeiger v. Wellpet LLC,['304 F. Supp. 3d 837']
9601047,https://www.courtlistener.com/opinion/9601047/maisel-v-sc-johnson-son-inc/,"District Court, N.D. California",7332360,https://www.courtlistener.com/opinion/7332360/mattero-v-costco-wholesale-corp/,"District Court, N.D. California",Mattero,Mattero v. Costco Wholesale Corp.,['336 F. Supp. 3d 1109']
9601047,https://www.courtlistener.com/opinion/9601047/maisel-v-sc-johnson-son-inc/,"District Court, N.D. California",8438360,https://www.courtlistener.com/opinion/8438360/safe-air-for-everyone-v-meyer/,Court of Appeals for the Ninth Circuit,Meyer,Safe Air for Everyone v. Meyer,"['2004 WL 1470862', '373 F.3d 1035']"
9601047,https://www.courtlistener.com/opinion/9601047/maisel-v-sc-johnson-son-inc/,"District Court, N.D. California",8442970,https://www.courtlistener.com/opinion/8442970/ebner-v-fresh-inc/,Court of Appeals for the Ninth Circuit,Ebner,"Ebner v. Fresh, Inc.","['2016 WL 5389307', '838 F.3d 958']"
9601047,https://www.courtlistener.com/opinion/9601047/maisel-v-sc-johnson-son-inc/,"District Court, N.D. California",8721396,https://www.courtlistener.com/opinion/8721396/miller-v-ghirardelli-chocolate-co/,"District Court, N.D. California",,Miller v. Ghirardelli Chocolate Co.,"['2012 U.S. Dist. LEXIS 174008', '2012 WL 6096593', '912 F. Supp. 2d 861']"
9601047,https://www.courtlistener.com/opinion/9601047/maisel-v-sc-johnson-son-inc/,"District Court, N.D. California",8724101,https://www.courtlistener.com/opinion/8724101/brazil-v-dole-food-co/,"District Court, N.D. California",Brazil,Brazil v. Dole Food Co.,"['2013 U.S. Dist. LEXIS 42026', '2013 WL 1209955', '935 F. Supp. 2d 947']"
9601047,https://www.courtlistener.com/opinion/9601047/maisel-v-sc-johnson-son-inc/,"District Court, N.D. California",8727202,https://www.courtlistener.com/opinion/8727202/bruton-v-gerber-products-co/,"District Court, N.D. California",Bruton,Bruton v. Gerber Products Co.,"['2013 U.S. Dist. LEXIS 129241', '2013 WL 4833413', '961 F. Supp. 2d 1062']"
9601047,https://www.courtlistener.com/opinion/9601047/maisel-v-sc-johnson-son-inc/,"District Court, N.D. California",8782962,https://www.courtlistener.com/opinion/8782962/ries-v-arizona-beverages-usa-llc/,"District Court, N.D. California",Ries,Ries v. Arizona Beverages USA LLC,"['2012 U.S. Dist. LEXIS 169853', '2012 WL 5975247', '84 Fed. R. Serv. 3d 296', '287 F.R.D. 523']"
9601047,https://www.courtlistener.com/opinion/9601047/maisel-v-sc-johnson-son-inc/,"District Court, N.D. California",8789488,https://www.courtlistener.com/opinion/8789488/clancy-v-bromley-tea-co/,"District Court, N.D. California",Clancy,Clancy v. Bromley Tea Co.,"['2013 U.S. Dist. LEXIS 112722', '2013 WL 4081632', '308 F.R.D. 564']"
9601047,https://www.courtlistener.com/opinion/9601047/maisel-v-sc-johnson-son-inc/,"District Court, N.D. California",9022504,https://www.courtlistener.com/opinion/9022504/davidson-v-kimberly-clark-corp/,Court of Appeals for the Ninth Circuit,Davidson,Davidson v. Kimberly-Clark Corp.,['889 F.3d 956']
9601047,https://www.courtlistener.com/opinion/9601047/maisel-v-sc-johnson-son-inc/,"District Court, N.D. California",110916,https://www.courtlistener.com/opinion/110916/city-of-los-angeles-v-lyons/,Supreme Court of the United States,Lyons,City of Los Angeles v. Lyons,"['51 U.S.L.W. 4424', '1983 U.S. LEXIS 152', '461 U.S. 95', '103 S. Ct. 1660', '75 L. Ed. 2d 675']"
9601047,https://www.courtlistener.com/opinion/9601047/maisel-v-sc-johnson-son-inc/,"District Court, N.D. California",145722,https://www.courtlistener.com/opinion/145722/erickson-v-pardus/,Supreme Court of the United States,Erickson,Erickson v. Pardus,"['2007 U.S. LEXIS 6814', '551 U.S. 89', '127 S. Ct. 2197', '167 L. Ed. 2d 1081']"
9601047,https://www.courtlistener.com/opinion/9601047/maisel-v-sc-johnson-son-inc/,"District Court, N.D. California",145730,https://www.courtlistener.com/opinion/145730/bell-atlantic-corp-v-twombly/,Supreme Court of the United States,Twombly,Bell Atlantic Corp. v. Twombly,"['75 U.S.L.W. 4337', '68 Fed. R. Serv. 3d 661', '20 Fla. L. Weekly Fed. S 267', '41 Communications Reg. (P&F) 567', '2007 U.S. LEXIS 5901', '550 U.S. 544', '127 S. Ct. 1955', '167 L. Ed. 2d 929']"
9601047,https://www.courtlistener.com/opinion/9601047/maisel-v-sc-johnson-son-inc/,"District Court, N.D. California",145875,https://www.courtlistener.com/opinion/145875/ashcroft-v-iqbal/,Supreme Court of the United States,Iqbal,Ashcroft v. Iqbal,"['2009 U.S. LEXIS 3472', '556 U.S. 662', '129 S. Ct. 1937', '173 L. Ed. 2d 868']"
9601047,https://www.courtlistener.com/opinion/9601047/maisel-v-sc-johnson-son-inc/,"District Court, N.D. California",145904,https://www.courtlistener.com/opinion/145904/summers-v-earth-island-institute/,Supreme Court of the United States,Summers,Summers v. Earth Island Institute,"['21 Fla. L. Weekly Fed. S 670', '2009 U.S. LEXIS 1769', '555 U.S. 488', '129 S. Ct. 1142', '173 L. Ed. 2d 1']"
9601047,https://www.courtlistener.com/opinion/9601047/maisel-v-sc-johnson-son-inc/,"District Court, N.D. California",664094,https://www.courtlistener.com/opinion/664094/james-gooden-v-michael-v-neal/,Court of Appeals for the Seventh Circuit,,James Gooden v. Michael v. Neal,['17 F.3d 925']
9601047,https://www.courtlistener.com/opinion/9601047/maisel-v-sc-johnson-son-inc/,"District Court, N.D. California",1194810,https://www.courtlistener.com/opinion/1194810/bates-v-united-parcel-service-inc/,Court of Appeals for the Ninth Circuit,,"Bates v. United Parcel Service, Inc.","['2007 WL 4554016', '2007 U.S. App. LEXIS 29870', '20 Am. Disabilities Cas. (BNA) 1', '511 F.3d 974']"
9601047,https://www.courtlistener.com/opinion/9601047/maisel-v-sc-johnson-son-inc/,"District Court, N.D. California",1801796,https://www.courtlistener.com/opinion/1801796/in-re-tobacco-ii-cases/,California Supreme Court,In Re Tobacco II Cases,In Re Tobacco II Cases,"['2009 Cal. LEXIS 4365', '93 Cal. Rptr. 3d 559', '207 P.3d 20', '46 Cal. 4th 298']"
9601047,https://www.courtlistener.com/opinion/9601047/maisel-v-sc-johnson-son-inc/,"District Court, N.D. California",2283365,https://www.courtlistener.com/opinion/2283365/lavie-v-procter-gamble-co/,California Court of Appeal,Lavie,Lavie v. Procter & Gamble Co.,"['2003 Cal. App. LEXIS 71', '2003 Cal. Daily Op. Serv. 612', '2003 Daily Journal DAR 699', '105 Cal. App. 4th 496', '129 Cal. Rptr. 2d 486']"
9601047,https://www.courtlistener.com/opinion/9601047/maisel-v-sc-johnson-son-inc/,"District Court, N.D. California",3203762,https://www.courtlistener.com/opinion/3203762/spokeo-inc-v-robins/,Supreme Court of the United States,Spokeo,"Spokeo, Inc. v. Robins","['100 Empl. Prac. Dec. (CCH) 45,556', '26 Fla. L. Weekly Fed. S 128', '84 U.S.L.W. 4263', '2016 U.S. LEXIS 3046', '136 S. Ct. 1540', '194 L. Ed. 2d 635']"
9603483,https://www.courtlistener.com/opinion/9603483/suski-v-coinbase-global-inc/,"District Court, N.D. California",112618,https://www.courtlistener.com/opinion/112618/astoria-federal-savings-loan-assn-v-solimino/,Supreme Court of the United States,Solimino,Astoria Federal Savings & Loan Ass'n v. Solimino,"['55 Fair Empl. Prac. Cas. (BNA) 1503', '56 Empl. Prac. Dec. (CCH) 40,809', '91 Cal. Daily Op. Serv. 4330', '91 Daily Journal DAR 6686', '59 U.S.L.W. 4616', '1991 U.S. LEXIS 3320', '501 U.S. 104', '111 S. Ct. 2166', '115 L. Ed. 2d 96']"
9603483,https://www.courtlistener.com/opinion/9603483/suski-v-coinbase-global-inc/,"District Court, N.D. California",198855,https://www.courtlistener.com/opinion/198855/united-states-v-dumas/,Court of Appeals for the First Circuit,Dumas,United States v. Dumas,"['2000 WL 257240', '2000 U.S. App. LEXIS 3760', '207 F.3d 11']"
9603483,https://www.courtlistener.com/opinion/9603483/suski-v-coinbase-global-inc/,"District Court, N.D. California",220856,https://www.courtlistener.com/opinion/220856/applied-energetics-inc-v-newoak-capital-markets-llc/,Court of Appeals for the Second Circuit,,"Applied Energetics, Inc. v. NewOak Capital Markets, LLC","['2011 WL 2708966', '2011 U.S. App. LEXIS 14295', '645 F.3d 522']"
9603483,https://www.courtlistener.com/opinion/9603483/suski-v-coinbase-global-inc/,"District Court, N.D. California",474911,https://www.courtlistener.com/opinion/474911/henry-g-mack-v-south-bay-beer-distributors-inc-dba-bay-beer/,Court of Appeals for the Ninth Circuit,,"Henry G. Mack v. South Bay Beer Distributors, Inc., Dba Bay Beer Distributors, a California Corporation","['41 Fair Empl. Prac. Cas. (BNA) 1224', '42 Empl. Prac. Dec. (CCH) 36,713', '1986 U.S. App. LEXIS 29264', '6 Fed. R. Serv. 3d 63', '798 F.2d 1279']"
9603483,https://www.courtlistener.com/opinion/9603483/suski-v-coinbase-global-inc/,"District Court, N.D. California",660713,https://www.courtlistener.com/opinion/660713/jerry-l-branch-valenna-branch-colby-branch-v-dale-l-tunnell/,Court of Appeals for the Ninth Circuit,,"Jerry L. Branch, Valenna Branch, Colby Branch v. Dale L. Tunnell, Individually and as Special Agent of Bureau of Land Management, State of Montana","['1994 WL 5496', '1994 U.S. App. LEXIS 409', '94 Daily Journal DAR 442', '28 Fed. R. Serv. 3d 1211', '94 Cal. Daily Op. Serv. 253', '14 F.3d 449']"
9603483,https://www.courtlistener.com/opinion/9603483/suski-v-coinbase-global-inc/,"District Court, N.D. California",776478,https://www.courtlistener.com/opinion/776478/circuit-city-stores-inc-a-virginia-corporation-v-saint-clair-adams-a/,Court of Appeals for the Ninth Circuit,,"Circuit City Stores, Inc. A Virginia Corporation v. Saint Clair Adams, a California Resident","['2002 WL 152986', '87 Fair Empl. Prac. Cas. (BNA) 1509', '82 Empl. Prac. Dec. (CCH) 40,936', '2002 U.S. App. LEXIS 1686', '2002 Daily Journal DAR 1359', '18 I.E.R. Cas. (BNA) 773', '2002 Cal. Daily Op. Serv. 1043', '279 F.3d 889']"
9603483,https://www.courtlistener.com/opinion/9603483/suski-v-coinbase-global-inc/,"District Court, N.D. California",801961,https://www.courtlistener.com/opinion/801961/harris-v-county-of-orange/,Court of Appeals for the Ninth Circuit,Harris,Harris v. County of Orange,"['2012 U.S. App. LEXIS 11695', '2012 WL 2060666', '33 I.E.R. Cas. (BNA) 1676', '682 F.3d 1126']"
9603483,https://www.courtlistener.com/opinion/9603483/suski-v-coinbase-global-inc/,"District Court, N.D. California",1035393,https://www.courtlistener.com/opinion/1035393/oracle-america-inc-v-myriad-group-ag/,Court of Appeals for the Ninth Circuit,,"Oracle America, Inc. v. Myriad Group A.G.","['2013 WL 3839668', '2013 U.S. App. LEXIS 15284', '724 F.3d 1069']"
9603483,https://www.courtlistener.com/opinion/9603483/suski-v-coinbase-global-inc/,"District Court, N.D. California",1126972,https://www.courtlistener.com/opinion/1126972/california-gasoline-retailers-v-regal-petroleum-corp-of-fresno-inc/,California Supreme Court,,"California Gasoline Retailers v. Regal Petroleum Corp. of Fresno, Inc.","['1958 Cal. LEXIS 199', '330 P.2d 778', '50 Cal. 2d 844']"
9603483,https://www.courtlistener.com/opinion/9603483/suski-v-coinbase-global-inc/,"District Court, N.D. California",1131139,https://www.courtlistener.com/opinion/1131139/people-v-gonzales/,California Court of Appeal,,People v. Gonzales,"['1944 Cal. App. LEXIS 824', '144 P.2d 605', '62 Cal. App. 2d 274']"
9603483,https://www.courtlistener.com/opinion/9603483/suski-v-coinbase-global-inc/,"District Court, N.D. California",1140316,https://www.courtlistener.com/opinion/1140316/people-v-carpenter/,California Court of Appeal,Carpenter,People v. Carpenter,"['1956 Cal. App. LEXIS 1933', '297 P.2d 498', '141 Cal. App. 2d 884']"
9603483,https://www.courtlistener.com/opinion/9603483/suski-v-coinbase-global-inc/,"District Court, N.D. California",1208907,https://www.courtlistener.com/opinion/1208907/mundi-v-union-security-life-insurance/,Court of Appeals for the Ninth Circuit,Mundi,Mundi v. Union Security Life Insurance,"['2009 WL 323163', '2009 U.S. App. LEXIS 2481', '555 F.3d 1042']"
9603483,https://www.courtlistener.com/opinion/9603483/suski-v-coinbase-global-inc/,"District Court, N.D. California",1243130,https://www.courtlistener.com/opinion/1243130/williams-v-gerber-products-co/,Court of Appeals for the Ninth Circuit,,Williams v. Gerber Products Co.,"['2008 WL 5273731', '2008 U.S. App. LEXIS 27421', '552 F.3d 934']"
9603483,https://www.courtlistener.com/opinion/9603483/suski-v-coinbase-global-inc/,"District Court, N.D. California",2106581,https://www.courtlistener.com/opinion/2106581/people-v-shira/,California Court of Appeal,Shira,People v. Shira,"['1976 Cal. App. LEXIS 1921', '133 Cal. Rptr. 94', '62 Cal. App. 3d 442']"
9603483,https://www.courtlistener.com/opinion/9603483/suski-v-coinbase-global-inc/,"District Court, N.D. California",2139267,https://www.courtlistener.com/opinion/2139267/haskell-v-time-inc/,"District Court, E.D. California",Haskell,"Haskell v. Time, Inc.","['1997 WL 258893', '1997 U.S. Dist. LEXIS 6916', '965 F. Supp. 1398']"
9603483,https://www.courtlistener.com/opinion/9603483/suski-v-coinbase-global-inc/,"District Court, N.D. California",2294954,https://www.courtlistener.com/opinion/2294954/people-v-wimberly/,California Court of Appeal,Wimberly,People v. Wimberly,"['1992 Cal. App. LEXIS 481', '92 Cal. Daily Op. Serv. 3131', '92 Daily Journal DAR 4944', '6 Cal. Rptr. 2d 800', '5 Cal. App. 4th 439']"
9603483,https://www.courtlistener.com/opinion/9603483/suski-v-coinbase-global-inc/,"District Court, N.D. California",7100340,https://www.courtlistener.com/opinion/7100340/sprewell-v-golden-state-warriors/,Court of Appeals for the Ninth Circuit,Sprewell,Sprewell v. Golden State Warriors,"['2001 WL 1057136', '266 F.3d 979']"
9603483,https://www.courtlistener.com/opinion/9603483/suski-v-coinbase-global-inc/,"District Court, N.D. California",7314542,https://www.courtlistener.com/opinion/7314542/capili-v-finish-line-inc/,"District Court, N.D. California",Capili,"Capili v. Finish Line, Inc.","['2015 WL 4483998', '2015 U.S. Dist. LEXIS 95685', '116 F. Supp. 3d 1000']"
9603483,https://www.courtlistener.com/opinion/9603483/suski-v-coinbase-global-inc/,"District Court, N.D. California",7324900,https://www.courtlistener.com/opinion/7324900/hadley-v-kellogg-sales-co/,"District Court, N.D. California",Hadley,Hadley v. Kellogg Sales Co.,"['2017 U.S. Dist. LEXIS 40825', '2017 WL 1065293', '243 F. Supp. 3d 1074']"
9603483,https://www.courtlistener.com/opinion/9603483/suski-v-coinbase-global-inc/,"District Court, N.D. California",8951512,https://www.courtlistener.com/opinion/8951512/sanders-v-kennedy/,Court of Appeals for the Ninth Circuit,Sanders,Sanders v. Kennedy,['794 F.2d 478']
9603483,https://www.courtlistener.com/opinion/9603483/suski-v-coinbase-global-inc/,"District Court, N.D. California",8991601,https://www.courtlistener.com/opinion/8991601/reddy-v-litton-industries-inc/,Court of Appeals for the Ninth Circuit,Reddy,"Reddy v. Litton Industries, Inc.","['1990 WL 118103', '1990 U.S. App. LEXIS 14100', '912 F.2d 291']"
9603483,https://www.courtlistener.com/opinion/9603483/suski-v-coinbase-global-inc/,"District Court, N.D. California",107492,https://www.courtlistener.com/opinion/107492/prima-paint-corp-v-flood-conklin-mfg-co/,Supreme Court of the United States,,Prima Paint Corp. v. Flood & Conklin Mfg. Co.,"['1967 U.S. LEXIS 2750', '388 U.S. 395', '87 S. Ct. 1801', '18 L. Ed. 2d 1270']"
9603483,https://www.courtlistener.com/opinion/9603483/suski-v-coinbase-global-inc/,"District Court, N.D. California",110873,https://www.courtlistener.com/opinion/110873/moses-h-cone-memorial-hospital-v-mercury-construction-corp/,Supreme Court of the United States,,Moses H. Cone Memorial Hospital v. Mercury Construction Corp.,"['51 U.S.L.W. 4156', '1983 U.S. LEXIS 17', '460 U.S. 1', '103 S. Ct. 927', '74 L. Ed. 2d 765']"
9603483,https://www.courtlistener.com/opinion/9603483/suski-v-coinbase-global-inc/,"District Court, N.D. California",111742,https://www.courtlistener.com/opinion/111742/papasan-v-allain/,Supreme Court of the United States,Papasan,Papasan v. Allain,"['54 U.S.L.W. 4939', '1986 U.S. LEXIS 127', '478 U.S. 265', '106 S. Ct. 2932', '92 L. Ed. 2d 209']"
9603483,https://www.courtlistener.com/opinion/9603483/suski-v-coinbase-global-inc/,"District Court, N.D. California",112212,https://www.courtlistener.com/opinion/112212/volt-info-sciences-inc-v-bd-of-trustees-of-leland-stanford-jr-u/,Supreme Court of the United States,Volt Info,"Volt Info. Sciences, Inc. v. Bd. of Trustees of Leland Stanford Jr. U.","['57 U.S.L.W. 4295', '1989 U.S. LEXIS 1273', '489 U.S. 468', '109 S. Ct. 1248', '103 L. Ed. 2d 488']"
9603483,https://www.courtlistener.com/opinion/9603483/suski-v-coinbase-global-inc/,"District Court, N.D. California",145730,https://www.courtlistener.com/opinion/145730/bell-atlantic-corp-v-twombly/,Supreme Court of the United States,Twombly,Bell Atlantic Corp. v. Twombly,"['75 U.S.L.W. 4337', '68 Fed. R. Serv. 3d 661', '20 Fla. L. Weekly Fed. S 267', '41 Communications Reg. (P&F) 567', '2007 U.S. LEXIS 5901', '550 U.S. 544', '127 S. Ct. 1955', '167 L. Ed. 2d 929']"
9603483,https://www.courtlistener.com/opinion/9603483/suski-v-coinbase-global-inc/,"District Court, N.D. California",145875,https://www.courtlistener.com/opinion/145875/ashcroft-v-iqbal/,Supreme Court of the United States,Iqbal,Ashcroft v. Iqbal,"['2009 U.S. LEXIS 3472', '556 U.S. 662', '129 S. Ct. 1937', '173 L. Ed. 2d 868']"
9603483,https://www.courtlistener.com/opinion/9603483/suski-v-coinbase-global-inc/,"District Court, N.D. California",2658913,https://www.courtlistener.com/opinion/2658913/goldman-sachs-co-v-city-of-reno/,Court of Appeals for the Ninth Circuit,,"Goldman, Sachs & Co. v. City of Reno","['2014 U.S. App. LEXIS 5894', '2014 WL 1272784', '14 Cal. Daily Op. Serv. 3511', '747 F.3d 733']"
9603504,https://www.courtlistener.com/opinion/9603504/coffee-v-google-llc/,"District Court, N.D. California",106497,https://www.courtlistener.com/opinion/106497/foman-v-davis/,Supreme Court of the United States,Foman,Foman v. Davis,"['6 Fed. R. Serv. 2d 1234', '1962 U.S. LEXIS 65', '371 U.S. 178', '83 S. Ct. 227', '9 L. Ed. 2d 222']"
9603504,https://www.courtlistener.com/opinion/9603504/coffee-v-google-llc/,"District Court, N.D. California",203884,https://www.courtlistener.com/opinion/203884/united-states-v-croto/,Court of Appeals for the First Circuit,Croto,United States v. Croto,"['2009 WL 1782628', '2009 U.S. App. LEXIS 13572', '570 F.3d 11']"
9603504,https://www.courtlistener.com/opinion/9603504/coffee-v-google-llc/,"District Court, N.D. California",221641,https://www.courtlistener.com/opinion/221641/conservation-force-v-salazar/,Court of Appeals for the Ninth Circuit,Salazar,Conservation Force v. Salazar,"['2011 WL 2937938', '2011 U.S. App. LEXIS 15011', '646 F.3d 1240']"
9603504,https://www.courtlistener.com/opinion/9603504/coffee-v-google-llc/,"District Court, N.D. California",797970,https://www.courtlistener.com/opinion/797970/perfect-10-inc-v-ccbill-llc/,Court of Appeals for the Ninth Circuit,,"Perfect 10, Inc. v. CCBill LLC","['2007 WL 1557475', '2007 U.S. App. LEXIS 12508', '488 F.3d 1102']"
9603504,https://www.courtlistener.com/opinion/9603504/coffee-v-google-llc/,"District Court, N.D. California",1196509,https://www.courtlistener.com/opinion/1196509/barnes-v-yahoo-inc/,Court of Appeals for the Ninth Circuit,Barnes,"Barnes v. Yahoo!, Inc.","['2009 WL 1740755', '2009 U.S. App. LEXIS 20053', '47 Communications Reg. (P&F) 1028', '37 Media L. Rep. (BNA) 1705', '570 F.3d 1096']"
9603504,https://www.courtlistener.com/opinion/9603504/coffee-v-google-llc/,"District Court, N.D. California",2253130,https://www.courtlistener.com/opinion/2253130/peterson-v-cellco-partnership/,California Court of Appeal,Peterson,Peterson v. Cellco Partnership,"['2008 Cal. App. LEXIS 1121', '80 Cal. Rptr. 3d 316', '164 Cal. App. 4th 1583']"
9603504,https://www.courtlistener.com/opinion/9603504/coffee-v-google-llc/,"District Court, N.D. California",2624588,https://www.courtlistener.com/opinion/2624588/meyer-v-sprint-spectrum-lp/,California Supreme Court,Meyer,Meyer v. Sprint Spectrum L.P.,"['2009 Cal. LEXIS 337', '88 Cal. Rptr. 3d 859', '47 Communications Reg. (P&F) 175', '200 P.3d 295', '45 Cal. 4th 634']"
9603504,https://www.courtlistener.com/opinion/9603504/coffee-v-google-llc/,"District Court, N.D. California",4239547,https://www.courtlistener.com/opinion/4239547/louisiana-municipal-police-employees-retirement-system-v-wynn/,Court of Appeals for the Ninth Circuit,,Louisiana Municipal Police Employees' Retirement System v. Wynn,"['2016 WL 3878228', '2016 U.S. App. LEXIS 13100', '829 F.3d 1048']"
9603504,https://www.courtlistener.com/opinion/9603504/coffee-v-google-llc/,"District Court, N.D. California",4541042,https://www.courtlistener.com/opinion/4541042/shavonda-hawkins-v-the-kroger-co/,Court of Appeals for the Ninth Circuit,,Shavonda Hawkins v. the Kroger Co.,['906 F.3d 763']
9603504,https://www.courtlistener.com/opinion/9603504/coffee-v-google-llc/,"District Court, N.D. California",4599148,https://www.courtlistener.com/opinion/4599148/homeawaycom-inc-v-city-of-santa-monica/,Court of Appeals for the Ninth Circuit,,"homeaway.com, Inc. v. City of Santa Monica",['918 F.3d 676']
9603504,https://www.courtlistener.com/opinion/9603504/coffee-v-google-llc/,"District Court, N.D. California",4649769,https://www.courtlistener.com/opinion/4649769/kristanalea-dyroff-v-the-ultimate-software-group/,Court of Appeals for the Ninth Circuit,,Kristanalea Dyroff v. the Ultimate Software Group,['934 F.3d 1093']
9603504,https://www.courtlistener.com/opinion/9603504/coffee-v-google-llc/,"District Court, N.D. California",7318153,https://www.courtlistener.com/opinion/7318153/soto-v-sky-union-llc/,"District Court, N.D. Illinois",Soto,"Soto v. Sky Union, LLC","['2016 WL 362379', '2016 U.S. Dist. LEXIS 10631', '159 F. Supp. 3d 871']"
9603504,https://www.courtlistener.com/opinion/9603504/coffee-v-google-llc/,"District Court, N.D. California",7324900,https://www.courtlistener.com/opinion/7324900/hadley-v-kellogg-sales-co/,"District Court, N.D. California",Hadley,Hadley v. Kellogg Sales Co.,"['2017 U.S. Dist. LEXIS 40825', '2017 WL 1065293', '243 F. Supp. 3d 1074']"
9603504,https://www.courtlistener.com/opinion/9603504/coffee-v-google-llc/,"District Court, N.D. California",8619551,https://www.courtlistener.com/opinion/8619551/united-states-v-rondon-garcia/,Court of Appeals for the First Circuit,Rondón-García,United States v. Rondón-García,['886 F.3d 14']
9603504,https://www.courtlistener.com/opinion/9603504/coffee-v-google-llc/,"District Court, N.D. California",8720613,https://www.courtlistener.com/opinion/8720613/ib-ex-rel-fife-v-facebook-inc/,"District Court, N.D. California",,"I.B. ex rel. Fife v. Facebook, Inc.","['2012 U.S. Dist. LEXIS 154327', '2012 WL 5303297', '905 F. Supp. 2d 989']"
9603504,https://www.courtlistener.com/opinion/9603504/coffee-v-google-llc/,"District Court, N.D. California",145709,https://www.courtlistener.com/opinion/145709/tellabs-inc-v-makor-issues-rights-ltd/,Supreme Court of the United States,,"Tellabs, Inc. v. Makor Issues & Rights, Ltd.","['75 U.S.L.W. 4462', '20 Fla. L. Weekly Fed. S 374', '2007 U.S. LEXIS 8270', '551 U.S. 308', '127 S. Ct. 2499', '168 L. Ed. 2d 179']"
9603504,https://www.courtlistener.com/opinion/9603504/coffee-v-google-llc/,"District Court, N.D. California",145730,https://www.courtlistener.com/opinion/145730/bell-atlantic-corp-v-twombly/,Supreme Court of the United States,Twombly,Bell Atlantic Corp. v. Twombly,"['75 U.S.L.W. 4337', '68 Fed. R. Serv. 3d 661', '20 Fla. L. Weekly Fed. S 267', '41 Communications Reg. (P&F) 567', '2007 U.S. LEXIS 5901', '550 U.S. 544', '127 S. Ct. 1955', '167 L. Ed. 2d 929']"
9603504,https://www.courtlistener.com/opinion/9603504/coffee-v-google-llc/,"District Court, N.D. California",780573,https://www.courtlistener.com/opinion/780573/eminence-capital-llc-and-jay-spechler-v-aspeon-inc-richard-p-stack/,Court of Appeals for the Ninth Circuit,,"Eminence Capital, Llc, and Jay Spechler v. Aspeon, Inc. Richard P. Stack","['2003 WL 139525', '2003 U.S. App. LEXIS 853', '54 Fed. R. Serv. 3d 1141', '2003 Cal. Daily Op. Serv. 602', '2003 Daily Journal DAR 759', '316 F.3d 1048']"
9603504,https://www.courtlistener.com/opinion/9603504/coffee-v-google-llc/,"District Court, N.D. California",1301306,https://www.courtlistener.com/opinion/1301306/fair-housing-coun-san-fernando-v-roommates-com/,Court of Appeals for the Ninth Circuit,,"Fair Housing Coun., San Fernando v. Roommates. Com","['2008 WL 879293', '2008 U.S. App. LEXIS 7066', '36 Media L. Rep. (BNA) 1545', '521 F.3d 1157']"
9603504,https://www.courtlistener.com/opinion/9603504/coffee-v-google-llc/,"District Court, N.D. California",1301891,https://www.courtlistener.com/opinion/1301891/cel-tech-communications-inc-v-los-angeles-cellular-telephone-co/,California Supreme Court,,"Cel-Tech Communications, Inc. v. Los Angeles Cellular Telephone Co.","['1999 Cal. LEXIS 1656', '99 Daily Journal DAR 3360', '99 Cal. Daily Op. Serv. 2576', '20 Cal. 4th 163', '83 Cal. Rptr. 2d 548', '973 P.2d 527']"
9603750,https://www.courtlistener.com/opinion/9603750/nacarino-v-chobani-llc/,"District Court, N.D. California",111915,https://www.courtlistener.com/opinion/111915/caterpillar-inc-v-williams/,Supreme Court of the United States,,Caterpillar Inc. v. Williams,"['125 L.R.R.M. (BNA) 2521', '2 I.E.R. Cas. (BNA) 193', '55 U.S.L.W. 4804', '1987 U.S. LEXIS 2607', '482 U.S. 386', '107 S. Ct. 2425', '96 L. Ed. 2d 318']"
9603750,https://www.courtlistener.com/opinion/9603750/nacarino-v-chobani-llc/,"District Court, N.D. California",173487,https://www.courtlistener.com/opinion/173487/whittlestone-inc-v-handi-craft-co/,Court of Appeals for the Ninth Circuit,,"Whittlestone, Inc. v. Handi-Craft Co.","['2010 WL 3222417', '2010 U.S. App. LEXIS 17133', '77 Fed. R. Serv. 3d 404', '618 F.3d 970']"
9603750,https://www.courtlistener.com/opinion/9603750/nacarino-v-chobani-llc/,"District Court, N.D. California",599277,https://www.courtlistener.com/opinion/599277/fantasy-inc-v-fogerty/,Court of Appeals for the Ninth Circuit,Fogerty,"Fantasy, Inc. v. Fogerty","['1993 WL 20355', '984 F.2d 1524']"
9603750,https://www.courtlistener.com/opinion/9603750/nacarino-v-chobani-llc/,"District Court, N.D. California",719803,https://www.courtlistener.com/opinion/719803/jeffrey-mort-pamela-mort-fred-strefling-jeffrey-tobian-v-united-states/,Court of Appeals for the Ninth Circuit,,Jeffrey Mort Pamela Mort Fred Strefling Jeffrey Tobian v. United States,"['1996 WL 328017', '1996 U.S. App. LEXIS 14611', '78 A.F.T.R.2d (RIA) 5061', '96 Daily Journal DAR 6950', '96 Cal. Daily Op. Serv. 4295', '86 F.3d 890']"
9603750,https://www.courtlistener.com/opinion/9603750/nacarino-v-chobani-llc/,"District Court, N.D. California",796813,https://www.courtlistener.com/opinion/796813/theodore-c-swartz-v-kpmg-llp-and-presidio-advisory-services-inc/,Court of Appeals for the Ninth Circuit,,"Theodore C. Swartz v. Kpmg Llp, and Presidio Advisory Services Inc. Deutsche Bank Ag Deutsche Bank Securities, Inc.","['2007 WL 438795', '2007 U.S. App. LEXIS 3113', '99 A.F.T.R.2d (RIA) 974', '476 F.3d 756']"
9603750,https://www.courtlistener.com/opinion/9603750/nacarino-v-chobani-llc/,"District Court, N.D. California",1194077,https://www.courtlistener.com/opinion/1194077/manzarek-v-st-paul-fire-marine-insurance/,Court of Appeals for the Ninth Circuit,Manzarek,Manzarek v. St. Paul Fire & Marine Insurance,"['2008 WL 763385', '2008 U.S. App. LEXIS 6145', '86 U.S.P.Q. 2d (BNA) 1632', '519 F.3d 1025']"
9603750,https://www.courtlistener.com/opinion/9603750/nacarino-v-chobani-llc/,"District Court, N.D. California",1808996,https://www.courtlistener.com/opinion/1808996/colaprico-v-sun-microsystems-inc/,"District Court, N.D. California",Colaprico,"Colaprico v. Sun Microsystems, Inc.","['1991 U.S. Dist. LEXIS 7335', '91 Daily Journal DAR 8368', '758 F. Supp. 1335']"
9603750,https://www.courtlistener.com/opinion/9603750/nacarino-v-chobani-llc/,"District Court, N.D. California",2243869,https://www.courtlistener.com/opinion/2243869/klein-v-earth-elements-inc/,California Court of Appeal,Klein,"Klein v. Earth Elements, Inc.","['1997 Cal. App. LEXIS 999', '97 Cal. Daily Op. Serv. 9143', '97 Daily Journal DAR 14699', '69 Cal. Rptr. 2d 623', '59 Cal. App. 4th 965']"
9603750,https://www.courtlistener.com/opinion/9603750/nacarino-v-chobani-llc/,"District Court, N.D. California",2299759,https://www.courtlistener.com/opinion/2299759/platte-anchor-bolt-inc-v-ihi-inc/,"District Court, N.D. California",,"Platte Anchor Bolt, Inc. v. IHI, INC.","['2004 WL 3127587', '2004 U.S. Dist. LEXIS 27327', '352 F. Supp. 2d 1048']"
9603750,https://www.courtlistener.com/opinion/9603750/nacarino-v-chobani-llc/,"District Court, N.D. California",7060249,https://www.courtlistener.com/opinion/7060249/cooper-v-pickett/,Court of Appeals for the Ninth Circuit,Cooper,Cooper v. Pickett,"['1997 WL 835300', '137 F.3d 616']"
9603750,https://www.courtlistener.com/opinion/9603750/nacarino-v-chobani-llc/,"District Court, N.D. California",7110394,https://www.courtlistener.com/opinion/7110394/vess-v-ciba-geigy-corp-usa/,Court of Appeals for the Ninth Circuit,Vess,Vess v. Ciba-Geigy Corp. USA,"['2003 WL 203124', '317 F.3d 1097']"
9603750,https://www.courtlistener.com/opinion/9603750/nacarino-v-chobani-llc/,"District Court, N.D. California",7324900,https://www.courtlistener.com/opinion/7324900/hadley-v-kellogg-sales-co/,"District Court, N.D. California",Hadley,Hadley v. Kellogg Sales Co.,"['2017 U.S. Dist. LEXIS 40825', '2017 WL 1065293', '243 F. Supp. 3d 1074']"
9603750,https://www.courtlistener.com/opinion/9603750/nacarino-v-chobani-llc/,"District Court, N.D. California",8700517,https://www.courtlistener.com/opinion/8700517/bruton-v-gerber-products-co/,Court of Appeals for the Ninth Circuit,Bruton,Bruton v. Gerber Products Co.,"[""703 F. App'x 468""]"
9603750,https://www.courtlistener.com/opinion/9603750/nacarino-v-chobani-llc/,"District Court, N.D. California",8711162,https://www.courtlistener.com/opinion/8711162/shaterian-v-wells-fargo-bank-na/,"District Court, N.D. California",Shaterian,"Shaterian v. Wells Fargo Bank, N.A.","['2011 WL 5358751', '2011 U.S. Dist. LEXIS 128549', '829 F. Supp. 2d 873']"
9603750,https://www.courtlistener.com/opinion/9603750/nacarino-v-chobani-llc/,"District Court, N.D. California",8779561,https://www.courtlistener.com/opinion/8779561/wang-v-ocz-technology-group-inc/,"District Court, N.D. California",Wang,"Wang v. OCZ Technology Group, Inc.","['2011 WL 4903190', '2011 U.S. Dist. LEXIS 119093', '276 F.R.D. 618']"
9603750,https://www.courtlistener.com/opinion/9603750/nacarino-v-chobani-llc/,"District Court, N.D. California",9022504,https://www.courtlistener.com/opinion/9022504/davidson-v-kimberly-clark-corp/,Court of Appeals for the Ninth Circuit,Davidson,Davidson v. Kimberly-Clark Corp.,['889 F.3d 956']
9603750,https://www.courtlistener.com/opinion/9603750/nacarino-v-chobani-llc/,"District Court, N.D. California",112934,https://www.courtlistener.com/opinion/112934/fogerty-v-fantasy-inc/,Supreme Court of the United States,Fogerty,"Fogerty v. Fantasy, Inc.","['1994 U.S. LEXIS 2042', '510 U.S. 517', '114 S. Ct. 1023', '127 L. Ed. 2d 455']"
9603750,https://www.courtlistener.com/opinion/9603750/nacarino-v-chobani-llc/,"District Court, N.D. California",145730,https://www.courtlistener.com/opinion/145730/bell-atlantic-corp-v-twombly/,Supreme Court of the United States,Twombly,Bell Atlantic Corp. v. Twombly,"['75 U.S.L.W. 4337', '68 Fed. R. Serv. 3d 661', '20 Fla. L. Weekly Fed. S 267', '41 Communications Reg. (P&F) 567', '2007 U.S. LEXIS 5901', '550 U.S. 544', '127 S. Ct. 1955', '167 L. Ed. 2d 929']"
9603750,https://www.courtlistener.com/opinion/9603750/nacarino-v-chobani-llc/,"District Court, N.D. California",145875,https://www.courtlistener.com/opinion/145875/ashcroft-v-iqbal/,Supreme Court of the United States,Iqbal,Ashcroft v. Iqbal,"['2009 U.S. LEXIS 3472', '556 U.S. 662', '129 S. Ct. 1937', '173 L. Ed. 2d 868']"
9603750,https://www.courtlistener.com/opinion/9603750/nacarino-v-chobani-llc/,"District Court, N.D. California",1249762,https://www.courtlistener.com/opinion/1249762/farmers-insurance-exchange-v-superior-court/,California Supreme Court,,Farmers Insurance Exchange v. Superior Court,"['1992 Cal. LEXIS 1364', '92 Cal. Daily Op. Serv. 2946', '92 Daily Journal DAR 4719', '6 Cal. Rptr. 2d 487', '2 Cal. 4th 377', '826 P.2d 730']"
9606306,https://www.courtlistener.com/opinion/9606306/shared-partnership-v-meta-platforms-inc/,"District Court, N.D. California",671444,https://www.courtlistener.com/opinion/671444/united-states-v-waymon-l-hunt/,Court of Appeals for the D.C. Circuit,,United States v. Waymon L. Hunt,"['1994 WL 263636', '1994 U.S. App. LEXIS 14876', '131 A.L.R. Fed. 783', '306 U.S. App. D.C. 386', '25 F.3d 1092']"
9606306,https://www.courtlistener.com/opinion/9606306/shared-partnership-v-meta-platforms-inc/,"District Court, N.D. California",1196509,https://www.courtlistener.com/opinion/1196509/barnes-v-yahoo-inc/,Court of Appeals for the Ninth Circuit,Barnes,"Barnes v. Yahoo!, Inc.","['2009 WL 1740755', '2009 U.S. App. LEXIS 20053', '47 Communications Reg. (P&F) 1028', '37 Media L. Rep. (BNA) 1705', '570 F.3d 1096']"
9606306,https://www.courtlistener.com/opinion/9606306/shared-partnership-v-meta-platforms-inc/,"District Court, N.D. California",1208595,https://www.courtlistener.com/opinion/1208595/kearns-v-ford-motor-co/,Court of Appeals for the Ninth Circuit,Kearns,Kearns v. Ford Motor Co.,"['2009 WL 1578535', '2009 U.S. App. LEXIS 12289', '73 Fed. R. Serv. 3d 1168', '567 F.3d 1120']"
9606306,https://www.courtlistener.com/opinion/9606306/shared-partnership-v-meta-platforms-inc/,"District Court, N.D. California",1429600,https://www.courtlistener.com/opinion/1429600/lozano-v-at-t-wireless-services-inc/,Court of Appeals for the Ninth Circuit,Lozano,"Lozano v. AT & T Wireless Services, Inc.","['2007 WL 2728758', '2007 U.S. App. LEXIS 22430', '42 Communications Reg. (P&F) 799', '504 F.3d 718']"
9606306,https://www.courtlistener.com/opinion/9606306/shared-partnership-v-meta-platforms-inc/,"District Court, N.D. California",3305251,https://www.courtlistener.com/opinion/3305251/in-re-collins/,California Supreme Court,In Re Collins,In Re Collins,"['1905 Cal. LEXIS 352', '147 Cal. 8', '81 P. 220']"
9606306,https://www.courtlistener.com/opinion/9606306/shared-partnership-v-meta-platforms-inc/,"District Court, N.D. California",7085931,https://www.courtlistener.com/opinion/7085931/bly-magee-v-california/,Court of Appeals for the Ninth Circuit,Bly-Magee,Bly-Magee v. California,"['2001 WL 2078', '236 F.3d 1014']"
9606306,https://www.courtlistener.com/opinion/9606306/shared-partnership-v-meta-platforms-inc/,"District Court, N.D. California",7310506,https://www.courtlistener.com/opinion/7310506/in-re-adobe-systems-inc-privacy-litigation/,"District Court, N.D. California",,"In re Adobe Systems, Inc. Privacy Litigation","['2014 WL 4379916', '2014 U.S. Dist. LEXIS 124126', '66 F. Supp. 3d 1197']"
9606306,https://www.courtlistener.com/opinion/9606306/shared-partnership-v-meta-platforms-inc/,"District Court, N.D. California",7318430,https://www.courtlistener.com/opinion/7318430/in-re-anthem-inc-data-breach-litigation/,"District Court, N.D. California",,"In re Anthem, Inc. Data Breach Litigation","['2016 WL 589760', '2016 U.S. Dist. LEXIS 18135', '61 Employee Benefits Cas. (BNA) 2062', '162 F. Supp. 3d 953']"
9606306,https://www.courtlistener.com/opinion/9606306/shared-partnership-v-meta-platforms-inc/,"District Court, N.D. California",7324900,https://www.courtlistener.com/opinion/7324900/hadley-v-kellogg-sales-co/,"District Court, N.D. California",Hadley,Hadley v. Kellogg Sales Co.,"['2017 U.S. Dist. LEXIS 40825', '2017 WL 1065293', '243 F. Supp. 3d 1074']"
9606306,https://www.courtlistener.com/opinion/9606306/shared-partnership-v-meta-platforms-inc/,"District Court, N.D. California",8720613,https://www.courtlistener.com/opinion/8720613/ib-ex-rel-fife-v-facebook-inc/,"District Court, N.D. California",,"I.B. ex rel. Fife v. Facebook, Inc.","['2012 U.S. Dist. LEXIS 154327', '2012 WL 5303297', '905 F. Supp. 2d 989']"
9606306,https://www.courtlistener.com/opinion/9606306/shared-partnership-v-meta-platforms-inc/,"District Court, N.D. California",9022959,https://www.courtlistener.com/opinion/9022959/united-states-ex-rel-silingo-v-wellpoint-inc/,Court of Appeals for the Ninth Circuit,,"United States ex rel. Silingo v. Wellpoint, Inc.",['904 F.3d 667']
9606306,https://www.courtlistener.com/opinion/9606306/shared-partnership-v-meta-platforms-inc/,"District Court, N.D. California",145875,https://www.courtlistener.com/opinion/145875/ashcroft-v-iqbal/,Supreme Court of the United States,Iqbal,Ashcroft v. Iqbal,"['2009 U.S. LEXIS 3472', '556 U.S. 662', '129 S. Ct. 1937', '173 L. Ed. 2d 868']"
9606306,https://www.courtlistener.com/opinion/9606306/shared-partnership-v-meta-platforms-inc/,"District Court, N.D. California",788804,https://www.courtlistener.com/opinion/788804/evel-knievel-krystal-knievel-v-espn-a-subsidiary-of-walt-disney-inc/,Court of Appeals for the Ninth Circuit,,"Evel Knievel Krystal Knievel v. Espn, a Subsidiary of Walt Disney, Inc.","['2005 WL 14882', '2005 U.S. App. LEXIS 45', '33 Media L. Rep. (BNA) 1097', '3 A.L.R. 6th 733', '393 F.3d 1068']"
9606306,https://www.courtlistener.com/opinion/9606306/shared-partnership-v-meta-platforms-inc/,"District Court, N.D. California",1301306,https://www.courtlistener.com/opinion/1301306/fair-housing-coun-san-fernando-v-roommates-com/,Court of Appeals for the Ninth Circuit,,"Fair Housing Coun., San Fernando v. Roommates. Com","['2008 WL 879293', '2008 U.S. App. LEXIS 7066', '36 Media L. Rep. (BNA) 1545', '521 F.3d 1157']"
9606916,https://www.courtlistener.com/opinion/9606916/so-v-hp-inc/,"District Court, N.D. California",200958,https://www.courtlistener.com/opinion/200958/united-states-v-winn/,Court of Appeals for the First Circuit,Winn,United States v. Winn,"['2004 WL 758413', '2004 U.S. App. LEXIS 6950', '364 F.3d 7']"
9606916,https://www.courtlistener.com/opinion/9606916/so-v-hp-inc/,"District Court, N.D. California",219976,https://www.courtlistener.com/opinion/219976/reese-v-bp-exploration-alaska-inc/,Court of Appeals for the Ninth Circuit,Reese,Reese v. BP Exploration (Alaska) Inc.,"['2011 WL 2557238', '2011 U.S. App. LEXIS 13255', '178 Oil & Gas Rep. 774', '643 F.3d 681']"
9606916,https://www.courtlistener.com/opinion/9606916/so-v-hp-inc/,"District Court, N.D. California",221641,https://www.courtlistener.com/opinion/221641/conservation-force-v-salazar/,Court of Appeals for the Ninth Circuit,Salazar,Conservation Force v. Salazar,"['2011 WL 2937938', '2011 U.S. App. LEXIS 15011', '646 F.3d 1240']"
9606916,https://www.courtlistener.com/opinion/9606916/so-v-hp-inc/,"District Court, N.D. California",426434,https://www.courtlistener.com/opinion/426434/north-star-international-a-nevada-corporation-plaintiff-appellant-v-the/,Court of Appeals for the Ninth Circuit,,"NORTH STAR INTERNATIONAL, a Nevada Corporation, Plaintiff-Appellant, v. the ARIZONA CORPORATION COMMISSION, Et Al., Defendants-Appellees","['1983 U.S. App. LEXIS 15982', '720 F.2d 578']"
9606916,https://www.courtlistener.com/opinion/9606916/so-v-hp-inc/,"District Court, N.D. California",478039,https://www.courtlistener.com/opinion/478039/mgic-indemnity-corporation-v-lawrence-i-weisman-thomas-p-dunn-ln/,Court of Appeals for the Ninth Circuit,,"Mgic Indemnity Corporation v. Lawrence I. Weisman, Thomas P. Dunn, L.N. Nevels, Jr., and Henry K.F. Kersting",['803 F.2d 500']
9606916,https://www.courtlistener.com/opinion/9606916/so-v-hp-inc/,"District Court, N.D. California",807798,https://www.courtlistener.com/opinion/807798/gary-davis-v-hsbc-bank-nevada-na/,Court of Appeals for the Ninth Circuit,,"Gary Davis v. Hsbc Bank Nevada, N.A.","['2012 U.S. App. LEXIS 18503', '2012 WL 3804370', '691 F.3d 1152']"
9606916,https://www.courtlistener.com/opinion/9606916/so-v-hp-inc/,"District Court, N.D. California",1208595,https://www.courtlistener.com/opinion/1208595/kearns-v-ford-motor-co/,Court of Appeals for the Ninth Circuit,Kearns,Kearns v. Ford Motor Co.,"['2009 WL 1578535', '2009 U.S. App. LEXIS 12289', '73 Fed. R. Serv. 3d 1168', '567 F.3d 1120']"
9606916,https://www.courtlistener.com/opinion/9606916/so-v-hp-inc/,"District Court, N.D. California",1400355,https://www.courtlistener.com/opinion/1400355/in-re-gilead-sciences-securities-litigation/,Court of Appeals for the Ninth Circuit,In Re Gilead Sciences Securities Litigation,In Re Gilead Sciences Securities Litigation,"['2008 WL 3271039', '2008 U.S. App. LEXIS 17076', '536 F.3d 1049']"
9606916,https://www.courtlistener.com/opinion/9606916/so-v-hp-inc/,"District Court, N.D. California",2267506,https://www.courtlistener.com/opinion/2267506/limandri-v-judkins/,California Court of Appeal,LiMandri,LiMandri v. Judkins,"['1997 Cal. App. LEXIS 56', '97 Daily Journal DAR 1037', '97 Cal. Daily Op. Serv. 690', '60 Cal. Rptr. 2d 539', '52 Cal. App. 4th 326']"
9606916,https://www.courtlistener.com/opinion/9606916/so-v-hp-inc/,"District Court, N.D. California",2515927,https://www.courtlistener.com/opinion/2515927/davis-v-filip/,"District Court, District of Columbia",Davis,Davis v. Filip,"['2009 WL 151545', '105 Fair Empl. Prac. Cas. (BNA) 933', '2009 U.S. Dist. LEXIS 4160', '596 F. Supp. 2d 16']"
9606916,https://www.courtlistener.com/opinion/9606916/so-v-hp-inc/,"District Court, N.D. California",2585839,https://www.courtlistener.com/opinion/2585839/wash-mut-bank-v-superior-court-of-orange-cty/,California Supreme Court,,Wash. Mut. Bank v. Superior Court of Orange Cty.,"['2001 D.A.R. 925', '2001 Cal. LEXIS 27', '2001 Daily Journal DAR 925', '2001 Cal. Daily Op. Serv. 712', '24 Cal. 906', '24 Cal. 4th 906', '103 Cal. Rptr. 2d 320', '15 P.3d 1071']"
9606916,https://www.courtlistener.com/opinion/9606916/so-v-hp-inc/,"District Court, N.D. California",4500488,https://www.courtlistener.com/opinion/4500488/santos-guaman-v-sessions/,Court of Appeals for the First Circuit,Sessions,Santos Guaman v. Sessions,['891 F.3d 12']
9606916,https://www.courtlistener.com/opinion/9606916/so-v-hp-inc/,"District Court, N.D. California",5810290,https://www.courtlistener.com/opinion/5810290/hill-v-roll-international-corp/,California Court of Appeal,Hill,Hill v. Roll International Corp.,"['2011 Cal. App. LEXIS 653', '128 Cal. Rptr. 3d 109', '195 Cal. App. 4th 1295']"
9606916,https://www.courtlistener.com/opinion/9606916/so-v-hp-inc/,"District Court, N.D. California",7110394,https://www.courtlistener.com/opinion/7110394/vess-v-ciba-geigy-corp-usa/,Court of Appeals for the Ninth Circuit,Vess,Vess v. Ciba-Geigy Corp. USA,"['2003 WL 203124', '317 F.3d 1097']"
9606916,https://www.courtlistener.com/opinion/9606916/so-v-hp-inc/,"District Court, N.D. California",7311103,https://www.courtlistener.com/opinion/7311103/backhaut-v-apple-inc/,"District Court, N.D. California",Backhaut,"Backhaut v. Apple, Inc.","['2014 WL 6601776', '2014 U.S. Dist. LEXIS 162870', '74 F. Supp. 3d 1033']"
9606916,https://www.courtlistener.com/opinion/9606916/so-v-hp-inc/,"District Court, N.D. California",7324900,https://www.courtlistener.com/opinion/7324900/hadley-v-kellogg-sales-co/,"District Court, N.D. California",Hadley,Hadley v. Kellogg Sales Co.,"['2017 U.S. Dist. LEXIS 40825', '2017 WL 1065293', '243 F. Supp. 3d 1074']"
9606916,https://www.courtlistener.com/opinion/9606916/so-v-hp-inc/,"District Court, N.D. California",8619472,https://www.courtlistener.com/opinion/8619472/united-states-v-pelletier/,Court of Appeals for the First Circuit,Pelletier,United States v. Pelletier,"['2011 WL 5987718', '2011 U.S. App. LEXIS 23880', '87 Fed. R. Serv. 7', '666 F.3d 1']"
9606916,https://www.courtlistener.com/opinion/9606916/so-v-hp-inc/,"District Court, N.D. California",8721396,https://www.courtlistener.com/opinion/8721396/miller-v-ghirardelli-chocolate-co/,"District Court, N.D. California",,Miller v. Ghirardelli Chocolate Co.,"['2012 U.S. Dist. LEXIS 174008', '2012 WL 6096593', '912 F. Supp. 2d 861']"
9606916,https://www.courtlistener.com/opinion/9606916/so-v-hp-inc/,"District Court, N.D. California",8789488,https://www.courtlistener.com/opinion/8789488/clancy-v-bromley-tea-co/,"District Court, N.D. California",Clancy,Clancy v. Bromley Tea Co.,"['2013 U.S. Dist. LEXIS 112722', '2013 WL 4081632', '308 F.R.D. 564']"
9606916,https://www.courtlistener.com/opinion/9606916/so-v-hp-inc/,"District Court, N.D. California",8815122,https://www.courtlistener.com/opinion/8815122/hendrey-v-united-states/,Court of Appeals for the Sixth Circuit,Hendrey,Hendrey v. United States,"['1916 U.S. App. LEXIS 2419', '147 C.C.A. 75', '233 F. 5']"
9606916,https://www.courtlistener.com/opinion/9606916/so-v-hp-inc/,"District Court, N.D. California",9022504,https://www.courtlistener.com/opinion/9022504/davidson-v-kimberly-clark-corp/,Court of Appeals for the Ninth Circuit,Davidson,Davidson v. Kimberly-Clark Corp.,['889 F.3d 956']
9606916,https://www.courtlistener.com/opinion/9606916/so-v-hp-inc/,"District Court, N.D. California",112747,https://www.courtlistener.com/opinion/112747/lujan-v-defenders-of-wildlife/,Supreme Court of the United States,Lujan,Lujan v. Defenders of Wildlife,"['34 ERC (BNA) 1785', '22 Envtl. L. Rep. (Envtl. Law Inst.) 20913', '6 Fla. L. Weekly Fed. S 374', '92 Daily Journal DAR 8967', '92 Cal. Daily Op. Serv. 4985', '60 U.S.L.W. 4495', '1992 U.S. LEXIS 3543', '504 U.S. 555', '112 S. Ct. 2130', '119 L. Ed. 2d 351']"
9606916,https://www.courtlistener.com/opinion/9606916/so-v-hp-inc/,"District Court, N.D. California",145730,https://www.courtlistener.com/opinion/145730/bell-atlantic-corp-v-twombly/,Supreme Court of the United States,Twombly,Bell Atlantic Corp. v. Twombly,"['75 U.S.L.W. 4337', '68 Fed. R. Serv. 3d 661', '20 Fla. L. Weekly Fed. S 267', '41 Communications Reg. (P&F) 567', '2007 U.S. LEXIS 5901', '550 U.S. 544', '127 S. Ct. 1955', '167 L. Ed. 2d 929']"
9606916,https://www.courtlistener.com/opinion/9606916/so-v-hp-inc/,"District Court, N.D. California",145875,https://www.courtlistener.com/opinion/145875/ashcroft-v-iqbal/,Supreme Court of the United States,Iqbal,Ashcroft v. Iqbal,"['2009 U.S. LEXIS 3472', '556 U.S. 662', '129 S. Ct. 1937', '173 L. Ed. 2d 868']"
9606916,https://www.courtlistener.com/opinion/9606916/so-v-hp-inc/,"District Court, N.D. California",1372628,https://www.courtlistener.com/opinion/1372628/people-v-mayfield/,California Supreme Court,Mayfield,People v. Mayfield,"['19 Cal. Rptr. 2d 836', '5 Cal. 4th 142', '852 P.2d 331']"
9606916,https://www.courtlistener.com/opinion/9606916/so-v-hp-inc/,"District Court, N.D. California",1801796,https://www.courtlistener.com/opinion/1801796/in-re-tobacco-ii-cases/,California Supreme Court,In Re Tobacco II Cases,In Re Tobacco II Cases,"['2009 Cal. LEXIS 4365', '93 Cal. Rptr. 3d 559', '207 P.3d 20', '46 Cal. 4th 298']"
9606979,https://www.courtlistener.com/opinion/9606979/sidhu-v-bayer-healthcare-pharmaceuticals-inc/,"District Court, N.D. California",185335,https://www.courtlistener.com/opinion/185335/jenkins-v-washington-convention-center/,Court of Appeals for the D.C. Circuit,,Jenkins v. Washington Convention Center,"['2001 WL 32782', '2001 U.S. App. LEXIS 576', '344 U.S. App. D.C. 315', '236 F.3d 6']"
9606979,https://www.courtlistener.com/opinion/9606979/sidhu-v-bayer-healthcare-pharmaceuticals-inc/,"District Court, N.D. California",199405,https://www.courtlistener.com/opinion/199405/havercombe-v-department-of-education-of-puerto-rico/,Court of Appeals for the First Circuit,Havercombe,Havercombe v. Department of Education of Puerto Rico,"['2001 WL 487952', '250 F.3d 1']"
9606979,https://www.courtlistener.com/opinion/9606979/sidhu-v-bayer-healthcare-pharmaceuticals-inc/,"District Court, N.D. California",219976,https://www.courtlistener.com/opinion/219976/reese-v-bp-exploration-alaska-inc/,Court of Appeals for the Ninth Circuit,Reese,Reese v. BP Exploration (Alaska) Inc.,"['2011 WL 2557238', '2011 U.S. App. LEXIS 13255', '178 Oil & Gas Rep. 774', '643 F.3d 681']"
9606979,https://www.courtlistener.com/opinion/9606979/sidhu-v-bayer-healthcare-pharmaceuticals-inc/,"District Court, N.D. California",221641,https://www.courtlistener.com/opinion/221641/conservation-force-v-salazar/,Court of Appeals for the Ninth Circuit,Salazar,Conservation Force v. Salazar,"['2011 WL 2937938', '2011 U.S. App. LEXIS 15011', '646 F.3d 1240']"
9606979,https://www.courtlistener.com/opinion/9606979/sidhu-v-bayer-healthcare-pharmaceuticals-inc/,"District Court, N.D. California",426434,https://www.courtlistener.com/opinion/426434/north-star-international-a-nevada-corporation-plaintiff-appellant-v-the/,Court of Appeals for the Ninth Circuit,,"NORTH STAR INTERNATIONAL, a Nevada Corporation, Plaintiff-Appellant, v. the ARIZONA CORPORATION COMMISSION, Et Al., Defendants-Appellees","['1983 U.S. App. LEXIS 15982', '720 F.2d 578']"
9606979,https://www.courtlistener.com/opinion/9606979/sidhu-v-bayer-healthcare-pharmaceuticals-inc/,"District Court, N.D. California",478039,https://www.courtlistener.com/opinion/478039/mgic-indemnity-corporation-v-lawrence-i-weisman-thomas-p-dunn-ln/,Court of Appeals for the Ninth Circuit,,"Mgic Indemnity Corporation v. Lawrence I. Weisman, Thomas P. Dunn, L.N. Nevels, Jr., and Henry K.F. Kersting",['803 F.2d 500']
9606979,https://www.courtlistener.com/opinion/9606979/sidhu-v-bayer-healthcare-pharmaceuticals-inc/,"District Court, N.D. California",783479,https://www.courtlistener.com/opinion/783479/united-states-v-donald-lawrence-ritchie-heather-horner/,Court of Appeals for the Ninth Circuit,,"United States v. Donald Lawrence Ritchie, Heather Horner, Claimant-Appellant","['2003 WL 22004994', '2003 U.S. App. LEXIS 17752', '2003 Daily Journal DAR 9689', '56 Fed. R. Serv. 3d 577', '2003 Cal. Daily Op. Serv. 7757', '342 F.3d 903']"
9606979,https://www.courtlistener.com/opinion/9606979/sidhu-v-bayer-healthcare-pharmaceuticals-inc/,"District Court, N.D. California",807798,https://www.courtlistener.com/opinion/807798/gary-davis-v-hsbc-bank-nevada-na/,Court of Appeals for the Ninth Circuit,,"Gary Davis v. Hsbc Bank Nevada, N.A.","['2012 U.S. App. LEXIS 18503', '2012 WL 3804370', '691 F.3d 1152']"
9606979,https://www.courtlistener.com/opinion/9606979/sidhu-v-bayer-healthcare-pharmaceuticals-inc/,"District Court, N.D. California",1208595,https://www.courtlistener.com/opinion/1208595/kearns-v-ford-motor-co/,Court of Appeals for the Ninth Circuit,Kearns,Kearns v. Ford Motor Co.,"['2009 WL 1578535', '2009 U.S. App. LEXIS 12289', '73 Fed. R. Serv. 3d 1168', '567 F.3d 1120']"
9606979,https://www.courtlistener.com/opinion/9606979/sidhu-v-bayer-healthcare-pharmaceuticals-inc/,"District Court, N.D. California",1374713,https://www.courtlistener.com/opinion/1374713/in-re-menna/,California Supreme Court,In Re Menna,In Re Menna,"['1995 Cal. LEXIS 6797', '95 Cal. Daily Op. Serv. 9222', '95 Daily Journal DAR 16017', '47 Cal. Rptr. 2d 2', '11 Cal. 4th 975', '905 P.2d 944']"
9606979,https://www.courtlistener.com/opinion/9606979/sidhu-v-bayer-healthcare-pharmaceuticals-inc/,"District Court, N.D. California",1400355,https://www.courtlistener.com/opinion/1400355/in-re-gilead-sciences-securities-litigation/,Court of Appeals for the Ninth Circuit,In Re Gilead Sciences Securities Litigation,In Re Gilead Sciences Securities Litigation,"['2008 WL 3271039', '2008 U.S. App. LEXIS 17076', '536 F.3d 1049']"
9606979,https://www.courtlistener.com/opinion/9606979/sidhu-v-bayer-healthcare-pharmaceuticals-inc/,"District Court, N.D. California",1434048,https://www.courtlistener.com/opinion/1434048/birdsong-v-apple-inc/,Court of Appeals for the Ninth Circuit,Birdsong,"Birdsong v. Apple, Inc.","['2009 WL 5125776', '2009 U.S. App. LEXIS 28749', '590 F.3d 955']"
9606979,https://www.courtlistener.com/opinion/9606979/sidhu-v-bayer-healthcare-pharmaceuticals-inc/,"District Court, N.D. California",2113075,https://www.courtlistener.com/opinion/2113075/in-re-tft-lcd-flat-panel-antitrust-litigation/,"District Court, N.D. California",In Re TFT-LCD (Flat Panel) Antitrust Litigation,In Re TFT-LCD (Flat Panel) Antitrust Litigation,"['2011 WL 941285', '781 F. Supp. 2d 955']"
9606979,https://www.courtlistener.com/opinion/9606979/sidhu-v-bayer-healthcare-pharmaceuticals-inc/,"District Court, N.D. California",2114482,https://www.courtlistener.com/opinion/2114482/cyrus-v-haveson/,California Court of Appeal,Cyrus,Cyrus v. Haveson,"['1976 Cal. App. LEXIS 2213', '135 Cal. Rptr. 246', '65 Cal. App. 3d 306']"
9606979,https://www.courtlistener.com/opinion/9606979/sidhu-v-bayer-healthcare-pharmaceuticals-inc/,"District Court, N.D. California",2243821,https://www.courtlistener.com/opinion/2243821/north-american-chemical-co-v-superior-court-of-los-angeles-county/,California Court of Appeal,,North American Chemical Co. v. Superior Court of Los Angeles County,"['1997 Cal. App. LEXIS 981', '34 U.C.C. Rep. Serv. 2d (West) 332', '97 Cal. Daily Op. Serv. 9015', '97 Daily Journal DAR 14517', '69 Cal. Rptr. 2d 466', '59 Cal. App. 4th 764']"
9606979,https://www.courtlistener.com/opinion/9606979/sidhu-v-bayer-healthcare-pharmaceuticals-inc/,"District Court, N.D. California",2256580,https://www.courtlistener.com/opinion/2256580/south-bay-chevrolet-v-general-motors-acceptance-corp/,California Court of Appeal,GMAC,South Bay Chevrolet v. General Motors Acceptance Corp.,"['1999 Cal. App. LEXIS 546', '99 Daily Journal DAR 5413', '72 Cal. App. 4th 861', '85 Cal. Rptr. 2d 301']"
9606979,https://www.courtlistener.com/opinion/9606979/sidhu-v-bayer-healthcare-pharmaceuticals-inc/,"District Court, N.D. California",2295851,https://www.courtlistener.com/opinion/2295851/mocek-v-alfa-leisure-inc/,California Court of Appeal,Mocek,"Mocek v. Alfa Leisure, Inc.","['2003 Cal. App. LEXIS 1859', '2003 Cal. Daily Op. Serv. 10817', '52 U.C.C. Rep. Serv. 2d (West) 414', '2003 Daily Journal DAR 13649', '114 Cal. App. 4th 402', '7 Cal. Rptr. 3d 546']"
9606979,https://www.courtlistener.com/opinion/9606979/sidhu-v-bayer-healthcare-pharmaceuticals-inc/,"District Court, N.D. California",2299759,https://www.courtlistener.com/opinion/2299759/platte-anchor-bolt-inc-v-ihi-inc/,"District Court, N.D. California",,"Platte Anchor Bolt, Inc. v. IHI, INC.","['2004 WL 3127587', '2004 U.S. Dist. LEXIS 27327', '352 F. Supp. 2d 1048']"
9606979,https://www.courtlistener.com/opinion/9606979/sidhu-v-bayer-healthcare-pharmaceuticals-inc/,"District Court, N.D. California",2540569,https://www.courtlistener.com/opinion/2540569/barnes-v-at-t-pension-benefit-plannonbargained-program/,"District Court, N.D. California",Barnes,Barnes v. AT & T Pension Benefit Plannonbargained Program,"['2010 WL 2507769', '2010 U.S. Dist. LEXIS 62515', '718 F. Supp. 2d 1167']"
9606979,https://www.courtlistener.com/opinion/9606979/sidhu-v-bayer-healthcare-pharmaceuticals-inc/,"District Court, N.D. California",2792929,https://www.courtlistener.com/opinion/2792929/skye-astiana-v-the-hain-celestial-group/,Court of Appeals for the Ninth Circuit,,Skye Astiana v. the Hain Celestial Group,"['2015 WL 1600205', '2015 U.S. App. LEXIS 5833', '783 F.3d 753']"
9606979,https://www.courtlistener.com/opinion/9606979/sidhu-v-bayer-healthcare-pharmaceuticals-inc/,"District Court, N.D. California",3180196,https://www.courtlistener.com/opinion/3180196/kwasniewski-ex-rel-estate-of-kwasniewski-v-sanofi-aventis-us-llc/,Court of Appeals for the Ninth Circuit,,"Kwasniewski Ex Rel. Estate of Kwasniewski v. Sanofi-Aventis U.S., LLC","[""637 F. App'x 405""]"
9606979,https://www.courtlistener.com/opinion/9606979/sidhu-v-bayer-healthcare-pharmaceuticals-inc/,"District Court, N.D. California",4396853,https://www.courtlistener.com/opinion/4396853/stephen-wendell-v-glaxosmithkline-llc/,Court of Appeals for the Ninth Circuit,,Stephen Wendell v. Glaxosmithkline LLC,"['2017 U.S. App. LEXIS 9787', '2017 WL 2381122', '103 Fed. R. Serv. 783', '858 F.3d 1227']"
9606979,https://www.courtlistener.com/opinion/9606979/sidhu-v-bayer-healthcare-pharmaceuticals-inc/,"District Court, N.D. California",4500152,https://www.courtlistener.com/opinion/4500152/sherry-sullivan-v-republic-of-cuba/,Court of Appeals for the First Circuit,,Sherry Sullivan v. Republic of Cuba,['891 F.3d 6']
9606979,https://www.courtlistener.com/opinion/9606979/sidhu-v-bayer-healthcare-pharmaceuticals-inc/,"District Court, N.D. California",4525969,https://www.courtlistener.com/opinion/4525969/karim-khoja-v-orexigen-therapeutics-inc/,Court of Appeals for the Ninth Circuit,,"Karim Khoja v. Orexigen Therapeutics, Inc.",['899 F.3d 988']
9606979,https://www.courtlistener.com/opinion/9606979/sidhu-v-bayer-healthcare-pharmaceuticals-inc/,"District Court, N.D. California",5810290,https://www.courtlistener.com/opinion/5810290/hill-v-roll-international-corp/,California Court of Appeal,Hill,Hill v. Roll International Corp.,"['2011 Cal. App. LEXIS 653', '128 Cal. Rptr. 3d 109', '195 Cal. App. 4th 1295']"
9606979,https://www.courtlistener.com/opinion/9606979/sidhu-v-bayer-healthcare-pharmaceuticals-inc/,"District Court, N.D. California",7110394,https://www.courtlistener.com/opinion/7110394/vess-v-ciba-geigy-corp-usa/,Court of Appeals for the Ninth Circuit,Vess,Vess v. Ciba-Geigy Corp. USA,"['2003 WL 203124', '317 F.3d 1097']"
9606979,https://www.courtlistener.com/opinion/9606979/sidhu-v-bayer-healthcare-pharmaceuticals-inc/,"District Court, N.D. California",7311153,https://www.courtlistener.com/opinion/7311153/ladore-v-sony-computer-entertainment-america-llc/,"District Court, N.D. California",Ladore,"Ladore v. Sony Computer Entertainment America, LLC","['2014 WL 7187159', '2014 U.S. Dist. LEXIS 173766', '75 F. Supp. 3d 1065']"
9606979,https://www.courtlistener.com/opinion/9606979/sidhu-v-bayer-healthcare-pharmaceuticals-inc/,"District Court, N.D. California",7311730,https://www.courtlistener.com/opinion/7311730/t-m-solar-air-conditioning-inc-v-lennox-international-inc/,"District Court, N.D. California",,"T & M Solar & Air Conditioning, Inc. v. Lennox International Inc.","['2015 WL 1289497', '2015 U.S. Dist. LEXIS 35253', '83 F. Supp. 3d 855']"
9606979,https://www.courtlistener.com/opinion/9606979/sidhu-v-bayer-healthcare-pharmaceuticals-inc/,"District Court, N.D. California",7314548,https://www.courtlistener.com/opinion/7314548/tapia-v-davol-inc/,"District Court, S.D. California",Tapia,"Tapia v. Davol, Inc.","['2015 WL 4544507', '2015 U.S. Dist. LEXIS 98521', '116 F. Supp. 3d 1149']"
9606979,https://www.courtlistener.com/opinion/9606979/sidhu-v-bayer-healthcare-pharmaceuticals-inc/,"District Court, N.D. California",7324900,https://www.courtlistener.com/opinion/7324900/hadley-v-kellogg-sales-co/,"District Court, N.D. California",Hadley,Hadley v. Kellogg Sales Co.,"['2017 U.S. Dist. LEXIS 40825', '2017 WL 1065293', '243 F. Supp. 3d 1074']"
9606979,https://www.courtlistener.com/opinion/9606979/sidhu-v-bayer-healthcare-pharmaceuticals-inc/,"District Court, N.D. California",7328757,https://www.courtlistener.com/opinion/7328757/in-re-nexus-6p-prods-liab-litig/,"District Court, N.D. California",,In re Nexus 6P Prods. Liab. Litig.,['293 F. Supp. 3d 888']
9606979,https://www.courtlistener.com/opinion/9606979/sidhu-v-bayer-healthcare-pharmaceuticals-inc/,"District Court, N.D. California",7335846,https://www.courtlistener.com/opinion/7335846/holley-v-gilead-scis-inc/,"District Court, N.D. California",Holley,"Holley v. Gilead Scis., Inc.",['379 F. Supp. 3d 809']
9606979,https://www.courtlistener.com/opinion/9606979/sidhu-v-bayer-healthcare-pharmaceuticals-inc/,"District Court, N.D. California",8443941,https://www.courtlistener.com/opinion/8443941/gibbons-v-bristol-myers-squibb-co/,Court of Appeals for the Second Circuit,Gibbons,Gibbons v. Bristol-Myers Squibb Co.,['919 F.3d 699']
9606979,https://www.courtlistener.com/opinion/9606979/sidhu-v-bayer-healthcare-pharmaceuticals-inc/,"District Court, N.D. California",8700517,https://www.courtlistener.com/opinion/8700517/bruton-v-gerber-products-co/,Court of Appeals for the Ninth Circuit,Bruton,Bruton v. Gerber Products Co.,"[""703 F. App'x 468""]"
9606979,https://www.courtlistener.com/opinion/9606979/sidhu-v-bayer-healthcare-pharmaceuticals-inc/,"District Court, N.D. California",8789453,https://www.courtlistener.com/opinion/8789453/rees-v-pnc-bank-na/,"District Court, N.D. California",Rees,"Rees v. PNC Bank, N.A.","['2015 WL 1548952', '2015 U.S. Dist. LEXIS 46700', '308 F.R.D. 266']"
9606979,https://www.courtlistener.com/opinion/9606979/sidhu-v-bayer-healthcare-pharmaceuticals-inc/,"District Court, N.D. California",8792606,https://www.courtlistener.com/opinion/8792606/national-bank-of-commerce-of-tacoma-v-tacoma-mill-co/,Court of Appeals for the Ninth Circuit,,National Bank of Commerce of Tacoma v. Tacoma Mill Co.,"['1910 U.S. App. LEXIS 4907', '104 C.C.A. 441', '182 F. 1']"
9606979,https://www.courtlistener.com/opinion/9606979/sidhu-v-bayer-healthcare-pharmaceuticals-inc/,"District Court, N.D. California",8815120,https://www.courtlistener.com/opinion/8815120/the-coastwise/,Court of Appeals for the First Circuit,The Coastwise,The Coastwise,"['1916 U.S. App. LEXIS 2418', '147 C.C.A. 71', '233 F. 1']"
9606979,https://www.courtlistener.com/opinion/9606979/sidhu-v-bayer-healthcare-pharmaceuticals-inc/,"District Court, N.D. California",109224,https://www.courtlistener.com/opinion/109224/schlesinger-v-councilman/,Supreme Court of the United States,Schlesinger,Schlesinger v. Councilman,"['21 Fed. R. Serv. 2d 1029', '1975 U.S. LEXIS 51', '420 U.S. 738', '95 S. Ct. 1300', '43 L. Ed. 2d 591']"
9606979,https://www.courtlistener.com/opinion/9606979/sidhu-v-bayer-healthcare-pharmaceuticals-inc/,"District Court, N.D. California",112747,https://www.courtlistener.com/opinion/112747/lujan-v-defenders-of-wildlife/,Supreme Court of the United States,Lujan,Lujan v. Defenders of Wildlife,"['34 ERC (BNA) 1785', '22 Envtl. L. Rep. (Envtl. Law Inst.) 20913', '6 Fla. L. Weekly Fed. S 374', '92 Daily Journal DAR 8967', '92 Cal. Daily Op. Serv. 4985', '60 U.S.L.W. 4495', '1992 U.S. LEXIS 3543', '504 U.S. 555', '112 S. Ct. 2130', '119 L. Ed. 2d 351']"
9606979,https://www.courtlistener.com/opinion/9606979/sidhu-v-bayer-healthcare-pharmaceuticals-inc/,"District Court, N.D. California",145730,https://www.courtlistener.com/opinion/145730/bell-atlantic-corp-v-twombly/,Supreme Court of the United States,Twombly,Bell Atlantic Corp. v. Twombly,"['75 U.S.L.W. 4337', '68 Fed. R. Serv. 3d 661', '20 Fla. L. Weekly Fed. S 267', '41 Communications Reg. (P&F) 567', '2007 U.S. LEXIS 5901', '550 U.S. 544', '127 S. Ct. 1955', '167 L. Ed. 2d 929']"
9606979,https://www.courtlistener.com/opinion/9606979/sidhu-v-bayer-healthcare-pharmaceuticals-inc/,"District Court, N.D. California",145875,https://www.courtlistener.com/opinion/145875/ashcroft-v-iqbal/,Supreme Court of the United States,Iqbal,Ashcroft v. Iqbal,"['2009 U.S. LEXIS 3472', '556 U.S. 662', '129 S. Ct. 1937', '173 L. Ed. 2d 868']"
9606979,https://www.courtlistener.com/opinion/9606979/sidhu-v-bayer-healthcare-pharmaceuticals-inc/,"District Court, N.D. California",145902,https://www.courtlistener.com/opinion/145902/wyeth-v-levine/,Supreme Court of the United States,Wyeth,Wyeth v. Levine,"['2009 U.S. LEXIS 1774', '555 U.S. 555', '129 S. Ct. 1187', '173 L. Ed. 2d 51']"
9606979,https://www.courtlistener.com/opinion/9606979/sidhu-v-bayer-healthcare-pharmaceuticals-inc/,"District Court, N.D. California",1205523,https://www.courtlistener.com/opinion/1205523/carlin-v-superior-court/,California Supreme Court,Carlin,Carlin v. Superior Court,"['1996 Cal. LEXIS 4446', '56 Cal. Rptr. 2d 162', '96 Cal. Daily Op. Serv. 6562', '96 Daily Journal DAR 10737', '920 P.2d 1347', '13 Cal. 4th 1104']"
9607110,https://www.courtlistener.com/opinion/9607110/heck-v-amazoncom-inc/,"District Court, N.D. California",112618,https://www.courtlistener.com/opinion/112618/astoria-federal-savings-loan-assn-v-solimino/,Supreme Court of the United States,Solimino,Astoria Federal Savings & Loan Ass'n v. Solimino,"['55 Fair Empl. Prac. Cas. (BNA) 1503', '56 Empl. Prac. Dec. (CCH) 40,809', '91 Cal. Daily Op. Serv. 4330', '91 Daily Journal DAR 6686', '59 U.S.L.W. 4616', '1991 U.S. LEXIS 3320', '501 U.S. 104', '111 S. Ct. 2166', '115 L. Ed. 2d 96']"
9607110,https://www.courtlistener.com/opinion/9607110/heck-v-amazoncom-inc/,"District Court, N.D. California",474911,https://www.courtlistener.com/opinion/474911/henry-g-mack-v-south-bay-beer-distributors-inc-dba-bay-beer/,Court of Appeals for the Ninth Circuit,,"Henry G. Mack v. South Bay Beer Distributors, Inc., Dba Bay Beer Distributors, a California Corporation","['41 Fair Empl. Prac. Cas. (BNA) 1224', '42 Empl. Prac. Dec. (CCH) 36,713', '1986 U.S. App. LEXIS 29264', '6 Fed. R. Serv. 3d 63', '798 F.2d 1279']"
9607110,https://www.courtlistener.com/opinion/9607110/heck-v-amazoncom-inc/,"District Court, N.D. California",660713,https://www.courtlistener.com/opinion/660713/jerry-l-branch-valenna-branch-colby-branch-v-dale-l-tunnell/,Court of Appeals for the Ninth Circuit,,"Jerry L. Branch, Valenna Branch, Colby Branch v. Dale L. Tunnell, Individually and as Special Agent of Bureau of Land Management, State of Montana","['1994 WL 5496', '1994 U.S. App. LEXIS 409', '94 Daily Journal DAR 442', '28 Fed. R. Serv. 3d 1211', '94 Cal. Daily Op. Serv. 253', '14 F.3d 449']"
9607110,https://www.courtlistener.com/opinion/9607110/heck-v-amazoncom-inc/,"District Court, N.D. California",796813,https://www.courtlistener.com/opinion/796813/theodore-c-swartz-v-kpmg-llp-and-presidio-advisory-services-inc/,Court of Appeals for the Ninth Circuit,,"Theodore C. Swartz v. Kpmg Llp, and Presidio Advisory Services Inc. Deutsche Bank Ag Deutsche Bank Securities, Inc.","['2007 WL 438795', '2007 U.S. App. LEXIS 3113', '99 A.F.T.R.2d (RIA) 974', '476 F.3d 756']"
9607110,https://www.courtlistener.com/opinion/9607110/heck-v-amazoncom-inc/,"District Court, N.D. California",1208595,https://www.courtlistener.com/opinion/1208595/kearns-v-ford-motor-co/,Court of Appeals for the Ninth Circuit,Kearns,Kearns v. Ford Motor Co.,"['2009 WL 1578535', '2009 U.S. App. LEXIS 12289', '73 Fed. R. Serv. 3d 1168', '567 F.3d 1120']"
9607110,https://www.courtlistener.com/opinion/9607110/heck-v-amazoncom-inc/,"District Court, N.D. California",1361176,https://www.courtlistener.com/opinion/1361176/lazy-y-ranch-ltd-v-behrens/,Court of Appeals for the Ninth Circuit,Behrens,Lazy Y Ranch Ltd. v. Behrens,"['2008 WL 4368216', '2008 U.S. App. LEXIS 20335', '546 F.3d 580']"
9607110,https://www.courtlistener.com/opinion/9607110/heck-v-amazoncom-inc/,"District Court, N.D. California",2118485,https://www.courtlistener.com/opinion/2118485/stern-v-superior-court/,California Court of Appeal,Stern,Stern v. Superior Court,"['1971 Cal. App. LEXIS 1356', '95 Cal. Rptr. 541', '18 Cal. App. 3d 26']"
9607110,https://www.courtlistener.com/opinion/9607110/heck-v-amazoncom-inc/,"District Court, N.D. California",2473126,https://www.courtlistener.com/opinion/2473126/smith-v-ford-motor-co/,"District Court, N.D. California",,Smith v. Ford Motor Co.,"['2010 WL 3619853', '2010 U.S. Dist. LEXIS 95122', '749 F. Supp. 2d 980']"
9607110,https://www.courtlistener.com/opinion/9607110/heck-v-amazoncom-inc/,"District Court, N.D. California",7108812,https://www.courtlistener.com/opinion/7108812/galbraith-v-county-of-santa-clara/,Court of Appeals for the Ninth Circuit,Galbraith,Galbraith v. County of Santa Clara,"['2002 WL 31255033', '307 F.3d 1119']"
9607110,https://www.courtlistener.com/opinion/9607110/heck-v-amazoncom-inc/,"District Court, N.D. California",7110394,https://www.courtlistener.com/opinion/7110394/vess-v-ciba-geigy-corp-usa/,Court of Appeals for the Ninth Circuit,Vess,Vess v. Ciba-Geigy Corp. USA,"['2003 WL 203124', '317 F.3d 1097']"
9607110,https://www.courtlistener.com/opinion/9607110/heck-v-amazoncom-inc/,"District Court, N.D. California",7324900,https://www.courtlistener.com/opinion/7324900/hadley-v-kellogg-sales-co/,"District Court, N.D. California",Hadley,Hadley v. Kellogg Sales Co.,"['2017 U.S. Dist. LEXIS 40825', '2017 WL 1065293', '243 F. Supp. 3d 1074']"
9607110,https://www.courtlistener.com/opinion/9607110/heck-v-amazoncom-inc/,"District Court, N.D. California",8443826,https://www.courtlistener.com/opinion/8443826/meridian-capital-cis-fund-v-burton-in-re-buccaneer-res-llc/,Court of Appeals for the Fifth Circuit,,"Meridian Capital CIS Fund v. Burton (In re Buccaneer Res., L.L.C.)",['912 F.3d 291']
9607110,https://www.courtlistener.com/opinion/9607110/heck-v-amazoncom-inc/,"District Court, N.D. California",8712468,https://www.courtlistener.com/opinion/8712468/keegan-v-american-honda-motor-co/,"District Court, C.D. California",Keegan,Keegan v. American Honda Motor Co.,"['2012 U.S. Dist. LEXIS 3007', '2012 WL 75443', '76 U.C.C. Rep. Serv. 2d (West) 440', '838 F. Supp. 2d 929']"
9607110,https://www.courtlistener.com/opinion/9607110/heck-v-amazoncom-inc/,"District Court, N.D. California",8714652,https://www.courtlistener.com/opinion/8714652/in-re-apple-in-app-purchase-litigation/,"District Court, N.D. California",,In re Apple In-App Purchase Litigation,"['2012 WL 1123548', '855 F. Supp. 2d 1030']"
9607110,https://www.courtlistener.com/opinion/9607110/heck-v-amazoncom-inc/,"District Court, N.D. California",111742,https://www.courtlistener.com/opinion/111742/papasan-v-allain/,Supreme Court of the United States,Papasan,Papasan v. Allain,"['54 U.S.L.W. 4939', '1986 U.S. LEXIS 127', '478 U.S. 265', '106 S. Ct. 2932', '92 L. Ed. 2d 209']"
9607110,https://www.courtlistener.com/opinion/9607110/heck-v-amazoncom-inc/,"District Court, N.D. California",145730,https://www.courtlistener.com/opinion/145730/bell-atlantic-corp-v-twombly/,Supreme Court of the United States,Twombly,Bell Atlantic Corp. v. Twombly,"['75 U.S.L.W. 4337', '68 Fed. R. Serv. 3d 661', '20 Fla. L. Weekly Fed. S 267', '41 Communications Reg. (P&F) 567', '2007 U.S. LEXIS 5901', '550 U.S. 544', '127 S. Ct. 1955', '167 L. Ed. 2d 929']"
9607110,https://www.courtlistener.com/opinion/9607110/heck-v-amazoncom-inc/,"District Court, N.D. California",145875,https://www.courtlistener.com/opinion/145875/ashcroft-v-iqbal/,Supreme Court of the United States,Iqbal,Ashcroft v. Iqbal,"['2009 U.S. LEXIS 3472', '556 U.S. 662', '129 S. Ct. 1937', '173 L. Ed. 2d 868']"
9607110,https://www.courtlistener.com/opinion/9607110/heck-v-amazoncom-inc/,"District Court, N.D. California",1301891,https://www.courtlistener.com/opinion/1301891/cel-tech-communications-inc-v-los-angeles-cellular-telephone-co/,California Supreme Court,,"Cel-Tech Communications, Inc. v. Los Angeles Cellular Telephone Co.","['1999 Cal. LEXIS 1656', '99 Daily Journal DAR 3360', '99 Cal. Daily Op. Serv. 2576', '20 Cal. 4th 163', '83 Cal. Rptr. 2d 548', '973 P.2d 527']"
9607311,https://www.courtlistener.com/opinion/9607311/klammer-v-mondelez-international-inc/,"District Court, N.D. California",112618,https://www.courtlistener.com/opinion/112618/astoria-federal-savings-loan-assn-v-solimino/,Supreme Court of the United States,Solimino,Astoria Federal Savings & Loan Ass'n v. Solimino,"['55 Fair Empl. Prac. Cas. (BNA) 1503', '56 Empl. Prac. Dec. (CCH) 40,809', '91 Cal. Daily Op. Serv. 4330', '91 Daily Journal DAR 6686', '59 U.S.L.W. 4616', '1991 U.S. LEXIS 3320', '501 U.S. 104', '111 S. Ct. 2166', '115 L. Ed. 2d 96']"
9607311,https://www.courtlistener.com/opinion/9607311/klammer-v-mondelez-international-inc/,"District Court, N.D. California",474911,https://www.courtlistener.com/opinion/474911/henry-g-mack-v-south-bay-beer-distributors-inc-dba-bay-beer/,Court of Appeals for the Ninth Circuit,,"Henry G. Mack v. South Bay Beer Distributors, Inc., Dba Bay Beer Distributors, a California Corporation","['41 Fair Empl. Prac. Cas. (BNA) 1224', '42 Empl. Prac. Dec. (CCH) 36,713', '1986 U.S. App. LEXIS 29264', '6 Fed. R. Serv. 3d 63', '798 F.2d 1279']"
9607311,https://www.courtlistener.com/opinion/9607311/klammer-v-mondelez-international-inc/,"District Court, N.D. California",660713,https://www.courtlistener.com/opinion/660713/jerry-l-branch-valenna-branch-colby-branch-v-dale-l-tunnell/,Court of Appeals for the Ninth Circuit,,"Jerry L. Branch, Valenna Branch, Colby Branch v. Dale L. Tunnell, Individually and as Special Agent of Bureau of Land Management, State of Montana","['1994 WL 5496', '1994 U.S. App. LEXIS 409', '94 Daily Journal DAR 442', '28 Fed. R. Serv. 3d 1211', '94 Cal. Daily Op. Serv. 253', '14 F.3d 449']"
9607311,https://www.courtlistener.com/opinion/9607311/klammer-v-mondelez-international-inc/,"District Court, N.D. California",706088,https://www.courtlistener.com/opinion/706088/michael-freeman-plaintiff-appellant-v-the-time-inc-magazine-company/,Court of Appeals for the Ninth Circuit,,"Michael FREEMAN, Plaintiff-Appellant, v. the TIME, INC., Magazine Company, Et Al., Defendants-Appellees",['68 F.3d 285']
9607311,https://www.courtlistener.com/opinion/9607311/klammer-v-mondelez-international-inc/,"District Court, N.D. California",763256,https://www.courtlistener.com/opinion/763256/coastal-abstract-service-inc-v-first-american-title-insurance-company/,Court of Appeals for the First Circuit,,"Coastal Abstract Service, Inc. v. First American Title Insurance Company, John M. Hollenbeck","['1999 WL 152594', '1999 U.S. App. LEXIS 4841', '50 U.S.P.Q. 2d (BNA) 1118', '99 Cal. Daily Op. Serv. 2065', '173 F.3d 725']"
9607311,https://www.courtlistener.com/opinion/9607311/klammer-v-mondelez-international-inc/,"District Court, N.D. California",866709,https://www.courtlistener.com/opinion/866709/fink-v-time-warner-cable/,Court of Appeals for the Second Circuit,Fink,Fink v. Time Warner Cable,"['2013 WL 1859141', '714 F.3d 739']"
9607311,https://www.courtlistener.com/opinion/9607311/klammer-v-mondelez-international-inc/,"District Court, N.D. California",1243130,https://www.courtlistener.com/opinion/1243130/williams-v-gerber-products-co/,Court of Appeals for the Ninth Circuit,,Williams v. Gerber Products Co.,"['2008 WL 5273731', '2008 U.S. App. LEXIS 27421', '552 F.3d 934']"
9607311,https://www.courtlistener.com/opinion/9607311/klammer-v-mondelez-international-inc/,"District Court, N.D. California",1361176,https://www.courtlistener.com/opinion/1361176/lazy-y-ranch-ltd-v-behrens/,Court of Appeals for the Ninth Circuit,Behrens,Lazy Y Ranch Ltd. v. Behrens,"['2008 WL 4368216', '2008 U.S. App. LEXIS 20335', '546 F.3d 580']"
9607311,https://www.courtlistener.com/opinion/9607311/klammer-v-mondelez-international-inc/,"District Court, N.D. California",2086398,https://www.courtlistener.com/opinion/2086398/oswego-laborers-local-214-pension-fund-v-marine-midland-bank-n-a/,New York Court of Appeals,,"Oswego Laborers' Local 214 Pension Fund v. Marine Midland Bank, N. A.","['1995 N.Y. LEXIS 145', '623 N.Y.S.2d 529', '85 N.Y.2d 20', '647 N.E.2d 741']"
9607311,https://www.courtlistener.com/opinion/9607311/klammer-v-mondelez-international-inc/,"District Court, N.D. California",2260165,https://www.courtlistener.com/opinion/2260165/cohen-v-directv-inc/,California Court of Appeal,Cohen,"Cohen v. DirecTV, Inc.","['2009 Cal. App. LEXIS 1728', '101 Cal. Rptr. 3d 37', '178 Cal. App. 4th 966']"
9607311,https://www.courtlistener.com/opinion/9607311/klammer-v-mondelez-international-inc/,"District Court, N.D. California",2655174,https://www.courtlistener.com/opinion/2655174/airs-aromatics-llc-v-opinion-victorias-secret-stores-brand-management/,Court of Appeals for the Ninth Circuit,,"Airs Aromatics, LLC v. Opinion Victoria's Secret Stores Brand Management, Inc.","['2014 U.S. App. LEXIS 3865', '2014 WL 793091', '109 U.S.P.Q. 2d (BNA) 1960', '744 F.3d 595']"
9607311,https://www.courtlistener.com/opinion/9607311/klammer-v-mondelez-international-inc/,"District Court, N.D. California",3159382,https://www.courtlistener.com/opinion/3159382/margie-daniel-v-ford-motor-company/,Court of Appeals for the Ninth Circuit,,Margie Daniel v. Ford Motor Company,"['2015 WL 7740646', '2015 U.S. App. LEXIS 20875', '88 U.C.C. Rep. Serv. 2d (West) 376', '806 F.3d 1217']"
9607311,https://www.courtlistener.com/opinion/9607311/klammer-v-mondelez-international-inc/,"District Court, N.D. California",5809491,https://www.courtlistener.com/opinion/5809491/linear-technology-corp-v-applied-materials-inc/,California Court of Appeal,,"Linear Technology Corp. v. Applied Materials, Inc.","['2007 Cal. App. LEXIS 1000', '63 U.C.C. Rep. Serv. 2d (West) 407', '61 Cal. Rptr. 3d 221', '152 Cal. App. 4th 115']"
9607311,https://www.courtlistener.com/opinion/9607311/klammer-v-mondelez-international-inc/,"District Court, N.D. California",6239892,https://www.courtlistener.com/opinion/6239892/brady-v-bayer-corp/,"California Court of Appeal, 5th District",Brady,Brady v. Bayer Corp.,"['26 Cal. App. 5th 1156', '237 Cal. Rptr. 3d 683']"
9607311,https://www.courtlistener.com/opinion/9607311/klammer-v-mondelez-international-inc/,"District Court, N.D. California",7041988,https://www.courtlistener.com/opinion/7041988/southland-sod-farms-v-stover-seed-co/,Court of Appeals for the Ninth Circuit,,Southland Sod Farms v. Stover Seed Co.,"['1997 WL 104651', '108 F.3d 1134']"
9607311,https://www.courtlistener.com/opinion/9607311/klammer-v-mondelez-international-inc/,"District Court, N.D. California",7324900,https://www.courtlistener.com/opinion/7324900/hadley-v-kellogg-sales-co/,"District Court, N.D. California",Hadley,Hadley v. Kellogg Sales Co.,"['2017 U.S. Dist. LEXIS 40825', '2017 WL 1065293', '243 F. Supp. 3d 1074']"
9607311,https://www.courtlistener.com/opinion/9607311/klammer-v-mondelez-international-inc/,"District Court, N.D. California",8442970,https://www.courtlistener.com/opinion/8442970/ebner-v-fresh-inc/,Court of Appeals for the Ninth Circuit,Ebner,"Ebner v. Fresh, Inc.","['2016 WL 5389307', '838 F.3d 958']"
9607311,https://www.courtlistener.com/opinion/9607311/klammer-v-mondelez-international-inc/,"District Court, N.D. California",8725949,https://www.courtlistener.com/opinion/8725949/elias-v-hewlett-packard-co/,"District Court, N.D. California",Elias,Elias v. Hewlett-Packard Co.,"['2013 U.S. Dist. LEXIS 87748', '2013 WL 3187319', '950 F. Supp. 2d 1123']"
9607311,https://www.courtlistener.com/opinion/9607311/klammer-v-mondelez-international-inc/,"District Court, N.D. California",8727201,https://www.courtlistener.com/opinion/8727201/pardini-v-unilever-united-states-inc/,"District Court, N.D. California",Pardini,"Pardini v. Unilever United States, Inc.","['2013 U.S. Dist. LEXIS 95756', '2013 WL 3456872', '961 F. Supp. 2d 1048']"
9607311,https://www.courtlistener.com/opinion/9607311/klammer-v-mondelez-international-inc/,"District Court, N.D. California",8731416,https://www.courtlistener.com/opinion/8731416/in-re-sony-gaming-networks-customer-data-security-breach-litigation/,"District Court, S.D. California",,In re Sony Gaming Networks & Customer Data Security Breach Litigation,"['2014 U.S. Dist. LEXIS 7353', '2014 WL 223677', '82 U.C.C. Rep. Serv. 2d (West) 493', '996 F. Supp. 2d 942']"
9607311,https://www.courtlistener.com/opinion/9607311/klammer-v-mondelez-international-inc/,"District Court, N.D. California",8991601,https://www.courtlistener.com/opinion/8991601/reddy-v-litton-industries-inc/,Court of Appeals for the Ninth Circuit,Reddy,"Reddy v. Litton Industries, Inc.","['1990 WL 118103', '1990 U.S. App. LEXIS 14100', '912 F.2d 291']"
9607311,https://www.courtlistener.com/opinion/9607311/klammer-v-mondelez-international-inc/,"District Court, N.D. California",111742,https://www.courtlistener.com/opinion/111742/papasan-v-allain/,Supreme Court of the United States,Papasan,Papasan v. Allain,"['54 U.S.L.W. 4939', '1986 U.S. LEXIS 127', '478 U.S. 265', '106 S. Ct. 2932', '92 L. Ed. 2d 209']"
9607311,https://www.courtlistener.com/opinion/9607311/klammer-v-mondelez-international-inc/,"District Court, N.D. California",145730,https://www.courtlistener.com/opinion/145730/bell-atlantic-corp-v-twombly/,Supreme Court of the United States,Twombly,Bell Atlantic Corp. v. Twombly,"['75 U.S.L.W. 4337', '68 Fed. R. Serv. 3d 661', '20 Fla. L. Weekly Fed. S 267', '41 Communications Reg. (P&F) 567', '2007 U.S. LEXIS 5901', '550 U.S. 544', '127 S. Ct. 1955', '167 L. Ed. 2d 929']"
9607311,https://www.courtlistener.com/opinion/9607311/klammer-v-mondelez-international-inc/,"District Court, N.D. California",145875,https://www.courtlistener.com/opinion/145875/ashcroft-v-iqbal/,Supreme Court of the United States,Iqbal,Ashcroft v. Iqbal,"['2009 U.S. LEXIS 3472', '556 U.S. 662', '129 S. Ct. 1937', '173 L. Ed. 2d 868']"
9607311,https://www.courtlistener.com/opinion/9607311/klammer-v-mondelez-international-inc/,"District Court, N.D. California",1154737,https://www.courtlistener.com/opinion/1154737/mirkin-v-wasserman/,California Supreme Court,Mirkin,Mirkin v. Wasserman,"['1993 Cal. LEXIS 4451', '93 Cal. Daily Op. Serv. 6799', '93 Daily Journal DAR 11610', '23 Cal. Rptr. 2d 101', '5 Cal. 4th 1082', '858 P.2d 568']"
9607311,https://www.courtlistener.com/opinion/9607311/klammer-v-mondelez-international-inc/,"District Court, N.D. California",2283365,https://www.courtlistener.com/opinion/2283365/lavie-v-procter-gamble-co/,California Court of Appeal,Lavie,Lavie v. Procter & Gamble Co.,"['2003 Cal. App. LEXIS 71', '2003 Cal. Daily Op. Serv. 612', '2003 Daily Journal DAR 699', '105 Cal. App. 4th 496', '129 Cal. Rptr. 2d 486']"
9607433,https://www.courtlistener.com/opinion/9607433/freund-v-hp-inc/,"District Court, N.D. California",219976,https://www.courtlistener.com/opinion/219976/reese-v-bp-exploration-alaska-inc/,Court of Appeals for the Ninth Circuit,Reese,Reese v. BP Exploration (Alaska) Inc.,"['2011 WL 2557238', '2011 U.S. App. LEXIS 13255', '178 Oil & Gas Rep. 774', '643 F.3d 681']"
9607433,https://www.courtlistener.com/opinion/9607433/freund-v-hp-inc/,"District Court, N.D. California",221641,https://www.courtlistener.com/opinion/221641/conservation-force-v-salazar/,Court of Appeals for the Ninth Circuit,Salazar,Conservation Force v. Salazar,"['2011 WL 2937938', '2011 U.S. App. LEXIS 15011', '646 F.3d 1240']"
9607433,https://www.courtlistener.com/opinion/9607433/freund-v-hp-inc/,"District Court, N.D. California",426434,https://www.courtlistener.com/opinion/426434/north-star-international-a-nevada-corporation-plaintiff-appellant-v-the/,Court of Appeals for the Ninth Circuit,,"NORTH STAR INTERNATIONAL, a Nevada Corporation, Plaintiff-Appellant, v. the ARIZONA CORPORATION COMMISSION, Et Al., Defendants-Appellees","['1983 U.S. App. LEXIS 15982', '720 F.2d 578']"
9607433,https://www.courtlistener.com/opinion/9607433/freund-v-hp-inc/,"District Court, N.D. California",478039,https://www.courtlistener.com/opinion/478039/mgic-indemnity-corporation-v-lawrence-i-weisman-thomas-p-dunn-ln/,Court of Appeals for the Ninth Circuit,,"Mgic Indemnity Corporation v. Lawrence I. Weisman, Thomas P. Dunn, L.N. Nevels, Jr., and Henry K.F. Kersting",['803 F.2d 500']
9607433,https://www.courtlistener.com/opinion/9607433/freund-v-hp-inc/,"District Court, N.D. California",619286,https://www.courtlistener.com/opinion/619286/richard-smith-v-ford-motor-company/,Court of Appeals for the Ninth Circuit,,Richard Smith v. Ford Motor Company,"[""462 F. App'x 660""]"
9607433,https://www.courtlistener.com/opinion/9607433/freund-v-hp-inc/,"District Court, N.D. California",807798,https://www.courtlistener.com/opinion/807798/gary-davis-v-hsbc-bank-nevada-na/,Court of Appeals for the Ninth Circuit,,"Gary Davis v. Hsbc Bank Nevada, N.A.","['2012 U.S. App. LEXIS 18503', '2012 WL 3804370', '691 F.3d 1152']"
9607433,https://www.courtlistener.com/opinion/9607433/freund-v-hp-inc/,"District Court, N.D. California",1400355,https://www.courtlistener.com/opinion/1400355/in-re-gilead-sciences-securities-litigation/,Court of Appeals for the Ninth Circuit,In Re Gilead Sciences Securities Litigation,In Re Gilead Sciences Securities Litigation,"['2008 WL 3271039', '2008 U.S. App. LEXIS 17076', '536 F.3d 1049']"
9607433,https://www.courtlistener.com/opinion/9607433/freund-v-hp-inc/,"District Court, N.D. California",2139353,https://www.courtlistener.com/opinion/2139353/williams-v-beechnut-nutrition-corp/,California Court of Appeal,,Williams v. Beechnut Nutrition Corp.,"['1986 Cal. App. LEXIS 1994', '2 U.C.C. Rep. Serv. 2d (West) 1252', '229 Cal. Rptr. 605', '185 Cal. App. 3d 135']"
9607433,https://www.courtlistener.com/opinion/9607433/freund-v-hp-inc/,"District Court, N.D. California",2267506,https://www.courtlistener.com/opinion/2267506/limandri-v-judkins/,California Court of Appeal,LiMandri,LiMandri v. Judkins,"['1997 Cal. App. LEXIS 56', '97 Daily Journal DAR 1037', '97 Cal. Daily Op. Serv. 690', '60 Cal. Rptr. 2d 539', '52 Cal. App. 4th 326']"
9607433,https://www.courtlistener.com/opinion/9607433/freund-v-hp-inc/,"District Court, N.D. California",2473126,https://www.courtlistener.com/opinion/2473126/smith-v-ford-motor-co/,"District Court, N.D. California",,Smith v. Ford Motor Co.,"['2010 WL 3619853', '2010 U.S. Dist. LEXIS 95122', '749 F. Supp. 2d 980']"
9607433,https://www.courtlistener.com/opinion/9607433/freund-v-hp-inc/,"District Court, N.D. California",2590151,https://www.courtlistener.com/opinion/2590151/in-re-marriage-of-bonds/,California Supreme Court,In Re Marriage of Bonds,In Re Marriage of Bonds,"['2000 Cal. LEXIS 6117', '2000 Daily Journal DAR 9250', '2000 Cal. Daily Op. Serv. 6982', '24 Cal. 1', '24 Cal. 4th 1', '99 Cal. Rptr. 2d 252', '5 P.3d 815']"
9607433,https://www.courtlistener.com/opinion/9607433/freund-v-hp-inc/,"District Court, N.D. California",2641077,https://www.courtlistener.com/opinion/2641077/bruce-martin-construction-inc-v-ctb-inc/,Court of Appeals for the Eighth Circuit,,"Bruce Martin Construction, Inc. v. CTB, Inc.","['2013 U.S. App. LEXIS 22321', '2013 WL 5878444', '735 F.3d 750']"
9607433,https://www.courtlistener.com/opinion/9607433/freund-v-hp-inc/,"District Court, N.D. California",4503602,https://www.courtlistener.com/opinion/4503602/robert-hodsdon-v-mars-inc/,Court of Appeals for the Ninth Circuit,,"Robert Hodsdon v. Mars, Inc.",['891 F.3d 857']
9607433,https://www.courtlistener.com/opinion/9607433/freund-v-hp-inc/,"District Court, N.D. California",7306919,https://www.courtlistener.com/opinion/7306919/united-states-v-avalos/,"District Court, D. Utah",Avalos,United States v. Avalos,"['2014 U.S. Dist. LEXIS 78886', '2014 WL 2535208', '24 F. Supp. 3d 1107']"
9607433,https://www.courtlistener.com/opinion/9607433/freund-v-hp-inc/,"District Court, N.D. California",7322811,https://www.courtlistener.com/opinion/7322811/crystal-springs-upland-school-v-fieldturf-usa-inc/,"District Court, N.D. California",,"Crystal Springs Upland School v. Fieldturf USA, Inc.","['2016 WL 6576634', '2016 U.S. Dist. LEXIS 154331', '219 F. Supp. 3d 962']"
9607433,https://www.courtlistener.com/opinion/9607433/freund-v-hp-inc/,"District Court, N.D. California",7324900,https://www.courtlistener.com/opinion/7324900/hadley-v-kellogg-sales-co/,"District Court, N.D. California",Hadley,Hadley v. Kellogg Sales Co.,"['2017 U.S. Dist. LEXIS 40825', '2017 WL 1065293', '243 F. Supp. 3d 1074']"
9607433,https://www.courtlistener.com/opinion/9607433/freund-v-hp-inc/,"District Court, N.D. California",7327214,https://www.courtlistener.com/opinion/7327214/hadley-v-kellogg-sales-co/,"District Court, N.D. California",Hadley,Hadley v. Kellogg Sales Co.,['273 F. Supp. 3d 1052']
9607433,https://www.courtlistener.com/opinion/9607433/freund-v-hp-inc/,"District Court, N.D. California",7328841,https://www.courtlistener.com/opinion/7328841/baranco-v-ford-motor-co/,"District Court, N.D. California",Baranco,Baranco v. Ford Motor Co.,['294 F. Supp. 3d 950']
9607433,https://www.courtlistener.com/opinion/9607433/freund-v-hp-inc/,"District Court, N.D. California",7334436,https://www.courtlistener.com/opinion/7334436/sciacca-v-apple-inc/,"District Court, N.D. California",Sciacca,"Sciacca v. Apple, Inc.",['362 F. Supp. 3d 787']
9607433,https://www.courtlistener.com/opinion/9607433/freund-v-hp-inc/,"District Court, N.D. California",8280793,https://www.courtlistener.com/opinion/8280793/hardin-county-savings-bank-v-housing-redevelopment-authority-of-the-city/,Supreme Court of Minnesota,,Hardin County Savings Bank v. Housing & Redevelopment Authority of the City of Brainerd,"['2012 Minn. LEXIS 491', '2012 WL 4094350', '821 N.W.2d 184']"
9607433,https://www.courtlistener.com/opinion/9607433/freund-v-hp-inc/,"District Court, N.D. California",8721534,https://www.courtlistener.com/opinion/8721534/brown-v-hain-celestial-group-inc/,"District Court, N.D. California",Brown,"Brown v. Hain Celestial Group, Inc.","['2012 U.S. Dist. LEXIS 181591', '2012 WL 6697670', '79 U.C.C. Rep. Serv. 2d (West) 338', '913 F. Supp. 2d 881']"
9607433,https://www.courtlistener.com/opinion/9607433/freund-v-hp-inc/,"District Court, N.D. California",8725949,https://www.courtlistener.com/opinion/8725949/elias-v-hewlett-packard-co/,"District Court, N.D. California",Elias,Elias v. Hewlett-Packard Co.,"['2013 U.S. Dist. LEXIS 87748', '2013 WL 3187319', '950 F. Supp. 2d 1123']"
9607433,https://www.courtlistener.com/opinion/9607433/freund-v-hp-inc/,"District Court, N.D. California",145730,https://www.courtlistener.com/opinion/145730/bell-atlantic-corp-v-twombly/,Supreme Court of the United States,Twombly,Bell Atlantic Corp. v. Twombly,"['75 U.S.L.W. 4337', '68 Fed. R. Serv. 3d 661', '20 Fla. L. Weekly Fed. S 267', '41 Communications Reg. (P&F) 567', '2007 U.S. LEXIS 5901', '550 U.S. 544', '127 S. Ct. 1955', '167 L. Ed. 2d 929']"
9607433,https://www.courtlistener.com/opinion/9607433/freund-v-hp-inc/,"District Court, N.D. California",145875,https://www.courtlistener.com/opinion/145875/ashcroft-v-iqbal/,Supreme Court of the United States,Iqbal,Ashcroft v. Iqbal,"['2009 U.S. LEXIS 3472', '556 U.S. 662', '129 S. Ct. 1937', '173 L. Ed. 2d 868']"
9607433,https://www.courtlistener.com/opinion/9607433/freund-v-hp-inc/,"District Court, N.D. California",2301965,https://www.courtlistener.com/opinion/2301965/blm-v-sabo-deitsch/,California Court of Appeal,BLM,B.L.M. v. Sabo & Deitsch,"['1997 Cal. App. LEXIS 464', '97 Daily Journal DAR 7339', '97 Cal. Daily Op. Serv. 4428', '64 Cal. Rptr. 2d 335', '55 Cal. App. 2d 823', '55 Cal. App. 4th 823']"
9607433,https://www.courtlistener.com/opinion/9607433/freund-v-hp-inc/,"District Court, N.D. California",2623151,https://www.courtlistener.com/opinion/2623151/robinson-helicopter-co-inc-v-dana-corp/,California Supreme Court,,"Robinson Helicopter Co., Inc. v. Dana Corp.","['2004 Cal. LEXIS 12219', '2004 Cal. Daily Op. Serv. 11271', '34 Cal. 4th 979', '22 Cal. Rptr. 3d 352', '102 P.3d 268']"
9607926,https://www.courtlistener.com/opinion/9607926/rausch-v-flatout-inc/,"District Court, N.D. California",613006,https://www.courtlistener.com/opinion/613006/alvarez-v-chevron-corp/,Court of Appeals for the Ninth Circuit,Alvarez,Alvarez v. Chevron Corp.,"['2011 WL 3850660', '2011 U.S. App. LEXIS 18211', '75 U.C.C. Rep. Serv. 2d (West) 545', '656 F.3d 925']"
9607926,https://www.courtlistener.com/opinion/9607926/rausch-v-flatout-inc/,"District Court, N.D. California",856123,https://www.courtlistener.com/opinion/856123/robert-perez-v-nidek-co-ltd/,Court of Appeals for the Ninth Circuit,,"Robert Perez v. Nidek Co., Ltd.","['2013 U.S. App. LEXIS 5878', '2013 WL 1189098', '711 F.3d 1109']"
9607926,https://www.courtlistener.com/opinion/9607926/rausch-v-flatout-inc/,"District Court, N.D. California",1436780,https://www.courtlistener.com/opinion/1436780/south-ferry-lp-no-2-v-killinger/,Court of Appeals for the Ninth Circuit,Killinger,"South Ferry LP, No. 2 v. Killinger","['2008 WL 4138237', '2008 U.S. App. LEXIS 19178', '542 F.3d 776']"
9607926,https://www.courtlistener.com/opinion/9607926/rausch-v-flatout-inc/,"District Court, N.D. California",2469350,https://www.courtlistener.com/opinion/2469350/chacanaca-v-quaker-oats-company/,"District Court, N.D. California",Chacanaca,Chacanaca v. QUAKER OATS COMPANY,"['2010 WL 4055954', '2010 U.S. Dist. LEXIS 111981', '752 F. Supp. 2d 1111']"
9607926,https://www.courtlistener.com/opinion/9607926/rausch-v-flatout-inc/,"District Court, N.D. California",4541042,https://www.courtlistener.com/opinion/4541042/shavonda-hawkins-v-the-kroger-co/,Court of Appeals for the Ninth Circuit,,Shavonda Hawkins v. the Kroger Co.,['906 F.3d 763']
9607926,https://www.courtlistener.com/opinion/9607926/rausch-v-flatout-inc/,"District Court, N.D. California",7324900,https://www.courtlistener.com/opinion/7324900/hadley-v-kellogg-sales-co/,"District Court, N.D. California",Hadley,Hadley v. Kellogg Sales Co.,"['2017 U.S. Dist. LEXIS 40825', '2017 WL 1065293', '243 F. Supp. 3d 1074']"
9608784,https://www.courtlistener.com/opinion/9608784/amado-v-the-procter-gamble-co/,"District Court, N.D. California",187502,https://www.courtlistener.com/opinion/187502/united-states-v-love/,Court of Appeals for the D.C. Circuit,Love,United States v. Love,"['2010 WL 199615', '2010 U.S. App. LEXIS 1643', '389 U.S. App. D.C. 149', '593 F.3d 1']"
9608784,https://www.courtlistener.com/opinion/9608784/amado-v-the-procter-gamble-co/,"District Court, N.D. California",471375,https://www.courtlistener.com/opinion/471375/nl-industries-inc-v-stuart-m-kaplan/,Court of Appeals for the Ninth Circuit,,"Nl Industries, Inc. v. Stuart M. Kaplan","['1986 U.S. App. LEXIS 26286', '24 ERC (BNA) 1550', '16 Envtl. L. Rep. (Envtl. Law Inst.) 20749', '24 ERC 1550', '792 F.2d 896']"
9608784,https://www.courtlistener.com/opinion/9608784/amado-v-the-procter-gamble-co/,"District Court, N.D. California",660713,https://www.courtlistener.com/opinion/660713/jerry-l-branch-valenna-branch-colby-branch-v-dale-l-tunnell/,Court of Appeals for the Ninth Circuit,,"Jerry L. Branch, Valenna Branch, Colby Branch v. Dale L. Tunnell, Individually and as Special Agent of Bureau of Land Management, State of Montana","['1994 WL 5496', '1994 U.S. App. LEXIS 409', '94 Daily Journal DAR 442', '28 Fed. R. Serv. 3d 1211', '94 Cal. Daily Op. Serv. 253', '14 F.3d 449']"
9608784,https://www.courtlistener.com/opinion/9608784/amado-v-the-procter-gamble-co/,"District Court, N.D. California",1687030,https://www.courtlistener.com/opinion/1687030/oestreicher-v-alienware-corp/,"District Court, N.D. California",Oestreicher,Oestreicher v. Alienware Corp.,"['2008 WL 906550', '2008 U.S. Dist. LEXIS 26160', '544 F. Supp. 2d 964']"
9608784,https://www.courtlistener.com/opinion/9608784/amado-v-the-procter-gamble-co/,"District Court, N.D. California",2266610,https://www.courtlistener.com/opinion/2266610/jogani-v-superior-court/,California Court of Appeal,Jogani,Jogani v. Superior Court,"['2008 Cal. App. LEXIS 1188', '81 Cal. Rptr. 3d 503', '165 Cal. App. 4th 901']"
9608784,https://www.courtlistener.com/opinion/9608784/amado-v-the-procter-gamble-co/,"District Court, N.D. California",4580575,https://www.courtlistener.com/opinion/4580575/paul-dachauer-v-nbty-inc/,Court of Appeals for the Ninth Circuit,,"Paul Dachauer v. Nbty, Inc.",['913 F.3d 844']
9608784,https://www.courtlistener.com/opinion/9608784/amado-v-the-procter-gamble-co/,"District Court, N.D. California",7313032,https://www.courtlistener.com/opinion/7313032/hughes-v-ester-c-co/,"District Court, E.D. New York",Hughes,Hughes v. Ester C Co.,"['2015 WL 1469197', '99 F. Supp. 3d 278']"
9608784,https://www.courtlistener.com/opinion/9608784/amado-v-the-procter-gamble-co/,"District Court, N.D. California",7324900,https://www.courtlistener.com/opinion/7324900/hadley-v-kellogg-sales-co/,"District Court, N.D. California",Hadley,Hadley v. Kellogg Sales Co.,"['2017 U.S. Dist. LEXIS 40825', '2017 WL 1065293', '243 F. Supp. 3d 1074']"
9608784,https://www.courtlistener.com/opinion/9608784/amado-v-the-procter-gamble-co/,"District Court, N.D. California",7345719,https://www.courtlistener.com/opinion/7345719/pliva-inc-v-mensing/,Supreme Court of the United States,Mensing,"PLIVA, Inc. v. Mensing","['564 U.S. 604', '131 S. Ct. 2567', '2011 U.S. LEXIS 4793', '180 L. Ed. 2d 580']"
9608784,https://www.courtlistener.com/opinion/9608784/amado-v-the-procter-gamble-co/,"District Court, N.D. California",145730,https://www.courtlistener.com/opinion/145730/bell-atlantic-corp-v-twombly/,Supreme Court of the United States,Twombly,Bell Atlantic Corp. v. Twombly,"['75 U.S.L.W. 4337', '68 Fed. R. Serv. 3d 661', '20 Fla. L. Weekly Fed. S 267', '41 Communications Reg. (P&F) 567', '2007 U.S. LEXIS 5901', '550 U.S. 544', '127 S. Ct. 1955', '167 L. Ed. 2d 929']"
9608784,https://www.courtlistener.com/opinion/9608784/amado-v-the-procter-gamble-co/,"District Court, N.D. California",145875,https://www.courtlistener.com/opinion/145875/ashcroft-v-iqbal/,Supreme Court of the United States,Iqbal,Ashcroft v. Iqbal,"['2009 U.S. LEXIS 3472', '556 U.S. 662', '129 S. Ct. 1937', '173 L. Ed. 2d 868']"
9608784,https://www.courtlistener.com/opinion/9608784/amado-v-the-procter-gamble-co/,"District Court, N.D. California",540085,https://www.courtlistener.com/opinion/540085/jena-balistreri-v-pacifica-police-department-al-olsen-police-chief/,Court of Appeals for the Ninth Circuit,,"Jena Balistreri v. Pacifica Police Department Al Olsen, Police Chief, Individually and as a Police Agent","['1988 WL 192736', '901 F.2d 696']"
9608807,https://www.courtlistener.com/opinion/9608807/tunick-v-takara-sake-usa-inc/,"District Court, N.D. California",85310,https://www.courtlistener.com/opinion/85310/the-amiable-isabella/,Supreme Court of the United States,,The Amiable Isabella,"['1821 U.S. LEXIS 380', '6 Wheat. 1', '5 L. Ed. 191', '19 U.S. 1']"
9608807,https://www.courtlistener.com/opinion/9608807/tunick-v-takara-sake-usa-inc/,"District Court, N.D. California",106497,https://www.courtlistener.com/opinion/106497/foman-v-davis/,Supreme Court of the United States,Foman,Foman v. Davis,"['6 Fed. R. Serv. 2d 1234', '1962 U.S. LEXIS 65', '371 U.S. 178', '83 S. Ct. 227', '9 L. Ed. 2d 222']"
9608807,https://www.courtlistener.com/opinion/9608807/tunick-v-takara-sake-usa-inc/,"District Court, N.D. California",212527,https://www.courtlistener.com/opinion/212527/cook-v-brewer/,Court of Appeals for the Ninth Circuit,Cook,Cook v. Brewer,"['2011 WL 902111', '2011 U.S. App. LEXIS 5212', '637 F.3d 1002']"
9608807,https://www.courtlistener.com/opinion/9608807/tunick-v-takara-sake-usa-inc/,"District Court, N.D. California",783479,https://www.courtlistener.com/opinion/783479/united-states-v-donald-lawrence-ritchie-heather-horner/,Court of Appeals for the Ninth Circuit,,"United States v. Donald Lawrence Ritchie, Heather Horner, Claimant-Appellant","['2003 WL 22004994', '2003 U.S. App. LEXIS 17752', '2003 Daily Journal DAR 9689', '56 Fed. R. Serv. 3d 577', '2003 Cal. Daily Op. Serv. 7757', '342 F.3d 903']"
9608807,https://www.courtlistener.com/opinion/9608807/tunick-v-takara-sake-usa-inc/,"District Court, N.D. California",1194077,https://www.courtlistener.com/opinion/1194077/manzarek-v-st-paul-fire-marine-insurance/,Court of Appeals for the Ninth Circuit,Manzarek,Manzarek v. St. Paul Fire & Marine Insurance,"['2008 WL 763385', '2008 U.S. App. LEXIS 6145', '86 U.S.P.Q. 2d (BNA) 1632', '519 F.3d 1025']"
9608807,https://www.courtlistener.com/opinion/9608807/tunick-v-takara-sake-usa-inc/,"District Court, N.D. California",1243130,https://www.courtlistener.com/opinion/1243130/williams-v-gerber-products-co/,Court of Appeals for the Ninth Circuit,,Williams v. Gerber Products Co.,"['2008 WL 5273731', '2008 U.S. App. LEXIS 27421', '552 F.3d 934']"
9608807,https://www.courtlistener.com/opinion/9608807/tunick-v-takara-sake-usa-inc/,"District Court, N.D. California",1405974,https://www.courtlistener.com/opinion/1405974/coto-settlement-v-eisenberg/,Court of Appeals for the Ninth Circuit,Eisenberg,Coto Settlement v. Eisenberg,"['2010 WL 323497', '2010 U.S. App. LEXIS 1999', '593 F.3d 1031']"
9608807,https://www.courtlistener.com/opinion/9608807/tunick-v-takara-sake-usa-inc/,"District Court, N.D. California",2108129,https://www.courtlistener.com/opinion/2108129/keith-v-buchanan/,California Court of Appeal,Keith,Keith v. Buchanan,"['1985 Cal. App. LEXIS 2603', '42 U.C.C. Rep. Serv. (West) 386', '220 Cal. Rptr. 392', '173 Cal. App. 3d 13']"
9608807,https://www.courtlistener.com/opinion/9608807/tunick-v-takara-sake-usa-inc/,"District Court, N.D. California",2165170,https://www.courtlistener.com/opinion/2165170/nibbi-brothers-inc-v-home-federal-savings-loan-assn/,California Court of Appeal,,"Nibbi Brothers, Inc. v. Home Federal Savings & Loan Ass'n","['253 Cal. Rptr. 289', '205 Cal. App. 3d 1415']"
9608807,https://www.courtlistener.com/opinion/9608807/tunick-v-takara-sake-usa-inc/,"District Court, N.D. California",2255890,https://www.courtlistener.com/opinion/2255890/weinstat-v-dentsply-international-inc/,California Court of Appeal,Weinstat,"Weinstat v. Dentsply International, Inc.","['2010 Cal. App. LEXIS 5', '70 U.C.C. Rep. Serv. 2d (West) 689', '103 Cal. Rptr. 3d 614', '180 Cal. App. 4th 1213']"
9608807,https://www.courtlistener.com/opinion/9608807/tunick-v-takara-sake-usa-inc/,"District Court, N.D. California",2258800,https://www.courtlistener.com/opinion/2258800/colgan-v-leatherman-tool-group-inc/,California Court of Appeal,Colgan,"Colgan v. Leatherman Tool Group, Inc.","['2006 Cal. App. LEXIS 19', '2006 Cal. Daily Op. Serv. 316', '2006 Daily Journal DAR 422', '135 Cal. App. 4th 663', '38 Cal. Rptr. 3d 36']"
9608807,https://www.courtlistener.com/opinion/9608807/tunick-v-takara-sake-usa-inc/,"District Court, N.D. California",2261722,https://www.courtlistener.com/opinion/2261722/brocket-v-moore/,California Court of Appeal,BROCKET,BROCKET v. Moore,"['2003 Cal. App. LEXIS 421', '2003 Daily Journal DAR 3018', '2003 Cal. Daily Op. Serv. 2418', '107 Cal. App. 4th 86', '131 Cal. Rptr. 2d 746']"
9608807,https://www.courtlistener.com/opinion/9608807/tunick-v-takara-sake-usa-inc/,"District Court, N.D. California",2488603,https://www.courtlistener.com/opinion/2488603/securities-exchange-commission-v-rauscher-pierce-refsnes-inc/,"District Court, D. Arizona",,"Securities & Exchange Commission v. Rauscher Pierce Refsnes, Inc.","['1998 U.S. Dist. LEXIS 13164', '17 F. Supp. 2d 985']"
9608807,https://www.courtlistener.com/opinion/9608807/tunick-v-takara-sake-usa-inc/,"District Court, N.D. California",2786091,https://www.courtlistener.com/opinion/2786091/reid-v-johnson-johnson-mcneil-nutritionals-llc/,Court of Appeals for the Ninth Circuit,,"Reid v. Johnson & Johnson & McNeil Nutritionals, LLC","['2015 WL 1089583', '2015 U.S. App. LEXIS 4025', '780 F.3d 952']"
9608807,https://www.courtlistener.com/opinion/9608807/tunick-v-takara-sake-usa-inc/,"District Court, N.D. California",3297277,https://www.courtlistener.com/opinion/3297277/neilson-v-walker/,California Court of Appeal,Neilson,Neilson v. Walker,"['1930 Cal. App. LEXIS 660', '105 Cal. App. 23', '286 P. 1091']"
9608807,https://www.courtlistener.com/opinion/9608807/tunick-v-takara-sake-usa-inc/,"District Court, N.D. California",4525969,https://www.courtlistener.com/opinion/4525969/karim-khoja-v-orexigen-therapeutics-inc/,Court of Appeals for the Ninth Circuit,,"Karim Khoja v. Orexigen Therapeutics, Inc.",['899 F.3d 988']
9608807,https://www.courtlistener.com/opinion/9608807/tunick-v-takara-sake-usa-inc/,"District Court, N.D. California",5809491,https://www.courtlistener.com/opinion/5809491/linear-technology-corp-v-applied-materials-inc/,California Court of Appeal,,"Linear Technology Corp. v. Applied Materials, Inc.","['2007 Cal. App. LEXIS 1000', '63 U.C.C. Rep. Serv. 2d (West) 407', '61 Cal. Rptr. 3d 221', '152 Cal. App. 4th 115']"
9608807,https://www.courtlistener.com/opinion/9608807/tunick-v-takara-sake-usa-inc/,"District Court, N.D. California",7079981,https://www.courtlistener.com/opinion/7079981/lopez-v-smith/,Court of Appeals for the Ninth Circuit,Lopez,Lopez v. Smith,"['2000 WL 144385', '2000 U.S. App. LEXIS 1740', '2000 Daily Journal DAR 1585', '2000 Cal. Daily Op. Serv. 1096', '46 Fed. R. Serv. 3d 494', '203 F.3d 1122']"
9608807,https://www.courtlistener.com/opinion/9608807/tunick-v-takara-sake-usa-inc/,"District Court, N.D. California",7316646,https://www.courtlistener.com/opinion/7316646/kanfer-v-pharmacare-us-inc/,"District Court, S.D. California",Kanfer,"Kanfer v. Pharmacare US, Inc.","['2015 WL 6742201', '2015 U.S. Dist. LEXIS 150105', '142 F. Supp. 3d 1091']"
9608807,https://www.courtlistener.com/opinion/9608807/tunick-v-takara-sake-usa-inc/,"District Court, N.D. California",7324900,https://www.courtlistener.com/opinion/7324900/hadley-v-kellogg-sales-co/,"District Court, N.D. California",Hadley,Hadley v. Kellogg Sales Co.,"['2017 U.S. Dist. LEXIS 40825', '2017 WL 1065293', '243 F. Supp. 3d 1074']"
9608807,https://www.courtlistener.com/opinion/9608807/tunick-v-takara-sake-usa-inc/,"District Court, N.D. California",7325818,https://www.courtlistener.com/opinion/7325818/krommenhock-v-post-foods-llc/,"District Court, N.D. California",Krommenhock,"Krommenhock v. Post Foods, LLC","['2017 U.S. Dist. LEXIS 84359', '2017 WL 2378029', '255 F. Supp. 3d 938']"
9608807,https://www.courtlistener.com/opinion/9608807/tunick-v-takara-sake-usa-inc/,"District Court, N.D. California",7327214,https://www.courtlistener.com/opinion/7327214/hadley-v-kellogg-sales-co/,"District Court, N.D. California",Hadley,Hadley v. Kellogg Sales Co.,['273 F. Supp. 3d 1052']
9608807,https://www.courtlistener.com/opinion/9608807/tunick-v-takara-sake-usa-inc/,"District Court, N.D. California",7332360,https://www.courtlistener.com/opinion/7332360/mattero-v-costco-wholesale-corp/,"District Court, N.D. California",Mattero,Mattero v. Costco Wholesale Corp.,['336 F. Supp. 3d 1109']
9608807,https://www.courtlistener.com/opinion/9608807/tunick-v-takara-sake-usa-inc/,"District Court, N.D. California",8442970,https://www.courtlistener.com/opinion/8442970/ebner-v-fresh-inc/,Court of Appeals for the Ninth Circuit,Ebner,"Ebner v. Fresh, Inc.","['2016 WL 5389307', '838 F.3d 958']"
9608807,https://www.courtlistener.com/opinion/9608807/tunick-v-takara-sake-usa-inc/,"District Court, N.D. California",8721534,https://www.courtlistener.com/opinion/8721534/brown-v-hain-celestial-group-inc/,"District Court, N.D. California",Brown,"Brown v. Hain Celestial Group, Inc.","['2012 U.S. Dist. LEXIS 181591', '2012 WL 6697670', '79 U.C.C. Rep. Serv. 2d (West) 338', '913 F. Supp. 2d 881']"
9608807,https://www.courtlistener.com/opinion/9608807/tunick-v-takara-sake-usa-inc/,"District Court, N.D. California",9310568,https://www.courtlistener.com/opinion/9310568/north-german-lloyd-s-s-co-v-hedden/,U.S. Circuit Court for the District of New Jersey,Hedden,North German Lloyd S. S. Co. v. Hedden,"['1890 U.S. App. LEXIS 1547', '43 F. 17']"
9608807,https://www.courtlistener.com/opinion/9608807/tunick-v-takara-sake-usa-inc/,"District Court, N.D. California",145730,https://www.courtlistener.com/opinion/145730/bell-atlantic-corp-v-twombly/,Supreme Court of the United States,Twombly,Bell Atlantic Corp. v. Twombly,"['75 U.S.L.W. 4337', '68 Fed. R. Serv. 3d 661', '20 Fla. L. Weekly Fed. S 267', '41 Communications Reg. (P&F) 567', '2007 U.S. LEXIS 5901', '550 U.S. 544', '127 S. Ct. 1955', '167 L. Ed. 2d 929']"
9608807,https://www.courtlistener.com/opinion/9608807/tunick-v-takara-sake-usa-inc/,"District Court, N.D. California",145875,https://www.courtlistener.com/opinion/145875/ashcroft-v-iqbal/,Supreme Court of the United States,Iqbal,Ashcroft v. Iqbal,"['2009 U.S. LEXIS 3472', '556 U.S. 662', '129 S. Ct. 1937', '173 L. Ed. 2d 868']"
9608807,https://www.courtlistener.com/opinion/9608807/tunick-v-takara-sake-usa-inc/,"District Court, N.D. California",1190081,https://www.courtlistener.com/opinion/1190081/hauter-v-zogarts/,California Supreme Court,Hauter,Hauter v. Zogarts,"['1975 Cal. LEXIS 280', '16 U.C.C. Rep. Serv. (West) 938', '74 A.L.R. 3d 1282', '120 Cal. Rptr. 681', '14 Cal. 3d 104', '534 P.2d 377']"
9608807,https://www.courtlistener.com/opinion/9608807/tunick-v-takara-sake-usa-inc/,"District Court, N.D. California",2283365,https://www.courtlistener.com/opinion/2283365/lavie-v-procter-gamble-co/,California Court of Appeal,Lavie,Lavie v. Procter & Gamble Co.,"['2003 Cal. App. LEXIS 71', '2003 Cal. Daily Op. Serv. 612', '2003 Daily Journal DAR 699', '105 Cal. App. 4th 496', '129 Cal. Rptr. 2d 486']"
9610025,https://www.courtlistener.com/opinion/9610025/riordan-v-western-digital-corporation/,"District Court, N.D. California",181056,https://www.courtlistener.com/opinion/181056/krottner-v-starbucks-corp/,Court of Appeals for the Ninth Circuit,Krottner,Krottner v. Starbucks Corp.,"['2010 WL 5141255', '628 F.3d 1139']"
9610025,https://www.courtlistener.com/opinion/9610025/riordan-v-western-digital-corporation/,"District Court, N.D. California",198797,https://www.courtlistener.com/opinion/198797/new-hampshire-hemp-council-inc-v-marshall/,Court of Appeals for the First Circuit,DEA,"New Hampshire Hemp Council, Inc. v. Marshall","['2000 WL 60420', '203 F.3d 1']"
9610025,https://www.courtlistener.com/opinion/9610025/riordan-v-western-digital-corporation/,"District Court, N.D. California",216101,https://www.courtlistener.com/opinion/216101/fayer-v-vaughn/,Court of Appeals for the Ninth Circuit,Fayer,Fayer v. Vaughn,"['2011 WL 1663595', '2011 U.S. App. LEXIS 9103', '649 F.3d 1061']"
9610025,https://www.courtlistener.com/opinion/9610025/riordan-v-western-digital-corporation/,"District Court, N.D. California",508254,https://www.courtlistener.com/opinion/508254/richard-mccarthy-v-united-states/,Court of Appeals for the Ninth Circuit,,Richard McCarthy v. United States,"['1988 WL 65035', '1988 U.S. App. LEXIS 8823', '850 F.2d 558']"
9610025,https://www.courtlistener.com/opinion/9610025/riordan-v-western-digital-corporation/,"District Court, N.D. California",697357,https://www.courtlistener.com/opinion/697357/gina-shaw-v-james-k-hahn-john-emerson-james-pearson-thomas-hokinson/,Court of Appeals for the Ninth Circuit,,Gina Shaw v. James K. Hahn John Emerson James Pearson Thomas Hokinson,"['1995 WL 332218', '1995 U.S. App. LEXIS 13695', '95 Cal. Daily Op. Serv. 4187', '95 Daily Journal DAR 7226', '56 F.3d 1128']"
9610025,https://www.courtlistener.com/opinion/9610025/riordan-v-western-digital-corporation/,"District Court, N.D. California",803990,https://www.courtlistener.com/opinion/803990/evelyn-rosa-v-taser-international-inc/,Court of Appeals for the Ninth Circuit,,"Evelyn Rosa v. Taser International, Inc.","['2012 U.S. App. LEXIS 14025', '2012 WL 2775006', '684 F.3d 941']"
9610025,https://www.courtlistener.com/opinion/9610025/riordan-v-western-digital-corporation/,"District Court, N.D. California",1194077,https://www.courtlistener.com/opinion/1194077/manzarek-v-st-paul-fire-marine-insurance/,Court of Appeals for the Ninth Circuit,Manzarek,Manzarek v. St. Paul Fire & Marine Insurance,"['2008 WL 763385', '2008 U.S. App. LEXIS 6145', '86 U.S.P.Q. 2d (BNA) 1632', '519 F.3d 1025']"
9610025,https://www.courtlistener.com/opinion/9610025/riordan-v-western-digital-corporation/,"District Court, N.D. California",2257651,https://www.courtlistener.com/opinion/2257651/agosta-v-astor/,California Court of Appeal,Agosta,Agosta v. Astor,"['2004 Cal. App. LEXIS 1098', '21 I.E.R. Cas. (BNA) 1151', '2004 Daily Journal DAR 8407', '2004 Cal. Daily Op. Serv. 6206', '120 Cal. App. 4th 596', '15 Cal. Rptr. 3d 565']"
9610025,https://www.courtlistener.com/opinion/9610025/riordan-v-western-digital-corporation/,"District Court, N.D. California",2267213,https://www.courtlistener.com/opinion/2267213/mexia-v-rinker-boat-co-inc/,California Court of Appeal,Mexia,"Mexia v. Rinker Boat Co., Inc.","['2009 Cal. App. LEXIS 942', '95 Cal. Rptr. 3d 285', '174 Cal. App. 4th 1297']"
9610025,https://www.courtlistener.com/opinion/9610025/riordan-v-western-digital-corporation/,"District Court, N.D. California",2470639,https://www.courtlistener.com/opinion/2470639/rosenfeld-v-jpmorgan-chase-bank-na/,"District Court, N.D. California",Rosenfeld,"Rosenfeld v. JPMorgan Chase Bank, N.A.","['2010 WL 3155808', '2010 U.S. Dist. LEXIS 81087', '732 F. Supp. 2d 952']"
9610025,https://www.courtlistener.com/opinion/9610025/riordan-v-western-digital-corporation/,"District Court, N.D. California",2508334,https://www.courtlistener.com/opinion/2508334/rosa-v-city-of-seaside/,"District Court, N.D. California",Rosa,Rosa v. CITY OF SEASIDE,"['2009 WL 5065648', '2009 U.S. Dist. LEXIS 117933', '56 A.L.R. 6th 801', '675 F. Supp. 2d 1006']"
9610025,https://www.courtlistener.com/opinion/9610025/riordan-v-western-digital-corporation/,"District Court, N.D. California",2540201,https://www.courtlistener.com/opinion/2540201/in-re-facebook-ppc-advertising-litigation/,"District Court, N.D. California",In Re Facebook PPC Advertising Litigation,In Re Facebook PPC Advertising Litigation,"['2010 WL 1746143', '2010 U.S. Dist. LEXIS 39776', '709 F. Supp. 2d 762']"
9610025,https://www.courtlistener.com/opinion/9610025/riordan-v-western-digital-corporation/,"District Court, N.D. California",2650741,https://www.courtlistener.com/opinion/2650741/rutherford-holdings-llc-v-plaza-del-rey/,California Court of Appeal,,"Rutherford Holdings, LLC v. Plaza Del Rey","['2014 Cal. App. LEXIS 56', '2014 WL 255537', '166 Cal. Rptr. 3d 864', '223 Cal. App. 4th 221']"
9610025,https://www.courtlistener.com/opinion/9610025/riordan-v-western-digital-corporation/,"District Court, N.D. California",2671500,https://www.courtlistener.com/opinion/2671500/douglas-leite-v-crane-company/,Court of Appeals for the Ninth Circuit,,Douglas Leite v. Crane Company,"['2014 WL 1646924', '749 F.3d 1117']"
9610025,https://www.courtlistener.com/opinion/9610025/riordan-v-western-digital-corporation/,"District Court, N.D. California",2792929,https://www.courtlistener.com/opinion/2792929/skye-astiana-v-the-hain-celestial-group/,Court of Appeals for the Ninth Circuit,,Skye Astiana v. the Hain Celestial Group,"['2015 WL 1600205', '2015 U.S. App. LEXIS 5833', '783 F.3d 753']"
9610025,https://www.courtlistener.com/opinion/9610025/riordan-v-western-digital-corporation/,"District Court, N.D. California",7082005,https://www.courtlistener.com/opinion/7082005/white-v-lee/,Court of Appeals for the Ninth Circuit,White,White v. Lee,"['2000 WL 1407125', '2000 U.S. App. LEXIS 23778', '2000 Cal. Daily Op. Serv. 7958', '2000 Daily Journal DAR 10557', '227 F.3d 1214']"
9610025,https://www.courtlistener.com/opinion/9610025/riordan-v-western-digital-corporation/,"District Court, N.D. California",7308021,https://www.courtlistener.com/opinion/7308021/macdonald-v-ford-motor-co/,"District Court, N.D. California",MacDonald,MacDonald v. Ford Motor Co.,"['2014 WL 1340339', '2014 U.S. Dist. LEXIS 44858', '37 F. Supp. 3d 1087']"
9610025,https://www.courtlistener.com/opinion/9610025/riordan-v-western-digital-corporation/,"District Court, N.D. California",7324900,https://www.courtlistener.com/opinion/7324900/hadley-v-kellogg-sales-co/,"District Court, N.D. California",Hadley,Hadley v. Kellogg Sales Co.,"['2017 U.S. Dist. LEXIS 40825', '2017 WL 1065293', '243 F. Supp. 3d 1074']"
9610025,https://www.courtlistener.com/opinion/9610025/riordan-v-western-digital-corporation/,"District Court, N.D. California",8438027,https://www.courtlistener.com/opinion/8438027/adams-v-johnson/,Court of Appeals for the Ninth Circuit,Adams,Adams v. Johnson,['355 F.3d 1179']
9610025,https://www.courtlistener.com/opinion/9610025/riordan-v-western-digital-corporation/,"District Court, N.D. California",8438360,https://www.courtlistener.com/opinion/8438360/safe-air-for-everyone-v-meyer/,Court of Appeals for the Ninth Circuit,Meyer,Safe Air for Everyone v. Meyer,"['2004 WL 1470862', '373 F.3d 1035']"
9610025,https://www.courtlistener.com/opinion/9610025/riordan-v-western-digital-corporation/,"District Court, N.D. California",8847506,https://www.courtlistener.com/opinion/8847506/backstay-machine-leather-co-v-zenite-metal-co/,Court of Appeals for the Seventh Circuit,,Backstay Machine & Leather Co. v. Zenite Metal Co.,"['1923 U.S. App. LEXIS 1581', '293 F. 23']"
9610025,https://www.courtlistener.com/opinion/9610025/riordan-v-western-digital-corporation/,"District Court, N.D. California",9022502,https://www.courtlistener.com/opinion/9022502/stevens-v-zapposcom-inc-in-re-zapposcom-inc/,Court of Appeals for the Ninth Circuit,Stevens,"Stevens v. Zappos.com., Inc. (In re Zappos.com., Inc.)",['888 F.3d 1020']
9610025,https://www.courtlistener.com/opinion/9610025/riordan-v-western-digital-corporation/,"District Court, N.D. California",108906,https://www.courtlistener.com/opinion/108906/oshea-v-littleton/,Supreme Court of the United States,O'Shea,O'Shea v. Littleton,"['1974 U.S. LEXIS 41', '414 U.S. 488', '94 S. Ct. 669', '38 L. Ed. 2d 674']"
9610025,https://www.courtlistener.com/opinion/9610025/riordan-v-western-digital-corporation/,"District Court, N.D. California",112747,https://www.courtlistener.com/opinion/112747/lujan-v-defenders-of-wildlife/,Supreme Court of the United States,Lujan,Lujan v. Defenders of Wildlife,"['34 ERC (BNA) 1785', '22 Envtl. L. Rep. (Envtl. Law Inst.) 20913', '6 Fla. L. Weekly Fed. S 374', '92 Daily Journal DAR 8967', '92 Cal. Daily Op. Serv. 4985', '60 U.S.L.W. 4495', '1992 U.S. LEXIS 3543', '504 U.S. 555', '112 S. Ct. 2130', '119 L. Ed. 2d 351']"
9610025,https://www.courtlistener.com/opinion/9610025/riordan-v-western-digital-corporation/,"District Court, N.D. California",145658,https://www.courtlistener.com/opinion/145658/daimlerchrysler-corp-v-cuno/,Supreme Court of the United States,Cuno,DaimlerChrysler Corp. v. Cuno,"['2006 U.S. LEXIS 3956', '547 U.S. 332', '126 S. Ct. 1854', '164 L. Ed. 2d 589']"
9610025,https://www.courtlistener.com/opinion/9610025/riordan-v-western-digital-corporation/,"District Court, N.D. California",145730,https://www.courtlistener.com/opinion/145730/bell-atlantic-corp-v-twombly/,Supreme Court of the United States,Twombly,Bell Atlantic Corp. v. Twombly,"['75 U.S.L.W. 4337', '68 Fed. R. Serv. 3d 661', '20 Fla. L. Weekly Fed. S 267', '41 Communications Reg. (P&F) 567', '2007 U.S. LEXIS 5901', '550 U.S. 544', '127 S. Ct. 1955', '167 L. Ed. 2d 929']"
9610025,https://www.courtlistener.com/opinion/9610025/riordan-v-western-digital-corporation/,"District Court, N.D. California",145875,https://www.courtlistener.com/opinion/145875/ashcroft-v-iqbal/,Supreme Court of the United States,Iqbal,Ashcroft v. Iqbal,"['2009 U.S. LEXIS 3472', '556 U.S. 662', '129 S. Ct. 1937', '173 L. Ed. 2d 868']"
9610025,https://www.courtlistener.com/opinion/9610025/riordan-v-western-digital-corporation/,"District Court, N.D. California",145904,https://www.courtlistener.com/opinion/145904/summers-v-earth-island-institute/,Supreme Court of the United States,Summers,Summers v. Earth Island Institute,"['21 Fla. L. Weekly Fed. S 670', '2009 U.S. LEXIS 1769', '555 U.S. 488', '129 S. Ct. 1142', '173 L. Ed. 2d 1']"
9610025,https://www.courtlistener.com/opinion/9610025/riordan-v-western-digital-corporation/,"District Court, N.D. California",182444,https://www.courtlistener.com/opinion/182444/chapman-v-pier-1-imports-us-inc/,Court of Appeals for the Ninth Circuit,Chapman,Chapman v. Pier 1 Imports (U.S.) Inc.,"['2011 WL 43709', '2011 U.S. App. LEXIS 453', '78 Fed. R. Serv. 3d 946', '24 Am. Disabilities Dec. 284', '631 F.3d 939']"
9610025,https://www.courtlistener.com/opinion/9610025/riordan-v-western-digital-corporation/,"District Court, N.D. California",591450,https://www.courtlistener.com/opinion/591450/joseph-l-pena-v-booth-gardner-lawrence-kincheloe-warden-john-lambert-amos/,Court of Appeals for the Ninth Circuit,,Joseph L. Pena v. Booth Gardner Lawrence Kincheloe Warden John Lambert Amos Reed,['976 F.2d 469']
9610025,https://www.courtlistener.com/opinion/9610025/riordan-v-western-digital-corporation/,"District Court, N.D. California",808723,https://www.courtlistener.com/opinion/808723/manuel-terenkian-v-the-republic-of-iraq/,Court of Appeals for the Ninth Circuit,,Manuel Terenkian v. The Republic of Iraq,"['2012 WL 4075792', '2012 U.S. App. LEXIS 23630', '694 F.3d 1122']"
9610025,https://www.courtlistener.com/opinion/9610025/riordan-v-western-digital-corporation/,"District Court, N.D. California",2525263,https://www.courtlistener.com/opinion/2525263/merrill-v-navegar-inc/,California Supreme Court,Merrill,"Merrill v. Navegar, Inc.","['2001 Cal. LEXIS 4945', '2001 Daily Journal DAR 8171', '2001 Cal. Daily Op. Serv. 6704', '26 Cal. 4th 465', '110 Cal. Rptr. 2d 370', '28 P.3d 116']"
9610025,https://www.courtlistener.com/opinion/9610025/riordan-v-western-digital-corporation/,"District Court, N.D. California",2569285,https://www.courtlistener.com/opinion/2569285/guz-v-bechtel-national-inc/,California Supreme Court,Guz,"Guz v. Bechtel National, Inc.","['84 Fair Empl. Prac. Cas. (BNA) 64', '2000 Cal. LEXIS 7498', '2000 Cal. Daily Op. Serv. 8230', '2000 Daily Journal DAR 10929', '16 I.E.R. Cas. (BNA) 1345', '24 Cal. 317', '24 Cal. 4th 317', '100 Cal. Rptr. 2d 352', '8 P.3d 1089']"
9611507,https://www.courtlistener.com/opinion/9611507/valiente-v-simpson-imports-ltd/,"District Court, N.D. California",222220,https://www.courtlistener.com/opinion/222220/hinds-investments-lp-v-angioli/,Court of Appeals for the Ninth Circuit,Angioli,"Hinds Investments, L.P. v. Angioli","['2011 WL 3250461', '654 F.3d 846']"
9611507,https://www.courtlistener.com/opinion/9611507/valiente-v-simpson-imports-ltd/,"District Court, N.D. California",602901,https://www.courtlistener.com/opinion/602901/united-states-v-filemon-bernal-obeso/,Court of Appeals for the Ninth Circuit,,United States v. Filemon Bernal-Obeso,"['1993 WL 86988', '1993 U.S. App. LEXIS 6175', '93 Cal. Daily Op. Serv. 2276', '93 Daily Journal DAR 3915', '989 F.2d 331']"
9611507,https://www.courtlistener.com/opinion/9611507/valiente-v-simpson-imports-ltd/,"District Court, N.D. California",614360,https://www.courtlistener.com/opinion/614360/degelmann-v-advanced-medical-optics-inc/,Court of Appeals for the Ninth Circuit,Degelmann,"Degelmann v. Advanced Medical Optics, Inc.","['2011 WL 4470641', '2011 U.S. App. LEXIS 19706', '659 F.3d 835']"
9611507,https://www.courtlistener.com/opinion/9611507/valiente-v-simpson-imports-ltd/,"District Court, N.D. California",659857,https://www.courtlistener.com/opinion/659857/united-states-v-michael-tracy-and-francisco-luis-aguilar/,Court of Appeals for the Second Circuit,,United States v. Michael Tracy and Francisco Luis Aguilar,"['1993 U.S. App. LEXIS 33708', '12 F.3d 1186']"
9611507,https://www.courtlistener.com/opinion/9611507/valiente-v-simpson-imports-ltd/,"District Court, N.D. California",664708,https://www.courtlistener.com/opinion/664708/united-states-v-roger-p-reetz/,Court of Appeals for the Eighth Circuit,,United States v. Roger P. Reetz,"['1994 WL 70256', '1994 U.S. App. LEXIS 4191', '18 F.3d 595']"
9611507,https://www.courtlistener.com/opinion/9611507/valiente-v-simpson-imports-ltd/,"District Court, N.D. California",810711,https://www.courtlistener.com/opinion/810711/united-states-v-timothy-wolf-child/,Court of Appeals for the Ninth Circuit,,United States v. Timothy Wolf Child,"['2012 U.S. App. LEXIS 22045', '2012 WL 5200347', '699 F.3d 1082']"
9611507,https://www.courtlistener.com/opinion/9611507/valiente-v-simpson-imports-ltd/,"District Court, N.D. California",1037519,https://www.courtlistener.com/opinion/1037519/tamer-salameh-v-tarsadia-hotel/,Court of Appeals for the Ninth Circuit,,Tamer Salameh v. Tarsadia Hotel,"['2013 U.S. App. LEXIS 16712', '2013 WL 4055825', '726 F.3d 1124']"
9611507,https://www.courtlistener.com/opinion/9611507/valiente-v-simpson-imports-ltd/,"District Court, N.D. California",1200144,https://www.courtlistener.com/opinion/1200144/johnson-v-riverside-healthcare-system-lp/,Court of Appeals for the Ninth Circuit,,"Johnson v. Riverside Healthcare System, LP","['2008 WL 2875305', '103 Fair Empl. Prac. Cas. (BNA) 1553', '91 Empl. Prac. Dec. (CCH) 43,262', '2008 U.S. App. LEXIS 15993', '534 F.3d 1116']"
9611507,https://www.courtlistener.com/opinion/9611507/valiente-v-simpson-imports-ltd/,"District Court, N.D. California",1243130,https://www.courtlistener.com/opinion/1243130/williams-v-gerber-products-co/,Court of Appeals for the Ninth Circuit,,Williams v. Gerber Products Co.,"['2008 WL 5273731', '2008 U.S. App. LEXIS 27421', '552 F.3d 934']"
9611507,https://www.courtlistener.com/opinion/9611507/valiente-v-simpson-imports-ltd/,"District Court, N.D. California",1450162,https://www.courtlistener.com/opinion/1450162/moss-v-us-secret-service/,Court of Appeals for the Ninth Circuit,Moss,Moss v. U.S. Secret Service,"['2009 WL 2052985', '2009 U.S. App. LEXIS 15694', '572 F.3d 962']"
9611507,https://www.courtlistener.com/opinion/9611507/valiente-v-simpson-imports-ltd/,"District Court, N.D. California",2255890,https://www.courtlistener.com/opinion/2255890/weinstat-v-dentsply-international-inc/,California Court of Appeal,Weinstat,"Weinstat v. Dentsply International, Inc.","['2010 Cal. App. LEXIS 5', '70 U.C.C. Rep. Serv. 2d (West) 689', '103 Cal. Rptr. 3d 614', '180 Cal. App. 4th 1213']"
9611507,https://www.courtlistener.com/opinion/9611507/valiente-v-simpson-imports-ltd/,"District Court, N.D. California",2517595,https://www.courtlistener.com/opinion/2517595/in-re-cadence-design-systems-inc-securities-litigation/,"District Court, N.D. California","In Re Cadence Design Systems, Inc. Securities","In Re Cadence Design Systems, Inc. Securities Litigation","['2009 WL 2950815', '654 F. Supp. 2d 1037']"
9611507,https://www.courtlistener.com/opinion/9611507/valiente-v-simpson-imports-ltd/,"District Court, N.D. California",2723330,https://www.courtlistener.com/opinion/2723330/boris-levitt-v-yelp-inc/,Court of Appeals for the Ninth Circuit,,Boris Levitt v. Yelp! Inc.,"['2014 WL 4290615', '2014 U.S. App. LEXIS 17079', '765 F.3d 1123']"
9611507,https://www.courtlistener.com/opinion/9611507/valiente-v-simpson-imports-ltd/,"District Court, N.D. California",2786091,https://www.courtlistener.com/opinion/2786091/reid-v-johnson-johnson-mcneil-nutritionals-llc/,Court of Appeals for the Ninth Circuit,,"Reid v. Johnson & Johnson & McNeil Nutritionals, LLC","['2015 WL 1089583', '2015 U.S. App. LEXIS 4025', '780 F.3d 952']"
9611507,https://www.courtlistener.com/opinion/9611507/valiente-v-simpson-imports-ltd/,"District Court, N.D. California",2792929,https://www.courtlistener.com/opinion/2792929/skye-astiana-v-the-hain-celestial-group/,Court of Appeals for the Ninth Circuit,,Skye Astiana v. the Hain Celestial Group,"['2015 WL 1600205', '2015 U.S. App. LEXIS 5833', '783 F.3d 753']"
9611507,https://www.courtlistener.com/opinion/9611507/valiente-v-simpson-imports-ltd/,"District Court, N.D. California",4541042,https://www.courtlistener.com/opinion/4541042/shavonda-hawkins-v-the-kroger-co/,Court of Appeals for the Ninth Circuit,,Shavonda Hawkins v. the Kroger Co.,['906 F.3d 763']
9611507,https://www.courtlistener.com/opinion/9611507/valiente-v-simpson-imports-ltd/,"District Court, N.D. California",5607980,https://www.courtlistener.com/opinion/5607980/kasky-v-nike-inc/,California Supreme Court,Kasky,"Kasky v. Nike, Inc.","['45 P.3d 243', '27 Cal. 4th 939']"
9611507,https://www.courtlistener.com/opinion/9611507/valiente-v-simpson-imports-ltd/,"District Court, N.D. California",7092482,https://www.courtlistener.com/opinion/7092482/lee-v-city-of-los-angeles/,Court of Appeals for the Ninth Circuit,,Lee v. City of Los Angeles,"['2001 WL 468408', '250 F.3d 668']"
9611507,https://www.courtlistener.com/opinion/9611507/valiente-v-simpson-imports-ltd/,"District Court, N.D. California",7316646,https://www.courtlistener.com/opinion/7316646/kanfer-v-pharmacare-us-inc/,"District Court, S.D. California",Kanfer,"Kanfer v. Pharmacare US, Inc.","['2015 WL 6742201', '2015 U.S. Dist. LEXIS 150105', '142 F. Supp. 3d 1091']"
9611507,https://www.courtlistener.com/opinion/9611507/valiente-v-simpson-imports-ltd/,"District Court, N.D. California",7324732,https://www.courtlistener.com/opinion/7324732/terraza-v-safeway-inc/,"District Court, N.D. California",Terraza,Terraza v. Safeway Inc.,"['2017 WL 952896', '2017 U.S. Dist. LEXIS 35732', '62 Employee Benefits Cas. (BNA) 2687', '241 F. Supp. 3d 1057']"
9611507,https://www.courtlistener.com/opinion/9611507/valiente-v-simpson-imports-ltd/,"District Court, N.D. California",7324900,https://www.courtlistener.com/opinion/7324900/hadley-v-kellogg-sales-co/,"District Court, N.D. California",Hadley,Hadley v. Kellogg Sales Co.,"['2017 U.S. Dist. LEXIS 40825', '2017 WL 1065293', '243 F. Supp. 3d 1074']"
9611507,https://www.courtlistener.com/opinion/9611507/valiente-v-simpson-imports-ltd/,"District Court, N.D. California",8441456,https://www.courtlistener.com/opinion/8441456/petzschke-v-century-aluminum-co/,Court of Appeals for the Ninth Circuit,Petzschke,Petzschke v. Century Aluminum Co.,['729 F.3d 1104']
9611507,https://www.courtlistener.com/opinion/9611507/valiente-v-simpson-imports-ltd/,"District Court, N.D. California",8716632,https://www.courtlistener.com/opinion/8716632/donohue-v-apple-inc/,"District Court, N.D. California",Donohue,"Donohue v. Apple, Inc.","['2012 WL 1657119', '2012 U.S. Dist. LEXIS 65860', '871 F. Supp. 2d 913']"
9611507,https://www.courtlistener.com/opinion/9611507/valiente-v-simpson-imports-ltd/,"District Court, N.D. California",8721396,https://www.courtlistener.com/opinion/8721396/miller-v-ghirardelli-chocolate-co/,"District Court, N.D. California",,Miller v. Ghirardelli Chocolate Co.,"['2012 U.S. Dist. LEXIS 174008', '2012 WL 6096593', '912 F. Supp. 2d 861']"
9611507,https://www.courtlistener.com/opinion/9611507/valiente-v-simpson-imports-ltd/,"District Court, N.D. California",8984708,https://www.courtlistener.com/opinion/8984708/mcmahon-v-shearsonamerican-express-inc/,Court of Appeals for the Second Circuit,McMahon,"McMahon v. Shearson/American Express, Inc.",['896 F.2d 17']
9611507,https://www.courtlistener.com/opinion/9611507/valiente-v-simpson-imports-ltd/,"District Court, N.D. California",112747,https://www.courtlistener.com/opinion/112747/lujan-v-defenders-of-wildlife/,Supreme Court of the United States,Lujan,Lujan v. Defenders of Wildlife,"['34 ERC (BNA) 1785', '22 Envtl. L. Rep. (Envtl. Law Inst.) 20913', '6 Fla. L. Weekly Fed. S 374', '92 Daily Journal DAR 8967', '92 Cal. Daily Op. Serv. 4985', '60 U.S.L.W. 4495', '1992 U.S. LEXIS 3543', '504 U.S. 555', '112 S. Ct. 2130', '119 L. Ed. 2d 351']"
9611507,https://www.courtlistener.com/opinion/9611507/valiente-v-simpson-imports-ltd/,"District Court, N.D. California",118329,https://www.courtlistener.com/opinion/118329/friends-of-the-earth-inc-v-laidlaw-environmental-services-toc-inc/,Supreme Court of the United States,Friends of Earth,"Friends of the Earth, Inc. v. Laidlaw Environmental Services (TOC), Inc.","['49 ERC (BNA) 1769', '2000 Cal. Daily Op. Serv. 289', '163 A.L.R. Fed. 749', '30 Envtl. L. Rep. (Envtl. Law Inst.) 20246', '1999 Colo. J. C.A.R. 142', '2000 Daily Journal DAR 375', '13 Fla. L. Weekly Fed. S 37', '2000 U.S. LEXIS 501', '528 U.S. 167', '120 S. Ct. 693', '145 L. Ed. 2d 610']"
9611507,https://www.courtlistener.com/opinion/9611507/valiente-v-simpson-imports-ltd/,"District Court, N.D. California",1250721,https://www.courtlistener.com/opinion/1250721/lazar-v-superior-court/,California Supreme Court,Lazar,Lazar v. Superior Court,"['1996 Cal. LEXIS 199', '11 I.E.R. Cas. (BNA) 545', '96 Cal. Daily Op. Serv. 645', '61 Cal. Comp. Cases 34', '96 Daily Journal DAR 937', '49 Cal. Rptr. 2d 377', '12 Cal. 4th 631', '909 P.2d 981']"
9611591,https://www.courtlistener.com/opinion/9611591/tashjian-v-invictus-residential-pooler-2a/,"District Court, N.D. California",1218458,https://www.courtlistener.com/opinion/1218458/nilsson-v-city-of-mesa/,Court of Appeals for the Ninth Circuit,Nilsson,Nilsson v. City of Mesa,"['2007 WL 2669788', '101 Fair Empl. Prac. Cas. (BNA) 901', '90 Empl. Prac. Dec. (CCH) 42,955', '2007 U.S. App. LEXIS 21912', '19 Am. Disabilities Cas. (BNA) 1418', '503 F.3d 947']"
9611591,https://www.courtlistener.com/opinion/9611591/tashjian-v-invictus-residential-pooler-2a/,"District Court, N.D. California",2137403,https://www.courtlistener.com/opinion/2137403/clemens-v-american-warranty-corp/,California Court of Appeal,Clemens,Clemens v. American Warranty Corp.,"['1987 Cal. App. LEXIS 1909', '238 Cal. Rptr. 339', '193 Cal. App. 3d 444']"
9611591,https://www.courtlistener.com/opinion/9611591/tashjian-v-invictus-residential-pooler-2a/,"District Court, N.D. California",2257567,https://www.courtlistener.com/opinion/2257567/tri-continent-international-corp-v-paris-savings-loan-assn/,California Court of Appeal,,Tri-Continent International Corp. v. Paris Savings & Loan Ass'n,"['1993 Cal. App. LEXIS 98', '93 Cal. Daily Op. Serv. 844', '93 Daily Journal DAR 1557', '16 Cal. Rptr. 2d 508', '12 Cal. App. 4th 1354']"
9611591,https://www.courtlistener.com/opinion/9611591/tashjian-v-invictus-residential-pooler-2a/,"District Court, N.D. California",2283927,https://www.courtlistener.com/opinion/2283927/racine-laramie-ltd-v-department-of-parks-recreation/,California Court of Appeal,,"Racine & Laramie, Ltd. v. Department of Parks & Recreation","['1992 Cal. App. LEXIS 1447', '92 Daily Journal DAR 16809', '92 Cal. Daily Op. Serv. 10081', '14 Cal. Rptr. 2d 335', '11 Cal. App. 4th 1026']"
9611591,https://www.courtlistener.com/opinion/9611591/tashjian-v-invictus-residential-pooler-2a/,"District Court, N.D. California",2296407,https://www.courtlistener.com/opinion/2296407/saunders-v-superior-court/,California Court of Appeal,Saunders,Saunders v. Superior Court,"['1994 Cal. App. LEXIS 843', '94 Cal. Daily Op. Serv. 6284', '94 Daily Journal DAR 11400', '33 Cal. Rptr. 2d 438', '27 Cal. App. 4th 832']"
9611591,https://www.courtlistener.com/opinion/9611591/tashjian-v-invictus-residential-pooler-2a/,"District Court, N.D. California",2407948,https://www.courtlistener.com/opinion/2407948/rosal-v-first-federal-bank-of-california/,"District Court, N.D. California",Rosal,Rosal v. First Federal Bank of California,"['2009 WL 2136777', '2009 U.S. Dist. LEXIS 60400', '671 F. Supp. 2d 1111']"
9611591,https://www.courtlistener.com/opinion/9611591/tashjian-v-invictus-residential-pooler-2a/,"District Court, N.D. California",2485925,https://www.courtlistener.com/opinion/2485925/conder-v-home-savings-of-america/,"District Court, C.D. California",Conder,Conder v. Home Savings of America,"['2010 WL 308798', '680 F. Supp. 2d 1168']"
9611591,https://www.courtlistener.com/opinion/9611591/tashjian-v-invictus-residential-pooler-2a/,"District Court, N.D. California",2657313,https://www.courtlistener.com/opinion/2657313/jayantibhai-patel-v-city-of-long-beach/,Court of Appeals for the Ninth Circuit,,Jayantibhai Patel v. City of Long Beach,"[""564 F. App'x 881""]"
9611591,https://www.courtlistener.com/opinion/9611591/tashjian-v-invictus-residential-pooler-2a/,"District Court, N.D. California",2741745,https://www.courtlistener.com/opinion/2741745/st-vincent-medical-center-v-mega-life-and-health-insurance/,Court of Appeals for the Ninth Circuit,,St. Vincent Medical Center v. Mega Life and Health Insurance,"[""585 F. App'x 417""]"
9611591,https://www.courtlistener.com/opinion/9611591/tashjian-v-invictus-residential-pooler-2a/,"District Court, N.D. California",3177609,https://www.courtlistener.com/opinion/3177609/saterbak-v-jp-morgan-chase-bank-ca41/,California Court of Appeal,Saterbak,Saterbak v. JP Morgan Chase Bank CA4/1,['245 Cal. App. 4th 808']
9611591,https://www.courtlistener.com/opinion/9611591/tashjian-v-invictus-residential-pooler-2a/,"District Court, N.D. California",4374902,https://www.courtlistener.com/opinion/4374902/ivanoff-v-bank-of-america-na/,California Court of Appeal,Ivanoff,"Ivanoff v. Bank of America, N.A.","['2017 Cal. App. LEXIS 219', '2017 WL 958387', '215 Cal. Rptr. 3d 442', '9 Cal. App. 5th 719']"
9611591,https://www.courtlistener.com/opinion/9611591/tashjian-v-invictus-residential-pooler-2a/,"District Court, N.D. California",7321947,https://www.courtlistener.com/opinion/7321947/biggs-v-experian-information-solutions-inc/,"District Court, N.D. California",Biggs,"Biggs v. Experian Information Solutions, Inc.","['2016 U.S. Dist. LEXIS 130742', '2016 WL 5235043', '209 F. Supp. 3d 1142']"
9611591,https://www.courtlistener.com/opinion/9611591/tashjian-v-invictus-residential-pooler-2a/,"District Court, N.D. California",7324900,https://www.courtlistener.com/opinion/7324900/hadley-v-kellogg-sales-co/,"District Court, N.D. California",Hadley,Hadley v. Kellogg Sales Co.,"['2017 U.S. Dist. LEXIS 40825', '2017 WL 1065293', '243 F. Supp. 3d 1074']"
9611591,https://www.courtlistener.com/opinion/9611591/tashjian-v-invictus-residential-pooler-2a/,"District Court, N.D. California",111719,https://www.courtlistener.com/opinion/111719/anderson-v-liberty-lobby-inc/,Supreme Court of the United States,Libby Lobby,"Anderson v. Liberty Lobby, Inc.","['4 Fed. R. Serv. 3d 1041', '54 U.S.L.W. 4755', '12 Media L. Rep. (BNA) 2297', '1986 U.S. LEXIS 115', '477 U.S. 242', '106 S. Ct. 2505', '91 L. Ed. 2d 202']"
9611591,https://www.courtlistener.com/opinion/9611591/tashjian-v-invictus-residential-pooler-2a/,"District Court, N.D. California",111722,https://www.courtlistener.com/opinion/111722/celotex-corp-v-catrett-administratrix-of-the-estate-of-catrett/,Supreme Court of the United States,,"Celotex Corp. v. Catrett, Administratrix of the Estate of Catrett","['4 Fed. R. Serv. 3d 1024', '54 U.S.L.W. 4775', '1986 U.S. LEXIS 118', '477 U.S. 317', '106 S. Ct. 2548', '91 L. Ed. 2d 265']"
9611591,https://www.courtlistener.com/opinion/9611591/tashjian-v-invictus-residential-pooler-2a/,"District Court, N.D. California",145648,https://www.courtlistener.com/opinion/145648/house-v-bell/,Supreme Court of the United States,House,House v. Bell,"['2006 U.S. LEXIS 4675', '547 U.S. 518', '126 S. Ct. 2064', '165 L. Ed. 2d 1']"
9611591,https://www.courtlistener.com/opinion/9611591/tashjian-v-invictus-residential-pooler-2a/,"District Court, N.D. California",844289,https://www.courtlistener.com/opinion/844289/oasis-west-realty-v-goldman/,California Supreme Court,Goldman,Oasis West Realty v. Goldman,"['2011 Cal. LEXIS 4370', '124 Cal. Rptr. 3d 256', '250 P.3d 1115', '51 Cal. 4th 811']"
9611591,https://www.courtlistener.com/opinion/9611591/tashjian-v-invictus-residential-pooler-2a/,"District Court, N.D. California",1301891,https://www.courtlistener.com/opinion/1301891/cel-tech-communications-inc-v-los-angeles-cellular-telephone-co/,California Supreme Court,,"Cel-Tech Communications, Inc. v. Los Angeles Cellular Telephone Co.","['1999 Cal. LEXIS 1656', '99 Daily Journal DAR 3360', '99 Cal. Daily Op. Serv. 2576', '20 Cal. 4th 163', '83 Cal. Rptr. 2d 548', '973 P.2d 527']"
9611941,https://www.courtlistener.com/opinion/9611941/in-re-plum-baby-food-litigation/,"District Court, N.D. California",1243130,https://www.courtlistener.com/opinion/1243130/williams-v-gerber-products-co/,Court of Appeals for the Ninth Circuit,,Williams v. Gerber Products Co.,"['2008 WL 5273731', '2008 U.S. App. LEXIS 27421', '552 F.3d 934']"
9611941,https://www.courtlistener.com/opinion/9611941/in-re-plum-baby-food-litigation/,"District Court, N.D. California",1434048,https://www.courtlistener.com/opinion/1434048/birdsong-v-apple-inc/,Court of Appeals for the Ninth Circuit,Birdsong,"Birdsong v. Apple, Inc.","['2009 WL 5125776', '2009 U.S. App. LEXIS 28749', '590 F.3d 955']"
9611941,https://www.courtlistener.com/opinion/9611941/in-re-plum-baby-food-litigation/,"District Court, N.D. California",1471661,https://www.courtlistener.com/opinion/1471661/premier-lending-services-inc-v-jlj-associates/,"District Court, S.D. New York",,"Premier Lending Services, Inc. v. J.L.J. Associates","['1996 WL 220950', '1996 U.S. Dist. LEXIS 5822', '924 F. Supp. 13']"
9611941,https://www.courtlistener.com/opinion/9611941/in-re-plum-baby-food-litigation/,"District Court, N.D. California",2086398,https://www.courtlistener.com/opinion/2086398/oswego-laborers-local-214-pension-fund-v-marine-midland-bank-n-a/,New York Court of Appeals,,"Oswego Laborers' Local 214 Pension Fund v. Marine Midland Bank, N. A.","['1995 N.Y. LEXIS 145', '623 N.Y.S.2d 529', '85 N.Y.2d 20', '647 N.E.2d 741']"
9611941,https://www.courtlistener.com/opinion/9611941/in-re-plum-baby-food-litigation/,"District Court, N.D. California",2267506,https://www.courtlistener.com/opinion/2267506/limandri-v-judkins/,California Court of Appeal,LiMandri,LiMandri v. Judkins,"['1997 Cal. App. LEXIS 56', '97 Daily Journal DAR 1037', '97 Cal. Daily Op. Serv. 690', '60 Cal. Rptr. 2d 539', '52 Cal. App. 4th 326']"
9611941,https://www.courtlistener.com/opinion/9611941/in-re-plum-baby-food-litigation/,"District Court, N.D. California",2290504,https://www.courtlistener.com/opinion/2290504/daugherty-v-american-honda-motor-co-inc/,California Court of Appeal,,"Daugherty v. American Honda Motor Co., Inc.","['144 Cal. App. 4th 824', '51 Cal. Rptr. 3d 118']"
9611941,https://www.courtlistener.com/opinion/9611941/in-re-plum-baby-food-litigation/,"District Court, N.D. California",4378094,https://www.courtlistener.com/opinion/4378094/george-williams-v-yamaha-motor-corp-usa/,Court of Appeals for the Ninth Circuit,,George Williams v. Yamaha Motor Corp. USA,"['2017 U.S. App. LEXIS 5210', '2017 WL 1101095', '851 F.3d 1015']"
9611941,https://www.courtlistener.com/opinion/9611941/in-re-plum-baby-food-litigation/,"District Court, N.D. California",4503602,https://www.courtlistener.com/opinion/4503602/robert-hodsdon-v-mars-inc/,Court of Appeals for the Ninth Circuit,,"Robert Hodsdon v. Mars, Inc.",['891 F.3d 857']
9611941,https://www.courtlistener.com/opinion/9611941/in-re-plum-baby-food-litigation/,"District Court, N.D. California",5682808,https://www.courtlistener.com/opinion/5682808/guggenheimer-v-ginzburg/,New York Court of Appeals,Guggenheimer,Guggenheimer v. Ginzburg,"['1977 N.Y. LEXIS 2460', '401 N.Y.S.2d 182', '372 N.E.2d 17', '43 N.Y.2d 268']"
9611941,https://www.courtlistener.com/opinion/9611941/in-re-plum-baby-food-litigation/,"District Court, N.D. California",5810789,https://www.courtlistener.com/opinion/5810789/collins-v-emachines-inc/,California Court of Appeal,Collins,"Collins v. eMachines, Inc.","['2011 Cal. App. LEXIS 1626', '134 Cal. Rptr. 3d 588', '202 Cal. App. 4th 249']"
9611941,https://www.courtlistener.com/opinion/9611941/in-re-plum-baby-food-litigation/,"District Court, N.D. California",7305132,https://www.courtlistener.com/opinion/7305132/ferring-bv-v-allergan-inc/,"District Court, S.D. New York",,"Ferring B.V. v. Allergan, Inc.","['2014 WL 988595', '2014 U.S. Dist. LEXIS 33057', '4 F. Supp. 3d 612']"
9611941,https://www.courtlistener.com/opinion/9611941/in-re-plum-baby-food-litigation/,"District Court, N.D. California",7307191,https://www.courtlistener.com/opinion/7307191/rasmussen-v-apple-inc/,"District Court, N.D. California",Rasmussen,Rasmussen v. Apple Inc.,"['2014 WL 1047091', '2014 U.S. Dist. LEXIS 35352', '27 F. Supp. 3d 1027']"
9611941,https://www.courtlistener.com/opinion/9611941/in-re-plum-baby-food-litigation/,"District Court, N.D. California",7324900,https://www.courtlistener.com/opinion/7324900/hadley-v-kellogg-sales-co/,"District Court, N.D. California",Hadley,Hadley v. Kellogg Sales Co.,"['2017 U.S. Dist. LEXIS 40825', '2017 WL 1065293', '243 F. Supp. 3d 1074']"
9611941,https://www.courtlistener.com/opinion/9611941/in-re-plum-baby-food-litigation/,"District Court, N.D. California",7332054,https://www.courtlistener.com/opinion/7332054/reaves-v-dept-of-corr/,"District Court, District of Columbia",Reaves,Reaves v. Dep't of Corr.,['333 F. Supp. 3d 18']
9611941,https://www.courtlistener.com/opinion/9611941/in-re-plum-baby-food-litigation/,"District Court, N.D. California",7336475,https://www.courtlistener.com/opinion/7336475/in-re-apple-inc/,"District Court, N.D. California",,In re Apple Inc.,['386 F. Supp. 3d 1155']
9611941,https://www.courtlistener.com/opinion/9611941/in-re-plum-baby-food-litigation/,"District Court, N.D. California",8281419,https://www.courtlistener.com/opinion/8281419/graphic-communications-local-1b-health-welfare-fund-a-v-cvs-caremark/,Supreme Court of Minnesota,,"Graphic Communications Local 1B Health & Welfare Fund ""A"" v. CVS Caremark Corp.","['2014 Minn. LEXIS 319', '2014 WL 2965400', '850 N.W.2d 682']"
9611941,https://www.courtlistener.com/opinion/9611941/in-re-plum-baby-food-litigation/,"District Court, N.D. California",8731416,https://www.courtlistener.com/opinion/8731416/in-re-sony-gaming-networks-customer-data-security-breach-litigation/,"District Court, S.D. California",,In re Sony Gaming Networks & Customer Data Security Breach Litigation,"['2014 U.S. Dist. LEXIS 7353', '2014 WL 223677', '82 U.C.C. Rep. Serv. 2d (West) 493', '996 F. Supp. 2d 942']"
9611941,https://www.courtlistener.com/opinion/9611941/in-re-plum-baby-food-litigation/,"District Court, N.D. California",8879472,https://www.courtlistener.com/opinion/8879472/morehouse-v-gulf-warehouse-sales-co/,Appellate Court of Illinois,Morehouse,Morehouse v. Gulf Warehouse & Sales Co.,"['1938 Ill. App. LEXIS 664', '17 N.E.2d 608', '297 Ill. App. 367']"
9611941,https://www.courtlistener.com/opinion/9611941/in-re-plum-baby-food-litigation/,"District Court, N.D. California",112747,https://www.courtlistener.com/opinion/112747/lujan-v-defenders-of-wildlife/,Supreme Court of the United States,Lujan,Lujan v. Defenders of Wildlife,"['34 ERC (BNA) 1785', '22 Envtl. L. Rep. (Envtl. Law Inst.) 20913', '6 Fla. L. Weekly Fed. S 374', '92 Daily Journal DAR 8967', '92 Cal. Daily Op. Serv. 4985', '60 U.S.L.W. 4495', '1992 U.S. LEXIS 3543', '504 U.S. 555', '112 S. Ct. 2130', '119 L. Ed. 2d 351']"
9612104,https://www.courtlistener.com/opinion/9612104/broussard-v-dole-packaged-foods-llc/,"District Court, N.D. California",594,https://www.courtlistener.com/opinion/594/mayfield-v-united-states/,Court of Appeals for the Ninth Circuit,Mayfield,Mayfield v. United States,"['2010 WL 1052341', '2010 U.S. App. LEXIS 6015', '599 F.3d 964']"
9612104,https://www.courtlistener.com/opinion/9612104/broussard-v-dole-packaged-foods-llc/,"District Court, N.D. California",494674,https://www.courtlistener.com/opinion/494674/rutman-wine-company-v-e-j-gallo-winery/,Court of Appeals for the Ninth Circuit,,Rutman Wine Company v. E. & J. Gallo Winery,"['1987 U.S. App. LEXIS 12952', '829 F.2d 729']"
9612104,https://www.courtlistener.com/opinion/9612104/broussard-v-dole-packaged-foods-llc/,"District Court, N.D. California",515804,https://www.courtlistener.com/opinion/515804/ernest-s-little-v-city-of-seattle-john-doe-jane-doe-and-david-paul/,Court of Appeals for the Ninth Circuit,,"Ernest S. Little v. City of Seattle John Doe Jane Doe, and David Paul",['863 F.2d 681']
9612104,https://www.courtlistener.com/opinion/9612104/broussard-v-dole-packaged-foods-llc/,"District Court, N.D. California",1194077,https://www.courtlistener.com/opinion/1194077/manzarek-v-st-paul-fire-marine-insurance/,Court of Appeals for the Ninth Circuit,Manzarek,Manzarek v. St. Paul Fire & Marine Insurance,"['2008 WL 763385', '2008 U.S. App. LEXIS 6145', '86 U.S.P.Q. 2d (BNA) 1632', '519 F.3d 1025']"
9612104,https://www.courtlistener.com/opinion/9612104/broussard-v-dole-packaged-foods-llc/,"District Court, N.D. California",1243130,https://www.courtlistener.com/opinion/1243130/williams-v-gerber-products-co/,Court of Appeals for the Ninth Circuit,,Williams v. Gerber Products Co.,"['2008 WL 5273731', '2008 U.S. App. LEXIS 27421', '552 F.3d 934']"
9612104,https://www.courtlistener.com/opinion/9612104/broussard-v-dole-packaged-foods-llc/,"District Court, N.D. California",1271965,https://www.courtlistener.com/opinion/1271965/newcal-industries-inc-v-ikon-office-solution/,Court of Appeals for the Ninth Circuit,,"Newcal Industries, Inc. v. IKON Office Solution","['2008 WL 185520', '2008 U.S. App. LEXIS 1257', '86 U.S.P.Q. 2d (BNA) 1150', '513 F.3d 1038']"
9612104,https://www.courtlistener.com/opinion/9612104/broussard-v-dole-packaged-foods-llc/,"District Court, N.D. California",1300996,https://www.courtlistener.com/opinion/1300996/mendiondo-v-centinela-hospital-medical-center/,Court of Appeals for the Ninth Circuit,Mendiondo,Mendiondo v. Centinela Hospital Medical Center,"['2008 WL 852186', '2008 U.S. App. LEXIS 6854', '27 I.E.R. Cas. (BNA) 609', '521 F.3d 1097']"
9612104,https://www.courtlistener.com/opinion/9612104/broussard-v-dole-packaged-foods-llc/,"District Court, N.D. California",1400355,https://www.courtlistener.com/opinion/1400355/in-re-gilead-sciences-securities-litigation/,Court of Appeals for the Ninth Circuit,In Re Gilead Sciences Securities Litigation,In Re Gilead Sciences Securities Litigation,"['2008 WL 3271039', '2008 U.S. App. LEXIS 17076', '536 F.3d 1049']"
9612104,https://www.courtlistener.com/opinion/9612104/broussard-v-dole-packaged-foods-llc/,"District Court, N.D. California",1687030,https://www.courtlistener.com/opinion/1687030/oestreicher-v-alienware-corp/,"District Court, N.D. California",Oestreicher,Oestreicher v. Alienware Corp.,"['2008 WL 906550', '2008 U.S. Dist. LEXIS 26160', '544 F. Supp. 2d 964']"
9612104,https://www.courtlistener.com/opinion/9612104/broussard-v-dole-packaged-foods-llc/,"District Court, N.D. California",2368488,https://www.courtlistener.com/opinion/2368488/dana-point-safe-harbor-collective-v-superior-court/,California Supreme Court,,Dana Point Safe Harbor Collective v. Superior Court,"['2010 Cal. LEXIS 12366', '118 Cal. Rptr. 3d 571', '243 P.3d 575', '51 Cal. 4th 1']"
9612104,https://www.courtlistener.com/opinion/9612104/broussard-v-dole-packaged-foods-llc/,"District Court, N.D. California",2434749,https://www.courtlistener.com/opinion/2434749/corsello-v-verizon-new-york-inc/,New York Court of Appeals,Corsello,"Corsello v. Verizon New York, Inc.","['2012 NY Slip Op 2343', '944 N.Y.S.2d 732', '18 N.Y.3d 777', '967 N.E.2d 1177']"
9612104,https://www.courtlistener.com/opinion/9612104/broussard-v-dole-packaged-foods-llc/,"District Court, N.D. California",2792929,https://www.courtlistener.com/opinion/2792929/skye-astiana-v-the-hain-celestial-group/,Court of Appeals for the Ninth Circuit,,Skye Astiana v. the Hain Celestial Group,"['2015 WL 1600205', '2015 U.S. App. LEXIS 5833', '783 F.3d 753']"
9612104,https://www.courtlistener.com/opinion/9612104/broussard-v-dole-packaged-foods-llc/,"District Court, N.D. California",4349565,https://www.courtlistener.com/opinion/4349565/bank-of-new-york-mellon-v-citibank-na/,California Court of Appeal,Citibank,"Bank of New York Mellon v. Citibank, N.A.","['2017 Cal. App. LEXIS 128', '2017 WL 632755', '214 Cal. Rptr. 3d 504', '8 Cal. App. 5th 935']"
9612104,https://www.courtlistener.com/opinion/9612104/broussard-v-dole-packaged-foods-llc/,"District Court, N.D. California",4525969,https://www.courtlistener.com/opinion/4525969/karim-khoja-v-orexigen-therapeutics-inc/,Court of Appeals for the Ninth Circuit,,"Karim Khoja v. Orexigen Therapeutics, Inc.",['899 F.3d 988']
9612104,https://www.courtlistener.com/opinion/9612104/broussard-v-dole-packaged-foods-llc/,"District Court, N.D. California",7041988,https://www.courtlistener.com/opinion/7041988/southland-sod-farms-v-stover-seed-co/,Court of Appeals for the Ninth Circuit,,Southland Sod Farms v. Stover Seed Co.,"['1997 WL 104651', '108 F.3d 1134']"
9612104,https://www.courtlistener.com/opinion/9612104/broussard-v-dole-packaged-foods-llc/,"District Court, N.D. California",7060249,https://www.courtlistener.com/opinion/7060249/cooper-v-pickett/,Court of Appeals for the Ninth Circuit,Cooper,Cooper v. Pickett,"['1997 WL 835300', '137 F.3d 616']"
9612104,https://www.courtlistener.com/opinion/9612104/broussard-v-dole-packaged-foods-llc/,"District Court, N.D. California",7100340,https://www.courtlistener.com/opinion/7100340/sprewell-v-golden-state-warriors/,Court of Appeals for the Ninth Circuit,Sprewell,Sprewell v. Golden State Warriors,"['2001 WL 1057136', '266 F.3d 979']"
9612104,https://www.courtlistener.com/opinion/9612104/broussard-v-dole-packaged-foods-llc/,"District Court, N.D. California",7324900,https://www.courtlistener.com/opinion/7324900/hadley-v-kellogg-sales-co/,"District Court, N.D. California",Hadley,Hadley v. Kellogg Sales Co.,"['2017 U.S. Dist. LEXIS 40825', '2017 WL 1065293', '243 F. Supp. 3d 1074']"
9612104,https://www.courtlistener.com/opinion/9612104/broussard-v-dole-packaged-foods-llc/,"District Court, N.D. California",7325818,https://www.courtlistener.com/opinion/7325818/krommenhock-v-post-foods-llc/,"District Court, N.D. California",Krommenhock,"Krommenhock v. Post Foods, LLC","['2017 U.S. Dist. LEXIS 84359', '2017 WL 2378029', '255 F. Supp. 3d 938']"
9612104,https://www.courtlistener.com/opinion/9612104/broussard-v-dole-packaged-foods-llc/,"District Court, N.D. California",7327214,https://www.courtlistener.com/opinion/7327214/hadley-v-kellogg-sales-co/,"District Court, N.D. California",Hadley,Hadley v. Kellogg Sales Co.,['273 F. Supp. 3d 1052']
9612104,https://www.courtlistener.com/opinion/9612104/broussard-v-dole-packaged-foods-llc/,"District Court, N.D. California",8723572,https://www.courtlistener.com/opinion/8723572/hughes-v-ester-c-co/,"District Court, E.D. New York",Hughes,Hughes v. Ester C Co.,"['2013 U.S. Dist. LEXIS 36652', '2013 WL 1080533', '930 F. Supp. 2d 439']"
9612104,https://www.courtlistener.com/opinion/9612104/broussard-v-dole-packaged-foods-llc/,"District Court, N.D. California",9022504,https://www.courtlistener.com/opinion/9022504/davidson-v-kimberly-clark-corp/,Court of Appeals for the Ninth Circuit,Davidson,Davidson v. Kimberly-Clark Corp.,['889 F.3d 956']
9612104,https://www.courtlistener.com/opinion/9612104/broussard-v-dole-packaged-foods-llc/,"District Court, N.D. California",110916,https://www.courtlistener.com/opinion/110916/city-of-los-angeles-v-lyons/,Supreme Court of the United States,Lyons,City of Los Angeles v. Lyons,"['51 U.S.L.W. 4424', '1983 U.S. LEXIS 152', '461 U.S. 95', '103 S. Ct. 1660', '75 L. Ed. 2d 675']"
9612104,https://www.courtlistener.com/opinion/9612104/broussard-v-dole-packaged-foods-llc/,"District Court, N.D. California",145730,https://www.courtlistener.com/opinion/145730/bell-atlantic-corp-v-twombly/,Supreme Court of the United States,Twombly,Bell Atlantic Corp. v. Twombly,"['75 U.S.L.W. 4337', '68 Fed. R. Serv. 3d 661', '20 Fla. L. Weekly Fed. S 267', '41 Communications Reg. (P&F) 567', '2007 U.S. LEXIS 5901', '550 U.S. 544', '127 S. Ct. 1955', '167 L. Ed. 2d 929']"
9612104,https://www.courtlistener.com/opinion/9612104/broussard-v-dole-packaged-foods-llc/,"District Court, N.D. California",145875,https://www.courtlistener.com/opinion/145875/ashcroft-v-iqbal/,Supreme Court of the United States,Iqbal,Ashcroft v. Iqbal,"['2009 U.S. LEXIS 3472', '556 U.S. 662', '129 S. Ct. 1937', '173 L. Ed. 2d 868']"
9612104,https://www.courtlistener.com/opinion/9612104/broussard-v-dole-packaged-foods-llc/,"District Court, N.D. California",182444,https://www.courtlistener.com/opinion/182444/chapman-v-pier-1-imports-us-inc/,Court of Appeals for the Ninth Circuit,Chapman,Chapman v. Pier 1 Imports (U.S.) Inc.,"['2011 WL 43709', '2011 U.S. App. LEXIS 453', '78 Fed. R. Serv. 3d 946', '24 Am. Disabilities Dec. 284', '631 F.3d 939']"
9612104,https://www.courtlistener.com/opinion/9612104/broussard-v-dole-packaged-foods-llc/,"District Court, N.D. California",2283365,https://www.courtlistener.com/opinion/2283365/lavie-v-procter-gamble-co/,California Court of Appeal,Lavie,Lavie v. Procter & Gamble Co.,"['2003 Cal. App. LEXIS 71', '2003 Cal. Daily Op. Serv. 612', '2003 Daily Journal DAR 699', '105 Cal. App. 4th 496', '129 Cal. Rptr. 2d 486']"
9612104,https://www.courtlistener.com/opinion/9612104/broussard-v-dole-packaged-foods-llc/,"District Court, N.D. California",3172693,https://www.courtlistener.com/opinion/3172693/alex-tomek-v-apple-inc/,Court of Appeals for the Ninth Circuit,,"Alex Tomek v. Apple, Inc.","[""636 F. App'x 712""]"
9612163,https://www.courtlistener.com/opinion/9612163/hayden-v-bobs-red-mill-natural-foods-inc/,"District Court, N.D. California",594,https://www.courtlistener.com/opinion/594/mayfield-v-united-states/,Court of Appeals for the Ninth Circuit,Mayfield,Mayfield v. United States,"['2010 WL 1052341', '2010 U.S. App. LEXIS 6015', '599 F.3d 964']"
9612163,https://www.courtlistener.com/opinion/9612163/hayden-v-bobs-red-mill-natural-foods-inc/,"District Court, N.D. California",1735,https://www.courtlistener.com/opinion/1735/hertz-corp-v-friend/,Supreme Court of the United States,Friend,Hertz Corp. v. Friend,"['2010 U.S. LEXIS 1897', '559 U.S. 77', '130 S. Ct. 1181', '175 L. Ed. 2d 1029']"
9612163,https://www.courtlistener.com/opinion/9612163/hayden-v-bobs-red-mill-natural-foods-inc/,"District Court, N.D. California",622977,https://www.courtlistener.com/opinion/622977/wilson-v-hewlett-packard-co/,Court of Appeals for the Ninth Circuit,Wilson,Wilson v. Hewlett-Packard Co.,"['2012 U.S. App. LEXIS 3174', '2012 WL 502442', '668 F.3d 1136']"
9612163,https://www.courtlistener.com/opinion/9612163/hayden-v-bobs-red-mill-natural-foods-inc/,"District Court, N.D. California",672148,https://www.courtlistener.com/opinion/672148/michael-rene-pardue-v-larry-burton/,Court of Appeals for the Eleventh Circuit,,Michael Rene Pardue v. Larry Burton,"['1994 WL 326704', '1994 U.S. App. LEXIS 19202', '26 F.3d 1093']"
9612163,https://www.courtlistener.com/opinion/9612163/hayden-v-bobs-red-mill-natural-foods-inc/,"District Court, N.D. California",1194077,https://www.courtlistener.com/opinion/1194077/manzarek-v-st-paul-fire-marine-insurance/,Court of Appeals for the Ninth Circuit,Manzarek,Manzarek v. St. Paul Fire & Marine Insurance,"['2008 WL 763385', '2008 U.S. App. LEXIS 6145', '86 U.S.P.Q. 2d (BNA) 1632', '519 F.3d 1025']"
9612163,https://www.courtlistener.com/opinion/9612163/hayden-v-bobs-red-mill-natural-foods-inc/,"District Court, N.D. California",1300996,https://www.courtlistener.com/opinion/1300996/mendiondo-v-centinela-hospital-medical-center/,Court of Appeals for the Ninth Circuit,Mendiondo,Mendiondo v. Centinela Hospital Medical Center,"['2008 WL 852186', '2008 U.S. App. LEXIS 6854', '27 I.E.R. Cas. (BNA) 609', '521 F.3d 1097']"
9612163,https://www.courtlistener.com/opinion/9612163/hayden-v-bobs-red-mill-natural-foods-inc/,"District Court, N.D. California",1400355,https://www.courtlistener.com/opinion/1400355/in-re-gilead-sciences-securities-litigation/,Court of Appeals for the Ninth Circuit,In Re Gilead Sciences Securities Litigation,In Re Gilead Sciences Securities Litigation,"['2008 WL 3271039', '2008 U.S. App. LEXIS 17076', '536 F.3d 1049']"
9612163,https://www.courtlistener.com/opinion/9612163/hayden-v-bobs-red-mill-natural-foods-inc/,"District Court, N.D. California",2251312,https://www.courtlistener.com/opinion/2251312/in-re-vaccine-cases/,California Court of Appeal,In Re Vaccine Cases,In Re Vaccine Cases,"['2005 Cal. App. LEXIS 1840', '2005 Cal. Daily Op. Serv. 10028', '2005 Daily Journal DAR 13675', '134 Cal. App. 4th 438', '36 Cal. Rptr. 3d 80']"
9612163,https://www.courtlistener.com/opinion/9612163/hayden-v-bobs-red-mill-natural-foods-inc/,"District Court, N.D. California",2267506,https://www.courtlistener.com/opinion/2267506/limandri-v-judkins/,California Court of Appeal,LiMandri,LiMandri v. Judkins,"['1997 Cal. App. LEXIS 56', '97 Daily Journal DAR 1037', '97 Cal. Daily Op. Serv. 690', '60 Cal. Rptr. 2d 539', '52 Cal. App. 4th 326']"
9612163,https://www.courtlistener.com/opinion/9612163/hayden-v-bobs-red-mill-natural-foods-inc/,"District Court, N.D. California",2290504,https://www.courtlistener.com/opinion/2290504/daugherty-v-american-honda-motor-co-inc/,California Court of Appeal,,"Daugherty v. American Honda Motor Co., Inc.","['144 Cal. App. 4th 824', '51 Cal. Rptr. 3d 118']"
9612163,https://www.courtlistener.com/opinion/9612163/hayden-v-bobs-red-mill-natural-foods-inc/,"District Court, N.D. California",3292738,https://www.courtlistener.com/opinion/3292738/people-v-lasker/,California Court of Appeal,Lasker,People v. Lasker,"['1930 Cal. App. LEXIS 662', '105 Cal. App. 1', '286 P. 703']"
9612163,https://www.courtlistener.com/opinion/9612163/hayden-v-bobs-red-mill-natural-foods-inc/,"District Court, N.D. California",4503602,https://www.courtlistener.com/opinion/4503602/robert-hodsdon-v-mars-inc/,Court of Appeals for the Ninth Circuit,,"Robert Hodsdon v. Mars, Inc.",['891 F.3d 857']
9612163,https://www.courtlistener.com/opinion/9612163/hayden-v-bobs-red-mill-natural-foods-inc/,"District Court, N.D. California",4525969,https://www.courtlistener.com/opinion/4525969/karim-khoja-v-orexigen-therapeutics-inc/,Court of Appeals for the Ninth Circuit,,"Karim Khoja v. Orexigen Therapeutics, Inc.",['899 F.3d 988']
9612163,https://www.courtlistener.com/opinion/9612163/hayden-v-bobs-red-mill-natural-foods-inc/,"District Court, N.D. California",5608107,https://www.courtlistener.com/opinion/5608107/kwikset-corp-v-superior-court/,California Supreme Court,,Kwikset Corp. v. Superior Court,"['2011 Cal. LEXIS 532', '120 Cal. Rptr. 3d 741', '246 P.3d 877', '51 Cal. 4th 310']"
9612163,https://www.courtlistener.com/opinion/9612163/hayden-v-bobs-red-mill-natural-foods-inc/,"District Court, N.D. California",7082005,https://www.courtlistener.com/opinion/7082005/white-v-lee/,Court of Appeals for the Ninth Circuit,White,White v. Lee,"['2000 WL 1407125', '2000 U.S. App. LEXIS 23778', '2000 Cal. Daily Op. Serv. 7958', '2000 Daily Journal DAR 10557', '227 F.3d 1214']"
9612163,https://www.courtlistener.com/opinion/9612163/hayden-v-bobs-red-mill-natural-foods-inc/,"District Court, N.D. California",7085822,https://www.courtlistener.com/opinion/7085822/tosco-corp-v-communities-for-a-better-environment/,Court of Appeals for the Ninth Circuit,,Tosco Corp. v. Communities for a Better Environment,"['2001 WL 2080', '2001 U.S. App. LEXIS 12', '31 Envtl. L. Rep. (Envtl. Law Inst.) 20354', '2001 Daily Journal DAR 119', '2001 Cal. Daily Op. Serv. 49', '236 F.3d 495']"
9612163,https://www.courtlistener.com/opinion/9612163/hayden-v-bobs-red-mill-natural-foods-inc/,"District Court, N.D. California",7100340,https://www.courtlistener.com/opinion/7100340/sprewell-v-golden-state-warriors/,Court of Appeals for the Ninth Circuit,Sprewell,Sprewell v. Golden State Warriors,"['2001 WL 1057136', '266 F.3d 979']"
9612163,https://www.courtlistener.com/opinion/9612163/hayden-v-bobs-red-mill-natural-foods-inc/,"District Court, N.D. California",7324900,https://www.courtlistener.com/opinion/7324900/hadley-v-kellogg-sales-co/,"District Court, N.D. California",Hadley,Hadley v. Kellogg Sales Co.,"['2017 U.S. Dist. LEXIS 40825', '2017 WL 1065293', '243 F. Supp. 3d 1074']"
9612163,https://www.courtlistener.com/opinion/9612163/hayden-v-bobs-red-mill-natural-foods-inc/,"District Court, N.D. California",8718571,https://www.courtlistener.com/opinion/8718571/anderson-v-jamba-juice-co/,"District Court, N.D. California",Anderson,Anderson v. Jamba Juice Co.,"['2012 WL 3642835', '2012 U.S. Dist. LEXIS 121447', '888 F. Supp. 2d 1000']"
9612163,https://www.courtlistener.com/opinion/9612163/hayden-v-bobs-red-mill-natural-foods-inc/,"District Court, N.D. California",8721396,https://www.courtlistener.com/opinion/8721396/miller-v-ghirardelli-chocolate-co/,"District Court, N.D. California",,Miller v. Ghirardelli Chocolate Co.,"['2012 U.S. Dist. LEXIS 174008', '2012 WL 6096593', '912 F. Supp. 2d 861']"
9612163,https://www.courtlistener.com/opinion/9612163/hayden-v-bobs-red-mill-natural-foods-inc/,"District Court, N.D. California",8723153,https://www.courtlistener.com/opinion/8723153/arroyo-v-chattem-inc/,"District Court, N.D. California",Arroyo,"Arroyo v. Chattem, Inc.","['2012 U.S. Dist. LEXIS 159254', '2012 WL 5412295', '926 F. Supp. 2d 1070']"
9612163,https://www.courtlistener.com/opinion/9612163/hayden-v-bobs-red-mill-natural-foods-inc/,"District Court, N.D. California",9022504,https://www.courtlistener.com/opinion/9022504/davidson-v-kimberly-clark-corp/,Court of Appeals for the Ninth Circuit,Davidson,Davidson v. Kimberly-Clark Corp.,['889 F.3d 956']
9612163,https://www.courtlistener.com/opinion/9612163/hayden-v-bobs-red-mill-natural-foods-inc/,"District Court, N.D. California",110916,https://www.courtlistener.com/opinion/110916/city-of-los-angeles-v-lyons/,Supreme Court of the United States,Lyons,City of Los Angeles v. Lyons,"['51 U.S.L.W. 4424', '1983 U.S. LEXIS 152', '461 U.S. 95', '103 S. Ct. 1660', '75 L. Ed. 2d 675']"
9612163,https://www.courtlistener.com/opinion/9612163/hayden-v-bobs-red-mill-natural-foods-inc/,"District Court, N.D. California",112747,https://www.courtlistener.com/opinion/112747/lujan-v-defenders-of-wildlife/,Supreme Court of the United States,Lujan,Lujan v. Defenders of Wildlife,"['34 ERC (BNA) 1785', '22 Envtl. L. Rep. (Envtl. Law Inst.) 20913', '6 Fla. L. Weekly Fed. S 374', '92 Daily Journal DAR 8967', '92 Cal. Daily Op. Serv. 4985', '60 U.S.L.W. 4495', '1992 U.S. LEXIS 3543', '504 U.S. 555', '112 S. Ct. 2130', '119 L. Ed. 2d 351']"
9612163,https://www.courtlistener.com/opinion/9612163/hayden-v-bobs-red-mill-natural-foods-inc/,"District Court, N.D. California",145730,https://www.courtlistener.com/opinion/145730/bell-atlantic-corp-v-twombly/,Supreme Court of the United States,Twombly,Bell Atlantic Corp. v. Twombly,"['75 U.S.L.W. 4337', '68 Fed. R. Serv. 3d 661', '20 Fla. L. Weekly Fed. S 267', '41 Communications Reg. (P&F) 567', '2007 U.S. LEXIS 5901', '550 U.S. 544', '127 S. Ct. 1955', '167 L. Ed. 2d 929']"
9612163,https://www.courtlistener.com/opinion/9612163/hayden-v-bobs-red-mill-natural-foods-inc/,"District Court, N.D. California",145875,https://www.courtlistener.com/opinion/145875/ashcroft-v-iqbal/,Supreme Court of the United States,Iqbal,Ashcroft v. Iqbal,"['2009 U.S. LEXIS 3472', '556 U.S. 662', '129 S. Ct. 1937', '173 L. Ed. 2d 868']"
9612163,https://www.courtlistener.com/opinion/9612163/hayden-v-bobs-red-mill-natural-foods-inc/,"District Court, N.D. California",182444,https://www.courtlistener.com/opinion/182444/chapman-v-pier-1-imports-us-inc/,Court of Appeals for the Ninth Circuit,Chapman,Chapman v. Pier 1 Imports (U.S.) Inc.,"['2011 WL 43709', '2011 U.S. App. LEXIS 453', '78 Fed. R. Serv. 3d 946', '24 Am. Disabilities Dec. 284', '631 F.3d 939']"
9612163,https://www.courtlistener.com/opinion/9612163/hayden-v-bobs-red-mill-natural-foods-inc/,"District Court, N.D. California",1301891,https://www.courtlistener.com/opinion/1301891/cel-tech-communications-inc-v-los-angeles-cellular-telephone-co/,California Supreme Court,,"Cel-Tech Communications, Inc. v. Los Angeles Cellular Telephone Co.","['1999 Cal. LEXIS 1656', '99 Daily Journal DAR 3360', '99 Cal. Daily Op. Serv. 2576', '20 Cal. 4th 163', '83 Cal. Rptr. 2d 548', '973 P.2d 527']"
9618893,https://www.courtlistener.com/opinion/9618893/martinez-v-university-of-san-diego/,"District Court, S.D. California",578275,https://www.courtlistener.com/opinion/578275/kevin-ross-v-creighton-university/,Court of Appeals for the Seventh Circuit,,Kevin Ross v. Creighton University,"['1992 WL 37340', '1992 U.S. App. LEXIS 3038', '957 F.2d 410']"
9618893,https://www.courtlistener.com/opinion/9618893/martinez-v-university-of-san-diego/,"District Court, S.D. California",613992,https://www.courtlistener.com/opinion/613992/maya-v-centex-corp/,Court of Appeals for the Ninth Circuit,Maya,Maya v. Centex Corp.,"['2011 WL 4381864', '658 F.3d 1060']"
9618893,https://www.courtlistener.com/opinion/9618893/martinez-v-university-of-san-diego/,"District Court, S.D. California",622977,https://www.courtlistener.com/opinion/622977/wilson-v-hewlett-packard-co/,Court of Appeals for the Ninth Circuit,Wilson,Wilson v. Hewlett-Packard Co.,"['2012 U.S. App. LEXIS 3174', '2012 WL 502442', '668 F.3d 1136']"
9618893,https://www.courtlistener.com/opinion/9618893/martinez-v-university-of-san-diego/,"District Court, S.D. California",856346,https://www.courtlistener.com/opinion/856346/comcast-corp-v-behrend/,Supreme Court of the United States,Behrend,Comcast Corp. v. Behrend,"['2013 WL 1222646', '57 Communications Reg. (P&F) 1487', '81 U.S.L.W. 4217', '85 Fed. R. Serv. 3d 118', '24 Fla. L. Weekly Fed. S 125', '2013 U.S. LEXIS 2544', '569 U.S. 27', '133 S. Ct. 1426', '185 L. Ed. 2d 515']"
9618893,https://www.courtlistener.com/opinion/9618893/martinez-v-university-of-san-diego/,"District Court, S.D. California",1141339,https://www.courtlistener.com/opinion/1141339/cencor-inc-v-tolman/,Supreme Court of Colorado,Tolman,"Cencor, Inc. v. Tolman","['1994 WL 32186', '868 P.2d 396']"
9618893,https://www.courtlistener.com/opinion/9618893/martinez-v-university-of-san-diego/,"District Court, S.D. California",2121283,https://www.courtlistener.com/opinion/2121283/state-of-california-v-superior-court/,California Court of Appeal,,State of California v. Superior Court,"['1984 Cal. App. LEXIS 1496', '197 Cal. Rptr. 914', '150 Cal. App. 3d 848']"
9618893,https://www.courtlistener.com/opinion/9618893/martinez-v-university-of-san-diego/,"District Court, S.D. California",2252425,https://www.courtlistener.com/opinion/2252425/day-v-at-t-corp/,California Court of Appeal,Day,Day v. AT & T CORP.,"['1998 Cal. App. LEXIS 345', '98 Daily Journal DAR 4003', '98 Cal. Daily Op. Serv. 2966', '63 Cal. App. 2d 319', '63 Cal. App. 4th 325', '74 Cal. Rptr. 2d 55']"
9618893,https://www.courtlistener.com/opinion/9618893/martinez-v-university-of-san-diego/,"District Court, S.D. California",2256991,https://www.courtlistener.com/opinion/2256991/venturi-v-taylor/,California Court of Appeal,Venturi,Venturi v. Taylor,"['1995 Cal. App. LEXIS 472', '95 Daily Journal DAR 6608', '95 Cal. Daily Op. Serv. 3860', '41 Cal. Rptr. 2d 272', '35 Cal. App. 4th 16']"
9618893,https://www.courtlistener.com/opinion/9618893/martinez-v-university-of-san-diego/,"District Court, S.D. California",2272438,https://www.courtlistener.com/opinion/2272438/vu-v-california-commerce-club-inc/,California Court of Appeal,Vu,"Vu v. California Commerce Club, Inc.","['1997 Cal. App. LEXIS 812', '97 Daily Journal DAR 12723', '97 Cal. Daily Op. Serv. 7923', '68 Cal. Rptr. 2d 31', '58 Cal. App. 4th 229']"
9618893,https://www.courtlistener.com/opinion/9618893/martinez-v-university-of-san-diego/,"District Court, S.D. California",2290877,https://www.courtlistener.com/opinion/2290877/kashmiri-v-regents-of-the-university-of-california/,California Court of Appeal,Kashmiri,Kashmiri v. Regents of the University of California,"['156 Cal. App. 4th 809', '67 Cal. Rptr. 3d 635']"
9618893,https://www.courtlistener.com/opinion/9618893/martinez-v-university-of-san-diego/,"District Court, S.D. California",2306232,https://www.courtlistener.com/opinion/2306232/hedging-concepts-inc-v-first-alliance-mortgage-co/,California Court of Appeal,,"Hedging Concepts, Inc. v. First Alliance Mortgage Co.","['1996 Cal. App. LEXIS 48', '96 Cal. Daily Op. Serv. 499', '96 Daily Journal DAR 763', '49 Cal. Rptr. 2d 191', '41 Cal. App. 4th 1410']"
9618893,https://www.courtlistener.com/opinion/9618893/martinez-v-university-of-san-diego/,"District Court, S.D. California",2792929,https://www.courtlistener.com/opinion/2792929/skye-astiana-v-the-hain-celestial-group/,Court of Appeals for the Ninth Circuit,,Skye Astiana v. the Hain Celestial Group,"['2015 WL 1600205', '2015 U.S. App. LEXIS 5833', '783 F.3d 753']"
9618893,https://www.courtlistener.com/opinion/9618893/martinez-v-university-of-san-diego/,"District Court, S.D. California",4648695,https://www.courtlistener.com/opinion/4648695/voris-v-lampert/,California Supreme Court,Voris,Voris v. Lampert,"['446 P.3d 284', '7 Cal. 5th 1141', '250 Cal. Rptr. 3d 779']"
9618893,https://www.courtlistener.com/opinion/9618893/martinez-v-university-of-san-diego/,"District Court, S.D. California",5607605,https://www.courtlistener.com/opinion/5607605/youngman-v-nevada-irrigation-district/,California Supreme Court,Youngman,Youngman v. Nevada Irrigation District,"['1969 Cal. LEXIS 329', '74 Cal. Rptr. 398', '449 P.2d 462', '70 Cal. 2d 240']"
9618893,https://www.courtlistener.com/opinion/9618893/martinez-v-university-of-san-diego/,"District Court, S.D. California",7110394,https://www.courtlistener.com/opinion/7110394/vess-v-ciba-geigy-corp-usa/,Court of Appeals for the Ninth Circuit,Vess,Vess v. Ciba-Geigy Corp. USA,"['2003 WL 203124', '317 F.3d 1097']"
9618893,https://www.courtlistener.com/opinion/9618893/martinez-v-university-of-san-diego/,"District Court, S.D. California",7324900,https://www.courtlistener.com/opinion/7324900/hadley-v-kellogg-sales-co/,"District Court, N.D. California",Hadley,Hadley v. Kellogg Sales Co.,"['2017 U.S. Dist. LEXIS 40825', '2017 WL 1065293', '243 F. Supp. 3d 1074']"
9618893,https://www.courtlistener.com/opinion/9618893/martinez-v-university-of-san-diego/,"District Court, S.D. California",7332819,https://www.courtlistener.com/opinion/7332819/northbay-healthcare-grp-hosp-div-v-blue-shield-of-cal-life-health/,"District Court, N.D. California",,Northbay Healthcare Grp. - Hosp. Div. v. Blue Shield of Cal. Life & Health Ins.,['342 F. Supp. 3d 980']
9618893,https://www.courtlistener.com/opinion/9618893/martinez-v-university-of-san-diego/,"District Court, S.D. California",8440443,https://www.courtlistener.com/opinion/8440443/north-american-catholic-educational-programming-foundation-inc-v/,Court of Appeals for the First Circuit,Cardinale,"North American Catholic Educational Programming Foundation, Inc. v. Cardinale","['2009 WL 1382289', '2009 U.S. App. LEXIS 10481', '567 F.3d 8']"
9618893,https://www.courtlistener.com/opinion/9618893/martinez-v-university-of-san-diego/,"District Court, S.D. California",8946656,https://www.courtlistener.com/opinion/8946656/semegen-v-weidner/,Court of Appeals for the Ninth Circuit,Semegen,Semegen v. Weidner,"['1985 U.S. App. LEXIS 25959', '780 F.2d 727']"
9618893,https://www.courtlistener.com/opinion/9618893/martinez-v-university-of-san-diego/,"District Court, S.D. California",145730,https://www.courtlistener.com/opinion/145730/bell-atlantic-corp-v-twombly/,Supreme Court of the United States,Twombly,Bell Atlantic Corp. v. Twombly,"['75 U.S.L.W. 4337', '68 Fed. R. Serv. 3d 661', '20 Fla. L. Weekly Fed. S 267', '41 Communications Reg. (P&F) 567', '2007 U.S. LEXIS 5901', '550 U.S. 544', '127 S. Ct. 1955', '167 L. Ed. 2d 929']"
9618893,https://www.courtlistener.com/opinion/9618893/martinez-v-university-of-san-diego/,"District Court, S.D. California",1170435,https://www.courtlistener.com/opinion/1170435/weitzenkorn-v-lesser/,California Supreme Court,Weitzenkorn,Weitzenkorn v. Lesser,"['1953 Cal. LEXIS 237', '97 U.S.P.Q. (BNA) 545', '256 P.2d 947', '40 Cal. 2d 778']"
9618893,https://www.courtlistener.com/opinion/9618893/martinez-v-university-of-san-diego/,"District Court, S.D. California",1801796,https://www.courtlistener.com/opinion/1801796/in-re-tobacco-ii-cases/,California Supreme Court,In Re Tobacco II Cases,In Re Tobacco II Cases,"['2009 Cal. LEXIS 4365', '93 Cal. Rptr. 3d 559', '207 P.3d 20', '46 Cal. 4th 298']"
9618893,https://www.courtlistener.com/opinion/9618893/martinez-v-university-of-san-diego/,"District Court, S.D. California",2630547,https://www.courtlistener.com/opinion/2630547/korea-supply-co-v-lockheed-martin-corp/,California Supreme Court,,Korea Supply Co. v. Lockheed Martin Corp.,"['2003 Cal. LEXIS 1301', '2003 Daily Journal DAR 2291', '2003 Cal. Daily Op. Serv. 1825', '29 Cal. 4th 1134', '131 Cal. Rptr. 2d 29', '63 P.3d 937']"
9620463,https://www.courtlistener.com/opinion/9620463/anderberg-v-the-hain-celestial-group-inc/,"District Court, S.D. California",181397,https://www.courtlistener.com/opinion/181397/daniels-hall-v-national-education-assn/,Court of Appeals for the Ninth Circuit,Daniels-Hall,Daniels-Hall v. National Education Ass'n,"['2010 WL 5141247', '2010 U.S. App. LEXIS 25894', '50 Employee Benefits Cas. (BNA) 1481', '629 F.3d 992']"
9620463,https://www.courtlistener.com/opinion/9620463/anderberg-v-the-hain-celestial-group-inc/,"District Court, S.D. California",660277,https://www.courtlistener.com/opinion/660277/richard-l-barron-linda-m-barron-v-robert-reich-department-of-labor/,Court of Appeals for the Ninth Circuit,,Richard L. Barron Linda M. Barron v. Robert Reich Department of Labor Robert Kelley,"['1994 WL 6619', '13 F.3d 1370']"
9620463,https://www.courtlistener.com/opinion/9620463/anderberg-v-the-hain-celestial-group-inc/,"District Court, S.D. California",807798,https://www.courtlistener.com/opinion/807798/gary-davis-v-hsbc-bank-nevada-na/,Court of Appeals for the Ninth Circuit,,"Gary Davis v. Hsbc Bank Nevada, N.A.","['2012 U.S. App. LEXIS 18503', '2012 WL 3804370', '691 F.3d 1152']"
9620463,https://www.courtlistener.com/opinion/9620463/anderberg-v-the-hain-celestial-group-inc/,"District Court, S.D. California",1039463,https://www.courtlistener.com/opinion/1039463/association-des-eleveurs-de-canards-et-doies-du-quebec-v-harris/,Court of Appeals for the Ninth Circuit,,Association Des Eleveurs De Canards Et D'Oies Du Quebec v. Harris,"['2013 U.S. App. LEXIS 18154', '2013 WL 4615131', '729 F.3d 937']"
9620463,https://www.courtlistener.com/opinion/9620463/anderberg-v-the-hain-celestial-group-inc/,"District Court, S.D. California",1194077,https://www.courtlistener.com/opinion/1194077/manzarek-v-st-paul-fire-marine-insurance/,Court of Appeals for the Ninth Circuit,Manzarek,Manzarek v. St. Paul Fire & Marine Insurance,"['2008 WL 763385', '2008 U.S. App. LEXIS 6145', '86 U.S.P.Q. 2d (BNA) 1632', '519 F.3d 1025']"
9620463,https://www.courtlistener.com/opinion/9620463/anderberg-v-the-hain-celestial-group-inc/,"District Court, S.D. California",1243130,https://www.courtlistener.com/opinion/1243130/williams-v-gerber-products-co/,Court of Appeals for the Ninth Circuit,,Williams v. Gerber Products Co.,"['2008 WL 5273731', '2008 U.S. App. LEXIS 27421', '552 F.3d 934']"
9620463,https://www.courtlistener.com/opinion/9620463/anderberg-v-the-hain-celestial-group-inc/,"District Court, S.D. California",1450162,https://www.courtlistener.com/opinion/1450162/moss-v-us-secret-service/,Court of Appeals for the Ninth Circuit,Moss,Moss v. U.S. Secret Service,"['2009 WL 2052985', '2009 U.S. App. LEXIS 15694', '572 F.3d 962']"
9620463,https://www.courtlistener.com/opinion/9620463/anderberg-v-the-hain-celestial-group-inc/,"District Court, S.D. California",2139353,https://www.courtlistener.com/opinion/2139353/williams-v-beechnut-nutrition-corp/,California Court of Appeal,,Williams v. Beechnut Nutrition Corp.,"['1986 Cal. App. LEXIS 1994', '2 U.C.C. Rep. Serv. 2d (West) 1252', '229 Cal. Rptr. 605', '185 Cal. App. 3d 135']"
9620463,https://www.courtlistener.com/opinion/9620463/anderberg-v-the-hain-celestial-group-inc/,"District Court, S.D. California",2278412,https://www.courtlistener.com/opinion/2278412/consumer-advocates-v-echostar-satellite-corp/,California Court of Appeal,,Consumer Advocates v. Echostar Satellite Corp.,"['2003 Cal. App. LEXIS 1803', '2003 Daily Journal DAR 13203', '2003 Cal. Daily Op. Serv. 10461', '113 Cal. App. 4th 1351', '8 Cal. Rptr. 3d 22']"
9620463,https://www.courtlistener.com/opinion/9620463/anderberg-v-the-hain-celestial-group-inc/,"District Court, S.D. California",2283563,https://www.courtlistener.com/opinion/2283563/county-of-los-angeles-v-state-board-of-equalization/,California Court of Appeal,,County of Los Angeles v. State Board of Equalization,"['2003 Cal. App. LEXIS 6', '2003 Cal. Daily Op. Serv. 168', '2003 Daily Journal DAR 213', '105 Cal. App. 4th 1', '129 Cal. Rptr. 2d 209']"
9620463,https://www.courtlistener.com/opinion/9620463/anderberg-v-the-hain-celestial-group-inc/,"District Court, S.D. California",5608107,https://www.courtlistener.com/opinion/5608107/kwikset-corp-v-superior-court/,California Supreme Court,,Kwikset Corp. v. Superior Court,"['2011 Cal. LEXIS 532', '120 Cal. Rptr. 3d 741', '246 P.3d 877', '51 Cal. 4th 310']"
9620463,https://www.courtlistener.com/opinion/9620463/anderberg-v-the-hain-celestial-group-inc/,"District Court, S.D. California",5810840,https://www.courtlistener.com/opinion/5810840/klein-v-chevron-usa-inc/,California Court of Appeal,Klein,"Klein v. Chevron U.S.A., Inc.","['2012 Cal. App. LEXIS 57', '137 Cal. Rptr. 3d 293', '202 Cal. App. 4th 1342']"
9620463,https://www.courtlistener.com/opinion/9620463/anderberg-v-the-hain-celestial-group-inc/,"District Court, S.D. California",7092482,https://www.courtlistener.com/opinion/7092482/lee-v-city-of-los-angeles/,Court of Appeals for the Ninth Circuit,,Lee v. City of Los Angeles,"['2001 WL 468408', '250 F.3d 668']"
9620463,https://www.courtlistener.com/opinion/9620463/anderberg-v-the-hain-celestial-group-inc/,"District Court, S.D. California",7308938,https://www.courtlistener.com/opinion/7308938/united-states-ex-rel-modglin-v-djo-global-inc/,"District Court, C.D. California",,United States ex rel. Modglin v. DJO Global Inc.,"['2014 WL 4783575', '2014 U.S. Dist. LEXIS 139332', '48 F. Supp. 3d 1362']"
9620463,https://www.courtlistener.com/opinion/9620463/anderberg-v-the-hain-celestial-group-inc/,"District Court, S.D. California",7324900,https://www.courtlistener.com/opinion/7324900/hadley-v-kellogg-sales-co/,"District Court, N.D. California",Hadley,Hadley v. Kellogg Sales Co.,"['2017 U.S. Dist. LEXIS 40825', '2017 WL 1065293', '243 F. Supp. 3d 1074']"
9620463,https://www.courtlistener.com/opinion/9620463/anderberg-v-the-hain-celestial-group-inc/,"District Court, S.D. California",8442970,https://www.courtlistener.com/opinion/8442970/ebner-v-fresh-inc/,Court of Appeals for the Ninth Circuit,Ebner,"Ebner v. Fresh, Inc.","['2016 WL 5389307', '838 F.3d 958']"
9620463,https://www.courtlistener.com/opinion/9620463/anderberg-v-the-hain-celestial-group-inc/,"District Court, S.D. California",8699015,https://www.courtlistener.com/opinion/8699015/united-states-v-djo-global-inc/,Court of Appeals for the Ninth Circuit,,"United States v. DJO Global, Inc.","[""678 F. App'x 594""]"
9620463,https://www.courtlistener.com/opinion/9620463/anderberg-v-the-hain-celestial-group-inc/,"District Court, S.D. California",8716519,https://www.courtlistener.com/opinion/8716519/cardenas-v-nbty-inc/,"District Court, E.D. California",Cardenas,"Cardenas v. NBTY, Inc.","['2012 WL 1593196', '2012 U.S. Dist. LEXIS 63376', '870 F. Supp. 2d 984']"
9620463,https://www.courtlistener.com/opinion/9620463/anderberg-v-the-hain-celestial-group-inc/,"District Court, S.D. California",8716982,https://www.courtlistener.com/opinion/8716982/essex-v-kobach/,"District Court, D. Kansas",Essex,Essex v. Kobach,"['2012 WL 2126876', '2012 U.S. Dist. LEXIS 78936', '874 F. Supp. 2d 1069']"
9620463,https://www.courtlistener.com/opinion/9620463/anderberg-v-the-hain-celestial-group-inc/,"District Court, S.D. California",8717099,https://www.courtlistener.com/opinion/8717099/thomas-v-united-states-department-of-homeland-security/,"District Court, District of Columbia",Thomas,Thomas v. United States Department of Homeland Security,"['2012 U.S. Dist. LEXIS 85098', '876 F. Supp. 2d 1']"
9620463,https://www.courtlistener.com/opinion/9620463/anderberg-v-the-hain-celestial-group-inc/,"District Court, S.D. California",8721396,https://www.courtlistener.com/opinion/8721396/miller-v-ghirardelli-chocolate-co/,"District Court, N.D. California",,Miller v. Ghirardelli Chocolate Co.,"['2012 U.S. Dist. LEXIS 174008', '2012 WL 6096593', '912 F. Supp. 2d 861']"
9620463,https://www.courtlistener.com/opinion/9620463/anderberg-v-the-hain-celestial-group-inc/,"District Court, S.D. California",8730551,https://www.courtlistener.com/opinion/8730551/pelayo-v-nestle-usa-inc/,"District Court, C.D. California",Pelayo,"Pelayo v. Nestle USA, Inc.","['2013 U.S. Dist. LEXIS 154434', '2013 WL 5764644', '989 F. Supp. 2d 973']"
9620463,https://www.courtlistener.com/opinion/9620463/anderberg-v-the-hain-celestial-group-inc/,"District Court, S.D. California",8731416,https://www.courtlistener.com/opinion/8731416/in-re-sony-gaming-networks-customer-data-security-breach-litigation/,"District Court, S.D. California",,In re Sony Gaming Networks & Customer Data Security Breach Litigation,"['2014 U.S. Dist. LEXIS 7353', '2014 WL 223677', '82 U.C.C. Rep. Serv. 2d (West) 493', '996 F. Supp. 2d 942']"
9620463,https://www.courtlistener.com/opinion/9620463/anderberg-v-the-hain-celestial-group-inc/,"District Court, S.D. California",145730,https://www.courtlistener.com/opinion/145730/bell-atlantic-corp-v-twombly/,Supreme Court of the United States,Twombly,Bell Atlantic Corp. v. Twombly,"['75 U.S.L.W. 4337', '68 Fed. R. Serv. 3d 661', '20 Fla. L. Weekly Fed. S 267', '41 Communications Reg. (P&F) 567', '2007 U.S. LEXIS 5901', '550 U.S. 544', '127 S. Ct. 1955', '167 L. Ed. 2d 929']"
9620463,https://www.courtlistener.com/opinion/9620463/anderberg-v-the-hain-celestial-group-inc/,"District Court, S.D. California",145875,https://www.courtlistener.com/opinion/145875/ashcroft-v-iqbal/,Supreme Court of the United States,Iqbal,Ashcroft v. Iqbal,"['2009 U.S. LEXIS 3472', '556 U.S. 662', '129 S. Ct. 1937', '173 L. Ed. 2d 868']"
9620463,https://www.courtlistener.com/opinion/9620463/anderberg-v-the-hain-celestial-group-inc/,"District Court, S.D. California",673517,https://www.courtlistener.com/opinion/673517/united-states-v-omar-jahal-daggao-aka-omar-jahal-ali-daggao/,Court of Appeals for the Ninth Circuit,,"United States v. Omar Jahal Daggao, A.K.A. Omar Jahal Ali-Daggao","['1994 WL 288129', '1994 U.S. App. LEXIS 16383', '94 Cal. Daily Op. Serv. 5112', '94 Daily Journal DAR 9407', '28 F.3d 985']"
9621004,https://www.courtlistener.com/opinion/9621004/walcoff-v-innofoods-usa-inc/,"District Court, S.D. California",594,https://www.courtlistener.com/opinion/594/mayfield-v-united-states/,Court of Appeals for the Ninth Circuit,Mayfield,Mayfield v. United States,"['2010 WL 1052341', '2010 U.S. App. LEXIS 6015', '599 F.3d 964']"
9621004,https://www.courtlistener.com/opinion/9621004/walcoff-v-innofoods-usa-inc/,"District Court, S.D. California",1735,https://www.courtlistener.com/opinion/1735/hertz-corp-v-friend/,Supreme Court of the United States,Friend,Hertz Corp. v. Friend,"['2010 U.S. LEXIS 1897', '559 U.S. 77', '130 S. Ct. 1181', '175 L. Ed. 2d 1029']"
9621004,https://www.courtlistener.com/opinion/9621004/walcoff-v-innofoods-usa-inc/,"District Court, S.D. California",117845,https://www.courtlistener.com/opinion/117845/kokkonen-v-guardian-life-insurance-co-of-america/,Supreme Court of the United States,Kokkonen,Kokkonen v. Guardian Life Insurance Co. of America,"['94 Daily Journal DAR 6508', '29 Fed. R. Serv. 3d 1', '62 U.S.L.W. 4313', '94 Cal. Daily Op. Serv. 3453', '8 Fla. L. Weekly Fed. S 93', '1994 U.S. LEXIS 3767', '511 U.S. 375', '114 S. Ct. 1673', '128 L. Ed. 2d 391']"
9621004,https://www.courtlistener.com/opinion/9621004/walcoff-v-innofoods-usa-inc/,"District Court, S.D. California",181397,https://www.courtlistener.com/opinion/181397/daniels-hall-v-national-education-assn/,Court of Appeals for the Ninth Circuit,Daniels-Hall,Daniels-Hall v. National Education Ass'n,"['2010 WL 5141247', '2010 U.S. App. LEXIS 25894', '50 Employee Benefits Cas. (BNA) 1481', '629 F.3d 992']"
9621004,https://www.courtlistener.com/opinion/9621004/walcoff-v-innofoods-usa-inc/,"District Court, S.D. California",221641,https://www.courtlistener.com/opinion/221641/conservation-force-v-salazar/,Court of Appeals for the Ninth Circuit,Salazar,Conservation Force v. Salazar,"['2011 WL 2937938', '2011 U.S. App. LEXIS 15011', '646 F.3d 1240']"
9621004,https://www.courtlistener.com/opinion/9621004/walcoff-v-innofoods-usa-inc/,"District Court, S.D. California",416723,https://www.courtlistener.com/opinion/416723/richard-augustine-v-united-states/,Court of Appeals for the Ninth Circuit,,Richard Augustine v. United States,"['1983 U.S. App. LEXIS 28539', '36 Fed. R. Serv. 2d 556', '704 F.2d 1074']"
9621004,https://www.courtlistener.com/opinion/9621004/walcoff-v-innofoods-usa-inc/,"District Court, S.D. California",537184,https://www.courtlistener.com/opinion/537184/hal-roach-studios-inc-a-delaware-corporation-v-richard-feiner-and/,Court of Appeals for the Ninth Circuit,,"Hal Roach Studios, Inc., a Delaware Corporation v. Richard Feiner and Company, Inc., a New York Corporation",['896 F.2d 1542']
9621004,https://www.courtlistener.com/opinion/9621004/walcoff-v-innofoods-usa-inc/,"District Court, S.D. California",578335,https://www.courtlistener.com/opinion/578335/john-desoto-v-yellow-freight-systems-inc/,Court of Appeals for the Ninth Circuit,,"John Desoto v. Yellow Freight Systems, Inc.","['1992 WL 26919', '1992 U.S. App. LEXIS 1995', '92 Cal. Daily Op. Serv. 1344', '92 Daily Journal DAR 2205', '7 I.E.R. Cas. (BNA) 304', '957 F.2d 655']"
9621004,https://www.courtlistener.com/opinion/9621004/walcoff-v-innofoods-usa-inc/,"District Court, S.D. California",629021,https://www.courtlistener.com/opinion/629021/kenneth-sarsha-plaintiff-appellant-v-sears-roebuck-company/,Court of Appeals for the Seventh Circuit,,"Kenneth SARSHA, Plaintiff-Appellant, v. SEARS, ROEBUCK & COMPANY, Defendant-Appellee","['1993 WL 318901', '3 F.3d 1035']"
9621004,https://www.courtlistener.com/opinion/9621004/walcoff-v-innofoods-usa-inc/,"District Court, S.D. California",666921,https://www.courtlistener.com/opinion/666921/united-states-of-america-appellee-v-andrew-j-crawford-appellant/,Court of Appeals for the Eighth Circuit,,"UNITED STATES of America, Appellee, v. Andrew J. CRAWFORD, Appellant","['1994 WL 111482', '1994 U.S. App. LEXIS 6453', '20 F.3d 933']"
9621004,https://www.courtlistener.com/opinion/9621004/walcoff-v-innofoods-usa-inc/,"District Court, S.D. California",685125,https://www.courtlistener.com/opinion/685125/in-re-glenfed-inc-securities-litigation/,Court of Appeals for the Ninth Circuit,,"In Re Glenfed, Inc. Securities Litigation","['1994 U.S. App. LEXIS 34334', '30 Fed. R. Serv. 3d 1416', '94 Daily Journal DAR 17350', '94 Cal. Daily Op. Serv. 9372', '42 F.3d 1541']"
9621004,https://www.courtlistener.com/opinion/9621004/walcoff-v-innofoods-usa-inc/,"District Court, S.D. California",793032,https://www.courtlistener.com/opinion/793032/benak-v-alliance-capital-management/,Court of Appeals for the Third Circuit,,Benak v. Alliance Capital Management,"['2006 U.S. App. LEXIS 819', '435 F.3d 396']"
9621004,https://www.courtlistener.com/opinion/9621004/walcoff-v-innofoods-usa-inc/,"District Court, S.D. California",802191,https://www.courtlistener.com/opinion/802191/james-harris-v-lee-rand/,Court of Appeals for the Ninth Circuit,,James Harris v. Lee Rand,"['2012 U.S. App. LEXIS 11964', '2012 WL 2126060', '82 Fed. R. Serv. 3d 884', '682 F.3d 846']"
9621004,https://www.courtlistener.com/opinion/9621004/walcoff-v-innofoods-usa-inc/,"District Court, S.D. California",1033939,https://www.courtlistener.com/opinion/1033939/david-pride-jr-v-m-correa/,Court of Appeals for the Ninth Circuit,,"David Pride, Jr. v. M. Correa","['533 Fed. Appx. 745', '2013 U.S. App. LEXIS 14353', '2013 WL 3648587', '719 F.3d 1130']"
9621004,https://www.courtlistener.com/opinion/9621004/walcoff-v-innofoods-usa-inc/,"District Court, S.D. California",1208595,https://www.courtlistener.com/opinion/1208595/kearns-v-ford-motor-co/,Court of Appeals for the Ninth Circuit,Kearns,Kearns v. Ford Motor Co.,"['2009 WL 1578535', '2009 U.S. App. LEXIS 12289', '73 Fed. R. Serv. 3d 1168', '567 F.3d 1120']"
9621004,https://www.courtlistener.com/opinion/9621004/walcoff-v-innofoods-usa-inc/,"District Court, S.D. California",1543780,https://www.courtlistener.com/opinion/1543780/kreiner-v-united-states/,Court of Appeals for the Second Circuit,Kreiner,Kreiner v. United States,"['1926 U.S. App. LEXIS 2590', '11 F.2d 722']"
9621004,https://www.courtlistener.com/opinion/9621004/walcoff-v-innofoods-usa-inc/,"District Court, S.D. California",1562342,https://www.courtlistener.com/opinion/1562342/allen-v-united-states/,Court of Appeals for the Seventh Circuit,Allen,Allen v. United States,"['1924 U.S. App. LEXIS 2361', '4 F.2d 688']"
9621004,https://www.courtlistener.com/opinion/9621004/walcoff-v-innofoods-usa-inc/,"District Court, S.D. California",1601351,https://www.courtlistener.com/opinion/1601351/peterson-v-harville/,"District Court, D. Oregon",Peterson,Peterson v. Harville,"['1977 U.S. Dist. LEXIS 13131', '445 F. Supp. 16']"
9621004,https://www.courtlistener.com/opinion/9621004/walcoff-v-innofoods-usa-inc/,"District Court, S.D. California",2165170,https://www.courtlistener.com/opinion/2165170/nibbi-brothers-inc-v-home-federal-savings-loan-assn/,California Court of Appeal,,"Nibbi Brothers, Inc. v. Home Federal Savings & Loan Ass'n","['253 Cal. Rptr. 289', '205 Cal. App. 3d 1415']"
9621004,https://www.courtlistener.com/opinion/9621004/walcoff-v-innofoods-usa-inc/,"District Court, S.D. California",2376183,https://www.courtlistener.com/opinion/2376183/brodsky-v-yahoo-inc/,"District Court, N.D. California",Brodsky,Brodsky v. Yahoo! Inc.,"['2009 WL 1766002', '2009 U.S. Dist. LEXIS 51281', '73 Fed. R. Serv. 3d 1546', '630 F. Supp. 2d 1104']"
9621004,https://www.courtlistener.com/opinion/9621004/walcoff-v-innofoods-usa-inc/,"District Court, S.D. California",2426441,https://www.courtlistener.com/opinion/2426441/anunziato-v-emachines-inc/,"District Court, C.D. California",Anunziato,"Anunziato v. eMachines, Inc.","['2005 WL 3263892', '402 F. Supp. 2d 1133']"
9621004,https://www.courtlistener.com/opinion/9621004/walcoff-v-innofoods-usa-inc/,"District Court, S.D. California",2473575,https://www.courtlistener.com/opinion/2473575/in-re-bare-escentuals-inc-securities-litigation/,"District Court, N.D. California","In Re Bare Escentuals, Inc. Securities Litigation","In Re Bare Escentuals, Inc. Securities Litigation","['2010 WL 3893622', '2010 U.S. Dist. LEXIS 103612', '745 F. Supp. 2d 1052']"
9621004,https://www.courtlistener.com/opinion/9621004/walcoff-v-innofoods-usa-inc/,"District Court, S.D. California",2641355,https://www.courtlistener.com/opinion/2641355/seven-arts-filmed-entertainmen-v-content-media-corporation-plc/,Court of Appeals for the Ninth Circuit,,Seven Arts Filmed Entertainmen v. Content Media Corporation Plc,"['2013 U.S. App. LEXIS 22517', '2013 WL 5928356', '108 U.S.P.Q. 2d (BNA) 1557', '733 F.3d 1251']"
9621004,https://www.courtlistener.com/opinion/9621004/walcoff-v-innofoods-usa-inc/,"District Court, S.D. California",2671500,https://www.courtlistener.com/opinion/2671500/douglas-leite-v-crane-company/,Court of Appeals for the Ninth Circuit,,Douglas Leite v. Crane Company,"['2014 WL 1646924', '749 F.3d 1117']"
9621004,https://www.courtlistener.com/opinion/9621004/walcoff-v-innofoods-usa-inc/,"District Court, S.D. California",2793927,https://www.courtlistener.com/opinion/2793927/manuel-ortega-melendres-v-joseph-arpaio/,Court of Appeals for the Ninth Circuit,,Manuel Ortega Melendres v. Joseph Arpaio,['784 F.3d 1254']
9621004,https://www.courtlistener.com/opinion/9621004/walcoff-v-innofoods-usa-inc/,"District Court, S.D. California",2961257,https://www.courtlistener.com/opinion/2961257/pulaski-middleman-llc-v-google-inc/,Court of Appeals for the Ninth Circuit,,"Pulaski & Middleman, LLC v. Google, Inc.","['2015 WL 5515617', '2015 U.S. App. LEXIS 16723', '92 Fed. R. Serv. 3d 1200', '802 F.3d 979']"
9621004,https://www.courtlistener.com/opinion/9621004/walcoff-v-innofoods-usa-inc/,"District Court, S.D. California",5607980,https://www.courtlistener.com/opinion/5607980/kasky-v-nike-inc/,California Supreme Court,Kasky,"Kasky v. Nike, Inc.","['45 P.3d 243', '27 Cal. 4th 939']"
9621004,https://www.courtlistener.com/opinion/9621004/walcoff-v-innofoods-usa-inc/,"District Court, S.D. California",7037080,https://www.courtlistener.com/opinion/7037080/bland-v-fessler/,Court of Appeals for the Ninth Circuit,Bland,Bland v. Fessler,"['1996 WL 363612', '88 F.3d 729']"
9621004,https://www.courtlistener.com/opinion/9621004/walcoff-v-innofoods-usa-inc/,"District Court, S.D. California",7064365,https://www.courtlistener.com/opinion/7064365/steckman-v-hart-brewing-inc/,Court of Appeals for the Ninth Circuit,Steckman,"Steckman v. Hart Brewing, Inc.","['1998 WL 239417', '1998 U.S. App. LEXIS 9693', '98 Cal. Daily Op. Serv. 3660', '98 Daily Journal DAR 5047', '143 F.3d 1293']"
9621004,https://www.courtlistener.com/opinion/9621004/walcoff-v-innofoods-usa-inc/,"District Court, S.D. California",7082005,https://www.courtlistener.com/opinion/7082005/white-v-lee/,Court of Appeals for the Ninth Circuit,White,White v. Lee,"['2000 WL 1407125', '2000 U.S. App. LEXIS 23778', '2000 Cal. Daily Op. Serv. 7958', '2000 Daily Journal DAR 10557', '227 F.3d 1214']"
9621004,https://www.courtlistener.com/opinion/9621004/walcoff-v-innofoods-usa-inc/,"District Court, S.D. California",7085931,https://www.courtlistener.com/opinion/7085931/bly-magee-v-california/,Court of Appeals for the Ninth Circuit,Bly-Magee,Bly-Magee v. California,"['2001 WL 2078', '236 F.3d 1014']"
9621004,https://www.courtlistener.com/opinion/9621004/walcoff-v-innofoods-usa-inc/,"District Court, S.D. California",7092494,https://www.courtlistener.com/opinion/7092494/navarro-v-block/,Court of Appeals for the Ninth Circuit,Navarro,Navarro v. Block,"['2001 WL 498270', '250 F.3d 729']"
9621004,https://www.courtlistener.com/opinion/9621004/walcoff-v-innofoods-usa-inc/,"District Court, S.D. California",7110394,https://www.courtlistener.com/opinion/7110394/vess-v-ciba-geigy-corp-usa/,Court of Appeals for the Ninth Circuit,Vess,Vess v. Ciba-Geigy Corp. USA,"['2003 WL 203124', '317 F.3d 1097']"
9621004,https://www.courtlistener.com/opinion/9621004/walcoff-v-innofoods-usa-inc/,"District Court, S.D. California",7311373,https://www.courtlistener.com/opinion/7311373/in-re-carrier-iq-inc/,"District Court, N.D. California",,"In re Carrier IQ, Inc.","['2015 WL 274054', '2015 U.S. Dist. LEXIS 7123', '85 U.C.C. Rep. Serv. 2d (West) 568', '78 F. Supp. 3d 1051']"
9621004,https://www.courtlistener.com/opinion/9621004/walcoff-v-innofoods-usa-inc/,"District Court, S.D. California",7312320,https://www.courtlistener.com/opinion/7312320/in-re-conagra-foods-inc/,"District Court, C.D. California",,"In re Conagra Foods, Inc.","['2015 WL 1062756', '2015 U.S. Dist. LEXIS 24971', '90 F. Supp. 3d 919']"
9621004,https://www.courtlistener.com/opinion/9621004/walcoff-v-innofoods-usa-inc/,"District Court, S.D. California",7314359,https://www.courtlistener.com/opinion/7314359/senne-v-kansas-city-royals-baseball-corp/,"District Court, N.D. California",Senne,Senne v. Kansas City Royals Baseball Corp.,"['2015 WL 4240716', '2015 U.S. Dist. LEXIS 91147', '25 Wage & Hour Cas.2d (BNA) 1066', '114 F. Supp. 3d 906']"
9621004,https://www.courtlistener.com/opinion/9621004/walcoff-v-innofoods-usa-inc/,"District Court, S.D. California",7324900,https://www.courtlistener.com/opinion/7324900/hadley-v-kellogg-sales-co/,"District Court, N.D. California",Hadley,Hadley v. Kellogg Sales Co.,"['2017 U.S. Dist. LEXIS 40825', '2017 WL 1065293', '243 F. Supp. 3d 1074']"
9621004,https://www.courtlistener.com/opinion/9621004/walcoff-v-innofoods-usa-inc/,"District Court, S.D. California",8442970,https://www.courtlistener.com/opinion/8442970/ebner-v-fresh-inc/,Court of Appeals for the Ninth Circuit,Ebner,"Ebner v. Fresh, Inc.","['2016 WL 5389307', '838 F.3d 958']"
9621004,https://www.courtlistener.com/opinion/9621004/walcoff-v-innofoods-usa-inc/,"District Court, S.D. California",8715132,https://www.courtlistener.com/opinion/8715132/lam-v-general-mills-inc/,"District Court, N.D. California",Lam,"Lam v. General Mills, Inc.","['2012 U.S. Dist. LEXIS 65815', '2012 WL 1656731', '77 U.C.C. Rep. Serv. 2d (West) 595', '859 F. Supp. 2d 1097']"
9621004,https://www.courtlistener.com/opinion/9621004/walcoff-v-innofoods-usa-inc/,"District Court, S.D. California",8991601,https://www.courtlistener.com/opinion/8991601/reddy-v-litton-industries-inc/,Court of Appeals for the Ninth Circuit,Reddy,"Reddy v. Litton Industries, Inc.","['1990 WL 118103', '1990 U.S. App. LEXIS 14100', '912 F.2d 291']"
9621004,https://www.courtlistener.com/opinion/9621004/walcoff-v-innofoods-usa-inc/,"District Court, S.D. California",9022504,https://www.courtlistener.com/opinion/9022504/davidson-v-kimberly-clark-corp/,Court of Appeals for the Ninth Circuit,Davidson,Davidson v. Kimberly-Clark Corp.,['889 F.3d 956']
9621004,https://www.courtlistener.com/opinion/9621004/walcoff-v-innofoods-usa-inc/,"District Court, S.D. California",109462,https://www.courtlistener.com/opinion/109462/simon-v-eastern-kentucky-welfare-rights-organization/,Supreme Court of the United States,Simon,Simon v. Eastern Kentucky Welfare Rights Organization,"['38 A.F.T.R.2d (RIA) 5027', '1976 U.S. LEXIS 152', '426 U.S. 26', '96 S. Ct. 1917', '48 L. Ed. 2d 450']"
9621004,https://www.courtlistener.com/opinion/9621004/walcoff-v-innofoods-usa-inc/,"District Court, S.D. California",110916,https://www.courtlistener.com/opinion/110916/city-of-los-angeles-v-lyons/,Supreme Court of the United States,Lyons,City of Los Angeles v. Lyons,"['51 U.S.L.W. 4424', '1983 U.S. LEXIS 152', '461 U.S. 95', '103 S. Ct. 1660', '75 L. Ed. 2d 675']"
9621004,https://www.courtlistener.com/opinion/9621004/walcoff-v-innofoods-usa-inc/,"District Court, S.D. California",112747,https://www.courtlistener.com/opinion/112747/lujan-v-defenders-of-wildlife/,Supreme Court of the United States,Lujan,Lujan v. Defenders of Wildlife,"['34 ERC (BNA) 1785', '22 Envtl. L. Rep. (Envtl. Law Inst.) 20913', '6 Fla. L. Weekly Fed. S 374', '92 Daily Journal DAR 8967', '92 Cal. Daily Op. Serv. 4985', '60 U.S.L.W. 4495', '1992 U.S. LEXIS 3543', '504 U.S. 555', '112 S. Ct. 2130', '119 L. Ed. 2d 351']"
9621004,https://www.courtlistener.com/opinion/9621004/walcoff-v-innofoods-usa-inc/,"District Court, S.D. California",118329,https://www.courtlistener.com/opinion/118329/friends-of-the-earth-inc-v-laidlaw-environmental-services-toc-inc/,Supreme Court of the United States,Friends of Earth,"Friends of the Earth, Inc. v. Laidlaw Environmental Services (TOC), Inc.","['49 ERC (BNA) 1769', '2000 Cal. Daily Op. Serv. 289', '163 A.L.R. Fed. 749', '30 Envtl. L. Rep. (Envtl. Law Inst.) 20246', '1999 Colo. J. C.A.R. 142', '2000 Daily Journal DAR 375', '13 Fla. L. Weekly Fed. S 37', '2000 U.S. LEXIS 501', '528 U.S. 167', '120 S. Ct. 693', '145 L. Ed. 2d 610']"
9621004,https://www.courtlistener.com/opinion/9621004/walcoff-v-innofoods-usa-inc/,"District Court, S.D. California",145658,https://www.courtlistener.com/opinion/145658/daimlerchrysler-corp-v-cuno/,Supreme Court of the United States,Cuno,DaimlerChrysler Corp. v. Cuno,"['2006 U.S. LEXIS 3956', '547 U.S. 332', '126 S. Ct. 1854', '164 L. Ed. 2d 589']"
9621004,https://www.courtlistener.com/opinion/9621004/walcoff-v-innofoods-usa-inc/,"District Court, S.D. California",145730,https://www.courtlistener.com/opinion/145730/bell-atlantic-corp-v-twombly/,Supreme Court of the United States,Twombly,Bell Atlantic Corp. v. Twombly,"['75 U.S.L.W. 4337', '68 Fed. R. Serv. 3d 661', '20 Fla. L. Weekly Fed. S 267', '41 Communications Reg. (P&F) 567', '2007 U.S. LEXIS 5901', '550 U.S. 544', '127 S. Ct. 1955', '167 L. Ed. 2d 929']"
9621004,https://www.courtlistener.com/opinion/9621004/walcoff-v-innofoods-usa-inc/,"District Court, S.D. California",145875,https://www.courtlistener.com/opinion/145875/ashcroft-v-iqbal/,Supreme Court of the United States,Iqbal,Ashcroft v. Iqbal,"['2009 U.S. LEXIS 3472', '556 U.S. 662', '129 S. Ct. 1937', '173 L. Ed. 2d 868']"
9621004,https://www.courtlistener.com/opinion/9621004/walcoff-v-innofoods-usa-inc/,"District Court, S.D. California",145904,https://www.courtlistener.com/opinion/145904/summers-v-earth-island-institute/,Supreme Court of the United States,Summers,Summers v. Earth Island Institute,"['21 Fla. L. Weekly Fed. S 670', '2009 U.S. LEXIS 1769', '555 U.S. 488', '129 S. Ct. 1142', '173 L. Ed. 2d 1']"
9621004,https://www.courtlistener.com/opinion/9621004/walcoff-v-innofoods-usa-inc/,"District Court, S.D. California",1189218,https://www.courtlistener.com/opinion/1189218/leoni-v-state-bar/,California Supreme Court,Leoni,Leoni v. State Bar,"['1985 Cal. LEXIS 325', '217 Cal. Rptr. 423', '39 Cal. 3d 609', '704 P.2d 183']"
9621004,https://www.courtlistener.com/opinion/9621004/walcoff-v-innofoods-usa-inc/,"District Court, S.D. California",1356300,https://www.courtlistener.com/opinion/1356300/von-saher-v-norton-simon-museum-of-art-at-pasadena/,Court of Appeals for the Ninth Circuit,,Von Saher v. Norton Simon Museum of Art at Pasadena,"['2010 WL 114959', '2010 U.S. App. LEXIS 1018', '592 F.3d 954']"
9621004,https://www.courtlistener.com/opinion/9621004/walcoff-v-innofoods-usa-inc/,"District Court, S.D. California",2283365,https://www.courtlistener.com/opinion/2283365/lavie-v-procter-gamble-co/,California Court of Appeal,Lavie,Lavie v. Procter & Gamble Co.,"['2003 Cal. App. LEXIS 71', '2003 Cal. Daily Op. Serv. 612', '2003 Daily Journal DAR 699', '105 Cal. App. 4th 496', '129 Cal. Rptr. 2d 486']"
9621004,https://www.courtlistener.com/opinion/9621004/walcoff-v-innofoods-usa-inc/,"District Court, S.D. California",3203762,https://www.courtlistener.com/opinion/3203762/spokeo-inc-v-robins/,Supreme Court of the United States,Spokeo,"Spokeo, Inc. v. Robins","['100 Empl. Prac. Dec. (CCH) 45,556', '26 Fla. L. Weekly Fed. S 128', '84 U.S.L.W. 4263', '2016 U.S. LEXIS 3046', '136 S. Ct. 1540', '194 L. Ed. 2d 635']"
9621004,https://www.courtlistener.com/opinion/9621004/walcoff-v-innofoods-usa-inc/,"District Court, S.D. California",4401098,https://www.courtlistener.com/opinion/4401098/snyder-associates-acquisitions-llc-v-united-states/,Court of Appeals for the Ninth Circuit,,Snyder & Associates Acquisitions LLC v. United States,"['2017 U.S. App. LEXIS 10696', '119 A.F.T.R.2d (RIA) 2017', '2017 WL 2603979', '859 F.3d 1152']"
9621532,https://www.courtlistener.com/opinion/9621532/corpuz-v-walmart-inc/,"District Court, S.D. California",85412,https://www.courtlistener.com/opinion/85412/gibbons-v-ogden/,Supreme Court of the United States,Gibbons,Gibbons v. Ogden,"['1824 U.S. LEXIS 370', '9 Wheat. 1', '6 L. Ed. 23', '22 U.S. 1']"
9621532,https://www.courtlistener.com/opinion/9621532/corpuz-v-walmart-inc/,"District Court, S.D. California",181397,https://www.courtlistener.com/opinion/181397/daniels-hall-v-national-education-assn/,Court of Appeals for the Ninth Circuit,Daniels-Hall,Daniels-Hall v. National Education Ass'n,"['2010 WL 5141247', '2010 U.S. App. LEXIS 25894', '50 Employee Benefits Cas. (BNA) 1481', '629 F.3d 992']"
9621532,https://www.courtlistener.com/opinion/9621532/corpuz-v-walmart-inc/,"District Court, S.D. California",660277,https://www.courtlistener.com/opinion/660277/richard-l-barron-linda-m-barron-v-robert-reich-department-of-labor/,Court of Appeals for the Ninth Circuit,,Richard L. Barron Linda M. Barron v. Robert Reich Department of Labor Robert Kelley,"['1994 WL 6619', '13 F.3d 1370']"
9621532,https://www.courtlistener.com/opinion/9621532/corpuz-v-walmart-inc/,"District Court, S.D. California",807798,https://www.courtlistener.com/opinion/807798/gary-davis-v-hsbc-bank-nevada-na/,Court of Appeals for the Ninth Circuit,,"Gary Davis v. Hsbc Bank Nevada, N.A.","['2012 U.S. App. LEXIS 18503', '2012 WL 3804370', '691 F.3d 1152']"
9621532,https://www.courtlistener.com/opinion/9621532/corpuz-v-walmart-inc/,"District Court, S.D. California",1036211,https://www.courtlistener.com/opinion/1036211/rose-v-bank-of-america/,California Supreme Court,Rose,Rose v. Bank of America,"['2013 Cal. LEXIS 6521', '2013 WL 3942612', '159 Cal. Rptr. 3d 693', '304 P.3d 181', '57 Cal. 4th 390']"
9621532,https://www.courtlistener.com/opinion/9621532/corpuz-v-walmart-inc/,"District Court, S.D. California",1194077,https://www.courtlistener.com/opinion/1194077/manzarek-v-st-paul-fire-marine-insurance/,Court of Appeals for the Ninth Circuit,Manzarek,Manzarek v. St. Paul Fire & Marine Insurance,"['2008 WL 763385', '2008 U.S. App. LEXIS 6145', '86 U.S.P.Q. 2d (BNA) 1632', '519 F.3d 1025']"
9621532,https://www.courtlistener.com/opinion/9621532/corpuz-v-walmart-inc/,"District Court, S.D. California",1243130,https://www.courtlistener.com/opinion/1243130/williams-v-gerber-products-co/,Court of Appeals for the Ninth Circuit,,Williams v. Gerber Products Co.,"['2008 WL 5273731', '2008 U.S. App. LEXIS 27421', '552 F.3d 934']"
9621532,https://www.courtlistener.com/opinion/9621532/corpuz-v-walmart-inc/,"District Court, S.D. California",1405166,https://www.courtlistener.com/opinion/1405166/chae-v-slm-corp/,Court of Appeals for the Ninth Circuit,Chae,Chae v. SLM Corp.,"['2010 WL 253215', '2010 U.S. App. LEXIS 1524', '593 F.3d 936']"
9621532,https://www.courtlistener.com/opinion/9621532/corpuz-v-walmart-inc/,"District Court, S.D. California",1405974,https://www.courtlistener.com/opinion/1405974/coto-settlement-v-eisenberg/,Court of Appeals for the Ninth Circuit,Eisenberg,Coto Settlement v. Eisenberg,"['2010 WL 323497', '2010 U.S. App. LEXIS 1999', '593 F.3d 1031']"
9621532,https://www.courtlistener.com/opinion/9621532/corpuz-v-walmart-inc/,"District Court, S.D. California",1450162,https://www.courtlistener.com/opinion/1450162/moss-v-us-secret-service/,Court of Appeals for the Ninth Circuit,Moss,Moss v. U.S. Secret Service,"['2009 WL 2052985', '2009 U.S. App. LEXIS 15694', '572 F.3d 962']"
9621532,https://www.courtlistener.com/opinion/9621532/corpuz-v-walmart-inc/,"District Court, S.D. California",2139353,https://www.courtlistener.com/opinion/2139353/williams-v-beechnut-nutrition-corp/,California Court of Appeal,,Williams v. Beechnut Nutrition Corp.,"['1986 Cal. App. LEXIS 1994', '2 U.C.C. Rep. Serv. 2d (West) 1252', '229 Cal. Rptr. 605', '185 Cal. App. 3d 135']"
9621532,https://www.courtlistener.com/opinion/9621532/corpuz-v-walmart-inc/,"District Court, S.D. California",2275753,https://www.courtlistener.com/opinion/2275753/morgan-v-att-wireless-services-inc/,California Court of Appeal,Morgan,"Morgan v. AT&T Wireless Services, Inc.","['2009 Cal. App. LEXIS 1569', '48 Communications Reg. (P&F) 795', '99 Cal. Rptr. 3d 768', '177 Cal. App. 4th 1235']"
9621532,https://www.courtlistener.com/opinion/9621532/corpuz-v-walmart-inc/,"District Court, S.D. California",2278412,https://www.courtlistener.com/opinion/2278412/consumer-advocates-v-echostar-satellite-corp/,California Court of Appeal,,Consumer Advocates v. Echostar Satellite Corp.,"['2003 Cal. App. LEXIS 1803', '2003 Daily Journal DAR 13203', '2003 Cal. Daily Op. Serv. 10461', '113 Cal. App. 4th 1351', '8 Cal. Rptr. 3d 22']"
9621532,https://www.courtlistener.com/opinion/9621532/corpuz-v-walmart-inc/,"District Court, S.D. California",2283481,https://www.courtlistener.com/opinion/2283481/people-v-anson/,California Court of Appeal,Anson,People v. Anson,"['105 Cal. App. 4th 22', '129 Cal. Rptr. 2d 124']"
9621532,https://www.courtlistener.com/opinion/9621532/corpuz-v-walmart-inc/,"District Court, S.D. California",2622966,https://www.courtlistener.com/opinion/2622966/farm-raised-salmon-cases/,California Supreme Court,In Re Farm Raised Salmon Cases,Farm Raised Salmon Cases,"['2008 Cal. LEXIS 1413', '42 Cal. 4th 1077', '72 Cal. Rptr. 3d 112', '175 P.3d 1170']"
9621532,https://www.courtlistener.com/opinion/9621532/corpuz-v-walmart-inc/,"District Court, S.D. California",5596066,https://www.courtlistener.com/opinion/5596066/people-v-lynch/,California Supreme Court,,People v. Lynch,['51 Cal. 15']
9621532,https://www.courtlistener.com/opinion/9621532/corpuz-v-walmart-inc/,"District Court, S.D. California",5809491,https://www.courtlistener.com/opinion/5809491/linear-technology-corp-v-applied-materials-inc/,California Court of Appeal,,"Linear Technology Corp. v. Applied Materials, Inc.","['2007 Cal. App. LEXIS 1000', '63 U.C.C. Rep. Serv. 2d (West) 407', '61 Cal. Rptr. 3d 221', '152 Cal. App. 4th 115']"
9621532,https://www.courtlistener.com/opinion/9621532/corpuz-v-walmart-inc/,"District Court, S.D. California",7026858,https://www.courtlistener.com/opinion/7026858/reich-v-local-30-international-brotherhood-of-teamsters/,Court of Appeals for the Third Circuit,Reich,"Reich v. Local 30, International Brotherhood of Teamsters",['6 F.3d 978']
9621532,https://www.courtlistener.com/opinion/9621532/corpuz-v-walmart-inc/,"District Court, S.D. California",7060249,https://www.courtlistener.com/opinion/7060249/cooper-v-pickett/,Court of Appeals for the Ninth Circuit,Cooper,Cooper v. Pickett,"['1997 WL 835300', '137 F.3d 616']"
9621532,https://www.courtlistener.com/opinion/9621532/corpuz-v-walmart-inc/,"District Court, S.D. California",7064472,https://www.courtlistener.com/opinion/7064472/nutritional-health-alliance-v-shalala/,Court of Appeals for the Second Circuit,Shalala,Nutritional Health Alliance v. Shalala,"['1998 WL 244330', '144 F.3d 220']"
9621532,https://www.courtlistener.com/opinion/9621532/corpuz-v-walmart-inc/,"District Court, S.D. California",7092482,https://www.courtlistener.com/opinion/7092482/lee-v-city-of-los-angeles/,Court of Appeals for the Ninth Circuit,,Lee v. City of Los Angeles,"['2001 WL 468408', '250 F.3d 668']"
9621532,https://www.courtlistener.com/opinion/9621532/corpuz-v-walmart-inc/,"District Court, S.D. California",7110394,https://www.courtlistener.com/opinion/7110394/vess-v-ciba-geigy-corp-usa/,Court of Appeals for the Ninth Circuit,Vess,Vess v. Ciba-Geigy Corp. USA,"['2003 WL 203124', '317 F.3d 1097']"
9621532,https://www.courtlistener.com/opinion/9621532/corpuz-v-walmart-inc/,"District Court, S.D. California",7310810,https://www.courtlistener.com/opinion/7310810/ham-v-hain-celestial-group-inc/,"District Court, N.D. California",Ham,"Ham v. Hain Celestial Group, Inc.","['2014 WL 4965959', '2014 U.S. Dist. LEXIS 141157', '70 F. Supp. 3d 1188']"
9621532,https://www.courtlistener.com/opinion/9621532/corpuz-v-walmart-inc/,"District Court, S.D. California",7314276,https://www.courtlistener.com/opinion/7314276/trazo-v-nestle-usa-inc/,"District Court, N.D. California",Trazo,"Trazo v. Nestlé USA, Inc.","['2015 WL 4196973', '113 F. Supp. 3d 1047']"
9621532,https://www.courtlistener.com/opinion/9621532/corpuz-v-walmart-inc/,"District Court, S.D. California",7316910,https://www.courtlistener.com/opinion/7316910/sandoval-v-pharmacare-us-inc/,"District Court, S.D. California",Sandoval,"Sandoval v. PharmaCare US, Inc.","['2015 WL 7351512', '2015 U.S. Dist. LEXIS 157108', '145 F. Supp. 3d 986']"
9621532,https://www.courtlistener.com/opinion/9621532/corpuz-v-walmart-inc/,"District Court, S.D. California",7318500,https://www.courtlistener.com/opinion/7318500/spy-optic-inc-v-alibabacom-inc/,"District Court, C.D. California",,"Spy Optic, Inc. v. Alibaba.com, Inc.","['2015 U.S. Dist. LEXIS 158600', '2015 WL 7303763', '163 F. Supp. 3d 755']"
9621532,https://www.courtlistener.com/opinion/9621532/corpuz-v-walmart-inc/,"District Court, S.D. California",7324900,https://www.courtlistener.com/opinion/7324900/hadley-v-kellogg-sales-co/,"District Court, N.D. California",Hadley,Hadley v. Kellogg Sales Co.,"['2017 U.S. Dist. LEXIS 40825', '2017 WL 1065293', '243 F. Supp. 3d 1074']"
9621532,https://www.courtlistener.com/opinion/9621532/corpuz-v-walmart-inc/,"District Court, S.D. California",8442970,https://www.courtlistener.com/opinion/8442970/ebner-v-fresh-inc/,Court of Appeals for the Ninth Circuit,Ebner,"Ebner v. Fresh, Inc.","['2016 WL 5389307', '838 F.3d 958']"
9621532,https://www.courtlistener.com/opinion/9621532/corpuz-v-walmart-inc/,"District Court, S.D. California",8725234,https://www.courtlistener.com/opinion/8725234/viggiano-v-hansen-natural-corp/,"District Court, C.D. California",Viggiano,Viggiano v. Hansen Natural Corp.,"['2013 WL 2005430', '2013 U.S. Dist. LEXIS 70003', '80 U.C.C. Rep. Serv. 2d (West) 798', '944 F. Supp. 2d 877']"
9621532,https://www.courtlistener.com/opinion/9621532/corpuz-v-walmart-inc/,"District Court, S.D. California",8730551,https://www.courtlistener.com/opinion/8730551/pelayo-v-nestle-usa-inc/,"District Court, C.D. California",Pelayo,"Pelayo v. Nestle USA, Inc.","['2013 U.S. Dist. LEXIS 154434', '2013 WL 5764644', '989 F. Supp. 2d 973']"
9621532,https://www.courtlistener.com/opinion/9621532/corpuz-v-walmart-inc/,"District Court, S.D. California",8731416,https://www.courtlistener.com/opinion/8731416/in-re-sony-gaming-networks-customer-data-security-breach-litigation/,"District Court, S.D. California",,In re Sony Gaming Networks & Customer Data Security Breach Litigation,"['2014 U.S. Dist. LEXIS 7353', '2014 WL 223677', '82 U.C.C. Rep. Serv. 2d (West) 493', '996 F. Supp. 2d 942']"
9621532,https://www.courtlistener.com/opinion/9621532/corpuz-v-walmart-inc/,"District Court, S.D. California",118055,https://www.courtlistener.com/opinion/118055/medtronic-inc-v-lohr/,Supreme Court of the United States,Lohr,"Medtronic, Inc. v. Lohr","['1996 U.S. LEXIS 4260', '518 U.S. 470', '116 S. Ct. 2240', '135 L. Ed. 2d 700']"
9621532,https://www.courtlistener.com/opinion/9621532/corpuz-v-walmart-inc/,"District Court, S.D. California",145730,https://www.courtlistener.com/opinion/145730/bell-atlantic-corp-v-twombly/,Supreme Court of the United States,Twombly,Bell Atlantic Corp. v. Twombly,"['75 U.S.L.W. 4337', '68 Fed. R. Serv. 3d 661', '20 Fla. L. Weekly Fed. S 267', '41 Communications Reg. (P&F) 567', '2007 U.S. LEXIS 5901', '550 U.S. 544', '127 S. Ct. 1955', '167 L. Ed. 2d 929']"
9621532,https://www.courtlistener.com/opinion/9621532/corpuz-v-walmart-inc/,"District Court, S.D. California",145875,https://www.courtlistener.com/opinion/145875/ashcroft-v-iqbal/,Supreme Court of the United States,Iqbal,Ashcroft v. Iqbal,"['2009 U.S. LEXIS 3472', '556 U.S. 662', '129 S. Ct. 1937', '173 L. Ed. 2d 868']"
9621752,https://www.courtlistener.com/opinion/9621752/vashisht-rota-v-ottawa-university/,"District Court, S.D. California",773312,https://www.courtlistener.com/opinion/773312/lee-v-city-of-los-angeles/,Court of Appeals for the Ninth Circuit,,Lee v. City Of Los Angeles,"['2001 U.S. App. LEXIS 8150', '56 Fed. R. Serv. 698', '2001 Daily Journal DAR 4351', '2001 Cal. Daily Op. Serv. 3507', '250 F.3d 668']"
9621752,https://www.courtlistener.com/opinion/9621752/vashisht-rota-v-ottawa-university/,"District Court, S.D. California",794296,https://www.courtlistener.com/opinion/794296/moran-v-selig/,Court of Appeals for the Ninth Circuit,Moran,Moran v. Selig,"['2006 WL 1229122', '97 Fair Empl. Prac. Cas. (BNA) 1825', '87 Empl. Prac. Dec. (CCH) 42,351', '2006 U.S. App. LEXIS 11464', '447 F.3d 748']"
9621752,https://www.courtlistener.com/opinion/9621752/vashisht-rota-v-ottawa-university/,"District Court, S.D. California",807798,https://www.courtlistener.com/opinion/807798/gary-davis-v-hsbc-bank-nevada-na/,Court of Appeals for the Ninth Circuit,,"Gary Davis v. Hsbc Bank Nevada, N.A.","['2012 U.S. App. LEXIS 18503', '2012 WL 3804370', '691 F.3d 1152']"
9621752,https://www.courtlistener.com/opinion/9621752/vashisht-rota-v-ottawa-university/,"District Court, S.D. California",811260,https://www.courtlistener.com/opinion/811260/javiad-akhtar-v-j-mesa/,Court of Appeals for the Ninth Circuit,,Javiad Akhtar v. J. Mesa,"['2012 U.S. App. LEXIS 22701', '2012 WL 5383038', '698 F.3d 1202']"
9621752,https://www.courtlistener.com/opinion/9621752/vashisht-rota-v-ottawa-university/,"District Court, S.D. California",2268011,https://www.courtlistener.com/opinion/2268011/west-shield-investigations-security-consultants-v-superior-court/,California Court of Appeal,,West Shield Investigations & Security Consultants v. Superior Court,"['82 Cal. App. 4th 935', '98 Cal. Rptr. 2d 612']"
9621752,https://www.courtlistener.com/opinion/9621752/vashisht-rota-v-ottawa-university/,"District Court, S.D. California",2273513,https://www.courtlistener.com/opinion/2273513/kunert-v-mission-financial-services-corp/,California Court of Appeal,Kunert,Kunert v. MISSION FINANCIAL SERVICES CORP.,"['110 Cal. App. 4th 242', '1 Cal. Rptr. 3d 589']"
9621752,https://www.courtlistener.com/opinion/9621752/vashisht-rota-v-ottawa-university/,"District Court, S.D. California",2657873,https://www.courtlistener.com/opinion/2657873/long-v-playboy-enterprises-international-inc/,Court of Appeals for the Ninth Circuit,,"Long v. Playboy Enterprises International, Inc.","[""565 F. App'x 646""]"
9621752,https://www.courtlistener.com/opinion/9621752/vashisht-rota-v-ottawa-university/,"District Court, S.D. California",7324900,https://www.courtlistener.com/opinion/7324900/hadley-v-kellogg-sales-co/,"District Court, N.D. California",Hadley,Hadley v. Kellogg Sales Co.,"['2017 U.S. Dist. LEXIS 40825', '2017 WL 1065293', '243 F. Supp. 3d 1074']"
9621752,https://www.courtlistener.com/opinion/9621752/vashisht-rota-v-ottawa-university/,"District Court, S.D. California",8441949,https://www.courtlistener.com/opinion/8441949/asarco-llc-v-union-pacific-railroad/,Court of Appeals for the Ninth Circuit,,"ASARCO, LLC v. Union Pacific Railroad","['2014 WL 4211113', '2014 U.S. App. LEXIS 16614', '78 ERC (BNA) 2129', '89 Fed. R. Serv. 3d 554', '765 F.3d 999']"
9621752,https://www.courtlistener.com/opinion/9621752/vashisht-rota-v-ottawa-university/,"District Court, S.D. California",9022499,https://www.courtlistener.com/opinion/9022499/jones-v-royal-admin-servs-inc/,Court of Appeals for the Ninth Circuit,Jones,"Jones v. Royal Admin. Servs., Inc.",['887 F.3d 443']
9621752,https://www.courtlistener.com/opinion/9621752/vashisht-rota-v-ottawa-university/,"District Court, S.D. California",145730,https://www.courtlistener.com/opinion/145730/bell-atlantic-corp-v-twombly/,Supreme Court of the United States,Twombly,Bell Atlantic Corp. v. Twombly,"['75 U.S.L.W. 4337', '68 Fed. R. Serv. 3d 661', '20 Fla. L. Weekly Fed. S 267', '41 Communications Reg. (P&F) 567', '2007 U.S. LEXIS 5901', '550 U.S. 544', '127 S. Ct. 1955', '167 L. Ed. 2d 929']"
9621752,https://www.courtlistener.com/opinion/9621752/vashisht-rota-v-ottawa-university/,"District Court, S.D. California",145875,https://www.courtlistener.com/opinion/145875/ashcroft-v-iqbal/,Supreme Court of the United States,Iqbal,Ashcroft v. Iqbal,"['2009 U.S. LEXIS 3472', '556 U.S. 662', '129 S. Ct. 1937', '173 L. Ed. 2d 868']"
9621752,https://www.courtlistener.com/opinion/9621752/vashisht-rota-v-ottawa-university/,"District Court, S.D. California",807646,https://www.courtlistener.com/opinion/807646/michael-lacey-v-joseph-arpaio/,Court of Appeals for the Ninth Circuit,,Michael Lacey v. Joseph Arpaio,['693 F.3d 896']
9621752,https://www.courtlistener.com/opinion/9621752/vashisht-rota-v-ottawa-university/,"District Court, S.D. California",1275413,https://www.courtlistener.com/opinion/1275413/reno-v-baird/,California Supreme Court,Baird,Reno v. Baird,"['73 Empl. Prac. Dec. (CCH) 45,450', '1998 Cal. LEXIS 4311', '98 Daily Journal DAR 7769', '98 Cal. Daily Op. Serv. 5586', '18 Cal. 4th 640', '76 Cal. Rptr. 2d 499', '957 P.2d 1333']"
9622223,https://www.courtlistener.com/opinion/9622223/gopher-media-llc-v-melone/,"District Court, S.D. California",76594,https://www.courtlistener.com/opinion/76594/dippin-dots-inc-v-frosty-bites-distribution-llc/,Court of Appeals for the Eleventh Circuit,,"Dippin' Dots, Inc. v. Frosty Bites Distribution, LLC","['2004 WL 1050739', '2004 U.S. App. LEXIS 9217', '64 Fed. R. Serv. 617', '70 U.S.P.Q. 2d (BNA) 1707', '369 F.3d 1197']"
9622223,https://www.courtlistener.com/opinion/9622223/gopher-media-llc-v-melone/,"District Court, S.D. California",106497,https://www.courtlistener.com/opinion/106497/foman-v-davis/,Supreme Court of the United States,Foman,Foman v. Davis,"['6 Fed. R. Serv. 2d 1234', '1962 U.S. LEXIS 65', '371 U.S. 178', '83 S. Ct. 227', '9 L. Ed. 2d 222']"
9622223,https://www.courtlistener.com/opinion/9622223/gopher-media-llc-v-melone/,"District Court, S.D. California",206466,https://www.courtlistener.com/opinion/206466/allstate-insurance-companies-v-charles-herron/,Court of Appeals for the Ninth Circuit,,Allstate Insurance Companies v. Charles Herron,"['2011 WL 814999', '2011 U.S. App. LEXIS 4645', '634 F.3d 1101']"
9622223,https://www.courtlistener.com/opinion/9622223/gopher-media-llc-v-melone/,"District Court, S.D. California",213165,https://www.courtlistener.com/opinion/213165/cafasso-v-general-dynamics-c4-systems-inc/,Court of Appeals for the Ninth Circuit,Cafasso,"Cafasso v. General Dynamics C4 Systems, Inc.","['2011 WL 1053366', '637 F.3d 1047']"
9622223,https://www.courtlistener.com/opinion/9622223/gopher-media-llc-v-melone/,"District Court, S.D. California",221641,https://www.courtlistener.com/opinion/221641/conservation-force-v-salazar/,Court of Appeals for the Ninth Circuit,Salazar,Conservation Force v. Salazar,"['2011 WL 2937938', '2011 U.S. App. LEXIS 15011', '646 F.3d 1240']"
9622223,https://www.courtlistener.com/opinion/9622223/gopher-media-llc-v-melone/,"District Court, S.D. California",223637,https://www.courtlistener.com/opinion/223637/yakima-valley-memorial-hospital-v-washington-state-department-of-health/,Court of Appeals for the Ninth Circuit,,Yakima Valley Memorial Hospital v. Washington State Department of Health,"['2011 WL 3629895', '654 F.3d 919']"
9622223,https://www.courtlistener.com/opinion/9622223/gopher-media-llc-v-melone/,"District Court, S.D. California",312391,https://www.courtlistener.com/opinion/312391/frank-howey-v-united-states-of-america-and-third-party-v-radio/,Court of Appeals for the Third Circuit,,"Frank Howey v. United States of America, and Third-Party v. Radio Corporation of America, Third-Party v. Universal Services, Inc., Third-Party",['481 F.2d 1187']
9622223,https://www.courtlistener.com/opinion/9622223/gopher-media-llc-v-melone/,"District Court, S.D. California",392902,https://www.courtlistener.com/opinion/392902/united-states-v-hiram-webb/,Court of Appeals for the Ninth Circuit,,United States v. Hiram Webb,"['1981 U.S. App. LEXIS 17946', '32 Fed. R. Serv. 2d 478', '655 F.2d 977']"
9622223,https://www.courtlistener.com/opinion/9622223/gopher-media-llc-v-melone/,"District Court, S.D. California",497054,https://www.courtlistener.com/opinion/497054/dcd-programs-ltd-v-michael-w-leighton-hill-farrer-burrill/,Court of Appeals for the Ninth Circuit,,"Dcd Programs, Ltd. v. Michael W. Leighton, Hill, Farrer & Burrill","['1987 U.S. App. LEXIS 15563', '9 Fed. R. Serv. 3d 823', '833 F.2d 183']"
9622223,https://www.courtlistener.com/opinion/9622223/gopher-media-llc-v-melone/,"District Court, S.D. California",518481,https://www.courtlistener.com/opinion/518481/andrea-dworkin-priscilla-moree-judith-fouts-v-hustler-magazine-inc/,Court of Appeals for the Ninth Circuit,,Andrea Dworkin Priscilla Moree Judith Fouts v. Hustler Magazine Inc.,"['1989 WL 3925', '1989 U.S. App. LEXIS 565', '16 Media L. Rep. (BNA) 1113', '867 F.2d 1188']"
9622223,https://www.courtlistener.com/opinion/9622223/gopher-media-llc-v-melone/,"District Court, S.D. California",534877,https://www.courtlistener.com/opinion/534877/morongo-band-of-mission-indians-plaintiff-counter-defendantappellant-v/,Court of Appeals for the Ninth Circuit,,"Morongo Band of Mission Indians, Plaintiff-Counter-Defendant/appellant v. Frank Rose Clive ""Sonny"" Miller, Defendants-Counter-Plaintiffs/appellees","['1990 WL 972', '1990 U.S. App. LEXIS 194', '893 F.2d 1074']"
9622223,https://www.courtlistener.com/opinion/9622223/gopher-media-llc-v-melone/,"District Court, S.D. California",537184,https://www.courtlistener.com/opinion/537184/hal-roach-studios-inc-a-delaware-corporation-v-richard-feiner-and/,Court of Appeals for the Ninth Circuit,,"Hal Roach Studios, Inc., a Delaware Corporation v. Richard Feiner and Company, Inc., a New York Corporation",['896 F.2d 1542']
9622223,https://www.courtlistener.com/opinion/9622223/gopher-media-llc-v-melone/,"District Court, S.D. California",629029,https://www.courtlistener.com/opinion/629029/united-states-v-kevin-r-smith-dalian-c-stewart-and-steve-taylor/,Court of Appeals for the Seventh Circuit,,"United States v. Kevin R. Smith, Dalian C. Stewart, and Steve Taylor","['1993 U.S. App. LEXIS 21790', '3 F.3d 1088']"
9622223,https://www.courtlistener.com/opinion/9622223/gopher-media-llc-v-melone/,"District Court, S.D. California",732379,https://www.courtlistener.com/opinion/732379/golden-eagle-insurance-company-v-travelers-companies/,Court of Appeals for the Ninth Circuit,,Golden Eagle Insurance Company v. Travelers Companies,"['1996 WL 734085', '103 F.3d 750']"
9622223,https://www.courtlistener.com/opinion/9622223/gopher-media-llc-v-melone/,"District Court, S.D. California",750661,https://www.courtlistener.com/opinion/750661/98-cal-daily-op-serv-291-98-daily-journal-dar-398-government/,Court of Appeals for the Ninth Circuit,,,['133 F.3d 1220']
9622223,https://www.courtlistener.com/opinion/9622223/gopher-media-llc-v-melone/,"District Court, S.D. California",770328,https://www.courtlistener.com/opinion/770328/howard-l-chabner-v-united-of-omaha-life-insurance-company/,Court of Appeals for the Ninth Circuit,,Howard L. Chabner v. United of Omaha Life Insurance Company,"['2000 U.S. App. LEXIS 22770', '2000 Daily Journal DAR 9995', '2000 Cal. Daily Op. Serv. 7542', '10 Am. Disabilities Cas. (BNA) 1705', '225 F.3d 1042']"
9622223,https://www.courtlistener.com/opinion/9622223/gopher-media-llc-v-melone/,"District Court, S.D. California",1194077,https://www.courtlistener.com/opinion/1194077/manzarek-v-st-paul-fire-marine-insurance/,Court of Appeals for the Ninth Circuit,Manzarek,Manzarek v. St. Paul Fire & Marine Insurance,"['2008 WL 763385', '2008 U.S. App. LEXIS 6145', '86 U.S.P.Q. 2d (BNA) 1632', '519 F.3d 1025']"
9622223,https://www.courtlistener.com/opinion/9622223/gopher-media-llc-v-melone/,"District Court, S.D. California",1218182,https://www.courtlistener.com/opinion/1218182/jaire-corp-v-gregory/,California Supreme Court,,J'Aire Corp. v. Gregory,"['1979 Cal. LEXIS 285', '157 Cal. Rptr. 407', '24 Cal. 3d 799', '598 P.2d 60']"
9622223,https://www.courtlistener.com/opinion/9622223/gopher-media-llc-v-melone/,"District Court, S.D. California",1428073,https://www.courtlistener.com/opinion/1428073/us-for-benefit-of-ehmcke-sheet-metal-v-wausau/,"District Court, E.D. California",Wausau,US for Benefit of Ehmcke Sheet Metal v. Wausau,['755 F. Supp. 906']
9622223,https://www.courtlistener.com/opinion/9622223/gopher-media-llc-v-melone/,"District Court, S.D. California",1437013,https://www.courtlistener.com/opinion/1437013/charles-atlas-ltd-v-time-life-books-inc/,"District Court, S.D. New York",,"Charles Atlas, Ltd. v. Time-Life Books, Inc.",['570 F. Supp. 150']
9622223,https://www.courtlistener.com/opinion/9622223/gopher-media-llc-v-melone/,"District Court, S.D. California",1446183,https://www.courtlistener.com/opinion/1446183/leadsinger-inc-v-bmg-music-publishing/,Court of Appeals for the Ninth Circuit,,"Leadsinger, Inc. v. BMG Music Publishing","['2008 WL 36630', '2008 U.S. App. LEXIS 7', '85 U.S.P.Q. 2d (BNA) 1257', '512 F.3d 522']"
9622223,https://www.courtlistener.com/opinion/9622223/gopher-media-llc-v-melone/,"District Court, S.D. California",1462778,https://www.courtlistener.com/opinion/1462778/sybersound-records-inc-v-uav-corp/,Court of Appeals for the Ninth Circuit,,"Sybersound Records, Inc. v. UAV Corp.","['2008 WL 509245', '2008 U.S. App. LEXIS 4173', '86 U.S.P.Q. 2d (BNA) 1065', '517 F.3d 1137']"
9622223,https://www.courtlistener.com/opinion/9622223/gopher-media-llc-v-melone/,"District Court, S.D. California",1518095,https://www.courtlistener.com/opinion/1518095/first-advantage-background-services-corp-v-private-eyes-inc/,"District Court, N.D. California",,"First Advantage Background Services Corp. v. Private Eyes, Inc.","['2008 WL 618921', '2008 U.S. Dist. LEXIS 28974', '569 F. Supp. 2d 929']"
9622223,https://www.courtlistener.com/opinion/9622223/gopher-media-llc-v-melone/,"District Court, S.D. California",1519300,https://www.courtlistener.com/opinion/1519300/veoh-networks-inc-v-umg-recordings-inc/,"District Court, S.D. California",,"Veoh Networks, Inc. v. UMG Recordings, Inc.","['2007 WL 4057249', '2007 U.S. Dist. LEXIS 84513', '522 F. Supp. 2d 1265']"
9622223,https://www.courtlistener.com/opinion/9622223/gopher-media-llc-v-melone/,"District Court, S.D. California",1989612,https://www.courtlistener.com/opinion/1989612/silicon-knights-inc-v-crystal-dynamics-inc/,"District Court, N.D. California",,"Silicon Knights, Inc. v. Crystal Dynamics, Inc.","['1997 WL 684923', '1997 U.S. Dist. LEXIS 17890', '983 F. Supp. 1303']"
9622223,https://www.courtlistener.com/opinion/9622223/gopher-media-llc-v-melone/,"District Court, S.D. California",2122978,https://www.courtlistener.com/opinion/2122978/guess-inc-v-superior-court/,California Court of Appeal,,"Guess, Inc. v. Superior Court","['1986 Cal. App. LEXIS 2452', '222 Cal. Rptr. 79', '176 Cal. App. 3d 473']"
9622223,https://www.courtlistener.com/opinion/9622223/gopher-media-llc-v-melone/,"District Court, S.D. California",2137818,https://www.courtlistener.com/opinion/2137818/hofmann-co-v-e-i-du-pont-de-nemours-co/,California Court of Appeal,,Hofmann Co. v. E. I. Du Pont De Nemours & Co.,"['1988 Cal. App. LEXIS 582', '248 Cal. Rptr. 384', '202 Cal. App. 3d 390']"
9622223,https://www.courtlistener.com/opinion/9622223/gopher-media-llc-v-melone/,"District Court, S.D. California",2174864,https://www.courtlistener.com/opinion/2174864/leonardini-v-shell-oil-co/,California Court of Appeal,Leonardini,Leonardini v. Shell Oil Co.,"['1989 Cal. App. LEXIS 1270', '264 Cal. Rptr. 883', '216 Cal. App. 3d 547']"
9622223,https://www.courtlistener.com/opinion/9622223/gopher-media-llc-v-melone/,"District Court, S.D. California",2197589,https://www.courtlistener.com/opinion/2197589/erlich-v-etner/,California Court of Appeal,Erlich,Erlich v. Etner,"['1964 Cal. App. LEXIS 1441', '36 Cal. Rptr. 256', '224 Cal. App. 2d 69']"
9622223,https://www.courtlistener.com/opinion/9622223/gopher-media-llc-v-melone/,"District Court, S.D. California",2243821,https://www.courtlistener.com/opinion/2243821/north-american-chemical-co-v-superior-court-of-los-angeles-county/,California Court of Appeal,,North American Chemical Co. v. Superior Court of Los Angeles County,"['1997 Cal. App. LEXIS 981', '34 U.C.C. Rep. Serv. 2d (West) 332', '97 Cal. Daily Op. Serv. 9015', '97 Daily Journal DAR 14517', '69 Cal. Rptr. 2d 466', '59 Cal. App. 4th 764']"
9622223,https://www.courtlistener.com/opinion/9622223/gopher-media-llc-v-melone/,"District Court, S.D. California",2246700,https://www.courtlistener.com/opinion/2246700/total-call-international-inc-v-perless-insurance/,California Court of Appeal,,"Total Call International, Inc. v. Perless Insurance","['2010 Cal. App. LEXIS 55', '104 Cal. Rptr. 3d 319', '181 Cal. App. 4th 161']"
9622223,https://www.courtlistener.com/opinion/9622223/gopher-media-llc-v-melone/,"District Court, S.D. California",2253276,https://www.courtlistener.com/opinion/2253276/people-v-muniz/,California Court of Appeal,Muniz,People v. Muniz,"['1993 Cal. App. LEXIS 663', '93 Daily Journal DAR 8092', '93 Cal. Daily Op. Serv. 4796', '20 Cal. Rptr. 2d 460', '16 Cal. App. 4th 1083']"
9622223,https://www.courtlistener.com/opinion/9622223/gopher-media-llc-v-melone/,"District Court, S.D. California",2255528,https://www.courtlistener.com/opinion/2255528/ingels-v-westwood-one-broadcasting-services-inc/,California Court of Appeal,Ingels,"Ingels v. Westwood One Broadcasting Services, Inc.","['2005 Cal. App. LEXIS 863', '2005 Daily Journal DAR 6169', '2005 Cal. Daily Op. Serv. 4498', '129 Cal. App. 4th 1050', '28 Cal. Rptr. 3d 933']"
9622223,https://www.courtlistener.com/opinion/9622223/gopher-media-llc-v-melone/,"District Court, S.D. California",2256968,https://www.courtlistener.com/opinion/2256968/melaleuca-inc-v-clark/,California Court of Appeal,,"Melaleuca, Inc. v. Clark","['1998 Cal. App. LEXIS 819', '98 Daily Journal DAR 10421', '98 Cal. Daily Op. Serv. 7525', '66 Cal. App. 4th 1344', '78 Cal. Rptr. 2d 627']"
9622223,https://www.courtlistener.com/opinion/9622223/gopher-media-llc-v-melone/,"District Court, S.D. California",2258330,https://www.courtlistener.com/opinion/2258330/westside-center-associates-v-safeway-stores-23-inc/,California Court of Appeal,,"Westside Center Associates v. Safeway Stores 23, Inc.","['1996 Cal. App. LEXIS 99', '96 Cal. Daily Op. Serv. 890', '96 Daily Journal DAR 1306', '49 Cal. Rptr. 2d 793', '42 Cal. App. 4th 507']"
9622223,https://www.courtlistener.com/opinion/9622223/gopher-media-llc-v-melone/,"District Court, S.D. California",2275753,https://www.courtlistener.com/opinion/2275753/morgan-v-att-wireless-services-inc/,California Court of Appeal,Morgan,"Morgan v. AT&T Wireless Services, Inc.","['2009 Cal. App. LEXIS 1569', '48 Communications Reg. (P&F) 795', '99 Cal. Rptr. 3d 768', '177 Cal. App. 4th 1235']"
9622223,https://www.courtlistener.com/opinion/9622223/gopher-media-llc-v-melone/,"District Court, S.D. California",2276671,https://www.courtlistener.com/opinion/2276671/franklin-v-dynamic-details-inc/,California Court of Appeal,Franklin,"Franklin v. Dynamic Details, Inc.","['2004 Cal. App. LEXIS 245', '2004 Daily Journal DAR 2731', '2004 Cal. Daily Op. Serv. 1850', '116 Cal. App. 4th 375', '10 Cal. Rptr. 3d 429']"
9622223,https://www.courtlistener.com/opinion/9622223/gopher-media-llc-v-melone/,"District Court, S.D. California",2282346,https://www.courtlistener.com/opinion/2282346/computerxpress-inc-v-jackson/,California Court of Appeal,,"ComputerXpress, Inc. v. Jackson","['2001 Cal. App. LEXIS 2012', '2001 Daily Journal DAR 12135', '2001 Cal. Daily Op. Serv. 9725', '93 Cal. App. 4th 993', '113 Cal. Rptr. 2d 625']"
9622223,https://www.courtlistener.com/opinion/9622223/gopher-media-llc-v-melone/,"District Court, S.D. California",2282385,https://www.courtlistener.com/opinion/2282385/smith-v-state-farm-mutual-automobile-insurance/,California Court of Appeal,,Smith v. State Farm Mutual Automobile Insurance,"['93 Cal. App. 4th 700', '113 Cal. Rptr. 2d 399']"
9622223,https://www.courtlistener.com/opinion/9622223/gopher-media-llc-v-melone/,"District Court, S.D. California",2282785,https://www.courtlistener.com/opinion/2282785/durell-v-sharp-healthcare/,California Court of Appeal,Durell,Durell v. Sharp Healthcare,"['2010 Cal. App. LEXIS 531', '108 Cal. Rptr. 3d 682', '183 Cal. App. 4th 1350']"
9622223,https://www.courtlistener.com/opinion/9622223/gopher-media-llc-v-melone/,"District Court, S.D. California",2296700,https://www.courtlistener.com/opinion/2296700/camacho-v-auto-club-of-so-california/,California Court of Appeal,Camacho,Camacho v. AUTO. CLUB OF SO. CALIFORNIA,"['2006 Cal. App. LEXIS 1389', '2006 Cal. Daily Op. Serv. 8760', '2006 Daily Journal DAR 12525', '142 Cal. App. 4th 1394', '48 Cal. Rptr. 3d 770']"
9622223,https://www.courtlistener.com/opinion/9622223/gopher-media-llc-v-melone/,"District Court, S.D. California",2297551,https://www.courtlistener.com/opinion/2297551/sosinsky-v-grant/,California Court of Appeal,Sosinsky,Sosinsky v. Grant,"['1992 Cal. App. LEXIS 635', '92 Daily Journal DAR 6727', '92 Cal. Daily Op. Serv. 4274', '8 Cal. Rptr. 2d 552', '6 Cal. App. 4th 1548']"
9622223,https://www.courtlistener.com/opinion/9622223/gopher-media-llc-v-melone/,"District Court, S.D. California",2305623,https://www.courtlistener.com/opinion/2305623/mann-v-quality-old-time-service-inc/,California Court of Appeal,Mann,"Mann v. Quality Old Time Service, Inc.","['2006 Cal. App. LEXIS 689', '2006 Cal. Daily Op. Serv. 3832', '2006 Daily Journal DAR 5565', '139 Cal. App. 4th 328', '42 Cal. Rptr. 3d 607']"
9622223,https://www.courtlistener.com/opinion/9622223/gopher-media-llc-v-melone/,"District Court, S.D. California",2467081,https://www.courtlistener.com/opinion/2467081/robinson-v-hsbc-bank-usa/,"District Court, N.D. California",Robinson,Robinson v. HSBC BANK USA,"['2010 WL 3155833', '2010 U.S. Dist. LEXIS 81084', '732 F. Supp. 2d 976']"
9622223,https://www.courtlistener.com/opinion/9622223/gopher-media-llc-v-melone/,"District Court, S.D. California",2472957,https://www.courtlistener.com/opinion/2472957/serpa-v-sbc-telecommunications-inc/,"District Court, N.D. California",Serpa,"Serpa v. SBC Telecommunications, Inc.","['2004 WL 1161383', '2004 U.S. Dist. LEXIS 9273', '32 Employee Benefits Cas. (BNA) 2947', '318 F. Supp. 2d 865']"
9622223,https://www.courtlistener.com/opinion/9622223/gopher-media-llc-v-melone/,"District Court, S.D. California",2487092,https://www.courtlistener.com/opinion/2487092/felter-v-salazar/,"District Court, District of Columbia",Felter,Felter v. Salazar,"['2010 WL 165700', '2010 U.S. Dist. LEXIS 3319', '679 F. Supp. 2d 1']"
9622223,https://www.courtlistener.com/opinion/9622223/gopher-media-llc-v-melone/,"District Court, S.D. California",2499024,https://www.courtlistener.com/opinion/2499024/isuzu-motors-ltd-v-consumers-union-of-united-states-inc/,"District Court, C.D. California",,"Isuzu Motors Ltd. v. Consumers Union of United States, Inc.","['1998 WL 372307', '1998 U.S. Dist. LEXIS 17342', '12 F. Supp. 2d 1035']"
9622223,https://www.courtlistener.com/opinion/9622223/gopher-media-llc-v-melone/,"District Court, S.D. California",2542542,https://www.courtlistener.com/opinion/2542542/team-enterprises-llc-v-western-investment-real-estate-trust/,"District Court, E.D. California",,"Team Enterprises, LLC v. Western Investment Real Estate Trust","['2010 U.S. Dist. LEXIS 67033', '721 F. Supp. 2d 898']"
9622223,https://www.courtlistener.com/opinion/9622223/gopher-media-llc-v-melone/,"District Court, S.D. California",2573234,https://www.courtlistener.com/opinion/2573234/new-net-inc-v-lavasoft/,"District Court, C.D. California",Lavasoft,"New. Net, Inc. v. Lavasoft","['2004 WL 3185298', '2004 U.S. Dist. LEXIS 27434', '356 F. Supp. 2d 1090']"
9622223,https://www.courtlistener.com/opinion/9622223/gopher-media-llc-v-melone/,"District Court, S.D. California",2660122,https://www.courtlistener.com/opinion/2660122/mcnamara-v-picken/,"District Court, District of Columbia",McNamara,McNamara v. Picken,"['2013 U.S. Dist. LEXIS 124186', '2013 WL 4615321', '965 F. Supp. 2d 1']"
9622223,https://www.courtlistener.com/opinion/9622223/gopher-media-llc-v-melone/,"District Court, S.D. California",2678184,https://www.courtlistener.com/opinion/2678184/hartford-casualty-insurance-v-swift-distribution-inc/,California Supreme Court,,"Hartford Casualty Insurance v. Swift Distribution, Inc.","['2014 Cal. LEXIS 3765', '2014 WL 2609753', '172 Cal. Rptr. 3d 653', '326 P.3d 253', '59 Cal. 4th 277']"
9622223,https://www.courtlistener.com/opinion/9622223/gopher-media-llc-v-melone/,"District Court, S.D. California",3159278,https://www.courtlistener.com/opinion/3159278/bilinski-v-keith-haring-foundation-inc/,Court of Appeals for the Second Circuit,Bilinski,"Bilinski v. Keith Haring Foundation, Inc.","[""632 F. App'x 637""]"
9622223,https://www.courtlistener.com/opinion/9622223/gopher-media-llc-v-melone/,"District Court, S.D. California",3296084,https://www.courtlistener.com/opinion/3296084/regalia-v-mariani/,California Court of Appeal,Regalia,Regalia v. Mariani,"['1929 Cal. App. LEXIS 363', '100 Cal. App. 1', '279 P. 455']"
9622223,https://www.courtlistener.com/opinion/9622223/gopher-media-llc-v-melone/,"District Court, S.D. California",5608107,https://www.courtlistener.com/opinion/5608107/kwikset-corp-v-superior-court/,California Supreme Court,,Kwikset Corp. v. Superior Court,"['2011 Cal. LEXIS 532', '120 Cal. Rptr. 3d 741', '246 P.3d 877', '51 Cal. 4th 310']"
9622223,https://www.courtlistener.com/opinion/9622223/gopher-media-llc-v-melone/,"District Court, S.D. California",5809491,https://www.courtlistener.com/opinion/5809491/linear-technology-corp-v-applied-materials-inc/,California Court of Appeal,,"Linear Technology Corp. v. Applied Materials, Inc.","['2007 Cal. App. LEXIS 1000', '63 U.C.C. Rep. Serv. 2d (West) 407', '61 Cal. Rptr. 3d 221', '152 Cal. App. 4th 115']"
9622223,https://www.courtlistener.com/opinion/9622223/gopher-media-llc-v-melone/,"District Court, S.D. California",5809901,https://www.courtlistener.com/opinion/5809901/overhill-farms-inc-v-lopez/,California Court of Appeal,Lopez,"Overhill Farms, Inc. v. Lopez","['110 Fair Empl. Prac. Cas. (BNA) 1460', '2010 Cal. App. LEXIS 2109', '31 I.E.R. Cas. (BNA) 809', '119 Cal. Rptr. 3d 127', '190 Cal. App. 4th 1248']"
9622223,https://www.courtlistener.com/opinion/9622223/gopher-media-llc-v-melone/,"District Court, S.D. California",5810777,https://www.courtlistener.com/opinion/5810777/people-v-covarrubias/,California Court of Appeal,Covarrubias,People v. Covarrubias,"['2011 Cal. App. LEXIS 1587', '134 Cal. Rptr. 3d 455', '202 Cal. App. 4th 1']"
9622223,https://www.courtlistener.com/opinion/9622223/gopher-media-llc-v-melone/,"District Court, S.D. California",6940099,https://www.courtlistener.com/opinion/6940099/ross-v-international-life-ins/,Court of Appeals for the Sixth Circuit,Ross,Ross v. International Life Ins.,"['1928 U.S. App. LEXIS 2044', '24 F.2d 345']"
9622223,https://www.courtlistener.com/opinion/9622223/gopher-media-llc-v-melone/,"District Court, S.D. California",7092482,https://www.courtlistener.com/opinion/7092482/lee-v-city-of-los-angeles/,Court of Appeals for the Ninth Circuit,,Lee v. City of Los Angeles,"['2001 WL 468408', '250 F.3d 668']"
9622223,https://www.courtlistener.com/opinion/9622223/gopher-media-llc-v-melone/,"District Court, S.D. California",7092494,https://www.courtlistener.com/opinion/7092494/navarro-v-block/,Court of Appeals for the Ninth Circuit,Navarro,Navarro v. Block,"['2001 WL 498270', '250 F.3d 729']"
9622223,https://www.courtlistener.com/opinion/9622223/gopher-media-llc-v-melone/,"District Court, S.D. California",7311161,https://www.courtlistener.com/opinion/7311161/perez-v-wells-fargo-co/,"District Court, N.D. California",Perez,Perez v. Wells Fargo & Co.,"['2014 WL 6997618', '2014 U.S. Dist. LEXIS 172304', '24 Wage & Hour Cas.2d (BNA) 1653', '75 F. Supp. 3d 1184']"
9622223,https://www.courtlistener.com/opinion/9622223/gopher-media-llc-v-melone/,"District Court, S.D. California",7324900,https://www.courtlistener.com/opinion/7324900/hadley-v-kellogg-sales-co/,"District Court, N.D. California",Hadley,Hadley v. Kellogg Sales Co.,"['2017 U.S. Dist. LEXIS 40825', '2017 WL 1065293', '243 F. Supp. 3d 1074']"
9622223,https://www.courtlistener.com/opinion/9622223/gopher-media-llc-v-melone/,"District Court, S.D. California",8343750,https://www.courtlistener.com/opinion/8343750/confederated-tribes-bands-of-the-yakama-nation-v-united-states-fish/,"District Court, E.D. Washington",,Confederated Tribes & Bands of the Yakama Nation v. United States Fish & Wildlife Service,"['2014 U.S. Dist. LEXIS 63824', '2014 WL 1778391', '19 F. Supp. 3d 1114']"
9622223,https://www.courtlistener.com/opinion/9622223/gopher-media-llc-v-melone/,"District Court, S.D. California",8725454,https://www.courtlistener.com/opinion/8725454/piping-rock-partners-inc-v-david-lerner-associates-inc/,"District Court, N.D. California",,"Piping Rock Partners, Inc. v. David Lerner Associates, Inc.","['2013 U.S. Dist. LEXIS 70660', '2013 WL 2156279', '41 Media L. Rep. (BNA) 1958', '946 F. Supp. 2d 957']"
9622223,https://www.courtlistener.com/opinion/9622223/gopher-media-llc-v-melone/,"District Court, S.D. California",8905039,https://www.courtlistener.com/opinion/8905039/porter-v-megow/,"District Court, E.D. Pennsylvania",Porter,Porter v. Megow,"['1946 U.S. Dist. LEXIS 2465', '66 F. Supp. 13']"
9622223,https://www.courtlistener.com/opinion/9622223/gopher-media-llc-v-melone/,"District Court, S.D. California",8947101,https://www.courtlistener.com/opinion/8947101/acri-v-international-assn-of-machinists-aerospace-workers/,Court of Appeals for the Ninth Circuit,Acri,Acri v. International Ass'n of Machinists & Aerospace Workers,"['1986 U.S. App. LEXIS 22063', '121 L.R.R.M. (BNA) 2679', '781 F.2d 1393']"
9622223,https://www.courtlistener.com/opinion/9622223/gopher-media-llc-v-melone/,"District Court, S.D. California",8987920,https://www.courtlistener.com/opinion/8987920/jackson-v-bank-of-hawaii/,Court of Appeals for the Ninth Circuit,,Jackson v. Bank of Hawaii,"['1990 WL 55052', '902 F.2d 1385']"
9622223,https://www.courtlistener.com/opinion/9622223/gopher-media-llc-v-melone/,"District Court, S.D. California",145730,https://www.courtlistener.com/opinion/145730/bell-atlantic-corp-v-twombly/,Supreme Court of the United States,Twombly,Bell Atlantic Corp. v. Twombly,"['75 U.S.L.W. 4337', '68 Fed. R. Serv. 3d 661', '20 Fla. L. Weekly Fed. S 267', '41 Communications Reg. (P&F) 567', '2007 U.S. LEXIS 5901', '550 U.S. 544', '127 S. Ct. 1955', '167 L. Ed. 2d 929']"
9622223,https://www.courtlistener.com/opinion/9622223/gopher-media-llc-v-melone/,"District Court, S.D. California",145875,https://www.courtlistener.com/opinion/145875/ashcroft-v-iqbal/,Supreme Court of the United States,Iqbal,Ashcroft v. Iqbal,"['2009 U.S. LEXIS 3472', '556 U.S. 662', '129 S. Ct. 1937', '173 L. Ed. 2d 868']"
9622223,https://www.courtlistener.com/opinion/9622223/gopher-media-llc-v-melone/,"District Court, S.D. California",151207,https://www.courtlistener.com/opinion/151207/rubio-v-capital-one-bank/,Court of Appeals for the Ninth Circuit,Rubio,Rubio v. Capital One Bank,"['2010 WL 2836994', '2010 U.S. App. LEXIS 14968', '613 F.3d 1195']"
9622223,https://www.courtlistener.com/opinion/9622223/gopher-media-llc-v-melone/,"District Court, S.D. California",399152,https://www.courtlistener.com/opinion/399152/charles-l-jordan-plaintiff-appellant-v-county-of-los-angeles/,Court of Appeals for the Ninth Circuit,,"Charles L. JORDAN, Plaintiff-Appellant, v. COUNTY OF LOS ANGELES, Defendant-Appellee","['28 Fair Empl. Prac. Cas. (BNA) 518', '28 Empl. Prac. Dec. (CCH) 32,525', '1982 U.S. App. LEXIS 21533', '33 Fed. R. Serv. 2d 1075', '669 F.2d 1311']"
9622223,https://www.courtlistener.com/opinion/9622223/gopher-media-llc-v-melone/,"District Court, S.D. California",565284,https://www.courtlistener.com/opinion/565284/aydin-corporation-v-union-of-india/,Court of Appeals for the Ninth Circuit,,Aydin Corporation v. Union of India,"['1991 WL 143856', '1991 U.S. App. LEXIS 17201', '91 Cal. Daily Op. Serv. 6094', '91 Daily Journal DAR 9435', '940 F.2d 527']"
9622223,https://www.courtlistener.com/opinion/9622223/gopher-media-llc-v-melone/,"District Court, S.D. California",780573,https://www.courtlistener.com/opinion/780573/eminence-capital-llc-and-jay-spechler-v-aspeon-inc-richard-p-stack/,Court of Appeals for the Ninth Circuit,,"Eminence Capital, Llc, and Jay Spechler v. Aspeon, Inc. Richard P. Stack","['2003 WL 139525', '2003 U.S. App. LEXIS 853', '54 Fed. R. Serv. 3d 1141', '2003 Cal. Daily Op. Serv. 602', '2003 Daily Journal DAR 759', '316 F.3d 1048']"
9622223,https://www.courtlistener.com/opinion/9622223/gopher-media-llc-v-melone/,"District Court, S.D. California",1301891,https://www.courtlistener.com/opinion/1301891/cel-tech-communications-inc-v-los-angeles-cellular-telephone-co/,California Supreme Court,,"Cel-Tech Communications, Inc. v. Los Angeles Cellular Telephone Co.","['1999 Cal. LEXIS 1656', '99 Daily Journal DAR 3360', '99 Cal. Daily Op. Serv. 2576', '20 Cal. 4th 163', '83 Cal. Rptr. 2d 548', '973 P.2d 527']"
9622223,https://www.courtlistener.com/opinion/9622223/gopher-media-llc-v-melone/,"District Court, S.D. California",2607092,https://www.courtlistener.com/opinion/2607092/della-penna-v-toyota-motor-sales-usa-inc/,California Supreme Court,,"Della Penna v. Toyota Motor Sales, USA, Inc.","['1995 Cal. LEXIS 5960', '95 Daily Journal DAR 13801', '95 Cal. Daily Op. Serv. 8056', '45 Cal. Rptr. 2d 436', '11 Cal. 4th 376', '902 P.2d 740']"
9622223,https://www.courtlistener.com/opinion/9622223/gopher-media-llc-v-melone/,"District Court, S.D. California",2630547,https://www.courtlistener.com/opinion/2630547/korea-supply-co-v-lockheed-martin-corp/,California Supreme Court,,Korea Supply Co. v. Lockheed Martin Corp.,"['2003 Cal. LEXIS 1301', '2003 Daily Journal DAR 2291', '2003 Cal. Daily Op. Serv. 1825', '29 Cal. 4th 1134', '131 Cal. Rptr. 2d 29', '63 P.3d 937']"
9622223,https://www.courtlistener.com/opinion/9622223/gopher-media-llc-v-melone/,"District Court, S.D. California",2809908,https://www.courtlistener.com/opinion/2809908/el-pueblo-para-el-aire-y-agua-v-lisa-jackson/,Court of Appeals for the Ninth Circuit,,El Pueblo Para El Aire Y Agua v. Lisa Jackson,"[""614 F. App'x 895""]"
9622395,https://www.courtlistener.com/opinion/9622395/steinmeyer-v-american-association-of-blood-banks/,"District Court, S.D. California",100309,https://www.courtlistener.com/opinion/100309/rooker-v-fidelity-trust-co/,Supreme Court of the United States,Rooker,Rooker v. Fidelity Trust Co.,"['1923 U.S. LEXIS 2824', '68 L. Ed. 362', '44 S. Ct. 149', '263 U.S. 413']"
9622395,https://www.courtlistener.com/opinion/9622395/steinmeyer-v-american-association-of-blood-banks/,"District Court, S.D. California",117845,https://www.courtlistener.com/opinion/117845/kokkonen-v-guardian-life-insurance-co-of-america/,Supreme Court of the United States,Kokkonen,Kokkonen v. Guardian Life Insurance Co. of America,"['94 Daily Journal DAR 6508', '29 Fed. R. Serv. 3d 1', '62 U.S.L.W. 4313', '94 Cal. Daily Op. Serv. 3453', '8 Fla. L. Weekly Fed. S 93', '1994 U.S. LEXIS 3767', '511 U.S. 375', '114 S. Ct. 1673', '128 L. Ed. 2d 391']"
9622395,https://www.courtlistener.com/opinion/9622395/steinmeyer-v-american-association-of-blood-banks/,"District Court, S.D. California",177179,https://www.courtlistener.com/opinion/177179/tracy-v-freshwater/,Court of Appeals for the Second Circuit,Tracy,Tracy v. Freshwater,"['2010 WL 4008747', '2010 U.S. App. LEXIS 21238', '623 F.3d 90']"
9622395,https://www.courtlistener.com/opinion/9622395/steinmeyer-v-american-association-of-blood-banks/,"District Court, S.D. California",416723,https://www.courtlistener.com/opinion/416723/richard-augustine-v-united-states/,Court of Appeals for the Ninth Circuit,,Richard Augustine v. United States,"['1983 U.S. App. LEXIS 28539', '36 Fed. R. Serv. 2d 556', '704 F.2d 1074']"
9622395,https://www.courtlistener.com/opinion/9622395/steinmeyer-v-american-association-of-blood-banks/,"District Court, S.D. California",421062,https://www.courtlistener.com/opinion/421062/sun-valley-gasoline-inc-v-ernst-enterprises-inc-richard-h-ernst-and/,Court of Appeals for the Ninth Circuit,,"Sun Valley Gasoline, Inc. v. Ernst Enterprises, Inc., Richard H. Ernst and Eunice R. Ernst","['1983 U.S. App. LEXIS 25614', '711 F.2d 138']"
9622395,https://www.courtlistener.com/opinion/9622395/steinmeyer-v-american-association-of-blood-banks/,"District Court, S.D. California",425254,https://www.courtlistener.com/opinion/425254/stephen-h-demarest-v-united-states/,Court of Appeals for the Ninth Circuit,,Stephen H. Demarest v. United States,"['1983 U.S. App. LEXIS 15922', '718 F.2d 964']"
9622395,https://www.courtlistener.com/opinion/9622395/steinmeyer-v-american-association-of-blood-banks/,"District Court, S.D. California",514838,https://www.courtlistener.com/opinion/514838/louis-theodore-frigard-miriam-claudia-frigard-v-united-states-of-america/,Court of Appeals for the Ninth Circuit,,Louis Theodore Frigard Miriam Claudia Frigard v. United States of America Central Intelligence Agency,"['1988 WL 125595', '1988 U.S. App. LEXIS 11428', '862 F.2d 201']"
9622395,https://www.courtlistener.com/opinion/9622395/steinmeyer-v-american-association-of-blood-banks/,"District Court, S.D. California",526528,https://www.courtlistener.com/opinion/526528/william-st-clair-john-shelton-v-city-of-chico-county-of-butte/,Court of Appeals for the Ninth Circuit,,William St. Clair John Shelton v. City of Chico County of Butte,"['1989 WL 75923', '1989 U.S. App. LEXIS 10046', '880 F.2d 199']"
9622395,https://www.courtlistener.com/opinion/9622395/steinmeyer-v-american-association-of-blood-banks/,"District Court, S.D. California",567733,https://www.courtlistener.com/opinion/567733/theresa-mcinnes-plaintiff-appellant-v-state-of-california-california/,Court of Appeals for the Ninth Circuit,,"Theresa McINNES, Plaintiff-Appellant, v. STATE OF CALIFORNIA, California, Department of Consumer Affairs, Defendants-Appellees","['1991 WL 163772', '56 Fair Empl. Prac. Cas. (BNA) 1257', '57 Empl. Prac. Dec. (CCH) 40,946', '1991 U.S. App. LEXIS 19824', '91 Cal. Daily Op. Serv. 6952', '91 Daily Journal DAR 10544', '943 F.2d 1088']"
9622395,https://www.courtlistener.com/opinion/9622395/steinmeyer-v-american-association-of-blood-banks/,"District Court, S.D. California",613992,https://www.courtlistener.com/opinion/613992/maya-v-centex-corp/,Court of Appeals for the Ninth Circuit,Maya,Maya v. Centex Corp.,"['2011 WL 4381864', '658 F.3d 1060']"
9622395,https://www.courtlistener.com/opinion/9622395/steinmeyer-v-american-association-of-blood-banks/,"District Court, S.D. California",776475,https://www.courtlistener.com/opinion/776475/angela-bernhardt-v-county-of-los-angeles-lloyd-w-pellman-individually/,Court of Appeals for the Ninth Circuit,,"Angela Bernhardt v. County of Los Angeles Lloyd W. Pellman, Individually Lloyd W. Pellman, in His Official Capacity","['2002 WL 151026', '2002 U.S. App. LEXIS 1663', '2002 Daily Journal DAR 1368', '2002 Cal. Daily Op. Serv. 1037', '279 F.3d 862']"
9622395,https://www.courtlistener.com/opinion/9622395/steinmeyer-v-american-association-of-blood-banks/,"District Court, S.D. California",783388,https://www.courtlistener.com/opinion/783388/eric-noel-v-brian-c-hall-sandra-a-hall-fka-sandra-johnson-and/,Court of Appeals for the Ninth Circuit,,"Eric Noel v. Brian C. Hall Sandra A. Hall, Fka Sandra Johnson, and Gabrielle S. Lennartz Herb Weisser Michelle A. Merchant","['2003 WL 22038687', '2003 U.S. App. LEXIS 18110', '2003 Daily Journal DAR 9949', '2003 Cal. Daily Op. Serv. 8004', '341 F.3d 1148']"
9622395,https://www.courtlistener.com/opinion/9622395/steinmeyer-v-american-association-of-blood-banks/,"District Court, S.D. California",1189870,https://www.courtlistener.com/opinion/1189870/gerlinger-v-amazon-com-inc/,Court of Appeals for the Ninth Circuit,Gerlinger,"Gerlinger v. Amazon. Com, Inc.","['2008 WL 2169401', '2008 U.S. App. LEXIS 11237', '526 F.3d 1253']"
9622395,https://www.courtlistener.com/opinion/9622395/steinmeyer-v-american-association-of-blood-banks/,"District Court, S.D. California",1236791,https://www.courtlistener.com/opinion/1236791/stoner-v-santa-clara-county-office-of-education/,Court of Appeals for the Ninth Circuit,Stoner,Stoner v. Santa Clara County Office of Education,"['2007 WL 2556936', '2007 U.S. App. LEXIS 21470', '502 F.3d 1116']"
9622395,https://www.courtlistener.com/opinion/9622395/steinmeyer-v-american-association-of-blood-banks/,"District Court, S.D. California",1404453,https://www.courtlistener.com/opinion/1404453/kendall-v-visa-usa-inc/,Court of Appeals for the Ninth Circuit,Kendall,"Kendall v. Visa U.S.A., Inc.","['2008 WL 613924', '2008 U.S. App. LEXIS 5032', '518 F.3d 1042']"
9622395,https://www.courtlistener.com/opinion/9622395/steinmeyer-v-american-association-of-blood-banks/,"District Court, S.D. California",2106297,https://www.courtlistener.com/opinion/2106297/eichman-v-fotomat-corp/,California Court of Appeal,Eichman,Eichman v. Fotomat Corp.,"['1983 Cal. App. LEXIS 2273', '197 Cal. Rptr. 612', '147 Cal. App. 3d 1170']"
9622395,https://www.courtlistener.com/opinion/9622395/steinmeyer-v-american-association-of-blood-banks/,"District Court, S.D. California",2117735,https://www.courtlistener.com/opinion/2117735/olson-v-cory/,California Court of Appeal,Olson,Olson v. Cory,"['1982 Cal. App. LEXIS 1838', '184 Cal. Rptr. 325', '134 Cal. App. 3d 85']"
9622395,https://www.courtlistener.com/opinion/9622395/steinmeyer-v-american-association-of-blood-banks/,"District Court, S.D. California",2671500,https://www.courtlistener.com/opinion/2671500/douglas-leite-v-crane-company/,Court of Appeals for the Ninth Circuit,,Douglas Leite v. Crane Company,"['2014 WL 1646924', '749 F.3d 1117']"
9622395,https://www.courtlistener.com/opinion/9622395/steinmeyer-v-american-association-of-blood-banks/,"District Court, S.D. California",2816609,https://www.courtlistener.com/opinion/2816609/dkn-holdings-llc-v-faerber/,California Supreme Court,Faerber,DKN Holdings LLC v. Faerber,"['2015 Cal. LEXIS 4652', '189 Cal. Rptr. 3d 809', '352 P.3d 378', '61 Cal. 4th 813']"
9622395,https://www.courtlistener.com/opinion/9622395/steinmeyer-v-american-association-of-blood-banks/,"District Court, S.D. California",3176959,https://www.courtlistener.com/opinion/3176959/san-diego-county-health-human-services-agency-v-shannon-l/,California Court of Appeal,In re Donovan L.,San Diego County Health & Human Services Agency v. Shannon L.,"['2016 Cal. App. LEXIS 105', '198 Cal. Rptr. 3d 550', '244 Cal. App. 4th 1075']"
9622395,https://www.courtlistener.com/opinion/9622395/steinmeyer-v-american-association-of-blood-banks/,"District Court, S.D. California",4381294,https://www.courtlistener.com/opinion/4381294/mcgill-v-citibank-na/,California Supreme Court,McGill,"McGill v. Citibank, N.A.","['2017 Cal. LEXIS 2551', '2 Cal. 5th 945', '393 P.3d 85', '216 Cal. Rptr. 3d 627']"
9622395,https://www.courtlistener.com/opinion/9622395/steinmeyer-v-american-association-of-blood-banks/,"District Court, S.D. California",4426210,https://www.courtlistener.com/opinion/4426210/mcproud-v-siller-in-re-cws-enterprises-inc/,Court of Appeals for the Ninth Circuit,,"McProud v. Siller (In Re CWS Enterprises, Inc.)","[""870 F. App'x 1106"", '870 F.3d 1106']"
9622395,https://www.courtlistener.com/opinion/9622395/steinmeyer-v-american-association-of-blood-banks/,"District Court, S.D. California",4449091,https://www.courtlistener.com/opinion/4449091/sarale-v-california-independent-system-operator-corp/,Court of Appeals for the Ninth Circuit,Caiso,Sarale v. California Independent System Operator Corp.,"[""705 F. App'x 614""]"
9622395,https://www.courtlistener.com/opinion/9622395/steinmeyer-v-american-association-of-blood-banks/,"District Court, S.D. California",4456192,https://www.courtlistener.com/opinion/4456192/francis-fleming-jr-v-the-charles-schwab-corp/,Court of Appeals for the Ninth Circuit,,"Francis Fleming, Jr. v. the Charles Schwab Corp.",['878 F.3d 1146']
9622395,https://www.courtlistener.com/opinion/9622395/steinmeyer-v-american-association-of-blood-banks/,"District Court, S.D. California",4510603,https://www.courtlistener.com/opinion/4510603/samara-v-matar/,California Supreme Court,Samara,Samara v. Matar,"['5 Cal. 5th 322', '419 P.3d 924', '234 Cal. Rptr. 3d 446']"
9622395,https://www.courtlistener.com/opinion/9622395/steinmeyer-v-american-association-of-blood-banks/,"District Court, S.D. California",4525969,https://www.courtlistener.com/opinion/4525969/karim-khoja-v-orexigen-therapeutics-inc/,Court of Appeals for the Ninth Circuit,,"Karim Khoja v. Orexigen Therapeutics, Inc.",['899 F.3d 988']
9622395,https://www.courtlistener.com/opinion/9622395/steinmeyer-v-american-association-of-blood-banks/,"District Court, S.D. California",4581583,https://www.courtlistener.com/opinion/4581583/applied-underwriters-inc-v-larry-lichtenegger/,Court of Appeals for the Ninth Circuit,,"Applied Underwriters, Inc. v. Larry Lichtenegger",['913 F.3d 884']
9622395,https://www.courtlistener.com/opinion/9622395/steinmeyer-v-american-association-of-blood-banks/,"District Court, S.D. California",4613683,https://www.courtlistener.com/opinion/4613683/ntch-wa-inc-v-zte-corp/,Court of Appeals for the Ninth Circuit,,"Ntch-Wa, Inc. v. Zte Corp.",['921 F.3d 1175']
9622395,https://www.courtlistener.com/opinion/9622395/steinmeyer-v-american-association-of-blood-banks/,"District Court, S.D. California",4647144,https://www.courtlistener.com/opinion/4647144/khalil-janjua-v-donald-neufeld/,Court of Appeals for the Ninth Circuit,,Khalil Janjua v. Donald Neufeld,['933 F.3d 1061']
9622395,https://www.courtlistener.com/opinion/9622395/steinmeyer-v-american-association-of-blood-banks/,"District Court, S.D. California",7035241,https://www.courtlistener.com/opinion/7035241/takhar-v-kessler/,Court of Appeals for the Ninth Circuit,Takhar,Takhar v. Kessler,"['1996 WL 54485', '1996 U.S. App. LEXIS 1933', '96 Cal. Daily Op. Serv. 967', '96 Daily Journal DAR 1588', '76 F.3d 995']"
9622395,https://www.courtlistener.com/opinion/9622395/steinmeyer-v-american-association-of-blood-banks/,"District Court, S.D. California",7079981,https://www.courtlistener.com/opinion/7079981/lopez-v-smith/,Court of Appeals for the Ninth Circuit,Lopez,Lopez v. Smith,"['2000 WL 144385', '2000 U.S. App. LEXIS 1740', '2000 Daily Journal DAR 1585', '2000 Cal. Daily Op. Serv. 1096', '46 Fed. R. Serv. 3d 494', '203 F.3d 1122']"
9622395,https://www.courtlistener.com/opinion/9622395/steinmeyer-v-american-association-of-blood-banks/,"District Court, S.D. California",7082005,https://www.courtlistener.com/opinion/7082005/white-v-lee/,Court of Appeals for the Ninth Circuit,White,White v. Lee,"['2000 WL 1407125', '2000 U.S. App. LEXIS 23778', '2000 Cal. Daily Op. Serv. 7958', '2000 Daily Journal DAR 10557', '227 F.3d 1214']"
9622395,https://www.courtlistener.com/opinion/9622395/steinmeyer-v-american-association-of-blood-banks/,"District Court, S.D. California",7092482,https://www.courtlistener.com/opinion/7092482/lee-v-city-of-los-angeles/,Court of Appeals for the Ninth Circuit,,Lee v. City of Los Angeles,"['2001 WL 468408', '250 F.3d 668']"
9622395,https://www.courtlistener.com/opinion/9622395/steinmeyer-v-american-association-of-blood-banks/,"District Court, S.D. California",7324900,https://www.courtlistener.com/opinion/7324900/hadley-v-kellogg-sales-co/,"District Court, N.D. California",Hadley,Hadley v. Kellogg Sales Co.,"['2017 U.S. Dist. LEXIS 40825', '2017 WL 1065293', '243 F. Supp. 3d 1074']"
9622395,https://www.courtlistener.com/opinion/9622395/steinmeyer-v-american-association-of-blood-banks/,"District Court, S.D. California",7336110,https://www.courtlistener.com/opinion/7336110/wi-lan-inc-v-lg-elecs-inc/,"District Court, S.D. California",,"Wi-Lan Inc. v. LG Elecs., Inc.",['382 F. Supp. 3d 1012']
9622395,https://www.courtlistener.com/opinion/9622395/steinmeyer-v-american-association-of-blood-banks/,"District Court, S.D. California",8438112,https://www.courtlistener.com/opinion/8438112/kougasian-v-tmsl-inc/,Court of Appeals for the Ninth Circuit,Kougasian,"Kougasian v. TMSL, Inc.","['2004 WL 354196', '359 F.3d 1136']"
9622395,https://www.courtlistener.com/opinion/9622395/steinmeyer-v-american-association-of-blood-banks/,"District Court, S.D. California",8438360,https://www.courtlistener.com/opinion/8438360/safe-air-for-everyone-v-meyer/,Court of Appeals for the Ninth Circuit,Meyer,Safe Air for Everyone v. Meyer,"['2004 WL 1470862', '373 F.3d 1035']"
9622395,https://www.courtlistener.com/opinion/9622395/steinmeyer-v-american-association-of-blood-banks/,"District Court, S.D. California",8729418,https://www.courtlistener.com/opinion/8729418/eidson-v-medtronic-inc/,"District Court, N.D. California",Eidson,"Eidson v. Medtronic, Inc.","['2013 WL 5533081', '981 F. Supp. 2d 868']"
9622395,https://www.courtlistener.com/opinion/9622395/steinmeyer-v-american-association-of-blood-banks/,"District Court, S.D. California",9008822,https://www.courtlistener.com/opinion/9008822/clark-v-bear-stearns-co/,Court of Appeals for the Ninth Circuit,,Clark v. Bear Stearns & Co.,"['1992 WL 126611', '966 F.2d 1318']"
9622395,https://www.courtlistener.com/opinion/9622395/steinmeyer-v-american-association-of-blood-banks/,"District Court, S.D. California",9022502,https://www.courtlistener.com/opinion/9022502/stevens-v-zapposcom-inc-in-re-zapposcom-inc/,Court of Appeals for the Ninth Circuit,Stevens,"Stevens v. Zappos.com., Inc. (In re Zappos.com., Inc.)",['888 F.3d 1020']
9622395,https://www.courtlistener.com/opinion/9622395/steinmeyer-v-american-association-of-blood-banks/,"District Court, S.D. California",9022504,https://www.courtlistener.com/opinion/9022504/davidson-v-kimberly-clark-corp/,Court of Appeals for the Ninth Circuit,Davidson,Davidson v. Kimberly-Clark Corp.,['889 F.3d 956']
9622395,https://www.courtlistener.com/opinion/9622395/steinmeyer-v-american-association-of-blood-banks/,"District Court, S.D. California",104272,https://www.courtlistener.com/opinion/104272/bell-v-hood/,Supreme Court of the United States,Hood,Bell v. Hood,"['13 A.L.R. 2d 383', '1946 U.S. LEXIS 2569', '90 L. Ed. 939', '66 S. Ct. 773', '327 U.S. 678']"
9622395,https://www.courtlistener.com/opinion/9622395/steinmeyer-v-american-association-of-blood-banks/,"District Court, S.D. California",109301,https://www.courtlistener.com/opinion/109301/warth-v-seldin/,Supreme Court of the United States,Warth,Warth v. Seldin,"['1975 U.S. LEXIS 76', '422 U.S. 490', '95 S. Ct. 2197', '45 L. Ed. 2d 343']"
9622395,https://www.courtlistener.com/opinion/9622395/steinmeyer-v-american-association-of-blood-banks/,"District Court, S.D. California",110889,https://www.courtlistener.com/opinion/110889/district-of-columbia-court-of-appeals-v-feldman/,Supreme Court of the United States,Feldman,District of Columbia Court of Appeals v. Feldman,"['51 U.S.L.W. 4285', '1983 U.S. LEXIS 150', '460 U.S. 462', '103 S. Ct. 1303', '75 L. Ed. 2d 206']"
9622395,https://www.courtlistener.com/opinion/9622395/steinmeyer-v-american-association-of-blood-banks/,"District Court, S.D. California",112747,https://www.courtlistener.com/opinion/112747/lujan-v-defenders-of-wildlife/,Supreme Court of the United States,Lujan,Lujan v. Defenders of Wildlife,"['34 ERC (BNA) 1785', '22 Envtl. L. Rep. (Envtl. Law Inst.) 20913', '6 Fla. L. Weekly Fed. S 374', '92 Daily Journal DAR 8967', '92 Cal. Daily Op. Serv. 4985', '60 U.S.L.W. 4495', '1992 U.S. LEXIS 3543', '504 U.S. 555', '112 S. Ct. 2130', '119 L. Ed. 2d 351']"
9622395,https://www.courtlistener.com/opinion/9622395/steinmeyer-v-american-association-of-blood-banks/,"District Court, S.D. California",145658,https://www.courtlistener.com/opinion/145658/daimlerchrysler-corp-v-cuno/,Supreme Court of the United States,Cuno,DaimlerChrysler Corp. v. Cuno,"['2006 U.S. LEXIS 3956', '547 U.S. 332', '126 S. Ct. 1854', '164 L. Ed. 2d 589']"
9622395,https://www.courtlistener.com/opinion/9622395/steinmeyer-v-american-association-of-blood-banks/,"District Court, S.D. California",145730,https://www.courtlistener.com/opinion/145730/bell-atlantic-corp-v-twombly/,Supreme Court of the United States,Twombly,Bell Atlantic Corp. v. Twombly,"['75 U.S.L.W. 4337', '68 Fed. R. Serv. 3d 661', '20 Fla. L. Weekly Fed. S 267', '41 Communications Reg. (P&F) 567', '2007 U.S. LEXIS 5901', '550 U.S. 544', '127 S. Ct. 1955', '167 L. Ed. 2d 929']"
9622395,https://www.courtlistener.com/opinion/9622395/steinmeyer-v-american-association-of-blood-banks/,"District Court, S.D. California",145875,https://www.courtlistener.com/opinion/145875/ashcroft-v-iqbal/,Supreme Court of the United States,Iqbal,Ashcroft v. Iqbal,"['2009 U.S. LEXIS 3472', '556 U.S. 662', '129 S. Ct. 1937', '173 L. Ed. 2d 868']"
9622395,https://www.courtlistener.com/opinion/9622395/steinmeyer-v-american-association-of-blood-banks/,"District Court, S.D. California",807646,https://www.courtlistener.com/opinion/807646/michael-lacey-v-joseph-arpaio/,Court of Appeals for the Ninth Circuit,,Michael Lacey v. Joseph Arpaio,['693 F.3d 896']
9622395,https://www.courtlistener.com/opinion/9622395/steinmeyer-v-american-association-of-blood-banks/,"District Court, S.D. California",1225987,https://www.courtlistener.com/opinion/1225987/cedars-sinai-medical-center-v-superior-court/,California Supreme Court,,Cedars-Sinai Medical Center v. Superior Court,"['1998 Cal. LEXIS 2624', '98 Daily Journal DAR 4881', '98 Cal. Daily Op. Serv. 3554', '18 Cal. 4th 1', '74 Cal. Rptr. 2d 248', '954 P.2d 511']"
9622395,https://www.courtlistener.com/opinion/9622395/steinmeyer-v-american-association-of-blood-banks/,"District Court, S.D. California",2625696,https://www.courtlistener.com/opinion/2625696/arias-v-superior-court/,California Supreme Court,Arias,Arias v. Superior Court,"['2009 Cal. LEXIS 6017', '95 Cal. Rptr. 3d 588', '15 Wage & Hour Cas.2d (BNA) 791', '209 P.3d 923', '46 Cal. 4th 969']"
9660089,https://www.courtlistener.com/opinion/9660089/callen-v-daimler-ag/,"District Court, N.D. Georgia",76607,https://www.courtlistener.com/opinion/76607/klay-v-united-healthgroup-inc/,Court of Appeals for the Eleventh Circuit,,"Klay v. United Healthgroup, Inc.","['2004 WL 1463452', '2004 U.S. App. LEXIS 13492', '376 F.3d 1092']"
9660089,https://www.courtlistener.com/opinion/9660089/callen-v-daimler-ag/,"District Court, N.D. Georgia",421226,https://www.courtlistener.com/opinion/421226/quality-foods-de-centro-america-sa-and-duroparts-de-el-salvador-sa-v/,Court of Appeals for the Eleventh Circuit,,"Quality Foods De Centro America, S.A. And Duroparts De El Salvador, S.A. v. Latin American Agribusiness Development Corporation, S.A.","['1983 U.S. App. LEXIS 25132', '711 F.2d 989']"
9660089,https://www.courtlistener.com/opinion/9660089/callen-v-daimler-ag/,"District Court, N.D. Georgia",447053,https://www.courtlistener.com/opinion/447053/lombards-inc-v-prince-manufacturing-inc-and-chesebrough-ponds-inc/,Court of Appeals for the Eleventh Circuit,,"Lombard's, Inc. v. Prince Manufacturing, Inc. And Chesebrough-Pond's Inc.","['1985 U.S. App. LEXIS 28161', '40 Fed. R. Serv. 2d 1453', '753 F.2d 974']"
9660089,https://www.courtlistener.com/opinion/9660089/callen-v-daimler-ag/,"District Court, N.D. Georgia",552261,https://www.courtlistener.com/opinion/552261/dolcie-lawrence-v-peter-dunbar-united-states-of-america/,Court of Appeals for the Eleventh Circuit,,"Dolcie Lawrence v. Peter Dunbar, United States of America","['1990 WL 194400', '1990 U.S. App. LEXIS 22243', '18 Fed. R. Serv. 3d 891', '919 F.2d 1525']"
9660089,https://www.courtlistener.com/opinion/9660089/callen-v-daimler-ag/,"District Court, N.D. Georgia",622977,https://www.courtlistener.com/opinion/622977/wilson-v-hewlett-packard-co/,Court of Appeals for the Ninth Circuit,Wilson,Wilson v. Hewlett-Packard Co.,"['2012 U.S. App. LEXIS 3174', '2012 WL 502442', '668 F.3d 1136']"
9660089,https://www.courtlistener.com/opinion/9660089/callen-v-daimler-ag/,"District Court, N.D. Georgia",682480,https://www.courtlistener.com/opinion/682480/rafael-sanjuan-and-marcello-a-maviglia-v-the-american-board-of-psychiatry/,Court of Appeals for the Seventh Circuit,,"Rafael Sanjuan and Marcello A. Maviglia v. The American Board of Psychiatry and Neurology, Inc., and Stephen C. Scheiber",['40 F.3d 247']
9660089,https://www.courtlistener.com/opinion/9660089/callen-v-daimler-ag/,"District Court, N.D. Georgia",733352,https://www.courtlistener.com/opinion/733352/luis-e-garcia-md-v-copenhaver-bell-associates-mds-pa/,Court of Appeals for the Third Circuit,,"Luis E. Garcia, M.D. v. Copenhaver, Bell & Associates, m.d.'s, P.A., Defendant-Third Party St. Paul Fire & Marine Insurance Company, Third Party","['1997 WL 16613', '73 Fair Empl. Prac. Cas. (BNA) 153', '69 Empl. Prac. Dec. (CCH) 44,524', '1997 U.S. App. LEXIS 1747', '36 Fed. R. Serv. 3d 1134', '104 F.3d 1256']"
9660089,https://www.courtlistener.com/opinion/9660089/callen-v-daimler-ag/,"District Court, N.D. Georgia",1146378,https://www.courtlistener.com/opinion/1146378/friedman-v-american-guardian-warranty-services-inc/,District Court of Appeal of Florida,Friedman,"Friedman v. American Guardian Warranty Services, Inc.","['2003 WL 470217', '837 So. 2d 1165']"
9660089,https://www.courtlistener.com/opinion/9660089/callen-v-daimler-ag/,"District Court, N.D. Georgia",1199775,https://www.courtlistener.com/opinion/1199775/clemens-v-daimlerchrysler-corp/,Court of Appeals for the Ninth Circuit,Clemens,Clemens v. DaimlerChrysler Corp.,"['2008 WL 2840662', '2008 U.S. App. LEXIS 15949', '66 U.C.C. Rep. Serv. 2d (West) 688', '534 F.3d 1017']"
9660089,https://www.courtlistener.com/opinion/9660089/callen-v-daimler-ag/,"District Court, N.D. Georgia",1798342,https://www.courtlistener.com/opinion/1798342/pierson-v-orlando-regional-healthcare-systems-inc/,"District Court, M.D. Florida",Pierson,"Pierson v. Orlando Regional Healthcare Systems, Inc.","['2009 WL 1149160', '2009 U.S. Dist. LEXIS 40403', '619 F. Supp. 2d 1260']"
9660089,https://www.courtlistener.com/opinion/9660089/callen-v-daimler-ag/,"District Court, N.D. Georgia",2267506,https://www.courtlistener.com/opinion/2267506/limandri-v-judkins/,California Court of Appeal,LiMandri,LiMandri v. Judkins,"['1997 Cal. App. LEXIS 56', '97 Daily Journal DAR 1037', '97 Cal. Daily Op. Serv. 690', '60 Cal. Rptr. 2d 539', '52 Cal. App. 4th 326']"
9660089,https://www.courtlistener.com/opinion/9660089/callen-v-daimler-ag/,"District Court, N.D. Georgia",2350980,https://www.courtlistener.com/opinion/2350980/management-science-america-inc-v-ncr-corp/,"District Court, N.D. Georgia",,"Management Science America, Inc. v. NCR Corp.","['1991 WL 91020', '1991 U.S. Dist. LEXIS 7180', '765 F. Supp. 738']"
9660089,https://www.courtlistener.com/opinion/9660089/callen-v-daimler-ag/,"District Court, N.D. Georgia",2469946,https://www.courtlistener.com/opinion/2469946/yumul-v-smart-balance-inc/,"District Court, C.D. California",Yumul,"Yumul v. Smart Balance, Inc.","['2010 WL 3359663', '2010 U.S. Dist. LEXIS 86394', '733 F. Supp. 2d 1117']"
9660089,https://www.courtlistener.com/opinion/9660089/callen-v-daimler-ag/,"District Court, N.D. Georgia",2477650,https://www.courtlistener.com/opinion/2477650/chiste-v-hotelscom-lp/,"District Court, S.D. New York",Chiste,Chiste v. Hotels.com L.P.,"['2010 WL 4630317', '756 F. Supp. 2d 382']"
9660089,https://www.courtlistener.com/opinion/9660089/callen-v-daimler-ag/,"District Court, N.D. Georgia",2525689,https://www.courtlistener.com/opinion/2525689/kramer-v-gwinnett-county-georgia/,"District Court, N.D. Georgia",Kramer,"Kramer v. Gwinnett County, Georgia","['2004 WL 418117', '2004 U.S. Dist. LEXIS 3540', '306 F. Supp. 2d 1219']"
9660089,https://www.courtlistener.com/opinion/9660089/callen-v-daimler-ag/,"District Court, N.D. Georgia",2671305,https://www.courtlistener.com/opinion/2671305/keith-d-jones-v-bank-of-america-na/,Court of Appeals for the Eleventh Circuit,,"Keith D. Jones v. Bank of America, N.A.","[""564 F. App'x 432""]"
9660089,https://www.courtlistener.com/opinion/9660089/callen-v-daimler-ag/,"District Court, N.D. Georgia",4378094,https://www.courtlistener.com/opinion/4378094/george-williams-v-yamaha-motor-corp-usa/,Court of Appeals for the Ninth Circuit,,George Williams v. Yamaha Motor Corp. USA,"['2017 U.S. App. LEXIS 5210', '2017 WL 1101095', '851 F.3d 1015']"
9660089,https://www.courtlistener.com/opinion/9660089/callen-v-daimler-ag/,"District Court, N.D. Georgia",4503602,https://www.courtlistener.com/opinion/4503602/robert-hodsdon-v-mars-inc/,Court of Appeals for the Ninth Circuit,,"Robert Hodsdon v. Mars, Inc.",['891 F.3d 857']
9660089,https://www.courtlistener.com/opinion/9660089/callen-v-daimler-ag/,"District Court, N.D. Georgia",5607883,https://www.courtlistener.com/opinion/5607883/engalla-v-permanente-medical-group-inc/,California Supreme Court,Engalla,"Engalla v. Permanente Medical Group, Inc.","['1997 Cal. LEXIS 2971', '97 Cal. Daily Op. Serv. 5206', '64 Cal. Rptr. 2d 843', '21 Employee Benefits Cas. (BNA) 1407', '97 Daily Journal DAR 8384', '938 P.2d 903', '15 Cal. 4th 951']"
9660089,https://www.courtlistener.com/opinion/9660089/callen-v-daimler-ag/,"District Court, N.D. Georgia",5810789,https://www.courtlistener.com/opinion/5810789/collins-v-emachines-inc/,California Court of Appeal,Collins,"Collins v. eMachines, Inc.","['2011 Cal. App. LEXIS 1626', '134 Cal. Rptr. 3d 588', '202 Cal. App. 4th 249']"
9660089,https://www.courtlistener.com/opinion/9660089/callen-v-daimler-ag/,"District Court, N.D. Georgia",5825758,https://www.courtlistener.com/opinion/5825758/jablonski-v-rapalje/,Appellate Division of the Supreme Court of the State of New York,Jablonski,Jablonski v. Rapalje,"['2005 N.Y. App. Div. LEXIS 166', '788 N.Y.S.2d 158', '14 A.D.3d 484']"
9660089,https://www.courtlistener.com/opinion/9660089/callen-v-daimler-ag/,"District Court, N.D. Georgia",6206796,https://www.courtlistener.com/opinion/6206796/goshen-v-mutual-life-insurance/,Appellate Division of the Supreme Court of the State of New York,Goshen,Goshen v. Mutual Life Insurance,"['730 N.Y.S.2d 46', '286 A.D.2d 229']"
9660089,https://www.courtlistener.com/opinion/9660089/callen-v-daimler-ag/,"District Court, N.D. Georgia",6240535,https://www.courtlistener.com/opinion/6240535/berger-v-varum/,"California Court of Appeal, 5th District",Berger,Berger v. Varum,"['35 Cal. App. 5th 1013', '248 Cal. Rptr. 3d 51']"
9660089,https://www.courtlistener.com/opinion/9660089/callen-v-daimler-ag/,"District Court, N.D. Georgia",7307191,https://www.courtlistener.com/opinion/7307191/rasmussen-v-apple-inc/,"District Court, N.D. California",Rasmussen,Rasmussen v. Apple Inc.,"['2014 WL 1047091', '2014 U.S. Dist. LEXIS 35352', '27 F. Supp. 3d 1027']"
9660089,https://www.courtlistener.com/opinion/9660089/callen-v-daimler-ag/,"District Court, N.D. Georgia",7318430,https://www.courtlistener.com/opinion/7318430/in-re-anthem-inc-data-breach-litigation/,"District Court, N.D. California",,"In re Anthem, Inc. Data Breach Litigation","['2016 WL 589760', '2016 U.S. Dist. LEXIS 18135', '61 Employee Benefits Cas. (BNA) 2062', '162 F. Supp. 3d 953']"
9660089,https://www.courtlistener.com/opinion/9660089/callen-v-daimler-ag/,"District Court, N.D. Georgia",7324900,https://www.courtlistener.com/opinion/7324900/hadley-v-kellogg-sales-co/,"District Court, N.D. California",Hadley,Hadley v. Kellogg Sales Co.,"['2017 U.S. Dist. LEXIS 40825', '2017 WL 1065293', '243 F. Supp. 3d 1074']"
9660089,https://www.courtlistener.com/opinion/9660089/callen-v-daimler-ag/,"District Court, N.D. Georgia",7329453,https://www.courtlistener.com/opinion/7329453/amin-v-mercedes-benz-united-states-llc/,"District Court, N.D. Georgia",Amin,"Amin v. Mercedes-Benz United States, LLC",['301 F. Supp. 3d 1277']
9660089,https://www.courtlistener.com/opinion/9660089/callen-v-daimler-ag/,"District Court, N.D. Georgia",7333159,https://www.courtlistener.com/opinion/7333159/in-re-apple-inc-device-performance-litig/,"District Court, N.D. California",,In re Apple Inc. Device Performance Litig.,['347 F. Supp. 3d 434']
9660089,https://www.courtlistener.com/opinion/9660089/callen-v-daimler-ag/,"District Court, N.D. Georgia",145722,https://www.courtlistener.com/opinion/145722/erickson-v-pardus/,Supreme Court of the United States,Erickson,Erickson v. Pardus,"['2007 U.S. LEXIS 6814', '551 U.S. 89', '127 S. Ct. 2197', '167 L. Ed. 2d 1081']"
9660089,https://www.courtlistener.com/opinion/9660089/callen-v-daimler-ag/,"District Court, N.D. Georgia",145730,https://www.courtlistener.com/opinion/145730/bell-atlantic-corp-v-twombly/,Supreme Court of the United States,Twombly,Bell Atlantic Corp. v. Twombly,"['75 U.S.L.W. 4337', '68 Fed. R. Serv. 3d 661', '20 Fla. L. Weekly Fed. S 267', '41 Communications Reg. (P&F) 567', '2007 U.S. LEXIS 5901', '550 U.S. 544', '127 S. Ct. 1955', '167 L. Ed. 2d 929']"
9660089,https://www.courtlistener.com/opinion/9660089/callen-v-daimler-ag/,"District Court, N.D. Georgia",145875,https://www.courtlistener.com/opinion/145875/ashcroft-v-iqbal/,Supreme Court of the United States,Iqbal,Ashcroft v. Iqbal,"['2009 U.S. LEXIS 3472', '556 U.S. 662', '129 S. Ct. 1937', '173 L. Ed. 2d 868']"
9674372,https://www.courtlistener.com/opinion/9674372/in-re-100-grated-parmesan-cheese-marketing-and-sales-practices-litigation/,"District Court, N.D. Illinois",220490,https://www.courtlistener.com/opinion/220490/alioto-v-town-of-lisbon/,Court of Appeals for the Seventh Circuit,Alioto,Alioto v. Town of Lisbon,"['2011 WL 2642369', '112 Fair Empl. Prac. Cas. (BNA) 1326', '2011 U.S. App. LEXIS 13841', '651 F.3d 715']"
9674372,https://www.courtlistener.com/opinion/9674372/in-re-100-grated-parmesan-cheese-marketing-and-sales-practices-litigation/,"District Court, N.D. Illinois",223433,https://www.courtlistener.com/opinion/223433/in-re-aqua-dots-products-liability-litigation/,Court of Appeals for the Seventh Circuit,In Re Aqua Dots Products Liability Litigation,In Re Aqua Dots Products Liability Litigation,"['2011 WL 3629723', '2011 U.S. App. LEXIS 17039', '654 F.3d 748']"
9674372,https://www.courtlistener.com/opinion/9674372/in-re-100-grated-parmesan-cheese-marketing-and-sales-practices-litigation/,"District Court, N.D. Illinois",426248,https://www.courtlistener.com/opinion/426248/royal-typewriter-company-a-division-of-litton-business-systems-inc-a/,Court of Appeals for the Eleventh Circuit,,"Royal Typewriter Company, a Division of Litton Business Systems, Inc., a Corporation v. Xerographic Supplies Corporation, a Corporation","['1983 U.S. App. LEXIS 15337', '37 U.C.C. Rep. Serv. (West) 429', '719 F.2d 1092']"
9674372,https://www.courtlistener.com/opinion/9674372/in-re-100-grated-parmesan-cheese-marketing-and-sales-practices-litigation/,"District Court, N.D. Illinois",480788,https://www.courtlistener.com/opinion/480788/hobco-inc-v-tallahassee-associates/,Court of Appeals for the Eleventh Circuit,,"Hobco, Inc. v. Tallahassee Associates","['1987 U.S. App. LEXIS 819', '807 F.2d 1529']"
9674372,https://www.courtlistener.com/opinion/9674372/in-re-100-grated-parmesan-cheese-marketing-and-sales-practices-litigation/,"District Court, N.D. Illinois",483600,https://www.courtlistener.com/opinion/483600/first-wisconsin-financial-corporation-v-thomas-yamaguchi/,Court of Appeals for the First Circuit,,First Wisconsin Financial Corporation v. Thomas Yamaguchi,"['1987 U.S. App. LEXIS 2439', '812 F.2d 370']"
9674372,https://www.courtlistener.com/opinion/9674372/in-re-100-grated-parmesan-cheese-marketing-and-sales-practices-litigation/,"District Court, N.D. Illinois",612578,https://www.courtlistener.com/opinion/612578/cleary-v-philip-morris-inc/,Court of Appeals for the Seventh Circuit,Cleary,Cleary v. Philip Morris Inc.,"['2011 WL 3800122', '2011 U.S. App. LEXIS 17758', '656 F.3d 511']"
9674372,https://www.courtlistener.com/opinion/9674372/in-re-100-grated-parmesan-cheese-marketing-and-sales-practices-litigation/,"District Court, N.D. Illinois",673475,https://www.courtlistener.com/opinion/673475/john-e-trytko-jr-v-hubbell-inc-cross-appellee/,Court of Appeals for the Seventh Circuit,,"John E. Trytko, Jr. v. Hubbell, Inc., Cross-Appellee",['28 F.3d 715']
9674372,https://www.courtlistener.com/opinion/9674372/in-re-100-grated-parmesan-cheese-marketing-and-sales-practices-litigation/,"District Court, N.D. Illinois",760151,https://www.courtlistener.com/opinion/760151/northern-indiana-gun-outdoor-shows-inc-v-city-of-south-bend-stephen/,Court of Appeals for the Seventh Circuit,,"Northern Indiana Gun & Outdoor Shows, Inc. v. City of South Bend, Stephen Leucke, Brian R. Hedman, and Karl King","['1998 WL 909888', '1998 U.S. App. LEXIS 32617', '42 Fed. R. Serv. 3d 548', '163 F.3d 449']"
9674372,https://www.courtlistener.com/opinion/9674372/in-re-100-grated-parmesan-cheese-marketing-and-sales-practices-litigation/,"District Court, N.D. Illinois",768850,https://www.courtlistener.com/opinion/768850/home-valu-inc-v-pep-boys-manny-moe-and-jack-of-delaware-inc/,Court of Appeals for the Seventh Circuit,,"Home Valu, Inc. v. Pep Boys Manny, Moe and Jack of Delaware, Inc.","['2000 WL 676160', '2000 U.S. App. LEXIS 11666', '213 F.3d 960']"
9674372,https://www.courtlistener.com/opinion/9674372/in-re-100-grated-parmesan-cheese-marketing-and-sales-practices-litigation/,"District Court, N.D. Illinois",779023,https://www.courtlistener.com/opinion/779023/southern-illinois-riverboat-casino-cruises-inc-dba-players-island/,Court of Appeals for the Seventh Circuit,,"Southern Illinois Riverboat Casino Cruises, Inc., D/B/A Players Island Casino v. Triangle Insulation and Sheet Metal Company","['2002 WL 1949700', '2002 U.S. App. LEXIS 17578', '48 U.C.C. Rep. Serv. 2d (West) 1044', '302 F.3d 667']"
9674372,https://www.courtlistener.com/opinion/9674372/in-re-100-grated-parmesan-cheese-marketing-and-sales-practices-litigation/,"District Court, N.D. Illinois",794986,https://www.courtlistener.com/opinion/794986/patricia-a-luna-v-united-states/,Court of Appeals for the Seventh Circuit,,Patricia A. Luna v. United States,"['2006 WL 1975400', '2006 U.S. App. LEXIS 17934', '454 F.3d 631']"
9674372,https://www.courtlistener.com/opinion/9674372/in-re-100-grated-parmesan-cheese-marketing-and-sales-practices-litigation/,"District Court, N.D. Illinois",796351,https://www.courtlistener.com/opinion/796351/carol-b-oshana-v-coca-cola-company-a-delaware-corporation/,Court of Appeals for the Seventh Circuit,,"Carol B. Oshana v. Coca-Cola Company, a Delaware Corporation","['2006 WL 3816041', '2006 U.S. App. LEXIS 32036', '472 F.3d 506']"
9674372,https://www.courtlistener.com/opinion/9674372/in-re-100-grated-parmesan-cheese-marketing-and-sales-practices-litigation/,"District Court, N.D. Illinois",866703,https://www.courtlistener.com/opinion/866703/zena-phillips-v-the-prudential-insurance-compa/,Court of Appeals for the Seventh Circuit,,Zena Phillips v. The Prudential Insurance Compa,"['2013 U.S. App. LEXIS 9130', '2013 WL 1859137', '714 F.3d 1017']"
9674372,https://www.courtlistener.com/opinion/9674372/in-re-100-grated-parmesan-cheese-marketing-and-sales-practices-litigation/,"District Court, N.D. Illinois",1127011,https://www.courtlistener.com/opinion/1127011/spolski-gen-contr-v-jett-aire-corp/,District Court of Appeal of Florida,,SPOLSKI GEN. CONTR. v. Jett-Aire Corp.,"['1994 WL 236486', '637 So. 2d 968']"
9674372,https://www.courtlistener.com/opinion/9674372/in-re-100-grated-parmesan-cheese-marketing-and-sales-practices-litigation/,"District Court, N.D. Illinois",1137861,https://www.courtlistener.com/opinion/1137861/thursby-v-reynolds-metals-co/,District Court of Appeal of Florida,Thursby,Thursby v. Reynolds Metals Co.,['466 So. 2d 245']
9674372,https://www.courtlistener.com/opinion/9674372/in-re-100-grated-parmesan-cheese-marketing-and-sales-practices-litigation/,"District Court, N.D. Illinois",1221373,https://www.courtlistener.com/opinion/1221373/burr-v-sherwin-williams-co/,California Supreme Court,Burr,Burr v. Sherwin Williams Co.,"['1954 Cal. LEXIS 197', '42 Cal. 2d 682', '268 P.2d 1041']"
9674372,https://www.courtlistener.com/opinion/9674372/in-re-100-grated-parmesan-cheese-marketing-and-sales-practices-litigation/,"District Court, N.D. Illinois",1310471,https://www.courtlistener.com/opinion/1310471/zine-v-chrysler-corp/,Michigan Court of Appeals,Zine,Zine v. Chrysler Corp.,"['236 Mich. App. 261', '600 N.W.2d 384']"
9674372,https://www.courtlistener.com/opinion/9674372/in-re-100-grated-parmesan-cheese-marketing-and-sales-practices-litigation/,"District Court, N.D. Illinois",1363007,https://www.courtlistener.com/opinion/1363007/pisciotta-v-old-national-bancorp/,Court of Appeals for the Seventh Circuit,Pisciotta,Pisciotta v. Old National Bancorp,"['2007 WL 2389770', '2007 U.S. App. LEXIS 20068', '499 F.3d 629']"
9674372,https://www.courtlistener.com/opinion/9674372/in-re-100-grated-parmesan-cheese-marketing-and-sales-practices-litigation/,"District Court, N.D. Illinois",1488106,https://www.courtlistener.com/opinion/1488106/collins-v-anthem-health-plans-inc/,Supreme Court of Connecticut,Collins,"Collins v. Anthem Health Plans, Inc.","['2005 Conn. LEXIS 334', '275 Conn. 309', '880 A.2d 106']"
9674372,https://www.courtlistener.com/opinion/9674372/in-re-100-grated-parmesan-cheese-marketing-and-sales-practices-litigation/,"District Court, N.D. Illinois",1687132,https://www.courtlistener.com/opinion/1687132/kennedy-v-polar-bek-baker-wildwood/,Supreme Court of Alabama,,Kennedy v. Polar-BEK & Baker Wildwood,"['1996 WL 519856', '682 So. 2d 443']"
9674372,https://www.courtlistener.com/opinion/9674372/in-re-100-grated-parmesan-cheese-marketing-and-sales-practices-litigation/,"District Court, N.D. Illinois",1696292,https://www.courtlistener.com/opinion/1696292/alley-construction-co-inc-v-state/,Supreme Court of Minnesota,,"Alley Construction Co., Inc. v. State","['1974 Minn. LEXIS 1345', '300 Minn. 346', '219 N.W.2d 922']"
9674372,https://www.courtlistener.com/opinion/9674372/in-re-100-grated-parmesan-cheese-marketing-and-sales-practices-litigation/,"District Court, N.D. Illinois",1727853,https://www.courtlistener.com/opinion/1727853/carter-hawley-hale-stores-inc-v-conley/,District Court of Appeal of Florida,Conley,"Carter Hawley Hale Stores, Inc. v. Conley","['1979 Fla. App. LEXIS 15390', '26 U.C.C. Rep. Serv. (West) 860', '372 So. 2d 965']"
9674372,https://www.courtlistener.com/opinion/9674372/in-re-100-grated-parmesan-cheese-marketing-and-sales-practices-litigation/,"District Court, N.D. Illinois",1792732,https://www.courtlistener.com/opinion/1792732/corfan-banco-v-ocean-bank/,District Court of Appeal of Florida,,Corfan Banco v. Ocean Bank,"['1998 WL 299669', '715 So. 2d 967']"
9674372,https://www.courtlistener.com/opinion/9674372/in-re-100-grated-parmesan-cheese-marketing-and-sales-practices-litigation/,"District Court, N.D. Illinois",1800517,https://www.courtlistener.com/opinion/1800517/peterson-v-bendix-home-systems-inc/,Supreme Court of Minnesota,Peterson,"Peterson v. Bendix Home Systems, Inc.","['1982 Minn. LEXIS 1528', '33 U.C.C. Rep. Serv. (West) 876', '318 N.W.2d 50']"
9674372,https://www.courtlistener.com/opinion/9674372/in-re-100-grated-parmesan-cheese-marketing-and-sales-practices-litigation/,"District Court, N.D. Illinois",2077440,https://www.courtlistener.com/opinion/2077440/dangelo-development-construction-corp-v-cordovano/,Connecticut Appellate Court,Cordovano,D'Angelo Development & Construction Corp. v. Cordovano,"['2010 Conn. App. LEXIS 194', '121 Conn. App. 165', '995 A.2d 79']"
9674372,https://www.courtlistener.com/opinion/9674372/in-re-100-grated-parmesan-cheese-marketing-and-sales-practices-litigation/,"District Court, N.D. Illinois",2108129,https://www.courtlistener.com/opinion/2108129/keith-v-buchanan/,California Court of Appeal,Keith,Keith v. Buchanan,"['1985 Cal. App. LEXIS 2603', '42 U.C.C. Rep. Serv. (West) 386', '220 Cal. Rptr. 392', '173 Cal. App. 3d 13']"
9674372,https://www.courtlistener.com/opinion/9674372/in-re-100-grated-parmesan-cheese-marketing-and-sales-practices-litigation/,"District Court, N.D. Illinois",2117408,https://www.courtlistener.com/opinion/2117408/ibrahim-v-ford-motor-co/,California Court of Appeal,Ibrahim,Ibrahim v. Ford Motor Co.,"['1989 Cal. App. LEXIS 1272', '10 U.C.C. Rep. Serv. 2d (West) 117', '263 Cal. Rptr. 64', '214 Cal. App. 3d 878']"
9674372,https://www.courtlistener.com/opinion/9674372/in-re-100-grated-parmesan-cheese-marketing-and-sales-practices-litigation/,"District Court, N.D. Illinois",2197836,https://www.courtlistener.com/opinion/2197836/grinnell-v-charles-pfizer-co/,California Court of Appeal,Grinnell,Grinnell v. Charles Pfizer & Co.,"['1969 Cal. App. LEXIS 2068', '79 Cal. Rptr. 369', '274 Cal. App. 2d 424']"
9674372,https://www.courtlistener.com/opinion/9674372/in-re-100-grated-parmesan-cheese-marketing-and-sales-practices-litigation/,"District Court, N.D. Illinois",2203843,https://www.courtlistener.com/opinion/2203843/hamon-v-digliani/,Supreme Court of Connecticut,Hamon,Hamon v. Digliani,"['1961 Conn. LEXIS 238', '174 A.2d 294', '148 Conn. 710']"
9674372,https://www.courtlistener.com/opinion/9674372/in-re-100-grated-parmesan-cheese-marketing-and-sales-practices-litigation/,"District Court, N.D. Illinois",2255890,https://www.courtlistener.com/opinion/2255890/weinstat-v-dentsply-international-inc/,California Court of Appeal,Weinstat,"Weinstat v. Dentsply International, Inc.","['2010 Cal. App. LEXIS 5', '70 U.C.C. Rep. Serv. 2d (West) 689', '103 Cal. Rptr. 3d 614', '180 Cal. App. 4th 1213']"
9674372,https://www.courtlistener.com/opinion/9674372/in-re-100-grated-parmesan-cheese-marketing-and-sales-practices-litigation/,"District Court, N.D. Illinois",2317200,https://www.courtlistener.com/opinion/2317200/white-v-microsoft-corp/,"District Court, S.D. Alabama",White,White v. Microsoft Corp.,"['2006 WL 2686930', '2006 U.S. Dist. LEXIS 67565', '454 F. Supp. 2d 1118']"
9674372,https://www.courtlistener.com/opinion/9674372/in-re-100-grated-parmesan-cheese-marketing-and-sales-practices-litigation/,"District Court, N.D. Illinois",2421430,https://www.courtlistener.com/opinion/2421430/southern-broadcast-group-llc-v-gem-broadcasting-inc/,"District Court, M.D. Florida",,"Southern Broadcast Group, LLC v. Gem Broadcasting, Inc.","['2001 WL 617629', '2001 U.S. Dist. LEXIS 7386', '145 F. Supp. 2d 1316']"
9674372,https://www.courtlistener.com/opinion/9674372/in-re-100-grated-parmesan-cheese-marketing-and-sales-practices-litigation/,"District Court, N.D. Illinois",2450252,https://www.courtlistener.com/opinion/2450252/izzarelli-v-rj-reynolds-tobacco-co/,"District Court, D. Connecticut",Izzarelli,Izzarelli v. R.J. Reynolds Tobacco Co.,"['2000 WL 1584581', '2000 U.S. Dist. LEXIS 18948', '117 F. Supp. 2d 167']"
9674372,https://www.courtlistener.com/opinion/9674372/in-re-100-grated-parmesan-cheese-marketing-and-sales-practices-litigation/,"District Court, N.D. Illinois",2682738,https://www.courtlistener.com/opinion/2682738/lyon-financial-services-incorporated-dba-us-bancorp-business/,Supreme Court of Minnesota,,"Lyon Financial Services, Incorporated, d/b/a U.S. Bancorp Business Equipment Finance Group v. Illinois Paper and Copier Company","['2014 Minn. LEXIS 318', '2014 WL 2965404', '848 N.W.2d 539']"
9674372,https://www.courtlistener.com/opinion/9674372/in-re-100-grated-parmesan-cheese-marketing-and-sales-practices-litigation/,"District Court, N.D. Illinois",2708372,https://www.courtlistener.com/opinion/2708372/aaron-mccoy-v-iberdrola-renewables-inc/,Court of Appeals for the Seventh Circuit,,"Aaron McCoy v. Iberdrola Renewables, Inc.","['2014 U.S. App. LEXIS 14380', '2014 WL 3703945', '760 F.3d 674']"
9674372,https://www.courtlistener.com/opinion/9674372/in-re-100-grated-parmesan-cheese-marketing-and-sales-practices-litigation/,"District Court, N.D. Illinois",3535469,https://www.courtlistener.com/opinion/3535469/midland-loan-finance-co-v-madsen/,Supreme Court of Minnesota,Madsen,Midland Loan Finance Co. v. Madsen,"['1944 Minn. LEXIS 564', '217 Minn. 267', '14 N.W.2d 475']"
9674372,https://www.courtlistener.com/opinion/9674372/in-re-100-grated-parmesan-cheese-marketing-and-sales-practices-litigation/,"District Court, N.D. Illinois",4335864,https://www.courtlistener.com/opinion/4335864/m-g-skinner-associates-insurance-agency-inc-v-norman-spencer-agency/,Court of Appeals for the Seventh Circuit,,"M. G. Skinner & Associates Insurance Agency, Inc. v. Norman-Spencer Agency, Inc.","['2017 U.S. App. LEXIS 63', '2017 WL 33562', '845 F.3d 313']"
9674372,https://www.courtlistener.com/opinion/9674372/in-re-100-grated-parmesan-cheese-marketing-and-sales-practices-litigation/,"District Court, N.D. Illinois",4423524,https://www.courtlistener.com/opinion/4423524/right-field-rooftops-llc-v-chicago-cubs-baseball-club-llc/,Court of Appeals for the Seventh Circuit,,"Right Field Rooftops, LLC v. Chicago Cubs Baseball Club, LLC","['2017 U.S. App. LEXIS 16847', '2017 WL 3805856', '870 F.3d 682']"
9674372,https://www.courtlistener.com/opinion/9674372/in-re-100-grated-parmesan-cheese-marketing-and-sales-practices-litigation/,"District Court, N.D. Illinois",4531918,https://www.courtlistener.com/opinion/4531918/pmt-npl-financing-v-centurion-systems/,District Court of Appeal of Florida,,PMT NPL Financing v. Centurion Systems,['257 So. 3d 516']
9674372,https://www.courtlistener.com/opinion/9674372/in-re-100-grated-parmesan-cheese-marketing-and-sales-practices-litigation/,"District Court, N.D. Illinois",4597177,https://www.courtlistener.com/opinion/4597177/william-liebhart-v-spx-corporation/,Court of Appeals for the Seventh Circuit,,William Liebhart v. SPX Corporation,['917 F.3d 952']
9674372,https://www.courtlistener.com/opinion/9674372/in-re-100-grated-parmesan-cheese-marketing-and-sales-practices-litigation/,"District Court, N.D. Illinois",4601078,https://www.courtlistener.com/opinion/4601078/washington-state-dept-of-licensing-v-cougar-den-inc/,Supreme Court of the United States,,"Washington State Dept. of Licensing v. Cougar Den, Inc.","['2019 U.S. LEXIS 2086', '203 L. Ed. 2d 301', '139 S. Ct. 1000']"
9674372,https://www.courtlistener.com/opinion/9674372/in-re-100-grated-parmesan-cheese-marketing-and-sales-practices-litigation/,"District Court, N.D. Illinois",4618275,https://www.courtlistener.com/opinion/4618275/robert-lowinger-v-douglas-oberhelman/,Court of Appeals for the Seventh Circuit,,Robert Lowinger v. Douglas Oberhelman,['924 F.3d 360']
9674372,https://www.courtlistener.com/opinion/9674372/in-re-100-grated-parmesan-cheese-marketing-and-sales-practices-litigation/,"District Court, N.D. Illinois",7069390,https://www.courtlistener.com/opinion/7069390/international-college-of-surgeons-v-city-of-chicago/,Court of Appeals for the Seventh Circuit,,International College of Surgeons v. City of Chicago,['153 F.3d 356']
9674372,https://www.courtlistener.com/opinion/9674372/in-re-100-grated-parmesan-cheese-marketing-and-sales-practices-litigation/,"District Court, N.D. Illinois",7307453,https://www.courtlistener.com/opinion/7307453/hendricks-v-starkist-co/,"District Court, N.D. California",Hendricks,Hendricks v. Starkist Co.,"['2014 WL 1244770', '2014 U.S. Dist. LEXIS 41523', '30 F. Supp. 3d 917']"
9674372,https://www.courtlistener.com/opinion/9674372/in-re-100-grated-parmesan-cheese-marketing-and-sales-practices-litigation/,"District Court, N.D. Illinois",7324900,https://www.courtlistener.com/opinion/7324900/hadley-v-kellogg-sales-co/,"District Court, N.D. California",Hadley,Hadley v. Kellogg Sales Co.,"['2017 U.S. Dist. LEXIS 40825', '2017 WL 1065293', '243 F. Supp. 3d 1074']"
9674372,https://www.courtlistener.com/opinion/9674372/in-re-100-grated-parmesan-cheese-marketing-and-sales-practices-litigation/,"District Court, N.D. Illinois",7327369,https://www.courtlistener.com/opinion/7327369/in-re-100-grated-parmesan-cheese-marketing-sales-practices-litigation/,"District Court, N.D. Illinois",,In re 100% Grated Parmesan Cheese Marketing & Sales Practices Litigation,['275 F. Supp. 3d 910']
9674372,https://www.courtlistener.com/opinion/9674372/in-re-100-grated-parmesan-cheese-marketing-and-sales-practices-litigation/,"District Court, N.D. Illinois",7328757,https://www.courtlistener.com/opinion/7328757/in-re-nexus-6p-prods-liab-litig/,"District Court, N.D. California",,In re Nexus 6P Prods. Liab. Litig.,['293 F. Supp. 3d 888']
9674372,https://www.courtlistener.com/opinion/9674372/in-re-100-grated-parmesan-cheese-marketing-and-sales-practices-litigation/,"District Court, N.D. Illinois",7509303,https://www.courtlistener.com/opinion/7509303/escambia-chemical-corp-v-industrial-marine-supply-co/,District Court of Appeal of Florida,,Escambia Chemical Corp. v. Industrial-Marine Supply Co.,"['1969 Fla. App. LEXIS 5732', '223 So. 2d 773']"
9674372,https://www.courtlistener.com/opinion/9674372/in-re-100-grated-parmesan-cheese-marketing-and-sales-practices-litigation/,"District Court, N.D. Illinois",7891650,https://www.courtlistener.com/opinion/7891650/hinchliffe-v-american-motors-corp/,Supreme Court of Connecticut,Hinchliffe,Hinchliffe v. American Motors Corp.,"['1981 Conn. LEXIS 588', '32 U.C.C. Rep. Serv. (West) 1132', '440 A.2d 810', '184 Conn. 607']"
9674372,https://www.courtlistener.com/opinion/9674372/in-re-100-grated-parmesan-cheese-marketing-and-sales-practices-litigation/,"District Court, N.D. Illinois",7895726,https://www.courtlistener.com/opinion/7895726/haesche-v-kissner/,Supreme Court of Connecticut,Haesche,Haesche v. Kissner,"['1994 Conn. LEXIS 94', '640 A.2d 89', '229 Conn. 213']"
9674372,https://www.courtlistener.com/opinion/9674372/in-re-100-grated-parmesan-cheese-marketing-and-sales-practices-litigation/,"District Court, N.D. Illinois",7896969,https://www.courtlistener.com/opinion/7896969/abrahams-v-young-rubicam-inc/,Supreme Court of Connecticut,Abrahams,"Abrahams v. Young & Rubicam, Inc.","['1997 Conn. LEXIS 75', '692 A.2d 709', '240 Conn. 300']"
9674372,https://www.courtlistener.com/opinion/9674372/in-re-100-grated-parmesan-cheese-marketing-and-sales-practices-litigation/,"District Court, N.D. Illinois",8344298,https://www.courtlistener.com/opinion/8344298/in-re-100-grated-parmesan-cheese-mktg-sales-practices-litig/,"District Court, E.D. Illinois",,In re 100% Grated Parmesan Cheese Mktg. & Sales Practices Litig.,['348 F. Supp. 3d 797']
9674372,https://www.courtlistener.com/opinion/9674372/in-re-100-grated-parmesan-cheese-marketing-and-sales-practices-litigation/,"District Court, N.D. Illinois",8439773,https://www.courtlistener.com/opinion/8439773/goldberg-v-united-states/,Court of Appeals for the Seventh Circuit,Goldberg,Goldberg v. United States,['881 F.3d 529']
9674372,https://www.courtlistener.com/opinion/9674372/in-re-100-grated-parmesan-cheese-marketing-and-sales-practices-litigation/,"District Court, N.D. Illinois",8439829,https://www.courtlistener.com/opinion/8439829/in-re-zimmer-nexgen-knee-implant-prods-liab-ltd/,Court of Appeals for the Seventh Circuit,,"In re Zimmer, Nexgen Knee Implant Prods. Liab. Ltd.",['884 F.3d 746']
9674372,https://www.courtlistener.com/opinion/9674372/in-re-100-grated-parmesan-cheese-marketing-and-sales-practices-litigation/,"District Court, N.D. Illinois",8439967,https://www.courtlistener.com/opinion/8439967/sutula-johnson-v-office-depot-inc/,Court of Appeals for the Seventh Circuit,Sutula-Johnson,"Sutula-Johnson v. Office Depot, Inc.",['893 F.3d 967']
9674372,https://www.courtlistener.com/opinion/9674372/in-re-100-grated-parmesan-cheese-marketing-and-sales-practices-litigation/,"District Court, N.D. Illinois",8440061,https://www.courtlistener.com/opinion/8440061/bishop-v-air-line-pilots-assn/,Court of Appeals for the Seventh Circuit,Bishop,Bishop v. Air Line Pilots Ass'n,['900 F.3d 388']
9674372,https://www.courtlistener.com/opinion/9674372/in-re-100-grated-parmesan-cheese-marketing-and-sales-practices-litigation/,"District Court, N.D. Illinois",8443198,https://www.courtlistener.com/opinion/8443198/mulvania-v-sheriff-of-rock-island-county/,Court of Appeals for the Seventh Circuit,Mulvania,Mulvania v. Sheriff of Rock Island County,"['2017 U.S. App. LEXIS 4210', '2017 WL 935884', '97 Fed. R. Serv. 3d 256', '850 F.3d 849']"
9674372,https://www.courtlistener.com/opinion/9674372/in-re-100-grated-parmesan-cheese-marketing-and-sales-practices-litigation/,"District Court, N.D. Illinois",8443474,https://www.courtlistener.com/opinion/8443474/hendricks-v-novae-corporate-underwriting-ltd/,Court of Appeals for the Seventh Circuit,Hendricks,"Hendricks v. Novae Corporate Underwriting, Ltd.","['2017 U.S. App. LEXIS 15664', '2017 WL 3573390', '868 F.3d 542']"
9674372,https://www.courtlistener.com/opinion/9674372/in-re-100-grated-parmesan-cheese-marketing-and-sales-practices-litigation/,"District Court, N.D. Illinois",8443632,https://www.courtlistener.com/opinion/8443632/brown-v-dart/,Court of Appeals for the Seventh Circuit,Brown,Brown v. Dart,['876 F.3d 939']
9674372,https://www.courtlistener.com/opinion/9674372/in-re-100-grated-parmesan-cheese-marketing-and-sales-practices-litigation/,"District Court, N.D. Illinois",8443730,https://www.courtlistener.com/opinion/8443730/donley-v-stryker-sales-corp/,Court of Appeals for the Seventh Circuit,Donley,Donley v. Stryker Sales Corp.,['906 F.3d 635']
9674372,https://www.courtlistener.com/opinion/9674372/in-re-100-grated-parmesan-cheese-marketing-and-sales-practices-litigation/,"District Court, N.D. Illinois",8443835,https://www.courtlistener.com/opinion/8443835/lee-v-ne-ill-regl-commuter-rr-corp/,Court of Appeals for the Seventh Circuit,,Lee v. Ne. Ill. Reg'l Commuter R.R. Corp.,['912 F.3d 1049']
9674372,https://www.courtlistener.com/opinion/9674372/in-re-100-grated-parmesan-cheese-marketing-and-sales-practices-litigation/,"District Court, N.D. Illinois",8445658,https://www.courtlistener.com/opinion/8445658/anthony-v-country-life-manufacturing-llc/,Court of Appeals for the Seventh Circuit,Anthony,"Anthony v. Country Life Manufacturing, LLC.","[""70 F. App'x 379""]"
9674372,https://www.courtlistener.com/opinion/9674372/in-re-100-grated-parmesan-cheese-marketing-and-sales-practices-litigation/,"District Court, N.D. Illinois",8782150,https://www.courtlistener.com/opinion/8782150/keegan-v-american-honda-motor-co/,"District Court, C.D. California",Keegan,Keegan v. American Honda Motor Co.,"['2012 U.S. Dist. LEXIS 91394', '2012 WL 2250040', '284 F.R.D. 504']"
9674372,https://www.courtlistener.com/opinion/9674372/in-re-100-grated-parmesan-cheese-marketing-and-sales-practices-litigation/,"District Court, N.D. Illinois",8790758,https://www.courtlistener.com/opinion/8790758/karim-v-hewlett-packard-co/,"District Court, N.D. California",Karim,Karim v. Hewlett-Packard Co.,"['2015 WL 9258100', '2015 U.S. Dist. LEXIS 170406', '88 U.C.C. Rep. Serv. 2d (West) 523', '311 F.R.D. 568']"
9674372,https://www.courtlistener.com/opinion/9674372/in-re-100-grated-parmesan-cheese-marketing-and-sales-practices-litigation/,"District Court, N.D. Illinois",9009127,https://www.courtlistener.com/opinion/9009127/hendricks-v-callahan/,Court of Appeals for the Eighth Circuit,Hendricks,Hendricks v. Callahan,"['1992 WL 173082', '972 F.2d 190']"
9674372,https://www.courtlistener.com/opinion/9674372/in-re-100-grated-parmesan-cheese-marketing-and-sales-practices-litigation/,"District Court, N.D. Illinois",103012,https://www.courtlistener.com/opinion/103012/erie-railroad-v-tompkins/,Supreme Court of the United States,Erie R. Co.,Erie Railroad v. Tompkins,"['114 A.L.R. 1487', '11 Ohio Op. 246', '1938 U.S. LEXIS 984', '82 L. Ed. 1188', '58 S. Ct. 817', '304 U.S. 64']"
9674372,https://www.courtlistener.com/opinion/9674372/in-re-100-grated-parmesan-cheese-marketing-and-sales-practices-litigation/,"District Court, N.D. Illinois",1190081,https://www.courtlistener.com/opinion/1190081/hauter-v-zogarts/,California Supreme Court,Hauter,Hauter v. Zogarts,"['1975 Cal. LEXIS 280', '16 U.C.C. Rep. Serv. (West) 938', '74 A.L.R. 3d 1282', '120 Cal. Rptr. 681', '14 Cal. 3d 104', '534 P.2d 377']"
9674372,https://www.courtlistener.com/opinion/9674372/in-re-100-grated-parmesan-cheese-marketing-and-sales-practices-litigation/,"District Court, N.D. Illinois",2169210,https://www.courtlistener.com/opinion/2169210/de-bouse-v-bayer-ag/,Illinois Supreme Court,Bayer,De Bouse v. Bayer AG,"['2009 Ill. LEXIS 2306', '337 Ill. Dec. 186', '235 Ill. 2d 544', '922 N.E.2d 309']"
9674372,https://www.courtlistener.com/opinion/9674372/in-re-100-grated-parmesan-cheese-marketing-and-sales-practices-litigation/,"District Court, N.D. Illinois",2199738,https://www.courtlistener.com/opinion/2199738/connick-v-suzuki-motor-co-ltd/,Illinois Supreme Court,Connick,"Connick v. Suzuki Motor Co., Ltd.","['1996 Ill. LEXIS 116', '30 U.C.C. Rep. Serv. 2d (West) 709', '221 Ill. Dec. 389', '174 Ill. 2d 482', '675 N.E.2d 584']"
9674372,https://www.courtlistener.com/opinion/9674372/in-re-100-grated-parmesan-cheese-marketing-and-sales-practices-litigation/,"District Court, N.D. Illinois",2828910,https://www.courtlistener.com/opinion/2828910/dino-rikos-v-the-procter-gamble-co/,Court of Appeals for the Sixth Circuit,,Dino Rikos v. The Procter & Gamble Co.,"['2015 WL 4978712', '2015 U.S. App. LEXIS 14613', '2015 FED App. 0199P', '92 Fed. R. Serv. 3d 652', '799 F.3d 497']"
9674372,https://www.courtlistener.com/opinion/9674372/in-re-100-grated-parmesan-cheese-marketing-and-sales-practices-litigation/,"District Court, N.D. Illinois",3203762,https://www.courtlistener.com/opinion/3203762/spokeo-inc-v-robins/,Supreme Court of the United States,Spokeo,"Spokeo, Inc. v. Robins","['100 Empl. Prac. Dec. (CCH) 45,556', '26 Fla. L. Weekly Fed. S 128', '84 U.S.L.W. 4263', '2016 U.S. LEXIS 3046', '136 S. Ct. 1540', '194 L. Ed. 2d 635']"
9674372,https://www.courtlistener.com/opinion/9674372/in-re-100-grated-parmesan-cheese-marketing-and-sales-practices-litigation/,"District Court, N.D. Illinois",4505785,https://www.courtlistener.com/opinion/4505785/warren-johnson-v-advocate-health-and-hospitals/,Court of Appeals for the Seventh Circuit,,Warren Johnson v. Advocate Health and Hospitals,['892 F.3d 887']
9674372,https://www.courtlistener.com/opinion/9674372/in-re-100-grated-parmesan-cheese-marketing-and-sales-practices-litigation/,"District Court, N.D. Illinois",4516417,https://www.courtlistener.com/opinion/4516417/pension-trust-fund-for-operating-engrs-v-kohls-corp/,Court of Appeals for the Seventh Circuit,,Pension Trust Fund for Operating Eng'rs v. Kohl's Corp.,['895 F.3d 933']
9676686,https://www.courtlistener.com/opinion/9676686/maroon-society-inc-v-unison-consulting-inc/,"District Court, N.D. Illinois",230314,https://www.courtlistener.com/opinion/230314/stewart-v-united-states/,Court of Appeals for the Seventh Circuit,Stewart,Stewart v. United States,"['1952 U.S. App. LEXIS 3387', '199 F.2d 517']"
9676686,https://www.courtlistener.com/opinion/9676686/maroon-society-inc-v-unison-consulting-inc/,"District Court, N.D. Illinois",422088,https://www.courtlistener.com/opinion/422088/brown-williamson-tobacco-corporation-v-walter-jacobson-and-cbs-inc/,Court of Appeals for the Seventh Circuit,,"Brown & Williamson Tobacco Corporation v. Walter Jacobson and Cbs, Inc.","['1983 U.S. App. LEXIS 25811', '9 Media L. Rep. (BNA) 1936', '713 F.2d 262']"
9676686,https://www.courtlistener.com/opinion/9676686/maroon-society-inc-v-unison-consulting-inc/,"District Court, N.D. Illinois",767597,https://www.courtlistener.com/opinion/767597/david-j-rice-v-community-health-association-dba-jackson-general/,Court of Appeals for the Fourth Circuit,,"David J. Rice v. Community Health Association, D/b/a/ Jackson General Hospital, No","['2000 WL 139233', '2000 U.S. App. LEXIS 1671', '16 I.E.R. Cas. (BNA) 500', '203 F.3d 283']"
9676686,https://www.courtlistener.com/opinion/9676686/maroon-society-inc-v-unison-consulting-inc/,"District Court, N.D. Illinois",771404,https://www.courtlistener.com/opinion/771404/rex-a-workman-v-united-parcel-service-inc/,Court of Appeals for the Seventh Circuit,,"Rex A. Workman v. United Parcel Service, Inc.","['2000 WL 1810092', '2000 U.S. App. LEXIS 31548', '17 I.E.R. Cas. (BNA) 134', '234 F.3d 998']"
9676686,https://www.courtlistener.com/opinion/9676686/maroon-society-inc-v-unison-consulting-inc/,"District Court, N.D. Illinois",787544,https://www.courtlistener.com/opinion/787544/republic-tobacco-co-plaintiff-appelleecross-appellant-v-north-atlantic/,Court of Appeals for the Seventh Circuit,,"Republic Tobacco Co., Plaintiff-Appellee/cross-Appellant v. North Atlantic Trading Company, Inc., Defendants-Appellants/cross-Appellees","['2004 WL 1936385', '2004 U.S. App. LEXIS 18470', '381 F.3d 717']"
9676686,https://www.courtlistener.com/opinion/9676686/maroon-society-inc-v-unison-consulting-inc/,"District Court, N.D. Illinois",793695,https://www.courtlistener.com/opinion/793695/meridian-security-insurance-co-v-david-l-sadowski/,Court of Appeals for the Seventh Circuit,,Meridian Security Insurance Co. v. David L. Sadowski,"['2006 WL 708681', '2006 U.S. App. LEXIS 7088', '441 F.3d 536']"
9676686,https://www.courtlistener.com/opinion/9676686/maroon-society-inc-v-unison-consulting-inc/,"District Court, N.D. Illinois",1235012,https://www.courtlistener.com/opinion/1235012/lm-ins-corp-v-spaulding-enterprises-inc/,Court of Appeals for the Seventh Circuit,,LM Ins. Corp. v. Spaulding Enterprises Inc.,"['2008 WL 2652868', '2008 U.S. App. LEXIS 14483', '533 F.3d 542']"
9676686,https://www.courtlistener.com/opinion/9676686/maroon-society-inc-v-unison-consulting-inc/,"District Court, N.D. Illinois",1356497,https://www.courtlistener.com/opinion/1356497/reger-development-llc-v-national-city-bank/,Court of Appeals for the Seventh Circuit,,"Reger Development, LLC v. National City Bank","['2010 WL 174083', '2010 U.S. App. LEXIS 1165', '592 F.3d 759']"
9676686,https://www.courtlistener.com/opinion/9676686/maroon-society-inc-v-unison-consulting-inc/,"District Court, N.D. Illinois",1375524,https://www.courtlistener.com/opinion/1375524/wilder-v-cody-country-chamber-of-commerce/,Wyoming Supreme Court,Wilder,Wilder v. Cody Country Chamber of Commerce,"['1997 WL 94689', '1997 Wyo. LEXIS 45', '12 I.E.R. Cas. (BNA) 1089', '933 P.2d 1098']"
9676686,https://www.courtlistener.com/opinion/9676686/maroon-society-inc-v-unison-consulting-inc/,"District Court, N.D. Illinois",1450300,https://www.courtlistener.com/opinion/1450300/apex-digital-inc-v-sears-roebuck-co/,Court of Appeals for the Seventh Circuit,,"Apex Digital, Inc. v. Sears, Roebuck & Co.","['2009 WL 2046399', '2009 U.S. App. LEXIS 15633', '572 F.3d 440']"
9676686,https://www.courtlistener.com/opinion/9676686/maroon-society-inc-v-unison-consulting-inc/,"District Court, N.D. Illinois",1453700,https://www.courtlistener.com/opinion/1453700/hoopla-sports-entertainment-inc-v-nike-inc/,"District Court, N.D. Illinois",,"Hoopla Sports & Entertainment, Inc. v. Nike, Inc.","['1996 WL 674147', '1996 U.S. Dist. LEXIS 17540', '947 F. Supp. 347']"
9676686,https://www.courtlistener.com/opinion/9676686/maroon-society-inc-v-unison-consulting-inc/,"District Court, N.D. Illinois",1508252,https://www.courtlistener.com/opinion/1508252/oleary-v-sterling-extruder-corp/,"District Court, E.D. Wisconsin",O'LEARY,O'LEARY v. Sterling Extruder Corp.,"['1982 U.S. Dist. LEXIS 11082', '115 L.R.R.M. (BNA) 4160', '533 F. Supp. 1205']"
9676686,https://www.courtlistener.com/opinion/9676686/maroon-society-inc-v-unison-consulting-inc/,"District Court, N.D. Illinois",2026654,https://www.courtlistener.com/opinion/2026654/green-v-rogers/,Illinois Supreme Court,Green,Green v. Rogers,"['2009 Ill. LEXIS 1303', '334 Ill. Dec. 624', '234 Ill. 2d 478', '917 N.E.2d 450']"
9676686,https://www.courtlistener.com/opinion/9676686/maroon-society-inc-v-unison-consulting-inc/,"District Court, N.D. Illinois",2056044,https://www.courtlistener.com/opinion/2056044/bk-comp-net-corp-v-cont-ill-natl-bk/,Appellate Court of Illinois,,Bk Comp. Net. Corp. v. Cont. Ill. Nat'l Bk,"['110 Ill. App. 3d 492', '442 N.E.2d 586']"
9676686,https://www.courtlistener.com/opinion/9676686/maroon-society-inc-v-unison-consulting-inc/,"District Court, N.D. Illinois",2061986,https://www.courtlistener.com/opinion/2061986/crinkley-v-dow-jones-co/,Appellate Court of Illinois,Crinkley,Crinkley v. Dow Jones & Co.,"['67 Ill. App. 3d 869', '385 N.E.2d 714']"
9676686,https://www.courtlistener.com/opinion/9676686/maroon-society-inc-v-unison-consulting-inc/,"District Court, N.D. Illinois",2105722,https://www.courtlistener.com/opinion/2105722/royal-imperial-group-inc-v-joseph-blumberg-associates-inc/,Appellate Court of Illinois,,"Royal Imperial Group, Inc. v. Joseph Blumberg & Associates, Inc.","['1992 Ill. App. LEXIS 2009', '181 Ill. Dec. 105', '240 Ill. App. 3d 360', '608 N.E.2d 178']"
9676686,https://www.courtlistener.com/opinion/9676686/maroon-society-inc-v-unison-consulting-inc/,"District Court, N.D. Illinois",2116617,https://www.courtlistener.com/opinion/2116617/fire-em-up-inc-v-technocarb-equipment-2004-ltd/,"District Court, N.D. Illinois",,"Fire 'Em Up, Inc. v. Technocarb Equipment (2004) Ltd.","['2011 WL 2582396', '2011 U.S. Dist. LEXIS 71054', '799 F. Supp. 2d 846']"
9676686,https://www.courtlistener.com/opinion/9676686/maroon-society-inc-v-unison-consulting-inc/,"District Court, N.D. Illinois",2119075,https://www.courtlistener.com/opinion/2119075/r-m-sherman-co-v-w-r-thomason-inc/,California Court of Appeal,,"R. M. Sherman Co. v. W. R. Thomason, Inc.","['1987 Cal. App. LEXIS 1628', '236 Cal. Rptr. 577', '191 Cal. App. 3d 559']"
9676686,https://www.courtlistener.com/opinion/9676686/maroon-society-inc-v-unison-consulting-inc/,"District Court, N.D. Illinois",2170185,https://www.courtlistener.com/opinion/2170185/mitchell-v-united-asbestos-corp/,Appellate Court of Illinois,,Mitchell v. United Asbestos Corp.,"['1981 Ill. App. LEXIS 3353', '55 Ill. Dec. 375', '100 Ill. App. 3d 485', '426 N.E.2d 350']"
9676686,https://www.courtlistener.com/opinion/9676686/maroon-society-inc-v-unison-consulting-inc/,"District Court, N.D. Illinois",2176538,https://www.courtlistener.com/opinion/2176538/j-maki-construction-co-v-chicago-regional-council-of-carpenters/,Appellate Court of Illinois,,J. Maki Construction Co. v. Chicago Regional Council of Carpenters,"['379 Ill. App. 3d 189', '882 N.E.2d 1173']"
9676686,https://www.courtlistener.com/opinion/9676686/maroon-society-inc-v-unison-consulting-inc/,"District Court, N.D. Illinois",2424345,https://www.courtlistener.com/opinion/2424345/haywood-v-lucent-technologies-inc/,"District Court, N.D. Illinois",Haywood,"Haywood v. Lucent Technologies, Inc.","['2001 WL 1355282', '2001 U.S. Dist. LEXIS 17996', '169 F. Supp. 2d 890']"
9676686,https://www.courtlistener.com/opinion/9676686/maroon-society-inc-v-unison-consulting-inc/,"District Court, N.D. Illinois",2532737,https://www.courtlistener.com/opinion/2532737/amerigas-propane-lp-v-bp-america-inc/,"District Court, N.D. Illinois",,"Amerigas Propane, L.P. v. BP America, Inc.","['2010 WL 725559', '2010 U.S. Dist. LEXIS 16914', '691 F. Supp. 2d 844']"
9676686,https://www.courtlistener.com/opinion/9676686/maroon-society-inc-v-unison-consulting-inc/,"District Court, N.D. Illinois",2790492,https://www.courtlistener.com/opinion/2790492/kapotas-v-better-government-association/,Appellate Court of Illinois,Kapotas,Kapotas v. Better Government Association,"['30 N.E.3d 572', '2015 IL App (1st) 140534']"
9676686,https://www.courtlistener.com/opinion/9676686/maroon-society-inc-v-unison-consulting-inc/,"District Court, N.D. Illinois",2803443,https://www.courtlistener.com/opinion/2803443/kapotas-v-better-government-assn/,Appellate Court of Illinois,Kapotas,Kapotas v. Better Government Ass'n,['2015 IL App (1st) 140534']
9676686,https://www.courtlistener.com/opinion/9676686/maroon-society-inc-v-unison-consulting-inc/,"District Court, N.D. Illinois",3002982,https://www.courtlistener.com/opinion/3002982/teknek-llc-v-systems-division-inc/,Court of Appeals for the Seventh Circuit,,"Teknek, LLC v. Systems Division Inc",['563 F.3d 639']
9676686,https://www.courtlistener.com/opinion/9676686/maroon-society-inc-v-unison-consulting-inc/,"District Court, N.D. Illinois",4615768,https://www.courtlistener.com/opinion/4615768/board-of-forensic-document-exa-v-american-bar-association/,Court of Appeals for the Seventh Circuit,,Board of Forensic Document Exa v. American Bar Association,['922 F.3d 827']
9676686,https://www.courtlistener.com/opinion/9676686/maroon-society-inc-v-unison-consulting-inc/,"District Court, N.D. Illinois",6240057,https://www.courtlistener.com/opinion/6240057/john-russo-indus-sheetm-v-city-of-l-a-dept-of-airports/,"California Court of Appeal, 5th District",,John Russo Indus. Sheetm v. City of L. A. Dep't of Airports,"['29 Cal. App. 5th 378', '240 Cal. Rptr. 3d 217']"
9676686,https://www.courtlistener.com/opinion/9676686/maroon-society-inc-v-unison-consulting-inc/,"District Court, N.D. Illinois",7118459,https://www.courtlistener.com/opinion/7118459/magnus-v-lutheran-general-health-care-system/,Appellate Court of Illinois,Magnus,Magnus v. Lutheran General Health Care System,"['1992 Ill. App. LEXIS 1390', '176 Ill. Dec. 209', '601 N.E.2d 907', '235 Ill. App. 3d 173']"
9676686,https://www.courtlistener.com/opinion/9676686/maroon-society-inc-v-unison-consulting-inc/,"District Court, N.D. Illinois",7304923,https://www.courtlistener.com/opinion/7304923/mcvicar-v-goodman-global-inc/,"District Court, C.D. California",McVicar,"McVicar v. Goodman Global, Inc.","['2014 WL 794585', '2014 U.S. Dist. LEXIS 26332', '1 F. Supp. 3d 1044']"
9676686,https://www.courtlistener.com/opinion/9676686/maroon-society-inc-v-unison-consulting-inc/,"District Court, N.D. Illinois",7310368,https://www.courtlistener.com/opinion/7310368/legacy-seating-inc-v-commercial-plastics-co/,"District Court, N.D. Illinois",,"Legacy Seating, Inc. v. Commercial Plastics Co.","['2014 WL 4168474', '2014 U.S. Dist. LEXIS 117440', '65 F. Supp. 3d 542']"
9676686,https://www.courtlistener.com/opinion/9676686/maroon-society-inc-v-unison-consulting-inc/,"District Court, N.D. Illinois",7319202,https://www.courtlistener.com/opinion/7319202/tan-v-grubhub-inc/,"District Court, N.D. California",Tan,"Tan v. Grubhub, Inc.","['2016 U.S. Dist. LEXIS 37200', '2016 WL 1110236', '171 F. Supp. 3d 998']"
9676686,https://www.courtlistener.com/opinion/9676686/maroon-society-inc-v-unison-consulting-inc/,"District Court, N.D. Illinois",7324900,https://www.courtlistener.com/opinion/7324900/hadley-v-kellogg-sales-co/,"District Court, N.D. California",Hadley,Hadley v. Kellogg Sales Co.,"['2017 U.S. Dist. LEXIS 40825', '2017 WL 1065293', '243 F. Supp. 3d 1074']"
9676686,https://www.courtlistener.com/opinion/9676686/maroon-society-inc-v-unison-consulting-inc/,"District Court, N.D. Illinois",7325280,https://www.courtlistener.com/opinion/7325280/tindall-corp-v-mondelez-international-inc/,"District Court, N.D. Illinois",,"Tindall Corp. v. Mondelez International, Inc.","['2017 U.S. Dist. LEXIS 46048', '2017 WL 1163879', '248 F. Supp. 3d 895']"
9676686,https://www.courtlistener.com/opinion/9676686/maroon-society-inc-v-unison-consulting-inc/,"District Court, N.D. Illinois",8439736,https://www.courtlistener.com/opinion/8439736/west-side-salvage-inc-v-rsui-indemnity-co/,Court of Appeals for the Seventh Circuit,,"West Side Salvage, Inc. v. RSUI Indemnity Co.",['878 F.3d 219']
9676686,https://www.courtlistener.com/opinion/9676686/maroon-society-inc-v-unison-consulting-inc/,"District Court, N.D. Illinois",8442916,https://www.courtlistener.com/opinion/8442916/bell-v-city-of-chicago/,Court of Appeals for the Seventh Circuit,,Bell v. City of Chicago,"['2016 WL 4525236', '2016 U.S. App. LEXIS 16002', '835 F.3d 736']"
9676686,https://www.courtlistener.com/opinion/9676686/maroon-society-inc-v-unison-consulting-inc/,"District Court, N.D. Illinois",8443522,https://www.courtlistener.com/opinion/8443522/illinois-bible-colleges-assn-v-anderson/,Court of Appeals for the Seventh Circuit,Anderson,Illinois Bible Colleges Ass'n v. Anderson,"['2017 U.S. App. LEXIS 16545', '2017 WL 3711745', '870 F.3d 631']"
9676686,https://www.courtlistener.com/opinion/9676686/maroon-society-inc-v-unison-consulting-inc/,"District Court, N.D. Illinois",8714636,https://www.courtlistener.com/opinion/8714636/phillips-v-quality-terminal-services-llc/,"District Court, N.D. Illinois",Phillips,"Phillips v. Quality Terminal Services, LLC","['2012 U.S. Dist. LEXIS 26022', '2012 WL 669054', '855 F. Supp. 2d 764']"
9676686,https://www.courtlistener.com/opinion/9676686/maroon-society-inc-v-unison-consulting-inc/,"District Court, N.D. Illinois",8945559,https://www.courtlistener.com/opinion/8945559/chicago-college-of-osteopathic-medicine-v-george-a-fuller-co/,Court of Appeals for the Seventh Circuit,,Chicago College of Osteopathic Medicine v. George A. Fuller Co.,['776 F.2d 198']
9676686,https://www.courtlistener.com/opinion/9676686/maroon-society-inc-v-unison-consulting-inc/,"District Court, N.D. Illinois",9335734,https://www.courtlistener.com/opinion/9335734/thackrey-v-illinois/,Supreme Court of the United States,Thackrey,Thackrey v. Illinois,"['200 L. Ed. 2d 281', '138 S. Ct. 1021']"
9676686,https://www.courtlistener.com/opinion/9676686/maroon-society-inc-v-unison-consulting-inc/,"District Court, N.D. Illinois",145730,https://www.courtlistener.com/opinion/145730/bell-atlantic-corp-v-twombly/,Supreme Court of the United States,Twombly,Bell Atlantic Corp. v. Twombly,"['75 U.S.L.W. 4337', '68 Fed. R. Serv. 3d 661', '20 Fla. L. Weekly Fed. S 267', '41 Communications Reg. (P&F) 567', '2007 U.S. LEXIS 5901', '550 U.S. 544', '127 S. Ct. 1955', '167 L. Ed. 2d 929']"
9676686,https://www.courtlistener.com/opinion/9676686/maroon-society-inc-v-unison-consulting-inc/,"District Court, N.D. Illinois",145875,https://www.courtlistener.com/opinion/145875/ashcroft-v-iqbal/,Supreme Court of the United States,Iqbal,Ashcroft v. Iqbal,"['2009 U.S. LEXIS 3472', '556 U.S. 662', '129 S. Ct. 1937', '173 L. Ed. 2d 868']"
9676686,https://www.courtlistener.com/opinion/9676686/maroon-society-inc-v-unison-consulting-inc/,"District Court, N.D. Illinois",782110,https://www.courtlistener.com/opinion/782110/mark-a-lee-v-city-of-chicago/,Court of Appeals for the Seventh Circuit,,Mark A. Lee v. City of Chicago,"['2003 WL 21196550', '2003 U.S. App. LEXIS 10254', '330 F.3d 456']"
9676686,https://www.courtlistener.com/opinion/9676686/maroon-society-inc-v-unison-consulting-inc/,"District Court, N.D. Illinois",2055758,https://www.courtlistener.com/opinion/2055758/moorman-manufacturing-co-v-national-tank-co/,Illinois Supreme Court,,Moorman Manufacturing Co. v. National Tank Co.,"['1982 Ill. LEXIS 266', '61 Ill. Dec. 746', '33 U.C.C. Rep. Serv. (West) 510', '91 Ill. 2d 69', '435 N.E.2d 443']"
9676686,https://www.courtlistener.com/opinion/9676686/maroon-society-inc-v-unison-consulting-inc/,"District Court, N.D. Illinois",1801796,https://www.courtlistener.com/opinion/1801796/in-re-tobacco-ii-cases/,California Supreme Court,In Re Tobacco II Cases,In Re Tobacco II Cases,"['2009 Cal. LEXIS 4365', '93 Cal. Rptr. 3d 559', '207 P.3d 20', '46 Cal. 4th 298']"
9676686,https://www.courtlistener.com/opinion/9676686/maroon-society-inc-v-unison-consulting-inc/,"District Court, N.D. Illinois",2107848,https://www.courtlistener.com/opinion/2107848/anderson-electric-inc-v-ledbetter-erection-corp/,Illinois Supreme Court,,"Anderson Electric, Inc. v. Ledbetter Erection Corp.","['1986 Ill. LEXIS 361', '104 Ill. Dec. 689', '115 Ill. 2d 146', '503 N.E.2d 246']"
9676686,https://www.courtlistener.com/opinion/9676686/maroon-society-inc-v-unison-consulting-inc/,"District Court, N.D. Illinois",2199738,https://www.courtlistener.com/opinion/2199738/connick-v-suzuki-motor-co-ltd/,Illinois Supreme Court,Connick,"Connick v. Suzuki Motor Co., Ltd.","['1996 Ill. LEXIS 116', '30 U.C.C. Rep. Serv. 2d (West) 709', '221 Ill. Dec. 389', '174 Ill. 2d 482', '675 N.E.2d 584']"
9717017,https://www.courtlistener.com/opinion/9717017/bowen-v-paxton-media-group-llc/,"District Court, W.D. Kentucky",231014,https://www.courtlistener.com/opinion/231014/brown-williamson-tobacco-corp-v-united-states/,Court of Appeals for the Sixth Circuit,,Brown & Williamson Tobacco Corp. v. United States,"['1953 U.S. App. LEXIS 3842', '201 F.2d 819']"
9717017,https://www.courtlistener.com/opinion/9717017/bowen-v-paxton-media-group-llc/,"District Court, W.D. Kentucky",443014,https://www.courtlistener.com/opinion/443014/grand-trunk-western-railroad-company-a-michigan-and-indiana-corporation-v/,Court of Appeals for the Sixth Circuit,,"Grand Trunk Western Railroad Company, a Michigan and Indiana Corporation v. Consolidated Rail Corporation, a Pennsylvania Corporation","['1984 U.S. App. LEXIS 18144', '746 F.2d 323']"
9717017,https://www.courtlistener.com/opinion/9717017/bowen-v-paxton-media-group-llc/,"District Court, W.D. Kentucky",474241,https://www.courtlistener.com/opinion/474241/robert-e-kennedy-jr-joyce-kennedy-v-city-of-cleveland-william-t/,Court of Appeals for the Sixth Circuit,,"Robert E. Kennedy, Jr. Joyce Kennedy v. City of Cleveland, William T. Hanton (85-3819), Frank Wszelaki (85-3827)",['797 F.2d 297']
9717017,https://www.courtlistener.com/opinion/9717017/bowen-v-paxton-media-group-llc/,"District Court, W.D. Kentucky",759714,https://www.courtlistener.com/opinion/759714/arthur-fallick-v-nationwide-mutual-insurance-company-nationwide-life/,Court of Appeals for the Sixth Circuit,,Arthur Fallick v. Nationwide Mutual Insurance Company Nationwide Life Insurance Company,"['1998 WL 849767', '1998 U.S. App. LEXIS 30964', '22 Employee Benefits Cas. (BNA) 2221', '162 F.3d 410']"
9717017,https://www.courtlistener.com/opinion/9717017/bowen-v-paxton-media-group-llc/,"District Court, W.D. Kentucky",798166,https://www.courtlistener.com/opinion/798166/gentek-building-products-inc-steel-peel-litigation-trust-formerly-known/,Court of Appeals for the Sixth Circuit,,"Gentek Building Products, Inc., Steel Peel Litigation Trust, Formerly Known as Sherwin-Williams Claims Trust v. The Sherwin-Williams Company","['2007 WL 1754203', '2007 U.S. App. LEXIS 14457', '491 F.3d 320']"
9717017,https://www.courtlistener.com/opinion/9717017/bowen-v-paxton-media-group-llc/,"District Court, W.D. Kentucky",1445199,https://www.courtlistener.com/opinion/1445199/schultz-v-general-r-v-center/,Court of Appeals for the Sixth Circuit,Schultz,Schultz v. General R v. Center,"['2008 WL 104326', '2008 U.S. App. LEXIS 483', '512 F.3d 754']"
9717017,https://www.courtlistener.com/opinion/9717017/bowen-v-paxton-media-group-llc/,"District Court, W.D. Kentucky",1460490,https://www.courtlistener.com/opinion/1460490/american-telecom-co-v-republic-of-lebanon/,Court of Appeals for the Sixth Circuit,,American Telecom Co. v. Republic of Lebanon,"['2007 WL 2428412', '2007 U.S. App. LEXIS 20604', '501 F.3d 534']"
9717017,https://www.courtlistener.com/opinion/9717017/bowen-v-paxton-media-group-llc/,"District Court, W.D. Kentucky",1873507,https://www.courtlistener.com/opinion/1873507/board-of-suprs-of-fairfax-county-va-v-united-states/,"District Court, E.D. Virginia",,"Board of Sup'rs of Fairfax County, Va. v. United States","['1976 U.S. Dist. LEXIS 17040', '10 ERC (BNA) 1881', '408 F. Supp. 556']"
9717017,https://www.courtlistener.com/opinion/9717017/bowen-v-paxton-media-group-llc/,"District Court, W.D. Kentucky",1896277,https://www.courtlistener.com/opinion/1896277/nahigian-v-juno-loudoun-llc/,"District Court, E.D. Virginia",Nahigian,"Nahigian v. Juno Loudoun, LLC","['2010 WL 318397', '2010 U.S. Dist. LEXIS 4156', '684 F. Supp. 2d 731']"
9717017,https://www.courtlistener.com/opinion/9717017/bowen-v-paxton-media-group-llc/,"District Court, W.D. Kentucky",2304164,https://www.courtlistener.com/opinion/2304164/yari-v-producers-guild-of-america-inc/,California Court of Appeal,Yari,"Yari v. PRODUCERS GUILD OF AMERICA, INC.","['2008 Cal. App. LEXIS 392', '161 Cal. App. 4th 172', '73 Cal. Rptr. 3d 803']"
9717017,https://www.courtlistener.com/opinion/9717017/bowen-v-paxton-media-group-llc/,"District Court, W.D. Kentucky",2427483,https://www.courtlistener.com/opinion/2427483/marcus-millichap-real-estate-investment-brokerage-co-v-skeeters/,"District Court, W.D. Kentucky",Skeeters,Marcus & Millichap Real Estate Investment Brokerage Co. v. Skeeters,"['2005 WL 2678923', '2005 U.S. Dist. LEXIS 24358', '395 F. Supp. 2d 541']"
9717017,https://www.courtlistener.com/opinion/9717017/bowen-v-paxton-media-group-llc/,"District Court, W.D. Kentucky",2453400,https://www.courtlistener.com/opinion/2453400/kentucky-press-assn-inc-v-kentucky/,"District Court, E.D. Kentucky",,"Kentucky Press Ass'n, Inc. v. Kentucky","['2005 WL 310535', '2005 U.S. Dist. LEXIS 2514', '355 F. Supp. 2d 853']"
9717017,https://www.courtlistener.com/opinion/9717017/bowen-v-paxton-media-group-llc/,"District Court, W.D. Kentucky",2463154,https://www.courtlistener.com/opinion/2463154/smith-v-bob-smith-chevrolet-inc/,"District Court, W.D. Kentucky",,"Smith v. Bob Smith Chevrolet, Inc.","['2003 WL 21801742', '275 F. Supp. 2d 808']"
9717017,https://www.courtlistener.com/opinion/9717017/bowen-v-paxton-media-group-llc/,"District Court, W.D. Kentucky",2982872,https://www.courtlistener.com/opinion/2982872/operating-engineers-local-324-health-care-plan-v-g-w-construction-co/,Court of Appeals for the Sixth Circuit,,Operating Engineers Local 324 Health Care Plan v. G & W Construction Co.,"['2015 U.S. App. LEXIS 6420', '203 L.R.R.M. (BNA) 3012', '60 Employee Benefits Cas. (BNA) 1520', '2015 FED App. 0072P', '783 F.3d 1045']"
9717017,https://www.courtlistener.com/opinion/9717017/bowen-v-paxton-media-group-llc/,"District Court, W.D. Kentucky",4332443,https://www.courtlistener.com/opinion/4332443/daniel-soehnlen-v-fleet-owners-ins-fund/,Court of Appeals for the Sixth Circuit,,Daniel Soehnlen v. Fleet Owners Ins. Fund,"['2016 WL 7383993', '2016 U.S. App. LEXIS 22914', '2016 FED App. 0297P', '844 F.3d 576']"
9717017,https://www.courtlistener.com/opinion/9717017/bowen-v-paxton-media-group-llc/,"District Court, W.D. Kentucky",4894912,https://www.courtlistener.com/opinion/4894912/transunion-llc-v-ramirez/,Supreme Court of the United States,Ramirez,TransUnion LLC v. Ramirez,['141 S. Ct. 2190']
9717017,https://www.courtlistener.com/opinion/9717017/bowen-v-paxton-media-group-llc/,"District Court, W.D. Kentucky",6239796,https://www.courtlistener.com/opinion/6239796/peredia-v-hr-mobile-servs-inc/,"California Court of Appeal, 5th District",Peredia,"Peredia v. HR Mobile Servs., Inc.","['25 Cal. App. 5th 680', '236 Cal. Rptr. 3d 157']"
9717017,https://www.courtlistener.com/opinion/9717017/bowen-v-paxton-media-group-llc/,"District Court, W.D. Kentucky",6241780,https://www.courtlistener.com/opinion/6241780/mckim-v-sullivan/,Court of Appeals of Arkansas,McKim,McKim v. Sullivan,['548 S.W.3d 835']
9717017,https://www.courtlistener.com/opinion/9717017/bowen-v-paxton-media-group-llc/,"District Court, W.D. Kentucky",7077617,https://www.courtlistener.com/opinion/7077617/talley-v-danek-medical-inc/,Court of Appeals for the Fourth Circuit,Talley,"Talley v. Danek Medical, Inc.","['1999 WL 503499', '1999 U.S. App. LEXIS 15552', '179 F.3d 154']"
9717017,https://www.courtlistener.com/opinion/9717017/bowen-v-paxton-media-group-llc/,"District Court, W.D. Kentucky",7324900,https://www.courtlistener.com/opinion/7324900/hadley-v-kellogg-sales-co/,"District Court, N.D. California",Hadley,Hadley v. Kellogg Sales Co.,"['2017 U.S. Dist. LEXIS 40825', '2017 WL 1065293', '243 F. Supp. 3d 1074']"
9717017,https://www.courtlistener.com/opinion/9717017/bowen-v-paxton-media-group-llc/,"District Court, W.D. Kentucky",7335033,https://www.courtlistener.com/opinion/7335033/mckenzie-v-allconnect-inc/,"District Court, E.D. Kentucky",McKenzie,"McKenzie v. Allconnect, Inc.",['369 F. Supp. 3d 810']
9717017,https://www.courtlistener.com/opinion/9717017/bowen-v-paxton-media-group-llc/,"District Court, W.D. Kentucky",8255934,https://www.courtlistener.com/opinion/8255934/hayes-v-dci-props-d-ky-llc/,Missouri Court of Appeals,Hayes,"Hayes v. D.C.I. Props.-D KY, LLC",['563 S.W.3d 619']
9717017,https://www.courtlistener.com/opinion/9717017/bowen-v-paxton-media-group-llc/,"District Court, W.D. Kentucky",8697308,https://www.courtlistener.com/opinion/8697308/galaria-v-nationwide-mutual-insurance-co/,Court of Appeals for the Sixth Circuit,Galaria,Galaria v. Nationwide Mutual Insurance Co.,"[""663 F. App'x 384""]"
9717017,https://www.courtlistener.com/opinion/9717017/bowen-v-paxton-media-group-llc/,"District Court, W.D. Kentucky",8720378,https://www.courtlistener.com/opinion/8720378/in-re-sony-gaming-networks-customer-data-security-breach-litigation/,"District Court, S.D. California",,In re Sony Gaming Networks & Customer Data Security Breach Litigation,"['2012 U.S. Dist. LEXIS 146971', '2012 WL 4849054', '903 F. Supp. 2d 942']"
9717017,https://www.courtlistener.com/opinion/9717017/bowen-v-paxton-media-group-llc/,"District Court, W.D. Kentucky",8725435,https://www.courtlistener.com/opinion/8725435/helton-ex-rel-warren-c-helton-irrevocable-trust-v-american-general-life/,"District Court, W.D. Kentucky",,Helton ex rel. Warren C. Helton Irrevocable Trust v. American General Life Insurance,"['2013 U.S. Dist. LEXIS 71461', '2013 WL 2242773', '946 F. Supp. 2d 695']"
9717017,https://www.courtlistener.com/opinion/9717017/bowen-v-paxton-media-group-llc/,"District Court, W.D. Kentucky",8926587,https://www.courtlistener.com/opinion/8926587/sidney-vinstein-v-ah-robins-co/,Court of Appeals for the Ninth Circuit,Sidney-Vinstein,Sidney-Vinstein v. A.H. Robins Co.,"['35 Fed. R. Serv. 2d 1155', '697 F.2d 880']"
9717017,https://www.courtlistener.com/opinion/9717017/bowen-v-paxton-media-group-llc/,"District Court, W.D. Kentucky",112747,https://www.courtlistener.com/opinion/112747/lujan-v-defenders-of-wildlife/,Supreme Court of the United States,Lujan,Lujan v. Defenders of Wildlife,"['34 ERC (BNA) 1785', '22 Envtl. L. Rep. (Envtl. Law Inst.) 20913', '6 Fla. L. Weekly Fed. S 374', '92 Daily Journal DAR 8967', '92 Cal. Daily Op. Serv. 4985', '60 U.S.L.W. 4495', '1992 U.S. LEXIS 3543', '504 U.S. 555', '112 S. Ct. 2130', '119 L. Ed. 2d 351']"
9717017,https://www.courtlistener.com/opinion/9717017/bowen-v-paxton-media-group-llc/,"District Court, W.D. Kentucky",145730,https://www.courtlistener.com/opinion/145730/bell-atlantic-corp-v-twombly/,Supreme Court of the United States,Twombly,Bell Atlantic Corp. v. Twombly,"['75 U.S.L.W. 4337', '68 Fed. R. Serv. 3d 661', '20 Fla. L. Weekly Fed. S 267', '41 Communications Reg. (P&F) 567', '2007 U.S. LEXIS 5901', '550 U.S. 544', '127 S. Ct. 1955', '167 L. Ed. 2d 929']"
9717017,https://www.courtlistener.com/opinion/9717017/bowen-v-paxton-media-group-llc/,"District Court, W.D. Kentucky",145875,https://www.courtlistener.com/opinion/145875/ashcroft-v-iqbal/,Supreme Court of the United States,Iqbal,Ashcroft v. Iqbal,"['2009 U.S. LEXIS 3472', '556 U.S. 662', '129 S. Ct. 1937', '173 L. Ed. 2d 868']"
9717017,https://www.courtlistener.com/opinion/9717017/bowen-v-paxton-media-group-llc/,"District Court, W.D. Kentucky",787520,https://www.courtlistener.com/opinion/787520/dlx-inc-v-commonwealth-of-kentucky/,Court of Appeals for the Sixth Circuit,,"Dlx, Inc. v. Commonwealth of Kentucky","['2004 WL 1899871', '381 F.3d 511']"
9717017,https://www.courtlistener.com/opinion/9717017/bowen-v-paxton-media-group-llc/,"District Court, W.D. Kentucky",1193637,https://www.courtlistener.com/opinion/1193637/league-of-united-latin-american-citizens-v-bredesen/,Court of Appeals for the Sixth Circuit,Bredesen,League of United Latin American Citizens v. Bredesen,"['2007 WL 2416474', '2007 U.S. App. LEXIS 20556', '500 F.3d 523']"
9717017,https://www.courtlistener.com/opinion/9717017/bowen-v-paxton-media-group-llc/,"District Court, W.D. Kentucky",1211824,https://www.courtlistener.com/opinion/1211824/mcdonald-v-coldwell-banker/,Court of Appeals for the Ninth Circuit,McDonald,McDonald v. Coldwell Banker,"['2008 WL 4149145', '2008 U.S. App. LEXIS 19247', '543 F.3d 498']"
9717017,https://www.courtlistener.com/opinion/9717017/bowen-v-paxton-media-group-llc/,"District Court, W.D. Kentucky",4627976,https://www.courtlistener.com/opinion/4627976/adam-kanuszewski-v-mich-dept-of-health-human-servs/,Court of Appeals for the Sixth Circuit,,Adam Kanuszewski v. Mich. Dep't of Health & Human Servs.,['927 F.3d 396']
9732791,https://www.courtlistener.com/opinion/9732791/bush-v-wellpet-llc/,"District Court, D. Massachusetts",2702,https://www.courtlistener.com/opinion/2702/cohen-v-jp-morgan-chase-co/,Court of Appeals for the Second Circuit,Cohen,Cohen v. JP Morgan Chase & Co.,"['2007 WL 2231106', '2007 U.S. App. LEXIS 18620', '498 F.3d 111']"
9732791,https://www.courtlistener.com/opinion/9732791/bush-v-wellpet-llc/,"District Court, D. Massachusetts",866709,https://www.courtlistener.com/opinion/866709/fink-v-time-warner-cable/,Court of Appeals for the Second Circuit,Fink,Fink v. Time Warner Cable,"['2013 WL 1859141', '714 F.3d 739']"
9732791,https://www.courtlistener.com/opinion/9732791/bush-v-wellpet-llc/,"District Court, D. Massachusetts",1243130,https://www.courtlistener.com/opinion/1243130/williams-v-gerber-products-co/,Court of Appeals for the Ninth Circuit,,Williams v. Gerber Products Co.,"['2008 WL 5273731', '2008 U.S. App. LEXIS 27421', '552 F.3d 934']"
9732791,https://www.courtlistener.com/opinion/9732791/bush-v-wellpet-llc/,"District Court, D. Massachusetts",2068338,https://www.courtlistener.com/opinion/2068338/heller-financial-v-insurance-co-of-north-america/,Massachusetts Supreme Judicial Court,,Heller Financial v. Insurance Co. of North America,"['1991 Mass. LEXIS 327', '410 Mass. 400', '573 N.E.2d 8']"
9732791,https://www.courtlistener.com/opinion/9732791/bush-v-wellpet-llc/,"District Court, D. Massachusetts",6578993,https://www.courtlistener.com/opinion/6578993/aspinall-v-philip-morris-companies-inc/,Massachusetts Supreme Judicial Court,Aspinall,"Aspinall v. Philip Morris Companies, Inc.",['442 Mass. 381']
9732791,https://www.courtlistener.com/opinion/9732791/bush-v-wellpet-llc/,"District Court, D. Massachusetts",6579463,https://www.courtlistener.com/opinion/6579463/chervin-v-travelers-insurance/,Massachusetts Supreme Judicial Court,Chervin,Chervin v. Travelers Insurance,"['2006 Mass. LEXIS 768', '858 N.E.2d 746', '448 Mass. 95']"
9732791,https://www.courtlistener.com/opinion/9732791/bush-v-wellpet-llc/,"District Court, D. Massachusetts",7324900,https://www.courtlistener.com/opinion/7324900/hadley-v-kellogg-sales-co/,"District Court, N.D. California",Hadley,Hadley v. Kellogg Sales Co.,"['2017 U.S. Dist. LEXIS 40825', '2017 WL 1065293', '243 F. Supp. 3d 1074']"
9732791,https://www.courtlistener.com/opinion/9732791/bush-v-wellpet-llc/,"District Court, D. Massachusetts",7328757,https://www.courtlistener.com/opinion/7328757/in-re-nexus-6p-prods-liab-litig/,"District Court, N.D. California",,In re Nexus 6P Prods. Liab. Litig.,['293 F. Supp. 3d 888']
9732791,https://www.courtlistener.com/opinion/9732791/bush-v-wellpet-llc/,"District Court, D. Massachusetts",7335627,https://www.courtlistener.com/opinion/7335627/parks-v-ainsworth-pet-nutrition-llc/,"District Court, S.D. Illinois",Parks,"Parks v. Ainsworth Pet Nutrition, LLC",['377 F. Supp. 3d 241']
9732791,https://www.courtlistener.com/opinion/9732791/bush-v-wellpet-llc/,"District Court, D. Massachusetts",145730,https://www.courtlistener.com/opinion/145730/bell-atlantic-corp-v-twombly/,Supreme Court of the United States,Twombly,Bell Atlantic Corp. v. Twombly,"['75 U.S.L.W. 4337', '68 Fed. R. Serv. 3d 661', '20 Fla. L. Weekly Fed. S 267', '41 Communications Reg. (P&F) 567', '2007 U.S. LEXIS 5901', '550 U.S. 544', '127 S. Ct. 1955', '167 L. Ed. 2d 929']"
9732791,https://www.courtlistener.com/opinion/9732791/bush-v-wellpet-llc/,"District Court, D. Massachusetts",145875,https://www.courtlistener.com/opinion/145875/ashcroft-v-iqbal/,Supreme Court of the United States,Iqbal,Ashcroft v. Iqbal,"['2009 U.S. LEXIS 3472', '556 U.S. 662', '129 S. Ct. 1937', '173 L. Ed. 2d 868']"
9732791,https://www.courtlistener.com/opinion/9732791/bush-v-wellpet-llc/,"District Court, D. Massachusetts",4646797,https://www.courtlistener.com/opinion/4646797/dumont-v-reily-foods-co/,Court of Appeals for the First Circuit,Dumont,Dumont v. Reily Foods Co.,['934 F.3d 35']
9734213,https://www.courtlistener.com/opinion/9734213/williams-sonoma-inc-v-wayfair-inc/,"District Court, D. Massachusetts",130141,https://www.courtlistener.com/opinion/130141/dastar-corp-v-twentieth-century-fox-film-corp/,Supreme Court of the United States,Dastar,Dastar Corp. v. Twentieth Century Fox Film Corp.,"['71 U.S.L.W. 4415', '66 U.S.P.Q. 2d (BNA) 1641', '2003 Cal. Daily Op. Serv. 4554', '16 Fla. L. Weekly Fed. S 330', '2003 Daily Journal DAR 5799', '194 A.L.R. Fed. 731', '2003 U.S. LEXIS 4276', '539 U.S. 23', '123 S. Ct. 2041', '156 L. Ed. 2d 18']"
9734213,https://www.courtlistener.com/opinion/9734213/williams-sonoma-inc-v-wayfair-inc/,"District Court, D. Massachusetts",199109,https://www.courtlistener.com/opinion/199109/clorox-co-puerto-rico-v-proctor-gamble-commercial-co/,Court of Appeals for the First Circuit,,Clorox Co. Puerto Rico v. Proctor & Gamble Commercial Co.,"['2000 WL 1449255', '2000 U.S. App. LEXIS 24764', '47 Fed. R. Serv. 3d 1166', '56 U.S.P.Q. 2d (BNA) 1385', '228 F.3d 24']"
9734213,https://www.courtlistener.com/opinion/9734213/williams-sonoma-inc-v-wayfair-inc/,"District Court, D. Massachusetts",199896,https://www.courtlistener.com/opinion/199896/cashmere-camel-hair-manufacturers-institute-v-saks-fifth-avenue/,Court of Appeals for the First Circuit,,Cashmere & Camel Hair Manufacturers Institute v. Saks Fifth Avenue,"['2002 WL 471894', '2002 U.S. App. LEXIS 5361', '284 F.3d 302']"
9734213,https://www.courtlistener.com/opinion/9734213/williams-sonoma-inc-v-wayfair-inc/,"District Court, D. Massachusetts",200877,https://www.courtlistener.com/opinion/200877/zyla-v-wadsworth-division-of-the-thomson-corp/,Court of Appeals for the First Circuit,Zyla,"Zyla v. Wadsworth, Division of the Thomson Corp.","['2004 WL 345639', '2004 U.S. App. LEXIS 3521', '69 U.S.P.Q. 2d (BNA) 1915', '360 F.3d 243']"
9734213,https://www.courtlistener.com/opinion/9734213/williams-sonoma-inc-v-wayfair-inc/,"District Court, D. Massachusetts",201098,https://www.courtlistener.com/opinion/201098/alternative-system-concepts-inc-v-synopsys-inc/,Court of Appeals for the First Circuit,,"Alternative System Concepts, Inc. v. Synopsys, Inc.","['2004 WL 1514633', '2004 U.S. App. LEXIS 13880', '374 F.3d 23']"
9734213,https://www.courtlistener.com/opinion/9734213/williams-sonoma-inc-v-wayfair-inc/,"District Court, D. Massachusetts",202804,https://www.courtlistener.com/opinion/202804/rodriguez-ortiz-v-margo-caribe-inc/,Court of Appeals for the First Circuit,Rodriguez-Ortiz,"Rodriguez-Ortiz v. Margo Caribe, Inc.","['2007 WL 1732883', '2007 U.S. App. LEXIS 14316', '490 F.3d 92']"
9734213,https://www.courtlistener.com/opinion/9734213/williams-sonoma-inc-v-wayfair-inc/,"District Court, D. Massachusetts",209272,https://www.courtlistener.com/opinion/209272/baden-sports-inc-v-molten-usa-inc/,Court of Appeals for the Federal Circuit,,"Baden Sports, Inc. v. Molten USA, Inc.","['2009 WL 349358', '2009 U.S. App. LEXIS 2915', '89 U.S.P.Q. 2d (BNA) 1878', '556 F.3d 1300']"
9734213,https://www.courtlistener.com/opinion/9734213/williams-sonoma-inc-v-wayfair-inc/,"District Court, D. Massachusetts",626986,https://www.courtlistener.com/opinion/626986/morales-cruz-v-university-of-puerto-rico/,Court of Appeals for the First Circuit,Morales-Cruz,Morales-Cruz v. University of Puerto Rico,"['2012 WL 1172064', '114 Fair Empl. Prac. Cas. (BNA) 1185', '95 Empl. Prac. Dec. (CCH) 44,473', '2012 U.S. App. LEXIS 7158', '676 F.3d 220']"
9734213,https://www.courtlistener.com/opinion/9734213/williams-sonoma-inc-v-wayfair-inc/,"District Court, D. Massachusetts",706088,https://www.courtlistener.com/opinion/706088/michael-freeman-plaintiff-appellant-v-the-time-inc-magazine-company/,Court of Appeals for the Ninth Circuit,,"Michael FREEMAN, Plaintiff-Appellant, v. the TIME, INC., Magazine Company, Et Al., Defendants-Appellees",['68 F.3d 285']
9734213,https://www.courtlistener.com/opinion/9734213/williams-sonoma-inc-v-wayfair-inc/,"District Court, D. Massachusetts",866709,https://www.courtlistener.com/opinion/866709/fink-v-time-warner-cable/,Court of Appeals for the Second Circuit,Fink,Fink v. Time Warner Cable,"['2013 WL 1859141', '714 F.3d 739']"
9734213,https://www.courtlistener.com/opinion/9734213/williams-sonoma-inc-v-wayfair-inc/,"District Court, D. Massachusetts",1243130,https://www.courtlistener.com/opinion/1243130/williams-v-gerber-products-co/,Court of Appeals for the Ninth Circuit,,Williams v. Gerber Products Co.,"['2008 WL 5273731', '2008 U.S. App. LEXIS 27421', '552 F.3d 934']"
9734213,https://www.courtlistener.com/opinion/9734213/williams-sonoma-inc-v-wayfair-inc/,"District Court, D. Massachusetts",2982969,https://www.courtlistener.com/opinion/2982969/kehoe-component-sales-inc-v-best-lighting-products-inc/,Court of Appeals for the Sixth Circuit,,"Kehoe Component Sales Inc. v. Best Lighting Products, Inc.","['2015 WL 4635824', '2015 U.S. App. LEXIS 13638', '92 Fed. R. Serv. 3d 582', '115 U.S.P.Q. 2d (BNA) 1900', '2015 FED App. 0177P', '796 F.3d 576']"
9734213,https://www.courtlistener.com/opinion/9734213/williams-sonoma-inc-v-wayfair-inc/,"District Court, D. Massachusetts",4254182,https://www.courtlistener.com/opinion/4254182/kaufman-v-cvs-caremark-corp/,Court of Appeals for the First Circuit,Kaufman,Kaufman v. CVS Caremark Corp.,"['2016 U.S. App. LEXIS 16350', '2016 WL 4608131', '836 F.3d 88']"
9734213,https://www.courtlistener.com/opinion/9734213/williams-sonoma-inc-v-wayfair-inc/,"District Court, D. Massachusetts",4412477,https://www.courtlistener.com/opinion/4412477/mulder-v-kohls-department-stores-inc/,Court of Appeals for the First Circuit,Mulder,"Mulder v. Kohl's Department Stores, Inc.","['2017 U.S. App. LEXIS 13546', '2017 WL 3167620', '865 F.3d 17']"
9734213,https://www.courtlistener.com/opinion/9734213/williams-sonoma-inc-v-wayfair-inc/,"District Court, D. Massachusetts",5607980,https://www.courtlistener.com/opinion/5607980/kasky-v-nike-inc/,California Supreme Court,Kasky,"Kasky v. Nike, Inc.","['45 P.3d 243', '27 Cal. 4th 939']"
9734213,https://www.courtlistener.com/opinion/9734213/williams-sonoma-inc-v-wayfair-inc/,"District Court, D. Massachusetts",5608107,https://www.courtlistener.com/opinion/5608107/kwikset-corp-v-superior-court/,California Supreme Court,,Kwikset Corp. v. Superior Court,"['2011 Cal. LEXIS 532', '120 Cal. Rptr. 3d 741', '246 P.3d 877', '51 Cal. 4th 310']"
9734213,https://www.courtlistener.com/opinion/9734213/williams-sonoma-inc-v-wayfair-inc/,"District Court, D. Massachusetts",7314354,https://www.courtlistener.com/opinion/7314354/la-taxi-cooperative-inc-v-uber-technologies-inc/,"District Court, N.D. California",,"L.A. Taxi Cooperative, Inc. v. Uber Technologies, Inc.","['2015 WL 4397706', '2015 U.S. Dist. LEXIS 94181', '114 F. Supp. 3d 852']"
9734213,https://www.courtlistener.com/opinion/9734213/williams-sonoma-inc-v-wayfair-inc/,"District Court, D. Massachusetts",7314644,https://www.courtlistener.com/opinion/7314644/photographic-illustrators-corp-v-orgill-inc/,"District Court, D. Massachusetts",,"Photographic Illustrators Corp. v. Orgill, Inc.","['2015 WL 4572296', '2015 U.S. Dist. LEXIS 99031', '316 F.R.D. 45', '118 F. Supp. 3d 398']"
9734213,https://www.courtlistener.com/opinion/9734213/williams-sonoma-inc-v-wayfair-inc/,"District Court, D. Massachusetts",7324900,https://www.courtlistener.com/opinion/7324900/hadley-v-kellogg-sales-co/,"District Court, N.D. California",Hadley,Hadley v. Kellogg Sales Co.,"['2017 U.S. Dist. LEXIS 40825', '2017 WL 1065293', '243 F. Supp. 3d 1074']"
9734213,https://www.courtlistener.com/opinion/9734213/williams-sonoma-inc-v-wayfair-inc/,"District Court, D. Massachusetts",145730,https://www.courtlistener.com/opinion/145730/bell-atlantic-corp-v-twombly/,Supreme Court of the United States,Twombly,Bell Atlantic Corp. v. Twombly,"['75 U.S.L.W. 4337', '68 Fed. R. Serv. 3d 661', '20 Fla. L. Weekly Fed. S 267', '41 Communications Reg. (P&F) 567', '2007 U.S. LEXIS 5901', '550 U.S. 544', '127 S. Ct. 1955', '167 L. Ed. 2d 929']"
9734213,https://www.courtlistener.com/opinion/9734213/williams-sonoma-inc-v-wayfair-inc/,"District Court, D. Massachusetts",4646797,https://www.courtlistener.com/opinion/4646797/dumont-v-reily-foods-co/,Court of Appeals for the First Circuit,Dumont,Dumont v. Reily Foods Co.,['934 F.3d 35']
9925195,https://www.courtlistener.com/opinion/9925195/gilman-v-intel-corporation/,"District Court, D. Oregon",108478,https://www.courtlistener.com/opinion/108478/federal-trade-commission-v-sperry-hutchinson-co/,Supreme Court of the United States,Sperry & Hutchinson,Federal Trade Commission v. Sperry & Hutchinson Co.,"['1972 Trade Cas. (CCH) 73,861', '1972 U.S. LEXIS 154', '405 U.S. 233', '92 S. Ct. 898', '31 L. Ed. 2d 170']"
9925195,https://www.courtlistener.com/opinion/9925195/gilman-v-intel-corporation/,"District Court, D. Oregon",175568,https://www.courtlistener.com/opinion/175568/shroyer-v-new-cingular-wireless-services-inc/,Court of Appeals for the Ninth Circuit,Shroyer,"Shroyer v. New Cingular Wireless Services, Inc.","['51 Communications Reg. (P&F) 535', '2010 U.S. App. LEXIS 19814', '622 F.3d 1035']"
9925195,https://www.courtlistener.com/opinion/9925195/gilman-v-intel-corporation/,"District Court, D. Oregon",181397,https://www.courtlistener.com/opinion/181397/daniels-hall-v-national-education-assn/,Court of Appeals for the Ninth Circuit,Daniels-Hall,Daniels-Hall v. National Education Ass'n,"['2010 WL 5141247', '2010 U.S. App. LEXIS 25894', '50 Employee Benefits Cas. (BNA) 1481', '629 F.3d 992']"
9925195,https://www.courtlistener.com/opinion/9925195/gilman-v-intel-corporation/,"District Court, D. Oregon",622977,https://www.courtlistener.com/opinion/622977/wilson-v-hewlett-packard-co/,Court of Appeals for the Ninth Circuit,Wilson,Wilson v. Hewlett-Packard Co.,"['2012 U.S. App. LEXIS 3174', '2012 WL 502442', '668 F.3d 1136']"
9925195,https://www.courtlistener.com/opinion/9925195/gilman-v-intel-corporation/,"District Court, D. Oregon",673514,https://www.courtlistener.com/opinion/673514/ashley-hunt-greenwood-v-federal-aviation-administration/,Court of Appeals for the Ninth Circuit,,Ashley Hunt Greenwood v. Federal Aviation Administration,"['1994 WL 284101', '1994 U.S. App. LEXIS 16112', '94 Daily Journal DAR 9029', '94 Cal. Daily Op. Serv. 4907', '28 F.3d 971']"
9925195,https://www.courtlistener.com/opinion/9925195/gilman-v-intel-corporation/,"District Court, D. Oregon",774954,https://www.courtlistener.com/opinion/774954/federal-trade-commission-v-keith-h-gill-richard-murkey/,Court of Appeals for the Ninth Circuit,,Federal Trade Commission v. Keith H. Gill Richard Murkey,"['2001 WL 1044631', '2001 U.S. App. LEXIS 20319', '2001 Cal. Daily Op. Serv. 8048', '2001 Daily Journal DAR 9911', '265 F.3d 944']"
9925195,https://www.courtlistener.com/opinion/9925195/gilman-v-intel-corporation/,"District Court, D. Oregon",807798,https://www.courtlistener.com/opinion/807798/gary-davis-v-hsbc-bank-nevada-na/,Court of Appeals for the Ninth Circuit,,"Gary Davis v. Hsbc Bank Nevada, N.A.","['2012 U.S. App. LEXIS 18503', '2012 WL 3804370', '691 F.3d 1152']"
9925195,https://www.courtlistener.com/opinion/9925195/gilman-v-intel-corporation/,"District Court, D. Oregon",815037,https://www.courtlistener.com/opinion/815037/already-llc-v-nike-inc/,Supreme Court of the United States,,"Already, LLC v. Nike, Inc.","['2013 WL 85300', '23 Fla. L. Weekly Fed. S 549', '105 U.S.P.Q. 2d (BNA) 1169', '2013 U.S. LEXIS 602', '568 U.S. 85', '133 S. Ct. 721', '184 L. Ed. 2d 553']"
9925195,https://www.courtlistener.com/opinion/9925195/gilman-v-intel-corporation/,"District Court, D. Oregon",889154,https://www.courtlistener.com/opinion/889154/rohrer-v-knudson/,Montana Supreme Court,Rohrer,Rohrer v. Knudson,"['2009 Mont. LEXIS 42', '349 Mont. 197', '203 P.3d 759', '2009 MT 35']"
9925195,https://www.courtlistener.com/opinion/9925195/gilman-v-intel-corporation/,"District Court, D. Oregon",1271965,https://www.courtlistener.com/opinion/1271965/newcal-industries-inc-v-ikon-office-solution/,Court of Appeals for the Ninth Circuit,,"Newcal Industries, Inc. v. IKON Office Solution","['2008 WL 185520', '2008 U.S. App. LEXIS 1257', '86 U.S.P.Q. 2d (BNA) 1150', '513 F.3d 1038']"
9925195,https://www.courtlistener.com/opinion/9925195/gilman-v-intel-corporation/,"District Court, D. Oregon",1409931,https://www.courtlistener.com/opinion/1409931/witherspoon-v-philip-morris-inc/,"District Court, District of Columbia",Witherspoon,Witherspoon v. Philip Morris Inc.,"['1997 WL 268572', '1997 U.S. Dist. LEXIS 7077', '35 U.C.C. Rep. Serv. 2d (West) 850', '964 F. Supp. 455']"
9925195,https://www.courtlistener.com/opinion/9925195/gilman-v-intel-corporation/,"District Court, D. Oregon",1429600,https://www.courtlistener.com/opinion/1429600/lozano-v-at-t-wireless-services-inc/,Court of Appeals for the Ninth Circuit,Lozano,"Lozano v. AT & T Wireless Services, Inc.","['2007 WL 2728758', '2007 U.S. App. LEXIS 22430', '42 Communications Reg. (P&F) 799', '504 F.3d 718']"
9925195,https://www.courtlistener.com/opinion/9925195/gilman-v-intel-corporation/,"District Court, D. Oregon",1434048,https://www.courtlistener.com/opinion/1434048/birdsong-v-apple-inc/,Court of Appeals for the Ninth Circuit,Birdsong,"Birdsong v. Apple, Inc.","['2009 WL 5125776', '2009 U.S. App. LEXIS 28749', '590 F.3d 955']"
9925195,https://www.courtlistener.com/opinion/9925195/gilman-v-intel-corporation/,"District Court, D. Oregon",1629880,https://www.courtlistener.com/opinion/1629880/cole-v-chevron-usa-inc/,"District Court, S.D. Mississippi",Cole,"Cole v. Chevron USA, Inc.","['2007 U.S. Dist. LEXIS 70594', '2007 WL 2783390', '554 F. Supp. 2d 655']"
9925195,https://www.courtlistener.com/opinion/9925195/gilman-v-intel-corporation/,"District Court, D. Oregon",1989058,https://www.courtlistener.com/opinion/1989058/commonwealth-v-percudani/,Commonwealth Court of Pennsylvania,Com.,Commonwealth v. Percudani,['844 A.2d 35']
9925195,https://www.courtlistener.com/opinion/9925195/gilman-v-intel-corporation/,"District Court, D. Oregon",2111153,https://www.courtlistener.com/opinion/2111153/otworth-v-southern-pacific-transportation-co/,California Court of Appeal,Otworth,Otworth v. Southern Pacific Transportation Co.,"['1985 Cal. App. LEXIS 1847', '212 Cal. Rptr. 743', '166 Cal. App. 3d 452']"
9925195,https://www.courtlistener.com/opinion/9925195/gilman-v-intel-corporation/,"District Court, D. Oregon",2143856,https://www.courtlistener.com/opinion/2143856/younan-v-equifax-inc/,California Court of Appeal,Younan,Younan v. Equifax Inc.,"['1980 Cal. App. LEXIS 2377', '169 Cal. Rptr. 478', '111 Cal. App. 3d 498']"
9925195,https://www.courtlistener.com/opinion/9925195/gilman-v-intel-corporation/,"District Court, D. Oregon",2153747,https://www.courtlistener.com/opinion/2153747/patriot-scientific-corp-v-korodi/,"District Court, S.D. California",Korodi,Patriot Scientific Corp. v. Korodi,"['2007 WL 1558510', '2007 U.S. Dist. LEXIS 38279', '504 F. Supp. 2d 952']"
9925195,https://www.courtlistener.com/opinion/9925195/gilman-v-intel-corporation/,"District Court, D. Oregon",2249006,https://www.courtlistener.com/opinion/2249006/persson-v-smart-inventions-inc/,California Court of Appeal,Persson,"Persson v. Smart Inventions, Inc.","['2005 Cal. App. LEXIS 64', '2005 Daily Journal DAR 725', '2005 Cal. Daily Op. Serv. 571', '125 Cal. App. 4th 1141', '23 Cal. Rptr. 3d 335']"
9925195,https://www.courtlistener.com/opinion/9925195/gilman-v-intel-corporation/,"District Court, D. Oregon",2261070,https://www.courtlistener.com/opinion/2261070/richelle-l-v-roman-catholic-archbishop/,California Court of Appeal,,Richelle L. v. Roman Catholic Archbishop,"['106 Cal. App. 4th 257', '130 Cal. Rptr. 2d 601']"
9925195,https://www.courtlistener.com/opinion/9925195/gilman-v-intel-corporation/,"District Court, D. Oregon",2261203,https://www.courtlistener.com/opinion/2261203/melchior-v-new-line-productions-inc/,California Court of Appeal,Melchior,"Melchior v. New Line Productions, Inc.","['2003 Cal. App. LEXIS 299', '2003 Daily Journal DAR 2317', '2003 Cal. Daily Op. Serv. 1855', '106 Cal. App. 4th 779', '131 Cal. Rptr. 2d 347']"
9925195,https://www.courtlistener.com/opinion/9925195/gilman-v-intel-corporation/,"District Court, D. Oregon",2267506,https://www.courtlistener.com/opinion/2267506/limandri-v-judkins/,California Court of Appeal,LiMandri,LiMandri v. Judkins,"['1997 Cal. App. LEXIS 56', '97 Daily Journal DAR 1037', '97 Cal. Daily Op. Serv. 690', '60 Cal. Rptr. 2d 539', '52 Cal. App. 4th 326']"
9925195,https://www.courtlistener.com/opinion/9925195/gilman-v-intel-corporation/,"District Court, D. Oregon",2268134,https://www.courtlistener.com/opinion/2268134/assilzadeh-v-california-federal-bank/,California Court of Appeal,Assilzadeh,Assilzadeh v. California Federal Bank,"['2000 Cal. App. LEXIS 571', '2000 Cal. Daily Op. Serv. 6072', '2000 Daily Journal DAR 7981', '82 Cal. App. 4th 399', '98 Cal. Rptr. 2d 176']"
9925195,https://www.courtlistener.com/opinion/9925195/gilman-v-intel-corporation/,"District Court, D. Oregon",2287490,https://www.courtlistener.com/opinion/2287490/lectrodryer-v-seoulbank/,California Court of Appeal,Lectrodryer,Lectrodryer v. SeoulBank,"['2000 Cal. App. LEXIS 30', '2000 Daily Journal DAR 645', '40 U.C.C. Rep. Serv. 2d (West) 827', '2000 Cal. Daily Op. Serv. 474', '77 Cal. App. 4th 723', '91 Cal. Rptr. 2d 881']"
9925195,https://www.courtlistener.com/opinion/9925195/gilman-v-intel-corporation/,"District Court, D. Oregon",2290504,https://www.courtlistener.com/opinion/2290504/daugherty-v-american-honda-motor-co-inc/,California Court of Appeal,,"Daugherty v. American Honda Motor Co., Inc.","['144 Cal. App. 4th 824', '51 Cal. Rptr. 3d 118']"
9925195,https://www.courtlistener.com/opinion/9925195/gilman-v-intel-corporation/,"District Court, D. Oregon",2294215,https://www.courtlistener.com/opinion/2294215/massachusetts-mutual-life-insurance-v-superior-court/,California Court of Appeal,,Massachusetts Mutual Life Insurance v. Superior Court,"['97 Cal. App. 4th 1282', '119 Cal. Rptr. 2d 190']"
9925195,https://www.courtlistener.com/opinion/9925195/gilman-v-intel-corporation/,"District Court, D. Oregon",2296379,https://www.courtlistener.com/opinion/2296379/united-guaranty-mortgage-indemnity-co-v-countrywide-financial-corp/,"District Court, C.D. California",,United Guaranty Mortgage Indemnity Co. v. Countrywide Financial Corp.,"['2009 U.S. Dist. LEXIS 96283', '660 F. Supp. 2d 1163']"
9925195,https://www.courtlistener.com/opinion/9925195/gilman-v-intel-corporation/,"District Court, D. Oregon",2296435,https://www.courtlistener.com/opinion/2296435/mckell-v-washington-mut-inc/,California Court of Appeal,McKell,"McKell v. Washington Mut., Inc.","['142 Cal. App. 4th 1457', '49 Cal. Rptr. 3d 227']"
9925195,https://www.courtlistener.com/opinion/9925195/gilman-v-intel-corporation/,"District Court, D. Oregon",2305488,https://www.courtlistener.com/opinion/2305488/paulus-v-bob-lynch-ford-inc/,California Court of Appeal,Paulus,"Paulus v. Bob Lynch Ford, Inc.","['139 Cal. App. 4th 659', '43 Cal. Rptr. 3d 148']"
9925195,https://www.courtlistener.com/opinion/9925195/gilman-v-intel-corporation/,"District Court, D. Oregon",2306994,https://www.courtlistener.com/opinion/2306994/american-suzuki-motor-corp-v-superior-court/,California Court of Appeal,,American Suzuki Motor Corp. v. Superior Court,"['1995 Cal. App. LEXIS 821', '27 U.C.C. Rep. Serv. 2d (West) 392', '44 Cal. Rptr. 2d 526', '95 Daily Journal DAR 11439', '95 Cal. Daily Op. Serv. 6722', '44 Cal. Rptr. 526', '37 Cal. App. 4th 1291']"
9925195,https://www.courtlistener.com/opinion/9925195/gilman-v-intel-corporation/,"District Court, D. Oregon",2307228,https://www.courtlistener.com/opinion/2307228/barajas-v-oren-realty-development-co/,California Court of Appeal,Barajas,Barajas v. Oren Realty & Development Co.,"['1997 Cal. App. LEXIS 666', '97 Daily Journal DAR 10927', '97 Cal. Daily Op. Serv. 6735', '67 Cal. Rptr. 2d 62', '57 Cal. App. 4th 209']"
9925195,https://www.courtlistener.com/opinion/9925195/gilman-v-intel-corporation/,"District Court, D. Oregon",2309231,https://www.courtlistener.com/opinion/2309231/dealertrack-inc-v-huber/,"District Court, C.D. California",Huber,"Dealertrack, Inc. v. Huber","['2006 WL 3187305', '460 F. Supp. 2d 1177']"
9925195,https://www.courtlistener.com/opinion/9925195/gilman-v-intel-corporation/,"District Court, D. Oregon",2311974,https://www.courtlistener.com/opinion/2311974/raad-v-wal-mart-stores-inc/,"District Court, D. Nebraska",Raad,"Raad v. Wal-Mart Stores, Inc.","['1998 WL 409358', '1998 U.S. Dist. LEXIS 11270', '13 F. Supp. 2d 1003']"
9925195,https://www.courtlistener.com/opinion/9925195/gilman-v-intel-corporation/,"District Court, D. Oregon",2370927,https://www.courtlistener.com/opinion/2370927/waldo-v-north-american-van-lines-inc/,"District Court, W.D. Pennsylvania",Waldo,"Waldo v. North American Van Lines, Inc.","['1987 U.S. Dist. LEXIS 8274', '669 F. Supp. 722']"
9925195,https://www.courtlistener.com/opinion/9925195/gilman-v-intel-corporation/,"District Court, D. Oregon",2410349,https://www.courtlistener.com/opinion/2410349/federal-trade-commission-v-mylan-laboratories-inc/,"District Court, District of Columbia",,"Federal Trade Commission v. Mylan Laboratories, Inc.","['1999 U.S. Dist. LEXIS 10532', '62 F. Supp. 2d 25']"
9925195,https://www.courtlistener.com/opinion/9925195/gilman-v-intel-corporation/,"District Court, D. Oregon",2649075,https://www.courtlistener.com/opinion/2649075/mississippi-ex-rel-hood-v-au-optronics-corp/,Supreme Court of the United States,,Mississippi Ex Rel. Hood v. AU Optronics Corp.,"['2014 WL 113485', '24 Fla. L. Weekly Fed. S 513', '571 U.S. 161', '82 U.S.L.W. 4056', '2014 U.S. LEXIS 645', '134 S. Ct. 736', '187 L. Ed. 2d 654']"
9925195,https://www.courtlistener.com/opinion/9925195/gilman-v-intel-corporation/,"District Court, D. Oregon",2650741,https://www.courtlistener.com/opinion/2650741/rutherford-holdings-llc-v-plaza-del-rey/,California Court of Appeal,,"Rutherford Holdings, LLC v. Plaza Del Rey","['2014 Cal. App. LEXIS 56', '2014 WL 255537', '166 Cal. Rptr. 3d 864', '223 Cal. App. 4th 221']"
9925195,https://www.courtlistener.com/opinion/9925195/gilman-v-intel-corporation/,"District Court, D. Oregon",2673158,https://www.courtlistener.com/opinion/2673158/in-re-science-applications-international-corp-saic-backup-tape-data/,"District Court, District of Columbia",In Re: Science Applications International Corp. (Saic) Backup Tape Data Theft Litigation,In Re: Science Applications International Corp. (Saic) Backup Tape Data Theft Litigation,"['2014 WL 1858458', '45 F. Supp. 3d 14']"
9925195,https://www.courtlistener.com/opinion/9925195/gilman-v-intel-corporation/,"District Court, D. Oregon",2675584,https://www.courtlistener.com/opinion/2675584/graham-v-bank-of-america-na/,California Court of Appeal,Graham,"Graham v. Bank of America, N.A.","['2014 Cal. App. LEXIS 452', '2014 WL 2149725', '172 Cal. Rptr. 3d 218', '14 Cal. Daily Op. Serv. 5744', '226 Cal. App. 4th 594']"
9925195,https://www.courtlistener.com/opinion/9925195/gilman-v-intel-corporation/,"District Court, D. Oregon",2683844,https://www.courtlistener.com/opinion/2683844/hoffman-v-162-north-wolfe-ca6/,California Court of Appeal,Hoffman,Hoffman v. 162 North Wolfe CA6,"['2014 Cal. App. LEXIS 731', '2014 WL 3939851', '175 Cal. Rptr. 3d 820', '228 Cal. App. 4th 1178']"
9925195,https://www.courtlistener.com/opinion/9925195/gilman-v-intel-corporation/,"District Court, D. Oregon",2792929,https://www.courtlistener.com/opinion/2792929/skye-astiana-v-the-hain-celestial-group/,Court of Appeals for the Ninth Circuit,,Skye Astiana v. the Hain Celestial Group,"['2015 WL 1600205', '2015 U.S. App. LEXIS 5833', '783 F.3d 753']"
9925195,https://www.courtlistener.com/opinion/9925195/gilman-v-intel-corporation/,"District Court, D. Oregon",2819321,https://www.courtlistener.com/opinion/2819321/rutledge-v-hewlett-packard-co/,California Court of Appeal,Rutledge,Rutledge v. Hewlett-Packard Co.,"['2015 Cal. App. LEXIS 645', '190 Cal. Rptr. 3d 411', '238 Cal. App. 4th 1164']"
9925195,https://www.courtlistener.com/opinion/9925195/gilman-v-intel-corporation/,"District Court, D. Oregon",3159382,https://www.courtlistener.com/opinion/3159382/margie-daniel-v-ford-motor-company/,Court of Appeals for the Ninth Circuit,,Margie Daniel v. Ford Motor Company,"['2015 WL 7740646', '2015 U.S. App. LEXIS 20875', '88 U.C.C. Rep. Serv. 2d (West) 376', '806 F.3d 1217']"
9925195,https://www.courtlistener.com/opinion/9925195/gilman-v-intel-corporation/,"District Court, D. Oregon",4338435,https://www.courtlistener.com/opinion/4338435/zakia-mashiri-v-epsten-grinnell-howell/,Court of Appeals for the Ninth Circuit,,Zakia Mashiri v. Epsten Grinnell & Howell,"['2017 U.S. App. LEXIS 665', '2017 WL 127565', '845 F.3d 984']"
9925195,https://www.courtlistener.com/opinion/9925195/gilman-v-intel-corporation/,"District Court, D. Oregon",4378094,https://www.courtlistener.com/opinion/4378094/george-williams-v-yamaha-motor-corp-usa/,Court of Appeals for the Ninth Circuit,,George Williams v. Yamaha Motor Corp. USA,"['2017 U.S. App. LEXIS 5210', '2017 WL 1101095', '851 F.3d 1015']"
9925195,https://www.courtlistener.com/opinion/9925195/gilman-v-intel-corporation/,"District Court, D. Oregon",4414634,https://www.courtlistener.com/opinion/4414634/manuela-villa-v-maricopa-county/,Court of Appeals for the Ninth Circuit,,Manuela Villa v. Maricopa County,"['2017 U.S. App. LEXIS 14148', '2017 WL 3273866', '865 F.3d 1224']"
9925195,https://www.courtlistener.com/opinion/9925195/gilman-v-intel-corporation/,"District Court, D. Oregon",4420264,https://www.courtlistener.com/opinion/4420264/matthew-kuhns-v-scottrade-inc/,Court of Appeals for the Eighth Circuit,,"Matthew Kuhns v. Scottrade, Inc.","['2017 U.S. App. LEXIS 15817', '2017 WL 3584046', '868 F.3d 711']"
9925195,https://www.courtlistener.com/opinion/9925195/gilman-v-intel-corporation/,"District Court, D. Oregon",4503602,https://www.courtlistener.com/opinion/4503602/robert-hodsdon-v-mars-inc/,Court of Appeals for the Ninth Circuit,,"Robert Hodsdon v. Mars, Inc.",['891 F.3d 857']
9925195,https://www.courtlistener.com/opinion/9925195/gilman-v-intel-corporation/,"District Court, D. Oregon",4600107,https://www.courtlistener.com/opinion/4600107/anadarko-petroleum-corp-v-comwlth-of-pa/,Commonwealth Court of Pennsylvania,,Anadarko Petroleum Corp. v. Comwlth. of PA,['206 A.3d 51']
9925195,https://www.courtlistener.com/opinion/9925195/gilman-v-intel-corporation/,"District Court, D. Oregon",5105068,https://www.courtlistener.com/opinion/5105068/wolgin-v-experian-information-solutions-inc/,Mississippi Supreme Court,Wolgin,"Wolgin v. Experian Information Solutions, Inc.","['2012 WL 5951408', '101 So. 3d 1160']"
9925195,https://www.courtlistener.com/opinion/9925195/gilman-v-intel-corporation/,"District Court, D. Oregon",5140732,https://www.courtlistener.com/opinion/5140732/commonwealth-v-percudani/,Commonwealth Court of Pennsylvania,Commonwealth,Commonwealth v. Percudani,"['2004 WL 1396324', '851 A.2d 987']"
9925195,https://www.courtlistener.com/opinion/9925195/gilman-v-intel-corporation/,"District Court, D. Oregon",5809491,https://www.courtlistener.com/opinion/5809491/linear-technology-corp-v-applied-materials-inc/,California Court of Appeal,,"Linear Technology Corp. v. Applied Materials, Inc.","['2007 Cal. App. LEXIS 1000', '63 U.C.C. Rep. Serv. 2d (West) 407', '61 Cal. Rptr. 3d 221', '152 Cal. App. 4th 115']"
9925195,https://www.courtlistener.com/opinion/9925195/gilman-v-intel-corporation/,"District Court, D. Oregon",5809756,https://www.courtlistener.com/opinion/5809756/drum-v-san-fernando-valley-bar-assn/,California Court of Appeal,Drum,Drum v. San Fernando Valley Bar Ass'n,"['2010 Cal. App. LEXIS 225', '106 Cal. Rptr. 3d 46', '182 Cal. App. 4th 247']"
9925195,https://www.courtlistener.com/opinion/9925195/gilman-v-intel-corporation/,"District Court, D. Oregon",5810789,https://www.courtlistener.com/opinion/5810789/collins-v-emachines-inc/,California Court of Appeal,Collins,"Collins v. eMachines, Inc.","['2011 Cal. App. LEXIS 1626', '134 Cal. Rptr. 3d 588', '202 Cal. App. 4th 249']"
9925195,https://www.courtlistener.com/opinion/9925195/gilman-v-intel-corporation/,"District Court, D. Oregon",5810840,https://www.courtlistener.com/opinion/5810840/klein-v-chevron-usa-inc/,California Court of Appeal,Klein,"Klein v. Chevron U.S.A., Inc.","['2012 Cal. App. LEXIS 57', '137 Cal. Rptr. 3d 293', '202 Cal. App. 4th 1342']"
9925195,https://www.courtlistener.com/opinion/9925195/gilman-v-intel-corporation/,"District Court, D. Oregon",5811365,https://www.courtlistener.com/opinion/5811365/food-safety-net-services-v-eco-safe-systems-usa-inc/,California Court of Appeal,,"Food Safety Net Services v. Eco Safe Systems USA, Inc.","['2012 Cal. App. LEXIS 1047', '2012 WL 4712585', '147 Cal. Rptr. 3d 634', '209 Cal. App. 4th 1118']"
9925195,https://www.courtlistener.com/opinion/9925195/gilman-v-intel-corporation/,"District Court, D. Oregon",6239378,https://www.courtlistener.com/opinion/6239378/gutierrez-v-carmax-auto-superstores-cal/,"California Court of Appeal, 5th District",Gutierrez,Gutierrez v. Carmax Auto Superstores Cal.,"['19 Cal. App. 5th 1234', '228 Cal. Rptr. 3d 699']"
9925195,https://www.courtlistener.com/opinion/9925195/gilman-v-intel-corporation/,"District Court, D. Oregon",6240043,https://www.courtlistener.com/opinion/6240043/profl-tax-appeal-v-kennedy-wilson-holdings-inc/,"California Court of Appeal, 5th District",,"Prof'l Tax Appeal v. Kennedy-Wilson Holdings, Inc.","['29 Cal. App. 5th 230', '239 Cal. Rptr. 3d 908']"
9925195,https://www.courtlistener.com/opinion/9925195/gilman-v-intel-corporation/,"District Court, D. Oregon",6512705,https://www.courtlistener.com/opinion/6512705/girton-manufacturing-co-v-pennsylvania-manufacturers-assn-insurance/,"Pennsylvania Court of Common Pleas, Columbia County",,Girton Manufacturing Co. v. Pennsylvania Manufacturers' Ass'n Insurance,"['1989 Pa. Dist. & Cnty. Dec. LEXIS 2', '11 Pa. D. & C.4th 13']"
9925195,https://www.courtlistener.com/opinion/9925195/gilman-v-intel-corporation/,"District Court, D. Oregon",6514802,https://www.courtlistener.com/opinion/6514802/zwiercan-v-general-motors-corp/,"Pennsylvania Court of Common Pleas, Philadelphia County",Zwiercan,Zwiercan v. General Motors Corp.,"['2002 Pa. Dist. & Cnty. Dec. LEXIS 189', '58 Pa. D. & C.4th 251']"
9925195,https://www.courtlistener.com/opinion/9925195/gilman-v-intel-corporation/,"District Court, D. Oregon",6656126,https://www.courtlistener.com/opinion/6656126/simonsen-v-sandy-river-auto-llc/,Court of Appeals of Oregon,Simonsen,"Simonsen v. Sandy River Auto, LLC","['290 Or. App. 80', '413 P.3d 982']"
9925195,https://www.courtlistener.com/opinion/9925195/gilman-v-intel-corporation/,"District Court, D. Oregon",7305894,https://www.courtlistener.com/opinion/7305894/bosch-v-bayer-healthcare-pharmaceuticals-inc/,"District Court, W.D. Kentucky",Bosch,"Bosch v. Bayer Healthcare Pharmaceuticals, Inc.","['2014 U.S. Dist. LEXIS 48055', '2014 WL 1379334', '13 F. Supp. 3d 730']"
9925195,https://www.courtlistener.com/opinion/9925195/gilman-v-intel-corporation/,"District Court, D. Oregon",7313106,https://www.courtlistener.com/opinion/7313106/full-spectrum-software-inc-v-forte-automation-systems-inc/,"District Court, D. Massachusetts",,"Full Spectrum Software, Inc. v. Forte Automation Systems, Inc.","['2015 WL 1815632', '2015 U.S. Dist. LEXIS 52778', '100 F. Supp. 3d 50']"
9925195,https://www.courtlistener.com/opinion/9925195/gilman-v-intel-corporation/,"District Court, D. Oregon",7313855,https://www.courtlistener.com/opinion/7313855/in-re-zapposcom-inc/,"District Court, D. Nevada",,"In re Zappos.com, Inc.","['2015 U.S. Dist. LEXIS 71195', '2015 WL 10892034', '108 F. Supp. 3d 949']"
9925195,https://www.courtlistener.com/opinion/9925195/gilman-v-intel-corporation/,"District Court, D. Oregon",7318430,https://www.courtlistener.com/opinion/7318430/in-re-anthem-inc-data-breach-litigation/,"District Court, N.D. California",,"In re Anthem, Inc. Data Breach Litigation","['2016 WL 589760', '2016 U.S. Dist. LEXIS 18135', '61 Employee Benefits Cas. (BNA) 2062', '162 F. Supp. 3d 953']"
9925195,https://www.courtlistener.com/opinion/9925195/gilman-v-intel-corporation/,"District Court, D. Oregon",7320442,https://www.courtlistener.com/opinion/7320442/khan-v-childrens-national-health-system/,"District Court, D. Maryland",Khan,Khan v. Children's National Health System,"['2016 WL 2946165', '2016 U.S. Dist. LEXIS 66404', '188 F. Supp. 3d 524']"
9925195,https://www.courtlistener.com/opinion/9925195/gilman-v-intel-corporation/,"District Court, D. Oregon",7320858,https://www.courtlistener.com/opinion/7320858/in-re-facebook-privacy-litigation/,"District Court, N.D. California",,In re Facebook Privacy Litigation,"['2016 U.S. Dist. LEXIS 84766', '2016 WL 3523850', '192 F. Supp. 3d 1053']"
9925195,https://www.courtlistener.com/opinion/9925195/gilman-v-intel-corporation/,"District Court, D. Oregon",7322111,https://www.courtlistener.com/opinion/7322111/lassen-v-nissan-north-america-inc/,"District Court, C.D. California",Lassen,"Lassen v. Nissan North America, Inc.","['2016 WL 5868101', '211 F. Supp. 3d 1267']"
9925195,https://www.courtlistener.com/opinion/9925195/gilman-v-intel-corporation/,"District Court, D. Oregon",7324304,https://www.courtlistener.com/opinion/7324304/fero-v-excellus-health-plain-inc/,"District Court, W.D. New York",Fero,"Fero v. Excellus Health Plain, Inc.","['2017 WL 713660', '236 F. Supp. 3d 735']"
9925195,https://www.courtlistener.com/opinion/9925195/gilman-v-intel-corporation/,"District Court, D. Oregon",7324900,https://www.courtlistener.com/opinion/7324900/hadley-v-kellogg-sales-co/,"District Court, N.D. California",Hadley,Hadley v. Kellogg Sales Co.,"['2017 U.S. Dist. LEXIS 40825', '2017 WL 1065293', '243 F. Supp. 3d 1074']"
9925195,https://www.courtlistener.com/opinion/9925195/gilman-v-intel-corporation/,"District Court, D. Oregon",7327214,https://www.courtlistener.com/opinion/7327214/hadley-v-kellogg-sales-co/,"District Court, N.D. California",Hadley,Hadley v. Kellogg Sales Co.,['273 F. Supp. 3d 1052']
9925195,https://www.courtlistener.com/opinion/9925195/gilman-v-intel-corporation/,"District Court, D. Oregon",7328212,https://www.courtlistener.com/opinion/7328212/sloan-v-gen-motors-llc/,"District Court, N.D. California",Sloan,Sloan v. Gen. Motors LLC,['287 F. Supp. 3d 840']
9925195,https://www.courtlistener.com/opinion/9925195/gilman-v-intel-corporation/,"District Court, D. Oregon",7328757,https://www.courtlistener.com/opinion/7328757/in-re-nexus-6p-prods-liab-litig/,"District Court, N.D. California",,In re Nexus 6P Prods. Liab. Litig.,['293 F. Supp. 3d 888']
9925195,https://www.courtlistener.com/opinion/9925195/gilman-v-intel-corporation/,"District Court, D. Oregon",7329588,https://www.courtlistener.com/opinion/7329588/townsend-v-monster-beverage-corp/,"District Court, C.D. California",Townsend,Townsend v. Monster Beverage Corp.,['303 F. Supp. 3d 1010']
9925195,https://www.courtlistener.com/opinion/9925195/gilman-v-intel-corporation/,"District Court, D. Oregon",7329636,https://www.courtlistener.com/opinion/7329636/fero-v-excellus-health-plan-inc/,"District Court, W.D. New York",Fero,"Fero v. Excellus Health Plan, Inc.",['304 F. Supp. 3d 333']
9925195,https://www.courtlistener.com/opinion/9925195/gilman-v-intel-corporation/,"District Court, D. Oregon",7329672,https://www.courtlistener.com/opinion/7329672/stewart-v-electrolux-home-prods-inc/,"District Court, E.D. California",Stewart,"Stewart v. Electrolux Home Prods., Inc.",['304 F. Supp. 3d 894']
9925195,https://www.courtlistener.com/opinion/9925195/gilman-v-intel-corporation/,"District Court, D. Oregon",7332110,https://www.courtlistener.com/opinion/7332110/beyer-v-symantec-corp/,"District Court, N.D. California",Beyer,Beyer v. Symantec Corp.,['333 F. Supp. 3d 966']
9925195,https://www.courtlistener.com/opinion/9925195/gilman-v-intel-corporation/,"District Court, D. Oregon",7334466,https://www.courtlistener.com/opinion/7334466/in-re-equifax-inc/,"District Court, N.D. Georgia",,"In re Equifax, Inc.",['362 F. Supp. 3d 1295']
9925195,https://www.courtlistener.com/opinion/9925195/gilman-v-intel-corporation/,"District Court, D. Oregon",7334642,https://www.courtlistener.com/opinion/7334642/attias-v-carefirst-inc/,Court of Appeals for the D.C. Circuit,Attias,"Attias v. Carefirst, Inc.",['365 F. Supp. 3d 1']
9925195,https://www.courtlistener.com/opinion/9925195/gilman-v-intel-corporation/,"District Court, D. Oregon",7334800,https://www.courtlistener.com/opinion/7334800/in-re-apple-processor-litig/,"District Court, N.D. California",,In re Apple Processor Litig.,['366 F. Supp. 3d 1103']
9925195,https://www.courtlistener.com/opinion/9925195/gilman-v-intel-corporation/,"District Court, D. Oregon",7336475,https://www.courtlistener.com/opinion/7336475/in-re-apple-inc/,"District Court, N.D. California",,In re Apple Inc.,['386 F. Supp. 3d 1155']
9925195,https://www.courtlistener.com/opinion/9925195/gilman-v-intel-corporation/,"District Court, D. Oregon",7336831,https://www.courtlistener.com/opinion/7336831/maeda-v-pinnacle-foods-inc/,"District Court, D. Hawaii",Maeda,Maeda v. Pinnacle Foods Inc.,['390 F. Supp. 3d 1231']
9925195,https://www.courtlistener.com/opinion/9925195/gilman-v-intel-corporation/,"District Court, D. Oregon",8441026,https://www.courtlistener.com/opinion/8441026/starr-v-baca/,Court of Appeals for the Ninth Circuit,Starr,Starr v. Baca,"['2011 WL 2988827', '2011 U.S. App. LEXIS 15283', '652 F.3d 1202']"
9925195,https://www.courtlistener.com/opinion/9925195/gilman-v-intel-corporation/,"District Court, D. Oregon",8717152,https://www.courtlistener.com/opinion/8717152/mississippi-ex-rel-hood-v-au-optronics-corp/,"District Court, S.D. Mississippi",,Mississippi ex rel. Hood v. AU Optronics Corp.,"['2012 WL 1575629', '2012 U.S. Dist. LEXIS 62089', '876 F. Supp. 2d 758']"
9925195,https://www.courtlistener.com/opinion/9925195/gilman-v-intel-corporation/,"District Court, D. Oregon",8727201,https://www.courtlistener.com/opinion/8727201/pardini-v-unilever-united-states-inc/,"District Court, N.D. California",Pardini,"Pardini v. Unilever United States, Inc.","['2013 U.S. Dist. LEXIS 95756', '2013 WL 3456872', '961 F. Supp. 2d 1048']"
9925195,https://www.courtlistener.com/opinion/9925195/gilman-v-intel-corporation/,"District Court, D. Oregon",8728665,https://www.courtlistener.com/opinion/8728665/naiser-v-unilever-united-states-inc/,"District Court, W.D. Kentucky",Naiser,"Naiser v. Unilever United States, Inc.","['2013 U.S. Dist. LEXIS 140515', '2013 WL 5460870', '81 U.C.C. Rep. Serv. 2d (West) 864', '975 F. Supp. 2d 727']"
9925195,https://www.courtlistener.com/opinion/9925195/gilman-v-intel-corporation/,"District Court, D. Oregon",8729404,https://www.courtlistener.com/opinion/8729404/cain-v-redbox-automated-retail-llc/,"District Court, E.D. Michigan",Cain,"Cain v. Redbox Automated Retail, LLC","['2013 U.S. Dist. LEXIS 160782', '2013 WL 5977931', '981 F. Supp. 2d 674']"
9925195,https://www.courtlistener.com/opinion/9925195/gilman-v-intel-corporation/,"District Court, D. Oregon",8731416,https://www.courtlistener.com/opinion/8731416/in-re-sony-gaming-networks-customer-data-security-breach-litigation/,"District Court, S.D. California",,In re Sony Gaming Networks & Customer Data Security Breach Litigation,"['2014 U.S. Dist. LEXIS 7353', '2014 WL 223677', '82 U.C.C. Rep. Serv. 2d (West) 493', '996 F. Supp. 2d 942']"
9925195,https://www.courtlistener.com/opinion/9925195/gilman-v-intel-corporation/,"District Court, D. Oregon",8781090,https://www.courtlistener.com/opinion/8781090/bruno-v-quten-research-institute-llc/,"District Court, C.D. California",Bruno,"Bruno v. Quten Research Institute, LLC","['2011 U.S. Dist. LEXIS 132323', '2011 WL 5592880', '280 F.R.D. 524']"
9925195,https://www.courtlistener.com/opinion/9925195/gilman-v-intel-corporation/,"District Court, D. Oregon",8783358,https://www.courtlistener.com/opinion/8783358/tait-v-bsh-home-appliances-corp/,"District Court, C.D. California",Tait,Tait v. BSH Home Appliances Corp.,"['2012 U.S. Dist. LEXIS 183649', '2012 WL 6699247', '289 F.R.D. 466']"
9925195,https://www.courtlistener.com/opinion/9925195/gilman-v-intel-corporation/,"District Court, D. Oregon",8783919,https://www.courtlistener.com/opinion/8783919/phillips-v-philip-morris-companies-inc/,"District Court, N.D. Ohio",Phillips,Phillips v. Philip Morris Companies Inc.,"['2013 U.S. Dist. LEXIS 40908', '2013 WL 1182233', '85 Fed. R. Serv. 3d 407', '290 F.R.D. 476']"
9925195,https://www.courtlistener.com/opinion/9925195/gilman-v-intel-corporation/,"District Court, D. Oregon",9022504,https://www.courtlistener.com/opinion/9022504/davidson-v-kimberly-clark-corp/,Court of Appeals for the Ninth Circuit,Davidson,Davidson v. Kimberly-Clark Corp.,['889 F.3d 956']
9925195,https://www.courtlistener.com/opinion/9925195/gilman-v-intel-corporation/,"District Court, D. Oregon",108906,https://www.courtlistener.com/opinion/108906/oshea-v-littleton/,Supreme Court of the United States,O'Shea,O'Shea v. Littleton,"['1974 U.S. LEXIS 41', '414 U.S. 488', '94 S. Ct. 669', '38 L. Ed. 2d 674']"
9925195,https://www.courtlistener.com/opinion/9925195/gilman-v-intel-corporation/,"District Court, D. Oregon",110916,https://www.courtlistener.com/opinion/110916/city-of-los-angeles-v-lyons/,Supreme Court of the United States,Lyons,City of Los Angeles v. Lyons,"['51 U.S.L.W. 4424', '1983 U.S. LEXIS 152', '461 U.S. 95', '103 S. Ct. 1660', '75 L. Ed. 2d 675']"
9925195,https://www.courtlistener.com/opinion/9925195/gilman-v-intel-corporation/,"District Court, D. Oregon",111166,https://www.courtlistener.com/opinion/111166/pulliam-v-allen/,Supreme Court of the United States,Pulliam,Pulliam v. Allen,"['52 U.S.L.W. 4525', '1984 U.S. LEXIS 75', '466 U.S. 522', '104 S. Ct. 1970', '80 L. Ed. 2d 565']"
9925195,https://www.courtlistener.com/opinion/9925195/gilman-v-intel-corporation/,"District Court, D. Oregon",112490,https://www.courtlistener.com/opinion/112490/lujan-v-national-wildlife-federation/,Supreme Court of the United States,Lujan,Lujan v. National Wildlife Federation,"['31 ERC (BNA) 1553', '58 U.S.L.W. 5077', '20 Envtl. L. Rep. (Envtl. Law Inst.) 20962', '1990 U.S. LEXIS 3458', '497 U.S. 871', '110 S. Ct. 3177', '111 L. Ed. 2d 695']"
9925195,https://www.courtlistener.com/opinion/9925195/gilman-v-intel-corporation/,"District Court, D. Oregon",112747,https://www.courtlistener.com/opinion/112747/lujan-v-defenders-of-wildlife/,Supreme Court of the United States,Lujan,Lujan v. Defenders of Wildlife,"['34 ERC (BNA) 1785', '22 Envtl. L. Rep. (Envtl. Law Inst.) 20913', '6 Fla. L. Weekly Fed. S 374', '92 Daily Journal DAR 8967', '92 Cal. Daily Op. Serv. 4985', '60 U.S.L.W. 4495', '1992 U.S. LEXIS 3543', '504 U.S. 555', '112 S. Ct. 2130', '119 L. Ed. 2d 351']"
9925195,https://www.courtlistener.com/opinion/9925195/gilman-v-intel-corporation/,"District Court, D. Oregon",112787,https://www.courtlistener.com/opinion/112787/lucas-v-south-carolina-coastal-council/,Supreme Court of the United States,Lucas,Lucas v. South Carolina Coastal Council,"['1992 U.S. LEXIS 4537', '505 U.S. 1003', '112 S. Ct. 2886', '120 L. Ed. 2d 798']"
9925195,https://www.courtlistener.com/opinion/9925195/gilman-v-intel-corporation/,"District Court, D. Oregon",118329,https://www.courtlistener.com/opinion/118329/friends-of-the-earth-inc-v-laidlaw-environmental-services-toc-inc/,Supreme Court of the United States,Friends of Earth,"Friends of the Earth, Inc. v. Laidlaw Environmental Services (TOC), Inc.","['49 ERC (BNA) 1769', '2000 Cal. Daily Op. Serv. 289', '163 A.L.R. Fed. 749', '30 Envtl. L. Rep. (Envtl. Law Inst.) 20246', '1999 Colo. J. C.A.R. 142', '2000 Daily Journal DAR 375', '13 Fla. L. Weekly Fed. S 37', '2000 U.S. LEXIS 501', '528 U.S. 167', '120 S. Ct. 693', '145 L. Ed. 2d 610']"
9925195,https://www.courtlistener.com/opinion/9925195/gilman-v-intel-corporation/,"District Court, D. Oregon",145730,https://www.courtlistener.com/opinion/145730/bell-atlantic-corp-v-twombly/,Supreme Court of the United States,Twombly,Bell Atlantic Corp. v. Twombly,"['75 U.S.L.W. 4337', '68 Fed. R. Serv. 3d 661', '20 Fla. L. Weekly Fed. S 267', '41 Communications Reg. (P&F) 567', '2007 U.S. LEXIS 5901', '550 U.S. 544', '127 S. Ct. 1955', '167 L. Ed. 2d 929']"
9925195,https://www.courtlistener.com/opinion/9925195/gilman-v-intel-corporation/,"District Court, D. Oregon",145875,https://www.courtlistener.com/opinion/145875/ashcroft-v-iqbal/,Supreme Court of the United States,Iqbal,Ashcroft v. Iqbal,"['2009 U.S. LEXIS 3472', '556 U.S. 662', '129 S. Ct. 1937', '173 L. Ed. 2d 868']"
9925195,https://www.courtlistener.com/opinion/9925195/gilman-v-intel-corporation/,"District Court, D. Oregon",184204,https://www.courtlistener.com/opinion/184204/barnum-timber-co-v-united-states-environmental-protection-agency/,Court of Appeals for the Ninth Circuit,,Barnum Timber Co. v. United States Environmental Protection Agency,"['2011 U.S. App. LEXIS 2123', '72 ERC (BNA) 1225', '41 Envtl. L. Rep. (Envtl. Law Inst.) 20088', '633 F.3d 894']"
9925195,https://www.courtlistener.com/opinion/9925195/gilman-v-intel-corporation/,"District Court, D. Oregon",795111,https://www.courtlistener.com/opinion/795111/april-mcmillan-v-collection-professionals-incorporated-an-illinois/,Court of Appeals for the Seventh Circuit,,"April McMillan v. Collection Professionals, Incorporated, an Illinois Corporation","['2006 WL 1867483', '2006 U.S. App. LEXIS 16964', '455 F.3d 754']"
9925195,https://www.courtlistener.com/opinion/9925195/gilman-v-intel-corporation/,"District Court, D. Oregon",812432,https://www.courtlistener.com/opinion/812432/state-of-mississippi-v-au-optronics-corporation/,Court of Appeals for the Fifth Circuit,,State of Mississippi v. AU Optronics Corporation,"['2012 WL 5871651', '2012 U.S. App. LEXIS 24096', '701 F.3d 796']"
9925195,https://www.courtlistener.com/opinion/9925195/gilman-v-intel-corporation/,"District Court, D. Oregon",1194810,https://www.courtlistener.com/opinion/1194810/bates-v-united-parcel-service-inc/,Court of Appeals for the Ninth Circuit,,"Bates v. United Parcel Service, Inc.","['2007 WL 4554016', '2007 U.S. App. LEXIS 29870', '20 Am. Disabilities Cas. (BNA) 1', '511 F.3d 974']"
9925195,https://www.courtlistener.com/opinion/9925195/gilman-v-intel-corporation/,"District Court, D. Oregon",1301891,https://www.courtlistener.com/opinion/1301891/cel-tech-communications-inc-v-los-angeles-cellular-telephone-co/,California Supreme Court,,"Cel-Tech Communications, Inc. v. Los Angeles Cellular Telephone Co.","['1999 Cal. LEXIS 1656', '99 Daily Journal DAR 3360', '99 Cal. Daily Op. Serv. 2576', '20 Cal. 4th 163', '83 Cal. Rptr. 2d 548', '973 P.2d 527']"
9925195,https://www.courtlistener.com/opinion/9925195/gilman-v-intel-corporation/,"District Court, D. Oregon",1439484,https://www.courtlistener.com/opinion/1439484/commonwealth-v-monumental-properties-inc/,Supreme Court of Pennsylvania,Commonwealth,"Commonwealth v. Monumental Properties, Inc.","['1974 Pa. LEXIS 483', '459 Pa. 450', '329 A.2d 812']"
9925195,https://www.courtlistener.com/opinion/9925195/gilman-v-intel-corporation/,"District Court, D. Oregon",1801796,https://www.courtlistener.com/opinion/1801796/in-re-tobacco-ii-cases/,California Supreme Court,In Re Tobacco II Cases,In Re Tobacco II Cases,"['2009 Cal. LEXIS 4365', '93 Cal. Rptr. 3d 559', '207 P.3d 20', '46 Cal. 4th 298']"
9925195,https://www.courtlistener.com/opinion/9925195/gilman-v-intel-corporation/,"District Court, D. Oregon",2076134,https://www.courtlistener.com/opinion/2076134/trackers-raceway-inc-v-comstock-agency-inc/,Supreme Court of Pennsylvania,,"Trackers Raceway, Inc. v. Comstock Agency, Inc.","['1990 Pa. Super. LEXIS 3402', '400 Pa. Super. 432', '583 A.2d 1193']"
9925195,https://www.courtlistener.com/opinion/9925195/gilman-v-intel-corporation/,"District Court, D. Oregon",2111467,https://www.courtlistener.com/opinion/2111467/barbara-a-v-john-g/,California Court of Appeal,,Barbara A. v. John G.,"['1983 Cal. App. LEXIS 1970', '193 Cal. Rptr. 422', '145 Cal. App. 3d 369']"
9925195,https://www.courtlistener.com/opinion/9925195/gilman-v-intel-corporation/,"District Court, D. Oregon",2123627,https://www.courtlistener.com/opinion/2123627/heliotis-v-schuman/,California Court of Appeal,Heliotis,Heliotis v. Schuman,"['1986 Cal. App. LEXIS 1637', '226 Cal. Rptr. 509', '181 Cal. App. 3d 646']"
9925195,https://www.courtlistener.com/opinion/9925195/gilman-v-intel-corporation/,"District Court, D. Oregon",2199738,https://www.courtlistener.com/opinion/2199738/connick-v-suzuki-motor-co-ltd/,Illinois Supreme Court,Connick,"Connick v. Suzuki Motor Co., Ltd.","['1996 Ill. LEXIS 116', '30 U.C.C. Rep. Serv. 2d (West) 709', '221 Ill. Dec. 389', '174 Ill. 2d 482', '675 N.E.2d 584']"
9925195,https://www.courtlistener.com/opinion/9925195/gilman-v-intel-corporation/,"District Court, D. Oregon",2255641,https://www.courtlistener.com/opinion/2255641/county-of-santa-clara-v-atlantic-richfield-co/,California Court of Appeal,,County of Santa Clara v. Atlantic Richfield Co.,"['2006 Cal. App. LEXIS 293', '2006 Cal. Daily Op. Serv. 1855', '2006 Daily Journal DAR 2596', '137 Cal. App. 4th 292', '40 Cal. Rptr. 3d 313']"
9925195,https://www.courtlistener.com/opinion/9925195/gilman-v-intel-corporation/,"District Court, D. Oregon",2524431,https://www.courtlistener.com/opinion/2524431/patterson-v-beall/,Supreme Court of Oklahoma,Patterson,Patterson v. Beall,"['2000 WL 1707795', '2000 Okla. LEXIS 94', '71 O.B.A.J. 3016', '19 P.3d 839', '2000 OK 92']"
9925195,https://www.courtlistener.com/opinion/9925195/gilman-v-intel-corporation/,"District Court, D. Oregon",2544284,https://www.courtlistener.com/opinion/2544284/jimenez-v-superior-court/,California Supreme Court,Jimenez,Jimenez v. Superior Court,"['2002 Cal. LEXIS 8112', '2002 Cal. Daily Op. Serv. 11680', '49 U.C.C. Rep. Serv. 2d (West) 446', '2002 Daily Journal DAR 13639', '29 Cal. 4th 473', '127 Cal. Rptr. 2d 614', '58 P.3d 450']"
9925195,https://www.courtlistener.com/opinion/9925195/gilman-v-intel-corporation/,"District Court, D. Oregon",2623151,https://www.courtlistener.com/opinion/2623151/robinson-helicopter-co-inc-v-dana-corp/,California Supreme Court,,"Robinson Helicopter Co., Inc. v. Dana Corp.","['2004 Cal. LEXIS 12219', '2004 Cal. Daily Op. Serv. 11271', '34 Cal. 4th 979', '22 Cal. Rptr. 3d 352', '102 P.3d 268']"
9925195,https://www.courtlistener.com/opinion/9925195/gilman-v-intel-corporation/,"District Court, D. Oregon",2652962,https://www.courtlistener.com/opinion/2652962/prakashpalan-v-engstrom-lipscomb-lack/,California Court of Appeal,Prakashpalan,"Prakashpalan v. Engstrom, Lipscomb & Lack","['2014 Cal. App. LEXIS 135', '2014 WL 526711', '167 Cal. Rptr. 3d 832', '223 Cal. App. 4th 1105']"
9925195,https://www.courtlistener.com/opinion/9925195/gilman-v-intel-corporation/,"District Court, D. Oregon",3203762,https://www.courtlistener.com/opinion/3203762/spokeo-inc-v-robins/,Supreme Court of the United States,Spokeo,"Spokeo, Inc. v. Robins","['100 Empl. Prac. Dec. (CCH) 45,556', '26 Fla. L. Weekly Fed. S 128', '84 U.S.L.W. 4263', '2016 U.S. LEXIS 3046', '136 S. Ct. 1540', '194 L. Ed. 2d 635']"
9925195,https://www.courtlistener.com/opinion/9925195/gilman-v-intel-corporation/,"District Court, D. Oregon",620819,https://www.courtlistener.com/opinion/620819/mazza-v-american-honda-motor-co-inc/,Court of Appeals for the Ninth Circuit,Mazza,"Mazza v. American Honda Motor Co., Inc.","['2012 U.S. App. LEXIS 626', '2012 WL 89176', '81 Fed. R. Serv. 3d 489', '666 F.3d 581']"
9925195,https://www.courtlistener.com/opinion/9925195/gilman-v-intel-corporation/,"District Court, D. Oregon",2290558,https://www.courtlistener.com/opinion/2290558/truong-v-nguyen/,California Court of Appeal,Truong,Truong v. Nguyen,"['2007 Cal. App. LEXIS 1822', '156 Cal. App. 4th 865', '67 Cal. Rptr. 3d 675']"
9925195,https://www.courtlistener.com/opinion/9925195/gilman-v-intel-corporation/,"District Court, D. Oregon",4458845,https://www.courtlistener.com/opinion/4458845/watson-laboratories-inc-v-state-of-mississippi/,Mississippi Supreme Court,,"Watson Laboratories, Inc. v. State of Mississippi",['241 So. 3d 573']
9928332,https://www.courtlistener.com/opinion/9928332/gilman-v-intel-corporation/,"District Court, D. Oregon",109908,https://www.courtlistener.com/opinion/109908/coopers-lybrand-v-livesay/,Supreme Court of the United States,Livesay,Coopers & Lybrand v. Livesay,"['25 Fed. R. Serv. 2d 565', '1978 U.S. LEXIS 117', '437 U.S. 463', '98 S. Ct. 2454', '57 L. Ed. 2d 351']"
9928332,https://www.courtlistener.com/opinion/9928332/gilman-v-intel-corporation/,"District Court, D. Oregon",150286,https://www.courtlistener.com/opinion/150286/couch-v-telescope-inc/,Court of Appeals for the Ninth Circuit,Couch,Couch v. Telescope Inc.,"['2010 WL 2681306', '2010 U.S. App. LEXIS 13937', '611 F.3d 629']"
9928332,https://www.courtlistener.com/opinion/9928332/gilman-v-intel-corporation/,"District Court, D. Oregon",219976,https://www.courtlistener.com/opinion/219976/reese-v-bp-exploration-alaska-inc/,Court of Appeals for the Ninth Circuit,Reese,Reese v. BP Exploration (Alaska) Inc.,"['2011 WL 2557238', '2011 U.S. App. LEXIS 13255', '178 Oil & Gas Rep. 774', '643 F.3d 681']"
9928332,https://www.courtlistener.com/opinion/9928332/gilman-v-intel-corporation/,"District Court, D. Oregon",401068,https://www.courtlistener.com/opinion/401068/in-re-cement-antitrust-litigation-mdl-no-296-state-of-arizona-v-ideal/,Court of Appeals for the Ninth Circuit,,,['673 F.2d 1020']
9928332,https://www.courtlistener.com/opinion/9928332/gilman-v-intel-corporation/,"District Court, D. Oregon",783479,https://www.courtlistener.com/opinion/783479/united-states-v-donald-lawrence-ritchie-heather-horner/,Court of Appeals for the Ninth Circuit,,"United States v. Donald Lawrence Ritchie, Heather Horner, Claimant-Appellant","['2003 WL 22004994', '2003 U.S. App. LEXIS 17752', '2003 Daily Journal DAR 9689', '56 Fed. R. Serv. 3d 577', '2003 Cal. Daily Op. Serv. 7757', '342 F.3d 903']"
9928332,https://www.courtlistener.com/opinion/9928332/gilman-v-intel-corporation/,"District Court, D. Oregon",2280950,https://www.courtlistener.com/opinion/2280950/bardin-v-daimlerchrysler-corp/,California Court of Appeal,Bardin,Bardin v. DaimlerChrysler Corp.,"['2006 Cal. App. LEXIS 227', '2006 Daily Journal DAR 2181', '2006 Cal. Daily Op. Serv. 1604', '136 Cal. App. 4th 1255', '39 Cal. Rptr. 3d 634']"
9928332,https://www.courtlistener.com/opinion/9928332/gilman-v-intel-corporation/,"District Court, D. Oregon",4523773,https://www.courtlistener.com/opinion/4523773/us-tobacco-cooperative-inc-v-big-south-wholesale-of-va-inc/,Court of Appeals for the Fourth Circuit,,U.S. Tobacco Cooperative Inc. v. Big South Wholesale of VA Inc,['899 F.3d 236']
9928332,https://www.courtlistener.com/opinion/9928332/gilman-v-intel-corporation/,"District Court, D. Oregon",4525969,https://www.courtlistener.com/opinion/4525969/karim-khoja-v-orexigen-therapeutics-inc/,Court of Appeals for the Ninth Circuit,,"Karim Khoja v. Orexigen Therapeutics, Inc.",['899 F.3d 988']
9928332,https://www.courtlistener.com/opinion/9928332/gilman-v-intel-corporation/,"District Court, D. Oregon",7324900,https://www.courtlistener.com/opinion/7324900/hadley-v-kellogg-sales-co/,"District Court, N.D. California",Hadley,Hadley v. Kellogg Sales Co.,"['2017 U.S. Dist. LEXIS 40825', '2017 WL 1065293', '243 F. Supp. 3d 1074']"
10166886,https://www.courtlistener.com/opinion/10166886/laborers-district-council-construction-industry-pension-fund-v-sea-limited/,"District Court, D. Arizona",622545,https://www.courtlistener.com/opinion/622545/adams-v-united-states-forest-service/,Court of Appeals for the Ninth Circuit,Usfs,Adams v. United States Forest Service,"['2012 WL 400440', '2012 U.S. App. LEXIS 2558', '42 Envtl. L. Rep. (Envtl. Law Inst.) 20039', '671 F.3d 1138']"
10166886,https://www.courtlistener.com/opinion/10166886/laborers-district-council-construction-industry-pension-fund-v-sea-limited/,"District Court, D. Arizona",663176,https://www.courtlistener.com/opinion/663176/margaret-taylor-v-director-office-of-workers-compensation-programs/,Court of Appeals for the Eleventh Circuit,,"Margaret Taylor v. Director, Office of Workers' Compensation Programs, United States Department of Labor Alabama By-Products Corporation","['1994 WL 64887', '1994 U.S. App. LEXIS 5187', '16 F.3d 1164']"
10166886,https://www.courtlistener.com/opinion/10166886/laborers-district-council-construction-industry-pension-fund-v-sea-limited/,"District Court, D. Arizona",776588,https://www.courtlistener.com/opinion/776588/jules-brody-joyce-t-crawford-v-transitional-hospitals-corporation-wendy/,Court of Appeals for the Ninth Circuit,,Jules Brody Joyce T. Crawford v. Transitional Hospitals Corporation Wendy L. Simpson Richard L. Conte,"['2002 WL 187407', '2002 U.S. App. LEXIS 1832', '2002 Cal. Daily Op. Serv. 1218', '2002 Daily Journal DAR 1540', '280 F.3d 997']"
10166886,https://www.courtlistener.com/opinion/10166886/laborers-district-council-construction-industry-pension-fund-v-sea-limited/,"District Court, D. Arizona",781005,https://www.courtlistener.com/opinion/781005/no-84-employer-teamster-joint-council-pension-trust-fund-v-america-west/,Court of Appeals for the Ninth Circuit,,No. 84 Employer-Teamster Joint Council Pension Trust Fund v. America West Holding Corp,"['2003 U.S. App. LEXIS 2658', '2003 Daily Journal DAR 1721', '2003 Cal. Daily Op. Serv. 1328', '320 F.3d 920']"
10166886,https://www.courtlistener.com/opinion/10166886/laborers-district-council-construction-industry-pension-fund-v-sea-limited/,"District Court, D. Arizona",783479,https://www.courtlistener.com/opinion/783479/united-states-v-donald-lawrence-ritchie-heather-horner/,Court of Appeals for the Ninth Circuit,,"United States v. Donald Lawrence Ritchie, Heather Horner, Claimant-Appellant","['2003 WL 22004994', '2003 U.S. App. LEXIS 17752', '2003 Daily Journal DAR 9689', '56 Fed. R. Serv. 3d 577', '2003 Cal. Daily Op. Serv. 7757', '342 F.3d 903']"
10166886,https://www.courtlistener.com/opinion/10166886/laborers-district-council-construction-industry-pension-fund-v-sea-limited/,"District Court, D. Arizona",807992,https://www.courtlistener.com/opinion/807992/inter-local-pension-fund-gcci-v-rigel-pharmaceuticals-inc/,Court of Appeals for the Ninth Circuit,,"Inter-Local Pension Fund Gcc/i v. Rigel Pharmaceuticals, Inc.","['2012 U.S. App. LEXIS 18743', '2012 WL 3858112', '697 F.3d 869']"
10166886,https://www.courtlistener.com/opinion/10166886/laborers-district-council-construction-industry-pension-fund-v-sea-limited/,"District Court, D. Arizona",1405974,https://www.courtlistener.com/opinion/1405974/coto-settlement-v-eisenberg/,Court of Appeals for the Ninth Circuit,Eisenberg,Coto Settlement v. Eisenberg,"['2010 WL 323497', '2010 U.S. App. LEXIS 1999', '593 F.3d 1031']"
10166886,https://www.courtlistener.com/opinion/10166886/laborers-district-council-construction-industry-pension-fund-v-sea-limited/,"District Court, D. Arizona",1458129,https://www.courtlistener.com/opinion/1458129/berson-v-applied-signal-technology-inc/,Court of Appeals for the Ninth Circuit,Berson,"Berson v. Applied Signal Technology, Inc.","['2008 U.S. App. LEXIS 11982', '527 F.3d 982']"
10166886,https://www.courtlistener.com/opinion/10166886/laborers-district-council-construction-industry-pension-fund-v-sea-limited/,"District Court, D. Arizona",2262465,https://www.courtlistener.com/opinion/2262465/in-re-gupta-corp-securities-litigation/,"District Court, N.D. California",In Re Gupta Corp. Securities Litigation,In Re Gupta Corp. Securities Litigation,"['1994 WL 846894', '1994 U.S. Dist. LEXIS 20636', '900 F. Supp. 1217']"
10166886,https://www.courtlistener.com/opinion/10166886/laborers-district-council-construction-industry-pension-fund-v-sea-limited/,"District Court, D. Arizona",2453203,https://www.courtlistener.com/opinion/2453203/in-re-cornerstone-propane-partners-lp-securities-litigation/,"District Court, N.D. California","In Re Cornerstone Propane Partners, LP","In Re Cornerstone Propane Partners, L.P. Securities Litigation","['2005 WL 310400', '2005 U.S. Dist. LEXIS 1787', '355 F. Supp. 2d 1069']"
10166886,https://www.courtlistener.com/opinion/10166886/laborers-district-council-construction-industry-pension-fund-v-sea-limited/,"District Court, D. Arizona",2578426,https://www.courtlistener.com/opinion/2578426/in-re-splash-technology-holdings-inc-securities-litigation/,"District Court, N.D. California","In Re Splash Technology Holdings, Inc.",In Re Splash Technology Holdings Inc. Securities Litigation,"['2001 WL 1007508', '2001 U.S. Dist. LEXIS 16251', '160 F. Supp. 2d 1059']"
10166886,https://www.courtlistener.com/opinion/10166886/laborers-district-council-construction-industry-pension-fund-v-sea-limited/,"District Court, D. Arizona",2683964,https://www.courtlistener.com/opinion/2683964/police-retire-sys-of-st-louis-v-intuitive-surgical-inc/,Court of Appeals for the Ninth Circuit,,"Police Retire. Sys of St Louis v. Intuitive Surgical, Inc.","['2014 U.S. App. LEXIS 13530', '2014 WL 3451566', '759 F.3d 1051']"
10166886,https://www.courtlistener.com/opinion/10166886/laborers-district-council-construction-industry-pension-fund-v-sea-limited/,"District Court, D. Arizona",3066145,https://www.courtlistener.com/opinion/3066145/claude-reese-v-robert-malone/,Court of Appeals for the Ninth Circuit,,Claude Reese v. Robert Malone,"['2014 U.S. App. LEXIS 2747', '77 ERC (BNA) 2057', '2014 WL 555911', '44 Envtl. L. Rep. (Envtl. Law Inst.) 20028', '747 F.3d 557']"
10166886,https://www.courtlistener.com/opinion/10166886/laborers-district-council-construction-industry-pension-fund-v-sea-limited/,"District Court, D. Arizona",3149038,https://www.courtlistener.com/opinion/3149038/costa-brava-partnership-iii-lp-v-chinacast-education-corp/,Court of Appeals for the Ninth Circuit,,Costa Brava Partnership III LP v. Chinacast Education Corp.,"['2015 D.A.R. 11', '809 F.3d 471']"
10166886,https://www.courtlistener.com/opinion/10166886/laborers-district-council-construction-industry-pension-fund-v-sea-limited/,"District Court, D. Arizona",4413358,https://www.courtlistener.com/opinion/4413358/city-of-miami-fire-fighters-police-officers-retirement-trust-v-quality/,Court of Appeals for the Ninth Circuit,,"City of Miami Fire Fighters' & Police Officers' Retirement Trust v. Quality Systems, Inc.",['865 F.3d 1130']
10166886,https://www.courtlistener.com/opinion/10166886/laborers-district-council-construction-industry-pension-fund-v-sea-limited/,"District Court, D. Arizona",4525969,https://www.courtlistener.com/opinion/4525969/karim-khoja-v-orexigen-therapeutics-inc/,Court of Appeals for the Ninth Circuit,,"Karim Khoja v. Orexigen Therapeutics, Inc.",['899 F.3d 988']
10166886,https://www.courtlistener.com/opinion/10166886/laborers-district-council-construction-industry-pension-fund-v-sea-limited/,"District Court, D. Arizona",7064365,https://www.courtlistener.com/opinion/7064365/steckman-v-hart-brewing-inc/,Court of Appeals for the Ninth Circuit,Steckman,"Steckman v. Hart Brewing, Inc.","['1998 WL 239417', '1998 U.S. App. LEXIS 9693', '98 Cal. Daily Op. Serv. 3660', '98 Daily Journal DAR 5047', '143 F.3d 1293']"
10166886,https://www.courtlistener.com/opinion/10166886/laborers-district-council-construction-industry-pension-fund-v-sea-limited/,"District Court, D. Arizona",7092482,https://www.courtlistener.com/opinion/7092482/lee-v-city-of-los-angeles/,Court of Appeals for the Ninth Circuit,,Lee v. City of Los Angeles,"['2001 WL 468408', '250 F.3d 668']"
10166886,https://www.courtlistener.com/opinion/10166886/laborers-district-council-construction-industry-pension-fund-v-sea-limited/,"District Court, D. Arizona",7322276,https://www.courtlistener.com/opinion/7322276/hsingching-hsu-v-puma-biotechnology-inc/,"District Court, C.D. California",,"Hsingching Hsu v. Puma Biotechnology, Inc.","['2016 U.S. Dist. LEXIS 136527', '213 F. Supp. 3d 1275']"
10166886,https://www.courtlistener.com/opinion/10166886/laborers-district-council-construction-industry-pension-fund-v-sea-limited/,"District Court, D. Arizona",7324900,https://www.courtlistener.com/opinion/7324900/hadley-v-kellogg-sales-co/,"District Court, N.D. California",Hadley,Hadley v. Kellogg Sales Co.,"['2017 U.S. Dist. LEXIS 40825', '2017 WL 1065293', '243 F. Supp. 3d 1074']"
10166886,https://www.courtlistener.com/opinion/10166886/laborers-district-council-construction-industry-pension-fund-v-sea-limited/,"District Court, D. Arizona",7327774,https://www.courtlistener.com/opinion/7327774/shenwick-v-twitter-inc/,"District Court, N.D. California",Shenwick,"Shenwick v. Twitter, Inc.",['282 F. Supp. 3d 1115']
10166886,https://www.courtlistener.com/opinion/10166886/laborers-district-council-construction-industry-pension-fund-v-sea-limited/,"District Court, D. Arizona",8717698,https://www.courtlistener.com/opinion/8717698/city-of-royal-oak-retirement-system-v-juniper-networks-inc/,"District Court, N.D. California",,"City of Royal Oak Retirement System v. Juniper Networks, Inc.","['2012 U.S. Dist. LEXIS 102316', '2012 WL 3010992', '880 F. Supp. 2d 1045']"
10166886,https://www.courtlistener.com/opinion/10166886/laborers-district-council-construction-industry-pension-fund-v-sea-limited/,"District Court, D. Arizona",8769997,https://www.courtlistener.com/opinion/8769997/patel-v-parnes/,"District Court, C.D. California",Patel,Patel v. Parnes,"['2008 U.S. Dist. LEXIS 46630', '253 F.R.D. 531']"
10166886,https://www.courtlistener.com/opinion/10166886/laborers-district-council-construction-industry-pension-fund-v-sea-limited/,"District Court, D. Arizona",8841277,https://www.courtlistener.com/opinion/8841277/in-re-hub-carpet-co/,Court of Appeals for the Second Circuit,,In re Hub Carpet Co.,"['1922 U.S. App. LEXIS 2579', '282 F. 12']"
10166886,https://www.courtlistener.com/opinion/10166886/laborers-district-council-construction-industry-pension-fund-v-sea-limited/,"District Court, D. Arizona",145726,https://www.courtlistener.com/opinion/145726/uttecht-v-brown/,Supreme Court of the United States,Uttecht,Uttecht v. Brown,"['2007 U.S. LEXIS 6965', '551 U.S. 1', '127 S. Ct. 2218', '167 L. Ed. 2d 1014']"
10166886,https://www.courtlistener.com/opinion/10166886/laborers-district-council-construction-industry-pension-fund-v-sea-limited/,"District Court, D. Arizona",145875,https://www.courtlistener.com/opinion/145875/ashcroft-v-iqbal/,Supreme Court of the United States,Iqbal,Ashcroft v. Iqbal,"['2009 U.S. LEXIS 3472', '556 U.S. 662', '129 S. Ct. 1937', '173 L. Ed. 2d 868']"
10166886,https://www.courtlistener.com/opinion/10166886/laborers-district-council-construction-industry-pension-fund-v-sea-limited/,"District Court, D. Arizona",218666,https://www.courtlistener.com/opinion/218666/janus-capital-group-inc-v-first-derivative-traders/,Supreme Court of the United States,Janus Capital,"Janus Capital Group, Inc. v. First Derivative Traders","['79 U.S.L.W. 4466', '22 Fla. L. Weekly Fed. S 1124', '2011 U.S. LEXIS 4380', '564 U.S. 135', '131 S. Ct. 2296', '180 L. Ed. 2d 166']"
10166886,https://www.courtlistener.com/opinion/10166886/laborers-district-council-construction-industry-pension-fund-v-sea-limited/,"District Court, D. Arizona",856064,https://www.courtlistener.com/opinion/856064/zixiang-li-v-john-f-kerry/,Court of Appeals for the Ninth Circuit,,Zixiang Li v. John F. Kerry,"['2013 WL 1150482', '710 F.3d 995']"
10174002,https://www.courtlistener.com/opinion/10174002/vashisht-rota-v-ottawa-university/,"District Court, S.D. California",122256,https://www.courtlistener.com/opinion/122256/meyer-v-holley/,Supreme Court of the United States,Meyer,Meyer v. Holley,"['2003 U.S. LEXIS 902', '537 U.S. 280', '123 S. Ct. 824', '154 L. Ed. 2d 753']"
10174002,https://www.courtlistener.com/opinion/10174002/vashisht-rota-v-ottawa-university/,"District Court, S.D. California",810511,https://www.courtlistener.com/opinion/810511/oriental-financial-group-inc-v-cooperativa-de-ahorro-y-credito-oriental/,Court of Appeals for the First Circuit,,"Oriental Financial Group, Inc. v. Cooperativa De Ahorro Y Crédito Oriental","['2012 U.S. App. LEXIS 21791', '2012 WL 5073529', '105 U.S.P.Q. 2d (BNA) 1128', '698 F.3d 9']"
10174002,https://www.courtlistener.com/opinion/10174002/vashisht-rota-v-ottawa-university/,"District Court, S.D. California",811260,https://www.courtlistener.com/opinion/811260/javiad-akhtar-v-j-mesa/,Court of Appeals for the Ninth Circuit,,Javiad Akhtar v. J. Mesa,"['2012 U.S. App. LEXIS 22701', '2012 WL 5383038', '698 F.3d 1202']"
10174002,https://www.courtlistener.com/opinion/10174002/vashisht-rota-v-ottawa-university/,"District Court, S.D. California",1038647,https://www.courtlistener.com/opinion/1038647/hayes-v-county-of-san-diego/,California Supreme Court,Hayes,Hayes v. County of San Diego,"['2013 Cal. LEXIS 6652', '2013 WL 4413281', '305 P.3d 252', '160 Cal. Rptr. 3d 684', '2013 D.A.R. 10', '57 Cal. 4th 622']"
10174002,https://www.courtlistener.com/opinion/10174002/vashisht-rota-v-ottawa-university/,"District Court, S.D. California",1172143,https://www.courtlistener.com/opinion/1172143/state-v-seitz/,Court of Appeals of Washington,Seitz,State v. Seitz,"['1997 Wash. App. LEXIS 1109', '86 Wash. App. 865', '941 P.2d 5']"
10174002,https://www.courtlistener.com/opinion/10174002/vashisht-rota-v-ottawa-university/,"District Court, S.D. California",2657873,https://www.courtlistener.com/opinion/2657873/long-v-playboy-enterprises-international-inc/,Court of Appeals for the Ninth Circuit,,"Long v. Playboy Enterprises International, Inc.","[""565 F. App'x 646""]"
10174002,https://www.courtlistener.com/opinion/10174002/vashisht-rota-v-ottawa-university/,"District Court, S.D. California",3038417,https://www.courtlistener.com/opinion/3038417/bass-v-county-of-butte/,Court of Appeals for the Ninth Circuit,Bass,Bass v. County of Butte,['458 F.3d 978']
10174002,https://www.courtlistener.com/opinion/10174002/vashisht-rota-v-ottawa-university/,"District Court, S.D. California",7324900,https://www.courtlistener.com/opinion/7324900/hadley-v-kellogg-sales-co/,"District Court, N.D. California",Hadley,Hadley v. Kellogg Sales Co.,"['2017 U.S. Dist. LEXIS 40825', '2017 WL 1065293', '243 F. Supp. 3d 1074']"
10174002,https://www.courtlistener.com/opinion/10174002/vashisht-rota-v-ottawa-university/,"District Court, S.D. California",9022499,https://www.courtlistener.com/opinion/9022499/jones-v-royal-admin-servs-inc/,Court of Appeals for the Ninth Circuit,Jones,"Jones v. Royal Admin. Servs., Inc.",['887 F.3d 443']
10174002,https://www.courtlistener.com/opinion/10174002/vashisht-rota-v-ottawa-university/,"District Court, S.D. California",145730,https://www.courtlistener.com/opinion/145730/bell-atlantic-corp-v-twombly/,Supreme Court of the United States,Twombly,Bell Atlantic Corp. v. Twombly,"['75 U.S.L.W. 4337', '68 Fed. R. Serv. 3d 661', '20 Fla. L. Weekly Fed. S 267', '41 Communications Reg. (P&F) 567', '2007 U.S. LEXIS 5901', '550 U.S. 544', '127 S. Ct. 1955', '167 L. Ed. 2d 929']"
10174002,https://www.courtlistener.com/opinion/10174002/vashisht-rota-v-ottawa-university/,"District Court, S.D. California",145875,https://www.courtlistener.com/opinion/145875/ashcroft-v-iqbal/,Supreme Court of the United States,Iqbal,Ashcroft v. Iqbal,"['2009 U.S. LEXIS 3472', '556 U.S. 662', '129 S. Ct. 1937', '173 L. Ed. 2d 868']"
10174002,https://www.courtlistener.com/opinion/10174002/vashisht-rota-v-ottawa-university/,"District Court, S.D. California",148428,https://www.courtlistener.com/opinion/148428/united-states-v-bonds/,Court of Appeals for the Ninth Circuit,Bonds,United States v. Bonds,"['2010 WL 2331456', '2010 U.S. App. LEXIS 11934', '83 Fed. R. Serv. 23', '608 F.3d 495']"
10174002,https://www.courtlistener.com/opinion/10174002/vashisht-rota-v-ottawa-university/,"District Court, S.D. California",806436,https://www.courtlistener.com/opinion/806436/united-states-v-santiago-mendez/,Court of Appeals for the First Circuit,Santiago-Mendez,United States v. Santiago-Mendez,['691 F.3d 1']
10174002,https://www.courtlistener.com/opinion/10174002/vashisht-rota-v-ottawa-university/,"District Court, S.D. California",1201607,https://www.courtlistener.com/opinion/1201607/potter-v-firestone-tire-rubber-co/,California Supreme Court,Potter,Potter v. Firestone Tire & Rubber Co.,"['1993 Cal. LEXIS 6375', '93 Cal. Daily Op. Serv. 9695', '93 Daily Journal DAR 16566', '25 Cal. Rptr. 2d 550', '6 Cal. 4th 965', '863 P.2d 795']"
10174002,https://www.courtlistener.com/opinion/10174002/vashisht-rota-v-ottawa-university/,"District Court, S.D. California",1447366,https://www.courtlistener.com/opinion/1447366/rowland-v-christian/,California Supreme Court,Rowland,Rowland v. Christian,"['1968 Cal. LEXIS 231', '70 Cal. Rptr. 97', '32 A.L.R. 3d 496', '443 P.2d 561', '69 Cal. 2d 108']"
10185155,https://www.courtlistener.com/opinion/10185155/boyd-v-target-corp/,"District Court, D. Minnesota",551338,https://www.courtlistener.com/opinion/551338/joseph-osborn-and-pamela-osborn-individually-and-as-father-and-mother-and/,Court of Appeals for the Eighth Circuit,,"Joseph Osborn and Pamela Osborn, Individually and as Father and Mother and Guardians Ad Litem of Shawna Osborn v. United States","['1990 WL 168244', '1990 U.S. App. LEXIS 19395', '918 F.2d 724']"
10185155,https://www.courtlistener.com/opinion/10185155/boyd-v-target-corp/,"District Court, D. Minnesota",596555,https://www.courtlistener.com/opinion/596555/patricia-ann-sanders-v-department-of-the-army/,Court of Appeals for the Eighth Circuit,,Patricia Ann Sanders v. Department of the Army,"['1992 WL 373675', '60 Fair Empl. Prac. Cas. (BNA) 1073', '60 Empl. Prac. Dec. (CCH) 41,924', '1992 U.S. App. LEXIS 33230', '24 Fed. R. Serv. 3d 1022', '981 F.2d 990']"
10185155,https://www.courtlistener.com/opinion/10185155/boyd-v-target-corp/,"District Court, D. Minnesota",757083,https://www.courtlistener.com/opinion/757083/fed-sec-l-rep-p-90272-franklin-high-yield-tax-free-income-fund-a/,Court of Appeals for the Eighth Circuit,,,['152 F.3d 736']
10185155,https://www.courtlistener.com/opinion/10185155/boyd-v-target-corp/,"District Court, D. Minnesota",767920,https://www.courtlistener.com/opinion/767920/tracie-park-v-forest-service-of-the-united-states-of-america/,Court of Appeals for the Eighth Circuit,,Tracie Park v. Forest Service of the United States of America,"['2000 WL 236401', '2000 U.S. App. LEXIS 3192', '205 F.3d 1034']"
10185155,https://www.courtlistener.com/opinion/10185155/boyd-v-target-corp/,"District Court, D. Minnesota",769807,https://www.courtlistener.com/opinion/769807/stanbury-law-firm-pa-v-internal-revenue-service/,Court of Appeals for the Eighth Circuit,,"Stanbury Law Firm, P.A. v. Internal Revenue Service","['2000 U.S. App. LEXIS 19066', '86 A.F.T.R.2d (RIA) 5565', '47 Fed. R. Serv. 3d 293', '221 F.3d 1059']"
10185155,https://www.courtlistener.com/opinion/10185155/boyd-v-target-corp/,"District Court, D. Minnesota",778801,https://www.courtlistener.com/opinion/778801/in-re-k-tel-international-inc-securities-litigation-pasquale-migliaccio/,Court of Appeals for the Eighth Circuit,,,['300 F.3d 881']
10185155,https://www.courtlistener.com/opinion/10185155/boyd-v-target-corp/,"District Court, D. Minnesota",797021,https://www.courtlistener.com/opinion/797021/bjc-health-system-v-columbia-casualty-company-atg-assurance-company/,Court of Appeals for the Eighth Circuit,,"Bjc Health System v. Columbia Casualty Company, Atg Assurance Company Limited v. Columbia Casualty Company, Doing Business as Cna Healthpro","['2007 WL 542237', '2007 U.S. App. LEXIS 3915', '478 F.3d 908']"
10185155,https://www.courtlistener.com/opinion/10185155/boyd-v-target-corp/,"District Court, D. Minnesota",800136,https://www.courtlistener.com/opinion/800136/e-shops-corp-v-us-bank-national-assn/,Court of Appeals for the Eighth Circuit,,E-Shops Corp. v. U.S. Bank National Ass'n,"['2012 U.S. App. LEXIS 10030', '2012 WL 1758822', '678 F.3d 659']"
10185155,https://www.courtlistener.com/opinion/10185155/boyd-v-target-corp/,"District Court, D. Minnesota",809663,https://www.courtlistener.com/opinion/809663/in-re-miracle-tuesday-llc/,Court of Appeals for the Federal Circuit,"In Re Miracle Tuesday, LLC","In Re Miracle Tuesday, LLC","['2012 U.S. App. LEXIS 20756', '2012 WL 4697447', '104 U.S.P.Q. 2d (BNA) 1330', '695 F.3d 1339']"
10185155,https://www.courtlistener.com/opinion/10185155/boyd-v-target-corp/,"District Court, D. Minnesota",1243130,https://www.courtlistener.com/opinion/1243130/williams-v-gerber-products-co/,Court of Appeals for the Ninth Circuit,,Williams v. Gerber Products Co.,"['2008 WL 5273731', '2008 U.S. App. LEXIS 27421', '552 F.3d 934']"
10185155,https://www.courtlistener.com/opinion/10185155/boyd-v-target-corp/,"District Court, D. Minnesota",1310416,https://www.courtlistener.com/opinion/1310416/braden-v-wal-mart-stores-inc/,Court of Appeals for the Eighth Circuit,Braden,"Braden v. Wal-Mart Stores, Inc.","['2009 WL 4062105', '2009 U.S. App. LEXIS 25810', '48 Employee Benefits Cas. (BNA) 1097', '588 F.3d 585']"
10185155,https://www.courtlistener.com/opinion/10185155/boyd-v-target-corp/,"District Court, D. Minnesota",1429600,https://www.courtlistener.com/opinion/1429600/lozano-v-at-t-wireless-services-inc/,Court of Appeals for the Ninth Circuit,Lozano,"Lozano v. AT & T Wireless Services, Inc.","['2007 WL 2728758', '2007 U.S. App. LEXIS 22430', '42 Communications Reg. (P&F) 799', '504 F.3d 718']"
10185155,https://www.courtlistener.com/opinion/10185155/boyd-v-target-corp/,"District Court, D. Minnesota",1800517,https://www.courtlistener.com/opinion/1800517/peterson-v-bendix-home-systems-inc/,Supreme Court of Minnesota,Peterson,"Peterson v. Bendix Home Systems, Inc.","['1982 Minn. LEXIS 1528', '33 U.C.C. Rep. Serv. (West) 876', '318 N.W.2d 50']"
10185155,https://www.courtlistener.com/opinion/10185155/boyd-v-target-corp/,"District Court, D. Minnesota",2256580,https://www.courtlistener.com/opinion/2256580/south-bay-chevrolet-v-general-motors-acceptance-corp/,California Court of Appeal,GMAC,South Bay Chevrolet v. General Motors Acceptance Corp.,"['1999 Cal. App. LEXIS 546', '99 Daily Journal DAR 5413', '72 Cal. App. 4th 861', '85 Cal. Rptr. 2d 301']"
10185155,https://www.courtlistener.com/opinion/10185155/boyd-v-target-corp/,"District Court, D. Minnesota",2295335,https://www.courtlistener.com/opinion/2295335/gardner-v-first-american-title-insurancr/,"District Court, D. Minnesota",Gardner,Gardner v. First American Title Insurancr,"['2003 WL 23002561', '2003 U.S. Dist. LEXIS 22984', '296 F. Supp. 2d 1011']"
10185155,https://www.courtlistener.com/opinion/10185155/boyd-v-target-corp/,"District Court, D. Minnesota",2496788,https://www.courtlistener.com/opinion/2496788/rios-v-state-farm-fire-casualty-co/,"District Court, S.D. Iowa",Rios,Rios v. State Farm Fire & Casualty Co.,"['2007 U.S. Dist. LEXIS 3209', '469 F. Supp. 2d 727']"
10185155,https://www.courtlistener.com/opinion/10185155/boyd-v-target-corp/,"District Court, D. Minnesota",2520510,https://www.courtlistener.com/opinion/2520510/in-re-buspirone-patent-litigation/,"District Court, S.D. New York",In Re Buspirone Patent Litigation,In Re Buspirone Patent Litigation,"['2002 WL 243184', '2002 U.S. Dist. LEXIS 2626', '185 F. Supp. 2d 363']"
10185155,https://www.courtlistener.com/opinion/10185155/boyd-v-target-corp/,"District Court, D. Minnesota",2654975,https://www.courtlistener.com/opinion/2654975/elaine-scola-v-publix-super-markets-inc/,Court of Appeals for the Sixth Circuit,,"Elaine Scola v. Publix Super Markets, Inc.","[""557 F. App'x 458""]"
10185155,https://www.courtlistener.com/opinion/10185155/boyd-v-target-corp/,"District Court, D. Minnesota",2816283,https://www.courtlistener.com/opinion/2816283/robert-c-lisk-v-lumber-one-wood-preserving-llc/,Court of Appeals for the Eleventh Circuit,,"Robert C. Lisk v. Lumber One Wood Preserving, LLC","['2015 WL 4139740', '2015 U.S. App. LEXIS 11891', '92 Fed. R. Serv. 3d 157', '792 F.3d 1331']"
10185155,https://www.courtlistener.com/opinion/10185155/boyd-v-target-corp/,"District Court, D. Minnesota",2981683,https://www.courtlistener.com/opinion/2981683/naylor-medical-sales-rentals-inc-v-invacare-continuing-care-inc/,Court of Appeals for the Sixth Circuit,,"Naylor Medical Sales & Rentals, Inc. v. Invacare Continuing Care, Inc.","[""517 F. App'x 443""]"
10185155,https://www.courtlistener.com/opinion/10185155/boyd-v-target-corp/,"District Court, D. Minnesota",4383931,https://www.courtlistener.com/opinion/4383931/linda-rubenstein-v-neiman-marcus-group/,Court of Appeals for the Ninth Circuit,,Linda Rubenstein v. Neiman Marcus Group,"[""687 F. App'x 564""]"
10185155,https://www.courtlistener.com/opinion/10185155/boyd-v-target-corp/,"District Court, D. Minnesota",4422723,https://www.courtlistener.com/opinion/4422723/melissa-alleruzzo-v-supervalu-inc/,Court of Appeals for the Eighth Circuit,,"Melissa Alleruzzo v. SuperValu, Inc.",['870 F.3d 763']
10185155,https://www.courtlistener.com/opinion/10185155/boyd-v-target-corp/,"District Court, D. Minnesota",4607254,https://www.courtlistener.com/opinion/4607254/stephen-holzman-v-malcolm-s-gerald-associates-inc/,Court of Appeals for the Eleventh Circuit,,"Stephen Holzman v. Malcolm S. Gerald & Associates, Inc.",['920 F.3d 1264']
10185155,https://www.courtlistener.com/opinion/10185155/boyd-v-target-corp/,"District Court, D. Minnesota",4609057,https://www.courtlistener.com/opinion/4609057/charles-waters-v-b-madson/,Court of Appeals for the Eighth Circuit,,Charles Waters v. B. Madson,['921 F.3d 725']
10185155,https://www.courtlistener.com/opinion/10185155/boyd-v-target-corp/,"District Court, D. Minnesota",4908774,https://www.courtlistener.com/opinion/4908774/indoor-billboardwashington-inc-v-integra-telecom-of-washington-inc/,Washington Supreme Court,,"Indoor Billboard/Washington, Inc. v. Integra Telecom of Washington, Inc.",['162 Wash. 2d 59']
10185155,https://www.courtlistener.com/opinion/10185155/boyd-v-target-corp/,"District Court, D. Minnesota",7026453,https://www.courtlistener.com/opinion/7026453/titus-v-sullivan/,Court of Appeals for the Eighth Circuit,Titus,Titus v. Sullivan,"['1993 WL 328400', '1993 U.S. App. LEXIS 22010', '4 F.3d 590']"
10185155,https://www.courtlistener.com/opinion/10185155/boyd-v-target-corp/,"District Court, D. Minnesota",7307360,https://www.courtlistener.com/opinion/7307360/in-re-automotive-parts-antitrust-litigation/,"District Court, E.D. Michigan",,In re Automotive Parts Antitrust Litigation,"['2014 WL 2993742', '29 F. Supp. 3d 982']"
10185155,https://www.courtlistener.com/opinion/10185155/boyd-v-target-corp/,"District Court, D. Minnesota",7307873,https://www.courtlistener.com/opinion/7307873/davenport-v-charter-communications-llc/,"District Court, E.D. Missouri",Davenport,"Davenport v. Charter Communications, LLC","['2014 U.S. Dist. LEXIS 106343', '2014 WL 3818377', '23 Wage & Hour Cas.2d (BNA) 969', '35 F. Supp. 3d 1040']"
10185155,https://www.courtlistener.com/opinion/10185155/boyd-v-target-corp/,"District Court, D. Minnesota",7309612,https://www.courtlistener.com/opinion/7309612/collins-v-davol-inc/,"District Court, N.D. Alabama",Collins,"Collins v. Davol, Inc.","['2014 WL 5661631', '2014 U.S. Dist. LEXIS 158504', '56 F. Supp. 3d 1222']"
10185155,https://www.courtlistener.com/opinion/10185155/boyd-v-target-corp/,"District Court, D. Minnesota",7310503,https://www.courtlistener.com/opinion/7310503/in-re-target-corp-customer-data-security-breach-litigation/,"District Court, D. Minnesota",,In re Target Corp. Customer Data Security Breach Litigation,"['2014 U.S. Dist. LEXIS 175768', '66 F. Supp. 3d 1154']"
10185155,https://www.courtlistener.com/opinion/10185155/boyd-v-target-corp/,"District Court, D. Minnesota",7324900,https://www.courtlistener.com/opinion/7324900/hadley-v-kellogg-sales-co/,"District Court, N.D. California",Hadley,Hadley v. Kellogg Sales Co.,"['2017 U.S. Dist. LEXIS 40825', '2017 WL 1065293', '243 F. Supp. 3d 1074']"
10185155,https://www.courtlistener.com/opinion/10185155/boyd-v-target-corp/,"District Court, D. Minnesota",7328377,https://www.courtlistener.com/opinion/7328377/aquilar-v-ocwen-loan-servicing-llc/,"District Court, D. Maine",Aquilar,"Aquilar v. Ocwen Loan Servicing, LLC",['289 F. Supp. 3d 1000']
10185155,https://www.courtlistener.com/opinion/10185155/boyd-v-target-corp/,"District Court, D. Minnesota",7331389,https://www.courtlistener.com/opinion/7331389/bhatia-v-3m-co/,"District Court, D. Maine",Bhatia,Bhatia v. 3M Co.,['323 F. Supp. 3d 1082']
10185155,https://www.courtlistener.com/opinion/10185155/boyd-v-target-corp/,"District Court, D. Minnesota",7333122,https://www.courtlistener.com/opinion/7333122/knotts-v-nissan-n-am-inc/,"District Court, D. Maine",Knotts,"Knotts v. Nissan N. Am., Inc.",['346 F. Supp. 3d 1310']
10185155,https://www.courtlistener.com/opinion/10185155/boyd-v-target-corp/,"District Court, D. Minnesota",7334457,https://www.courtlistener.com/opinion/7334457/jones-v-coty-inc/,United States Circuit Court,Jones,Jones v. Coty Inc.,['362 F. Supp. 3d 1182']
10185155,https://www.courtlistener.com/opinion/10185155/boyd-v-target-corp/,"District Court, D. Minnesota",8443309,https://www.courtlistener.com/opinion/8443309/john-v-whole-foods-market-group-inc/,Court of Appeals for the Second Circuit,John,"John v. Whole Foods Market Group, Inc.","['2017 U.S. App. LEXIS 9770', '2017 WL 2381191', '858 F.3d 732']"
10185155,https://www.courtlistener.com/opinion/10185155/boyd-v-target-corp/,"District Court, D. Minnesota",8716852,https://www.courtlistener.com/opinion/8716852/equal-employment-opportunity-commission-v-product-fabricators-inc/,"District Court, D. Minnesota",,"Equal Employment Opportunity Commission v. Product Fabricators, Inc.","['2012 U.S. Dist. LEXIS 94693', '873 F. Supp. 2d 1093']"
10185155,https://www.courtlistener.com/opinion/10185155/boyd-v-target-corp/,"District Court, D. Minnesota",8719776,https://www.courtlistener.com/opinion/8719776/hile-v-jimmy-johns-highway-55-golden-valley/,"District Court, D. Minnesota",Hile,"Hile v. Jimmy Johns Highway 55, Golden Valley","['2012 U.S. Dist. LEXIS 151536', '2012 WL 5026918', '899 F. Supp. 2d 843']"
10185155,https://www.courtlistener.com/opinion/10185155/boyd-v-target-corp/,"District Court, D. Minnesota",8786750,https://www.courtlistener.com/opinion/8786750/dremak-v-iovate-health-sciences-group-inc/,"District Court, S.D. California",Dremak,"Dremak v. Iovate Health Sciences Group, Inc.",['299 F.R.D. 648']
10185155,https://www.courtlistener.com/opinion/10185155/boyd-v-target-corp/,"District Court, D. Minnesota",8950657,https://www.courtlistener.com/opinion/8950657/morton-v-becker/,Court of Appeals for the Eighth Circuit,Morton,Morton v. Becker,['793 F.2d 185']
10185155,https://www.courtlistener.com/opinion/10185155/boyd-v-target-corp/,"District Court, D. Minnesota",9022504,https://www.courtlistener.com/opinion/9022504/davidson-v-kimberly-clark-corp/,Court of Appeals for the Ninth Circuit,Davidson,Davidson v. Kimberly-Clark Corp.,['889 F.3d 956']
10185155,https://www.courtlistener.com/opinion/10185155/boyd-v-target-corp/,"District Court, D. Minnesota",110737,https://www.courtlistener.com/opinion/110737/general-telephone-co-of-southwest-v-falcon/,Supreme Court of the United States,Falcon,General Telephone Co. of Southwest v. Falcon,"['28 Fair Empl. Prac. Cas. (BNA) 1745', '29 Empl. Prac. Dec. (CCH) 32,781', '34 Fed. R. Serv. 2d 371', '50 U.S.L.W. 4650', '1982 U.S. LEXIS 119', '457 U.S. 147', '102 S. Ct. 2364', '72 L. Ed. 2d 740']"
10185155,https://www.courtlistener.com/opinion/10185155/boyd-v-target-corp/,"District Court, D. Minnesota",110916,https://www.courtlistener.com/opinion/110916/city-of-los-angeles-v-lyons/,Supreme Court of the United States,Lyons,City of Los Angeles v. Lyons,"['51 U.S.L.W. 4424', '1983 U.S. LEXIS 152', '461 U.S. 95', '103 S. Ct. 1660', '75 L. Ed. 2d 675']"
10185155,https://www.courtlistener.com/opinion/10185155/boyd-v-target-corp/,"District Court, D. Minnesota",111491,https://www.courtlistener.com/opinion/111491/phillips-petroleum-co-v-shutts/,Supreme Court of the United States,Shutts,Phillips Petroleum Co. v. Shutts,"['53 U.S.L.W. 4879', '85 Oil & Gas Rep. 486', '2 Fed. R. Serv. 3d 797', '1985 U.S. LEXIS 104', '472 U.S. 797', '105 S. Ct. 2965', '86 L. Ed. 2d 628']"
10185155,https://www.courtlistener.com/opinion/10185155/boyd-v-target-corp/,"District Court, D. Minnesota",112747,https://www.courtlistener.com/opinion/112747/lujan-v-defenders-of-wildlife/,Supreme Court of the United States,Lujan,Lujan v. Defenders of Wildlife,"['34 ERC (BNA) 1785', '22 Envtl. L. Rep. (Envtl. Law Inst.) 20913', '6 Fla. L. Weekly Fed. S 374', '92 Daily Journal DAR 8967', '92 Cal. Daily Op. Serv. 4985', '60 U.S.L.W. 4495', '1992 U.S. LEXIS 3543', '504 U.S. 555', '112 S. Ct. 2130', '119 L. Ed. 2d 351']"
10185155,https://www.courtlistener.com/opinion/10185155/boyd-v-target-corp/,"District Court, D. Minnesota",145730,https://www.courtlistener.com/opinion/145730/bell-atlantic-corp-v-twombly/,Supreme Court of the United States,Twombly,Bell Atlantic Corp. v. Twombly,"['75 U.S.L.W. 4337', '68 Fed. R. Serv. 3d 661', '20 Fla. L. Weekly Fed. S 267', '41 Communications Reg. (P&F) 567', '2007 U.S. LEXIS 5901', '550 U.S. 544', '127 S. Ct. 1955', '167 L. Ed. 2d 929']"
10185155,https://www.courtlistener.com/opinion/10185155/boyd-v-target-corp/,"District Court, D. Minnesota",145875,https://www.courtlistener.com/opinion/145875/ashcroft-v-iqbal/,Supreme Court of the United States,Iqbal,Ashcroft v. Iqbal,"['2009 U.S. LEXIS 3472', '556 U.S. 662', '129 S. Ct. 1937', '173 L. Ed. 2d 868']"
10185155,https://www.courtlistener.com/opinion/10185155/boyd-v-target-corp/,"District Court, D. Minnesota",700674,https://www.courtlistener.com/opinion/700674/commercial-property-investments-inc-a-minnesota-corporation-v-quality/,Court of Appeals for the Eighth Circuit,,"Commercial Property Investments, Inc., a Minnesota Corporation v. Quality Inns International, Inc., a Delaware Corporation","['1995 WL 447403', '61 F.3d 639']"
10185155,https://www.courtlistener.com/opinion/10185155/boyd-v-target-corp/,"District Court, D. Minnesota",1163478,https://www.courtlistener.com/opinion/1163478/alaface-v-national-investment-co/,Court of Appeals of Arizona,Alaface,Alaface v. National Investment Co.,"['1994 Ariz. App. LEXIS 191', '172 Ariz. Adv. Rep. 72', '181 Ariz. 586', '892 P.2d 1375']"
10185155,https://www.courtlistener.com/opinion/10185155/boyd-v-target-corp/,"District Court, D. Minnesota",1301891,https://www.courtlistener.com/opinion/1301891/cel-tech-communications-inc-v-los-angeles-cellular-telephone-co/,California Supreme Court,,"Cel-Tech Communications, Inc. v. Los Angeles Cellular Telephone Co.","['1999 Cal. LEXIS 1656', '99 Daily Journal DAR 3360', '99 Cal. Daily Op. Serv. 2576', '20 Cal. 4th 163', '83 Cal. Rptr. 2d 548', '973 P.2d 527']"
10192803,https://www.courtlistener.com/opinion/10192803/desimone-v-select-portfolio-servicing-inc/,"District Court, E.D. New York",2498,https://www.courtlistener.com/opinion/2498/spagnola-v-chubb-corp/,Court of Appeals for the Second Circuit,Spagnola,Spagnola v. Chubb Corp.,"['2009 WL 2231635', '2009 U.S. App. LEXIS 16679', '574 F.3d 64']"
10192803,https://www.courtlistener.com/opinion/10192803/desimone-v-select-portfolio-servicing-inc/,"District Court, E.D. New York",620156,https://www.courtlistener.com/opinion/620156/woodhams-v-allstate-fire-casualty-co/,Court of Appeals for the Second Circuit,Woodhams,Woodhams v. Allstate Fire & Casualty Co.,"[""453 F. App'x 108""]"
10192803,https://www.courtlistener.com/opinion/10192803/desimone-v-select-portfolio-servicing-inc/,"District Court, E.D. New York",765981,https://www.courtlistener.com/opinion/765981/danny-tuttle-v-equifax-check/,Court of Appeals for the Second Circuit,,Danny Tuttle v. Equifax Check,"['1999 U.S. App. LEXIS 19653', '39 U.C.C. Rep. Serv. 2d (West) 410', '190 F.3d 9']"
10192803,https://www.courtlistener.com/opinion/10192803/desimone-v-select-portfolio-servicing-inc/,"District Court, E.D. New York",801920,https://www.courtlistener.com/opinion/801920/joann-riggs-v-prober-raphael-a-law-corp/,Court of Appeals for the Ninth Circuit,,"Joann Riggs v. Prober & Raphael, a Law Corp.","['2012 U.S. App. LEXIS 11631', '2012 WL 2054640', '681 F.3d 1097']"
10192803,https://www.courtlistener.com/opinion/10192803/desimone-v-select-portfolio-servicing-inc/,"District Court, E.D. New York",803088,https://www.courtlistener.com/opinion/803088/forest-park-pictures-v-universal-television-network-inc/,Court of Appeals for the Second Circuit,,"Forest Park Pictures v. Universal Television Network, Inc.","['2012 U.S. App. LEXIS 13068', '2012 WL 2382528', '40 Media L. Rep. (BNA) 1985', '103 U.S.P.Q. 2d (BNA) 1122', '683 F.3d 424']"
10192803,https://www.courtlistener.com/opinion/10192803/desimone-v-select-portfolio-servicing-inc/,"District Court, E.D. New York",1990894,https://www.courtlistener.com/opinion/1990894/magnetti-v-university-of-maryland/,Court of Special Appeals of Maryland,Magnetti,Magnetti v. University of Maryland,"['2006 Md. App. LEXIS 240', '25 I.E.R. Cas. (BNA) 889', '171 Md. App. 279', '909 A.2d 1101']"
10192803,https://www.courtlistener.com/opinion/10192803/desimone-v-select-portfolio-servicing-inc/,"District Court, E.D. New York",2086398,https://www.courtlistener.com/opinion/2086398/oswego-laborers-local-214-pension-fund-v-marine-midland-bank-n-a/,New York Court of Appeals,,"Oswego Laborers' Local 214 Pension Fund v. Marine Midland Bank, N. A.","['1995 N.Y. LEXIS 145', '623 N.Y.S.2d 529', '85 N.Y.2d 20', '647 N.E.2d 741']"
10192803,https://www.courtlistener.com/opinion/10192803/desimone-v-select-portfolio-servicing-inc/,"District Court, E.D. New York",2147397,https://www.courtlistener.com/opinion/2147397/bank-of-america-na-v-jill-p-mitchell-living-trust/,"District Court, D. Maryland",,"Bank of America, N.A. v. Jill P. Mitchell Living Trust","['2011 WL 5386379', '2011 U.S. Dist. LEXIS 127394', '822 F. Supp. 2d 505']"
10192803,https://www.courtlistener.com/opinion/10192803/desimone-v-select-portfolio-servicing-inc/,"District Court, E.D. New York",2241675,https://www.courtlistener.com/opinion/2241675/dillon-v-u-a-columbia-cablevision-of-westchester-inc/,New York Court of Appeals,Dillon,"Dillon v. U-A Columbia Cablevision of Westchester, Inc.","['760 N.Y.S.2d 726', '100 N.Y.2d 525', '790 N.E.2d 1155']"
10192803,https://www.courtlistener.com/opinion/10192803/desimone-v-select-portfolio-servicing-inc/,"District Court, E.D. New York",2261592,https://www.courtlistener.com/opinion/2261592/prata-v-superior-court/,California Court of Appeal,Prata,Prata v. Superior Court,"['2001 Cal. App. LEXIS 675', '2001 Cal. Daily Op. Serv. 7536', '2001 Daily Journal DAR 9229', '91 Cal. App. 4th 1128', '111 Cal. Rptr. 2d 296']"
10192803,https://www.courtlistener.com/opinion/10192803/desimone-v-select-portfolio-servicing-inc/,"District Court, E.D. New York",2347363,https://www.courtlistener.com/opinion/2347363/gervais-v-riddle-associates-pc/,"District Court, D. Connecticut",Gervais,"Gervais v. Riddle & Associates, P.C.","['2007 WL 867986', '2007 U.S. Dist. LEXIS 19533', '479 F. Supp. 2d 270']"
10192803,https://www.courtlistener.com/opinion/10192803/desimone-v-select-portfolio-servicing-inc/,"District Court, E.D. New York",2399461,https://www.courtlistener.com/opinion/2399461/sears-v-gussin/,Court of Appeals of Maryland,Sears,Sears v. Gussin,"['1998 Md. LEXIS 573', '350 Md. 552', '714 A.2d 188']"
10192803,https://www.courtlistener.com/opinion/10192803/desimone-v-select-portfolio-servicing-inc/,"District Court, E.D. New York",2458064,https://www.courtlistener.com/opinion/2458064/abercrombie-v-wells-fargo-bank-na/,"District Court, N.D. Illinois",Abercrombie,"Abercrombie v. Wells Fargo Bank, N.A.","['2006 WL 530685', '2006 U.S. Dist. LEXIS 11250', '417 F. Supp. 2d 1006']"
10192803,https://www.courtlistener.com/opinion/10192803/desimone-v-select-portfolio-servicing-inc/,"District Court, E.D. New York",2471124,https://www.courtlistener.com/opinion/2471124/hauk-v-lvnv-funding-llc/,"District Court, D. Maryland",Hauk,"Hauk v. LVNV FUNDING, LLC","['2010 WL 4395395', '2010 U.S. Dist. LEXIS 117834', '749 F. Supp. 2d 358']"
10192803,https://www.courtlistener.com/opinion/10192803/desimone-v-select-portfolio-servicing-inc/,"District Court, E.D. New York",2472519,https://www.courtlistener.com/opinion/2472519/woodhams-v-allstate-fire-casualty-co/,"District Court, S.D. New York",Woodhams,Woodhams v. Allstate Fire & Casualty Co.,"['2010 WL 3858440', '2010 U.S. Dist. LEXIS 102133', '748 F. Supp. 2d 211']"
10192803,https://www.courtlistener.com/opinion/10192803/desimone-v-select-portfolio-servicing-inc/,"District Court, E.D. New York",2476477,https://www.courtlistener.com/opinion/2476477/capitalsource-finance-llc-v-pittsfield-weaving-co/,"District Court, D. Maryland",,CapitalSource Finance LLC v. Pittsfield Weaving Co.,"['2006 WL 6000465', '2006 U.S. Dist. LEXIS 97977', '571 F. Supp. 2d 668']"
10192803,https://www.courtlistener.com/opinion/10192803/desimone-v-select-portfolio-servicing-inc/,"District Court, E.D. New York",2477956,https://www.courtlistener.com/opinion/2477956/edeh-v-midland-credit-management-inc/,"District Court, D. Minnesota",Edeh,"Edeh v. Midland Credit Management, Inc.","['2010 WL 3893604', '2010 U.S. Dist. LEXIS 103888', '748 F. Supp. 2d 1030']"
10192803,https://www.courtlistener.com/opinion/10192803/desimone-v-select-portfolio-servicing-inc/,"District Court, E.D. New York",2680426,https://www.courtlistener.com/opinion/2680426/giuffre-hyundai-ltd-v-hyundai-motor-america/,Court of Appeals for the Second Circuit,,"Giuffre Hyundai, Ltd. v. Hyundai Motor America","['2014 WL 2870507', '756 F.3d 204']"
10192803,https://www.courtlistener.com/opinion/10192803/desimone-v-select-portfolio-servicing-inc/,"District Court, E.D. New York",5933453,https://www.courtlistener.com/opinion/5933453/maio-v-kralik/,Appellate Division of the Supreme Court of the State of New York,Maio,Maio v. Kralik,"['888 N.Y.S.2d 582', '70 A.D.3d 1']"
10192803,https://www.courtlistener.com/opinion/10192803/desimone-v-select-portfolio-servicing-inc/,"District Court, E.D. New York",7310378,https://www.courtlistener.com/opinion/7310378/landucci-v-state-farm-insurance/,"District Court, N.D. California",Landucci,Landucci v. State Farm Insurance,"['2014 WL 3962845', '65 F. Supp. 3d 694']"
10192803,https://www.courtlistener.com/opinion/10192803/desimone-v-select-portfolio-servicing-inc/,"District Court, E.D. New York",7312970,https://www.courtlistener.com/opinion/7312970/campbell-ex-rel-jc-v-mbi-associates-inc/,"District Court, E.D. New York",,"Campbell ex rel. J.C. v. MBI Associates, Inc.","['2015 WL 1543215', '98 F. Supp. 3d 568']"
10192803,https://www.courtlistener.com/opinion/10192803/desimone-v-select-portfolio-servicing-inc/,"District Court, E.D. New York",7313862,https://www.courtlistener.com/opinion/7313862/dyer-v-select-portfolio-servicing-inc/,"District Court, M.D. Florida",Dyer,"Dyer v. Select Portfolio Servicing, Inc.","['2015 WL 3510283', '2015 U.S. Dist. LEXIS 72341', '108 F. Supp. 3d 1278']"
10192803,https://www.courtlistener.com/opinion/10192803/desimone-v-select-portfolio-servicing-inc/,"District Court, E.D. New York",7316106,https://www.courtlistener.com/opinion/7316106/reynolds-v-lifewatch-inc/,"District Court, S.D. New York",Reynolds,"Reynolds v. Lifewatch, Inc.","['2015 WL 5730792', '2015 U.S. Dist. LEXIS 133130', '136 F. Supp. 3d 503']"
10192803,https://www.courtlistener.com/opinion/10192803/desimone-v-select-portfolio-servicing-inc/,"District Court, E.D. New York",7316660,https://www.courtlistener.com/opinion/7316660/trevathan-v-select-portfolio-servicing-inc/,"District Court, S.D. Florida",Trevathan,"Trevathan v. Select Portfolio Servicing, Inc.","['2015 WL 6913144', '2015 U.S. Dist. LEXIS 152757', '142 F. Supp. 3d 1283']"
10192803,https://www.courtlistener.com/opinion/10192803/desimone-v-select-portfolio-servicing-inc/,"District Court, E.D. New York",7318646,https://www.courtlistener.com/opinion/7318646/hawkins-v-kilberg/,"District Court, D. Maryland",Hawkins,Hawkins v. Kilberg,"['2016 U.S. Dist. LEXIS 2780', '2016 WL 107182', '165 F. Supp. 3d 386']"
10192803,https://www.courtlistener.com/opinion/10192803/desimone-v-select-portfolio-servicing-inc/,"District Court, E.D. New York",7323986,https://www.courtlistener.com/opinion/7323986/thomas-v-john-a-youderian-jr-llc/,"District Court, D. New Jersey",Thomas,"Thomas v. John A. Youderian Jr., LLC","['2017 WL 1250988', '2017 U.S. Dist. LEXIS 16585', '232 F. Supp. 3d 656']"
10192803,https://www.courtlistener.com/opinion/10192803/desimone-v-select-portfolio-servicing-inc/,"District Court, E.D. New York",7324900,https://www.courtlistener.com/opinion/7324900/hadley-v-kellogg-sales-co/,"District Court, N.D. California",Hadley,Hadley v. Kellogg Sales Co.,"['2017 U.S. Dist. LEXIS 40825', '2017 WL 1065293', '243 F. Supp. 3d 1074']"
10192803,https://www.courtlistener.com/opinion/10192803/desimone-v-select-portfolio-servicing-inc/,"District Court, E.D. New York",7326342,https://www.courtlistener.com/opinion/7326342/greene-v-gerber-products-co/,"District Court, E.D. New York",Greene,Greene v. Gerber Products Co.,['262 F. Supp. 3d 38']
10192803,https://www.courtlistener.com/opinion/10192803/desimone-v-select-portfolio-servicing-inc/,"District Court, E.D. New York",7331908,https://www.courtlistener.com/opinion/7331908/hughes-v-ester-c-co/,"District Court, E.D. New York",Hughes,Hughes v. Ester C Co.,['330 F. Supp. 3d 862']
10192803,https://www.courtlistener.com/opinion/10192803/desimone-v-select-portfolio-servicing-inc/,"District Court, E.D. New York",7332576,https://www.courtlistener.com/opinion/7332576/copart-inc-v-sparta-consulting-inc/,"District Court, E.D. California",,"Copart, Inc. v. Sparta Consulting, Inc.",['339 F. Supp. 3d 959']
10192803,https://www.courtlistener.com/opinion/10192803/desimone-v-select-portfolio-servicing-inc/,"District Court, E.D. New York",7333041,https://www.courtlistener.com/opinion/7333041/deerpoint-grp-inc-v-agrigenix-llc/,"District Court, E.D. California",,"Deerpoint Grp., Inc. v. Agrigenix, LLC",['345 F. Supp. 3d 1207']
10192803,https://www.courtlistener.com/opinion/10192803/desimone-v-select-portfolio-servicing-inc/,"District Court, E.D. New York",7333481,https://www.courtlistener.com/opinion/7333481/city-of-ny-v-tavern-on-the-green-intl-llc/,"District Court, S.D. Illinois",,City of N.Y. v. Tavern on the Green Int'l LLC,['351 F. Supp. 3d 680']
10192803,https://www.courtlistener.com/opinion/10192803/desimone-v-select-portfolio-servicing-inc/,"District Court, E.D. New York",8440015,https://www.courtlistener.com/opinion/8440015/langan-v-johnson-johnson-consumer-cos/,Court of Appeals for the Second Circuit,Langan,Langan v. Johnson & Johnson Consumer Cos.,['897 F.3d 88']
10192803,https://www.courtlistener.com/opinion/10192803/desimone-v-select-portfolio-servicing-inc/,"District Court, E.D. New York",8442448,https://www.courtlistener.com/opinion/8442448/benzemann-v-citibank-na/,Court of Appeals for the Second Circuit,Benzemann,Benzemann v. Citibank N.A.,"['2015 WL 7145772', '2015 U.S. App. LEXIS 19875', '806 F.3d 98']"
10192803,https://www.courtlistener.com/opinion/10192803/desimone-v-select-portfolio-servicing-inc/,"District Court, E.D. New York",8442518,https://www.courtlistener.com/opinion/8442518/deutsche-bank-national-trust-co-ex-rel-gsr-mortgage-loan-trust-2007-oa1/,Court of Appeals for the Second Circuit,,Deutsche Bank National Trust Co. ex rel. GSR Mortgage Loan Trust 2007-OA1 v. Quicken Loans Inc.,"['2015 WL 7146515', '2015 U.S. App. LEXIS 19874', '810 F.3d 861']"
10192803,https://www.courtlistener.com/opinion/10192803/desimone-v-select-portfolio-servicing-inc/,"District Court, E.D. New York",8442623,https://www.courtlistener.com/opinion/8442623/avila-v-riexinger-associates-llc/,Court of Appeals for the Second Circuit,Avila,"Avila v. Riexinger & Associates, LLC","['2016 WL 1104776', '2016 U.S. App. LEXIS 5327', '817 F.3d 72']"
10192803,https://www.courtlistener.com/opinion/10192803/desimone-v-select-portfolio-servicing-inc/,"District Court, E.D. New York",8713860,https://www.courtlistener.com/opinion/8713860/mazzola-v-roomster-corp/,"District Court, S.D. New York",Mazzola,Mazzola v. Roomster Corp.,"['2012 U.S. Dist. LEXIS 42123', '2012 WL 1019124', '849 F. Supp. 2d 395']"
10192803,https://www.courtlistener.com/opinion/10192803/desimone-v-select-portfolio-servicing-inc/,"District Court, E.D. New York",8715099,https://www.courtlistener.com/opinion/8715099/stewart-v-bierman/,"District Court, D. Maryland",Stewart,Stewart v. Bierman,"['2012 WL 1655716', '2012 U.S. Dist. LEXIS 64355', '859 F. Supp. 2d 754']"
10192803,https://www.courtlistener.com/opinion/10192803/desimone-v-select-portfolio-servicing-inc/,"District Court, E.D. New York",8717199,https://www.courtlistener.com/opinion/8717199/chen-oster-v-goldman-sachs-co/,"District Court, S.D. New York",Chen-Oster,"Chen-Oster v. Goldman, Sachs & Co.","['116 Fair Empl. Prac. Cas. (BNA) 755', '2012 U.S. Dist. LEXIS 99270', '2012 WL 2912741', '83 Fed. R. Serv. 3d 64', '877 F. Supp. 2d 113']"
10192803,https://www.courtlistener.com/opinion/10192803/desimone-v-select-portfolio-servicing-inc/,"District Court, E.D. New York",8720990,https://www.courtlistener.com/opinion/8720990/ellsworth-v-us-bank-na/,"District Court, N.D. California",Ellsworth,"Ellsworth v. U.S. Bank, N.A.","['2012 U.S. Dist. LEXIS 176277', '2012 WL 6176905', '908 F. Supp. 2d 1063']"
10192803,https://www.courtlistener.com/opinion/10192803/desimone-v-select-portfolio-servicing-inc/,"District Court, E.D. New York",8722377,https://www.courtlistener.com/opinion/8722377/breux-v-us-bank-national-assn/,"District Court, S.D. Florida",Breux,"Breux v. U.S. Bank, National Ass'n","['2013 U.S. Dist. LEXIS 18775', '2013 WL 331592', '919 F. Supp. 2d 1371']"
10192803,https://www.courtlistener.com/opinion/10192803/desimone-v-select-portfolio-servicing-inc/,"District Court, E.D. New York",8725913,https://www.courtlistener.com/opinion/8725913/taub-v-world-financial-network-bank/,"District Court, S.D. New York",Taub,Taub v. World Financial Network Bank,"['2013 U.S. Dist. LEXIS 89045', '2013 WL 3157496', '950 F. Supp. 2d 698']"
10192803,https://www.courtlistener.com/opinion/10192803/desimone-v-select-portfolio-servicing-inc/,"District Court, E.D. New York",8728391,https://www.courtlistener.com/opinion/8728391/levy-v-receivables-performance-management-llc/,"District Court, E.D. New York",Levy,"Levy v. Receivables Performance Management, LLC","['2013 U.S. Dist. LEXIS 135675', '2013 WL 5310166', '972 F. Supp. 2d 409']"
10192803,https://www.courtlistener.com/opinion/10192803/desimone-v-select-portfolio-servicing-inc/,"District Court, E.D. New York",8730894,https://www.courtlistener.com/opinion/8730894/riding-v-cach-llc/,"District Court, C.D. California",Riding,Riding v. Cach LLC,"['2014 WL 198764', '2014 U.S. Dist. LEXIS 6518', '992 F. Supp. 2d 987']"
10192803,https://www.courtlistener.com/opinion/10192803/desimone-v-select-portfolio-servicing-inc/,"District Court, E.D. New York",8731084,https://www.courtlistener.com/opinion/8731084/miller-v-wells-fargo-bank-na/,"District Court, S.D. New York",,"Miller v. Wells Fargo Bank, N.A.","['2014 U.S. Dist. LEXIS 14060', '2014 WL 349723', '994 F. Supp. 2d 542']"
10192803,https://www.courtlistener.com/opinion/10192803/desimone-v-select-portfolio-servicing-inc/,"District Court, E.D. New York",8731741,https://www.courtlistener.com/opinion/8731741/quinteros-v-mbi-associates-inc/,"District Court, E.D. New York",Quinteros,"Quinteros v. MBI Associates, Inc.","['2014 WL 793138', '2014 U.S. Dist. LEXIS 27735', '999 F. Supp. 434', '999 F. Supp. 2d 434']"
10192803,https://www.courtlistener.com/opinion/10192803/desimone-v-select-portfolio-servicing-inc/,"District Court, E.D. New York",9012741,https://www.courtlistener.com/opinion/9012741/bausch-lomb-inc-v-bressler/,Court of Appeals for the Second Circuit,Bressler,Bausch & Lomb Inc. v. Bressler,"['1992 WL 280513', '977 F.2d 720']"
10192803,https://www.courtlistener.com/opinion/10192803/desimone-v-select-portfolio-servicing-inc/,"District Court, E.D. New York",145730,https://www.courtlistener.com/opinion/145730/bell-atlantic-corp-v-twombly/,Supreme Court of the United States,Twombly,Bell Atlantic Corp. v. Twombly,"['75 U.S.L.W. 4337', '68 Fed. R. Serv. 3d 661', '20 Fla. L. Weekly Fed. S 267', '41 Communications Reg. (P&F) 567', '2007 U.S. LEXIS 5901', '550 U.S. 544', '127 S. Ct. 1955', '167 L. Ed. 2d 929']"
10192803,https://www.courtlistener.com/opinion/10192803/desimone-v-select-portfolio-servicing-inc/,"District Court, E.D. New York",145875,https://www.courtlistener.com/opinion/145875/ashcroft-v-iqbal/,Supreme Court of the United States,Iqbal,Ashcroft v. Iqbal,"['2009 U.S. LEXIS 3472', '556 U.S. 662', '129 S. Ct. 1937', '173 L. Ed. 2d 868']"
10192803,https://www.courtlistener.com/opinion/10192803/desimone-v-select-portfolio-servicing-inc/,"District Court, E.D. New York",2071130,https://www.courtlistener.com/opinion/2071130/philip-morris-inc-v-angeletti/,Court of Appeals of Maryland,Angeletti,Philip Morris Inc. v. Angeletti,"['2000 Md. LEXIS 249', '358 Md. 689', '752 A.2d 200']"
10192803,https://www.courtlistener.com/opinion/10192803/desimone-v-select-portfolio-servicing-inc/,"District Court, E.D. New York",2641986,https://www.courtlistener.com/opinion/2641986/vincent-v-the-money-store/,Court of Appeals for the Second Circuit,Vincent,Vincent v. The Money Store,"['2013 WL 5989446', '736 F.3d 88']"
10192803,https://www.courtlistener.com/opinion/10192803/desimone-v-select-portfolio-servicing-inc/,"District Court, E.D. New York",3216430,https://www.courtlistener.com/opinion/3216430/brutus-630-llc-v-town-of-bel-air/,Court of Appeals of Maryland,,"Brutus 630, LLC v. Town of Bel Air","['2016 Md. LEXIS 370', '448 Md. 355', '139 A.3d 957']"
10243431,https://www.courtlistener.com/opinion/10243431/viveros-v-audible-inc/,"District Court, W.D. Washington",578335,https://www.courtlistener.com/opinion/578335/john-desoto-v-yellow-freight-systems-inc/,Court of Appeals for the Ninth Circuit,,"John Desoto v. Yellow Freight Systems, Inc.","['1992 WL 26919', '1992 U.S. App. LEXIS 1995', '92 Cal. Daily Op. Serv. 1344', '92 Daily Journal DAR 2205', '7 I.E.R. Cas. (BNA) 304', '957 F.2d 655']"
10243431,https://www.courtlistener.com/opinion/10243431/viveros-v-audible-inc/,"District Court, W.D. Washington",654272,https://www.courtlistener.com/opinion/654272/d-neubronner-v-michael-r-milken/,Court of Appeals for the Ninth Circuit,,D. Neubronner v. Michael R. Milken,"['1993 WL 388243', '1993 U.S. App. LEXIS 25101', '93 Cal. Daily Op. Serv. 7387', '93 Daily Journal DAR 12579', '27 Fed. R. Serv. 3d 296', '6 F.3d 666']"
10243431,https://www.courtlistener.com/opinion/10243431/viveros-v-audible-inc/,"District Court, W.D. Washington",1208595,https://www.courtlistener.com/opinion/1208595/kearns-v-ford-motor-co/,Court of Appeals for the Ninth Circuit,Kearns,Kearns v. Ford Motor Co.,"['2009 WL 1578535', '2009 U.S. App. LEXIS 12289', '73 Fed. R. Serv. 3d 1168', '567 F.3d 1120']"
10243431,https://www.courtlistener.com/opinion/10243431/viveros-v-audible-inc/,"District Court, W.D. Washington",2292129,https://www.courtlistener.com/opinion/2292129/lebrilla-v-farmers-group-inc/,California Court of Appeal,Lebrilla,"Lebrilla v. Farmers Group, Inc.","['119 Cal. App. 4th 1070', '16 Cal. Rptr. 3d 25']"
10243431,https://www.courtlistener.com/opinion/10243431/viveros-v-audible-inc/,"District Court, W.D. Washington",5608107,https://www.courtlistener.com/opinion/5608107/kwikset-corp-v-superior-court/,California Supreme Court,,Kwikset Corp. v. Superior Court,"['2011 Cal. LEXIS 532', '120 Cal. Rptr. 3d 741', '246 P.3d 877', '51 Cal. 4th 310']"
10243431,https://www.courtlistener.com/opinion/10243431/viveros-v-audible-inc/,"District Court, W.D. Washington",7033447,https://www.courtlistener.com/opinion/7033447/concha-v-london/,Court of Appeals for the Ninth Circuit,Concha,Concha v. London,"['1995 WL 478722', '1995 U.S. App. LEXIS 22013', '95 Daily Journal DAR 10955', '95 Cal. Daily Op. Serv. 6414', '33 Fed. R. Serv. 3d 181', '62 F.3d 1493']"
10243431,https://www.courtlistener.com/opinion/10243431/viveros-v-audible-inc/,"District Court, W.D. Washington",7100340,https://www.courtlistener.com/opinion/7100340/sprewell-v-golden-state-warriors/,Court of Appeals for the Ninth Circuit,Sprewell,Sprewell v. Golden State Warriors,"['2001 WL 1057136', '266 F.3d 979']"
10243431,https://www.courtlistener.com/opinion/10243431/viveros-v-audible-inc/,"District Court, W.D. Washington",7110394,https://www.courtlistener.com/opinion/7110394/vess-v-ciba-geigy-corp-usa/,Court of Appeals for the Ninth Circuit,Vess,Vess v. Ciba-Geigy Corp. USA,"['2003 WL 203124', '317 F.3d 1097']"
10243431,https://www.courtlistener.com/opinion/10243431/viveros-v-audible-inc/,"District Court, W.D. Washington",7308112,https://www.courtlistener.com/opinion/7308112/masuda-v-citibank-na/,"District Court, N.D. California",Masuda,"Masuda v. Citibank, N.A.","['2014 U.S. Dist. LEXIS 59513', '2014 WL 1759580', '38 F. Supp. 3d 1130']"
10243431,https://www.courtlistener.com/opinion/10243431/viveros-v-audible-inc/,"District Court, W.D. Washington",7324900,https://www.courtlistener.com/opinion/7324900/hadley-v-kellogg-sales-co/,"District Court, N.D. California",Hadley,Hadley v. Kellogg Sales Co.,"['2017 U.S. Dist. LEXIS 40825', '2017 WL 1065293', '243 F. Supp. 3d 1074']"
10243431,https://www.courtlistener.com/opinion/10243431/viveros-v-audible-inc/,"District Court, W.D. Washington",7329927,https://www.courtlistener.com/opinion/7329927/lopez-v-stages-of-beauty-llc/,"District Court, S.D. California",Lopez,"Lopez v. Stages of Beauty, LLC",['307 F. Supp. 3d 1058']
10243431,https://www.courtlistener.com/opinion/10243431/viveros-v-audible-inc/,"District Court, W.D. Washington",8438896,https://www.courtlistener.com/opinion/8438896/sparling-v-daou/,Court of Appeals for the Ninth Circuit,Sparling,Sparling v. Daou,['411 F.3d 1006']
10243431,https://www.courtlistener.com/opinion/10243431/viveros-v-audible-inc/,"District Court, W.D. Washington",8440856,https://www.courtlistener.com/opinion/8440856/carvalho-v-equifax-information-services-llc/,Court of Appeals for the Ninth Circuit,Carvalho,"Carvalho v. Equifax Information Services, LLC","['2010 WL 5127974', '629 F.3d 876']"
10243431,https://www.courtlistener.com/opinion/10243431/viveros-v-audible-inc/,"District Court, W.D. Washington",9001553,https://www.courtlistener.com/opinion/9001553/greenawalt-v-ricketts/,Court of Appeals for the Ninth Circuit,Greenawalt,Greenawalt v. Ricketts,"['1991 WL 159162', '943 F.2d 1020']"
10243431,https://www.courtlistener.com/opinion/10243431/viveros-v-audible-inc/,"District Court, W.D. Washington",145730,https://www.courtlistener.com/opinion/145730/bell-atlantic-corp-v-twombly/,Supreme Court of the United States,Twombly,Bell Atlantic Corp. v. Twombly,"['75 U.S.L.W. 4337', '68 Fed. R. Serv. 3d 661', '20 Fla. L. Weekly Fed. S 267', '41 Communications Reg. (P&F) 567', '2007 U.S. LEXIS 5901', '550 U.S. 544', '127 S. Ct. 1955', '167 L. Ed. 2d 929']"
10243431,https://www.courtlistener.com/opinion/10243431/viveros-v-audible-inc/,"District Court, W.D. Washington",145747,https://www.courtlistener.com/opinion/145747/watters-v-wachovia-bank-n-a/,Supreme Court of the United States,Watters,"Watters v. Wachovia Bank, N. A.","['20 Fla. L. Weekly Fed. S 170', '66 A.L.R. Fed. 2d 651', '75 U.S.L.W. 4176', '7 Cal. Daily Op. Serv. 4013', '2007 U.S. LEXIS 4336', '550 U.S. 1', '127 S. Ct. 1559', '167 L. Ed. 2d 389']"
10243431,https://www.courtlistener.com/opinion/10243431/viveros-v-audible-inc/,"District Court, W.D. Washington",145875,https://www.courtlistener.com/opinion/145875/ashcroft-v-iqbal/,Supreme Court of the United States,Iqbal,Ashcroft v. Iqbal,"['2009 U.S. LEXIS 3472', '556 U.S. 662', '129 S. Ct. 1937', '173 L. Ed. 2d 868']"
10243431,https://www.courtlistener.com/opinion/10243431/viveros-v-audible-inc/,"District Court, W.D. Washington",540085,https://www.courtlistener.com/opinion/540085/jena-balistreri-v-pacifica-police-department-al-olsen-police-chief/,Court of Appeals for the Ninth Circuit,,"Jena Balistreri v. Pacifica Police Department Al Olsen, Police Chief, Individually and as a Police Agent","['1988 WL 192736', '901 F.2d 696']"
10243431,https://www.courtlistener.com/opinion/10243431/viveros-v-audible-inc/,"District Court, W.D. Washington",868499,https://www.courtlistener.com/opinion/868499/antonio-hinojos-v-kohls-corporation/,Court of Appeals for the Ninth Circuit,,Antonio Hinojos v. Kohl's Corporation,"['2013 U.S. App. LEXIS 10185', '2013 WL 2159502', '718 F.3d 1098']"
10243431,https://www.courtlistener.com/opinion/10243431/viveros-v-audible-inc/,"District Court, W.D. Washington",664111,https://www.courtlistener.com/opinion/664111/esther-marcus-v-donna-e-shalala-secretary-of-health-and-human-services/,Court of Appeals for the Seventh Circuit,,"Esther Marcus v. Donna E. Shalala, Secretary of Health and Human Services",['17 F.3d 1033']
10245452,https://www.courtlistener.com/opinion/10245452/vale-v-city-of-seattle/,"District Court, W.D. Washington",91704,https://www.courtlistener.com/opinion/91704/yick-wo-v-hopkins/,Supreme Court of the United States,Hopkins,Yick Wo v. Hopkins,"['1886 U.S. LEXIS 1938', '30 L. Ed. 220', '6 S. Ct. 1064', '118 U.S. 356']"
10245452,https://www.courtlistener.com/opinion/10245452/vale-v-city-of-seattle/,"District Court, W.D. Washington",112404,https://www.courtlistener.com/opinion/112404/employment-div-dept-of-human-resources-of-ore-v-smith/,Supreme Court of the United States,Smith,"Employment Div., Dept. of Human Resources of Ore. v. Smith","['52 Fair Empl. Prac. Cas. (BNA) 855', '53 Empl. Prac. Dec. (CCH) 39,826', '58 U.S.L.W. 4433', '1990 U.S. LEXIS 2021', '494 U.S. 872', '110 S. Ct. 1595', '108 L. Ed. 2d 876']"
10245452,https://www.courtlistener.com/opinion/10245452/vale-v-city-of-seattle/,"District Court, W.D. Washington",175568,https://www.courtlistener.com/opinion/175568/shroyer-v-new-cingular-wireless-services-inc/,Court of Appeals for the Ninth Circuit,Shroyer,"Shroyer v. New Cingular Wireless Services, Inc.","['51 Communications Reg. (P&F) 535', '2010 U.S. App. LEXIS 19814', '622 F.3d 1035']"
10245452,https://www.courtlistener.com/opinion/10245452/vale-v-city-of-seattle/,"District Court, W.D. Washington",215896,https://www.courtlistener.com/opinion/215896/united-states-v-booker/,Court of Appeals for the First Circuit,Booker,United States v. Booker,"['2011 WL 1631947', '644 F.3d 12']"
10245452,https://www.courtlistener.com/opinion/10245452/vale-v-city-of-seattle/,"District Court, W.D. Washington",222090,https://www.courtlistener.com/opinion/222090/walter-hoye-ii-v-city-of-oakland/,Court of Appeals for the Ninth Circuit,,"Walter Hoye, Ii v. City of Oakland","['2011 WL 3198233', '2011 U.S. App. LEXIS 15541', '653 F.3d 835']"
10245452,https://www.courtlistener.com/opinion/10245452/vale-v-city-of-seattle/,"District Court, W.D. Washington",223097,https://www.courtlistener.com/opinion/223097/united-states-v-corinthian-colleges/,Court of Appeals for the Ninth Circuit,,United States v. Corinthian Colleges,"['2011 U.S. App. LEXIS 16618', '272 Educ. L. Rep. 852', '655 F.3d 984']"
10245452,https://www.courtlistener.com/opinion/10245452/vale-v-city-of-seattle/,"District Court, W.D. Washington",268344,https://www.courtlistener.com/opinion/268344/patrick-j-corcoran-v-mayor-samuel-w-yorty/,Court of Appeals for the Ninth Circuit,,Patrick J. Corcoran v. Mayor Samuel W. Yorty,['347 F.2d 222']
10245452,https://www.courtlistener.com/opinion/10245452/vale-v-city-of-seattle/,"District Court, W.D. Washington",385885,https://www.courtlistener.com/opinion/385885/wolfgang-arnold-v-international-business-machines-corporation/,Court of Appeals for the Ninth Circuit,,Wolfgang Arnold v. International Business MacHines Corporation,"['1981 U.S. App. LEXIS 20420', '637 F.2d 1350']"
10245452,https://www.courtlistener.com/opinion/10245452/vale-v-city-of-seattle/,"District Court, W.D. Washington",504472,https://www.courtlistener.com/opinion/504472/william-leer-robert-larry-emerhiser-v-al-murphy-darrell-gardner-arvin/,Court of Appeals for the Ninth Circuit,,William Leer Robert Larry Emerhiser v. Al Murphy Darrell Gardner Arvin Arave,"['1988 WL 27652', '1988 U.S. App. LEXIS 4099', '844 F.2d 628']"
10245452,https://www.courtlistener.com/opinion/10245452/vale-v-city-of-seattle/,"District Court, W.D. Washington",534877,https://www.courtlistener.com/opinion/534877/morongo-band-of-mission-indians-plaintiff-counter-defendantappellant-v/,Court of Appeals for the Ninth Circuit,,"Morongo Band of Mission Indians, Plaintiff-Counter-Defendant/appellant v. Frank Rose Clive ""Sonny"" Miller, Defendants-Counter-Plaintiffs/appellees","['1990 WL 972', '1990 U.S. App. LEXIS 194', '893 F.2d 1074']"
10245452,https://www.courtlistener.com/opinion/10245452/vale-v-city-of-seattle/,"District Court, W.D. Washington",571121,https://www.courtlistener.com/opinion/571121/john-crumpton-iv-v-daryl-gates-tom-bradley-tom-reddin-ed-davis-herbert/,Court of Appeals for the Ninth Circuit,,"John Crumpton, IV v. Daryl Gates Tom Bradley Tom Reddin Ed Davis Herbert Boeckmann Maxwell E. Greenberg Barbara L. Schlei Robert Talcott","['1991 WL 220670', '1991 U.S. App. LEXIS 26031', '91 Daily Journal DAR 13643', '91 Cal. Daily Op. Serv. 8796', '947 F.2d 1418']"
10245452,https://www.courtlistener.com/opinion/10245452/vale-v-city-of-seattle/,"District Court, W.D. Washington",621643,https://www.courtlistener.com/opinion/621643/ae-ex-rel-hernandez-v-county-of-tulare/,Court of Appeals for the Ninth Circuit,,AE Ex Rel. Hernandez v. County of Tulare,"['2012 WL 251918', '2012 U.S. App. LEXIS 1489', '666 F.3d 631']"
10245452,https://www.courtlistener.com/opinion/10245452/vale-v-city-of-seattle/,"District Court, W.D. Washington",783479,https://www.courtlistener.com/opinion/783479/united-states-v-donald-lawrence-ritchie-heather-horner/,Court of Appeals for the Ninth Circuit,,"United States v. Donald Lawrence Ritchie, Heather Horner, Claimant-Appellant","['2003 WL 22004994', '2003 U.S. App. LEXIS 17752', '2003 Daily Journal DAR 9689', '56 Fed. R. Serv. 3d 577', '2003 Cal. Daily Op. Serv. 7757', '342 F.3d 903']"
10245452,https://www.courtlistener.com/opinion/10245452/vale-v-city-of-seattle/,"District Court, W.D. Washington",793032,https://www.courtlistener.com/opinion/793032/benak-v-alliance-capital-management/,Court of Appeals for the Third Circuit,,Benak v. Alliance Capital Management,"['2006 U.S. App. LEXIS 819', '435 F.3d 396']"
10245452,https://www.courtlistener.com/opinion/10245452/vale-v-city-of-seattle/,"District Court, W.D. Washington",794284,https://www.courtlistener.com/opinion/794284/daniel-m-berry-v-department-of-social-services-tehama-county-bill/,Court of Appeals for the Ninth Circuit,,"Daniel M. Berry v. Department of Social Services, Tehama County Bill Snelson, Director","['2006 WL 1133316', '97 Fair Empl. Prac. Cas. (BNA) 1833', '87 Empl. Prac. Dec. (CCH) 42,344', '2006 U.S. App. LEXIS 10796', '447 F.3d 642']"
10245452,https://www.courtlistener.com/opinion/10245452/vale-v-city-of-seattle/,"District Court, W.D. Washington",794585,https://www.courtlistener.com/opinion/794585/marder-v-lopez/,Court of Appeals for the Ninth Circuit,Marder,Marder v. Lopez,"['2006 WL 1586320', '2006 U.S. App. LEXIS 14330', '79 U.S.P.Q. 2d (BNA) 1036', '34 Media L. Rep. (BNA) 1769', '450 F.3d 445']"
10245452,https://www.courtlistener.com/opinion/10245452/vale-v-city-of-seattle/,"District Court, W.D. Washington",1147623,https://www.courtlistener.com/opinion/1147623/dicomes-v-state/,Washington Supreme Court,Dicomes,Dicomes v. State,"['1989 Wash. LEXIS 135', '4 I.E.R. Cas. (BNA) 1630', '113 Wash. 2d 612', '782 P.2d 1002']"
10245452,https://www.courtlistener.com/opinion/10245452/vale-v-city-of-seattle/,"District Court, W.D. Washington",1173947,https://www.courtlistener.com/opinion/1173947/pierce-county-sheriff-v-civil-service-commission/,Washington Supreme Court,,Pierce County Sheriff v. Civil Service Commission,"['1983 Wash. LEXIS 1350', '98 Wash. 2d 690', '658 P.2d 648']"
10245452,https://www.courtlistener.com/opinion/10245452/vale-v-city-of-seattle/,"District Court, W.D. Washington",1174016,https://www.courtlistener.com/opinion/1174016/bernhard-v-reischman/,Court of Appeals of Washington,Bernhard,Bernhard v. Reischman,"['1983 Wash. App. LEXIS 2124', '33 Wash. App. 569', '658 P.2d 2']"
10245452,https://www.courtlistener.com/opinion/10245452/vale-v-city-of-seattle/,"District Court, W.D. Washington",2812255,https://www.courtlistener.com/opinion/2812255/clarence-jones-v-max-williams/,Court of Appeals for the Ninth Circuit,,Clarence Jones v. Max Williams,"['2015 WL 3916942', '2015 U.S. App. LEXIS 10862', '791 F.3d 1023']"
10245452,https://www.courtlistener.com/opinion/10245452/vale-v-city-of-seattle/,"District Court, W.D. Washington",4225765,https://www.courtlistener.com/opinion/4225765/l-romano-engineering-corp-v-state/,Washington Supreme Court,,L. Romano Engineering Corp. v. State,"['1941 Wash. LEXIS 618', '8 Wash. 2d 670', '113 P.2d 549']"
10245452,https://www.courtlistener.com/opinion/10245452/vale-v-city-of-seattle/,"District Court, W.D. Washington",4502868,https://www.courtlistener.com/opinion/4502868/yvette-felarca-v-robert-birgeneau/,Court of Appeals for the Ninth Circuit,,Yvette Felarca v. Robert Birgeneau,['891 F.3d 809']
10245452,https://www.courtlistener.com/opinion/10245452/vale-v-city-of-seattle/,"District Court, W.D. Washington",4525969,https://www.courtlistener.com/opinion/4525969/karim-khoja-v-orexigen-therapeutics-inc/,Court of Appeals for the Ninth Circuit,,"Karim Khoja v. Orexigen Therapeutics, Inc.",['899 F.3d 988']
10245452,https://www.courtlistener.com/opinion/10245452/vale-v-city-of-seattle/,"District Court, W.D. Washington",4534896,https://www.courtlistener.com/opinion/4534896/martin-v-gonzaga-univ/,Washington Supreme Court,Martin,Martin v. Gonzaga Univ.,"['191 Wash. 2d 712', '425 P.3d 837']"
10245452,https://www.courtlistener.com/opinion/10245452/vale-v-city-of-seattle/,"District Court, W.D. Washington",4906934,https://www.courtlistener.com/opinion/4906934/kumar-v-gate-gourmet-inc/,Washington Supreme Court,Kumar,"Kumar v. Gate Gourmet, Inc.","['325 P.3d 193', '180 Wash. 2d 481']"
10245452,https://www.courtlistener.com/opinion/10245452/vale-v-city-of-seattle/,"District Court, W.D. Washington",4907805,https://www.courtlistener.com/opinion/4907805/hubbard-v-spokane-county/,Washington Supreme Court,Hubbard,Hubbard v. Spokane County,"['2002 Wash. LEXIS 470', '18 I.E.R. Cas. (BNA) 1564', '50 P.3d 602', '146 Wash. 2d 699']"
10245452,https://www.courtlistener.com/opinion/10245452/vale-v-city-of-seattle/,"District Court, W.D. Washington",4910117,https://www.courtlistener.com/opinion/4910117/rose-v-anderson-hay-grain-co/,Washington Supreme Court,Rose,Rose v. Anderson Hay & Grain Co.,"['358 P.3d 1139', '184 Wash. 2d 268']"
10245452,https://www.courtlistener.com/opinion/10245452/vale-v-city-of-seattle/,"District Court, W.D. Washington",4953557,https://www.courtlistener.com/opinion/4953557/c-1031-properties-inc-v-first-american-title-insurance/,Court of Appeals of Washington,,"C 1031 Properties, Inc. v. First American Title Insurance","['301 P.3d 500', '175 Wash. App. 27']"
10245452,https://www.courtlistener.com/opinion/10245452/vale-v-city-of-seattle/,"District Court, W.D. Washington",6934917,https://www.courtlistener.com/opinion/6934917/manning-v-schweitzer-conrad-inc/,"District Court, W.D. New York",Manning,"Manning v. Schweitzer & Conrad, Inc.","['1925 U.S. Dist. LEXIS 1366', '9 F.2d 642']"
10245452,https://www.courtlistener.com/opinion/10245452/vale-v-city-of-seattle/,"District Court, W.D. Washington",7026857,https://www.courtlistener.com/opinion/7026857/national-labor-relations-board-v-edp-medical-computer-systems-inc/,Court of Appeals for the Second Circuit,,"National Labor Relations Board v. E.D.P. Medical Computer Systems, Inc.",['6 F.3d 951']
10245452,https://www.courtlistener.com/opinion/10245452/vale-v-city-of-seattle/,"District Court, W.D. Washington",7092482,https://www.courtlistener.com/opinion/7092482/lee-v-city-of-los-angeles/,Court of Appeals for the Ninth Circuit,,Lee v. City of Los Angeles,"['2001 WL 468408', '250 F.3d 668']"
10245452,https://www.courtlistener.com/opinion/10245452/vale-v-city-of-seattle/,"District Court, W.D. Washington",7106340,https://www.courtlistener.com/opinion/7106340/jones-v-williams/,Court of Appeals for the Ninth Circuit,Jones,Jones v. Williams,"['2002 WL 1629432', '297 F.3d 930']"
10245452,https://www.courtlistener.com/opinion/10245452/vale-v-city-of-seattle/,"District Court, W.D. Washington",7324900,https://www.courtlistener.com/opinion/7324900/hadley-v-kellogg-sales-co/,"District Court, N.D. California",Hadley,Hadley v. Kellogg Sales Co.,"['2017 U.S. Dist. LEXIS 40825', '2017 WL 1065293', '243 F. Supp. 3d 1074']"
10245452,https://www.courtlistener.com/opinion/10245452/vale-v-city-of-seattle/,"District Court, W.D. Washington",8895114,https://www.courtlistener.com/opinion/8895114/gillibeau-v-city-of-richmond/,Court of Appeals for the Ninth Circuit,Gillibeau,Gillibeau v. City of Richmond,"['13 Fed. R. Serv. 2d 31', '417 F.2d 426']"
10245452,https://www.courtlistener.com/opinion/10245452/vale-v-city-of-seattle/,"District Court, W.D. Washington",8919702,https://www.courtlistener.com/opinion/8919702/johnson-v-duffy/,Court of Appeals for the Ninth Circuit,Duffy,Johnson v. Duffy,['588 F.2d 740']
10245452,https://www.courtlistener.com/opinion/10245452/vale-v-city-of-seattle/,"District Court, W.D. Washington",109349,https://www.courtlistener.com/opinion/109349/rizzo-v-goode/,Supreme Court of the United States,Rizzo,Rizzo v. Goode,"['1976 U.S. LEXIS 42', '423 U.S. 362', '96 S. Ct. 598', '46 L. Ed. 2d 561']"
10245452,https://www.courtlistener.com/opinion/10245452/vale-v-city-of-seattle/,"District Court, W.D. Washington",110440,https://www.courtlistener.com/opinion/110440/thomas-v-review-board-of-the-indiana-employment-security-division/,Supreme Court of the United States,Thomas,Thomas v. Review Board of the Indiana Employment Security Division,"['25 Fair Empl. Prac. Cas. (BNA) 629', '49 U.S.L.W. 4341', '25 Empl. Prac. Dec. (CCH) 31,662', '1981 U.S. LEXIS 11', '450 U.S. 707', '101 S. Ct. 1425', '67 L. Ed. 2d 624']"
10245452,https://www.courtlistener.com/opinion/10245452/vale-v-city-of-seattle/,"District Court, W.D. Washington",111372,https://www.courtlistener.com/opinion/111372/cleveland-board-of-education-v-loudermill/,Supreme Court of the United States,Loudermill,Cleveland Board of Education v. Loudermill,"['118 L.R.R.M. (BNA) 3041', '53 U.S.L.W. 4306', '1 I.E.R. Cas. (BNA) 424', '1985 U.S. LEXIS 68', '470 U.S. 532', '105 S. Ct. 1487', '84 L. Ed. 2d 494']"
10245452,https://www.courtlistener.com/opinion/10245452/vale-v-city-of-seattle/,"District Court, W.D. Washington",112881,https://www.courtlistener.com/opinion/112881/church-of-the-lukumi-babalu-aye-inc-v-city-of-hialeah/,Supreme Court of the United States,Lukumi Babalu,"Church of the Lukumi Babalu Aye, Inc. v. City of Hialeah","['1993 U.S. LEXIS 4022', '508 U.S. 520', '113 S. Ct. 2217', '124 L. Ed. 2d 472']"
10245452,https://www.courtlistener.com/opinion/10245452/vale-v-city-of-seattle/,"District Court, W.D. Washington",112924,https://www.courtlistener.com/opinion/112924/albright-v-oliver/,Supreme Court of the United States,Albright,Albright v. Oliver,"['1994 U.S. LEXIS 1319', '510 U.S. 266', '114 S. Ct. 807', '127 L. Ed. 2d 114']"
10245452,https://www.courtlistener.com/opinion/10245452/vale-v-city-of-seattle/,"District Court, W.D. Washington",145709,https://www.courtlistener.com/opinion/145709/tellabs-inc-v-makor-issues-rights-ltd/,Supreme Court of the United States,,"Tellabs, Inc. v. Makor Issues & Rights, Ltd.","['75 U.S.L.W. 4462', '20 Fla. L. Weekly Fed. S 374', '2007 U.S. LEXIS 8270', '551 U.S. 308', '127 S. Ct. 2499', '168 L. Ed. 2d 179']"
10245452,https://www.courtlistener.com/opinion/10245452/vale-v-city-of-seattle/,"District Court, W.D. Washington",145722,https://www.courtlistener.com/opinion/145722/erickson-v-pardus/,Supreme Court of the United States,Erickson,Erickson v. Pardus,"['2007 U.S. LEXIS 6814', '551 U.S. 89', '127 S. Ct. 2197', '167 L. Ed. 2d 1081']"
10245452,https://www.courtlistener.com/opinion/10245452/vale-v-city-of-seattle/,"District Court, W.D. Washington",145730,https://www.courtlistener.com/opinion/145730/bell-atlantic-corp-v-twombly/,Supreme Court of the United States,Twombly,Bell Atlantic Corp. v. Twombly,"['75 U.S.L.W. 4337', '68 Fed. R. Serv. 3d 661', '20 Fla. L. Weekly Fed. S 267', '41 Communications Reg. (P&F) 567', '2007 U.S. LEXIS 5901', '550 U.S. 544', '127 S. Ct. 1955', '167 L. Ed. 2d 929']"
10245452,https://www.courtlistener.com/opinion/10245452/vale-v-city-of-seattle/,"District Court, W.D. Washington",145875,https://www.courtlistener.com/opinion/145875/ashcroft-v-iqbal/,Supreme Court of the United States,Iqbal,Ashcroft v. Iqbal,"['2009 U.S. LEXIS 3472', '556 U.S. 662', '129 S. Ct. 1937', '173 L. Ed. 2d 868']"
10245452,https://www.courtlistener.com/opinion/10245452/vale-v-city-of-seattle/,"District Court, W.D. Washington",766957,https://www.courtlistener.com/opinion/766957/estate-of-claude-brooks-by-and-through-its-administrator-clarence-ed/,Court of Appeals for the Ninth Circuit,,"Estate of Claude Brooks, by and Through Its Administrator, Clarence ""Ed"" Brooks v. United States of America, and County of Alameda","['1999 WL 1042568', '1999 U.S. App. LEXIS 29971', '99 Cal. Daily Op. Serv. 9102', '99 Daily Journal DAR 11621', '197 F.3d 1245']"
10245452,https://www.courtlistener.com/opinion/10245452/vale-v-city-of-seattle/,"District Court, W.D. Washington",780573,https://www.courtlistener.com/opinion/780573/eminence-capital-llc-and-jay-spechler-v-aspeon-inc-richard-p-stack/,Court of Appeals for the Ninth Circuit,,"Eminence Capital, Llc, and Jay Spechler v. Aspeon, Inc. Richard P. Stack","['2003 WL 139525', '2003 U.S. App. LEXIS 853', '54 Fed. R. Serv. 3d 1141', '2003 Cal. Daily Op. Serv. 602', '2003 Daily Journal DAR 759', '316 F.3d 1048']"
10245452,https://www.courtlistener.com/opinion/10245452/vale-v-city-of-seattle/,"District Court, W.D. Washington",801500,https://www.courtlistener.com/opinion/801500/reichle-v-howards/,Supreme Court of the United States,Reichle,Reichle v. Howards,"['2012 U.S. LEXIS 4132', '566 U.S. 658', '132 S. Ct. 2088', '182 L. Ed. 2d 985']"
10245452,https://www.courtlistener.com/opinion/10245452/vale-v-city-of-seattle/,"District Court, W.D. Washington",856060,https://www.courtlistener.com/opinion/856060/john-ellins-v-city-of-sierra-madre/,Court of Appeals for the Ninth Circuit,,John Ellins v. City of Sierra Madre,"['2013 U.S. App. LEXIS 5731', '2013 WL 1180299', '35 I.E.R. Cas. (BNA) 432', '710 F.3d 1049']"
10245452,https://www.courtlistener.com/opinion/10245452/vale-v-city-of-seattle/,"District Court, W.D. Washington",1189534,https://www.courtlistener.com/opinion/1189534/hearns-v-san-bernardino-police-department/,Court of Appeals for the Ninth Circuit,Hearns,Hearns v. San Bernardino Police Department,"['2008 WL 2579243', '530 F.3d 1124']"
10245452,https://www.courtlistener.com/opinion/10245452/vale-v-city-of-seattle/,"District Court, W.D. Washington",2718116,https://www.courtlistener.com/opinion/2718116/john-colwell-v-robert-bannister/,Court of Appeals for the Ninth Circuit,,John Colwell v. Robert Bannister,"['2014 U.S. App. LEXIS 15652', '2014 WL 3953769', '763 F.3d 1060']"
10245452,https://www.courtlistener.com/opinion/10245452/vale-v-city-of-seattle/,"District Court, W.D. Washington",5309018,https://www.courtlistener.com/opinion/5309018/levier-v-department-of-workforce-services-workforce-appeals-board/,Court of Appeals of Utah,Levier,"Levier v. Department of Workforce Services, Workforce Appeals Board","['2013 Utah App. LEXIS 67', '2013 WL 1163979', '730 Utah Adv. Rep. 53', '301 P.3d 1', '2013 UT App 74']"
10329792,https://www.courtlistener.com/opinion/10329792/quinn-v-proctor-gamble-co/,"District Court, S.D. California",106497,https://www.courtlistener.com/opinion/106497/foman-v-davis/,Supreme Court of the United States,Foman,Foman v. Davis,"['6 Fed. R. Serv. 2d 1234', '1962 U.S. LEXIS 65', '371 U.S. 178', '83 S. Ct. 227', '9 L. Ed. 2d 222']"
10329792,https://www.courtlistener.com/opinion/10329792/quinn-v-proctor-gamble-co/,"District Court, S.D. California",181397,https://www.courtlistener.com/opinion/181397/daniels-hall-v-national-education-assn/,Court of Appeals for the Ninth Circuit,Daniels-Hall,Daniels-Hall v. National Education Ass'n,"['2010 WL 5141247', '2010 U.S. App. LEXIS 25894', '50 Employee Benefits Cas. (BNA) 1481', '629 F.3d 992']"
10329792,https://www.courtlistener.com/opinion/10329792/quinn-v-proctor-gamble-co/,"District Court, S.D. California",654272,https://www.courtlistener.com/opinion/654272/d-neubronner-v-michael-r-milken/,Court of Appeals for the Ninth Circuit,,D. Neubronner v. Michael R. Milken,"['1993 WL 388243', '1993 U.S. App. LEXIS 25101', '93 Cal. Daily Op. Serv. 7387', '93 Daily Journal DAR 12579', '27 Fed. R. Serv. 3d 296', '6 F.3d 666']"
10329792,https://www.courtlistener.com/opinion/10329792/quinn-v-proctor-gamble-co/,"District Court, S.D. California",673514,https://www.courtlistener.com/opinion/673514/ashley-hunt-greenwood-v-federal-aviation-administration/,Court of Appeals for the Ninth Circuit,,Ashley Hunt Greenwood v. Federal Aviation Administration,"['1994 WL 284101', '1994 U.S. App. LEXIS 16112', '94 Daily Journal DAR 9029', '94 Cal. Daily Op. Serv. 4907', '28 F.3d 971']"
10329792,https://www.courtlistener.com/opinion/10329792/quinn-v-proctor-gamble-co/,"District Court, S.D. California",765192,https://www.courtlistener.com/opinion/765192/in-re-silicon-graphics-inc-securities-litigation-edmund-j-janas-v/,Court of Appeals for the Ninth Circuit,,,['183 F.3d 970']
10329792,https://www.courtlistener.com/opinion/10329792/quinn-v-proctor-gamble-co/,"District Court, S.D. California",783479,https://www.courtlistener.com/opinion/783479/united-states-v-donald-lawrence-ritchie-heather-horner/,Court of Appeals for the Ninth Circuit,,"United States v. Donald Lawrence Ritchie, Heather Horner, Claimant-Appellant","['2003 WL 22004994', '2003 U.S. App. LEXIS 17752', '2003 Daily Journal DAR 9689', '56 Fed. R. Serv. 3d 577', '2003 Cal. Daily Op. Serv. 7757', '342 F.3d 903']"
10329792,https://www.courtlistener.com/opinion/10329792/quinn-v-proctor-gamble-co/,"District Court, S.D. California",1136348,https://www.courtlistener.com/opinion/1136348/united-states-liability-insurance-v-haidinger-hayes-inc/,California Supreme Court,,"United States Liability Insurance v. Haidinger-Hayes, Inc.","['1970 Cal. LEXIS 334', '83 Cal. Rptr. 418', '1 Cal. 3d 586', '463 P.2d 770']"
10329792,https://www.courtlistener.com/opinion/10329792/quinn-v-proctor-gamble-co/,"District Court, S.D. California",1168887,https://www.courtlistener.com/opinion/1168887/greenman-v-yuba-power-products-inc/,California Supreme Court,Greenman,"Greenman v. Yuba Power Products, Inc.","['1963 Cal. LEXIS 140', '13 A.L.R. 3d 1049', '377 P.2d 897', '27 Cal. Rptr. 697', '59 Cal. 2d 57']"
10329792,https://www.courtlistener.com/opinion/10329792/quinn-v-proctor-gamble-co/,"District Court, S.D. California",1428052,https://www.courtlistener.com/opinion/1428052/bockrath-v-aldrich-chemical-co-inc/,California Supreme Court,Bockrath,"Bockrath v. Aldrich Chemical Co., Inc.","['21 Cal. 4th 71', '86 Cal. Rptr. 2d 846', '980 P.2d 398']"
10329792,https://www.courtlistener.com/opinion/10329792/quinn-v-proctor-gamble-co/,"District Court, S.D. California",2668800,https://www.courtlistener.com/opinion/2668800/melvin-wallace-v-conagra-foods-inc/,Court of Appeals for the Eighth Circuit,,"Melvin Wallace v. ConAgra Foods, Inc.","['2014 U.S. App. LEXIS 6230', '2014 WL 1356860', '747 F.3d 1025']"
10329792,https://www.courtlistener.com/opinion/10329792/quinn-v-proctor-gamble-co/,"District Court, S.D. California",2671500,https://www.courtlistener.com/opinion/2671500/douglas-leite-v-crane-company/,Court of Appeals for the Ninth Circuit,,Douglas Leite v. Crane Company,"['2014 WL 1646924', '749 F.3d 1117']"
10329792,https://www.courtlistener.com/opinion/10329792/quinn-v-proctor-gamble-co/,"District Court, S.D. California",2675584,https://www.courtlistener.com/opinion/2675584/graham-v-bank-of-america-na/,California Court of Appeal,Graham,"Graham v. Bank of America, N.A.","['2014 Cal. App. LEXIS 452', '2014 WL 2149725', '172 Cal. Rptr. 3d 218', '14 Cal. Daily Op. Serv. 5744', '226 Cal. App. 4th 594']"
10329792,https://www.courtlistener.com/opinion/10329792/quinn-v-proctor-gamble-co/,"District Court, S.D. California",4525969,https://www.courtlistener.com/opinion/4525969/karim-khoja-v-orexigen-therapeutics-inc/,Court of Appeals for the Ninth Circuit,,"Karim Khoja v. Orexigen Therapeutics, Inc.",['899 F.3d 988']
10329792,https://www.courtlistener.com/opinion/10329792/quinn-v-proctor-gamble-co/,"District Court, S.D. California",4581583,https://www.courtlistener.com/opinion/4581583/applied-underwriters-inc-v-larry-lichtenegger/,Court of Appeals for the Ninth Circuit,,"Applied Underwriters, Inc. v. Larry Lichtenegger",['913 F.3d 884']
10329792,https://www.courtlistener.com/opinion/10329792/quinn-v-proctor-gamble-co/,"District Court, S.D. California",5607902,https://www.courtlistener.com/opinion/5607902/rutherford-v-owens-illinois-inc/,California Supreme Court,Rutherford,"Rutherford v. Owens-Illinois, Inc.","['1997 Cal. LEXIS 4981', '97 Daily Journal DAR 11233', '97 Cal. Daily Op. Serv. 6981', '67 Cal. Rptr. 2d 16', '941 P.2d 1203', '16 Cal. 4th 953']"
10329792,https://www.courtlistener.com/opinion/10329792/quinn-v-proctor-gamble-co/,"District Court, S.D. California",6240535,https://www.courtlistener.com/opinion/6240535/berger-v-varum/,"California Court of Appeal, 5th District",Berger,Berger v. Varum,"['35 Cal. App. 5th 1013', '248 Cal. Rptr. 3d 51']"
10329792,https://www.courtlistener.com/opinion/10329792/quinn-v-proctor-gamble-co/,"District Court, S.D. California",7065773,https://www.courtlistener.com/opinion/7065773/parrino-v-fhp-inc/,Court of Appeals for the Ninth Circuit,Parrino,"Parrino v. FHP, Inc.","['1998 WL 309146', '1998 U.S. App. LEXIS 12517', '98 Cal. Daily Op. Serv. 4491', '22 Employee Benefits Cas. (BNA) 1707', '98 Daily Journal DAR 6195', '146 F.3d 699']"
10329792,https://www.courtlistener.com/opinion/10329792/quinn-v-proctor-gamble-co/,"District Court, S.D. California",7079981,https://www.courtlistener.com/opinion/7079981/lopez-v-smith/,Court of Appeals for the Ninth Circuit,Lopez,Lopez v. Smith,"['2000 WL 144385', '2000 U.S. App. LEXIS 1740', '2000 Daily Journal DAR 1585', '2000 Cal. Daily Op. Serv. 1096', '46 Fed. R. Serv. 3d 494', '203 F.3d 1122']"
10329792,https://www.courtlistener.com/opinion/10329792/quinn-v-proctor-gamble-co/,"District Court, S.D. California",7085931,https://www.courtlistener.com/opinion/7085931/bly-magee-v-california/,Court of Appeals for the Ninth Circuit,Bly-Magee,Bly-Magee v. California,"['2001 WL 2078', '236 F.3d 1014']"
10329792,https://www.courtlistener.com/opinion/10329792/quinn-v-proctor-gamble-co/,"District Court, S.D. California",7092482,https://www.courtlistener.com/opinion/7092482/lee-v-city-of-los-angeles/,Court of Appeals for the Ninth Circuit,,Lee v. City of Los Angeles,"['2001 WL 468408', '250 F.3d 668']"
10329792,https://www.courtlistener.com/opinion/10329792/quinn-v-proctor-gamble-co/,"District Court, S.D. California",7110394,https://www.courtlistener.com/opinion/7110394/vess-v-ciba-geigy-corp-usa/,Court of Appeals for the Ninth Circuit,Vess,Vess v. Ciba-Geigy Corp. USA,"['2003 WL 203124', '317 F.3d 1097']"
10329792,https://www.courtlistener.com/opinion/10329792/quinn-v-proctor-gamble-co/,"District Court, S.D. California",7306021,https://www.courtlistener.com/opinion/7306021/sclafani-v-air-liquid-systems-corp/,"District Court, C.D. California",Sclafani,Sclafani v. Air & Liquid Systems Corp.,"['2014 U.S. Dist. LEXIS 58020', '2014 WL 1613912', '14 F. Supp. 3d 1351']"
10329792,https://www.courtlistener.com/opinion/10329792/quinn-v-proctor-gamble-co/,"District Court, S.D. California",7319899,https://www.courtlistener.com/opinion/7319899/dana-v-hershey-co/,"District Court, N.D. California",Dana,Dana v. Hershey Co.,"['2016 WL 1213915', '2016 U.S. Dist. LEXIS 41594', '180 F. Supp. 3d 652']"
10329792,https://www.courtlistener.com/opinion/10329792/quinn-v-proctor-gamble-co/,"District Court, S.D. California",7324900,https://www.courtlistener.com/opinion/7324900/hadley-v-kellogg-sales-co/,"District Court, N.D. California",Hadley,Hadley v. Kellogg Sales Co.,"['2017 U.S. Dist. LEXIS 40825', '2017 WL 1065293', '243 F. Supp. 3d 1074']"
10329792,https://www.courtlistener.com/opinion/10329792/quinn-v-proctor-gamble-co/,"District Court, S.D. California",7336110,https://www.courtlistener.com/opinion/7336110/wi-lan-inc-v-lg-elecs-inc/,"District Court, S.D. California",,"Wi-Lan Inc. v. LG Elecs., Inc.",['382 F. Supp. 3d 1012']
10329792,https://www.courtlistener.com/opinion/10329792/quinn-v-proctor-gamble-co/,"District Court, S.D. California",7344718,https://www.courtlistener.com/opinion/7344718/camreta-v-greene/,Supreme Court of the United States,Camreta,Camreta v. Greene,"['563 U.S. 692', '131 S. Ct. 2020', '2011 U.S. LEXIS 4016', '179 L. Ed. 2d 1118']"
10329792,https://www.courtlistener.com/opinion/10329792/quinn-v-proctor-gamble-co/,"District Court, S.D. California",8711913,https://www.courtlistener.com/opinion/8711913/united-states-v-curran/,"District Court, W.D. Pennsylvania",Curran,United States v. Curran,"['2011 U.S. Dist. LEXIS 138557', '2011 WL 6029955', '835 F. Supp. 2d 9']"
10329792,https://www.courtlistener.com/opinion/10329792/quinn-v-proctor-gamble-co/,"District Court, S.D. California",8711925,https://www.courtlistener.com/opinion/8711925/singleton-v-chevron-usa-inc/,"District Court, E.D. Louisiana",Singleton,"Singleton v. Chevron USA, Inc.","['2011 U.S. Dist. LEXIS 79424', '2011 WL 2981396', '835 F. Supp. 2d 144']"
10329792,https://www.courtlistener.com/opinion/10329792/quinn-v-proctor-gamble-co/,"District Court, S.D. California",9022504,https://www.courtlistener.com/opinion/9022504/davidson-v-kimberly-clark-corp/,Court of Appeals for the Ninth Circuit,Davidson,Davidson v. Kimberly-Clark Corp.,['889 F.3d 956']
10329792,https://www.courtlistener.com/opinion/10329792/quinn-v-proctor-gamble-co/,"District Court, S.D. California",145730,https://www.courtlistener.com/opinion/145730/bell-atlantic-corp-v-twombly/,Supreme Court of the United States,Twombly,Bell Atlantic Corp. v. Twombly,"['75 U.S.L.W. 4337', '68 Fed. R. Serv. 3d 661', '20 Fla. L. Weekly Fed. S 267', '41 Communications Reg. (P&F) 567', '2007 U.S. LEXIS 5901', '550 U.S. 544', '127 S. Ct. 1955', '167 L. Ed. 2d 929']"
10329792,https://www.courtlistener.com/opinion/10329792/quinn-v-proctor-gamble-co/,"District Court, S.D. California",145875,https://www.courtlistener.com/opinion/145875/ashcroft-v-iqbal/,Supreme Court of the United States,Iqbal,Ashcroft v. Iqbal,"['2009 U.S. LEXIS 3472', '556 U.S. 662', '129 S. Ct. 1937', '173 L. Ed. 2d 868']"
10329792,https://www.courtlistener.com/opinion/10329792/quinn-v-proctor-gamble-co/,"District Court, S.D. California",145901,https://www.courtlistener.com/opinion/145901/bartlett-v-strickland/,Supreme Court of the United States,Bartlett,Bartlett v. Strickland,"['51 A.L.R. Fed. 2d 709', '77 U.S.L.W. 4187', '21 Fla. L. Weekly Fed. S 705', '2009 U.S. LEXIS 1842', '556 U.S. 1', '129 S. Ct. 1231', '173 L. Ed. 2d 173']"
10329792,https://www.courtlistener.com/opinion/10329792/quinn-v-proctor-gamble-co/,"District Court, S.D. California",788804,https://www.courtlistener.com/opinion/788804/evel-knievel-krystal-knievel-v-espn-a-subsidiary-of-walt-disney-inc/,Court of Appeals for the Ninth Circuit,,"Evel Knievel Krystal Knievel v. Espn, a Subsidiary of Walt Disney, Inc.","['2005 WL 14882', '2005 U.S. App. LEXIS 45', '33 Media L. Rep. (BNA) 1097', '3 A.L.R. 6th 733', '393 F.3d 1068']"
10329792,https://www.courtlistener.com/opinion/10329792/quinn-v-proctor-gamble-co/,"District Court, S.D. California",807646,https://www.courtlistener.com/opinion/807646/michael-lacey-v-joseph-arpaio/,Court of Appeals for the Ninth Circuit,,Michael Lacey v. Joseph Arpaio,['693 F.3d 896']
10329792,https://www.courtlistener.com/opinion/10329792/quinn-v-proctor-gamble-co/,"District Court, S.D. California",2272017,https://www.courtlistener.com/opinion/2272017/roddenberry-v-roddenberry/,California Court of Appeal,Roddenberry,Roddenberry v. Roddenberry,"['1996 Cal. App. LEXIS 333', '96 Daily Journal DAR 4411', '96 Cal. Daily Op. Serv. 2682', '51 Cal. Rptr. 2d 907', '44 Cal. App. 4th 634']"
10333342,https://www.courtlistener.com/opinion/10333342/hawkins-v-walmart-inc/,"District Court, E.D. California",118482,https://www.courtlistener.com/opinion/118482/swierkiewicz-v-sorema-n-a/,Supreme Court of the United States,Swierkiewicz,Swierkiewicz v. Sorema N. A.,"['2002 U.S. LEXIS 1374', '534 U.S. 506', '122 S. Ct. 992', '152 L. Ed. 2d 1']"
10333342,https://www.courtlistener.com/opinion/10333342/hawkins-v-walmart-inc/,"District Court, E.D. California",213165,https://www.courtlistener.com/opinion/213165/cafasso-v-general-dynamics-c4-systems-inc/,Court of Appeals for the Ninth Circuit,Cafasso,"Cafasso v. General Dynamics C4 Systems, Inc.","['2011 WL 1053366', '637 F.3d 1047']"
10333342,https://www.courtlistener.com/opinion/10333342/hawkins-v-walmart-inc/,"District Court, E.D. California",493965,https://www.courtlistener.com/opinion/493965/sterling-usher-v-city-of-los-angeles-richard-a-gonzales-michael-e/,Court of Appeals for the Ninth Circuit,,"Sterling Usher v. City of Los Angeles, Richard A. Gonzales, Michael E. Melton, Jose E. Ramirez, Joe Rios, and Robert L. Vann","['1987 U.S. App. LEXIS 12482', '828 F.2d 556']"
10333342,https://www.courtlistener.com/opinion/10333342/hawkins-v-walmart-inc/,"District Court, E.D. California",1043329,https://www.courtlistener.com/opinion/1043329/chapman-v-skype-inc/,California Court of Appeal,Chapman,"Chapman v. Skype, Inc.","['2013 Cal. App. LEXIS 794', '2013 WL 5502960', '162 Cal. Rptr. 3d 864', '220 Cal. App. 4th 217']"
10333342,https://www.courtlistener.com/opinion/10333342/hawkins-v-walmart-inc/,"District Court, E.D. California",1208595,https://www.courtlistener.com/opinion/1208595/kearns-v-ford-motor-co/,Court of Appeals for the Ninth Circuit,Kearns,Kearns v. Ford Motor Co.,"['2009 WL 1578535', '2009 U.S. App. LEXIS 12289', '73 Fed. R. Serv. 3d 1168', '567 F.3d 1120']"
10333342,https://www.courtlistener.com/opinion/10333342/hawkins-v-walmart-inc/,"District Court, E.D. California",1243130,https://www.courtlistener.com/opinion/1243130/williams-v-gerber-products-co/,Court of Appeals for the Ninth Circuit,,Williams v. Gerber Products Co.,"['2008 WL 5273731', '2008 U.S. App. LEXIS 27421', '552 F.3d 934']"
10333342,https://www.courtlistener.com/opinion/10333342/hawkins-v-walmart-inc/,"District Court, E.D. California",1429600,https://www.courtlistener.com/opinion/1429600/lozano-v-at-t-wireless-services-inc/,Court of Appeals for the Ninth Circuit,Lozano,"Lozano v. AT & T Wireless Services, Inc.","['2007 WL 2728758', '2007 U.S. App. LEXIS 22430', '42 Communications Reg. (P&F) 799', '504 F.3d 718']"
10333342,https://www.courtlistener.com/opinion/10333342/hawkins-v-walmart-inc/,"District Court, E.D. California",1434048,https://www.courtlistener.com/opinion/1434048/birdsong-v-apple-inc/,Court of Appeals for the Ninth Circuit,Birdsong,"Birdsong v. Apple, Inc.","['2009 WL 5125776', '2009 U.S. App. LEXIS 28749', '590 F.3d 955']"
10333342,https://www.courtlistener.com/opinion/10333342/hawkins-v-walmart-inc/,"District Court, E.D. California",1446183,https://www.courtlistener.com/opinion/1446183/leadsinger-inc-v-bmg-music-publishing/,Court of Appeals for the Ninth Circuit,,"Leadsinger, Inc. v. BMG Music Publishing","['2008 WL 36630', '2008 U.S. App. LEXIS 7', '85 U.S.P.Q. 2d (BNA) 1257', '512 F.3d 522']"
10333342,https://www.courtlistener.com/opinion/10333342/hawkins-v-walmart-inc/,"District Court, E.D. California",7092494,https://www.courtlistener.com/opinion/7092494/navarro-v-block/,Court of Appeals for the Ninth Circuit,Navarro,Navarro v. Block,"['2001 WL 498270', '250 F.3d 729']"
10333342,https://www.courtlistener.com/opinion/10333342/hawkins-v-walmart-inc/,"District Court, E.D. California",7324900,https://www.courtlistener.com/opinion/7324900/hadley-v-kellogg-sales-co/,"District Court, N.D. California",Hadley,Hadley v. Kellogg Sales Co.,"['2017 U.S. Dist. LEXIS 40825', '2017 WL 1065293', '243 F. Supp. 3d 1074']"
10333342,https://www.courtlistener.com/opinion/10333342/hawkins-v-walmart-inc/,"District Court, E.D. California",7327214,https://www.courtlistener.com/opinion/7327214/hadley-v-kellogg-sales-co/,"District Court, N.D. California",Hadley,Hadley v. Kellogg Sales Co.,['273 F. Supp. 3d 1052']
10333342,https://www.courtlistener.com/opinion/10333342/hawkins-v-walmart-inc/,"District Court, E.D. California",9022504,https://www.courtlistener.com/opinion/9022504/davidson-v-kimberly-clark-corp/,Court of Appeals for the Ninth Circuit,Davidson,Davidson v. Kimberly-Clark Corp.,['889 F.3d 956']
10333342,https://www.courtlistener.com/opinion/10333342/hawkins-v-walmart-inc/,"District Court, E.D. California",145730,https://www.courtlistener.com/opinion/145730/bell-atlantic-corp-v-twombly/,Supreme Court of the United States,Twombly,Bell Atlantic Corp. v. Twombly,"['75 U.S.L.W. 4337', '68 Fed. R. Serv. 3d 661', '20 Fla. L. Weekly Fed. S 267', '41 Communications Reg. (P&F) 567', '2007 U.S. LEXIS 5901', '550 U.S. 544', '127 S. Ct. 1955', '167 L. Ed. 2d 929']"
10333342,https://www.courtlistener.com/opinion/10333342/hawkins-v-walmart-inc/,"District Court, E.D. California",540085,https://www.courtlistener.com/opinion/540085/jena-balistreri-v-pacifica-police-department-al-olsen-police-chief/,Court of Appeals for the Ninth Circuit,,"Jena Balistreri v. Pacifica Police Department Al Olsen, Police Chief, Individually and as a Police Agent","['1988 WL 192736', '901 F.2d 696']"
10333342,https://www.courtlistener.com/opinion/10333342/hawkins-v-walmart-inc/,"District Court, E.D. California",3172693,https://www.courtlistener.com/opinion/3172693/alex-tomek-v-apple-inc/,Court of Appeals for the Ninth Circuit,,"Alex Tomek v. Apple, Inc.","[""636 F. App'x 712""]"
10338795,https://www.courtlistener.com/opinion/10338795/radus-tek-services-inc-v-idc-technologies/,"District Court, N.D. California",1126990,https://www.courtlistener.com/opinion/1126990/mallon-v-city-of-long-beach/,California Court of Appeal,Mallon,Mallon v. City of Long Beach,"['1958 Cal. App. LEXIS 1595', '164 Cal. App. 2d 178', '330 P.2d 423']"
10338795,https://www.courtlistener.com/opinion/10338795/radus-tek-services-inc-v-idc-technologies/,"District Court, N.D. California",1156483,https://www.courtlistener.com/opinion/1156483/lucas-v-hamm/,California Supreme Court,Lucas,Lucas v. Hamm,"['1961 Cal. LEXIS 321', '15 Cal. Rptr. 821', '364 P.2d 685', '56 Cal. 2d 583']"
10338795,https://www.courtlistener.com/opinion/10338795/radus-tek-services-inc-v-idc-technologies/,"District Court, N.D. California",1211097,https://www.courtlistener.com/opinion/1211097/biakanja-v-irving/,California Supreme Court,Biakanja,Biakanja v. Irving,"['320 P.2d 16', '49 Cal. 2d 647']"
10338795,https://www.courtlistener.com/opinion/10338795/radus-tek-services-inc-v-idc-technologies/,"District Court, N.D. California",1218182,https://www.courtlistener.com/opinion/1218182/jaire-corp-v-gregory/,California Supreme Court,,J'Aire Corp. v. Gregory,"['1979 Cal. LEXIS 285', '157 Cal. Rptr. 407', '24 Cal. 3d 799', '598 P.2d 60']"
10338795,https://www.courtlistener.com/opinion/10338795/radus-tek-services-inc-v-idc-technologies/,"District Court, N.D. California",1300996,https://www.courtlistener.com/opinion/1300996/mendiondo-v-centinela-hospital-medical-center/,Court of Appeals for the Ninth Circuit,Mendiondo,Mendiondo v. Centinela Hospital Medical Center,"['2008 WL 852186', '2008 U.S. App. LEXIS 6854', '27 I.E.R. Cas. (BNA) 609', '521 F.3d 1097']"
10338795,https://www.courtlistener.com/opinion/10338795/radus-tek-services-inc-v-idc-technologies/,"District Court, N.D. California",1389648,https://www.courtlistener.com/opinion/1389648/rowe-v-educational-credit-management-corp/,Court of Appeals for the Ninth Circuit,Rowe,Rowe v. Educational Credit Management Corp.,"['2009 WL 692006', '2009 U.S. App. LEXIS 5554', '559 F.3d 1028']"
10338795,https://www.courtlistener.com/opinion/10338795/radus-tek-services-inc-v-idc-technologies/,"District Court, N.D. California",1400355,https://www.courtlistener.com/opinion/1400355/in-re-gilead-sciences-securities-litigation/,Court of Appeals for the Ninth Circuit,In Re Gilead Sciences Securities Litigation,In Re Gilead Sciences Securities Litigation,"['2008 WL 3271039', '2008 U.S. App. LEXIS 17076', '536 F.3d 1049']"
10338795,https://www.courtlistener.com/opinion/10338795/radus-tek-services-inc-v-idc-technologies/,"District Court, N.D. California",1429600,https://www.courtlistener.com/opinion/1429600/lozano-v-at-t-wireless-services-inc/,Court of Appeals for the Ninth Circuit,Lozano,"Lozano v. AT & T Wireless Services, Inc.","['2007 WL 2728758', '2007 U.S. App. LEXIS 22430', '42 Communications Reg. (P&F) 799', '504 F.3d 718']"
10338795,https://www.courtlistener.com/opinion/10338795/radus-tek-services-inc-v-idc-technologies/,"District Court, N.D. California",2196413,https://www.courtlistener.com/opinion/2196413/barrett-v-hammer-builders-inc/,California Court of Appeal,Barrett,"Barrett v. Hammer Builders, Inc.","['1961 Cal. App. LEXIS 1453', '16 Cal. Rptr. 49', '195 Cal. App. 2d 305']"
10338795,https://www.courtlistener.com/opinion/10338795/radus-tek-services-inc-v-idc-technologies/,"District Court, N.D. California",2258800,https://www.courtlistener.com/opinion/2258800/colgan-v-leatherman-tool-group-inc/,California Court of Appeal,Colgan,"Colgan v. Leatherman Tool Group, Inc.","['2006 Cal. App. LEXIS 19', '2006 Cal. Daily Op. Serv. 316', '2006 Daily Journal DAR 422', '135 Cal. App. 4th 663', '38 Cal. Rptr. 3d 36']"
10338795,https://www.courtlistener.com/opinion/10338795/radus-tek-services-inc-v-idc-technologies/,"District Court, N.D. California",2267506,https://www.courtlistener.com/opinion/2267506/limandri-v-judkins/,California Court of Appeal,LiMandri,LiMandri v. Judkins,"['1997 Cal. App. LEXIS 56', '97 Daily Journal DAR 1037', '97 Cal. Daily Op. Serv. 690', '60 Cal. Rptr. 2d 539', '52 Cal. App. 4th 326']"
10338795,https://www.courtlistener.com/opinion/10338795/radus-tek-services-inc-v-idc-technologies/,"District Court, N.D. California",2609017,https://www.courtlistener.com/opinion/2609017/associated-creditors-agency-v-davis/,California Supreme Court,Davis,Associated Creditors' Agency v. Davis,"['1975 Cal. LEXIS 175', '118 Cal. Rptr. 772', '13 Cal. 3d 374', '530 P.2d 1084']"
10338795,https://www.courtlistener.com/opinion/10338795/radus-tek-services-inc-v-idc-technologies/,"District Court, N.D. California",3169860,https://www.courtlistener.com/opinion/3169860/majd-v-bank-of-america-na/,California Court of Appeal,Majd,"Majd v. Bank of America, N.A.",['243 Cal. App. 4th 1293']
10338795,https://www.courtlistener.com/opinion/10338795/radus-tek-services-inc-v-idc-technologies/,"District Court, N.D. California",4336461,https://www.courtlistener.com/opinion/4336461/bigler-engler-v-breg-inc/,California Court of Appeal,Bigler-Engler,"Bigler-Engler v. Breg, Inc.","['2017 Cal. App. LEXIS 8', '213 Cal. Rptr. 3d 82', '7 Cal. App. 5th 276']"
10338795,https://www.courtlistener.com/opinion/10338795/radus-tek-services-inc-v-idc-technologies/,"District Court, N.D. California",5593237,https://www.courtlistener.com/opinion/5593237/hooper-v-wells-fargo-co/,California Supreme Court,Hooper,"Hooper v. Wells, Fargo & Co.",['27 Cal. 11']
10338795,https://www.courtlistener.com/opinion/10338795/radus-tek-services-inc-v-idc-technologies/,"District Court, N.D. California",6239152,https://www.courtlistener.com/opinion/6239152/lichtman-v-siemens-indus-inc/,"California Court of Appeal, 5th District",Lichtman,Lichtman v. Siemens Indus. Inc.,"['2017 Cal. App. LEXIS 957', '2017 WL 4993457', '16 Cal. App. 5th 914', '224 Cal. Rptr. 3d 725']"
10338795,https://www.courtlistener.com/opinion/10338795/radus-tek-services-inc-v-idc-technologies/,"District Court, N.D. California",6240230,https://www.courtlistener.com/opinion/6240230/goonewardene-v-adp-llc/,California Supreme Court,Goonewardene,"Goonewardene v. ADP, LLC","['434 P.3d 124', '6 Cal. 5th 817', '243 Cal. Rptr. 3d 299']"
10338795,https://www.courtlistener.com/opinion/10338795/radus-tek-services-inc-v-idc-technologies/,"District Court, N.D. California",7100340,https://www.courtlistener.com/opinion/7100340/sprewell-v-golden-state-warriors/,Court of Appeals for the Ninth Circuit,Sprewell,Sprewell v. Golden State Warriors,"['2001 WL 1057136', '266 F.3d 979']"
10338795,https://www.courtlistener.com/opinion/10338795/radus-tek-services-inc-v-idc-technologies/,"District Court, N.D. California",7311166,https://www.courtlistener.com/opinion/7311166/gilmore-v-wells-fargo-bank-na/,"District Court, N.D. California",Gilmore,Gilmore v. Wells Fargo Bank N.A.,"['2014 WL 7183796', '2014 U.S. Dist. LEXIS 173738', '75 F. Supp. 3d 1255']"
10338795,https://www.courtlistener.com/opinion/10338795/radus-tek-services-inc-v-idc-technologies/,"District Court, N.D. California",7324900,https://www.courtlistener.com/opinion/7324900/hadley-v-kellogg-sales-co/,"District Court, N.D. California",Hadley,Hadley v. Kellogg Sales Co.,"['2017 U.S. Dist. LEXIS 40825', '2017 WL 1065293', '243 F. Supp. 3d 1074']"
10338795,https://www.courtlistener.com/opinion/10338795/radus-tek-services-inc-v-idc-technologies/,"District Court, N.D. California",8781235,https://www.courtlistener.com/opinion/8781235/petersen-v-allstate-indemnity-co/,"District Court, C.D. California",Petersen,Petersen v. Allstate Indemnity Co.,"['2012 WL 833034', '281 F.R.D. 413']"
10338795,https://www.courtlistener.com/opinion/10338795/radus-tek-services-inc-v-idc-technologies/,"District Court, N.D. California",145730,https://www.courtlistener.com/opinion/145730/bell-atlantic-corp-v-twombly/,Supreme Court of the United States,Twombly,Bell Atlantic Corp. v. Twombly,"['75 U.S.L.W. 4337', '68 Fed. R. Serv. 3d 661', '20 Fla. L. Weekly Fed. S 267', '41 Communications Reg. (P&F) 567', '2007 U.S. LEXIS 5901', '550 U.S. 544', '127 S. Ct. 1955', '167 L. Ed. 2d 929']"
10338795,https://www.courtlistener.com/opinion/10338795/radus-tek-services-inc-v-idc-technologies/,"District Court, N.D. California",145875,https://www.courtlistener.com/opinion/145875/ashcroft-v-iqbal/,Supreme Court of the United States,Iqbal,Ashcroft v. Iqbal,"['2009 U.S. LEXIS 3472', '556 U.S. 662', '129 S. Ct. 1937', '173 L. Ed. 2d 868']"
10338795,https://www.courtlistener.com/opinion/10338795/radus-tek-services-inc-v-idc-technologies/,"District Court, N.D. California",1301891,https://www.courtlistener.com/opinion/1301891/cel-tech-communications-inc-v-los-angeles-cellular-telephone-co/,California Supreme Court,,"Cel-Tech Communications, Inc. v. Los Angeles Cellular Telephone Co.","['1999 Cal. LEXIS 1656', '99 Daily Journal DAR 3360', '99 Cal. Daily Op. Serv. 2576', '20 Cal. 4th 163', '83 Cal. Rptr. 2d 548', '973 P.2d 527']"
10338795,https://www.courtlistener.com/opinion/10338795/radus-tek-services-inc-v-idc-technologies/,"District Court, N.D. California",1242934,https://www.courtlistener.com/opinion/1242934/toland-v-sunland-housing-group-inc/,California Supreme Court,Toland,"Toland v. Sunland Housing Group, Inc.","['1998 Cal. LEXIS 3191', '63 Cal. Comp. Cases 508', '98 Daily Journal DAR 5699', '98 Cal. Daily Op. Serv. 4119', '18 Cal. 4th 253', '74 Cal. Rptr. 2d 878', '955 P.2d 504']"
10338795,https://www.courtlistener.com/opinion/10338795/radus-tek-services-inc-v-idc-technologies/,"District Court, N.D. California",1348772,https://www.courtlistener.com/opinion/1348772/bily-v-arthur-young-co/,California Supreme Court,Bily,Bily v. Arthur Young & Co.,"['11 Cal. Rptr. 2d 51', '3 Cal. 4th 370', '834 P.2d 745']"
10363311,https://www.courtlistener.com/opinion/10363311/lopez-v-mead-johnson-nutrition-company/,"District Court, N.D. California",594,https://www.courtlistener.com/opinion/594/mayfield-v-united-states/,Court of Appeals for the Ninth Circuit,Mayfield,Mayfield v. United States,"['2010 WL 1052341', '2010 U.S. App. LEXIS 6015', '599 F.3d 964']"
10363311,https://www.courtlistener.com/opinion/10363311/lopez-v-mead-johnson-nutrition-company/,"District Court, N.D. California",1735,https://www.courtlistener.com/opinion/1735/hertz-corp-v-friend/,Supreme Court of the United States,Friend,Hertz Corp. v. Friend,"['2010 U.S. LEXIS 1897', '559 U.S. 77', '130 S. Ct. 1181', '175 L. Ed. 2d 1029']"
10363311,https://www.courtlistener.com/opinion/10363311/lopez-v-mead-johnson-nutrition-company/,"District Court, N.D. California",213504,https://www.courtlistener.com/opinion/213504/astra-usa-inc-v-santa-clara-county/,Supreme Court of the United States,Astra USA,"Astra USA, Inc. v. Santa Clara County","['22 Fla. L. Weekly Fed. S 901', '79 U.S.L.W. 4212', '2011 U.S. LEXIS 2592', '563 U.S. 110', '131 S. Ct. 1342', '179 L. Ed. 2d 457']"
10363311,https://www.courtlistener.com/opinion/10363311/lopez-v-mead-johnson-nutrition-company/,"District Court, N.D. California",652880,https://www.courtlistener.com/opinion/652880/in-re-orion-pictures-corporation-debtor-orion-pictures-corporation-v/,Court of Appeals for the Second Circuit,,"In Re Orion Pictures Corporation, Debtor, Orion Pictures Corporation v. Showtime Networks, Inc., Formerly Known as Showtime/the Movie Channel, Inc.","['24 Bankr. Ct. Dec. (CRR) 1139', '1993 U.S. App. LEXIS 24116', '123 A.L.R. Fed. 681', '29 Collier Bankr. Cas. 2d 1341', '4 F.3d 1095']"
10363311,https://www.courtlistener.com/opinion/10363311/lopez-v-mead-johnson-nutrition-company/,"District Court, N.D. California",659849,https://www.courtlistener.com/opinion/659849/united-states-v-thomas-l-root/,Court of Appeals for the D.C. Circuit,,United States v. Thomas L. Root,"['1994 WL 2311', '1994 U.S. App. LEXIS 204', '304 U.S. App. D.C. 251', '12 F.3d 1116']"
10363311,https://www.courtlistener.com/opinion/10363311/lopez-v-mead-johnson-nutrition-company/,"District Court, N.D. California",1194077,https://www.courtlistener.com/opinion/1194077/manzarek-v-st-paul-fire-marine-insurance/,Court of Appeals for the Ninth Circuit,Manzarek,Manzarek v. St. Paul Fire & Marine Insurance,"['2008 WL 763385', '2008 U.S. App. LEXIS 6145', '86 U.S.P.Q. 2d (BNA) 1632', '519 F.3d 1025']"
10363311,https://www.courtlistener.com/opinion/10363311/lopez-v-mead-johnson-nutrition-company/,"District Court, N.D. California",1221373,https://www.courtlistener.com/opinion/1221373/burr-v-sherwin-williams-co/,California Supreme Court,Burr,Burr v. Sherwin Williams Co.,"['1954 Cal. LEXIS 197', '42 Cal. 2d 682', '268 P.2d 1041']"
10363311,https://www.courtlistener.com/opinion/10363311/lopez-v-mead-johnson-nutrition-company/,"District Court, N.D. California",1300996,https://www.courtlistener.com/opinion/1300996/mendiondo-v-centinela-hospital-medical-center/,Court of Appeals for the Ninth Circuit,Mendiondo,Mendiondo v. Centinela Hospital Medical Center,"['2008 WL 852186', '2008 U.S. App. LEXIS 6854', '27 I.E.R. Cas. (BNA) 609', '521 F.3d 1097']"
10363311,https://www.courtlistener.com/opinion/10363311/lopez-v-mead-johnson-nutrition-company/,"District Court, N.D. California",1400355,https://www.courtlistener.com/opinion/1400355/in-re-gilead-sciences-securities-litigation/,Court of Appeals for the Ninth Circuit,In Re Gilead Sciences Securities Litigation,In Re Gilead Sciences Securities Litigation,"['2008 WL 3271039', '2008 U.S. App. LEXIS 17076', '536 F.3d 1049']"
10363311,https://www.courtlistener.com/opinion/10363311/lopez-v-mead-johnson-nutrition-company/,"District Court, N.D. California",1437688,https://www.courtlistener.com/opinion/1437688/lockwood-v-conagra-foods-inc/,"District Court, N.D. California",Lockwood,"Lockwood v. Conagra Foods, Inc.","['2009 WL 250459', '2009 U.S. Dist. LEXIS 10064', '597 F. Supp. 2d 1028']"
10363311,https://www.courtlistener.com/opinion/10363311/lopez-v-mead-johnson-nutrition-company/,"District Court, N.D. California",2267506,https://www.courtlistener.com/opinion/2267506/limandri-v-judkins/,California Court of Appeal,LiMandri,LiMandri v. Judkins,"['1997 Cal. App. LEXIS 56', '97 Daily Journal DAR 1037', '97 Cal. Daily Op. Serv. 690', '60 Cal. Rptr. 2d 539', '52 Cal. App. 4th 326']"
10363311,https://www.courtlistener.com/opinion/10363311/lopez-v-mead-johnson-nutrition-company/,"District Court, N.D. California",2792929,https://www.courtlistener.com/opinion/2792929/skye-astiana-v-the-hain-celestial-group/,Court of Appeals for the Ninth Circuit,,Skye Astiana v. the Hain Celestial Group,"['2015 WL 1600205', '2015 U.S. App. LEXIS 5833', '783 F.3d 753']"
10363311,https://www.courtlistener.com/opinion/10363311/lopez-v-mead-johnson-nutrition-company/,"District Court, N.D. California",4503602,https://www.courtlistener.com/opinion/4503602/robert-hodsdon-v-mars-inc/,Court of Appeals for the Ninth Circuit,,"Robert Hodsdon v. Mars, Inc.",['891 F.3d 857']
10363311,https://www.courtlistener.com/opinion/10363311/lopez-v-mead-johnson-nutrition-company/,"District Court, N.D. California",4525969,https://www.courtlistener.com/opinion/4525969/karim-khoja-v-orexigen-therapeutics-inc/,Court of Appeals for the Ninth Circuit,,"Karim Khoja v. Orexigen Therapeutics, Inc.",['899 F.3d 988']
10363311,https://www.courtlistener.com/opinion/10363311/lopez-v-mead-johnson-nutrition-company/,"District Court, N.D. California",7060249,https://www.courtlistener.com/opinion/7060249/cooper-v-pickett/,Court of Appeals for the Ninth Circuit,Cooper,Cooper v. Pickett,"['1997 WL 835300', '137 F.3d 616']"
10363311,https://www.courtlistener.com/opinion/10363311/lopez-v-mead-johnson-nutrition-company/,"District Court, N.D. California",7082005,https://www.courtlistener.com/opinion/7082005/white-v-lee/,Court of Appeals for the Ninth Circuit,White,White v. Lee,"['2000 WL 1407125', '2000 U.S. App. LEXIS 23778', '2000 Cal. Daily Op. Serv. 7958', '2000 Daily Journal DAR 10557', '227 F.3d 1214']"
10363311,https://www.courtlistener.com/opinion/10363311/lopez-v-mead-johnson-nutrition-company/,"District Court, N.D. California",7085822,https://www.courtlistener.com/opinion/7085822/tosco-corp-v-communities-for-a-better-environment/,Court of Appeals for the Ninth Circuit,,Tosco Corp. v. Communities for a Better Environment,"['2001 WL 2080', '2001 U.S. App. LEXIS 12', '31 Envtl. L. Rep. (Envtl. Law Inst.) 20354', '2001 Daily Journal DAR 119', '2001 Cal. Daily Op. Serv. 49', '236 F.3d 495']"
10363311,https://www.courtlistener.com/opinion/10363311/lopez-v-mead-johnson-nutrition-company/,"District Court, N.D. California",7108767,https://www.courtlistener.com/opinion/7108767/syntek-semiconductor-co-v-microchip-technology-inc/,Court of Appeals for the Ninth Circuit,,Syntek Semiconductor Co. v. Microchip Technology Inc.,"['2002 WL 31175669', '2002 U.S. App. LEXIS 20746', '64 U.S.P.Q. 2d (BNA) 1149', '307 F.3d 775']"
10363311,https://www.courtlistener.com/opinion/10363311/lopez-v-mead-johnson-nutrition-company/,"District Court, N.D. California",7311730,https://www.courtlistener.com/opinion/7311730/t-m-solar-air-conditioning-inc-v-lennox-international-inc/,"District Court, N.D. California",,"T & M Solar & Air Conditioning, Inc. v. Lennox International Inc.","['2015 WL 1289497', '2015 U.S. Dist. LEXIS 35253', '83 F. Supp. 3d 855']"
10363311,https://www.courtlistener.com/opinion/10363311/lopez-v-mead-johnson-nutrition-company/,"District Court, N.D. California",7324900,https://www.courtlistener.com/opinion/7324900/hadley-v-kellogg-sales-co/,"District Court, N.D. California",Hadley,Hadley v. Kellogg Sales Co.,"['2017 U.S. Dist. LEXIS 40825', '2017 WL 1065293', '243 F. Supp. 3d 1074']"
10363311,https://www.courtlistener.com/opinion/10363311/lopez-v-mead-johnson-nutrition-company/,"District Court, N.D. California",8437592,https://www.courtlistener.com/opinion/8437592/miller-v-gammie/,Court of Appeals for the Ninth Circuit,Gammie,Miller v. Gammie,"['2003 WL 21540416', '335 F.3d 889']"
10363311,https://www.courtlistener.com/opinion/10363311/lopez-v-mead-johnson-nutrition-company/,"District Court, N.D. California",8723678,https://www.courtlistener.com/opinion/8723678/mui-ho-v-toyota-motor-corp/,"District Court, N.D. California",,Mui Ho v. Toyota Motor Corp.,"['2013 U.S. Dist. LEXIS 35748', '2013 WL 1087846', '931 F. Supp. 2d 987']"
10363311,https://www.courtlistener.com/opinion/10363311/lopez-v-mead-johnson-nutrition-company/,"District Court, N.D. California",9022504,https://www.courtlistener.com/opinion/9022504/davidson-v-kimberly-clark-corp/,Court of Appeals for the Ninth Circuit,Davidson,Davidson v. Kimberly-Clark Corp.,['889 F.3d 956']
10363311,https://www.courtlistener.com/opinion/10363311/lopez-v-mead-johnson-nutrition-company/,"District Court, N.D. California",105425,https://www.courtlistener.com/opinion/105425/united-states-v-western-pacific-railroad/,Supreme Court of the United States,,United States v. Western Pacific Railroad,"['1956 U.S. LEXIS 1656', '352 U.S. 59', '77 S. Ct. 161', '1 L. Ed. 2d 126']"
10363311,https://www.courtlistener.com/opinion/10363311/lopez-v-mead-johnson-nutrition-company/,"District Court, N.D. California",145730,https://www.courtlistener.com/opinion/145730/bell-atlantic-corp-v-twombly/,Supreme Court of the United States,Twombly,Bell Atlantic Corp. v. Twombly,"['75 U.S.L.W. 4337', '68 Fed. R. Serv. 3d 661', '20 Fla. L. Weekly Fed. S 267', '41 Communications Reg. (P&F) 567', '2007 U.S. LEXIS 5901', '550 U.S. 544', '127 S. Ct. 1955', '167 L. Ed. 2d 929']"
10363311,https://www.courtlistener.com/opinion/10363311/lopez-v-mead-johnson-nutrition-company/,"District Court, N.D. California",145875,https://www.courtlistener.com/opinion/145875/ashcroft-v-iqbal/,Supreme Court of the United States,Iqbal,Ashcroft v. Iqbal,"['2009 U.S. LEXIS 3472', '556 U.S. 662', '129 S. Ct. 1937', '173 L. Ed. 2d 868']"
10363311,https://www.courtlistener.com/opinion/10363311/lopez-v-mead-johnson-nutrition-company/,"District Court, N.D. California",182444,https://www.courtlistener.com/opinion/182444/chapman-v-pier-1-imports-us-inc/,Court of Appeals for the Ninth Circuit,Chapman,Chapman v. Pier 1 Imports (U.S.) Inc.,"['2011 WL 43709', '2011 U.S. App. LEXIS 453', '78 Fed. R. Serv. 3d 946', '24 Am. Disabilities Dec. 284', '631 F.3d 939']"
10363311,https://www.courtlistener.com/opinion/10363311/lopez-v-mead-johnson-nutrition-company/,"District Court, N.D. California",2283365,https://www.courtlistener.com/opinion/2283365/lavie-v-procter-gamble-co/,California Court of Appeal,Lavie,Lavie v. Procter & Gamble Co.,"['2003 Cal. App. LEXIS 71', '2003 Cal. Daily Op. Serv. 612', '2003 Daily Journal DAR 699', '105 Cal. App. 4th 496', '129 Cal. Rptr. 2d 486']"
10365867,https://www.courtlistener.com/opinion/10365867/blurton-v-haier-us-appliance-solutions-inc/,"District Court, W.D. Kentucky",147853,https://www.courtlistener.com/opinion/147853/bennett-v-mis-corp/,Court of Appeals for the Sixth Circuit,Bennett,Bennett v. MIS CORP.,"['2010 WL 2219672', '2010 U.S. App. LEXIS 11364', '607 F.3d 1076']"
10365867,https://www.courtlistener.com/opinion/10365867/blurton-v-haier-us-appliance-solutions-inc/,"District Court, W.D. Kentucky",152224,https://www.courtlistener.com/opinion/152224/traverse-bay-area-intermediate-school-district-v-michigan-department-of/,Court of Appeals for the Sixth Circuit,,Traverse Bay Area Intermediate School District v. Michigan Department of Education,"['2010 WL 3024082', '2010 U.S. App. LEXIS 16108', '615 F.3d 622']"
10365867,https://www.courtlistener.com/opinion/10365867/blurton-v-haier-us-appliance-solutions-inc/,"District Court, W.D. Kentucky",802655,https://www.courtlistener.com/opinion/802655/republic-bank-trust-company-v-bear-stearns-company-inc/,Court of Appeals for the Sixth Circuit,,"Republic Bank & Trust Company v. Bear Stearns & Company., Inc.","['2012 U.S. App. LEXIS 12513', '2012 WL 2330565', '683 F.3d 239']"
10365867,https://www.courtlistener.com/opinion/10365867/blurton-v-haier-us-appliance-solutions-inc/,"District Court, W.D. Kentucky",836216,https://www.courtlistener.com/opinion/836216/bennett-v-farmers-insurance-co/,Oregon Supreme Court,Bennett,Bennett v. Farmers Insurance Co.,"['2001 Ore. LEXIS 362', '332 Or. 138', '26 P.3d 785']"
10365867,https://www.courtlistener.com/opinion/10365867/blurton-v-haier-us-appliance-solutions-inc/,"District Court, W.D. Kentucky",1177322,https://www.courtlistener.com/opinion/1177322/gardner-v-first-escrow-corp/,Court of Appeals of Oregon,Gardner,Gardner v. First Escrow Corp.,"['72 Or. App. 715', '696 P.2d 1172']"
10365867,https://www.courtlistener.com/opinion/10365867/blurton-v-haier-us-appliance-solutions-inc/,"District Court, W.D. Kentucky",1199775,https://www.courtlistener.com/opinion/1199775/clemens-v-daimlerchrysler-corp/,Court of Appeals for the Ninth Circuit,Clemens,Clemens v. DaimlerChrysler Corp.,"['2008 WL 2840662', '2008 U.S. App. LEXIS 15949', '66 U.C.C. Rep. Serv. 2d (West) 688', '534 F.3d 1017']"
10365867,https://www.courtlistener.com/opinion/10365867/blurton-v-haier-us-appliance-solutions-inc/,"District Court, W.D. Kentucky",1243130,https://www.courtlistener.com/opinion/1243130/williams-v-gerber-products-co/,Court of Appeals for the Ninth Circuit,,Williams v. Gerber Products Co.,"['2008 WL 5273731', '2008 U.S. App. LEXIS 27421', '552 F.3d 934']"
10365867,https://www.courtlistener.com/opinion/10365867/blurton-v-haier-us-appliance-solutions-inc/,"District Court, W.D. Kentucky",1316671,https://www.courtlistener.com/opinion/1316671/hollenbeck-v-ramset-fasteners-inc/,Supreme Court of North Carolina,Hollenbeck,"Hollenbeck v. Ramset Fasteners, Inc.","['1966 N.C. LEXIS 1053', '267 N.C. 401', '148 S.E.2d 287']"
10365867,https://www.courtlistener.com/opinion/10365867/blurton-v-haier-us-appliance-solutions-inc/,"District Court, W.D. Kentucky",1347480,https://www.courtlistener.com/opinion/1347480/gebrayel-v-transamerica-title-insurance/,Court of Appeals of Oregon,Gebrayel,Gebrayel v. Transamerica Title Insurance,"['1995 Ore. App. LEXIS 16', '132 Or. App. 271', '888 P.2d 83']"
10365867,https://www.courtlistener.com/opinion/10365867/blurton-v-haier-us-appliance-solutions-inc/,"District Court, W.D. Kentucky",1525836,https://www.courtlistener.com/opinion/1525836/tsc-research-llc-v-bayer-chemicals-corp/,"District Court, M.D. North Carolina",,"TSC RESEARCH, LLC v. Bayer Chemicals Corp.","['2008 WL 2001976', '2008 U.S. Dist. LEXIS 38171', '552 F. Supp. 2d 534']"
10365867,https://www.courtlistener.com/opinion/10365867/blurton-v-haier-us-appliance-solutions-inc/,"District Court, W.D. Kentucky",1896277,https://www.courtlistener.com/opinion/1896277/nahigian-v-juno-loudoun-llc/,"District Court, E.D. Virginia",Nahigian,"Nahigian v. Juno Loudoun, LLC","['2010 WL 318397', '2010 U.S. Dist. LEXIS 4156', '684 F. Supp. 2d 731']"
10365867,https://www.courtlistener.com/opinion/10365867/blurton-v-haier-us-appliance-solutions-inc/,"District Court, W.D. Kentucky",2308055,https://www.courtlistener.com/opinion/2308055/sanders-v-apple-inc/,"District Court, N.D. California",Sanders,Sanders v. Apple Inc.,"['2009 WL 150950', '672 F. Supp. 2d 978']"
10365867,https://www.courtlistener.com/opinion/10365867/blurton-v-haier-us-appliance-solutions-inc/,"District Court, W.D. Kentucky",2370848,https://www.courtlistener.com/opinion/2370848/mohamed-v-gates/,"District Court, District of Columbia",Mohamed,Mohamed v. Gates,"['2009 WL 1625912', '2009 U.S. Dist. LEXIS 48623', '624 F. Supp. 2d 40']"
10365867,https://www.courtlistener.com/opinion/10365867/blurton-v-haier-us-appliance-solutions-inc/,"District Court, W.D. Kentucky",2432957,https://www.courtlistener.com/opinion/2432957/wilson-v-dryvit-systems-inc/,"District Court, E.D. North Carolina",Wilson,"Wilson v. Dryvit Systems, Inc.","['2002 WL 1164128', '2002 U.S. Dist. LEXIS 24129', '206 F. Supp. 2d 749']"
10365867,https://www.courtlistener.com/opinion/10365867/blurton-v-haier-us-appliance-solutions-inc/,"District Court, W.D. Kentucky",2510615,https://www.courtlistener.com/opinion/2510615/bussian-v-daimlerchrysler-corp/,"District Court, M.D. North Carolina",Bussian,Bussian v. DaimlerChrysler Corp.,"['2006 WL 225832', '2006 U.S. Dist. LEXIS 3634', '411 F. Supp. 2d 614']"
10365867,https://www.courtlistener.com/opinion/10365867/blurton-v-haier-us-appliance-solutions-inc/,"District Court, W.D. Kentucky",2540358,https://www.courtlistener.com/opinion/2540358/giddings-lewis-inc-v-industrial-risk-insurers/,Kentucky Supreme Court,,"Giddings & Lewis, Inc. v. Industrial Risk Insurers","['2011 WL 2436154', '2011 Ky. LEXIS 90', '348 S.W.3d 729']"
10365867,https://www.courtlistener.com/opinion/10365867/blurton-v-haier-us-appliance-solutions-inc/,"District Court, W.D. Kentucky",2577836,https://www.courtlistener.com/opinion/2577836/tao-of-systems-integration-inc-v-analytical-services-materials-inc/,"District Court, E.D. Virginia",,"Tao of Systems Integration, Inc. v. Analytical Services & Materials, Inc.","['2004 WL 51322', '2004 U.S. Dist. LEXIS 313', '71 U.S.P.Q. 2d (BNA) 1339', '299 F. Supp. 2d 565']"
10365867,https://www.courtlistener.com/opinion/10365867/blurton-v-haier-us-appliance-solutions-inc/,"District Court, W.D. Kentucky",2602197,https://www.courtlistener.com/opinion/2602197/trustmark-insurance-v-bank-one-arizona-na/,Court of Appeals of Arizona,,"Trustmark Insurance v. Bank One, Arizona, NA","['202 Ariz. 535', '48 P.3d 485']"
10365867,https://www.courtlistener.com/opinion/10365867/blurton-v-haier-us-appliance-solutions-inc/,"District Court, W.D. Kentucky",2642981,https://www.courtlistener.com/opinion/2642981/nancy-kuns-v-ford-motor-company/,Court of Appeals for the Sixth Circuit,,Nancy Kuns v. Ford Motor Company,"[""543 F. App'x 572""]"
10365867,https://www.courtlistener.com/opinion/10365867/blurton-v-haier-us-appliance-solutions-inc/,"District Court, W.D. Kentucky",2981169,https://www.courtlistener.com/opinion/2981169/james-smith-v-bank-of-america-corporation/,Court of Appeals for the Sixth Circuit,,James Smith v. Bank of America Corporation,"[""485 F. App'x 749""]"
10365867,https://www.courtlistener.com/opinion/10365867/blurton-v-haier-us-appliance-solutions-inc/,"District Court, W.D. Kentucky",6792710,https://www.courtlistener.com/opinion/6792710/shady-grove-orthopedic-associates-pa-v-allstate-insurance-co/,Supreme Court of the United States,,"Shady Grove Orthopedic Associates, P.A. v. Allstate Insurance Co.","['559 U.S. 393', '130 S. Ct. 1431', '2010 U.S. LEXIS 2929', '176 L. Ed. 2d 311']"
10365867,https://www.courtlistener.com/opinion/10365867/blurton-v-haier-us-appliance-solutions-inc/,"District Court, W.D. Kentucky",7306737,https://www.courtlistener.com/opinion/7306737/benson-tower-condominium-owners-assn-v-victaulic-co/,"District Court, D. Oregon",,Benson Tower Condominium Owners Ass'n v. Victaulic Co.,"['2014 WL 2197837', '2014 U.S. Dist. LEXIS 71689', '22 F. Supp. 3d 1126']"
10365867,https://www.courtlistener.com/opinion/10365867/blurton-v-haier-us-appliance-solutions-inc/,"District Court, W.D. Kentucky",7307360,https://www.courtlistener.com/opinion/7307360/in-re-automotive-parts-antitrust-litigation/,"District Court, E.D. Michigan",,In re Automotive Parts Antitrust Litigation,"['2014 WL 2993742', '29 F. Supp. 3d 982']"
10365867,https://www.courtlistener.com/opinion/10365867/blurton-v-haier-us-appliance-solutions-inc/,"District Court, W.D. Kentucky",7308376,https://www.courtlistener.com/opinion/7308376/arvizu-v-medtronic-inc/,"District Court, D. Arizona",Arvizu,Arvizu v. Medtronic Inc.,"['2014 U.S. Dist. LEXIS 118122', '2014 WL 4204933', '41 F. Supp. 3d 783']"
10365867,https://www.courtlistener.com/opinion/10365867/blurton-v-haier-us-appliance-solutions-inc/,"District Court, W.D. Kentucky",7309066,https://www.courtlistener.com/opinion/7309066/in-re-automotive-parts-antitrust-litigation/,"District Court, E.D. Michigan",,In re Automotive Parts Antitrust Litigation,"['2014 U.S. Dist. LEXIS 134899', '2014 WL 4793850', '50 F. Supp. 3d 869']"
10365867,https://www.courtlistener.com/opinion/10365867/blurton-v-haier-us-appliance-solutions-inc/,"District Court, W.D. Kentucky",7317050,https://www.courtlistener.com/opinion/7317050/solum-v-certainteed-corp/,"District Court, E.D. North Carolina",Solum,Solum v. CertainTeed Corp.,"['2015 U.S. Dist. LEXIS 145601', '2015 WL 6505195', '147 F. Supp. 3d 404']"
10365867,https://www.courtlistener.com/opinion/10365867/blurton-v-haier-us-appliance-solutions-inc/,"District Court, W.D. Kentucky",7321285,https://www.courtlistener.com/opinion/7321285/moss-v-infinity-insurance-co/,"District Court, N.D. California",Moss,Moss v. Infinity Insurance Co.,"['2016 WL 3753109', '2016 U.S. Dist. LEXIS 91757', '197 F. Supp. 3d 1191']"
10365867,https://www.courtlistener.com/opinion/10365867/blurton-v-haier-us-appliance-solutions-inc/,"District Court, W.D. Kentucky",7324086,https://www.courtlistener.com/opinion/7324086/in-re-seagate-technology-llc-litigation/,"District Court, N.D. California",,In re Seagate Technology LLC Litigation,"['2017 WL 528398', '2017 U.S. Dist. LEXIS 18745', '91 U.C.C. Rep. Serv. 2d (West) 985', '233 F. Supp. 3d 776']"
10365867,https://www.courtlistener.com/opinion/10365867/blurton-v-haier-us-appliance-solutions-inc/,"District Court, W.D. Kentucky",7324812,https://www.courtlistener.com/opinion/7324812/in-re-packaged-seafood-products-antitrust-litigation/,"District Court, S.D. California",,In re Packaged Seafood Products Antitrust Litigation,"['2017 U.S. Dist. LEXIS 37804', '2017 WL 1010329', '242 F. Supp. 3d 1033']"
10365867,https://www.courtlistener.com/opinion/10365867/blurton-v-haier-us-appliance-solutions-inc/,"District Court, W.D. Kentucky",7324900,https://www.courtlistener.com/opinion/7324900/hadley-v-kellogg-sales-co/,"District Court, N.D. California",Hadley,Hadley v. Kellogg Sales Co.,"['2017 U.S. Dist. LEXIS 40825', '2017 WL 1065293', '243 F. Supp. 3d 1074']"
10365867,https://www.courtlistener.com/opinion/10365867/blurton-v-haier-us-appliance-solutions-inc/,"District Court, W.D. Kentucky",7333824,https://www.courtlistener.com/opinion/7333824/in-re-fca-us-llc-monostable-elec-gearshift-litig/,"District Court, E.D. Michigan",,In re FCA US LLC Monostable Elec. Gearshift Litig.,['355 F. Supp. 3d 582']
10365867,https://www.courtlistener.com/opinion/10365867/blurton-v-haier-us-appliance-solutions-inc/,"District Court, W.D. Kentucky",8437707,https://www.courtlistener.com/opinion/8437707/lippitt-v-raymond-james-financial-services-inc/,Court of Appeals for the Ninth Circuit,Lippitt,"Lippitt v. Raymond James Financial Services, Inc.","['2003 WL 21999312', '340 F.3d 1033']"
10365867,https://www.courtlistener.com/opinion/10365867/blurton-v-haier-us-appliance-solutions-inc/,"District Court, W.D. Kentucky",8725949,https://www.courtlistener.com/opinion/8725949/elias-v-hewlett-packard-co/,"District Court, N.D. California",Elias,Elias v. Hewlett-Packard Co.,"['2013 U.S. Dist. LEXIS 87748', '2013 WL 3187319', '950 F. Supp. 2d 1123']"
10365867,https://www.courtlistener.com/opinion/10365867/blurton-v-haier-us-appliance-solutions-inc/,"District Court, W.D. Kentucky",8727197,https://www.courtlistener.com/opinion/8727197/ramirez-v-medtronic-inc/,"District Court, D. Arizona",Ramirez,Ramirez v. Medtronic Inc.,"['2013 U.S. Dist. LEXIS 118822', '2013 WL 4446913', '961 F. Supp. 2d 977']"
10365867,https://www.courtlistener.com/opinion/10365867/blurton-v-haier-us-appliance-solutions-inc/,"District Court, W.D. Kentucky",9022504,https://www.courtlistener.com/opinion/9022504/davidson-v-kimberly-clark-corp/,Court of Appeals for the Ninth Circuit,Davidson,Davidson v. Kimberly-Clark Corp.,['889 F.3d 956']
10365867,https://www.courtlistener.com/opinion/10365867/blurton-v-haier-us-appliance-solutions-inc/,"District Court, W.D. Kentucky",145730,https://www.courtlistener.com/opinion/145730/bell-atlantic-corp-v-twombly/,Supreme Court of the United States,Twombly,Bell Atlantic Corp. v. Twombly,"['75 U.S.L.W. 4337', '68 Fed. R. Serv. 3d 661', '20 Fla. L. Weekly Fed. S 267', '41 Communications Reg. (P&F) 567', '2007 U.S. LEXIS 5901', '550 U.S. 544', '127 S. Ct. 1955', '167 L. Ed. 2d 929']"
10365867,https://www.courtlistener.com/opinion/10365867/blurton-v-haier-us-appliance-solutions-inc/,"District Court, W.D. Kentucky",145875,https://www.courtlistener.com/opinion/145875/ashcroft-v-iqbal/,Supreme Court of the United States,Iqbal,Ashcroft v. Iqbal,"['2009 U.S. LEXIS 3472', '556 U.S. 662', '129 S. Ct. 1937', '173 L. Ed. 2d 868']"
10365867,https://www.courtlistener.com/opinion/10365867/blurton-v-haier-us-appliance-solutions-inc/,"District Court, W.D. Kentucky",145904,https://www.courtlistener.com/opinion/145904/summers-v-earth-island-institute/,Supreme Court of the United States,Summers,Summers v. Earth Island Institute,"['21 Fla. L. Weekly Fed. S 670', '2009 U.S. LEXIS 1769', '555 U.S. 488', '129 S. Ct. 1142', '173 L. Ed. 2d 1']"
10365867,https://www.courtlistener.com/opinion/10365867/blurton-v-haier-us-appliance-solutions-inc/,"District Court, W.D. Kentucky",1039296,https://www.courtlistener.com/opinion/1039296/morris-aviation-llc-v-diamond-aircraft-industries-inc/,Court of Appeals for the Sixth Circuit,,"Morris Aviation, LLC v. Diamond Aircraft Industries, Inc.","[""536 F. App'x 558""]"
10365867,https://www.courtlistener.com/opinion/10365867/blurton-v-haier-us-appliance-solutions-inc/,"District Court, W.D. Kentucky",1160407,https://www.courtlistener.com/opinion/1160407/high-v-davis/,Oregon Supreme Court,High,High v. Davis,"['1978 Ore. LEXIS 1073', '283 Or. 315', '584 P.2d 725']"
10365867,https://www.courtlistener.com/opinion/10365867/blurton-v-haier-us-appliance-solutions-inc/,"District Court, W.D. Kentucky",2623151,https://www.courtlistener.com/opinion/2623151/robinson-helicopter-co-inc-v-dana-corp/,California Supreme Court,,"Robinson Helicopter Co., Inc. v. Dana Corp.","['2004 Cal. LEXIS 12219', '2004 Cal. Daily Op. Serv. 11271', '34 Cal. 4th 979', '22 Cal. Rptr. 3d 352', '102 P.3d 268']"
10365867,https://www.courtlistener.com/opinion/10365867/blurton-v-haier-us-appliance-solutions-inc/,"District Court, W.D. Kentucky",2746788,https://www.courtlistener.com/opinion/2746788/dan-bennett-v-cmh-homes-inc/,Court of Appeals for the Sixth Circuit,,"Dan Bennett v. CMH Homes, Inc.","['2014 WL 5470861', '2014 U.S. App. LEXIS 20799', '2014 FED App. 0272P', '770 F.3d 511']"
10365867,https://www.courtlistener.com/opinion/10365867/blurton-v-haier-us-appliance-solutions-inc/,"District Court, W.D. Kentucky",3134107,https://www.courtlistener.com/opinion/3134107/pearson-v-philip-morris-inc/,Oregon Supreme Court,Pearson,"Pearson v. Philip Morris, Inc.","['2015 Ore. LEXIS 752', '361 P.3d 3', '358 Or. 88']"
10365867,https://www.courtlistener.com/opinion/10365867/blurton-v-haier-us-appliance-solutions-inc/,"District Court, W.D. Kentucky",3214034,https://www.courtlistener.com/opinion/3214034/angelo-binno-v-the-american-bar-association/,Court of Appeals for the Sixth Circuit,,Angelo Binno v. The American Bar Association,"['2016 WL 3349212', '2016 U.S. App. LEXIS 10887', '2016 FED App. 0140P', '826 F.3d 338']"
10365867,https://www.courtlistener.com/opinion/10365867/blurton-v-haier-us-appliance-solutions-inc/,"District Court, W.D. Kentucky",1423031,https://www.courtlistener.com/opinion/1423031/united-states-ex-rel-snapp-inc-v-ford-motor-co/,Court of Appeals for the Sixth Circuit,,"United States Ex Rel. Snapp, Inc. v. Ford Motor Co.","['2008 WL 2663746', '2008 U.S. App. LEXIS 15121', '70 Fed. R. Serv. 3d 1554', '532 F.3d 496']"
10365867,https://www.courtlistener.com/opinion/10365867/blurton-v-haier-us-appliance-solutions-inc/,"District Court, W.D. Kentucky",4419982,https://www.courtlistener.com/opinion/4419982/amanda-sumpter-v-wayne-cty/,Court of Appeals for the Sixth Circuit,,Amanda Sumpter v. Wayne Cty.,"['2017 U.S. App. LEXIS 15649', '2017 WL 3568607', '2017 FED App. 0187P', '868 F.3d 473']"
10368854,https://www.courtlistener.com/opinion/10368854/villarroel-v-recology-inc/,"District Court, N.D. California",661493,https://www.courtlistener.com/opinion/661493/pension-benefit-guaranty-corporation-v-east-dayton-tool-and-die-company/,Court of Appeals for the Sixth Circuit,,"Pension Benefit Guaranty, Corporation v. East Dayton Tool and Die Company",['14 F.3d 1122']
10368854,https://www.courtlistener.com/opinion/10368854/villarroel-v-recology-inc/,"District Court, N.D. California",1194077,https://www.courtlistener.com/opinion/1194077/manzarek-v-st-paul-fire-marine-insurance/,Court of Appeals for the Ninth Circuit,Manzarek,Manzarek v. St. Paul Fire & Marine Insurance,"['2008 WL 763385', '2008 U.S. App. LEXIS 6145', '86 U.S.P.Q. 2d (BNA) 1632', '519 F.3d 1025']"
10368854,https://www.courtlistener.com/opinion/10368854/villarroel-v-recology-inc/,"District Court, N.D. California",1300996,https://www.courtlistener.com/opinion/1300996/mendiondo-v-centinela-hospital-medical-center/,Court of Appeals for the Ninth Circuit,Mendiondo,Mendiondo v. Centinela Hospital Medical Center,"['2008 WL 852186', '2008 U.S. App. LEXIS 6854', '27 I.E.R. Cas. (BNA) 609', '521 F.3d 1097']"
10368854,https://www.courtlistener.com/opinion/10368854/villarroel-v-recology-inc/,"District Court, N.D. California",1400355,https://www.courtlistener.com/opinion/1400355/in-re-gilead-sciences-securities-litigation/,Court of Appeals for the Ninth Circuit,In Re Gilead Sciences Securities Litigation,In Re Gilead Sciences Securities Litigation,"['2008 WL 3271039', '2008 U.S. App. LEXIS 17076', '536 F.3d 1049']"
10368854,https://www.courtlistener.com/opinion/10368854/villarroel-v-recology-inc/,"District Court, N.D. California",1434122,https://www.courtlistener.com/opinion/1434122/india-paint-and-lacquer-co-v-united-steel-prod-corp/,California Court of Appeal,,India Paint and Lacquer Co. v. United Steel Prod. Corp.,"['1954 Cal. App. LEXIS 1229', '123 Cal. App. 2d 597', '267 P.2d 408']"
10368854,https://www.courtlistener.com/opinion/10368854/villarroel-v-recology-inc/,"District Court, N.D. California",3179360,https://www.courtlistener.com/opinion/3179360/beau-hodges-v-apple-inc/,Court of Appeals for the Ninth Circuit,,"Beau Hodges v. Apple, Inc.","[""640 F. App'x 687""]"
10368854,https://www.courtlistener.com/opinion/10368854/villarroel-v-recology-inc/,"District Court, N.D. California",4525969,https://www.courtlistener.com/opinion/4525969/karim-khoja-v-orexigen-therapeutics-inc/,Court of Appeals for the Ninth Circuit,,"Karim Khoja v. Orexigen Therapeutics, Inc.",['899 F.3d 988']
10368854,https://www.courtlistener.com/opinion/10368854/villarroel-v-recology-inc/,"District Court, N.D. California",7060249,https://www.courtlistener.com/opinion/7060249/cooper-v-pickett/,Court of Appeals for the Ninth Circuit,Cooper,Cooper v. Pickett,"['1997 WL 835300', '137 F.3d 616']"
10368854,https://www.courtlistener.com/opinion/10368854/villarroel-v-recology-inc/,"District Court, N.D. California",7100340,https://www.courtlistener.com/opinion/7100340/sprewell-v-golden-state-warriors/,Court of Appeals for the Ninth Circuit,Sprewell,Sprewell v. Golden State Warriors,"['2001 WL 1057136', '266 F.3d 979']"
10368854,https://www.courtlistener.com/opinion/10368854/villarroel-v-recology-inc/,"District Court, N.D. California",7305298,https://www.courtlistener.com/opinion/7305298/leese-v-lockheed-martin-corp/,"District Court, D. New Jersey",Leese,Leese v. Lockheed Martin Corp.,"['2014 WL 1092406', '2014 U.S. Dist. LEXIS 34729', '93 Fed. R. Serv. 1186', '6 F. Supp. 3d 546']"
10368854,https://www.courtlistener.com/opinion/10368854/villarroel-v-recology-inc/,"District Court, N.D. California",7311103,https://www.courtlistener.com/opinion/7311103/backhaut-v-apple-inc/,"District Court, N.D. California",Backhaut,"Backhaut v. Apple, Inc.","['2014 WL 6601776', '2014 U.S. Dist. LEXIS 162870', '74 F. Supp. 3d 1033']"
10368854,https://www.courtlistener.com/opinion/10368854/villarroel-v-recology-inc/,"District Court, N.D. California",7318166,https://www.courtlistener.com/opinion/7318166/rojas-lozano-v-google-inc/,"District Court, N.D. California",Rojas-Lozano,"Rojas-Lozano v. Google, Inc.","['2016 WL 429794', '2016 U.S. Dist. LEXIS 13076', '159 F. Supp. 3d 1101']"
10368854,https://www.courtlistener.com/opinion/10368854/villarroel-v-recology-inc/,"District Court, N.D. California",7324900,https://www.courtlistener.com/opinion/7324900/hadley-v-kellogg-sales-co/,"District Court, N.D. California",Hadley,Hadley v. Kellogg Sales Co.,"['2017 U.S. Dist. LEXIS 40825', '2017 WL 1065293', '243 F. Supp. 3d 1074']"
10368854,https://www.courtlistener.com/opinion/10368854/villarroel-v-recology-inc/,"District Court, N.D. California",8725017,https://www.courtlistener.com/opinion/8725017/bias-v-wells-fargo-co/,"District Court, N.D. California",Bias,Bias v. Wells Fargo & Co.,"['2013 U.S. Dist. LEXIS 59530', '2013 WL 1787158', '942 F. Supp. 2d 915']"
10368854,https://www.courtlistener.com/opinion/10368854/villarroel-v-recology-inc/,"District Court, N.D. California",145730,https://www.courtlistener.com/opinion/145730/bell-atlantic-corp-v-twombly/,Supreme Court of the United States,Twombly,Bell Atlantic Corp. v. Twombly,"['75 U.S.L.W. 4337', '68 Fed. R. Serv. 3d 661', '20 Fla. L. Weekly Fed. S 267', '41 Communications Reg. (P&F) 567', '2007 U.S. LEXIS 5901', '550 U.S. 544', '127 S. Ct. 1955', '167 L. Ed. 2d 929']"
10368854,https://www.courtlistener.com/opinion/10368854/villarroel-v-recology-inc/,"District Court, N.D. California",145875,https://www.courtlistener.com/opinion/145875/ashcroft-v-iqbal/,Supreme Court of the United States,Iqbal,Ashcroft v. Iqbal,"['2009 U.S. LEXIS 3472', '556 U.S. 662', '129 S. Ct. 1937', '173 L. Ed. 2d 868']"
10368856,https://www.courtlistener.com/opinion/10368856/swetala-v-quten-research-institute-llc/,"District Court, E.D. California",117845,https://www.courtlistener.com/opinion/117845/kokkonen-v-guardian-life-insurance-co-of-america/,Supreme Court of the United States,Kokkonen,Kokkonen v. Guardian Life Insurance Co. of America,"['94 Daily Journal DAR 6508', '29 Fed. R. Serv. 3d 1', '62 U.S.L.W. 4313', '94 Cal. Daily Op. Serv. 3453', '8 Fla. L. Weekly Fed. S 93', '1994 U.S. LEXIS 3767', '511 U.S. 375', '114 S. Ct. 1673', '128 L. Ed. 2d 391']"
10368856,https://www.courtlistener.com/opinion/10368856/swetala-v-quten-research-institute-llc/,"District Court, E.D. California",181397,https://www.courtlistener.com/opinion/181397/daniels-hall-v-national-education-assn/,Court of Appeals for the Ninth Circuit,Daniels-Hall,Daniels-Hall v. National Education Ass'n,"['2010 WL 5141247', '2010 U.S. App. LEXIS 25894', '50 Employee Benefits Cas. (BNA) 1481', '629 F.3d 992']"
10368856,https://www.courtlistener.com/opinion/10368856/swetala-v-quten-research-institute-llc/,"District Court, E.D. California",504475,https://www.courtlistener.com/opinion/504475/jehan-zeb-mir-md-v-little-company-of-mary-hospital/,Court of Appeals for the Ninth Circuit,,"Jehan Zeb Mir, M.D. v. Little Company of Mary Hospital","['1988 WL 31927', '1988 U.S. App. LEXIS 4714', '10 Fed. R. Serv. 3d 1114', '844 F.2d 646']"
10368856,https://www.courtlistener.com/opinion/10368856/swetala-v-quten-research-institute-llc/,"District Court, E.D. California",706088,https://www.courtlistener.com/opinion/706088/michael-freeman-plaintiff-appellant-v-the-time-inc-magazine-company/,Court of Appeals for the Ninth Circuit,,"Michael FREEMAN, Plaintiff-Appellant, v. the TIME, INC., Magazine Company, Et Al., Defendants-Appellees",['68 F.3d 285']
10368856,https://www.courtlistener.com/opinion/10368856/swetala-v-quten-research-institute-llc/,"District Court, E.D. California",719803,https://www.courtlistener.com/opinion/719803/jeffrey-mort-pamela-mort-fred-strefling-jeffrey-tobian-v-united-states/,Court of Appeals for the Ninth Circuit,,Jeffrey Mort Pamela Mort Fred Strefling Jeffrey Tobian v. United States,"['1996 WL 328017', '1996 U.S. App. LEXIS 14611', '78 A.F.T.R.2d (RIA) 5061', '96 Daily Journal DAR 6950', '96 Cal. Daily Op. Serv. 4295', '86 F.3d 890']"
10368856,https://www.courtlistener.com/opinion/10368856/swetala-v-quten-research-institute-llc/,"District Court, E.D. California",783479,https://www.courtlistener.com/opinion/783479/united-states-v-donald-lawrence-ritchie-heather-horner/,Court of Appeals for the Ninth Circuit,,"United States v. Donald Lawrence Ritchie, Heather Horner, Claimant-Appellant","['2003 WL 22004994', '2003 U.S. App. LEXIS 17752', '2003 Daily Journal DAR 9689', '56 Fed. R. Serv. 3d 577', '2003 Cal. Daily Op. Serv. 7757', '342 F.3d 903']"
10368856,https://www.courtlistener.com/opinion/10368856/swetala-v-quten-research-institute-llc/,"District Court, E.D. California",811228,https://www.courtlistener.com/opinion/811228/lefemine-v-wideman/,Supreme Court of the United States,Lefemine,Lefemine v. Wideman,"['2012 U.S. LEXIS 8566', '568 U.S. 1', '133 S. Ct. 9', '184 L. Ed. 2d 313']"
10368856,https://www.courtlistener.com/opinion/10368856/swetala-v-quten-research-institute-llc/,"District Court, E.D. California",820904,https://www.courtlistener.com/opinion/820904/gunn-v-minton/,Supreme Court of the United States,Gunn,Gunn v. Minton,"['2013 U.S. LEXIS 1612', '568 U.S. 251', '133 S. Ct. 1059', '185 L. Ed. 2d 72']"
10368856,https://www.courtlistener.com/opinion/10368856/swetala-v-quten-research-institute-llc/,"District Court, E.D. California",1243130,https://www.courtlistener.com/opinion/1243130/williams-v-gerber-products-co/,Court of Appeals for the Ninth Circuit,,Williams v. Gerber Products Co.,"['2008 WL 5273731', '2008 U.S. App. LEXIS 27421', '552 F.3d 934']"
10368856,https://www.courtlistener.com/opinion/10368856/swetala-v-quten-research-institute-llc/,"District Court, E.D. California",1450162,https://www.courtlistener.com/opinion/1450162/moss-v-us-secret-service/,Court of Appeals for the Ninth Circuit,Moss,Moss v. U.S. Secret Service,"['2009 WL 2052985', '2009 U.S. App. LEXIS 15694', '572 F.3d 962']"
10368856,https://www.courtlistener.com/opinion/10368856/swetala-v-quten-research-institute-llc/,"District Court, E.D. California",2139353,https://www.courtlistener.com/opinion/2139353/williams-v-beechnut-nutrition-corp/,California Court of Appeal,,Williams v. Beechnut Nutrition Corp.,"['1986 Cal. App. LEXIS 1994', '2 U.C.C. Rep. Serv. 2d (West) 1252', '229 Cal. Rptr. 605', '185 Cal. App. 3d 135']"
10368856,https://www.courtlistener.com/opinion/10368856/swetala-v-quten-research-institute-llc/,"District Court, E.D. California",2252425,https://www.courtlistener.com/opinion/2252425/day-v-at-t-corp/,California Court of Appeal,Day,Day v. AT & T CORP.,"['1998 Cal. App. LEXIS 345', '98 Daily Journal DAR 4003', '98 Cal. Daily Op. Serv. 2966', '63 Cal. App. 2d 319', '63 Cal. App. 4th 325', '74 Cal. Rptr. 2d 55']"
10368856,https://www.courtlistener.com/opinion/10368856/swetala-v-quten-research-institute-llc/,"District Court, E.D. California",2540268,https://www.courtlistener.com/opinion/2540268/von-koenig-v-snapple-beverage-corp/,"District Court, E.D. California",,Von Koenig v. Snapple Beverage Corp.,"['2010 WL 1980208', '713 F. Supp. 2d 1066']"
10368856,https://www.courtlistener.com/opinion/10368856/swetala-v-quten-research-institute-llc/,"District Court, E.D. California",2650741,https://www.courtlistener.com/opinion/2650741/rutherford-holdings-llc-v-plaza-del-rey/,California Court of Appeal,,"Rutherford Holdings, LLC v. Plaza Del Rey","['2014 Cal. App. LEXIS 56', '2014 WL 255537', '166 Cal. Rptr. 3d 864', '223 Cal. App. 4th 221']"
10368856,https://www.courtlistener.com/opinion/10368856/swetala-v-quten-research-institute-llc/,"District Court, E.D. California",4414408,https://www.courtlistener.com/opinion/4414408/lee-walters-v-vitamin-shoppe-industries-inc/,Court of Appeals for the Ninth Circuit,,"Lee Walters v. Vitamin Shoppe Industries, Inc","[""701 F. App'x 667""]"
10368856,https://www.courtlistener.com/opinion/10368856/swetala-v-quten-research-institute-llc/,"District Court, E.D. California",4495924,https://www.courtlistener.com/opinion/4495924/apb-realty-inc-v-georgia-pacific-llc/,Court of Appeals for the First Circuit,,"APB Realty, Inc. v. Georgia-Pacific LLC",['889 F.3d 26']
10368856,https://www.courtlistener.com/opinion/10368856/swetala-v-quten-research-institute-llc/,"District Court, E.D. California",7079981,https://www.courtlistener.com/opinion/7079981/lopez-v-smith/,Court of Appeals for the Ninth Circuit,Lopez,Lopez v. Smith,"['2000 WL 144385', '2000 U.S. App. LEXIS 1740', '2000 Daily Journal DAR 1585', '2000 Cal. Daily Op. Serv. 1096', '46 Fed. R. Serv. 3d 494', '203 F.3d 1122']"
10368856,https://www.courtlistener.com/opinion/10368856/swetala-v-quten-research-institute-llc/,"District Court, E.D. California",7092494,https://www.courtlistener.com/opinion/7092494/navarro-v-block/,Court of Appeals for the Ninth Circuit,Navarro,Navarro v. Block,"['2001 WL 498270', '250 F.3d 729']"
10368856,https://www.courtlistener.com/opinion/10368856/swetala-v-quten-research-institute-llc/,"District Court, E.D. California",7102486,https://www.courtlistener.com/opinion/7102486/armstrong-v-davis/,Court of Appeals for the Ninth Circuit,Armstrong,Armstrong v. Davis,"['2001 WL 1506518', '275 F.3d 849']"
10368856,https://www.courtlistener.com/opinion/10368856/swetala-v-quten-research-institute-llc/,"District Court, E.D. California",7305813,https://www.courtlistener.com/opinion/7305813/jenkins-v-city-of-san-antonio-fire-department/,"District Court, W.D. Texas",Jenkins,Jenkins v. City of San Antonio Fire Department,"['2014 U.S. Dist. LEXIS 53926', '2014 WL 1492756', '88 Fed. R. Serv. 3d 635', '12 F. Supp. 3d 925']"
10368856,https://www.courtlistener.com/opinion/10368856/swetala-v-quten-research-institute-llc/,"District Court, E.D. California",7307453,https://www.courtlistener.com/opinion/7307453/hendricks-v-starkist-co/,"District Court, N.D. California",Hendricks,Hendricks v. Starkist Co.,"['2014 WL 1244770', '2014 U.S. Dist. LEXIS 41523', '30 F. Supp. 3d 917']"
10368856,https://www.courtlistener.com/opinion/10368856/swetala-v-quten-research-institute-llc/,"District Court, E.D. California",7324900,https://www.courtlistener.com/opinion/7324900/hadley-v-kellogg-sales-co/,"District Court, N.D. California",Hadley,Hadley v. Kellogg Sales Co.,"['2017 U.S. Dist. LEXIS 40825', '2017 WL 1065293', '243 F. Supp. 3d 1074']"
10368856,https://www.courtlistener.com/opinion/10368856/swetala-v-quten-research-institute-llc/,"District Court, E.D. California",7917212,https://www.courtlistener.com/opinion/7917212/nichols-v-palmer/,Supreme Court of Connecticut,Nichols,Nichols v. Palmer,['5 Day 47']
10368856,https://www.courtlistener.com/opinion/10368856/swetala-v-quten-research-institute-llc/,"District Court, E.D. California",8442970,https://www.courtlistener.com/opinion/8442970/ebner-v-fresh-inc/,Court of Appeals for the Ninth Circuit,Ebner,"Ebner v. Fresh, Inc.","['2016 WL 5389307', '838 F.3d 958']"
10368856,https://www.courtlistener.com/opinion/10368856/swetala-v-quten-research-institute-llc/,"District Court, E.D. California",8472124,https://www.courtlistener.com/opinion/8472124/jarrett-v-intermune-inc/,Court of Appeals for the Ninth Circuit,Jarrett,Jarrett v. InterMune Inc.,"[""464 F. App'x 651""]"
10368856,https://www.courtlistener.com/opinion/10368856/swetala-v-quten-research-institute-llc/,"District Court, E.D. California",108906,https://www.courtlistener.com/opinion/108906/oshea-v-littleton/,Supreme Court of the United States,O'Shea,O'Shea v. Littleton,"['1974 U.S. LEXIS 41', '414 U.S. 488', '94 S. Ct. 669', '38 L. Ed. 2d 674']"
10368856,https://www.courtlistener.com/opinion/10368856/swetala-v-quten-research-institute-llc/,"District Court, E.D. California",110916,https://www.courtlistener.com/opinion/110916/city-of-los-angeles-v-lyons/,Supreme Court of the United States,Lyons,City of Los Angeles v. Lyons,"['51 U.S.L.W. 4424', '1983 U.S. LEXIS 152', '461 U.S. 95', '103 S. Ct. 1660', '75 L. Ed. 2d 675']"
10368856,https://www.courtlistener.com/opinion/10368856/swetala-v-quten-research-institute-llc/,"District Court, E.D. California",112747,https://www.courtlistener.com/opinion/112747/lujan-v-defenders-of-wildlife/,Supreme Court of the United States,Lujan,Lujan v. Defenders of Wildlife,"['34 ERC (BNA) 1785', '22 Envtl. L. Rep. (Envtl. Law Inst.) 20913', '6 Fla. L. Weekly Fed. S 374', '92 Daily Journal DAR 8967', '92 Cal. Daily Op. Serv. 4985', '60 U.S.L.W. 4495', '1992 U.S. LEXIS 3543', '504 U.S. 555', '112 S. Ct. 2130', '119 L. Ed. 2d 351']"
10368856,https://www.courtlistener.com/opinion/10368856/swetala-v-quten-research-institute-llc/,"District Court, E.D. California",118329,https://www.courtlistener.com/opinion/118329/friends-of-the-earth-inc-v-laidlaw-environmental-services-toc-inc/,Supreme Court of the United States,Friends of Earth,"Friends of the Earth, Inc. v. Laidlaw Environmental Services (TOC), Inc.","['49 ERC (BNA) 1769', '2000 Cal. Daily Op. Serv. 289', '163 A.L.R. Fed. 749', '30 Envtl. L. Rep. (Envtl. Law Inst.) 20246', '1999 Colo. J. C.A.R. 142', '2000 Daily Journal DAR 375', '13 Fla. L. Weekly Fed. S 37', '2000 U.S. LEXIS 501', '528 U.S. 167', '120 S. Ct. 693', '145 L. Ed. 2d 610']"
10368856,https://www.courtlistener.com/opinion/10368856/swetala-v-quten-research-institute-llc/,"District Court, E.D. California",137748,https://www.courtlistener.com/opinion/137748/johnson-v-california/,Supreme Court of the United States,,Johnson v. California,"['2005 U.S. LEXIS 2007', '543 U.S. 499', '125 S. Ct. 1141', '160 L. Ed. 2d 949']"
10368856,https://www.courtlistener.com/opinion/10368856/swetala-v-quten-research-institute-llc/,"District Court, E.D. California",145875,https://www.courtlistener.com/opinion/145875/ashcroft-v-iqbal/,Supreme Court of the United States,Iqbal,Ashcroft v. Iqbal,"['2009 U.S. LEXIS 3472', '556 U.S. 662', '129 S. Ct. 1937', '173 L. Ed. 2d 868']"
10368856,https://www.courtlistener.com/opinion/10368856/swetala-v-quten-research-institute-llc/,"District Court, E.D. California",145904,https://www.courtlistener.com/opinion/145904/summers-v-earth-island-institute/,Supreme Court of the United States,Summers,Summers v. Earth Island Institute,"['21 Fla. L. Weekly Fed. S 670', '2009 U.S. LEXIS 1769', '555 U.S. 488', '129 S. Ct. 1142', '173 L. Ed. 2d 1']"
10368856,https://www.courtlistener.com/opinion/10368856/swetala-v-quten-research-institute-llc/,"District Court, E.D. California",149005,https://www.courtlistener.com/opinion/149005/monsanto-co-v-geertson-seed-farms/,Supreme Court of the United States,,Monsanto Co. v. Geertson Seed Farms,"['70 ERC (BNA) 1481', '22 Fla. L. Weekly Fed. S 524', '40 Envtl. L. Rep. (Envtl. Law Inst.) 20167', '78 U.S.L.W. 4665', '2010 D.A.R. 9305', '2010 U.S. LEXIS 4980', '561 U.S. 139', '130 S. Ct. 2743', '177 L. Ed. 2d 461']"
10368856,https://www.courtlistener.com/opinion/10368856/swetala-v-quten-research-institute-llc/,"District Court, E.D. California",788804,https://www.courtlistener.com/opinion/788804/evel-knievel-krystal-knievel-v-espn-a-subsidiary-of-walt-disney-inc/,Court of Appeals for the Ninth Circuit,,"Evel Knievel Krystal Knievel v. Espn, a Subsidiary of Walt Disney, Inc.","['2005 WL 14882', '2005 U.S. App. LEXIS 45', '33 Media L. Rep. (BNA) 1097', '3 A.L.R. 6th 733', '393 F.3d 1068']"
10368856,https://www.courtlistener.com/opinion/10368856/swetala-v-quten-research-institute-llc/,"District Court, E.D. California",2623151,https://www.courtlistener.com/opinion/2623151/robinson-helicopter-co-inc-v-dana-corp/,California Supreme Court,,"Robinson Helicopter Co., Inc. v. Dana Corp.","['2004 Cal. LEXIS 12219', '2004 Cal. Daily Op. Serv. 11271', '34 Cal. 4th 979', '22 Cal. Rptr. 3d 352', '102 P.3d 268']"
10368856,https://www.courtlistener.com/opinion/10368856/swetala-v-quten-research-institute-llc/,"District Court, E.D. California",2625862,https://www.courtlistener.com/opinion/2625862/small-v-fritz-companies-inc/,California Supreme Court,Small,"Small v. Fritz Companies, Inc.","['30 Cal. 4th 167', '132 Cal. Rptr. 2d 490', '65 P.3d 1255']"
10415317,https://www.courtlistener.com/opinion/10415317/gmc-semitech-co-ltd-v-capital-asset-exchange-and-trading-llc/,"District Court, N.D. California",2159546,https://www.courtlistener.com/opinion/2159546/careau-co-v-security-pacific-business-credit-inc/,California Court of Appeal,,"Careau & Co. v. Security Pacific Business Credit, Inc.","['1990 Cal. App. LEXIS 879', '272 Cal. Rptr. 387', '222 Cal. App. 3d 1371']"
10415317,https://www.courtlistener.com/opinion/10415317/gmc-semitech-co-ltd-v-capital-asset-exchange-and-trading-llc/,"District Court, N.D. California",2421945,https://www.courtlistener.com/opinion/2421945/rambarrat-ex-rel-rambarrat-v-united-states/,"District Court, S.D. New York",,Rambarrat Ex Rel. Rambarrat v. United States,"['2004 WL 2848287', '2004 U.S. Dist. LEXIS 24780', '347 F. Supp. 2d 6']"
10415317,https://www.courtlistener.com/opinion/10415317/gmc-semitech-co-ltd-v-capital-asset-exchange-and-trading-llc/,"District Court, N.D. California",2470639,https://www.courtlistener.com/opinion/2470639/rosenfeld-v-jpmorgan-chase-bank-na/,"District Court, N.D. California",Rosenfeld,"Rosenfeld v. JPMorgan Chase Bank, N.A.","['2010 WL 3155808', '2010 U.S. Dist. LEXIS 81087', '732 F. Supp. 2d 952']"
10415317,https://www.courtlistener.com/opinion/10415317/gmc-semitech-co-ltd-v-capital-asset-exchange-and-trading-llc/,"District Court, N.D. California",2650741,https://www.courtlistener.com/opinion/2650741/rutherford-holdings-llc-v-plaza-del-rey/,California Court of Appeal,,"Rutherford Holdings, LLC v. Plaza Del Rey","['2014 Cal. App. LEXIS 56', '2014 WL 255537', '166 Cal. Rptr. 3d 864', '223 Cal. App. 4th 221']"
10415317,https://www.courtlistener.com/opinion/10415317/gmc-semitech-co-ltd-v-capital-asset-exchange-and-trading-llc/,"District Court, N.D. California",2736107,https://www.courtlistener.com/opinion/2736107/retail-property-trust-v-united-brotherhood-of-carpenters-joiners-of/,Court of Appeals for the Ninth Circuit,,Retail Property Trust v. United Brotherhood of Carpenters & Joiners of America,"['2014 WL 4694802', '2014 U.S. App. LEXIS 18322', '200 L.R.R.M. (BNA) 3653', '768 F.3d 938']"
10415317,https://www.courtlistener.com/opinion/10415317/gmc-semitech-co-ltd-v-capital-asset-exchange-and-trading-llc/,"District Court, N.D. California",2788119,https://www.courtlistener.com/opinion/2788119/united-states-v-habibi/,Court of Appeals for the First Circuit,Habibi,United States v. Habibi,"['2015 WL 1263146', '2015 U.S. App. LEXIS 4613', '96 Fed. R. Serv. 1415', '783 F.3d 1']"
10415317,https://www.courtlistener.com/opinion/10415317/gmc-semitech-co-ltd-v-capital-asset-exchange-and-trading-llc/,"District Court, N.D. California",4237321,https://www.courtlistener.com/opinion/4237321/esg-capital-partners-v-venable-llp/,Court of Appeals for the Ninth Circuit,,Esg Capital Partners v. Venable LLP,"['2016 WL 3672051', '2016 U.S. App. LEXIS 12718', '828 F.3d 1023']"
10415317,https://www.courtlistener.com/opinion/10415317/gmc-semitech-co-ltd-v-capital-asset-exchange-and-trading-llc/,"District Court, N.D. California",7092494,https://www.courtlistener.com/opinion/7092494/navarro-v-block/,Court of Appeals for the Ninth Circuit,Navarro,Navarro v. Block,"['2001 WL 498270', '250 F.3d 729']"
10415317,https://www.courtlistener.com/opinion/10415317/gmc-semitech-co-ltd-v-capital-asset-exchange-and-trading-llc/,"District Court, N.D. California",7307880,https://www.courtlistener.com/opinion/7307880/boris-v-wal-mart-stores-inc/,"District Court, C.D. California",Boris,"Boris v. Wal-Mart Stores, Inc.","['2014 U.S. Dist. LEXIS 56115', '2014 WL 1477404', '35 F. Supp. 3d 1163']"
10415317,https://www.courtlistener.com/opinion/10415317/gmc-semitech-co-ltd-v-capital-asset-exchange-and-trading-llc/,"District Court, N.D. California",7324900,https://www.courtlistener.com/opinion/7324900/hadley-v-kellogg-sales-co/,"District Court, N.D. California",Hadley,Hadley v. Kellogg Sales Co.,"['2017 U.S. Dist. LEXIS 40825', '2017 WL 1065293', '243 F. Supp. 3d 1074']"
10415317,https://www.courtlistener.com/opinion/10415317/gmc-semitech-co-ltd-v-capital-asset-exchange-and-trading-llc/,"District Court, N.D. California",8700517,https://www.courtlistener.com/opinion/8700517/bruton-v-gerber-products-co/,Court of Appeals for the Ninth Circuit,Bruton,Bruton v. Gerber Products Co.,"[""703 F. App'x 468""]"
10415317,https://www.courtlistener.com/opinion/10415317/gmc-semitech-co-ltd-v-capital-asset-exchange-and-trading-llc/,"District Court, N.D. California",145730,https://www.courtlistener.com/opinion/145730/bell-atlantic-corp-v-twombly/,Supreme Court of the United States,Twombly,Bell Atlantic Corp. v. Twombly,"['75 U.S.L.W. 4337', '68 Fed. R. Serv. 3d 661', '20 Fla. L. Weekly Fed. S 267', '41 Communications Reg. (P&F) 567', '2007 U.S. LEXIS 5901', '550 U.S. 544', '127 S. Ct. 1955', '167 L. Ed. 2d 929']"
10415317,https://www.courtlistener.com/opinion/10415317/gmc-semitech-co-ltd-v-capital-asset-exchange-and-trading-llc/,"District Court, N.D. California",145901,https://www.courtlistener.com/opinion/145901/bartlett-v-strickland/,Supreme Court of the United States,Bartlett,Bartlett v. Strickland,"['51 A.L.R. Fed. 2d 709', '77 U.S.L.W. 4187', '21 Fla. L. Weekly Fed. S 705', '2009 U.S. LEXIS 1842', '556 U.S. 1', '129 S. Ct. 1231', '173 L. Ed. 2d 173']"
10415317,https://www.courtlistener.com/opinion/10415317/gmc-semitech-co-ltd-v-capital-asset-exchange-and-trading-llc/,"District Court, N.D. California",2623151,https://www.courtlistener.com/opinion/2623151/robinson-helicopter-co-inc-v-dana-corp/,California Supreme Court,,"Robinson Helicopter Co., Inc. v. Dana Corp.","['2004 Cal. LEXIS 12219', '2004 Cal. Daily Op. Serv. 11271', '34 Cal. 4th 979', '22 Cal. Rptr. 3d 352', '102 P.3d 268']"
10599655,https://www.courtlistener.com/opinion/10599655/denucci-v-aflac/,"District Court, S.D. California",7324900,https://www.courtlistener.com/opinion/7324900/hadley-v-kellogg-sales-co/,"District Court, N.D. California",Hadley,Hadley v. Kellogg Sales Co.,"['2017 U.S. Dist. LEXIS 40825', '2017 WL 1065293', '243 F. Supp. 3d 1074']"
10599667,https://www.courtlistener.com/opinion/10599667/clark-v-nordic-naturals-inc/,"District Court, N.D. California",216101,https://www.courtlistener.com/opinion/216101/fayer-v-vaughn/,Court of Appeals for the Ninth Circuit,Fayer,Fayer v. Vaughn,"['2011 WL 1663595', '2011 U.S. App. LEXIS 9103', '649 F.3d 1061']"
10599667,https://www.courtlistener.com/opinion/10599667/clark-v-nordic-naturals-inc/,"District Court, N.D. California",659849,https://www.courtlistener.com/opinion/659849/united-states-v-thomas-l-root/,Court of Appeals for the D.C. Circuit,,United States v. Thomas L. Root,"['1994 WL 2311', '1994 U.S. App. LEXIS 204', '304 U.S. App. D.C. 251', '12 F.3d 1116']"
10599667,https://www.courtlistener.com/opinion/10599667/clark-v-nordic-naturals-inc/,"District Court, N.D. California",1243130,https://www.courtlistener.com/opinion/1243130/williams-v-gerber-products-co/,Court of Appeals for the Ninth Circuit,,Williams v. Gerber Products Co.,"['2008 WL 5273731', '2008 U.S. App. LEXIS 27421', '552 F.3d 934']"
10599667,https://www.courtlistener.com/opinion/10599667/clark-v-nordic-naturals-inc/,"District Court, N.D. California",1462689,https://www.courtlistener.com/opinion/1462689/thompson-v-kennickell/,"District Court, District of Columbia",Thompson,Thompson v. Kennickell,"['1989 WL 29357', '50 Empl. Prac. Dec. (CCH) 38,999', '1989 U.S. Dist. LEXIS 3138', '710 F. Supp. 1']"
10599667,https://www.courtlistener.com/opinion/10599667/clark-v-nordic-naturals-inc/,"District Court, N.D. California",2792929,https://www.courtlistener.com/opinion/2792929/skye-astiana-v-the-hain-celestial-group/,Court of Appeals for the Ninth Circuit,,Skye Astiana v. the Hain Celestial Group,"['2015 WL 1600205', '2015 U.S. App. LEXIS 5833', '783 F.3d 753']"
10599667,https://www.courtlistener.com/opinion/10599667/clark-v-nordic-naturals-inc/,"District Court, N.D. California",2814659,https://www.courtlistener.com/opinion/2814659/mitsui-osk-lines-ltd-v-seamaster-logistics-inc/,Court of Appeals for the Ninth Circuit,,"Mitsui O.S.K. Lines, Ltd. v. Seamaster Logistics, Inc.","[""618 F. App'x 304""]"
10599667,https://www.courtlistener.com/opinion/10599667/clark-v-nordic-naturals-inc/,"District Court, N.D. California",4525969,https://www.courtlistener.com/opinion/4525969/karim-khoja-v-orexigen-therapeutics-inc/,Court of Appeals for the Ninth Circuit,,"Karim Khoja v. Orexigen Therapeutics, Inc.",['899 F.3d 988']
10599667,https://www.courtlistener.com/opinion/10599667/clark-v-nordic-naturals-inc/,"District Court, N.D. California",4580575,https://www.courtlistener.com/opinion/4580575/paul-dachauer-v-nbty-inc/,Court of Appeals for the Ninth Circuit,,"Paul Dachauer v. Nbty, Inc.",['913 F.3d 844']
10599667,https://www.courtlistener.com/opinion/10599667/clark-v-nordic-naturals-inc/,"District Court, N.D. California",4614038,https://www.courtlistener.com/opinion/4614038/bk-v-thomas-betlach/,Court of Appeals for the Ninth Circuit,B.K.,B.K. v. Thomas Betlach,['922 F.3d 957']
10599667,https://www.courtlistener.com/opinion/10599667/clark-v-nordic-naturals-inc/,"District Court, N.D. California",7092482,https://www.courtlistener.com/opinion/7092482/lee-v-city-of-los-angeles/,Court of Appeals for the Ninth Circuit,,Lee v. City of Los Angeles,"['2001 WL 468408', '250 F.3d 668']"
10599667,https://www.courtlistener.com/opinion/10599667/clark-v-nordic-naturals-inc/,"District Court, N.D. California",7324900,https://www.courtlistener.com/opinion/7324900/hadley-v-kellogg-sales-co/,"District Court, N.D. California",Hadley,Hadley v. Kellogg Sales Co.,"['2017 U.S. Dist. LEXIS 40825', '2017 WL 1065293', '243 F. Supp. 3d 1074']"
10599667,https://www.courtlistener.com/opinion/10599667/clark-v-nordic-naturals-inc/,"District Court, N.D. California",7327214,https://www.courtlistener.com/opinion/7327214/hadley-v-kellogg-sales-co/,"District Court, N.D. California",Hadley,Hadley v. Kellogg Sales Co.,['273 F. Supp. 3d 1052']
10599667,https://www.courtlistener.com/opinion/10599667/clark-v-nordic-naturals-inc/,"District Court, N.D. California",8440230,https://www.courtlistener.com/opinion/8440230/united-states-v-vega-santiago/,Court of Appeals for the First Circuit,Vega-Santiago,United States v. Vega-Santiago,"['2008 WL 451813', '2008 U.S. App. LEXIS 3757', '519 F.3d 1']"
10599667,https://www.courtlistener.com/opinion/10599667/clark-v-nordic-naturals-inc/,"District Court, N.D. California",8721527,https://www.courtlistener.com/opinion/8721527/mitsui-osk-lines-ltd-v-seamaster-logistics-inc/,"District Court, N.D. California",,"Mitsui O.S.K. Lines, Ltd. v. Seamaster Logistics, Inc.","['2012 U.S. Dist. LEXIS 179672', '2012 WL 6631713', '913 F. Supp. 2d 780']"
10599667,https://www.courtlistener.com/opinion/10599667/clark-v-nordic-naturals-inc/,"District Court, N.D. California",145730,https://www.courtlistener.com/opinion/145730/bell-atlantic-corp-v-twombly/,Supreme Court of the United States,Twombly,Bell Atlantic Corp. v. Twombly,"['75 U.S.L.W. 4337', '68 Fed. R. Serv. 3d 661', '20 Fla. L. Weekly Fed. S 267', '41 Communications Reg. (P&F) 567', '2007 U.S. LEXIS 5901', '550 U.S. 544', '127 S. Ct. 1955', '167 L. Ed. 2d 929']"
10599667,https://www.courtlistener.com/opinion/10599667/clark-v-nordic-naturals-inc/,"District Court, N.D. California",145875,https://www.courtlistener.com/opinion/145875/ashcroft-v-iqbal/,Supreme Court of the United States,Iqbal,Ashcroft v. Iqbal,"['2009 U.S. LEXIS 3472', '556 U.S. 662', '129 S. Ct. 1937', '173 L. Ed. 2d 868']"
10599667,https://www.courtlistener.com/opinion/10599667/clark-v-nordic-naturals-inc/,"District Court, N.D. California",698448,https://www.courtlistener.com/opinion/698448/john-doe-v-united-states-of-america-in-re-john-doe-debtor-john-doe-v/,Court of Appeals for the Ninth Circuit,,"John Doe v. United States of America, in Re John Doe, Debtor. John Doe v. United States","['1995 WL 383492', '27 Bankr. Ct. Dec. (CRR) 554', '1995 U.S. App. LEXIS 15979', '32 Fed. R. Serv. 3d 795', '95 Cal. Daily Op. Serv. 5027', '95 Daily Journal DAR 8594', '58 F.3d 494']"
