cited_cluster_id,citing_cluster_id,citing_court_id
84681,4877180,scotus
84681,214949,scotus
84681,4895709,scotus
84681,95391,scotus
84681,95822,scotus
84681,110753,scotus
84681,96668,scotus
84681,106775,scotus
84681,86065,scotus
84681,92702,scotus
84681,100240,scotus
84681,87371,scotus
84681,91129,scotus
84681,92252,scotus
84681,108266,scotus
84681,90827,scotus
84681,95314,scotus
84681,99154,scotus
84681,99824,scotus
84681,94602,scotus
84681,92845,scotus
84681,90667,scotus
84681,117880,scotus
84681,117927,scotus
84681,95997,scotus
84681,145688,scotus
84681,215071,scotus
84681,215077,scotus
84681,6620345,scotus
84681,6623244,scotus
84681,6623243,scotus
84681,9398335,scotus
84681,6619822,scotus
84681,10049696,scotus
84681,118011,scotus
84681,118317,scotus
84681,118317,scotus
84681,118317,scotus
84681,103555,scotus
84681,108990,scotus
84681,105525,scotus
84681,108990,scotus
84681,103555,scotus
84681,105525,scotus
84681,118011,scotus
84681,118011,scotus
84681,118011,scotus
84681,7343954,scotus
84681,7343954,scotus
84681,7343955,scotus
84681,215071,scotus
84681,215071,scotus
84681,215077,scotus
84681,145688,scotus
84681,145688,scotus
84681,118511,scotus
84681,118511,scotus
84681,110753,scotus
84681,111094,scotus
84681,111503,scotus
84681,111540,scotus
84681,112419,scotus
84681,112641,scotus
84681,111949,scotus
84681,111949,scotus
84681,118318,scotus
84681,118318,scotus
84681,117880,scotus
84798,93904,scotus
84992,90499,scotus
84992,88610,scotus
84992,91123,scotus
84992,92063,scotus
84992,92277,scotus
84992,85786,scotus
84992,101022,scotus
84992,145875,scotus
84992,145875,scotus
84992,103761,scotus
85272,134743,scotus
85272,4764602,scotus
85272,4764603,scotus
85272,2365229,scotus
85272,4766665,scotus
85272,4766664,scotus
85272,4766668,scotus
85272,931122,scotus
85272,932059,scotus
85272,931124,scotus
85272,931614,scotus
85272,945737,scotus
85272,4892571,scotus
85272,4898460,scotus
85272,4894912,scotus
85272,102861,scotus
85272,111503,scotus
85272,104697,scotus
85272,102858,scotus
85272,111504,scotus
85272,102901,scotus
85272,101975,scotus
85272,106658,scotus
85272,102038,scotus
85272,111541,scotus
85272,105090,scotus
85272,105993,scotus
85272,106508,scotus
85272,105193,scotus
85272,105326,scotus
85272,105172,scotus
85272,105304,scotus
85272,105197,scotus
85272,106307,scotus
85272,101762,scotus
85272,106282,scotus
85272,105533,scotus
85272,103287,scotus
85272,105212,scotus
85272,106863,scotus
85272,105018,scotus
85272,105628,scotus
85272,106879,scotus
85272,105630,scotus
85272,107201,scotus
85272,102167,scotus
85272,102219,scotus
85272,105631,scotus
85272,102986,scotus
85272,134745,scotus
85272,101899,scotus
85272,102275,scotus
85272,103017,scotus
85272,102381,scotus
85272,110826,scotus
85272,102387,scotus
85272,102389,scotus
85272,110488,scotus
85272,102580,scotus
85272,112429,scotus
85272,102596,scotus
85272,103219,scotus
85272,108804,scotus
85272,102605,scotus
85272,109244,scotus
85272,107734,scotus
85272,108819,scotus
85272,103230,scotus
85272,109436,scotus
85272,107744,scotus
85272,6225645,scotus
85272,101632,scotus
85272,109824,scotus
85272,103047,scotus
85272,112674,scotus
85272,112715,scotus
85272,110675,scotus
85272,112279,scotus
85272,112644,scotus
85272,109261,scotus
85272,110692,scotus
85272,109836,scotus
85272,112646,scotus
85272,110002,scotus
85272,110718,scotus
85272,112075,scotus
85272,110034,scotus
85272,110037,scotus
85272,102703,scotus
85272,102139,scotus
85272,110022,scotus
85272,102726,scotus
85272,102734,scotus
85272,103950,scotus
85272,118404,scotus
85272,112329,scotus
85272,118407,scotus
85272,111908,scotus
85272,103982,scotus
85272,110097,scotus
85272,111710,scotus
85272,104031,scotus
85272,104033,scotus
85272,111939,scotus
85272,100916,scotus
85272,104002,scotus
85272,101733,scotus
85272,107314,scotus
85272,107315,scotus
85272,111262,scotus
85272,107320,scotus
85272,109930,scotus
85272,110892,scotus
85272,110894,scotus
85272,104454,scotus
85272,108153,scotus
85272,108247,scotus
85272,103716,scotus
85272,111146,scotus
85272,103671,scotus
85272,111016,scotus
85272,108221,scotus
85272,112227,scotus
85272,110985,scotus
85272,111104,scotus
85272,109101,scotus
85272,109585,scotus
85272,118318,scotus
85272,118346,scotus
85272,2804677,scotus
85272,6454239,scotus
85272,6461470,scotus
85272,2788982,scotus
85272,6463787,scotus
85272,799995,scotus
85272,799993,scotus
85272,2959745,scotus
85272,2959749,scotus
85272,2806208,scotus
85272,2810527,scotus
85272,1975541,scotus
85272,809122,scotus
85272,2421240,scotus
85272,2790213,scotus
85272,2812589,scotus
85272,2801433,scotus
85272,2808294,scotus
85272,3189871,scotus
85272,2803249,scotus
85272,4460812,scotus
85272,2811848,scotus
85272,3214883,scotus
85272,2680590,scotus
85272,2676593,scotus
85272,4479380,scotus
85272,4630267,scotus
85272,4618956,scotus
85272,4246370,scotus
85272,3195998,scotus
85272,4757657,scotus
85272,3211608,scotus
85272,4759389,scotus
85272,4591917,scotus
85272,4759029,scotus
85272,4764451,scotus
85272,4765903,scotus
85272,4895709,scotus
85272,4631842,scotus
85272,4630088,scotus
85272,107554,scotus
85272,110248,scotus
85272,109060,scotus
85272,112768,scotus
85272,110295,scotus
85272,112849,scotus
85272,112890,scotus
85272,112777,scotus
85272,104759,scotus
85272,109380,scotus
85272,109402,scotus
85272,118076,scotus
85272,108754,scotus
85272,118458,scotus
85272,110048,scotus
85272,118115,scotus
85272,109467,scotus
85272,118120,scotus
85272,130139,scotus
85272,118140,scotus
85272,117856,scotus
85272,118010,scotus
85272,118183,scotus
85272,118148,scotus
85272,117968,scotus
85272,118238,scotus
85272,117895,scotus
85272,117852,scotus
85272,127912,scotus
85272,117935,scotus
85272,118214,scotus
85272,112249,scotus
85272,117883,scotus
85272,117927,scotus
85272,149586,scotus
85272,149703,scotus
85272,149702,scotus
85272,2621075,scotus
85272,145902,scotus
85272,146552,scotus
85272,1087607,scotus
85272,803267,scotus
85272,145747,scotus
85272,145849,scotus
85272,4630268,scotus
85272,4641200,scotus
85272,6479294,scotus
85272,6480696,scotus
85272,7686272,scotus
85272,9407187,scotus
85272,9404970,scotus
85272,9406660,scotus
85272,9409605,scotus
85272,9410786,scotus
85272,9480639,scotus
85272,9484378,scotus
85272,9506542,scotus
85272,9546123,scotus
85272,9679332,scotus
85272,9824344,scotus
85272,9947295,scotus
85272,9954582,scotus
85272,9502726,scotus
85272,9971894,scotus
85272,9986254,scotus
85272,9986257,scotus
85272,9508920,scotus
85272,10049671,scotus
85272,10049679,scotus
85272,10049675,scotus
85272,10049660,scotus
85272,10049655,scotus
85272,118011,scotus
85272,118317,scotus
85272,103172,scotus
85272,103172,scotus
85272,103214,scotus
85272,118317,scotus
85272,109499,scotus
85272,101913,scotus
85272,103172,scotus
85272,111308,scotus
85272,111555,scotus
85272,111308,scotus
85272,111308,scotus
85272,103214,scotus
85272,103442,scotus
85272,112040,scotus
85272,107748,scotus
85272,103639,scotus
85272,105525,scotus
85272,109881,scotus
85272,107748,scotus
85272,109499,scotus
85272,109881,scotus
85272,105525,scotus
85272,105525,scotus
85272,105525,scotus
85272,111555,scotus
85272,112040,scotus
85272,112040,scotus
85272,118011,scotus
85272,4766664,scotus
85272,4766664,scotus
85272,4766665,scotus
85272,4766665,scotus
85272,4630267,scotus
85272,4630267,scotus
85272,2788982,scotus
85272,2808294,scotus
85272,2803249,scotus
85272,3214883,scotus
85272,3189871,scotus
85272,3211608,scotus
85272,145902,scotus
85272,149702,scotus
85272,145849,scotus
85272,809122,scotus
85272,809122,scotus
85272,809122,scotus
85272,9054281,scotus
85272,9068915,scotus
85272,931614,scotus
85272,931614,scotus
85272,945737,scotus
85272,931122,scotus
85272,931122,scotus
85272,146552,scotus
85272,146552,scotus
85272,146552,scotus
85272,146552,scotus
85272,145747,scotus
85272,127912,scotus
85272,799990,scotus
85272,118407,scotus
85272,799993,scotus
85272,799993,scotus
85272,799995,scotus
85272,799995,scotus
85272,799995,scotus
85272,118458,scotus
85272,130139,scotus
85272,134743,scotus
85272,134745,scotus
85272,134745,scotus
85272,2621075,scotus
85272,2811848,scotus
85272,9044058,scotus
85272,110295,scotus
85272,110248,scotus
85272,110718,scotus
85272,111104,scotus
85272,110985,scotus
85272,110985,scotus
85272,110894,scotus
85272,111503,scotus
85272,111504,scotus
85272,111541,scotus
85272,111710,scotus
85272,111146,scotus
85272,111262,scotus
85272,112249,scotus
85272,112075,scotus
85272,110692,scotus
85272,111939,scotus
85272,112429,scotus
85272,112429,scotus
85272,112429,scotus
85272,110488,scotus
85272,112768,scotus
85272,112329,scotus
85272,112227,scotus
85272,112227,scotus
85272,112279,scotus
85272,112674,scotus
85272,118214,scotus
85272,118318,scotus
85272,118318,scotus
85272,111016,scotus
85272,111016,scotus
85272,112644,scotus
85272,112646,scotus
85272,117856,scotus
85272,112777,scotus
85272,118115,scotus
85272,118183,scotus
85272,112890,scotus
85272,118140,scotus
85272,117895,scotus
85272,118148,scotus
85272,118148,scotus
85330,2645422,scotus
85330,626209,scotus
85330,813020,scotus
85330,4729479,scotus
85330,4867542,scotus
85330,4877180,scotus
85330,214949,scotus
85330,4894055,scotus
85330,4898459,scotus
85330,4894912,scotus
85330,111492,scotus
85330,111503,scotus
85330,102872,scotus
85330,104697,scotus
85330,102901,scotus
85330,101991,scotus
85330,105371,scotus
85330,106821,scotus
85330,106067,scotus
85330,105152,scotus
85330,105898,scotus
85330,106879,scotus
85330,107115,scotus
85330,105594,scotus
85330,105608,scotus
85330,102167,scotus
85330,101895,scotus
85330,102271,scotus
85330,108726,scotus
85330,108763,scotus
85330,112427,scotus
85330,112444,scotus
85330,103229,scotus
85330,102756,scotus
85330,112701,scotus
85330,108291,scotus
85330,112681,scotus
85330,118363,scotus
85330,112291,scotus
85330,102111,scotus
85330,102112,scotus
85330,102126,scotus
85330,112302,scotus
85330,145660,scotus
85330,117841,scotus
85330,109702,scotus
85330,109907,scotus
85330,109915,scotus
85330,102475,scotus
85330,100926,scotus
85330,110885,scotus
85330,109012,scotus
85330,104116,scotus
85330,110961,scotus
85330,118506,scotus
85330,104455,scotus
85330,118511,scotus
85330,111094,scotus
85330,111949,scotus
85330,109520,scotus
85330,110985,scotus
85330,111441,scotus
85330,110365,scotus
85330,118316,scotus
85330,145702,scotus
85330,799995,scotus
85330,2806208,scotus
85330,1960562,scotus
85330,621043,scotus
85330,2421240,scotus
85330,2808294,scotus
85330,3205023,scotus
85330,3214883,scotus
85330,2676593,scotus
85330,2784695,scotus
85330,4510624,scotus
85330,4748670,scotus
85330,4748668,scotus
85330,3187262,scotus
85330,4749014,scotus
85330,4749015,scotus
85330,4894283,scotus
85330,4894284,scotus
85330,4903413,scotus
85330,108152,scotus
85330,112877,scotus
85330,1753,scotus
85330,111758,scotus
85330,109405,scotus
85330,117948,scotus
85330,118031,scotus
85330,117905,scotus
85330,117880,scotus
85330,117927,scotus
85330,145688,scotus
85330,215071,scotus
85330,146552,scotus
85330,4510028,scotus
85330,9398334,scotus
85330,9391545,scotus
85330,9400078,scotus
85330,9449042,scotus
85330,9473279,scotus
85330,9567048,scotus
85330,9679332,scotus
85330,9824344,scotus
85330,9947295,scotus
85330,9954582,scotus
85330,9971894,scotus
85330,9986254,scotus
85330,9986257,scotus
85330,9987186,scotus
85330,10049702,scotus
85330,10049695,scotus
85330,10318017,scotus
85330,10337235,scotus
85330,10353024,scotus
85330,118011,scotus
85330,118317,scotus
85330,118317,scotus
85330,107252,scotus
85330,107252,scotus
85330,118011,scotus
85330,118011,scotus
85330,118011,scotus
85330,4748668,scotus
85330,10589836,scotus
85330,2808294,scotus
85330,3214883,scotus
85330,7343954,scotus
85330,7350870,scotus
85330,8167887,scotus
85330,215071,scotus
85330,9242169,scotus
85330,146552,scotus
85330,145660,scotus
85330,145660,scotus
85330,145702,scotus
85330,145688,scotus
85330,118506,scotus
85330,799995,scotus
85330,118511,scotus
85330,110885,scotus
85330,110985,scotus
85330,111094,scotus
85330,111503,scotus
85330,111492,scotus
85330,112302,scotus
85330,112427,scotus
85330,112291,scotus
85330,111441,scotus
85330,111949,scotus
85330,111949,scotus
85330,118316,scotus
85330,111758,scotus
85330,117905,scotus
85330,117880,scotus
85412,1218943,scotus
85412,866022,scotus
85412,1447641,scotus
85412,931122,scotus
85412,104652,scotus
85412,102847,scotus
85412,104663,scotus
85412,106739,scotus
85412,106618,scotus
85412,106729,scotus
85412,106821,scotus
85412,105829,scotus
85412,106041,scotus
85412,106401,scotus
85412,105230,scotus
85412,106307,scotus
85412,104966,scotus
85412,103319,scotus
85412,103287,scotus
85412,105732,scotus
85412,105217,scotus
85412,101802,scotus
85412,107115,scotus
85412,102224,scotus
85412,134745,scotus
85412,102963,scotus
85412,103017,scotus
85412,110477,scotus
85412,103037,scotus
85412,110485,scotus
85412,110516,scotus
85412,102580,scotus
85412,112429,scotus
85412,102636,scotus
85412,103187,scotus
85412,102605,scotus
85412,107734,scotus
85412,122254,scotus
85412,103227,scotus
85412,107731,scotus
85412,101580,scotus
85412,112698,scotus
85412,108326,scotus
85412,110578,scotus
85412,110643,scotus
85412,102807,scotus
85412,102065,scotus
85412,112636,scotus
85412,110673,scotus
85412,109811,scotus
85412,103107,scotus
85412,145777,scotus
85412,118363,scotus
85412,103122,scotus
85412,112291,scotus
85412,102094,scotus
85412,112534,scotus
85412,103133,scotus
85412,112747,scotus
85412,110718,scotus
85412,102727,scotus
85412,118379,scotus
85412,109662,scotus
85412,112341,scotus
85412,111212,scotus
85412,110068,scotus
85412,104009,scotus
85412,112803,scotus
85412,102460,scotus
85412,103990,scotus
85412,101684,scotus
85412,118396,scotus
85412,111941,scotus
85412,103362,scotus
85412,104060,scotus
85412,100926,scotus
85412,111769,scotus
85412,103367,scotus
85412,102512,scotus
85412,103413,scotus
85412,110880,scotus
85412,111091,scotus
85412,110881,scotus
85412,111949,scotus
85412,103716,scotus
85412,111437,scotus
85412,111412,scotus
85412,110427,scotus
85412,109578,scotus
85412,118346,scotus
85412,799995,scotus
85412,809122,scotus
85412,2421240,scotus
85412,2790213,scotus
85412,2801433,scotus
85412,2516349,scotus
85412,2676593,scotus
85412,4501697,scotus
85412,4509418,scotus
85412,802971,scotus
85412,4374567,scotus
85412,4632952,scotus
85412,111850,scotus
85412,109771,scotus
85412,110161,scotus
85412,106950,scotus
85412,106951,scotus
85412,110308,scotus
85412,118111,scotus
85412,121162,scotus
85412,117997,scotus
85412,118026,scotus
85412,117914,scotus
85412,117927,scotus
85412,149702,scotus
85412,182558,scotus
85412,145902,scotus
85412,1087607,scotus
85412,803267,scotus
85412,145739,scotus
85412,145809,scotus
85412,145862,scotus
85412,803270,scotus
85412,9398334,scotus
85412,9400078,scotus
85412,9401905,scotus
85412,9406660,scotus
85412,9409606,scotus
85412,9410341,scotus
85412,6619822,scotus
85412,9484375,scotus
85412,9485287,scotus
85412,10049695,scotus
85412,10049684,scotus
85412,10049661,scotus
85412,10049675,scotus
85412,109499,scotus
85412,110063,scotus
85412,109499,scotus
85412,103442,scotus
85412,108350,scotus
85412,112739,scotus
85412,109835,scotus
85412,110063,scotus
85412,108350,scotus
85412,109499,scotus
85412,109835,scotus
85412,110063,scotus
85412,112739,scotus
85412,7341869,scotus
85412,145777,scotus
85412,145862,scotus
85412,145902,scotus
85412,149702,scotus
85412,809122,scotus
85412,809122,scotus
85412,809122,scotus
85412,866022,scotus
85412,931122,scotus
85412,145809,scotus
85412,145809,scotus
85412,121162,scotus
85412,145739,scotus
85412,145739,scotus
85412,118396,scotus
85412,118379,scotus
85412,799995,scotus
85412,799995,scotus
85412,122254,scotus
85412,134745,scotus
85412,803270,scotus
85412,110516,scotus
85412,110516,scotus
85412,110718,scotus
85412,110643,scotus
85412,110880,scotus
85412,110308,scotus
85412,110881,scotus
85412,110881,scotus
85412,111091,scotus
85412,110485,scotus
85412,110578,scotus
85412,111769,scotus
85412,112429,scotus
85412,111941,scotus
85412,117914,scotus
85412,112803,scotus
85412,111949,scotus
85412,112341,scotus
85412,112291,scotus
85412,112534,scotus
85412,118111,scotus
85412,118111,scotus
85412,112636,scotus
85412,182558,scotus
85451,134736,scotus
85451,4766664,scotus
85451,4729478,scotus
85451,1446533,scotus
85451,102861,scotus
85451,111503,scotus
85451,104697,scotus
85451,104696,scotus
85451,104700,scotus
85451,106845,scotus
85451,106819,scotus
85451,105871,scotus
85451,105283,scotus
85451,105326,scotus
85451,106307,scotus
85451,101762,scotus
85451,105511,scotus
85451,102986,scotus
85451,110771,scotus
85451,112423,scotus
85451,110531,scotus
85451,103145,scotus
85451,107744,scotus
85451,102770,scotus
85451,108307,scotus
85451,103047,scotus
85451,102054,scotus
85451,102086,scotus
85451,102090,scotus
85451,112266,scotus
85451,112293,scotus
85451,102697,scotus
85451,102703,scotus
85451,110031,scotus
85451,112345,scotus
85451,103982,scotus
85451,112802,scotus
85451,101733,scotus
85451,109932,scotus
85451,108987,scotus
85451,110889,scotus
85451,110932,scotus
85451,111094,scotus
85451,111949,scotus
85451,109503,scotus
85451,111016,scotus
85451,110245,scotus
85451,110990,scotus
85451,118318,scotus
85451,2790213,scotus
85451,4487345,scotus
85451,4630267,scotus
85451,2764189,scotus
85451,3171724,scotus
85451,4510624,scotus
85451,3177217,scotus
85451,3177218,scotus
85451,4731814,scotus
85451,3203730,scotus
85451,4374578,scotus
85451,4630088,scotus
85451,112770,scotus
85451,111758,scotus
85451,118076,scotus
85451,118134,scotus
85451,108266,scotus
85451,107969,scotus
85451,117895,scotus
85451,118203,scotus
85451,117935,scotus
85451,145872,scotus
85451,1794340,scotus
85451,4510028,scotus
85451,820904,scotus
85451,4630268,scotus
85451,4641200,scotus
85451,9986254,scotus
85451,118011,scotus
85451,92059,scotus
85451,92059,scotus
85451,107464,scotus
85451,107464,scotus
85451,103761,scotus
85451,107464,scotus
85451,118011,scotus
85451,9231105,scotus
85451,4766664,scotus
85451,4630267,scotus
85451,8176275,scotus
85451,9032937,scotus
85451,110245,scotus
85451,110771,scotus
85451,110889,scotus
85451,111094,scotus
85451,111094,scotus
85451,111503,scotus
85451,112266,scotus
85451,112293,scotus
85451,112802,scotus
85451,112293,scotus
85451,112770,scotus
85451,112770,scotus
85451,111949,scotus
85451,111949,scotus
85451,118318,scotus
85451,111758,scotus
85451,111758,scotus
85451,112423,scotus
85451,111016,scotus
85451,112345,scotus
85451,118134,scotus
85451,117895,scotus
85451,118134,scotus
85451,118134,scotus
85451,118203,scotus
85534,1087772,scotus
85534,102861,scotus
85534,102029,scotus
85534,106835,scotus
85534,105833,scotus
85534,106481,scotus
85534,103287,scotus
85534,101872,scotus
85534,102253,scotus
85534,102963,scotus
85534,102402,scotus
85534,102405,scotus
85534,103164,scotus
85534,102588,scotus
85534,107901,scotus
85534,101632,scotus
85534,102065,scotus
85534,103122,scotus
85534,102098,scotus
85534,111153,scotus
85534,104009,scotus
85534,101684,scotus
85534,110137,scotus
85534,104119,scotus
85534,109044,scotus
85534,2421240,scotus
85534,4632952,scotus
85534,95339,scotus
85534,93324,scotus
85534,96196,scotus
85534,92758,scotus
85534,95765,scotus
85534,95365,scotus
85534,92767,scotus
85534,91551,scotus
85534,91559,scotus
85534,96232,scotus
85534,99884,scotus
85534,91566,scotus
85534,87885,scotus
85534,95785,scotus
85534,97134,scotus
85534,95790,scotus
85534,91716,scotus
85534,104859,scotus
85534,94079,scotus
85534,90046,scotus
85534,86808,scotus
85534,95538,scotus
85534,92203,scotus
85534,91735,scotus
85534,93898,scotus
85534,90078,scotus
85534,104869,scotus
85534,92223,scotus
85534,89268,scotus
85534,91413,scotus
85534,87748,scotus
85534,89506,scotus
85534,95471,scotus
85534,86014,scotus
85534,98408,scotus
85534,89765,scotus
85534,98521,scotus
85534,86480,scotus
85534,89725,scotus
85534,105847,scotus
85534,91985,scotus
85534,97835,scotus
85534,88075,scotus
85534,86540,scotus
85534,94239,scotus
85534,104834,scotus
85534,94174,scotus
85534,104171,scotus
85534,118111,scotus
85534,101220,scotus
85534,88607,scotus
85534,89142,scotus
85534,97150,scotus
85534,101444,scotus
85534,97363,scotus
85534,94416,scotus
85534,87379,scotus
85534,93112,scotus
85534,100245,scotus
85534,99176,scotus
85534,97378,scotus
85534,86429,scotus
85534,93127,scotus
85534,89946,scotus
85534,88429,scotus
85534,95284,scotus
85534,101481,scotus
85534,95319,scotus
85534,95884,scotus
85534,91178,scotus
85534,94918,scotus
85534,91869,scotus
85534,117855,scotus
85534,94933,scotus
85534,90741,scotus
85534,96751,scotus
85534,93507,scotus
85534,98232,scotus
85534,94872,scotus
85534,94873,scotus
85534,90600,scotus
85534,94894,scotus
85534,99541,scotus
85534,118038,scotus
85534,104328,scotus
85534,104307,scotus
85534,117914,scotus
85534,95118,scotus
85534,86231,scotus
85534,94940,scotus
85534,117927,scotus
85534,95030,scotus
85534,96569,scotus
85534,96033,scotus
85534,95959,scotus
85534,95999,scotus
85534,96009,scotus
85534,95012,scotus
85534,102665,scotus
85534,1087607,scotus
85534,9398334,scotus
85534,9400078,scotus
85534,9409606,scotus
85534,9410341,scotus
85534,6619822,scotus
85534,10049695,scotus
85534,10049661,scotus
85534,92291,scotus
85534,101750,scotus
85534,103831,scotus
85534,112739,scotus
85534,109344,scotus
85534,109835,scotus
85534,109344,scotus
85534,109835,scotus
85534,103831,scotus
85534,112739,scotus
85534,117914,scotus
85534,118111,scotus
85777,122254,scotus
85777,109288,scotus
85777,103354,scotus
85777,104522,scotus
85777,2771248,scotus
85777,149585,scotus
85777,149649,scotus
85777,9400077,scotus
85777,10049692,scotus
85777,98917,scotus
85777,98917,scotus
85777,98917,scotus
85777,101913,scotus
85777,8171534,scotus
85777,149649,scotus
85777,122254,scotus
85777,111062,scotus
85911,105200,scotus
85911,122254,scotus
85911,103135,scotus
85911,111432,scotus
85911,2959739,scotus
85911,621090,scotus
85911,621044,scotus
85911,4492196,scotus
85911,4748670,scotus
85911,4749014,scotus
85911,4749015,scotus
85911,106757,scotus
85911,111062,scotus
85911,103624,scotus
85911,6480696,scotus
85911,7686272,scotus
85911,101913,scotus
85911,2959739,scotus
85911,122254,scotus
85911,111062,scotus
85911,111432,scotus
86014,102224,scotus
86014,101894,scotus
86014,108472,scotus
86014,108223,scotus
86014,118299,scotus
86014,802971,scotus
86014,118111,scotus
86014,108751,scotus
86014,803270,scotus
86014,103557,scotus
86014,103557,scotus
86014,803270,scotus
86014,118111,scotus
86014,118299,scotus
86090,105789,scotus
86090,112481,scotus
86090,110212,scotus
86090,110212,scotus
86113,1446533,scotus
86113,104700,scotus
86113,107219,scotus
86113,102996,scotus
86113,102428,scotus
86113,110744,scotus
86113,1933842,scotus
86113,100926,scotus
86113,110115,scotus
86113,2620695,scotus
86113,1794340,scotus
86113,109580,scotus
86113,109580,scotus
86113,109580,scotus
86113,110744,scotus
86188,4879558,scotus
86188,102873,scotus
86188,104696,scotus
86188,105363,scotus
86188,106729,scotus
86188,105835,scotus
86188,105270,scotus
86188,105125,scotus
86188,105689,scotus
86188,102288,scotus
86188,102345,scotus
86188,112564,scotus
86188,108819,scotus
86188,1116658,scotus
86188,101604,scotus
86188,103091,scotus
86188,102817,scotus
86188,137006,scotus
86188,109877,scotus
86188,112135,scotus
86188,111710,scotus
86188,110077,scotus
86188,107492,scotus
86188,108166,scotus
86188,110885,scotus
86188,103426,scotus
86188,111091,scotus
86188,111094,scotus
86188,104528,scotus
86188,110245,scotus
86188,91030,scotus
86188,92142,scotus
86188,92423,scotus
86188,109059,scotus
86188,97121,scotus
86188,110274,scotus
86188,90036,scotus
86188,89016,scotus
86188,110168,scotus
86188,92206,scotus
86188,86289,scotus
86188,101265,scotus
86188,107024,scotus
86188,105246,scotus
86188,103447,scotus
86188,86325,scotus
86188,106164,scotus
86188,88871,scotus
86188,87633,scotus
86188,89625,scotus
86188,106775,scotus
86188,86682,scotus
86188,87041,scotus
86188,100362,scotus
86188,95227,scotus
86188,93638,scotus
86188,103624,scotus
86188,90787,scotus
86188,88831,scotus
86188,89199,scotus
86188,96939,scotus
86188,90205,scotus
86188,104182,scotus
86188,91876,scotus
86188,117892,scotus
86188,118038,scotus
86188,103794,scotus
86188,92845,scotus
86188,9378411,scotus
86188,103012,scotus
86188,103012,scotus
86188,103962,scotus
86188,109580,scotus
86188,109580,scotus
86188,137006,scotus
86188,110168,scotus
86188,110245,scotus
86188,110420,scotus
86188,111091,scotus
86188,110885,scotus
86188,111094,scotus
86188,111710,scotus
86188,118038,scotus
86188,112135,scotus
86188,112564,scotus
86188,117892,scotus
86223,102861,scotus
86223,101762,scotus
86223,102219,scotus
86223,102968,scotus
86223,112429,scotus
86223,109824,scotus
86223,103047,scotus
86223,110675,scotus
86223,112279,scotus
86223,102734,scotus
86223,103982,scotus
86223,112227,scotus
86223,109585,scotus
86223,118310,scotus
86223,91588,scotus
86223,86463,scotus
86223,86314,scotus
86223,93571,scotus
86223,95471,scotus
86223,86480,scotus
86223,101300,scotus
86223,94239,scotus
86223,94174,scotus
86223,96357,scotus
86223,97150,scotus
86223,101444,scotus
86223,94416,scotus
86223,100771,scotus
86223,117956,scotus
86223,101648,scotus
86223,103853,scotus
86223,88308,scotus
86223,99610,scotus
86223,103172,scotus
86223,103172,scotus
86223,103172,scotus
86223,103172,scotus
86223,112040,scotus
86223,112040,scotus
86223,112429,scotus
86223,112227,scotus
86223,112227,scotus
86223,112279,scotus
86223,118310,scotus
86231,1447641,scotus
86231,102847,scotus
86231,104663,scotus
86231,105695,scotus
86231,108767,scotus
86231,112313,scotus
86231,110031,scotus
86231,111916,scotus
86231,100926,scotus
86231,110885,scotus
86231,103438,scotus
86231,118299,scotus
86231,2676593,scotus
86231,110753,scotus
86231,92766,scotus
86231,92767,scotus
86231,95779,scotus
86231,90039,scotus
86231,90897,scotus
86231,98379,scotus
86231,89266,scotus
86231,95471,scotus
86231,96239,scotus
86231,86480,scotus
86231,89626,scotus
86231,98646,scotus
86231,109961,scotus
86231,104386,scotus
86231,102249,scotus
86231,101442,scotus
86231,98950,scotus
86231,100806,scotus
86231,99672,scotus
86231,94602,scotus
86231,101360,scotus
86231,100996,scotus
86231,101019,scotus
86231,145872,scotus
86231,109881,scotus
86231,109881,scotus
86231,110885,scotus
86231,110753,scotus
86231,118299,scotus
86231,112313,scotus
86231,112313,scotus
86317,623241,scotus
86317,931614,scotus
86317,102861,scotus
86317,106627,scotus
86317,108897,scotus
86317,108359,scotus
86317,108744,scotus
86317,102605,scotus
86317,108291,scotus
86317,110744,scotus
86317,102111,scotus
86317,110018,scotus
86317,111909,scotus
86317,102485,scotus
86317,110115,scotus
86317,107545,scotus
86317,109937,scotus
86317,118451,scotus
86317,110895,scotus
86317,104454,scotus
86317,108130,scotus
86317,111147,scotus
86317,110923,scotus
86317,111988,scotus
86317,110436,scotus
86317,4621280,scotus
86317,4499693,scotus
86317,118134,scotus
86317,118128,scotus
86317,2499327,scotus
86317,145856,scotus
86317,6619823,scotus
86317,9401905,scotus
86317,109580,scotus
86317,109580,scotus
86317,109580,scotus
86317,931614,scotus
86317,145856,scotus
86317,118451,scotus
86317,118451,scotus
86317,110923,scotus
86317,110923,scotus
86317,110744,scotus
86317,110895,scotus
86317,110436,scotus
86317,111988,scotus
86317,118128,scotus
86317,118134,scotus
86324,2790213,scotus
86324,101913,scotus
86429,104696,scotus
86429,106834,scotus
86429,105833,scotus
86429,106282,scotus
86429,102224,scotus
86429,101894,scotus
86429,102833,scotus
86429,111153,scotus
86429,104009,scotus
86429,118390,scotus
86429,111244,scotus
86429,111941,scotus
86429,110137,scotus
86429,104119,scotus
86429,2421240,scotus
86429,2801433,scotus
86429,4632952,scotus
86429,112787,scotus
86429,118111,scotus
86429,145739,scotus
86429,109344,scotus
86429,109570,scotus
86429,109835,scotus
86429,109344,scotus
86429,109570,scotus
86429,109835,scotus
86429,145739,scotus
86429,111244,scotus
86429,111941,scotus
86429,118111,scotus
86429,112787,scotus
86449,106357,scotus
86449,105409,scotus
86449,106521,scotus
86449,106943,scotus
86449,102256,scotus
86449,102350,scotus
86449,102396,scotus
86449,109207,scotus
86449,103409,scotus
86449,110373,scotus
86449,106440,scotus
86449,108889,scotus
86449,110373,scotus
86700,101804,scotus
86700,101894,scotus
86700,110645,scotus
86700,103974,scotus
86700,107481,scotus
86700,4374572,scotus
86700,6480696,scotus
86700,7686272,scotus
86700,102164,scotus
86700,4374572,scotus
86700,110645,scotus
86919,108637,scotus
86919,110136,scotus
86919,109252,scotus
86919,5625138,scotus
86949,4879558,scotus
86949,111390,scotus
86949,112609,scotus
86949,111390,scotus
87021,111555,scotus
87021,111555,scotus
87021,111555,scotus
87219,103189,scotus
87219,108818,scotus
87219,102083,scotus
87219,109288,scotus
87219,108982,scotus
87219,104105,scotus
87219,109018,scotus
87219,108547,scotus
87219,104522,scotus
87219,103678,scotus
87219,2771248,scotus
87219,106757,scotus
87219,98917,scotus
87219,98917,scotus
87219,101913,scotus
87219,103916,scotus
87219,103916,scotus
87219,8171534,scotus
87219,111062,scotus
87367,102114,scotus
87367,95407,scotus
87367,93804,scotus
87367,93289,scotus
87367,92252,scotus
87367,131148,scotus
87367,99154,scotus
87367,100103,scotus
87367,103493,scotus
87367,131148,scotus
87371,110718,scotus
87371,112313,scotus
87371,110031,scotus
87371,111916,scotus
87371,110379,scotus
87371,2781442,scotus
87371,4474475,scotus
87371,4511641,scotus
87371,98314,scotus
87371,95815,scotus
87371,97104,scotus
87371,96519,scotus
87371,112768,scotus
87371,90040,scotus
87371,90041,scotus
87371,90042,scotus
87371,90043,scotus
87371,110284,scotus
87371,98371,scotus
87371,91415,scotus
87371,93578,scotus
87371,98646,scotus
87371,109961,scotus
87371,91503,scotus
87371,100240,scotus
87371,90285,scotus
87371,92252,scotus
87371,99021,scotus
87371,118148,scotus
87371,96819,scotus
87371,118225,scotus
87371,104311,scotus
87371,94976,scotus
87371,118011,scotus
87371,92059,scotus
87371,92059,scotus
87371,111940,scotus
87371,109881,scotus
87371,109881,scotus
87371,111940,scotus
87371,111940,scotus
87371,118011,scotus
87371,8172266,scotus
87371,110379,scotus
87371,110718,scotus
87371,110790,scotus
87371,112768,scotus
87371,118148,scotus
87371,112313,scotus
87423,94640,scotus
87423,89502,scotus
87423,89832,scotus
87423,92730,scotus
87423,90322,scotus
87423,91298,scotus
87423,92325,scotus
87423,90011,scotus
87423,100688,scotus
87423,91878,scotus
87423,90683,scotus
87423,93904,scotus
87633,102348,scotus
87633,102486,scotus
87633,90400,scotus
87633,90112,scotus
87633,93003,scotus
87633,93083,scotus
87633,90787,scotus
87633,90163,scotus
87633,89998,scotus
87633,89541,scotus
87633,96939,scotus
87633,90205,scotus
87633,90753,scotus
87633,93471,scotus
87633,91306,scotus
87743,101894,scotus
87743,90844,scotus
87743,91253,scotus
87743,100366,scotus
87743,90546,scotus
87743,95941,scotus
87743,93311,scotus
87748,105230,scotus
87748,102190,scotus
87748,102963,scotus
87748,110467,scotus
87748,102605,scotus
87748,118396,scotus
87748,104106,scotus
87748,107541,scotus
87748,102512,scotus
87748,103413,scotus
87748,98902,scotus
87748,95346,scotus
87748,92394,scotus
87748,93804,scotus
87748,92169,scotus
87748,92767,scotus
87748,110161,scotus
87748,107547,scotus
87748,95790,scotus
87748,90947,scotus
87748,91716,scotus
87748,92203,scotus
87748,91752,scotus
87748,89458,scotus
87748,89459,scotus
87748,93562,scotus
87748,89268,scotus
87748,93915,scotus
87748,91711,scotus
87748,97448,scotus
87748,89718,scotus
87748,91986,scotus
87748,89623,scotus
87748,89820,scotus
87748,98436,scotus
87748,97899,scotus
87748,89626,scotus
87748,94238,scotus
87748,98958,scotus
87748,96420,scotus
87748,94192,scotus
87748,97576,scotus
87748,94486,scotus
87748,104171,scotus
87748,96358,scotus
87748,89142,scotus
87748,97966,scotus
87748,91528,scotus
87748,101500,scotus
87748,90287,scotus
87748,90290,scotus
87748,91276,scotus
87748,97003,scotus
87748,90808,scotus
87748,90809,scotus
87748,92306,scotus
87748,99783,scotus
87748,94872,scotus
87748,90602,scotus
87748,90608,scotus
87748,94635,scotus
87748,95093,scotus
87748,95012,scotus
87748,1087607,scotus
87748,9401905,scotus
87748,10049684,scotus
87748,103493,scotus
87748,118396,scotus
87748,110467,scotus
87768,105210,scotus
87768,92350,scotus
87768,96912,scotus
87768,95354,scotus
87768,93393,scotus
87768,95684,scotus
87768,93405,scotus
87768,95707,scotus
87768,91588,scotus
87768,98481,scotus
87768,98395,scotus
87768,94273,scotus
87768,94277,scotus
87768,94171,scotus
87768,96405,scotus
87768,92685,scotus
87768,94191,scotus
87768,100445,scotus
87768,92690,scotus
87768,94793,scotus
87768,98588,scotus
87768,92610,scotus
87768,94819,scotus
87768,97320,scotus
87768,91459,scotus
87768,94590,scotus
87768,99564,scotus
87768,101371,scotus
87768,96032,scotus
87768,96578,scotus
87768,93311,scotus
87768,101913,scotus
87776,101894,scotus
87776,100366,scotus
87776,95078,scotus
87776,90719,scotus
87776,93311,scotus
87778,105751,scotus
87778,106221,scotus
87778,105313,scotus
87778,106534,scotus
87778,106087,scotus
87778,105497,scotus
87778,107082,scotus
87778,106267,scotus
87778,104980,scotus
87778,105518,scotus
87778,105219,scotus
87778,106880,scotus
87778,102831,scotus
87778,108329,scotus
87778,118361,scotus
87778,110075,scotus
87778,109701,scotus
87778,111260,scotus
87778,104139,scotus
87778,109729,scotus
87778,110413,scotus
87778,109647,scotus
87778,2959733,scotus
87778,92392,scotus
87778,95797,scotus
87778,95497,scotus
87778,91735,scotus
87778,93842,scotus
87778,104923,scotus
87778,106988,scotus
87778,105659,scotus
87778,104790,scotus
87778,89805,scotus
87778,97656,scotus
87778,104158,scotus
87778,104373,scotus
87778,99756,scotus
87778,104162,scotus
87778,94451,scotus
87778,100734,scotus
87778,104229,scotus
87778,130161,scotus
87778,97242,scotus
87778,104184,scotus
87778,90760,scotus
87778,94855,scotus
87778,104303,scotus
87778,145221,scotus
87778,1087605,scotus
87778,6477117,scotus
87778,9410338,scotus
87778,9485286,scotus
87778,9987186,scotus
87778,10049657,scotus
87778,107081,scotus
87778,107081,scotus
87778,112471,scotus
87778,107081,scotus
87778,112471,scotus
87778,4766665,scotus
87778,130161,scotus
87778,145221,scotus
87778,110413,scotus
87778,111260,scotus
87778,111260,scotus
87830,1522352,scotus
87830,1087704,scotus
87830,104669,scotus
87830,102412,scotus
87830,103156,scotus
87830,104139,scotus
87830,102513,scotus
87830,104443,scotus
87830,93300,scotus
87830,90964,scotus
87830,96454,scotus
87830,90450,scotus
87830,96865,scotus
87830,92809,scotus
87830,97648,scotus
87830,89618,scotus
87830,104361,scotus
87830,92967,scotus
87830,92654,scotus
87830,96284,scotus
87830,91491,scotus
87830,103616,scotus
87830,94428,scotus
87830,89969,scotus
87830,101193,scotus
87830,91143,scotus
87830,93699,scotus
87830,90030,scotus
87830,99560,scotus
87830,93465,scotus
87830,103900,scotus
87830,95033,scotus
87830,95953,scotus
87830,103736,scotus
87830,103736,scotus
87830,103736,scotus
87885,102861,scotus
87885,106481,scotus
87885,105843,scotus
87885,101762,scotus
87885,105716,scotus
87885,106879,scotus
87885,107201,scotus
87885,108859,scotus
87885,101894,scotus
87885,108373,scotus
87885,110521,scotus
87885,107901,scotus
87885,103226,scotus
87885,110554,scotus
87885,110034,scotus
87885,111695,scotus
87885,108501,scotus
87885,108971,scotus
87885,102529,scotus
87885,108485,scotus
87885,108221,scotus
87885,118286,scotus
87885,93940,scotus
87885,96885,scotus
87885,98330,scotus
87885,95785,scotus
87885,107573,scotus
87885,91716,scotus
87885,91581,scotus
87885,91735,scotus
87885,89268,scotus
87885,91413,scotus
87885,93916,scotus
87885,89506,scotus
87885,100587,scotus
87885,91985,scotus
87885,91986,scotus
87885,89826,scotus
87885,94239,scotus
87885,104043,scotus
87885,97966,scotus
87885,109954,scotus
87885,108751,scotus
87885,91914,scotus
87885,90809,scotus
87885,91178,scotus
87885,91869,scotus
87885,99670,scotus
87885,99672,scotus
87885,94872,scotus
87885,90600,scotus
87885,117935,scotus
87885,101411,scotus
87885,103557,scotus
87885,108362,scotus
87885,108362,scotus
87885,103557,scotus
87885,110554,scotus
87885,110521,scotus
87885,118286,scotus
87885,111695,scotus
87985,1218943,scotus
87985,102968,scotus
87985,103047,scotus
87985,112632,scotus
87985,110718,scotus
87985,110881,scotus
87985,118318,scotus
87985,4497655,scotus
87985,112768,scotus
87985,94079,scotus
87985,91368,scotus
87985,94238,scotus
87985,94174,scotus
87985,100692,scotus
87985,97349,scotus
87985,100515,scotus
87985,94416,scotus
87985,100768,scotus
87985,93124,scotus
87985,95281,scotus
87985,99190,scotus
87985,102843,scotus
87985,91153,scotus
87985,100409,scotus
87985,118148,scotus
87985,100978,scotus
87985,101399,scotus
87985,9404968,scotus
87985,9406660,scotus
87985,10049677,scotus
87985,10049675,scotus
87985,109499,scotus
87985,109499,scotus
87985,111308,scotus
87985,111308,scotus
87985,111308,scotus
87985,109881,scotus
87985,109499,scotus
87985,109881,scotus
87985,110718,scotus
87985,110718,scotus
87985,110881,scotus
87985,112768,scotus
87985,112768,scotus
87985,118318,scotus
87985,118148,scotus
87985,112632,scotus
87985,5625006,scotus
88061,931614,scotus
88061,106060,scotus
88061,106366,scotus
88061,102986,scotus
88061,101894,scotus
88061,102346,scotus
88061,102783,scotus
88061,112632,scotus
88061,109259,scotus
88061,110718,scotus
88061,112304,scotus
88061,109026,scotus
88061,108153,scotus
88061,1975541,scotus
88061,4481138,scotus
88061,4499693,scotus
88061,93413,scotus
88061,112768,scotus
88061,91368,scotus
88061,91374,scotus
88061,89695,scotus
88061,97448,scotus
88061,89817,scotus
88061,96357,scotus
88061,90255,scotus
88061,100366,scotus
88061,92252,scotus
88061,97003,scotus
88061,102843,scotus
88061,94923,scotus
88061,118148,scotus
88061,99672,scotus
88061,96033,scotus
88061,102676,scotus
88061,102662,scotus
88061,145902,scotus
88061,145872,scotus
88061,145856,scotus
88061,9409605,scotus
88061,10049660,scotus
88061,109499,scotus
88061,91306,scotus
88061,109499,scotus
88061,109499,scotus
88061,145902,scotus
88061,931614,scotus
88061,145856,scotus
88061,110718,scotus
88061,112304,scotus
88061,112768,scotus
88061,118148,scotus
88061,112632,scotus
88174,110236,scotus
88174,91983,scotus
88174,109881,scotus
88174,109881,scotus
88174,110236,scotus
88240,92512,scotus
88240,91306,scotus
88300,106209,scotus
88300,105270,scotus
88300,105217,scotus
88300,108015,scotus
88300,92746,scotus
88300,99307,scotus
88300,93011,scotus
88300,98958,scotus
88300,94471,scotus
88300,95150,scotus
88300,137726,scotus
88300,98201,scotus
88300,103764,scotus
88300,102674,scotus
88300,9477033,scotus
88300,112609,scotus
88308,102861,scotus
88308,102858,scotus
88308,104696,scotus
88308,106366,scotus
88308,101762,scotus
88308,95325,scotus
88308,102219,scotus
88308,102986,scotus
88308,101894,scotus
88308,102275,scotus
88308,102330,scotus
88308,102619,scotus
88308,101632,scotus
88308,102779,scotus
88308,102783,scotus
88308,109824,scotus
88308,103047,scotus
88308,102065,scotus
88308,112279,scotus
88308,112313,scotus
88308,110031,scotus
88308,103982,scotus
88308,112227,scotus
88308,111104,scotus
88308,118310,scotus
88308,1975541,scotus
88308,93259,scotus
88308,95704,scotus
88308,91588,scotus
88308,93571,scotus
88308,101322,scotus
88308,94239,scotus
88308,94174,scotus
88308,96357,scotus
88308,95895,scotus
88308,93638,scotus
88308,100771,scotus
88308,97378,scotus
88308,95281,scotus
88308,95284,scotus
88308,101648,scotus
88308,104222,scotus
88308,103853,scotus
88308,99610,scotus
88308,102676,scotus
88308,102662,scotus
88308,103172,scotus
88308,103172,scotus
88308,103172,scotus
88308,109499,scotus
88308,103172,scotus
88308,111308,scotus
88308,111308,scotus
88308,112040,scotus
88308,103962,scotus
88308,109881,scotus
88308,109499,scotus
88308,109881,scotus
88308,112040,scotus
88308,111104,scotus
88308,112227,scotus
88308,112227,scotus
88308,112279,scotus
88308,118310,scotus
88308,112313,scotus
88336,105230,scotus
88336,105210,scotus
88336,103216,scotus
88336,103219,scotus
88336,110068,scotus
88336,103990,scotus
88336,96482,scotus
88336,95771,scotus
88336,95787,scotus
88336,91358,scotus
88336,97467,scotus
88336,90051,scotus
88336,97523,scotus
88336,106448,scotus
88336,98383,scotus
88336,93923,scotus
88336,93863,scotus
88336,96335,scotus
88336,97614,scotus
88336,93124,scotus
88336,94597,scotus
88336,104628,scotus
88336,104965,scotus
88336,104965,scotus
88336,104965,scotus
88429,106835,scotus
88429,105833,scotus
88429,112643,scotus
88429,111153,scotus
88429,104119,scotus
88429,111949,scotus
88429,92767,scotus
88429,118111,scotus
88429,101220,scotus
88429,100245,scotus
88429,118038,scotus
88429,109344,scotus
88429,109344,scotus
88429,109835,scotus
88429,109344,scotus
88429,109835,scotus
88429,112643,scotus
88429,111949,scotus
88429,118111,scotus
88640,89372,scotus
88640,89713,scotus
88640,92988,scotus
88640,91125,scotus
88640,92719,scotus
88640,93311,scotus
88661,219734,scotus
88661,134743,scotus
88661,1447641,scotus
88661,97425,scotus
88661,104696,scotus
88661,106545,scotus
88661,105843,scotus
88661,106366,scotus
88661,106282,scotus
88661,105221,scotus
88661,106879,scotus
88661,101887,scotus
88661,102224,scotus
88661,108859,scotus
88661,101894,scotus
88661,102956,scotus
88661,102334,scotus
88661,108369,scotus
88661,107901,scotus
88661,103226,scotus
88661,108307,scotus
88661,103047,scotus
88661,110733,scotus
88661,102694,scotus
88661,109868,scotus
88661,104009,scotus
88661,112144,scotus
88661,111244,scotus
88661,111737,scotus
88661,107480,scotus
88661,102501,scotus
88661,109012,scotus
88661,112176,scotus
88661,108501,scotus
88661,109930,scotus
88661,102529,scotus
88661,118501,scotus
88661,108527,scotus
88661,104455,scotus
88661,111097,scotus
88661,108221,scotus
88661,111438,scotus
88661,118286,scotus
88661,110338,scotus
88661,145702,scotus
88661,6461470,scotus
88661,6463787,scotus
88661,799990,scotus
88661,2421240,scotus
88661,4631844,scotus
88661,93413,scotus
88661,96885,scotus
88661,99053,scotus
88661,93324,scotus
88661,98111,scotus
88661,93259,scotus
88661,100233,scotus
88661,93817,scotus
88661,92767,scotus
88661,112753,scotus
88661,95785,scotus
88661,99449,scotus
88661,95472,scotus
88661,90039,scotus
88661,90041,scotus
88661,95538,scotus
88661,108662,scotus
88661,91735,scotus
88661,95546,scotus
88661,90897,scotus
88661,104918,scotus
88661,98666,scotus
88661,89675,scotus
88661,92834,scotus
88661,93916,scotus
88661,95504,scotus
88661,97713,scotus
88661,106850,scotus
88661,104355,scotus
88661,96244,scotus
88661,107263,scotus
88661,106170,scotus
88661,98426,scotus
88661,91832,scotus
88661,101323,scotus
88661,96268,scotus
88661,107197,scotus
88661,101335,scotus
88661,99282,scotus
88661,96717,scotus
88661,91488,scotus
88661,95887,scotus
88661,91182,scotus
88661,94413,scotus
88661,94508,scotus
88661,99012,scotus
88661,99190,scotus
88661,121160,scotus
88661,94828,scotus
88661,95204,scotus
88661,91158,scotus
88661,97242,scotus
88661,94842,scotus
88661,94583,scotus
88661,99670,scotus
88661,99672,scotus
88661,118144,scotus
88661,101032,scotus
88661,94602,scotus
88661,103921,scotus
88661,104545,scotus
88661,100023,scotus
88661,118243,scotus
88661,117935,scotus
88661,99577,scotus
88661,99621,scotus
88661,90728,scotus
88661,96024,scotus
88661,94954,scotus
88661,105546,scotus
88661,149702,scotus
88661,9410338,scotus
88661,107464,scotus
88661,103290,scotus
88661,103557,scotus
88661,107748,scotus
88661,108362,scotus
88661,107464,scotus
88661,107748,scotus
88661,108362,scotus
88661,103557,scotus
88661,4631844,scotus
88661,149702,scotus
88661,149702,scotus
88661,149702,scotus
88661,149702,scotus
88661,121160,scotus
88661,145702,scotus
88661,145702,scotus
88661,219734,scotus
88661,799990,scotus
88661,134743,scotus
88661,118501,scotus
88661,110338,scotus
88661,110733,scotus
88661,110733,scotus
88661,111097,scotus
88661,111097,scotus
88661,111244,scotus
88661,111737,scotus
88661,112144,scotus
88661,112144,scotus
88661,112753,scotus
88661,118286,scotus
88661,118286,scotus
88661,118286,scotus
88661,112176,scotus
88661,112176,scotus
88673,1446533,scotus
88673,1087768,scotus
88673,101991,scotus
88673,102170,scotus
88673,102432,scotus
88673,112293,scotus
88673,110031,scotus
88673,103973,scotus
88673,104000,scotus
88673,2790213,scotus
88673,93410,scotus
88673,90955,scotus
88673,90434,scotus
88673,93947,scotus
88673,94710,scotus
88673,93742,scotus
88673,100178,scotus
88673,91583,scotus
88673,91371,scotus
88673,91374,scotus
88673,90058,scotus
88673,93608,scotus
88673,94283,scotus
88673,97576,scotus
88673,89934,scotus
88673,92702,scotus
88673,94413,scotus
88673,99744,scotus
88673,90290,scotus
88673,93641,scotus
88673,89839,scotus
88673,93154,scotus
88673,118134,scotus
88673,92290,scotus
88673,90810,scotus
88673,90811,scotus
88673,94833,scotus
88673,100909,scotus
88673,93057,scotus
88673,90214,scotus
88673,96819,scotus
88673,90667,scotus
88673,1794340,scotus
88673,118011,scotus
88673,92059,scotus
88673,92059,scotus
88673,92059,scotus
88673,118011,scotus
88673,112293,scotus
88673,118134,scotus
88693,91306,scotus
88699,101894,scotus
88699,103037,scotus
88699,100916,scotus
88699,93359,scotus
88699,91716,scotus
88699,91581,scotus
88699,101288,scotus
88699,92620,scotus
88699,91178,scotus
88699,100981,scotus
88699,92291,scotus
88789,1087768,scotus
88789,102861,scotus
88789,102038,scotus
88789,102024,scotus
88789,105110,scotus
88789,101762,scotus
88789,105630,scotus
88789,102986,scotus
88789,101894,scotus
88789,107744,scotus
88789,101632,scotus
88789,102058,scotus
88789,110675,scotus
88789,112279,scotus
88789,101665,scotus
88789,100916,scotus
88789,101731,scotus
88789,101733,scotus
88789,96154,scotus
88789,98296,scotus
88789,93948,scotus
88789,98109,scotus
88789,93359,scotus
88789,101559,scotus
88789,94074,scotus
88789,91588,scotus
88789,92205,scotus
88789,90084,scotus
88789,92223,scotus
88789,101272,scotus
88789,93908,scotus
88789,101277,scotus
88789,97725,scotus
88789,96335,scotus
88789,101300,scotus
88789,89905,scotus
88789,112926,scotus
88789,94416,scotus
88789,100771,scotus
88789,93124,scotus
88789,96403,scotus
88789,94819,scotus
88789,97378,scotus
88789,95281,scotus
88789,101648,scotus
88789,94833,scotus
88789,102745,scotus
88789,1435431,scotus
88789,99829,scotus
88789,95978,scotus
88789,101913,scotus
88789,104641,scotus
88789,112279,scotus
88790,95674,scotus
88790,94189,scotus
88790,100336,scotus
88790,90646,scotus
88790,109252,scotus
88869,108637,scotus
88869,98898,scotus
88869,98847,scotus
88869,93741,scotus
88869,93879,scotus
88869,92833,scotus
88869,93606,scotus
88869,99959,scotus
88869,104241,scotus
88869,92883,scotus
88869,109252,scotus
88890,105359,scotus
88890,105137,scotus
88890,102308,scotus
88890,107686,scotus
88890,112616,scotus
88890,111893,scotus
88890,97067,scotus
88890,93951,scotus
88890,109248,scotus
88890,94009,scotus
88890,108152,scotus
88890,104894,scotus
88890,106792,scotus
88890,103563,scotus
88890,105662,scotus
88890,94238,scotus
88890,92334,scotus
88890,92542,scotus
88890,92704,scotus
88890,99206,scotus
88890,100475,scotus
88890,90762,scotus
88890,103767,scotus
88890,96094,scotus
88890,117872,scotus
88890,2620887,scotus
88890,103505,scotus
88890,103505,scotus
88890,112616,scotus
88890,112616,scotus
88890,117872,scotus
88924,89695,scotus
88924,91306,scotus
88953,106721,scotus
88953,110485,scotus
88953,112577,scotus
88953,108566,scotus
88953,108474,scotus
88953,93318,scotus
88953,93431,scotus
88953,96471,scotus
88953,98241,scotus
88953,93803,scotus
88953,95656,scotus
88953,98337,scotus
88953,94117,scotus
88953,91734,scotus
88953,106973,scotus
88953,89506,scotus
88953,95526,scotus
88953,97674,scotus
88953,97150,scotus
88953,97979,scotus
88953,91911,scotus
88953,100914,scotus
88953,94850,scotus
88953,117861,scotus
88953,100946,scotus
88953,95947,scotus
88953,94954,scotus
88953,9409606,scotus
88953,9410341,scotus
88953,10049661,scotus
88953,99901,scotus
88953,110485,scotus
88953,117861,scotus
88953,112577,scotus
88994,92818,scotus
88994,89193,scotus
88994,91306,scotus
89024,109047,scotus
89024,96152,scotus
89024,94652,scotus
89024,93804,scotus
89024,93741,scotus
89024,95580,scotus
89024,98958,scotus
89024,89880,scotus
89024,92846,scotus
89024,96634,scotus
89024,109252,scotus
89070,98068,scotus
89070,90350,scotus
89070,93944,scotus
89070,97084,scotus
89070,98261,scotus
89070,98759,scotus
89070,96291,scotus
89070,99961,scotus
89070,99657,scotus
89070,96025,scotus
89070,103555,scotus
89070,103555,scotus
89070,103555,scotus
89097,108897,scotus
89097,108744,scotus
89097,112480,scotus
89097,110744,scotus
89097,104013,scotus
89097,103985,scotus
89097,107555,scotus
89097,93804,scotus
89097,93274,scotus
89097,97774,scotus
89097,92946,scotus
89097,97576,scotus
89097,100464,scotus
89097,92718,scotus
89097,148798,scotus
89097,109580,scotus
89097,109580,scotus
89097,109580,scotus
89097,6796842,scotus
89097,148798,scotus
89097,110744,scotus
89308,1446533,scotus
89308,104700,scotus
89308,112293,scotus
89308,103973,scotus
89308,111094,scotus
89308,118318,scotus
89308,90955,scotus
89308,96897,scotus
89308,98317,scotus
89308,93947,scotus
89308,94710,scotus
89308,95384,scotus
89308,91583,scotus
89308,91371,scotus
89308,91374,scotus
89308,94174,scotus
89308,92702,scotus
89308,94358,scotus
89308,90810,scotus
89308,90811,scotus
89308,93057,scotus
89308,94588,scotus
89308,96819,scotus
89308,99566,scotus
89308,90667,scotus
89308,93481,scotus
89308,1794340,scotus
89308,92059,scotus
89308,92059,scotus
89308,111940,scotus
89308,111940,scotus
89308,111094,scotus
89308,112293,scotus
89308,118318,scotus
89382,90455,scotus
89382,91639,scotus
89382,100660,scotus
89382,91903,scotus
89382,95849,scotus
89382,95304,scotus
89382,93707,scotus
89382,96796,scotus
89382,90695,scotus
89382,93904,scotus
89473,623241,scotus
89473,108897,scotus
89473,110744,scotus
89473,102095,scotus
89473,102485,scotus
89473,104454,scotus
89473,108130,scotus
89473,111988,scotus
89473,98902,scotus
89473,95346,scotus
89473,90981,scotus
89473,95752,scotus
89473,97091,scotus
89473,101128,scotus
89473,93804,scotus
89473,99106,scotus
89473,91588,scotus
89473,93896,scotus
89473,97774,scotus
89473,97847,scotus
89473,96668,scotus
89473,92946,scotus
89473,96272,scotus
89473,96702,scotus
89473,94768,scotus
89473,97576,scotus
89473,94337,scotus
89473,93214,scotus
89473,93100,scotus
89473,95913,scotus
89473,118134,scotus
89473,99025,scotus
89473,100778,scotus
89473,98563,scotus
89473,104216,scotus
89473,94614,scotus
89473,95059,scotus
89473,92923,scotus
89473,1745828,scotus
89473,2499327,scotus
89473,109580,scotus
89473,109580,scotus
89473,109580,scotus
89473,110744,scotus
89473,111988,scotus
89473,111988,scotus
89473,118134,scotus
89506,106721,scotus
89506,101894,scotus
89506,110485,scotus
89506,104009,scotus
89506,98085,scotus
89506,93318,scotus
89506,96471,scotus
89506,93742,scotus
89506,91734,scotus
89506,100366,scotus
89506,98582,scotus
89506,93233,scotus
89506,91911,scotus
89506,100914,scotus
89506,95111,scotus
89506,95947,scotus
89506,99901,scotus
89506,110485,scotus
89542,102861,scotus
89542,101894,scotus
89542,100916,scotus
89542,102477,scotus
89542,101731,scotus
89542,90454,scotus
89542,100223,scotus
89542,99339,scotus
89542,95561,scotus
89542,90124,scotus
89542,93853,scotus
89542,101291,scotus
89542,92673,scotus
89542,96963,scotus
89542,94499,scotus
89542,96768,scotus
89542,94899,scotus
89542,99943,scotus
89542,94939,scotus
89542,101913,scotus
89542,104641,scotus
89595,101798,scotus
89595,2771248,scotus
89595,94067,scotus
89595,91637,scotus
89595,91728,scotus
89595,99431,scotus
89595,104802,scotus
89595,93161,scotus
89595,91052,scotus
89595,98917,scotus
89595,98917,scotus
89595,8171534,scotus
89656,4867543,scotus
89656,1087704,scotus
89656,111491,scotus
89656,102875,scotus
89656,104690,scotus
89656,106721,scotus
89656,105378,scotus
89656,105843,scotus
89656,105161,scotus
89656,105126,scotus
89656,101758,scotus
89656,106303,scotus
89656,103314,scotus
89656,104972,scotus
89656,105728,scotus
89656,105210,scotus
89656,105595,scotus
89656,101836,scotus
89656,102261,scotus
89656,102412,scotus
89656,112436,scotus
89656,103219,scotus
89656,107938,scotus
89656,101604,scotus
89656,110705,scotus
89656,112643,scotus
89656,111159,scotus
89656,109858,scotus
89656,109721,scotus
89656,111220,scotus
89656,104095,scotus
89656,109008,scotus
89656,104139,scotus
89656,104140,scotus
89656,103379,scotus
89656,102513,scotus
89656,108474,scotus
89656,103417,scotus
89656,110981,scotus
89656,112014,scotus
89656,110170,scotus
89656,109525,scotus
89656,109128,scotus
89656,2649076,scotus
89656,4403809,scotus
89656,4395247,scotus
89656,4374578,scotus
89656,90343,scotus
89656,93297,scotus
89656,96885,scotus
89656,98292,scotus
89656,96454,scotus
89656,92392,scotus
89656,91005,scotus
89656,96855,scotus
89656,101096,scotus
89656,96209,scotus
89656,94703,scotus
89656,98879,scotus
89656,94010,scotus
89656,96144,scotus
89656,98767,scotus
89656,98895,scotus
89656,94117,scotus
89656,109768,scotus
89656,94133,scotus
89656,104806,scotus
89656,92497,scotus
89656,91741,scotus
89656,91600,scotus
89656,103447,scotus
89656,95457,scotus
89656,104786,scotus
89656,91435,scotus
89656,99503,scotus
89656,104767,scotus
89656,93585,scotus
89656,93930,scotus
89656,104909,scotus
89656,97644,scotus
89656,97648,scotus
89656,98429,scotus
89656,93611,scotus
89656,92627,scotus
89656,92654,scotus
89656,89892,scotus
89656,100511,scotus
89656,94412,scotus
89656,103616,scotus
89656,95233,scotus
89656,91530,scotus
89656,91209,scotus
89656,96994,scotus
89656,90311,scotus
89656,92730,scotus
89656,94816,scotus
89656,104200,scotus
89656,90787,scotus
89656,95189,scotus
89656,89955,scotus
89656,101526,scotus
89656,99782,scotus
89656,99211,scotus
89656,98139,scotus
89656,100294,scotus
89656,99961,scotus
89656,94563,scotus
89656,104240,scotus
89656,107960,scotus
89656,98214,scotus
89656,104545,scotus
89656,98236,scotus
89656,118035,scotus
89656,104568,scotus
89656,101008,scotus
89656,90680,scotus
89656,92878,scotus
89656,92880,scotus
89656,93481,scotus
89656,95033,scotus
89656,94983,scotus
89656,96629,scotus
89656,95000,scotus
89656,95004,scotus
89656,95006,scotus
89656,1447601,scotus
89656,9406660,scotus
89656,9409606,scotus
89656,9410341,scotus
89656,10049661,scotus
89656,10049675,scotus
89656,103736,scotus
89656,105543,scotus
89656,103736,scotus
89656,105543,scotus
89656,105543,scotus
89656,105543,scotus
89656,4403809,scotus
89656,8176344,scotus
89656,8176275,scotus
89656,110170,scotus
89656,110170,scotus
89656,111491,scotus
89656,110981,scotus
89656,111159,scotus
89656,110705,scotus
89656,112436,scotus
89656,112436,scotus
89656,112643,scotus
89664,102335,scotus
89664,102807,scotus
89664,118363,scotus
89664,102734,scotus
89664,104009,scotus
89664,104060,scotus
89664,112167,scotus
89664,2421240,scotus
89664,2421297,scotus
89664,2811845,scotus
89664,96165,scotus
89664,95365,scotus
89664,93270,scotus
89664,92186,scotus
89664,95785,scotus
89664,95786,scotus
89664,99434,scotus
89664,92813,scotus
89664,112880,scotus
89664,97725,scotus
89664,101320,scotus
89664,91986,scotus
89664,94301,scotus
89664,94456,scotus
89664,97150,scotus
89664,97596,scotus
89664,97151,scotus
89664,98580,scotus
89664,92269,scotus
89664,92620,scotus
89664,102843,scotus
89664,95294,scotus
89664,101189,scotus
89664,97222,scotus
89664,96764,scotus
89664,94597,scotus
89664,90600,scotus
89664,96033,scotus
89664,92291,scotus
89664,112167,scotus
89664,112880,scotus
89668,90400,scotus
89668,101102,scotus
89668,93633,scotus
89668,92574,scotus
89668,104332,scotus
89668,95111,scotus
89668,90719,scotus
89668,91306,scotus
89712,92343,scotus
89712,90967,scotus
89712,98261,scotus
89712,96647,scotus
89712,89845,scotus
89712,92087,scotus
89712,92114,scotus
89712,91454,scotus
89712,99657,scotus
89712,103555,scotus
89712,103555,scotus
89712,103555,scotus
89821,1087822,scotus
89821,105809,scotus
89821,105860,scotus
89821,108860,scotus
89821,103707,scotus
89821,4763596,scotus
89821,93765,scotus
89821,93243,scotus
89821,90510,scotus
89821,97108,scotus
89821,105857,scotus
89821,95550,scotus
89821,95552,scotus
89821,100343,scotus
89821,99704,scotus
89821,97202,scotus
89821,104229,scotus
89821,90030,scotus
89821,90749,scotus
89821,90629,scotus
89821,118033,scotus
89821,99556,scotus
89821,96129,scotus
89821,104246,scotus
89821,107953,scotus
89821,111948,scotus
89821,105525,scotus
89821,105525,scotus
89821,111948,scotus
89821,111948,scotus
89821,4763596,scotus
90040,134743,scotus
90040,105766,scotus
90040,105012,scotus
90040,105221,scotus
90040,101816,scotus
90040,106879,scotus
90040,101911,scotus
90040,102407,scotus
90040,108026,scotus
90040,103162,scotus
90040,108762,scotus
90040,103226,scotus
90040,112570,scotus
90040,109439,scotus
90040,112610,scotus
90040,108589,scotus
90040,103052,scotus
90040,118363,scotus
90040,109861,scotus
90040,110031,scotus
90040,107809,scotus
90040,110143,scotus
90040,104135,scotus
90040,108496,scotus
90040,104455,scotus
90040,104467,scotus
90040,109102,scotus
90040,90349,scotus
90040,108152,scotus
90040,90336,scotus
90040,93554,scotus
90040,97687,scotus
90040,90897,scotus
90040,111662,scotus
90040,97779,scotus
90040,93930,scotus
90040,96657,scotus
90040,107263,scotus
90040,106997,scotus
90040,107264,scotus
90040,98441,scotus
90040,93540,scotus
90040,104151,scotus
90040,107256,scotus
90040,96422,scotus
90040,95887,scotus
90040,93092,scotus
90040,97357,scotus
90040,94508,scotus
90040,94451,scotus
90040,96404,scotus
90040,100776,scotus
90040,94828,scotus
90040,97027,scotus
90040,100887,scotus
90040,97236,scotus
90040,93067,scotus
90040,103854,scotus
90040,90749,scotus
90040,103921,scotus
90040,104545,scotus
90040,104608,scotus
90040,106548,scotus
90040,100970,scotus
90040,95937,scotus
90040,96036,scotus
90040,9410338,scotus
90040,10049657,scotus
90040,107748,scotus
90040,107748,scotus
90040,107748,scotus
90040,134743,scotus
90040,111662,scotus
90040,112610,scotus
90040,112570,scotus
90041,134743,scotus
90041,1447641,scotus
90041,931614,scotus
90041,105766,scotus
90041,95325,scotus
90041,105221,scotus
90041,101816,scotus
90041,106879,scotus
90041,107201,scotus
90041,101911,scotus
90041,108906,scotus
90041,110766,scotus
90041,110793,scotus
90041,108026,scotus
90041,5305640,scotus
90041,5305639,scotus
90041,108772,scotus
90041,103226,scotus
90041,112606,scotus
90041,112570,scotus
90041,109439,scotus
90041,5305358,scotus
90041,108578,scotus
90041,108589,scotus
90041,112655,scotus
90041,112484,scotus
90041,103109,scotus
90041,118363,scotus
90041,112291,scotus
90041,111166,scotus
90041,110045,scotus
90041,117836,scotus
90041,111160,scotus
90041,103950,scotus
90041,110031,scotus
90041,111869,scotus
90041,118407,scotus
90041,107825,scotus
90041,110143,scotus
90041,107480,scotus
90041,104135,scotus
90041,109919,scotus
90041,108496,scotus
90041,112176,scotus
90041,107411,scotus
90041,110141,scotus
90041,110881,scotus
90041,104461,scotus
90041,109520,scotus
90041,104467,scotus
90041,111977,scotus
90041,104478,scotus
90041,108221,scotus
90041,109102,scotus
90041,118286,scotus
90041,110338,scotus
90041,2392353,scotus
90041,93765,scotus
90041,96885,scotus
90041,96895,scotus
90041,93322,scotus
90041,110248,scotus
90041,110753,scotus
90041,92766,scotus
90041,92779,scotus
90041,110273,scotus
90041,90336,scotus
90041,94648,scotus
90041,90888,scotus
90041,90897,scotus
90041,111662,scotus
90041,104785,scotus
90041,91704,scotus
90041,97779,scotus
90041,93930,scotus
90041,106761,scotus
90041,106170,scotus
90041,106997,scotus
90041,107197,scotus
90041,107256,scotus
90041,107182,scotus
90041,95887,scotus
90041,96376,scotus
90041,94508,scotus
90041,99012,scotus
90041,112358,scotus
90041,103531,scotus
90041,93132,scotus
90041,94828,scotus
90041,92295,scotus
90041,118140,scotus
90041,90749,scotus
90041,94842,scotus
90041,118156,scotus
90041,94858,scotus
90041,106609,scotus
90041,104272,scotus
90041,104545,scotus
90041,117895,scotus
90041,106548,scotus
90041,100978,scotus
90041,117944,scotus
90041,96557,scotus
90041,94954,scotus
90041,96036,scotus
90041,145697,scotus
90041,146981,scotus
90041,106444,scotus
90041,9398337,scotus
90041,9392442,scotus
90041,9404968,scotus
90041,9410338,scotus
90041,9480639,scotus
90041,9484378,scotus
90041,10049699,scotus
90041,10049677,scotus
90041,10049657,scotus
90041,92059,scotus
90041,92059,scotus
90041,109499,scotus
90041,112640,scotus
90041,112640,scotus
90041,109881,scotus
90041,109499,scotus
90041,109881,scotus
90041,6796081,scotus
90041,146981,scotus
90041,931614,scotus
90041,145697,scotus
90041,118407,scotus
90041,134743,scotus
90041,134743,scotus
90041,9136737,scotus
90041,110338,scotus
90041,110248,scotus
90041,111166,scotus
90041,110881,scotus
90041,110793,scotus
90041,110753,scotus
90041,110766,scotus
90041,110766,scotus
90041,111662,scotus
90041,112291,scotus
90041,112606,scotus
90041,112655,scotus
90041,118156,scotus
90041,112358,scotus
90041,112358,scotus
90041,112291,scotus
90041,118286,scotus
90041,112570,scotus
90041,118140,scotus
90041,117895,scotus
90041,112176,scotus
90041,112176,scotus
90350,105288,scotus
90350,102265,scotus
90350,98068,scotus
90350,93944,scotus
90350,96195,scotus
90350,98261,scotus
90350,96291,scotus
90350,96399,scotus
90350,91454,scotus
90350,99961,scotus
90350,96025,scotus
90350,94949,scotus
90350,103555,scotus
90350,103555,scotus
90350,103555,scotus
90400,94975,scotus
90400,91306,scotus
90432,91637,scotus
90432,91389,scotus
90432,93161,scotus
90432,98917,scotus
90432,98917,scotus
90455,101894,scotus
90455,93354,scotus
90455,92763,scotus
90455,91717,scotus
90455,100366,scotus
90455,93904,scotus
90600,102861,scotus
90600,1866189,scotus
90600,105195,scotus
90600,101762,scotus
90600,103148,scotus
90600,102612,scotus
90600,103122,scotus
90600,103982,scotus
90600,104060,scotus
90600,2421240,scotus
90600,2503240,scotus
90600,94653,scotus
90600,96165,scotus
90600,96839,scotus
90600,95365,scotus
90600,95785,scotus
90600,91716,scotus
90600,91581,scotus
90600,94074,scotus
90600,92205,scotus
90600,91735,scotus
90600,93928,scotus
90600,97725,scotus
90600,93929,scotus
90600,91986,scotus
90600,101300,scotus
90600,94456,scotus
90600,94459,scotus
90600,94184,scotus
90600,92694,scotus
90600,95890,scotus
90600,97150,scotus
90600,92269,scotus
90600,92620,scotus
90600,97308,scotus
90600,93124,scotus
90600,97551,scotus
90600,93127,scotus
90600,101189,scotus
90600,92308,scotus
90600,91178,scotus
90600,94597,scotus
90600,95108,scotus
90600,96569,scotus
90600,95012,scotus
90600,92291,scotus
90646,104954,scotus
90646,105529,scotus
90646,101902,scotus
90646,102392,scotus
90646,110879,scotus
90646,109047,scotus
90646,90967,scotus
90646,96856,scotus
90646,106763,scotus
90646,91963,scotus
90646,94172,scotus
90646,95235,scotus
90646,100519,scotus
90646,100336,scotus
90646,106562,scotus
90646,92846,scotus
90646,103901,scotus
90646,95032,scotus
90646,96576,scotus
90646,109252,scotus
90646,110879,scotus
90667,1446533,scotus
90667,104700,scotus
90667,105439,scotus
90667,106394,scotus
90667,103284,scotus
90667,110762,scotus
90667,110792,scotus
90667,108375,scotus
90667,103165,scotus
90667,102755,scotus
90667,112293,scotus
90667,102126,scotus
90667,103973,scotus
90667,110097,scotus
90667,104078,scotus
90667,109932,scotus
90667,104452,scotus
90667,110965,scotus
90667,111094,scotus
90667,110923,scotus
90667,104481,scotus
90667,110222,scotus
90667,118318,scotus
90667,90955,scotus
90667,96480,scotus
90667,98121,scotus
90667,98254,scotus
90667,94710,scotus
90667,94063,scotus
90667,91566,scotus
90667,91583,scotus
90667,97453,scotus
90667,97469,scotus
90667,91368,scotus
90667,95487,scotus
90667,104894,scotus
90667,103492,scotus
90667,93608,scotus
90667,104407,scotus
90667,97576,scotus
90667,92702,scotus
90667,94358,scotus
90667,94421,scotus
90667,118134,scotus
90667,99694,scotus
90667,90810,scotus
90667,99731,scotus
90667,100909,scotus
90667,93057,scotus
90667,91077,scotus
90667,99982,scotus
90667,93509,scotus
90667,118199,scotus
90667,96819,scotus
90667,96123,scotus
90667,103805,scotus
90667,96033,scotus
90667,96587,scotus
90667,94976,scotus
90667,1794340,scotus
90667,9987186,scotus
90667,118011,scotus
90667,92059,scotus
90667,92059,scotus
90667,92059,scotus
90667,118011,scotus
90667,110923,scotus
90667,110792,scotus
90667,110792,scotus
90667,111094,scotus
90667,110965,scotus
90667,110762,scotus
90667,112293,scotus
90667,112293,scotus
90667,118318,scotus
90667,118134,scotus
90667,118134,scotus
90667,118134,scotus
90667,118199,scotus
90728,134743,scotus
90728,101816,scotus
90728,106879,scotus
90728,107201,scotus
90728,108727,scotus
90728,118363,scotus
90728,110103,scotus
90728,104135,scotus
90728,112805,scotus
90728,108153,scotus
90728,111015,scotus
90728,2959737,scotus
90728,809122,scotus
90728,802973,scotus
90728,93322,scotus
90728,96210,scotus
90728,90897,scotus
90728,104918,scotus
90728,98518,scotus
90728,106170,scotus
90728,96668,scotus
90728,108654,scotus
90728,97957,scotus
90728,96296,scotus
90728,95887,scotus
90728,100907,scotus
90728,100887,scotus
90728,95214,scotus
90728,118140,scotus
90728,91236,scotus
90728,96745,scotus
90728,91885,scotus
90728,99670,scotus
90728,104545,scotus
90728,803271,scotus
90728,803267,scotus
90728,108362,scotus
90728,108362,scotus
90728,809122,scotus
90728,2959737,scotus
90728,134743,scotus
90728,111015,scotus
90728,111015,scotus
90728,112805,scotus
90728,118140,scotus
90760,899483,scotus
90760,106880,scotus
90760,105594,scotus
90760,101604,scotus
90760,112643,scotus
90760,102831,scotus
90760,118361,scotus
90760,109701,scotus
90760,110413,scotus
90760,95497,scotus
90760,93842,scotus
90760,97766,scotus
90760,92942,scotus
90760,98441,scotus
90760,96361,scotus
90760,92716,scotus
90760,94451,scotus
90760,100734,scotus
90760,91057,scotus
90760,104229,scotus
90760,97341,scotus
90760,94922,scotus
90760,94855,scotus
90760,94866,scotus
90760,96070,scotus
90760,112471,scotus
90760,112471,scotus
90760,112471,scotus
90760,110413,scotus
90760,112643,scotus
90897,1447641,scotus
90897,4870761,scotus
90897,106208,scotus
90897,105298,scotus
90897,105121,scotus
90897,106308,scotus
90897,106879,scotus
90897,107201,scotus
90897,107137,scotus
90897,110764,scotus
90897,110766,scotus
90897,110768,scotus
90897,110782,scotus
90897,110461,scotus
90897,108017,scotus
90897,108727,scotus
90897,108572,scotus
90897,118363,scotus
90897,112293,scotus
90897,109861,scotus
90897,112313,scotus
90897,112144,scotus
90897,110103,scotus
90897,104135,scotus
90897,111255,scotus
90897,109930,scotus
90897,108153,scotus
90897,111015,scotus
90897,109068,scotus
90897,111441,scotus
90897,104506,scotus
90897,109509,scotus
90897,109125,scotus
90897,6461470,scotus
90897,6463787,scotus
90897,93322,scotus
90897,110248,scotus
90897,106950,scotus
90897,106951,scotus
90897,104889,scotus
90897,91372,scotus
90897,104918,scotus
90897,96244,scotus
90897,106170,scotus
90897,108654,scotus
90897,98441,scotus
90897,97957,scotus
90897,95887,scotus
90897,94508,scotus
90897,93112,scotus
90897,100246,scotus
90897,99012,scotus
90897,107467,scotus
90897,100907,scotus
90897,100887,scotus
90897,118140,scotus
90897,91885,scotus
90897,106607,scotus
90897,94602,scotus
90897,106609,scotus
90897,104545,scotus
90897,118027,scotus
90897,118012,scotus
90897,127926,scotus
90897,96036,scotus
90897,146981,scotus
90897,9480639,scotus
90897,9484378,scotus
90897,107748,scotus
90897,107748,scotus
90897,108362,scotus
90897,107748,scotus
90897,108362,scotus
90897,6796081,scotus
90897,146981,scotus
90897,127926,scotus
90897,110461,scotus
90897,110248,scotus
90897,110768,scotus
90897,110782,scotus
90897,111255,scotus
90897,110764,scotus
90897,110766,scotus
90897,112144,scotus
90897,112293,scotus
90897,111441,scotus
90897,118140,scotus
90897,112313,scotus
90983,93152,scotus
90983,93904,scotus
91054,219097,scotus
91054,1236300,scotus
91054,102879,scotus
91054,97427,scotus
91054,104709,scotus
91054,106545,scotus
91054,106223,scotus
91054,106391,scotus
91054,106393,scotus
91054,106282,scotus
91054,105533,scotus
91054,105018,scotus
91054,105687,scotus
91054,102189,scotus
91054,108860,scotus
91054,102358,scotus
91054,108026,scotus
91054,112436,scotus
91054,108417,scotus
91054,102601,scotus
91054,102604,scotus
91054,103226,scotus
91054,112557,scotus
91054,112477,scotus
91054,108843,scotus
91054,109439,scotus
91054,108589,scotus
91054,112699,scotus
91054,108611,scotus
91054,108329,scotus
91054,118381,scotus
91054,109682,scotus
91054,111235,scotus
91054,104014,scotus
91054,102481,scotus
91054,107439,scotus
91054,110143,scotus
91054,100926,scotus
91054,104108,scotus
91054,108496,scotus
91054,102529,scotus
91054,111081,scotus
91054,104455,scotus
91054,111323,scotus
91054,104521,scotus
91054,103694,scotus
91054,104539,scotus
91054,109627,scotus
91054,2808292,scotus
91054,2812209,scotus
91054,4746633,scotus
91054,96885,scotus
91054,94664,scotus
91054,98903,scotus
91054,92392,scotus
91054,98861,scotus
91054,93820,scotus
91054,98888,scotus
91054,95797,scotus
91054,99887,scotus
91054,105857,scotus
91054,112786,scotus
91054,91385,scotus
91054,98491,scotus
91054,91613,scotus
91054,104785,scotus
91054,92834,scotus
91054,101285,scotus
91054,104355,scotus
91054,97651,scotus
91054,118062,scotus
91054,98441,scotus
91054,106862,scotus
91054,93029,scotus
91054,97944,scotus
91054,94761,scotus
91054,112920,scotus
91054,94495,scotus
91054,91254,scotus
91054,95894,scotus
91054,112924,scotus
91054,95166,scotus
91054,100845,scotus
91054,93659,scotus
91054,94828,scotus
91054,95204,scotus
91054,91153,scotus
91054,118005,scotus
91054,91894,scotus
91054,98209,scotus
91054,118196,scotus
91054,117862,scotus
91054,100943,scotus
91054,96086,scotus
91054,118214,scotus
91054,93441,scotus
91054,96130,scotus
91054,117916,scotus
91054,95114,scotus
91054,92927,scotus
91054,96065,scotus
91054,149702,scotus
91054,6480696,scotus
91054,7686272,scotus
91054,9409606,scotus
91054,9410341,scotus
91054,9500702,scotus
91054,9986256,scotus
91054,10049661,scotus
91054,102164,scotus
91054,111555,scotus
91054,107685,scotus
91054,103870,scotus
91054,105525,scotus
91054,107685,scotus
91054,103870,scotus
91054,105525,scotus
91054,111555,scotus
91054,9231323,scotus
91054,7345716,scotus
91054,149702,scotus
91054,149702,scotus
91054,149702,scotus
91054,219097,scotus
91054,118381,scotus
91054,9286992,scotus
91054,111323,scotus
91054,111235,scotus
91054,117916,scotus
91054,117862,scotus
91054,112436,scotus
91054,112436,scotus
91054,112557,scotus
91054,118214,scotus
91054,112786,scotus
91054,118196,scotus
91057,97427,scotus
91057,106512,scotus
91057,106284,scotus
91057,105594,scotus
91057,102189,scotus
91057,112280,scotus
91057,112645,scotus
91057,118361,scotus
91057,118380,scotus
91057,104010,scotus
91057,111917,scotus
91057,109701,scotus
91057,112804,scotus
91057,109891,scotus
91057,108189,scotus
91057,111129,scotus
91057,108110,scotus
91057,110413,scotus
91057,2514271,scotus
91057,2499246,scotus
91057,93278,scotus
91057,107014,scotus
91057,95497,scotus
91057,94082,scotus
91057,97847,scotus
91057,94275,scotus
91057,98441,scotus
91057,94454,scotus
91057,94455,scotus
91057,97561,scotus
91057,94327,scotus
91057,94782,scotus
91057,95224,scotus
91057,96361,scotus
91057,97975,scotus
91057,94359,scotus
91057,94515,scotus
91057,94451,scotus
91057,100734,scotus
91057,100471,scotus
91057,100280,scotus
91057,91864,scotus
91057,94922,scotus
91057,94866,scotus
91057,104557,scotus
91057,93448,scotus
91057,96128,scotus
91057,103791,scotus
91057,96129,scotus
91057,94956,scotus
91057,107252,scotus
91057,107252,scotus
91057,107252,scotus
91057,112471,scotus
91057,107252,scotus
91057,112471,scotus
91057,118380,scotus
91057,110413,scotus
91057,111129,scotus
91057,112645,scotus
91125,94671,scotus
91125,92762,scotus
91125,93368,scotus
91125,100237,scotus
91125,92796,scotus
91125,92509,scotus
91125,93569,scotus
91125,91710,scotus
91125,92988,scotus
91125,92238,scotus
91125,93638,scotus
91125,92719,scotus
91125,92609,scotus
91125,91906,scotus
91125,91857,scotus
91125,91873,scotus
91125,94883,scotus
91125,96821,scotus
91125,93311,scotus
91368,1446533,scotus
91368,104700,scotus
91368,102393,scotus
91368,112293,scotus
91368,110031,scotus
91368,109009,scotus
91368,118506,scotus
91368,111094,scotus
91368,118318,scotus
91368,93947,scotus
91368,99844,scotus
91368,94710,scotus
91368,99884,scotus
91368,91565,scotus
91368,91566,scotus
91368,91583,scotus
91368,97453,scotus
91368,118087,scotus
91368,94239,scotus
91368,97957,scotus
91368,98992,scotus
91368,94413,scotus
91368,94358,scotus
91368,97549,scotus
91368,118134,scotus
91368,100896,scotus
91368,93043,scotus
91368,97222,scotus
91368,93057,scotus
91368,95218,scotus
91368,96819,scotus
91368,96821,scotus
91368,94947,scotus
91368,94976,scotus
91368,95997,scotus
91368,932061,scotus
91368,92059,scotus
91368,92059,scotus
91368,92059,scotus
91368,118506,scotus
91368,111094,scotus
91368,111094,scotus
91368,112293,scotus
91368,112293,scotus
91368,118318,scotus
91368,118134,scotus
91371,1446533,scotus
91371,104700,scotus
91371,104956,scotus
91371,111094,scotus
91371,93947,scotus
91371,94710,scotus
91371,91583,scotus
91371,93850,scotus
91371,93608,scotus
91371,94358,scotus
91371,93043,scotus
91371,93057,scotus
91371,96819,scotus
91371,94976,scotus
91371,92059,scotus
91371,92059,scotus
91371,92059,scotus
91371,111094,scotus
91470,105176,scotus
91470,106534,scotus
91470,109186,scotus
91470,110235,scotus
91470,104468,scotus
91470,2620702,scotus
91470,93298,scotus
91470,93420,scotus
91470,92391,scotus
91470,96440,scotus
91470,109352,scotus
91470,98891,scotus
91470,93902,scotus
91470,91613,scotus
91470,91702,scotus
91470,105659,scotus
91470,104831,scotus
91470,100567,scotus
91470,104345,scotus
91470,94194,scotus
91470,91516,scotus
91470,99672,scotus
91470,106548,scotus
91470,95113,scotus
91470,99619,scotus
91470,107953,scotus
91470,10338097,scotus
91470,107464,scotus
91470,107464,scotus
91470,2620702,scotus
91470,110235,scotus
91573,219617,scotus
91573,856347,scotus
91573,622304,scotus
91573,623242,scotus
91573,4867542,scotus
91573,1087666,scotus
91573,111477,scotus
91573,97416,scotus
91573,97431,scotus
91573,97437,scotus
91573,101970,scotus
91573,111509,scotus
91573,104709,scotus
91573,101963,scotus
91573,105363,scotus
91573,106622,scotus
91573,106187,scotus
91573,106641,scotus
91573,106221,scotus
91573,106512,scotus
91573,106223,scotus
91573,105407,scotus
91573,106515,scotus
91573,106021,scotus
91573,105880,scotus
91573,105305,scotus
91573,105341,scotus
91573,107082,scotus
91573,106282,scotus
91573,106267,scotus
91573,105533,scotus
91573,107084,scotus
91573,105021,scotus
91573,101414,scotus
91573,106287,scotus
91573,101918,scotus
91573,108882,scotus
91573,102987,scotus
91573,108931,scotus
91573,101899,scotus
91573,108898,scotus
91573,112382,scotus
91573,108377,scotus
91573,110464,scotus
91573,108714,scotus
91573,108709,scotus
91573,108710,scotus
91573,108375,scotus
91573,109186,scotus
91573,109432,scotus
91573,107737,scotus
91573,109433,scotus
91573,108841,scotus
91573,108800,scotus
91573,108801,scotus
91573,107729,scotus
91573,108845,scotus
91573,108581,scotus
91573,108304,scotus
91573,108305,scotus
91573,108335,scotus
91573,112631,scotus
91573,108643,scotus
91573,102801,scotus
91573,102807,scotus
91573,108301,scotus
91573,108303,scotus
91573,145779,scotus
91573,109302,scotus
91573,109304,scotus
91573,102129,scotus
91573,117830,scotus
91573,112120,scotus
91573,112067,scotus
91573,111173,scotus
91573,112123,scotus
91573,110061,scotus
91573,104006,scotus
91573,103966,scotus
91573,109921,scotus
91573,104016,scotus
91573,107483,scotus
91573,111745,scotus
91573,109675,scotus
91573,107487,scotus
91573,109714,scotus
91573,118443,scotus
91573,111260,scotus
91573,111738,scotus
91573,112823,scotus
91573,104108,scotus
91573,107312,scotus
91573,111301,scotus
91573,111262,scotus
91573,109729,scotus
91573,107319,scotus
91573,108995,scotus
91573,108509,scotus
91573,107325,scotus
91573,107336,scotus
91573,107337,scotus
91573,108541,scotus
91573,109026,scotus
91573,109005,scotus
91573,110973,scotus
91573,111833,scotus
91573,112175,scotus
91573,111835,scotus
91573,108533,scotus
91573,104455,scotus
91573,109046,scotus
91573,111110,scotus
91573,112218,scotus
91573,103664,scotus
91573,110235,scotus
91573,109522,scotus
91573,111146,scotus
91573,111013,scotus
91573,108223,scotus
91573,108077,scotus
91573,104504,scotus
91573,109539,scotus
91573,118277,scotus
91573,109579,scotus
91573,109540,scotus
91573,109590,scotus
91573,118289,scotus
91573,109130,scotus
91573,110331,scotus
91573,2443377,scotus
91573,2513954,scotus
91573,3189871,scotus
91573,2680439,scotus
91573,4512666,scotus
91573,2499246,scotus
91573,108713,scotus
91573,4374566,scotus
91573,96885,scotus
91573,98094,scotus
91573,100203,scotus
91573,93951,scotus
91573,94706,scotus
91573,94707,scotus
91573,96866,scotus
91573,110754,scotus
91573,107064,scotus
91573,104849,scotus
91573,98056,scotus
91573,109352,scotus
91573,93757,scotus
91573,92189,scotus
91573,101113,scotus
91573,108066,scotus
91573,104769,scotus
91573,112459,scotus
91573,95497,scotus
91573,93562,scotus
91573,104758,scotus
91573,111666,scotus
91573,106964,scotus
91573,111667,scotus
91573,109400,scotus
91573,91712,scotus
91573,95471,scotus
91573,107262,scotus
91573,118052,scotus
91573,101320,scotus
91573,107043,scotus
91573,108650,scotus
91573,96668,scotus
91573,104943,scotus
91573,106862,scotus
91573,105972,scotus
91573,94238,scotus
91573,104833,scotus
91573,106180,scotus
91573,100567,scotus
91573,112904,scotus
91573,104385,scotus
91573,96424,scotus
91573,94399,scotus
91573,96959,scotus
91573,96357,scotus
91573,94782,scotus
91573,108848,scotus
91573,94410,scotus
91573,99162,scotus
91573,99745,scotus
91573,99746,scotus
91573,112924,scotus
91573,101164,scotus
91573,97608,scotus
91573,100711,scotus
91573,99755,scotus
91573,96390,scotus
91573,96999,scotus
91573,93723,scotus
91573,93234,scotus
91573,104422,scotus
91573,93665,scotus
91573,101643,scotus
91573,107465,scotus
91573,100471,scotus
91573,121146,scotus
91573,99789,scotus
91573,95204,scotus
91573,99820,scotus
91573,97242,scotus
91573,104239,scotus
91573,94842,scotus
91573,94591,scotus
91573,103754,scotus
91573,104603,scotus
91573,100980,scotus
91573,96128,scotus
91573,103791,scotus
91573,96129,scotus
91573,104576,scotus
91573,104585,scotus
91573,104313,scotus
91573,96063,scotus
91573,96015,scotus
91573,145646,scotus
91573,145640,scotus
91573,102641,scotus
91573,2620874,scotus
91573,145887,scotus
91573,1293085,scotus
91573,4510032,scotus
91573,145814,scotus
91573,107979,scotus
91573,106285,scotus
91573,106285,scotus
91573,107252,scotus
91573,107252,scotus
91573,107564,scotus
91573,112608,scotus
91573,105525,scotus
91573,106285,scotus
91573,106285,scotus
91573,107252,scotus
91573,107564,scotus
91573,107979,scotus
91573,105525,scotus
91573,106285,scotus
91573,112608,scotus
91573,112608,scotus
91573,3189871,scotus
91573,7350871,scotus
91573,145814,scotus
91573,145779,scotus
91573,622304,scotus
91573,623242,scotus
91573,145887,scotus
91573,219617,scotus
91573,118443,scotus
91573,121146,scotus
91573,1087666,scotus
91573,110235,scotus
91573,110235,scotus
91573,111301,scotus
91573,111173,scotus
91573,110464,scotus
91573,111110,scotus
91573,111110,scotus
91573,110754,scotus
91573,111666,scotus
91573,111666,scotus
91573,111667,scotus
91573,111833,scotus
91573,111833,scotus
91573,110973,scotus
91573,111146,scotus
91573,111738,scotus
91573,111260,scotus
91573,111835,scotus
91573,111509,scotus
91573,112067,scotus
91573,111745,scotus
91573,111262,scotus
91573,112120,scotus
91573,112120,scotus
91573,111013,scotus
91573,112123,scotus
91573,112175,scotus
91573,112218,scotus
91573,118277,scotus
91573,145646,scotus
91573,145646,scotus
91573,112382,scotus
91573,118052,scotus
91573,112459,scotus
91573,111477,scotus
91573,118289,scotus
91573,112904,scotus
91573,112823,scotus
91573,118052,scotus
91573,112631,scotus
91583,1446533,scotus
91583,102876,scotus
91583,104700,scotus
91583,104956,scotus
91583,102126,scotus
91583,111094,scotus
91583,4895709,scotus
91583,98317,scotus
91583,93947,scotus
91583,94710,scotus
91583,97453,scotus
91583,92664,scotus
91583,92702,scotus
91583,92703,scotus
91583,94358,scotus
91583,92721,scotus
91583,97004,scotus
91583,96396,scotus
91583,104204,scotus
91583,95314,scotus
91583,93057,scotus
91583,99824,scotus
91583,96819,scotus
91583,95997,scotus
91583,118011,scotus
91583,92059,scotus
91583,92059,scotus
91583,108990,scotus
91583,108990,scotus
91583,118011,scotus
91583,111094,scotus
91588,102861,scotus
91588,97426,scotus
91588,105628,scotus
91588,105630,scotus
91588,112419,scotus
91588,112293,scotus
91588,102136,scotus
91588,110031,scotus
91588,103982,scotus
91588,100916,scotus
91588,109585,scotus
91588,95346,scotus
91588,98904,scotus
91588,95354,scotus
91588,94711,scotus
91588,92469,scotus
91588,95792,scotus
91588,92808,scotus
91588,92811,scotus
91588,91676,scotus
91588,98382,scotus
91588,93915,scotus
91588,91947,scotus
91588,97448,scotus
91588,94239,scotus
91588,94174,scotus
91588,104048,scotus
91588,92685,scotus
91588,103528,scotus
91588,96357,scotus
91588,92044,scotus
91588,100706,scotus
91588,94416,scotus
91588,98588,scotus
91588,96403,scotus
91588,99783,scotus
91588,100299,scotus
91588,103853,scotus
91588,99943,scotus
91588,104577,scotus
91588,104263,scotus
91588,103172,scotus
91588,101913,scotus
91588,103172,scotus
91588,112293,scotus
91588,112419,scotus
91598,145795,scotus
91598,145797,scotus
91598,1087767,scotus
91598,105074,scotus
91598,105882,scotus
91598,106544,scotus
91598,106308,scotus
91598,108860,scotus
91598,108417,scotus
91598,108772,scotus
91598,109224,scotus
91598,108578,scotus
91598,110574,scotus
91598,110581,scotus
91598,110662,scotus
91598,111862,scotus
91598,109256,scotus
91598,109717,scotus
91598,104135,scotus
91598,112847,scotus
91598,112207,scotus
91598,108193,scotus
91598,104461,scotus
91598,111145,scotus
91598,118296,scotus
91598,6461473,scotus
91598,2620727,scotus
91598,98288,scotus
91598,94655,scotus
91598,93429,scotus
91598,96467,scotus
91598,96913,scotus
91598,95432,scotus
91598,95717,scotus
91598,92766,scotus
91598,95368,scotus
91598,94017,scotus
91598,96517,scotus
91598,96519,scotus
91598,92779,scotus
91598,92736,scotus
91598,107361,scotus
91598,118058,scotus
91598,104779,scotus
91598,94089,scotus
91598,98494,scotus
91598,91771,scotus
91598,104925,scotus
91598,97775,scotus
91598,91795,scotus
91598,93601,scotus
91598,98441,scotus
91598,93028,scotus
91598,111151,scotus
91598,92334,scotus
91598,94317,scotus
91598,93092,scotus
91598,96363,scotus
91598,95257,scotus
91598,96372,scotus
91598,100710,scotus
91598,100433,scotus
91598,94820,scotus
91598,108266,scotus
91598,92297,scotus
91598,100686,scotus
91598,103921,scotus
91598,104948,scotus
91598,96819,scotus
91598,96820,scotus
91598,94901,scotus
91598,118206,scotus
91598,96076,scotus
91598,106548,scotus
91598,104575,scotus
91598,104333,scotus
91598,95116,scotus
91598,94976,scotus
91598,96632,scotus
91598,95011,scotus
91598,100122,scotus
91598,145688,scotus
91598,112640,scotus
91598,112640,scotus
91598,112640,scotus
91598,108730,scotus
91598,112728,scotus
91598,108730,scotus
91598,107679,scotus
91598,108730,scotus
91598,112728,scotus
91598,145688,scotus
91598,110662,scotus
91598,111145,scotus
91598,111151,scotus
91598,110581,scotus
91598,112847,scotus
91598,112847,scotus
91598,118296,scotus
91598,118296,scotus
91598,118206,scotus
91637,101798,scotus
91637,96878,scotus
91637,91683,scotus
91637,91758,scotus
91637,92260,scotus
91637,98917,scotus
91637,98917,scotus
91869,97416,scotus
91869,106846,scotus
91869,1866189,scotus
91869,105829,scotus
91869,106239,scotus
91869,105145,scotus
91869,104966,scotus
91869,103287,scotus
91869,107093,scotus
91869,102963,scotus
91869,102391,scotus
91869,103148,scotus
91869,102059,scotus
91869,112741,scotus
91869,103122,scotus
91869,102124,scotus
91869,109900,scotus
91869,111942,scotus
91869,103416,scotus
91869,109135,scotus
91869,2421240,scotus
91869,99040,scotus
91869,92394,scotus
91869,93324,scotus
91869,96839,scotus
91869,93951,scotus
91869,93359,scotus
91869,95765,scotus
91869,99088,scotus
91869,95365,scotus
91869,92767,scotus
91869,99919,scotus
91869,98054,scotus
91869,95785,scotus
91869,94074,scotus
91869,94079,scotus
91869,95627,scotus
91869,92203,scotus
91869,92813,scotus
91869,93898,scotus
91869,104917,scotus
91869,99474,scotus
91869,92826,scotus
91869,91936,scotus
91869,94095,scotus
91869,95471,scotus
91869,97792,scotus
91869,98408,scotus
91869,91985,scotus
91869,91986,scotus
91869,93539,scotus
91869,100358,scotus
91869,97243,scotus
91869,104171,scotus
91869,118111,scotus
91869,104388,scotus
91869,95890,scotus
91869,97150,scotus
91869,97966,scotus
91869,100461,scotus
91869,97281,scotus
91869,93112,scotus
91869,100245,scotus
91869,93124,scotus
91869,91914,scotus
91869,93127,scotus
91869,100670,scotus
91869,98013,scotus
91869,97222,scotus
91869,92314,scotus
91869,100442,scotus
91869,94933,scotus
91869,94587,scotus
91869,94597,scotus
91869,98231,scotus
91869,94872,scotus
91869,94873,scotus
91869,118038,scotus
91869,117914,scotus
91869,104339,scotus
91869,104253,scotus
91869,94940,scotus
91869,96550,scotus
91869,92932,scotus
91869,96569,scotus
91869,96033,scotus
91869,95959,scotus
91869,96624,scotus
91869,1087607,scotus
91869,92291,scotus
91869,111942,scotus
91869,117914,scotus
91869,118111,scotus
91894,106078,scotus
91894,105896,scotus
91894,102167,scotus
91894,108709,scotus
91894,108710,scotus
91894,101596,scotus
91894,112643,scotus
91894,103976,scotus
91894,107316,scotus
91894,110973,scotus
91894,118505,scotus
91894,104455,scotus
91894,104461,scotus
91894,112222,scotus
91894,101041,scotus
91894,105978,scotus
91894,104385,scotus
91894,100455,scotus
91894,95894,scotus
91894,94359,scotus
91894,93114,scotus
91894,97312,scotus
91894,92114,scotus
91894,107964,scotus
91894,100951,scotus
91894,106548,scotus
91894,100977,scotus
91894,103820,scotus
91894,106407,scotus
91894,92059,scotus
91894,92059,scotus
91894,102784,scotus
91894,111404,scotus
91894,110973,scotus
91894,110973,scotus
91894,112222,scotus
91894,112643,scotus
91911,93318,scotus
91911,93431,scotus
91911,96471,scotus
91911,93803,scotus
91911,94117,scotus
91911,97674,scotus
91911,97150,scotus
91911,97979,scotus
91911,100914,scotus
91911,94850,scotus
91911,95947,scotus
91911,94954,scotus
91911,9409606,scotus
91911,9410341,scotus
91911,10049661,scotus
91911,99901,scotus
91985,2499096,scotus
91985,102861,scotus
91985,102857,scotus
91985,102029,scotus
91985,106846,scotus
91985,1866189,scotus
91985,103287,scotus
91985,101894,scotus
91985,102972,scotus
91985,103037,scotus
91985,102303,scotus
91985,102391,scotus
91985,103148,scotus
91985,102636,scotus
91985,102616,scotus
91985,103122,scotus
91985,102124,scotus
91985,103990,scotus
91985,100916,scotus
91985,108501,scotus
91985,99040,scotus
91985,93324,scotus
91985,93951,scotus
91985,93359,scotus
91985,100155,scotus
91985,95365,scotus
91985,96864,scotus
91985,99919,scotus
91985,94645,scotus
91985,94074,scotus
91985,98655,scotus
91985,92814,scotus
91985,93908,scotus
91985,95471,scotus
91985,101317,scotus
91985,94289,scotus
91985,97553,scotus
91985,94239,scotus
91985,94174,scotus
91985,104388,scotus
91985,93211,scotus
91985,95890,scotus
91985,97150,scotus
91985,101497,scotus
91985,97966,scotus
91985,94792,scotus
91985,100245,scotus
91985,92620,scotus
91985,93124,scotus
91985,93127,scotus
91985,99196,scotus
91985,100551,scotus
91985,99141,scotus
91985,96760,scotus
91985,94597,scotus
91985,98231,scotus
91985,100981,scotus
91985,117914,scotus
91985,104339,scotus
91985,2620958,scotus
91985,1578327,scotus
91985,92291,scotus
91985,117914,scotus
92277,104700,scotus
92277,95789,scotus
92277,93582,scotus
92277,145875,scotus
92277,145875,scotus
92277,103761,scotus
92280,1087822,scotus
92280,104697,scotus
92280,102413,scotus
92280,108767,scotus
92280,107686,scotus
92280,108567,scotus
92280,101618,scotus
92280,102801,scotus
92280,102111,scotus
92280,102705,scotus
92280,108185,scotus
92280,108187,scotus
92280,103707,scotus
92280,112215,scotus
92280,104461,scotus
92280,109526,scotus
92280,109516,scotus
92280,6461473,scotus
92280,94664,scotus
92280,93264,scotus
92280,93817,scotus
92280,101558,scotus
92280,98056,scotus
92280,98492,scotus
92280,95504,scotus
92280,107249,scotus
92280,106792,scotus
92280,105662,scotus
92280,94285,scotus
92280,108654,scotus
92280,96270,scotus
92280,107874,scotus
92280,95894,scotus
92280,109157,scotus
92280,99756,scotus
92280,93048,scotus
92280,95204,scotus
92280,99954,scotus
92280,99651,scotus
92280,94866,scotus
92280,106548,scotus
92280,96128,scotus
92280,95043,scotus
92280,96033,scotus
92280,107685,scotus
92280,107685,scotus
92280,108186,scotus
92280,105525,scotus
92280,107685,scotus
92280,108186,scotus
92280,105525,scotus
92334,1515499,scotus
92334,1087822,scotus
92334,106057,scotus
92334,105242,scotus
92334,104987,scotus
92334,105580,scotus
92334,108430,scotus
92334,107686,scotus
92334,110075,scotus
92334,112808,scotus
92334,103707,scotus
92334,104521,scotus
92334,109095,scotus
92334,109096,scotus
92334,109635,scotus
92334,97067,scotus
92334,93951,scotus
92334,109248,scotus
92334,92766,scotus
92334,106786,scotus
92334,107249,scotus
92334,106792,scotus
92334,96657,scotus
92334,103563,scotus
92334,105848,scotus
92334,93608,scotus
92334,105662,scotus
92334,98441,scotus
92334,100624,scotus
92334,94238,scotus
92334,92542,scotus
92334,92704,scotus
92334,101453,scotus
92334,97312,scotus
92334,103746,scotus
92334,117872,scotus
92334,100996,scotus
92334,104627,scotus
92334,106433,scotus
92334,103505,scotus
92334,112906,scotus
92334,107121,scotus
92334,103505,scotus
92334,9135777,scotus
92334,9135776,scotus
92334,112808,scotus
92334,117872,scotus
92334,1515499,scotus
92485,101894,scotus
92485,110708,scotus
92485,98752,scotus
92485,101368,scotus
92485,110708,scotus
92485,110708,scotus
92534,111541,scotus
92534,105860,scotus
92534,105742,scotus
92534,110824,scotus
92534,107978,scotus
92534,109200,scotus
92534,112432,scotus
92534,103050,scotus
92534,103134,scotus
92534,109894,scotus
92534,109694,scotus
92534,109695,scotus
92534,111266,scotus
92534,109736,scotus
92534,111317,scotus
92534,104461,scotus
92534,6461473,scotus
92534,3171724,scotus
92534,3177217,scotus
92534,3177218,scotus
92534,93765,scotus
92534,94674,scotus
92534,92779,scotus
92534,98463,scotus
92534,110307,scotus
92534,93608,scotus
92534,96428,scotus
92534,97312,scotus
92534,93132,scotus
92534,94572,scotus
92534,104316,scotus
92534,106548,scotus
92534,92836,scotus
92534,108114,scotus
92534,112906,scotus
92534,108114,scotus
92534,9135776,scotus
92534,9135777,scotus
92534,9135777,scotus
92534,110307,scotus
92534,110824,scotus
92534,111317,scotus
92534,9135776,scotus
92534,9135777,scotus
92534,9135776,scotus
92534,111541,scotus
92534,112432,scotus
92542,1087822,scotus
92542,105303,scotus
92542,108368,scotus
92542,107686,scotus
92542,102061,scotus
92542,103707,scotus
92542,104461,scotus
92542,109096,scotus
92542,97067,scotus
92542,109248,scotus
92542,93551,scotus
92542,107249,scotus
92542,106792,scotus
92542,103563,scotus
92542,105848,scotus
92542,105662,scotus
92542,100624,scotus
92542,93092,scotus
92542,92704,scotus
92542,101453,scotus
92542,93132,scotus
92542,92836,scotus
92542,104627,scotus
92542,103505,scotus
92542,112906,scotus
92542,103505,scotus
92542,103505,scotus
92542,9135777,scotus
92542,9135776,scotus
92543,103050,scotus
92543,104461,scotus
92543,94674,scotus
92543,100224,scotus
92543,93281,scotus
92543,104779,scotus
92543,106792,scotus
92543,105848,scotus
92543,105662,scotus
92543,98441,scotus
92543,94317,scotus
92543,94323,scotus
92543,92704,scotus
92543,92714,scotus
92543,93115,scotus
92543,93132,scotus
92543,104557,scotus
92543,92836,scotus
92543,103505,scotus
92543,103505,scotus
92543,103505,scotus
92685,102861,scotus
92685,97434,scotus
92685,96162,scotus
92685,94669,scotus
92685,93945,scotus
92685,98904,scotus
92685,95354,scotus
92685,95831,scotus
92685,95684,scotus
92685,98059,scotus
92685,95792,scotus
92685,99438,scotus
92685,98481,scotus
92685,98382,scotus
92685,98395,scotus
92685,94261,scotus
92685,93934,scotus
92685,94273,scotus
92685,96405,scotus
92685,94239,scotus
92685,94244,scotus
92685,93213,scotus
92685,97358,scotus
92685,95160,scotus
92685,96384,scotus
92685,99764,scotus
92685,93157,scotus
92685,97203,scotus
92685,99943,scotus
92685,96101,scotus
92685,96111,scotus
92685,104577,scotus
92685,2620964,scotus
92685,101913,scotus
92702,134741,scotus
92702,214949,scotus
92702,111503,scotus
92702,111540,scotus
92702,106821,scotus
92702,104956,scotus
92702,102212,scotus
92702,102271,scotus
92702,110792,scotus
92702,102294,scotus
92702,108763,scotus
92702,112641,scotus
92702,109259,scotus
92702,112291,scotus
92702,112292,scotus
92702,102112,scotus
92702,110034,scotus
92702,102126,scotus
92702,118407,scotus
92702,112318,scotus
92702,103973,scotus
92702,111742,scotus
92702,112800,scotus
92702,118504,scotus
92702,118506,scotus
92702,118511,scotus
92702,111094,scotus
92702,111949,scotus
92702,109520,scotus
92702,118316,scotus
92702,118318,scotus
92702,118323,scotus
92702,4618956,scotus
92702,4895709,scotus
92702,95391,scotus
92702,95407,scotus
92702,95639,scotus
92702,95802,scotus
92702,110753,scotus
92702,92767,scotus
92702,93289,scotus
92702,97453,scotus
92702,99496,scotus
92702,106992,scotus
92702,111362,scotus
92702,93608,scotus
92702,96668,scotus
92702,94157,scotus
92702,95150,scotus
92702,104057,scotus
92702,95159,scotus
92702,94358,scotus
92702,94363,scotus
92702,118134,scotus
92702,108266,scotus
92702,100792,scotus
92702,95314,scotus
92702,99221,scotus
92702,93057,scotus
92702,95877,scotus
92702,99824,scotus
92702,118199,scotus
92702,101370,scotus
92702,127888,scotus
92702,127926,scotus
92702,117880,scotus
92702,94976,scotus
92702,95997,scotus
92702,145688,scotus
92702,215071,scotus
92702,215077,scotus
92702,6620345,scotus
92702,6623244,scotus
92702,6623243,scotus
92702,6619822,scotus
92702,118011,scotus
92702,118317,scotus
92702,118317,scotus
92702,118317,scotus
92702,108990,scotus
92702,108990,scotus
92702,108990,scotus
92702,118011,scotus
92702,118011,scotus
92702,118011,scotus
92702,7343954,scotus
92702,7343954,scotus
92702,7343955,scotus
92702,215071,scotus
92702,215071,scotus
92702,215077,scotus
92702,145688,scotus
92702,118323,scotus
92702,118407,scotus
92702,118506,scotus
92702,118511,scotus
92702,127926,scotus
92702,134741,scotus
92702,118511,scotus
92702,110792,scotus
92702,110792,scotus
92702,111362,scotus
92702,110753,scotus
92702,111094,scotus
92702,111094,scotus
92702,111094,scotus
92702,111503,scotus
92702,111503,scotus
92702,111503,scotus
92702,111540,scotus
92702,111742,scotus
92702,111742,scotus
92702,111503,scotus
92702,112291,scotus
92702,112291,scotus
92702,112292,scotus
92702,112292,scotus
92702,112800,scotus
92702,112641,scotus
92702,112641,scotus
92702,112318,scotus
92702,118316,scotus
92702,111949,scotus
92702,111949,scotus
92702,111949,scotus
92702,118318,scotus
92702,118318,scotus
92702,112291,scotus
92702,112291,scotus
92702,117880,scotus
92702,117880,scotus
92702,118134,scotus
92702,118199,scotus
92743,1087768,scotus
92743,102885,scotus
92743,104696,scotus
92743,101801,scotus
92743,103301,scotus
92743,102174,scotus
92743,107115,scotus
92743,101832,scotus
92743,103197,scotus
92743,1101268,scotus
92743,102481,scotus
92743,104455,scotus
92743,93947,scotus
92743,95427,scotus
92743,98334,scotus
92743,100220,scotus
92743,93272,scotus
92743,102148,scotus
92743,98039,scotus
92743,93283,scotus
92743,94726,scotus
92743,95687,scotus
92743,98770,scotus
92743,99887,scotus
92743,94130,scotus
92743,104894,scotus
92743,95555,scotus
92743,99309,scotus
92743,95532,scotus
92743,96665,scotus
92743,101250,scotus
92743,103633,scotus
92743,94473,scotus
92743,97965,scotus
92743,97966,scotus
92743,97972,scotus
92743,93112,scotus
92743,95173,scotus
92743,97625,scotus
92743,98003,scotus
92743,94833,scotus
92743,97230,scotus
92743,94558,scotus
92743,94570,scotus
92743,96819,scotus
92743,99548,scotus
92743,95098,scotus
92743,102664,scotus
92743,103915,scotus
92743,103915,scotus
92743,103915,scotus
92767,104696,scotus
92767,106834,scotus
92767,106835,scotus
92767,105109,scotus
92767,103287,scotus
92767,101894,scotus
92767,110780,scotus
92767,102402,scotus
92767,102727,scotus
92767,118390,scotus
92767,111244,scotus
92767,112820,scotus
92767,2421240,scotus
92767,2781926,scotus
92767,4632952,scotus
92767,97051,scotus
92767,96184,scotus
92767,93324,scotus
92767,96196,scotus
92767,98832,scotus
92767,95365,scotus
92767,94054,scotus
92767,95785,scotus
92767,94079,scotus
92767,98360,scotus
92767,97687,scotus
92767,92813,scotus
92767,93898,scotus
92767,98490,scotus
92767,97534,scotus
92767,98388,scotus
92767,98503,scotus
92767,95467,scotus
92767,94095,scotus
92767,97792,scotus
92767,98521,scotus
92767,103465,scotus
92767,98714,scotus
92767,97835,scotus
92767,103604,scotus
92767,103569,scotus
92767,96275,scotus
92767,97675,scotus
92767,99275,scotus
92767,104835,scotus
92767,96357,scotus
92767,104171,scotus
92767,96360,scotus
92767,95890,scotus
92767,97966,scotus
92767,100366,scotus
92767,99171,scotus
92767,93112,scotus
92767,100245,scotus
92767,99190,scotus
92767,93127,scotus
92767,99975,scotus
92767,94587,scotus
92767,94872,scotus
92767,94873,scotus
92767,103931,scotus
92767,94894,scotus
92767,100981,scotus
92767,104307,scotus
92767,96550,scotus
92767,117927,scotus
92767,95989,scotus
92767,96624,scotus
92767,96006,scotus
92767,96009,scotus
92767,142893,scotus
92767,1087607,scotus
92767,101750,scotus
92767,103557,scotus
92767,109570,scotus
92767,109570,scotus
92767,103557,scotus
92767,142893,scotus
92767,142893,scotus
92767,110780,scotus
92767,111244,scotus
92767,112820,scotus
92846,105835,scotus
92846,105837,scotus
92846,105170,scotus
92846,103121,scotus
92846,118439,scotus
92846,110136,scotus
92846,109047,scotus
92846,93741,scotus
92846,93817,scotus
92846,95379,scotus
92846,105986,scotus
92846,105987,scotus
92846,106763,scotus
92846,94172,scotus
92846,98958,scotus
92846,104389,scotus
92846,96972,scotus
92846,96745,scotus
92846,104287,scotus
92846,109252,scotus
92846,118439,scotus
92988,102903,scotus
92988,102200,scotus
92988,94059,scotus
92988,93311,scotus
93000,100928,scotus
93000,103421,scotus
93000,95174,scotus
93000,98236,scotus
93000,93481,scotus
93000,103761,scotus
93107,145795,scotus
93107,105412,scotus
93107,105130,scotus
93107,102157,scotus
93107,101836,scotus
93107,101435,scotus
93107,110771,scotus
93107,112382,scotus
93107,108767,scotus
93107,2676593,scotus
93107,100199,scotus
93107,95500,scotus
93107,106447,scotus
93107,95504,scotus
93107,105981,scotus
93107,96296,scotus
93107,100446,scotus
93107,100750,scotus
93107,95894,scotus
93107,101342,scotus
93107,99561,scotus
93107,96130,scotus
93107,101395,scotus
93107,2620811,scotus
93107,105525,scotus
93107,105525,scotus
93107,105525,scotus
93107,105525,scotus
93107,105525,scotus
93107,110771,scotus
93107,110771,scotus
93107,112382,scotus
93124,1218943,scotus
93124,102861,scotus
93124,106846,scotus
93124,105828,scotus
93124,105829,scotus
93124,105230,scotus
93124,105210,scotus
93124,101826,scotus
93124,101894,scotus
93124,102972,scotus
93124,102315,scotus
93124,103220,scotus
93124,107629,scotus
93124,110068,scotus
93124,103990,scotus
93124,103360,scotus
93124,2620707,scotus
93124,93949,scotus
93124,93950,scotus
93124,93359,scotus
93124,102143,scotus
93124,99863,scotus
93124,96495,scotus
93124,96864,scotus
93124,95777,scotus
93124,96232,scotus
93124,93396,scotus
93124,94647,scotus
93124,112755,scotus
93124,94078,scotus
93124,106448,scotus
93124,101277,scotus
93124,95471,scotus
93124,96335,scotus
93124,99332,scotus
93124,95614,scotus
93124,96693,scotus
93124,97553,scotus
93124,94459,scotus
93124,94174,scotus
93124,96299,scotus
93124,96302,scotus
93124,100692,scotus
93124,95222,scotus
93124,95890,scotus
93124,98992,scotus
93124,97151,scotus
93124,99011,scotus
93124,100654,scotus
93124,100810,scotus
93124,94831,scotus
93124,99141,scotus
93124,100320,scotus
93124,94597,scotus
93124,95047,scotus
93124,100981,scotus
93124,95094,scotus
93124,104628,scotus
93124,101411,scotus
93124,104339,scotus
93124,95126,scotus
93124,94940,scotus
93124,96017,scotus
93124,96041,scotus
93124,145862,scotus
93124,104965,scotus
93124,104965,scotus
93124,104965,scotus
93124,145862,scotus
93124,112755,scotus
93152,94610,scotus
93152,93904,scotus
93161,103020,scotus
93161,102363,scotus
93161,102398,scotus
93161,102399,scotus
93161,104102,scotus
93161,1156859,scotus
93161,2679203,scotus
93161,2676591,scotus
93161,94037,scotus
93161,94067,scotus
93161,109421,scotus
93161,93579,scotus
93161,99308,scotus
93161,104802,scotus
93161,106179,scotus
93161,104832,scotus
93161,96308,scotus
93161,100379,scotus
93161,101181,scotus
93161,107160,scotus
93161,100813,scotus
93161,118019,scotus
93161,93517,scotus
93161,103874,scotus
93161,104637,scotus
93161,100120,scotus
93161,98917,scotus
93161,98917,scotus
93322,1447641,scotus
93322,1087873,scotus
93322,104660,scotus
93322,105440,scotus
93322,105079,scotus
93322,106050,scotus
93322,105121,scotus
93322,105495,scotus
93322,106273,scotus
93322,101804,scotus
93322,106879,scotus
93322,107201,scotus
93322,107202,scotus
93322,108859,scotus
93322,108729,scotus
93322,107656,scotus
93322,103226,scotus
93322,107715,scotus
93322,110731,scotus
93322,109893,scotus
93322,110076,scotus
93322,111246,scotus
93322,104135,scotus
93322,108153,scotus
93322,108233,scotus
93322,93771,scotus
93322,96885,scotus
93322,93781,scotus
93322,95710,scotus
93322,99065,scotus
93322,95714,scotus
93322,109773,scotus
93322,94035,scotus
93322,99111,scotus
93322,104889,scotus
93322,94082,scotus
93322,111665,scotus
93322,104888,scotus
93322,98518,scotus
93322,93935,scotus
93322,103597,scotus
93322,106170,scotus
93322,97653,scotus
93322,101320,scotus
93322,94275,scotus
93322,97667,scotus
93322,94238,scotus
93322,94297,scotus
93322,94385,scotus
93322,94408,scotus
93322,95257,scotus
93322,94212,scotus
93322,94235,scotus
93322,100433,scotus
93322,97002,scotus
93322,94813,scotus
93322,103531,scotus
93322,93665,scotus
93322,97318,scotus
93322,100469,scotus
93322,93685,scotus
93322,95301,scotus
93322,97335,scotus
93322,96938,scotus
93322,95317,scotus
93322,99658,scotus
93322,99948,scotus
93322,96129,scotus
93322,106577,scotus
93322,93465,scotus
93322,104336,scotus
93322,145449,scotus
93322,1293085,scotus
93322,102164,scotus
93322,108362,scotus
93322,108362,scotus
93322,6795263,scotus
93322,145449,scotus
93322,110731,scotus
93322,111246,scotus
93322,111665,scotus
93354,93431,scotus
93354,97644,scotus
93354,93611,scotus
93354,96290,scotus
93354,94188,scotus
93354,102656,scotus
93354,93904,scotus
93379,102012,scotus
93379,101832,scotus
93379,102116,scotus
93379,2620683,scotus
93379,93779,scotus
93379,98242,scotus
93379,100222,scotus
93379,94726,scotus
93379,95450,scotus
93379,94752,scotus
93379,97960,scotus
93379,97961,scotus
93379,99000,scotus
93379,94419,scotus
93379,94420,scotus
93379,95850,scotus
93379,96818,scotus
93379,103935,scotus
93379,104613,scotus
93379,99623,scotus
93379,103819,scotus
93379,96594,scotus
93379,100052,scotus
93431,931615,scotus
93431,103244,scotus
93431,101430,scotus
93431,102701,scotus
93431,104516,scotus
93431,2959740,scotus
93431,98292,scotus
93431,98085,scotus
93431,93789,scotus
93431,96471,scotus
93431,93803,scotus
93431,96850,scotus
93431,95827,scotus
93431,93739,scotus
93431,93752,scotus
93431,97133,scotus
93431,94117,scotus
93431,97848,scotus
93431,99509,scotus
93431,93935,scotus
93431,93611,scotus
93431,96290,scotus
93431,94315,scotus
93431,94316,scotus
93431,94787,scotus
93431,94340,scotus
93431,97150,scotus
93431,96990,scotus
93431,97979,scotus
93431,100865,scotus
93431,99037,scotus
93431,93694,scotus
93431,100914,scotus
93431,94574,scotus
93431,94850,scotus
93431,93516,scotus
93431,93519,scotus
93431,100985,scotus
93431,93493,scotus
93431,96581,scotus
93431,94954,scotus
93431,99901,scotus
93442,105789,scotus
93442,106195,scotus
93442,103054,scotus
93442,111933,scotus
93442,107481,scotus
93442,99065,scotus
93442,101544,scotus
93442,106772,scotus
93442,101178,scotus
93442,118191,scotus
93442,96810,scotus
93442,101374,scotus
93442,104263,scotus
93442,102164,scotus
93442,111933,scotus
93442,118191,scotus
93467,1642680,scotus
93467,102211,scotus
93467,108744,scotus
93467,102469,scotus
93467,103371,scotus
93467,108972,scotus
93467,110972,scotus
93467,111142,scotus
93467,108130,scotus
93467,110172,scotus
93467,2764188,scotus
93467,99122,scotus
93467,97050,scotus
93467,96886,scotus
93467,96457,scotus
93467,99899,scotus
93467,99106,scotus
93467,93764,scotus
93467,99390,scotus
93467,99394,scotus
93467,106775,scotus
93467,95146,scotus
93467,99781,scotus
93467,99154,scotus
93467,99983,scotus
93467,100330,scotus
93467,99543,scotus
93467,99901,scotus
93467,110172,scotus
93638,1116658,scotus
93638,110223,scotus
93638,2402836,scotus
93638,101265,scotus
93638,100385,scotus
93638,101529,scotus
93638,104182,scotus
93638,98201,scotus
93638,96095,scotus
93638,2620807,scotus
93638,110223,scotus
93714,101881,scotus
93714,102265,scotus
93714,102785,scotus
93714,95405,scotus
93714,101127,scotus
93714,109755,scotus
93714,98261,scotus
93714,98711,scotus
93714,94242,scotus
93714,96291,scotus
93714,104147,scotus
93714,96088,scotus
93714,103555,scotus
93714,103555,scotus
93714,103555,scotus
93803,105904,scotus
93803,102165,scotus
93803,99052,scotus
93803,96471,scotus
93803,96850,scotus
93803,96490,scotus
93803,96138,scotus
93803,98275,scotus
93803,99120,scotus
93803,94117,scotus
93803,98482,scotus
93803,97757,scotus
93803,93850,scotus
93803,98408,scotus
93803,95623,scotus
93803,94291,scotus
93803,100634,scotus
93803,95889,scotus
93803,95256,scotus
93803,97150,scotus
93803,94803,scotus
93803,97399,scotus
93803,95932,scotus
93803,95313,scotus
93803,94539,scotus
93803,101348,scotus
93803,95082,scotus
93803,95008,scotus
93803,2620957,scotus
93803,99901,scotus
93804,623241,scotus
93804,104674,scotus
93804,102861,scotus
93804,106627,scotus
93804,108897,scotus
93804,102211,scotus
93804,108359,scotus
93804,102428,scotus
93804,108744,scotus
93804,102605,scotus
93804,110744,scotus
93804,102095,scotus
93804,102114,scotus
93804,111909,scotus
93804,101704,scotus
93804,102485,scotus
93804,109937,scotus
93804,118451,scotus
93804,103413,scotus
93804,110895,scotus
93804,104454,scotus
93804,108130,scotus
93804,111988,scotus
93804,110436,scotus
93804,96451,scotus
93804,94650,scotus
93804,98902,scotus
93804,111850,scotus
93804,95346,scotus
93804,96180,scotus
93804,96844,scotus
93804,98926,scotus
93804,97091,scotus
93804,107555,scotus
93804,94015,scotus
93804,99106,scotus
93804,96443,scotus
93804,93874,scotus
93804,95628,scotus
93804,93896,scotus
93804,104811,scotus
93804,104812,scotus
93804,95504,scotus
93804,97774,scotus
93804,97847,scotus
93804,96668,scotus
93804,98436,scotus
93804,96269,scotus
93804,97899,scotus
93804,97559,scotus
93804,94249,scotus
93804,94768,scotus
93804,96304,scotus
93804,97576,scotus
93804,94337,scotus
93804,95898,scotus
93804,100762,scotus
93804,97614,scotus
93804,100849,scotus
93804,118134,scotus
93804,99025,scotus
93804,100778,scotus
93804,100893,scotus
93804,99710,scotus
93804,118128,scotus
93804,95863,scotus
93804,95207,scotus
93804,98138,scotus
93804,99232,scotus
93804,94613,scotus
93804,94625,scotus
93804,95059,scotus
93804,103837,scotus
93804,95113,scotus
93804,100040,scotus
93804,96591,scotus
93804,2499327,scotus
93804,1436643,scotus
93804,145820,scotus
93804,109580,scotus
93804,109580,scotus
93804,109580,scotus
93804,145820,scotus
93804,118451,scotus
93804,110744,scotus
93804,110895,scotus
93804,110436,scotus
93804,110436,scotus
93804,111988,scotus
93804,111988,scotus
93804,118128,scotus
93804,118134,scotus
93828,102610,scotus
93828,94067,scotus
93828,98917,scotus
93828,98917,scotus
93908,1087916,scotus
93908,102860,scotus
93908,102029,scotus
93908,93940,scotus
93908,99107,scotus
93908,94074,scotus
93908,94078,scotus
93908,98655,scotus
93908,96710,scotus
93908,97150,scotus
93908,94414,scotus
93908,96033,scotus
93908,98917,scotus
93908,98917,scotus
94082,105391,scotus
94082,105256,scotus
94082,103254,scotus
94082,105745,scotus
94082,106284,scotus
94082,101833,scotus
94082,108799,scotus
94082,112566,scotus
94082,109264,scotus
94082,109698,scotus
94082,112808,scotus
94082,110875,scotus
94082,108538,scotus
94082,109631,scotus
94082,2499246,scotus
94082,112868,scotus
94082,99470,scotus
94082,103561,scotus
94082,107009,scotus
94082,94454,scotus
94082,94465,scotus
94082,104387,scotus
94082,94327,scotus
94082,94493,scotus
94082,94782,scotus
94082,94359,scotus
94082,96999,scotus
94082,94444,scotus
94082,94515,scotus
94082,94425,scotus
94082,100471,scotus
94082,95301,scotus
94082,100280,scotus
94082,99651,scotus
94082,94615,scotus
94082,117862,scotus
94082,94875,scotus
94082,103846,scotus
94082,103791,scotus
94082,142880,scotus
94082,9408683,scotus
94082,9409093,scotus
94082,10049665,scotus
94082,10049669,scotus
94082,107252,scotus
94082,117958,scotus
94082,107252,scotus
94082,117958,scotus
94082,142880,scotus
94082,110875,scotus
94082,112868,scotus
94082,117862,scotus
94082,112808,scotus
94082,112566,scotus
94137,108637,scotus
94137,94658,scotus
94137,94772,scotus
94137,109252,scotus
94174,102861,scotus
94174,102858,scotus
94174,106016,scotus
94174,105713,scotus
94174,101762,scotus
94174,101772,scotus
94174,106879,scotus
94174,102219,scotus
94174,102986,scotus
94174,101894,scotus
94174,102276,scotus
94174,102605,scotus
94174,102619,scotus
94174,101632,scotus
94174,102779,scotus
94174,103047,scotus
94174,112643,scotus
94174,145777,scotus
94174,109930,scotus
94174,110980,scotus
94174,111104,scotus
94174,109137,scotus
94174,110420,scotus
94174,1975541,scotus
94174,98078,scotus
94174,98109,scotus
94174,95749,scotus
94174,100215,scotus
94174,99897,scotus
94174,97134,scotus
94174,103446,scotus
94174,97849,scotus
94174,95471,scotus
94174,95532,scotus
94174,98642,scotus
94174,98643,scotus
94174,98629,scotus
94174,96348,scotus
94174,96357,scotus
94174,95895,scotus
94174,101499,scotus
94174,97985,scotus
94174,100771,scotus
94174,94819,scotus
94174,97378,scotus
94174,95281,scotus
94174,102843,scotus
94174,95284,scotus
94174,99197,scotus
94174,98014,scotus
94174,99730,scotus
94174,101481,scotus
94174,99808,scotus
94174,99967,scotus
94174,99988,scotus
94174,96794,scotus
94174,99610,scotus
94174,95030,scotus
94174,95999,scotus
94174,102676,scotus
94174,103214,scotus
94174,103214,scotus
94174,103214,scotus
94174,112040,scotus
94174,103962,scotus
94174,112040,scotus
94174,112040,scotus
94174,112040,scotus
94174,145777,scotus
94174,110420,scotus
94174,111104,scotus
94174,111104,scotus
94174,111104,scotus
94174,110980,scotus
94174,112643,scotus
94177,145800,scotus
94177,103020,scotus
94177,103093,scotus
94177,103675,scotus
94177,4395244,scotus
94177,97893,scotus
94177,97584,scotus
94177,100945,scotus
94177,98917,scotus
94177,98917,scotus
94177,4395244,scotus
94202,98987,scotus
94202,101001,scotus
94202,109252,scotus
94400,111547,scotus
94400,106628,scotus
94400,105142,scotus
94400,110762,scotus
94400,110763,scotus
94400,2390269,scotus
94400,112135,scotus
94400,109932,scotus
94400,109009,scotus
94400,110162,scotus
94400,109387,scotus
94400,104894,scotus
94400,127913,scotus
94400,9987186,scotus
94400,103761,scotus
94400,127913,scotus
94400,111547,scotus
94400,110762,scotus
94400,110763,scotus
94400,112135,scotus
94400,112135,scotus
94405,104652,scotus
94405,97421,scotus
94405,103241,scotus
94405,102963,scotus
94405,102402,scotus
94405,112643,scotus
94405,109868,scotus
94405,109662,scotus
94405,111942,scotus
94405,109488,scotus
94405,2462772,scotus
94405,98773,scotus
94405,101555,scotus
94405,106351,scotus
94405,96882,scotus
94405,98067,scotus
94405,99403,scotus
94405,98414,scotus
94405,101328,scotus
94405,95230,scotus
94405,97966,scotus
94405,94506,scotus
94405,100653,scotus
94405,103642,scotus
94405,100325,scotus
94405,96834,scotus
94405,104563,scotus
94405,99561,scotus
94405,104564,scotus
94405,110063,scotus
94405,110799,scotus
94405,110799,scotus
94405,110063,scotus
94405,110063,scotus
94405,111942,scotus
94405,112643,scotus
94405,2462772,scotus
94416,1087842,scotus
94416,101762,scotus
94416,105210,scotus
94416,101894,scotus
94416,102371,scotus
94416,101632,scotus
94416,100916,scotus
94416,101731,scotus
94416,101733,scotus
94416,98296,scotus
94416,95763,scotus
94416,94645,scotus
94416,101272,scotus
94416,95556,scotus
94416,97725,scotus
94416,94459,scotus
94416,95146,scotus
94416,95890,scotus
94416,100771,scotus
94416,99829,scotus
94416,100005,scotus
94416,96041,scotus
94416,101913,scotus
94416,104641,scotus
94455,106300,scotus
94455,102172,scotus
94455,101894,scotus
94455,108033,scotus
94455,112659,scotus
94455,97667,scotus
94455,97552,scotus
94455,94514,scotus
94455,100951,scotus
94455,98124,scotus
94455,111404,scotus
94455,112659,scotus
94506,111516,scotus
94506,103260,scotus
94506,107703,scotus
94506,110146,scotus
94506,4621280,scotus
94506,98773,scotus
94506,95758,scotus
94506,106352,scotus
94506,98283,scotus
94506,110295,scotus
94506,97687,scotus
94506,97448,scotus
94506,101335,scotus
94506,108754,scotus
94506,95166,scotus
94506,99154,scotus
94506,103642,scotus
94506,99232,scotus
94506,100325,scotus
94506,100040,scotus
94506,118273,scotus
94506,118273,scotus
94506,118273,scotus
94506,110295,scotus
94506,111516,scotus
94515,106359,scotus
94515,105860,scotus
94515,105996,scotus
94515,106273,scotus
94515,105542,scotus
94515,105594,scotus
94515,105597,scotus
94515,110473,scotus
94515,110465,scotus
94515,108729,scotus
94515,107978,scotus
94515,109200,scotus
94515,109201,scotus
94515,109204,scotus
94515,122251,scotus
94515,110681,scotus
94515,110714,scotus
94515,110731,scotus
94515,111872,scotus
94515,109894,scotus
94515,109694,scotus
94515,109695,scotus
94515,109677,scotus
94515,109891,scotus
94515,112155,scotus
94515,108469,scotus
94515,108195,scotus
94515,109042,scotus
94515,109526,scotus
94515,108233,scotus
94515,110361,scotus
94515,109631,scotus
94515,820896,scotus
94515,800858,scotus
94515,105857,scotus
94515,110289,scotus
94515,109395,scotus
94515,97764,scotus
94515,105249,scotus
94515,104355,scotus
94515,111151,scotus
94515,106847,scotus
94515,95224,scotus
94515,96361,scotus
94515,107166,scotus
94515,94602,scotus
94515,96129,scotus
94515,106577,scotus
94515,96598,scotus
94515,9409093,scotus
94515,9477032,scotus
94515,10049665,scotus
94515,109895,scotus
94515,109895,scotus
94515,107980,scotus
94515,107980,scotus
94515,112906,scotus
94515,107980,scotus
94515,108164,scotus
94515,109895,scotus
94515,800858,scotus
94515,820896,scotus
94515,122251,scotus
94515,9135776,scotus
94515,9135777,scotus
94515,110714,scotus
94515,110731,scotus
94515,110465,scotus
94515,110681,scotus
94515,111151,scotus
94515,111151,scotus
94515,112155,scotus
94515,112155,scotus
94515,110473,scotus
94631,1447641,scotus
94631,104652,scotus
94631,106024,scotus
94631,105930,scotus
94631,106282,scotus
94631,95325,scotus
94631,101413,scotus
94631,101915,scotus
94631,102224,scotus
94631,101894,scotus
94631,102404,scotus
94631,102601,scotus
94631,112557,scotus
94631,102837,scotus
94631,102817,scotus
94631,111690,scotus
94631,109670,scotus
94631,109930,scotus
94631,102529,scotus
94631,104455,scotus
94631,109592,scotus
94631,2421240,scotus
94631,96883,scotus
94631,99132,scotus
94631,96471,scotus
94631,95356,scotus
94631,95427,scotus
94631,96925,scotus
94631,95365,scotus
94631,100233,scotus
94631,96230,scotus
94631,96521,scotus
94631,95785,scotus
94631,100181,scotus
94631,104806,scotus
94631,95559,scotus
94631,98498,scotus
94631,95605,scotus
94631,96276,scotus
94631,103344,scotus
94631,101146,scotus
94631,95891,scotus
94631,98999,scotus
94631,97368,scotus
94631,99756,scotus
94631,101177,scotus
94631,98542,scotus
94631,94828,scotus
94631,98557,scotus
94631,100306,scotus
94631,94932,scotus
94631,94933,scotus
94631,99672,scotus
94631,118144,scotus
94631,96764,scotus
94631,98214,scotus
94631,96786,scotus
94631,100023,scotus
94631,99570,scotus
94631,103789,scotus
94631,95118,scotus
94631,95941,scotus
94631,96624,scotus
94631,100072,scotus
94631,100128,scotus
94631,106444,scotus
94631,102784,scotus
94631,104610,scotus
94631,7341398,scotus
94631,182990,scotus
94631,111690,scotus
94631,112557,scotus
94650,102861,scotus
94650,101983,scotus
94650,106198,scotus
94650,101749,scotus
94650,104106,scotus
94650,107541,scotus
94650,104111,scotus
94650,103413,scotus
94650,96451,scotus
94650,98902,scotus
94650,111850,scotus
94650,95346,scotus
94650,110161,scotus
94650,95793,scotus
94650,104812,scotus
94650,112787,scotus
94650,104814,scotus
94650,98694,scotus
94650,98436,scotus
94650,97899,scotus
94650,96272,scotus
94650,96420,scotus
94650,100357,scotus
94650,97576,scotus
94650,96358,scotus
94650,101500,scotus
94650,97164,scotus
94650,98024,scotus
94650,97240,scotus
94650,94946,scotus
94650,96591,scotus
94650,95991,scotus
94650,9401905,scotus
94650,10049684,scotus
94650,103493,scotus
94650,109580,scotus
94650,109580,scotus
94650,112787,scotus
94658,108637,scotus
94658,98898,scotus
94658,101332,scotus
94658,94772,scotus
94658,117946,scotus
94658,109252,scotus
94711,1087847,scotus
94711,110825,scotus
94711,108711,scotus
94711,102083,scotus
94711,103987,scotus
94711,109704,scotus
94711,104139,scotus
94711,104522,scotus
94711,104523,scotus
94711,101103,scotus
94711,96878,scotus
94711,99534,scotus
94711,96243,scotus
94711,97656,scotus
94711,104055,scotus
94711,99167,scotus
94711,97196,scotus
94711,100268,scotus
94711,101655,scotus
94711,99231,scotus
94711,95958,scotus
94711,100119,scotus
94711,98917,scotus
94711,98917,scotus
94772,102339,scotus
94772,108637,scotus
94772,109252,scotus
94782,104006,scotus
94782,2499246,scotus
94782,98094,scotus
94782,105249,scotus
94782,109400,scotus
94782,104931,scotus
94782,107753,scotus
94782,104933,scotus
94782,103561,scotus
94782,104943,scotus
94782,110315,scotus
94782,106862,scotus
94782,111364,scotus
94782,100471,scotus
94782,94875,scotus
94782,104603,scotus
94782,104321,scotus
94782,104243,scotus
94782,127891,scotus
94782,127927,scotus
94782,103820,scotus
94782,2621051,scotus
94782,218925,scotus
94782,145888,scotus
94782,106421,scotus
94782,6480695,scotus
94782,106883,scotus
94782,107252,scotus
94782,107252,scotus
94782,107252,scotus
94782,106285,scotus
94782,106883,scotus
94782,107252,scotus
94782,106285,scotus
94782,7345714,scotus
94782,137002,scotus
94782,218925,scotus
94782,118380,scotus
94782,127927,scotus
94782,111364,scotus
94782,111214,scotus
94782,111835,scotus
94782,110315,scotus
94782,110315,scotus
94782,111728,scotus
94782,111017,scotus
94782,112847,scotus
94782,111614,scotus
94828,1236300,scotus
94828,104649,scotus
94828,106282,scotus
94828,102224,scotus
94828,102358,scotus
94828,103226,scotus
94828,110042,scotus
94828,111720,scotus
94828,103958,scotus
94828,109670,scotus
94828,102481,scotus
94828,104455,scotus
94828,104521,scotus
94828,104539,scotus
94828,109530,scotus
94828,96885,scotus
94828,98903,scotus
94828,95356,scotus
94828,98110,scotus
94828,96925,scotus
94828,98330,scotus
94828,95645,scotus
94828,98337,scotus
94828,95365,scotus
94828,98888,scotus
94828,96140,scotus
94828,99440,scotus
94828,100181,scotus
94828,96882,scotus
94828,99887,scotus
94828,112786,scotus
94828,95497,scotus
94828,95500,scotus
94828,97750,scotus
94828,95525,scotus
94828,98521,scotus
94828,104355,scotus
94828,106862,scotus
94828,98448,scotus
94828,96276,scotus
94828,105984,scotus
94828,103347,scotus
94828,101315,scotus
94828,96370,scotus
94828,98999,scotus
94828,97368,scotus
94828,99012,scotus
94828,100374,scotus
94828,98004,scotus
94828,100907,scotus
94828,95204,scotus
94828,100287,scotus
94828,98166,scotus
94828,96786,scotus
94828,118198,scotus
94828,95050,scotus
94828,95018,scotus
94828,95941,scotus
94828,96578,scotus
94828,94978,scotus
94828,102681,scotus
94828,103290,scotus
94828,102164,scotus
94828,102784,scotus
94828,103290,scotus
94828,107685,scotus
94828,103442,scotus
94828,109570,scotus
94828,107685,scotus
94828,109570,scotus
94828,111720,scotus
94828,118198,scotus
94828,112786,scotus
94842,626209,scotus
94842,97416,scotus
94842,106242,scotus
94842,106534,scotus
94842,101932,scotus
94842,102188,scotus
94842,110782,scotus
94842,108727,scotus
94842,103217,scotus
94842,108843,scotus
94842,108307,scotus
94842,110742,scotus
94842,108187,scotus
94842,109513,scotus
94842,2806208,scotus
94842,2808294,scotus
94842,4595876,scotus
94842,4595943,scotus
94842,4595944,scotus
94842,101129,scotus
94842,95822,scotus
94842,95682,scotus
94842,105658,scotus
94842,105660,scotus
94842,96668,scotus
94842,106775,scotus
94842,96296,scotus
94842,96357,scotus
94842,98542,scotus
94842,121148,scotus
94842,118198,scotus
94842,96076,scotus
94842,104564,scotus
94842,96128,scotus
94842,96129,scotus
94842,99626,scotus
94842,96571,scotus
94842,100051,scotus
94842,94971,scotus
94842,107464,scotus
94842,107464,scotus
94842,108186,scotus
94842,107464,scotus
94842,108186,scotus
94842,9231195,scotus
94842,2808294,scotus
94842,626209,scotus
94842,626209,scotus
94842,110782,scotus
94842,110742,scotus
94842,118198,scotus
94842,118198,scotus
94842,118198,scotus
94850,104972,scotus
94850,108782,scotus
94850,2649076,scotus
94850,96471,scotus
94850,98429,scotus
94850,96259,scotus
94850,97674,scotus
94850,100702,scotus
94850,97150,scotus
94850,97011,scotus
94850,95082,scotus
94850,94954,scotus
94850,94983,scotus
94850,99901,scotus
94855,106061,scotus
94855,106534,scotus
94855,106087,scotus
94855,106884,scotus
94855,118361,scotus
94855,109729,scotus
94855,107337,scotus
94855,110213,scotus
94855,103701,scotus
94855,4511150,scotus
94855,2781926,scotus
94855,98835,scotus
94855,95797,scotus
94855,104923,scotus
94855,105659,scotus
94855,100343,scotus
94855,97550,scotus
94855,98187,scotus
94855,104303,scotus
94855,127899,scotus
94855,107081,scotus
94855,107081,scotus
94855,107081,scotus
94855,127899,scotus
94855,127899,scotus
94855,127899,scotus
94855,127899,scotus
94866,104697,scotus
94866,102960,scotus
94866,102358,scotus
94866,107686,scotus
94866,112643,scotus
94866,102831,scotus
94866,109814,scotus
94866,118361,scotus
94866,102705,scotus
94866,109701,scotus
94866,108187,scotus
94866,108538,scotus
94866,110413,scotus
94866,6461470,scotus
94866,6463787,scotus
94866,4746633,scotus
94866,101558,scotus
94866,106985,scotus
94866,95504,scotus
94866,105662,scotus
94866,98441,scotus
94866,96270,scotus
94866,97561,scotus
94866,95894,scotus
94866,99756,scotus
94866,95917,scotus
94866,100734,scotus
94866,95204,scotus
94866,99954,scotus
94866,94922,scotus
94866,99651,scotus
94866,96128,scotus
94866,96129,scotus
94866,96130,scotus
94866,95043,scotus
94866,95031,scotus
94866,145812,scotus
94866,8509973,scotus
94866,107685,scotus
94866,112471,scotus
94866,108186,scotus
94866,108186,scotus
94866,108186,scotus
94866,105525,scotus
94866,107685,scotus
94866,108186,scotus
94866,105525,scotus
94866,105525,scotus
94866,112471,scotus
94866,112471,scotus
94866,9231323,scotus
94866,145812,scotus
94866,110413,scotus
94866,112643,scotus
95042,101894,scotus
95042,101898,scotus
95042,102393,scotus
95042,102634,scotus
95042,1101268,scotus
95042,95358,scotus
95042,100222,scotus
95042,95555,scotus
95042,98391,scotus
95042,99309,scotus
95042,98525,scotus
95042,98193,scotus
95042,100333,scotus
95042,99004,scotus
95043,104697,scotus
95043,101864,scotus
95043,108767,scotus
95043,108843,scotus
95043,102106,scotus
95043,101705,scotus
95043,110138,scotus
95043,109014,scotus
95043,99063,scotus
95043,101558,scotus
95043,99512,scotus
95043,99471,scotus
95043,95504,scotus
95043,97856,scotus
95043,96270,scotus
95043,98733,scotus
95043,104387,scotus
95043,109964,scotus
95043,95204,scotus
95043,101939,scotus
95043,99954,scotus
95043,103846,scotus
95043,117867,scotus
95043,96128,scotus
95043,101403,scotus
95043,99615,scotus
95043,2528498,scotus
95043,8509973,scotus
95043,9408683,scotus
95043,10049669,scotus
95043,108186,scotus
95043,108186,scotus
95043,117867,scotus
95043,2528498,scotus
95204,102879,scotus
95204,105750,scotus
95204,106545,scotus
95204,103301,scotus
95204,105687,scotus
95204,102167,scotus
95204,102189,scotus
95204,102960,scotus
95204,103226,scotus
95204,112557,scotus
95204,108843,scotus
95204,109814,scotus
95204,104108,scotus
95204,102529,scotus
95204,107342,scotus
95204,108187,scotus
95204,104455,scotus
95204,108538,scotus
95204,108539,scotus
95204,111014,scotus
95204,103694,scotus
95204,104539,scotus
95204,4746633,scotus
95204,96885,scotus
95204,95415,scotus
95204,95363,scotus
95204,101558,scotus
95204,99887,scotus
95204,105857,scotus
95204,99470,scotus
95204,107754,scotus
95204,104355,scotus
95204,97651,scotus
95204,103563,scotus
95204,96336,scotus
95204,98441,scotus
95204,106862,scotus
95204,97944,scotus
95204,97960,scotus
95204,95894,scotus
95204,100845,scotus
95204,95281,scotus
95204,96793,scotus
95204,96086,scotus
95204,96130,scotus
95204,149702,scotus
95204,8509973,scotus
95204,102784,scotus
95204,107685,scotus
95204,107685,scotus
95204,108186,scotus
95204,108186,scotus
95204,107685,scotus
95204,108186,scotus
95204,9231323,scotus
95204,149702,scotus
95204,111014,scotus
95204,112557,scotus
95249,106050,scotus
95249,104022,scotus
95249,96467,scotus
95249,99619,scotus
95249,107689,scotus
95249,107689,scotus
95346,102861,scotus
95346,104700,scotus
95346,101983,scotus
95346,106198,scotus
95346,106394,scotus
95346,105206,scotus
95346,103284,scotus
95346,102211,scotus
95346,104106,scotus
95346,107541,scotus
95346,104111,scotus
95346,104454,scotus
95346,96451,scotus
95346,98902,scotus
95346,111850,scotus
95346,96844,scotus
95346,97091,scotus
95346,99907,scotus
95346,110161,scotus
95346,95793,scotus
95346,112787,scotus
95346,104814,scotus
95346,98694,scotus
95346,98436,scotus
95346,118062,scotus
95346,97899,scotus
95346,97900,scotus
95346,96272,scotus
95346,96420,scotus
95346,104407,scotus
95346,97576,scotus
95346,96358,scotus
95346,101500,scotus
95346,97363,scotus
95346,97164,scotus
95346,100909,scotus
95346,98024,scotus
95346,106566,scotus
95346,96591,scotus
95346,148798,scotus
95346,103493,scotus
95346,6796842,scotus
95346,148798,scotus
95346,112787,scotus
95457,105378,scotus
95457,103084,scotus
95457,104139,scotus
95457,96454,scotus
95457,95768,scotus
95457,97747,scotus
95457,97184,scotus
95457,103736,scotus
95457,105543,scotus
95457,103736,scotus
95457,103736,scotus
95457,103736,scotus
95457,105543,scotus
95458,106701,scotus
95458,104139,scotus
95458,109128,scotus
95458,96454,scotus
95458,95768,scotus
95458,96144,scotus
95458,96706,scotus
95458,96296,scotus
95458,101021,scotus
95458,2764117,scotus
95458,2764117,scotus
95458,103736,scotus
95458,103736,scotus
95504,145795,scotus
95504,104697,scotus
95504,105412,scotus
95504,106366,scotus
95504,105293,scotus
95504,105509,scotus
95504,106282,scotus
95504,104996,scotus
95504,105594,scotus
95504,112382,scotus
95504,5305924,scotus
95504,108767,scotus
95504,109805,scotus
95504,102111,scotus
95504,102726,scotus
95504,110952,scotus
95504,104119,scotus
95504,109490,scotus
95504,6461470,scotus
95504,6463787,scotus
95504,2481368,scotus
95504,4757657,scotus
95504,4759389,scotus
95504,4759029,scotus
95504,97055,scotus
95504,110270,scotus
95504,99926,scotus
95504,95538,scotus
95504,95539,scotus
95504,104756,scotus
95504,106447,scotus
95504,104813,scotus
95504,99509,scotus
95504,96270,scotus
95504,95894,scotus
95504,97396,scotus
95504,97212,scotus
95504,99954,scotus
95504,101343,scotus
95504,96112,scotus
95504,96129,scotus
95504,96130,scotus
95504,2620876,scotus
95504,9406659,scotus
95504,10049674,scotus
95504,105525,scotus
95504,105525,scotus
95504,105525,scotus
95504,105525,scotus
95504,9231327,scotus
95504,110270,scotus
95504,112382,scotus
95504,112382,scotus
95504,112382,scotus
95546,103330,scotus
95546,101632,scotus
95546,102723,scotus
95546,101674,scotus
95546,102529,scotus
95546,101277,scotus
95546,96658,scotus
95546,101322,scotus
95546,101237,scotus
95546,101648,scotus
95546,97341,scotus
95546,99967,scotus
95546,103828,scotus
95546,100955,scotus
95546,101366,scotus
95546,103639,scotus
95555,106661,scotus
95555,106041,scotus
95555,1101268,scotus
95555,98242,scotus
95555,95576,scotus
95555,99309,scotus
95555,97966,scotus
95555,97310,scotus
95555,98003,scotus
95555,98955,scotus
95555,99004,scotus
95612,104696,scotus
95612,105831,scotus
95612,106043,scotus
95612,101759,scotus
95612,101760,scotus
95612,101918,scotus
95612,101433,scotus
95612,102263,scotus
95612,110484,scotus
95612,110639,scotus
95612,108221,scotus
95612,96883,scotus
95612,98825,scotus
95612,96196,scotus
95612,96485,scotus
95612,95762,scotus
95612,95772,scotus
95612,96140,scotus
95612,96234,scotus
95612,96537,scotus
95612,98354,scotus
95612,99887,scotus
95612,97922,scotus
95612,97531,scotus
95612,97535,scotus
95612,96717,scotus
95612,100579,scotus
95612,104408,scotus
95612,96727,scotus
95612,101217,scotus
95612,97356,scotus
95612,97275,scotus
95612,96394,scotus
95612,100374,scotus
95612,97186,scotus
95612,97223,scotus
95612,95867,scotus
95612,100401,scotus
95612,96950,scotus
95612,98157,scotus
95612,98219,scotus
95612,96019,scotus
95612,95937,scotus
95612,100044,scotus
95612,96619,scotus
95612,105546,scotus
95612,103351,scotus
95612,110639,scotus
95660,4766667,scotus
95660,104700,scotus
95660,102012,scotus
95660,105268,scotus
95660,102271,scotus
95660,103166,scotus
95660,102827,scotus
95660,103115,scotus
95660,112266,scotus
95660,102112,scotus
95660,110018,scotus
95660,102128,scotus
95660,111689,scotus
95660,110997,scotus
95660,109632,scotus
95660,110436,scotus
95660,101058,scotus
95660,96459,scotus
95660,99059,scotus
95660,100139,scotus
95660,96487,scotus
95660,98254,scotus
95660,97123,scotus
95660,98275,scotus
95660,95792,scotus
95660,99538,scotus
95660,106447,scotus
95660,99389,scotus
95660,99406,scotus
95660,97787,scotus
95660,103567,scotus
95660,96268,scotus
95660,112929,scotus
95660,104407,scotus
95660,96435,scotus
95660,95892,scotus
95660,101495,scotus
95660,100370,scotus
95660,100536,scotus
95660,97616,scotus
95660,100778,scotus
95660,99735,scotus
95660,100792,scotus
95660,104433,scotus
95660,99983,scotus
95660,99566,scotus
95660,104326,scotus
95660,96587,scotus
95660,2620997,scotus
95660,103761,scotus
95660,4766667,scotus
95660,110997,scotus
95660,110997,scotus
95660,110436,scotus
95660,112266,scotus
95670,97416,scotus
95670,104964,scotus
95670,103020,scotus
95670,103152,scotus
95670,107938,scotus
95670,110639,scotus
95670,110743,scotus
95670,101715,scotus
95670,104522,scotus
95670,103721,scotus
95670,104523,scotus
95670,103678,scotus
95670,2483661,scotus
95670,96872,scotus
95670,96878,scotus
95670,96145,scotus
95670,97691,scotus
95670,106805,scotus
95670,97893,scotus
95670,96295,scotus
95670,104348,scotus
95670,104349,scotus
95670,96722,scotus
95670,104408,scotus
95670,98988,scotus
95670,97584,scotus
95670,96389,scotus
95670,97398,scotus
95670,95858,scotus
95670,96950,scotus
95670,99231,scotus
95670,100836,scotus
95670,100945,scotus
95670,100119,scotus
95670,98917,scotus
95670,98917,scotus
95670,110639,scotus
95670,110743,scotus
95716,2516349,scotus
95716,103442,scotus
95768,106701,scotus
95768,103327,scotus
95768,103084,scotus
95768,103096,scotus
95768,104139,scotus
95768,109128,scotus
95768,98070,scotus
95768,96454,scotus
95768,98932,scotus
95768,99074,scotus
95768,96865,scotus
95768,96144,scotus
95768,96706,scotus
95768,96296,scotus
95768,97605,scotus
95768,101193,scotus
95768,99561,scotus
95768,95953,scotus
95768,95983,scotus
95768,95997,scotus
95768,2764117,scotus
95768,2764117,scotus
95768,2764117,scotus
95768,103736,scotus
95768,103736,scotus
95792,97425,scotus
95792,103260,scotus
95792,103327,scotus
95792,105037,scotus
95792,108805,scotus
95792,109436,scotus
95792,103115,scotus
95792,107635,scotus
95792,103982,scotus
95792,100916,scotus
95792,109585,scotus
95792,2540705,scotus
95792,98779,scotus
95792,98100,scotus
95792,101549,scotus
95792,97115,scotus
95792,98758,scotus
95792,99118,scotus
95792,97639,scotus
95792,96268,scotus
95792,99271,scotus
95792,108754,scotus
95792,108755,scotus
95792,97976,scotus
95792,96384,scotus
95792,97616,scotus
95792,98007,scotus
95792,109478,scotus
95792,100398,scotus
95792,99230,scotus
95792,99823,scotus
95792,103856,scotus
95792,104577,scotus
95792,103816,scotus
95792,96597,scotus
95792,218665,scotus
95792,103869,scotus
95792,104641,scotus
95792,103869,scotus
95792,103869,scotus
95792,218665,scotus
95793,813020,scotus
95793,103252,scotus
95793,105709,scotus
95793,103284,scotus
95793,101865,scotus
95793,110783,scotus
95793,102439,scotus
95793,102389,scotus
95793,103126,scotus
95793,102125,scotus
95793,109924,scotus
95793,102493,scotus
95793,104451,scotus
95793,110222,scotus
95793,118291,scotus
95793,2513954,scotus
95793,4748669,scotus
95793,96451,scotus
95793,98902,scotus
95793,98903,scotus
95793,99869,scotus
95793,97453,scotus
95793,99391,scotus
95793,104814,scotus
95793,98722,scotus
95793,96272,scotus
95793,97948,scotus
95793,98620,scotus
95793,96420,scotus
95793,96294,scotus
95793,100357,scotus
95793,97576,scotus
95793,99236,scotus
95793,96358,scotus
95793,100522,scotus
95793,100285,scotus
95793,98024,scotus
95793,97240,scotus
95793,97344,scotus
95793,96956,scotus
95793,98222,scotus
95793,104300,scotus
95793,99618,scotus
95793,96591,scotus
95793,95991,scotus
95793,2621056,scotus
95793,103493,scotus
95793,4748669,scotus
95793,110783,scotus
95793,118291,scotus
95802,104700,scotus
95802,104956,scotus
95802,102126,scotus
95802,100926,scotus
95802,111094,scotus
95802,101106,scotus
95802,96529,scotus
95802,97453,scotus
95802,97292,scotus
95802,96399,scotus
95802,100735,scotus
95802,95844,scotus
95802,96819,scotus
95802,118011,scotus
95802,103555,scotus
95802,103555,scotus
95802,103555,scotus
95802,118011,scotus
95802,111094,scotus
95840,104706,scotus
95840,101990,scotus
95840,105825,scotus
95840,105827,scotus
95840,105836,scotus
95840,105837,scotus
95840,106209,scotus
95840,105271,scotus
95840,106640,scotus
95840,106126,scotus
95840,105180,scotus
95840,106133,scotus
95840,105170,scotus
95840,105215,scotus
95840,101864,scotus
95840,105625,scotus
95840,106943,scotus
95840,102997,scotus
95840,137747,scotus
95840,112503,scotus
95840,112527,scotus
95840,103121,scotus
95840,104094,scotus
95840,108166,scotus
95840,109047,scotus
95840,103732,scotus
95840,108234,scotus
95840,150540,scotus
95840,4632239,scotus
95840,101091,scotus
95840,101104,scotus
95840,106447,scotus
95840,105986,scotus
95840,98958,scotus
95840,100366,scotus
95840,117953,scotus
95840,100385,scotus
95840,101529,scotus
95840,99203,scotus
95840,106049,scotus
95840,96741,scotus
95840,100007,scotus
95840,104278,scotus
95840,104287,scotus
95840,101343,scotus
95840,103764,scotus
95840,96084,scotus
95840,103817,scotus
95840,102648,scotus
95840,102649,scotus
95840,149286,scotus
95840,145851,scotus
95840,103927,scotus
95840,150540,scotus
95840,145851,scotus
95840,149286,scotus
95894,145795,scotus
95894,134732,scotus
95894,102035,scotus
95894,101997,scotus
95894,105412,scotus
95894,103266,scotus
95894,106282,scotus
95894,112382,scotus
95894,100923,scotus
95894,104119,scotus
95894,109490,scotus
95894,108538,scotus
95894,108539,scotus
95894,6461470,scotus
95894,6463787,scotus
95894,99926,scotus
95894,99509,scotus
95894,102447,scotus
95894,96255,scotus
95894,96270,scotus
95894,100640,scotus
95894,100892,scotus
95894,100808,scotus
95894,104427,scotus
95894,99954,scotus
95894,98209,scotus
95894,106548,scotus
95894,96129,scotus
95894,96130,scotus
95894,104246,scotus
95894,104588,scotus
95894,107685,scotus
95894,105525,scotus
95894,107685,scotus
95894,105525,scotus
95894,105525,scotus
95894,105525,scotus
95894,7356240,scotus
95894,134732,scotus
95894,112382,scotus
95894,112382,scotus
95894,112382,scotus
96042,102860,scotus
96042,105179,scotus
96042,103241,scotus
96042,105935,scotus
96042,105498,scotus
96042,101816,scotus
96042,101914,scotus
96042,98130,scotus
96042,103563,scotus
96042,104429,scotus
96042,96107,scotus
96042,103870,scotus
96042,103870,scotus
96063,97425,scotus
96063,103293,scotus
96063,105688,scotus
96063,101864,scotus
96063,101437,scotus
96063,103200,scotus
96063,109432,scotus
96063,102762,scotus
96063,103099,scotus
96063,104540,scotus
96063,98094,scotus
96063,103443,scotus
96063,97760,scotus
96063,97720,scotus
96063,98455,scotus
96063,96424,scotus
96063,96427,scotus
96063,96977,scotus
96063,99008,scotus
96063,97378,scotus
96063,100440,scotus
96063,104239,scotus
96063,99593,scotus
96063,96616,scotus
96063,103198,scotus
96087,103293,scotus
96087,101888,scotus
96087,108723,scotus
96087,108375,scotus
96087,102580,scotus
96087,107731,scotus
96087,112481,scotus
96087,102064,scotus
96087,110676,scotus
96087,109710,scotus
96087,103373,scotus
96087,111256,scotus
96087,110968,scotus
96087,109086,scotus
96087,98825,scotus
96087,100162,scotus
96087,99887,scotus
96087,98669,scotus
96087,97895,scotus
96087,96709,scotus
96087,96727,scotus
96087,103349,scotus
96087,97260,scotus
96087,101238,scotus
96087,97221,scotus
96087,98219,scotus
96087,104303,scotus
96087,103870,scotus
96087,103870,scotus
96087,110676,scotus
96087,111256,scotus
96087,110968,scotus
96107,105179,scotus
96107,103434,scotus
96107,2812210,scotus
96107,98856,scotus
96107,98130,scotus
96107,99107,scotus
96107,98058,scotus
96107,97213,scotus
96107,98917,scotus
96107,98917,scotus
96107,2812210,scotus
96129,104660,scotus
96129,102879,scotus
96129,97427,scotus
96129,105275,scotus
96129,105073,scotus
96129,105542,scotus
96129,105594,scotus
96129,105597,scotus
96129,101879,scotus
96129,137746,scotus
96129,110465,scotus
96129,109200,scotus
96129,102596,scotus
96129,109201,scotus
96129,109204,scotus
96129,108562,scotus
96129,109258,scotus
96129,109818,scotus
96129,103135,scotus
96129,102696,scotus
96129,109893,scotus
96129,111246,scotus
96129,100923,scotus
96129,109891,scotus
96129,109928,scotus
96129,108469,scotus
96129,111286,scotus
96129,109490,scotus
96129,109042,scotus
96129,110361,scotus
96129,109631,scotus
96129,96461,scotus
96129,100236,scotus
96129,99464,scotus
96129,98494,scotus
96129,104355,scotus
96129,111151,scotus
96129,96689,scotus
96129,97561,scotus
96129,98963,scotus
96129,96715,scotus
96129,98986,scotus
96129,97257,scotus
96129,96361,scotus
96129,104418,scotus
96129,97395,scotus
96129,100907,scotus
96129,100284,scotus
96129,97242,scotus
96129,98209,scotus
96129,103886,scotus
96129,103820,scotus
96129,96598,scotus
96129,109895,scotus
96129,109895,scotus
96129,107980,scotus
96129,112906,scotus
96129,105525,scotus
96129,107980,scotus
96129,108164,scotus
96129,109895,scotus
96129,105525,scotus
96129,137746,scotus
96129,9135776,scotus
96129,9135777,scotus
96129,111246,scotus
96129,110465,scotus
96129,111151,scotus
96130,145795,scotus
96130,97427,scotus
96130,105412,scotus
96130,101886,scotus
96130,112382,scotus
96130,109805,scotus
96130,102824,scotus
96130,103107,scotus
96130,110729,scotus
96130,104119,scotus
96130,109490,scotus
96130,109488,scotus
96130,109091,scotus
96130,6461470,scotus
96130,6463787,scotus
96130,4510624,scotus
96130,99926,scotus
96130,106447,scotus
96130,99509,scotus
96130,96270,scotus
96130,106775,scotus
96130,99954,scotus
96130,98209,scotus
96130,2620876,scotus
96130,4510028,scotus
96130,105525,scotus
96130,105525,scotus
96130,105525,scotus
96130,105525,scotus
96130,112382,scotus
96130,112382,scotus
96130,112382,scotus
96154,102861,scotus
96154,102038,scotus
96154,105401,scotus
96154,101762,scotus
96154,101632,scotus
96154,102058,scotus
96154,100916,scotus
96154,101733,scotus
96154,2620696,scotus
96154,96912,scotus
96154,98664,scotus
96154,98690,scotus
96154,101291,scotus
96154,101322,scotus
96154,97614,scotus
96154,100771,scotus
96154,102745,scotus
96154,99829,scotus
96154,99943,scotus
96154,96833,scotus
96154,104263,scotus
96154,101913,scotus
96230,4833940,scotus
96230,4770835,scotus
96230,4957280,scotus
96230,106660,scotus
96230,101975,scotus
96230,106658,scotus
96230,101991,scotus
96230,101997,scotus
96230,106451,scotus
96230,106000,scotus
96230,107082,scotus
96230,101765,scotus
96230,102963,scotus
96230,102334,scotus
96230,108714,scotus
96230,112404,scotus
96230,103197,scotus
96230,112478,scotus
96230,108285,scotus
96230,110647,scotus
96230,110745,scotus
96230,109303,scotus
96230,137001,scotus
96230,111688,scotus
96230,103950,scotus
96230,111690,scotus
96230,109874,scotus
96230,118387,scotus
96230,108165,scotus
96230,100934,scotus
96230,108530,scotus
96230,108489,scotus
96230,112047,scotus
96230,109635,scotus
96230,4794488,scotus
96230,108713,scotus
96230,4757575,scotus
96230,101076,scotus
96230,98110,scotus
96230,96925,scotus
96230,98856,scotus
96230,112786,scotus
96230,97750,scotus
96230,98666,scotus
96230,109423,scotus
96230,105659,scotus
96230,98521,scotus
96230,104790,scotus
96230,97875,scotus
96230,97895,scotus
96230,96276,scotus
96230,96345,scotus
96230,104373,scotus
96230,97353,scotus
96230,96364,scotus
96230,101441,scotus
96230,97550,scotus
96230,97179,scotus
96230,98004,scotus
96230,118136,scotus
96230,97221,scotus
96230,97036,scotus
96230,118144,scotus
96230,96764,scotus
96230,103933,scotus
96230,100958,scotus
96230,104580,scotus
96230,103912,scotus
96230,101028,scotus
96230,100054,scotus
96230,102662,scotus
96230,145744,scotus
96230,103870,scotus
96230,107473,scotus
96230,103870,scotus
96230,145744,scotus
96230,118387,scotus
96230,137001,scotus
96230,110647,scotus
96230,111690,scotus
96230,112047,scotus
96230,111688,scotus
96230,118136,scotus
96230,118144,scotus
96230,112786,scotus
96270,105293,scotus
96270,109814,scotus
96270,108187,scotus
96270,109490,scotus
96270,99926,scotus
96270,97620,scotus
96270,99954,scotus
96270,8509973,scotus
96270,107685,scotus
96270,108186,scotus
96270,108186,scotus
96270,105525,scotus
96270,107685,scotus
96270,108186,scotus
96270,105525,scotus
96276,1087961,scotus
96276,111504,scotus
96276,111507,scotus
96276,106729,scotus
96276,106098,scotus
96276,105790,scotus
96276,107082,scotus
96276,104970,scotus
96276,105001,scotus
96276,106282,scotus
96276,110783,scotus
96276,108817,scotus
96276,110638,scotus
96276,108281,scotus
96276,112674,scotus
96276,112646,scotus
96276,112324,scotus
96276,111891,scotus
96276,111690,scotus
96276,112141,scotus
96276,109670,scotus
96276,111786,scotus
96276,109929,scotus
96276,111738,scotus
96276,107314,scotus
96276,109930,scotus
96276,110881,scotus
96276,104455,scotus
96276,111385,scotus
96276,111951,scotus
96276,104532,scotus
96276,110223,scotus
96276,108111,scotus
96276,109592,scotus
96276,109647,scotus
96276,110340,scotus
96276,145702,scotus
96276,6461470,scotus
96276,6463787,scotus
96276,799984,scotus
96276,809122,scotus
96276,2812209,scotus
96276,2812210,scotus
96276,4511150,scotus
96276,3217332,scotus
96276,3217528,scotus
96276,3217529,scotus
96276,108713,scotus
96276,98337,scotus
96276,100233,scotus
96276,100181,scotus
96276,112786,scotus
96276,110292,scotus
96276,112787,scotus
96276,118051,scotus
96276,110312,scotus
96276,112900,scotus
96276,107197,scotus
96276,112930,scotus
96276,118455,scotus
96276,107448,scotus
96276,97368,scotus
96276,97179,scotus
96276,104422,scotus
96276,97036,scotus
96276,118139,scotus
96276,97345,scotus
96276,118144,scotus
96276,96764,scotus
96276,117861,scotus
96276,96786,scotus
96276,104548,scotus
96276,100023,scotus
96276,118239,scotus
96276,104611,scotus
96276,117927,scotus
96276,149702,scotus
96276,219511,scotus
96276,219616,scotus
96276,803267,scotus
96276,145707,scotus
96276,145739,scotus
96276,145818,scotus
96276,9398334,scotus
96276,9400078,scotus
96276,10049695,scotus
96276,118011,scotus
96276,118317,scotus
96276,118317,scotus
96276,118317,scotus
96276,102784,scotus
96276,104610,scotus
96276,106576,scotus
96276,118011,scotus
96276,3217332,scotus
96276,6796842,scotus
96276,7345718,scotus
96276,7345718,scotus
96276,148798,scotus
96276,149702,scotus
96276,149702,scotus
96276,809122,scotus
96276,145818,scotus
96276,2812210,scotus
96276,145702,scotus
96276,145739,scotus
96276,145739,scotus
96276,219616,scotus
96276,219616,scotus
96276,118455,scotus
96276,799984,scotus
96276,110292,scotus
96276,110340,scotus
96276,110223,scotus
96276,110638,scotus
96276,110783,scotus
96276,110881,scotus
96276,110312,scotus
96276,111690,scotus
96276,111504,scotus
96276,111504,scotus
96276,111507,scotus
96276,111738,scotus
96276,112141,scotus
96276,111385,scotus
96276,112646,scotus
96276,112674,scotus
96276,111951,scotus
96276,112324,scotus
96276,117861,scotus
96276,112787,scotus
96276,118139,scotus
96276,118051,scotus
96276,112786,scotus
96276,112786,scotus
96276,112900,scotus
96276,112900,scotus
96276,1087961,scotus
96299,1218943,scotus
96299,102861,scotus
96299,105210,scotus
96299,102972,scotus
96299,103990,scotus
96299,96482,scotus
96299,97467,scotus
96299,104869,scotus
96299,101277,scotus
96299,96335,scotus
96299,100358,scotus
96299,100692,scotus
96299,96360,scotus
96299,97614,scotus
96299,100551,scotus
96299,103840,scotus
96299,100987,scotus
96299,104628,scotus
96299,110563,scotus
96299,104965,scotus
96299,110563,scotus
96299,104965,scotus
96299,104965,scotus
96304,111516,scotus
96304,105321,scotus
96304,109193,scotus
96304,107702,scotus
96304,107703,scotus
96304,109818,scotus
96304,111689,scotus
96304,104104,scotus
96304,110146,scotus
96304,118451,scotus
96304,110962,scotus
96304,108130,scotus
96304,4601078,scotus
96304,4605151,scotus
96304,98773,scotus
96304,97091,scotus
96304,97787,scotus
96304,99318,scotus
96304,103642,scotus
96304,99230,scotus
96304,96748,scotus
96304,9408684,scotus
96304,10049670,scotus
96304,118273,scotus
96304,118273,scotus
96304,118273,scotus
96304,118451,scotus
96304,111516,scotus
96304,111516,scotus
96335,1218943,scotus
96335,1087842,scotus
96335,106136,scotus
96335,105230,scotus
96335,105210,scotus
96335,101742,scotus
96335,101826,scotus
96335,101924,scotus
96335,102956,scotus
96335,103219,scotus
96335,103220,scotus
96335,102839,scotus
96335,102779,scotus
96335,102042,scotus
96335,103082,scotus
96335,102059,scotus
96335,102833,scotus
96335,103990,scotus
96335,109915,scotus
96335,103671,scotus
96335,2620707,scotus
96335,102143,scotus
96335,99863,scotus
96335,96495,scotus
96335,98053,scotus
96335,97467,scotus
96335,106448,scotus
96335,98498,scotus
96335,101277,scotus
96335,96652,scotus
96335,99332,scotus
96335,96693,scotus
96335,100692,scotus
96335,104437,scotus
96335,97150,scotus
96335,99011,scotus
96335,97614,scotus
96335,97008,scotus
96335,100781,scotus
96335,101648,scotus
96335,98557,scotus
96335,100271,scotus
96335,101475,scotus
96335,101488,scotus
96335,100320,scotus
96335,98214,scotus
96335,96800,scotus
96335,99580,scotus
96335,103789,scotus
96335,99617,scotus
96335,104628,scotus
96335,96569,scotus
96335,102658,scotus
96335,104965,scotus
96335,104965,scotus
96335,104965,scotus
96354,103195,scotus
96354,102839,scotus
96354,102804,scotus
96354,2513954,scotus
96354,98078,scotus
96354,96514,scotus
96354,104891,scotus
96354,99887,scotus
96354,98374,scotus
96354,97702,scotus
96354,99481,scotus
96354,98687,scotus
96354,104792,scotus
96354,97895,scotus
96354,104156,scotus
96354,97243,scotus
96354,97353,scotus
96354,97374,scotus
96354,101480,scotus
96354,98219,scotus
96354,100943,scotus
96354,96559,scotus
96354,102662,scotus
96354,102784,scotus
96354,103351,scotus
96356,1236300,scotus
96356,102189,scotus
96356,102604,scotus
96356,111017,scotus
96356,96885,scotus
96356,98441,scotus
96356,97285,scotus
96356,97294,scotus
96356,100337,scotus
96356,101534,scotus
96356,100833,scotus
96356,106548,scotus
96356,100122,scotus
96356,98124,scotus
96356,111017,scotus
96357,1087772,scotus
96357,106821,scotus
96357,101762,scotus
96357,102167,scotus
96357,102219,scotus
96357,102233,scotus
96357,101894,scotus
96357,102275,scotus
96357,102968,scotus
96357,102330,scotus
96357,102593,scotus
96357,102783,scotus
96357,109824,scotus
96357,103047,scotus
96357,103049,scotus
96357,111104,scotus
96357,809122,scotus
96357,112748,scotus
96357,101559,scotus
96357,99467,scotus
96357,110308,scotus
96357,97975,scotus
96357,97004,scotus
96357,100771,scotus
96357,97378,scotus
96357,109448,scotus
96357,102843,scotus
96357,97396,scotus
96357,101648,scotus
96357,121162,scotus
96357,99731,scotus
96357,100397,scotus
96357,104222,scotus
96357,100915,scotus
96357,99807,scotus
96357,100409,scotus
96357,99541,scotus
96357,117921,scotus
96357,803267,scotus
96357,145739,scotus
96357,103172,scotus
96357,109499,scotus
96357,102784,scotus
96357,103172,scotus
96357,111308,scotus
96357,111308,scotus
96357,112040,scotus
96357,109499,scotus
96357,112040,scotus
96357,809122,scotus
96357,121162,scotus
96357,145739,scotus
96357,110308,scotus
96357,111104,scotus
96399,106821,scotus
96399,105192,scotus
96399,104956,scotus
96399,108763,scotus
96399,108578,scotus
96399,102126,scotus
96399,103973,scotus
96399,103362,scotus
96399,118504,scotus
96399,111094,scotus
96399,1975541,scotus
96399,4895709,scotus
96399,98319,scotus
96399,111757,scotus
96399,98713,scotus
96399,104362,scotus
96399,96639,scotus
96399,96723,scotus
96399,104057,scotus
96399,100506,scotus
96399,118236,scotus
96399,96819,scotus
96399,96626,scotus
96399,102676,scotus
96399,2621076,scotus
96399,118317,scotus
96399,118317,scotus
96399,103555,scotus
96399,103555,scotus
96399,103555,scotus
96399,111094,scotus
96399,111757,scotus
96443,108914,scotus
96443,102703,scotus
96443,96889,scotus
96443,97091,scotus
96443,107555,scotus
96443,97133,scotus
96443,97904,scotus
96443,98205,scotus
96443,96637,scotus
96443,109580,scotus
96443,109580,scotus
96443,109580,scotus
96454,932059,scotus
96454,945737,scotus
96454,102150,scotus
96454,103084,scotus
96454,110706,scotus
96454,104139,scotus
96454,102513,scotus
96454,98932,scotus
96454,98119,scotus
96454,98879,scotus
96454,97747,scotus
96454,97648,scotus
96454,98429,scotus
96454,98461,scotus
96454,98636,scotus
96454,97184,scotus
96454,9406660,scotus
96454,10049675,scotus
96454,2764117,scotus
96454,2764117,scotus
96454,2764117,scotus
96454,2764117,scotus
96454,103736,scotus
96454,103962,scotus
96454,105543,scotus
96454,103736,scotus
96454,103736,scotus
96454,103736,scotus
96454,105543,scotus
96454,945737,scotus
96454,110706,scotus
96471,101894,scotus
96471,98085,scotus
96471,96514,scotus
96471,96641,scotus
96471,97150,scotus
96471,97151,scotus
96471,100366,scotus
96471,100914,scotus
96471,99901,scotus
96480,1997012,scotus
96480,105860,scotus
96480,105594,scotus
96480,105687,scotus
96480,102987,scotus
96480,112432,scotus
96480,108607,scotus
96480,108610,scotus
96480,109894,scotus
96480,109729,scotus
96480,110237,scotus
96480,105448,scotus
96480,109053,scotus
96480,101041,scotus
96480,106156,scotus
96480,98480,scotus
96480,98492,scotus
96480,97665,scotus
96480,106152,scotus
96480,98636,scotus
96480,100433,scotus
96480,99756,scotus
96480,97194,scotus
96480,97395,scotus
96480,96811,scotus
96480,96814,scotus
96480,100977,scotus
96480,112906,scotus
96480,9135776,scotus
96480,9135777,scotus
96480,110237,scotus
96480,9135776,scotus
96480,9135777,scotus
96480,112432,scotus
96482,105210,scotus
96482,110068,scotus
96482,103990,scotus
96482,97467,scotus
96482,97614,scotus
96482,104628,scotus
96482,104965,scotus
96482,104965,scotus
96482,104965,scotus
96495,104723,scotus
96495,105076,scotus
96495,105210,scotus
96495,102292,scotus
96495,103990,scotus
96495,2620707,scotus
96495,102143,scotus
96495,106448,scotus
96495,97151,scotus
96495,97008,scotus
96495,98167,scotus
96495,104628,scotus
96495,104965,scotus
96495,104965,scotus
96495,104965,scotus
96519,106308,scotus
96519,102101,scotus
96519,111916,scotus
96519,104461,scotus
96519,98314,scotus
96519,97090,scotus
96519,98646,scotus
96519,109961,scotus
96519,96713,scotus
96519,99021,scotus
96519,99709,scotus
96519,96783,scotus
96519,111940,scotus
96519,111940,scotus
96658,1964908,scotus
96658,103330,scotus
96658,103219,scotus
96658,102690,scotus
96658,102723,scotus
96658,101674,scotus
96658,101237,scotus
96658,99738,scotus
96658,103828,scotus
96658,100955,scotus
96658,101366,scotus
96658,103897,scotus
96658,103639,scotus
96689,134732,scotus
96689,102872,scotus
96689,111541,scotus
96689,105860,scotus
96689,105185,scotus
96689,101864,scotus
96689,108860,scotus
96689,112419,scotus
96689,109818,scotus
96689,109736,scotus
96689,111317,scotus
96689,109077,scotus
96689,108112,scotus
96689,3211608,scotus
96689,105857,scotus
96689,104440,scotus
96689,97395,scotus
96689,97202,scotus
96689,99556,scotus
96689,107953,scotus
96689,111948,scotus
96689,112906,scotus
96689,111948,scotus
96689,111948,scotus
96689,3211608,scotus
96689,7356240,scotus
96689,7356240,scotus
96689,7356240,scotus
96689,134732,scotus
96689,134732,scotus
96689,134732,scotus
96689,9135777,scotus
96689,111317,scotus
96689,9135776,scotus
96689,9135777,scotus
96689,9135776,scotus
96689,111541,scotus
96689,112419,scotus
96710,1087916,scotus
96710,103298,scotus
96710,103175,scotus
96710,99137,scotus
96710,100220,scotus
96710,98391,scotus
96710,98439,scotus
96710,100844,scotus
96710,108751,scotus
96710,100385,scotus
96710,110055,scotus
96710,100683,scotus
96710,96950,scotus
96710,99596,scotus
96710,99597,scotus
96710,99617,scotus
96710,99004,scotus
96731,104688,scotus
96731,101863,scotus
96731,112420,scotus
96731,108996,scotus
96731,111432,scotus
96731,97053,scotus
96731,98094,scotus
96731,109755,scotus
96731,97103,scotus
96731,98270,scotus
96731,96872,scotus
96731,97450,scotus
96731,99248,scotus
96731,97394,scotus
96731,96807,scotus
96731,103757,scotus
96731,101913,scotus
96731,111432,scotus
96731,112420,scotus
96748,106627,scotus
96748,103130,scotus
96748,118388,scotus
96748,104104,scotus
96748,110146,scotus
96748,109938,scotus
96748,110895,scotus
96748,110994,scotus
96748,111007,scotus
96748,4603641,scotus
96748,109405,scotus
96748,111362,scotus
96748,112929,scotus
96748,109465,scotus
96748,117938,scotus
96748,9408684,scotus
96748,10049670,scotus
96748,118273,scotus
96748,118273,scotus
96748,118273,scotus
96748,117938,scotus
96748,111362,scotus
96748,110895,scotus
96748,110994,scotus
96748,111007,scotus
96748,111007,scotus
96764,105399,scotus
96764,101413,scotus
96764,106288,scotus
96764,101590,scotus
96764,101636,scotus
96764,102795,scotus
96764,102804,scotus
96764,102806,scotus
96764,118363,scotus
96764,109661,scotus
96764,110881,scotus
96764,104455,scotus
96764,4499694,scotus
96764,4511640,scotus
96764,96883,scotus
96764,98903,scotus
96764,96925,scotus
96764,98337,scotus
96764,99440,scotus
96764,100181,scotus
96764,103518,scotus
96764,97368,scotus
96764,99756,scotus
96764,101642,scotus
96764,99037,scotus
96764,97345,scotus
96764,104548,scotus
96764,100023,scotus
96764,101340,scotus
96764,104611,scotus
96764,99597,scotus
96764,117927,scotus
96764,102662,scotus
96764,2620807,scotus
96764,118011,scotus
96764,102784,scotus
96764,104610,scotus
96764,108889,scotus
96764,118011,scotus
96764,110881,scotus
96768,103982,scotus
96768,102477,scotus
96768,99339,scotus
96768,96963,scotus
96768,101494,scotus
96768,99943,scotus
96768,104263,scotus
96768,101913,scotus
96819,145767,scotus
96819,625722,scotus
96819,623240,scotus
96819,4766664,scotus
96819,214949,scotus
96819,111503,scotus
96819,102876,scotus
96819,102877,scotus
96819,111500,scotus
96819,5291995,scotus
96819,104700,scotus
96819,106825,scotus
96819,101991,scotus
96819,111540,scotus
96819,106730,scotus
96819,106183,scotus
96819,106530,scotus
96819,106012,scotus
96819,104956,scotus
96819,106282,scotus
96819,106267,scotus
96819,106318,scotus
96819,105219,scotus
96819,107089,scotus
96819,101816,scotus
96819,102174,scotus
96819,107115,scotus
96819,102226,scotus
96819,102278,scotus
96819,103025,scotus
96819,110792,scotus
96819,102437,scotus
96819,108375,scotus
96819,108763,scotus
96819,112423,scotus
96819,5305640,scotus
96819,5305639,scotus
96819,103145,scotus
96819,102605,scotus
96819,103195,scotus
96819,5305358,scotus
96819,108578,scotus
96819,1101268,scotus
96819,112657,scotus
96819,110581,scotus
96819,103101,scotus
96819,109811,scotus
96819,110734,scotus
96819,112742,scotus
96819,112291,scotus
96819,112537,scotus
96819,111608,scotus
96819,102104,scotus
96819,112293,scotus
96819,110034,scotus
96819,102126,scotus
96819,112299,scotus
96819,103950,scotus
96819,110031,scotus
96819,118407,scotus
96819,103973,scotus
96819,109857,scotus
96819,107809,scotus
96819,111742,scotus
96819,112800,scotus
96819,107485,scotus
96819,109723,scotus
96819,109915,scotus
96819,108985,scotus
96819,104135,scotus
96819,109919,scotus
96819,109009,scotus
96819,107320,scotus
96819,108486,scotus
96819,103437,scotus
96819,118506,scotus
96819,118508,scotus
96819,110965,scotus
96819,111094,scotus
96819,111949,scotus
96819,104461,scotus
96819,109520,scotus
96819,110245,scotus
96819,103704,scotus
96819,109621,scotus
96819,110435,scotus
96819,118318,scotus
96819,6447545,scotus
96819,118342,scotus
96819,6448162,scotus
96819,6448163,scotus
96819,2392353,scotus
96819,2790213,scotus
96819,2675751,scotus
96819,5065494,scotus
96819,98085,scotus
96819,96895,scotus
96819,98114,scotus
96819,98332,scotus
96819,98934,scotus
96819,96936,scotus
96819,98334,scotus
96819,96937,scotus
96819,110753,scotus
96819,99093,scotus
96819,98738,scotus
96819,101106,scotus
96819,110273,scotus
96819,112768,scotus
96819,98770,scotus
96819,97453,scotus
96819,99472,scotus
96819,108047,scotus
96819,107025,scotus
96819,98668,scotus
96819,97779,scotus
96819,104905,scotus
96819,106992,scotus
96819,99407,scotus
96819,106792,scotus
96819,104374,scotus
96819,99309,scotus
96819,105662,scotus
96819,98718,scotus
96819,97675,scotus
96819,99279,scotus
96819,106180,scotus
96819,104385,scotus
96819,118093,scotus
96819,112921,scotus
96819,97965,scotus
96819,97576,scotus
96819,97245,scotus
96819,96966,scotus
96819,131155,scotus
96819,98991,scotus
96819,98992,scotus
96819,97966,scotus
96819,97970,scotus
96819,108263,scotus
96819,97283,scotus
96819,97162,scotus
96819,107193,scotus
96819,97292,scotus
96819,99756,scotus
96819,97549,scotus
96819,118134,scotus
96819,118120,scotus
96819,108266,scotus
96819,99031,scotus
96819,97014,scotus
96819,98003,scotus
96819,98542,scotus
96819,97023,scotus
96819,97025,scotus
96819,100875,scotus
96819,98016,scotus
96819,100907,scotus
96819,100909,scotus
96819,100287,scotus
96819,98576,scotus
96819,99657,scotus
96819,99977,scotus
96819,99988,scotus
96819,104265,scotus
96819,118194,scotus
96819,103750,scotus
96819,118199,scotus
96819,101340,scotus
96819,100948,scotus
96819,99548,scotus
96819,118211,scotus
96819,127888,scotus
96819,127926,scotus
96819,117944,scotus
96819,104311,scotus
96819,149586,scotus
96819,145688,scotus
96819,149703,scotus
96819,145689,scotus
96819,102662,scotus
96819,215071,scotus
96819,6480698,scotus
96819,6473471,scotus
96819,9398337,scotus
96819,9392442,scotus
96819,6619822,scotus
96819,9506541,scotus
96819,10049699,scotus
96819,118011,scotus
96819,118317,scotus
96819,118317,scotus
96819,111940,scotus
96819,103555,scotus
96819,107748,scotus
96819,108990,scotus
96819,108990,scotus
96819,108990,scotus
96819,109881,scotus
96819,109881,scotus
96819,107748,scotus
96819,108990,scotus
96819,109881,scotus
96819,103555,scotus
96819,111940,scotus
96819,118011,scotus
96819,118011,scotus
96819,4766664,scotus
96819,2675751,scotus
96819,7343954,scotus
96819,7343954,scotus
96819,7343954,scotus
96819,215071,scotus
96819,215071,scotus
96819,215071,scotus
96819,9054281,scotus
96819,623240,scotus
96819,625722,scotus
96819,145688,scotus
96819,145688,scotus
96819,145767,scotus
96819,118407,scotus
96819,118506,scotus
96819,118506,scotus
96819,118506,scotus
96819,127926,scotus
96819,110245,scotus
96819,110734,scotus
96819,110734,scotus
96819,110792,scotus
96819,110792,scotus
96819,110753,scotus
96819,111094,scotus
96819,111094,scotus
96819,111503,scotus
96819,111540,scotus
96819,111540,scotus
96819,110965,scotus
96819,111742,scotus
96819,110435,scotus
96819,110435,scotus
96819,110581,scotus
96819,112291,scotus
96819,112293,scotus
96819,112800,scotus
96819,112768,scotus
96819,112299,scotus
96819,111949,scotus
96819,118318,scotus
96819,118318,scotus
96819,112423,scotus
96819,112291,scotus
96819,112537,scotus
96819,118211,scotus
96819,118194,scotus
96819,118134,scotus
96819,118134,scotus
96819,118134,scotus
96819,118199,scotus
96834,97421,scotus
96834,111501,scotus
96834,105091,scotus
96834,103241,scotus
96834,105732,scotus
96834,102167,scotus
96834,102387,scotus
96834,110827,scotus
96834,108841,scotus
96834,101613,scotus
96834,102783,scotus
96834,102064,scotus
96834,102456,scotus
96834,109924,scotus
96834,102470,scotus
96834,109929,scotus
96834,103373,scotus
96834,110957,scotus
96834,111839,scotus
96834,108965,scotus
96834,102518,scotus
96834,108532,scotus
96834,103645,scotus
96834,109070,scotus
96834,109647,scotus
96834,100208,scotus
96834,109349,scotus
96834,104774,scotus
96834,97699,scotus
96834,106966,scotus
96834,97735,scotus
96834,104797,scotus
96834,104943,scotus
96834,99267,scotus
96834,101948,scotus
96834,109950,scotus
96834,97596,scotus
96834,100649,scotus
96834,100528,scotus
96834,97337,scotus
96834,101402,scotus
96834,100079,scotus
96834,9672131,scotus
96834,110799,scotus
96834,110799,scotus
96834,110827,scotus
96834,111839,scotus
96834,111501,scotus
96865,104669,scotus
96865,102263,scotus
96865,102264,scotus
96865,103156,scotus
96865,102630,scotus
96865,101572,scotus
96865,102108,scotus
96865,104018,scotus
96865,104139,scotus
96865,102513,scotus
96865,103417,scotus
96865,3183099,scotus
96865,97084,scotus
96865,97700,scotus
96865,97446,scotus
96865,112865,scotus
96865,101246,scotus
96865,97826,scotus
96865,104361,scotus
96865,100615,scotus
96865,112456,scotus
96865,104916,scotus
96865,98461,scotus
96865,98636,scotus
96865,101140,scotus
96865,103616,scotus
96865,99175,scotus
96865,97293,scotus
96865,97316,scotus
96865,97200,scotus
96865,101193,scotus
96865,100293,scotus
96865,100295,scotus
96865,96957,scotus
96865,98214,scotus
96865,118161,scotus
96865,99560,scotus
96865,103900,scotus
96865,103736,scotus
96865,103736,scotus
96865,8176147,scotus
96865,112865,scotus
96865,118161,scotus
96865,118161,scotus
96874,103135,scotus
96874,97098,scotus
96874,97104,scotus
96874,97868,scotus
96874,97569,scotus
96874,98636,scotus
96874,97394,scotus
96874,98143,scotus
96874,99562,scotus
96874,101913,scotus
96878,1087847,scotus
96878,102363,scotus
96878,102399,scotus
96878,107938,scotus
96878,102083,scotus
96878,101696,scotus
96878,104105,scotus
96878,104522,scotus
96878,103665,scotus
96878,103688,scotus
96878,1156859,scotus
96878,110330,scotus
96878,1991924,scotus
96878,99853,scotus
96878,97772,scotus
96878,101291,scotus
96878,97893,scotus
96878,104802,scotus
96878,97584,scotus
96878,99167,scotus
96878,103041,scotus
96878,99033,scotus
96878,100268,scotus
96878,99231,scotus
96878,103874,scotus
96878,104323,scotus
96878,100119,scotus
96878,145655,scotus
96878,9400077,scotus
96878,10049692,scotus
96878,98917,scotus
96878,98917,scotus
96878,98917,scotus
96878,101913,scotus
96878,9230963,scotus
96878,9230964,scotus
96885,1236300,scotus
96885,4879558,scotus
96885,1087973,scotus
96885,102879,scotus
96885,104709,scotus
96885,105750,scotus
96885,105377,scotus
96885,106545,scotus
96885,106223,scotus
96885,105907,scotus
96885,105843,scotus
96885,105925,scotus
96885,105297,scotus
96885,106393,scotus
96885,105073,scotus
96885,105456,scotus
96885,105305,scotus
96885,104963,scotus
96885,106282,scotus
96885,106267,scotus
96885,105741,scotus
96885,103301,scotus
96885,105687,scotus
96885,107201,scotus
96885,102189,scotus
96885,102358,scotus
96885,102334,scotus
96885,108373,scotus
96885,110521,scotus
96885,102601,scotus
96885,102604,scotus
96885,109429,scotus
96885,107901,scotus
96885,103226,scotus
96885,112557,scotus
96885,102764,scotus
96885,110554,scotus
96885,108302,scotus
96885,109819,scotus
96885,109302,scotus
96885,104006,scotus
96885,110103,scotus
96885,104135,scotus
96885,104108,scotus
96885,108501,scotus
96885,102529,scotus
96885,108187,scotus
96885,104455,scotus
96885,104521,scotus
96885,108221,scotus
96885,103694,scotus
96885,104539,scotus
96885,108111,scotus
96885,110426,scotus
96885,3211607,scotus
96885,98078,scotus
96885,98094,scotus
96885,98903,scotus
96885,100214,scotus
96885,100233,scotus
96885,99933,scotus
96885,105857,scotus
96885,107014,scotus
96885,99470,scotus
96885,112771,scotus
96885,107262,scotus
96885,107038,scotus
96885,104355,scotus
96885,97815,scotus
96885,97651,scotus
96885,106170,scotus
96885,103563,scotus
96885,98441,scotus
96885,106862,scotus
96885,98733,scotus
96885,104043,scotus
96885,112924,scotus
96885,100708,scotus
96885,97608,scotus
96885,100845,scotus
96885,107148,scotus
96885,97294,scotus
96885,109954,scotus
96885,100337,scotus
96885,96941,scotus
96885,99670,scotus
96885,118144,scotus
96885,103921,scotus
96885,104545,scotus
96885,118242,scotus
96885,99608,scotus
96885,99615,scotus
96885,149702,scotus
96885,103290,scotus
96885,103290,scotus
96885,107685,scotus
96885,103557,scotus
96885,107980,scotus
96885,108186,scotus
96885,108362,scotus
96885,107685,scotus
96885,107980,scotus
96885,108186,scotus
96885,108362,scotus
96885,103557,scotus
96885,3211607,scotus
96885,149702,scotus
96885,149702,scotus
96885,110554,scotus
96885,110521,scotus
96885,110426,scotus
96885,112771,scotus
96885,112557,scotus
96915,102872,scotus
96915,97765,scotus
96915,97778,scotus
96915,111940,scotus
96915,111940,scotus
96972,105301,scotus
96972,105625,scotus
96972,99469,scotus
96972,98505,scotus
96972,97986,scotus
96972,109252,scotus
97018,102889,scotus
97018,101696,scotus
97018,103675,scotus
97018,110330,scotus
97018,106179,scotus
97018,106848,scotus
97018,100274,scotus
97018,102650,scotus
97018,103916,scotus
97018,103916,scotus
97084,106701,scotus
97084,103327,scotus
97084,102150,scotus
97084,103219,scotus
97084,103096,scotus
97084,110674,scotus
97084,102513,scotus
97084,110332,scotus
97084,97697,scotus
97084,97771,scotus
97084,97724,scotus
97084,97918,scotus
97084,97292,scotus
97084,97184,scotus
97084,118161,scotus
97084,103789,scotus
97084,103900,scotus
97084,2764117,scotus
97084,2764117,scotus
97084,103736,scotus
97084,103736,scotus
97084,103736,scotus
97084,110332,scotus
97084,110674,scotus
97084,118161,scotus
97103,103135,scotus
97103,101913,scotus
97242,111455,scotus
97242,102001,scotus
97242,105748,scotus
97242,106734,scotus
97242,106455,scotus
97242,106282,scotus
97242,107083,scotus
97242,103301,scotus
97242,106879,scotus
97242,105594,scotus
97242,101881,scotus
97242,110473,scotus
97242,137749,scotus
97242,110795,scotus
97242,108679,scotus
97242,108686,scotus
97242,110518,scotus
97242,110525,scotus
97242,112626,scotus
97242,112693,scotus
97242,108605,scotus
97242,145780,scotus
97242,102801,scotus
97242,112485,scotus
97242,110594,scotus
97242,112726,scotus
97242,112646,scotus
97242,109990,scotus
97242,111863,scotus
97242,112324,scotus
97242,103950,scotus
97242,112326,scotus
97242,110085,scotus
97242,111869,scotus
97242,112142,scotus
97242,111250,scotus
97242,109919,scotus
97242,108165,scotus
97242,109935,scotus
97242,107314,scotus
97242,112808,scotus
97242,109731,scotus
97242,112010,scotus
97242,103664,scotus
97242,111000,scotus
97242,110223,scotus
97242,109535,scotus
97242,109536,scotus
97242,110410,scotus
97242,109561,scotus
97242,109635,scotus
97242,799990,scotus
97242,2959730,scotus
97242,2959737,scotus
97242,2443377,scotus
97242,2675753,scotus
97242,2811849,scotus
97242,2809766,scotus
97242,2679204,scotus
97242,2676594,scotus
97242,3171724,scotus
97242,3177217,scotus
97242,3177218,scotus
97242,802973,scotus
97242,107750,scotus
97242,105659,scotus
97242,104355,scotus
97242,111558,scotus
97242,101320,scotus
97242,97836,scotus
97242,112888,scotus
97242,117187,scotus
97242,100343,scotus
97242,104387,scotus
97242,99756,scotus
97242,109469,scotus
97242,121158,scotus
97242,100940,scotus
97242,127897,scotus
97242,146790,scotus
97242,803271,scotus
97242,145817,scotus
97242,107252,scotus
97242,109532,scotus
97242,107252,scotus
97242,109532,scotus
97242,6795859,scotus
97242,6795859,scotus
97242,6795859,scotus
97242,145780,scotus
97242,146790,scotus
97242,145817,scotus
97242,146790,scotus
97242,146790,scotus
97242,2811849,scotus
97242,2959737,scotus
97242,137749,scotus
97242,137749,scotus
97242,799990,scotus
97242,127897,scotus
97242,127897,scotus
97242,121158,scotus
97242,110518,scotus
97242,110594,scotus
97242,110525,scotus
97242,110223,scotus
97242,110223,scotus
97242,110795,scotus
97242,110795,scotus
97242,111250,scotus
97242,111000,scotus
97242,111558,scotus
97242,111558,scotus
97242,112142,scotus
97242,111000,scotus
97242,110473,scotus
97242,112010,scotus
97242,111863,scotus
97242,112646,scotus
97242,112646,scotus
97242,112326,scotus
97242,111455,scotus
97242,110594,scotus
97242,112324,scotus
97242,112324,scotus
97242,112808,scotus
97242,112646,scotus
97242,112626,scotus
97242,112888,scotus
97283,104696,scotus
97283,104700,scotus
97283,102963,scotus
97283,98085,scotus
97283,97576,scotus
97283,104171,scotus
97283,98991,scotus
97283,97966,scotus
97283,97979,scotus
97283,118134,scotus
97283,98542,scotus
97283,100909,scotus
97283,100914,scotus
97283,104305,scotus
97283,1087607,scotus
97283,99901,scotus
97283,118134,scotus
97335,104662,scotus
97335,99658,scotus
97335,102164,scotus
97368,101977,scotus
97368,101997,scotus
97368,101805,scotus
97368,101887,scotus
97368,102224,scotus
97368,102210,scotus
97368,102404,scotus
97368,102614,scotus
97368,98330,scotus
97368,98127,scotus
97368,98337,scotus
97368,100233,scotus
97368,98888,scotus
97368,97491,scotus
97368,98372,scotus
97368,97501,scotus
97368,98374,scotus
97368,97697,scotus
97368,97702,scotus
97368,97750,scotus
97368,98668,scotus
97368,97713,scotus
97368,97451,scotus
97368,98521,scotus
97368,99267,scotus
97368,98595,scotus
97368,100252,scotus
97368,97634,scotus
97368,98004,scotus
97368,99789,scotus
97368,98166,scotus
97368,98193,scotus
97368,98227,scotus
97368,100024,scotus
97368,99608,scotus
97368,101402,scotus
97368,102681,scotus
97368,2620807,scotus
97368,102784,scotus
97368,104610,scotus
97378,1096255,scotus
97378,102029,scotus
97378,104714,scotus
97378,105369,scotus
97378,101759,scotus
97378,103333,scotus
97378,101749,scotus
97378,101888,scotus
97378,101901,scotus
97378,102292,scotus
97378,110781,scotus
97378,102330,scotus
97378,108804,scotus
97378,103227,scotus
97378,112474,scotus
97378,102783,scotus
97378,102042,scotus
97378,103047,scotus
97378,102794,scotus
97378,102797,scotus
97378,102059,scotus
97378,103094,scotus
97378,112339,scotus
97378,111703,scotus
97378,101694,scotus
97378,102519,scotus
97378,111821,scotus
97378,109005,scotus
97378,103656,scotus
97378,98078,scotus
97378,98855,scotus
97378,98114,scotus
97378,101559,scotus
97378,109060,scotus
97378,98655,scotus
97378,98498,scotus
97378,103450,scotus
97378,97849,scotus
97378,101317,scotus
97378,98410,scotus
97378,100611,scotus
97378,101322,scotus
97378,98437,scotus
97378,101323,scotus
97378,99251,scotus
97378,101254,scotus
97378,103515,scotus
97378,97553,scotus
97378,101307,scotus
97378,98629,scotus
97378,99302,scotus
97378,101154,scotus
97378,99744,scotus
97378,100424,scotus
97378,101444,scotus
97378,97979,scotus
97378,99011,scotus
97378,99178,scotus
97378,97985,scotus
97378,106654,scotus
97378,100771,scotus
97378,97551,scotus
97378,99190,scotus
97378,102843,scotus
97378,98550,scotus
97378,101648,scotus
97378,98014,scotus
97378,99730,scotus
97378,101475,scotus
97378,101481,scotus
97378,104222,scotus
97378,99808,scotus
97378,99987,scotus
97378,99952,scotus
97378,99610,scotus
97378,99617,scotus
97378,9596275,scotus
97378,111308,scotus
97378,111308,scotus
97378,108721,scotus
97378,110781,scotus
97378,111821,scotus
97378,111703,scotus
97395,105860,scotus
97395,105186,scotus
97395,105155,scotus
97395,101824,scotus
97395,105687,scotus
97395,112432,scotus
97395,112713,scotus
97395,109894,scotus
97395,109694,scotus
97395,109695,scotus
97395,109038,scotus
97395,110237,scotus
97395,105448,scotus
97395,98479,scotus
97395,98480,scotus
97395,110307,scotus
97395,97561,scotus
97395,117962,scotus
97395,103757,scotus
97395,104316,scotus
97395,100977,scotus
97395,112906,scotus
97395,9135776,scotus
97395,9135777,scotus
97395,9135777,scotus
97395,110237,scotus
97395,110307,scotus
97395,9135776,scotus
97395,9135777,scotus
97395,9135776,scotus
97395,112432,scotus
97395,112713,scotus
97421,104652,scotus
97421,106834,scotus
97421,102754,scotus
97421,110652,scotus
97421,109868,scotus
97421,109911,scotus
97421,109916,scotus
97421,2620747,scotus
97421,98054,scotus
97421,99524,scotus
97421,106161,scotus
97421,110308,scotus
97421,99326,scotus
97421,103465,scotus
97421,118080,scotus
97421,101328,scotus
97421,118111,scotus
97421,97966,scotus
97421,97602,scotus
97421,100653,scotus
97421,98140,scotus
97421,98231,scotus
97421,110063,scotus
97421,110563,scotus
97421,110799,scotus
97421,110799,scotus
97421,110799,scotus
97421,110063,scotus
97421,110063,scotus
97421,110563,scotus
97421,110308,scotus
97421,118111,scotus
97425,1694995,scotus
97425,106366,scotus
97425,106013,scotus
97425,108744,scotus
97425,122264,scotus
97425,103115,scotus
97425,109665,scotus
97425,104129,scotus
97425,108526,scotus
97425,2540705,scotus
97425,98779,scotus
97425,98296,scotus
97425,98100,scotus
97425,98315,scotus
97425,98104,scotus
97425,98912,scotus
97425,101549,scotus
97425,99097,scotus
97425,98758,scotus
97425,98361,scotus
97425,101272,scotus
97425,97639,scotus
97425,112783,scotus
97425,97915,scotus
97425,99271,scotus
97425,103611,scotus
97425,99305,scotus
97425,97976,scotus
97425,99754,scotus
97425,98593,scotus
97425,97616,scotus
97425,98607,scotus
97425,100399,scotus
97425,100292,scotus
97425,101486,scotus
97425,100830,scotus
97425,99823,scotus
97425,98176,scotus
97425,98224,scotus
97425,104326,scotus
97425,103816,scotus
97425,218665,scotus
97425,1115307,scotus
97425,6619823,scotus
97425,103869,scotus
97425,103869,scotus
97425,218665,scotus
97425,122264,scotus
97425,112783,scotus
97448,931614,scotus
97448,214949,scotus
97448,111541,scotus
97448,106366,scotus
97448,105206,scotus
97448,103222,scotus
97448,109823,scotus
97448,110673,scotus
97448,110718,scotus
97448,110379,scotus
97448,118327,scotus
97448,3195551,scotus
97448,3211608,scotus
97448,110248,scotus
97448,98889,scotus
97448,112768,scotus
97448,98283,scotus
97448,97687,scotus
97448,104811,scotus
97448,98384,scotus
97448,100607,scotus
97448,103508,scotus
97448,97557,scotus
97448,107182,scotus
97448,97976,scotus
97448,100399,scotus
97448,98031,scotus
97448,2621062,scotus
97448,215071,scotus
97448,118273,scotus
97448,118273,scotus
97448,109499,scotus
97448,111308,scotus
97448,111308,scotus
97448,111308,scotus
97448,111308,scotus
97448,112040,scotus
97448,109499,scotus
97448,112040,scotus
97448,3211608,scotus
97448,3211608,scotus
97448,7343954,scotus
97448,215071,scotus
97448,931614,scotus
97448,110248,scotus
97448,110379,scotus
97448,110718,scotus
97448,110718,scotus
97448,111541,scotus
97448,112768,scotus
97448,112768,scotus
97451,101975,scotus
97451,103249,scotus
97451,105172,scotus
97451,104959,scotus
97451,101413,scotus
97451,102224,scotus
97451,103187,scotus
97451,107740,scotus
97451,102762,scotus
97451,102795,scotus
97451,102804,scotus
97451,104016,scotus
97451,102460,scotus
97451,103367,scotus
97451,103716,scotus
97451,112219,scotus
97451,98903,scotus
97451,99906,scotus
97451,98888,scotus
97451,108066,scotus
97451,101119,scotus
97451,97764,scotus
97451,97964,scotus
97451,97966,scotus
97451,99181,scotus
97451,97634,scotus
97451,98171,scotus
97451,104239,scotus
97451,99977,scotus
97451,98192,scotus
97451,98193,scotus
97451,98232,scotus
97451,104585,scotus
97451,2620807,scotus
97584,217702,scotus
97584,145800,scotus
97584,104685,scotus
97584,106254,scotus
97584,101894,scotus
97584,103093,scotus
97584,112104,scotus
97584,101696,scotus
97584,104522,scotus
97584,111139,scotus
97584,110330,scotus
97584,799994,scotus
97584,99090,scotus
97584,97691,scotus
97584,98507,scotus
97584,97893,scotus
97584,106179,scotus
97584,111062,scotus
97584,99167,scotus
97584,100366,scotus
97584,100823,scotus
97584,99974,scotus
97584,100945,scotus
97584,101004,scotus
97584,145673,scotus
97584,102650,scotus
97584,98917,scotus
97584,98917,scotus
97584,98917,scotus
97584,103916,scotus
97584,103916,scotus
97584,217702,scotus
97584,799994,scotus
97584,799994,scotus
97584,111062,scotus
97584,111062,scotus
97584,111139,scotus
97584,112104,scotus
97614,102862,scotus
97614,102872,scotus
97614,105293,scotus
97614,105210,scotus
97614,101894,scotus
97614,100916,scotus
97614,101731,scotus
97614,101733,scotus
97614,101272,scotus
97614,97778,scotus
97614,101322,scotus
97614,100771,scotus
97614,98939,scotus
97614,101913,scotus
97614,104641,scotus
97639,4766667,scotus
97639,106013,scotus
97639,103260,scotus
97639,101775,scotus
97639,108929,scotus
97639,109193,scotus
97639,103230,scotus
97639,112641,scotus
97639,109972,scotus
97639,102128,scotus
97639,109857,scotus
97639,102466,scotus
97639,110115,scotus
97639,102509,scotus
97639,108526,scotus
97639,108130,scotus
97639,111439,scotus
97639,2540705,scotus
97639,98315,scotus
97639,98913,scotus
97639,99097,scotus
97639,98276,scotus
97639,98512,scotus
97639,111362,scotus
97639,111680,scotus
97639,103567,scotus
97639,99271,scotus
97639,112929,scotus
97639,101215,scotus
97639,101499,scotus
97639,98593,scotus
97639,99032,scotus
97639,118467,scotus
97639,99771,scotus
97639,109478,scotus
97639,102742,scotus
97639,99230,scotus
97639,98154,scotus
97639,103856,scotus
97639,99581,scotus
97639,100040,scotus
97639,9406660,scotus
97639,10049675,scotus
97639,103869,scotus
97639,103869,scotus
97639,103869,scotus
97639,4766667,scotus
97639,111362,scotus
97639,111680,scotus
97639,111439,scotus
97639,112641,scotus
97661,104689,scotus
97661,101973,scotus
97661,103004,scotus
97661,102969,scotus
97661,102622,scotus
97661,108829,scotus
97661,102099,scotus
97661,109295,scotus
97661,101668,scotus
97661,101724,scotus
97661,98897,scotus
97661,98905,scotus
97661,101119,scotus
97661,99379,scotus
97661,101296,scotus
97661,107193,scotus
97661,100370,scotus
97661,101514,scotus
97661,103042,scotus
97661,101642,scotus
97661,100468,scotus
97661,98015,scotus
97661,98942,scotus
97661,99142,scotus
97661,100321,scotus
97661,98197,scotus
97661,100035,scotus
97661,101012,scotus
97661,102669,scotus
97661,1100374,scotus
97661,103198,scotus
97661,110456,scotus
97674,1087980,scotus
97674,104694,scotus
97674,104380,scotus
97674,104380,scotus
97674,104380,scotus
97674,104380,scotus
97747,105378,scotus
97747,102150,scotus
97747,102313,scotus
97747,103084,scotus
97747,98118,scotus
97747,104390,scotus
97747,104240,scotus
97747,98236,scotus
97747,104568,scotus
97747,103736,scotus
97747,105543,scotus
97747,103736,scotus
97747,103736,scotus
97747,105543,scotus
97747,105543,scotus
97893,145800,scotus
97893,103321,scotus
97893,103020,scotus
97893,108818,scotus
97893,103093,scotus
97893,102713,scotus
97893,101696,scotus
97893,101715,scotus
97893,108547,scotus
97893,104522,scotus
97893,103675,scotus
97893,4395244,scotus
97893,98916,scotus
97893,99090,scotus
97893,101291,scotus
97893,103577,scotus
97893,99167,scotus
97893,99028,scotus
97893,99974,scotus
97893,104194,scotus
97893,100945,scotus
97893,98917,scotus
97893,98917,scotus
97893,4395244,scotus
97899,102861,scotus
97899,104686,scotus
97899,104708,scotus
97899,106627,scotus
97899,106198,scotus
97899,106068,scotus
97899,105321,scotus
97899,105230,scotus
97899,105204,scotus
97899,105344,scotus
97899,106282,scotus
97899,101749,scotus
97899,102266,scotus
97899,102605,scotus
97899,102095,scotus
97899,102734,scotus
97899,102456,scotus
97899,109924,scotus
97899,101733,scotus
97899,104106,scotus
97899,107541,scotus
97899,104111,scotus
97899,103413,scotus
97899,104454,scotus
97899,98902,scotus
97899,111850,scotus
97899,101128,scotus
97899,100225,scotus
97899,100226,scotus
97899,110161,scotus
97899,99114,scotus
97899,104812,scotus
97899,104814,scotus
97899,98694,scotus
97899,103544,scotus
97899,98436,scotus
97899,97948,scotus
97899,99236,scotus
97899,97966,scotus
97899,100753,scotus
97899,100423,scotus
97899,101500,scotus
97899,100762,scotus
97899,100253,scotus
97899,98138,scotus
97899,99994,scotus
97899,103741,scotus
97899,104601,scotus
97899,104291,scotus
97899,101370,scotus
97899,103837,scotus
97899,118226,scotus
97899,145656,scotus
97899,9401905,scotus
97899,10049684,scotus
97899,103493,scotus
97900,102861,scotus
97900,98902,scotus
97900,111850,scotus
97900,110161,scotus
97900,100179,scotus
97900,104814,scotus
97900,98694,scotus
97900,98436,scotus
97900,99236,scotus
97900,100753,scotus
97900,101500,scotus
97900,100893,scotus
97900,103493,scotus
98085,98241,scotus
98085,99868,scotus
98085,98747,scotus
98085,105746,scotus
98085,98415,scotus
98085,100914,scotus
98085,98214,scotus
98085,99901,scotus
98094,623242,scotus
98094,104664,scotus
98094,102879,scotus
98094,104709,scotus
98094,104713,scotus
98094,106822,scotus
98094,106622,scotus
98094,106187,scotus
98094,106641,scotus
98094,106513,scotus
98094,106223,scotus
98094,106515,scotus
98094,105820,scotus
98094,106021,scotus
98094,106107,scotus
98094,106109,scotus
98094,105149,scotus
98094,105055,scotus
98094,105179,scotus
98094,106039,scotus
98094,105188,scotus
98094,105194,scotus
98094,105456,scotus
98094,105343,scotus
98094,105508,scotus
98094,107238,scotus
98094,107084,scotus
98094,105021,scotus
98094,108893,scotus
98094,108894,scotus
98094,134746,scotus
98094,101899,scotus
98094,108898,scotus
98094,108377,scotus
98094,108429,scotus
98094,108710,scotus
98094,108375,scotus
98094,108768,scotus
98094,107701,scotus
98094,107745,scotus
98094,107729,scotus
98094,108845,scotus
98094,108581,scotus
98094,108272,scotus
98094,108596,scotus
98094,108301,scotus
98094,112730,scotus
98094,109302,scotus
98094,102129,scotus
98094,104006,scotus
98094,107636,scotus
98094,112136,scotus
98094,107483,scotus
98094,107831,scotus
98094,107486,scotus
98094,109925,scotus
98094,111259,scotus
98094,104108,scotus
98094,111262,scotus
98094,107318,scotus
98094,107319,scotus
98094,108995,scotus
98094,110959,scotus
98094,111835,scotus
98094,110965,scotus
98094,108538,scotus
98094,103663,scotus
98094,103664,scotus
98094,110235,scotus
98094,109522,scotus
98094,109063,scotus
98094,104539,scotus
98094,104504,scotus
98094,110230,scotus
98094,109539,scotus
98094,109540,scotus
98094,2443377,scotus
98094,2680439,scotus
98094,3216497,scotus
98094,3214882,scotus
98094,4630267,scotus
98094,4501697,scotus
98094,873669,scotus
98094,4630088,scotus
98094,100203,scotus
98094,110150,scotus
98094,110267,scotus
98094,101118,scotus
98094,104769,scotus
98094,99464,scotus
98094,110300,scotus
98094,106990,scotus
98094,99506,scotus
98094,104932,scotus
98094,107262,scotus
98094,106771,scotus
98094,101320,scotus
98094,107043,scotus
98094,106862,scotus
98094,118086,scotus
98094,106777,scotus
98094,106180,scotus
98094,100567,scotus
98094,99296,scotus
98094,112350,scotus
98094,107872,scotus
98094,110850,scotus
98094,101148,scotus
98094,99162,scotus
98094,99745,scotus
98094,99746,scotus
98094,101164,scotus
98094,110049,scotus
98094,100711,scotus
98094,104422,scotus
98094,101180,scotus
98094,101643,scotus
98094,118250,scotus
98094,107465,scotus
98094,100471,scotus
98094,99820,scotus
98094,104239,scotus
98094,118235,scotus
98094,104603,scotus
98094,104605,scotus
98094,101354,scotus
98094,117905,scotus
98094,100980,scotus
98094,103791,scotus
98094,100989,scotus
98094,104576,scotus
98094,104313,scotus
98094,104314,scotus
98094,145646,scotus
98094,218926,scotus
98094,145922,scotus
98094,145887,scotus
98094,4630268,scotus
98094,4641200,scotus
98094,107979,scotus
98094,107979,scotus
98094,106285,scotus
98094,106285,scotus
98094,106285,scotus
98094,110719,scotus
98094,107564,scotus
98094,107564,scotus
98094,107564,scotus
98094,107746,scotus
98094,107746,scotus
98094,112608,scotus
98094,106285,scotus
98094,107564,scotus
98094,107746,scotus
98094,107979,scotus
98094,110719,scotus
98094,106285,scotus
98094,112608,scotus
98094,112608,scotus
98094,4630267,scotus
98094,4630267,scotus
98094,8176208,scotus
98094,7345713,scotus
98094,7345713,scotus
98094,623242,scotus
98094,145922,scotus
98094,145887,scotus
98094,218926,scotus
98094,218926,scotus
98094,134746,scotus
98094,110235,scotus
98094,110300,scotus
98094,110230,scotus
98094,110267,scotus
98094,110850,scotus
98094,110959,scotus
98094,110959,scotus
98094,110965,scotus
98094,111259,scotus
98094,111259,scotus
98094,111262,scotus
98094,111262,scotus
98094,111262,scotus
98094,111835,scotus
98094,111835,scotus
98094,112350,scotus
98094,118086,scotus
98094,145646,scotus
98094,145646,scotus
98094,112136,scotus
98094,112136,scotus
98094,117905,scotus
98166,4870761,scotus
98166,1087907,scotus
98166,101805,scotus
98166,101887,scotus
98166,102224,scotus
98166,102233,scotus
98166,103003,scotus
98166,102210,scotus
98166,103227,scotus
98166,102835,scotus
98166,101636,scotus
98166,110027,scotus
98166,104009,scotus
98166,98247,scotus
98166,98337,scotus
98166,98739,scotus
98166,100181,scotus
98166,104891,scotus
98166,98374,scotus
98166,98668,scotus
98166,99267,scotus
98166,100628,scotus
98166,99282,scotus
98166,103344,scotus
98166,101315,scotus
98166,100246,scotus
98166,99725,scotus
98166,101192,scotus
98166,99789,scotus
98166,100566,scotus
98166,98219,scotus
98166,98227,scotus
98166,106609,scotus
98166,103832,scotus
98166,103789,scotus
98166,104307,scotus
98166,101384,scotus
98166,99608,scotus
98166,104308,scotus
98166,101029,scotus
98166,100039,scotus
98166,105546,scotus
98166,102681,scotus
98166,103351,scotus
98219,104649,scotus
98219,102224,scotus
98219,103195,scotus
98219,98878,scotus
98219,98374,scotus
98219,98669,scotus
98219,99310,scotus
98219,101217,scotus
98219,98595,scotus
98219,99725,scotus
98219,99667,scotus
98219,99583,scotus
98219,2621058,scotus
98219,103351,scotus
98232,105283,scotus
98232,105060,scotus
98232,105172,scotus
98232,103257,scotus
98232,101755,scotus
98232,105511,scotus
98232,101777,scotus
98232,101802,scotus
98232,105686,scotus
98232,105607,scotus
98232,102992,scotus
98232,103037,scotus
98232,110516,scotus
98232,102580,scotus
98232,102593,scotus
98232,103187,scotus
98232,103191,scotus
98232,103227,scotus
98232,103230,scotus
98232,103237,scotus
98232,122252,scotus
98232,101573,scotus
98232,101631,scotus
98232,102804,scotus
98232,103099,scotus
98232,109259,scotus
98232,103107,scotus
98232,118363,scotus
98232,103122,scotus
98232,103133,scotus
98232,102116,scotus
98232,102134,scotus
98232,103961,scotus
98232,104012,scotus
98232,102459,scotus
98232,102460,scotus
98232,101686,scotus
98232,102474,scotus
98232,103367,scotus
98232,102518,scotus
98232,118502,scotus
98232,103646,scotus
98232,103716,scotus
98232,103699,scotus
98232,109118,scotus
98232,799995,scotus
98232,1975541,scotus
98232,809122,scotus
98232,2421094,scotus
98232,2483562,scotus
98232,98833,scotus
98232,99071,scotus
98232,99906,scotus
98232,106950,scotus
98232,101121,scotus
98232,98373,scotus
98232,99379,scotus
98232,111672,scotus
98232,103464,scotus
98232,103600,scotus
98232,100609,scotus
98232,100620,scotus
98232,103541,scotus
98232,107256,scotus
98232,103579,scotus
98232,104171,scotus
98232,118260,scotus
98232,104409,scotus
98232,104159,scotus
98232,99000,scotus
98232,100535,scotus
98232,109470,scotus
98232,99185,scotus
98232,103531,scotus
98232,100861,scotus
98232,98946,scotus
98232,99212,scotus
98232,99796,scotus
98232,102240,scotus
98232,100315,scotus
98232,99977,scotus
98232,103918,scotus
98232,104554,scotus
98232,101409,scotus
98232,117927,scotus
98232,100136,scotus
98232,102676,scotus
98232,102662,scotus
98232,1087613,scotus
98232,1087607,scotus
98232,1272541,scotus
98232,803267,scotus
98232,110799,scotus
98232,110799,scotus
98232,103442,scotus
98232,809122,scotus
98232,799995,scotus
98232,9060309,scotus
98232,110516,scotus
98242,101973,scotus
98242,101954,scotus
98242,104978,scotus
98242,105583,scotus
98242,102353,scotus
98242,102776,scotus
98242,102116,scotus
98242,104011,scotus
98242,98299,scotus
98242,99053,scotus
98242,98814,scotus
98242,99064,scotus
98242,99379,scotus
98242,106773,scotus
98242,101298,scotus
98242,98985,scotus
98242,100709,scotus
98242,100388,scotus
98242,100468,scotus
98242,104428,scotus
98242,100484,scotus
98242,98955,scotus
98242,103835,scotus
98242,100136,scotus
98242,1100374,scotus
98242,103198,scotus
98279,104121,scotus
98279,98638,scotus
98279,100820,scotus
98279,104546,scotus
98279,104610,scotus
98296,102861,scotus
98296,102038,scotus
98296,102219,scotus
98296,102986,scotus
98296,102405,scotus
98296,101632,scotus
98296,103982,scotus
98296,100916,scotus
98296,101731,scotus
98296,2540705,scotus
98296,99897,scotus
98296,100231,scotus
98296,110295,scotus
98296,98664,scotus
98296,101272,scotus
98296,98689,scotus
98296,101291,scotus
98296,101300,scotus
98296,101154,scotus
98296,101499,scotus
98296,101444,scotus
98296,101171,scotus
98296,100771,scotus
98296,100830,scotus
98296,99829,scotus
98296,112249,scotus
98296,103869,scotus
98296,104641,scotus
98296,103869,scotus
98296,103869,scotus
98296,110295,scotus
98296,112249,scotus
98337,107082,scotus
98337,104970,scotus
98337,105001,scotus
98337,101413,scotus
98337,108817,scotus
98337,101590,scotus
98337,102837,scotus
98337,101636,scotus
98337,108281,scotus
98337,102795,scotus
98337,102804,scotus
98337,102806,scotus
98337,109670,scotus
98337,104455,scotus
98337,108111,scotus
98337,4499694,scotus
98337,4581525,scotus
98337,98903,scotus
98337,98908,scotus
98337,98888,scotus
98337,99440,scotus
98337,100181,scotus
98337,103518,scotus
98337,100708,scotus
98337,99756,scotus
98337,100374,scotus
98337,98542,scotus
98337,99037,scotus
98337,99672,scotus
98337,104548,scotus
98337,100023,scotus
98337,104611,scotus
98337,99597,scotus
98337,117927,scotus
98337,2621060,scotus
98337,102784,scotus
98337,104610,scotus
98337,106576,scotus
98337,108889,scotus
98337,4581525,scotus
98362,219734,scotus
98362,111480,scotus
98362,101764,scotus
98362,105547,scotus
98362,101866,scotus
98362,101935,scotus
98362,102815,scotus
98362,104532,scotus
98362,98859,scotus
98362,98364,scotus
98362,100484,scotus
98362,104623,scotus
98362,101029,scotus
98362,100132,scotus
98362,105014,scotus
98362,105014,scotus
98362,105014,scotus
98362,219734,scotus
98362,111480,scotus
98391,101991,scotus
98391,102012,scotus
98391,105099,scotus
98391,105060,scotus
98391,101773,scotus
98391,102954,scotus
98391,102960,scotus
98391,102407,scotus
98391,108553,scotus
98391,101602,scotus
98391,101589,scotus
98391,102758,scotus
98391,101611,scotus
98391,102764,scotus
98391,103051,scotus
98391,103129,scotus
98391,102459,scotus
98391,2620707,scotus
98391,98865,scotus
98391,101095,scotus
98391,102143,scotus
98391,101098,scotus
98391,98770,scotus
98391,99887,scotus
98391,99460,scotus
98391,99351,scotus
98391,99490,scotus
98391,104905,scotus
98391,99508,scotus
98391,100597,scotus
98391,98525,scotus
98391,99241,scotus
98391,100635,scotus
98391,98981,scotus
98391,98996,scotus
98391,100526,scotus
98391,99721,scotus
98391,100683,scotus
98391,104428,scotus
98391,99217,scotus
98391,100315,scotus
98391,99677,scotus
98391,99678,scotus
98391,101035,scotus
98391,99614,scotus
98391,99004,scotus
98392,105099,scotus
98392,105060,scotus
98392,102960,scotus
98392,101602,scotus
98392,103051,scotus
98392,101095,scotus
98392,98770,scotus
98392,99460,scotus
98392,99508,scotus
98392,98441,scotus
98392,98590,scotus
98392,99721,scotus
98392,100683,scotus
98392,99211,scotus
98392,99614,scotus
98392,99004,scotus
98427,102831,scotus
98427,118361,scotus
98427,111917,scotus
98427,109701,scotus
98427,110413,scotus
98427,2812588,scotus
98427,104355,scotus
98427,100734,scotus
98427,117925,scotus
98427,145817,scotus
98427,112471,scotus
98427,112471,scotus
98427,112471,scotus
98427,145817,scotus
98427,9138026,scotus
98427,110413,scotus
98436,101983,scotus
98436,101749,scotus
98436,102090,scotus
98436,104106,scotus
98436,103413,scotus
98436,98902,scotus
98436,110161,scotus
98436,100179,scotus
98436,104814,scotus
98436,98694,scotus
98436,100753,scotus
98436,100528,scotus
98436,100536,scotus
98436,99710,scotus
98436,103493,scotus
98476,102150,scotus
98476,101915,scotus
98476,102404,scotus
98476,103173,scotus
98476,102513,scotus
98476,103736,scotus
98476,105319,scotus
98476,103736,scotus
98476,103736,scotus
98476,105319,scotus
98481,99943,scotus
98481,101371,scotus
98481,104263,scotus
98481,101913,scotus
98575,99073,scotus
98575,106153,scotus
98575,100516,scotus
98575,100863,scotus
98575,100389,scotus
98575,101211,scotus
98575,101343,scotus
98575,103800,scotus
98575,98917,scotus
98575,98917,scotus
98579,106819,scotus
98579,106534,scotus
98579,106267,scotus
98579,105018,scotus
98579,102042,scotus
98579,102726,scotus
98579,4403811,scotus
98579,98854,scotus
98579,104748,scotus
98579,105658,scotus
98579,105659,scotus
98579,105660,scotus
98579,104790,scotus
98579,104914,scotus
98579,118198,scotus
98579,101361,scotus
98579,107464,scotus
98579,107464,scotus
98579,118198,scotus
98608,104727,scotus
98608,103017,scotus
98608,110516,scotus
98608,103191,scotus
98608,103133,scotus
98608,102727,scotus
98608,103976,scotus
98608,99088,scotus
98608,99481,scotus
98608,99252,scotus
98608,99190,scotus
98608,104599,scotus
98608,103442,scotus
98608,110516,scotus
98689,102038,scotus
98689,102219,scotus
98689,102986,scotus
98689,101632,scotus
98689,100916,scotus
98689,102539,scotus
98689,101731,scotus
98689,2540705,scotus
98689,99897,scotus
98689,110295,scotus
98689,101272,scotus
98689,101291,scotus
98689,101300,scotus
98689,101154,scotus
98689,101444,scotus
98689,101171,scotus
98689,100771,scotus
98689,101648,scotus
98689,99829,scotus
98689,112249,scotus
98689,103214,scotus
98689,103214,scotus
98689,112040,scotus
98689,103869,scotus
98689,104641,scotus
98689,103869,scotus
98689,103869,scotus
98689,112040,scotus
98689,110295,scotus
98689,112249,scotus
98694,103252,scotus
98694,103253,scotus
98694,104111,scotus
98694,103413,scotus
98694,98902,scotus
98694,104814,scotus
98694,99236,scotus
98694,100753,scotus
98694,103493,scotus
98747,108566,scotus
98747,99901,scotus
98749,102224,scotus
98749,102210,scotus
98749,102833,scotus
98749,98859,scotus
98749,98861,scotus
98749,99531,scotus
98749,99403,scotus
98749,101315,scotus
98749,98999,scotus
98749,100669,scotus
98749,99233,scotus
98749,103522,scotus
98773,111516,scotus
98773,106013,scotus
98773,107702,scotus
98773,110146,scotus
98773,103642,scotus
98773,100325,scotus
98773,118273,scotus
98773,111516,scotus
98832,105109,scotus
98832,103241,scotus
98832,101764,scotus
98832,105606,scotus
98832,101914,scotus
98832,102224,scotus
98832,103017,scotus
98832,103191,scotus
98832,108636,scotus
98832,103107,scotus
98832,103133,scotus
98832,102694,scotus
98832,102727,scotus
98832,111244,scotus
98832,104483,scotus
98832,110927,scotus
98832,1975541,scotus
98832,4632952,scotus
98832,99041,scotus
98832,99042,scotus
98832,98903,scotus
98832,104756,scotus
98832,99481,scotus
98832,100610,scotus
98832,99251,scotus
98832,103604,scotus
98832,103569,scotus
98832,101328,scotus
98832,99275,scotus
98832,100570,scotus
98832,104171,scotus
98832,104388,scotus
98832,100366,scotus
98832,99749,scotus
98832,99190,scotus
98832,103931,scotus
98832,104305,scotus
98832,104307,scotus
98832,99596,scotus
98832,142893,scotus
98832,102676,scotus
98832,2620885,scotus
98832,1087607,scotus
98832,103442,scotus
98832,109570,scotus
98832,109570,scotus
98832,142893,scotus
98832,142893,scotus
98832,110927,scotus
98832,111244,scotus
98902,813020,scotus
98902,4894056,scotus
98902,106198,scotus
98902,106068,scotus
98902,103252,scotus
98902,105204,scotus
98902,105344,scotus
98902,101749,scotus
98902,101865,scotus
98902,110783,scotus
98902,103133,scotus
98902,102125,scotus
98902,109924,scotus
98902,101704,scotus
98902,104111,scotus
98902,103413,scotus
98902,2513954,scotus
98902,99869,scotus
98902,110161,scotus
98902,99481,scotus
98902,104814,scotus
98902,99281,scotus
98902,100357,scotus
98902,99236,scotus
98902,100522,scotus
98902,101500,scotus
98902,100778,scotus
98902,99713,scotus
98902,102742,scotus
98902,99661,scotus
98902,99983,scotus
98902,104291,scotus
98902,104300,scotus
98902,103837,scotus
98902,99618,scotus
98902,100046,scotus
98902,100064,scotus
98902,102662,scotus
98902,148798,scotus
98902,103493,scotus
98902,6796842,scotus
98902,148798,scotus
98902,110783,scotus
98917,217702,scotus
98917,145800,scotus
98917,102889,scotus
98917,106483,scotus
98917,103321,scotus
98917,101894,scotus
98917,103020,scotus
98917,103152,scotus
98917,103093,scotus
98917,108330,scotus
98917,101696,scotus
98917,104105,scotus
98917,104522,scotus
98917,103675,scotus
98917,111139,scotus
98917,110330,scotus
98917,799994,scotus
98917,2771248,scotus
98917,4395244,scotus
98917,99090,scotus
98917,99107,scotus
98917,99431,scotus
98917,105248,scotus
98917,104816,scotus
98917,104367,scotus
98917,111062,scotus
98917,103577,scotus
98917,106848,scotus
98917,99167,scotus
98917,100366,scotus
98917,100823,scotus
98917,99974,scotus
98917,104194,scotus
98917,100945,scotus
98917,101004,scotus
98917,149585,scotus
98917,149649,scotus
98917,145673,scotus
98917,102650,scotus
98917,98917,scotus
98917,103916,scotus
98917,103916,scotus
98917,4395244,scotus
98917,8171534,scotus
98917,149649,scotus
98917,217702,scotus
98917,799994,scotus
98917,799994,scotus
98917,111062,scotus
98917,111062,scotus
98917,111139,scotus
98932,106701,scotus
98932,101758,scotus
98932,102954,scotus
98932,103236,scotus
98932,103096,scotus
98932,110706,scotus
98932,110715,scotus
98932,104139,scotus
98932,2764117,scotus
98932,2764117,scotus
98932,103736,scotus
98932,103736,scotus
98932,110715,scotus
98932,110706,scotus
98999,107082,scotus
98999,102224,scotus
98999,101636,scotus
98999,111164,scotus
98999,99132,scotus
98999,101097,scotus
98999,102148,scotus
98999,100233,scotus
98999,101053,scotus
98999,104917,scotus
98999,101315,scotus
98999,99756,scotus
98999,100814,scotus
98999,99715,scotus
98999,100907,scotus
98999,100287,scotus
98999,99233,scotus
98999,100306,scotus
98999,99672,scotus
98999,101341,scotus
98999,99597,scotus
98999,101029,scotus
98999,104610,scotus
98999,106576,scotus
98999,111164,scotus
99021,102101,scotus
99021,111916,scotus
99021,110387,scotus
99021,3171723,scotus
99021,109961,scotus
99021,99709,scotus
99021,815038,scotus
99021,111940,scotus
99021,111940,scotus
99021,110387,scotus
99040,102861,scotus
99040,102857,scotus
99040,102900,scotus
99040,102029,scotus
99040,102032,scotus
99040,103287,scotus
99040,103005,scotus
99040,101894,scotus
99040,102972,scotus
99040,103037,scotus
99040,102303,scotus
99040,102405,scotus
99040,102636,scotus
99040,103122,scotus
99040,103990,scotus
99040,100916,scotus
99040,100195,scotus
99040,99442,scotus
99040,104859,scotus
99040,99526,scotus
99040,99347,scotus
99040,99354,scotus
99040,103465,scotus
99040,100358,scotus
99040,104388,scotus
99040,101154,scotus
99040,101497,scotus
99040,101444,scotus
99040,100245,scotus
99040,99196,scotus
99040,100551,scotus
99040,100981,scotus
99040,104328,scotus
99040,104574,scotus
99040,101913,scotus
99053,106658,scotus
99053,106251,scotus
99053,106534,scotus
99053,105326,scotus
99053,106249,scotus
99053,101765,scotus
99053,106282,scotus
99053,102353,scotus
99053,102334,scotus
99053,103226,scotus
99053,107701,scotus
99053,107725,scotus
99053,107727,scotus
99053,108285,scotus
99053,137001,scotus
99053,103953,scotus
99053,109692,scotus
99053,112144,scotus
99053,108165,scotus
99053,103373,scotus
99053,102529,scotus
99053,111375,scotus
99053,99348,scotus
99053,99406,scotus
99053,105659,scotus
99053,106995,scotus
99053,99316,scotus
99053,112455,scotus
99053,103615,scotus
99053,99161,scotus
99053,101446,scotus
99053,103531,scotus
99053,99796,scotus
99053,104234,scotus
99053,103875,scotus
99053,99542,scotus
99053,117870,scotus
99053,104580,scotus
99053,803268,scotus
99053,6619822,scotus
99053,103557,scotus
99053,103870,scotus
99053,104285,scotus
99053,103557,scotus
99053,103870,scotus
99053,104285,scotus
99053,137001,scotus
99053,803268,scotus
99053,111375,scotus
99053,112144,scotus
99053,117870,scotus
99065,101894,scotus
99065,111933,scotus
99065,107481,scotus
99065,111986,scotus
99065,101320,scotus
99065,102164,scotus
99065,111986,scotus
99065,111933,scotus
99065,118191,scotus
99097,109445,scotus
99097,103115,scotus
99097,2540705,scotus
99097,100292,scotus
99097,101486,scotus
99097,99823,scotus
99097,99647,scotus
99097,103816,scotus
99097,103869,scotus
99097,103869,scotus
99118,103260,scotus
99118,101772,scotus
99118,101632,scotus
99118,100916,scotus
99118,2540705,scotus
99118,99479,scotus
99118,101272,scotus
99118,99700,scotus
99118,103869,scotus
99118,103869,scotus
99190,105090,scotus
99190,103191,scotus
99190,108580,scotus
99190,118363,scotus
99190,102727,scotus
99190,104009,scotus
99190,118415,scotus
99190,102460,scotus
99190,104060,scotus
99190,104448,scotus
99190,110881,scotus
99190,110198,scotus
99190,103716,scotus
99190,809122,scotus
99190,4632952,scotus
99190,100207,scotus
99190,107050,scotus
99190,99868,scotus
99190,100610,scotus
99190,101247,scotus
99190,104795,scotus
99190,100630,scotus
99190,99275,scotus
99190,100756,scotus
99190,100461,scotus
99190,100536,scotus
99190,101642,scotus
99190,99715,scotus
99190,104228,scotus
99190,99987,scotus
99190,100018,scotus
99190,104554,scotus
99190,100958,scotus
99190,104307,scotus
99190,103795,scotus
99190,104634,scotus
99190,104639,scotus
99190,117927,scotus
99190,102662,scotus
99190,803267,scotus
99190,109499,scotus
99190,103442,scotus
99190,103962,scotus
99190,109499,scotus
99190,809122,scotus
99190,118415,scotus
99190,110881,scotus
99196,102861,scotus
99196,102858,scotus
99196,102029,scotus
99196,106846,scotus
99196,105829,scotus
99196,103287,scotus
99196,105211,scotus
99196,101412,scotus
99196,102986,scotus
99196,103005,scotus
99196,102972,scotus
99196,103037,scotus
99196,102303,scotus
99196,102405,scotus
99196,102616,scotus
99196,102779,scotus
99196,103122,scotus
99196,109900,scotus
99196,102529,scotus
99196,103414,scotus
99196,110229,scotus
99196,2801433,scotus
99196,99897,scotus
99196,100235,scotus
99196,101559,scotus
99196,99526,scotus
99196,101322,scotus
99196,103638,scotus
99196,100358,scotus
99196,104388,scotus
99196,101154,scotus
99196,101497,scotus
99196,101444,scotus
99196,100551,scotus
99196,101648,scotus
99196,99648,scotus
99196,99952,scotus
99196,100972,scotus
99196,99610,scotus
99196,104339,scotus
99196,101913,scotus
99196,110229,scotus
99206,101773,scotus
99206,104987,scotus
99206,101881,scotus
99206,108798,scotus
99206,102807,scotus
99206,108611,scotus
99206,99345,scotus
99206,106792,scotus
99206,103563,scotus
99206,105662,scotus
99206,104914,scotus
99206,104385,scotus
99206,100708,scotus
99206,101453,scotus
99206,104429,scotus
99206,100293,scotus
99206,106441,scotus
99206,103505,scotus
99206,103962,scotus
99206,103505,scotus
99206,103505,scotus
99296,149008,scotus
99296,219734,scotus
99296,104668,scotus
99296,106221,scotus
99296,105903,scotus
99296,105001,scotus
99296,106308,scotus
99296,106267,scotus
99296,101773,scotus
99296,106268,scotus
99296,105537,scotus
99296,107086,scotus
99296,105547,scotus
99296,108384,scotus
99296,110798,scotus
99296,112398,scotus
99296,103152,scotus
99296,108636,scotus
99296,109790,scotus
99296,102821,scotus
99296,108611,scotus
99296,109979,scotus
99296,112304,scotus
99296,111175,scotus
99296,109663,scotus
99296,109871,scotus
99296,104015,scotus
99296,107484,scotus
99296,107605,scotus
99296,102468,scotus
99296,103355,scotus
99296,104061,scotus
99296,109939,scotus
99296,112219,scotus
99296,109525,scotus
99296,109077,scotus
99296,109568,scotus
99296,101097,scotus
99296,112774,scotus
99296,99512,scotus
99296,106968,scotus
99296,99456,scotus
99296,99461,scotus
99296,110309,scotus
99296,104843,scotus
99296,110311,scotus
99296,104790,scotus
99296,103459,scotus
99296,118061,scotus
99296,110312,scotus
99296,103563,scotus
99296,1741,scotus
99296,104914,scotus
99296,111754,scotus
99296,103632,scotus
99296,104842,scotus
99296,107187,scotus
99296,108848,scotus
99296,100708,scotus
99296,101446,scotus
99296,99756,scotus
99296,104216,scotus
99296,104429,scotus
99296,104184,scotus
99296,99672,scotus
99296,103867,scotus
99296,103933,scotus
99296,103875,scotus
99296,99542,scotus
99296,103832,scotus
99296,104304,scotus
99296,99595,scotus
99296,104623,scotus
99296,145810,scotus
99296,107965,scotus
99296,103870,scotus
99296,107965,scotus
99296,103870,scotus
99296,145810,scotus
99296,149008,scotus
99296,219734,scotus
99296,1741,scotus
99296,110309,scotus
99296,111175,scotus
99296,110311,scotus
99296,110312,scotus
99296,112304,scotus
99296,111754,scotus
99296,112219,scotus
99296,112774,scotus
99321,102172,scotus
99321,109176,scotus
99321,102821,scotus
99321,111946,scotus
99321,103708,scotus
99321,101041,scotus
99321,104889,scotus
99321,99512,scotus
99321,99456,scotus
99321,99461,scotus
99321,104843,scotus
99321,104790,scotus
99321,104914,scotus
99321,104050,scotus
99321,100708,scotus
99321,99756,scotus
99321,99672,scotus
99321,99542,scotus
99321,104304,scotus
99321,99595,scotus
99321,107965,scotus
99321,107965,scotus
99321,111946,scotus
99322,102821,scotus
99322,108611,scotus
99322,99512,scotus
99322,99456,scotus
99322,99461,scotus
99322,104790,scotus
99322,104914,scotus
99322,100708,scotus
99322,99756,scotus
99322,99672,scotus
99322,103875,scotus
99322,99542,scotus
99322,104304,scotus
99322,107965,scotus
99322,107965,scotus
99339,109878,scotus
99339,108218,scotus
99339,101057,scotus
99339,110271,scotus
99339,99544,scotus
99339,101913,scotus
99339,110271,scotus
99412,102593,scotus
99412,100188,scotus
99412,101082,scotus
99412,103600,scotus
99412,101176,scotus
99412,103531,scotus
99412,100861,scotus
99412,100895,scotus
99412,99796,scotus
99412,99977,scotus
99412,99988,scotus
99412,100018,scotus
99412,102662,scotus
99412,103442,scotus
99419,1396627,scotus
99419,105119,scotus
99419,101587,scotus
99419,102452,scotus
99419,104094,scotus
99419,99889,scotus
99419,109419,scotus
99419,101495,scotus
99419,99689,scotus
99419,101189,scotus
99419,100481,scotus
99419,99982,scotus
99419,103743,scotus
99419,100968,scotus
99419,103761,scotus
99524,104691,scotus
99524,105109,scotus
99524,106041,scotus
99524,105236,scotus
99524,101894,scotus
99524,110827,scotus
99524,108552,scotus
99524,101580,scotus
99524,104116,scotus
99524,118485,scotus
99524,104483,scotus
99524,110927,scotus
99524,104747,scotus
99524,106754,scotus
99524,104904,scotus
99524,118080,scotus
99524,103579,scotus
99524,100442,scotus
99524,100829,scotus
99524,103826,scotus
99524,101364,scotus
99524,100987,scotus
99524,101750,scotus
99524,103915,scotus
99524,103915,scotus
99524,118485,scotus
99524,110827,scotus
99524,110927,scotus
99610,102901,scotus
99610,102779,scotus
99610,103047,scotus
99610,102111,scotus
99610,110365,scotus
99610,99897,scotus
99610,106447,scotus
99610,100611,scotus
99610,100693,scotus
99610,100771,scotus
99610,101650,scotus
99610,101031,scotus
99610,118428,scotus
99610,103214,scotus
99610,103214,scotus
99610,118428,scotus
99610,118428,scotus
99610,118428,scotus
99610,103214,scotus
99638,4766664,scotus
99638,102861,scotus
99638,105435,scotus
99638,101762,scotus
99638,101749,scotus
99638,105631,scotus
99638,112429,scotus
99638,103047,scotus
99638,100916,scotus
99638,118310,scotus
99638,99897,scotus
99638,101300,scotus
99638,109467,scotus
99638,104181,scotus
99638,103853,scotus
99638,103786,scotus
99638,101913,scotus
99638,4766664,scotus
99638,112429,scotus
99638,112429,scotus
99638,118310,scotus
99638,118310,scotus
99658,104662,scotus
99658,105789,scotus
99658,101894,scotus
99658,109337,scotus
99658,100630,scotus
99658,99951,scotus
99658,110212,scotus
99658,102164,scotus
99658,110212,scotus
99670,107201,scotus
99670,103226,scotus
99670,110733,scotus
99670,102727,scotus
99670,108501,scotus
99670,102529,scotus
99670,111097,scotus
99670,104889,scotus
99670,99955,scotus
99670,103557,scotus
99670,103557,scotus
99670,110733,scotus
99670,111097,scotus
99752,106256,scotus
99752,106288,scotus
99752,108896,scotus
99752,108906,scotus
99752,107884,scotus
99752,107683,scotus
99752,112266,scotus
99752,111222,scotus
99752,103379,scotus
99752,107407,scotus
99752,109503,scotus
99752,110225,scotus
99752,118319,scotus
99752,799986,scotus
99752,4499694,scotus
99752,4612906,scotus
99752,100167,scotus
99752,103555,scotus
99752,103555,scotus
99752,103555,scotus
99752,4612906,scotus
99752,799986,scotus
99752,799986,scotus
99752,799986,scotus
99752,110225,scotus
99752,112266,scotus
99752,118319,scotus
99829,102861,scotus
99829,102038,scotus
99829,102024,scotus
99829,105489,scotus
99829,101894,scotus
99829,101632,scotus
99829,100916,scotus
99829,101731,scotus
99829,101733,scotus
99829,101272,scotus
99829,108754,scotus
99829,103611,scotus
99829,100771,scotus
99829,102745,scotus
99829,101913,scotus
99829,104641,scotus
99897,102861,scotus
99897,102038,scotus
99897,105193,scotus
99897,101762,scotus
99897,101772,scotus
99897,102219,scotus
99897,102986,scotus
99897,101894,scotus
99897,112429,scotus
99897,108804,scotus
99897,101632,scotus
99897,102779,scotus
99897,103047,scotus
99897,102058,scotus
99897,110675,scotus
99897,103982,scotus
99897,100916,scotus
99897,102539,scotus
99897,101731,scotus
99897,111104,scotus
99897,109585,scotus
99897,2540705,scotus
99897,110295,scotus
99897,101272,scotus
99897,101291,scotus
99897,101300,scotus
99897,108754,scotus
99897,101154,scotus
99897,101499,scotus
99897,101171,scotus
99897,100771,scotus
99897,104222,scotus
99897,100972,scotus
99897,112249,scotus
99897,103172,scotus
99897,103172,scotus
99897,103214,scotus
99897,101913,scotus
99897,103172,scotus
99897,103214,scotus
99897,112040,scotus
99897,103869,scotus
99897,103962,scotus
99897,104641,scotus
99897,103869,scotus
99897,103869,scotus
99897,112040,scotus
99897,110295,scotus
99897,111104,scotus
99897,112249,scotus
99897,112249,scotus
99897,112429,scotus
99906,105099,scotus
99906,105060,scotus
99906,101777,scotus
99906,104984,scotus
99906,101797,scotus
99906,101802,scotus
99906,105686,scotus
99906,105607,scotus
99906,101436,scotus
99906,102291,scotus
99906,108428,scotus
99906,102593,scotus
99906,103187,scotus
99906,103237,scotus
99906,101573,scotus
99906,101631,scotus
99906,102804,scotus
99906,103099,scotus
99906,102077,scotus
99906,103133,scotus
99906,102134,scotus
99906,102474,scotus
99906,104109,scotus
99906,103699,scotus
99906,2421094,scotus
99906,101058,scotus
99906,100221,scotus
99906,100222,scotus
99906,100180,scotus
99906,99935,scotus
99906,103464,scotus
99906,103600,scotus
99906,101259,scotus
99906,103579,scotus
99906,104409,scotus
99906,104159,scotus
99906,100535,scotus
99906,100380,scotus
99906,100861,scotus
99906,101642,scotus
99906,100821,scotus
99906,100801,scotus
99906,102240,scotus
99906,99960,scotus
99906,100315,scotus
99906,100321,scotus
99906,99977,scotus
99906,100018,scotus
99906,99942,scotus
99906,104552,scotus
99906,101409,scotus
99906,103812,scotus
99906,100136,scotus
99906,102662,scotus
99906,1087613,scotus
99906,1236479,scotus
99906,1272541,scotus
99943,102861,scotus
99943,102171,scotus
99943,103049,scotus
99943,102104,scotus
99943,103982,scotus
99943,104821,scotus
99943,101371,scotus
99943,104263,scotus
99943,100066,scotus
99943,100115,scotus
99943,101913,scotus
99954,145795,scotus
99954,102872,scotus
99954,105412,scotus
99954,105293,scotus
99954,106282,scotus
99954,110771,scotus
99954,112382,scotus
99954,108767,scotus
99954,112570,scotus
99954,109805,scotus
99954,111744,scotus
99954,104119,scotus
99954,109490,scotus
99954,109488,scotus
99954,6461470,scotus
99954,6463787,scotus
99954,4757657,scotus
99954,4759389,scotus
99954,4759029,scotus
99954,110270,scotus
99954,104756,scotus
99954,106447,scotus
99954,105981,scotus
99954,2620876,scotus
99954,105525,scotus
99954,105525,scotus
99954,105525,scotus
99954,110771,scotus
99954,110270,scotus
99954,111744,scotus
99954,112382,scotus
99954,112382,scotus
99954,112382,scotus
99954,112570,scotus
99959,109047,scotus
99959,109252,scotus
99972,104670,scotus
99972,105010,scotus
99972,111192,scotus
99972,100065,scotus
99972,103761,scotus
99982,104700,scotus
99982,105871,scotus
99982,106137,scotus
99982,106394,scotus
99982,103165,scotus
99982,103205,scotus
99982,101587,scotus
99982,103115,scotus
99982,102452,scotus
99982,103439,scotus
99982,111094,scotus
99982,101138,scotus
99982,103571,scotus
99982,104407,scotus
99982,103615,scotus
99982,101495,scotus
99982,100418,scotus
99982,100519,scotus
99982,104395,scotus
99982,100767,scotus
99982,109448,scotus
99982,100668,scotus
99982,101189,scotus
99982,104320,scotus
99982,104260,scotus
99982,100124,scotus
99982,9410786,scotus
99982,10049655,scotus
99982,103761,scotus
99982,111094,scotus
99982,111094,scotus
100007,105835,scotus
100007,105837,scotus
100007,101669,scotus
100007,104459,scotus
100007,103732,scotus
100007,108234,scotus
100007,4632239,scotus
100007,100175,scotus
100007,105986,scotus
100007,100352,scotus
100007,102244,scotus
100007,100366,scotus
100007,100844,scotus
100007,100532,scotus
100007,100385,scotus
100007,106049,scotus
100007,100911,scotus
100007,104287,scotus
100007,101343,scotus
100007,102648,scotus
100007,102649,scotus
100007,103927,scotus
100052,1087949,scotus
100052,106659,scotus
100052,106510,scotus
100052,105824,scotus
100052,104979,scotus
100052,108722,scotus
100052,112560,scotus
100052,102622,scotus
100052,112473,scotus
100052,102099,scotus
100052,104109,scotus
100052,112830,scotus
100052,108479,scotus
100052,111399,scotus
100052,110166,scotus
100052,107749,scotus
100052,111674,scotus
100052,108649,scotus
100052,101842,scotus
100052,104241,scotus
100052,117886,scotus
100052,101022,scotus
100052,118229,scotus
100052,145746,scotus
100052,103198,scotus
100052,103351,scotus
100052,10371243,scotus
100052,145746,scotus
100052,111399,scotus
100052,1087949,scotus
100052,1087949,scotus
100061,4471243,scotus
100061,104697,scotus
100061,104690,scotus
100061,106843,scotus
100061,105904,scotus
100061,106629,scotus
100061,105288,scotus
100061,106272,scotus
100061,104990,scotus
100061,101864,scotus
100061,102267,scotus
100061,108906,scotus
100061,102354,scotus
100061,102413,scotus
100061,102380,scotus
100061,108767,scotus
100061,102631,scotus
100061,108578,scotus
100061,101580,scotus
100061,102770,scotus
100061,102055,scotus
100061,110581,scotus
100061,102822,scotus
100061,112266,scotus
100061,112302,scotus
100061,109904,scotus
100061,110077,scotus
100061,100926,scotus
100061,109732,scotus
100061,109743,scotus
100061,102533,scotus
100061,108160,scotus
100061,110932,scotus
100061,1735,scotus
100061,100197,scotus
100061,112752,scotus
100061,106447,scotus
100061,122244,scotus
100061,109405,scotus
100061,103467,scotus
100061,103511,scotus
100061,100371,scotus
100061,101450,scotus
100061,100837,scotus
100061,103834,scotus
100061,103881,scotus
100061,104626,scotus
100061,101408,scotus
100061,145625,scotus
100061,1523301,scotus
100061,103555,scotus
100061,103555,scotus
100061,103555,scotus
100061,122244,scotus
100061,112302,scotus
100061,110581,scotus
100061,112266,scotus
100063,104652,scotus
100063,102024,scotus
100063,105832,scotus
100063,103287,scotus
100063,101872,scotus
100063,103003,scotus
100063,102405,scotus
100063,102839,scotus
100063,112643,scotus
100063,102723,scotus
100063,104012,scotus
100063,111942,scotus
100063,102474,scotus
100063,102529,scotus
100063,103716,scotus
100063,103740,scotus
100063,103699,scotus
100063,2783887,scotus
100063,100195,scotus
100063,100207,scotus
100063,101087,scotus
100063,101545,scotus
100063,100162,scotus
100063,101281,scotus
100063,101317,scotus
100063,100461,scotus
100063,100654,scotus
100063,102843,scotus
100063,100913,scotus
100063,104563,scotus
100063,102662,scotus
100063,110563,scotus
100063,110563,scotus
100063,103442,scotus
100063,110563,scotus
100063,111942,scotus
100063,112643,scotus
100122,1087955,scotus
100122,102879,scotus
100122,105074,scotus
100122,105149,scotus
100122,106259,scotus
100122,105066,scotus
100122,106017,scotus
100122,105336,scotus
100122,103271,scotus
100122,103272,scotus
100122,105531,scotus
100122,107083,scotus
100122,102189,scotus
100122,102372,scotus
100122,108772,scotus
100122,102604,scotus
100122,112573,scotus
100122,101604,scotus
100122,108589,scotus
100122,145770,scotus
100122,103050,scotus
100122,110662,scotus
100122,108329,scotus
100122,103134,scotus
100122,111863,scotus
100122,109310,scotus
100122,111726,scotus
100122,109717,scotus
100122,111727,scotus
100122,107821,scotus
100122,111728,scotus
100122,112847,scotus
100122,112808,scotus
100122,104455,scotus
100122,111323,scotus
100122,104461,scotus
100122,103660,scotus
100122,104467,scotus
100122,103735,scotus
100122,104487,scotus
100122,104539,scotus
100122,110382,scotus
100122,109540,scotus
100122,118296,scotus
100122,6461473,scotus
100122,1324132,scotus
100122,2620704,scotus
100122,110256,scotus
100122,107066,scotus
100122,112771,scotus
100122,104779,scotus
100122,112773,scotus
100122,104886,scotus
100122,103561,scotus
100122,104936,scotus
100122,104937,scotus
100122,103563,scotus
100122,106862,scotus
100122,105148,scotus
100122,107157,scotus
100122,100816,scotus
100122,104196,scotus
100122,104545,scotus
100122,104948,scotus
100122,103928,scotus
100122,103850,scotus
100122,106548,scotus
100122,104575,scotus
100122,104333,scotus
100122,106441,scotus
100122,145832,scotus
100122,112728,scotus
100122,107679,scotus
100122,112728,scotus
100122,9053440,scotus
100122,145770,scotus
100122,145770,scotus
100122,2620704,scotus
100122,110256,scotus
100122,110382,scotus
100122,110662,scotus
100122,111323,scotus
100122,111726,scotus
100122,111727,scotus
100122,111727,scotus
100122,111728,scotus
100122,111863,scotus
100122,112771,scotus
100122,112771,scotus
100122,112808,scotus
100122,112773,scotus
100122,112847,scotus
100122,118296,scotus
100122,112573,scotus
100122,1087955,scotus
100181,1236300,scotus
100181,1087668,scotus
100181,101975,scotus
100181,101977,scotus
100181,107082,scotus
100181,104970,scotus
100181,101773,scotus
100181,107084,scotus
100181,101413,scotus
100181,102224,scotus
100181,102580,scotus
100181,102605,scotus
100181,107901,scotus
100181,102614,scotus
100181,108817,scotus
100181,112593,scotus
100181,101636,scotus
100181,108281,scotus
100181,103081,scotus
100181,108329,scotus
100181,112141,scotus
100181,109670,scotus
100181,104121,scotus
100181,104455,scotus
100181,131166,scotus
100181,2812209,scotus
100181,102148,scotus
100181,100233,scotus
100181,101053,scotus
100181,112786,scotus
100181,1741,scotus
100181,101254,scotus
100181,100625,scotus
100181,100628,scotus
100181,101315,scotus
100181,101511,scotus
100181,100246,scotus
100181,100374,scotus
100181,100469,scotus
100181,121170,scotus
100181,104548,scotus
100181,104288,scotus
100181,104611,scotus
100181,103795,scotus
100181,101029,scotus
100181,102681,scotus
100181,102662,scotus
100181,118011,scotus
100181,102784,scotus
100181,103522,scotus
100181,103962,scotus
100181,106576,scotus
100181,118011,scotus
100181,121170,scotus
100181,1741,scotus
100181,131166,scotus
100181,1087668,scotus
100181,112141,scotus
100181,112593,scotus
100181,112786,scotus
100181,112786,scotus
100188,102026,scotus
100188,105090,scotus
100188,105172,scotus
100188,102224,scotus
100188,102992,scotus
100188,103187,scotus
100188,103227,scotus
100188,102804,scotus
100188,110701,scotus
100188,102124,scotus
100188,104009,scotus
100188,102474,scotus
100188,103367,scotus
100188,103716,scotus
100188,109112,scotus
100188,799995,scotus
100188,101122,scotus
100188,101132,scotus
100188,106950,scotus
100188,108649,scotus
100188,103464,scotus
100188,103600,scotus
100188,100461,scotus
100188,101511,scotus
100188,100861,scotus
100188,100334,scotus
100188,104273,scotus
100188,102655,scotus
100188,103442,scotus
100188,799995,scotus
100188,110701,scotus
100246,101887,scotus
100246,102224,scotus
100246,103227,scotus
100246,102837,scotus
100246,102713,scotus
100246,100928,scotus
100246,104850,scotus
100246,101053,scotus
100246,105958,scotus
100246,100625,scotus
100246,100628,scotus
100246,101315,scotus
100246,100373,scotus
100246,100552,scotus
100246,100403,scotus
100246,101356,scotus
100246,101029,scotus
100246,102681,scotus
100246,104610,scotus
100325,109193,scotus
100325,111860,scotus
100325,109868,scotus
100325,109488,scotus
100325,112766,scotus
100325,101328,scotus
100325,103642,scotus
100325,104563,scotus
100325,110063,scotus
100325,110063,scotus
100325,110063,scotus
100325,111860,scotus
100325,112766,scotus
100442,106531,scotus
100442,105236,scotus
100442,101795,scotus
100442,102174,scotus
100442,102204,scotus
100442,103026,scotus
100442,108552,scotus
100442,102809,scotus
100442,104116,scotus
100442,118485,scotus
100442,104445,scotus
100442,104483,scotus
100442,110927,scotus
100442,2795279,scotus
100442,104747,scotus
100442,106754,scotus
100442,111559,scotus
100442,118080,scotus
100442,103579,scotus
100442,103638,scotus
100442,100829,scotus
100442,103826,scotus
100442,100987,scotus
100442,101750,scotus
100442,103915,scotus
100442,103915,scotus
100442,118485,scotus
100442,110927,scotus
100442,111559,scotus
100469,134743,scotus
100469,931122,scotus
100469,105172,scotus
100469,101749,scotus
100469,102387,scotus
100469,102727,scotus
100469,110156,scotus
100469,101264,scotus
100469,101254,scotus
100469,107256,scotus
100469,107182,scotus
100469,100795,scotus
100469,118140,scotus
100469,100958,scotus
100469,103442,scotus
100469,931122,scotus
100469,134743,scotus
100469,134743,scotus
100469,118140,scotus
100471,106512,scotus
100471,105256,scotus
100471,105907,scotus
100471,103301,scotus
100471,106284,scotus
100471,105597,scotus
100471,111614,scotus
100471,104006,scotus
100471,103974,scotus
100471,104010,scotus
100471,103981,scotus
100471,107526,scotus
100471,103702,scotus
100471,104931,scotus
100471,103561,scotus
100471,106862,scotus
100471,111364,scotus
100471,104304,scotus
100471,103791,scotus
100471,145888,scotus
100471,107252,scotus
100471,107252,scotus
100471,107252,scotus
100471,107252,scotus
100471,111364,scotus
100471,111214,scotus
100471,111614,scotus
100520,108330,scotus
100520,4895710,scotus
100520,104194,scotus
100520,107973,scotus
100520,107973,scotus
100567,134729,scotus
100567,820744,scotus
100567,4867542,scotus
100567,4892570,scotus
100567,4898458,scotus
100567,4900457,scotus
100567,4958317,scotus
100567,104716,scotus
100567,111509,scotus
100567,106641,scotus
100567,106515,scotus
100567,105820,scotus
100567,106108,scotus
100567,105194,scotus
100567,106865,scotus
100567,105025,scotus
100567,105597,scotus
100567,101905,scotus
100567,108854,scotus
100567,106936,scotus
100567,108893,scotus
100567,108931,scotus
100567,101899,scotus
100567,108377,scotus
100567,110534,scotus
100567,109186,scotus
100567,107687,scotus
100567,108841,scotus
100567,108800,scotus
100567,108571,scotus
100567,107729,scotus
100567,108845,scotus
100567,108581,scotus
100567,108304,scotus
100567,111583,scotus
100567,108297,scotus
100567,110558,scotus
100567,103100,scotus
100567,111600,scotus
100567,102098,scotus
100567,112646,scotus
100567,110636,scotus
100567,109302,scotus
100567,110045,scotus
100567,109311,scotus
100567,112067,scotus
100567,109332,scotus
100567,118405,scotus
100567,110075,scotus
100567,110096,scotus
100567,109876,scotus
100567,107483,scotus
100567,110119,scotus
100567,101682,scotus
100567,109675,scotus
100567,110127,scotus
100567,109714,scotus
100567,118443,scotus
100567,100931,scotus
100567,108183,scotus
100567,111301,scotus
100567,108184,scotus
100567,111305,scotus
100567,109005,scotus
100567,110973,scotus
100567,111834,scotus
100567,110901,scotus
100567,110235,scotus
100567,111397,scotus
100567,111013,scotus
100567,112220,scotus
100567,104490,scotus
100567,109069,scotus
100567,109537,scotus
100567,111423,scotus
100567,111020,scotus
100567,118277,scotus
100567,109541,scotus
100567,118287,scotus
100567,2760668,scotus
100567,2620702,scotus
100567,2801433,scotus
100567,3189871,scotus
100567,2672525,scotus
100567,2674862,scotus
100567,4501697,scotus
100567,4512666,scotus
100567,109352,scotus
100567,101113,scotus
100567,101118,scotus
100567,104769,scotus
100567,112459,scotus
100567,110351,scotus
100567,112873,scotus
100567,106990,scotus
100567,106771,scotus
100567,101320,scotus
100567,107043,scotus
100567,111148,scotus
100567,112454,scotus
100567,105963,scotus
100567,118063,scotus
100567,100621,scotus
100567,118086,scotus
100567,106777,scotus
100567,106180,scotus
100567,108260,scotus
100567,109154,scotus
100567,108850,scotus
100567,101164,scotus
100567,100711,scotus
100567,109953,scotus
100567,104422,scotus
100567,101180,scotus
100567,107465,scotus
100567,100685,scotus
100567,117964,scotus
100567,118005,scotus
100567,118030,scotus
100567,117936,scotus
100567,104576,scotus
100567,104313,scotus
100567,2621047,scotus
100567,2620876,scotus
100567,4510032,scotus
100567,106425,scotus
100567,145852,scotus
100567,145843,scotus
100567,107979,scotus
100567,107979,scotus
100567,110719,scotus
100567,110719,scotus
100567,110719,scotus
100567,107564,scotus
100567,112608,scotus
100567,107564,scotus
100567,107979,scotus
100567,110719,scotus
100567,112608,scotus
100567,112608,scotus
100567,112608,scotus
100567,2674862,scotus
100567,2760668,scotus
100567,3189871,scotus
100567,145852,scotus
100567,145843,scotus
100567,118405,scotus
100567,118443,scotus
100567,134729,scotus
100567,2620702,scotus
100567,110235,scotus
100567,110534,scotus
100567,110636,scotus
100567,111301,scotus
100567,111305,scotus
100567,110558,scotus
100567,110558,scotus
100567,110558,scotus
100567,110558,scotus
100567,110559,scotus
100567,111423,scotus
100567,111423,scotus
100567,111834,scotus
100567,111583,scotus
100567,110973,scotus
100567,110973,scotus
100567,111148,scotus
100567,111509,scotus
100567,111509,scotus
100567,111397,scotus
100567,112067,scotus
100567,111600,scotus
100567,111397,scotus
100567,111013,scotus
100567,118086,scotus
100567,112873,scotus
100567,112220,scotus
100567,118277,scotus
100567,118277,scotus
100567,112646,scotus
100567,112454,scotus
100567,112459,scotus
100567,118287,scotus
100567,2621047,scotus
100567,111020,scotus
100616,106365,scotus
100616,103548,scotus
100616,108350,scotus
100616,108350,scotus
100616,108350,scotus
100628,101828,scotus
100628,101887,scotus
100628,102224,scotus
100628,102365,scotus
100628,100928,scotus
100628,100766,scotus
100628,105546,scotus
100628,104610,scotus
100693,101435,scotus
100693,102112,scotus
100693,110365,scotus
100693,109110,scotus
100693,106447,scotus
100693,103795,scotus
100693,118428,scotus
100693,103214,scotus
100693,103214,scotus
100693,118428,scotus
100693,103214,scotus
100693,103962,scotus
100694,4840575,scotus
100694,4764770,scotus
100694,4892570,scotus
100694,4894053,scotus
100694,4898458,scotus
100694,4900457,scotus
100694,1087668,scotus
100694,4958317,scotus
100694,102879,scotus
100694,102032,scotus
100694,106658,scotus
100694,106183,scotus
100694,106530,scotus
100694,105152,scotus
100694,106249,scotus
100694,107082,scotus
100694,106282,scotus
100694,106267,scotus
100694,101887,scotus
100694,107137,scotus
100694,108863,scotus
100694,108913,scotus
100694,102224,scotus
100694,102952,scotus
100694,108859,scotus
100694,103017,scotus
100694,110765,scotus
100694,110506,scotus
100694,102334,scotus
100694,108380,scotus
100694,108714,scotus
100694,112404,scotus
100694,107663,scotus
100694,107737,scotus
100694,108839,scotus
100694,108842,scotus
100694,107898,scotus
100694,108844,scotus
100694,107731,scotus
100694,112481,scotus
100694,102807,scotus
100694,110676,scotus
100694,109836,scotus
100694,109988,scotus
100694,112295,scotus
100694,111688,scotus
100694,109301,scotus
100694,111690,scotus
100694,109684,scotus
100694,117846,scotus
100694,111879,scotus
100694,112330,scotus
100694,110099,scotus
100694,109670,scotus
100694,109722,scotus
100694,109710,scotus
100694,109679,scotus
100694,108985,scotus
100694,110113,scotus
100694,111738,scotus
100694,104061,scotus
100694,111254,scotus
100694,110145,scotus
100694,100934,scotus
100694,111255,scotus
100694,103373,scotus
100694,109939,scotus
100694,109004,scotus
100694,108546,scotus
100694,109005,scotus
100694,111081,scotus
100694,108530,scotus
100694,108489,scotus
100694,110968,scotus
100694,110999,scotus
100694,103691,scotus
100694,109529,scotus
100694,109530,scotus
100694,109509,scotus
100694,110246,scotus
100694,109117,scotus
100694,110401,scotus
100694,110432,scotus
100694,109592,scotus
100694,109567,scotus
100694,110333,scotus
100694,2808292,scotus
100694,2812209,scotus
100694,108713,scotus
100694,4764452,scotus
100694,101097,scotus
100694,109768,scotus
100694,110280,scotus
100694,112786,scotus
100694,104894,scotus
100694,112779,scotus
100694,105746,scotus
100694,109423,scotus
100694,112881,scotus
100694,103563,scotus
100694,101246,scotus
100694,118071,scotus
100694,104373,scotus
100694,103349,scotus
100694,137732,scotus
100694,108851,scotus
100694,112924,scotus
100694,107452,scotus
100694,108751,scotus
100694,108266,scotus
100694,110055,scotus
100694,100907,scotus
100694,130160,scotus
100694,121151,scotus
100694,104181,scotus
100694,121168,scotus
100694,118144,scotus
100694,118198,scotus
100694,101340,scotus
100694,103933,scotus
100694,101341,scotus
100694,106559,scotus
100694,104623,scotus
100694,101011,scotus
100694,149702,scotus
100694,102662,scotus
100694,182990,scotus
100694,145707,scotus
100694,145731,scotus
100694,9679332,scotus
100694,9824344,scotus
100694,103870,scotus
100694,103870,scotus
100694,4764452,scotus
100694,4764770,scotus
100694,7341398,scotus
100694,149702,scotus
100694,182990,scotus
100694,130160,scotus
100694,145731,scotus
100694,137732,scotus
100694,137732,scotus
100694,121151,scotus
100694,1087668,scotus
100694,1087668,scotus
100694,1087668,scotus
100694,1087668,scotus
100694,1087668,scotus
100694,110280,scotus
100694,110333,scotus
100694,110506,scotus
100694,9281247,scotus
100694,110401,scotus
100694,110246,scotus
100694,9286992,scotus
100694,111690,scotus
100694,111690,scotus
100694,110676,scotus
100694,111690,scotus
100694,111254,scotus
100694,111255,scotus
100694,111255,scotus
100694,111738,scotus
100694,110765,scotus
100694,110968,scotus
100694,110432,scotus
100694,110432,scotus
100694,110999,scotus
100694,110765,scotus
100694,111738,scotus
100694,111688,scotus
100694,112295,scotus
100694,112330,scotus
100694,112330,scotus
100694,117846,scotus
100694,112881,scotus
100694,112779,scotus
100694,118144,scotus
100694,112786,scotus
100694,118198,scotus
100694,112786,scotus
100734,118361,scotus
100734,117841,scotus
100734,111917,scotus
100734,109701,scotus
100734,111129,scotus
100734,118351,scotus
100734,112872,scotus
100734,118088,scotus
100734,118135,scotus
100734,118126,scotus
100734,130161,scotus
100734,117925,scotus
100734,112471,scotus
100734,112471,scotus
100734,112471,scotus
100734,130161,scotus
100734,130161,scotus
100734,111129,scotus
100734,112872,scotus
100734,118088,scotus
100734,118135,scotus
100771,102861,scotus
100771,104740,scotus
100771,101762,scotus
100771,103287,scotus
100771,105628,scotus
100771,102219,scotus
100771,102986,scotus
100771,102948,scotus
100771,102233,scotus
100771,101894,scotus
100771,102968,scotus
100771,102330,scotus
100771,102593,scotus
100771,108804,scotus
100771,107734,scotus
100771,101632,scotus
100771,102783,scotus
100771,109824,scotus
100771,103047,scotus
100771,102058,scotus
100771,110675,scotus
100771,102734,scotus
100771,101665,scotus
100771,101731,scotus
100771,101733,scotus
100771,102498,scotus
100771,103369,scotus
100771,104447,scotus
100771,111104,scotus
100771,2540705,scotus
100771,101559,scotus
100771,101272,scotus
100771,103545,scotus
100771,101322,scotus
100771,101300,scotus
100771,101444,scotus
100771,101648,scotus
100771,104222,scotus
100771,103786,scotus
100771,102665,scotus
100771,9406660,scotus
100771,10049675,scotus
100771,103172,scotus
100771,109499,scotus
100771,109499,scotus
100771,103172,scotus
100771,111308,scotus
100771,111308,scotus
100771,112040,scotus
100771,103869,scotus
100771,104641,scotus
100771,109499,scotus
100771,103869,scotus
100771,112040,scotus
100771,112040,scotus
100771,111104,scotus
100771,112768,scotus
100829,105236,scotus
100829,102174,scotus
100829,103026,scotus
100829,101580,scotus
100829,104445,scotus
100829,109058,scotus
100829,106958,scotus
100829,103579,scotus
100829,100987,scotus
100829,101750,scotus
100830,2540705,scotus
100830,108755,scotus
100830,103869,scotus
100830,103869,scotus
100887,105012,scotus
100887,104233,scotus
100887,104545,scotus
100887,104546,scotus
100887,107748,scotus
100887,107748,scotus
100887,107748,scotus
100916,102861,scotus
100916,102038,scotus
100916,106109,scotus
100916,105536,scotus
100916,102986,scotus
100916,101894,scotus
100916,101632,scotus
100916,103982,scotus
100916,101731,scotus
100916,2540705,scotus
100916,101272,scotus
100916,101291,scotus
100916,101300,scotus
100916,101499,scotus
100916,101171,scotus
100916,102745,scotus
100916,112249,scotus
100916,103172,scotus
100916,103172,scotus
100916,103869,scotus
100916,104641,scotus
100916,105525,scotus
100916,103869,scotus
100916,103869,scotus
100916,105525,scotus
100951,134724,scotus
100951,112678,scotus
100951,103976,scotus
100951,110973,scotus
100951,108189,scotus
100951,108220,scotus
100951,118300,scotus
100951,101041,scotus
100951,101246,scotus
100951,104200,scotus
100951,104233,scotus
100951,111404,scotus
100951,134724,scotus
100951,110973,scotus
100951,110973,scotus
100951,112678,scotus
100951,118300,scotus
100955,105210,scotus
100955,103219,scotus
100955,101279,scotus
100955,101475,scotus
100955,103639,scotus
100968,626208,scotus
100968,105329,scotus
100968,107229,scotus
100968,101830,scotus
100968,112694,scotus
100968,112724,scotus
100968,102452,scotus
100968,111743,scotus
100968,101677,scotus
100968,104094,scotus
100968,110997,scotus
100968,111010,scotus
100968,103494,scotus
100968,101495,scotus
100968,101230,scotus
100968,103761,scotus
100968,110997,scotus
100968,111743,scotus
100968,111010,scotus
100987,104691,scotus
100987,106531,scotus
100987,105109,scotus
100987,105236,scotus
100987,102174,scotus
100987,108428,scotus
100987,109205,scotus
100987,108552,scotus
100987,101580,scotus
100987,110652,scotus
100987,104112,scotus
100987,104116,scotus
100987,108978,scotus
100987,118485,scotus
100987,104445,scotus
100987,104483,scotus
100987,110927,scotus
100987,2795279,scotus
100987,3171727,scotus
100987,3177216,scotus
100987,3177219,scotus
100987,107050,scotus
100987,104747,scotus
100987,106754,scotus
100987,103579,scotus
100987,103826,scotus
100987,102662,scotus
100987,101750,scotus
100987,103915,scotus
100987,112739,scotus
100987,103915,scotus
100987,112739,scotus
100987,118485,scotus
100987,110927,scotus
100987,110927,scotus
101011,103315,scotus
101011,106282,scotus
101011,108859,scotus
101011,103373,scotus
101011,101097,scotus
101011,104623,scotus
101011,104642,scotus
101011,102669,scotus
101011,103870,scotus
101011,103870,scotus
101012,104689,scotus
101012,101969,scotus
101012,101973,scotus
101012,105383,scotus
101012,102218,scotus
101012,102952,scotus
101012,103004,scotus
101012,102969,scotus
101012,101668,scotus
101012,104510,scotus
101012,103691,scotus
101012,103443,scotus
101012,104894,scotus
101012,103943,scotus
101012,109650,scotus
101012,101296,scotus
101012,104801,scotus
101012,101306,scotus
101012,107193,scotus
101012,101511,scotus
101012,101514,scotus
101012,103042,scotus
101012,107964,scotus
101012,118210,scotus
101012,103889,scotus
101012,103198,scotus
101012,103915,scotus
101012,103915,scotus
101029,4894053,scotus
101029,107082,scotus
101029,101773,scotus
101029,101887,scotus
101029,102224,scotus
101029,101894,scotus
101029,102437,scotus
101029,103227,scotus
101029,108839,scotus
101029,112478,scotus
101029,101636,scotus
101029,102713,scotus
101029,103437,scotus
101029,111385,scotus
101029,109125,scotus
101029,2804671,scotus
101029,101053,scotus
101029,110312,scotus
101029,101315,scotus
101029,101511,scotus
101029,101341,scotus
101029,101356,scotus
101029,103817,scotus
101029,102681,scotus
101029,103522,scotus
101029,106576,scotus
101029,110312,scotus
101029,111385,scotus
101083,1087666,scotus
101083,902767,scotus
101083,105090,scotus
101083,106267,scotus
101083,104992,scotus
101083,107110,scotus
101083,108335,scotus
101083,108302,scotus
101083,107608,scotus
101083,107607,scotus
101083,111260,scotus
101083,109005,scotus
101083,108487,scotus
101083,109400,scotus
101083,107198,scotus
101083,101450,scotus
101083,112360,scotus
101083,104252,scotus
101083,103902,scotus
101083,903977,scotus
101083,106235,scotus
101083,107606,scotus
101083,106235,scotus
101083,106235,scotus
101083,106235,scotus
101083,1087666,scotus
101083,111260,scotus
101083,112360,scotus
101097,149008,scotus
101097,219735,scotus
101097,2659301,scotus
101097,1087950,scotus
101097,111464,scotus
101097,104668,scotus
101097,111490,scotus
101097,102901,scotus
101097,111517,scotus
101097,105371,scotus
101097,105751,scotus
101097,106221,scotus
101097,106545,scotus
101097,105882,scotus
101097,103243,scotus
101097,106142,scotus
101097,105937,scotus
101097,106538,scotus
101097,106249,scotus
101097,105498,scotus
101097,105001,scotus
101097,103320,scotus
101097,105532,scotus
101097,106308,scotus
101097,106282,scotus
101097,106267,scotus
101097,101773,scotus
101097,106268,scotus
101097,101741,scotus
101097,106342,scotus
101097,108902,scotus
101097,103017,scotus
101097,102966,scotus
101097,108360,scotus
101097,102305,scotus
101097,108361,scotus
101097,110798,scotus
101097,112398,scotus
101097,107663,scotus
101097,108798,scotus
101097,103226,scotus
101097,107692,scotus
101097,108839,scotus
101097,107889,scotus
101097,107898,scotus
101097,108581,scotus
101097,108636,scotus
101097,103057,scotus
101097,103058,scotus
101097,102821,scotus
101097,110689,scotus
101097,108612,scotus
101097,108616,scotus
101097,109836,scotus
101097,109837,scotus
101097,112647,scotus
101097,110038,scotus
101097,110015,scotus
101097,118384,scotus
101097,102728,scotus
101097,118385,scotus
101097,112304,scotus
101097,103950,scotus
101097,109871,scotus
101097,111876,scotus
101097,103970,scotus
101097,109718,scotus
101097,107484,scotus
101097,109670,scotus
101097,111245,scotus
101097,102468,scotus
101097,103998,scotus
101097,104090,scotus
101097,104058,scotus
101097,104135,scotus
101097,118427,scotus
101097,111782,scotus
101097,108205,scotus
101097,2797290,scotus
101097,104520,scotus
101097,109088,scotus
101097,109505,scotus
101097,109112,scotus
101097,110431,scotus
101097,118335,scotus
101097,2365621,scotus
101097,2812210,scotus
101097,4623614,scotus
101097,802771,scotus
101097,112786,scotus
101097,109380,scotus
101097,110311,scotus
101097,106761,scotus
101097,103561,scotus
101097,104790,scotus
101097,103459,scotus
101097,110312,scotus
101097,104936,scotus
101097,103563,scotus
101097,109649,scotus
101097,111248,scotus
101097,1741,scotus
101097,104914,scotus
101097,101335,scotus
101097,106181,scotus
101097,103632,scotus
101097,118097,scotus
101097,110850,scotus
101097,118458,scotus
101097,108263,scotus
101097,108264,scotus
101097,101167,scotus
101097,101448,scotus
101097,108266,scotus
101097,108270,scotus
101097,102747,scotus
101097,107167,scotus
101097,102243,scotus
101097,104184,scotus
101097,103867,scotus
101097,127908,scotus
101097,103875,scotus
101097,117898,scotus
101097,103877,scotus
101097,106559,scotus
101097,104623,scotus
101097,117921,scotus
101097,104256,scotus
101097,149702,scotus
101097,106441,scotus
101097,145707,scotus
101097,145758,scotus
101097,803268,scotus
101097,9400442,scotus
101097,9409607,scotus
101097,9410787,scotus
101097,10049662,scotus
101097,10049656,scotus
101097,10316927,scotus
101097,10316651,scotus
101097,118023,scotus
101097,118023,scotus
101097,107965,scotus
101097,107965,scotus
101097,103831,scotus
101097,107965,scotus
101097,103831,scotus
101097,9231236,scotus
101097,2797290,scotus
101097,6797285,scotus
101097,149008,scotus
101097,149702,scotus
101097,149702,scotus
101097,802771,scotus
101097,2812210,scotus
101097,7345722,scotus
101097,149008,scotus
101097,127908,scotus
101097,145758,scotus
101097,1741,scotus
101097,118427,scotus
101097,118384,scotus
101097,118385,scotus
101097,118458,scotus
101097,803268,scotus
101097,110850,scotus
101097,110311,scotus
101097,111245,scotus
101097,111248,scotus
101097,111248,scotus
101097,110431,scotus
101097,110312,scotus
101097,110312,scotus
101097,110312,scotus
101097,110689,scotus
101097,111490,scotus
101097,112304,scotus
101097,111517,scotus
101097,111464,scotus
101097,112647,scotus
101097,118097,scotus
101097,117898,scotus
101097,118335,scotus
101097,112786,scotus
101097,1087950,scotus
101154,102861,scotus
101154,101762,scotus
101154,102986,scotus
101154,101894,scotus
101154,101559,scotus
101154,101291,scotus
101154,101322,scotus
101154,101300,scotus
101154,101444,scotus
101154,101913,scotus
101164,101970,scotus
101164,106641,scotus
101164,106515,scotus
101164,106021,scotus
101164,106107,scotus
101164,105194,scotus
101164,101833,scotus
101164,108893,scotus
101164,134746,scotus
101164,101899,scotus
101164,112382,scotus
101164,108377,scotus
101164,108375,scotus
101164,109432,scotus
101164,107898,scotus
101164,110611,scotus
101164,110061,scotus
101164,107483,scotus
101164,107487,scotus
101164,111262,scotus
101164,111823,scotus
101164,108515,scotus
101164,110979,scotus
101164,110901,scotus
101164,103664,scotus
101164,109522,scotus
101164,2443377,scotus
101164,2680439,scotus
101164,110158,scotus
101164,104769,scotus
101164,106964,scotus
101164,112448,scotus
101164,106990,scotus
101164,106771,scotus
101164,101320,scotus
101164,110314,scotus
101164,104422,scotus
101164,101643,scotus
101164,101354,scotus
101164,104576,scotus
101164,104313,scotus
101164,104314,scotus
101164,145887,scotus
101164,107979,scotus
101164,107979,scotus
101164,107979,scotus
101164,145887,scotus
101164,134746,scotus
101164,110158,scotus
101164,110611,scotus
101164,110314,scotus
101164,110901,scotus
101164,111823,scotus
101164,110979,scotus
101164,111262,scotus
101164,111262,scotus
101164,112448,scotus
101164,112382,scotus
101176,102032,scotus
101176,102124,scotus
101176,102474,scotus
101176,104841,scotus
101176,102655,scotus
101176,101750,scotus
101217,102032,scotus
101217,105728,scotus
101217,103227,scotus
101217,102059,scotus
101217,102833,scotus
101217,102713,scotus
101217,109885,scotus
101217,101706,scotus
101217,101307,scotus
101217,101384,scotus
101217,102784,scotus
101217,103351,scotus
101230,107229,scotus
101230,101830,scotus
101230,101495,scotus
101230,104320,scotus
101230,103761,scotus
101237,101972,scotus
101237,102035,scotus
101237,105429,scotus
101237,101874,scotus
101237,101888,scotus
101237,102235,scotus
101237,102279,scotus
101237,103163,scotus
101237,103220,scotus
101237,102619,scotus
101237,103232,scotus
101237,101583,scotus
101237,102779,scotus
101237,102117,scotus
101237,102723,scotus
101237,101674,scotus
101237,104090,scotus
101237,102488,scotus
101237,101568,scotus
101237,106997,scotus
101237,104202,scotus
101237,101480,scotus
101237,101488,scotus
101237,103828,scotus
101237,101366,scotus
101237,101367,scotus
101237,104256,scotus
101237,103639,scotus
101265,104697,scotus
101265,102019,scotus
101265,101740,scotus
101265,112564,scotus
101265,107686,scotus
101265,107920,scotus
101265,1116658,scotus
101265,103091,scotus
101265,102817,scotus
101265,137006,scotus
101265,111094,scotus
101265,104528,scotus
101265,110245,scotus
101265,1735,scotus
101265,102147,scotus
101265,107024,scotus
101265,105246,scotus
101265,103624,scotus
101265,104182,scotus
101265,103842,scotus
101265,103900,scotus
101265,103012,scotus
101265,103012,scotus
101265,103012,scotus
101265,137006,scotus
101265,137006,scotus
101265,110245,scotus
101265,111094,scotus
101265,112564,scotus
101268,102861,scotus
101268,105630,scotus
101268,101894,scotus
101268,103982,scotus
101268,101731,scotus
101268,101733,scotus
101268,101300,scotus
101268,104263,scotus
101268,101913,scotus
101268,104641,scotus
101272,106013,scotus
101272,101772,scotus
101272,102986,scotus
101272,101894,scotus
101272,101632,scotus
101272,103047,scotus
101272,102452,scotus
101272,102466,scotus
101272,101733,scotus
101272,2540705,scotus
101272,110295,scotus
101272,108754,scotus
101272,101499,scotus
101272,103853,scotus
101272,103816,scotus
101272,103172,scotus
101272,101913,scotus
101272,103172,scotus
101272,103869,scotus
101272,104641,scotus
101272,103869,scotus
101272,103869,scotus
101272,110295,scotus
101277,104723,scotus
101277,106136,scotus
101277,103256,scotus
101277,105210,scotus
101277,101826,scotus
101277,101924,scotus
101277,102303,scotus
101277,102315,scotus
101277,103166,scotus
101277,103216,scotus
101277,103219,scotus
101277,103220,scotus
101277,103222,scotus
101277,108576,scotus
101277,101593,scotus
101277,101611,scotus
101277,101632,scotus
101277,102779,scotus
101277,102820,scotus
101277,103990,scotus
101277,112839,scotus
101277,101559,scotus
101277,106976,scotus
101277,103616,scotus
101277,104437,scotus
101277,101444,scotus
101277,118146,scotus
101277,101648,scotus
101277,101475,scotus
101277,101488,scotus
101277,103828,scotus
101277,103639,scotus
101277,112839,scotus
101291,108804,scotus
101291,101733,scotus
101291,101648,scotus
101291,104222,scotus
101291,101913,scotus
101292,105130,scotus
101292,118409,scotus
101292,108234,scotus
101292,4632239,scotus
101292,106049,scotus
101292,102648,scotus
101292,103927,scotus
101295,102029,scotus
101295,102032,scotus
101295,105829,scotus
101295,105076,scotus
101295,105077,scotus
101295,106239,scotus
101295,105152,scotus
101295,103287,scotus
101295,105210,scotus
101295,103298,scotus
101295,104989,scotus
101295,101827,scotus
101295,101934,scotus
101295,101935,scotus
101295,103005,scotus
101295,102963,scotus
101295,102391,scotus
101295,103154,scotus
101295,103186,scotus
101295,102605,scotus
101295,102612,scotus
101295,102777,scotus
101295,102072,scotus
101295,103139,scotus
101295,102124,scotus
101295,103984,scotus
101295,102457,scotus
101295,111942,scotus
101295,101716,scotus
101295,108501,scotus
101295,104847,scotus
101295,106958,scotus
101295,104797,scotus
101295,105147,scotus
101295,101497,scotus
101295,101533,scotus
101295,101376,scotus
101295,101750,scotus
101295,111942,scotus
101315,105001,scotus
101315,101773,scotus
101315,102224,scotus
101315,110487,scotus
101315,103227,scotus
101315,101636,scotus
101315,109803,scotus
101315,102713,scotus
101315,104455,scotus
101315,101511,scotus
101315,104548,scotus
101315,101356,scotus
101315,102681,scotus
101315,103522,scotus
101315,110487,scotus
101317,104696,scotus
101317,105203,scotus
101317,101759,scotus
101317,101827,scotus
101317,101924,scotus
101317,102292,scotus
101317,102634,scotus
101317,102059,scotus
101317,112643,scotus
101317,108221,scotus
101317,101328,scotus
101317,101335,scotus
101317,101497,scotus
101317,101448,scotus
101317,101474,scotus
101317,101384,scotus
101317,104624,scotus
101317,108721,scotus
101317,112643,scotus
101320,108920,scotus
101320,108689,scotus
101320,108832,scotus
101320,107436,scotus
101320,108187,scotus
101320,103664,scotus
101320,1741,scotus
101320,104313,scotus
101320,145922,scotus
101320,9987186,scotus
101320,107252,scotus
101320,107564,scotus
101320,107564,scotus
101320,107564,scotus
101320,107746,scotus
101320,108186,scotus
101320,106285,scotus
101320,107252,scotus
101320,107564,scotus
101320,107746,scotus
101320,108186,scotus
101320,106285,scotus
101320,6796843,scotus
101320,7341398,scotus
101320,7345713,scotus
101320,7350871,scotus
101320,7350871,scotus
101320,148797,scotus
101320,182990,scotus
101320,622304,scotus
101320,622304,scotus
101320,145922,scotus
101320,121171,scotus
101320,1741,scotus
101320,218926,scotus
101320,118427,scotus
101320,118443,scotus
101320,118385,scotus
101320,118385,scotus
101320,118385,scotus
101320,131165,scotus
101320,110235,scotus
101320,110338,scotus
101320,110339,scotus
101320,111301,scotus
101320,110882,scotus
101320,111247,scotus
101320,111301,scotus
101320,111112,scotus
101320,111252,scotus
101320,110754,scotus
101320,111255,scotus
101320,111481,scotus
101320,111504,scotus
101320,111380,scotus
101320,111666,scotus
101320,111833,scotus
101320,110432,scotus
101320,111143,scotus
101320,111146,scotus
101320,111738,scotus
101320,111259,scotus
101320,111262,scotus
101320,111262,scotus
101320,111262,scotus
101320,111509,scotus
101320,110317,scotus
101320,110317,scotus
101320,110586,scotus
101320,111013,scotus
101320,118100,scotus
101320,118318,scotus
101320,112175,scotus
101320,112219,scotus
101320,112220,scotus
101320,117899,scotus
101320,117905,scotus
101320,112348,scotus
101320,112381,scotus
101320,112382,scotus
101320,112459,scotus
101320,112890,scotus
101320,112579,scotus
101328,1087961,scotus
101328,104652,scotus
101328,101918,scotus
101328,102963,scotus
101328,102402,scotus
101328,102634,scotus
101328,102614,scotus
101328,103227,scotus
101328,110652,scotus
101328,112740,scotus
101328,112741,scotus
101328,103133,scotus
101328,109868,scotus
101328,111189,scotus
101328,109911,scotus
101328,109916,scotus
101328,109498,scotus
101328,108085,scotus
101328,110308,scotus
101328,104171,scotus
101328,101492,scotus
101328,104563,scotus
101328,104564,scotus
101328,101386,scotus
101328,1087607,scotus
101328,145739,scotus
101328,110063,scotus
101328,110063,scotus
101328,110063,scotus
101328,145739,scotus
101328,145739,scotus
101328,110308,scotus
101328,110308,scotus
101328,111189,scotus
101328,1087961,scotus
101328,1087961,scotus
101328,1087961,scotus
101340,101887,scotus
101340,101636,scotus
101340,102059,scotus
101340,112643,scotus
101340,122260,scotus
101340,101448,scotus
101340,104634,scotus
101340,117927,scotus
101340,108889,scotus
101340,122260,scotus
101340,112643,scotus
101356,101884,scotus
101356,101916,scotus
101356,101918,scotus
101356,102224,scotus
101356,102990,scotus
101356,110771,scotus
101356,103227,scotus
101356,102713,scotus
101356,102460,scotus
101356,101716,scotus
101356,104455,scotus
101356,809122,scotus
101356,4497655,scotus
101356,104943,scotus
101356,102843,scotus
101356,102662,scotus
101356,803267,scotus
101356,103522,scotus
101356,809122,scotus
101356,110771,scotus
101364,102877,scotus
101364,102884,scotus
101364,102885,scotus
101364,102002,scotus
101364,102012,scotus
101364,105124,scotus
101364,102270,scotus
101364,102754,scotus
101364,101589,scotus
101364,102091,scotus
101364,108987,scotus
101364,104116,scotus
101364,111094,scotus
101364,104445,scotus
101364,104352,scotus
101364,104375,scotus
101364,101642,scotus
101364,103924,scotus
101364,101365,scotus
101364,103837,scotus
101364,103915,scotus
101364,103915,scotus
101364,111094,scotus
101371,101913,scotus
101413,101975,scotus
101413,105244,scotus
101413,102210,scotus
101413,102413,scotus
101413,103875,scotus
101413,102784,scotus
101413,103522,scotus
101413,103915,scotus
101413,103915,scotus
101414,106182,scotus
101414,106628,scotus
101414,105091,scotus
101414,105925,scotus
101414,106078,scotus
101414,106393,scotus
101414,105305,scotus
101414,105306,scotus
101414,105532,scotus
101414,105219,scotus
101414,106279,scotus
101414,107116,scotus
101414,102166,scotus
101414,105609,scotus
101414,102374,scotus
101414,108714,scotus
101414,109438,scotus
101414,107900,scotus
101414,109257,scotus
101414,109488,scotus
101414,3168776,scotus
101414,106988,scotus
101414,107259,scotus
101414,106654,scotus
101414,107168,scotus
101414,107964,scotus
101414,112052,scotus
101414,106407,scotus
101414,117958,scotus
101414,117958,scotus
101414,117958,scotus
101414,8176112,scotus
101414,112052,scotus
101446,106660,scotus
101446,106658,scotus
101446,101765,scotus
101446,102334,scotus
101446,108980,scotus
101446,109077,scotus
101446,150544,scotus
101446,4507882,scotus
101446,4503818,scotus
101446,4503819,scotus
101446,4403807,scotus
101446,4503544,scotus
101446,104884,scotus
101446,104790,scotus
101446,106170,scotus
101446,104162,scotus
101446,103877,scotus
101446,104285,scotus
101446,104285,scotus
101446,104285,scotus
101446,150544,scotus
101446,150544,scotus
101453,102061,scotus
101453,106963,scotus
101453,106792,scotus
101453,105662,scotus
101453,104321,scotus
101453,103505,scotus
101453,103505,scotus
101453,103505,scotus
101492,102884,scotus
101492,102002,scotus
101492,102174,scotus
101492,102259,scotus
101492,103197,scotus
101492,101625,scotus
101492,102481,scotus
101492,111672,scotus
101492,103633,scotus
101492,101642,scotus
101492,102664,scotus
101492,102644,scotus
101492,103915,scotus
101492,103915,scotus
101492,9060309,scotus
101495,102012,scotus
101495,107229,scotus
101495,105010,scotus
101495,101830,scotus
101495,109419,scotus
101495,104389,scotus
101495,104320,scotus
101495,103761,scotus
101495,104704,scotus
101497,102861,scotus
101497,102029,scotus
101497,105211,scotus
101497,101872,scotus
101497,103037,scotus
101497,102303,scotus
101497,102391,scotus
101497,102636,scotus
101497,102616,scotus
101497,103122,scotus
101497,102124,scotus
101497,101665,scotus
101497,103990,scotus
101497,104388,scotus
101497,117914,scotus
101497,104574,scotus
101497,104253,scotus
101497,104339,scotus
101497,101750,scotus
101497,101913,scotus
101497,117914,scotus
101499,111468,scotus
101499,111516,scotus
101499,105381,scotus
101499,106079,scotus
101499,105304,scotus
101499,106249,scotus
101499,103260,scotus
101499,101816,scotus
101499,105628,scotus
101499,105630,scotus
101499,102986,scotus
101499,101894,scotus
101499,112444,scotus
101499,109206,scotus
101499,109972,scotus
101499,102128,scotus
101499,103973,scotus
101499,111700,scotus
101499,103982,scotus
101499,104104,scotus
101499,111011,scotus
101499,111439,scotus
101499,109632,scotus
101499,2540705,scotus
101499,111362,scotus
101499,112929,scotus
101499,108754,scotus
101499,108755,scotus
101499,109478,scotus
101499,103856,scotus
101499,118166,scotus
101499,117883,scotus
101499,6477853,scotus
101499,103869,scotus
101499,104641,scotus
101499,103869,scotus
101499,111362,scotus
101499,111700,scotus
101499,111516,scotus
101499,111439,scotus
101499,111468,scotus
101499,111011,scotus
101511,104657,scotus
101511,106633,scotus
101511,101764,scotus
101511,101805,scotus
101511,101864,scotus
101511,103007,scotus
101511,103227,scotus
101511,101581,scotus
101511,102789,scotus
101511,102804,scotus
101511,103097,scotus
101511,103099,scotus
101511,102090,scotus
101511,103362,scotus
101511,103716,scotus
101511,110985,scotus
101511,104382,scotus
101511,103537,scotus
101511,103835,scotus
101511,104580,scotus
101511,102664,scotus
101511,102668,scotus
101511,102673,scotus
101511,102644,scotus
101511,102647,scotus
101511,102662,scotus
101511,103522,scotus
101511,110985,scotus
101552,101779,scotus
101552,101780,scotus
101552,102978,scotus
101552,108599,scotus
101552,103083,scotus
101552,104083,scotus
101552,104084,scotus
101552,101694,scotus
101552,102488,scotus
101552,106170,scotus
101552,107195,scotus
101552,104616,scotus
101552,104617,scotus
101552,103292,scotus
101552,103292,scotus
101552,103292,scotus
101558,105326,scotus
101558,102166,scotus
101558,101921,scotus
101558,102189,scotus
101558,102413,scotus
101558,102358,scotus
101558,108720,scotus
101558,109204,scotus
101558,108843,scotus
101558,109825,scotus
101558,103050,scotus
101558,102830,scotus
101558,109814,scotus
101558,112644,scotus
101558,102106,scotus
101558,102705,scotus
101558,103950,scotus
101558,101705,scotus
101558,110140,scotus
101558,108187,scotus
101558,108538,scotus
101558,103735,scotus
101558,108137,scotus
101558,104539,scotus
101558,104496,scotus
101558,2804677,scotus
101558,2803249,scotus
101558,4746633,scotus
101558,110748,scotus
101558,106985,scotus
101558,103597,scotus
101558,137739,scotus
101558,145812,scotus
101558,8509973,scotus
101558,9507490,scotus
101558,9947295,scotus
101558,9954582,scotus
101558,9971894,scotus
101558,9986257,scotus
101558,102164,scotus
101558,107685,scotus
101558,107685,scotus
101558,112471,scotus
101558,108186,scotus
101558,108186,scotus
101558,107685,scotus
101558,108186,scotus
101558,112471,scotus
101558,9231323,scotus
101558,2803249,scotus
101558,145812,scotus
101558,145812,scotus
101558,137739,scotus
101558,110748,scotus
101558,112644,scotus
101568,102846,scotus
101568,102035,scotus
101568,105376,scotus
101568,106241,scotus
101568,103261,scotus
101568,103312,scotus
101568,103275,scotus
101568,104992,scotus
101568,101812,scotus
101568,145826,scotus
101568,103033,scotus
101568,103232,scotus
101568,101621,scotus
101568,109829,scotus
101568,102082,scotus
101568,102117,scotus
101568,101694,scotus
101568,103389,scotus
101568,108487,scotus
101568,103720,scotus
101568,104537,scotus
101568,107036,scotus
101568,103491,scotus
101568,104202,scotus
101568,102746,scotus
101568,103897,scotus
101568,106235,scotus
101568,106235,scotus
101568,106235,scotus
101568,106235,scotus
101632,102861,scotus
101632,102029,scotus
101632,102038,scotus
101632,102024,scotus
101632,101762,scotus
101632,101919,scotus
101632,102182,scotus
101632,102986,scotus
101632,101894,scotus
101632,102276,scotus
101632,102330,scotus
101632,108804,scotus
101632,109824,scotus
101632,103047,scotus
101632,102058,scotus
101632,102065,scotus
101632,110675,scotus
101632,102731,scotus
101632,111908,scotus
101632,101731,scotus
101632,102498,scotus
101632,103383,scotus
101632,111104,scotus
101632,102745,scotus
101632,104328,scotus
101632,101913,scotus
101632,112040,scotus
101632,104641,scotus
101632,112040,scotus
101632,111104,scotus
101636,101773,scotus
101636,101805,scotus
101636,101749,scotus
101636,101887,scotus
101636,101866,scotus
101636,107217,scotus
101636,101884,scotus
101636,101924,scotus
101636,101888,scotus
101636,102224,scotus
101636,102226,scotus
101636,102292,scotus
101636,102406,scotus
101636,102329,scotus
101636,102405,scotus
101636,102634,scotus
101636,102603,scotus
101636,103227,scotus
101636,102835,scotus
101636,102836,scotus
101636,102059,scotus
101636,102064,scotus
101636,104020,scotus
101636,102501,scotus
101636,102529,scotus
101636,104891,scotus
101636,112787,scotus
101636,103344,scotus
101636,102644,scotus
101636,102681,scotus
101636,102784,scotus
101636,103522,scotus
101636,112787,scotus
101643,623242,scotus
101643,4893420,scotus
101643,4898455,scotus
101643,104664,scotus
101643,101963,scotus
101643,106357,scotus
101643,106641,scotus
101643,106021,scotus
101643,106107,scotus
101643,106108,scotus
101643,106109,scotus
101643,106039,scotus
101643,105194,scotus
101643,103311,scotus
101643,105542,scotus
101643,108893,scotus
101643,101899,scotus
101643,108898,scotus
101643,108377,scotus
101643,108710,scotus
101643,107745,scotus
101643,107729,scotus
101643,110559,scotus
101643,112644,scotus
101643,102129,scotus
101643,104006,scotus
101643,103966,scotus
101643,107483,scotus
101643,109675,scotus
101643,112139,scotus
101643,107474,scotus
101643,108183,scotus
101643,111262,scotus
101643,111823,scotus
101643,110901,scotus
101643,103664,scotus
101643,109579,scotus
101643,2620702,scotus
101643,2443377,scotus
101643,110158,scotus
101643,104769,scotus
101643,112448,scotus
101643,106180,scotus
101643,118113,scotus
101643,104422,scotus
101643,107465,scotus
101643,131146,scotus
101643,104239,scotus
101643,104605,scotus
101643,104576,scotus
101643,104313,scotus
101643,145887,scotus
101643,107979,scotus
101643,107979,scotus
101643,107979,scotus
101643,623242,scotus
101643,145887,scotus
101643,2620702,scotus
101643,110158,scotus
101643,110901,scotus
101643,111823,scotus
101643,110559,scotus
101643,112139,scotus
101643,112139,scotus
101643,111262,scotus
101643,112644,scotus
101643,112448,scotus
101643,118113,scotus
101648,102858,scotus
101648,102029,scotus
101648,105369,scotus
101648,105993,scotus
101648,105304,scotus
101648,101762,scotus
101648,103287,scotus
101648,103333,scotus
101648,105628,scotus
101648,105630,scotus
101648,101924,scotus
101648,101894,scotus
101648,101901,scotus
101648,102292,scotus
101648,102405,scotus
101648,103216,scotus
101648,102839,scotus
101648,103047,scotus
101648,102467,scotus
101648,101731,scotus
101648,102498,scotus
101648,102515,scotus
101648,110435,scotus
101648,104760,scotus
101648,101913,scotus
101648,110435,scotus
101648,110435,scotus
101696,102889,scotus
101696,106483,scotus
101696,103321,scotus
101696,103020,scotus
101696,103152,scotus
101696,103093,scotus
101696,108330,scotus
101696,104105,scotus
101696,104522,scotus
101696,103675,scotus
101696,103678,scotus
101696,111139,scotus
101696,110330,scotus
101696,1977513,scotus
101696,104816,scotus
101696,104367,scotus
101696,104832,scotus
101696,111062,scotus
101696,103577,scotus
101696,103578,scotus
101696,106848,scotus
101696,104349,scotus
101696,145673,scotus
101696,102667,scotus
101696,102650,scotus
101696,103916,scotus
101696,103916,scotus
101696,103916,scotus
101696,111062,scotus
101696,111139,scotus
101723,102048,scotus
101723,104083,scotus
101723,102488,scotus
101723,104616,scotus
101723,104617,scotus
101723,103292,scotus
101723,103292,scotus
101723,103292,scotus
101723,103292,scotus
101731,102861,scotus
101731,101961,scotus
101731,102219,scotus
101731,102986,scotus
101731,101894,scotus
101731,103047,scotus
101731,102539,scotus
101731,103172,scotus
101731,101913,scotus
101731,103172,scotus
101731,104641,scotus
101733,102861,scotus
101733,101983,scotus
101733,102038,scotus
101733,102024,scotus
101733,102219,scotus
101733,102182,scotus
101733,103453,scotus
101733,102745,scotus
101733,103786,scotus
101733,101913,scotus
101741,2659301,scotus
101741,1236300,scotus
101741,111457,scotus
101741,104668,scotus
101741,111517,scotus
101741,106837,scotus
101741,105751,scotus
101741,105830,scotus
101741,106514,scotus
101741,103243,scotus
101741,106142,scotus
101741,106538,scotus
101741,105232,scotus
101741,107231,scotus
101741,105001,scotus
101741,105002,scotus
101741,106308,scotus
101741,106311,scotus
101741,105537,scotus
101741,105743,scotus
101741,105219,scotus
101741,101887,scotus
101741,102991,scotus
101741,102189,scotus
101741,103017,scotus
101741,108360,scotus
101741,112386,scotus
101741,102334,scotus
101741,108382,scotus
101741,110492,scotus
101741,108444,scotus
101741,110833,scotus
101741,110841,scotus
101741,109174,scotus
101741,103170,scotus
101741,107663,scotus
101741,103226,scotus
101741,107701,scotus
101741,107934,scotus
101741,108841,scotus
101741,112470,scotus
101741,107900,scotus
101741,108273,scotus
101741,112659,scotus
101741,108598,scotus
101741,111589,scotus
101741,110702,scotus
101741,112635,scotus
101741,102821,scotus
101741,110689,scotus
101741,108611,scotus
101741,109836,scotus
101741,112746,scotus
101741,109846,scotus
101741,112085,scotus
101741,102728,scotus
101741,112304,scotus
101741,111175,scotus
101741,111226,scotus
101741,104010,scotus
101741,107841,scotus
101741,111245,scotus
101741,110084,scotus
101741,107605,scotus
101741,110109,scotus
101741,107489,scotus
101741,118427,scotus
101741,104061,scotus
101741,108988,scotus
101741,108991,scotus
101741,111256,scotus
101741,109016,scotus
101741,111271,scotus
101741,107427,scotus
101741,104132,scotus
101741,112836,scotus
101741,2797290,scotus
101741,103434,scotus
101741,108489,scotus
101741,110917,scotus
101741,108119,scotus
101741,110984,scotus
101741,108135,scotus
101741,109085,scotus
101741,104532,scotus
101741,110221,scotus
101741,108146,scotus
101741,109089,scotus
101741,109090,scotus
101741,109505,scotus
101741,111441,scotus
101741,109091,scotus
101741,109092,scotus
101741,104509,scotus
101741,111418,scotus
101741,109079,scotus
101741,110440,scotus
101741,110397,scotus
101741,110339,scotus
101741,6461471,scotus
101741,2812210,scotus
101741,2809762,scotus
101741,4507882,scotus
101741,4503818,scotus
101741,4503819,scotus
101741,4752098,scotus
101741,4503544,scotus
101741,108149,scotus
101741,107359,scotus
101741,106967,scotus
101741,109391,scotus
101741,108047,scotus
101741,110309,scotus
101741,106761,scotus
101741,104790,scotus
101741,103564,scotus
101741,1741,scotus
101741,104914,scotus
101741,107291,scotus
101741,103632,scotus
101741,107869,scotus
101741,104402,scotus
101741,104043,scotus
101741,107871,scotus
101741,103347,scotus
101741,103348,scotus
101741,108266,scotus
101741,108270,scotus
101741,107163,scotus
101741,117960,scotus
101741,107167,scotus
101741,103867,scotus
101741,106610,scotus
101741,103763,scotus
101741,104623,scotus
101741,104588,scotus
101741,145926,scotus
101741,107343,scotus
101741,107965,scotus
101741,103736,scotus
101741,103870,scotus
101741,105014,scotus
101741,107343,scotus
101741,107965,scotus
101741,103736,scotus
101741,103870,scotus
101741,105014,scotus
101741,9231325,scotus
101741,145926,scotus
101741,2812210,scotus
101741,1741,scotus
101741,118427,scotus
101741,9029763,scotus
101741,110397,scotus
101741,110339,scotus
101741,110221,scotus
101741,110833,scotus
101741,110841,scotus
101741,110309,scotus
101741,111175,scotus
101741,111245,scotus
101741,110984,scotus
101741,110984,scotus
101741,111418,scotus
101741,110689,scotus
101741,111256,scotus
101741,111589,scotus
101741,111226,scotus
101741,110917,scotus
101741,112304,scotus
101741,111271,scotus
101741,110440,scotus
101741,111517,scotus
101741,112085,scotus
101741,110492,scotus
101741,112659,scotus
101741,111441,scotus
101741,111441,scotus
101741,111457,scotus
101741,110702,scotus
101741,112635,scotus
101741,112386,scotus
101741,112386,scotus
101741,112836,scotus
101758,101967,scotus
101758,106701,scotus
101758,106073,scotus
101758,110520,scotus
101758,103236,scotus
101758,103084,scotus
101758,112634,scotus
101758,103096,scotus
101758,110706,scotus
101758,110715,scotus
101758,103399,scotus
101758,118288,scotus
101758,2788685,scotus
101758,2959751,scotus
101758,3217332,scotus
101758,3217528,scotus
101758,3217529,scotus
101758,104275,scotus
101758,2764117,scotus
101758,2764117,scotus
101758,2959751,scotus
101758,3217332,scotus
101758,110520,scotus
101758,110715,scotus
101758,110706,scotus
101758,112634,scotus
101762,102861,scotus
101762,101872,scotus
101762,102219,scotus
101762,102986,scotus
101762,101894,scotus
101762,102275,scotus
101762,102968,scotus
101762,102330,scotus
101762,102405,scotus
101762,103205,scotus
101762,109244,scotus
101762,107744,scotus
101762,102783,scotus
101762,109824,scotus
101762,103047,scotus
101762,102065,scotus
101762,102731,scotus
101762,102734,scotus
101762,103982,scotus
101762,111104,scotus
101762,1975541,scotus
101762,109426,scotus
101762,101946,scotus
101762,102676,scotus
101762,103172,scotus
101762,101913,scotus
101762,103172,scotus
101762,112040,scotus
101762,112040,scotus
101762,111104,scotus
101765,106658,scotus
101765,106819,scotus
101765,102334,scotus
101765,107725,scotus
101765,108285,scotus
101765,108165,scotus
101765,108980,scotus
101765,107344,scotus
101765,109077,scotus
101765,110548,scotus
101765,104884,scotus
101765,106995,scotus
101765,106170,scotus
101765,104162,scotus
101765,103875,scotus
101765,103877,scotus
101765,103912,scotus
101765,104285,scotus
101765,104285,scotus
101765,104285,scotus
101765,110548,scotus
101766,109077,scotus
101766,106170,scotus
101766,104285,scotus
101766,104285,scotus
101766,104285,scotus
101773,1236300,scotus
101773,111467,scotus
101773,111464,scotus
101773,104649,scotus
101773,111490,scotus
101773,102879,scotus
101773,105751,scotus
101773,106221,scotus
101773,105901,scotus
101773,106223,scotus
101773,106514,scotus
101773,105091,scotus
101773,106530,scotus
101773,105131,scotus
101773,105183,scotus
101773,105117,scotus
101773,106142,scotus
101773,105937,scotus
101773,105498,scotus
101773,105001,scotus
101773,105547,scotus
101773,105544,scotus
101773,101887,scotus
101773,105030,scotus
101773,106878,scotus
101773,106287,scotus
101773,102224,scotus
101773,102991,scotus
101773,108921,scotus
101773,102189,scotus
101773,103017,scotus
101773,102334,scotus
101773,108384,scotus
101773,112417,scotus
101773,109175,scotus
101773,102601,scotus
101773,112447,scotus
101773,2452958,scotus
101773,109187,scotus
101773,109214,scotus
101773,109216,scotus
101773,103226,scotus
101773,108839,scotus
101773,107898,scotus
101773,112664,scotus
101773,110554,scotus
101773,108600,scotus
101773,102807,scotus
101773,102821,scotus
101773,145777,scotus
101773,108611,scotus
101773,102092,scotus
101773,108329,scotus
101773,109836,scotus
101773,109837,scotus
101773,108334,scotus
101773,112307,scotus
101773,117829,scotus
101773,102728,scotus
101773,112315,scotus
101773,110059,scotus
101773,103956,scotus
101773,103976,scotus
101773,109921,scotus
101773,107484,scotus
101773,107489,scotus
101773,103355,scotus
101773,104061,scotus
101773,110869,scotus
101773,110140,scotus
101773,110894,scotus
101773,112195,scotus
101773,103645,scotus
101773,104518,scotus
101773,110173,scotus
101773,104532,scotus
101773,109525,scotus
101773,109505,scotus
101773,110224,scotus
101773,109091,scotus
101773,109079,scotus
101773,110339,scotus
101773,6454239,scotus
101773,4591646,scotus
101773,106446,scotus
101773,109388,scotus
101773,106162,scotus
101773,104894,scotus
101773,108047,scotus
101773,106987,scotus
101773,105746,scotus
101773,104843,scotus
101773,106761,scotus
101773,104790,scotus
101773,103459,scotus
101773,103563,scotus
101773,109406,scotus
101773,107783,scotus
101773,1741,scotus
101773,104914,scotus
101773,105972,scotus
101773,112902,scotus
101773,103632,scotus
101773,111755,scotus
101773,112348,scotus
101773,103347,scotus
101773,104842,scotus
101773,108848,scotus
101773,108853,scotus
101773,108270,scotus
101773,104216,scotus
101773,117898,scotus
101773,103832,scotus
101773,104304,scotus
101773,106559,scotus
101773,104623,scotus
101773,149702,scotus
101773,102681,scotus
101773,106441,scotus
101773,803268,scotus
101773,103831,scotus
101773,105014,scotus
101773,105014,scotus
101773,103831,scotus
101773,105014,scotus
101773,105014,scotus
101773,9231185,scotus
101773,145777,scotus
101773,149702,scotus
101773,149702,scotus
101773,9192665,scotus
101773,9192666,scotus
101773,1741,scotus
101773,1741,scotus
101773,803268,scotus
101773,9051087,scotus
101773,9156675,scotus
101773,9156676,scotus
101773,110173,scotus
101773,110339,scotus
101773,110554,scotus
101773,110224,scotus
101773,110554,scotus
101773,110894,scotus
101773,111490,scotus
101773,112195,scotus
101773,112195,scotus
101773,112307,scotus
101773,112348,scotus
101773,111464,scotus
101773,111467,scotus
101773,112315,scotus
101773,111755,scotus
101773,111755,scotus
101773,112417,scotus
101773,112664,scotus
101773,112447,scotus
101773,111467,scotus
101773,117898,scotus
101773,112348,scotus
101773,112902,scotus
101773,112902,scotus
101780,102978,scotus
101780,108599,scotus
101780,103083,scotus
101780,104084,scotus
101780,102488,scotus
101780,107195,scotus
101780,103777,scotus
101780,104616,scotus
101780,103292,scotus
101780,103292,scotus
101780,103292,scotus
101842,106510,scotus
101842,106089,scotus
101842,105824,scotus
101842,104979,scotus
101842,105688,scotus
101842,101864,scotus
101842,108722,scotus
101842,108783,scotus
101842,102622,scotus
101842,102778,scotus
101842,103107,scotus
101842,107628,scotus
101842,104109,scotus
101842,108649,scotus
101842,107255,scotus
101842,109472,scotus
101842,107171,scotus
101842,104254,scotus
101842,118229,scotus
101842,103914,scotus
101842,103198,scotus
101842,103351,scotus
101887,1993216,scotus
101887,104652,scotus
101887,107082,scotus
101887,110757,scotus
101887,102224,scotus
101887,108551,scotus
101887,112478,scotus
101887,102837,scotus
101887,109823,scotus
101887,110638,scotus
101887,110733,scotus
101887,110676,scotus
101887,108329,scotus
101887,112646,scotus
101887,110718,scotus
101887,102713,scotus
101887,118384,scotus
101887,136995,scotus
101887,118426,scotus
101887,110881,scotus
101887,108538,scotus
101887,104467,scotus
101887,110383,scotus
101887,109592,scotus
101887,110338,scotus
101887,799995,scotus
101887,2959749,scotus
101887,2812589,scotus
101887,3216495,scotus
101887,4511150,scotus
101887,3181500,scotus
101887,4632952,scotus
101887,104747,scotus
101887,107014,scotus
101887,118056,scotus
101887,104917,scotus
101887,110308,scotus
101887,106856,scotus
101887,111067,scotus
101887,104171,scotus
101887,118100,scotus
101887,108751,scotus
101887,117855,scotus
101887,118144,scotus
101887,106609,scotus
101887,104548,scotus
101887,117905,scotus
101887,117927,scotus
101887,149702,scotus
101887,219511,scotus
101887,219616,scotus
101887,145921,scotus
101887,1087607,scotus
101887,6473471,scotus
101887,6620345,scotus
101887,6623244,scotus
101887,6623243,scotus
101887,9398334,scotus
101887,9400078,scotus
101887,10049695,scotus
101887,111308,scotus
101887,111308,scotus
101887,111308,scotus
101887,107685,scotus
101887,103522,scotus
101887,107685,scotus
101887,3181500,scotus
101887,3216495,scotus
101887,7345718,scotus
101887,149702,scotus
101887,149702,scotus
101887,145921,scotus
101887,136995,scotus
101887,118426,scotus
101887,219616,scotus
101887,118384,scotus
101887,118384,scotus
101887,799995,scotus
101887,1993216,scotus
101887,110338,scotus
101887,9286420,scotus
101887,110638,scotus
101887,110718,scotus
101887,110733,scotus
101887,110383,scotus
101887,110308,scotus
101887,110881,scotus
101887,110757,scotus
101887,110676,scotus
101887,112646,scotus
101887,118100,scotus
101887,117905,scotus
101887,117905,scotus
101887,118144,scotus
101887,118056,scotus
101894,102861,scotus
101894,104697,scotus
101894,102038,scotus
101894,101961,scotus
101894,102219,scotus
101894,102986,scotus
101894,102956,scotus
101894,102983,scotus
101894,112431,scotus
101894,102605,scotus
101894,107744,scotus
101894,103047,scotus
101894,102058,scotus
101894,112669,scotus
101894,112643,scotus
101894,109259,scotus
101894,145777,scotus
101894,112646,scotus
101894,117837,scotus
101894,109680,scotus
101894,104009,scotus
101894,112330,scotus
101894,111935,scotus
101894,102539,scotus
101894,2795703,scotus
101894,109023,scotus
101894,108187,scotus
101894,108527,scotus
101894,2797292,scotus
101894,104522,scotus
101894,111441,scotus
101894,112044,scotus
101894,110446,scotus
101894,118323,scotus
101894,110332,scotus
101894,2620699,scotus
101894,4630267,scotus
101894,2540705,scotus
101894,4746633,scotus
101894,4509418,scotus
101894,4631843,scotus
101894,4630088,scotus
101894,112786,scotus
101894,106447,scotus
101894,111552,scotus
101894,111674,scotus
101894,106170,scotus
101894,111560,scotus
101894,105662,scotus
101894,112915,scotus
101894,112932,scotus
101894,121164,scotus
101894,104222,scotus
101894,118242,scotus
101894,112249,scotus
101894,103795,scotus
101894,117874,scotus
101894,102644,scotus
101894,102681,scotus
101894,145882,scotus
101894,145887,scotus
101894,145838,scotus
101894,4630268,scotus
101894,4641200,scotus
101894,9404970,scotus
101894,10049679,scotus
101894,118011,scotus
101894,118133,scotus
101894,118149,scotus
101894,118230,scotus
101894,103172,scotus
101894,103172,scotus
101894,118133,scotus
101894,118133,scotus
101894,118230,scotus
101894,109895,scotus
101894,103172,scotus
101894,111948,scotus
101894,103639,scotus
101894,103869,scotus
101894,108154,scotus
101894,108186,scotus
101894,103962,scotus
101894,117931,scotus
101894,108990,scotus
101894,104641,scotus
101894,109580,scotus
101894,109881,scotus
101894,109881,scotus
101894,109881,scotus
101894,108154,scotus
101894,108186,scotus
101894,108990,scotus
101894,109252,scotus
101894,109580,scotus
101894,109881,scotus
101894,109895,scotus
101894,103869,scotus
101894,117931,scotus
101894,118011,scotus
101911,105903,scotus
101911,106366,scotus
101911,105121,scotus
101911,108859,scotus
101911,103017,scotus
101911,102431,scotus
101911,108375,scotus
101911,112610,scotus
101911,109815,scotus
101911,109861,scotus
101911,109683,scotus
101911,104135,scotus
101911,108470,scotus
101911,110965,scotus
101911,108221,scotus
101911,109125,scotus
101911,109131,scotus
101911,2672208,scotus
101911,2670794,scotus
101911,4630087,scotus
101911,106850,scotus
101911,106856,scotus
101911,106170,scotus
101911,104162,scotus
101911,103531,scotus
101911,107467,scotus
101911,103921,scotus
101911,118040,scotus
101911,106547,scotus
101911,118012,scotus
101911,104623,scotus
101911,104311,scotus
101911,103962,scotus
101911,110965,scotus
101911,112610,scotus
101911,118040,scotus
101915,101967,scotus
101915,102263,scotus
101915,102412,scotus
101915,102404,scotus
101915,103173,scotus
101915,102088,scotus
101915,110034,scotus
101915,102712,scotus
101915,102513,scotus
101915,110879,scotus
101915,104443,scotus
101915,110370,scotus
101915,110332,scotus
101915,3195551,scotus
101915,106986,scotus
101915,103543,scotus
101915,104916,scotus
101915,104401,scotus
101915,104391,scotus
101915,127914,scotus
101915,103900,scotus
101915,1087848,scotus
101935,101975,scotus
101935,101991,scotus
101935,2382407,scotus
101935,106392,scotus
101935,105890,scotus
101935,104959,scotus
101935,106268,scotus
101935,103338,scotus
101935,103298,scotus
101935,102167,scotus
101935,102963,scotus
101935,102409,scotus
101935,102435,scotus
101935,102387,scotus
101935,102586,scotus
101935,103186,scotus
101935,102835,scotus
101935,102804,scotus
101935,102059,scotus
101935,102064,scotus
101935,102072,scotus
101935,102833,scotus
101935,103113,scotus
101935,102090,scotus
101935,109335,scotus
101935,107797,scotus
101935,104020,scotus
101935,102457,scotus
101935,102460,scotus
101935,109929,scotus
101935,111958,scotus
101935,110380,scotus
101935,110439,scotus
101935,109647,scotus
101935,109771,scotus
101935,102145,scotus
101935,104792,scotus
101935,103569,scotus
101935,103342,scotus
101935,104156,scotus
101935,104842,scotus
101935,104418,scotus
101935,104305,scotus
101935,104624,scotus
101935,102784,scotus
101935,106576,scotus
101935,117931,scotus
101935,110380,scotus
101935,110439,scotus
101935,110439,scotus
101935,111958,scotus
101935,112669,scotus
101937,1991588,scotus
101937,105107,scotus
101937,105492,scotus
101937,105034,scotus
101937,106286,scotus
101937,102184,scotus
101937,102581,scotus
101937,107902,scotus
101937,102816,scotus
101937,112347,scotus
101937,104867,scotus
101937,111055,scotus
101937,104252,scotus
101937,106235,scotus
101937,106235,scotus
101937,106235,scotus
101937,1991588,scotus
101973,102269,scotus
101973,102622,scotus
101973,102776,scotus
101973,102099,scotus
101973,103894,scotus
101973,102664,scotus
101973,103198,scotus
102041,111513,scotus
102041,105408,scotus
102041,106243,scotus
102041,102335,scotus
102041,103152,scotus
102041,112425,scotus
102041,102628,scotus
102041,109833,scotus
102041,1116266,scotus
102041,103352,scotus
102041,109931,scotus
102041,104138,scotus
102041,103367,scotus
102041,107418,scotus
102041,109732,scotus
102041,1158994,scotus
102041,104463,scotus
102041,104522,scotus
102041,109542,scotus
102041,106959,scotus
102041,104757,scotus
102041,106178,scotus
102041,103570,scotus
102041,103476,scotus
102041,104055,scotus
102041,104173,scotus
102041,110053,scotus
102041,104178,scotus
102041,118139,scotus
102041,102662,scotus
102041,111218,scotus
102041,111218,scotus
102041,109716,scotus
102041,109716,scotus
102041,110984,scotus
102041,111513,scotus
102041,112425,scotus
102041,118139,scotus
102049,105825,scotus
102049,102478,scotus
102049,102479,scotus
102049,103733,scotus
102049,103468,scotus
102049,103761,scotus
102091,102884,scotus
102091,102885,scotus
102091,103286,scotus
102091,102259,scotus
102091,102198,scotus
102091,102266,scotus
102091,102960,scotus
102091,102270,scotus
102091,102280,scotus
102091,102369,scotus
102091,102370,scotus
102091,103197,scotus
102091,102590,scotus
102091,107672,scotus
102091,102835,scotus
102091,103051,scotus
102091,102823,scotus
102091,102481,scotus
102091,118502,scotus
102091,112842,scotus
102091,109061,scotus
102091,107751,scotus
102091,103633,scotus
102091,102664,scotus
102091,102644,scotus
102091,103915,scotus
102091,103915,scotus
102091,103915,scotus
102091,112842,scotus
102164,105789,scotus
102164,105079,scotus
102164,105920,scotus
102164,105072,scotus
102164,105021,scotus
102164,102181,scotus
102164,102197,scotus
102164,102202,scotus
102164,102358,scotus
102164,103165,scotus
102164,108843,scotus
102164,102705,scotus
102164,118380,scotus
102164,103974,scotus
102164,103979,scotus
102164,111285,scotus
102164,110226,scotus
102164,104856,scotus
102164,106048,scotus
102164,118191,scotus
102164,118237,scotus
102164,118042,scotus
102164,104603,scotus
102164,103846,scotus
102164,104309,scotus
102164,6480696,scotus
102164,7686272,scotus
102164,110212,scotus
102164,110212,scotus
102164,118380,scotus
102164,110226,scotus
102164,118042,scotus
102164,118191,scotus
102167,149008,scotus
102167,1087952,scotus
102167,102901,scotus
102167,106366,scotus
102167,106534,scotus
102167,105006,scotus
102167,105217,scotus
102167,105018,scotus
102167,102224,scotus
102167,102958,scotus
102167,102282,scotus
102167,102982,scotus
102167,102294,scotus
102167,110783,scotus
102167,102432,scotus
102167,110827,scotus
102167,102594,scotus
102167,103211,scotus
102167,112560,scotus
102167,103181,scotus
102167,108819,scotus
102167,102760,scotus
102167,108636,scotus
102167,102789,scotus
102167,112703,scotus
102167,103053,scotus
102167,110643,scotus
102167,103094,scotus
102167,103113,scotus
102167,110600,scotus
102167,137001,scotus
102167,103952,scotus
102167,117841,scotus
102167,107814,scotus
102167,111216,scotus
102167,104040,scotus
102167,102474,scotus
102167,109929,scotus
102167,107439,scotus
102167,103380,scotus
102167,110957,scotus
102167,111839,scotus
102167,103705,scotus
102167,109528,scotus
102167,109647,scotus
102167,2513954,scotus
102167,4505999,scotus
102167,107554,scotus
102167,110548,scotus
102167,112777,scotus
102167,104894,scotus
102167,106966,scotus
102167,105659,scotus
102167,112883,scotus
102167,118062,scotus
102167,109414,scotus
102167,103342,scotus
102167,103534,scotus
102167,103521,scotus
102167,107182,scotus
102167,102844,scotus
102167,104191,scotus
102167,104589,scotus
102167,103924,scotus
102167,103875,scotus
102167,145856,scotus
102167,103736,scotus
102167,104610,scotus
102167,103736,scotus
102167,145856,scotus
102167,149008,scotus
102167,137001,scotus
102167,110600,scotus
102167,110643,scotus
102167,110827,scotus
102167,110548,scotus
102167,110783,scotus
102167,111839,scotus
102167,112883,scotus
102167,112777,scotus
102181,105789,scotus
102181,105079,scotus
102181,105186,scotus
102181,102358,scotus
102181,110226,scotus
102181,104845,scotus
102181,118042,scotus
102181,104603,scotus
102181,110212,scotus
102181,110212,scotus
102181,110226,scotus
102181,118042,scotus
102204,106243,scotus
102204,105881,scotus
102204,103321,scotus
102204,105003,scotus
102204,103152,scotus
102204,103187,scotus
102204,107938,scotus
102204,102804,scotus
102204,108298,scotus
102204,103966,scotus
102204,102474,scotus
102204,104098,scotus
102204,103367,scotus
102204,104115,scotus
102204,109118,scotus
102204,105455,scotus
102204,104864,scotus
102204,103600,scotus
102204,103473,scotus
102204,104827,scotus
102204,104915,scotus
102204,104172,scotus
102204,104205,scotus
102204,104554,scotus
102204,104571,scotus
102204,103442,scotus
102224,104649,scotus
102224,104652,scotus
102224,106723,scotus
102224,105285,scotus
102224,105497,scotus
102224,103310,scotus
102224,103272,scotus
102224,107082,scotus
102224,104970,scotus
102224,105001,scotus
102224,106308,scotus
102224,104973,scotus
102224,106282,scotus
102224,106267,scotus
102224,106879,scotus
102224,107217,scotus
102224,106884,scotus
102224,102322,scotus
102224,102329,scotus
102224,102402,scotus
102224,102594,scotus
102224,102602,scotus
102224,102603,scotus
102224,103195,scotus
102224,103227,scotus
102224,107672,scotus
102224,102835,scotus
102224,102797,scotus
102224,102800,scotus
102224,1116266,scotus
102224,111200,scotus
102224,103950,scotus
102224,103952,scotus
102224,107797,scotus
102224,104020,scotus
102224,109670,scotus
102224,102460,scotus
102224,103362,scotus
102224,102501,scotus
102224,109930,scotus
102224,112009,scotus
102224,109125,scotus
102224,2804671,scotus
102224,106950,scotus
102224,104917,scotus
102224,110292,scotus
102224,110312,scotus
102224,104835,scotus
102224,103633,scotus
102224,103347,scotus
102224,102945,scotus
102224,109952,scotus
102224,104178,scotus
102224,117855,scotus
102224,104623,scotus
102224,102681,scotus
102224,102662,scotus
102224,106423,scotus
102224,9506542,scotus
102224,9502726,scotus
102224,102784,scotus
102224,103351,scotus
102224,103522,scotus
102224,103915,scotus
102224,104610,scotus
102224,109450,scotus
102224,108889,scotus
102224,109450,scotus
102224,103915,scotus
102224,110292,scotus
102224,110312,scotus
102224,112009,scotus
102270,102877,scotus
102270,102884,scotus
102270,102885,scotus
102270,102960,scotus
102270,103026,scotus
102270,102369,scotus
102270,103197,scotus
102270,102835,scotus
102270,103051,scotus
102270,102823,scotus
102270,102719,scotus
102270,103959,scotus
102270,102481,scotus
102270,104116,scotus
102270,108198,scotus
102270,104445,scotus
102270,103633,scotus
102270,104161,scotus
102270,102644,scotus
102270,1087606,scotus
102270,103915,scotus
102270,103915,scotus
102270,103915,scotus
102271,214949,scotus
102271,111503,scotus
102271,104697,scotus
102271,104700,scotus
102271,106821,scotus
102271,108763,scotus
102271,103165,scotus
102271,112444,scotus
102271,103229,scotus
102271,112641,scotus
102271,109259,scotus
102271,112291,scotus
102271,110034,scotus
102271,103973,scotus
102271,107320,scotus
102271,118511,scotus
102271,111094,scotus
102271,111949,scotus
102271,118272,scotus
102271,118318,scotus
102271,4618956,scotus
102271,4895709,scotus
102271,110753,scotus
102271,109763,scotus
102271,106447,scotus
102271,118134,scotus
102271,118148,scotus
102271,118194,scotus
102271,103805,scotus
102271,145665,scotus
102271,145688,scotus
102271,215071,scotus
102271,6619822,scotus
102271,118011,scotus
102271,118317,scotus
102271,118317,scotus
102271,118317,scotus
102271,111308,scotus
102271,111308,scotus
102271,108990,scotus
102271,108990,scotus
102271,108990,scotus
102271,118011,scotus
102271,118011,scotus
102271,118011,scotus
102271,7343954,scotus
102271,215071,scotus
102271,145688,scotus
102271,118511,scotus
102271,110753,scotus
102271,111094,scotus
102271,111094,scotus
102271,111503,scotus
102271,112291,scotus
102271,112641,scotus
102271,111949,scotus
102271,111949,scotus
102271,118318,scotus
102271,118318,scotus
102271,118272,scotus
102271,112291,scotus
102271,118134,scotus
102271,118194,scotus
102271,118148,scotus
102280,103051,scotus
102280,102719,scotus
102280,104445,scotus
102280,103633,scotus
102280,102644,scotus
102280,103915,scotus
102280,103915,scotus
102280,103915,scotus
102317,145795,scotus
102317,1087822,scotus
102317,105826,scotus
102317,106050,scotus
102317,106507,scotus
102317,104978,scotus
102317,108772,scotus
102317,112262,scotus
102317,107631,scotus
102317,137000,scotus
102317,110143,scotus
102317,108193,scotus
102317,103707,scotus
102317,112044,scotus
102317,104779,scotus
102317,104342,scotus
102317,104345,scotus
102317,103486,scotus
102317,103532,scotus
102317,104196,scotus
102317,106548,scotus
102317,117942,scotus
102317,102672,scotus
102317,108730,scotus
102317,107679,scotus
102317,108730,scotus
102317,137000,scotus
102317,9075444,scotus
102317,9075445,scotus
102322,104652,scotus
102322,102952,scotus
102322,102402,scotus
102322,102603,scotus
102322,103227,scotus
102322,107672,scotus
102322,102797,scotus
102322,102800,scotus
102322,102501,scotus
102322,105546,scotus
102322,102681,scotus
102322,103522,scotus
102330,102861,scotus
102330,102968,scotus
102330,102593,scotus
102330,102783,scotus
102330,109824,scotus
102330,103047,scotus
102330,103049,scotus
102330,102498,scotus
102330,104222,scotus
102330,111308,scotus
102330,111308,scotus
102330,112040,scotus
102330,112040,scotus
102334,4892570,scotus
102334,1087789,scotus
102334,4898458,scotus
102334,4900457,scotus
102334,1087888,scotus
102334,4958317,scotus
102334,102874,scotus
102334,102879,scotus
102334,106658,scotus
102334,106251,scotus
102334,105044,scotus
102334,110770,scotus
102334,103171,scotus
102334,103226,scotus
102334,107725,scotus
102334,108285,scotus
102334,103132,scotus
102334,111688,scotus
102334,107841,scotus
102334,108165,scotus
102334,103373,scotus
102334,110874,scotus
102334,102529,scotus
102334,104455,scotus
102334,103705,scotus
102334,104520,scotus
102334,108135,scotus
102334,109755,scotus
102334,104790,scotus
102334,104162,scotus
102334,103912,scotus
102334,145707,scotus
102334,103870,scotus
102334,104285,scotus
102334,103870,scotus
102334,103870,scotus
102334,104285,scotus
102334,110770,scotus
102334,110874,scotus
102334,111688,scotus
102334,111688,scotus
102402,1087907,scotus
102402,1087961,scotus
102402,104652,scotus
102402,106661,scotus
102402,106846,scotus
102402,106723,scotus
102402,103287,scotus
102402,107217,scotus
102402,102963,scotus
102402,102972,scotus
102402,103037,scotus
102402,103161,scotus
102402,103227,scotus
102402,108838,scotus
102402,102797,scotus
102402,102800,scotus
102402,112740,scotus
102402,112741,scotus
102402,112681,scotus
102402,102833,scotus
102402,110733,scotus
102402,112534,scotus
102402,112081,scotus
102402,109896,scotus
102402,109900,scotus
102402,111715,scotus
102402,109703,scotus
102402,111244,scotus
102402,109911,scotus
102402,109916,scotus
102402,103362,scotus
102402,103378,scotus
102402,104119,scotus
102402,109498,scotus
102402,108085,scotus
102402,110439,scotus
102402,109578,scotus
102402,118286,scotus
102402,799982,scotus
102402,104847,scotus
102402,104917,scotus
102402,110290,scotus
102402,104904,scotus
102402,109384,scotus
102402,111683,scotus
102402,104171,scotus
102402,118111,scotus
102402,104388,scotus
102402,131148,scotus
102402,117855,scotus
102402,127885,scotus
102402,103786,scotus
102402,127921,scotus
102402,104308,scotus
102402,106597,scotus
102402,104253,scotus
102402,106601,scotus
102402,142893,scotus
102402,102662,scotus
102402,1087607,scotus
102402,145739,scotus
102402,145809,scotus
102402,9398334,scotus
102402,9400078,scotus
102402,9409606,scotus
102402,9410341,scotus
102402,10049695,scotus
102402,10049661,scotus
102402,103522,scotus
102402,103557,scotus
102402,112301,scotus
102402,103557,scotus
102402,112301,scotus
102402,112301,scotus
102402,145809,scotus
102402,131148,scotus
102402,142893,scotus
102402,145739,scotus
102402,127921,scotus
102402,799982,scotus
102402,110733,scotus
102402,111244,scotus
102402,111715,scotus
102402,111683,scotus
102402,111683,scotus
102402,110439,scotus
102402,112681,scotus
102402,112534,scotus
102402,118111,scotus
102402,118286,scotus
102402,1087961,scotus
102404,111491,scotus
102404,106024,scotus
102404,103173,scotus
102404,110034,scotus
102404,104087,scotus
102404,102513,scotus
102404,104443,scotus
102404,103733,scotus
102404,110370,scotus
102404,110332,scotus
102404,3195551,scotus
102404,107049,scotus
102404,106986,scotus
102404,105248,scotus
102404,103559,scotus
102404,104361,scotus
102404,104916,scotus
102404,104401,scotus
102404,103344,scotus
102404,104391,scotus
102404,104602,scotus
102404,127914,scotus
102404,103787,scotus
102404,103789,scotus
102404,103900,scotus
102404,9409606,scotus
102404,9410341,scotus
102404,10049661,scotus
102404,2764117,scotus
102404,2764117,scotus
102404,103736,scotus
102404,105319,scotus
102404,103736,scotus
102404,103736,scotus
102404,105319,scotus
102404,105319,scotus
102404,110332,scotus
102404,110332,scotus
102404,110370,scotus
102404,110370,scotus
102404,110370,scotus
102404,111491,scotus
102412,102820,scotus
102412,109721,scotus
102412,102513,scotus
102412,104443,scotus
102412,3195551,scotus
102412,103559,scotus
102412,104361,scotus
102412,112456,scotus
102412,104916,scotus
102412,104393,scotus
102412,103900,scotus
102412,2764117,scotus
102412,2764117,scotus
102412,103736,scotus
102412,104380,scotus
102412,105319,scotus
102412,103736,scotus
102412,104380,scotus
102412,105319,scotus
102412,105319,scotus
102431,110679,scotus
102431,118340,scotus
102431,118012,scotus
102431,103962,scotus
102431,110679,scotus
102436,213505,scotus
102436,111514,scotus
102436,105074,scotus
102436,106219,scotus
102436,105517,scotus
102436,108846,scotus
102436,112730,scotus
102436,109292,scotus
102436,109309,scotus
102436,111893,scotus
102436,136997,scotus
102436,110090,scotus
102436,103976,scotus
102436,111717,scotus
102436,107486,scotus
102436,103352,scotus
102436,111837,scotus
102436,112156,scotus
102436,110140,scotus
102436,109024,scotus
102436,131165,scotus
102436,104486,scotus
102436,109506,scotus
102436,109101,scotus
102436,118307,scotus
102436,799973,scotus
102436,1991670,scotus
102436,4403802,scotus
102436,4792659,scotus
102436,110251,scotus
102436,112764,scotus
102436,107359,scotus
102436,111353,scotus
102436,106163,scotus
102436,106985,scotus
102436,111552,scotus
102436,105978,scotus
102436,103582,scotus
102436,104321,scotus
102436,103783,scotus
102436,117923,scotus
102436,145883,scotus
102436,106405,scotus
102436,106407,scotus
102436,8509977,scotus
102436,9987186,scotus
102436,9987642,scotus
102436,111404,scotus
102436,7343085,scotus
102436,213505,scotus
102436,145883,scotus
102436,136997,scotus
102436,131165,scotus
102436,799973,scotus
102436,111353,scotus
102436,111353,scotus
102436,111717,scotus
102436,111552,scotus
102436,111837,scotus
102436,111514,scotus
102436,112156,scotus
102436,112764,scotus
102436,118307,scotus
102452,106307,scotus
102452,103333,scotus
102452,103165,scotus
102452,102767,scotus
102452,103047,scotus
102452,103115,scotus
102452,111209,scotus
102452,104094,scotus
102452,103553,scotus
102452,103549,scotus
102452,103761,scotus
102457,103298,scotus
102457,104989,scotus
102457,103003,scotus
102457,102956,scotus
102457,103186,scotus
102457,102839,scotus
102457,102777,scotus
102457,103139,scotus
102457,102720,scotus
102457,111941,scotus
102457,111942,scotus
102457,108501,scotus
102457,102529,scotus
102457,104482,scotus
102457,112450,scotus
102457,104797,scotus
102457,104624,scotus
102457,102666,scotus
102457,103351,scotus
102457,111941,scotus
102457,111942,scotus
102457,111942,scotus
102457,111942,scotus
102457,112450,scotus
102457,112450,scotus
102466,105381,scotus
102466,106013,scotus
102466,2540705,scotus
102466,118467,scotus
102466,103869,scotus
102466,104641,scotus
102466,103869,scotus
102466,103869,scotus
102479,105837,scotus
102479,103303,scotus
102479,108646,scotus
102479,104278,scotus
102479,103761,scotus
102485,104674,scotus
102485,102861,scotus
102485,102862,scotus
102485,108897,scotus
102485,102605,scotus
102485,110744,scotus
102485,109856,scotus
102485,111742,scotus
102485,110895,scotus
102485,104454,scotus
102485,111958,scotus
102485,111147,scotus
102485,111988,scotus
102485,107555,scotus
102485,118128,scotus
102485,109580,scotus
102485,109580,scotus
102485,109580,scotus
102485,110744,scotus
102485,110895,scotus
102485,111742,scotus
102485,111988,scotus
102485,111988,scotus
102485,111958,scotus
102485,118128,scotus
102488,107902,scotus
102488,104083,scotus
102488,103777,scotus
102488,104616,scotus
102488,104617,scotus
102488,103795,scotus
102488,103292,scotus
102488,103962,scotus
102488,103292,scotus
102488,103292,scotus
102489,107902,scotus
102489,103083,scotus
102489,103777,scotus
102489,104616,scotus
102489,104617,scotus
102489,103292,scotus
102489,103962,scotus
102489,103292,scotus
102529,105832,scotus
102529,106879,scotus
102529,103003,scotus
102529,102615,scotus
102529,103226,scotus
102529,103094,scotus
102529,102713,scotus
102529,102723,scotus
102529,104009,scotus
102529,108501,scotus
102529,104455,scotus
102529,118286,scotus
102529,105546,scotus
102529,103290,scotus
102529,103290,scotus
102529,103557,scotus
102529,103962,scotus
102529,103290,scotus
102529,103557,scotus
102529,103557,scotus
102529,118286,scotus
102539,103172,scotus
102539,103172,scotus
102539,104641,scotus
102580,931615,scotus
102580,102864,scotus
102580,105090,scotus
102580,105310,scotus
102580,105152,scotus
102580,105730,scotus
102580,106288,scotus
102580,103003,scotus
102580,110765,scotus
102580,108014,scotus
102580,107901,scotus
102580,103191,scotus
102580,107731,scotus
102580,102839,scotus
102580,108605,scotus
102580,102824,scotus
102580,102826,scotus
102580,109259,scotus
102580,110029,scotus
102580,104030,scotus
102580,118395,scotus
102580,111939,scotus
102580,103387,scotus
102580,118290,scotus
102580,109641,scotus
102580,110338,scotus
102580,2959740,scotus
102580,1975541,scotus
102580,809122,scotus
102580,3205023,scotus
102580,112768,scotus
102580,104894,scotus
102580,104812,scotus
102580,109380,scotus
102580,103560,scotus
102580,104048,scotus
102580,104142,scotus
102580,102843,scotus
102580,102844,scotus
102580,103853,scotus
102580,117855,scotus
102580,117967,scotus
102580,104634,scotus
102580,102676,scotus
102580,102662,scotus
102580,146552,scotus
102580,803267,scotus
102580,106423,scotus
102580,9404968,scotus
102580,10049677,scotus
102580,109499,scotus
102580,103870,scotus
102580,109499,scotus
102580,103870,scotus
102580,809122,scotus
102580,809122,scotus
102580,146552,scotus
102580,118395,scotus
102580,110338,scotus
102580,110765,scotus
102580,111939,scotus
102580,111939,scotus
102580,112768,scotus
102580,117967,scotus
102580,118290,scotus
102593,106821,scotus
102593,105869,scotus
102593,105879,scotus
102593,103248,scotus
102593,105513,scotus
102593,103016,scotus
102593,108763,scotus
102593,107734,scotus
102593,102783,scotus
102593,109823,scotus
102593,112669,scotus
102593,110673,scotus
102593,103101,scotus
102593,109259,scotus
102593,118363,scotus
102593,118368,scotus
102593,112293,scotus
102593,110718,scotus
102593,110895,scotus
102593,110878,scotus
102593,111949,scotus
102593,103668,scotus
102593,1975541,scotus
102593,110308,scotus
102593,106992,scotus
102593,103541,scotus
102593,104385,scotus
102593,109448,scotus
102593,104222,scotus
102593,104231,scotus
102593,104276,scotus
102593,103805,scotus
102593,103914,scotus
102593,102676,scotus
102593,118317,scotus
102593,118317,scotus
102593,118317,scotus
102593,109499,scotus
102593,109499,scotus
102593,111308,scotus
102593,111308,scotus
102593,109499,scotus
102593,118368,scotus
102593,118368,scotus
102593,118368,scotus
102593,110718,scotus
102593,110878,scotus
102593,110308,scotus
102593,110308,scotus
102593,110895,scotus
102593,112293,scotus
102593,112669,scotus
102593,111949,scotus
102593,111949,scotus
102601,1087959,scotus
102601,104697,scotus
102601,111490,scotus
102601,102879,scotus
102601,106660,scotus
102601,105751,scotus
102601,106545,scotus
102601,105830,scotus
102601,105903,scotus
102601,106514,scotus
102601,105091,scotus
102601,105131,scotus
102601,106000,scotus
102601,103243,scotus
102601,105001,scotus
102601,106879,scotus
102601,102991,scotus
102601,103017,scotus
102601,110765,scotus
102601,112404,scotus
102601,103186,scotus
102601,108798,scotus
102601,103195,scotus
102601,103196,scotus
102601,103226,scotus
102601,109219,scotus
102601,109432,scotus
102601,107701,scotus
102601,108841,scotus
102601,112572,scotus
102601,110581,scotus
102601,102807,scotus
102601,109831,scotus
102601,108611,scotus
102601,109836,scotus
102601,111866,scotus
102601,102728,scotus
102601,110059,scotus
102601,103956,scotus
102601,109876,scotus
102601,109921,scotus
102601,109718,scotus
102601,107484,scotus
102601,111735,scotus
102601,109884,scotus
102601,107489,scotus
102601,104058,scotus
102601,104061,scotus
102601,107325,scotus
102601,110894,scotus
102601,103705,scotus
102601,104518,scotus
102601,108135,scotus
102601,109088,scotus
102601,103694,scotus
102601,109525,scotus
102601,112047,scotus
102601,109573,scotus
102601,109121,scotus
102601,110339,scotus
102601,3189871,scotus
102601,106968,scotus
102601,106162,scotus
102601,105746,scotus
102601,109380,scotus
102601,104790,scotus
102601,1741,scotus
102601,106862,scotus
102601,104914,scotus
102601,105972,scotus
102601,112902,scotus
102601,103632,scotus
102601,103347,scotus
102601,131149,scotus
102601,104842,scotus
102601,107187,scotus
102601,112354,scotus
102601,108848,scotus
102601,118254,scotus
102601,121151,scotus
102601,104238,scotus
102601,104239,scotus
102601,117869,scotus
102601,104623,scotus
102601,104588,scotus
102601,149702,scotus
102601,145706,scotus
102601,9410787,scotus
102601,10049656,scotus
102601,118023,scotus
102601,118023,scotus
102601,103831,scotus
102601,105014,scotus
102601,108721,scotus
102601,103831,scotus
102601,103831,scotus
102601,105014,scotus
102601,149702,scotus
102601,1741,scotus
102601,1741,scotus
102601,121151,scotus
102601,110339,scotus
102601,110894,scotus
102601,110894,scotus
102601,111866,scotus
102601,111735,scotus
102601,110765,scotus
102601,111490,scotus
102601,112047,scotus
102601,110581,scotus
102601,117869,scotus
102601,112572,scotus
102601,112572,scotus
102601,112902,scotus
102601,112902,scotus
102601,1087959,scotus
102602,104652,scotus
102602,102963,scotus
102602,103186,scotus
102602,103227,scotus
102602,102800,scotus
102602,110380,scotus
102602,118302,scotus
102602,102681,scotus
102602,103522,scotus
102602,9188187,scotus
102602,9188188,scotus
102602,110380,scotus
102603,104652,scotus
102603,104696,scotus
102603,112103,scotus
102603,108209,scotus
102603,108221,scotus
102603,104624,scotus
102603,105546,scotus
102603,103522,scotus
102603,112103,scotus
102605,149008,scotus
102605,145768,scotus
102605,145795,scotus
102605,4764770,scotus
102605,145738,scotus
102605,932059,scotus
102605,945737,scotus
102605,1087959,scotus
102605,1087955,scotus
102605,111465,scotus
102605,111467,scotus
102605,111476,scotus
102605,111492,scotus
102605,104686,scotus
102605,111507,scotus
102605,106837,scotus
102605,111544,scotus
102605,105363,scotus
102605,105397,scotus
102605,105429,scotus
102605,106067,scotus
102605,106531,scotus
102605,105059,scotus
102605,105465,scotus
102605,105152,scotus
102605,106008,scotus
102605,105298,scotus
102605,105493,scotus
102605,105526,scotus
102605,107082,scotus
102605,106282,scotus
102605,104974,scotus
102605,106267,scotus
102605,103298,scotus
102605,105018,scotus
102605,105608,scotus
102605,106884,scotus
102605,102990,scotus
102605,112382,scotus
102605,110508,scotus
102605,110794,scotus
102605,108041,scotus
102605,108419,scotus
102605,109207,scotus
102605,103222,scotus
102605,112577,scotus
102605,107731,scotus
102605,108845,scotus
102605,108581,scotus
102605,112625,scotus
102605,102770,scotus
102605,108636,scotus
102605,110564,scotus
102605,110697,scotus
102605,108605,scotus
102605,109800,scotus
102605,109832,scotus
102605,102826,scotus
102605,109809,scotus
102605,102833,scotus
102605,145777,scotus
102605,112645,scotus
102605,111600,scotus
102605,110599,scotus
102605,111625,scotus
102605,110745,scotus
102605,118368,scotus
102605,111632,scotus
102605,118370,scotus
102605,108332,scotus
102605,110040,scotus
102605,110042,scotus
102605,118379,scotus
102605,109313,scotus
102605,102734,scotus
102605,111161,scotus
102605,107608,scotus
102605,111226,scotus
102605,109664,scotus
102605,112103,scotus
102605,111191,scotus
102605,112142,scotus
102605,111197,scotus
102605,109667,scotus
102605,110116,scotus
102605,112330,scotus
102605,110119,scotus
102605,109670,scotus
102605,109721,scotus
102605,110077,scotus
102605,109675,scotus
102605,109708,scotus
102605,109727,scotus
102605,118452,scotus
102605,104135,scotus
102605,111249,scotus
102605,108165,scotus
102605,109008,scotus
102605,110138,scotus
102605,108987,scotus
102605,108989,scotus
102605,108496,scotus
102605,110957,scotus
102605,109939,scotus
102605,111822,scotus
102605,109930,scotus
102605,103413,scotus
102605,103425,scotus
102605,118503,scotus
102605,108489,scotus
102605,118507,scotus
102605,108490,scotus
102605,118511,scotus
102605,111094,scotus
102605,112205,scotus
102605,104465,scotus
102605,108115,scotus
102605,104526,scotus
102605,111403,scotus
102605,110237,scotus
102605,112029,scotus
102605,108223,scotus
102605,110985,scotus
102605,111378,scotus
102605,110926,scotus
102605,109525,scotus
102605,112037,scotus
102605,110245,scotus
102605,109530,scotus
102605,109076,scotus
102605,110246,scotus
102605,112047,scotus
102605,111140,scotus
102605,109101,scotus
102605,109117,scotus
102605,118299,scotus
102605,110432,scotus
102605,118268,scotus
102605,118295,scotus
102605,6447545,scotus
102605,6448162,scotus
102605,6448163,scotus
102605,2959731,scotus
102605,2676593,scotus
102605,4632235,scotus
102605,108713,scotus
102605,4764452,scotus
102605,108152,scotus
102605,107573,scotus
102605,109784,scotus
102605,106970,scotus
102605,111549,scotus
102605,104894,scotus
102605,106986,scotus
102605,109397,scotus
102605,105746,scotus
102605,112787,scotus
102605,104843,scotus
102605,106995,scotus
102605,109404,scotus
102605,104375,scotus
102605,111758,scotus
102605,112881,scotus
102605,109406,scotus
102605,103544,scotus
102605,109652,scotus
102605,112887,scotus
102605,118062,scotus
102605,1741,scotus
102605,112914,scotus
102605,104156,scotus
102605,104043,scotus
102605,118093,scotus
102605,104045,scotus
102605,104158,scotus
102605,109149,scotus
102605,130162,scotus
102605,104442,scotus
102605,136984,scotus
102605,121160,scotus
102605,118359,scotus
102605,118259,scotus
102605,118188,scotus
102605,104948,scotus
102605,104602,scotus
102605,107969,scotus
102605,103845,scotus
102605,104548,scotus
102605,117898,scotus
102605,104303,scotus
102605,117905,scotus
102605,112248,scotus
102605,117935,scotus
102605,104330,scotus
102605,117916,scotus
102605,104585,scotus
102605,104588,scotus
102605,149586,scotus
102605,149703,scotus
102605,142901,scotus
102605,145121,scotus
102605,102662,scotus
102605,217512,scotus
102605,2621077,scotus
102605,2620886,scotus
102605,148798,scotus
102605,145918,scotus
102605,145944,scotus
102605,145882,scotus
102605,1087605,scotus
102605,145707,scotus
102605,145824,scotus
102605,145856,scotus
102605,118155,scotus
102605,118155,scotus
102605,103442,scotus
102605,111940,scotus
102605,107980,scotus
102605,105014,scotus
102605,109390,scotus
102605,105525,scotus
102605,107980,scotus
102605,109390,scotus
102605,105014,scotus
102605,105525,scotus
102605,111940,scotus
102605,4764452,scotus
102605,4764770,scotus
102605,6796842,scotus
102605,7344718,scotus
102605,7344718,scotus
102605,145777,scotus
102605,148798,scotus
102605,9054281,scotus
102605,945737,scotus
102605,945737,scotus
102605,145882,scotus
102605,145856,scotus
102605,145824,scotus
102605,9189391,scotus
102605,9189392,scotus
102605,121160,scotus
102605,142901,scotus
102605,149008,scotus
102605,136984,scotus
102605,130162,scotus
102605,130162,scotus
102605,145738,scotus
102605,145738,scotus
102605,145768,scotus
102605,217512,scotus
102605,217512,scotus
102605,1741,scotus
102605,1741,scotus
102605,118368,scotus
102605,118379,scotus
102605,118503,scotus
102605,118507,scotus
102605,118452,scotus
102605,118511,scotus
102605,2621077,scotus
102605,110237,scotus
102605,110245,scotus
102605,110246,scotus
102605,110599,scotus
102605,110926,scotus
102605,111249,scotus
102605,110794,scotus
102605,111094,scotus
102605,111094,scotus
102605,110985,scotus
102605,110985,scotus
102605,111191,scotus
102605,111197,scotus
102605,111822,scotus
102605,112037,scotus
102605,111378,scotus
102605,111140,scotus
102605,112047,scotus
102605,110564,scotus
102605,111549,scotus
102605,110432,scotus
102605,111600,scotus
102605,111226,scotus
102605,111625,scotus
102605,111507,scotus
102605,111632,scotus
102605,111492,scotus
102605,111492,scotus
102605,112142,scotus
102605,111161,scotus
102605,112103,scotus
102605,110697,scotus
102605,110697,scotus
102605,112205,scotus
102605,111403,scotus
102605,111403,scotus
102605,111465,scotus
102605,112914,scotus
102605,117916,scotus
102605,112330,scotus
102605,111758,scotus
102605,112625,scotus
102605,111467,scotus
102605,111467,scotus
102605,117905,scotus
102605,112645,scotus
102605,117898,scotus
102605,112881,scotus
102605,112787,scotus
102605,112382,scotus
102605,111476,scotus
102605,112887,scotus
102605,118188,scotus
102605,118295,scotus
102605,118299,scotus
102605,112577,scotus
102605,1087955,scotus
102605,1087959,scotus
102605,2620886,scotus
102605,118259,scotus
102614,103740,scotus
102614,110380,scotus
102614,104397,scotus
102614,104563,scotus
102614,104564,scotus
102614,104610,scotus
102614,110380,scotus
102614,110380,scotus
102648,105261,scotus
102648,105170,scotus
102648,102997,scotus
102648,102782,scotus
102648,103121,scotus
102648,109047,scotus
102648,103732,scotus
102648,4632239,scotus
102648,105986,scotus
102648,106049,scotus
102648,104278,scotus
102648,104287,scotus
102648,103764,scotus
102648,103811,scotus
102648,145851,scotus
102648,103927,scotus
102648,145851,scotus
102662,111504,scotus
102662,106282,scotus
102662,103287,scotus
102662,102992,scotus
102662,110516,scotus
102662,103187,scotus
102662,102794,scotus
102662,102804,scotus
102662,102806,scotus
102662,103099,scotus
102662,118363,scotus
102662,108329,scotus
102662,103133,scotus
102662,110718,scotus
102662,102713,scotus
102662,102726,scotus
102662,102734,scotus
102662,111690,scotus
102662,118407,scotus
102662,111244,scotus
102662,103362,scotus
102662,104136,scotus
102662,111256,scotus
102662,108978,scotus
102662,108979,scotus
102662,110881,scotus
102662,110968,scotus
102662,103716,scotus
102662,111100,scotus
102662,110985,scotus
102662,111024,scotus
102662,109101,scotus
102662,109117,scotus
102662,2804677,scotus
102662,6455147,scotus
102662,809122,scotus
102662,2803249,scotus
102662,2784697,scotus
102662,104894,scotus
102662,104757,scotus
102662,108548,scotus
102662,103570,scotus
102662,109952,scotus
102662,102843,scotus
102662,118198,scotus
102662,104554,scotus
102662,103795,scotus
102662,117927,scotus
102662,2621077,scotus
102662,146552,scotus
102662,803267,scotus
102662,109499,scotus
102662,103442,scotus
102662,103522,scotus
102662,107606,scotus
102662,109499,scotus
102662,2784697,scotus
102662,2784697,scotus
102662,2803249,scotus
102662,809122,scotus
102662,146552,scotus
102662,118407,scotus
102662,2621077,scotus
102662,110516,scotus
102662,110718,scotus
102662,110881,scotus
102662,111100,scotus
102662,111244,scotus
102662,110985,scotus
102662,111690,scotus
102662,111504,scotus
102662,111256,scotus
102662,110968,scotus
102662,111024,scotus
102662,118198,scotus
102669,1087984,scotus
102669,111504,scotus
102669,105067,scotus
102669,103310,scotus
102669,105732,scotus
102669,103004,scotus
102669,102969,scotus
102669,103027,scotus
102669,108770,scotus
102669,107672,scotus
102669,111617,scotus
102669,103950,scotus
102669,106960,scotus
102669,104834,scotus
102669,118093,scotus
102669,2620886,scotus
102669,103198,scotus
102669,111504,scotus
102669,111617,scotus
102669,2620886,scotus
102681,103019,scotus
102681,102980,scotus
102681,103222,scotus
102681,102792,scotus
102681,102808,scotus
102681,102697,scotus
102681,104455,scotus
102681,104482,scotus
102681,103443,scotus
102681,103795,scotus
102681,102784,scotus
102681,103522,scotus
102713,105405,scotus
102713,104135,scotus
102713,104896,scotus
102713,104907,scotus
102713,110312,scotus
102713,102945,scotus
102713,104420,scotus
102713,103522,scotus
102713,110312,scotus
102734,102861,scotus
102734,105193,scotus
102734,105674,scotus
102734,102968,scotus
102734,103175,scotus
102734,102783,scotus
102734,103047,scotus
102734,103982,scotus
102734,104222,scotus
102734,103853,scotus
102734,103172,scotus
102734,103172,scotus
102734,103172,scotus
102734,103172,scotus
102734,103962,scotus
102766,1087692,scotus
102766,102871,scotus
102766,102908,scotus
102766,103269,scotus
102766,108032,scotus
102766,145784,scotus
102766,108626,scotus
102766,109285,scotus
102766,108475,scotus
102766,109485,scotus
102766,1682020,scotus
102766,109252,scotus
102766,145784,scotus
102766,145784,scotus
102777,103298,scotus
102777,104989,scotus
102777,102963,scotus
102777,103186,scotus
102777,103187,scotus
102777,103139,scotus
102777,103705,scotus
102777,104797,scotus
102777,110563,scotus
102777,110563,scotus
102777,109615,scotus
102777,110563,scotus
102783,102968,scotus
102783,103047,scotus
102783,109937,scotus
102783,104164,scotus
102783,104165,scotus
102783,103853,scotus
102783,103172,scotus
102783,103172,scotus
102783,103172,scotus
102783,103172,scotus
102783,111308,scotus
102783,111308,scotus
102784,1087668,scotus
102784,104649,scotus
102784,105285,scotus
102784,103310,scotus
102784,107082,scotus
102784,104970,scotus
102784,105001,scotus
102784,106308,scotus
102784,103305,scotus
102784,102956,scotus
102784,108668,scotus
102784,103227,scotus
102784,102839,scotus
102784,108329,scotus
102784,103952,scotus
102784,111690,scotus
102784,112141,scotus
102784,107797,scotus
102784,109670,scotus
102784,104121,scotus
102784,109930,scotus
102784,108527,scotus
102784,112202,scotus
102784,104455,scotus
102784,110439,scotus
102784,2804671,scotus
102784,4746633,scotus
102784,3217332,scotus
102784,3217528,scotus
102784,3217529,scotus
102784,112786,scotus
102784,1741,scotus
102784,107197,scotus
102784,104156,scotus
102784,103347,scotus
102784,102843,scotus
102784,118144,scotus
102784,104548,scotus
102784,104288,scotus
102784,104611,scotus
102784,103795,scotus
102784,104334,scotus
102784,9679332,scotus
102784,9824344,scotus
102784,118011,scotus
102784,103442,scotus
102784,103522,scotus
102784,103962,scotus
102784,104610,scotus
102784,106576,scotus
102784,118011,scotus
102784,9231323,scotus
102784,3217332,scotus
102784,1741,scotus
102784,1087668,scotus
102784,111690,scotus
102784,112141,scotus
102784,112202,scotus
102784,110439,scotus
102784,112786,scotus
102784,112786,scotus
102784,112786,scotus
102801,1087822,scotus
102801,104697,scotus
102801,105245,scotus
102801,108378,scotus
102801,108767,scotus
102801,108739,scotus
102801,107686,scotus
102801,108567,scotus
102801,107939,scotus
102801,109265,scotus
102801,111856,scotus
102801,109300,scotus
102801,108185,scotus
102801,111285,scotus
102801,108187,scotus
102801,103707,scotus
102801,112215,scotus
102801,107249,scotus
102801,106792,scotus
102801,118053,scotus
102801,105662,scotus
102801,108466,scotus
102801,109157,scotus
102801,110057,scotus
102801,107685,scotus
102801,107685,scotus
102801,108186,scotus
102801,107685,scotus
102801,108186,scotus
102801,111856,scotus
102801,118053,scotus
102801,118053,scotus
102821,102879,scotus
102821,106837,scotus
102821,105902,scotus
102821,105074,scotus
102821,106514,scotus
102821,105052,scotus
102821,103243,scotus
102821,106142,scotus
102821,107231,scotus
102821,105001,scotus
102821,106308,scotus
102821,106311,scotus
102821,108858,scotus
102821,103017,scotus
102821,103226,scotus
102821,108839,scotus
102821,108322,scotus
102821,108598,scotus
102821,118385,scotus
102821,103355,scotus
102821,104061,scotus
102821,108472,scotus
102821,103434,scotus
102821,108492,scotus
102821,110984,scotus
102821,104532,scotus
102821,107554,scotus
102821,106761,scotus
102821,104790,scotus
102821,103459,scotus
102821,103460,scotus
102821,103563,scotus
102821,104914,scotus
102821,107291,scotus
102821,103632,scotus
102821,104184,scotus
102821,103867,scotus
102821,104575,scotus
102821,104623,scotus
102821,104578,scotus
102821,104579,scotus
102821,107343,scotus
102821,107343,scotus
102821,107965,scotus
102821,107965,scotus
102821,107343,scotus
102821,107965,scotus
102821,118385,scotus
102821,110984,scotus
102835,104652,scotus
102835,1866189,scotus
102835,106314,scotus
102835,107217,scotus
102835,103148,scotus
102835,103191,scotus
102835,103227,scotus
102835,107886,scotus
102835,103133,scotus
102835,104020,scotus
102835,110312,scotus
102835,103604,scotus
102835,104156,scotus
102835,104171,scotus
102835,104161,scotus
102835,104425,scotus
102835,104426,scotus
102835,104322,scotus
102835,1087606,scotus
102835,1087607,scotus
102835,103522,scotus
102839,801501,scotus
102839,104652,scotus
102839,106008,scotus
102839,106087,scotus
102839,106884,scotus
102839,108858,scotus
102839,103003,scotus
102839,103017,scotus
102839,110794,scotus
102839,103175,scotus
102839,103227,scotus
102839,103235,scotus
102839,107731,scotus
102839,110561,scotus
102839,103107,scotus
102839,110041,scotus
102839,111226,scotus
102839,104020,scotus
102839,104021,scotus
102839,104038,scotus
102839,109929,scotus
102839,111385,scotus
102839,112870,scotus
102839,103574,scotus
102839,104373,scotus
102839,104416,scotus
102839,104418,scotus
102839,104397,scotus
102839,108751,scotus
102839,104200,scotus
102839,104202,scotus
102839,104187,scotus
102839,103832,scotus
102839,103838,scotus
102839,103840,scotus
102839,112249,scotus
102839,104307,scotus
102839,103290,scotus
102839,110563,scotus
102839,103290,scotus
102839,108721,scotus
102839,110563,scotus
102839,801501,scotus
102839,801501,scotus
102839,110794,scotus
102839,110561,scotus
102839,111385,scotus
102839,111226,scotus
102839,112249,scotus
102839,111385,scotus
102839,112870,scotus
102857,1866189,scotus
102857,105195,scotus
102857,103287,scotus
102857,103005,scotus
102857,102972,scotus
102857,103037,scotus
102857,103148,scotus
102857,108737,scotus
102857,112643,scotus
102857,103122,scotus
102857,103990,scotus
102857,103465,scotus
102857,104388,scotus
102857,104339,scotus
102857,110563,scotus
102857,103831,scotus
102857,109835,scotus
102857,109835,scotus
102857,110563,scotus
102857,103831,scotus
102857,112643,scotus
102861,1866189,scotus
102861,106723,scotus
102861,106508,scotus
102861,106000,scotus
102861,105110,scotus
102861,105193,scotus
102861,105122,scotus
102861,103258,scotus
102861,103262,scotus
102861,103291,scotus
102861,105210,scotus
102861,106863,scotus
102861,105628,scotus
102861,105629,scotus
102861,105630,scotus
102861,105631,scotus
102861,102986,scotus
102861,102948,scotus
102861,103148,scotus
102861,112429,scotus
102861,108804,scotus
102861,108819,scotus
102861,103047,scotus
102861,103054,scotus
102861,110675,scotus
102861,112279,scotus
102861,109261,scotus
102861,103134,scotus
102861,110022,scotus
102861,111908,scotus
102861,103982,scotus
102861,104031,scotus
102861,110884,scotus
102861,110892,scotus
102861,111104,scotus
102861,109488,scotus
102861,109585,scotus
102861,118267,scotus
102861,118310,scotus
102861,2540705,scotus
102861,112450,scotus
102861,106772,scotus
102861,103465,scotus
102861,103545,scotus
102861,103507,scotus
102861,108754,scotus
102861,103343,scotus
102861,118128,scotus
102861,104950,scotus
102861,103841,scotus
102861,103786,scotus
102861,103787,scotus
102861,112249,scotus
102861,104256,scotus
102861,104263,scotus
102861,103172,scotus
102861,103172,scotus
102861,103172,scotus
102861,112040,scotus
102861,103869,scotus
102861,104641,scotus
102861,103869,scotus
102861,112040,scotus
102861,112040,scotus
102861,9044058,scotus
102861,110884,scotus
102861,111104,scotus
102861,112249,scotus
102861,112429,scotus
102861,112429,scotus
102861,112279,scotus
102861,112450,scotus
102861,118310,scotus
102861,118310,scotus
102861,118128,scotus
102879,932059,scotus
102879,945737,scotus
102879,1087668,scotus
102879,104660,scotus
102879,104709,scotus
102879,105377,scotus
102879,105382,scotus
102879,106641,scotus
102879,106221,scotus
102879,105901,scotus
102879,106545,scotus
102879,106223,scotus
102879,105860,scotus
102879,105412,scotus
102879,105275,scotus
102879,106107,scotus
102879,106109,scotus
102879,106259,scotus
102879,105297,scotus
102879,105194,scotus
102879,105073,scotus
102879,105456,scotus
102879,106249,scotus
102879,107082,scotus
102879,105241,scotus
102879,105001,scotus
102879,106282,scotus
102879,105533,scotus
102879,105741,scotus
102879,105547,scotus
102879,105742,scotus
102879,105542,scotus
102879,105544,scotus
102879,103301,scotus
102879,105024,scotus
102879,105594,scotus
102879,105687,scotus
102879,105691,scotus
102879,106881,scotus
102879,102991,scotus
102879,112387,scotus
102879,110465,scotus
102879,107978,scotus
102879,109200,scotus
102879,108798,scotus
102879,103226,scotus
102879,112557,scotus
102879,108839,scotus
102879,112478,scotus
102879,108281,scotus
102879,103050,scotus
102879,110662,scotus
102879,108301,scotus
102879,108302,scotus
102879,108329,scotus
102879,112731,scotus
102879,112295,scotus
102879,111891,scotus
102879,112326,scotus
102879,111690,scotus
102879,109688,scotus
102879,112142,scotus
102879,103981,scotus
102879,107484,scotus
102879,109670,scotus
102879,110132,scotus
102879,112810,scotus
102879,107481,scotus
102879,104135,scotus
102879,111738,scotus
102879,104108,scotus
102879,111841,scotus
102879,111262,scotus
102879,112808,scotus
102879,111782,scotus
102879,112206,scotus
102879,108187,scotus
102879,111317,scotus
102879,104455,scotus
102879,104457,scotus
102879,104467,scotus
102879,103735,scotus
102879,109089,scotus
102879,103694,scotus
102879,104539,scotus
102879,109091,scotus
102879,108111,scotus
102879,108112,scotus
102879,109592,scotus
102879,109561,scotus
102879,4630267,scotus
102879,108713,scotus
102879,4630088,scotus
102879,112753,scotus
102879,110549,scotus
102879,107359,scotus
102879,105857,scotus
102879,107014,scotus
102879,112786,scotus
102879,104894,scotus
102879,105746,scotus
102879,109380,scotus
102879,109402,scotus
102879,107038,scotus
102879,104355,scotus
102879,104792,scotus
102879,106170,scotus
102879,103563,scotus
102879,104943,scotus
102879,106862,scotus
102879,107197,scotus
102879,103347,scotus
102879,118131,scotus
102879,112924,scotus
102879,107148,scotus
102879,118021,scotus
102879,118144,scotus
102879,103757,scotus
102879,103933,scotus
102879,118043,scotus
102879,106548,scotus
102879,118214,scotus
102879,127891,scotus
102879,104623,scotus
102879,127927,scotus
102879,103820,scotus
102879,149702,scotus
102879,145832,scotus
102879,4630268,scotus
102879,4641200,scotus
102879,107685,scotus
102879,107685,scotus
102879,107685,scotus
102879,107980,scotus
102879,107980,scotus
102879,103870,scotus
102879,108186,scotus
102879,106285,scotus
102879,107685,scotus
102879,107980,scotus
102879,108164,scotus
102879,108186,scotus
102879,103870,scotus
102879,106285,scotus
102879,4630267,scotus
102879,149702,scotus
102879,149702,scotus
102879,149702,scotus
102879,9053440,scotus
102879,945737,scotus
102879,127927,scotus
102879,127927,scotus
102879,1087668,scotus
102879,110549,scotus
102879,110662,scotus
102879,110465,scotus
102879,110465,scotus
102879,111317,scotus
102879,111690,scotus
102879,111738,scotus
102879,111262,scotus
102879,112142,scotus
102879,111841,scotus
102879,112206,scotus
102879,112326,scotus
102879,112295,scotus
102879,112557,scotus
102879,118214,scotus
102879,112753,scotus
102879,112808,scotus
102879,112810,scotus
102879,118043,scotus
102879,118144,scotus
102879,112387,scotus
102879,118131,scotus
102879,112786,scotus
102883,1524136,scotus
102883,106183,scotus
102883,106622,scotus
102883,106187,scotus
102883,106641,scotus
102883,105149,scotus
102883,105055,scotus
102883,103257,scotus
102883,103259,scotus
102883,105584,scotus
102883,105585,scotus
102883,105021,scotus
102883,109302,scotus
102883,103974,scotus
102883,107483,scotus
102883,107319,scotus
102883,109001,scotus
102883,109020,scotus
102883,103663,scotus
102883,103494,scotus
102883,107875,scotus
102883,107876,scotus
102883,104603,scotus
102883,9987186,scotus
102883,107746,scotus
102883,107746,scotus
102883,107746,scotus
102883,107746,scotus
102883,107746,scotus
102889,106483,scotus
102889,103321,scotus
102889,103020,scotus
102889,103152,scotus
102889,112744,scotus
102889,104105,scotus
102889,103675,scotus
102889,111139,scotus
102889,110330,scotus
102889,104816,scotus
102889,104367,scotus
102889,103577,scotus
102889,103578,scotus
102889,103916,scotus
102889,103916,scotus
102889,111139,scotus
102969,104657,scotus
102969,104689,scotus
102969,108860,scotus
102969,107731,scotus
102969,110033,scotus
102969,109295,scotus
102969,109930,scotus
102969,103943,scotus
102969,111759,scotus
102969,104421,scotus
102969,103042,scotus
102969,108266,scotus
102969,104590,scotus
102969,103889,scotus
102969,103198,scotus
102969,111759,scotus
102972,104652,scotus
102972,104699,scotus
102972,106846,scotus
102972,1866189,scotus
102972,105828,scotus
102972,105195,scotus
102972,106018,scotus
102972,103258,scotus
102972,105230,scotus
102972,103287,scotus
102972,103003,scotus
102972,103037,scotus
102972,110488,scotus
102972,103148,scotus
102972,108737,scotus
102972,109239,scotus
102972,103122,scotus
102972,108633,scotus
102972,117834,scotus
102972,104009,scotus
102972,109900,scotus
102972,103984,scotus
102972,103990,scotus
102972,103992,scotus
102972,112167,scotus
102972,110229,scotus
102972,2801433,scotus
102972,2395420,scotus
102972,104859,scotus
102972,104869,scotus
102972,103638,scotus
102972,103524,scotus
102972,104388,scotus
102972,118038,scotus
102972,104328,scotus
102972,104307,scotus
102972,117914,scotus
102972,104574,scotus
102972,104628,scotus
102972,104253,scotus
102972,104339,scotus
102972,104587,scotus
102972,103172,scotus
102972,110563,scotus
102972,110563,scotus
102972,103172,scotus
102972,112739,scotus
102972,109835,scotus
102972,109615,scotus
102972,109835,scotus
102972,110563,scotus
102972,112739,scotus
102972,110229,scotus
102972,110488,scotus
102972,117914,scotus
102972,112167,scotus
102986,103291,scotus
102986,105628,scotus
102986,109824,scotus
102986,103047,scotus
102986,103982,scotus
102986,111104,scotus
102986,110421,scotus
102986,2540705,scotus
102986,110295,scotus
102986,108754,scotus
102986,104222,scotus
102986,104281,scotus
102986,103786,scotus
102986,112249,scotus
102986,104577,scotus
102986,103172,scotus
102986,103172,scotus
102986,109499,scotus
102986,103172,scotus
102986,112040,scotus
102986,103639,scotus
102986,103869,scotus
102986,103962,scotus
102986,104641,scotus
102986,109499,scotus
102986,103869,scotus
102986,103869,scotus
102986,112040,scotus
102986,112040,scotus
102986,110295,scotus
102986,111104,scotus
102986,112249,scotus
102986,112249,scotus
102987,1087946,scotus
102987,111508,scotus
102987,106016,scotus
102987,106087,scotus
102987,105338,scotus
102987,105213,scotus
102987,105537,scotus
102987,103034,scotus
102987,109200,scotus
102987,103193,scotus
102987,108643,scotus
102987,112259,scotus
102987,109258,scotus
102987,109340,scotus
102987,109005,scotus
102987,104470,scotus
102987,109625,scotus
102987,110331,scotus
102987,118052,scotus
102987,104794,scotus
102987,104823,scotus
102987,112352,scotus
102987,117954,scotus
102987,103753,scotus
102987,103757,scotus
102987,117872,scotus
102987,145867,scotus
102987,9954582,scotus
102987,9986257,scotus
102987,118155,scotus
102987,118155,scotus
102987,118155,scotus
102987,111103,scotus
102987,145867,scotus
102987,111508,scotus
102987,112259,scotus
102987,112352,scotus
102987,118052,scotus
102987,117872,scotus
102987,118052,scotus
102987,1087946,scotus
102987,1087946,scotus
102987,1087946,scotus
102987,1087946,scotus
102991,149008,scotus
102991,4900455,scotus
102991,4900456,scotus
102991,4957281,scotus
102991,111467,scotus
102991,104668,scotus
102991,106832,scotus
102991,106658,scotus
102991,105751,scotus
102991,106545,scotus
102991,105830,scotus
102991,106240,scotus
102991,105091,scotus
102991,106530,scotus
102991,103243,scotus
102991,106011,scotus
102991,105117,scotus
102991,106142,scotus
102991,106249,scotus
102991,107235,scotus
102991,105001,scotus
102991,106267,scotus
102991,106268,scotus
102991,107111,scotus
102991,105608,scotus
102991,108858,scotus
102991,103017,scotus
102991,110798,scotus
102991,110532,scotus
102991,103170,scotus
102991,109214,scotus
102991,108798,scotus
102991,103226,scotus
102991,107692,scotus
102991,109443,scotus
102991,108574,scotus
102991,110561,scotus
102991,108592,scotus
102991,108598,scotus
102991,111596,scotus
102991,112638,scotus
102991,108611,scotus
102991,108329,scotus
102991,109836,scotus
102991,108334,scotus
102991,118385,scotus
102991,111175,scotus
102991,111226,scotus
102991,112141,scotus
102991,112103,scotus
102991,117847,scotus
102991,107801,scotus
102991,111245,scotus
102991,107489,scotus
102991,104061,scotus
102991,103373,scotus
102991,111256,scotus
102991,109729,scotus
102991,108501,scotus
102991,108508,scotus
102991,107325,scotus
102991,112836,scotus
102991,107336,scotus
102991,110894,scotus
102991,108194,scotus
102991,103705,scotus
102991,110918,scotus
102991,104532,scotus
102991,110926,scotus
102991,109505,scotus
102991,110224,scotus
102991,110188,scotus
102991,4897042,scotus
102991,104844,scotus
102991,107064,scotus
102991,110549,scotus
102991,106967,scotus
102991,106968,scotus
102991,104917,scotus
102991,106162,scotus
102991,106962,scotus
102991,106987,scotus
102991,104843,scotus
102991,106761,scotus
102991,104790,scotus
102991,103459,scotus
102991,109406,scotus
102991,107045,scotus
102991,1741,scotus
102991,106862,scotus
102991,104914,scotus
102991,103632,scotus
102991,104043,scotus
102991,112348,scotus
102991,107871,scotus
102991,103347,scotus
102991,103348,scotus
102991,104842,scotus
102991,103490,scotus
102991,108848,scotus
102991,104442,scotus
102991,104216,scotus
102991,121151,scotus
102991,117966,scotus
102991,103933,scotus
102991,103832,scotus
102991,106559,scotus
102991,104570,scotus
102991,103797,scotus
102991,103798,scotus
102991,104623,scotus
102991,117921,scotus
102991,107343,scotus
102991,103831,scotus
102991,109390,scotus
102991,105014,scotus
102991,107343,scotus
102991,109390,scotus
102991,103831,scotus
102991,105014,scotus
102991,149008,scotus
102991,1741,scotus
102991,1741,scotus
102991,118385,scotus
102991,121151,scotus
102991,110188,scotus
102991,110549,scotus
102991,110224,scotus
102991,110532,scotus
102991,110532,scotus
102991,110549,scotus
102991,110926,scotus
102991,111175,scotus
102991,111245,scotus
102991,110894,scotus
102991,111256,scotus
102991,110561,scotus
102991,110561,scotus
102991,110561,scotus
102991,111596,scotus
102991,111226,scotus
102991,112141,scotus
102991,112103,scotus
102991,112103,scotus
102991,110918,scotus
102991,110918,scotus
102991,111467,scotus
102991,117966,scotus
102991,117847,scotus
102991,111467,scotus
102991,112348,scotus
102991,112638,scotus
102991,112836,scotus
103012,219098,scotus
103012,4729777,scotus
103012,4729774,scotus
103012,4892569,scotus
103012,4879558,scotus
103012,104677,scotus
103012,104697,scotus
103012,104690,scotus
103012,104693,scotus
103012,104694,scotus
103012,104695,scotus
103012,104696,scotus
103012,104730,scotus
103012,106720,scotus
103012,106721,scotus
103012,105363,scotus
103012,106729,scotus
103012,105825,scotus
103012,106545,scotus
103012,105831,scotus
103012,106628,scotus
103012,105913,scotus
103012,105270,scotus
103012,105134,scotus
103012,105135,scotus
103012,105061,scotus
103012,105886,scotus
103012,105471,scotus
103012,106535,scotus
103012,103247,scotus
103012,105170,scotus
103012,105125,scotus
103012,105898,scotus
103012,103260,scotus
103012,107219,scotus
103012,103307,scotus
103012,105711,scotus
103012,105526,scotus
103012,105527,scotus
103012,105342,scotus
103012,104967,scotus
103012,104968,scotus
103012,103324,scotus
103012,103325,scotus
103012,106267,scotus
103012,107084,scotus
103012,103299,scotus
103012,104992,scotus
103012,107200,scotus
103012,105689,scotus
103012,107201,scotus
103012,105044,scotus
103012,110468,scotus
103012,110478,scotus
103012,110484,scotus
103012,112391,scotus
103012,108406,scotus
103012,108375,scotus
103012,103150,scotus
103012,103206,scotus
103012,103142,scotus
103012,112564,scotus
103012,108819,scotus
103012,107701,scotus
103012,109246,scotus
103012,112587,scotus
103012,108800,scotus
103012,1116658,scotus
103012,112616,scotus
103012,108291,scotus
103012,103091,scotus
103012,103092,scotus
103012,110701,scotus
103012,110586,scotus
103012,110708,scotus
103012,103122,scotus
103012,103127,scotus
103012,145779,scotus
103012,103131,scotus
103012,110715,scotus
103012,108330,scotus
103012,109275,scotus
103012,112076,scotus
103012,103947,scotus
103012,112121,scotus
103012,109323,scotus
103012,137006,scotus
103012,104003,scotus
103012,112102,scotus
103012,145660,scotus
103012,112115,scotus
103012,110072,scotus
103012,112135,scotus
103012,112330,scotus
103012,103986,scotus
103012,118392,scotus
103012,107832,scotus
103012,111937,scotus
103012,118395,scotus
103012,110077,scotus
103012,111920,scotus
103012,111718,scotus
103012,109715,scotus
103012,107492,scotus
103012,110144,scotus
103012,111794,scotus
103012,104139,scotus
103012,110956,scotus
103012,103395,scotus
103012,109015,scotus
103012,111819,scotus
103012,103402,scotus
103012,1158994,scotus
103012,103418,scotus
103012,103426,scotus
103012,108523,scotus
103012,111091,scotus
103012,108534,scotus
103012,104515,scotus
103012,111094,scotus
103012,109495,scotus
103012,104444,scotus
103012,103658,scotus
103012,103721,scotus
103012,104468,scotus
103012,104528,scotus
103012,104474,scotus
103012,103732,scotus
103012,104482,scotus
103012,110223,scotus
103012,111442,scotus
103012,110226,scotus
103012,110360,scotus
103012,109076,scotus
103012,110420,scotus
103012,110435,scotus
103012,118318,scotus
103012,2803251,scotus
103012,3205874,scotus
103012,4630267,scotus
103012,4493906,scotus
103012,4492197,scotus
103012,4746633,scotus
103012,4501697,scotus
103012,4748669,scotus
103012,4765904,scotus
103012,4630088,scotus
103012,2146,scotus
103012,2147,scotus
103012,1722,scotus
103012,110260,scotus
103012,110274,scotus
103012,110168,scotus
103012,104861,scotus
103012,112786,scotus
103012,112777,scotus
103012,106447,scotus
103012,107024,scotus
103012,105246,scotus
103012,106788,scotus
103012,103447,scotus
103012,106164,scotus
103012,118076,scotus
103012,103496,scotus
103012,106170,scotus
103012,103543,scotus
103012,105662,scotus
103012,106175,scotus
103012,103549,scotus
103012,106775,scotus
103012,103476,scotus
103012,103542,scotus
103012,118069,scotus
103012,112903,scotus
103012,103609,scotus
103012,103346,scotus
103012,103615,scotus
103012,118111,scotus
103012,104393,scotus
103012,103624,scotus
103012,104220,scotus
103012,107471,scotus
103012,104182,scotus
103012,103854,scotus
103012,104275,scotus
103012,104545,scotus
103012,117892,scotus
103012,117849,scotus
103012,118042,scotus
103012,118046,scotus
103012,127912,scotus
103012,104559,scotus
103012,103772,scotus
103012,106548,scotus
103012,117905,scotus
103012,118038,scotus
103012,103881,scotus
103012,117935,scotus
103012,103794,scotus
103012,104332,scotus
103012,103800,scotus
103012,103900,scotus
103012,117927,scotus
103012,145643,scotus
103012,2528498,scotus
103012,2621048,scotus
103012,2621076,scotus
103012,4493907,scotus
103012,2518018,scotus
103012,145832,scotus
103012,4630268,scotus
103012,4641200,scotus
103012,9392441,scotus
103012,9409605,scotus
103012,118011,scotus
103012,103012,scotus
103012,111308,scotus
103012,111308,scotus
103012,103962,scotus
103012,104380,scotus
103012,104380,scotus
103012,104380,scotus
103012,104380,scotus
103012,118011,scotus
103012,118011,scotus
103012,9231296,scotus
103012,4748669,scotus
103012,4630267,scotus
103012,9231323,scotus
103012,6792710,scotus
103012,6792710,scotus
103012,6792710,scotus
103012,7345715,scotus
103012,1722,scotus
103012,1722,scotus
103012,145779,scotus
103012,1722,scotus
103012,9053440,scotus
103012,2146,scotus
103012,2146,scotus
103012,3205874,scotus
103012,145660,scotus
103012,127912,scotus
103012,137006,scotus
103012,137006,scotus
103012,118392,scotus
103012,118395,scotus
103012,219098,scotus
103012,110168,scotus
103012,110245,scotus
103012,110360,scotus
103012,110223,scotus
103012,110708,scotus
103012,110715,scotus
103012,110260,scotus
103012,110226,scotus
103012,110420,scotus
103012,111091,scotus
103012,110956,scotus
103012,111094,scotus
103012,110468,scotus
103012,110468,scotus
103012,110478,scotus
103012,111920,scotus
103012,112102,scotus
103012,111718,scotus
103012,110435,scotus
103012,112115,scotus
103012,112115,scotus
103012,111937,scotus
103012,110701,scotus
103012,110586,scotus
103012,112121,scotus
103012,112121,scotus
103012,112330,scotus
103012,118038,scotus
103012,112616,scotus
103012,118042,scotus
103012,145643,scotus
103012,118318,scotus
103012,112616,scotus
103012,117905,scotus
103012,112135,scotus
103012,118111,scotus
103012,112564,scotus
103012,112777,scotus
103012,118046,scotus
103012,118046,scotus
103012,117892,scotus
103012,117892,scotus
103012,112786,scotus
103012,112903,scotus
103012,2528498,scotus
103012,2528498,scotus
103012,2528498,scotus
103017,801501,scotus
103017,134735,scotus
103017,111507,scotus
103017,106251,scotus
103017,106392,scotus
103017,103249,scotus
103017,106282,scotus
103017,108861,scotus
103017,110770,scotus
103017,108859,scotus
103017,110458,scotus
103017,110784,scotus
103017,110485,scotus
103017,110786,scotus
103017,110516,scotus
103017,108373,scotus
103017,112427,scotus
103017,112558,scotus
103017,103186,scotus
103017,103195,scotus
103017,112632,scotus
103017,145777,scotus
103017,108611,scotus
103017,110742,scotus
103017,109817,scotus
103017,110020,scotus
103017,103950,scotus
103017,109687,scotus
103017,112114,scotus
103017,104020,scotus
103017,104021,scotus
103017,110077,scotus
103017,111252,scotus
103017,111260,scotus
103017,104061,scotus
103017,103367,scotus
103017,103373,scotus
103017,112176,scotus
103017,109930,scotus
103017,103413,scotus
103017,110904,scotus
103017,111958,scotus
103017,111385,scotus
103017,108221,scotus
103017,109528,scotus
103017,103701,scotus
103017,109515,scotus
103017,110380,scotus
103017,110333,scotus
103017,110339,scotus
103017,110340,scotus
103017,809122,scotus
103017,2812210,scotus
103017,2672208,scotus
103017,2670794,scotus
103017,3217332,scotus
103017,3217528,scotus
103017,3217529,scotus
103017,4379104,scotus
103017,106951,scotus
103017,110319,scotus
103017,118056,scotus
103017,104917,scotus
103017,104756,scotus
103017,112787,scotus
103017,111669,scotus
103017,112896,scotus
103017,104790,scotus
103017,103460,scotus
103017,104914,scotus
103017,111685,scotus
103017,104156,scotus
103017,107256,scotus
103017,103633,scotus
103017,103347,scotus
103017,104388,scotus
103017,109952,scotus
103017,108751,scotus
103017,104228,scotus
103017,117968,scotus
103017,118144,scotus
103017,103933,scotus
103017,103782,scotus
103017,104305,scotus
103017,104623,scotus
103017,106601,scotus
103017,104588,scotus
103017,117927,scotus
103017,149702,scotus
103017,219511,scotus
103017,219616,scotus
103017,803267,scotus
103017,112040,scotus
103017,103870,scotus
103017,117947,scotus
103017,103870,scotus
103017,117947,scotus
103017,3217332,scotus
103017,3217332,scotus
103017,7345718,scotus
103017,2812210,scotus
103047,104740,scotus
103047,105152,scotus
103047,103287,scotus
103047,103333,scotus
103047,105628,scotus
103047,105630,scotus
103047,103165,scotus
103047,112429,scotus
103047,109824,scotus
103047,109259,scotus
103047,103982,scotus
103047,103716,scotus
103047,112227,scotus
103047,111104,scotus
103047,118310,scotus
103047,2540705,scotus
103047,4591917,scotus
103047,110308,scotus
103047,103545,scotus
103047,105851,scotus
103047,108755,scotus
103047,104171,scotus
103047,104222,scotus
103047,118148,scotus
103047,1087607,scotus
103047,103172,scotus
103047,103172,scotus
103047,109499,scotus
103047,103172,scotus
103047,111308,scotus
103047,111308,scotus
103047,112040,scotus
103047,103869,scotus
103047,104641,scotus
103047,109499,scotus
103047,103869,scotus
103047,112040,scotus
103047,112040,scotus
103047,110308,scotus
103047,111104,scotus
103047,112429,scotus
103047,112227,scotus
103047,118310,scotus
103047,118148,scotus
103084,106701,scotus
103084,110674,scotus
103084,110706,scotus
103084,104139,scotus
103084,104140,scotus
103084,110360,scotus
103084,104866,scotus
103084,103447,scotus
103084,104400,scotus
103084,104568,scotus
103084,103900,scotus
103084,2764117,scotus
103084,2764117,scotus
103084,2764117,scotus
103084,103736,scotus
103084,103736,scotus
103084,110360,scotus
103084,110674,scotus
103084,110706,scotus
103096,106701,scotus
103096,106073,scotus
103096,105192,scotus
103096,103264,scotus
103096,103271,scotus
103096,107138,scotus
103096,103236,scotus
103096,112700,scotus
103096,110674,scotus
103096,110715,scotus
103096,111153,scotus
103096,111715,scotus
103096,103362,scotus
103096,104137,scotus
103096,103420,scotus
103096,111076,scotus
103096,1324132,scotus
103096,1727,scotus
103096,104888,scotus
103096,111757,scotus
103096,104385,scotus
103096,104275,scotus
103096,117864,scotus
103096,104301,scotus
103096,112062,scotus
103096,103820,scotus
103096,2621076,scotus
103096,145858,scotus
103096,2764117,scotus
103096,2764117,scotus
103096,2764117,scotus
103096,103555,scotus
103096,103736,scotus
103096,104380,scotus
103096,103555,scotus
103096,103736,scotus
103096,104380,scotus
103096,145858,scotus
103096,110715,scotus
103096,111076,scotus
103096,110674,scotus
103096,111715,scotus
103096,112062,scotus
103096,117864,scotus
103096,111757,scotus
103121,105170,scotus
103121,105562,scotus
103121,103955,scotus
103121,103647,scotus
103121,109047,scotus
103121,103732,scotus
103121,105986,scotus
103121,104287,scotus
103121,103927,scotus
103133,106618,scotus
103133,105266,scotus
103133,105059,scotus
103133,105063,scotus
103133,105172,scotus
103133,106282,scotus
103133,106314,scotus
103133,105222,scotus
103133,110517,scotus
103133,103148,scotus
103133,107901,scotus
103133,103191,scotus
103133,103227,scotus
103133,108329,scotus
103133,103950,scotus
103133,103362,scotus
103133,103367,scotus
103133,104445,scotus
103133,103716,scotus
103133,103738,scotus
103133,103740,scotus
103133,110985,scotus
103133,2784697,scotus
103133,107554,scotus
103133,104847,scotus
103133,103443,scotus
103133,104756,scotus
103133,104374,scotus
103133,103600,scotus
103133,103604,scotus
103133,103570,scotus
103133,104163,scotus
103133,108266,scotus
103133,104181,scotus
103133,104238,scotus
103133,103875,scotus
103133,104322,scotus
103133,106601,scotus
103133,103442,scotus
103133,103522,scotus
103133,2784697,scotus
103133,110985,scotus
103165,104700,scotus
103165,105274,scotus
103165,105869,scotus
103165,105142,scotus
103165,106394,scotus
103165,104975,scotus
103165,103326,scotus
103165,103328,scotus
103165,105010,scotus
103165,103333,scotus
103165,103302,scotus
103165,105694,scotus
103165,108408,scotus
103165,108763,scotus
103165,112094,scotus
103165,111209,scotus
103165,103973,scotus
103165,103369,scotus
103165,110974,scotus
103165,104471,scotus
103165,110178,scotus
103165,103451,scotus
103165,103492,scotus
103165,104821,scotus
103165,103571,scotus
103165,104407,scotus
103165,104260,scotus
103165,104264,scotus
103165,104588,scotus
103165,103761,scotus
103165,110178,scotus
103165,110974,scotus
103165,112094,scotus
103172,104696,scotus
103172,106366,scotus
103172,105110,scotus
103172,105193,scotus
103172,106307,scotus
103172,103328,scotus
103172,106863,scotus
103172,105628,scotus
103172,105630,scotus
103172,112429,scotus
103172,103230,scotus
103172,107744,scotus
103172,109824,scotus
103172,110675,scotus
103172,109259,scotus
103172,112279,scotus
103172,104006,scotus
103172,111908,scotus
103172,103982,scotus
103172,103364,scotus
103172,103438,scotus
103172,110881,scotus
103172,112227,scotus
103172,111104,scotus
103172,109585,scotus
103172,118267,scotus
103172,118310,scotus
103172,2540705,scotus
103172,4591917,scotus
103172,104770,scotus
103172,103553,scotus
103172,112890,scotus
103172,103446,scotus
103172,105662,scotus
103172,103545,scotus
103172,105851,scotus
103172,108755,scotus
103172,104171,scotus
103172,117956,scotus
103172,104222,scotus
103172,103853,scotus
103172,103786,scotus
103172,145872,scotus
103172,1087607,scotus
103172,103214,scotus
103172,109499,scotus
103172,103172,scotus
103172,103214,scotus
103172,112040,scotus
103172,103869,scotus
103172,103962,scotus
103172,104641,scotus
103172,105525,scotus
103172,109881,scotus
103172,109499,scotus
103172,109881,scotus
103172,103869,scotus
103172,103869,scotus
103172,105525,scotus
103172,112040,scotus
103172,110881,scotus
103172,111104,scotus
103172,112429,scotus
103172,112429,scotus
103172,112227,scotus
103172,112227,scotus
103172,112279,scotus
103172,118310,scotus
103172,112890,scotus
103172,118310,scotus
103173,625709,scotus
103173,111491,scotus
103173,106820,scotus
103173,106067,scotus
103173,106345,scotus
103173,110034,scotus
103173,112102,scotus
103173,104087,scotus
103173,104443,scotus
103173,103733,scotus
103173,110370,scotus
103173,110332,scotus
103173,3195551,scotus
103173,106986,scotus
103173,105248,scotus
103173,103559,scotus
103173,104916,scotus
103173,103542,scotus
103173,103609,scotus
103173,104401,scotus
103173,103616,scotus
103173,118161,scotus
103173,127914,scotus
103173,103900,scotus
103173,103736,scotus
103173,105319,scotus
103173,103736,scotus
103173,105319,scotus
103173,105319,scotus
103173,625709,scotus
103173,110332,scotus
103173,110332,scotus
103173,110370,scotus
103173,110370,scotus
103173,110370,scotus
103173,111491,scotus
103173,112102,scotus
103173,118161,scotus
103186,1087907,scotus
103186,104652,scotus
103186,105210,scotus
103186,104989,scotus
103186,108896,scotus
103186,103195,scotus
103186,107884,scotus
103186,111617,scotus
103186,109266,scotus
103186,117834,scotus
103186,104061,scotus
103186,103705,scotus
103186,104482,scotus
103186,109488,scotus
103186,110380,scotus
103186,110439,scotus
103186,799986,scotus
103186,104797,scotus
103186,103569,scotus
103186,103623,scotus
103186,103931,scotus
103186,104308,scotus
103186,110563,scotus
103186,110563,scotus
103186,109615,scotus
103186,110563,scotus
103186,799986,scotus
103186,799986,scotus
103186,110380,scotus
103186,111617,scotus
103186,110439,scotus
103191,105090,scotus
103191,105874,scotus
103191,103249,scotus
103191,105172,scotus
103191,106314,scotus
103191,108329,scotus
103191,103950,scotus
103191,104039,scotus
103191,103362,scotus
103191,103367,scotus
103191,103413,scotus
103191,103716,scotus
103191,104756,scotus
103191,103943,scotus
103191,103600,scotus
103191,103633,scotus
103191,107182,scotus
103191,104265,scotus
103191,103889,scotus
103191,109499,scotus
103191,103351,scotus
103191,103442,scotus
103191,103522,scotus
103191,103915,scotus
103191,109499,scotus
103191,103915,scotus
103192,103383,scotus
103192,112029,scotus
103192,2540705,scotus
103192,118467,scotus
103192,104577,scotus
103192,103869,scotus
103192,103869,scotus
103192,103869,scotus
103214,110365,scotus
103214,109110,scotus
103214,2540705,scotus
103214,106447,scotus
103214,103795,scotus
103214,118428,scotus
103214,118428,scotus
103214,118428,scotus
103214,118428,scotus
103214,103214,scotus
103214,103869,scotus
103214,103962,scotus
103214,103869,scotus
103219,2365229,scotus
103219,104723,scotus
103219,105126,scotus
103219,103256,scotus
103219,105230,scotus
103219,105728,scotus
103219,105210,scotus
103219,103229,scotus
103219,103232,scotus
103219,110734,scotus
103219,103990,scotus
103219,104002,scotus
103219,103414,scotus
103219,103655,scotus
103219,103671,scotus
103219,104533,scotus
103219,110229,scotus
103219,2801433,scotus
103219,4631842,scotus
103219,104909,scotus
103219,103471,scotus
103219,103609,scotus
103219,104437,scotus
103219,103828,scotus
103219,104568,scotus
103219,103789,scotus
103219,104339,scotus
103219,103639,scotus
103219,110229,scotus
103219,110734,scotus
103220,2365229,scotus
103220,105210,scotus
103220,103229,scotus
103220,103232,scotus
103220,103990,scotus
103220,104002,scotus
103220,103671,scotus
103220,4631842,scotus
103220,104437,scotus
103220,103789,scotus
103220,103639,scotus
103226,2365602,scotus
103226,111464,scotus
103226,104668,scotus
103226,104697,scotus
103226,111517,scotus
103226,106183,scotus
103226,105903,scotus
103226,106514,scotus
103226,103243,scotus
103226,105117,scotus
103226,106142,scotus
103226,106267,scotus
103226,103301,scotus
103226,105608,scotus
103226,107201,scotus
103226,107202,scotus
103226,110532,scotus
103226,107901,scotus
103226,109214,scotus
103226,108798,scotus
103226,108813,scotus
103226,107692,scotus
103226,107884,scotus
103226,112593,scotus
103226,110561,scotus
103226,108592,scotus
103226,108598,scotus
103226,112736,scotus
103226,112486,scotus
103226,112534,scotus
103226,109836,scotus
103226,118385,scotus
103226,111175,scotus
103226,111226,scotus
103226,109868,scotus
103226,109870,scotus
103226,112341,scotus
103226,112103,scotus
103226,110076,scotus
103226,112134,scotus
103226,111245,scotus
103226,103998,scotus
103226,107489,scotus
103226,104135,scotus
103226,104061,scotus
103226,108493,scotus
103226,108988,scotus
103226,103373,scotus
103226,108175,scotus
103226,110874,scotus
103226,103438,scotus
103226,112202,scotus
103226,109031,scotus
103226,104455,scotus
103226,103705,scotus
103226,110916,scotus
103226,111097,scotus
103226,110918,scotus
103226,110173,scotus
103226,111979,scotus
103226,112027,scotus
103226,109090,scotus
103226,109505,scotus
103226,110224,scotus
103226,118291,scotus
103226,110339,scotus
103226,4630087,scotus
103226,107554,scotus
103226,109349,scotus
103226,104844,scotus
103226,110549,scotus
103226,106967,scotus
103226,104889,scotus
103226,106162,scotus
103226,108047,scotus
103226,110322,scotus
103226,106987,scotus
103226,104785,scotus
103226,112781,scotus
103226,110309,scotus
103226,104843,scotus
103226,110311,scotus
103226,104790,scotus
103226,103459,scotus
103226,118061,scotus
103226,104937,scotus
103226,106170,scotus
103226,103563,scotus
103226,109406,scotus
103226,111148,scotus
103226,111363,scotus
103226,107264,scotus
103226,104914,scotus
103226,107291,scotus
103226,104043,scotus
103226,107871,scotus
103226,103347,scotus
103226,104842,scotus
103226,103490,scotus
103226,104442,scotus
103226,110853,scotus
103226,112356,scotus
103226,103531,scotus
103226,104216,scotus
103226,117960,scotus
103226,117966,scotus
103226,117860,scotus
103226,104265,scotus
103226,103833,scotus
103226,117935,scotus
103226,104570,scotus
103226,103797,scotus
103226,104623,scotus
103226,104311,scotus
103226,149585,scotus
103226,149649,scotus
103226,145905,scotus
103226,6480695,scotus
103226,103290,scotus
103226,107343,scotus
103226,103290,scotus
103226,107748,scotus
103226,107965,scotus
103226,103557,scotus
103226,109390,scotus
103226,109390,scotus
103226,107343,scotus
103226,107748,scotus
103226,107965,scotus
103226,109390,scotus
103226,103557,scotus
103226,145905,scotus
103226,149649,scotus
103226,149649,scotus
103226,118385,scotus
103226,110173,scotus
103226,110339,scotus
103226,110549,scotus
103226,110224,scotus
103226,110532,scotus
103226,110874,scotus
103226,110549,scotus
103226,110853,scotus
103226,111097,scotus
103226,110309,scotus
103226,110311,scotus
103226,111175,scotus
103226,111245,scotus
103226,111363,scotus
103226,112027,scotus
103226,110561,scotus
103226,110561,scotus
103226,110322,scotus
103226,110322,scotus
103226,111979,scotus
103226,111226,scotus
103226,111148,scotus
103226,110916,scotus
103226,112103,scotus
103226,112202,scotus
103226,110918,scotus
103226,110918,scotus
103226,111517,scotus
103226,111517,scotus
103226,111464,scotus
103226,112356,scotus
103226,117966,scotus
103226,112593,scotus
103226,112341,scotus
103226,112134,scotus
103226,112534,scotus
103226,118291,scotus
103226,112781,scotus
103226,112781,scotus
103226,112781,scotus
103227,104652,scotus
103227,106452,scotus
103227,105063,scotus
103227,106043,scotus
103227,105172,scotus
103227,103310,scotus
103227,104973,scotus
103227,108014,scotus
103227,110516,scotus
103227,108431,scotus
103227,108329,scotus
103227,103950,scotus
103227,103952,scotus
103227,103362,scotus
103227,103716,scotus
103227,111403,scotus
103227,103740,scotus
103227,110985,scotus
103227,109542,scotus
103227,2784697,scotus
103227,106950,scotus
103227,103443,scotus
103227,104756,scotus
103227,106167,scotus
103227,103943,scotus
103227,103600,scotus
103227,103604,scotus
103227,103633,scotus
103227,118139,scotus
103227,104187,scotus
103227,118238,scotus
103227,104340,scotus
103227,106601,scotus
103227,106423,scotus
103227,103351,scotus
103227,103442,scotus
103227,103522,scotus
103227,103915,scotus
103227,103915,scotus
103227,2784697,scotus
103227,110516,scotus
103227,110985,scotus
103227,111403,scotus
103227,118139,scotus
103236,106701,scotus
103236,105192,scotus
103236,104968,scotus
103236,108578,scotus
103236,109915,scotus
103236,103362,scotus
103236,104137,scotus
103236,103399,scotus
103236,103671,scotus
103236,103550,scotus
103236,104866,scotus
103236,104361,scotus
103236,104385,scotus
103236,103820,scotus
103236,1210751,scotus
103236,2764117,scotus
103236,2764117,scotus
103236,2764117,scotus
103236,103555,scotus
103236,103555,scotus
103236,110734,scotus
103236,110674,scotus
103264,106701,scotus
103264,105094,scotus
103264,105117,scotus
103264,105200,scotus
103264,103271,scotus
103264,103327,scotus
103264,107084,scotus
103264,107138,scotus
103264,110771,scotus
103264,108860,scotus
103264,112403,scotus
103264,108406,scotus
103264,110520,scotus
103264,112618,scotus
103264,112700,scotus
103264,112634,scotus
103264,108302,scotus
103264,108303,scotus
103264,110715,scotus
103264,110092,scotus
103264,104071,scotus
103264,109701,scotus
103264,104139,scotus
103264,103420,scotus
103264,111076,scotus
103264,112206,scotus
103264,109027,scotus
103264,110994,scotus
103264,108102,scotus
103264,118288,scotus
103264,1727,scotus
103264,110754,scotus
103264,108660,scotus
103264,104888,scotus
103264,111757,scotus
103264,112450,scotus
103264,108757,scotus
103264,107148,scotus
103264,104275,scotus
103264,107975,scotus
103264,104301,scotus
103264,103834,scotus
103264,145858,scotus
103264,2764117,scotus
103264,2764117,scotus
103264,2764117,scotus
103264,104380,scotus
103264,104380,scotus
103264,145858,scotus
103264,110520,scotus
103264,110520,scotus
103264,110771,scotus
103264,110715,scotus
103264,111076,scotus
103264,110754,scotus
103264,110994,scotus
103264,112403,scotus
103264,112206,scotus
103264,111757,scotus
103264,112450,scotus
103264,112634,scotus
103264,112634,scotus
103284,111501,scotus
103284,104700,scotus
103284,112373,scotus
103284,111227,scotus
103284,112135,scotus
103284,109117,scotus
103284,3177215,scotus
103284,3170730,scotus
103284,4631843,scotus
103284,104300,scotus
103284,103761,scotus
103284,4631843,scotus
103284,4631843,scotus
103284,3170730,scotus
103284,111227,scotus
103284,111501,scotus
103284,112135,scotus
103284,112135,scotus
103290,801501,scotus
103290,106661,scotus
103290,106879,scotus
103290,109219,scotus
103290,112572,scotus
103290,104135,scotus
103290,109013,scotus
103290,110894,scotus
103290,104455,scotus
103290,110935,scotus
103290,111385,scotus
103290,111003,scotus
103290,109515,scotus
103290,118286,scotus
103290,118080,scotus
103290,130147,scotus
103290,108751,scotus
103290,103921,scotus
103290,118165,scotus
103290,105546,scotus
103290,147528,scotus
103290,103290,scotus
103290,103962,scotus
103290,108721,scotus
103290,6796084,scotus
103290,801501,scotus
103290,801501,scotus
103290,147528,scotus
103290,110935,scotus
103290,110894,scotus
103290,111385,scotus
103290,111003,scotus
103290,118286,scotus
103290,118165,scotus
103290,112572,scotus
103292,104688,scotus
103292,105265,scotus
103292,105329,scotus
103292,105457,scotus
103292,108941,scotus
103292,107902,scotus
103292,108580,scotus
103292,110650,scotus
103292,108599,scotus
103292,112643,scotus
103292,108330,scotus
103292,117837,scotus
103292,104023,scotus
103292,104083,scotus
103292,110111,scotus
103292,108165,scotus
103292,108187,scotus
103292,104528,scotus
103292,112044,scotus
103292,2959750,scotus
103292,2675751,scotus
103292,2811844,scotus
103292,4630267,scotus
103292,4764452,scotus
103292,4630088,scotus
103292,104768,scotus
103292,112881,scotus
103292,106170,scotus
103292,103502,scotus
103292,1741,scotus
103292,107255,scotus
103292,103611,scotus
103292,107305,scotus
103292,104168,scotus
103292,107195,scotus
103292,104218,scotus
103292,130160,scotus
103292,118140,scotus
103292,103777,scotus
103292,118038,scotus
103292,104324,scotus
103292,104616,scotus
103292,104617,scotus
103292,104244,scotus
103292,103795,scotus
103292,117874,scotus
103292,103897,scotus
103292,104640,scotus
103292,145630,scotus
103292,106422,scotus
103292,145706,scotus
103292,4630268,scotus
103292,4641200,scotus
103292,118011,scotus
103292,103292,scotus
103292,103555,scotus
103292,108154,scotus
103292,108154,scotus
103292,108186,scotus
103292,103962,scotus
103292,104285,scotus
103292,117947,scotus
103292,106235,scotus
103292,109716,scotus
103292,108154,scotus
103292,108186,scotus
103292,109716,scotus
103292,103555,scotus
103292,104285,scotus
103292,106235,scotus
103292,106235,scotus
103292,106235,scotus
103292,117947,scotus
103292,118011,scotus
103292,4764452,scotus
103292,4630267,scotus
103292,2675751,scotus
103292,2811844,scotus
103292,130160,scotus
103292,1741,scotus
103292,1741,scotus
103292,9075444,scotus
103292,9075445,scotus
103292,110650,scotus
103292,112643,scotus
103292,112881,scotus
103292,117874,scotus
103292,118140,scotus
103302,104700,scotus
103302,105142,scotus
103302,112586,scotus
103302,112694,scotus
103302,112094,scotus
103302,111209,scotus
103302,112105,scotus
103302,103439,scotus
103302,131167,scotus
103302,4614408,scotus
103302,103492,scotus
103302,112931,scotus
103302,103761,scotus
103302,112105,scotus
103302,112105,scotus
103302,112094,scotus
103320,219097,scotus
103320,1088003,scotus
103320,104652,scotus
103320,107889,scotus
103320,112730,scotus
103320,112085,scotus
103320,109664,scotus
103320,112317,scotus
103320,111928,scotus
103320,111214,scotus
103320,111912,scotus
103320,104087,scotus
103320,109930,scotus
103320,110959,scotus
103320,110930,scotus
103320,112456,scotus
103320,103574,scotus
103320,110850,scotus
103320,103880,scotus
103320,104256,scotus
103320,104263,scotus
103320,107973,scotus
103320,107973,scotus
103320,7345716,scotus
103320,219097,scotus
103320,110850,scotus
103320,110930,scotus
103320,110959,scotus
103320,110959,scotus
103320,111214,scotus
103320,111928,scotus
103320,112085,scotus
103320,112317,scotus
103342,105790,scotus
103342,110827,scotus
103342,110643,scotus
103342,109929,scotus
103342,110957,scotus
103342,103698,scotus
103342,106966,scotus
103342,118062,scotus
103342,103534,scotus
103342,104191,scotus
103342,104610,scotus
103342,110643,scotus
103342,110827,scotus
103344,1087907,scotus
103344,105754,scotus
103344,105728,scotus
103344,107217,scotus
103344,104087,scotus
103344,104443,scotus
103344,104891,scotus
103344,104806,scotus
103344,106976,scotus
103344,105248,scotus
103344,104361,scotus
103344,103787,scotus
103344,103789,scotus
103344,104307,scotus
103344,104308,scotus
103344,104634,scotus
103344,106444,scotus
103344,112301,scotus
103344,104610,scotus
103344,112301,scotus
103347,104668,scotus
103347,111480,scotus
103347,104649,scotus
103347,111490,scotus
103347,106837,scotus
103347,105830,scotus
103347,105902,scotus
103347,106514,scotus
103347,105102,scotus
103347,106527,scotus
103347,106530,scotus
103347,106008,scotus
103347,106142,scotus
103347,105937,scotus
103347,106538,scotus
103347,105232,scotus
103347,107231,scotus
103347,105001,scotus
103347,106308,scotus
103347,105536,scotus
103347,106311,scotus
103347,105547,scotus
103347,107089,scotus
103347,107111,scotus
103347,106288,scotus
103347,106884,scotus
103347,110757,scotus
103347,108858,scotus
103347,106945,scotus
103347,108361,scotus
103347,110794,scotus
103347,110798,scotus
103347,112417,scotus
103347,112398,scotus
103347,107901,scotus
103347,108798,scotus
103347,107692,scotus
103347,108839,scotus
103347,108838,scotus
103347,108636,scotus
103347,108597,scotus
103347,108322,scotus
103347,108598,scotus
103347,112736,scotus
103347,108603,scotus
103347,111596,scotus
103347,108611,scotus
103347,108329,scotus
103347,109836,scotus
103347,109271,scotus
103347,108332,scotus
103347,108334,scotus
103347,112087,scotus
103347,112315,scotus
103347,118385,scotus
103347,110059,scotus
103347,111175,scotus
103347,111226,scotus
103347,109661,scotus
103347,112329,scotus
103347,112103,scotus
103347,112114,scotus
103347,107483,scotus
103347,107484,scotus
103347,107841,scotus
103347,111919,scotus
103347,107489,scotus
103347,109727,scotus
103347,104135,scotus
103347,118427,scotus
103347,104061,scotus
103347,108963,scotus
103347,111256,scotus
103347,108472,scotus
103347,107325,scotus
103347,112836,scotus
103347,108489,scotus
103347,109031,scotus
103347,104455,scotus
103347,103705,scotus
103347,110992,scotus
103347,108195,scotus
103347,103645,scotus
103347,103646,scotus
103347,103649,scotus
103347,110917,scotus
103347,110918,scotus
103347,111950,scotus
103347,108146,scotus
103347,109089,scotus
103347,110926,scotus
103347,109505,scotus
103347,110224,scotus
103347,109091,scotus
103347,110188,scotus
103347,118321,scotus
103347,2395615,scotus
103347,4752098,scotus
103347,4511640,scotus
103347,107554,scotus
103347,112767,scotus
103347,110549,scotus
103347,106967,scotus
103347,106968,scotus
103347,108348,scotus
103347,106987,scotus
103347,107025,scotus
103347,103451,scotus
103347,110309,scotus
103347,104843,scotus
103347,110311,scotus
103347,104374,scotus
103347,103459,scotus
103347,104792,scotus
103347,103460,scotus
103347,104793,scotus
103347,103563,scotus
103347,106808,scotus
103347,107783,scotus
103347,111248,scotus
103347,104796,scotus
103347,1741,scotus
103347,104914,scotus
103347,105972,scotus
103347,112902,scotus
103347,103632,scotus
103347,107869,scotus
103347,107256,scotus
103347,107257,scotus
103347,107871,scotus
103347,131149,scotus
103347,103490,scotus
103347,130162,scotus
103347,108263,scotus
103347,103622,scotus
103347,107162,scotus
103347,107163,scotus
103347,104216,scotus
103347,107167,scotus
103347,107168,scotus
103347,103867,scotus
103347,103832,scotus
103347,104304,scotus
103347,104623,scotus
103347,104636,scotus
103347,104588,scotus
103347,149702,scotus
103347,106441,scotus
103347,145810,scotus
103347,145706,scotus
103347,9987187,scotus
103347,9999993,scotus
103347,10290265,scotus
103347,112258,scotus
103347,105014,scotus
103347,109450,scotus
103347,109450,scotus
103347,109450,scotus
103347,105014,scotus
103347,112258,scotus
103347,9231325,scotus
103347,149702,scotus
103347,145810,scotus
103347,130162,scotus
103347,1741,scotus
103347,118321,scotus
103347,118427,scotus
103347,118385,scotus
103347,118385,scotus
103347,110188,scotus
103347,110549,scotus
103347,110224,scotus
103347,110926,scotus
103347,110309,scotus
103347,110311,scotus
103347,111175,scotus
103347,111248,scotus
103347,110794,scotus
103347,111480,scotus
103347,110757,scotus
103347,111256,scotus
103347,111919,scotus
103347,111490,scotus
103347,111490,scotus
103347,111256,scotus
103347,111596,scotus
103347,111226,scotus
103347,110992,scotus
103347,112103,scotus
103347,112114,scotus
103347,110917,scotus
103347,110918,scotus
103347,110918,scotus
103347,112315,scotus
103347,112767,scotus
103347,112329,scotus
103347,112417,scotus
103347,111950,scotus
103347,112836,scotus
103347,112902,scotus
103355,205789,scotus
103355,4764770,scotus
103355,4892570,scotus
103355,4898458,scotus
103355,4900457,scotus
103355,1087888,scotus
103355,4958317,scotus
103355,111467,scotus
103355,111464,scotus
103355,104668,scotus
103355,111480,scotus
103355,106660,scotus
103355,106832,scotus
103355,106658,scotus
103355,105751,scotus
103355,105901,scotus
103355,106545,scotus
103355,105830,scotus
103355,106223,scotus
103355,105404,scotus
103355,105902,scotus
103355,105903,scotus
103355,106514,scotus
103355,106240,scotus
103355,106251,scotus
103355,106530,scotus
103355,105465,scotus
103355,105117,scotus
103355,106142,scotus
103355,106538,scotus
103355,106249,scotus
103355,107222,scotus
103355,105232,scotus
103355,105498,scotus
103355,105716,scotus
103355,107231,scotus
103355,107082,scotus
103355,105001,scotus
103355,105002,scotus
103355,106308,scotus
103355,106267,scotus
103355,106281,scotus
103355,106879,scotus
103355,106880,scotus
103355,105608,scotus
103355,105044,scotus
103355,107210,scotus
103355,106884,scotus
103355,108885,scotus
103355,108856,scotus
103355,108858,scotus
103355,108360,scotus
103355,110794,scotus
103355,108367,scotus
103355,108714,scotus
103355,108688,scotus
103355,112404,scotus
103355,110532,scotus
103355,112447,scotus
103355,107662,scotus
103355,109214,scotus
103355,109443,scotus
103355,108839,scotus
103355,107900,scotus
103355,110561,scotus
103355,108275,scotus
103355,108597,scotus
103355,110697,scotus
103355,108322,scotus
103355,108598,scotus
103355,108281,scotus
103355,108285,scotus
103355,109831,scotus
103355,110587,scotus
103355,110588,scotus
103355,110735,scotus
103355,108611,scotus
103355,108616,scotus
103355,111609,scotus
103355,110008,scotus
103355,111688,scotus
103355,112304,scotus
103355,111164,scotus
103355,111175,scotus
103355,111226,scotus
103355,109661,scotus
103355,111924,scotus
103355,112103,scotus
103355,107801,scotus
103355,103976,scotus
103355,107841,scotus
103355,112331,scotus
103355,107489,scotus
103355,109727,scotus
103355,111946,scotus
103355,107533,scotus
103355,104061,scotus
103355,108165,scotus
103355,118446,scotus
103355,108965,scotus
103355,110874,scotus
103355,107325,scotus
103355,112836,scotus
103355,111826,scotus
103355,109005,scotus
103355,111081,scotus
103355,108530,scotus
103355,108492,scotus
103355,110189,scotus
103355,109034,scotus
103355,103705,scotus
103355,109035,scotus
103355,103645,scotus
103355,104520,scotus
103355,103649,scotus
103355,108538,scotus
103355,109496,scotus
103355,110938,scotus
103355,111146,scotus
103355,108135,scotus
103355,111014,scotus
103355,104532,scotus
103355,111979,scotus
103355,108221,scotus
103355,109090,scotus
103355,110188,scotus
103355,112047,scotus
103355,108111,scotus
103355,109079,scotus
103355,110440,scotus
103355,2804674,scotus
103355,6461471,scotus
103355,799990,scotus
103355,799993,scotus
103355,2672525,scotus
103355,4507882,scotus
103355,4503818,scotus
103355,4503819,scotus
103355,2681317,scotus
103355,2674862,scotus
103355,4403793,scotus
103355,4403807,scotus
103355,4503544,scotus
103355,108713,scotus
103355,107554,scotus
103355,109251,scotus
103355,104844,scotus
103355,112767,scotus
103355,106446,scotus
103355,107551,scotus
103355,106967,scotus
103355,112774,scotus
103355,106968,scotus
103355,110749,scotus
103355,107553,scotus
103355,107014,scotus
103355,104917,scotus
103355,106162,scotus
103355,108348,scotus
103355,112779,scotus
103355,105746,scotus
103355,109380,scotus
103355,112781,scotus
103355,104843,scotus
103355,106761,scotus
103355,104374,scotus
103355,104790,scotus
103355,112881,scotus
103355,103459,scotus
103355,103563,scotus
103355,109406,scotus
103355,106808,scotus
103355,107045,scotus
103355,106862,scotus
103355,104914,scotus
103355,107291,scotus
103355,103632,scotus
103355,107869,scotus
103355,104043,scotus
103355,111755,scotus
103355,112348,scotus
103355,107871,scotus
103355,104373,scotus
103355,104842,scotus
103355,103490,scotus
103355,104442,scotus
103355,108261,scotus
103355,108262,scotus
103355,136984,scotus
103355,108263,scotus
103355,108269,scotus
103355,108270,scotus
103355,104216,scotus
103355,121151,scotus
103355,118140,scotus
103355,104545,scotus
103355,103933,scotus
103355,118208,scotus
103355,103832,scotus
103355,106559,scotus
103355,104570,scotus
103355,103797,scotus
103355,103798,scotus
103355,104623,scotus
103355,149702,scotus
103355,145707,scotus
103355,6480696,scotus
103355,7686272,scotus
103355,9409607,scotus
103355,6623460,scotus
103355,6619004,scotus
103355,10049662,scotus
103355,103831,scotus
103355,105014,scotus
103355,109390,scotus
103355,109450,scotus
103355,109450,scotus
103355,109390,scotus
103355,109450,scotus
103355,103831,scotus
103355,103831,scotus
103355,105014,scotus
103355,105014,scotus
103355,4764770,scotus
103355,4764770,scotus
103355,2674862,scotus
103355,2804674,scotus
103355,149702,scotus
103355,149702,scotus
103355,205789,scotus
103355,136984,scotus
103355,799990,scotus
103355,118446,scotus
103355,799993,scotus
103355,799993,scotus
103355,121151,scotus
103355,121151,scotus
103355,110188,scotus
103355,110188,scotus
103355,110189,scotus
103355,9286992,scotus
103355,110532,scotus
103355,110874,scotus
103355,110735,scotus
103355,110749,scotus
103355,111175,scotus
103355,110938,scotus
103355,110794,scotus
103355,111480,scotus
103355,111609,scotus
103355,111924,scotus
103355,111826,scotus
103355,112047,scotus
103355,110561,scotus
103355,110561,scotus
103355,110561,scotus
103355,111979,scotus
103355,111226,scotus
103355,111146,scotus
103355,112103,scotus
103355,112304,scotus
103355,112103,scotus
103355,110697,scotus
103355,111688,scotus
103355,111688,scotus
103355,110440,scotus
103355,111164,scotus
103355,111464,scotus
103355,111464,scotus
103355,110587,scotus
103355,110588,scotus
103355,112767,scotus
103355,111014,scotus
103355,111755,scotus
103355,111755,scotus
103355,111946,scotus
103355,112331,scotus
103355,112881,scotus
103355,112447,scotus
103355,111467,scotus
103355,112774,scotus
103355,112348,scotus
103355,112881,scotus
103355,118208,scotus
103355,112779,scotus
103355,112781,scotus
103355,118140,scotus
103355,112836,scotus
103362,104652,scotus
103362,106701,scotus
103362,105824,scotus
103362,105236,scotus
103362,107901,scotus
103362,108329,scotus
103362,103950,scotus
103362,103952,scotus
103362,104009,scotus
103362,104012,scotus
103362,104096,scotus
103362,104136,scotus
103362,108978,scotus
103362,108979,scotus
103362,103420,scotus
103362,112173,scotus
103362,110881,scotus
103362,103657,scotus
103362,103716,scotus
103362,104470,scotus
103362,103677,scotus
103362,103738,scotus
103362,103699,scotus
103362,109542,scotus
103362,2788685,scotus
103362,2804677,scotus
103362,2959751,scotus
103362,2803249,scotus
103362,104757,scotus
103362,109380,scotus
103362,103558,scotus
103362,107250,scotus
103362,104353,scotus
103362,110312,scotus
103362,104821,scotus
103362,111058,scotus
103362,103604,scotus
103362,103570,scotus
103362,103633,scotus
103362,104385,scotus
103362,104273,scotus
103362,104275,scotus
103362,104554,scotus
103362,103776,scotus
103362,104616,scotus
103362,104329,scotus
103362,103889,scotus
103362,103795,scotus
103362,104580,scotus
103362,104634,scotus
103362,103904,scotus
103362,106601,scotus
103362,2764117,scotus
103362,2764117,scotus
103362,103442,scotus
103362,103522,scotus
103362,103915,scotus
103362,103915,scotus
103362,2803249,scotus
103362,2959751,scotus
103362,110881,scotus
103362,110312,scotus
103362,112173,scotus
103362,111058,scotus
103367,105408,scotus
103367,105862,scotus
103367,105163,scotus
103367,105198,scotus
103367,105457,scotus
103367,104964,scotus
103367,105715,scotus
103367,107086,scotus
103367,107087,scotus
103367,110487,scotus
103367,108421,scotus
103367,112599,scotus
103367,108278,scotus
103367,109823,scotus
103367,1116266,scotus
103367,109262,scotus
103367,110707,scotus
103367,110708,scotus
103367,109269,scotus
103367,112296,scotus
103367,109341,scotus
103367,104009,scotus
103367,110111,scotus
103367,107491,scotus
103367,104098,scotus
103367,104135,scotus
103367,103403,scotus
103367,103716,scotus
103367,104463,scotus
103367,103740,scotus
103367,109118,scotus
103367,109763,scotus
103367,106167,scotus
103367,103451,scotus
103367,103494,scotus
103367,104794,scotus
103367,112907,scotus
103367,111685,scotus
103367,104387,scotus
103367,104172,scotus
103367,104173,scotus
103367,104178,scotus
103367,106613,scotus
103367,103756,scotus
103367,104322,scotus
103367,104616,scotus
103367,103505,scotus
103367,104285,scotus
103367,103505,scotus
103367,104285,scotus
103367,104285,scotus
103367,9135779,scotus
103367,9135778,scotus
103367,110707,scotus
103367,110708,scotus
103367,110487,scotus
103367,111685,scotus
103367,112296,scotus
103367,112599,scotus
103373,4892570,scotus
103373,4898458,scotus
103373,4900457,scotus
103373,4958317,scotus
103373,111464,scotus
103373,106221,scotus
103373,106249,scotus
103373,105001,scotus
103373,110765,scotus
103373,5305924,scotus
103373,112404,scotus
103373,107737,scotus
103373,112635,scotus
103373,112277,scotus
103373,111710,scotus
103373,109930,scotus
103373,103705,scotus
103373,110420,scotus
103373,109638,scotus
103373,4511640,scotus
103373,104843,scotus
103373,112881,scotus
103373,104914,scotus
103373,103867,scotus
103373,145810,scotus
103373,145706,scotus
103373,103870,scotus
103373,103927,scotus
103373,103962,scotus
103373,103870,scotus
103373,103870,scotus
103373,145810,scotus
103373,110420,scotus
103373,111710,scotus
103373,110765,scotus
103373,111738,scotus
103373,111464,scotus
103373,112277,scotus
103373,112881,scotus
103373,112635,scotus
103413,106198,scotus
103413,106068,scotus
103413,105204,scotus
103413,105344,scotus
103413,105242,scotus
103413,105732,scotus
103413,103990,scotus
103413,104106,scotus
103413,104111,scotus
103413,103646,scotus
103413,107050,scotus
103413,104812,scotus
103413,104374,scotus
103413,103544,scotus
103413,104156,scotus
103413,104601,scotus
103413,104291,scotus
103413,103837,scotus
103413,104573,scotus
103413,104313,scotus
103413,9401905,scotus
103413,103442,scotus
103413,103493,scotus
103413,118396,scotus
103417,104690,scotus
103417,105378,scotus
103417,106501,scotus
103417,105126,scotus
103417,104968,scotus
103417,105728,scotus
103417,109721,scotus
103417,111116,scotus
103417,104786,scotus
103417,107034,scotus
103417,104200,scotus
103417,104240,scotus
103417,103736,scotus
103417,112739,scotus
103417,105543,scotus
103417,103736,scotus
103417,103736,scotus
103417,105543,scotus
103417,112739,scotus
103417,4403809,scotus
103417,8176147,scotus
103417,110170,scotus
103417,110170,scotus
103417,110170,scotus
103417,110715,scotus
103417,110925,scotus
103417,111824,scotus
103417,111116,scotus
103417,111159,scotus
103417,111159,scotus
103417,112436,scotus
103417,112436,scotus
103439,106137,scotus
103439,108408,scotus
103439,112094,scotus
103439,111209,scotus
103439,103553,scotus
103439,117895,scotus
103439,103786,scotus
103439,104260,scotus
103439,103761,scotus
103439,112094,scotus
103439,117895,scotus
103442,106618,scotus
103442,105090,scotus
103442,106253,scotus
103442,105063,scotus
103442,105172,scotus
103442,107082,scotus
103442,107201,scotus
103442,110794,scotus
103442,108003,scotus
103442,108668,scotus
103442,110516,scotus
103442,110517,scotus
103442,108763,scotus
103442,107901,scotus
103442,107734,scotus
103442,108842,scotus
103442,122252,scotus
103442,108580,scotus
103442,108326,scotus
103442,109259,scotus
103442,118363,scotus
103442,110718,scotus
103442,103952,scotus
103442,103958,scotus
103442,111690,scotus
103442,118407,scotus
103442,104009,scotus
103442,111932,scotus
103442,104012,scotus
103442,104060,scotus
103442,104121,scotus
103442,104448,scotus
103442,109005,scotus
103442,110881,scotus
103442,103713,scotus
103442,103716,scotus
103442,104483,scotus
103442,108221,scotus
103442,104495,scotus
103442,103699,scotus
103442,103704,scotus
103442,110441,scotus
103442,109118,scotus
103442,799995,scotus
103442,809122,scotus
103442,4746633,scotus
103442,4499694,scotus
103442,4765903,scotus
103442,110161,scotus
103442,112768,scotus
103442,106950,scotus
103442,110166,scotus
103442,106951,scotus
103442,104770,scotus
103442,104756,scotus
103442,104375,scotus
103442,103600,scotus
103442,103544,scotus
103442,104795,scotus
103442,103604,scotus
103442,103549,scotus
103442,103570,scotus
103442,107256,scotus
103442,103579,scotus
103442,103633,scotus
103442,107182,scotus
103442,104052,scotus
103442,104388,scotus
103442,104161,scotus
103442,103531,scotus
103442,104202,scotus
103442,104228,scotus
103442,104231,scotus
103442,117855,scotus
103442,104238,scotus
103442,104239,scotus
103442,103858,scotus
103442,104273,scotus
103442,104602,scotus
103442,104288,scotus
103442,104554,scotus
103442,104307,scotus
103442,104329,scotus
103442,103795,scotus
103442,104623,scotus
103442,104634,scotus
103442,104585,scotus
103442,117927,scotus
103442,103824,scotus
103442,218927,scotus
103442,146552,scotus
103442,1087606,scotus
103442,803267,scotus
103442,9401905,scotus
103442,9406660,scotus
103442,6619822,scotus
103442,10049684,scotus
103442,10049675,scotus
103442,109499,scotus
103442,109499,scotus
103442,110799,scotus
103442,110799,scotus
103442,111308,scotus
103442,111308,scotus
103442,111308,scotus
103442,103522,scotus
103442,103915,scotus
103442,103962,scotus
103442,104610,scotus
103442,105525,scotus
103442,109499,scotus
103442,103915,scotus
103442,105525,scotus
103442,9231323,scotus
103442,7345712,scotus
103442,809122,scotus
103442,809122,scotus
103442,146552,scotus
103442,218927,scotus
103442,118407,scotus
103442,799995,scotus
103442,799995,scotus
103442,799995,scotus
103442,110516,scotus
103442,110516,scotus
103442,110718,scotus
103442,110881,scotus
103442,110881,scotus
103442,110794,scotus
103442,111690,scotus
103442,111932,scotus
103442,112768,scotus
103442,110441,scotus
103442,112768,scotus
103486,219105,scotus
103486,111547,scotus
103486,108431,scotus
103486,110525,scotus
103486,108772,scotus
103486,108329,scotus
103486,110085,scotus
103486,112316,scotus
103486,107840,scotus
103486,109016,scotus
103486,104125,scotus
103486,108484,scotus
103486,108193,scotus
103486,109097,scotus
103486,109643,scotus
103486,109776,scotus
103486,118054,scotus
103486,107689,scotus
103486,108730,scotus
103486,107679,scotus
103486,107689,scotus
103486,108730,scotus
103486,219105,scotus
103486,110525,scotus
103486,111547,scotus
103486,112316,scotus
103486,118054,scotus
103486,118054,scotus
103486,118054,scotus
103508,111541,scotus
103508,106229,scotus
103508,105061,scotus
103508,105935,scotus
103508,105326,scotus
103508,105130,scotus
103508,105498,scotus
103508,108764,scotus
103508,108804,scotus
103508,112565,scotus
103508,109271,scotus
103508,109290,scotus
103508,109662,scotus
103508,112827,scotus
103508,104454,scotus
103508,108161,scotus
103508,104532,scotus
103508,104917,scotus
103508,104792,scotus
103508,103563,scotus
103508,103609,scotus
103508,104429,scotus
103508,104602,scotus
103508,104563,scotus
103508,103775,scotus
103508,104587,scotus
103508,103736,scotus
103508,103870,scotus
103508,103736,scotus
103508,103736,scotus
103508,103870,scotus
103508,111541,scotus
103508,112565,scotus
103508,112827,scotus
103518,105402,scotus
103518,106203,scotus
103518,106496,scotus
103518,105995,scotus
103518,105177,scotus
103518,105999,scotus
103518,105063,scotus
103518,105187,scotus
103518,105065,scotus
103518,105487,scotus
103518,105013,scotus
103518,105673,scotus
103518,105037,scotus
103518,107127,scotus
103518,105698,scotus
103518,108890,scotus
103518,108895,scotus
103518,110773,scotus
103518,110775,scotus
103518,110823,scotus
103518,108018,scotus
103518,108370,scotus
103518,108409,scotus
103518,109215,scotus
103518,109194,scotus
103518,107915,scotus
103518,107672,scotus
103518,108829,scotus
103518,112684,scotus
103518,108329,scotus
103518,108626,scotus
103518,109299,scotus
103518,110030,scotus
103518,104011,scotus
103518,103979,scotus
103518,104012,scotus
103518,107822,scotus
103518,104076,scotus
103518,109910,scotus
103518,111223,scotus
103518,109913,scotus
103518,104096,scotus
103518,111747,scotus
103518,107367,scotus
103518,118491,scotus
103518,104130,scotus
103518,108478,scotus
103518,108513,scotus
103518,110943,scotus
103518,118305,scotus
103518,104848,scotus
103518,106948,scotus
103518,109061,scotus
103518,107071,scotus
103518,105348,scotus
103518,103553,scotus
103518,107017,scotus
103518,105250,scotus
103518,109404,scotus
103518,103599,scotus
103518,107784,scotus
103518,107007,scotus
103518,107008,scotus
103518,103570,scotus
103518,108756,scotus
103518,104050,scotus
103518,104392,scotus
103518,112925,scotus
103518,107194,scotus
103518,104147,scotus
103518,117981,scotus
103518,104205,scotus
103518,103862,scotus
103518,117886,scotus
103518,104266,scotus
103518,106605,scotus
103518,104548,scotus
103518,103770,scotus
103518,104306,scotus
103518,104616,scotus
103518,104329,scotus
103518,104331,scotus
103518,104247,scotus
103518,104249,scotus
103518,104636,scotus
103518,103914,scotus
103518,9546124,scotus
103518,104610,scotus
103518,118491,scotus
103518,110773,scotus
103518,110823,scotus
103518,110775,scotus
103518,110943,scotus
103518,110943,scotus
103518,111747,scotus
103518,118305,scotus
103518,111223,scotus
103518,111223,scotus
103522,105285,scotus
103522,107082,scotus
103522,104970,scotus
103522,105244,scotus
103522,110487,scotus
103522,107663,scotus
103522,107702,scotus
103522,112478,scotus
103522,109803,scotus
103522,109303,scotus
103522,112141,scotus
103522,107797,scotus
103522,104020,scotus
103522,107439,scotus
103522,104135,scotus
103522,110380,scotus
103522,109592,scotus
103522,104891,scotus
103522,104917,scotus
103522,109423,scotus
103522,103633,scotus
103522,104548,scotus
103522,104286,scotus
103522,104624,scotus
103522,103557,scotus
103522,104610,scotus
103522,109450,scotus
103522,106576,scotus
103522,108889,scotus
103522,109450,scotus
103522,103557,scotus
103522,110380,scotus
103522,110487,scotus
103522,112141,scotus
103531,2365602,scotus
103531,902770,scotus
103531,106739,scotus
103531,106366,scotus
103531,105867,scotus
103531,106008,scotus
103531,105121,scotus
103531,105899,scotus
103531,104999,scotus
103531,105018,scotus
103531,106879,scotus
103531,107201,scotus
103531,107202,scotus
103531,106942,scotus
103531,110764,scotus
103531,108906,scotus
103531,110766,scotus
103531,110478,scotus
103531,108747,scotus
103531,108375,scotus
103531,107656,scotus
103531,112738,scotus
103531,110589,scotus
103531,108620,scotus
103531,118382,scotus
103531,112116,scotus
103531,112313,scotus
103531,104011,scotus
103531,103998,scotus
103531,104135,scotus
103531,109009,scotus
103531,112162,scotus
103531,111781,scotus
103531,108153,scotus
103531,112203,scotus
103531,103664,scotus
103531,110236,scotus
103531,108221,scotus
103531,108076,scotus
103531,110246,scotus
103531,110418,scotus
103531,2443377,scotus
103531,109053,scotus
103531,104889,scotus
103531,104890,scotus
103531,109387,scotus
103531,110353,scotus
103531,109380,scotus
103531,107033,scotus
103531,106989,scotus
103531,111556,scotus
103531,106850,scotus
103531,109402,scotus
103531,104374,scotus
103531,106856,scotus
103531,106170,scotus
103531,107197,scotus
103531,105981,scotus
103531,104047,scotus
103531,118098,scotus
103531,118152,scotus
103531,103921,scotus
103531,104593,scotus
103531,106547,scotus
103531,118012,scotus
103531,117935,scotus
103531,104311,scotus
103531,104588,scotus
103531,145627,scotus
103531,142896,scotus
103531,2621075,scotus
103531,145706,scotus
103531,9409605,scotus
103531,9484377,scotus
103531,10049660,scotus
103531,107919,scotus
103531,108362,scotus
103531,103962,scotus
103531,109881,scotus
103531,107919,scotus
103531,108362,scotus
103531,109881,scotus
103531,902770,scotus
103531,902770,scotus
103531,145627,scotus
103531,118382,scotus
103531,142896,scotus
103531,2621075,scotus
103531,110236,scotus
103531,110246,scotus
103531,110418,scotus
103531,111781,scotus
103531,111781,scotus
103531,110478,scotus
103531,110764,scotus
103531,110766,scotus
103531,110766,scotus
103531,111556,scotus
103531,112203,scotus
103531,112116,scotus
103531,112162,scotus
103531,110589,scotus
103531,110589,scotus
103531,112313,scotus
103548,106365,scotus
103548,105913,scotus
103548,109015,scotus
103548,103720,scotus
103548,108350,scotus
103548,108350,scotus
103548,108350,scotus
103578,105458,scotus
103578,104522,scotus
103578,103675,scotus
103578,110330,scotus
103578,104816,scotus
103578,104367,scotus
103578,104408,scotus
103578,104055,scotus
103578,103917,scotus
103578,103916,scotus
103578,103916,scotus
103578,103916,scotus
103633,106495,scotus
103633,107082,scotus
103633,107672,scotus
103633,107677,scotus
103633,108552,scotus
103633,112518,scotus
103633,109973,scotus
103633,104007,scotus
103633,109875,scotus
103633,104086,scotus
103633,104114,scotus
103633,104116,scotus
103633,112169,scotus
103633,118502,scotus
103633,104455,scotus
103633,103716,scotus
103633,2363931,scotus
103633,109058,scotus
103633,109061,scotus
103633,106966,scotus
103633,110315,scotus
103633,104200,scotus
103633,106611,scotus
103633,103750,scotus
103633,104291,scotus
103633,103915,scotus
103633,103915,scotus
103633,103915,scotus
103633,110516,scotus
103633,110315,scotus
103633,112169,scotus
103642,111468,scotus
103642,104674,scotus
103642,111516,scotus
103642,105268,scotus
103642,106013,scotus
103642,109193,scotus
103642,107702,scotus
103642,107646,scotus
103642,104104,scotus
103642,110146,scotus
103642,103680,scotus
103642,4601078,scotus
103642,4605151,scotus
103642,106352,scotus
103642,112929,scotus
103642,108754,scotus
103642,103799,scotus
103642,103809,scotus
103642,9408684,scotus
103642,10049670,scotus
103642,118273,scotus
103642,118273,scotus
103642,111516,scotus
103642,111468,scotus
103654,105830,scotus
103654,106011,scotus
103654,105001,scotus
103654,106308,scotus
103654,108361,scotus
103654,108444,scotus
103654,108798,scotus
103654,110561,scotus
103654,112643,scotus
103654,109836,scotus
103654,109271,scotus
103654,111164,scotus
103654,109870,scotus
103654,109871,scotus
103654,107489,scotus
103654,109727,scotus
103654,107325,scotus
103654,112836,scotus
103654,110992,scotus
103654,109090,scotus
103654,109092,scotus
103654,110188,scotus
103654,118303,scotus
103654,112774,scotus
103654,104917,scotus
103654,106761,scotus
103654,104790,scotus
103654,110312,scotus
103654,112899,scotus
103654,104914,scotus
103654,108848,scotus
103654,107188,scotus
103654,118458,scotus
103654,117963,scotus
103654,103832,scotus
103654,103833,scotus
103654,103797,scotus
103654,117924,scotus
103654,103831,scotus
103654,109450,scotus
103654,109450,scotus
103654,109450,scotus
103654,103831,scotus
103654,118458,scotus
103654,110188,scotus
103654,110312,scotus
103654,110561,scotus
103654,110992,scotus
103654,111164,scotus
103654,112643,scotus
103654,118303,scotus
103654,112774,scotus
103654,112899,scotus
103654,112836,scotus
103664,2443377,scotus
103664,107564,scotus
103664,107564,scotus
103664,107564,scotus
103664,107564,scotus
103664,7350871,scotus
103664,622304,scotus
103664,118443,scotus
103664,110754,scotus
103664,111666,scotus
103664,111143,scotus
103664,112890,scotus
103678,104646,scotus
103678,104734,scotus
103678,105405,scotus
103678,105131,scotus
103678,105178,scotus
103678,106009,scotus
103678,105070,scotus
103678,106542,scotus
103678,107223,scotus
103678,112425,scotus
103678,122254,scotus
103678,108330,scotus
103678,109287,scotus
103678,103966,scotus
103678,107491,scotus
103678,108495,scotus
103678,104522,scotus
103678,103721,scotus
103678,103725,scotus
103678,104523,scotus
103678,104540,scotus
103678,106757,scotus
103678,118051,scotus
103678,106805,scotus
103678,104816,scotus
103678,104367,scotus
103678,107870,scotus
103678,106657,scotus
103678,104549,scotus
103678,104551,scotus
103678,103916,scotus
103678,103916,scotus
103678,122254,scotus
103678,112425,scotus
103678,118051,scotus
103705,106000,scotus
103705,106142,scotus
103705,105498,scotus
103705,106311,scotus
103705,105608,scotus
103705,2452958,scotus
103705,103956,scotus
103705,112103,scotus
103705,107489,scotus
103705,110894,scotus
103705,2540824,scotus
103705,104843,scotus
103705,112881,scotus
103705,107871,scotus
103705,104373,scotus
103705,104842,scotus
103705,104216,scotus
103705,104184,scotus
103705,103865,scotus
103705,103933,scotus
103705,103830,scotus
103705,103940,scotus
103705,103832,scotus
103705,103833,scotus
103705,104623,scotus
103705,107979,scotus
103705,103831,scotus
103705,103870,scotus
103705,103927,scotus
103705,107979,scotus
103705,103831,scotus
103705,103831,scotus
103705,103870,scotus
103705,110894,scotus
103705,112103,scotus
103705,112881,scotus
103707,145795,scotus
103707,1087822,scotus
103707,111504,scotus
103707,104718,scotus
103707,105155,scotus
103707,106534,scotus
103707,105326,scotus
103707,105004,scotus
103707,106267,scotus
103707,105018,scotus
103707,108860,scotus
103707,108698,scotus
103707,107701,scotus
103707,137001,scotus
103707,136999,scotus
103707,137000,scotus
103707,104132,scotus
103707,104521,scotus
103707,109077,scotus
103707,2620730,scotus
103707,118230,scotus
103707,118230,scotus
103707,118230,scotus
103707,105525,scotus
103707,105525,scotus
103707,136999,scotus
103707,137000,scotus
103707,137001,scotus
103707,137001,scotus
103707,137001,scotus
103707,137001,scotus
103707,111504,scotus
103736,104658,scotus
103736,105378,scotus
103736,105126,scotus
103736,104968,scotus
103736,105001,scotus
103736,105728,scotus
103736,105537,scotus
103736,105743,scotus
103736,105219,scotus
103736,107900,scotus
103736,112659,scotus
103736,104010,scotus
103736,104061,scotus
103736,104139,scotus
103736,104140,scotus
103736,104132,scotus
103736,104443,scotus
103736,104533,scotus
103736,104509,scotus
103736,110332,scotus
103736,107359,scotus
103736,104866,scotus
103736,106761,scotus
103736,104361,scotus
103736,104916,scotus
103736,104400,scotus
103736,104402,scotus
103736,104393,scotus
103736,103783,scotus
103736,104568,scotus
103736,103900,scotus
103736,2764117,scotus
103736,2764117,scotus
103736,2764117,scotus
103736,103962,scotus
103736,105543,scotus
103736,105543,scotus
103736,105543,scotus
103736,945737,scotus
103736,110332,scotus
103736,110984,scotus
103736,110984,scotus
103736,111271,scotus
103736,112659,scotus
103736,118161,scotus
103736,112386,scotus
103761,104700,scotus
103761,104705,scotus
103761,105871,scotus
103761,105170,scotus
103761,107229,scotus
103761,105010,scotus
103761,111209,scotus
103761,111094,scotus
103761,104459,scotus
103761,3177215,scotus
103761,3170730,scotus
103761,112849,scotus
103761,104389,scotus
103761,104320,scotus
103761,104704,scotus
103761,3170730,scotus
103761,111094,scotus
103795,104697,scotus
103795,106101,scotus
103795,108805,scotus
103795,104009,scotus
103795,104141,scotus
103795,104113,scotus
103795,104123,scotus
103795,104747,scotus
103795,104616,scotus
103795,103870,scotus
103795,103915,scotus
103795,103870,scotus
103795,103915,scotus
103816,105381,scotus
103816,105110,scotus
103816,105037,scotus
103816,112641,scotus
103816,109972,scotus
103816,107635,scotus
103816,108969,scotus
103816,110895,scotus
103816,109067,scotus
103816,2540705,scotus
103816,108754,scotus
103816,109478,scotus
103816,103856,scotus
103816,104577,scotus
103816,9408684,scotus
103816,9406660,scotus
103816,103869,scotus
103816,104641,scotus
103816,103869,scotus
103816,103869,scotus
103816,110895,scotus
103816,112641,scotus
103870,2659301,scotus
103870,4892570,scotus
103870,4894053,scotus
103870,4898458,scotus
103870,4900457,scotus
103870,106443,scotus
103870,1087888,scotus
103870,4958317,scotus
103870,111464,scotus
103870,104668,scotus
103870,106658,scotus
103870,106837,scotus
103870,105751,scotus
103870,105752,scotus
103870,106221,scotus
103870,106223,scotus
103870,105902,scotus
103870,106251,scotus
103870,106249,scotus
103870,105497,scotus
103870,105498,scotus
103870,107082,scotus
103870,105001,scotus
103870,106308,scotus
103870,106282,scotus
103870,106268,scotus
103870,105743,scotus
103870,106281,scotus
103870,110765,scotus
103870,5305924,scotus
103870,108367,scotus
103870,108369,scotus
103870,108030,scotus
103870,112404,scotus
103870,112398,scotus
103870,110841,scotus
103870,109199,scotus
103870,107663,scotus
103870,107737,scotus
103870,107900,scotus
103870,112593,scotus
103870,112472,scotus
103870,108605,scotus
103870,108323,scotus
103870,108285,scotus
103870,111596,scotus
103870,110599,scotus
103870,108611,scotus
103870,109836,scotus
103870,108331,scotus
103870,112277,scotus
103870,109291,scotus
103870,111616,scotus
103870,118377,scotus
103870,118384,scotus
103870,111688,scotus
103870,112304,scotus
103870,112326,scotus
103870,109661,scotus
103870,111690,scotus
103870,112141,scotus
103870,103976,scotus
103870,112330,scotus
103870,107841,scotus
103870,112331,scotus
103870,109679,scotus
103870,111252,scotus
103870,104135,scotus
103870,111738,scotus
103870,104061,scotus
103870,108988,scotus
103870,111301,scotus
103870,108499,scotus
103870,111256,scotus
103870,112808,scotus
103870,111781,scotus
103870,108530,scotus
103870,104455,scotus
103870,109494,scotus
103870,104520,scotus
103870,110232,scotus
103870,109517,scotus
103870,104467,scotus
103870,111100,scotus
103870,111434,scotus
103870,111014,scotus
103870,111979,scotus
103870,109092,scotus
103870,109136,scotus
103870,110401,scotus
103870,110420,scotus
103870,109638,scotus
103870,110333,scotus
103870,145702,scotus
103870,799990,scotus
103870,799993,scotus
103870,2959749,scotus
103870,2812589,scotus
103870,2812209,scotus
103870,2809762,scotus
103870,2672525,scotus
103870,4507882,scotus
103870,4503818,scotus
103870,4503819,scotus
103870,2681318,scotus
103870,4511150,scotus
103870,2674862,scotus
103870,4746633,scotus
103870,3197852,scotus
103870,4503544,scotus
103870,4511640,scotus
103870,802771,scotus
103870,4764453,scotus
103870,108069,scotus
103870,112786,scotus
103870,112779,scotus
103870,110292,scotus
103870,104843,scotus
103870,104790,scotus
103870,112881,scotus
103870,118061,scotus
103870,106856,scotus
103870,112451,scotus
103870,112453,scotus
103870,109406,scotus
103870,104914,scotus
103870,105972,scotus
103870,118455,scotus
103870,104373,scotus
103870,108261,scotus
103870,136984,scotus
103870,104162,scotus
103870,108269,scotus
103870,117960,scotus
103870,107167,scotus
103870,118139,scotus
103870,121170,scotus
103870,121171,scotus
103870,103933,scotus
103870,117869,scotus
103870,104304,scotus
103870,106559,scotus
103870,104623,scotus
103870,104588,scotus
103870,145626,scotus
103870,145672,scotus
103870,142895,scotus
103870,142896,scotus
103870,2621017,scotus
103870,145707,scotus
103870,145810,scotus
103870,145706,scotus
103870,903975,scotus
103870,6468902,scotus
103870,9410787,scotus
103870,103870,scotus
103870,103927,scotus
103870,103962,scotus
103870,104285,scotus
103870,104610,scotus
103870,104285,scotus
103870,9231239,scotus
103870,10592873,scotus
103870,9231323,scotus
103870,9231327,scotus
103870,2674862,scotus
103870,802771,scotus
103870,145810,scotus
103870,136984,scotus
103870,136984,scotus
103870,136984,scotus
103870,136984,scotus
103870,145702,scotus
103870,121170,scotus
103870,121171,scotus
103870,142895,scotus
103870,142895,scotus
103870,142895,scotus
103870,145626,scotus
103870,118377,scotus
103870,799990,scotus
103870,799993,scotus
103870,118384,scotus
103870,118455,scotus
103870,118455,scotus
103870,118455,scotus
103870,142896,scotus
103870,2621017,scotus
103870,110333,scotus
103870,110292,scotus
103870,110292,scotus
103870,110401,scotus
103870,110599,scotus
103870,110232,scotus
103870,110232,scotus
103870,110841,scotus
103870,110420,scotus
103870,111301,scotus
103870,111301,scotus
103870,111100,scotus
103870,111100,scotus
103870,111301,scotus
103870,111252,scotus
103870,111690,scotus
103870,111781,scotus
103870,110765,scotus
103870,110765,scotus
103870,111616,scotus
103870,111256,scotus
103870,110765,scotus
103870,111596,scotus
103870,111596,scotus
103870,111979,scotus
103870,111738,scotus
103870,112141,scotus
103870,112304,scotus
103870,112304,scotus
103870,111434,scotus
103870,111688,scotus
103870,111464,scotus
103870,112326,scotus
103870,111014,scotus
103870,112593,scotus
103870,112330,scotus
103870,112330,scotus
103870,112277,scotus
103870,112331,scotus
103870,117869,scotus
103870,112808,scotus
103870,112881,scotus
103870,112451,scotus
103870,112451,scotus
103870,112453,scotus
103870,118139,scotus
103870,112779,scotus
103870,118139,scotus
103870,118139,scotus
103870,112786,scotus
103870,112786,scotus
103875,106740,scotus
103875,106819,scotus
103875,105821,scotus
103875,106383,scotus
103875,105930,scotus
103875,106534,scotus
103875,105484,scotus
103875,105493,scotus
103875,106283,scotus
103875,104980,scotus
103875,105220,scotus
103875,105222,scotus
103875,105018,scotus
103875,105020,scotus
103875,106879,scotus
103875,105609,scotus
103875,106945,scotus
103875,108384,scotus
103875,108373,scotus
103875,108781,scotus
103875,107901,scotus
103875,112664,scotus
103875,108296,scotus
103875,110742,scotus
103875,137001,scotus
103875,103950,scotus
103875,111869,scotus
103875,111882,scotus
103875,104011,scotus
103875,104015,scotus
103875,104040,scotus
103875,107605,scotus
103875,107480,scotus
103875,109012,scotus
103875,109013,scotus
103875,109930,scotus
103875,108527,scotus
103875,109523,scotus
103875,112219,scotus
103875,104494,scotus
103875,104506,scotus
103875,118340,scotus
103875,110338,scotus
103875,145702,scotus
103875,6461470,scotus
103875,6463787,scotus
103875,3216495,scotus
103875,107554,scotus
103875,104845,scotus
103875,104894,scotus
103875,111669,scotus
103875,105659,scotus
103875,104790,scotus
103875,109553,scotus
103875,104043,scotus
103875,104347,scotus
103875,107182,scotus
103875,112905,scotus
103875,106654,scotus
103875,108751,scotus
103875,104234,scotus
103875,104590,scotus
103875,104546,scotus
103875,103940,scotus
103875,104616,scotus
103875,104246,scotus
103875,104580,scotus
103875,117944,scotus
103875,106425,scotus
103875,9410338,scotus
103875,10049657,scotus
103875,107980,scotus
103875,117947,scotus
103875,107980,scotus
103875,117947,scotus
103875,117947,scotus
103875,3216495,scotus
103875,145702,scotus
103875,145702,scotus
103875,137001,scotus
103875,110338,scotus
103875,110338,scotus
103875,110338,scotus
103875,110742,scotus
103875,111669,scotus
103875,112664,scotus
103875,112219,scotus
103875,112905,scotus
103976,106660,scotus
103976,106658,scotus
103976,106251,scotus
103976,106249,scotus
103976,112404,scotus
103976,108285,scotus
103976,109831,scotus
103976,112271,scotus
103976,108165,scotus
103976,111826,scotus
103976,108530,scotus
103976,108115,scotus
103976,111014,scotus
103976,110380,scotus
103976,110440,scotus
103976,106995,scotus
103976,106761,scotus
103976,104790,scotus
103976,104347,scotus
103976,104390,scotus
103976,117966,scotus
103976,104334,scotus
103976,111404,scotus
103976,104285,scotus
103976,104285,scotus
103976,110380,scotus
103976,111826,scotus
103976,110440,scotus
103976,112271,scotus
103976,111014,scotus
103976,117966,scotus
103979,106833,scotus
103979,111510,scotus
103979,105402,scotus
103979,106510,scotus
103979,106089,scotus
103979,106492,scotus
103979,106304,scotus
103979,105236,scotus
103979,106267,scotus
103979,106274,scotus
103979,106323,scotus
103979,110820,scotus
103979,108011,scotus
103979,108409,scotus
103979,108783,scotus
103979,109194,scotus
103979,108347,scotus
103979,110584,scotus
103979,112710,scotus
103979,112273,scotus
103979,110041,scotus
103979,109859,scotus
103979,107622,scotus
103979,107627,scotus
103979,107628,scotus
103979,112103,scotus
103979,104070,scotus
103979,111221,scotus
103979,111223,scotus
103979,109011,scotus
103979,104112,scotus
103979,104130,scotus
103979,111306,scotus
103979,104447,scotus
103979,104448,scotus
103979,110190,scotus
103979,104459,scotus
103979,110985,scotus
103979,111120,scotus
103979,112241,scotus
103979,108090,scotus
103979,109078,scotus
103979,109576,scotus
103979,104848,scotus
103979,107071,scotus
103979,107072,scotus
103979,104856,scotus
103979,105347,scotus
103979,104812,scotus
103979,104903,scotus
103979,104376,scotus
103979,106776,scotus
103979,104391,scotus
103979,104392,scotus
103979,104161,scotus
103979,117981,scotus
103979,104205,scotus
103979,104430,scotus
103979,104431,scotus
103979,118020,scotus
103979,104320,scotus
103979,104616,scotus
103979,104331,scotus
103979,104247,scotus
103979,104639,scotus
103979,145903,scotus
103979,1087606,scotus
103979,8509976,scotus
103979,104704,scotus
103979,145903,scotus
103979,110190,scotus
103979,111306,scotus
103979,110985,scotus
103979,111120,scotus
103979,111510,scotus
103979,112103,scotus
103979,110584,scotus
103979,112241,scotus
103979,111223,scotus
103981,104710,scotus
103981,104712,scotus
103981,111542,scotus
103981,106512,scotus
103981,106625,scotus
103981,106106,scotus
103981,105912,scotus
103981,105917,scotus
103981,105149,scotus
103981,105297,scotus
103981,105194,scotus
103981,105333,scotus
103981,105229,scotus
103981,105741,scotus
103981,105745,scotus
103981,106278,scotus
103981,106879,scotus
103981,106284,scotus
103981,106877,scotus
103981,105690,scotus
103981,106881,scotus
103981,108800,scotus
103981,112601,scotus
103981,108605,scotus
103981,108301,scotus
103981,111614,scotus
103981,118380,scotus
103981,104006,scotus
103981,104010,scotus
103981,104087,scotus
103981,104135,scotus
103981,104108,scotus
103981,112847,scotus
103981,107319,scotus
103981,111779,scotus
103981,107336,scotus
103981,104455,scotus
103981,104467,scotus
103981,104491,scotus
103981,104497,scotus
103981,108231,scotus
103981,110431,scotus
103981,105449,scotus
103981,110300,scotus
103981,104933,scotus
103981,107261,scotus
103981,112452,scotus
103981,106862,scotus
103981,105977,scotus
103981,104151,scotus
103981,104387,scotus
103981,111364,scotus
103981,104429,scotus
103981,104545,scotus
103981,104603,scotus
103981,106558,scotus
103981,104304,scotus
103981,104243,scotus
103981,127891,scotus
103981,127927,scotus
103981,104309,scotus
103981,106421,scotus
103981,106883,scotus
103981,107252,scotus
103981,107252,scotus
103981,107252,scotus
103981,106883,scotus
103981,107252,scotus
103981,118380,scotus
103981,127927,scotus
103981,127927,scotus
103981,110300,scotus
103981,110431,scotus
103981,111364,scotus
103981,111779,scotus
103981,111779,scotus
103981,112601,scotus
103981,112452,scotus
103981,112847,scotus
103981,111542,scotus
103981,111614,scotus
103990,626454,scotus
103990,104652,scotus
103990,104723,scotus
103990,106846,scotus
103990,105829,scotus
103990,105076,scotus
103990,105230,scotus
103990,105210,scotus
103990,110780,scotus
103990,108779,scotus
103990,112636,scotus
103990,110068,scotus
103990,109900,scotus
103990,112167,scotus
103990,104533,scotus
103990,110229,scotus
103990,110439,scotus
103990,4512666,scotus
103990,106448,scotus
103990,118080,scotus
103990,104350,scotus
103990,104437,scotus
103990,104291,scotus
103990,104307,scotus
103990,104628,scotus
103990,104339,scotus
103990,104587,scotus
103990,4510032,scotus
103990,9398334,scotus
103990,9400078,scotus
103990,10049695,scotus
103990,10316927,scotus
103990,10316651,scotus
103990,104965,scotus
103990,104965,scotus
103990,104965,scotus
103990,626454,scotus
103990,110229,scotus
103990,110780,scotus
103990,110439,scotus
103990,112167,scotus
103990,112636,scotus
104037,106510,scotus
104037,105265,scotus
104037,105266,scotus
104037,105810,scotus
104037,106243,scotus
104037,105163,scotus
104037,107220,scotus
104037,105011,scotus
104037,108722,scotus
104037,112422,scotus
104037,107705,scotus
104037,1116266,scotus
104037,108494,scotus
104037,104463,scotus
104037,104469,scotus
104037,104473,scotus
104037,105455,scotus
104037,106970,scotus
104037,104827,scotus
104037,104915,scotus
104037,107255,scotus
104037,107870,scotus
104037,104055,scotus
104037,107161,scotus
104037,104178,scotus
104037,104549,scotus
104037,104550,scotus
104037,104551,scotus
104037,104630,scotus
104037,111218,scotus
104037,111218,scotus
104037,111218,scotus
104037,112422,scotus
104040,104668,scotus
104040,105103,scotus
104040,105716,scotus
104040,106282,scotus
104040,106283,scotus
104040,104980,scotus
104040,105222,scotus
104040,106945,scotus
104040,108787,scotus
104040,109012,scotus
104040,109930,scotus
104040,104494,scotus
104040,104506,scotus
104040,110338,scotus
104040,105659,scotus
104040,107197,scotus
104040,104589,scotus
104040,107971,scotus
104040,104564,scotus
104040,104580,scotus
104040,117947,scotus
104040,117947,scotus
104040,117947,scotus
104040,117947,scotus
104040,117947,scotus
104040,117947,scotus
104040,10373795,scotus
104040,4630267,scotus
104040,9231323,scotus
104040,931125,scotus
104040,145702,scotus
104040,130155,scotus
104040,137001,scotus
104040,137001,scotus
104040,110338,scotus
104040,110338,scotus
104040,110246,scotus
104040,110762,scotus
104040,111616,scotus
104040,111388,scotus
104040,112275,scotus
104040,112219,scotus
104040,117871,scotus
104040,112833,scotus
104040,112176,scotus
104041,104736,scotus
104041,106722,scotus
104041,105094,scotus
104041,105187,scotus
104041,105573,scotus
104041,110820,scotus
104041,109183,scotus
104041,109827,scotus
104041,112340,scotus
104041,107822,scotus
104041,107063,scotus
104041,104790,scotus
104041,104415,scotus
104041,104173,scotus
104041,104611,scotus
104041,104610,scotus
104041,110820,scotus
104041,112340,scotus
104057,214949,scotus
104057,4879558,scotus
104057,111503,scotus
104057,111500,scotus
104057,104700,scotus
104057,106821,scotus
104057,105869,scotus
104057,104956,scotus
104057,110792,scotus
104057,112423,scotus
104057,110734,scotus
104057,109272,scotus
104057,110033,scotus
104057,110031,scotus
104057,111742,scotus
104057,109720,scotus
104057,109919,scotus
104057,109009,scotus
104057,109940,scotus
104057,118504,scotus
104057,111094,scotus
104057,111949,scotus
104057,109520,scotus
104057,109574,scotus
104057,109128,scotus
104057,118318,scotus
104057,110753,scotus
104057,118087,scotus
104057,118134,scotus
104057,109479,scotus
104057,106604,scotus
104057,118236,scotus
104057,104339,scotus
104057,104264,scotus
104057,117883,scotus
104057,215071,scotus
104057,118011,scotus
104057,108990,scotus
104057,108990,scotus
104057,118011,scotus
104057,118011,scotus
104057,7343954,scotus
104057,215071,scotus
104057,110734,scotus
104057,110792,scotus
104057,110753,scotus
104057,111094,scotus
104057,111742,scotus
104057,111503,scotus
104057,111949,scotus
104057,118318,scotus
104057,112423,scotus
104057,118134,scotus
104057,118134,scotus
104079,105750,scotus
104079,105372,scotus
104079,106822,scotus
104079,105074,scotus
104079,106300,scotus
104079,105241,scotus
104079,105745,scotus
104079,105589,scotus
104079,110604,scotus
104079,111169,scotus
104079,104137,scotus
104079,104125,scotus
104079,104129,scotus
104079,104457,scotus
104079,104461,scotus
104079,110920,scotus
104079,111017,scotus
104079,104539,scotus
104079,104779,scotus
104079,104936,scotus
104079,107174,scotus
104079,104196,scotus
104079,104948,scotus
104079,106548,scotus
104079,104575,scotus
104079,104333,scotus
104079,145838,scotus
104079,118230,scotus
104079,118230,scotus
104079,118230,scotus
104079,118230,scotus
104079,9053437,scotus
104079,9035388,scotus
104079,9035388,scotus
104079,110920,scotus
104079,111017,scotus
104108,106699,scotus
104108,104710,scotus
104108,105436,scotus
104108,106625,scotus
104108,105074,scotus
104108,105912,scotus
104108,105917,scotus
104108,105149,scotus
104108,105194,scotus
104108,105333,scotus
104108,105229,scotus
104108,107082,scotus
104108,105533,scotus
104108,105741,scotus
104108,106278,scotus
104108,104997,scotus
104108,105683,scotus
104108,106284,scotus
104108,105024,scotus
104108,105690,scotus
104108,106881,scotus
104108,108429,scotus
104108,112566,scotus
104108,107932,scotus
104108,107890,scotus
104108,112601,scotus
104108,108608,scotus
104108,118380,scotus
104108,109905,scotus
104108,107439,scotus
104108,104135,scotus
104108,104139,scotus
104108,107319,scotus
104108,108488,scotus
104108,104455,scotus
104108,104491,scotus
104108,104497,scotus
104108,109540,scotus
104108,109541,scotus
104108,105449,scotus
104108,107359,scotus
104108,104933,scotus
104108,104355,scotus
104108,106170,scotus
104108,104943,scotus
104108,106862,scotus
104108,110317,scotus
104108,104151,scotus
104108,111364,scotus
104108,118184,scotus
104108,104603,scotus
104108,104605,scotus
104108,104321,scotus
104108,104304,scotus
104108,127891,scotus
104108,127927,scotus
104108,106421,scotus
104108,107252,scotus
104108,107252,scotus
104108,118380,scotus
104108,127927,scotus
104108,111364,scotus
104108,110317,scotus
104108,112601,scotus
104108,112566,scotus
104108,118184,scotus
104139,104658,scotus
104139,105378,scotus
104139,106106,scotus
104139,105231,scotus
104139,104968,scotus
104139,104996,scotus
104139,108281,scotus
104139,110925,scotus
104139,109128,scotus
104139,104866,scotus
104139,104374,scotus
104139,104938,scotus
104139,104361,scotus
104139,104400,scotus
104139,104240,scotus
104139,104568,scotus
104139,9406660,scotus
104139,10049675,scotus
104139,2764117,scotus
104139,2764117,scotus
104139,2764117,scotus
104139,2764117,scotus
104139,105543,scotus
104139,105543,scotus
104139,110925,scotus
104182,1116658,scotus
104182,107199,scotus
104182,104380,scotus
104182,104380,scotus
104182,104380,scotus
104182,104380,scotus
104182,4762680,scotus
104182,6792710,scotus
104182,6792710,scotus
104182,6792710,scotus
104182,1722,scotus
104182,1722,scotus
104182,1722,scotus
104182,127912,scotus
104182,110956,scotus
104182,112102,scotus
104182,111491,scotus
104182,112102,scotus
104182,112121,scotus
104182,112616,scotus
104182,118319,scotus
104182,2528498,scotus
104183,1088003,scotus
104183,106661,scotus
104183,106838,scotus
104183,106357,scotus
104183,105901,scotus
104183,105259,scotus
104183,105409,scotus
104183,106521,scotus
104183,106522,scotus
104183,105053,scotus
104183,105931,scotus
104183,105318,scotus
104183,105116,scotus
104183,104972,scotus
104183,105728,scotus
104183,110482,scotus
104183,107647,scotus
104183,109207,scotus
104183,109265,scotus
104183,110743,scotus
104183,112268,scotus
104183,112076,scotus
104183,118437,scotus
104183,111822,scotus
104183,108515,scotus
104183,112169,scotus
104183,110438,scotus
104183,110253,scotus
104183,104755,scotus
104183,111768,scotus
104183,130162,scotus
104183,118153,scotus
104183,104548,scotus
104183,104328,scotus
104183,106598,scotus
104183,106440,scotus
104183,107973,scotus
104183,107973,scotus
104183,108889,scotus
104183,130162,scotus
104183,9137855,scotus
104183,110253,scotus
104183,110253,scotus
104183,110743,scotus
104183,111822,scotus
104183,111822,scotus
104183,110482,scotus
104183,110438,scotus
104183,110438,scotus
104183,112268,scotus
104183,118153,scotus
104183,118153,scotus
104183,112169,scotus
104191,107814,scotus
104191,109929,scotus
104191,109647,scotus
104191,106966,scotus
104191,104563,scotus
104191,104380,scotus
104191,104610,scotus
104191,104380,scotus
104194,106930,scotus
104194,108330,scotus
104194,2810526,scotus
104194,4895710,scotus
104194,104816,scotus
104194,104827,scotus
104194,104348,scotus
104194,104349,scotus
104194,106657,scotus
104194,107973,scotus
104194,107973,scotus
104216,104668,scotus
104216,111480,scotus
104216,104710,scotus
104216,106251,scotus
104216,106142,scotus
104216,106308,scotus
104216,106879,scotus
104216,107137,scotus
104216,110764,scotus
104216,110766,scotus
104216,110768,scotus
104216,108798,scotus
104216,107692,scotus
104216,112610,scotus
104216,108591,scotus
104216,108592,scotus
104216,111596,scotus
104216,108611,scotus
104216,109861,scotus
104216,118403,scotus
104216,109921,scotus
104216,110099,scotus
104216,111245,scotus
104216,111950,scotus
104216,109125,scotus
104216,4630087,scotus
104216,110549,scotus
104216,104917,scotus
104216,110292,scotus
104216,104914,scotus
104216,111755,scotus
104216,107871,scotus
104216,104373,scotus
104216,104842,scotus
104216,106609,scotus
104216,104545,scotus
104216,117895,scotus
104216,104570,scotus
104216,104623,scotus
104216,104635,scotus
104216,9484377,scotus
104216,109390,scotus
104216,109390,scotus
104216,109390,scotus
104216,109450,scotus
104216,109390,scotus
104216,109450,scotus
104216,118403,scotus
104216,110292,scotus
104216,110549,scotus
104216,110768,scotus
104216,111245,scotus
104216,111480,scotus
104216,110764,scotus
104216,110766,scotus
104216,111596,scotus
104216,111755,scotus
104216,112610,scotus
104216,112610,scotus
104216,111950,scotus
104216,117895,scotus
104222,104740,scotus
104222,106821,scotus
104222,105090,scotus
104222,106307,scotus
104222,110796,scotus
104222,108804,scotus
104222,107734,scotus
104222,108819,scotus
104222,109824,scotus
104222,109259,scotus
104222,112646,scotus
104222,110974,scotus
104222,111949,scotus
104222,111104,scotus
104222,112748,scotus
104222,112768,scotus
104222,110295,scotus
104222,110308,scotus
104222,109448,scotus
104222,104231,scotus
104222,104232,scotus
104222,104262,scotus
104222,145739,scotus
104222,109499,scotus
104222,109499,scotus
104222,111308,scotus
104222,111308,scotus
104222,111308,scotus
104222,111308,scotus
104222,112040,scotus
104222,109499,scotus
104222,112040,scotus
104222,145739,scotus
104222,110295,scotus
104222,110308,scotus
104222,110308,scotus
104222,111104,scotus
104222,110796,scotus
104222,110974,scotus
104222,112768,scotus
104222,112646,scotus
104222,111949,scotus
104231,106618,scotus
104231,106365,scotus
104231,106253,scotus
104231,105293,scotus
104231,105513,scotus
104231,107115,scotus
104231,107734,scotus
104231,110673,scotus
104231,109259,scotus
104231,110718,scotus
104231,112768,scotus
104231,104232,scotus
104231,104267,scotus
104231,104305,scotus
104231,104262,scotus
104231,109499,scotus
104231,109499,scotus
104231,111308,scotus
104231,111308,scotus
104231,109499,scotus
104231,110718,scotus
104231,112768,scotus
104252,105907,scotus
104252,105050,scotus
104252,107084,scotus
104252,104992,scotus
104252,145826,scotus
104252,112347,scotus
104252,108487,scotus
104252,104867,scotus
104252,104412,scotus
104252,106235,scotus
104252,106235,scotus
104252,106235,scotus
104252,106235,scotus
104252,106235,scotus
104253,104652,scotus
104253,104699,scotus
104253,104696,scotus
104253,105829,scotus
104253,106239,scotus
104253,105110,scotus
104253,105195,scotus
104253,104966,scotus
104253,105210,scotus
104253,105540,scotus
104253,107217,scotus
104253,108737,scotus
104253,111158,scotus
104253,109900,scotus
104253,111215,scotus
104253,111244,scotus
104253,107845,scotus
104253,111942,scotus
104253,108501,scotus
104253,109498,scotus
104253,104467,scotus
104253,110215,scotus
104253,109578,scotus
104253,104917,scotus
104253,111683,scotus
104253,104388,scotus
104253,104305,scotus
104253,104328,scotus
104253,104307,scotus
104253,104308,scotus
104253,106597,scotus
104253,104339,scotus
104253,104587,scotus
104253,110563,scotus
104253,110563,scotus
104253,110563,scotus
104253,111244,scotus
104253,111683,scotus
104253,111942,scotus
104253,111942,scotus
104253,111942,scotus
104256,105728,scotus
104256,105629,scotus
104256,109043,scotus
104256,109488,scotus
104256,111056,scotus
104256,110850,scotus
104256,104263,scotus
104256,107973,scotus
104256,104641,scotus
104256,107973,scotus
104256,111056,scotus
104256,110850,scotus
104303,105363,scotus
104303,106221,scotus
104303,105901,scotus
104303,105902,scotus
104303,106061,scotus
104303,105315,scotus
104303,106131,scotus
104303,106534,scotus
104303,106087,scotus
104303,106267,scotus
104303,105218,scotus
104303,105518,scotus
104303,105227,scotus
104303,110757,scotus
104303,110765,scotus
104303,109202,scotus
104303,107701,scotus
104303,112594,scotus
104303,108605,scotus
104303,108607,scotus
104303,108608,scotus
104303,118361,scotus
104303,110075,scotus
104303,112139,scotus
104303,111260,scotus
104303,109008,scotus
104303,109729,scotus
104303,108187,scotus
104303,110985,scotus
104303,108230,scotus
104303,109635,scotus
104303,3195998,scotus
104303,106973,scotus
104303,106447,scotus
104303,104894,scotus
104303,104923,scotus
104303,106988,scotus
104303,109402,scotus
104303,105659,scotus
104303,104374,scotus
104303,104790,scotus
104303,112881,scotus
104303,104373,scotus
104303,117916,scotus
104303,117925,scotus
104303,104311,scotus
104303,107081,scotus
104303,107081,scotus
104303,107343,scotus
104303,108186,scotus
104303,107081,scotus
104303,107343,scotus
104303,108186,scotus
104303,110985,scotus
104303,110757,scotus
104303,110765,scotus
104303,112139,scotus
104303,111260,scotus
104303,111260,scotus
104303,117916,scotus
104303,112594,scotus
104303,112881,scotus
104311,134735,scotus
104311,106739,scotus
104311,106366,scotus
104311,105059,scotus
104311,106127,scotus
104311,110790,scotus
104311,112717,scotus
104311,145777,scotus
104311,111737,scotus
104311,110980,scotus
104311,108221,scotus
104311,3191207,scotus
104311,4633469,scotus
104311,112768,scotus
104311,104808,scotus
104311,104874,scotus
104311,104784,scotus
104311,106850,scotus
104311,104375,scotus
104311,107783,scotus
104311,104371,scotus
104311,104442,scotus
104311,118129,scotus
104311,104593,scotus
104311,104602,scotus
104311,127905,scotus
104311,106547,scotus
104311,9506541,scotus
104311,107919,scotus
104311,107919,scotus
104311,145777,scotus
104311,127905,scotus
104311,127905,scotus
104311,134735,scotus
104311,9158193,scotus
104311,9158194,scotus
104311,110790,scotus
104311,111737,scotus
104311,110980,scotus
104311,112768,scotus
104311,118129,scotus
104320,104651,scotus
104320,104705,scotus
104320,104706,scotus
104320,107229,scotus
104320,104459,scotus
104320,104861,scotus
104320,104415,scotus
104320,104391,scotus
104320,104616,scotus
104320,104704,scotus
104336,104646,scotus
104336,106720,scotus
104336,105440,scotus
104336,105079,scotus
104336,106515,scotus
104336,106050,scotus
104336,105176,scotus
104336,106040,scotus
104336,110758,scotus
104336,108413,scotus
104336,107663,scotus
104336,107684,scotus
104336,107730,scotus
104336,110670,scotus
104336,107494,scotus
104336,108220,scotus
104336,104486,scotus
104336,109053,scotus
104336,105450,scotus
104336,107359,scotus
104336,104750,scotus
104336,107265,scotus
104336,108458,scotus
104336,118176,scotus
104336,107689,scotus
104336,107689,scotus
104336,110670,scotus
104336,118176,scotus
104353,107217,scotus
104353,104465,scotus
104353,110415,scotus
104353,4738310,scotus
104353,107554,scotus
104353,104894,scotus
104353,104790,scotus
104353,107451,scotus
104353,107192,scotus
104353,107453,scotus
104353,107081,scotus
104353,107081,scotus
104353,107081,scotus
104373,213843,scotus
104373,4764770,scotus
104373,4892570,scotus
104373,4898458,scotus
104373,4900457,scotus
104373,106443,scotus
104373,4958317,scotus
104373,111464,scotus
104373,106660,scotus
104373,111505,scotus
104373,111506,scotus
104373,106658,scotus
104373,105751,scotus
104373,106252,scotus
104373,106249,scotus
104373,104971,scotus
104373,105002,scotus
104373,105743,scotus
104373,106281,scotus
104373,105044,scotus
104373,106288,scotus
104373,108863,scotus
104373,108864,scotus
104373,108380,scotus
104373,108381,scotus
104373,110814,scotus
104373,107737,scotus
104373,107731,scotus
104373,110697,scotus
104373,108285,scotus
104373,109831,scotus
104373,110587,scotus
104373,111617,scotus
104373,110599,scotus
104373,111924,scotus
104373,107793,scotus
104373,109722,scotus
104373,112138,scotus
104373,112331,scotus
104373,109925,scotus
104373,108165,scotus
104373,112194,scotus
104373,108530,scotus
104373,110189,scotus
104373,104455,scotus
104373,104520,scotus
104373,109496,scotus
104373,110938,scotus
104373,131166,scotus
104373,108135,scotus
104373,109062,scotus
104373,111014,scotus
104373,111113,scotus
104373,111003,scotus
104373,110440,scotus
104373,110333,scotus
104373,145704,scotus
104373,799990,scotus
104373,799993,scotus
104373,2672525,scotus
104373,2674862,scotus
104373,4403793,scotus
104373,109251,scotus
104373,110749,scotus
104373,112779,scotus
104373,109380,scotus
104373,112881,scotus
104373,111561,scotus
104373,112887,scotus
104373,108757,scotus
104373,136984,scotus
104373,108851,scotus
104373,108852,scotus
104373,121168,scotus
104373,117966,scotus
104373,117967,scotus
104373,117870,scotus
104373,106559,scotus
104373,149702,scotus
104373,214467,scotus
104373,214063,scotus
104373,6468902,scotus
104373,6479298,scotus
104373,6623460,scotus
104373,6619004,scotus
104373,118133,scotus
104373,118386,scotus
104373,118133,scotus
104373,118386,scotus
104373,118386,scotus
104373,9231239,scotus
104373,4764770,scotus
104373,4764770,scotus
104373,2674862,scotus
104373,7343473,scotus
104373,7343473,scotus
104373,149702,scotus
104373,214467,scotus
104373,214467,scotus
104373,121168,scotus
104373,121168,scotus
104373,121168,scotus
104373,136984,scotus
104373,145704,scotus
104373,799990,scotus
104373,799990,scotus
104373,799990,scotus
104373,799993,scotus
104373,799993,scotus
104373,799993,scotus
104373,131166,scotus
104373,131166,scotus
104373,110333,scotus
104373,110189,scotus
104373,110189,scotus
104373,110189,scotus
104373,110599,scotus
104373,110749,scotus
104373,110938,scotus
104373,111113,scotus
104373,111113,scotus
104373,111505,scotus
104373,111505,scotus
104373,111506,scotus
104373,111506,scotus
104373,111506,scotus
104373,111924,scotus
104373,111617,scotus
104373,112138,scotus
104373,112194,scotus
104373,112194,scotus
104373,111561,scotus
104373,111003,scotus
104373,111003,scotus
104373,110697,scotus
104373,110440,scotus
104373,110440,scotus
104373,111464,scotus
104373,111464,scotus
104373,111464,scotus
104373,111464,scotus
104373,110587,scotus
104373,111014,scotus
104373,111014,scotus
104373,117966,scotus
104373,117966,scotus
104373,117967,scotus
104373,117967,scotus
104373,117967,scotus
104373,117967,scotus
104373,112138,scotus
104373,112331,scotus
104373,112331,scotus
104373,112331,scotus
104373,112331,scotus
104373,112881,scotus
104373,117870,scotus
104373,112881,scotus
104373,112887,scotus
104373,112779,scotus
104373,112779,scotus
104373,112779,scotus
104388,104652,scotus
104388,104699,scotus
104388,105829,scotus
104388,106229,scotus
104388,105195,scotus
104388,108737,scotus
104388,104859,scotus
104388,104862,scotus
104388,104869,scotus
104388,104416,scotus
104388,104574,scotus
104388,104587,scotus
104388,110563,scotus
104388,109835,scotus
104388,109835,scotus
104388,110563,scotus
104389,105417,scotus
104389,106368,scotus
104389,104954,scotus
104389,105337,scotus
104389,105010,scotus
104389,110481,scotus
104389,110934,scotus
104389,108092,scotus
104389,109419,scotus
104389,106763,scotus
104389,111751,scotus
104389,104595,scotus
104389,104616,scotus
104389,104704,scotus
104389,10371243,scotus
104389,111751,scotus
104389,111751,scotus
104422,104664,scotus
104422,104709,scotus
104422,105749,scotus
104422,106622,scotus
104422,106641,scotus
104422,106197,scotus
104422,106021,scotus
104422,106107,scotus
104422,105194,scotus
104422,106936,scotus
104422,108893,scotus
104422,108894,scotus
104422,134746,scotus
104422,107981,scotus
104422,107982,scotus
104422,108377,scotus
104422,110534,scotus
104422,108710,scotus
104422,108304,scotus
104422,112631,scotus
104422,108301,scotus
104422,108302,scotus
104422,109302,scotus
104422,109876,scotus
104422,107487,scotus
104422,111259,scotus
104422,107312,scotus
104422,111262,scotus
104422,107319,scotus
104422,107430,scotus
104422,111823,scotus
104422,118287,scotus
104422,110326,scotus
104422,3216497,scotus
104422,109755,scotus
104422,110754,scotus
104422,104769,scotus
104422,106777,scotus
104422,106180,scotus
104422,107872,scotus
104422,107465,scotus
104422,104603,scotus
104422,104605,scotus
104422,117905,scotus
104422,104576,scotus
104422,104585,scotus
104422,218926,scotus
104422,145887,scotus
104422,107979,scotus
104422,107979,scotus
104422,112608,scotus
104422,107979,scotus
104422,112608,scotus
104422,7345713,scotus
104422,145887,scotus
104422,145887,scotus
104422,218926,scotus
104422,134746,scotus
104422,110534,scotus
104422,110754,scotus
104422,111823,scotus
104422,111259,scotus
104422,111262,scotus
104422,117905,scotus
104422,118287,scotus
104422,112631,scotus
104459,104699,scotus
104459,104705,scotus
104459,105825,scotus
104459,105835,scotus
104459,105270,scotus
104459,105170,scotus
104459,105986,scotus
104459,104587,scotus
104459,104704,scotus
104463,104685,scotus
104463,104699,scotus
104463,104729,scotus
104463,104734,scotus
104463,106659,scotus
104463,105266,scotus
104463,105131,scotus
104463,105070,scotus
104463,107895,scotus
104463,107732,scotus
104463,109269,scotus
104463,109287,scotus
104463,112809,scotus
104463,104475,scotus
104463,109118,scotus
104463,106791,scotus
104463,104940,scotus
104463,104839,scotus
104463,104550,scotus
104463,104551,scotus
104463,104554,scotus
104463,104567,scotus
104463,146986,scotus
104463,111218,scotus
104463,111218,scotus
104463,111218,scotus
104463,6796077,scotus
104504,216733,scotus
104504,2654534,scotus
104504,4460853,scotus
104504,4460854,scotus
104504,623242,scotus
104504,104664,scotus
104504,111477,scotus
104504,104716,scotus
104504,111509,scotus
104504,104713,scotus
104504,105748,scotus
104504,105749,scotus
104504,106641,scotus
104504,106197,scotus
104504,106515,scotus
104504,105820,scotus
104504,106021,scotus
104504,106108,scotus
104504,105880,scotus
104504,105194,scotus
104504,105731,scotus
104504,106865,scotus
104504,105021,scotus
104504,108893,scotus
104504,108931,scotus
104504,112382,scotus
104504,110456,scotus
104504,108377,scotus
104504,110464,scotus
104504,112392,scotus
104504,110534,scotus
104504,110530,scotus
104504,109186,scotus
104504,107745,scotus
104504,108800,scotus
104504,108801,scotus
104504,107716,scotus
104504,108571,scotus
104504,107729,scotus
104504,107730,scotus
104504,112475,scotus
104504,108582,scotus
104504,108304,scotus
104504,111583,scotus
104504,110612,scotus
104504,111611,scotus
104504,110636,scotus
104504,112067,scotus
104504,111173,scotus
104504,110061,scotus
104504,110096,scotus
104504,109876,scotus
104504,111214,scotus
104504,107483,scotus
104504,107831,scotus
104504,110119,scotus
104504,110100,scotus
104504,109905,scotus
104504,110127,scotus
104504,109925,scotus
104504,111259,scotus
104504,109714,scotus
104504,110882,scotus
104504,107312,scotus
104504,108183,scotus
104504,111301,scotus
104504,111262,scotus
104504,108966,scotus
104504,111257,scotus
104504,108967,scotus
104504,108472,scotus
104504,108998,scotus
104504,110890,scotus
104504,111305,scotus
104504,110959,scotus
104504,110979,scotus
104504,110901,scotus
104504,111835,scotus
104504,110235,scotus
104504,109522,scotus
104504,111013,scotus
104504,112220,scotus
104504,109504,scotus
104504,108223,scotus
104504,111378,scotus
104504,109537,scotus
104504,111423,scotus
104504,109572,scotus
104504,109540,scotus
104504,118287,scotus
104504,4460811,scotus
104504,2680439,scotus
104504,873669,scotus
104504,110264,scotus
104504,110158,scotus
104504,107058,scotus
104504,110754,scotus
104504,109352,scotus
104504,104769,scotus
104504,111666,scotus
104504,131161,scotus
104504,112448,scotus
104504,107752,scotus
104504,106990,scotus
104504,104932,scotus
104504,107262,scotus
104504,105963,scotus
104504,106777,scotus
104504,106180,scotus
104504,107872,scotus
104504,107875,scotus
104504,108853,scotus
104504,107465,scotus
104504,104605,scotus
104504,117905,scotus
104504,104576,scotus
104504,145669,scotus
104504,145814,scotus
104504,858288,scotus
104504,110719,scotus
104504,112608,scotus
104504,107473,scotus
104504,110719,scotus
104504,112608,scotus
104504,112608,scotus
104504,2654534,scotus
104504,145814,scotus
104504,216733,scotus
104504,216733,scotus
104504,623242,scotus
104504,145669,scotus
104504,131161,scotus
104504,131161,scotus
104504,110235,scotus
104504,110235,scotus
104504,110158,scotus
104504,110456,scotus
104504,110612,scotus
104504,110530,scotus
104504,110534,scotus
104504,110636,scotus
104504,110636,scotus
104504,110264,scotus
104504,111301,scotus
104504,110882,scotus
104504,111173,scotus
104504,110464,scotus
104504,111305,scotus
104504,110890,scotus
104504,110754,scotus
104504,111423,scotus
104504,110901,scotus
104504,110959,scotus
104504,110959,scotus
104504,111214,scotus
104504,111611,scotus
104504,111378,scotus
104504,111378,scotus
104504,111666,scotus
104504,111257,scotus
104504,111583,scotus
104504,111259,scotus
104504,111259,scotus
104504,111262,scotus
104504,111835,scotus
104504,111835,scotus
104504,111509,scotus
104504,112067,scotus
104504,110979,scotus
104504,111013,scotus
104504,112448,scotus
104504,112448,scotus
104504,112220,scotus
104504,117905,scotus
104504,117905,scotus
104504,112382,scotus
104504,112392,scotus
104504,111477,scotus
104504,118287,scotus
104546,105399,scotus
104546,105150,scotus
104546,105152,scotus
104546,105222,scotus
104546,106879,scotus
104546,110782,scotus
104546,110461,scotus
104546,108727,scotus
104546,108802,scotus
104546,110639,scotus
104546,112313,scotus
104546,109661,scotus
104546,111882,scotus
104546,118392,scotus
104546,111965,scotus
104546,110944,scotus
104546,108654,scotus
104546,104564,scotus
104546,107748,scotus
104546,107748,scotus
104546,107748,scotus
104546,118392,scotus
104546,110461,scotus
104546,110461,scotus
104546,110639,scotus
104546,110782,scotus
104546,111965,scotus
104546,112313,scotus
104546,112313,scotus
104563,866022,scotus
104563,1087961,scotus
104563,104652,scotus
104563,106229,scotus
104563,105904,scotus
104563,105835,scotus
104563,106067,scotus
104563,105898,scotus
104563,105206,scotus
104563,105714,scotus
104563,104969,scotus
104563,108714,scotus
104563,110485,scotus
104563,109219,scotus
104563,112740,scotus
104563,110733,scotus
104563,112117,scotus
104563,117834,scotus
104563,111158,scotus
104563,109868,scotus
104563,109662,scotus
104563,111189,scotus
104563,107845,scotus
104563,109911,scotus
104563,109916,scotus
104563,112805,scotus
104563,108485,scotus
104563,111097,scotus
104563,109498,scotus
104563,109488,scotus
104563,108085,scotus
104563,118286,scotus
104563,107553,scotus
104563,104810,scotus
104563,104917,scotus
104563,110290,scotus
104563,110308,scotus
104563,104905,scotus
104563,111363,scotus
104563,117855,scotus
104563,118165,scotus
104563,145739,scotus
104563,9409606,scotus
104563,9410341,scotus
104563,10049661,scotus
104563,110063,scotus
104563,110799,scotus
104563,110799,scotus
104563,110063,scotus
104563,110063,scotus
104563,866022,scotus
104563,145739,scotus
104563,145739,scotus
104563,110733,scotus
104563,110733,scotus
104563,110733,scotus
104563,111097,scotus
104563,111097,scotus
104563,110308,scotus
104563,111363,scotus
104563,111363,scotus
104563,111189,scotus
104563,110485,scotus
104563,112117,scotus
104563,112117,scotus
104563,112805,scotus
104563,118165,scotus
104563,118286,scotus
104563,1087961,scotus
104563,1087961,scotus
104568,111491,scotus
104568,104658,scotus
104568,105378,scotus
104568,105126,scotus
104568,104968,scotus
104568,112102,scotus
104568,109858,scotus
104568,111220,scotus
104568,110170,scotus
104568,111117,scotus
104568,107049,scotus
104568,104866,scotus
104568,104909,scotus
104568,118161,scotus
104568,105543,scotus
104568,105543,scotus
104568,105543,scotus
104568,110170,scotus
104568,111491,scotus
104568,112102,scotus
104568,112102,scotus
104568,118161,scotus
104568,118161,scotus
104576,104664,scotus
104576,104713,scotus
104576,106641,scotus
104576,106197,scotus
104576,106021,scotus
104576,106107,scotus
104576,105880,scotus
104576,105194,scotus
104576,108893,scotus
104576,108377,scotus
104576,109186,scotus
104576,108304,scotus
104576,110636,scotus
104576,107831,scotus
104576,109905,scotus
104576,111259,scotus
104576,107312,scotus
104576,108183,scotus
104576,108184,scotus
104576,108966,scotus
104576,108967,scotus
104576,111265,scotus
104576,109352,scotus
104576,104769,scotus
104576,112448,scotus
104576,107752,scotus
104576,104932,scotus
104576,107043,scotus
104576,106180,scotus
104576,107465,scotus
104576,104605,scotus
104576,104585,scotus
104576,145887,scotus
104576,107979,scotus
104576,107979,scotus
104576,112608,scotus
104576,107979,scotus
104576,112608,scotus
104576,145887,scotus
104576,110636,scotus
104576,111259,scotus
104576,111265,scotus
104576,112448,scotus
104585,1087666,scotus
104585,104675,scotus
104585,105363,scotus
104585,105090,scotus
104585,105528,scotus
104585,106267,scotus
104585,105228,scotus
104585,110466,scotus
104585,107934,scotus
104585,108335,scotus
104585,109806,scotus
104585,108302,scotus
104585,110038,scotus
104585,110040,scotus
104585,107608,scotus
104585,110091,scotus
104585,107607,scotus
104585,2795703,scotus
104585,107337,scotus
104585,108541,scotus
104585,109005,scotus
104585,2797292,scotus
104585,4583335,scotus
104585,4748670,scotus
104585,4749014,scotus
104585,4749015,scotus
104585,4895710,scotus
104585,104849,scotus
104585,108066,scotus
104585,108062,scotus
104585,104790,scotus
104585,112360,scotus
104585,104616,scotus
104585,127891,scotus
104585,127927,scotus
104585,107606,scotus
104585,8173704,scotus
104585,127927,scotus
104585,1087666,scotus
104585,110466,scotus
104585,112360,scotus
104585,112360,scotus
104587,104699,scotus
104587,105195,scotus
104587,109239,scotus
104587,109630,scotus
104587,104869,scotus
104587,112066,scotus
104587,112739,scotus
104587,109835,scotus
104587,109615,scotus
104587,109835,scotus
104587,112739,scotus
104590,104718,scotus
104590,106507,scotus
104590,105185,scotus
104590,108290,scotus
104590,136999,scotus
104590,137000,scotus
104590,108959,scotus
104590,108193,scotus
104590,112044,scotus
104590,2620730,scotus
104590,106154,scotus
104590,104813,scotus
104590,104948,scotus
104590,104616,scotus
104590,145838,scotus
104590,108730,scotus
104590,108730,scotus
104590,108730,scotus
104590,9053437,scotus
104590,136999,scotus
104590,136999,scotus
104590,136999,scotus
104590,137000,scotus
104590,137000,scotus
104590,9075444,scotus
104590,9075445,scotus
104593,106366,scotus
104593,107940,scotus
104593,104874,scotus
104593,104784,scotus
104593,106850,scotus
104593,106856,scotus
104593,107783,scotus
104593,106547,scotus
104593,118012,scotus
104593,107919,scotus
104593,107919,scotus
104593,107919,scotus
104605,4894054,scotus
104605,104664,scotus
104605,104716,scotus
104605,106666,scotus
104605,104709,scotus
104605,105749,scotus
104605,106622,scotus
104605,106187,scotus
104605,106641,scotus
104605,106021,scotus
104605,106107,scotus
104605,106109,scotus
104605,105880,scotus
104605,105194,scotus
104605,105731,scotus
104605,105021,scotus
104605,108893,scotus
104605,108377,scotus
104605,110464,scotus
104605,107745,scotus
104605,107718,scotus
104605,107729,scotus
104605,112475,scotus
104605,108581,scotus
104605,108304,scotus
104605,110559,scotus
104605,108301,scotus
104605,110636,scotus
104605,110045,scotus
104605,111173,scotus
104605,111214,scotus
104605,110119,scotus
104605,109905,scotus
104605,111259,scotus
104605,107312,scotus
104605,108183,scotus
104605,111301,scotus
104605,108184,scotus
104605,108967,scotus
104605,107319,scotus
104605,110901,scotus
104605,110235,scotus
104605,111146,scotus
104605,108223,scotus
104605,109537,scotus
104605,109579,scotus
104605,109541,scotus
104605,4894406,scotus
104605,4894407,scotus
104605,110754,scotus
104605,104769,scotus
104605,131161,scotus
104605,112448,scotus
104605,104932,scotus
104605,106777,scotus
104605,106180,scotus
104605,107872,scotus
104605,109953,scotus
104605,107465,scotus
104605,145646,scotus
104605,858288,scotus
104605,107979,scotus
104605,107979,scotus
104605,107564,scotus
104605,107473,scotus
104605,107564,scotus
104605,107979,scotus
104605,131161,scotus
104605,131161,scotus
104605,110235,scotus
104605,110636,scotus
104605,111173,scotus
104605,111173,scotus
104605,110464,scotus
104605,111301,scotus
104605,110559,scotus
104605,110754,scotus
104605,110901,scotus
104605,111214,scotus
104605,110559,scotus
104605,111146,scotus
104605,111259,scotus
104605,112448,scotus
104605,145646,scotus
104605,145646,scotus
104606,105919,scotus
104606,106249,scotus
104606,110793,scotus
104606,112643,scotus
104606,108611,scotus
104606,109308,scotus
104606,112805,scotus
104606,108115,scotus
104606,108221,scotus
104606,109065,scotus
104606,4403811,scotus
104606,118056,scotus
104606,107197,scotus
104606,108751,scotus
104606,118198,scotus
104606,106546,scotus
104606,127888,scotus
104606,127926,scotus
104606,106601,scotus
104606,145874,scotus
104606,117947,scotus
104606,109570,scotus
104606,109570,scotus
104606,117947,scotus
104606,145874,scotus
104606,127926,scotus
104606,110793,scotus
104606,112643,scotus
104606,112805,scotus
104606,118056,scotus
104606,118056,scotus
104606,118056,scotus
104606,118198,scotus
104610,104649,scotus
104610,104663,scotus
104610,106700,scotus
104610,105399,scotus
104610,105102,scotus
104610,105285,scotus
104610,105890,scotus
104610,107082,scotus
104610,104970,scotus
104610,105001,scotus
104610,105244,scotus
104610,108839,scotus
104610,110638,scotus
104610,109896,scotus
104610,112030,scotus
104610,104891,scotus
104610,104917,scotus
104610,109952,scotus
104610,118239,scotus
104610,104634,scotus
104610,104636,scotus
104610,148798,scotus
104610,145716,scotus
104610,106576,scotus
104610,108889,scotus
104610,6796842,scotus
104610,148798,scotus
104610,145716,scotus
104610,110638,scotus
104610,112030,scotus
104623,104668,scotus
104623,105363,scotus
104623,106221,scotus
104623,106251,scotus
104623,106109,scotus
104623,106000,scotus
104623,106011,scotus
104623,106538,scotus
104623,107082,scotus
104623,105001,scotus
104623,106308,scotus
104623,105012,scotus
104623,105547,scotus
104623,108859,scotus
104623,110765,scotus
104623,110506,scotus
104623,110507,scotus
104623,110532,scotus
104623,107663,scotus
104623,109214,scotus
104623,108810,scotus
104623,108798,scotus
104623,107692,scotus
104623,108839,scotus
104623,108838,scotus
104623,110561,scotus
104623,108636,scotus
104623,108598,scotus
104623,109291,scotus
104623,112315,scotus
104623,118385,scotus
104623,111175,scotus
104623,111690,scotus
104623,109663,scotus
104623,112329,scotus
104623,112103,scotus
104623,117847,scotus
104623,112134,scotus
104623,111245,scotus
104623,109676,scotus
104623,107489,scotus
104623,108497,scotus
104623,111256,scotus
104623,109939,scotus
104623,107325,scotus
104623,112836,scotus
104623,118501,scotus
104623,110992,scotus
104623,110918,scotus
104623,109090,scotus
104623,109505,scotus
104623,110245,scotus
104623,118335,scotus
104623,110339,scotus
104623,104844,scotus
104623,106967,scotus
104623,104917,scotus
104623,106162,scotus
104623,109380,scotus
104623,110309,scotus
104623,104843,scotus
104623,110311,scotus
104623,104790,scotus
104623,109649,scotus
104623,104914,scotus
104623,104842,scotus
104623,107187,scotus
104623,107188,scotus
104623,107962,scotus
104623,117921,scotus
104623,118023,scotus
104623,118023,scotus
104623,109499,scotus
104623,107564,scotus
104623,111308,scotus
104623,111308,scotus
104623,105014,scotus
104623,109450,scotus
104623,107564,scotus
104623,109450,scotus
104623,109499,scotus
104623,105014,scotus
104623,118385,scotus
104623,118501,scotus
104623,110506,scotus
104623,110339,scotus
104623,110245,scotus
104623,110507,scotus
104623,110507,scotus
104623,110339,scotus
104623,110532,scotus
104623,110309,scotus
104623,110309,scotus
104623,110311,scotus
104623,111175,scotus
104623,111245,scotus
104623,110311,scotus
104623,111690,scotus
104623,111256,scotus
104623,110561,scotus
104623,110561,scotus
104623,110561,scotus
104623,110561,scotus
104623,110765,scotus
104623,110992,scotus
104623,112103,scotus
104623,112103,scotus
104623,110918,scotus
104623,112315,scotus
104623,112329,scotus
104623,118335,scotus
104623,117847,scotus
104623,112134,scotus
104623,112134,scotus
104623,112134,scotus
104623,118335,scotus
104623,112836,scotus
104628,104696,scotus
104628,105829,scotus
104628,106229,scotus
104628,105230,scotus
104628,105210,scotus
104628,110781,scotus
104628,107629,scotus
104628,110068,scotus
104628,107425,scotus
104628,106448,scotus
104628,108264,scotus
104628,145862,scotus
104636,105402,scotus
104636,106365,scotus
104636,105866,scotus
104636,105999,scotus
104636,105284,scotus
104636,105173,scotus
104636,105175,scotus
104636,105235,scotus
104636,105698,scotus
104636,108370,scotus
104636,108723,scotus
104636,109862,scotus
104636,111120,scotus
104636,112044,scotus
104636,104850,scotus
104636,104919,scotus
104636,104791,scotus
104636,107008,scotus
104636,106601,scotus
104636,109508,scotus
104636,109508,scotus
104636,109508,scotus
104636,9075444,scotus
104636,9075445,scotus
104636,111120,scotus
104637,856346,scotus
104637,105265,scotus
104637,110790,scotus
104637,109816,scotus
104637,110086,scotus
104637,109682,scotus
104637,110087,scotus
104637,111926,scotus
104637,111193,scotus
104637,109855,scotus
104637,111714,scotus
104637,107484,scotus
104637,110143,scotus
104637,107318,scotus
104637,107319,scotus
104637,107344,scotus
104637,110232,scotus
104637,110327,scotus
104637,2959750,scotus
104637,2812588,scotus
104637,2811844,scotus
104637,118056,scotus
104637,104802,scotus
104637,106179,scotus
104637,104832,scotus
104637,118037,scotus
104637,117944,scotus
104637,117923,scotus
104637,145850,scotus
104637,9434377,scotus
104637,109252,scotus
104637,2811844,scotus
104637,145850,scotus
104637,9158191,scotus
104637,9158192,scotus
104637,110232,scotus
104637,110790,scotus
104637,111193,scotus
104637,111714,scotus
104637,111926,scotus
104637,118056,scotus
104652,1087961,scotus
104652,111466,scotus
104652,104663,scotus
104652,106846,scotus
104652,106723,scotus
104652,105049,scotus
104652,104966,scotus
104652,106314,scotus
104652,110485,scotus
104652,108838,scotus
104652,112741,scotus
104652,112681,scotus
104652,112534,scotus
104652,111860,scotus
104652,112081,scotus
104652,117834,scotus
104652,109662,scotus
104652,111189,scotus
104652,109896,scotus
104652,109900,scotus
104652,111709,scotus
104652,109916,scotus
104652,110880,scotus
104652,109498,scotus
104652,110170,scotus
104652,109112,scotus
104652,110439,scotus
104652,109771,scotus
104652,104847,scotus
104652,104747,scotus
104652,104917,scotus
104652,106448,scotus
104652,110290,scotus
104652,110308,scotus
104652,104904,scotus
104652,109384,scotus
104652,118080,scotus
104652,104835,scotus
104652,118111,scotus
104652,117855,scotus
104652,112066,scotus
104652,117914,scotus
104652,105546,scotus
104652,142893,scotus
104652,9398334,scotus
104652,9400078,scotus
104652,9409606,scotus
104652,9410341,scotus
104652,10049695,scotus
104652,10049661,scotus
104652,110063,scotus
104652,109499,scotus
104652,110799,scotus
104652,110563,scotus
104652,110799,scotus
104652,112301,scotus
104652,110063,scotus
104652,109499,scotus
104652,110063,scotus
104652,110563,scotus
104652,112301,scotus
104652,142893,scotus
104652,110170,scotus
104652,110308,scotus
104652,110308,scotus
104652,110880,scotus
104652,111189,scotus
104652,111709,scotus
104652,110485,scotus
104652,110439,scotus
104652,111466,scotus
104652,111860,scotus
104652,117914,scotus
104652,112681,scotus
104652,112534,scotus
104652,112534,scotus
104652,118111,scotus
104652,118111,scotus
104652,118111,scotus
104652,1087961,scotus
104709,106183,scotus
104709,106622,scotus
104709,106641,scotus
104709,106545,scotus
104709,106513,scotus
104709,106223,scotus
104709,105074,scotus
104709,106628,scotus
104709,105412,scotus
104709,106021,scotus
104709,106107,scotus
104709,106109,scotus
104709,105149,scotus
104709,105055,scotus
104709,105179,scotus
104709,105880,scotus
104709,105194,scotus
104709,105073,scotus
104709,105456,scotus
104709,105343,scotus
104709,107082,scotus
104709,106282,scotus
104709,107083,scotus
104709,107084,scotus
104709,106287,scotus
104709,108898,scotus
104709,108377,scotus
104709,110501,scotus
104709,108375,scotus
104709,107701,scotus
104709,108800,scotus
104709,110558,scotus
104709,109302,scotus
104709,107483,scotus
104709,107831,scotus
104709,110119,scotus
104709,109721,scotus
104709,109925,scotus
104709,109714,scotus
104709,111301,scotus
104709,111262,scotus
104709,107325,scotus
104709,110959,scotus
104709,108187,scotus
104709,112175,scotus
104709,108538,scotus
104709,110235,scotus
104709,111146,scotus
104709,108223,scotus
104709,111380,scotus
104709,109539,scotus
104709,109540,scotus
104709,110401,scotus
104709,109635,scotus
104709,4630267,scotus
104709,4501697,scotus
104709,873669,scotus
104709,4630088,scotus
104709,110150,scotus
104709,104769,scotus
104709,107014,scotus
104709,112890,scotus
104709,106964,scotus
104709,107262,scotus
104709,104937,scotus
104709,106170,scotus
104709,107043,scotus
104709,104943,scotus
104709,106862,scotus
104709,106180,scotus
104709,109961,scotus
104709,107872,scotus
104709,107260,scotus
104709,107874,scotus
104709,108850,scotus
104709,107875,scotus
104709,112924,scotus
104709,110049,scotus
104709,107148,scotus
104709,106548,scotus
104709,145646,scotus
104709,149702,scotus
104709,218926,scotus
104709,145922,scotus
104709,106425,scotus
104709,4630268,scotus
104709,4641200,scotus
104709,106285,scotus
104709,106285,scotus
104709,106285,scotus
104709,107252,scotus
104709,107564,scotus
104709,107685,scotus
104709,107746,scotus
104709,108186,scotus
104709,106285,scotus
104709,107252,scotus
104709,107473,scotus
104709,107564,scotus
104709,109881,scotus
104709,107685,scotus
104709,107746,scotus
104709,108186,scotus
104709,109881,scotus
104709,106285,scotus
104709,4630267,scotus
104709,7345713,scotus
104709,149702,scotus
104709,149702,scotus
104709,149702,scotus
104709,145922,scotus
104709,218926,scotus
104709,110235,scotus
104709,110501,scotus
104709,110401,scotus
104709,111301,scotus
104709,110558,scotus
104709,110959,scotus
104709,111380,scotus
104709,111146,scotus
104709,111262,scotus
104709,112175,scotus
104709,145646,scotus
104709,145646,scotus
104709,112890,scotus
104769,111509,scotus
104769,105748,scotus
104769,105749,scotus
104769,106641,scotus
104769,106197,scotus
104769,106515,scotus
104769,106021,scotus
104769,106107,scotus
104769,105194,scotus
104769,106282,scotus
104769,106936,scotus
104769,108893,scotus
104769,134746,scotus
104769,107981,scotus
104769,107982,scotus
104769,108377,scotus
104769,109186,scotus
104769,107898,scotus
104769,107730,scotus
104769,108581,scotus
104769,108304,scotus
104769,108301,scotus
104769,108302,scotus
104769,110612,scotus
104769,109302,scotus
104769,111614,scotus
104769,111891,scotus
104769,107636,scotus
104769,107831,scotus
104769,110119,scotus
104769,111259,scotus
104769,109714,scotus
104769,108183,scotus
104769,111301,scotus
104769,111262,scotus
104769,108184,scotus
104769,107319,scotus
104769,108995,scotus
104769,107430,scotus
104769,110976,scotus
104769,112175,scotus
104769,110979,scotus
104769,110901,scotus
104769,109504,scotus
104769,109537,scotus
104769,111020,scotus
104769,3216497,scotus
104769,110158,scotus
104769,110754,scotus
104769,109352,scotus
104769,107360,scotus
104769,131161,scotus
104769,106990,scotus
104769,104932,scotus
104769,107262,scotus
104769,106771,scotus
104769,110314,scotus
104769,106777,scotus
104769,106180,scotus
104769,107465,scotus
104769,218926,scotus
104769,145887,scotus
104769,107979,scotus
104769,107979,scotus
104769,106285,scotus
104769,107564,scotus
104769,112608,scotus
104769,106285,scotus
104769,107564,scotus
104769,107979,scotus
104769,106285,scotus
104769,112608,scotus
104769,7345713,scotus
104769,145887,scotus
104769,145887,scotus
104769,218926,scotus
104769,131161,scotus
104769,134746,scotus
104769,110158,scotus
104769,110612,scotus
104769,111301,scotus
104769,110314,scotus
104769,110754,scotus
104769,110901,scotus
104769,110976,scotus
104769,111259,scotus
104769,111509,scotus
104769,110979,scotus
104769,111262,scotus
104769,112175,scotus
104769,111020,scotus
104769,111614,scotus
104790,145795,scotus
104790,1087888,scotus
104790,111504,scotus
104790,106660,scotus
104790,106832,scotus
104790,106837,scotus
104790,105386,scotus
104790,105363,scotus
104790,106182,scotus
104790,105751,scotus
104790,105752,scotus
104790,106221,scotus
104790,106222,scotus
104790,105902,scotus
104790,105903,scotus
104790,106514,scotus
104790,105054,scotus
104790,106000,scotus
104790,105315,scotus
104790,106131,scotus
104790,105117,scotus
104790,105497,scotus
104790,105001,scotus
104790,105532,scotus
104790,104974,scotus
104790,106267,scotus
104790,104978,scotus
104790,106310,scotus
104790,106268,scotus
104790,105012,scotus
104790,105537,scotus
104790,105227,scotus
104790,107201,scotus
104790,105044,scotus
104790,107202,scotus
104790,107210,scotus
104790,106884,scotus
104790,108001,scotus
104790,2452958,scotus
104790,109214,scotus
104790,108798,scotus
104790,112593,scotus
104790,108598,scotus
104790,108608,scotus
104790,118385,scotus
104790,111185,scotus
104790,111876,scotus
104790,110075,scotus
104790,107638,scotus
104790,109921,scotus
104790,109673,scotus
104790,108499,scotus
104790,109517,scotus
104790,4511640,scotus
104790,110319,scotus
104790,104894,scotus
104790,105746,scotus
104790,104923,scotus
104790,104903,scotus
104790,105658,scotus
104790,104843,scotus
104790,104819,scotus
104790,111248,scotus
104790,104943,scotus
104790,107265,scotus
104790,104914,scotus
104790,105972,scotus
104790,106181,scotus
104790,131149,scotus
104790,108261,scotus
104790,107189,scotus
104790,107156,scotus
104790,108269,scotus
104790,106559,scotus
104790,145810,scotus
104790,9409607,scotus
104790,10049662,scotus
104790,107081,scotus
104790,107081,scotus
104790,107081,scotus
104790,107965,scotus
104790,109450,scotus
104790,107081,scotus
104790,107081,scotus
104790,107965,scotus
104790,109450,scotus
104790,145810,scotus
104790,118385,scotus
104790,111248,scotus
104790,111185,scotus
104790,111504,scotus
104790,110319,scotus
104790,112593,scotus
104839,111513,scotus
104839,106659,scotus
104839,105253,scotus
104839,105862,scotus
104839,105131,scotus
104839,106009,scotus
104839,106542,scotus
104839,106876,scotus
104839,110831,scotus
104839,112425,scotus
104839,107895,scotus
104839,107732,scotus
104839,110747,scotus
104839,109287,scotus
104839,107615,scotus
104839,111239,scotus
104839,109933,scotus
104839,110215,scotus
104839,104907,scotus
104839,104915,scotus
104839,110053,scotus
104839,146986,scotus
104839,118149,scotus
104839,111218,scotus
104839,111218,scotus
104839,111218,scotus
104839,109716,scotus
104839,109716,scotus
104839,6796077,scotus
104839,110831,scotus
104839,111239,scotus
104839,110747,scotus
104839,111513,scotus
104839,112425,scotus
104839,112425,scotus
104845,105186,scotus
104845,106268,scotus
104845,107110,scotus
104845,108596,scotus
104845,104849,scotus
104845,104912,scotus
104845,105662,scotus
104845,110212,scotus
104845,110212,scotus
104859,105828,scotus
104859,105110,scotus
104859,105230,scotus
104859,112820,scotus
104859,118038,scotus
104859,109835,scotus
104859,109835,scotus
104859,109835,scotus
104859,118038,scotus
104859,112820,scotus
104867,105107,scotus
104867,105034,scotus
104867,106286,scotus
104867,107902,scotus
104867,106235,scotus
104867,106235,scotus
104867,106235,scotus
104867,106235,scotus
104869,106846,scotus
104869,105828,scotus
104869,105829,scotus
104869,105076,scotus
104869,105077,scotus
104869,106239,scotus
104869,105059,scotus
104869,104966,scotus
104869,105211,scotus
104869,104989,scotus
104869,108737,scotus
104869,109239,scotus
104869,112643,scotus
104869,112528,scotus
104869,111213,scotus
104869,111942,scotus
104869,112820,scotus
104869,108501,scotus
104869,112167,scotus
104869,117914,scotus
104869,112739,scotus
104869,109835,scotus
104869,109615,scotus
104869,109835,scotus
104869,112739,scotus
104869,112739,scotus
104869,111213,scotus
104869,111942,scotus
104869,111942,scotus
104869,117914,scotus
104869,112528,scotus
104869,112167,scotus
104869,112643,scotus
104869,112820,scotus
104914,1087888,scotus
104914,106837,scotus
104914,105363,scotus
104914,105371,scotus
104914,106182,scotus
104914,105751,scotus
104914,106221,scotus
104914,105901,scotus
104914,106223,scotus
104914,105902,scotus
104914,105903,scotus
104914,105108,scotus
104914,105315,scotus
104914,105117,scotus
104914,105935,scotus
104914,105937,scotus
104914,105232,scotus
104914,105001,scotus
104914,105532,scotus
104914,106267,scotus
104914,104978,scotus
104914,106268,scotus
104914,106269,scotus
104914,104980,scotus
104914,105214,scotus
104914,105537,scotus
104914,105547,scotus
104914,104987,scotus
104914,105743,scotus
104914,105699,scotus
104914,106884,scotus
104914,109220,scotus
104914,109225,scotus
104914,108636,scotus
104914,108299,scotus
104914,108611,scotus
104914,108329,scotus
104914,108332,scotus
104914,109663,scotus
104914,107484,scotus
104914,107605,scotus
104914,109931,scotus
104914,108951,scotus
104914,108499,scotus
104914,112219,scotus
104914,109084,scotus
104914,109525,scotus
104914,109091,scotus
104914,108110,scotus
104914,107558,scotus
104914,107025,scotus
104914,104925,scotus
104914,105658,scotus
104914,106761,scotus
104914,109406,scotus
104914,105662,scotus
104914,104943,scotus
104914,105972,scotus
104914,106559,scotus
104914,10049663,scotus
104914,107343,scotus
104914,107965,scotus
104914,107965,scotus
104914,107965,scotus
104914,109532,scotus
104914,107343,scotus
104914,107965,scotus
104914,109532,scotus
104914,9409091,scotus
104914,112219,scotus
104915,106510,scotus
104915,105408,scotus
104915,105810,scotus
104915,106243,scotus
104915,105131,scotus
104915,106542,scotus
104915,106876,scotus
104915,108722,scotus
104915,107895,scotus
104915,107938,scotus
104915,107732,scotus
104915,109287,scotus
104915,111239,scotus
104915,107490,scotus
104915,107491,scotus
104915,108494,scotus
104915,110856,scotus
104915,108495,scotus
104915,109763,scotus
104915,112855,scotus
104915,108652,scotus
104915,107870,scotus
104915,136989,scotus
104915,146986,scotus
104915,106440,scotus
104915,111218,scotus
104915,111218,scotus
104915,111218,scotus
104915,111218,scotus
104915,6796077,scotus
104915,136989,scotus
104915,111239,scotus
104915,110856,scotus
104915,112855,scotus
104916,105125,scotus
104916,104967,scotus
104916,3195551,scotus
104916,106788,scotus
104916,105248,scotus
104916,112456,scotus
104916,118148,scotus
104916,145872,scotus
104916,105319,scotus
104916,105543,scotus
104916,105319,scotus
104916,105319,scotus
104916,105543,scotus
104916,118148,scotus
104918,106188,scotus
104918,106628,scotus
104918,106366,scotus
104918,105194,scotus
104918,107201,scotus
104918,107202,scotus
104918,110103,scotus
104918,112805,scotus
104918,108153,scotus
104918,111015,scotus
104918,104937,scotus
104918,106170,scotus
104918,117864,scotus
104918,117878,scotus
104918,108362,scotus
104918,108362,scotus
104918,112805,scotus
104918,112805,scotus
104918,112805,scotus
104918,117864,scotus
104918,111015,scotus
104918,112805,scotus
104943,106739,scotus
104943,106182,scotus
104943,106641,scotus
104943,105436,scotus
104943,106512,scotus
104943,106192,scotus
104943,106223,scotus
104943,105074,scotus
104943,105880,scotus
104943,106131,scotus
104943,105297,scotus
104943,106078,scotus
104943,105194,scotus
104943,105073,scotus
104943,105456,scotus
104943,106087,scotus
104943,107082,scotus
104943,105001,scotus
104943,106282,scotus
104943,107084,scotus
104943,106881,scotus
104943,108893,scotus
104943,110478,scotus
104943,108377,scotus
104943,108710,scotus
104943,108768,scotus
104943,109437,scotus
104943,107890,scotus
104943,108843,scotus
104943,108801,scotus
104943,107715,scotus
104943,112478,scotus
104943,108605,scotus
104943,112699,scotus
104943,112257,scotus
104943,108301,scotus
104943,108329,scotus
104943,111610,scotus
104943,112731,scotus
104943,111614,scotus
104943,112116,scotus
104943,111198,scotus
104943,111891,scotus
104943,112123,scotus
104943,109682,scotus
104943,110075,scotus
104943,109693,scotus
104943,107841,scotus
104943,107486,scotus
104943,107488,scotus
104943,110132,scotus
104943,107439,scotus
104943,107394,scotus
104943,107318,scotus
104943,112808,scotus
104943,108995,scotus
104943,111265,scotus
104943,110959,scotus
104943,112202,scotus
104943,111380,scotus
104943,110245,scotus
104943,108100,scotus
104943,108111,scotus
104943,109539,scotus
104943,109540,scotus
104943,109635,scotus
104943,105857,scotus
104943,112786,scotus
104943,106966,scotus
104943,107262,scotus
104943,106170,scotus
104943,107043,scotus
104943,110317,scotus
104943,107869,scotus
104943,112352,scotus
104943,112924,scotus
104943,118021,scotus
104943,118144,scotus
104943,107960,scotus
104943,118214,scotus
104943,127891,scotus
104943,127927,scotus
104943,149702,scotus
104943,106425,scotus
104943,858288,scotus
104943,106285,scotus
104943,111555,scotus
104943,107685,scotus
104943,106285,scotus
104943,106285,scotus
104943,107685,scotus
104943,106285,scotus
104943,111555,scotus
104943,149702,scotus
104943,127927,scotus
104943,127927,scotus
104943,127927,scotus
104943,110245,scotus
104943,111198,scotus
104943,111610,scotus
104943,110478,scotus
104943,110959,scotus
104943,111380,scotus
104943,112202,scotus
104943,112257,scotus
104943,110317,scotus
104943,111265,scotus
104943,112116,scotus
104943,112352,scotus
104943,112123,scotus
104943,118214,scotus
104943,118214,scotus
104943,112808,scotus
104943,112808,scotus
104943,118144,scotus
104943,112786,scotus
104943,112786,scotus
104943,112786,scotus
104943,111614,scotus
104954,1087812,scotus
104954,105837,scotus
104954,105270,scotus
104954,105180,scotus
104954,105170,scotus
104954,105300,scotus
104954,105337,scotus
104954,105230,scotus
104954,105000,scotus
104954,105215,scotus
104954,110460,scotus
104954,112098,scotus
104954,110136,scotus
104954,110879,scotus
104954,108536,scotus
104954,109047,scotus
104954,106763,scotus
104954,106049,scotus
104954,106562,scotus
104954,109252,scotus
104954,110879,scotus
104954,112098,scotus
104974,106837,scotus
104974,105363,scotus
104974,105377,scotus
104974,106182,scotus
104974,105751,scotus
104974,105901,scotus
104974,105902,scotus
104974,105054,scotus
104974,106007,scotus
104974,106142,scotus
104974,107082,scotus
104974,106311,scotus
104974,105743,scotus
104974,105219,scotus
104974,107210,scotus
104974,106884,scotus
104974,107737,scotus
104974,112472,scotus
104974,108611,scotus
104974,112346,scotus
104974,110917,scotus
104974,109517,scotus
104974,109077,scotus
104974,105658,scotus
104974,108261,scotus
104974,110055,scotus
104974,107343,scotus
104974,107343,scotus
104974,107343,scotus
104974,110917,scotus
104992,105907,scotus
104992,105281,scotus
104992,105107,scotus
104992,105457,scotus
104992,106864,scotus
104992,107317,scotus
104992,108487,scotus
104992,105857,scotus
104992,106235,scotus
104992,106235,scotus
104992,106235,scotus
104992,106235,scotus
104992,106235,scotus
105004,137001,scotus
105004,105981,scotus
105004,145625,scotus
105004,105525,scotus
105004,105525,scotus
105004,105525,scotus
105004,137001,scotus
105018,626209,scotus
105018,145795,scotus
105018,145797,scotus
105018,134732,scotus
105018,4764602,scotus
105018,4764603,scotus
105018,134921,scotus
105018,4766665,scotus
105018,4766668,scotus
105018,4894055,scotus
105018,4898459,scotus
105018,1087960,scotus
105018,111504,scotus
105018,106725,scotus
105018,106627,scotus
105018,106366,scotus
105018,105315,scotus
105018,105716,scotus
105018,105718,scotus
105018,105606,scotus
105018,110762,scotus
105018,110771,scotus
105018,108384,scotus
105018,112427,scotus
105018,108802,scotus
105018,107725,scotus
105018,108581,scotus
105018,112625,scotus
105018,108595,scotus
105018,110564,scotus
105018,110699,scotus
105018,112644,scotus
105018,109285,scotus
105018,137001,scotus
105018,118379,scotus
105018,136995,scotus
105018,112305,scotus
105018,111690,scotus
105018,110062,scotus
105018,112139,scotus
105018,110135,scotus
105018,108956,scotus
105018,108957,scotus
105018,109729,scotus
105018,108511,scotus
105018,109005,scotus
105018,112173,scotus
105018,108247,scotus
105018,110198,scotus
105018,109089,scotus
105018,110985,scotus
105018,109101,scotus
105018,109117,scotus
105018,6447544,scotus
105018,6448774,scotus
105018,2804677,scotus
105018,6454963,scotus
105018,2959745,scotus
105018,2806208,scotus
105018,2808294,scotus
105018,2803249,scotus
105018,2680590,scotus
105018,4403804,scotus
105018,4748670,scotus
105018,3211608,scotus
105018,4749014,scotus
105018,4749015,scotus
105018,4764451,scotus
105018,4894283,scotus
105018,4894284,scotus
105018,5063917,scotus
105018,4903413,scotus
105018,109380,scotus
105018,112784,scotus
105018,111759,scotus
105018,109650,scotus
105018,107045,scotus
105018,112920,scotus
105018,111756,scotus
105018,118115,scotus
105018,130156,scotus
105018,109455,scotus
105018,117859,scotus
105018,107969,scotus
105018,118238,scotus
105018,118033,scotus
105018,117916,scotus
105018,117927,scotus
105018,149586,scotus
105018,145625,scotus
105018,149703,scotus
105018,218927,scotus
105018,145943,scotus
105018,145822,scotus
105018,6620346,scotus
105018,9400074,scotus
105018,9406660,scotus
105018,9493672,scotus
105018,9501457,scotus
105018,9987186,scotus
105018,10049689,scotus
105018,10049663,scotus
105018,10049675,scotus
105018,118273,scotus
105018,118273,scotus
105018,118273,scotus
105018,107081,scotus
105018,107081,scotus
105018,9231240,scotus
105018,4766665,scotus
105018,4630267,scotus
105018,9409091,scotus
105018,2808294,scotus
105018,2808294,scotus
105018,2803249,scotus
105018,3211608,scotus
105018,7345712,scotus
105018,626209,scotus
105018,9054281,scotus
105018,145822,scotus
105018,145822,scotus
105018,7356240,scotus
105018,136995,scotus
105018,134732,scotus
105018,218927,scotus
105018,118379,scotus
105018,130156,scotus
105018,130156,scotus
105018,137001,scotus
105018,137001,scotus
105018,137001,scotus
105018,110771,scotus
105018,110985,scotus
105018,110985,scotus
105018,110985,scotus
105018,111690,scotus
105018,111690,scotus
105018,111504,scotus
105018,110762,scotus
105018,110762,scotus
105018,110564,scotus
105018,112139,scotus
105018,112305,scotus
105018,110699,scotus
105018,112427,scotus
105018,117916,scotus
105018,111756,scotus
105018,111756,scotus
105018,112644,scotus
105018,112173,scotus
105018,111759,scotus
105018,117916,scotus
105018,112625,scotus
105018,117859,scotus
105018,118115,scotus
105018,118115,scotus
105018,112784,scotus
105018,112784,scotus
105018,1087960,scotus
105055,106183,scotus
105055,105149,scotus
105055,105179,scotus
105055,105880,scotus
105055,105194,scotus
105055,105584,scotus
105055,110477,scotus
105055,109302,scotus
105055,110291,scotus
105055,109383,scotus
105055,107788,scotus
105055,108849,scotus
105055,107876,scotus
105055,106285,scotus
105055,107746,scotus
105055,107746,scotus
105055,107746,scotus
105055,106285,scotus
105055,107746,scotus
105055,110291,scotus
105074,145795,scotus
105074,134737,scotus
105074,4883693,scotus
105074,4893421,scotus
105074,1087955,scotus
105074,106740,scotus
105074,105750,scotus
105074,106191,scotus
105074,106192,scotus
105074,105075,scotus
105074,105265,scotus
105074,105813,scotus
105074,105917,scotus
105074,106634,scotus
105074,105176,scotus
105074,105882,scotus
105074,106259,scotus
105074,105318,scotus
105074,105333,scotus
105074,106544,scotus
105074,105229,scotus
105074,105531,scotus
105074,105726,scotus
105074,105745,scotus
105074,105683,scotus
105074,106284,scotus
105074,108860,scotus
105074,112387,scotus
105074,110466,scotus
105074,108026,scotus
105074,108027,scotus
105074,108414,scotus
105074,108765,scotus
105074,108417,scotus
105074,112573,scotus
105074,112566,scotus
105074,108800,scotus
105074,110574,scotus
105074,110662,scotus
105074,108302,scotus
105074,110590,scotus
105074,109981,scotus
105074,110604,scotus
105074,110692,scotus
105074,109253,scotus
105074,111892,scotus
105074,117842,scotus
105074,137000,scotus
105074,107795,scotus
105074,110094,scotus
105074,112142,scotus
105074,111726,scotus
105074,112322,scotus
105074,110116,scotus
105074,109717,scotus
105074,111727,scotus
105074,109925,scotus
105074,118452,scotus
105074,110143,scotus
105074,107527,scotus
105074,110138,scotus
105074,110857,scotus
105074,108496,scotus
105074,112847,scotus
105074,112808,scotus
105074,108508,scotus
105074,112206,scotus
105074,112207,scotus
105074,108491,scotus
105074,112845,scotus
105074,112205,scotus
105074,110910,scotus
105074,111430,scotus
105074,111017,scotus
105074,109094,scotus
105074,109133,scotus
105074,109114,scotus
105074,110382,scotus
105074,109624,scotus
105074,109540,scotus
105074,118307,scotus
105074,118296,scotus
105074,110339,scotus
105074,6461473,scotus
105074,3171724,scotus
105074,3177217,scotus
105074,3177218,scotus
105074,3211609,scotus
105074,4883739,scotus
105074,4883740,scotus
105074,4894122,scotus
105074,4885592,scotus
105074,4885593,scotus
105074,109059,scotus
105074,110256,scotus
105074,112771,scotus
105074,106447,scotus
105074,118058,scotus
105074,112773,scotus
105074,111067,scotus
105074,108655,scotus
105074,118109,scotus
105074,107874,scotus
105074,107875,scotus
105074,107877,scotus
105074,118135,scotus
105074,117982,scotus
105074,117860,scotus
105074,118015,scotus
105074,118205,scotus
105074,106548,scotus
105074,117923,scotus
105074,145122,scotus
105074,1269289,scotus
105074,145734,scotus
105074,872995,scotus
105074,112640,scotus
105074,112640,scotus
105074,112640,scotus
105074,112728,scotus
105074,107679,scotus
105074,112728,scotus
105074,112728,scotus
105074,137000,scotus
105074,145122,scotus
105074,145734,scotus
105074,118452,scotus
105074,134737,scotus
105074,1269289,scotus
105074,9035388,scotus
105074,9286420,scotus
105074,110339,scotus
105074,110256,scotus
105074,110382,scotus
105074,110857,scotus
105074,110662,scotus
105074,110662,scotus
105074,110466,scotus
105074,111430,scotus
105074,112142,scotus
105074,110692,scotus
105074,111726,scotus
105074,112205,scotus
105074,111726,scotus
105074,111727,scotus
105074,111727,scotus
105074,111727,scotus
105074,112206,scotus
105074,112206,scotus
105074,112771,scotus
105074,112771,scotus
105074,118109,scotus
105074,110590,scotus
105074,112322,scotus
105074,111017,scotus
105074,112808,scotus
105074,112773,scotus
105074,112566,scotus
105074,118307,scotus
105074,112845,scotus
105074,112847,scotus
105074,118296,scotus
105074,118296,scotus
105074,112387,scotus
105074,118135,scotus
105074,118205,scotus
105074,112573,scotus
105074,112573,scotus
105074,1087955,scotus
105090,4892571,scotus
105090,4898460,scotus
105090,105280,scotus
105090,106000,scotus
105090,105936,scotus
105090,105194,scotus
105090,105172,scotus
105090,106267,scotus
105090,105538,scotus
105090,105741,scotus
105090,105596,scotus
105090,108002,scotus
105090,108003,scotus
105090,108335,scotus
105090,108302,scotus
105090,108303,scotus
105090,107607,scotus
105090,110216,scotus
105090,809122,scotus
105090,109400,scotus
105090,803267,scotus
105090,107606,scotus
105090,809122,scotus
105090,110216,scotus
105152,105399,scotus
105152,105404,scotus
105152,106067,scotus
105152,106008,scotus
105152,105298,scotus
105152,106249,scotus
105152,107082,scotus
105152,106308,scotus
105152,106267,scotus
105152,106879,scotus
105152,106288,scotus
105152,110794,scotus
105152,108017,scotus
105152,112399,scotus
105152,112570,scotus
105152,108572,scotus
105152,107731,scotus
105152,109301,scotus
105152,111226,scotus
105152,109661,scotus
105152,109679,scotus
105152,107544,scotus
105152,109004,scotus
105152,109005,scotus
105152,108153,scotus
105152,108489,scotus
105152,109086,scotus
105152,108088,scotus
105152,109530,scotus
105152,110228,scotus
105152,109573,scotus
105152,110432,scotus
105152,4752098,scotus
105152,4764452,scotus
105152,109768,scotus
105152,105746,scotus
105152,110309,scotus
105152,110312,scotus
105152,118096,scotus
105152,107872,scotus
105152,137732,scotus
105152,109953,scotus
105152,137739,scotus
105152,107467,scotus
105152,118025,scotus
105152,106609,scotus
105152,118198,scotus
105152,142881,scotus
105152,145806,scotus
105152,109570,scotus
105152,109570,scotus
105152,109570,scotus
105152,109570,scotus
105152,4764452,scotus
105152,4764452,scotus
105152,4764452,scotus
105152,9231325,scotus
105152,137732,scotus
105152,137732,scotus
105152,137732,scotus
105152,142881,scotus
105152,142881,scotus
105152,137739,scotus
105152,110228,scotus
105152,110309,scotus
105152,110794,scotus
105152,110312,scotus
105152,110432,scotus
105152,111226,scotus
105152,112570,scotus
105152,118198,scotus
105170,106620,scotus
105170,105825,scotus
105170,105827,scotus
105170,105835,scotus
105170,105836,scotus
105170,105837,scotus
105170,105270,scotus
105170,106368,scotus
105170,105337,scotus
105170,105727,scotus
105170,105215,scotus
105170,105562,scotus
105170,106943,scotus
105170,110462,scotus
105170,108411,scotus
105170,111693,scotus
105170,111718,scotus
105170,118439,scotus
105170,110136,scotus
105170,108166,scotus
105170,107422,scotus
105170,110971,scotus
105170,108234,scotus
105170,110253,scotus
105170,105986,scotus
105170,105987,scotus
105170,106763,scotus
105170,105967,scotus
105170,112930,scotus
105170,117989,scotus
105170,106049,scotus
105170,137726,scotus
105170,106429,scotus
105170,109252,scotus
105170,118439,scotus
105170,110462,scotus
105170,110253,scotus
105170,111718,scotus
105176,206097,scotus
105176,1087955,scotus
105176,106050,scotus
105176,108413,scotus
105176,107730,scotus
105176,110670,scotus
105176,107494,scotus
105176,110213,scotus
105176,105450,scotus
105176,110851,scotus
105176,118176,scotus
105176,106612,scotus
105176,145866,scotus
105176,820897,scotus
105176,107689,scotus
105176,107689,scotus
105176,206097,scotus
105176,820897,scotus
105176,110670,scotus
105176,118176,scotus
105176,1087955,scotus
105194,111476,scotus
105194,106845,scotus
105194,106622,scotus
105194,106187,scotus
105194,106107,scotus
105194,105456,scotus
105194,105715,scotus
105194,107082,scotus
105194,106282,scotus
105194,107084,scotus
105194,105741,scotus
105194,105609,scotus
105194,108377,scotus
105194,108375,scotus
105194,110813,scotus
105194,107890,scotus
105194,112637,scotus
105194,109302,scotus
105194,110061,scotus
105194,111690,scotus
105194,109698,scotus
105194,111713,scotus
105194,107841,scotus
105194,109725,scotus
105194,111838,scotus
105194,107319,scotus
105194,110959,scotus
105194,109086,scotus
105194,109093,scotus
105194,109539,scotus
105194,109540,scotus
105194,112775,scotus
105194,112912,scotus
105194,107872,scotus
105194,107875,scotus
105194,118470,scotus
105194,118249,scotus
105194,118242,scotus
105194,117944,scotus
105194,106425,scotus
105194,106285,scotus
105194,106285,scotus
105194,106285,scotus
105194,107606,scotus
105194,106285,scotus
105194,111690,scotus
105194,110959,scotus
105194,111713,scotus
105194,111838,scotus
105194,112912,scotus
105194,112775,scotus
105194,111476,scotus
105194,112637,scotus
105195,106846,scotus
105195,105829,scotus
105195,106229,scotus
105195,105230,scotus
105195,105236,scotus
105195,105211,scotus
105195,108017,scotus
105195,110488,scotus
105195,110494,scotus
105195,108737,scotus
105195,109219,scotus
105195,107845,scotus
105195,108501,scotus
105195,112167,scotus
105195,106161,scotus
105195,110563,scotus
105195,110563,scotus
105195,109835,scotus
105195,108721,scotus
105195,109835,scotus
105195,110563,scotus
105195,110494,scotus
105195,110488,scotus
105195,112167,scotus
105221,145795,scotus
105221,931125,scotus
105221,4879558,scotus
105221,111464,scotus
105221,111504,scotus
105221,106825,scotus
105221,106740,scotus
105221,106658,scotus
105221,111507,scotus
105221,105361,scotus
105221,106725,scotus
105221,106729,scotus
105221,106182,scotus
105221,105766,scotus
105221,106223,scotus
105221,106626,scotus
105221,105903,scotus
105221,106514,scotus
105221,106106,scotus
105221,106629,scotus
105221,106630,scotus
105221,106367,scotus
105221,105312,scotus
105221,105878,scotus
105221,105880,scotus
105221,106127,scotus
105221,105496,scotus
105221,106308,scotus
105221,107083,scotus
105221,106872,scotus
105221,107112,scotus
105221,106879,scotus
105221,107125,scotus
105221,107201,scotus
105221,108861,scotus
105221,110770,scotus
105221,110469,scotus
105221,110765,scotus
105221,110766,scotus
105221,110790,scotus
105221,137748,scotus
105221,110461,scotus
105221,110784,scotus
105221,108380,scotus
105221,108369,scotus
105221,110518,scotus
105221,108034,scotus
105221,107647,scotus
105221,107705,scotus
105221,107706,scotus
105221,107707,scotus
105221,107680,scotus
105221,108844,scotus
105221,112472,scotus
105221,108587,scotus
105221,112693,scotus
105221,108316,scotus
105221,108319,scotus
105221,112484,scotus
105221,111577,scotus
105221,108296,scotus
105221,112679,scotus
105221,112718,scotus
105221,112520,scotus
105221,110742,scotus
105221,110602,scotus
105221,110007,scotus
105221,112296,scotus
105221,111869,scotus
105221,111690,scotus
105221,117841,scotus
105221,110064,scotus
105221,112142,scotus
105221,112133,scotus
105221,110098,scotus
105221,107827,scotus
105221,118395,scotus
105221,110077,scotus
105221,109708,scotus
105221,109723,scotus
105221,109709,scotus
105221,109710,scotus
105221,109679,scotus
105221,110142,scotus
105221,107480,scotus
105221,111738,scotus
105221,109012,scotus
105221,112176,scotus
105221,111301,scotus
105221,110140,scotus
105221,111258,scotus
105221,109930,scotus
105221,110141,scotus
105221,112836,scotus
105221,109023,scotus
105221,111827,scotus
105221,109027,scotus
105221,108527,scotus
105221,108153,scotus
105221,108530,scotus
105221,110938,scotus
105221,131166,scotus
105221,109517,scotus
105221,111014,scotus
105221,111979,scotus
105221,108221,scotus
105221,110176,scotus
105221,111114,scotus
105221,111982,scotus
105221,109068,scotus
105221,109102,scotus
105221,109136,scotus
105221,110401,scotus
105221,109627,scotus
105221,110432,scotus
105221,110434,scotus
105221,110420,scotus
105221,109635,scotus
105221,110338,scotus
105221,110333,scotus
105221,110339,scotus
105221,145702,scotus
105221,6461470,scotus
105221,6463787,scotus
105221,2672208,scotus
105221,2670794,scotus
105221,4746633,scotus
105221,4631844,scotus
105221,109349,scotus
105221,106950,scotus
105221,110277,scotus
105221,106957,scotus
105221,112786,scotus
105221,108058,scotus
105221,111669,scotus
105221,106993,scotus
105221,112782,scotus
105221,106850,scotus
105221,112451,scotus
105221,107783,scotus
105221,106997,scotus
105221,1741,scotus
105221,107197,scotus
105221,107869,scotus
105221,107182,scotus
105221,112905,scotus
105221,108851,scotus
105221,108455,scotus
105221,108456,scotus
105221,108457,scotus
105221,136987,scotus
105221,130154,scotus
105221,108459,scotus
105221,108751,scotus
105221,130155,scotus
105221,110055,scotus
105221,107467,scotus
105221,117965,scotus
105221,121168,scotus
105221,117968,scotus
105221,118040,scotus
105221,127908,scotus
105221,127914,scotus
105221,118037,scotus
105221,106575,scotus
105221,106596,scotus
105221,117944,scotus
105221,107950,scotus
105221,107954,scotus
105221,2621048,scotus
105221,9410338,scotus
105221,4760997,scotus
105221,9506541,scotus
105221,9679332,scotus
105221,9824344,scotus
105221,10049657,scotus
105221,110719,scotus
105221,111940,scotus
105221,107748,scotus
105221,109881,scotus
105221,107748,scotus
105221,109881,scotus
105221,110719,scotus
105221,111940,scotus
105221,4631844,scotus
105221,4760997,scotus
105221,9231323,scotus
105221,145850,scotus
105221,931125,scotus
105221,145702,scotus
105221,145702,scotus
105221,145702,scotus
105221,145702,scotus
105221,145702,scotus
105221,127908,scotus
105221,127908,scotus
105221,137748,scotus
105221,121168,scotus
105221,136987,scotus
105221,136987,scotus
105221,137748,scotus
105221,1741,scotus
105221,118395,scotus
105221,131166,scotus
105221,130154,scotus
105221,130155,scotus
105221,130155,scotus
105221,9148069,scotus
105221,9148068,scotus
105221,9158193,scotus
105221,9158194,scotus
105221,110277,scotus
105221,110333,scotus
105221,110176,scotus
105221,110338,scotus
105221,110338,scotus
105221,110339,scotus
105221,110401,scotus
105221,110461,scotus
105221,110518,scotus
105221,110770,scotus
105221,110420,scotus
105221,110742,scotus
105221,110784,scotus
105221,111301,scotus
105221,110790,scotus
105221,110938,scotus
105221,111301,scotus
105221,111690,scotus
105221,110469,scotus
105221,111504,scotus
105221,110765,scotus
105221,111669,scotus
105221,111669,scotus
105221,111258,scotus
105221,111258,scotus
105221,111258,scotus
105221,111577,scotus
105221,110432,scotus
105221,110434,scotus
105221,110766,scotus
105221,111979,scotus
105221,111979,scotus
105221,111982,scotus
105221,111507,scotus
105221,111738,scotus
105221,112142,scotus
105221,111464,scotus
105221,111014,scotus
105221,112296,scotus
105221,112520,scotus
105221,112296,scotus
105221,118040,scotus
105221,112133,scotus
105221,112679,scotus
105221,112905,scotus
105221,112905,scotus
105221,112451,scotus
105221,112782,scotus
105221,112782,scotus
105221,112782,scotus
105221,112786,scotus
105221,112836,scotus
105221,112786,scotus
105221,112176,scotus
105221,111827,scotus
105222,932059,scotus
105222,931125,scotus
105222,945737,scotus
105222,106819,scotus
105222,105766,scotus
105222,105312,scotus
105222,105932,scotus
105222,107082,scotus
105222,106282,scotus
105222,106884,scotus
105222,108856,scotus
105222,106945,scotus
105222,108901,scotus
105222,108400,scotus
105222,108405,scotus
105222,110829,scotus
105222,108373,scotus
105222,108417,scotus
105222,108734,scotus
105222,108781,scotus
105222,107901,scotus
105222,109218,scotus
105222,112610,scotus
105222,112484,scotus
105222,108285,scotus
105222,108608,scotus
105222,108329,scotus
105222,110020,scotus
105222,109308,scotus
105222,112339,scotus
105222,110097,scotus
105222,107825,scotus
105222,111733,scotus
105222,109670,scotus
105222,111260,scotus
105222,110137,scotus
105222,112176,scotus
105222,109013,scotus
105222,108971,scotus
105222,111258,scotus
105222,109746,scotus
105222,110141,scotus
105222,108980,scotus
105222,109490,scotus
105222,111950,scotus
105222,109523,scotus
105222,111375,scotus
105222,109067,scotus
105222,109072,scotus
105222,110246,scotus
105222,109132,scotus
105222,109605,scotus
105222,110338,scotus
105222,110339,scotus
105222,6461470,scotus
105222,6463787,scotus
105222,108713,scotus
105222,4889469,scotus
105222,4893489,scotus
105222,4893490,scotus
105222,107064,scotus
105222,110755,scotus
105222,110548,scotus
105222,109423,scotus
105222,106995,scotus
105222,107045,scotus
105222,108654,scotus
105222,108655,scotus
105222,112905,scotus
105222,108761,scotus
105222,109464,scotus
105222,109469,scotus
105222,118466,scotus
105222,109455,scotus
105222,118022,scotus
105222,118144,scotus
105222,118198,scotus
105222,106575,scotus
105222,149702,scotus
105222,145848,scotus
105222,9410338,scotus
105222,4760997,scotus
105222,10049657,scotus
105222,117947,scotus
105222,108721,scotus
105222,117947,scotus
105222,4760997,scotus
105222,145848,scotus
105222,149702,scotus
105222,931125,scotus
105222,945737,scotus
105222,945737,scotus
105222,110338,scotus
105222,110338,scotus
105222,110339,scotus
105222,110246,scotus
105222,110829,scotus
105222,110548,scotus
105222,110548,scotus
105222,111375,scotus
105222,111258,scotus
105222,111260,scotus
105222,111733,scotus
105222,112610,scotus
105222,111950,scotus
105222,112905,scotus
105222,118198,scotus
105222,112176,scotus
105280,106267,scotus
105280,108002,scotus
105280,108335,scotus
105280,108302,scotus
105280,108303,scotus
105280,107607,scotus
105280,110216,scotus
105280,109400,scotus
105280,107606,scotus
105280,110216,scotus
105285,626207,scotus
105285,106661,scotus
105285,111507,scotus
105285,106514,scotus
105285,106366,scotus
105285,106011,scotus
105285,105890,scotus
105285,106249,scotus
105285,106250,scotus
105285,107082,scotus
105285,107217,scotus
105285,108855,scotus
105285,108913,scotus
105285,106945,scotus
105285,108901,scotus
105285,108908,scotus
105285,110767,scotus
105285,108373,scotus
105285,108422,scotus
105285,109213,scotus
105285,107663,scotus
105285,107901,scotus
105285,108810,scotus
105285,107917,scotus
105285,107702,scotus
105285,107886,scotus
105285,107680,scotus
105285,110561,scotus
105285,108636,scotus
105285,108296,scotus
105285,109813,scotus
105285,111597,scotus
105285,145777,scotus
105285,118363,scotus
105285,108611,scotus
105285,109271,scotus
105285,110015,scotus
105285,110020,scotus
105285,109291,scotus
105285,110042,scotus
105285,109308,scotus
105285,109317,scotus
105285,111226,scotus
105285,112328,scotus
105285,111690,scotus
105285,109871,scotus
105285,110075,scotus
105285,107797,scotus
105285,111216,scotus
105285,112330,scotus
105285,118395,scotus
105285,110130,scotus
105285,109710,scotus
105285,109727,scotus
105285,112176,scotus
105285,109729,scotus
105285,109746,scotus
105285,110894,scotus
105285,108485,scotus
105285,108527,scotus
105285,108489,scotus
105285,111958,scotus
105285,110968,scotus
105285,109498,scotus
105285,108115,scotus
105285,108221,scotus
105285,109065,scotus
105285,109070,scotus
105285,109528,scotus
105285,109515,scotus
105285,110380,scotus
105285,118303,scotus
105285,110434,scotus
105285,109647,scotus
105285,109612,scotus
105285,110338,scotus
105285,110333,scotus
105285,145702,scotus
105285,799984,scotus
105285,2812209,scotus
105285,4511150,scotus
105285,3217332,scotus
105285,3217528,scotus
105285,3217529,scotus
105285,108713,scotus
105285,4764452,scotus
105285,110257,scotus
105285,109768,scotus
105285,112786,scotus
105285,112870,scotus
105285,111662,scotus
105285,109423,scotus
105285,109380,scotus
105285,106989,scotus
105285,111671,scotus
105285,106803,scotus
105285,108548,scotus
105285,112883,scotus
105285,111685,scotus
105285,107256,scotus
105285,107182,scotus
105285,109952,scotus
105285,109471,scotus
105285,108751,scotus
105285,130160,scotus
105285,118139,scotus
105285,118027,scotus
105285,118012,scotus
105285,118239,scotus
105285,117927,scotus
105285,105546,scotus
105285,219511,scotus
105285,219616,scotus
105285,146552,scotus
105285,147528,scotus
105285,145749,scotus
105285,118155,scotus
105285,118155,scotus
105285,109450,scotus
105285,109450,scotus
105285,109570,scotus
105285,109570,scotus
105285,106576,scotus
105285,108889,scotus
105285,109450,scotus
105285,109514,scotus
105285,109570,scotus
105285,4764452,scotus
105285,3217332,scotus
105285,3217332,scotus
105285,6796084,scotus
105285,7345718,scotus
105285,145777,scotus
105285,146552,scotus
105285,147528,scotus
105285,145749,scotus
105285,130160,scotus
105285,145702,scotus
105285,118395,scotus
105285,219616,scotus
105285,799984,scotus
105285,110333,scotus
105285,110333,scotus
105285,110338,scotus
105285,110767,scotus
105285,110767,scotus
105285,110257,scotus
105285,110380,scotus
105285,110380,scotus
105285,110894,scotus
105285,111690,scotus
105285,111662,scotus
105285,110968,scotus
105285,110561,scotus
105285,111597,scotus
105285,111597,scotus
105285,111507,scotus
105285,111671,scotus
105285,111226,scotus
105285,111685,scotus
105285,110434,scotus
105285,112328,scotus
105285,112870,scotus
105285,111958,scotus
105285,111958,scotus
105285,112330,scotus
105285,112330,scotus
105285,112883,scotus
105285,118303,scotus
105285,118139,scotus
105285,112786,scotus
105285,112786,scotus
105285,112786,scotus
105285,626207,scotus
105285,112176,scotus
105287,107239,scotus
105287,108001,scotus
105287,108419,scotus
105287,108421,scotus
105287,109200,scotus
105287,108607,scotus
105287,112511,scotus
105287,110671,scotus
105287,109821,scotus
105287,111163,scotus
105287,111238,scotus
105287,109672,scotus
105287,111945,scotus
105287,108996,scotus
105287,108195,scotus
105287,105454,scotus
105287,112919,scotus
105287,118104,scotus
105287,117931,scotus
105287,117931,scotus
105287,117931,scotus
105287,117931,scotus
105287,111238,scotus
105287,111238,scotus
105287,110671,scotus
105287,111945,scotus
105287,112919,scotus
105287,118104,scotus
105312,106825,scotus
105312,106828,scotus
105312,105361,scotus
105312,106725,scotus
105312,106729,scotus
105312,105766,scotus
105312,106626,scotus
105312,105903,scotus
105312,106514,scotus
105312,106630,scotus
105312,107112,scotus
105312,106945,scotus
105312,108380,scotus
105312,108369,scotus
105312,112414,scotus
105312,107705,scotus
105312,107706,scotus
105312,107707,scotus
105312,108844,scotus
105312,108587,scotus
105312,108316,scotus
105312,110699,scotus
105312,112679,scotus
105312,112718,scotus
105312,112520,scotus
105312,111690,scotus
105312,110097,scotus
105312,107827,scotus
105312,111746,scotus
105312,109723,scotus
105312,112176,scotus
105312,109930,scotus
105312,110141,scotus
105312,111827,scotus
105312,108153,scotus
105312,109519,scotus
105312,109068,scotus
105312,110245,scotus
105312,109076,scotus
105312,109102,scotus
105312,145702,scotus
105312,799990,scotus
105312,112768,scotus
105312,106957,scotus
105312,108661,scotus
105312,112786,scotus
105312,108058,scotus
105312,111669,scotus
105312,112782,scotus
105312,105958,scotus
105312,107783,scotus
105312,108757,scotus
105312,108455,scotus
105312,118134,scotus
105312,117944,scotus
105312,107950,scotus
105312,9410338,scotus
105312,9506541,scotus
105312,10049657,scotus
105312,111940,scotus
105312,107748,scotus
105312,107748,scotus
105312,111940,scotus
105312,145702,scotus
105312,145702,scotus
105312,145702,scotus
105312,145702,scotus
105312,799990,scotus
105312,110245,scotus
105312,111690,scotus
105312,111669,scotus
105312,111669,scotus
105312,111746,scotus
105312,110699,scotus
105312,112414,scotus
105312,112414,scotus
105312,112520,scotus
105312,112520,scotus
105312,112768,scotus
105312,112679,scotus
105312,112679,scotus
105312,112782,scotus
105312,112782,scotus
105312,112782,scotus
105312,112782,scotus
105312,112786,scotus
105312,118134,scotus
105312,112176,scotus
105312,111827,scotus
105326,931122,scotus
105326,105359,scotus
105326,105407,scotus
105326,105809,scotus
105326,105412,scotus
105326,105413,scotus
105326,106245,scotus
105326,105896,scotus
105326,108860,scotus
105326,106881,scotus
105326,110771,scotus
105326,112418,scotus
105326,108033,scotus
105326,107978,scotus
105326,108767,scotus
105326,109224,scotus
105326,108595,scotus
105326,108280,scotus
105326,110686,scotus
105326,109838,scotus
105326,136999,scotus
105326,137000,scotus
105326,108959,scotus
105326,109077,scotus
105326,109132,scotus
105326,4510624,scotus
105326,110548,scotus
105326,106973,scotus
105326,106447,scotus
105326,106988,scotus
105326,105659,scotus
105326,111759,scotus
105326,109406,scotus
105326,105662,scotus
105326,110315,scotus
105326,109414,scotus
105326,105981,scotus
105326,108465,scotus
105326,112920,scotus
105326,107974,scotus
105326,118033,scotus
105326,107953,scotus
105326,145625,scotus
105326,145866,scotus
105326,4510028,scotus
105326,9954582,scotus
105326,9986257,scotus
105326,107685,scotus
105326,111948,scotus
105326,108730,scotus
105326,105525,scotus
105326,107685,scotus
105326,108730,scotus
105326,105525,scotus
105326,105525,scotus
105326,105525,scotus
105326,111948,scotus
105326,111948,scotus
105326,931122,scotus
105326,136999,scotus
105326,136999,scotus
105326,136999,scotus
105326,137000,scotus
105326,110771,scotus
105326,110548,scotus
105326,110686,scotus
105326,110315,scotus
105326,112418,scotus
105375,112577,scotus
105375,112609,scotus
105375,112577,scotus
105389,4894056,scotus
105389,105487,scotus
105389,105740,scotus
105389,110783,scotus
105389,109194,scotus
105389,107692,scotus
105389,112684,scotus
105389,108591,scotus
105389,109862,scotus
105389,109866,scotus
105389,109910,scotus
105389,109913,scotus
105389,111120,scotus
105389,109589,scotus
105389,110292,scotus
105389,107007,scotus
105389,107008,scotus
105389,112921,scotus
105389,117981,scotus
105389,106605,scotus
105389,109390,scotus
105389,109390,scotus
105389,109390,scotus
105389,110292,scotus
105389,110783,scotus
105389,111120,scotus
105412,145797,scotus
105412,105407,scotus
105412,109490,scotus
105412,105981,scotus
105412,105525,scotus
105412,105525,scotus
105412,105525,scotus
105412,105525,scotus
105413,145795,scotus
105413,105407,scotus
105413,109490,scotus
105413,105981,scotus
105511,1087955,scotus
105511,111499,scotus
105511,106718,scotus
105511,106845,scotus
105511,106722,scotus
105511,106354,scotus
105511,106628,scotus
105511,105818,scotus
105511,106499,scotus
105511,105998,scotus
105511,105999,scotus
105511,106030,scotus
105511,106084,scotus
105511,106085,scotus
105511,105711,scotus
105511,106336,scotus
105511,110771,scotus
105511,108899,scotus
105511,110468,scotus
105511,108903,scotus
105511,110472,scotus
105511,110460,scotus
105511,110820,scotus
105511,110484,scotus
105511,110486,scotus
105511,108370,scotus
105511,108375,scotus
105511,112426,scotus
105511,110531,scotus
105511,109183,scotus
105511,107655,scotus
105511,112584,scotus
105511,107886,scotus
105511,112623,scotus
105511,108346,scotus
105511,112086,scotus
105511,2773182,scotus
105511,111895,scotus
105511,137006,scotus
105511,110086,scotus
105511,109877,scotus
105511,118415,scotus
105511,110072,scotus
105511,107822,scotus
105511,110077,scotus
105511,107534,scotus
105511,108961,scotus
105511,107308,scotus
105511,108975,scotus
105511,118500,scotus
105511,108523,scotus
105511,111091,scotus
105511,110932,scotus
105511,108534,scotus
105511,109041,scotus
105511,111965,scotus
105511,111412,scotus
105511,108226,scotus
105511,110990,scotus
105511,109538,scotus
105511,109571,scotus
105511,110441,scotus
105511,110339,scotus
105511,4469103,scotus
105511,4493906,scotus
105511,4492197,scotus
105511,4501697,scotus
105511,106346,scotus
105511,109054,scotus
105511,110164,scotus
105511,106784,scotus
105511,106973,scotus
105511,111758,scotus
105511,112882,scotus
105511,106170,scotus
105511,106775,scotus
105511,107199,scotus
105511,130139,scotus
105511,117857,scotus
105511,117852,scotus
105511,118207,scotus
105511,106551,scotus
105511,145890,scotus
105511,149288,scotus
105511,4493907,scotus
105511,106403,scotus
105511,106434,scotus
105511,106435,scotus
105511,106432,scotus
105511,108154,scotus
105511,108154,scotus
105511,145890,scotus
105511,149288,scotus
105511,137006,scotus
105511,118415,scotus
105511,118500,scotus
105511,130139,scotus
105511,9032937,scotus
105511,9032937,scotus
105511,9032937,scotus
105511,110339,scotus
105511,110820,scotus
105511,110771,scotus
105511,111091,scotus
105511,110468,scotus
105511,110472,scotus
105511,110472,scotus
105511,111965,scotus
105511,110486,scotus
105511,111499,scotus
105511,110441,scotus
105511,110441,scotus
105511,111758,scotus
105511,111758,scotus
105511,112426,scotus
105511,112623,scotus
105511,112882,scotus
105511,112584,scotus
105511,118207,scotus
105511,1087955,scotus
105513,106821,scotus
105513,105818,scotus
105513,105869,scotus
105513,105931,scotus
105513,109823,scotus
105513,112669,scotus
105513,110673,scotus
105513,2764185,scotus
105513,110718,scotus
105513,111215,scotus
105513,108166,scotus
105513,110878,scotus
105513,111831,scotus
105513,111949,scotus
105513,109422,scotus
105513,107150,scotus
105513,109448,scotus
105513,118317,scotus
105513,118317,scotus
105513,118317,scotus
105513,109499,scotus
105513,109499,scotus
105513,111308,scotus
105513,111308,scotus
105513,109499,scotus
105513,110718,scotus
105513,110878,scotus
105513,111831,scotus
105513,112669,scotus
105513,111949,scotus
105513,111949,scotus
105525,219617,scotus
105525,145795,scotus
105525,145797,scotus
105525,134732,scotus
105525,106545,scotus
105525,106512,scotus
105525,105809,scotus
105525,110771,scotus
105525,108860,scotus
105525,112382,scotus
105525,107978,scotus
105525,112439,scotus
105525,109224,scotus
105525,107725,scotus
105525,108595,scotus
105525,108605,scotus
105525,110585,scotus
105525,137001,scotus
105525,107821,scotus
105525,109729,scotus
105525,109490,scotus
105525,112027,scotus
105525,110361,scotus
105525,109077,scotus
105525,6461470,scotus
105525,6463787,scotus
105525,2812209,scotus
105525,2676593,scotus
105525,4510624,scotus
105525,4757657,scotus
105525,4759389,scotus
105525,4759029,scotus
105525,4603642,scotus
105525,106973,scotus
105525,106988,scotus
105525,105659,scotus
105525,107847,scotus
105525,110315,scotus
105525,109414,scotus
105525,105981,scotus
105525,105982,scotus
105525,105983,scotus
105525,108465,scotus
105525,130156,scotus
105525,118194,scotus
105525,107974,scotus
105525,118033,scotus
105525,117935,scotus
105525,107953,scotus
105525,145625,scotus
105525,145628,scotus
105525,145688,scotus
105525,142898,scotus
105525,2620876,scotus
105525,145866,scotus
105525,4510028,scotus
105525,145853,scotus
105525,9954582,scotus
105525,9986257,scotus
105525,118133,scotus
105525,118133,scotus
105525,111948,scotus
105525,105525,scotus
105525,109532,scotus
105525,109532,scotus
105525,111948,scotus
105525,111948,scotus
105525,4603642,scotus
105525,10419644,scotus
105525,145853,scotus
105525,7356240,scotus
105525,142898,scotus
105525,134732,scotus
105525,145688,scotus
105525,219617,scotus
105525,130156,scotus
105525,137001,scotus
105525,110771,scotus
105525,112027,scotus
105525,110315,scotus
105525,110585,scotus
105525,112439,scotus
105525,112382,scotus
105525,112382,scotus
105525,112382,scotus
105525,118194,scotus
105537,106663,scotus
105537,106837,scotus
105537,106182,scotus
105537,105751,scotus
105537,106221,scotus
105537,106222,scotus
105537,105901,scotus
105537,105902,scotus
105537,105903,scotus
105537,105935,scotus
105537,106267,scotus
105537,106310,scotus
105537,106268,scotus
105537,106269,scotus
105537,105743,scotus
105537,105580,scotus
105537,105679,scotus
105537,105687,scotus
105537,105688,scotus
105537,105699,scotus
105537,105700,scotus
105537,108902,scotus
105537,108360,scotus
105537,112386,scotus
105537,108384,scotus
105537,109225,scotus
105537,107900,scotus
105537,108586,scotus
105537,112659,scotus
105537,108600,scotus
105537,110702,scotus
105537,112085,scotus
105537,107608,scotus
105537,109341,scotus
105537,107605,scotus
105537,107607,scotus
105537,109891,scotus
105537,108165,scotus
105537,108499,scotus
105537,108119,scotus
105537,110984,scotus
105537,150540,scotus
105537,109053,scotus
105537,107025,scotus
105537,106761,scotus
105537,109406,scotus
105537,107301,scotus
105537,108269,scotus
105537,118240,scotus
105537,117881,scotus
105537,149285,scotus
105537,149286,scotus
105537,145926,scotus
105537,4510030,scotus
105537,107343,scotus
105537,107343,scotus
105537,107965,scotus
105537,107965,scotus
105537,107343,scotus
105537,107965,scotus
105537,150540,scotus
105537,145926,scotus
105537,149285,scotus
105537,149286,scotus
105537,110984,scotus
105537,110984,scotus
105537,112085,scotus
105537,112659,scotus
105537,112659,scotus
105537,110702,scotus
105537,117881,scotus
105537,112386,scotus
105546,106945,scotus
105546,108714,scotus
105546,108373,scotus
105546,109213,scotus
105546,107680,scotus
105546,107681,scotus
105546,110659,scotus
105546,108296,scotus
105546,112643,scotus
105546,108165,scotus
105546,108497,scotus
105546,108470,scotus
105546,108485,scotus
105546,108527,scotus
105546,111385,scotus
105546,110968,scotus
105546,108115,scotus
105546,108221,scotus
105546,110363,scotus
105546,109515,scotus
105546,3217332,scotus
105546,3217528,scotus
105546,3217529,scotus
105546,108751,scotus
105546,109514,scotus
105546,3217332,scotus
105546,110363,scotus
105546,110363,scotus
105546,110659,scotus
105546,110968,scotus
105546,111385,scotus
105546,112643,scotus
105594,1087952,scotus
105594,105860,scotus
105594,105996,scotus
105594,106273,scotus
105594,105687,scotus
105594,105597,scotus
105594,110473,scotus
105594,110824,scotus
105594,108729,scotus
105594,107978,scotus
105594,109200,scotus
105594,109201,scotus
105594,109204,scotus
105594,108794,scotus
105594,112432,scotus
105594,109186,scotus
105594,108800,scotus
105594,122251,scotus
105594,109258,scotus
105594,110681,scotus
105594,111606,scotus
105594,110714,scotus
105594,110731,scotus
105594,109892,scotus
105594,111207,scotus
105594,109893,scotus
105594,111872,scotus
105594,109894,scotus
105594,109688,scotus
105594,109694,scotus
105594,109695,scotus
105594,109717,scotus
105594,111250,scotus
105594,111246,scotus
105594,109677,scotus
105594,109891,scotus
105594,109928,scotus
105594,112155,scotus
105594,108469,scotus
105594,109735,scotus
105594,108509,scotus
105594,111286,scotus
105594,111317,scotus
105594,109038,scotus
105594,111949,scotus
105594,108139,scotus
105594,111440,scotus
105594,108233,scotus
105594,111105,scotus
105594,110361,scotus
105594,109631,scotus
105594,4325538,scotus
105594,820896,scotus
105594,800858,scotus
105594,4630267,scotus
105594,3211608,scotus
105594,4630088,scotus
105594,109773,scotus
105594,105857,scotus
105594,111664,scotus
105594,110307,scotus
105594,109395,scotus
105594,111151,scotus
105594,106847,scotus
105594,108463,scotus
105594,107293,scotus
105594,112922,scotus
105594,112352,scotus
105594,107166,scotus
105594,117889,scotus
105594,118243,scotus
105594,106577,scotus
105594,145449,scotus
105594,4510030,scotus
105594,145734,scotus
105594,145859,scotus
105594,4630268,scotus
105594,4641200,scotus
105594,9477032,scotus
105594,118155,scotus
105594,118155,scotus
105594,109895,scotus
105594,109895,scotus
105594,107980,scotus
105594,107980,scotus
105594,108114,scotus
105594,108114,scotus
105594,108114,scotus
105594,108114,scotus
105594,112906,scotus
105594,107980,scotus
105594,108114,scotus
105594,108164,scotus
105594,109895,scotus
105594,4630267,scotus
105594,8176259,scotus
105594,3211608,scotus
105594,6795263,scotus
105594,145859,scotus
105594,800858,scotus
105594,800858,scotus
105594,820896,scotus
105594,145449,scotus
105594,145734,scotus
105594,122251,scotus
105594,122251,scotus
105594,9135776,scotus
105594,9135777,scotus
105594,9135777,scotus
105594,110307,scotus
105594,110714,scotus
105594,110824,scotus
105594,110731,scotus
105594,110731,scotus
105594,111246,scotus
105594,111105,scotus
105594,111250,scotus
105594,111317,scotus
105594,9135776,scotus
105594,110681,scotus
105594,111207,scotus
105594,111664,scotus
105594,111151,scotus
105594,111151,scotus
105594,111151,scotus
105594,111606,scotus
105594,111440,scotus
105594,112155,scotus
105594,110473,scotus
105594,110473,scotus
105594,112432,scotus
105594,112432,scotus
105594,112352,scotus
105594,111949,scotus
105646,1087801,scotus
105646,111469,scotus
105646,111513,scotus
105646,106659,scotus
105646,106483,scotus
105646,105862,scotus
105646,106542,scotus
105646,105900,scotus
105646,107223,scotus
105646,105673,scotus
105646,110791,scotus
105646,108722,scotus
105646,112560,scotus
105646,107895,scotus
105646,112599,scotus
105646,112744,scotus
105646,110747,scotus
105646,109287,scotus
105646,109680,scotus
105646,109896,scotus
105646,111239,scotus
105646,107820,scotus
105646,107490,scotus
105646,108495,scotus
105646,109732,scotus
105646,108479,scotus
105646,110215,scotus
105646,111139,scotus
105646,109593,scotus
105646,110269,scotus
105646,107071,scotus
105646,107037,scotus
105646,107870,scotus
105646,112356,scotus
105646,110053,scotus
105646,118139,scotus
105646,112051,scotus
105646,118149,scotus
105646,111218,scotus
105646,111218,scotus
105646,109716,scotus
105646,109716,scotus
105646,109716,scotus
105646,111239,scotus
105646,110747,scotus
105646,110791,scotus
105646,111139,scotus
105646,111139,scotus
105646,112051,scotus
105646,112051,scotus
105646,111513,scotus
105646,112356,scotus
105646,112356,scotus
105646,112599,scotus
105646,118139,scotus
105658,106819,scotus
105658,106534,scotus
105658,106536,scotus
105658,106267,scotus
105658,112382,scotus
105658,108307,scotus
105658,110381,scotus
105658,110168,scotus
105658,107464,scotus
105658,107464,scotus
105658,107464,scotus
105658,110168,scotus
105658,110381,scotus
105658,112382,scotus
105659,217161,scotus
105659,4837662,scotus
105659,1087956,scotus
105659,111455,scotus
105659,111467,scotus
105659,106819,scotus
105659,106734,scotus
105659,106369,scotus
105659,106033,scotus
105659,106534,scotus
105659,106536,scotus
105659,106087,scotus
105659,108859,scotus
105659,110506,scotus
105659,137749,scotus
105659,110795,scotus
105659,108686,scotus
105659,110518,scotus
105659,112477,scotus
105659,107701,scotus
105659,107715,scotus
105659,112626,scotus
105659,112693,scotus
105659,108605,scotus
105659,145780,scotus
105659,111586,scotus
105659,112485,scotus
105659,110594,scotus
105659,112726,scotus
105659,108329,scotus
105659,112646,scotus
105659,109990,scotus
105659,112277,scotus
105659,111863,scotus
105659,112324,scotus
105659,111891,scotus
105659,112325,scotus
105659,112326,scotus
105659,111869,scotus
105659,110075,scotus
105659,111725,scotus
105659,112142,scotus
105659,111250,scotus
105659,109935,scotus
105659,109729,scotus
105659,112808,scotus
105659,109731,scotus
105659,111303,scotus
105659,111000,scotus
105659,111014,scotus
105659,110223,scotus
105659,111029,scotus
105659,111019,scotus
105659,110371,scotus
105659,109535,scotus
105659,109536,scotus
105659,109622,scotus
105659,109121,scotus
105659,110410,scotus
105659,109561,scotus
105659,109635,scotus
105659,2959730,scotus
105659,2959734,scotus
105659,2959737,scotus
105659,2812588,scotus
105659,2675753,scotus
105659,2679204,scotus
105659,2676594,scotus
105659,4541869,scotus
105659,3171724,scotus
105659,3177217,scotus
105659,3177218,scotus
105659,4748670,scotus
105659,802973,scotus
105659,4749014,scotus
105659,4749015,scotus
105659,4374569,scotus
105659,110548,scotus
105659,110168,scotus
105659,107750,scotus
105659,111558,scotus
105659,112888,scotus
105659,117187,scotus
105659,112649,scotus
105659,121158,scotus
105659,110055,scotus
105659,121169,scotus
105659,118033,scotus
105659,117899,scotus
105659,217287,scotus
105659,146790,scotus
105659,803271,scotus
105659,4605632,scotus
105659,4605633,scotus
105659,145817,scotus
105659,9986256,scotus
105659,107081,scotus
105659,107464,scotus
105659,107464,scotus
105659,109532,scotus
105659,109532,scotus
105659,109532,scotus
105659,107081,scotus
105659,107464,scotus
105659,109532,scotus
105659,4605633,scotus
105659,6795859,scotus
105659,145780,scotus
105659,146790,scotus
105659,145817,scotus
105659,2959734,scotus
105659,2959737,scotus
105659,2959737,scotus
105659,121169,scotus
105659,121169,scotus
105659,137749,scotus
105659,137749,scotus
105659,137749,scotus
105659,121158,scotus
105659,121158,scotus
105659,121158,scotus
105659,9137855,scotus
105659,9138026,scotus
105659,110168,scotus
105659,110168,scotus
105659,9267825,scotus
105659,110506,scotus
105659,110518,scotus
105659,110518,scotus
105659,110594,scotus
105659,110518,scotus
105659,110223,scotus
105659,110223,scotus
105659,110371,scotus
105659,110548,scotus
105659,111029,scotus
105659,111250,scotus
105659,110795,scotus
105659,111303,scotus
105659,111131,scotus
105659,111586,scotus
105659,111000,scotus
105659,111558,scotus
105659,112142,scotus
105659,112142,scotus
105659,112142,scotus
105659,111725,scotus
105659,111725,scotus
105659,111863,scotus
105659,112646,scotus
105659,112649,scotus
105659,112326,scotus
105659,111014,scotus
105659,111455,scotus
105659,112277,scotus
105659,112277,scotus
105659,112324,scotus
105659,112326,scotus
105659,111467,scotus
105659,112808,scotus
105659,117899,scotus
105659,112626,scotus
105659,112888,scotus
105659,1087956,scotus
105659,111019,scotus
105659,112325,scotus
105659,112325,scotus
105687,105750,scotus
105687,106221,scotus
105687,106106,scotus
105687,105860,scotus
105687,105742,scotus
105687,108399,scotus
105687,107978,scotus
105687,112432,scotus
105687,111630,scotus
105687,108509,scotus
105687,110961,scotus
105687,105857,scotus
105687,107166,scotus
105687,107980,scotus
105687,108114,scotus
105687,108114,scotus
105687,108114,scotus
105687,108114,scotus
105687,108114,scotus
105687,107980,scotus
105687,108114,scotus
105687,111630,scotus
105687,112432,scotus
105722,106677,scotus
105722,106719,scotus
105722,106621,scotus
105722,106383,scotus
105722,107084,scotus
105722,106340,scotus
105722,108400,scotus
105722,108410,scotus
105722,108412,scotus
105722,108281,scotus
105722,107390,scotus
105722,111302,scotus
105722,107423,scotus
105722,108480,scotus
105722,109643,scotus
105722,118332,scotus
105722,107307,scotus
105722,107148,scotus
105722,108751,scotus
105722,107966,scotus
105722,106549,scotus
105722,106550,scotus
105722,145832,scotus
105722,107689,scotus
105722,107689,scotus
105722,9053440,scotus
105722,118332,scotus
105722,111302,scotus
105722,111302,scotus
105745,106822,scotus
105745,106625,scotus
105745,105914,scotus
105745,105917,scotus
105745,106634,scotus
105745,106284,scotus
105745,106881,scotus
105745,118380,scotus
105745,107336,scotus
105745,110300,scotus
105745,112890,scotus
105745,107260,scotus
105745,218925,scotus
105745,106883,scotus
105745,107252,scotus
105745,107252,scotus
105745,107252,scotus
105745,106883,scotus
105745,107252,scotus
105745,7345714,scotus
105745,218925,scotus
105745,118380,scotus
105745,110300,scotus
105745,112890,scotus
105750,106822,scotus
105750,106625,scotus
105750,105914,scotus
105750,105917,scotus
105750,106634,scotus
105750,106284,scotus
105750,108811,scotus
105750,110649,scotus
105750,110029,scotus
105750,118380,scotus
105750,109872,scotus
105750,107419,scotus
105750,110300,scotus
105750,112890,scotus
105750,107260,scotus
105750,106548,scotus
105750,106883,scotus
105750,106883,scotus
105750,107252,scotus
105750,107252,scotus
105750,107252,scotus
105750,106883,scotus
105750,107252,scotus
105750,118380,scotus
105750,118380,scotus
105750,110300,scotus
105750,110649,scotus
105750,112890,scotus
105751,219734,scotus
105751,1087950,scotus
105751,111490,scotus
105751,106660,scotus
105751,106658,scotus
105751,111510,scotus
105751,106837,scotus
105751,106729,scotus
105751,106221,scotus
105751,106222,scotus
105751,105901,scotus
105751,106545,scotus
105751,105830,scotus
105751,105902,scotus
105751,106514,scotus
105751,106530,scotus
105751,106109,scotus
105751,106000,scotus
105751,106075,scotus
105751,106534,scotus
105751,106267,scotus
105751,107083,scotus
105751,106864,scotus
105751,106877,scotus
105751,106878,scotus
105751,106287,scotus
105751,107210,scotus
105751,108858,scotus
105751,108902,scotus
105751,110765,scotus
105751,110819,scotus
105751,108361,scotus
105751,110821,scotus
105751,108367,scotus
105751,108380,scotus
105751,108688,scotus
105751,110798,scotus
105751,108429,scotus
105751,112398,scotus
105751,109214,scotus
105751,108839,scotus
105751,108562,scotus
105751,112572,scotus
105751,108800,scotus
105751,112593,scotus
105751,112472,scotus
105751,108583,scotus
105751,108589,scotus
105751,108275,scotus
105751,108636,scotus
105751,108606,scotus
105751,108598,scotus
105751,108341,scotus
105751,108600,scotus
105751,110661,scotus
105751,108608,scotus
105751,108609,scotus
105751,108301,scotus
105751,112637,scotus
105751,109265,scotus
105751,108611,scotus
105751,108616,scotus
105751,108329,scotus
105751,110692,scotus
105751,109836,scotus
105751,111628,scotus
105751,118369,scotus
105751,109291,scotus
105751,111164,scotus
105751,110085,scotus
105751,109661,scotus
105751,111876,scotus
105751,110067,scotus
105751,109698,scotus
105751,111713,scotus
105751,110099,scotus
105751,107484,scotus
105751,109884,scotus
105751,107489,scotus
105751,109928,scotus
105751,107494,scotus
105751,109008,scotus
105751,110138,scotus
105751,108499,scotus
105751,108993,scotus
105751,107416,scotus
105751,111782,scotus
105751,109004,scotus
105751,111303,scotus
105751,107325,scotus
105751,110141,scotus
105751,108541,scotus
105751,112195,scotus
105751,111829,scotus
105751,108492,scotus
105751,111318,scotus
105751,109035,scotus
105751,108238,scotus
105751,110935,scotus
105751,110232,scotus
105751,109517,scotus
105751,111976,scotus
105751,111979,scotus
105751,108221,scotus
105751,108223,scotus
105751,109525,scotus
105751,108228,scotus
105751,110224,scotus
105751,109091,scotus
105751,109094,scotus
105751,111418,scotus
105751,108100,scotus
105751,108111,scotus
105751,110333,scotus
105751,107554,scotus
105751,107064,scotus
105751,106446,scotus
105751,108069,scotus
105751,112775,scotus
105751,118059,scotus
105751,106987,scotus
105751,107025,scotus
105751,109380,scotus
105751,118060,scotus
105751,109401,scotus
105751,107034,scotus
105751,106761,scotus
105751,108549,scotus
105751,111248,scotus
105751,110315,scotus
105751,105972,scotus
105751,112902,scotus
105751,111755,scotus
105751,107188,scotus
105751,108261,scotus
105751,108262,scotus
105751,107189,scotus
105751,112356,scotus
105751,108269,scotus
105751,107163,scotus
105751,117967,scotus
105751,117861,scotus
105751,118240,scotus
105751,106559,scotus
105751,127886,scotus
105751,127918,scotus
105751,145624,scotus
105751,145672,scotus
105751,2621077,scotus
105751,9409607,scotus
105751,10049662,scotus
105751,107343,scotus
105751,107343,scotus
105751,107965,scotus
105751,107343,scotus
105751,107965,scotus
105751,145624,scotus
105751,219734,scotus
105751,118369,scotus
105751,127918,scotus
105751,2621077,scotus
105751,2621077,scotus
105751,9070221,scotus
105751,9070222,scotus
105751,110333,scotus
105751,110224,scotus
105751,110821,scotus
105751,110661,scotus
105751,110935,scotus
105751,110935,scotus
105751,111248,scotus
105751,111303,scotus
105751,111418,scotus
105751,111318,scotus
105751,110765,scotus
105751,111490,scotus
105751,111713,scotus
105751,111829,scotus
105751,111979,scotus
105751,111510,scotus
105751,112195,scotus
105751,110315,scotus
105751,110692,scotus
105751,111164,scotus
105751,111164,scotus
105751,112356,scotus
105751,117967,scotus
105751,112593,scotus
105751,111755,scotus
105751,117861,scotus
105751,112775,scotus
105751,112775,scotus
105751,112572,scotus
105751,112637,scotus
105751,112902,scotus
105751,1087950,scotus
105751,1087950,scotus
105751,111628,scotus
105751,111628,scotus
105766,111503,scotus
105766,111504,scotus
105766,106825,scotus
105766,106626,scotus
105766,105912,scotus
105766,106208,scotus
105766,106109,scotus
105766,106127,scotus
105766,106008,scotus
105766,106308,scotus
105766,106879,scotus
105766,107080,scotus
105766,110461,scotus
105766,108380,scotus
105766,108369,scotus
105766,108698,scotus
105766,5305640,scotus
105766,5305639,scotus
105766,107647,scotus
105766,107705,scotus
105766,5305358,scotus
105766,2764183,scotus
105766,112643,scotus
105766,112718,scotus
105766,118363,scotus
105766,108329,scotus
105766,117828,scotus
105766,111157,scotus
105766,111690,scotus
105766,107827,scotus
105766,118395,scotus
105766,110146,scotus
105766,112176,scotus
105766,111258,scotus
105766,110141,scotus
105766,108153,scotus
105766,110938,scotus
105766,108115,scotus
105766,108221,scotus
105766,109068,scotus
105766,109102,scotus
105766,145702,scotus
105766,2672208,scotus
105766,2670794,scotus
105766,110248,scotus
105766,112768,scotus
105766,118056,scotus
105766,108057,scotus
105766,112782,scotus
105766,112349,scotus
105766,107448,scotus
105766,108851,scotus
105766,130155,scotus
105766,107167,scotus
105766,117968,scotus
105766,106609,scotus
105766,9410338,scotus
105766,10049657,scotus
105766,111940,scotus
105766,107748,scotus
105766,107748,scotus
105766,111940,scotus
105766,145702,scotus
105766,118395,scotus
105766,130155,scotus
105766,9148069,scotus
105766,9148068,scotus
105766,110461,scotus
105766,110248,scotus
105766,110938,scotus
105766,111690,scotus
105766,111503,scotus
105766,111504,scotus
105766,111258,scotus
105766,111258,scotus
105766,111157,scotus
105766,112349,scotus
105766,112768,scotus
105766,112643,scotus
105766,112782,scotus
105766,118056,scotus
105766,112176,scotus
105789,106098,scotus
105789,106107,scotus
105789,107394,scotus
105789,108220,scotus
105789,109528,scotus
105789,110168,scotus
105789,106048,scotus
105789,118191,scotus
105789,118042,scotus
105789,110212,scotus
105789,110212,scotus
105789,110212,scotus
105789,110168,scotus
105789,118042,scotus
105789,118191,scotus
105828,106846,scotus
105828,108737,scotus
105828,109239,scotus
105828,112731,scotus
105828,107629,scotus
105828,111042,scotus
105828,107023,scotus
105828,117997,scotus
105828,112739,scotus
105828,109615,scotus
105828,112739,scotus
105829,106846,scotus
105829,106358,scotus
105829,106239,scotus
105829,106141,scotus
105829,106018,scotus
105829,110780,scotus
105829,110488,scotus
105829,108737,scotus
105829,109239,scotus
105829,108647,scotus
105829,117834,scotus
105829,111158,scotus
105829,109900,scotus
105829,111244,scotus
105829,111941,scotus
105829,111942,scotus
105829,107425,scotus
105829,110229,scotus
105829,109578,scotus
105829,109630,scotus
105829,2801433,scotus
105829,109772,scotus
105829,112769,scotus
105829,110297,scotus
105829,112450,scotus
105829,118111,scotus
105829,117855,scotus
105829,117914,scotus
105829,1208150,scotus
105829,112739,scotus
105829,109835,scotus
105829,109615,scotus
105829,109835,scotus
105829,112739,scotus
105829,112739,scotus
105829,110229,scotus
105829,110780,scotus
105829,110780,scotus
105829,111244,scotus
105829,110488,scotus
105829,111941,scotus
105829,111942,scotus
105829,117914,scotus
105829,112769,scotus
105829,112769,scotus
105829,112450,scotus
105829,118111,scotus
105833,145862,scotus
105833,109344,scotus
105833,109344,scotus
105833,145862,scotus
105833,145862,scotus
105837,1087812,scotus
105837,105845,scotus
105837,106022,scotus
105837,110462,scotus
105837,108411,scotus
105837,111693,scotus
105837,118439,scotus
105837,108215,scotus
105837,4601080,scotus
105837,105986,scotus
105837,105987,scotus
105837,105846,scotus
105837,118122,scotus
105837,117989,scotus
105837,109252,scotus
105837,118439,scotus
105837,110462,scotus
105837,118122,scotus
105848,106057,scotus
105848,106283,scotus
105848,108898,scotus
105848,108430,scotus
105848,112730,scotus
105848,110038,scotus
105848,112139,scotus
105848,112173,scotus
105848,109248,scotus
105848,107249,scotus
105848,106792,scotus
105848,106403,scotus
105848,107564,scotus
105848,107121,scotus
105848,107564,scotus
105848,112139,scotus
105848,112173,scotus
105860,1087946,scotus
105860,111541,scotus
105860,106457,scotus
105860,106107,scotus
105860,106001,scotus
105860,106283,scotus
105860,106864,scotus
105860,107978,scotus
105860,109170,scotus
105860,107887,scotus
105860,110657,scotus
105860,109818,scotus
105860,109321,scotus
105860,109744,scotus
105860,108212,scotus
105860,111317,scotus
105860,108238,scotus
105860,108112,scotus
105860,4630267,scotus
105860,3211608,scotus
105860,4630088,scotus
105860,109374,scotus
105860,110167,scotus
105860,106862,scotus
105860,118091,scotus
105860,107166,scotus
105860,4630268,scotus
105860,4641200,scotus
105860,108114,scotus
105860,108114,scotus
105860,112906,scotus
105860,108114,scotus
105860,4630267,scotus
105860,4630267,scotus
105860,4630267,scotus
105860,3211608,scotus
105860,3211608,scotus
105860,9135776,scotus
105860,9135777,scotus
105860,110657,scotus
105860,111317,scotus
105860,111541,scotus
105860,111541,scotus
105860,111541,scotus
105860,1087946,scotus
105860,118091,scotus
105866,145790,scotus
105866,623843,scotus
105866,219098,scotus
105866,1088049,scotus
105866,106827,scotus
105866,106700,scotus
105866,106720,scotus
105866,106722,scotus
105866,106354,scotus
105866,106488,scotus
105866,106521,scotus
105866,106496,scotus
105866,106631,scotus
105866,105991,scotus
105866,106499,scotus
105866,106632,scotus
105866,106636,scotus
105866,106526,scotus
105866,105999,scotus
105866,106531,scotus
105866,105931,scotus
105866,106314,scotus
105866,107087,scotus
105866,106336,scotus
105866,107200,scotus
105866,107123,scotus
105866,106942,scotus
105866,110468,scotus
105866,110477,scotus
105866,110798,scotus
105866,108370,scotus
105866,108723,scotus
105866,108779,scotus
105866,107692,scotus
105866,107886,scotus
105866,110562,scotus
105866,108273,scotus
105866,112661,scotus
105866,110639,scotus
105866,111621,scotus
105866,109262,scotus
105866,111608,scotus
105866,110041,scotus
105866,112086,scotus
105866,109862,scotus
105866,111901,scotus
105866,112140,scotus
105866,112340,scotus
105866,112341,scotus
105866,111915,scotus
105866,111251,scotus
105866,111223,scotus
105866,107367,scotus
105866,112828,scotus
105866,108963,scotus
105866,110897,scotus
105866,109041,scotus
105866,110943,scotus
105866,109089,scotus
105866,111438,scotus
105866,111412,scotus
105866,111006,scotus
105866,108091,scotus
105866,108093,scotus
105866,111991,scotus
105866,110427,scotus
105866,109119,scotus
105866,109542,scotus
105866,109616,scotus
105866,2540047,scotus
105866,4731814,scotus
105866,4499694,scotus
105866,112777,scotus
105866,109383,scotus
105866,118051,scotus
105866,111673,scotus
105866,111056,scotus
105866,107003,scotus
105866,106811,scotus
105866,118055,scotus
105866,118121,scotus
105866,107162,scotus
105866,118026,scotus
105866,117852,scotus
105866,118207,scotus
105866,118246,scotus
105866,106601,scotus
105866,1880390,scotus
105866,106430,scotus
105866,106403,scotus
105866,106434,scotus
105866,9403372,scotus
105866,10049682,scotus
105866,109508,scotus
105866,109508,scotus
105866,109508,scotus
105866,7345715,scotus
105866,623843,scotus
105866,145790,scotus
105866,145790,scotus
105866,219098,scotus
105866,9068995,scotus
105866,9068996,scotus
105866,110639,scotus
105866,111056,scotus
105866,111056,scotus
105866,110943,scotus
105866,110943,scotus
105866,111251,scotus
105866,110897,scotus
105866,110897,scotus
105866,110468,scotus
105866,110468,scotus
105866,110562,scotus
105866,111621,scotus
105866,111673,scotus
105866,111673,scotus
105866,112140,scotus
105866,111006,scotus
105866,111006,scotus
105866,111006,scotus
105866,112340,scotus
105866,112341,scotus
105866,112777,scotus
105866,112777,scotus
105866,118121,scotus
105866,118051,scotus
105866,118055,scotus
105866,118207,scotus
105866,111223,scotus
105866,118246,scotus
105869,106821,scotus
105869,108763,scotus
105869,112423,scotus
105869,112669,scotus
105869,112291,scotus
105869,110033,scotus
105869,111209,scotus
105869,111906,scotus
105869,118442,scotus
105869,109919,scotus
105869,118504,scotus
105869,111094,scotus
105869,111949,scotus
105869,110379,scotus
105869,4618956,scotus
105869,110753,scotus
105869,112768,scotus
105869,118236,scotus
105869,117880,scotus
105869,215077,scotus
105869,118317,scotus
105869,118317,scotus
105869,118317,scotus
105869,108990,scotus
105869,108990,scotus
105869,108990,scotus
105869,7343955,scotus
105869,215077,scotus
105869,110379,scotus
105869,110379,scotus
105869,110753,scotus
105869,110753,scotus
105869,111094,scotus
105869,112291,scotus
105869,112768,scotus
105869,112669,scotus
105869,111949,scotus
105869,111949,scotus
105869,111949,scotus
105869,112423,scotus
105869,112423,scotus
105869,117880,scotus
105869,117880,scotus
105880,106622,scotus
105880,106641,scotus
105880,105909,scotus
105880,105914,scotus
105880,106021,scotus
105880,106107,scotus
105880,106109,scotus
105880,107082,scotus
105880,106282,scotus
105880,106287,scotus
105880,110530,scotus
105880,109874,scotus
105880,107636,scotus
105880,111927,scotus
105880,109876,scotus
105880,109714,scotus
105880,107474,scotus
105880,111262,scotus
105880,107319,scotus
105880,111959,scotus
105880,108223,scotus
105880,108077,scotus
105880,109540,scotus
105880,106964,scotus
105880,110314,scotus
105880,106180,scotus
105880,106285,scotus
105880,106285,scotus
105880,107473,scotus
105880,110530,scotus
105880,110530,scotus
105880,110314,scotus
105880,111959,scotus
105880,111927,scotus
105880,111262,scotus
105917,625832,scotus
105917,626055,scotus
105917,111546,scotus
105917,106822,scotus
105917,106622,scotus
105917,106641,scotus
105917,106091,scotus
105917,106512,scotus
105917,106625,scotus
105917,106192,scotus
105917,106391,scotus
105917,106278,scotus
105917,106864,scotus
105917,106284,scotus
105917,106881,scotus
105917,106936,scotus
105917,112385,scotus
105917,108429,scotus
105917,108743,scotus
105917,112566,scotus
105917,108554,scotus
105917,107893,scotus
105917,108800,scotus
105917,108585,scotus
105917,108846,scotus
105917,111568,scotus
105917,111204,scotus
105917,112127,scotus
105917,111193,scotus
105917,111726,scotus
105917,107486,scotus
105917,111798,scotus
105917,111779,scotus
105917,108541,scotus
105917,111344,scotus
105917,108139,scotus
105917,108231,scotus
105917,109624,scotus
105917,107569,scotus
105917,107359,scotus
105917,110300,scotus
105917,112452,scotus
105917,106862,scotus
105917,105977,scotus
105917,107260,scotus
105917,106558,scotus
105917,145873,scotus
105917,145880,scotus
105917,106421,scotus
105917,106425,scotus
105917,106441,scotus
105917,9493495,scotus
105917,106883,scotus
105917,107252,scotus
105917,107252,scotus
105917,106883,scotus
105917,107252,scotus
105917,107252,scotus
105917,145873,scotus
105917,626055,scotus
105917,110300,scotus
105917,110300,scotus
105917,111344,scotus
105917,111193,scotus
105917,111779,scotus
105917,111204,scotus
105917,111546,scotus
105917,111568,scotus
105917,111726,scotus
105917,112127,scotus
105917,112566,scotus
105917,112452,scotus
105917,112385,scotus
105978,625833,scotus
105978,106057,scotus
105978,106078,scotus
105978,108709,scotus
105978,108710,scotus
105978,112738,scotus
105978,112730,scotus
105978,109821,scotus
105978,118376,scotus
105978,122260,scotus
105978,107316,scotus
105978,118505,scotus
105978,112222,scotus
105978,111004,scotus
105978,3214883,scotus
105978,107964,scotus
105978,106407,scotus
105978,111404,scotus
105978,3214883,scotus
105978,625833,scotus
105978,625833,scotus
105978,122260,scotus
105978,122260,scotus
105978,118376,scotus
105978,111004,scotus
105978,112222,scotus
105981,931122,scotus
105981,106545,scotus
105981,106512,scotus
105981,106253,scotus
105981,108860,scotus
105981,108768,scotus
105981,108595,scotus
105981,109077,scotus
105981,809122,scotus
105981,107953,scotus
105981,146552,scotus
105981,803267,scotus
105981,111948,scotus
105981,111948,scotus
105981,111948,scotus
105981,809122,scotus
105981,931122,scotus
105981,146552,scotus
105999,111498,scotus
105999,106023,scotus
105999,110782,scotus
105999,112401,scotus
105999,110531,scotus
105999,112558,scotus
105999,107886,scotus
105999,110555,scotus
105999,108346,scotus
105999,110664,scotus
105999,110597,scotus
105999,111621,scotus
105999,111604,scotus
105999,110041,scotus
105999,110073,scotus
105999,110030,scotus
105999,112341,scotus
105999,109906,scotus
105999,107414,scotus
105999,110898,scotus
105999,108532,scotus
105999,108083,scotus
105999,109078,scotus
105999,109123,scotus
105999,106346,scotus
105999,109765,scotus
105999,110164,scotus
105999,111049,scotus
105999,107007,scotus
105999,107008,scotus
105999,106605,scotus
105999,106406,scotus
105999,9403372,scotus
105999,10049682,scotus
105999,109508,scotus
105999,109508,scotus
105999,109508,scotus
105999,9032937,scotus
105999,110597,scotus
105999,110782,scotus
105999,110555,scotus
105999,111621,scotus
105999,111604,scotus
105999,111498,scotus
105999,111006,scotus
105999,112341,scotus
106009,106542,scotus
106009,107223,scotus
106009,112425,scotus
106009,107691,scotus
106009,107683,scotus
106009,107732,scotus
106009,110698,scotus
106009,111607,scotus
106009,109287,scotus
106009,107615,scotus
106009,107490,scotus
106009,110880,scotus
106009,110215,scotus
106009,111115,scotus
106009,106166,scotus
106009,106805,scotus
106009,106657,scotus
106009,112051,scotus
106009,145701,scotus
106009,111218,scotus
106009,111218,scotus
106009,111218,scotus
106009,109716,scotus
106009,109716,scotus
106009,145701,scotus
106009,9349584,scotus
106009,110880,scotus
106009,111607,scotus
106009,112051,scotus
106009,112051,scotus
106009,110698,scotus
106009,112425,scotus
106021,111509,scotus
106021,106622,scotus
106021,106641,scotus
106021,106107,scotus
106021,106108,scotus
106021,106282,scotus
106021,108893,scotus
106021,108894,scotus
106021,107981,scotus
106021,112392,scotus
106021,107701,scotus
106021,108800,scotus
106021,111583,scotus
106021,109874,scotus
106021,111927,scotus
106021,109901,scotus
106021,107319,scotus
106021,108995,scotus
106021,111265,scotus
106021,110901,scotus
106021,109522,scotus
106021,109504,scotus
106021,109352,scotus
106021,107577,scotus
106021,107262,scotus
106021,106180,scotus
106021,107465,scotus
106021,118036,scotus
106021,107979,scotus
106021,107979,scotus
106021,110719,scotus
106021,107473,scotus
106021,107979,scotus
106021,110719,scotus
106021,110901,scotus
106021,111583,scotus
106021,111927,scotus
106021,111509,scotus
106021,111265,scotus
106021,112392,scotus
106022,106622,scotus
106022,106187,scotus
106022,106641,scotus
106022,106197,scotus
106022,106515,scotus
106022,106107,scotus
106022,106108,scotus
106022,106865,scotus
106022,106936,scotus
106022,108898,scotus
106022,108379,scotus
106022,110464,scotus
106022,108710,scotus
106022,112416,scotus
106022,107745,scotus
106022,108800,scotus
106022,107716,scotus
106022,108582,scotus
106022,108589,scotus
106022,108304,scotus
106022,112488,scotus
106022,108602,scotus
106022,108297,scotus
106022,112643,scotus
106022,110599,scotus
106022,111611,scotus
106022,111635,scotus
106022,107636,scotus
106022,107483,scotus
106022,107831,scotus
106022,109925,scotus
106022,112795,scotus
106022,107394,scotus
106022,107312,scotus
106022,111262,scotus
106022,107318,scotus
106022,107430,scotus
106022,110959,scotus
106022,108215,scotus
106022,112175,scotus
106022,111143,scotus
106022,111146,scotus
106022,109540,scotus
106022,110326,scotus
106022,4497658,scotus
106022,106783,scotus
106022,106990,scotus
106022,106777,scotus
106022,108760,scotus
106022,107872,scotus
106022,109953,scotus
106022,118249,scotus
106022,107465,scotus
106022,145670,scotus
106022,106425,scotus
106022,110325,scotus
106022,110325,scotus
106022,107564,scotus
106022,106285,scotus
106022,107564,scotus
106022,110325,scotus
106022,106285,scotus
106022,145670,scotus
106022,110599,scotus
106022,110959,scotus
106022,110959,scotus
106022,110959,scotus
106022,111611,scotus
106022,111143,scotus
106022,111146,scotus
106022,111146,scotus
106022,111635,scotus
106022,111262,scotus
106022,111262,scotus
106022,112175,scotus
106022,112416,scotus
106022,112643,scotus
106022,112175,scotus
106048,106098,scotus
106048,110212,scotus
106048,110212,scotus
106050,106507,scotus
106050,107730,scotus
106050,110088,scotus
106050,107494,scotus
106050,109012,scotus
106050,118176,scotus
106050,107689,scotus
106050,107689,scotus
106050,107689,scotus
106050,118176,scotus
106057,106087,scotus
106057,110757,scotus
106057,108430,scotus
106057,107686,scotus
106057,109442,scotus
106057,112644,scotus
106057,112645,scotus
106057,111861,scotus
106057,111186,scotus
106057,110140,scotus
106057,110339,scotus
106057,107248,scotus
106057,106792,scotus
106057,106441,scotus
106057,107121,scotus
106057,110339,scotus
106057,110339,scotus
106057,110757,scotus
106057,111861,scotus
106057,112644,scotus
106057,112645,scotus
106087,1087946,scotus
106087,111465,scotus
106087,106660,scotus
106087,106182,scotus
106087,106369,scotus
106087,106534,scotus
106087,106267,scotus
106087,108855,scotus
106087,108405,scotus
106087,108781,scotus
106087,109186,scotus
106087,107901,scotus
106087,109218,scotus
106087,107897,scotus
106087,109236,scotus
106087,110657,scotus
106087,108608,scotus
106087,109976,scotus
106087,108333,scotus
106087,109308,scotus
106087,111198,scotus
106087,110075,scotus
106087,111711,scotus
106087,111260,scotus
106087,118444,scotus
106087,110137,scotus
106087,109729,scotus
106087,107328,scotus
106087,108194,scotus
106087,108115,scotus
106087,109524,scotus
106087,108223,scotus
106087,110363,scotus
106087,110423,scotus
106087,109618,scotus
106087,109605,scotus
106087,109612,scotus
106087,110331,scotus
106087,112870,scotus
106087,109382,scotus
106087,111671,scotus
106087,118082,scotus
106087,108655,scotus
106087,118071,scotus
106087,108266,scotus
106087,121155,scotus
106087,127899,scotus
106087,118155,scotus
106087,118155,scotus
106087,118155,scotus
106087,107081,scotus
106087,111103,scotus
106087,109570,scotus
106087,107081,scotus
106087,109570,scotus
106087,121155,scotus
106087,127899,scotus
106087,127899,scotus
106087,127899,scotus
106087,9281247,scotus
106087,110363,scotus
106087,110363,scotus
106087,110657,scotus
106087,110423,scotus
106087,111198,scotus
106087,111671,scotus
106087,111260,scotus
106087,111465,scotus
106087,112870,scotus
106087,1087946,scotus
106107,219735,scotus
106107,111541,scotus
106107,106641,scotus
106107,106545,scotus
106107,106513,scotus
106107,106223,scotus
106107,106197,scotus
106107,106515,scotus
106107,107084,scotus
106107,106864,scotus
106107,106287,scotus
106107,108898,scotus
106107,108377,scotus
106107,112579,scotus
106107,107736,scotus
106107,108800,scotus
106107,107729,scotus
106107,108596,scotus
106107,109302,scotus
106107,109304,scotus
106107,109292,scotus
106107,109312,scotus
106107,111204,scotus
106107,110059,scotus
106107,112136,scotus
106107,107483,scotus
106107,111259,scotus
106107,118427,scotus
106107,111301,scotus
106107,111262,scotus
106107,110959,scotus
106107,110933,scotus
106107,108538,scotus
106107,109063,scotus
106107,108223,scotus
106107,109101,scotus
106107,109539,scotus
106107,109540,scotus
106107,110339,scotus
106107,4630267,scotus
106107,4630088,scotus
106107,110150,scotus
106107,106771,scotus
106107,106170,scotus
106107,106862,scotus
106107,110317,scotus
106107,106180,scotus
106107,112350,scotus
106107,107872,scotus
106107,107874,scotus
106107,110049,scotus
106107,107148,scotus
106107,118107,scotus
106107,117964,scotus
106107,118235,scotus
106107,118042,scotus
106107,117905,scotus
106107,145628,scotus
106107,145646,scotus
106107,218926,scotus
106107,145922,scotus
106107,106425,scotus
106107,145814,scotus
106107,4630268,scotus
106107,4641200,scotus
106107,107979,scotus
106107,106285,scotus
106107,106285,scotus
106107,110212,scotus
106107,107746,scotus
106107,106285,scotus
106107,107746,scotus
106107,107979,scotus
106107,110212,scotus
106107,106285,scotus
106107,4630267,scotus
106107,4630267,scotus
106107,7345713,scotus
106107,7345722,scotus
106107,145814,scotus
106107,145922,scotus
106107,145628,scotus
106107,218926,scotus
106107,118427,scotus
106107,9179815,scotus
106107,9179816,scotus
106107,110339,scotus
106107,111301,scotus
106107,110933,scotus
106107,111204,scotus
106107,111541,scotus
106107,110959,scotus
106107,111259,scotus
106107,111262,scotus
106107,110317,scotus
106107,110317,scotus
106107,112350,scotus
106107,118042,scotus
106107,145646,scotus
106107,112136,scotus
106107,117905,scotus
106107,112579,scotus
106107,118107,scotus
106108,106641,scotus
106108,112392,scotus
106108,112579,scotus
106108,107729,scotus
106108,107730,scotus
106108,107487,scotus
106108,111738,scotus
106108,107312,scotus
106108,111143,scotus
106108,110264,scotus
106108,107577,scotus
106108,106777,scotus
106108,106180,scotus
106108,109953,scotus
106108,106425,scotus
106108,107979,scotus
106108,106285,scotus
106108,107564,scotus
106108,107564,scotus
106108,106285,scotus
106108,107564,scotus
106108,107979,scotus
106108,110264,scotus
106108,111143,scotus
106108,111738,scotus
106108,112392,scotus
106108,112579,scotus
106109,106622,scotus
106109,106641,scotus
106109,106545,scotus
106109,106223,scotus
106109,108639,scotus
106109,145779,scotus
106109,107638,scotus
106109,107474,scotus
106109,107319,scotus
106109,106862,scotus
106109,107980,scotus
106109,107473,scotus
106109,107980,scotus
106109,145779,scotus
106142,1087888,scotus
106142,106832,scotus
106142,106658,scotus
106142,106221,scotus
106142,106545,scotus
106142,106514,scotus
106142,106240,scotus
106142,107222,scotus
106142,107082,scotus
106142,106267,scotus
106142,106268,scotus
106142,107205,scotus
106142,107210,scotus
106142,106884,scotus
106142,108881,scotus
106142,108913,scotus
106142,108858,scotus
106142,108932,scotus
106142,110764,scotus
106142,110819,scotus
106142,108714,scotus
106142,108688,scotus
106142,110798,scotus
106142,108747,scotus
106142,110813,scotus
106142,110521,scotus
106142,107657,scotus
106142,107662,scotus
106142,108798,scotus
106142,107717,scotus
106142,112472,scotus
106142,108636,scotus
106142,108597,scotus
106142,108598,scotus
106142,112664,scotus
106142,108600,scotus
106142,108285,scotus
106142,108608,scotus
106142,108609,scotus
106142,110587,scotus
106142,111596,scotus
106142,108611,scotus
106142,108612,scotus
106142,109836,scotus
106142,109303,scotus
106142,109661,scotus
106142,111690,scotus
106142,112329,scotus
106142,110075,scotus
106142,107793,scotus
106142,107801,scotus
106142,111695,scotus
106142,110070,scotus
106142,109670,scotus
106142,107841,scotus
106142,107604,scotus
106142,108952,scotus
106142,109008,scotus
106142,111255,scotus
106142,108499,scotus
106142,109729,scotus
106142,108993,scotus
106142,109016,scotus
106142,107416,scotus
106142,108971,scotus
106142,109005,scotus
106142,108485,scotus
106142,109035,scotus
106142,110917,scotus
106142,110232,scotus
106142,109517,scotus
106142,108115,scotus
106142,109083,scotus
106142,111100,scotus
106142,110173,scotus
106142,111979,scotus
106142,108221,scotus
106142,109505,scotus
106142,109128,scotus
106142,109568,scotus
106142,109638,scotus
106142,4511640,scotus
106142,4896549,scotus
106142,107554,scotus
106142,107553,scotus
106142,106162,scotus
106142,109380,scotus
106142,106803,scotus
106142,109406,scotus
106142,107045,scotus
106142,106862,scotus
106142,107291,scotus
106142,131149,scotus
106142,108261,scotus
106142,108262,scotus
106142,108751,scotus
106142,130155,scotus
106142,110055,scotus
106142,108269,scotus
106142,107465,scotus
106142,106559,scotus
106142,145653,scotus
106142,2621017,scotus
106142,107343,scotus
106142,107343,scotus
106142,107343,scotus
106142,10592873,scotus
106142,130155,scotus
106142,2621017,scotus
106142,110173,scotus
106142,110521,scotus
106142,110232,scotus
106142,110232,scotus
106142,111100,scotus
106142,111100,scotus
106142,111100,scotus
106142,111100,scotus
106142,111690,scotus
106142,111255,scotus
106142,111255,scotus
106142,110813,scotus
106142,110764,scotus
106142,111596,scotus
106142,111979,scotus
106142,110917,scotus
106142,110587,scotus
106142,112329,scotus
106142,112664,scotus
106142,145653,scotus
106142,111695,scotus
106170,111500,scotus
106170,106628,scotus
106170,106629,scotus
106170,106366,scotus
106170,107082,scotus
106170,106308,scotus
106170,107084,scotus
106170,107201,scotus
106170,107202,scotus
106170,110770,scotus
106170,108906,scotus
106170,110766,scotus
106170,110478,scotus
106170,112419,scotus
106170,108375,scotus
106170,108414,scotus
106170,5305640,scotus
106170,5305639,scotus
106170,108772,scotus
106170,108782,scotus
106170,109216,scotus
106170,108813,scotus
106170,107884,scotus
106170,107743,scotus
106170,5305358,scotus
106170,112610,scotus
106170,108578,scotus
106170,108596,scotus
106170,112657,scotus
106170,112733,scotus
106170,110553,scotus
106170,108286,scotus
106170,108608,scotus
106170,110581,scotus
106170,112738,scotus
106170,109832,scotus
106170,112712,scotus
106170,110589,scotus
106170,109815,scotus
106170,112266,scotus
106170,108620,scotus
106170,112534,scotus
106170,112293,scotus
106170,111611,scotus
106170,109253,scotus
106170,111615,scotus
106170,112116,scotus
106170,109296,scotus
106170,112313,scotus
106170,110031,scotus
106170,111721,scotus
106170,112341,scotus
106170,111926,scotus
106170,111237,scotus
106170,110076,scotus
106170,109877,scotus
106170,109697,scotus
106170,109904,scotus
106170,111730,scotus
106170,110077,scotus
106170,110103,scotus
106170,110105,scotus
106170,111252,scotus
106170,108985,scotus
106170,112795,scotus
106170,109919,scotus
106170,112805,scotus
106170,111837,scotus
106170,112825,scotus
106170,108493,scotus
106170,109009,scotus
106170,110885,scotus
106170,108498,scotus
106170,107411,scotus
106170,111264,scotus
106170,112162,scotus
106170,111846,scotus
106170,112166,scotus
106170,109930,scotus
106170,111304,scotus
106170,108153,scotus
106170,110961,scotus
106170,110977,scotus
106170,109490,scotus
106170,109031,scotus
106170,111008,scotus
106170,109520,scotus
106170,110236,scotus
106170,109503,scotus
106170,111441,scotus
106170,110245,scotus
106170,111415,scotus
106170,110360,scotus
106170,112044,scotus
106170,109621,scotus
106170,109574,scotus
106170,109542,scotus
106170,110420,scotus
106170,118291,scotus
106170,2620710,scotus
106170,4403804,scotus
106170,4623614,scotus
106170,4760995,scotus
106170,4631843,scotus
106170,110150,scotus
106170,110261,scotus
106170,110753,scotus
106170,109349,scotus
106170,110268,scotus
106170,107570,scotus
106170,110149,scotus
106170,109387,scotus
106170,112461,scotus
106170,110353,scotus
106170,110322,scotus
106170,111757,scotus
106170,111556,scotus
106170,109402,scotus
106170,107756,scotus
106170,107264,scotus
106170,108654,scotus
106170,112924,scotus
106170,108263,scotus
106170,118104,scotus
106170,109953,scotus
106170,117961,scotus
106170,106607,scotus
106170,118012,scotus
106170,117852,scotus
106170,118203,scotus
106170,118044,scotus
106170,145646,scotus
106170,149702,scotus
106170,180037,scotus
106170,145900,scotus
106170,106444,scotus
106170,6480697,scotus
106170,9404968,scotus
106170,10049677,scotus
106170,106285,scotus
106170,110719,scotus
106170,111555,scotus
106170,108362,scotus
106170,117947,scotus
106170,106285,scotus
106170,109881,scotus
106170,109881,scotus
106170,109881,scotus
106170,108362,scotus
106170,109881,scotus
106170,110719,scotus
106170,111555,scotus
106170,117947,scotus
106170,9231236,scotus
106170,4631843,scotus
106170,7340595,scotus
106170,149702,scotus
106170,9075444,scotus
106170,9075445,scotus
106170,9156414,scotus
106170,9156415,scotus
106170,110236,scotus
106170,110236,scotus
106170,110245,scotus
106170,110360,scotus
106170,110553,scotus
106170,110360,scotus
106170,110770,scotus
106170,110261,scotus
106170,110261,scotus
106170,110261,scotus
106170,110420,scotus
106170,111237,scotus
106170,110885,scotus
106170,110885,scotus
106170,110753,scotus
106170,110753,scotus
106170,111304,scotus
106170,111252,scotus
106170,111415,scotus
106170,110478,scotus
106170,111611,scotus
106170,111615,scotus
106170,110322,scotus
106170,110766,scotus
106170,110766,scotus
106170,110977,scotus
106170,111926,scotus
106170,111721,scotus
106170,111556,scotus
106170,111837,scotus
106170,110581,scotus
106170,111264,scotus
106170,111846,scotus
106170,111441,scotus
106170,112116,scotus
106170,112266,scotus
106170,111730,scotus
106170,112293,scotus
106170,112293,scotus
106170,112461,scotus
106170,112162,scotus
106170,112293,scotus
106170,111441,scotus
106170,112419,scotus
106170,112610,scotus
106170,111008,scotus
106170,112805,scotus
106170,112712,scotus
106170,111757,scotus
106170,110589,scotus
106170,110589,scotus
106170,112534,scotus
106170,145646,scotus
106170,112341,scotus
106170,118291,scotus
106170,118291,scotus
106170,118044,scotus
106170,118203,scotus
106170,118203,scotus
106170,2620710,scotus
106170,118104,scotus
106170,118104,scotus
106170,112313,scotus
106170,112313,scotus
106187,856347,scotus
106187,216733,scotus
106187,622304,scotus
106187,111481,scotus
106187,106815,scotus
106187,106622,scotus
106187,106515,scotus
106187,106282,scotus
106187,107083,scotus
106187,110456,scotus
106187,108375,scotus
106187,112413,scotus
106187,112579,scotus
106187,112475,scotus
106187,108581,scotus
106187,108304,scotus
106187,110061,scotus
106187,112136,scotus
106187,107483,scotus
106187,118443,scotus
106187,112795,scotus
106187,110882,scotus
106187,107312,scotus
106187,107318,scotus
106187,111257,scotus
106187,107319,scotus
106187,111823,scotus
106187,111959,scotus
106187,111143,scotus
106187,110235,scotus
106187,111146,scotus
106187,111013,scotus
106187,111953,scotus
106187,110230,scotus
106187,109590,scotus
106187,2672208,scotus
106187,2670794,scotus
106187,4501697,scotus
106187,4512666,scotus
106187,111666,scotus
106187,131161,scotus
106187,107262,scotus
106187,107872,scotus
106187,107875,scotus
106187,109953,scotus
106187,118249,scotus
106187,107465,scotus
106187,145646,scotus
106187,4510032,scotus
106187,106425,scotus
106187,107564,scotus
106187,107564,scotus
106187,107564,scotus
106187,107564,scotus
106187,7350871,scotus
106187,7350871,scotus
106187,622304,scotus
106187,622304,scotus
106187,216733,scotus
106187,118443,scotus
106187,118443,scotus
106187,131161,scotus
106187,110235,scotus
106187,110456,scotus
106187,110230,scotus
106187,110882,scotus
106187,111823,scotus
106187,111959,scotus
106187,111481,scotus
106187,111666,scotus
106187,111143,scotus
106187,111257,scotus
106187,111146,scotus
106187,112413,scotus
106187,111013,scotus
106187,111953,scotus
106187,145646,scotus
106187,112136,scotus
106187,112579,scotus
106259,111521,scotus
106259,106634,scotus
106259,106391,scotus
106259,106302,scotus
106259,107083,scotus
106259,106278,scotus
106259,106279,scotus
106259,110463,scotus
106259,109175,scotus
106259,112604,scotus
106259,112570,scotus
106259,107715,scotus
106259,107716,scotus
106259,108589,scotus
106259,110645,scotus
106259,111619,scotus
106259,112280,scotus
106259,109270,scotus
106259,112647,scotus
106259,112119,scotus
106259,111869,scotus
106259,111228,scotus
106259,109701,scotus
106259,108951,scotus
106259,111803,scotus
106259,107322,scotus
106259,110140,scotus
106259,111303,scotus
106259,108519,scotus
106259,109024,scotus
106259,111082,scotus
106259,108538,scotus
106259,109525,scotus
106259,108235,scotus
106259,150540,scotus
106259,6460296,scotus
106259,4631844,scotus
106259,107056,scotus
106259,112753,scotus
106259,109378,scotus
106259,108662,scotus
106259,112771,scotus
106259,109394,scotus
106259,111665,scotus
106259,106963,scotus
106259,107247,scotus
106259,111051,scotus
106259,106809,scotus
106259,112053,scotus
106259,106548,scotus
106259,149286,scotus
106259,106441,scotus
106259,8247829,scotus
106259,107685,scotus
106259,107685,scotus
106259,107685,scotus
106259,4631844,scotus
106259,149286,scotus
106259,150540,scotus
106259,150540,scotus
106259,149286,scotus
106259,110463,scotus
106259,9286993,scotus
106259,110645,scotus
106259,111051,scotus
106259,111303,scotus
106259,111521,scotus
106259,111125,scotus
106259,111665,scotus
106259,111619,scotus
106259,112053,scotus
106259,111228,scotus
106259,111228,scotus
106259,112119,scotus
106259,112647,scotus
106259,112604,scotus
106259,112604,scotus
106259,112604,scotus
106259,112771,scotus
106259,112771,scotus
106259,112753,scotus
106259,112753,scotus
106259,112570,scotus
106267,149008,scotus
106267,106493,scotus
106267,106534,scotus
106267,107110,scotus
106267,107210,scotus
106267,106884,scotus
106267,107934,scotus
106267,108600,scotus
106267,108611,scotus
106267,108612,scotus
106267,108329,scotus
106267,109257,scotus
106267,111260,scotus
106267,118502,scotus
106267,109005,scotus
106267,108221,scotus
106267,109117,scotus
106267,107554,scotus
106267,107558,scotus
106267,107025,scotus
106267,107026,scotus
106267,107027,scotus
106267,109380,scotus
106267,106559,scotus
106267,107081,scotus
106267,107081,scotus
106267,107081,scotus
106267,149008,scotus
106267,111260,scotus
106285,4883693,scotus
106285,1088003,scotus
106285,106677,scotus
106285,106699,scotus
106285,106822,scotus
106285,106622,scotus
106285,106641,scotus
106285,106545,scotus
106285,106512,scotus
106285,106513,scotus
106285,106628,scotus
106285,107225,scotus
106285,107082,scotus
106285,107238,scotus
106285,107083,scotus
106285,107084,scotus
106285,107085,scotus
106285,107102,scotus
106285,110760,scotus
106285,106936,scotus
106285,108893,scotus
106285,108898,scotus
106285,110478,scotus
106285,107982,scotus
106285,108377,scotus
106285,137749,scotus
106285,108429,scotus
106285,108375,scotus
106285,108768,scotus
106285,108794,scotus
106285,107912,scotus
106285,112584,scotus
106285,109432,scotus
106285,107745,scotus
106285,108800,scotus
106285,107898,scotus
106285,108801,scotus
106285,107716,scotus
106285,107729,scotus
106285,107730,scotus
106285,108581,scotus
106285,108304,scotus
106285,108272,scotus
106285,108596,scotus
106285,108605,scotus
106285,108639,scotus
106285,108297,scotus
106285,110662,scotus
106285,110558,scotus
106285,110559,scotus
106285,108301,scotus
106285,108302,scotus
106285,112643,scotus
106285,109302,scotus
106285,109304,scotus
106285,110045,scotus
106285,111204,scotus
106285,110061,scotus
106285,111724,scotus
106285,107636,scotus
106285,107800,scotus
106285,110096,scotus
106285,112330,scotus
106285,107483,scotus
106285,111728,scotus
106285,110118,scotus
106285,107831,scotus
106285,110119,scotus
106285,107487,scotus
106285,107488,scotus
106285,109925,scotus
106285,111259,scotus
106285,107540,scotus
106285,107394,scotus
106285,108183,scotus
106285,111301,scotus
106285,111262,scotus
106285,108184,scotus
106285,112847,scotus
106285,111779,scotus
106285,107325,scotus
106285,111785,scotus
106285,110959,scotus
106285,112206,scotus
106285,108187,scotus
106285,112175,scotus
106285,111835,scotus
106285,112845,scotus
106285,109032,scotus
106285,108534,scotus
106285,108538,scotus
106285,110235,scotus
106285,111112,scotus
106285,109063,scotus
106285,108221,scotus
106285,108223,scotus
106285,111380,scotus
106285,109091,scotus
106285,108111,scotus
106285,109539,scotus
106285,109540,scotus
106285,110401,scotus
106285,109604,scotus
106285,3214882,scotus
106285,3171724,scotus
106285,3177217,scotus
106285,3177218,scotus
106285,4746633,scotus
106285,4501697,scotus
106285,4883739,scotus
106285,4883740,scotus
106285,4885592,scotus
106285,4885593,scotus
106285,873669,scotus
106285,110150,scotus
106285,110267,scotus
106285,110754,scotus
106285,107360,scotus
106285,107577,scotus
106285,108660,scotus
106285,107014,scotus
106285,112786,scotus
106285,110300,scotus
106285,112890,scotus
106285,112771,scotus
106285,112873,scotus
106285,106964,scotus
106285,106988,scotus
106285,107262,scotus
106285,112881,scotus
106285,107043,scotus
106285,107788,scotus
106285,106862,scotus
106285,110317,scotus
106285,107283,scotus
106285,106777,scotus
106285,109961,scotus
106285,112350,scotus
106285,107872,scotus
106285,107260,scotus
106285,131150,scotus
106285,107874,scotus
106285,110850,scotus
106285,108850,scotus
106285,107875,scotus
106285,107876,scotus
106285,112924,scotus
106285,108853,scotus
106285,110049,scotus
106285,107148,scotus
106285,107465,scotus
106285,118235,scotus
106285,117905,scotus
106285,118214,scotus
106285,107952,scotus
106285,145628,scotus
106285,145646,scotus
106285,149702,scotus
106285,218926,scotus
106285,148797,scotus
106285,145922,scotus
106285,1882017,scotus
106285,106425,scotus
106285,145832,scotus
106285,145875,scotus
106285,145875,scotus
106285,107979,scotus
106285,107252,scotus
106285,107252,scotus
106285,107252,scotus
106285,111555,scotus
106285,107564,scotus
106285,107685,scotus
106285,107685,scotus
106285,107689,scotus
106285,107746,scotus
106285,107746,scotus
106285,107746,scotus
106285,107980,scotus
106285,108186,scotus
106285,106285,scotus
106285,107252,scotus
106285,107473,scotus
106285,107564,scotus
106285,109881,scotus
106285,107685,scotus
106285,107689,scotus
106285,107746,scotus
106285,107979,scotus
106285,107980,scotus
106285,108186,scotus
106285,109881,scotus
106285,111555,scotus
106285,9231323,scotus
106285,8176208,scotus
106285,6796843,scotus
106285,7345713,scotus
106285,7345713,scotus
106285,148797,scotus
106285,149702,scotus
106285,149702,scotus
106285,149702,scotus
106285,9053440,scotus
106285,9053440,scotus
106285,145922,scotus
106285,137749,scotus
106285,145628,scotus
106285,145628,scotus
106285,218926,scotus
106285,218926,scotus
106285,110235,scotus
106285,110401,scotus
106285,110300,scotus
106285,110267,scotus
106285,110850,scotus
106285,111301,scotus
106285,110662,scotus
106285,111301,scotus
106285,111112,scotus
106285,110754,scotus
106285,110558,scotus
106285,110760,scotus
106285,110959,scotus
106285,111204,scotus
106285,111779,scotus
106285,110478,scotus
106285,110959,scotus
106285,111380,scotus
106285,110559,scotus
106285,111259,scotus
106285,111262,scotus
106285,111262,scotus
106285,111262,scotus
106285,111835,scotus
106285,111835,scotus
106285,110317,scotus
106285,110317,scotus
106285,111724,scotus
106285,111262,scotus
106285,111728,scotus
106285,112206,scotus
106285,112206,scotus
106285,112350,scotus
106285,112873,scotus
106285,112330,scotus
106285,112771,scotus
106285,112643,scotus
106285,118214,scotus
106285,112175,scotus
106285,145646,scotus
106285,145646,scotus
106285,117905,scotus
106285,117905,scotus
106285,112881,scotus
106285,112845,scotus
106285,112890,scotus
106285,112890,scotus
106285,112847,scotus
106285,112847,scotus
106285,112584,scotus
106285,112786,scotus
106300,625832,scotus
106300,626055,scotus
106300,111546,scotus
106300,106822,scotus
106300,106545,scotus
106300,106480,scotus
106300,106388,scotus
106300,107083,scotus
106300,110474,scotus
106300,112385,scotus
106300,145785,scotus
106300,108554,scotus
106300,108567,scotus
106300,108846,scotus
106300,109825,scotus
106300,111622,scotus
106300,112080,scotus
106300,111169,scotus
106300,112316,scotus
106300,111193,scotus
106300,107486,scotus
106300,107488,scotus
106300,107542,scotus
106300,112807,scotus
106300,108182,scotus
106300,108480,scotus
106300,118509,scotus
106300,109516,scotus
106300,109624,scotus
106300,107359,scotus
106300,107014,scotus
106300,110300,scotus
106300,107781,scotus
106300,107782,scotus
106300,106595,scotus
106300,107951,scotus
106300,145839,scotus
106300,106883,scotus
106300,106883,scotus
106300,106883,scotus
106300,145839,scotus
106300,626055,scotus
106300,145785,scotus
106300,118509,scotus
106300,110300,scotus
106300,111193,scotus
106300,111546,scotus
106300,111622,scotus
106300,112080,scotus
106300,112080,scotus
106300,110474,scotus
106300,112316,scotus
106300,112807,scotus
106300,112385,scotus
106311,106837,scotus
106311,107231,scotus
106311,107210,scotus
106311,108902,scotus
106311,112472,scotus
106311,107731,scotus
106311,110640,scotus
106311,108598,scotus
106311,108609,scotus
106311,110684,scotus
106311,108611,scotus
106311,111877,scotus
106311,107793,scotus
106311,107489,scotus
106311,109008,scotus
106311,108499,scotus
106311,110917,scotus
106311,111434,scotus
106311,107554,scotus
106311,106965,scotus
106311,109380,scotus
106311,108549,scotus
106311,108269,scotus
106311,107343,scotus
106311,107343,scotus
106311,107343,scotus
106311,110917,scotus
106311,111434,scotus
106359,137746,scotus
106359,110473,scotus
106359,112372,scotus
106359,110465,scotus
106359,110834,scotus
106359,109200,scotus
106359,109201,scotus
106359,109204,scotus
106359,110731,scotus
106359,111869,scotus
106359,109894,scotus
106359,111246,scotus
106359,109891,scotus
106359,107539,scotus
106359,108469,scotus
106359,111333,scotus
106359,110361,scotus
106359,109631,scotus
106359,820896,scotus
106359,109773,scotus
106359,112352,scotus
106359,145859,scotus
106359,10338070,scotus
106359,111218,scotus
106359,109895,scotus
106359,109895,scotus
106359,111218,scotus
106359,109895,scotus
106359,145859,scotus
106359,820896,scotus
106359,137746,scotus
106359,110731,scotus
106359,110834,scotus
106359,111246,scotus
106359,110465,scotus
106359,111333,scotus
106359,110473,scotus
106359,112352,scotus
106359,112372,scotus
106365,106711,scotus
106365,106509,scotus
106365,107115,scotus
106365,112429,scotus
106365,108322,scotus
106365,112643,scotus
106365,109116,scotus
106365,107573,scotus
106365,106952,scotus
106365,106440,scotus
106365,145706,scotus
106365,108350,scotus
106365,108350,scotus
106365,117947,scotus
106365,108350,scotus
106365,117947,scotus
106365,112429,scotus
106365,112643,scotus
106366,626209,scotus
106366,134735,scotus
106366,219098,scotus
106366,932059,scotus
106366,945737,scotus
106366,111491,scotus
106366,111504,scotus
106366,106739,scotus
106366,106658,scotus
106366,106380,scotus
106366,106879,scotus
106366,107073,scotus
106366,107201,scotus
106366,110771,scotus
106366,110469,scotus
106366,108903,scotus
106366,108906,scotus
106366,110790,scotus
106366,107999,scotus
106366,108364,scotus
106366,112389,scotus
106366,108677,scotus
106366,108747,scotus
106366,145783,scotus
106366,108736,scotus
106366,112427,scotus
106366,109179,scotus
106366,107647,scotus
106366,107737,scotus
106366,108558,scotus
106366,108824,scotus
106366,109235,scotus
106366,108837,scotus
106366,107731,scotus
106366,112619,scotus
106366,108595,scotus
106366,110654,scotus
106366,109823,scotus
106366,110697,scotus
106366,112736,scotus
106366,111587,scotus
106366,112681,scotus
106366,112717,scotus
106366,111602,scotus
106366,110599,scotus
106366,108620,scotus
106366,109271,scotus
106366,112747,scotus
106366,112294,scotus
106366,109253,scotus
106366,110029,scotus
106366,112097,scotus
106366,109301,scotus
106366,111226,scotus
106366,111720,scotus
106366,112339,scotus
106366,109667,scotus
106366,110097,scotus
106366,109923,scotus
106366,109703,scotus
106366,112803,scotus
106366,110077,scotus
106366,112139,scotus
106366,111737,scotus
106366,108493,scotus
106366,108987,scotus
106366,107314,scotus
106366,107411,scotus
106366,109729,scotus
106366,108502,scotus
106366,111258,scotus
106366,108511,scotus
106366,111276,scotus
106366,109005,scotus
106366,110916,scotus
106366,108247,scotus
106366,110980,scotus
106366,110906,scotus
106366,110198,scotus
106366,111966,scotus
106366,110983,scotus
106366,109517,scotus
106366,109086,scotus
106366,109087,scotus
106366,108221,scotus
106366,111114,scotus
106366,110985,scotus
106366,110182,scotus
106366,110226,scotus
106366,110227,scotus
106366,108089,scotus
106366,109530,scotus
106366,110246,scotus
106366,110228,scotus
106366,109101,scotus
106366,109116,scotus
106366,109573,scotus
106366,110392,scotus
106366,109118,scotus
106366,109597,scotus
106366,109128,scotus
106366,109604,scotus
106366,109605,scotus
106366,109614,scotus
106366,2959749,scotus
106366,2806208,scotus
106366,809122,scotus
106366,2812589,scotus
106366,2808294,scotus
106366,4746633,scotus
106366,3191207,scotus
106366,4508138,scotus
106366,108713,scotus
106366,4633469,scotus
106366,106852,scotus
106366,110248,scotus
106366,110156,scotus
106366,109349,scotus
106366,110548,scotus
106366,112768,scotus
106366,111661,scotus
106366,109768,scotus
106366,106970,scotus
106366,106961,scotus
106366,109380,scotus
106366,107033,scotus
106366,106850,scotus
106366,106851,scotus
106366,109404,scotus
106366,106853,scotus
106366,106854,scotus
106366,106855,scotus
106366,106856,scotus
106366,108549,scotus
106366,111362,scotus
106366,107783,scotus
106366,109652,scotus
106366,106775,scotus
106366,108464,scotus
106366,112351,scotus
106366,109462,scotus
106366,109463,scotus
106366,109953,scotus
106366,108751,scotus
106366,118146,scotus
106366,110056,scotus
106366,118259,scotus
106366,118176,scotus
106366,117968,scotus
106366,107964,scotus
106366,118040,scotus
106366,107969,scotus
106366,127905,scotus
106366,106547,scotus
106366,118238,scotus
106366,118037,scotus
106366,117874,scotus
106366,2620886,scotus
106366,803267,scotus
106366,106431,scotus
106366,145753,scotus
106366,145749,scotus
106366,9409605,scotus
106366,9506541,scotus
106366,10049660,scotus
106366,107919,scotus
106366,109570,scotus
106366,109580,scotus
106366,107919,scotus
106366,109570,scotus
106366,109580,scotus
106366,9231323,scotus
106366,2808294,scotus
106366,7345715,scotus
106366,145783,scotus
106366,809122,scotus
106366,626209,scotus
106366,945737,scotus
106366,127905,scotus
106366,127905,scotus
106366,145749,scotus
106366,145749,scotus
106366,134735,scotus
106366,134735,scotus
106366,134735,scotus
106366,219098,scotus
106366,9158193,scotus
106366,9158194,scotus
106366,9089346,scotus
106366,9089347,scotus
106366,110392,scotus
106366,110246,scotus
106366,110248,scotus
106366,110599,scotus
106366,110599,scotus
106366,110771,scotus
106366,110654,scotus
106366,110226,scotus
106366,110228,scotus
106366,110548,scotus
106366,110790,scotus
106366,111362,scotus
106366,110985,scotus
106366,110469,scotus
106366,111737,scotus
106366,111737,scotus
106366,111737,scotus
106366,111737,scotus
106366,111504,scotus
106366,110906,scotus
106366,111966,scotus
106366,111491,scotus
106366,111258,scotus
106366,111258,scotus
106366,112097,scotus
106366,111226,scotus
106366,112139,scotus
106366,111739,scotus
106366,111720,scotus
106366,111720,scotus
106366,110980,scotus
106366,110983,scotus
106366,110916,scotus
106366,110916,scotus
106366,111602,scotus
106366,110697,scotus
106366,111661,scotus
106366,112427,scotus
106366,112803,scotus
106366,112803,scotus
106366,112768,scotus
106366,118040,scotus
106366,112681,scotus
106366,117874,scotus
106366,118115,scotus
106366,118176,scotus
106366,118176,scotus
106366,2620886,scotus
106366,118259,scotus
106407,145768,scotus
106407,1087958,scotus
106407,2742710,scotus
106407,106455,scotus
106407,106458,scotus
106407,108729,scotus
106407,108586,scotus
106407,109894,scotus
106407,107439,scotus
106407,107316,scotus
106407,112177,scotus
106407,118505,scotus
106407,109084,scotus
106407,107259,scotus
106407,118038,scotus
106407,106559,scotus
106407,106437,scotus
106407,9406658,scotus
106407,10049673,scotus
106407,111404,scotus
106407,145768,scotus
106407,145768,scotus
106407,112177,scotus
106407,1087958,scotus
106432,2645421,scotus
106432,110761,scotus
106432,107655,scotus
106432,112261,scotus
106432,118378,scotus
106432,109300,scotus
106432,108983,scotus
106432,107534,scotus
106432,109011,scotus
106432,107326,scotus
106432,110990,scotus
106432,112044,scotus
106432,109538,scotus
106432,106605,scotus
106432,106592,scotus
106432,1269289,scotus
106432,108154,scotus
106432,108154,scotus
106432,108154,scotus
106432,108154,scotus
106432,118378,scotus
106432,1269289,scotus
106432,9075444,scotus
106432,9075445,scotus
106432,110761,scotus
106432,112261,scotus
106451,111455,scotus
106451,106734,scotus
106451,106545,scotus
106451,107082,scotus
106451,108901,scotus
106451,110478,scotus
106451,137749,scotus
106451,110795,scotus
106451,108686,scotus
106451,110518,scotus
106451,108422,scotus
106451,108556,scotus
106451,108579,scotus
106451,112626,scotus
106451,108605,scotus
106451,145780,scotus
106451,112485,scotus
106451,110594,scotus
106451,108329,scotus
106451,112646,scotus
106451,109990,scotus
106451,111610,scotus
106451,112731,scotus
106451,109303,scotus
106451,111863,scotus
106451,112324,scotus
106451,111869,scotus
106451,112142,scotus
106451,111250,scotus
106451,111921,scotus
106451,111738,scotus
106451,110138,scotus
106451,112808,scotus
106451,109731,scotus
106451,112202,scotus
106451,110941,scotus
106451,111000,scotus
106451,108221,scotus
106451,110237,scotus
106451,110223,scotus
106451,108111,scotus
106451,109535,scotus
106451,109536,scotus
106451,109592,scotus
106451,109561,scotus
106451,109635,scotus
106451,2959730,scotus
106451,107349,scotus
106451,107014,scotus
106451,107750,scotus
106451,106862,scotus
106451,107174,scotus
106451,121158,scotus
106451,127897,scotus
106451,127898,scotus
106451,145624,scotus
106451,149702,scotus
106451,146790,scotus
106451,145817,scotus
106451,9408683,scotus
106451,9986256,scotus
106451,10049669,scotus
106451,111555,scotus
106451,107685,scotus
106451,109532,scotus
106451,107685,scotus
106451,109532,scotus
106451,111555,scotus
106451,6795859,scotus
106451,145780,scotus
106451,149702,scotus
106451,149702,scotus
106451,145817,scotus
106451,146790,scotus
106451,145817,scotus
106451,137749,scotus
106451,145624,scotus
106451,127897,scotus
106451,127898,scotus
106451,127898,scotus
106451,121158,scotus
106451,110237,scotus
106451,110518,scotus
106451,110594,scotus
106451,110223,scotus
106451,110223,scotus
106451,111250,scotus
106451,110795,scotus
106451,110941,scotus
106451,111610,scotus
106451,110478,scotus
106451,111921,scotus
106451,111000,scotus
106451,111738,scotus
106451,112142,scotus
106451,112202,scotus
106451,111863,scotus
106451,112646,scotus
106451,111455,scotus
106451,112324,scotus
106451,112808,scotus
106451,112646,scotus
106451,112626,scotus
106507,145795,scotus
106507,4471245,scotus
106507,110785,scotus
106507,108765,scotus
106507,108772,scotus
106507,108583,scotus
106507,110576,scotus
106507,108290,scotus
106507,112262,scotus
106507,111208,scotus
106507,136999,scotus
106507,111727,scotus
106507,108959,scotus
106507,108193,scotus
106507,108537,scotus
106507,111105,scotus
106507,108054,scotus
106507,107852,scotus
106507,111151,scotus
106507,118015,scotus
106507,108730,scotus
106507,108730,scotus
106507,107679,scotus
106507,108730,scotus
106507,136999,scotus
106507,9048021,scotus
106507,110785,scotus
106507,110785,scotus
106507,111105,scotus
106507,110576,scotus
106507,111151,scotus
106507,111727,scotus
106514,219734,scotus
106514,219105,scotus
106514,111479,scotus
106514,111480,scotus
106514,111490,scotus
106514,106660,scotus
106514,106832,scotus
106514,111507,scotus
106514,106729,scotus
106514,106527,scotus
106514,106530,scotus
106514,107222,scotus
106514,107231,scotus
106514,107082,scotus
106514,107235,scotus
106514,107111,scotus
106514,107210,scotus
106514,106884,scotus
106514,110757,scotus
106514,108881,scotus
106514,108856,scotus
106514,108857,scotus
106514,108858,scotus
106514,110789,scotus
106514,108902,scotus
106514,110765,scotus
106514,110819,scotus
106514,110507,scotus
106514,110508,scotus
106514,108361,scotus
106514,110794,scotus
106514,110786,scotus
106514,110798,scotus
106514,108747,scotus
106514,108431,scotus
106514,110813,scotus
106514,110532,scotus
106514,107662,scotus
106514,107901,scotus
106514,107664,scotus
106514,108798,scotus
106514,109443,scotus
106514,107701,scotus
106514,108839,scotus
106514,112607,scotus
106514,112470,scotus
106514,107717,scotus
106514,108838,scotus
106514,108636,scotus
106514,108597,scotus
106514,108598,scotus
106514,112664,scotus
106514,108600,scotus
106514,111577,scotus
106514,108298,scotus
106514,112486,scotus
106514,110689,scotus
106514,108611,scotus
106514,108612,scotus
106514,109836,scotus
106514,109271,scotus
106514,111628,scotus
106514,111609,scotus
106514,108332,scotus
106514,110034,scotus
106514,112278,scotus
106514,110022,scotus
106514,112312,scotus
106514,112087,scotus
106514,118385,scotus
106514,110059,scotus
106514,109661,scotus
106514,111185,scotus
106514,109870,scotus
106514,112141,scotus
106514,109871,scotus
106514,111876,scotus
106514,111188,scotus
106514,111879,scotus
106514,110070,scotus
106514,110099,scotus
106514,107484,scotus
106514,109670,scotus
106514,107840,scotus
106514,111919,scotus
106514,109710,scotus
106514,107489,scotus
106514,109727,scotus
106514,107494,scotus
106514,118427,scotus
106514,107533,scotus
106514,109008,scotus
106514,107544,scotus
106514,111255,scotus
106514,111256,scotus
106514,108993,scotus
106514,108994,scotus
106514,107416,scotus
106514,108502,scotus
106514,111781,scotus
106514,111782,scotus
106514,108971,scotus
106514,109004,scotus
106514,107325,scotus
106514,112836,scotus
106514,110894,scotus
106514,109005,scotus
106514,108485,scotus
106514,108206,scotus
106514,108492,scotus
106514,109031,scotus
106514,110904,scotus
106514,110918,scotus
106514,109517,scotus
106514,109083,scotus
106514,111100,scotus
106514,110926,scotus
106514,109525,scotus
106514,109505,scotus
106514,110224,scotus
106514,109091,scotus
106514,110188,scotus
106514,109509,scotus
106514,109079,scotus
106514,109590,scotus
106514,110432,scotus
106514,110418,scotus
106514,109131,scotus
106514,118335,scotus
106514,2804674,scotus
106514,110339,scotus
106514,2809763,scotus
106514,4511150,scotus
106514,4752098,scotus
106514,802771,scotus
106514,4896549,scotus
106514,107554,scotus
106514,107064,scotus
106514,107551,scotus
106514,106968,scotus
106514,107553,scotus
106514,112850,scotus
106514,118057,scotus
106514,118059,scotus
106514,107025,scotus
106514,109380,scotus
106514,112781,scotus
106514,106761,scotus
106514,106803,scotus
106514,106808,scotus
106514,107783,scotus
106514,107264,scotus
106514,107045,scotus
106514,1741,scotus
106514,106862,scotus
106514,107291,scotus
106514,118456,scotus
106514,131149,scotus
106514,130149,scotus
106514,112356,scotus
106514,108266,scotus
106514,108269,scotus
106514,107465,scotus
106514,121163,scotus
106514,107167,scotus
106514,118025,scotus
106514,118240,scotus
106514,117869,scotus
106514,117871,scotus
106514,106559,scotus
106514,142896,scotus
106514,142901,scotus
106514,145824,scotus
106514,145706,scotus
106514,803268,scotus
106514,107343,scotus
106514,109450,scotus
106514,107343,scotus
106514,109450,scotus
106514,9231325,scotus
106514,2804674,scotus
106514,802771,scotus
106514,219105,scotus
106514,219105,scotus
106514,145824,scotus
106514,121163,scotus
106514,142901,scotus
106514,142896,scotus
106514,1741,scotus
106514,219734,scotus
106514,118427,scotus
106514,118456,scotus
106514,130149,scotus
106514,803268,scotus
106514,110188,scotus
106514,110507,scotus
106514,110339,scotus
106514,110224,scotus
106514,110532,scotus
106514,110418,scotus
106514,110926,scotus
106514,110786,scotus
106514,111100,scotus
106514,110789,scotus
106514,111185,scotus
106514,111188,scotus
106514,111188,scotus
106514,110794,scotus
106514,110894,scotus
106514,111479,scotus
106514,111480,scotus
106514,110757,scotus
106514,110757,scotus
106514,111609,scotus
106514,110689,scotus
106514,111255,scotus
106514,111255,scotus
106514,111256,scotus
106514,111781,scotus
106514,111919,scotus
106514,110813,scotus
106514,111507,scotus
106514,110765,scotus
106514,111490,scotus
106514,111577,scotus
106514,110432,scotus
106514,112141,scotus
106514,112312,scotus
106514,110918,scotus
106514,112356,scotus
106514,112664,scotus
106514,112607,scotus
106514,112607,scotus
106514,112278,scotus
106514,117869,scotus
106514,112850,scotus
106514,118335,scotus
106514,117871,scotus
106514,117871,scotus
106514,112781,scotus
106514,112836,scotus
106514,111628,scotus
106514,111628,scotus
106534,134921,scotus
106534,1087946,scotus
106534,106819,scotus
106534,108860,scotus
106534,106884,scotus
106534,109186,scotus
106534,107701,scotus
106534,109236,scotus
106534,107731,scotus
106534,108307,scotus
106534,110554,scotus
106534,112259,scotus
106534,137001,scotus
106534,112324,scotus
106534,111198,scotus
106534,111891,scotus
106534,110075,scotus
106534,107809,scotus
106534,111745,scotus
106534,118401,scotus
106534,107607,scotus
106534,108985,scotus
106534,111254,scotus
106534,108169,scotus
106534,109729,scotus
106534,111002,scotus
106534,109116,scotus
106534,109635,scotus
106534,110331,scotus
106534,107554,scotus
106534,110168,scotus
106534,108661,scotus
106534,106792,scotus
106534,118052,scotus
106534,107045,scotus
106534,112904,scotus
106534,107447,scotus
106534,108266,scotus
106534,117957,scotus
106534,118136,scotus
106534,118198,scotus
106534,127899,scotus
106534,118155,scotus
106534,118155,scotus
106534,118155,scotus
106534,118155,scotus
106534,118155,scotus
106534,107081,scotus
106534,111103,scotus
106534,107464,scotus
106534,107081,scotus
106534,107464,scotus
106534,118401,scotus
106534,118401,scotus
106534,118401,scotus
106534,127899,scotus
106534,127899,scotus
106534,127899,scotus
106534,137001,scotus
106534,110168,scotus
106534,110554,scotus
106534,111198,scotus
106534,111254,scotus
106534,111198,scotus
106534,111745,scotus
106534,112259,scotus
106534,111002,scotus
106534,112259,scotus
106534,112324,scotus
106534,118052,scotus
106534,118136,scotus
106534,118136,scotus
106534,112904,scotus
106534,118198,scotus
106534,1087946,scotus
106534,1087946,scotus
106544,213842,scotus
106544,145795,scotus
106544,1088038,scotus
106544,111542,scotus
106544,106729,scotus
106544,106881,scotus
106544,106936,scotus
106544,108945,scotus
106544,112387,scotus
106544,108429,scotus
106544,110828,scotus
106544,108765,scotus
106544,112441,scotus
106544,108743,scotus
106544,108772,scotus
106544,112573,scotus
106544,108843,scotus
106544,108605,scotus
106544,108302,scotus
106544,110590,scotus
106544,111617,scotus
106544,111688,scotus
106544,111170,scotus
106544,112074,scotus
106544,111208,scotus
106544,111228,scotus
106544,111725,scotus
106544,107795,scotus
106544,109717,scotus
106544,109905,scotus
106544,110143,scotus
106544,107543,scotus
106544,110138,scotus
106544,110857,scotus
106544,112808,scotus
106544,111779,scotus
106544,111303,scotus
106544,108480,scotus
106544,108187,scotus
106544,111343,scotus
106544,108490,scotus
106544,112845,scotus
106544,111330,scotus
106544,111433,scotus
106544,108221,scotus
106544,108231,scotus
106544,111029,scotus
106544,109094,scotus
106544,111046,scotus
106544,110382,scotus
106544,109624,scotus
106544,109540,scotus
106544,109360,scotus
106544,109773,scotus
106544,109761,scotus
106544,110256,scotus
106544,107066,scotus
106544,107361,scotus
106544,107364,scotus
106544,106956,scotus
106544,112771,scotus
106544,106962,scotus
106544,111552,scotus
106544,112773,scotus
106544,111050,scotus
106544,107264,scotus
106544,111763,scotus
106544,110315,scotus
106544,117187,scotus
106544,108462,scotus
106544,107260,scotus
106544,107874,scotus
106544,107877,scotus
106544,117982,scotus
106544,118015,scotus
106544,112056,scotus
106544,112061,scotus
106544,117873,scotus
106544,106591,scotus
106544,145122,scotus
106544,2621078,scotus
106544,146980,scotus
106544,145734,scotus
106544,107252,scotus
106544,108186,scotus
106544,112728,scotus
106544,107252,scotus
106544,108186,scotus
106544,112728,scotus
106544,112728,scotus
106544,7343474,scotus
106544,146980,scotus
106544,213842,scotus
106544,145122,scotus
106544,145734,scotus
106544,145734,scotus
106544,9048021,scotus
106544,9135780,scotus
106544,9135781,scotus
106544,110256,scotus
106544,110828,scotus
106544,110382,scotus
106544,111029,scotus
106544,111046,scotus
106544,111050,scotus
106544,111170,scotus
106544,110857,scotus
106544,111343,scotus
106544,111303,scotus
106544,111779,scotus
106544,111779,scotus
106544,111330,scotus
106544,111433,scotus
106544,111552,scotus
106544,111617,scotus
106544,111228,scotus
106544,112056,scotus
106544,112061,scotus
106544,110315,scotus
106544,111725,scotus
106544,111725,scotus
106544,112074,scotus
106544,111688,scotus
106544,111763,scotus
106544,112771,scotus
106544,112771,scotus
106544,110590,scotus
106544,112441,scotus
106544,112808,scotus
106544,112808,scotus
106544,112808,scotus
106544,112773,scotus
106544,117873,scotus
106544,112845,scotus
106544,112387,scotus
106544,112573,scotus
106544,112573,scotus
106544,111542,scotus
106545,1520894,scotus
106545,1520443,scotus
106545,134743,scotus
106545,625711,scotus
106545,2654533,scotus
106545,2654756,scotus
106545,219097,scotus
106545,4876196,scotus
106545,4883693,scotus
106545,1087959,scotus
106545,1087955,scotus
106545,111504,scotus
106545,106672,scotus
106545,106673,scotus
106545,106674,scotus
106545,106675,scotus
106545,106677,scotus
106545,106683,scotus
106545,106689,scotus
106545,106690,scotus
106545,111546,scotus
106545,106822,scotus
106545,106622,scotus
106545,106641,scotus
106545,106634,scotus
106545,107082,scotus
106545,107241,scotus
106545,107083,scotus
106545,107084,scotus
106545,107115,scotus
106545,106881,scotus
106545,106935,scotus
106545,108860,scotus
106545,110506,scotus
106545,112390,scotus
106545,108720,scotus
106545,107978,scotus
106545,108412,scotus
106545,145785,scotus
106545,108417,scotus
106545,108427,scotus
106545,108794,scotus
106545,108811,scotus
106545,108785,scotus
106545,112566,scotus
106545,109442,scotus
106545,112557,scotus
106545,108554,scotus
106545,107741,scotus
106545,109438,scotus
106545,108567,scotus
106545,108570,scotus
106545,108551,scotus
106545,108585,scotus
106545,108846,scotus
106545,1101273,scotus
106545,108309,scotus
106545,108312,scotus
106545,108605,scotus
106545,108281,scotus
106545,109825,scotus
106545,108341,scotus
106545,110662,scotus
106545,108301,scotus
106545,112515,scotus
106545,108302,scotus
106545,110589,scotus
106545,111625,scotus
106545,108329,scotus
106545,109819,scotus
106545,110613,scotus
106545,112080,scotus
106545,112311,scotus
106545,111169,scotus
106545,112088,scotus
106545,109309,scotus
106545,109310,scotus
106545,111170,scotus
106545,111894,scotus
106545,110032,scotus
106545,112074,scotus
106545,112316,scotus
106545,136998,scotus
106545,111233,scotus
106545,111724,scotus
106545,110065,scotus
106545,109851,scotus
106545,111193,scotus
106545,109717,scotus
106545,118417,scotus
106545,107824,scotus
106545,107484,scotus
106545,107487,scotus
106545,107488,scotus
106545,107439,scotus
106545,107481,scotus
106545,107369,scotus
106545,107540,scotus
106545,107542,scotus
106545,107544,scotus
106545,108182,scotus
106545,118492,scotus
106545,112157,scotus
106545,107408,scotus
106545,111811,scotus
106545,111812,scotus
106545,112808,scotus
106545,111302,scotus
106545,107423,scotus
106545,107325,scotus
106545,108480,scotus
106545,112168,scotus
106545,110875,scotus
106545,107337,scotus
106545,107342,scotus
106545,108187,scotus
106545,112201,scotus
106545,118507,scotus
106545,108490,scotus
106545,112845,scotus
106545,112247,scotus
106545,110933,scotus
106545,109043,scotus
106545,110914,scotus
106545,111099,scotus
106545,110213,scotus
106545,111112,scotus
106545,110984,scotus
106545,108137,scotus
106545,108138,scotus
106545,108221,scotus
106545,111017,scotus
106545,109070,scotus
106545,111134,scotus
106545,110372,scotus
106545,108100,scotus
106545,108111,scotus
106545,109516,scotus
106545,109133,scotus
106545,118298,scotus
106545,109624,scotus
106545,118299,scotus
106545,1157132,scotus
106545,109643,scotus
106545,118332,scotus
106545,118328,scotus
106545,799988,scotus
106545,3007018,scotus
106545,2620704,scotus
106545,2620703,scotus
106545,3189871,scotus
106545,4403796,scotus
106545,4403801,scotus
106545,4594419,scotus
106545,4236644,scotus
106545,3171724,scotus
106545,3177217,scotus
106545,3177218,scotus
106545,4746633,scotus
106545,3212620,scotus
106545,3211607,scotus
106545,4883739,scotus
106545,4883740,scotus
106545,4885592,scotus
106545,4885593,scotus
106545,1723,scotus
106545,110249,scotus
106545,112764,scotus
106545,107056,scotus
106545,107348,scotus
106545,107352,scotus
106545,110256,scotus
106545,109352,scotus
106545,107066,scotus
106545,107359,scotus
106545,112868,scotus
106545,107588,scotus
106545,107014,scotus
106545,110300,scotus
106545,112890,scotus
106545,112872,scotus
106545,112771,scotus
106545,108048,scotus
106545,111552,scotus
106545,111356,scotus
106545,106988,scotus
106545,118048,scotus
106545,107754,scotus
106545,106803,scotus
106545,111051,scotus
106545,107781,scotus
106545,107782,scotus
106545,111560,scotus
106545,112898,scotus
106545,106861,scotus
106545,106810,scotus
106545,106862,scotus
106545,109414,scotus
106545,111750,scotus
106545,109416,scotus
106545,108462,scotus
106545,107198,scotus
106545,118071,scotus
106545,107260,scotus
106545,118131,scotus
106545,107875,scotus
106545,112924,scotus
106545,109157,scotus
106545,106650,scotus
106545,118106,scotus
106545,107148,scotus
106545,118189,scotus
106545,106581,scotus
106545,106582,scotus
106545,106583,scotus
106545,106584,scotus
106545,106586,scotus
106545,106587,scotus
106545,106588,scotus
106545,106589,scotus
106545,106590,scotus
106545,145631,scotus
106545,149702,scotus
106545,145633,scotus
106545,142897,scotus
106545,142886,scotus
106545,2620998,scotus
106545,2621000,scotus
106545,2621006,scotus
106545,2621008,scotus
106545,2621011,scotus
106545,146982,scotus
106545,620671,scotus
106545,1087852,scotus
106545,1087856,scotus
106545,1087854,scotus
106545,145755,scotus
106545,856791,scotus
106545,145860,scotus
106545,145832,scotus
106545,106883,scotus
106545,106883,scotus
106545,107252,scotus
106545,107252,scotus
106545,107252,scotus
106545,107685,scotus
106545,107685,scotus
106545,107685,scotus
106545,107980,scotus
106545,108186,scotus
106545,106883,scotus
106545,107252,scotus
106545,107685,scotus
106545,107980,scotus
106545,108186,scotus
106545,9231323,scotus
106545,3212620,scotus
106545,3211607,scotus
106545,3189871,scotus
106545,6796080,scotus
106545,7350294,scotus
106545,7345716,scotus
106545,7345716,scotus
106548,145759,scotus
106548,145797,scotus
106548,134737,scotus
106548,625711,scotus
106548,1087955,scotus
106548,106679,scotus
106548,106691,scotus
106548,106721,scotus
106548,106821,scotus
106548,106641,scotus
106548,107084,scotus
106548,106881,scotus
106548,106885,scotus
106548,108860,scotus
106548,112387,scotus
106548,110785,scotus
106548,108023,scotus
106548,112394,scotus
106548,108429,scotus
106548,107978,scotus
106548,108763,scotus
106548,108414,scotus
106548,108765,scotus
106548,108417,scotus
106548,109196,scotus
106548,108772,scotus
106548,108794,scotus
106548,107651,scotus
106548,112573,scotus
106548,112477,scotus
106548,109224,scotus
106548,109438,scotus
106548,108843,scotus
106548,108800,scotus
106548,109439,scotus
106548,107715,scotus
106548,107730,scotus
106548,108605,scotus
106548,108639,scotus
106548,110581,scotus
106548,108297,scotus
106548,110662,scotus
106548,108302,scotus
106548,109265,scotus
106548,110692,scotus
106548,108625,scotus
106548,110693,scotus
106548,109253,scotus
106548,109309,scotus
106548,109660,scotus
106548,112316,scotus
106548,111235,scotus
106548,110093,scotus
106548,111880,scotus
106548,107795,scotus
106548,111726,scotus
106548,112322,scotus
106548,109717,scotus
106548,111727,scotus
106548,111728,scotus
106548,107840,scotus
106548,110143,scotus
106548,110138,scotus
106548,112847,scotus
106548,108474,scotus
106548,108480,scotus
106548,112206,scotus
106548,112207,scotus
106548,108187,scotus
106548,118478,scotus
106548,108491,scotus
106548,112845,scotus
106548,112205,scotus
106548,111393,scotus
106548,111012,scotus
106548,108138,scotus
106548,108139,scotus
106548,111029,scotus
106548,109094,scotus
106548,110360,scotus
106548,111046,scotus
106548,109623,scotus
106548,110382,scotus
106548,109540,scotus
106548,110337,scotus
106548,4763596,scotus
106548,109761,scotus
106548,107066,scotus
106548,112771,scotus
106548,106962,scotus
106548,111552,scotus
106548,107753,scotus
106548,107757,scotus
106548,111051,scotus
106548,109648,scotus
106548,107264,scotus
106548,109653,scotus
106548,108465,scotus
106548,107305,scotus
106548,107260,scotus
106548,108761,scotus
106548,107874,scotus
106548,107875,scotus
106548,107877,scotus
106548,109475,scotus
106548,107465,scotus
106548,106606,scotus
106548,106591,scotus
106548,117879,scotus
106548,145635,scotus
106548,145872,scotus
106548,145729,scotus
106548,1639091,scotus
106548,9408683,scotus
106548,10049669,scotus
106548,112640,scotus
106548,107252,scotus
106548,108186,scotus
106548,112640,scotus
106548,108730,scotus
106548,112728,scotus
106548,107252,scotus
106548,107679,scotus
106548,108186,scotus
106548,108730,scotus
106548,112728,scotus
106548,112728,scotus
106548,4763596,scotus
106548,625711,scotus
106548,145729,scotus
106548,145729,scotus
106548,145759,scotus
106548,118478,scotus
106548,134737,scotus
106548,110337,scotus
106548,110360,scotus
106548,110382,scotus
106548,111029,scotus
106548,111046,scotus
106548,111051,scotus
106548,110785,scotus
106548,110662,scotus
106548,110662,scotus
106548,110692,scotus
106548,111552,scotus
106548,111235,scotus
106548,111235,scotus
106548,111393,scotus
106548,110581,scotus
106548,110692,scotus
106548,110693,scotus
106548,111726,scotus
106548,112205,scotus
106548,112205,scotus
106548,112205,scotus
106548,111727,scotus
106548,111727,scotus
106548,111727,scotus
106548,111728,scotus
106548,112206,scotus
106548,112206,scotus
106548,112316,scotus
106548,111012,scotus
106548,112771,scotus
106548,112322,scotus
106548,112394,scotus
106548,112845,scotus
106548,112845,scotus
106548,112847,scotus
106548,112847,scotus
106548,112387,scotus
106548,112573,scotus
106548,112573,scotus
106548,1087955,scotus
106548,1639091,scotus
106558,106625,scotus
106558,134748,scotus
106558,112566,scotus
106558,109905,scotus
106558,111798,scotus
106558,107336,scotus
106558,108137,scotus
106558,107359,scotus
106558,106862,scotus
106558,106599,scotus
106558,218925,scotus
106558,106883,scotus
106558,107252,scotus
106558,107252,scotus
106558,107252,scotus
106558,106883,scotus
106558,107252,scotus
106558,7345714,scotus
106558,218925,scotus
106558,134748,scotus
106558,112566,scotus
106562,109678,scotus
106562,110879,scotus
106562,106580,scotus
106562,109252,scotus
106562,110879,scotus
106562,110879,scotus
106576,106661,scotus
106576,106729,scotus
106576,107082,scotus
106576,107242,scotus
106576,107087,scotus
106576,107217,scotus
106576,106881,scotus
106576,108855,scotus
106576,110791,scotus
106576,108714,scotus
106576,110485,scotus
106576,110517,scotus
106576,107663,scotus
106576,108810,scotus
106576,107702,scotus
106576,108839,scotus
106576,107886,scotus
106576,107680,scotus
106576,112478,scotus
106576,109823,scotus
106576,110638,scotus
106576,108281,scotus
106576,110661,scotus
106576,110705,scotus
106576,108329,scotus
106576,117846,scotus
106576,109896,scotus
106576,107797,scotus
106576,111216,scotus
106576,112330,scotus
106576,109923,scotus
106576,109670,scotus
106576,107841,scotus
106576,110146,scotus
106576,107402,scotus
106576,109013,scotus
106576,108994,scotus
106576,108978,scotus
106576,108979,scotus
106576,108527,scotus
106576,108115,scotus
106576,108221,scotus
106576,109528,scotus
106576,110380,scotus
106576,109542,scotus
106576,109592,scotus
106576,2804671,scotus
106576,2812209,scotus
106576,108713,scotus
106576,112766,scotus
106576,106950,scotus
106576,106952,scotus
106576,109768,scotus
106576,112786,scotus
106576,106966,scotus
106576,110312,scotus
106576,112883,scotus
106576,107197,scotus
106576,107869,scotus
106576,109952,scotus
106576,117861,scotus
106576,106609,scotus
106576,118239,scotus
106576,117927,scotus
106576,142894,scotus
106576,109450,scotus
106576,109570,scotus
106576,108889,scotus
106576,109450,scotus
106576,109514,scotus
106576,109570,scotus
106576,142894,scotus
106576,110638,scotus
106576,110380,scotus
106576,110380,scotus
106576,110661,scotus
106576,110791,scotus
106576,110312,scotus
106576,110485,scotus
106576,112766,scotus
106576,117861,scotus
106576,110705,scotus
106576,112330,scotus
106576,117846,scotus
106576,117846,scotus
106576,112883,scotus
106576,112786,scotus
106591,106670,scotus
106591,106719,scotus
106591,106646,scotus
106591,112424,scotus
106591,108417,scotus
106591,112573,scotus
106591,108800,scotus
106591,110662,scotus
106591,108302,scotus
106591,110692,scotus
106591,108625,scotus
106591,112325,scotus
106591,111899,scotus
106591,107795,scotus
106591,111726,scotus
106591,111706,scotus
106591,109717,scotus
106591,109699,scotus
106591,110121,scotus
106591,110143,scotus
106591,108182,scotus
106591,108509,scotus
106591,111271,scotus
106591,112206,scotus
106591,111086,scotus
106591,111089,scotus
106591,112845,scotus
106591,108245,scotus
106591,111330,scotus
106591,111393,scotus
106591,110920,scotus
106591,111017,scotus
106591,111029,scotus
106591,111046,scotus
106591,110382,scotus
106591,110447,scotus
106591,6454238,scotus
106591,4757658,scotus
106591,109059,scotus
106591,112773,scotus
106591,109648,scotus
106591,111763,scotus
106591,108761,scotus
106591,107874,scotus
106591,108452,scotus
106591,117893,scotus
106591,118015,scotus
106591,117879,scotus
106591,145122,scotus
106591,149287,scotus
106591,9408683,scotus
106591,10049669,scotus
106591,112640,scotus
106591,112640,scotus
106591,149287,scotus
106591,145122,scotus
106591,9053164,scotus
106591,9287807,scotus
106591,110447,scotus
106591,9287454,scotus
106591,110360,scotus
106591,110382,scotus
106591,111029,scotus
106591,111046,scotus
106591,111046,scotus
106591,110662,scotus
106591,110662,scotus
106591,111086,scotus
106591,110692,scotus
106591,111706,scotus
106591,111330,scotus
106591,111393,scotus
106591,111271,scotus
106591,111726,scotus
106591,111726,scotus
106591,110920,scotus
106591,111763,scotus
106591,112206,scotus
106591,112424,scotus
106591,111017,scotus
106591,112773,scotus
106591,112773,scotus
106591,112845,scotus
106591,117893,scotus
106591,117893,scotus
106591,112573,scotus
106591,112573,scotus
106591,112325,scotus
106595,134725,scotus
106595,111546,scotus
106595,106822,scotus
106595,107083,scotus
106595,110474,scotus
106595,112385,scotus
106595,145785,scotus
106595,108416,scotus
106595,112566,scotus
106595,108554,scotus
106595,108567,scotus
106595,108846,scotus
106595,109825,scotus
106595,108301,scotus
106595,112080,scotus
106595,111169,scotus
106595,111193,scotus
106595,107484,scotus
106595,107486,scotus
106595,107542,scotus
106595,108182,scotus
106595,108184,scotus
106595,108480,scotus
106595,108531,scotus
106595,118509,scotus
106595,108122,scotus
106595,108137,scotus
106595,108138,scotus
106595,109624,scotus
106595,107359,scotus
106595,107014,scotus
106595,110300,scotus
106595,112450,scotus
106595,111051,scotus
106595,107782,scotus
106595,107875,scotus
106595,145839,scotus
106595,106883,scotus
106595,106883,scotus
106595,106883,scotus
106595,145839,scotus
106595,145785,scotus
106595,145785,scotus
106595,118509,scotus
106595,110300,scotus
106595,111051,scotus
106595,111193,scotus
106595,111546,scotus
106595,112080,scotus
106595,110474,scotus
106595,112450,scotus
106595,112566,scotus
106595,112385,scotus
106622,107083,scotus
106622,108920,scotus
106622,108923,scotus
106622,108768,scotus
106622,109433,scotus
106622,107745,scotus
106622,108304,scotus
106622,109264,scotus
106622,109311,scotus
106622,110061,scotus
106622,107483,scotus
106622,110118,scotus
106622,107318,scotus
106622,111257,scotus
106622,107319,scotus
106622,109001,scotus
106622,108516,scotus
106622,111143,scotus
106622,109084,scotus
106622,109146,scotus
106622,118309,scotus
106622,109653,scotus
106622,110317,scotus
106622,107875,scotus
106622,110049,scotus
106622,107564,scotus
106622,107564,scotus
106622,107564,scotus
106622,107564,scotus
106622,111143,scotus
106622,111257,scotus
106622,110317,scotus
106622,118309,scotus
106625,111542,scotus
106625,106864,scotus
106625,106877,scotus
106625,106881,scotus
106625,108429,scotus
106625,112410,scotus
106625,107648,scotus
106625,112566,scotus
106625,107694,scotus
106625,108800,scotus
106625,111614,scotus
106625,118380,scotus
106625,111214,scotus
106625,109905,scotus
106625,107439,scotus
106625,110858,scotus
106625,112847,scotus
106625,107318,scotus
106625,107319,scotus
106625,107419,scotus
106625,110890,scotus
106625,107336,scotus
106625,108137,scotus
106625,108139,scotus
106625,109063,scotus
106625,108231,scotus
106625,799989,scotus
106625,110264,scotus
106625,107569,scotus
106625,108150,scotus
106625,107359,scotus
106625,106967,scotus
106625,107588,scotus
106625,107261,scotus
106625,106761,scotus
106625,106862,scotus
106625,111364,scotus
106625,107260,scotus
106625,131154,scotus
106625,145888,scotus
106625,106883,scotus
106625,107252,scotus
106625,107252,scotus
106625,107252,scotus
106625,106883,scotus
106625,107252,scotus
106625,131154,scotus
106625,118380,scotus
106625,110264,scotus
106625,110858,scotus
106625,111364,scotus
106625,110890,scotus
106625,111214,scotus
106625,111214,scotus
106625,112566,scotus
106625,112847,scotus
106625,111542,scotus
106625,111614,scotus
106640,106943,scotus
106640,108911,scotus
106640,110460,scotus
106640,110484,scotus
106640,110136,scotus
106640,108166,scotus
106640,118122,scotus
106640,145851,scotus
106640,109252,scotus
106640,145851,scotus
106640,118122,scotus
106641,4883694,scotus
106641,106677,scotus
106641,106699,scotus
106641,106815,scotus
106641,107225,scotus
106641,107084,scotus
106641,107102,scotus
106641,106865,scotus
106641,106877,scotus
106641,106936,scotus
106641,108377,scotus
106641,109186,scotus
106641,107745,scotus
106641,108800,scotus
106641,107718,scotus
106641,107729,scotus
106641,107730,scotus
106641,108304,scotus
106641,108297,scotus
106641,110558,scotus
106641,109302,scotus
106641,110045,scotus
106641,109893,scotus
106641,110061,scotus
106641,107625,scotus
106641,109874,scotus
106641,110096,scotus
106641,107483,scotus
106641,110100,scotus
106641,110127,scotus
106641,112795,scotus
106641,108183,scotus
106641,108995,scotus
106641,111823,scotus
106641,110959,scotus
106641,108187,scotus
106641,108538,scotus
106641,110235,scotus
106641,111397,scotus
106641,4742386,scotus
106641,110754,scotus
106641,109352,scotus
106641,107014,scotus
106641,106962,scotus
106641,106964,scotus
106641,131161,scotus
106641,107043,scotus
106641,106862,scotus
106641,106777,scotus
106641,109961,scotus
106641,107872,scotus
106641,107875,scotus
106641,118103,scotus
106641,107876,scotus
106641,131146,scotus
106641,118180,scotus
106641,118030,scotus
106641,117936,scotus
106641,145628,scotus
106641,145646,scotus
106641,149702,scotus
106641,145654,scotus
106641,858288,scotus
106641,107979,scotus
106641,107979,scotus
106641,107979,scotus
106641,107564,scotus
106641,107685,scotus
106641,107980,scotus
106641,108186,scotus
106641,107473,scotus
106641,107564,scotus
106641,107685,scotus
106641,107979,scotus
106641,107980,scotus
106641,108186,scotus
106641,9231313,scotus
106641,149702,scotus
106641,149702,scotus
106641,145628,scotus
106641,131161,scotus
106641,145654,scotus
106641,110235,scotus
106641,110754,scotus
106641,110558,scotus
106641,110959,scotus
106641,111823,scotus
106641,110959,scotus
106641,111397,scotus
106641,145646,scotus
106757,108818,scotus
106757,122254,scotus
106757,108330,scotus
106757,110720,scotus
106757,110028,scotus
106757,109018,scotus
106757,108547,scotus
106757,112199,scotus
106757,109542,scotus
106757,2810526,scotus
106757,106848,scotus
106757,130141,scotus
106757,107973,scotus
106757,107973,scotus
106757,108350,scotus
106757,107973,scotus
106757,108350,scotus
106757,122254,scotus
106757,122254,scotus
106758,108818,scotus
106758,108330,scotus
106758,110028,scotus
106758,109018,scotus
106758,112199,scotus
106758,111434,scotus
106758,109542,scotus
106758,2810526,scotus
106758,106848,scotus
106758,107973,scotus
106758,107973,scotus
106758,107973,scotus
106758,111434,scotus
106761,149008,scotus
106761,2651116,scotus
106761,205789,scotus
106761,219735,scotus
106761,4900455,scotus
106761,4900456,scotus
106761,1087950,scotus
106761,4957281,scotus
106761,111458,scotus
106761,111479,scotus
106761,111490,scotus
106761,111517,scotus
106761,106832,scotus
106761,107222,scotus
106761,107082,scotus
106761,106879,scotus
106761,106877,scotus
106761,106935,scotus
106761,108921,scotus
106761,108924,scotus
106761,108858,scotus
106761,108361,scotus
106761,110794,scotus
106761,108714,scotus
106761,108384,scotus
106761,110798,scotus
106761,108444,scotus
106761,108034,scotus
106761,110846,scotus
106761,109207,scotus
106761,107904,scotus
106761,107669,scotus
106761,108798,scotus
106761,109443,scotus
106761,108839,scotus
106761,112470,scotus
106761,107900,scotus
106761,107717,scotus
106761,112472,scotus
106761,108838,scotus
106761,110561,scotus
106761,108275,scotus
106761,108276,scotus
106761,108277,scotus
106761,108597,scotus
106761,111577,scotus
106761,112633,scotus
106761,109831,scotus
106761,108610,scotus
106761,108302,scotus
106761,111596,scotus
106761,112638,scotus
106761,145777,scotus
106761,110689,scotus
106761,108611,scotus
106761,110743,scotus
106761,109836,scotus
106761,109271,scotus
106761,111628,scotus
106761,109837,scotus
106761,112647,scotus
106761,109284,scotus
106761,112307,scotus
106761,112312,scotus
106761,118380,scotus
106761,111164,scotus
106761,110059,scotus
106761,111175,scotus
106761,111226,scotus
106761,109661,scotus
106761,109681,scotus
106761,109870,scotus
106761,112329,scotus
106761,112141,scotus
106761,109871,scotus
106761,109876,scotus
106761,112134,scotus
106761,111707,scotus
106761,112330,scotus
106761,109921,scotus
106761,110099,scotus
106761,107484,scotus
106761,111245,scotus
106761,111719,scotus
106761,110131,scotus
106761,110133,scotus
106761,109727,scotus
106761,111946,scotus
106761,107494,scotus
106761,118427,scotus
106761,107536,scotus
106761,109008,scotus
106761,108180,scotus
106761,108989,scotus
106761,109729,scotus
106761,109730,scotus
106761,109939,scotus
106761,108970,scotus
106761,107325,scotus
106761,112836,scotus
106761,110915,scotus
106761,110992,scotus
106761,110904,scotus
106761,110996,scotus
106761,110917,scotus
106761,112011,scotus
106761,109517,scotus
106761,111370,scotus
106761,111432,scotus
106761,111100,scotus
106761,109088,scotus
106761,108146,scotus
106761,109089,scotus
106761,112027,scotus
106761,109090,scotus
106761,111117,scotus
106761,109525,scotus
106761,109505,scotus
106761,109091,scotus
106761,110188,scotus
106761,109079,scotus
106761,110395,scotus
106761,109120,scotus
106761,109638,scotus
106761,109616,scotus
106761,118335,scotus
106761,150544,scotus
106761,2804674,scotus
106761,110339,scotus
106761,2654278,scotus
106761,4511150,scotus
106761,4681446,scotus
106761,802971,scotus
106761,4591646,scotus
106761,4897042,scotus
106761,107064,scotus
106761,109354,scotus
106761,109355,scotus
106761,109356,scotus
106761,107551,scotus
106761,112774,scotus
106761,107014,scotus
106761,112786,scotus
106761,109388,scotus
106761,118057,scotus
106761,107599,scotus
106761,108049,scotus
106761,112773,scotus
106761,109380,scotus
106761,110292,scotus
106761,109401,scotus
106761,110309,scotus
106761,110311,scotus
106761,118061,scotus
106761,109406,scotus
106761,107783,scotus
106761,111248,scotus
106761,1741,scotus
106761,106862,scotus
106761,107010,scotus
106761,107301,scotus
106761,131149,scotus
106761,118097,scotus
106761,130162,scotus
106761,107187,scotus
106761,108848,scotus
106761,107188,scotus
106761,108266,scotus
106761,107162,scotus
106761,107163,scotus
106761,121163,scotus
106761,117960,scotus
106761,107168,scotus
106761,121170,scotus
106761,107962,scotus
106761,118026,scotus
106761,107970,scotus
106761,118208,scotus
106761,127886,scotus
106761,127918,scotus
106761,117921,scotus
106761,117924,scotus
106761,145630,scotus
106761,219511,scotus
106761,2621077,scotus
106761,219616,scotus
106761,145706,scotus
106761,803268,scotus
106761,803270,scotus
106761,6619002,scotus
106761,9409607,scotus
106761,9431584,scotus
106761,10049662,scotus
106761,10314190,scotus
106761,107343,scotus
106761,112258,scotus
106761,108114,scotus
106761,109450,scotus
106761,109450,scotus
106761,109450,scotus
106761,107343,scotus
106761,108114,scotus
106761,109450,scotus
106761,112258,scotus
106761,9231185,scotus
106761,2804674,scotus
106761,7345718,scotus
106761,7345722,scotus
106761,145777,scotus
106761,150544,scotus
106761,205789,scotus
106761,205789,scotus
106761,7345722,scotus
106761,121163,scotus
106761,130162,scotus
106761,149008,scotus
106761,130162,scotus
106761,121170,scotus
106761,145630,scotus
106761,1741,scotus
106761,1741,scotus
106761,118427,scotus
106761,118427,scotus
106761,219616,scotus
106761,118380,scotus
106761,127918,scotus
106761,2621077,scotus
106761,803268,scotus
106761,803268,scotus
106761,803268,scotus
106761,803270,scotus
106761,9041947,scotus
106761,110395,scotus
106761,110292,scotus
106761,110339,scotus
106761,110188,scotus
106761,110846,scotus
106761,110743,scotus
106761,110309,scotus
106761,111100,scotus
106761,111175,scotus
106761,111245,scotus
106761,111248,scotus
106761,111248,scotus
106761,110794,scotus
106761,110311,scotus
106761,111479,scotus
106761,111479,scotus
106761,110689,scotus
106761,111707,scotus
106761,111370,scotus
106761,110904,scotus
106761,112027,scotus
106761,111490,scotus
106761,111490,scotus
106761,111490,scotus
106761,111490,scotus
106761,111577,scotus
106761,111432,scotus
106761,110561,scotus
106761,110561,scotus
106761,110996,scotus
106761,111596,scotus
106761,111596,scotus
106761,111226,scotus
106761,111719,scotus
106761,110915,scotus
106761,110992,scotus
106761,112141,scotus
106761,112141,scotus
106761,110917,scotus
106761,110917,scotus
106761,111164,scotus
106761,112307,scotus
106761,112312,scotus
106761,111164,scotus
106761,111517,scotus
106761,112011,scotus
106761,112011,scotus
106761,112647,scotus
106761,112329,scotus
106761,111458,scotus
106761,112470,scotus
106761,111946,scotus
106761,111946,scotus
106761,112330,scotus
106761,118097,scotus
106761,112134,scotus
106761,112773,scotus
106761,112774,scotus
106761,112774,scotus
106761,112633,scotus
106761,112633,scotus
106761,112638,scotus
106761,112638,scotus
106761,112638,scotus
106761,112786,scotus
106761,118208,scotus
106761,1087950,scotus
106761,1087950,scotus
106761,1087950,scotus
106761,111628,scotus
106761,111628,scotus
106777,107084,scotus
106777,107102,scotus
106777,106922,scotus
106777,107982,scotus
106777,108377,scotus
106777,107745,scotus
106777,112475,scotus
106777,110559,scotus
106777,110612,scotus
106777,109302,scotus
106777,112067,scotus
106777,107487,scotus
106777,108183,scotus
106777,108967,scotus
106777,108995,scotus
106777,109537,scotus
106777,111423,scotus
106777,109579,scotus
106777,4512666,scotus
106777,110754,scotus
106777,107875,scotus
106777,107465,scotus
106777,145669,scotus
106777,4510032,scotus
106777,107979,scotus
106777,107979,scotus
106777,107564,scotus
106777,107473,scotus
106777,107564,scotus
106777,107979,scotus
106777,145669,scotus
106777,145669,scotus
106777,110612,scotus
106777,110754,scotus
106777,111423,scotus
106777,110559,scotus
106777,112067,scotus
106821,111503,scotus
106821,108763,scotus
106821,112423,scotus
106821,107734,scotus
106821,108800,scotus
106821,112641,scotus
106821,109823,scotus
106821,112669,scotus
106821,110673,scotus
106821,112643,scotus
106821,112291,scotus
106821,109272,scotus
106821,110718,scotus
106821,110031,scotus
106821,109919,scotus
106821,110878,scotus
106821,109036,scotus
106821,111094,scotus
106821,111949,scotus
106821,111008,scotus
106821,109520,scotus
106821,118316,scotus
106821,118318,scotus
106821,118323,scotus
106821,112748,scotus
106821,110753,scotus
106821,106992,scotus
106821,111362,scotus
106821,109448,scotus
106821,6619822,scotus
106821,118011,scotus
106821,118317,scotus
106821,118317,scotus
106821,118317,scotus
106821,109499,scotus
106821,109499,scotus
106821,108990,scotus
106821,108990,scotus
106821,108990,scotus
106821,108990,scotus
106821,108990,scotus
106821,109499,scotus
106821,118011,scotus
106821,118323,scotus
106821,118323,scotus
106821,110718,scotus
106821,110878,scotus
106821,111362,scotus
106821,110753,scotus
106821,111094,scotus
106821,111503,scotus
106821,111503,scotus
106821,112291,scotus
106821,112641,scotus
106821,111008,scotus
106821,112643,scotus
106821,112669,scotus
106821,112669,scotus
106821,118316,scotus
106821,111949,scotus
106821,111949,scotus
106821,111949,scotus
106821,118318,scotus
106821,112423,scotus
106821,112291,scotus
106821,112291,scotus
106822,625832,scotus
106822,626055,scotus
106822,1379716,scotus
106822,4883693,scotus
106822,1087720,scotus
106822,111546,scotus
106822,110474,scotus
106822,110475,scotus
106822,112385,scotus
106822,110809,scotus
106822,145785,scotus
106822,112573,scotus
106822,112566,scotus
106822,107736,scotus
106822,108554,scotus
106822,108585,scotus
106822,108846,scotus
106822,108605,scotus
106822,111622,scotus
106822,110613,scotus
106822,112732,scotus
106822,112080,scotus
106822,111614,scotus
106822,111204,scotus
106822,112100,scotus
106822,112127,scotus
106822,111193,scotus
106822,111726,scotus
106822,111214,scotus
106822,118417,scotus
106822,107486,scotus
106822,107312,scotus
106822,108182,scotus
106822,107318,scotus
106822,107419,scotus
106822,111344,scotus
106822,108231,scotus
106822,110372,scotus
106822,109624,scotus
106822,2510431,scotus
106822,2522121,scotus
106822,4883739,scotus
106822,4883740,scotus
106822,4885592,scotus
106822,4885593,scotus
106822,1723,scotus
106822,110254,scotus
106822,107070,scotus
106822,110300,scotus
106822,131158,scotus
106822,112773,scotus
106822,107753,scotus
106822,111051,scotus
106822,112452,scotus
106822,145873,scotus
106822,145880,scotus
106822,106883,scotus
106822,106883,scotus
106822,106883,scotus
106822,145873,scotus
106822,1723,scotus
106822,145785,scotus
106822,626055,scotus
106822,145785,scotus
106822,118417,scotus
106822,110254,scotus
106822,110300,scotus
106822,110300,scotus
106822,110300,scotus
106822,110300,scotus
106822,110613,scotus
106822,111051,scotus
106822,111344,scotus
106822,111193,scotus
106822,110809,scotus
106822,111204,scotus
106822,110474,scotus
106822,110475,scotus
106822,111546,scotus
106822,111546,scotus
106822,111214,scotus
106822,112100,scotus
106822,111622,scotus
106822,111622,scotus
106822,112080,scotus
106822,111726,scotus
106822,111726,scotus
106822,110474,scotus
106822,112127,scotus
106822,112127,scotus
106822,112773,scotus
106822,112452,scotus
106822,112452,scotus
106822,112566,scotus
106822,112573,scotus
106822,112385,scotus
106822,112385,scotus
106822,112573,scotus
106822,111614,scotus
106827,107087,scotus
106827,107200,scotus
106827,107123,scotus
106827,110823,scotus
106827,108370,scotus
106827,110520,scotus
106827,111621,scotus
106827,109262,scotus
106827,110716,scotus
106827,111608,scotus
106827,110041,scotus
106827,109862,scotus
106827,110086,scotus
106827,111915,scotus
106827,109025,scotus
106827,110897,scotus
106827,111438,scotus
106827,111412,scotus
106827,111006,scotus
106827,109119,scotus
106827,109616,scotus
106827,107150,scotus
106827,109508,scotus
106827,109508,scotus
106827,109508,scotus
106827,110520,scotus
106827,110823,scotus
106827,110897,scotus
106827,111621,scotus
106827,111006,scotus
106827,111006,scotus
106837,148483,scotus
106837,219734,scotus
106837,1087895,scotus
106837,1087950,scotus
106837,107231,scotus
106837,107082,scotus
106837,107089,scotus
106837,106869,scotus
106837,107111,scotus
106837,107210,scotus
106837,110794,scotus
106837,109184,scotus
106837,112557,scotus
106837,112472,scotus
106837,108838,scotus
106837,108581,scotus
106837,108595,scotus
106837,108636,scotus
106837,108598,scotus
106837,110661,scotus
106837,108609,scotus
106837,108611,scotus
106837,108329,scotus
106837,107483,scotus
106837,110099,scotus
106837,111919,scotus
106837,107604,scotus
106837,111923,scotus
106837,107489,scotus
106837,108985,scotus
106837,107533,scotus
106837,108499,scotus
106837,109016,scotus
106837,107325,scotus
106837,108546,scotus
106837,108492,scotus
106837,109035,scotus
106837,111094,scotus
106837,111434,scotus
106837,109531,scotus
106837,107553,scotus
106837,107025,scotus
106837,109380,scotus
106837,107033,scotus
106837,109405,scotus
106837,108262,scotus
106837,108263,scotus
106837,107147,scotus
106837,108266,scotus
106837,108269,scotus
106837,118012,scotus
106837,802792,scotus
106837,107343,scotus
106837,107343,scotus
106837,107965,scotus
106837,107343,scotus
106837,107965,scotus
106837,6796841,scotus
106837,148483,scotus
106837,802792,scotus
106837,219734,scotus
106837,110661,scotus
106837,110794,scotus
106837,111094,scotus
106837,111919,scotus
106837,111434,scotus
106837,112557,scotus
106837,1087895,scotus
106837,1087950,scotus
106837,111923,scotus
106846,110780,scotus
106846,109239,scotus
106846,112601,scotus
106846,112528,scotus
106846,111213,scotus
106846,109900,scotus
106846,111941,scotus
106846,110996,scotus
106846,110229,scotus
106846,109135,scotus
106846,109630,scotus
106846,2801433,scotus
106846,107023,scotus
106846,117859,scotus
106846,110563,scotus
106846,110563,scotus
106846,109835,scotus
106846,109615,scotus
106846,109835,scotus
106846,110563,scotus
106846,110229,scotus
106846,110229,scotus
106846,110780,scotus
106846,111213,scotus
106846,111213,scotus
106846,110996,scotus
106846,111941,scotus
106846,111941,scotus
106846,112528,scotus
106846,112601,scotus
106846,117859,scotus
106850,134735,scotus
106850,134921,scotus
106850,931614,scotus
106850,107220,scotus
106850,107222,scotus
106850,107082,scotus
106850,107094,scotus
106850,107073,scotus
106850,107077,scotus
106850,106895,scotus
106850,106896,scotus
106850,108881,scotus
106850,106931,scotus
106850,108859,scotus
106850,108902,scotus
106850,110469,scotus
106850,110790,scotus
106850,108363,scotus
106850,107999,scotus
106850,110510,scotus
106850,108364,scotus
106850,108365,scotus
106850,108745,scotus
106850,108746,scotus
106850,108697,scotus
106850,108747,scotus
106850,108719,scotus
106850,108437,scotus
106850,112414,scotus
106850,112427,scotus
106850,108773,scotus
106850,109179,scotus
106850,107647,scotus
106850,108781,scotus
106850,107901,scotus
106850,107917,scotus
106850,107896,scotus
106850,107897,scotus
106850,108825,scotus
106850,108826,scotus
106850,107715,scotus
106850,108827,scotus
106850,108828,scotus
106850,108837,scotus
106850,112683,scotus
106850,108593,scotus
106850,109823,scotus
106850,112629,scotus
106850,145774,scotus
106850,112736,scotus
106850,109798,scotus
106850,112636,scotus
106850,112743,scotus
106850,110742,scotus
106850,109818,scotus
106850,110023,scotus
106850,109297,scotus
106850,110075,scotus
106850,110066,scotus
106850,109667,scotus
106850,107825,scotus
106850,118395,scotus
106850,110077,scotus
106850,107846,scotus
106850,109912,scotus
106850,109710,scotus
106850,111737,scotus
106850,112824,scotus
106850,108168,scotus
106850,107314,scotus
106850,108992,scotus
106850,109729,scotus
106850,108993,scotus
106850,108470,scotus
106850,108971,scotus
106850,107328,scotus
106850,107330,scotus
106850,108485,scotus
106850,108529,scotus
106850,108190,scotus
106850,108194,scotus
106850,110980,scotus
106850,110983,scotus
106850,109083,scotus
106850,112221,scotus
106850,109504,scotus
106850,108221,scotus
106850,108227,scotus
106850,108076,scotus
106850,110246,scotus
106850,109102,scotus
106850,108112,scotus
106850,109127,scotus
106850,109597,scotus
106850,109131,scotus
106850,109614,scotus
106850,118335,scotus
106850,110333,scotus
106850,110339,scotus
106850,2788983,scotus
106850,799993,scotus
106850,4397056,scotus
106850,2521730,scotus
106850,2521732,scotus
106850,2521763,scotus
106850,2521883,scotus
106850,2522123,scotus
106850,4800350,scotus
106850,3195997,scotus
106850,3191207,scotus
106850,4508138,scotus
106850,4510531,scotus
106850,4633469,scotus
106850,109053,scotus
106850,107571,scotus
106850,109352,scotus
106850,112768,scotus
106850,107548,scotus
106850,107359,scotus
106850,107362,scotus
106850,106970,scotus
106850,106957,scotus
106850,108661,scotus
106850,109418,scotus
106850,106961,scotus
106850,109380,scotus
106850,107033,scotus
106850,106989,scotus
106850,106851,scotus
106850,112450,scotus
106850,107783,scotus
106850,107197,scotus
106850,107256,scotus
106850,107257,scotus
106850,112905,scotus
106850,107448,scotus
106850,107449,scotus
106850,108449,scotus
106850,109950,scotus
106850,108453,scotus
106850,108751,scotus
106850,130158,scotus
106850,107170,scotus
106850,118129,scotus
106850,118141,scotus
106850,117968,scotus
106850,118027,scotus
106850,118040,scotus
106850,127905,scotus
106850,107971,scotus
106850,107975,scotus
106850,118037,scotus
106850,145627,scotus
106850,142896,scotus
106850,145901,scotus
106850,137564,scotus
106850,145909,scotus
106850,145813,scotus
106850,9506541,scotus
106850,107919,scotus
106850,107919,scotus
106850,107919,scotus
106850,2788983,scotus
106850,145901,scotus
106850,145813,scotus
106850,145909,scotus
106850,145909,scotus
106850,931614,scotus
106850,9198234,scotus
106850,9198235,scotus
106850,9259216,scotus
106850,145774,scotus
106850,127905,scotus
106850,127905,scotus
106850,134735,scotus
106850,134735,scotus
106850,134735,scotus
106850,134735,scotus
106850,134735,scotus
106850,134735,scotus
106850,137564,scotus
106850,145627,scotus
106850,118395,scotus
106850,118395,scotus
106850,799993,scotus
106850,137564,scotus
106850,142896,scotus
106850,130158,scotus
106850,9158193,scotus
106850,9158194,scotus
106850,110333,scotus
106850,110339,scotus
106850,110246,scotus
106850,110510,scotus
106850,110246,scotus
106850,110246,scotus
106850,110742,scotus
106850,110742,scotus
106850,110742,scotus
106850,110790,scotus
106850,110469,scotus
106850,110469,scotus
106850,110469,scotus
106850,111737,scotus
106850,111737,scotus
106850,111737,scotus
106850,110980,scotus
106850,110980,scotus
106850,110980,scotus
106850,110980,scotus
106850,110983,scotus
106850,110983,scotus
106850,112427,scotus
106850,112414,scotus
106850,112768,scotus
106850,118040,scotus
106850,118040,scotus
106850,112221,scotus
106850,112905,scotus
106850,112450,scotus
106850,112450,scotus
106850,118335,scotus
106850,112629,scotus
106850,118141,scotus
106850,112636,scotus
106850,118129,scotus
106862,4879558,scotus
106862,111542,scotus
106862,107082,scotus
106862,108882,scotus
106862,112382,scotus
106862,110474,scotus
106862,108378,scotus
106862,108429,scotus
106862,108442,scotus
106862,108033,scotus
106862,108416,scotus
106862,109429,scotus
106862,107686,scotus
106862,108798,scotus
106862,112566,scotus
106862,109442,scotus
106862,108790,scotus
106862,112557,scotus
106862,112464,scotus
106862,107738,scotus
106862,108551,scotus
106862,108579,scotus
106862,108272,scotus
106862,108605,scotus
106862,108335,scotus
106862,108281,scotus
106862,108299,scotus
106862,108611,scotus
106862,108329,scotus
106862,109819,scotus
106862,110038,scotus
106862,111614,scotus
106862,137002,scotus
106862,112123,scotus
106862,118380,scotus
106862,107608,scotus
106862,109893,scotus
106862,109683,scotus
106862,111878,scotus
106862,112322,scotus
106862,111214,scotus
106862,111933,scotus
106862,107483,scotus
106862,111728,scotus
106862,111745,scotus
106862,107487,scotus
106862,107607,scotus
106862,111260,scotus
106862,107439,scotus
106862,107526,scotus
106862,111249,scotus
106862,111798,scotus
106862,112831,scotus
106862,112832,scotus
106862,107314,scotus
106862,112847,scotus
106862,111779,scotus
106862,107337,scotus
106862,108541,scotus
106862,108542,scotus
106862,108187,scotus
106862,108531,scotus
106862,108220,scotus
106862,109491,scotus
106862,108238,scotus
106862,108538,scotus
106862,109522,scotus
106862,108137,scotus
106862,108139,scotus
106862,109063,scotus
106862,108221,scotus
106862,111105,scotus
106862,108111,scotus
106862,109133,scotus
106862,110426,scotus
106862,109130,scotus
106862,4746633,scotus
106862,1734,scotus
106862,107359,scotus
106862,107360,scotus
106862,107014,scotus
106862,112872,scotus
106862,109423,scotus
106862,107261,scotus
106862,107262,scotus
106862,107038,scotus
106862,107043,scotus
106862,108650,scotus
106862,110315,scotus
106862,107197,scotus
106862,109148,scotus
106862,111364,scotus
106862,107872,scotus
106862,107260,scotus
106862,107875,scotus
106862,112924,scotus
106862,107148,scotus
106862,112360,scotus
106862,136990,scotus
106862,121146,scotus
106862,107173,scotus
106862,118242,scotus
106862,127891,scotus
106862,127927,scotus
106862,107951,scotus
106862,149702,scotus
106862,6480696,scotus
106862,6480695,scotus
106862,7686272,scotus
106862,106883,scotus
106862,107252,scotus
106862,107252,scotus
106862,107252,scotus
106862,111555,scotus
106862,107685,scotus
106862,107685,scotus
106862,107685,scotus
106862,107980,scotus
106862,107980,scotus
106862,108114,scotus
106862,108186,scotus
106862,108186,scotus
106862,106883,scotus
106862,107252,scotus
106862,107685,scotus
106862,107980,scotus
106862,108114,scotus
106862,108186,scotus
106862,111555,scotus
106862,9231323,scotus
106862,149702,scotus
106862,149702,scotus
106862,1734,scotus
106862,137002,scotus
106862,118380,scotus
106862,127927,scotus
106862,127927,scotus
106862,136990,scotus
106862,127927,scotus
106862,121146,scotus
106862,121146,scotus
106862,9041783,scotus
106862,111105,scotus
106862,111249,scotus
106862,110426,scotus
106862,111364,scotus
106862,111364,scotus
106862,111779,scotus
106862,111779,scotus
106862,111214,scotus
106862,111260,scotus
106862,111745,scotus
106862,111933,scotus
106862,110315,scotus
106862,110315,scotus
106862,111728,scotus
106862,110474,scotus
106862,112123,scotus
106862,112123,scotus
106862,112872,scotus
106862,112557,scotus
106862,112464,scotus
106862,112360,scotus
106862,112322,scotus
106862,112566,scotus
106862,112382,scotus
106862,112847,scotus
106862,112831,scotus
106862,111542,scotus
106862,111614,scotus
106864,1087666,scotus
106864,111541,scotus
106864,108882,scotus
106864,110474,scotus
106864,110821,scotus
106864,110832,scotus
106864,109429,scotus
106864,109442,scotus
106864,112464,scotus
106864,109432,scotus
106864,107738,scotus
106864,107739,scotus
106864,108596,scotus
106864,108335,scotus
106864,108299,scotus
106864,108302,scotus
106864,108303,scotus
106864,108329,scotus
106864,110038,scotus
106864,109292,scotus
106864,111204,scotus
106864,112123,scotus
106864,107608,scotus
106864,111214,scotus
106864,107483,scotus
106864,107486,scotus
106864,107607,scotus
106864,111260,scotus
106864,107439,scotus
106864,112847,scotus
106864,107337,scotus
106864,108541,scotus
106864,108187,scotus
106864,108238,scotus
106864,108538,scotus
106864,109046,scotus
106864,111110,scotus
106864,109522,scotus
106864,110216,scotus
106864,109063,scotus
106864,110426,scotus
106864,109130,scotus
106864,4630267,scotus
106864,4630088,scotus
106864,109374,scotus
106864,110298,scotus
106864,107014,scotus
106864,109400,scotus
106864,107038,scotus
106864,108650,scotus
106864,111766,scotus
106864,111364,scotus
106864,107148,scotus
106864,112360,scotus
106864,107173,scotus
106864,118168,scotus
106864,118242,scotus
106864,127891,scotus
106864,127927,scotus
106864,4630268,scotus
106864,4641200,scotus
106864,107252,scotus
106864,108186,scotus
106864,107252,scotus
106864,107606,scotus
106864,108186,scotus
106864,4630267,scotus
106864,127927,scotus
106864,110216,scotus
106864,110298,scotus
106864,110821,scotus
106864,110821,scotus
106864,110821,scotus
106864,110832,scotus
106864,111110,scotus
106864,110426,scotus
106864,111364,scotus
106864,111204,scotus
106864,111541,scotus
106864,111214,scotus
106864,111214,scotus
106864,111260,scotus
106864,110474,scotus
106864,112123,scotus
106864,112123,scotus
106864,112464,scotus
106864,112360,scotus
106864,112847,scotus
106883,111546,scotus
106883,145785,scotus
106883,108743,scotus
106883,107650,scotus
106883,107913,scotus
106883,109442,scotus
106883,107694,scotus
106883,107736,scotus
106883,108554,scotus
106883,107893,scotus
106883,108800,scotus
106883,108846,scotus
106883,112634,scotus
106883,110662,scotus
106883,108303,scotus
106883,111614,scotus
106883,111615,scotus
106883,137003,scotus
106883,109336,scotus
106883,112127,scotus
106883,111193,scotus
106883,111214,scotus
106883,109717,scotus
106883,107486,scotus
106883,107526,scotus
106883,112847,scotus
106883,107318,scotus
106883,111779,scotus
106883,107340,scotus
106883,111112,scotus
106883,109063,scotus
106883,110179,scotus
106883,111105,scotus
106883,109624,scotus
106883,109757,scotus
106883,108148,scotus
106883,112890,scotus
106883,118059,scotus
106883,107753,scotus
106883,107261,scotus
106883,107262,scotus
106883,111364,scotus
106883,107260,scotus
106883,107875,scotus
106883,117863,scotus
106883,218926,scotus
106883,145888,scotus
106883,147529,scotus
106883,145832,scotus
106883,107252,scotus
106883,107252,scotus
106883,107252,scotus
106883,107252,scotus
106883,106883,scotus
106883,107252,scotus
106883,107252,scotus
106883,6796082,scotus
106883,7345713,scotus
106883,145785,scotus
106883,9053440,scotus
106883,9053440,scotus
106883,147529,scotus
106883,137003,scotus
106883,218926,scotus
106883,118380,scotus
106883,110662,scotus
106883,111105,scotus
106883,111364,scotus
106883,111112,scotus
106883,111193,scotus
106883,111193,scotus
106883,111193,scotus
106883,111779,scotus
106883,111546,scotus
106883,111615,scotus
106883,111214,scotus
106883,112127,scotus
106883,117863,scotus
106883,112890,scotus
106883,112847,scotus
106883,112634,scotus
106883,111614,scotus
106883,111614,scotus
106930,107938,scotus
106930,108330,scotus
106930,110028,scotus
106930,2810526,scotus
106930,107973,scotus
106930,107973,scotus
107014,205606,scotus
107014,134724,scotus
107014,107082,scotus
107014,107083,scotus
107014,107209,scotus
107014,108378,scotus
107014,108684,scotus
107014,108718,scotus
107014,108720,scotus
107014,108416,scotus
107014,107686,scotus
107014,107668,scotus
107014,107913,scotus
107014,108790,scotus
107014,108554,scotus
107014,107741,scotus
107014,108567,scotus
107014,112590,scotus
107014,108800,scotus
107014,107684,scotus
107014,6238238,scotus
107014,6244456,scotus
107014,112488,scotus
107014,6244457,scotus
107014,112489,scotus
107014,112678,scotus
107014,111625,scotus
107014,108329,scotus
107014,111613,scotus
107014,111864,scotus
107014,111865,scotus
107014,109309,scotus
107014,109310,scotus
107014,110032,scotus
107014,107610,scotus
107014,109893,scotus
107014,110087,scotus
107014,111928,scotus
107014,107817,scotus
107014,112330,scotus
107014,112146,scotus
107014,107486,scotus
107014,107439,scotus
107014,107481,scotus
107014,107369,scotus
107014,107540,scotus
107014,109008,scotus
107014,107394,scotus
107014,108182,scotus
107014,107413,scotus
107014,107322,scotus
107014,112165,scotus
107014,108506,scotus
107014,111822,scotus
107014,108974,scotus
107014,109024,scotus
107014,108187,scotus
107014,108531,scotus
107014,108189,scotus
107014,108220,scotus
107014,108538,scotus
107014,108221,scotus
107014,109097,scotus
107014,108110,scotus
107014,108111,scotus
107014,109133,scotus
107014,118300,scotus
107014,110324,scotus
107014,2959736,scotus
107014,108349,scotus
107014,111681,scotus
107014,109148,scotus
107014,108751,scotus
107014,107964,scotus
107014,107951,scotus
107014,107952,scotus
107014,149702,scotus
107014,219509,scotus
107014,145853,scotus
107014,798255,scotus
107014,145832,scotus
107014,9409093,scotus
107014,10049665,scotus
107014,107252,scotus
107014,107685,scotus
107014,107685,scotus
107014,107685,scotus
107014,107980,scotus
107014,108186,scotus
107014,107252,scotus
107014,107685,scotus
107014,107980,scotus
107014,108186,scotus
107014,7342459,scotus
107014,7342459,scotus
107014,7345720,scotus
107014,149702,scotus
107014,149702,scotus
107014,9053440,scotus
107014,219509,scotus
107014,145853,scotus
107014,2959736,scotus
107014,2959736,scotus
107014,798255,scotus
107014,134724,scotus
107014,111822,scotus
107014,111822,scotus
107014,111613,scotus
107014,111625,scotus
107014,111625,scotus
107014,111928,scotus
107014,111928,scotus
107014,111681,scotus
107014,112146,scotus
107014,112165,scotus
107014,111864,scotus
107014,111865,scotus
107014,112330,scotus
107014,112678,scotus
107014,112590,scotus
107014,118300,scotus
107014,112489,scotus
107084,4469603,scotus
107084,4876196,scotus
107084,4883693,scotus
107084,108860,scotus
107084,108898,scotus
107084,107995,scotus
107084,108406,scotus
107084,110811,scotus
107084,109196,scotus
107084,108794,scotus
107084,109181,scotus
107084,107921,scotus
107084,107736,scotus
107084,112477,scotus
107084,107741,scotus
107084,107745,scotus
107084,108800,scotus
107084,107715,scotus
107084,107729,scotus
107084,108585,scotus
107084,108304,scotus
107084,108309,scotus
107084,108297,scotus
107084,112634,scotus
107084,110662,scotus
107084,108301,scotus
107084,108302,scotus
107084,108303,scotus
107084,122265,scotus
107084,109970,scotus
107084,109302,scotus
107084,110059,scotus
107084,117841,scotus
107084,107636,scotus
107084,111741,scotus
107084,107817,scotus
107084,109699,scotus
107084,107484,scotus
107084,107488,scotus
107084,111262,scotus
107084,112847,scotus
107084,112184,scotus
107084,108480,scotus
107084,111785,scotus
107084,108519,scotus
107084,110959,scotus
107084,112206,scotus
107084,107342,scotus
107084,109027,scotus
107084,108490,scotus
107084,110213,scotus
107084,108122,scotus
107084,111112,scotus
107084,109084,scotus
107084,108138,scotus
107084,108139,scotus
107084,109063,scotus
107084,109539,scotus
107084,109624,scotus
107084,109540,scotus
107084,109121,scotus
107084,3171724,scotus
107084,3177217,scotus
107084,3177218,scotus
107084,4883739,scotus
107084,4883740,scotus
107084,4885592,scotus
107084,4885593,scotus
107084,110754,scotus
107084,108660,scotus
107084,112890,scotus
107084,110302,scotus
107084,111355,scotus
107084,107754,scotus
107084,107263,scotus
107084,107781,scotus
107084,107788,scotus
107084,108757,scotus
107084,107872,scotus
107084,107260,scotus
107084,107874,scotus
107084,107875,scotus
107084,110049,scotus
107084,107148,scotus
107084,107975,scotus
107084,107949,scotus
107084,218926,scotus
107084,145832,scotus
107084,107689,scotus
107084,107689,scotus
107084,7345713,scotus
107084,7345713,scotus
107084,9053440,scotus
107084,9053440,scotus
107084,218926,scotus
107084,218926,scotus
107084,110662,scotus
107084,111355,scotus
107084,111355,scotus
107084,111112,scotus
107084,110754,scotus
107084,110811,scotus
107084,110754,scotus
107084,110959,scotus
107084,111741,scotus
107084,111262,scotus
107084,111262,scotus
107084,112184,scotus
107084,112206,scotus
107084,112890,scotus
107084,112890,scotus
107084,112847,scotus
107084,112634,scotus
107110,108002,scotus
107110,108302,scotus
107110,107608,scotus
107110,107607,scotus
107110,108541,scotus
107110,109539,scotus
107110,107173,scotus
107110,107252,scotus
107110,107252,scotus
107110,107606,scotus
107110,107606,scotus
107110,136990,scotus
107110,110298,scotus
107110,111260,scotus
107110,112360,scotus
107110,112360,scotus
107123,108370,scotus
107123,110041,scotus
107123,109862,scotus
107123,107628,scotus
107123,107367,scotus
107123,109025,scotus
107123,111673,scotus
107123,109508,scotus
107123,109508,scotus
107123,109508,scotus
107123,111673,scotus
107123,111673,scotus
107201,108906,scotus
107201,108369,scotus
107201,108373,scotus
107201,110521,scotus
107201,107656,scotus
107201,107901,scotus
107201,110554,scotus
107201,109805,scotus
107201,110733,scotus
107201,118363,scotus
107201,109271,scotus
107201,110034,scotus
107201,111695,scotus
107201,110076,scotus
107201,112144,scotus
107201,112805,scotus
107201,108501,scotus
107201,108971,scotus
107201,108485,scotus
107201,108153,scotus
107201,111015,scotus
107201,108221,scotus
107201,118286,scotus
107201,110339,scotus
107201,108713,scotus
107201,110248,scotus
107201,109053,scotus
107201,109768,scotus
107201,107264,scotus
107201,108654,scotus
107201,118098,scotus
107201,109954,scotus
107201,108751,scotus
107201,118140,scotus
107201,127908,scotus
107201,117935,scotus
107201,107955,scotus
107201,108362,scotus
107201,108362,scotus
107201,127908,scotus
107201,110339,scotus
107201,110554,scotus
107201,110248,scotus
107201,110521,scotus
107201,110733,scotus
107201,110733,scotus
107201,112144,scotus
107201,112805,scotus
107201,112805,scotus
107201,111015,scotus
107201,112805,scotus
107201,118286,scotus
107201,118140,scotus
107201,111695,scotus
107210,149008,scotus
107210,108902,scotus
107210,110798,scotus
107210,112472,scotus
107210,108600,scotus
107210,108609,scotus
107210,108611,scotus
107210,107533,scotus
107210,108499,scotus
107210,109005,scotus
107210,110918,scotus
107210,109517,scotus
107210,109090,scotus
107210,109091,scotus
107210,109079,scotus
107210,110333,scotus
107210,107554,scotus
107210,108549,scotus
107210,108261,scotus
107210,108269,scotus
107210,118012,scotus
107210,107343,scotus
107210,107965,scotus
107210,107343,scotus
107210,107965,scotus
107210,149008,scotus
107210,110333,scotus
107210,110918,scotus
107217,110791,scotus
107217,108804,scotus
107217,108636,scotus
107217,110638,scotus
107217,110661,scotus
107217,112634,scotus
107217,112643,scotus
107217,111607,scotus
107217,112103,scotus
107217,111244,scotus
107217,111081,scotus
107217,110215,scotus
107217,111434,scotus
107217,111133,scotus
107217,111683,scotus
107217,112301,scotus
107217,109570,scotus
107217,109570,scotus
107217,109570,scotus
107217,112301,scotus
107217,112301,scotus
107217,112301,scotus
107217,9286992,scotus
107217,110638,scotus
107217,111244,scotus
107217,110661,scotus
107217,110791,scotus
107217,110791,scotus
107217,111607,scotus
107217,111133,scotus
107217,111683,scotus
107217,111683,scotus
107217,111683,scotus
107217,112103,scotus
107217,111434,scotus
107217,112643,scotus
107217,112634,scotus
107235,111490,scotus
107235,110757,scotus
107235,108857,scotus
107235,110765,scotus
107235,110509,scotus
107235,112398,scotus
107235,109207,scotus
107235,108798,scotus
107235,109443,scotus
107235,112607,scotus
107235,108322,scotus
107235,112736,scotus
107235,110689,scotus
107235,108611,scotus
107235,109836,scotus
107235,109837,scotus
107235,108334,scotus
107235,110059,scotus
107235,109661,scotus
107235,109876,scotus
107235,109921,scotus
107235,118437,scotus
107235,108515,scotus
107235,112169,scotus
107235,112203,scotus
107235,109080,scotus
107235,110917,scotus
107235,109088,scotus
107235,109090,scotus
107235,109091,scotus
107235,109079,scotus
107235,118335,scotus
107235,6454239,scotus
107235,802771,scotus
107235,109356,scotus
107235,118057,scotus
107235,109380,scotus
107235,110311,scotus
107235,111248,scotus
107235,111063,scotus
107235,118456,scotus
107235,130162,scotus
107235,117921,scotus
107235,109450,scotus
107235,108889,scotus
107235,109450,scotus
107235,802771,scotus
107235,130162,scotus
107235,118456,scotus
107235,110509,scotus
107235,110311,scotus
107235,111063,scotus
107235,111248,scotus
107235,110757,scotus
107235,110689,scotus
107235,110689,scotus
107235,111490,scotus
107235,110765,scotus
107235,110917,scotus
107235,112203,scotus
107235,112607,scotus
107235,112169,scotus
107235,118335,scotus
107256,134743,scotus
107256,134732,scotus
107256,931614,scotus
107256,110458,scotus
107256,110793,scotus
107256,108781,scotus
107256,107901,scotus
107256,108304,scotus
107256,108640,scotus
107256,109810,scotus
107256,118363,scotus
107256,110042,scotus
107256,118407,scotus
107256,107846,scotus
107256,108165,scotus
107256,112824,scotus
107256,108988,scotus
107256,112176,scotus
107256,109729,scotus
107256,109930,scotus
107256,108153,scotus
107256,108189,scotus
107256,110881,scotus
107256,109498,scotus
107256,108115,scotus
107256,109520,scotus
107256,108221,scotus
107256,110380,scotus
107256,118286,scotus
107256,118316,scotus
107256,109610,scotus
107256,118323,scotus
107256,110327,scotus
107256,110338,scotus
107256,110248,scotus
107256,109418,scotus
107256,109380,scotus
107256,112896,scotus
107256,108654,scotus
107256,108465,scotus
107256,131149,scotus
107256,108751,scotus
107256,118140,scotus
107256,127888,scotus
107256,117874,scotus
107256,127926,scotus
107256,117944,scotus
107256,149702,scotus
107256,145856,scotus
107256,108362,scotus
107256,117947,scotus
107256,108362,scotus
107256,109514,scotus
107256,117947,scotus
107256,149702,scotus
107256,931614,scotus
107256,145856,scotus
107256,7356240,scotus
107256,134732,scotus
107256,118323,scotus
107256,118407,scotus
107256,127926,scotus
107256,127926,scotus
107256,127926,scotus
107256,127926,scotus
107256,134743,scotus
107256,110338,scotus
107256,110338,scotus
107256,110458,scotus
107256,110248,scotus
107256,110248,scotus
107256,110248,scotus
107256,110380,scotus
107256,110881,scotus
107256,110793,scotus
107256,118316,scotus
107256,118286,scotus
107256,117874,scotus
107256,118140,scotus
107256,112176,scotus
107256,112176,scotus
107262,216733,scotus
107262,1087666,scotus
107262,111509,scotus
107262,110474,scotus
107262,108377,scotus
107262,112381,scotus
107262,108709,scotus
107262,108710,scotus
107262,108375,scotus
107262,110504,scotus
107262,110832,scotus
107262,112464,scotus
107262,108554,scotus
107262,109432,scotus
107262,108801,scotus
107262,112478,scotus
107262,108335,scotus
107262,110612,scotus
107262,109292,scotus
107262,137003,scotus
107262,109312,scotus
107262,111173,scotus
107262,112123,scotus
107262,118405,scotus
107262,110075,scotus
107262,111214,scotus
107262,109905,scotus
107262,107486,scotus
107262,107487,scotus
107262,107607,scotus
107262,108183,scotus
107262,112191,scotus
107262,108995,scotus
107262,107337,scotus
107262,112175,scotus
107262,110191,scotus
107262,110908,scotus
107262,111110,scotus
107262,109522,scotus
107262,111397,scotus
107262,112219,scotus
107262,109063,scotus
107262,109069,scotus
107262,111380,scotus
107262,109635,scotus
107262,6447544,scotus
107262,6448774,scotus
107262,3216497,scotus
107262,4633470,scotus
107262,873669,scotus
107262,108650,scotus
107262,111364,scotus
107262,112360,scotus
107262,136990,scotus
107262,107465,scotus
107262,118242,scotus
107262,145669,scotus
107262,145852,scotus
107262,858288,scotus
107262,108186,scotus
107262,107473,scotus
107262,108186,scotus
107262,9231242,scotus
107262,216733,scotus
107262,216733,scotus
107262,145852,scotus
107262,145669,scotus
107262,145669,scotus
107262,137003,scotus
107262,118405,scotus
107262,118405,scotus
107262,1087666,scotus
107262,110191,scotus
107262,110612,scotus
107262,110612,scotus
107262,110832,scotus
107262,110832,scotus
107262,111173,scotus
107262,111173,scotus
107262,111364,scotus
107262,111110,scotus
107262,111364,scotus
107262,110908,scotus
107262,111214,scotus
107262,111380,scotus
107262,111509,scotus
107262,111509,scotus
107262,111397,scotus
107262,110474,scotus
107262,112123,scotus
107262,112123,scotus
107262,112464,scotus
107262,112464,scotus
107262,112175,scotus
107262,112360,scotus
107262,112219,scotus
107262,112219,scotus
107262,112381,scotus
107344,109682,scotus
107344,110087,scotus
107344,109252,scotus
107344,1269289,scotus
107344,110381,scotus
107344,110790,scotus
107344,111193,scotus
107344,111128,scotus
107344,112052,scotus
107408,620566,scotus
107408,107710,scotus
107408,110855,scotus
107408,111017,scotus
107408,107689,scotus
107408,107689,scotus
107408,7350293,scotus
107408,620566,scotus
107408,110855,scotus
107408,111017,scotus
107408,111017,scotus
107425,2783506,scotus
107425,110780,scotus
107425,109900,scotus
107425,112167,scotus
107425,110229,scotus
107425,109630,scotus
107425,4509418,scotus
107425,1740,scotus
107425,110297,scotus
107425,112354,scotus
107425,112066,scotus
107425,110563,scotus
107425,112739,scotus
107425,110563,scotus
107425,112739,scotus
107425,112739,scotus
107425,2783506,scotus
107425,1740,scotus
107425,110229,scotus
107425,110229,scotus
107425,110780,scotus
107425,112167,scotus
107449,108364,scotus
107449,108697,scotus
107449,108027,scotus
107449,107647,scotus
107449,108825,scotus
107449,109798,scotus
107449,109255,scotus
107449,108076,scotus
107449,107919,scotus
107449,107919,scotus
107449,107919,scotus
107449,109514,scotus
107465,622304,scotus
107465,623242,scotus
107465,4883694,scotus
107465,108893,scotus
107465,108894,scotus
107465,134746,scotus
107465,112382,scotus
107465,108377,scotus
107465,110464,scotus
107465,108811,scotus
107465,107913,scotus
107465,109432,scotus
107465,109433,scotus
107465,108800,scotus
107465,107898,scotus
107465,107729,scotus
107465,112475,scotus
107465,108304,scotus
107465,110559,scotus
107465,108301,scotus
107465,110045,scotus
107465,137003,scotus
107465,111173,scotus
107465,118405,scotus
107465,110061,scotus
107465,109874,scotus
107465,107636,scotus
107465,110096,scotus
107465,109876,scotus
107465,111214,scotus
107465,109717,scotus
107465,107483,scotus
107465,107831,scotus
107465,109905,scotus
107465,107487,scotus
107465,111943,scotus
107465,109714,scotus
107465,112795,scotus
107465,112823,scotus
107465,108183,scotus
107465,111301,scotus
107465,108184,scotus
107465,111257,scotus
107465,108967,scotus
107465,108995,scotus
107465,110890,scotus
107465,108187,scotus
107465,110979,scotus
107465,110901,scotus
107465,110235,scotus
107465,109522,scotus
107465,111146,scotus
107465,109504,scotus
107465,109069,scotus
107465,109537,scotus
107465,109146,scotus
107465,109540,scotus
107465,2801435,scotus
107465,3189871,scotus
107465,2680439,scotus
107465,109755,scotus
107465,109352,scotus
107465,131161,scotus
107465,112448,scotus
107465,108650,scotus
107465,107874,scotus
107465,107875,scotus
107465,109953,scotus
107465,145669,scotus
107465,858288,scotus
107465,107979,scotus
107465,110325,scotus
107465,107564,scotus
107465,107564,scotus
107465,108186,scotus
107465,107564,scotus
107465,107979,scotus
107465,108186,scotus
107465,110325,scotus
107465,3189871,scotus
107465,7350871,scotus
107465,622304,scotus
107465,623242,scotus
107465,145669,scotus
107465,137003,scotus
107465,118405,scotus
107465,118405,scotus
107465,131161,scotus
107465,134746,scotus
107465,110235,scotus
107465,111301,scotus
107465,111173,scotus
107465,110464,scotus
107465,110890,scotus
107465,110901,scotus
107465,111214,scotus
107465,111257,scotus
107465,110559,scotus
107465,111146,scotus
107465,110979,scotus
107465,111943,scotus
107465,112448,scotus
107465,112382,scotus
107465,112823,scotus
107483,111481,scotus
107483,111509,scotus
107483,108920,scotus
107483,108377,scotus
107483,108379,scotus
107483,108696,scotus
107483,108375,scotus
107483,109432,scotus
107483,107739,scotus
107483,107729,scotus
107483,107730,scotus
107483,108581,scotus
107483,108304,scotus
107483,108596,scotus
107483,109860,scotus
107483,110061,scotus
107483,109876,scotus
107483,110127,scotus
107483,118427,scotus
107483,111262,scotus
107483,109729,scotus
107483,108966,scotus
107483,109020,scotus
107483,110959,scotus
107483,108187,scotus
107483,111835,scotus
107483,111143,scotus
107483,109522,scotus
107483,109584,scotus
107483,4512666,scotus
107483,109361,scotus
107483,110158,scotus
107483,109352,scotus
107483,107872,scotus
107483,107875,scotus
107483,107876,scotus
107483,110049,scotus
107483,109457,scotus
107483,4510032,scotus
107483,107564,scotus
107483,107564,scotus
107483,107564,scotus
107483,107564,scotus
107483,108186,scotus
107483,107564,scotus
107483,108186,scotus
107483,118427,scotus
107483,110158,scotus
107483,110158,scotus
107483,111481,scotus
107483,110959,scotus
107483,111143,scotus
107483,111262,scotus
107483,111835,scotus
107483,111835,scotus
107483,111509,scotus
107483,111262,scotus
107486,802401,scotus
107486,625832,scotus
107486,625833,scotus
107486,134725,scotus
107486,626055,scotus
107486,1087666,scotus
107486,111546,scotus
107486,110474,scotus
107486,112385,scotus
107486,108709,scotus
107486,108710,scotus
107486,108375,scotus
107486,145785,scotus
107486,108794,scotus
107486,109186,scotus
107486,109442,scotus
107486,112464,scotus
107486,107736,scotus
107486,108554,scotus
107486,109432,scotus
107486,107890,scotus
107486,108800,scotus
107486,108570,scotus
107486,108846,scotus
107486,108335,scotus
107486,108301,scotus
107486,108303,scotus
107486,111622,scotus
107486,108329,scotus
107486,111645,scotus
107486,112080,scotus
107486,111614,scotus
107486,109292,scotus
107486,111204,scotus
107486,112123,scotus
107486,112127,scotus
107486,111233,scotus
107486,107636,scotus
107486,107638,scotus
107486,111193,scotus
107486,109693,scotus
107486,111214,scotus
107486,112136,scotus
107486,109699,scotus
107486,111259,scotus
107486,110132,scotus
107486,107517,scotus
107486,108182,scotus
107486,112156,scotus
107486,111779,scotus
107486,111822,scotus
107486,108480,scotus
107486,112168,scotus
107486,112206,scotus
107486,108187,scotus
107486,108194,scotus
107486,110191,scotus
107486,110933,scotus
107486,110196,scotus
107486,111110,scotus
107486,111112,scotus
107486,109522,scotus
107486,109063,scotus
107486,111134,scotus
107486,110371,scotus
107486,110372,scotus
107486,110230,scotus
107486,109624,scotus
107486,2641855,scotus
107486,802772,scotus
107486,1723,scotus
107486,109757,scotus
107486,108148,scotus
107486,109352,scotus
107486,109764,scotus
107486,110300,scotus
107486,112890,scotus
107486,131158,scotus
107486,111353,scotus
107486,107875,scotus
107486,136990,scotus
107486,107952,scotus
107486,145873,scotus
107486,145880,scotus
107486,620671,scotus
107486,108186,scotus
107486,108186,scotus
107486,7350294,scotus
107486,7350294,scotus
107486,145873,scotus
107486,1723,scotus
107486,145785,scotus
107486,626055,scotus
107486,802772,scotus
107486,625833,scotus
107486,625833,scotus
107486,620671,scotus
107486,620671,scotus
107486,9231390,scotus
107486,145785,scotus
107486,145785,scotus
107486,136990,scotus
107486,1087666,scotus
107486,110191,scotus
107486,110300,scotus
107486,110300,scotus
107486,110371,scotus
107486,110371,scotus
107486,110230,scotus
107486,111353,scotus
107486,110933,scotus
107486,111110,scotus
107486,111112,scotus
107486,111193,scotus
107486,111193,scotus
107486,111822,scotus
107486,111204,scotus
107486,111204,scotus
107486,111204,scotus
107486,111779,scotus
107486,111546,scotus
107486,111214,scotus
107486,111134,scotus
107486,111622,scotus
107486,111214,scotus
107486,111259,scotus
107486,111233,scotus
107486,112080,scotus
107486,111645,scotus
107486,112156,scotus
107486,110474,scotus
107486,112206,scotus
107486,112206,scotus
107486,112123,scotus
107486,112123,scotus
107486,112127,scotus
107486,112464,scotus
107486,112168,scotus
107486,112464,scotus
107486,112807,scotus
107486,112136,scotus
107486,112890,scotus
107486,112385,scotus
107486,111614,scotus
107491,108902,scotus
107491,108722,scotus
107491,108711,scotus
107491,112425,scotus
107491,107732,scotus
107491,112643,scotus
107491,109287,scotus
107491,107615,scotus
107491,109725,scotus
107491,108495,scotus
107491,108478,scotus
107491,110880,scotus
107491,111008,scotus
107491,110927,scotus
107491,112044,scotus
107491,109413,scotus
107491,118104,scotus
107491,112051,scotus
107491,145701,scotus
107491,118149,scotus
107491,117947,scotus
107491,109716,scotus
107491,109716,scotus
107491,109716,scotus
107491,109716,scotus
107491,117947,scotus
107491,145701,scotus
107491,145701,scotus
107491,9075444,scotus
107491,9075445,scotus
107491,110927,scotus
107491,110880,scotus
107491,112051,scotus
107491,111008,scotus
107491,112643,scotus
107491,112425,scotus
107491,118104,scotus
107555,108897,scotus
107555,110744,scotus
107555,117779,scotus
107555,111912,scotus
107555,111958,scotus
107555,111988,scotus
107555,110438,scotus
107555,112787,scotus
107555,148798,scotus
107555,109580,scotus
107555,109580,scotus
107555,109580,scotus
107555,6796842,scotus
107555,6796842,scotus
107555,148798,scotus
107555,148798,scotus
107555,110744,scotus
107555,110744,scotus
107555,111988,scotus
107555,110438,scotus
107555,111958,scotus
107555,112787,scotus
107615,112425,scotus
107615,107683,scotus
107615,107732,scotus
107615,110747,scotus
107615,110215,scotus
107615,2679835,scotus
107615,112051,scotus
107615,145701,scotus
107615,118149,scotus
107615,111218,scotus
107615,111218,scotus
107615,111218,scotus
107615,109716,scotus
107615,109716,scotus
107615,8168053,scotus
107615,145701,scotus
107615,145701,scotus
107615,110747,scotus
107615,112051,scotus
107615,112425,scotus
107615,112425,scotus
107631,108765,scotus
107631,108772,scotus
107631,142877,scotus
107631,107689,scotus
107631,107679,scotus
107631,107689,scotus
107631,142877,scotus
107636,108793,scotus
107636,108554,scotus
107636,107745,scotus
107636,107890,scotus
107636,108846,scotus
107636,108639,scotus
107636,110667,scotus
107636,108329,scotus
107636,110731,scotus
107636,109860,scotus
107636,111180,scotus
107636,109683,scotus
107636,111928,scotus
107636,109693,scotus
107636,109694,scotus
107636,110119,scotus
107636,111717,scotus
107636,110132,scotus
107636,109935,scotus
107636,108182,scotus
107636,108970,scotus
107636,108189,scotus
107636,110371,scotus
107636,110382,scotus
107636,109624,scotus
107636,110326,scotus
107636,4512052,scotus
107636,4792659,scotus
107636,109757,scotus
107636,109764,scotus
107636,112771,scotus
107636,110317,scotus
107636,108760,scotus
107636,107872,scotus
107636,109953,scotus
107636,112360,scotus
107636,620671,scotus
107636,110325,scotus
107636,110325,scotus
107636,110325,scotus
107636,7350294,scotus
107636,7350294,scotus
107636,620671,scotus
107636,620671,scotus
107636,110371,scotus
107636,110382,scotus
107636,110382,scotus
107636,110731,scotus
107636,110667,scotus
107636,110667,scotus
107636,111180,scotus
107636,111717,scotus
107636,111928,scotus
107636,110317,scotus
107636,112771,scotus
107636,112360,scotus
107655,108017,scotus
107655,145782,scotus
107655,112426,scotus
107655,107886,scotus
107655,111858,scotus
107655,111859,scotus
107655,112086,scotus
107655,111915,scotus
107655,108983,scotus
107655,109041,scotus
107655,111412,scotus
107655,110990,scotus
107655,109538,scotus
107655,136991,scotus
107655,130139,scotus
107655,118173,scotus
107655,117852,scotus
107655,108154,scotus
107655,108154,scotus
107655,108154,scotus
107655,108154,scotus
107655,145782,scotus
107655,130139,scotus
107655,130139,scotus
107655,136991,scotus
107655,111859,scotus
107655,112426,scotus
107663,219734,scotus
107663,108878,scotus
107663,108855,scotus
107663,108937,scotus
107663,110794,scotus
107663,108688,scotus
107663,112417,scotus
107663,107978,scotus
107663,109214,scotus
107663,108839,scotus
107663,107709,scotus
107663,108841,scotus
107663,107678,scotus
107663,108800,scotus
107663,107898,scotus
107663,107900,scotus
107663,107730,scotus
107663,108838,scotus
107663,112481,scotus
107663,108636,scotus
107663,112489,scotus
107663,110676,scotus
107663,118369,scotus
107663,112309,scotus
107663,109291,scotus
107663,137005,scotus
107663,109865,scotus
107663,111877,scotus
107663,112319,scotus
107663,112142,scotus
107663,109670,scotus
107663,107841,scotus
107663,109679,scotus
107663,110145,scotus
107663,118496,scotus
107663,109939,scotus
107663,112195,scotus
107663,118503,scotus
107663,108530,scotus
107663,110992,scotus
107663,109084,scotus
107663,108136,scotus
107663,109505,scotus
107663,111985,scotus
107663,112240,scotus
107663,109529,scotus
107663,110432,scotus
107663,110434,scotus
107663,109642,scotus
107663,2804674,scotus
107663,4632237,scotus
107663,109751,scotus
107663,112774,scotus
107663,108047,scotus
107663,110309,scotus
107663,118061,scotus
107663,111754,scotus
107663,118147,scotus
107663,118176,scotus
107663,145882,scotus
107663,9409607,scotus
107663,107689,scotus
107663,107980,scotus
107663,107689,scotus
107663,107980,scotus
107663,4632237,scotus
107663,2804674,scotus
107663,145882,scotus
107663,118496,scotus
107663,137005,scotus
107663,137005,scotus
107663,219734,scotus
107663,219734,scotus
107663,219734,scotus
107663,118369,scotus
107663,118369,scotus
107663,118503,scotus
107663,110309,scotus
107663,110794,scotus
107663,110794,scotus
107663,110676,scotus
107663,110432,scotus
107663,110432,scotus
107663,110434,scotus
107663,110992,scotus
107663,112142,scotus
107663,112142,scotus
107663,112195,scotus
107663,111985,scotus
107663,112309,scotus
107663,112417,scotus
107663,112240,scotus
107663,111754,scotus
107663,111754,scotus
107663,112319,scotus
107663,112319,scotus
107663,118147,scotus
107663,118147,scotus
107663,112774,scotus
107663,118176,scotus
107663,112489,scotus
107679,145795,scotus
107679,107978,scotus
107679,108765,scotus
107679,108772,scotus
107679,109191,scotus
107679,107730,scotus
107679,108290,scotus
107679,112262,scotus
107679,136999,scotus
107679,111726,scotus
107679,110878,scotus
107679,108193,scotus
107679,110187,scotus
107679,112044,scotus
107679,111552,scotus
107679,107759,scotus
107679,108548,scotus
107679,109413,scotus
107679,107877,scotus
107679,117942,scotus
107679,142877,scotus
107679,118133,scotus
107679,118133,scotus
107679,107980,scotus
107679,108730,scotus
107679,108730,scotus
107679,108730,scotus
107679,107980,scotus
107679,108730,scotus
107679,10373795,scotus
107679,136999,scotus
107679,142877,scotus
107679,9075444,scotus
107679,9075445,scotus
107679,110187,scotus
107679,110878,scotus
107679,111552,scotus
107679,111726,scotus
107685,134743,scotus
107685,4883693,scotus
107685,108860,scotus
107685,112386,scotus
107685,107995,scotus
107685,108378,scotus
107685,108684,scotus
107685,108429,scotus
107685,108026,scotus
107685,108416,scotus
107685,108794,scotus
107685,109181,scotus
107685,112553,scotus
107685,107901,scotus
107685,108790,scotus
107685,107890,scotus
107685,112570,scotus
107685,108567,scotus
107685,108843,scotus
107685,107939,scotus
107685,108569,scotus
107685,108589,scotus
107685,108605,scotus
107685,112659,scotus
107685,108281,scotus
107685,108301,scotus
107685,112485,scotus
107685,108303,scotus
107685,109814,scotus
107685,112720,scotus
107685,109265,scotus
107685,108329,scotus
107685,118381,scotus
107685,112298,scotus
107685,109965,scotus
107685,109310,scotus
107685,109313,scotus
107685,136995,scotus
107685,110032,scotus
107685,136996,scotus
107685,111869,scotus
107685,109893,scotus
107685,109670,scotus
107685,111250,scotus
107685,118397,scotus
107685,111735,scotus
107685,108496,scotus
107685,108185,scotus
107685,112808,scotus
107685,110140,scotus
107685,109946,scotus
107685,111303,scotus
107685,111286,scotus
107685,112206,scotus
107685,108187,scotus
107685,108531,scotus
107685,108189,scotus
107685,111328,scotus
107685,108538,scotus
107685,108539,scotus
107685,112215,scotus
107685,111951,scotus
107685,110175,scotus
107685,108221,scotus
107685,109525,scotus
107685,109526,scotus
107685,111415,scotus
107685,109096,scotus
107685,110246,scotus
107685,108111,scotus
107685,118274,scotus
107685,109133,scotus
107685,118298,scotus
107685,110339,scotus
107685,2812209,scotus
107685,4746633,scotus
107685,3211607,scotus
107685,802770,scotus
107685,4883739,scotus
107685,4883740,scotus
107685,4374572,scotus
107685,4885592,scotus
107685,4885593,scotus
107685,110249,scotus
107685,112764,scotus
107685,108148,scotus
107685,112753,scotus
107685,112868,scotus
107685,112786,scotus
107685,108662,scotus
107685,111662,scotus
107685,110302,scotus
107685,109394,scotus
107685,111665,scotus
107685,107754,scotus
107685,111558,scotus
107685,111759,scotus
107685,118053,scotus
107685,107788,scotus
107685,111067,scotus
107685,109414,scotus
107685,111750,scotus
107685,109148,scotus
107685,109964,scotus
107685,107875,scotus
107685,112924,scotus
107685,109157,scotus
107685,112358,scotus
107685,108751,scotus
107685,110057,scotus
107685,121164,scotus
107685,121165,scotus
107685,118188,scotus
107685,107951,scotus
107685,149702,scotus
107685,903985,scotus
107685,8509973,scotus
107685,9954582,scotus
107685,9986257,scotus
107685,111555,scotus
107685,107980,scotus
107685,107980,scotus
107685,112471,scotus
107685,108186,scotus
107685,108186,scotus
107685,108186,scotus
107685,108186,scotus
107685,117958,scotus
107685,109881,scotus
107685,107685,scotus
107685,107980,scotus
107685,108186,scotus
107685,109881,scotus
107685,111555,scotus
107685,112471,scotus
107685,117958,scotus
107685,4374572,scotus
107685,9231323,scotus
107685,3211607,scotus
107685,149702,scotus
107685,149702,scotus
107685,149702,scotus
107685,149702,scotus
107685,802770,scotus
107685,903985,scotus
107685,136995,scotus
107685,136996,scotus
107685,121164,scotus
107685,121165,scotus
107685,136996,scotus
107685,118381,scotus
107685,118381,scotus
107685,134743,scotus
107685,9045565,scotus
107685,110175,scotus
107685,110339,scotus
107685,110246,scotus
107685,9286420,scotus
107685,110249,scotus
107685,111250,scotus
107685,111250,scotus
107685,111303,scotus
107685,111415,scotus
107685,111328,scotus
107685,111662,scotus
107685,111662,scotus
107685,111665,scotus
107685,111735,scotus
107685,111558,scotus
107685,111750,scotus
107685,112206,scotus
107685,112659,scotus
107685,112868,scotus
107685,112298,scotus
107685,112553,scotus
107685,111951,scotus
107685,111759,scotus
107685,112753,scotus
107685,112358,scotus
107685,118274,scotus
107685,112764,scotus
107685,112808,scotus
107685,117899,scotus
107685,118053,scotus
107685,118053,scotus
107685,118188,scotus
107685,112570,scotus
107685,112386,scotus
107685,112786,scotus
107685,118298,scotus
107685,118298,scotus
107686,108860,scotus
107686,107995,scotus
107686,108378,scotus
107686,108368,scotus
107686,108794,scotus
107686,107939,scotus
107686,108303,scotus
107686,108611,scotus
107686,109300,scotus
107686,111893,scotus
107686,110075,scotus
107686,108187,scotus
107686,108538,scotus
107686,108232,scotus
107686,109095,scotus
107686,109096,scotus
107686,112045,scotus
107686,109248,scotus
107686,111662,scotus
107686,107754,scotus
107686,118053,scotus
107686,107788,scotus
107686,107875,scotus
107686,117872,scotus
107686,146981,scotus
107686,108186,scotus
107686,112906,scotus
107686,117958,scotus
107686,108186,scotus
107686,117958,scotus
107686,6796081,scotus
107686,146981,scotus
107686,9135777,scotus
107686,9135777,scotus
107686,9135777,scotus
107686,9135776,scotus
107686,9135777,scotus
107686,9135776,scotus
107686,9135776,scotus
107686,9135776,scotus
107686,111662,scotus
107686,112045,scotus
107686,118053,scotus
107686,117872,scotus
107686,117872,scotus
107692,108798,scotus
107692,112684,scotus
107692,108591,scotus
107692,108592,scotus
107692,108597,scotus
107692,108598,scotus
107692,109861,scotus
107692,109862,scotus
107692,112304,scotus
107692,110245,scotus
107692,108093,scotus
107692,109119,scotus
107692,4630087,scotus
107692,110292,scotus
107692,110309,scotus
107692,107965,scotus
107692,109390,scotus
107692,109390,scotus
107692,109390,scotus
107692,109390,scotus
107692,107965,scotus
107692,109390,scotus
107692,110292,scotus
107692,110292,scotus
107692,110245,scotus
107692,110309,scotus
107692,112304,scotus
107705,107993,scotus
107705,108019,scotus
107705,108369,scotus
107705,108024,scotus
107705,108844,scotus
107705,107731,scotus
107705,108587,scotus
107705,108316,scotus
107705,108317,scotus
107705,108318,scotus
107705,108319,scotus
107705,112718,scotus
107705,112520,scotus
107705,107827,scotus
107705,111746,scotus
107705,109723,scotus
107705,110142,scotus
107705,112176,scotus
107705,109930,scotus
107705,110141,scotus
107705,111827,scotus
107705,109027,scotus
107705,109519,scotus
107705,110176,scotus
107705,109068,scotus
107705,109102,scotus
107705,110338,scotus
107705,145702,scotus
107705,108057,scotus
107705,108058,scotus
107705,111669,scotus
107705,112782,scotus
107705,107783,scotus
107705,108851,scotus
107705,108453,scotus
107705,117944,scotus
107705,107950,scotus
107705,9410338,scotus
107705,10049657,scotus
107705,111940,scotus
107705,107748,scotus
107705,117947,scotus
107705,109881,scotus
107705,109881,scotus
107705,107748,scotus
107705,109881,scotus
107705,111940,scotus
107705,117947,scotus
107705,145702,scotus
107705,145702,scotus
107705,145702,scotus
107705,145702,scotus
107705,110176,scotus
107705,110338,scotus
107705,111669,scotus
107705,111669,scotus
107705,111746,scotus
107705,111746,scotus
107705,112520,scotus
107705,112520,scotus
107705,112782,scotus
107705,112782,scotus
107705,112782,scotus
107705,112782,scotus
107705,112176,scotus
107705,111827,scotus
107705,111827,scotus
107729,623144,scotus
107729,217703,scotus
107729,216733,scotus
107729,820749,scotus
107729,2654534,scotus
107729,4867542,scotus
107729,4874693,scotus
107729,4894054,scotus
107729,111509,scotus
107729,108893,scotus
107729,108894,scotus
107729,108898,scotus
107729,112384,scotus
107729,108377,scotus
107729,108004,scotus
107729,108714,scotus
107729,112392,scotus
107729,110534,scotus
107729,108709,scotus
107729,110498,scotus
107729,110501,scotus
107729,108710,scotus
107729,108375,scotus
107729,109186,scotus
107729,107912,scotus
107729,112579,scotus
107729,108800,scotus
107729,108801,scotus
107729,108571,scotus
107729,112475,scotus
107729,108845,scotus
107729,108581,scotus
107729,108304,scotus
107729,112631,scotus
107729,108297,scotus
107729,110558,scotus
107729,112257,scotus
107729,110559,scotus
107729,108301,scotus
107729,111600,scotus
107729,109817,scotus
107729,110607,scotus
107729,109304,scotus
107729,109860,scotus
107729,110045,scotus
107729,109311,scotus
107729,111198,scotus
107729,109312,scotus
107729,112095,scotus
107729,109866,scotus
107729,111204,scotus
107729,118405,scotus
107729,110075,scotus
107729,109686,scotus
107729,110096,scotus
107729,118391,scotus
107729,110118,scotus
107729,109905,scotus
107729,109675,scotus
107729,110127,scotus
107729,110128,scotus
107729,111259,scotus
107729,110132,scotus
107729,109714,scotus
107729,111252,scotus
107729,110143,scotus
107729,111249,scotus
107729,111301,scotus
107729,110867,scotus
107729,111262,scotus
107729,108184,scotus
107729,118449,scotus
107729,109729,scotus
107729,109017,scotus
107729,108995,scotus
107729,110890,scotus
107729,111280,scotus
107729,111282,scotus
107729,110973,scotus
107729,110959,scotus
107729,111294,scotus
107729,111834,scotus
107729,110979,scotus
107729,110901,scotus
107729,109031,scotus
107729,111143,scotus
107729,109522,scotus
107729,111397,scotus
107729,111013,scotus
107729,112219,scotus
107729,109063,scotus
107729,108223,scotus
107729,111378,scotus
107729,110926,scotus
107729,111380,scotus
107729,112239,scotus
107729,111382,scotus
107729,108099,scotus
107729,109537,scotus
107729,110377,scotus
107729,111020,scotus
107729,111022,scotus
107729,109539,scotus
107729,118277,scotus
107729,109540,scotus
107729,109541,scotus
107729,109592,scotus
107729,109635,scotus
107729,118326,scotus
107729,110326,scotus
107729,110336,scotus
107729,118352,scotus
107729,118354,scotus
107729,110339,scotus
107729,2760668,scotus
107729,2795278,scotus
107729,2620702,scotus
107729,3214882,scotus
107729,2641101,scotus
107729,2670795,scotus
107729,4512666,scotus
107729,108713,scotus
107729,4742386,scotus
107729,4894406,scotus
107729,4894407,scotus
107729,873669,scotus
107729,2157,scotus
107729,1734,scotus
107729,1736,scotus
107729,111851,scotus
107729,109751,scotus
107729,110264,scotus
107729,110158,scotus
107729,109352,scotus
107729,112459,scotus
107729,112873,scotus
107729,109402,scotus
107729,108650,scotus
107729,111148,scotus
107729,112454,scotus
107729,118086,scotus
107729,118066,scotus
107729,112350,scotus
107729,107872,scotus
107729,109156,scotus
107729,118103,scotus
107729,112924,scotus
107729,109953,scotus
107729,136990,scotus
107729,118468,scotus
107729,118250,scotus
107729,118474,scotus
107729,137742,scotus
107729,121153,scotus
107729,117859,scotus
107729,118030,scotus
107729,117905,scotus
107729,127919,scotus
107729,127896,scotus
107729,145646,scotus
107729,145640,scotus
107729,182990,scotus
107729,218925,scotus
107729,145912,scotus
107729,145922,scotus
107729,145887,scotus
107729,4510032,scotus
107729,145712,scotus
107729,145852,scotus
107729,858288,scotus
107729,107979,scotus
107729,107979,scotus
107729,107979,scotus
107729,9231313,scotus
107729,9231313,scotus
107729,8176208,scotus
107729,2654534,scotus
107729,2760668,scotus
107729,2795278,scotus
107729,2795278,scotus
107729,7341398,scotus
107729,7344719,scotus
107729,7344719,scotus
107729,7345714,scotus
107729,1734,scotus
107729,1736,scotus
107729,182990,scotus
107729,217703,scotus
107729,217703,scotus
107729,216733,scotus
107729,623144,scotus
107729,820749,scotus
107729,820749,scotus
107729,145852,scotus
107729,145922,scotus
107729,145887,scotus
107729,9189388,scotus
107729,9189387,scotus
107729,137742,scotus
107729,137742,scotus
107729,118326,scotus
107729,118326,scotus
107729,218925,scotus
107729,118391,scotus
107729,118405,scotus
107729,118405,scotus
107729,118474,scotus
107729,118449,scotus
107729,136990,scotus
107729,136990,scotus
107729,136990,scotus
107729,121153,scotus
107729,2620702,scotus
107729,2620702,scotus
107729,9136098,scotus
107729,9136097,scotus
107729,110158,scotus
107729,110158,scotus
107729,110158,scotus
107729,110336,scotus
107729,110336,scotus
107729,110498,scotus
107729,110501,scotus
107729,110339,scotus
107729,110607,scotus
107729,110377,scotus
107729,110534,scotus
107729,110534,scotus
107729,110867,scotus
107729,110264,scotus
107729,110264,scotus
107729,110264,scotus
107729,110926,scotus
107729,110926,scotus
107729,111294,scotus
107729,111294,scotus
107729,111301,scotus
107729,111301,scotus
107729,111301,scotus
107729,111301,scotus
107729,111249,scotus
107729,110890,scotus
107729,110558,scotus
107729,110559,scotus
107729,110890,scotus
107729,110890,scotus
107729,111198,scotus
107729,111252,scotus
107729,110901,scotus
107729,111204,scotus
107729,110959,scotus
107729,111378,scotus
107729,111378,scotus
107729,111378,scotus
107729,111380,scotus
107729,111143,scotus
107729,110559,scotus
107729,110973,scotus
107729,110979,scotus
107729,111148,scotus
107729,111148,scotus
107729,111382,scotus
107729,111382,scotus
107729,111259,scotus
107729,111259,scotus
107729,111262,scotus
107729,111834,scotus
107729,111509,scotus
107729,111509,scotus
107729,111397,scotus
107729,110979,scotus
107729,110979,scotus
107729,111600,scotus
107729,111600,scotus
107729,112257,scotus
107729,111280,scotus
107729,111851,scotus
107729,111397,scotus
107729,112350,scotus
107729,111013,scotus
107729,111013,scotus
107729,112095,scotus
107729,112239,scotus
107729,112239,scotus
107729,112873,scotus
107729,118086,scotus
107729,118086,scotus
107729,112873,scotus
107729,112219,scotus
107729,112219,scotus
107729,118277,scotus
107729,118277,scotus
107729,145646,scotus
107729,117859,scotus
107729,117905,scotus
107729,112384,scotus
107729,112384,scotus
107729,112392,scotus
107729,111022,scotus
107729,112454,scotus
107729,112459,scotus
107729,112579,scotus
107729,112579,scotus
107729,111020,scotus
107729,111020,scotus
107729,112631,scotus
107729,112631,scotus
107730,219731,scotus
107730,4460853,scotus
107730,4460854,scotus
107730,219097,scotus
107730,111492,scotus
107730,108878,scotus
107730,108893,scotus
107730,108894,scotus
107730,134746,scotus
107730,108377,scotus
107730,108004,scotus
107730,112389,scotus
107730,110824,scotus
107730,112392,scotus
107730,107978,scotus
107730,109196,scotus
107730,109221,scotus
107730,108801,scotus
107730,107900,scotus
107730,108571,scotus
107730,110660,scotus
107730,110559,scotus
107730,110670,scotus
107730,110014,scotus
107730,109859,scotus
107730,110096,scotus
107730,110127,scotus
107730,109012,scotus
107730,111301,scotus
107730,111262,scotus
107730,111302,scotus
107730,108475,scotus
107730,110890,scotus
107730,109007,scotus
107730,110973,scotus
107730,110959,scotus
107730,111298,scotus
107730,111835,scotus
107730,111384,scotus
107730,111378,scotus
107730,110926,scotus
107730,111982,scotus
107730,110228,scotus
107730,110230,scotus
107730,111020,scotus
107730,110231,scotus
107730,118277,scotus
107730,118324,scotus
107730,2810524,scotus
107730,4460811,scotus
107730,2811846,scotus
107730,109751,scotus
107730,110264,scotus
107730,110158,scotus
107730,112873,scotus
107730,118086,scotus
107730,131150,scotus
107730,118250,scotus
107730,118176,scotus
107730,107969,scotus
107730,118012,scotus
107730,118013,scotus
107730,2620876,scotus
107730,107979,scotus
107730,107979,scotus
107730,107980,scotus
107730,107980,scotus
107730,107979,scotus
107730,107980,scotus
107730,7345716,scotus
107730,7345723,scotus
107730,219097,scotus
107730,134746,scotus
107730,110158,scotus
107730,110824,scotus
107730,110228,scotus
107730,110230,scotus
107730,110231,scotus
107730,110264,scotus
107730,110264,scotus
107730,110926,scotus
107730,111298,scotus
107730,111301,scotus
107730,110660,scotus
107730,111302,scotus
107730,110890,scotus
107730,110890,scotus
107730,110670,scotus
107730,110670,scotus
107730,110959,scotus
107730,111378,scotus
107730,110559,scotus
107730,111982,scotus
107730,110973,scotus
107730,111384,scotus
107730,111262,scotus
107730,111835,scotus
107730,111492,scotus
107730,111835,scotus
107730,118086,scotus
107730,112873,scotus
107730,118277,scotus
107730,118277,scotus
107730,112392,scotus
107730,118176,scotus
107730,118176,scotus
107730,111020,scotus
107730,111020,scotus
107732,111470,scotus
107732,111513,scotus
107732,110821,scotus
107732,110484,scotus
107732,107895,scotus
107732,107938,scotus
107732,109823,scotus
107732,108279,scotus
107732,110708,scotus
107732,109287,scotus
107732,112098,scotus
107732,109680,scotus
107732,110101,scotus
107732,110856,scotus
107732,111777,scotus
107732,110887,scotus
107732,108479,scotus
107732,109076,scotus
107732,109586,scotus
107732,109604,scotus
107732,110752,scotus
107732,109763,scotus
107732,110053,scotus
107732,117894,scotus
107732,111218,scotus
107732,111218,scotus
107732,111218,scotus
107732,110708,scotus
107732,110821,scotus
107732,110856,scotus
107732,110752,scotus
107732,111777,scotus
107732,112098,scotus
107732,111513,scotus
107732,111513,scotus
107734,110516,scotus
107734,108763,scotus
107734,109178,scotus
107734,107901,scotus
107734,108326,scotus
107734,112643,scotus
107734,109259,scotus
107734,118363,scotus
107734,110718,scotus
107734,111932,scotus
107734,110881,scotus
107734,109118,scotus
107734,118318,scotus
107734,799995,scotus
107734,809122,scotus
107734,112768,scotus
107734,112853,scotus
107734,130143,scotus
107734,117927,scotus
107734,146552,scotus
107734,803267,scotus
107734,145706,scotus
107734,9406660,scotus
107734,10049675,scotus
107734,109499,scotus
107734,109499,scotus
107734,111308,scotus
107734,111308,scotus
107734,111308,scotus
107734,109499,scotus
107734,809122,scotus
107734,146552,scotus
107734,799995,scotus
107734,799995,scotus
107734,799995,scotus
107734,110516,scotus
107734,110718,scotus
107734,110420,scotus
107734,110881,scotus
107734,111932,scotus
107734,112768,scotus
107734,112643,scotus
107734,118318,scotus
107737,4764770,scotus
107737,111464,scotus
107737,111488,scotus
107737,111505,scotus
107737,111506,scotus
107737,108862,scotus
107737,108863,scotus
107737,108380,scotus
107737,108381,scotus
107737,108369,scotus
107737,108839,scotus
107737,110697,scotus
107737,108285,scotus
107737,110587,scotus
107737,111617,scotus
107737,112271,scotus
107737,111924,scotus
107737,109722,scotus
107737,112138,scotus
107737,112331,scotus
107737,108165,scotus
107737,112194,scotus
107737,110189,scotus
107737,109496,scotus
107737,108135,scotus
107737,111014,scotus
107737,111113,scotus
107737,111003,scotus
107737,110355,scotus
107737,110400,scotus
107737,110333,scotus
107737,799993,scotus
107737,2681317,scotus
107737,109251,scotus
107737,109418,scotus
107737,111561,scotus
107737,112887,scotus
107737,108757,scotus
107737,108851,scotus
107737,108852,scotus
107737,118146,scotus
107737,121168,scotus
107737,117967,scotus
107737,118133,scotus
107737,118386,scotus
107737,118133,scotus
107737,118386,scotus
107737,118386,scotus
107737,118386,scotus
107737,9231239,scotus
107737,4764770,scotus
107737,121168,scotus
107737,799993,scotus
107737,110333,scotus
107737,110400,scotus
107737,110189,scotus
107737,110189,scotus
107737,110355,scotus
107737,110355,scotus
107737,111113,scotus
107737,111488,scotus
107737,111505,scotus
107737,111506,scotus
107737,111506,scotus
107737,111924,scotus
107737,111617,scotus
107737,112138,scotus
107737,112194,scotus
107737,111561,scotus
107737,111003,scotus
107737,111003,scotus
107737,110697,scotus
107737,111464,scotus
107737,111464,scotus
107737,111464,scotus
107737,111464,scotus
107737,111944,scotus
107737,112271,scotus
107737,110587,scotus
107737,111014,scotus
107737,117967,scotus
107737,117967,scotus
107737,112138,scotus
107737,112331,scotus
107737,112887,scotus
107743,108883,scotus
107743,110458,scotus
107743,110547,scotus
107743,108373,scotus
107743,108418,scotus
107743,108772,scotus
107743,108775,scotus
107743,107901,scotus
107743,109215,scotus
107743,1999571,scotus
107743,108324,scotus
107743,110581,scotus
107743,109266,scotus
107743,110033,scotus
107743,110021,scotus
107743,110076,scotus
107743,109882,scotus
107743,111939,scotus
107743,110077,scotus
107743,109707,scotus
107743,110130,scotus
107743,110134,scotus
107743,108493,scotus
107743,108987,scotus
107743,109010,scotus
107743,108989,scotus
107743,108498,scotus
107743,111297,scotus
107743,108113,scotus
107743,108115,scotus
107743,108118,scotus
107743,111952,scotus
107743,108223,scotus
107743,108100,scotus
107743,110333,scotus
107743,109250,scotus
107743,110753,scotus
107743,110322,scotus
107743,111360,scotus
107743,108548,scotus
107743,108550,scotus
107743,108849,scotus
107743,127885,scotus
107743,117912,scotus
107743,127921,scotus
107743,108114,scotus
107743,108990,scotus
107743,108990,scotus
107743,108990,scotus
107743,108114,scotus
107743,108990,scotus
107743,127921,scotus
107743,110333,scotus
107743,110458,scotus
107743,110547,scotus
107743,111297,scotus
107743,110753,scotus
107743,110322,scotus
107743,110581,scotus
107743,111939,scotus
107743,111952,scotus
107748,145805,scotus
107748,134743,scotus
107748,111495,scotus
107748,110782,scotus
107748,110461,scotus
107748,108017,scotus
107748,145782,scotus
107748,108369,scotus
107748,108727,scotus
107748,108734,scotus
107748,108781,scotus
107748,112696,scotus
107748,110654,scotus
107748,112254,scotus
107748,110701,scotus
107748,110707,scotus
107748,109254,scotus
107748,112296,scotus
107748,109861,scotus
107748,112313,scotus
107748,111926,scotus
107748,111237,scotus
107748,111883,scotus
107748,110076,scotus
107748,109857,scotus
107748,112144,scotus
107748,107825,scotus
107748,110077,scotus
107748,110103,scotus
107748,110112,scotus
107748,112805,scotus
107748,108493,scotus
107748,110885,scotus
107748,109004,scotus
107748,109930,scotus
107748,108153,scotus
107748,110881,scotus
107748,108221,scotus
107748,112044,scotus
107748,109509,scotus
107748,109513,scotus
107748,110338,scotus
107748,4594418,scotus
107748,4738312,scotus
107748,108654,scotus
107748,108851,scotus
107748,110056,scotus
107748,109455,scotus
107748,117944,scotus
107748,142881,scotus
107748,145806,scotus
107748,4639918,scotus
107748,9410338,scotus
107748,9410787,scotus
107748,10049656,scotus
107748,10049657,scotus
107748,108362,scotus
107748,107748,scotus
107748,108362,scotus
107748,4594418,scotus
107748,145782,scotus
107748,142881,scotus
107748,134743,scotus
107748,9075445,scotus
107748,9075444,scotus
107748,110338,scotus
107748,110461,scotus
107748,110461,scotus
107748,110461,scotus
107748,110707,scotus
107748,110654,scotus
107748,110782,scotus
107748,110782,scotus
107748,110782,scotus
107748,111237,scotus
107748,110881,scotus
107748,110885,scotus
107748,111926,scotus
107748,111495,scotus
107748,112144,scotus
107748,110701,scotus
107748,112296,scotus
107748,112296,scotus
107748,112805,scotus
107748,112313,scotus
107748,112313,scotus
107824,111515,scotus
107824,108877,scotus
107824,108420,scotus
107824,108809,scotus
107824,108590,scotus
107824,110686,scotus
107824,109331,scotus
107824,109867,scotus
107824,112819,scotus
107824,108235,scotus
107824,109560,scotus
107824,3205025,scotus
107824,108148,scotus
107824,112780,scotus
107824,107873,scotus
107824,108730,scotus
107824,108730,scotus
107824,108730,scotus
107824,8176191,scotus
107824,110686,scotus
107824,111515,scotus
107824,111515,scotus
107824,112780,scotus
107824,112780,scotus
107824,112819,scotus
107872,622304,scotus
107872,1087826,scotus
107872,108858,scotus
107872,108898,scotus
107872,107987,scotus
107872,110794,scotus
107872,108689,scotus
107872,108700,scotus
107872,108710,scotus
107872,109433,scotus
107872,108832,scotus
107872,108581,scotus
107872,108589,scotus
107872,110561,scotus
107872,108304,scotus
107872,108313,scotus
107872,108596,scotus
107872,108610,scotus
107872,109816,scotus
107872,111629,scotus
107872,109302,scotus
107872,109860,scotus
107872,109876,scotus
107872,111301,scotus
107872,111262,scotus
107872,111257,scotus
107872,110959,scotus
107872,109033,scotus
107872,109491,scotus
107872,111146,scotus
107872,111013,scotus
107872,111375,scotus
107872,109539,scotus
107872,109624,scotus
107872,109540,scotus
107872,2675750,scotus
107872,3217332,scotus
107872,3217528,scotus
107872,3217529,scotus
107872,110289,scotus
107872,112856,scotus
107872,110317,scotus
107872,108760,scotus
107872,111364,scotus
107872,108255,scotus
107872,108749,scotus
107872,108850,scotus
107872,109953,scotus
107872,118235,scotus
107872,107977,scotus
107872,117923,scotus
107872,110325,scotus
107872,110325,scotus
107872,3217332,scotus
107872,7350871,scotus
107872,7350871,scotus
107872,622304,scotus
107872,622304,scotus
107872,111301,scotus
107872,110794,scotus
107872,111364,scotus
107872,110959,scotus
107872,111375,scotus
107872,111257,scotus
107872,111257,scotus
107872,110561,scotus
107872,111146,scotus
107872,111629,scotus
107872,111262,scotus
107872,111262,scotus
107872,110317,scotus
107872,111013,scotus
107886,111497,scotus
107886,108012,scotus
107886,112558,scotus
107886,108346,scotus
107886,111621,scotus
107886,112306,scotus
107886,110041,scotus
107886,112073,scotus
107886,112140,scotus
107886,111874,scotus
107886,112341,scotus
107886,111251,scotus
107886,108160,scotus
107886,112211,scotus
107886,108222,scotus
107886,109616,scotus
107886,108052,scotus
107886,1753,scotus
107886,117857,scotus
107886,109508,scotus
107886,109508,scotus
107886,109508,scotus
107886,111251,scotus
107886,111621,scotus
107886,112140,scotus
107886,111497,scotus
107886,112306,scotus
107886,112211,scotus
107886,112211,scotus
107886,112211,scotus
107886,112341,scotus
107886,112073,scotus
107901,134743,scotus
107901,111484,scotus
107901,111507,scotus
107901,108856,scotus
107901,108927,scotus
107901,108859,scotus
107901,108714,scotus
107901,108369,scotus
107901,108400,scotus
107901,108403,scotus
107901,108747,scotus
107901,108410,scotus
107901,108373,scotus
107901,110521,scotus
107901,108412,scotus
107901,108418,scotus
107901,108734,scotus
107901,108422,scotus
107901,108739,scotus
107901,108793,scotus
107901,108781,scotus
107901,108810,scotus
107901,108800,scotus
107901,112472,scotus
107901,112481,scotus
107901,108636,scotus
107901,108322,scotus
107901,108606,scotus
107901,108341,scotus
107901,108608,scotus
107901,108609,scotus
107901,109805,scotus
107901,112643,scotus
107901,110733,scotus
107901,110734,scotus
107901,110742,scotus
107901,108329,scotus
107901,109271,scotus
107901,110034,scotus
107901,109291,scotus
107901,111198,scotus
107901,111688,scotus
107901,109868,scotus
107901,110075,scotus
107901,111695,scotus
107901,110098,scotus
107901,111733,scotus
107901,109710,scotus
107901,108498,scotus
107901,110957,scotus
107901,109013,scotus
107901,108992,scotus
107901,109729,scotus
107901,108993,scotus
107901,108501,scotus
107901,108971,scotus
107901,109004,scotus
107901,109747,scotus
107901,108980,scotus
107901,108485,scotus
107901,108489,scotus
107901,108194,scotus
107901,112216,scotus
107901,108113,scotus
107901,109517,scotus
107901,108115,scotus
107901,109083,scotus
107901,111952,scotus
107901,110925,scotus
107901,108221,scotus
107901,109065,scotus
107901,108223,scotus
107901,110246,scotus
107901,108100,scotus
107901,109515,scotus
107901,118286,scotus
107901,109128,scotus
107901,109647,scotus
107901,110333,scotus
107901,110339,scotus
107901,108713,scotus
107901,108069,scotus
107901,109768,scotus
107901,108075,scotus
107901,112786,scotus
107901,109399,scotus
107901,112899,scotus
107901,108655,scotus
107901,108466,scotus
107901,118111,scotus
107901,109463,scotus
107901,109954,scotus
107901,108751,scotus
107901,107971,scotus
107901,117935,scotus
107901,145706,scotus
107901,108362,scotus
107901,108990,scotus
107901,108990,scotus
107901,108990,scotus
107901,108362,scotus
107901,108990,scotus
107901,134743,scotus
107901,134743,scotus
107901,110333,scotus
107901,110333,scotus
107901,110339,scotus
107901,110246,scotus
107901,110246,scotus
107901,110521,scotus
107901,110521,scotus
107901,110733,scotus
107901,110733,scotus
107901,110925,scotus
107901,110733,scotus
107901,110734,scotus
107901,110925,scotus
107901,110742,scotus
107901,110742,scotus
107901,110742,scotus
107901,111198,scotus
107901,111484,scotus
107901,111507,scotus
107901,112030,scotus
107901,111688,scotus
107901,111733,scotus
107901,112643,scotus
107901,112216,scotus
107901,111952,scotus
107901,118111,scotus
107901,118286,scotus
107901,118286,scotus
107901,112786,scotus
107901,112899,scotus
107901,111695,scotus
107901,111695,scotus
107953,108860,scotus
107953,108767,scotus
107953,109224,scotus
107953,108595,scotus
107953,108280,scotus
107953,112643,scotus
107953,110205,scotus
107953,109077,scotus
107953,109144,scotus
107953,4510624,scotus
107953,108053,scotus
107953,110315,scotus
107953,109414,scotus
107953,108465,scotus
107953,118033,scotus
107953,4510028,scotus
107953,111948,scotus
107953,117947,scotus
107953,111948,scotus
107953,111948,scotus
107953,111948,scotus
107953,117947,scotus
107953,110315,scotus
107953,112643,scotus
107970,145790,scotus
107970,1999653,scotus
107970,108895,scotus
107970,110823,scotus
107970,108384,scotus
107970,109194,scotus
107970,108329,scotus
107970,109871,scotus
107970,109898,scotus
107970,109727,scotus
107970,118491,scotus
107970,110865,scotus
107970,108532,scotus
107970,110943,scotus
107970,109505,scotus
107970,111006,scotus
107970,109123,scotus
107970,112774,scotus
107970,130162,scotus
107970,121163,scotus
107970,118025,scotus
107970,118167,scotus
107970,109450,scotus
107970,109450,scotus
107970,109450,scotus
107970,109450,scotus
107970,145790,scotus
107970,121163,scotus
107970,130162,scotus
107970,118491,scotus
107970,110823,scotus
107970,110865,scotus
107970,110943,scotus
107970,111006,scotus
107970,112774,scotus
107970,118167,scotus
107978,205788,scotus
107978,1087946,scotus
107978,111537,scotus
107978,108860,scotus
107978,110473,scotus
107978,110777,scotus
107978,112372,scotus
107978,110824,scotus
107978,145784,scotus
107978,108413,scotus
107978,110842,scotus
107978,108427,scotus
107978,108793,scotus
107978,109200,scotus
107978,108794,scotus
107978,112432,scotus
107978,108567,scotus
107978,108569,scotus
107978,122251,scotus
107978,145775,scotus
107978,110662,scotus
107978,110585,scotus
107978,109806,scotus
107978,110670,scotus
107978,112259,scotus
107978,112643,scotus
107978,110590,scotus
107978,111602,scotus
107978,108329,scotus
107978,111614,scotus
107978,110731,scotus
107978,117832,scotus
107978,109313,scotus
107978,112303,scotus
107978,118380,scotus
107978,111207,scotus
107978,111236,scotus
107978,111194,scotus
107978,111931,scotus
107978,109694,scotus
107978,109695,scotus
107978,109677,scotus
107978,109891,scotus
107978,109928,scotus
107978,111253,scotus
107978,112155,scotus
107978,108182,scotus
107978,111270,scotus
107978,108214,scotus
107978,108187,scotus
107978,108162,scotus
107978,109042,scotus
107978,110911,scotus
107978,111430,scotus
107978,110941,scotus
107978,111112,scotus
107978,110237,scotus
107978,111440,scotus
107978,109526,scotus
107978,109093,scotus
107978,110361,scotus
107978,108112,scotus
107978,109516,scotus
107978,110428,scotus
107978,4325538,scotus
107978,2771247,scotus
107978,109767,scotus
107978,110748,scotus
107978,108660,scotus
107978,111664,scotus
107978,110307,scotus
107978,109395,scotus
107978,111355,scotus
107978,112450,scotus
107978,118052,scotus
107978,109956,scotus
107978,112922,scotus
107978,117954,scotus
107978,112928,scotus
107978,118243,scotus
107978,218927,scotus
107978,145832,scotus
107978,108114,scotus
107978,108114,scotus
107978,108114,scotus
107978,112276,scotus
107978,108186,scotus
107978,112906,scotus
107978,108114,scotus
107978,108186,scotus
107978,112276,scotus
107978,112276,scotus
107978,8176259,scotus
107978,7345712,scotus
107978,7342461,scotus
107978,145784,scotus
107978,9053440,scotus
107978,9053440,scotus
107978,9054020,scotus
107978,205788,scotus
107978,218927,scotus
107978,118380,scotus
107978,122251,scotus
107978,122251,scotus
107978,122251,scotus
107978,9135776,scotus
107978,9135777,scotus
107978,110237,scotus
107978,110237,scotus
107978,110307,scotus
107978,110824,scotus
107978,110824,scotus
107978,110731,scotus
107978,110777,scotus
107978,110777,scotus
107978,110842,scotus
107978,110748,scotus
107978,110748,scotus
107978,110748,scotus
107978,110662,scotus
107978,110670,scotus
107978,111355,scotus
107978,110941,scotus
107978,110428,scotus
107978,111112,scotus
107978,111253,scotus
107978,111253,scotus
107978,111253,scotus
107978,9135776,scotus
107978,9135777,scotus
107978,111537,scotus
107978,111207,scotus
107978,111664,scotus
107978,110911,scotus
107978,111430,scotus
107978,111931,scotus
107978,112303,scotus
107978,111602,scotus
107978,111602,scotus
107978,111602,scotus
107978,112259,scotus
107978,111236,scotus
107978,111270,scotus
107978,111440,scotus
107978,112155,scotus
107978,110473,scotus
107978,110473,scotus
107978,112432,scotus
107978,110585,scotus
107978,112372,scotus
107978,112643,scotus
107978,110590,scotus
107978,112450,scotus
107978,118052,scotus
107978,1087946,scotus
107978,1087946,scotus
107978,1087946,scotus
107978,111194,scotus
107978,111614,scotus
107980,1087946,scotus
107980,111541,scotus
107980,108930,scotus
107980,108933,scotus
107980,108946,scotus
107980,108947,scotus
107980,108860,scotus
107980,108900,scotus
107980,110473,scotus
107980,110465,scotus
107980,110824,scotus
107980,108690,scotus
107980,108399,scotus
107980,108374,scotus
107980,108729,scotus
107980,108424,scotus
107980,109170,scotus
107980,108793,scotus
107980,109200,scotus
107980,108794,scotus
107980,112432,scotus
107980,108830,scotus
107980,108584,scotus
107980,108281,scotus
107980,109258,scotus
107980,111606,scotus
107980,110714,scotus
107980,110728,scotus
107980,110731,scotus
107980,109865,scotus
107980,109892,scotus
107980,109893,scotus
107980,111194,scotus
107980,111250,scotus
107980,109928,scotus
107980,112155,scotus
107980,108469,scotus
107980,108518,scotus
107980,112206,scotus
107980,108187,scotus
107980,111088,scotus
107980,109038,scotus
107980,111384,scotus
107980,109042,scotus
107980,108538,scotus
107980,109522,scotus
107980,108221,scotus
107980,109526,scotus
107980,108233,scotus
107980,112044,scotus
107980,110361,scotus
107980,110375,scotus
107980,108111,scotus
107980,108112,scotus
107980,110414,scotus
107980,4630267,scotus
107980,4630088,scotus
107980,109773,scotus
107980,109368,scotus
107980,110754,scotus
107980,109374,scotus
107980,109359,scotus
107980,108660,scotus
107980,110307,scotus
107980,109395,scotus
107980,111151,scotus
107980,112924,scotus
107980,117954,scotus
107980,112368,scotus
107980,118176,scotus
107980,118013,scotus
107980,149702,scotus
107980,145810,scotus
107980,145859,scotus
107980,4630268,scotus
107980,4641200,scotus
107980,111555,scotus
107980,108114,scotus
107980,108114,scotus
107980,108114,scotus
107980,108186,scotus
107980,108186,scotus
107980,107980,scotus
107980,108114,scotus
107980,108164,scotus
107980,108186,scotus
107980,111555,scotus
107980,4630267,scotus
107980,4630267,scotus
107980,4630267,scotus
107980,4630267,scotus
107980,145859,scotus
107980,149702,scotus
107980,149702,scotus
107980,149702,scotus
107980,9075444,scotus
107980,9075445,scotus
107980,110307,scotus
107980,110375,scotus
107980,110714,scotus
107980,110824,scotus
107980,110728,scotus
107980,110731,scotus
107980,110465,scotus
107980,110465,scotus
107980,111088,scotus
107980,111250,scotus
107980,110754,scotus
107980,111606,scotus
107980,110473,scotus
107980,111541,scotus
107980,111384,scotus
107980,111151,scotus
107980,111606,scotus
107980,111606,scotus
107980,112155,scotus
107980,112432,scotus
107980,112432,scotus
107980,112206,scotus
107980,112368,scotus
107980,118176,scotus
107980,1087946,scotus
107980,111194,scotus
108075,108971,scotus
108075,108485,scotus
108075,108990,scotus
108075,108990,scotus
108075,108990,scotus
108085,1087961,scotus
108085,110758,scotus
108085,110485,scotus
108085,112741,scotus
108085,112681,scotus
108085,109811,scotus
108085,111860,scotus
108085,112081,scotus
108085,117834,scotus
108085,111158,scotus
108085,111189,scotus
108085,112108,scotus
108085,109900,scotus
108085,111715,scotus
108085,109703,scotus
108085,111244,scotus
108085,109916,scotus
108085,112820,scotus
108085,112805,scotus
108085,111338,scotus
108085,112213,scotus
108085,111385,scotus
108085,109498,scotus
108085,110927,scotus
108085,109112,scotus
108085,110380,scotus
108085,110439,scotus
108085,109578,scotus
108085,799982,scotus
108085,4509418,scotus
108085,109771,scotus
108085,110290,scotus
108085,110308,scotus
108085,109384,scotus
108085,112450,scotus
108085,111559,scotus
108085,118080,scotus
108085,111683,scotus
108085,118111,scotus
108085,117855,scotus
108085,117933,scotus
108085,112249,scotus
108085,117927,scotus
108085,142893,scotus
108085,145739,scotus
108085,145809,scotus
108085,9398334,scotus
108085,9400078,scotus
108085,9409606,scotus
108085,9410341,scotus
108085,10049695,scotus
108085,10049661,scotus
108085,110063,scotus
108085,110563,scotus
108085,110799,scotus
108085,110799,scotus
108085,110063,scotus
108085,110063,scotus
108085,110563,scotus
108085,145809,scotus
108085,145809,scotus
108085,145809,scotus
108085,142893,scotus
108085,142893,scotus
108085,145739,scotus
108085,799982,scotus
108085,799982,scotus
108085,110380,scotus
108085,110308,scotus
108085,110308,scotus
108085,110927,scotus
108085,111244,scotus
108085,111189,scotus
108085,111189,scotus
108085,111715,scotus
108085,111338,scotus
108085,111385,scotus
108085,111559,scotus
108085,111559,scotus
108085,111683,scotus
108085,110485,scotus
108085,110485,scotus
108085,112249,scotus
108085,112108,scotus
108085,110439,scotus
108085,110439,scotus
108085,110439,scotus
108085,111860,scotus
108085,111860,scotus
108085,112805,scotus
108085,112805,scotus
108085,112681,scotus
108085,118111,scotus
108085,118111,scotus
108085,118111,scotus
108085,112450,scotus
108085,112820,scotus
108085,1087961,scotus
108085,1087961,scotus
108085,1087961,scotus
108113,108912,scotus
108113,110458,scotus
108113,108357,scotus
108113,108381,scotus
108113,108373,scotus
108113,108418,scotus
108113,108324,scotus
108113,112712,scotus
108113,112266,scotus
108113,110033,scotus
108113,112341,scotus
108113,110076,scotus
108113,109882,scotus
108113,110077,scotus
108113,110103,scotus
108113,110130,scotus
108113,111790,scotus
108113,108165,scotus
108113,108493,scotus
108113,108987,scotus
108113,109010,scotus
108113,108989,scotus
108113,109930,scotus
108113,108157,scotus
108113,108194,scotus
108113,109031,scotus
108113,111008,scotus
108113,110945,scotus
108113,108223,scotus
108113,111983,scotus
108113,109127,scotus
108113,2790213,scotus
108113,109250,scotus
108113,110755,scotus
108113,110273,scotus
108113,112461,scotus
108113,110322,scotus
108113,109380,scotus
108113,111360,scotus
108113,108548,scotus
108113,108263,scotus
108113,109472,scotus
108113,127885,scotus
108113,127921,scotus
108113,10314189,scotus
108113,118230,scotus
108113,118230,scotus
108113,108990,scotus
108113,108990,scotus
108113,108990,scotus
108113,108990,scotus
108113,127921,scotus
108113,110458,scotus
108113,110458,scotus
108113,110458,scotus
108113,110945,scotus
108113,110322,scotus
108113,110322,scotus
108113,111983,scotus
108113,112266,scotus
108113,112461,scotus
108113,111008,scotus
108113,111008,scotus
108113,112341,scotus
108113,112712,scotus
108113,112712,scotus
108166,111542,scotus
108166,110775,scotus
108166,108909,scotus
108166,108911,scotus
108166,110699,scotus
108166,112503,scotus
108166,108302,scotus
108166,112643,scotus
108166,145779,scotus
108166,108330,scotus
108166,109299,scotus
108166,112124,scotus
108166,109879,scotus
108166,111718,scotus
108166,118439,scotus
108166,118425,scotus
108166,109015,scotus
108166,108187,scotus
108166,108189,scotus
108166,110339,scotus
108166,2675751,scotus
108166,4632239,scotus
108166,4601080,scotus
108166,110253,scotus
108166,110168,scotus
108166,108252,scotus
108166,118471,scotus
108166,117989,scotus
108166,117864,scotus
108166,118223,scotus
108166,1235907,scotus
108166,145851,scotus
108166,108186,scotus
108166,108186,scotus
108166,109252,scotus
108166,2675751,scotus
108166,145779,scotus
108166,145779,scotus
108166,145851,scotus
108166,118471,scotus
108166,118425,scotus
108166,118439,scotus
108166,118439,scotus
108166,110168,scotus
108166,110339,scotus
108166,110253,scotus
108166,110775,scotus
108166,111718,scotus
108166,110699,scotus
108166,112124,scotus
108166,112643,scotus
108166,117864,scotus
108166,111542,scotus
108184,108854,scotus
108184,110776,scotus
108184,108377,scotus
108184,112566,scotus
108184,108800,scotus
108184,108845,scotus
108184,108304,scotus
108184,108601,scotus
108184,111583,scotus
108184,108297,scotus
108184,110558,scotus
108184,110559,scotus
108184,108301,scotus
108184,110636,scotus
108184,111169,scotus
108184,109312,scotus
108184,111157,scotus
108184,109332,scotus
108184,109866,scotus
108184,109717,scotus
108184,110119,scotus
108184,109925,scotus
108184,111259,scotus
108184,109714,scotus
108184,111301,scotus
108184,111305,scotus
108184,108203,scotus
108184,110959,scotus
108184,110979,scotus
108184,110914,scotus
108184,111013,scotus
108184,112219,scotus
108184,109069,scotus
108184,109537,scotus
108184,111423,scotus
108184,109540,scotus
108184,4501697,scotus
108184,110150,scotus
108184,110351,scotus
108184,118063,scotus
108184,111750,scotus
108184,118086,scotus
108184,108850,scotus
108184,109953,scotus
108184,110719,scotus
108184,110719,scotus
108184,110719,scotus
108184,112608,scotus
108184,110719,scotus
108184,112608,scotus
108184,112608,scotus
108184,110636,scotus
108184,111301,scotus
108184,111305,scotus
108184,111305,scotus
108184,110558,scotus
108184,110558,scotus
108184,110558,scotus
108184,110558,scotus
108184,110559,scotus
108184,111423,scotus
108184,110914,scotus
108184,110959,scotus
108184,111583,scotus
108184,110559,scotus
108184,111259,scotus
108184,110979,scotus
108184,111157,scotus
108184,111750,scotus
108184,111013,scotus
108184,118086,scotus
108184,112219,scotus
108184,112566,scotus
108193,108398,scotus
108193,108417,scotus
108193,110574,scotus
108193,108290,scotus
108193,109256,scotus
108193,109961,scotus
108193,108730,scotus
108193,108730,scotus
108193,108730,scotus
108193,108730,scotus
108233,108723,scotus
108233,110493,scotus
108233,108729,scotus
108233,109200,scotus
108233,109204,scotus
108233,108322,scotus
108233,109792,scotus
108233,109258,scotus
108233,110681,scotus
108233,110714,scotus
108233,109893,scotus
108233,109894,scotus
108233,109688,scotus
108233,109695,scotus
108233,109677,scotus
108233,109891,scotus
108233,108469,scotus
108233,109735,scotus
108233,109038,scotus
108233,110361,scotus
108233,109631,scotus
108233,118310,scotus
108233,800858,scotus
108233,109773,scotus
108233,109395,scotus
108233,111063,scotus
108233,112352,scotus
108233,145449,scotus
108233,109895,scotus
108233,109895,scotus
108233,112906,scotus
108233,109895,scotus
108233,6795263,scotus
108233,6795263,scotus
108233,800858,scotus
108233,145449,scotus
108233,145449,scotus
108233,9135776,scotus
108233,9135777,scotus
108233,110493,scotus
108233,110714,scotus
108233,110714,scotus
108233,111063,scotus
108233,110681,scotus
108233,112352,scotus
108233,118310,scotus
108288,108355,scotus
108288,108669,scotus
108288,108441,scotus
108288,108586,scotus
108288,108995,scotus
108288,108512,scotus
108288,111409,scotus
108288,109346,scotus
108288,111409,scotus
108329,111471,scotus
108329,110762,scotus
108329,137746,scotus
108329,110832,scotus
108329,108793,scotus
108329,112557,scotus
108329,112477,scotus
108329,108551,scotus
108329,108605,scotus
108329,110641,scotus
108329,112637,scotus
108329,109265,scotus
108329,118367,scotus
108329,111863,scotus
108329,109292,scotus
108329,111170,scotus
108329,112122,scotus
108329,111725,scotus
108329,111250,scotus
108329,111717,scotus
108329,112810,scotus
108329,112821,scotus
108329,111837,scotus
108329,109935,scotus
108329,112180,scotus
108329,109731,scotus
108329,108970,scotus
108329,111081,scotus
108329,110902,scotus
108329,111322,scotus
108329,109494,scotus
108329,110234,scotus
108329,111447,scotus
108329,109534,scotus
108329,109535,scotus
108329,109536,scotus
108329,109622,scotus
108329,110323,scotus
108329,2812588,scotus
108329,110259,scotus
108329,110298,scotus
108329,111558,scotus
108329,109414,scotus
108329,117187,scotus
108329,109956,scotus
108329,121146,scotus
108329,118189,scotus
108329,117851,scotus
108329,127916,scotus
108329,2621078,scotus
108329,4510030,scotus
108329,109532,scotus
108329,109532,scotus
108329,137746,scotus
108329,127916,scotus
108329,118367,scotus
108329,121146,scotus
108329,121146,scotus
108329,110234,scotus
108329,110298,scotus
108329,110303,scotus
108329,9286992,scotus
108329,110259,scotus
108329,110641,scotus
108329,110832,scotus
108329,111170,scotus
108329,111250,scotus
108329,111322,scotus
108329,110902,scotus
108329,110762,scotus
108329,111717,scotus
108329,110323,scotus
108329,111558,scotus
108329,111837,scotus
108329,111725,scotus
108329,112180,scotus
108329,111863,scotus
108329,111447,scotus
108329,112122,scotus
108329,112557,scotus
108329,117851,scotus
108329,112810,scotus
108329,118189,scotus
108329,112637,scotus
108375,801976,scotus
108375,801500,scotus
108375,217703,scotus
108375,620567,scotus
108375,2654532,scotus
108375,4858987,scotus
108375,4729777,scotus
108375,4471245,scotus
108375,1087699,scotus
108375,1087960,scotus
108375,1087956,scotus
108375,111481,scotus
108375,111503,scotus
108375,111547,scotus
108375,110762,scotus
108375,110763,scotus
108375,108898,scotus
108375,112382,scotus
108375,137749,scotus
108375,110546,scotus
108375,112562,scotus
108375,108813,scotus
108375,112606,scotus
108375,108800,scotus
108375,112594,scotus
108375,108581,scotus
108375,108596,scotus
108375,112657,scotus
108375,112701,scotus
108375,112671,scotus
108375,112254,scotus
108375,110701,scotus
108375,112257,scotus
108375,109815,scotus
108375,109816,scotus
108375,109817,scotus
108375,108620,scotus
108375,110033,scotus
108375,109286,scotus
108375,109302,scotus
108375,109304,scotus
108375,112313,scotus
108375,137006,scotus
108375,111204,scotus
108375,118380,scotus
108375,111721,scotus
108375,109340,scotus
108375,110061,scotus
108375,145662,scotus
108375,137000,scotus
108375,112132,scotus
108375,109857,scotus
108375,112135,scotus
108375,110097,scotus
108375,111241,scotus
108375,109923,scotus
108375,110077,scotus
108375,118434,scotus
108375,111259,scotus
108375,109932,scotus
108375,110885,scotus
108375,111262,scotus
108375,118449,scotus
108375,111264,scotus
108375,110140,scotus
108375,108509,scotus
108375,108541,scotus
108375,110959,scotus
108375,110960,scotus
108375,118483,scotus
108375,110965,scotus
108375,109036,scotus
108375,110916,scotus
108375,111008,scotus
108375,131167,scotus
108375,111953,scotus
108375,110236,scotus
108375,111954,scotus
108375,110245,scotus
108375,111987,scotus
108375,110360,scotus
108375,109539,scotus
108375,109574,scotus
108375,109579,scotus
108375,109624,scotus
108375,109540,scotus
108375,118289,scotus
108375,145705,scotus
108375,2675749,scotus
108375,4403795,scotus
108375,4403804,scotus
108375,4493906,scotus
108375,4492197,scotus
108375,4748669,scotus
108375,4385683,scotus
108375,4760995,scotus
108375,110150,scotus
108375,110154,scotus
108375,110158,scotus
108375,110300,scotus
108375,112890,scotus
108375,112876,scotus
108375,111552,scotus
108375,131161,scotus
108375,109402,scotus
108375,108654,scotus
108375,118054,scotus
108375,112931,scotus
108375,118098,scotus
108375,136067,scotus
108375,118115,scotus
108375,130152,scotus
108375,112648,scotus
108375,110049,scotus
108375,109471,scotus
108375,118134,scotus
108375,118466,scotus
108375,121160,scotus
108375,118124,scotus
108375,118471,scotus
108375,117996,scotus
108375,130140,scotus
108375,145448,scotus
108375,145628,scotus
108375,145646,scotus
108375,149702,scotus
108375,145653,scotus
108375,145689,scotus
108375,217512,scotus
108375,215077,scotus
108375,2620886,scotus
108375,145918,scotus
108375,4493907,scotus
108375,6475794,scotus
108375,145875,scotus
108375,145875,scotus
108375,118011,scotus
108375,109881,scotus
108375,109881,scotus
108375,109881,scotus
108375,118011,scotus
108375,118011,scotus
108375,4403795,scotus
108375,4403795,scotus
108375,9231296,scotus
108375,4748669,scotus
108375,8427945,scotus
108375,7343955,scotus
108375,7344718,scotus
108375,7344719,scotus
108375,7344719,scotus
108375,7350292,scotus
108375,7350292,scotus
108375,7350292,scotus
108375,149702,scotus
108375,801976,scotus
108375,801500,scotus
108375,215077,scotus
108375,217703,scotus
108375,217703,scotus
108375,620567,scotus
108375,620567,scotus
108375,620567,scotus
108375,130152,scotus
108375,121160,scotus
108375,145662,scotus
108375,145662,scotus
108375,137000,scotus
108375,136067,scotus
108375,137749,scotus
108375,145705,scotus
108375,145705,scotus
108375,145705,scotus
108375,137006,scotus
108375,137006,scotus
108375,145628,scotus
108375,217512,scotus
108375,118380,scotus
108375,118471,scotus
108375,118449,scotus
108375,131161,scotus
108375,110158,scotus
108375,110236,scotus
108375,110245,scotus
108375,110245,scotus
108375,110245,scotus
108375,110245,scotus
108375,110360,scotus
108375,110300,scotus
108375,110546,scotus
108375,111241,scotus
108375,110885,scotus
108375,110959,scotus
108375,111204,scotus
108375,111204,scotus
108375,111503,scotus
108375,111481,scotus
108375,111481,scotus
108375,111547,scotus
108375,110965,scotus
108375,110965,scotus
108375,110762,scotus
108375,110762,scotus
108375,110762,scotus
108375,110763,scotus
108375,111552,scotus
108375,111259,scotus
108375,111721,scotus
108375,111262,scotus
108375,110916,scotus
108375,111987,scotus
108375,112257,scotus
108375,111264,scotus
108375,110701,scotus
108375,112648,scotus
108375,112606,scotus
108375,112594,scotus
108375,111008,scotus
108375,112594,scotus
108375,112671,scotus
108375,112132,scotus
108375,112132,scotus
108375,111953,scotus
108375,111953,scotus
108375,111954,scotus
108375,111954,scotus
108375,111954,scotus
108375,145646,scotus
108375,112135,scotus
108375,112562,scotus
108375,112382,scotus
108375,112382,scotus
108375,118054,scotus
108375,118115,scotus
108375,145653,scotus
108375,118289,scotus
108375,112890,scotus
108375,118134,scotus
108375,118134,scotus
108375,1087956,scotus
108375,1087960,scotus
108375,1087699,scotus
108375,2620886,scotus
108375,2620886,scotus
108375,112313,scotus
108377,623242,scotus
108377,4883694,scotus
108377,111509,scotus
108377,108854,scotus
108377,108893,scotus
108377,112382,scotus
108377,110456,scotus
108377,110464,scotus
108377,108692,scotus
108377,108710,scotus
108377,109186,scotus
108377,108800,scotus
108377,108801,scotus
108377,108571,scotus
108377,112475,scotus
108377,108845,scotus
108377,108581,scotus
108377,108582,scotus
108377,111583,scotus
108377,110558,scotus
108377,110559,scotus
108377,110611,scotus
108377,110636,scotus
108377,109302,scotus
108377,109304,scotus
108377,117833,scotus
108377,111173,scotus
108377,109866,scotus
108377,110061,scotus
108377,109874,scotus
108377,110119,scotus
108377,110100,scotus
108377,109905,scotus
108377,111259,scotus
108377,109714,scotus
108377,111788,scotus
108377,112795,scotus
108377,111301,scotus
108377,111262,scotus
108377,108967,scotus
108377,111779,scotus
108377,109017,scotus
108377,108995,scotus
108377,108998,scotus
108377,110890,scotus
108377,111823,scotus
108377,111282,scotus
108377,111305,scotus
108377,110959,scotus
108377,111834,scotus
108377,110979,scotus
108377,110901,scotus
108377,111143,scotus
108377,110235,scotus
108377,109522,scotus
108377,111013,scotus
108377,112219,scotus
108377,109504,scotus
108377,109069,scotus
108377,109537,scotus
108377,111423,scotus
108377,111020,scotus
108377,109516,scotus
108377,109572,scotus
108377,109579,scotus
108377,118287,scotus
108377,2680439,scotus
108377,4633470,scotus
108377,4501697,scotus
108377,110158,scotus
108377,110754,scotus
108377,109352,scotus
108377,112873,scotus
108377,112448,scotus
108377,110314,scotus
108377,111057,scotus
108377,118063,scotus
108377,108850,scotus
108377,109156,scotus
108377,108853,scotus
108377,109953,scotus
108377,109162,scotus
108377,118156,scotus
108377,145646,scotus
108377,145669,scotus
108377,110719,scotus
108377,112608,scotus
108377,110719,scotus
108377,112608,scotus
108377,112608,scotus
108377,9231242,scotus
108377,623242,scotus
108377,145669,scotus
108377,145669,scotus
108377,145669,scotus
108377,110235,scotus
108377,110235,scotus
108377,110158,scotus
108377,110456,scotus
108377,110611,scotus
108377,110636,scotus
108377,110636,scotus
108377,111057,scotus
108377,111173,scotus
108377,110464,scotus
108377,111301,scotus
108377,111305,scotus
108377,110558,scotus
108377,110890,scotus
108377,110314,scotus
108377,110314,scotus
108377,110754,scotus
108377,111423,scotus
108377,110901,scotus
108377,110901,scotus
108377,110901,scotus
108377,110901,scotus
108377,110959,scotus
108377,111823,scotus
108377,111779,scotus
108377,110959,scotus
108377,110959,scotus
108377,111143,scotus
108377,111834,scotus
108377,111834,scotus
108377,111834,scotus
108377,111834,scotus
108377,111583,scotus
108377,110559,scotus
108377,110979,scotus
108377,111143,scotus
108377,111259,scotus
108377,111262,scotus
108377,111262,scotus
108377,111509,scotus
108377,111013,scotus
108377,118156,scotus
108377,112873,scotus
108377,112448,scotus
108377,112219,scotus
108377,112448,scotus
108377,112219,scotus
108377,145646,scotus
108377,112382,scotus
108377,118287,scotus
108377,111020,scotus
108380,4764770,scotus
108380,2678465,scotus
108380,111464,scotus
108380,111488,scotus
108380,111505,scotus
108380,111506,scotus
108380,108862,scotus
108380,108863,scotus
108380,108864,scotus
108380,108674,scotus
108380,110814,scotus
108380,110697,scotus
108380,109831,scotus
108380,110587,scotus
108380,110599,scotus
108380,112271,scotus
108380,110040,scotus
108380,118377,scotus
108380,111924,scotus
108380,109692,scotus
108380,109722,scotus
108380,112138,scotus
108380,112331,scotus
108380,111944,scotus
108380,112194,scotus
108380,108530,scotus
108380,110189,scotus
108380,109496,scotus
108380,111967,scotus
108380,109062,scotus
108380,111014,scotus
108380,111113,scotus
108380,111003,scotus
108380,110355,scotus
108380,111417,scotus
108380,110440,scotus
108380,110437,scotus
108380,799990,scotus
108380,799993,scotus
108380,2959733,scotus
108380,2672525,scotus
108380,2674862,scotus
108380,4403793,scotus
108380,4748670,scotus
108380,4749014,scotus
108380,4749015,scotus
108380,4766378,scotus
108380,109752,scotus
108380,109251,scotus
108380,110280,scotus
108380,112874,scotus
108380,112779,scotus
108380,109380,scotus
108380,112451,scotus
108380,111561,scotus
108380,112887,scotus
108380,108757,scotus
108380,112354,scotus
108380,136984,scotus
108380,108851,scotus
108380,108852,scotus
108380,109469,scotus
108380,121168,scotus
108380,117966,scotus
108380,117967,scotus
108380,117870,scotus
108380,145221,scotus
108380,142900,scotus
108380,616433,scotus
108380,6468902,scotus
108380,9381468,scotus
108380,9410339,scotus
108380,6623460,scotus
108380,6619004,scotus
108380,9986254,scotus
108380,10049658,scotus
108380,10338098,scotus
108380,118133,scotus
108380,118386,scotus
108380,118133,scotus
108380,118133,scotus
108380,118386,scotus
108380,118386,scotus
108380,9231239,scotus
108380,4764770,scotus
108380,2674862,scotus
108380,7349181,scotus
108380,9247520,scotus
108380,9198480,scotus
108380,9198481,scotus
108380,142900,scotus
108380,142900,scotus
108380,121168,scotus
108380,145221,scotus
108380,121168,scotus
108380,121168,scotus
108380,136984,scotus
108380,118377,scotus
108380,118377,scotus
108380,799990,scotus
108380,799990,scotus
108380,799990,scotus
108380,799990,scotus
108380,799993,scotus
108380,799993,scotus
108380,110280,scotus
108380,110189,scotus
108380,110189,scotus
108380,110189,scotus
108380,110355,scotus
108380,110355,scotus
108380,110599,scotus
108380,111113,scotus
108380,111113,scotus
108380,111113,scotus
108380,111113,scotus
108380,111488,scotus
108380,111488,scotus
108380,111505,scotus
108380,111505,scotus
108380,111505,scotus
108380,111506,scotus
108380,111506,scotus
108380,111506,scotus
108380,111506,scotus
108380,111924,scotus
108380,111924,scotus
108380,111924,scotus
108380,111967,scotus
108380,112138,scotus
108380,112194,scotus
108380,112194,scotus
108380,111561,scotus
108380,111561,scotus
108380,111003,scotus
108380,111003,scotus
108380,110697,scotus
108380,110697,scotus
108380,110437,scotus
108380,110440,scotus
108380,111464,scotus
108380,111464,scotus
108380,111464,scotus
108380,111464,scotus
108380,111464,scotus
108380,111944,scotus
108380,111944,scotus
108380,111944,scotus
108380,112271,scotus
108380,110587,scotus
108380,110587,scotus
108380,111014,scotus
108380,111014,scotus
108380,117966,scotus
108380,112138,scotus
108380,117967,scotus
108380,112331,scotus
108380,112331,scotus
108380,112331,scotus
108380,112331,scotus
108380,112874,scotus
108380,112874,scotus
108380,112874,scotus
108380,117870,scotus
108380,117870,scotus
108380,117870,scotus
108380,112887,scotus
108380,112451,scotus
108380,112451,scotus
108380,112451,scotus
108380,117870,scotus
108380,112887,scotus
108380,112779,scotus
108380,112779,scotus
108380,112779,scotus
108380,112779,scotus
108404,625722,scotus
108404,932059,scotus
108404,945737,scotus
108404,111507,scotus
108404,108855,scotus
108404,108856,scotus
108404,110793,scotus
108404,108781,scotus
108404,108810,scotus
108404,109218,scotus
108404,109235,scotus
108404,110649,scotus
108404,108597,scotus
108404,110657,scotus
108404,109785,scotus
108404,109834,scotus
108404,110742,scotus
108404,109988,scotus
108404,117836,scotus
108404,110029,scotus
108404,145660,scotus
108404,110064,scotus
108404,110066,scotus
108404,110098,scotus
108404,109670,scotus
108404,110077,scotus
108404,110103,scotus
108404,118444,scotus
108404,112805,scotus
108404,108496,scotus
108404,108497,scotus
108404,109013,scotus
108404,109004,scotus
108404,108980,scotus
108404,110978,scotus
108404,108489,scotus
108404,110999,scotus
108404,109523,scotus
108404,109065,scotus
108404,112030,scotus
108404,110247,scotus
108404,109515,scotus
108404,109132,scotus
108404,109544,scotus
108404,110433,scotus
108404,110434,scotus
108404,109565,scotus
108404,109612,scotus
108404,109641,scotus
108404,109642,scotus
108404,4403811,scotus
108404,110548,scotus
108404,109768,scotus
108404,112786,scotus
108404,118056,scotus
108404,108751,scotus
108404,118198,scotus
108404,127888,scotus
108404,127926,scotus
108404,145669,scotus
108404,145917,scotus
108404,145874,scotus
108404,4760997,scotus
108404,117947,scotus
108404,109570,scotus
108404,109570,scotus
108404,109570,scotus
108404,109570,scotus
108404,109570,scotus
108404,117947,scotus
108404,4760997,scotus
108404,145874,scotus
108404,625722,scotus
108404,945737,scotus
108404,145660,scotus
108404,145669,scotus
108404,118444,scotus
108404,127926,scotus
108404,9136737,scotus
108404,9189169,scotus
108404,9189170,scotus
108404,110247,scotus
108404,110363,scotus
108404,110649,scotus
108404,110649,scotus
108404,110649,scotus
108404,110657,scotus
108404,110548,scotus
108404,110742,scotus
108404,110793,scotus
108404,110793,scotus
108404,111507,scotus
108404,112030,scotus
108404,110433,scotus
108404,110434,scotus
108404,110999,scotus
108404,110978,scotus
108404,111507,scotus
108404,110434,scotus
108404,110434,scotus
108404,112805,scotus
108404,118056,scotus
108404,118056,scotus
108404,112786,scotus
108404,118198,scotus
108430,1515499,scotus
108430,112803,scotus
108430,111262,scotus
108430,109095,scotus
108430,109096,scotus
108430,109594,scotus
108430,109248,scotus
108430,111555,scotus
108430,111555,scotus
108430,111262,scotus
108430,112803,scotus
108430,1515499,scotus
108489,108856,scotus
108489,108913,scotus
108489,108858,scotus
108489,108714,scotus
108489,112418,scotus
108489,108739,scotus
108489,109218,scotus
108489,108839,scotus
108489,108842,scotus
108489,112570,scotus
108489,112481,scotus
108489,110649,scotus
108489,109988,scotus
108489,112295,scotus
108489,112311,scotus
108489,110025,scotus
108489,111226,scotus
108489,111690,scotus
108489,110075,scotus
108489,112330,scotus
108489,109670,scotus
108489,109708,scotus
108489,109679,scotus
108489,111738,scotus
108489,111254,scotus
108489,109004,scotus
108489,109005,scotus
108489,111081,scotus
108489,108530,scotus
108489,110992,scotus
108489,110916,scotus
108489,110968,scotus
108489,109529,scotus
108489,109530,scotus
108489,109509,scotus
108489,110246,scotus
108489,109515,scotus
108489,109132,scotus
108489,110432,scotus
108489,109592,scotus
108489,110434,scotus
108489,110333,scotus
108489,2812209,scotus
108489,3217332,scotus
108489,3217528,scotus
108489,3217529,scotus
108489,108713,scotus
108489,4764452,scotus
108489,109768,scotus
108489,112786,scotus
108489,109423,scotus
108489,108655,scotus
108489,118071,scotus
108489,137732,scotus
108489,108751,scotus
108489,130160,scotus
108489,118144,scotus
108489,118198,scotus
108489,218927,scotus
108489,145744,scotus
108489,109570,scotus
108489,109570,scotus
108489,109570,scotus
108489,109570,scotus
108489,4764452,scotus
108489,3217332,scotus
108489,7345712,scotus
108489,130160,scotus
108489,130160,scotus
108489,130160,scotus
108489,145744,scotus
108489,218927,scotus
108489,137732,scotus
108489,9281247,scotus
108489,110246,scotus
108489,9286992,scotus
108489,110649,scotus
108489,111690,scotus
108489,111690,scotus
108489,111690,scotus
108489,111254,scotus
108489,111738,scotus
108489,110968,scotus
108489,110432,scotus
108489,111226,scotus
108489,111738,scotus
108489,111738,scotus
108489,110434,scotus
108489,110916,scotus
108489,112311,scotus
108489,112295,scotus
108489,112295,scotus
108489,112418,scotus
108489,112330,scotus
108489,112330,scotus
108489,112570,scotus
108489,118144,scotus
108489,112786,scotus
108489,112786,scotus
108489,118198,scotus
108489,118198,scotus
108489,112786,scotus
108497,1087737,scotus
108497,1087668,scotus
108497,1087955,scotus
108497,111507,scotus
108497,108855,scotus
108497,108913,scotus
108497,110476,scotus
108497,110506,scotus
108497,108663,scotus
108497,110505,scotus
108497,108781,scotus
108497,108810,scotus
108497,109218,scotus
108497,108568,scotus
108497,112481,scotus
108497,110649,scotus
108497,108608,scotus
108497,110676,scotus
108497,112295,scotus
108497,109308,scotus
108497,110025,scotus
108497,112069,scotus
108497,110085,scotus
108497,109684,scotus
108497,110064,scotus
108497,110075,scotus
108497,110066,scotus
108497,109855,scotus
108497,111241,scotus
108497,109670,scotus
108497,110126,scotus
108497,111254,scotus
108497,110145,scotus
108497,111255,scotus
108497,112833,scotus
108497,109023,scotus
108497,110959,scotus
108497,109043,scotus
108497,110999,scotus
108497,111952,scotus
108497,109523,scotus
108497,111002,scotus
108497,109528,scotus
108497,109529,scotus
108497,111990,scotus
108497,109097,scotus
108497,110390,scotus
108497,110432,scotus
108497,109128,scotus
108497,109612,scotus
108497,109642,scotus
108497,109760,scotus
108497,112786,scotus
108497,109423,scotus
108497,109402,scotus
108497,118071,scotus
108497,109570,scotus
108497,109570,scotus
108497,109570,scotus
108497,1087668,scotus
108497,1087668,scotus
108497,1087668,scotus
108497,1087668,scotus
108497,9151633,scotus
108497,9151634,scotus
108497,110390,scotus
108497,110506,scotus
108497,110506,scotus
108497,9281247,scotus
108497,9281247,scotus
108497,110649,scotus
108497,111241,scotus
108497,110676,scotus
108497,110676,scotus
108497,111254,scotus
108497,111255,scotus
108497,110476,scotus
108497,110432,scotus
108497,110432,scotus
108497,110999,scotus
108497,110999,scotus
108497,111507,scotus
108497,112069,scotus
108497,111002,scotus
108497,111990,scotus
108497,112295,scotus
108497,112295,scotus
108497,112295,scotus
108497,112295,scotus
108497,111952,scotus
108497,112833,scotus
108497,112786,scotus
108497,112833,scotus
108497,112786,scotus
108497,112786,scotus
108497,1087955,scotus
108497,1087737,scotus
108569,108858,scotus
108569,108793,scotus
108569,108794,scotus
108569,109243,scotus
108569,109443,scotus
108569,111602,scotus
108569,112647,scotus
108569,109253,scotus
108569,111236,scotus
108569,118387,scotus
108569,111919,scotus
108569,111253,scotus
108569,108954,scotus
108569,109008,scotus
108569,108988,scotus
108569,109042,scotus
108569,109526,scotus
108569,110361,scotus
108569,109516,scotus
108569,118299,scotus
108569,109767,scotus
108569,110748,scotus
108569,111151,scotus
108569,109414,scotus
108569,118098,scotus
108569,112276,scotus
108569,112276,scotus
108569,118387,scotus
108569,111236,scotus
108569,110748,scotus
108569,111253,scotus
108569,111919,scotus
108569,111151,scotus
108569,111151,scotus
108569,111602,scotus
108569,111236,scotus
108569,112647,scotus
108569,118299,scotus
108569,118299,scotus
108591,4894056,scotus
108591,108890,scotus
108591,110783,scotus
108591,112684,scotus
108591,109862,scotus
108591,109910,scotus
108591,109913,scotus
108591,4630087,scotus
108591,110292,scotus
108591,109390,scotus
108591,109390,scotus
108591,109390,scotus
108591,110292,scotus
108591,110783,scotus
108592,108798,scotus
108592,4764453,scotus
108592,4630087,scotus
108592,110292,scotus
108592,109390,scotus
108592,109390,scotus
108592,109390,scotus
108592,109390,scotus
108592,109390,scotus
108592,9231327,scotus
108592,110292,scotus
108592,110292,scotus
108592,110292,scotus
108605,111455,scotus
108605,111473,scotus
108605,1921234,scotus
108605,108927,scotus
108605,112383,scotus
108605,110473,scotus
108605,110452,scotus
108605,112386,scotus
108605,112388,scotus
108605,137749,scotus
108605,110795,scotus
108605,112418,scotus
108605,110518,scotus
108605,110496,scotus
108605,110835,scotus
108605,108794,scotus
108605,112604,scotus
108605,112477,scotus
108605,112487,scotus
108605,111573,scotus
108605,110641,scotus
108605,145780,scotus
108605,111582,scotus
108605,111586,scotus
108605,112705,scotus
108605,110702,scotus
108605,112485,scotus
108605,110711,scotus
108605,112746,scotus
108605,112646,scotus
108605,110624,scotus
108605,112545,scotus
108605,111564,scotus
108605,111639,scotus
108605,112080,scotus
108605,112277,scotus
108605,111863,scotus
108605,112084,scotus
108605,111891,scotus
108605,111170,scotus
108605,136994,scotus
108605,112325,scotus
108605,112326,scotus
108605,111869,scotus
108605,112316,scotus
108605,136998,scotus
108605,111725,scotus
108605,112142,scotus
108605,111885,scotus
108605,111934,scotus
108605,109701,scotus
108605,111250,scotus
108605,111921,scotus
108605,109676,scotus
108605,110083,scotus
108605,109889,scotus
108605,118424,scotus
108605,112810,scotus
108605,112794,scotus
108605,112806,scotus
108605,111797,scotus
108605,109935,scotus
108605,109936,scotus
108605,111806,scotus
108605,110866,scotus
108605,112188,scotus
108605,109731,scotus
108605,111303,scotus
108605,111340,scotus
108605,111086,scotus
108605,111312,scotus
108605,111314,scotus
108605,111316,scotus
108605,111319,scotus
108605,111321,scotus
108605,111322,scotus
108605,111092,scotus
108605,111330,scotus
108605,111332,scotus
108605,110984,scotus
108605,111000,scotus
108605,111978,scotus
108605,109504,scotus
108605,111017,scotus
108605,110223,scotus
108605,111018,scotus
108605,111957,scotus
108605,111029,scotus
108605,111019,scotus
108605,109533,scotus
108605,109534,scotus
108605,109535,scotus
108605,109536,scotus
108605,109133,scotus
108605,109622,scotus
108605,110383,scotus
108605,110402,scotus
108605,109121,scotus
108605,109635,scotus
108605,118309,scotus
108605,110323,scotus
108605,2959730,scotus
108605,2959737,scotus
108605,4329179,scotus
108605,2812588,scotus
108605,2675753,scotus
108605,2642828,scotus
108605,2679204,scotus
108605,2676594,scotus
108605,4478680,scotus
108605,4746633,scotus
108605,802973,scotus
108605,2153,scotus
108605,2156,scotus
108605,110754,scotus
108605,112753,scotus
108605,109352,scotus
108605,110259,scotus
108605,108660,scotus
108605,112773,scotus
108605,111656,scotus
108605,112788,scotus
108605,111657,scotus
108605,112897,scotus
108605,110313,scotus
108605,117187,scotus
108605,124715,scotus
108605,118131,scotus
108605,112922,scotus
108605,112928,scotus
108605,121158,scotus
108605,121165,scotus
108605,118164,scotus
108605,117854,scotus
108605,118033,scotus
108605,118243,scotus
108605,117875,scotus
108605,145632,scotus
108605,145694,scotus
108605,2621078,scotus
108605,145950,scotus
108605,145967,scotus
108605,145973,scotus
108605,146790,scotus
108605,803271,scotus
108605,145817,scotus
108605,4760997,scotus
108605,9986256,scotus
108605,109532,scotus
108605,109532,scotus
108605,109532,scotus
108605,109532,scotus
108605,109532,scotus
108605,109532,scotus
108605,4760997,scotus
108605,9231323,scotus
108605,6795859,scotus
108605,6795859,scotus
108605,8167864,scotus
108605,145780,scotus
108605,146790,scotus
108605,145817,scotus
108605,146790,scotus
108605,2959737,scotus
108605,9225528,scotus
108605,9225529,scotus
108605,9225528,scotus
108605,9225529,scotus
108605,121165,scotus
108605,121165,scotus
108605,121165,scotus
108605,124715,scotus
108605,137749,scotus
108605,137749,scotus
108605,145694,scotus
108605,118424,scotus
108605,136994,scotus
108605,121158,scotus
108605,121158,scotus
108605,121158,scotus
108605,9042477,scotus
108605,9053158,scotus
108605,9138026,scotus
108605,9154242,scotus
108605,9154243,scotus
108605,9267825,scotus
108605,9282779,scotus
108605,110496,scotus
108605,110496,scotus
108605,110402,scotus
108605,110452,scotus
108605,110518,scotus
108605,110223,scotus
108605,110223,scotus
108605,110624,scotus
108605,110711,scotus
108605,110711,scotus
108605,110259,scotus
108605,110259,scotus
108605,110259,scotus
108605,110641,scotus
108605,110835,scotus
108605,110383,scotus
108605,111029,scotus
108605,111170,scotus
108605,110866,scotus
108605,111086,scotus
108605,111092,scotus
108605,110984,scotus
108605,111250,scotus
108605,111250,scotus
108605,110795,scotus
108605,110795,scotus
108605,111092,scotus
108605,111303,scotus
108605,110984,scotus
108605,110984,scotus
108605,110313,scotus
108605,110313,scotus
108605,111312,scotus
108605,111314,scotus
108605,111316,scotus
108605,110754,scotus
108605,110473,scotus
108605,111319,scotus
108605,111321,scotus
108605,111330,scotus
108605,111332,scotus
108605,111921,scotus
108605,111921,scotus
108605,111582,scotus
108605,111586,scotus
108605,111340,scotus
108605,111000,scotus
108605,110323,scotus
108605,110323,scotus
108605,110323,scotus
108605,111978,scotus
108605,112142,scotus
108605,112142,scotus
108605,112142,scotus
108605,111564,scotus
108605,111934,scotus
108605,111573,scotus
108605,111725,scotus
108605,112080,scotus
108605,111639,scotus
108605,111657,scotus
108605,112084,scotus
108605,110473,scotus
108605,112188,scotus
108605,111863,scotus
108605,112646,scotus
108605,112646,scotus
108605,112604,scotus
108605,112316,scotus
108605,112326,scotus
108605,112326,scotus
108605,111455,scotus
108605,112418,scotus
108605,110702,scotus
108605,110702,scotus
108605,111957,scotus
108605,112277,scotus
108605,112806,scotus
108605,112705,scotus
108605,112753,scotus
108605,112788,scotus
108605,112794,scotus
108605,118164,scotus
108605,111017,scotus
108605,111018,scotus
108605,111018,scotus
108605,111473,scotus
108605,111473,scotus
108605,112810,scotus
108605,112810,scotus
108605,112545,scotus
108605,112646,scotus
108605,117854,scotus
108605,112773,scotus
108605,112773,scotus
108605,118309,scotus
108605,112383,scotus
108605,112383,scotus
108605,112388,scotus
108605,111018,scotus
108605,117875,scotus
108605,112810,scotus
108605,112386,scotus
108605,118131,scotus
108605,112897,scotus
108605,112897,scotus
108605,111019,scotus
108605,111019,scotus
108605,112325,scotus
108605,112325,scotus
108636,110507,scotus
108636,110536,scotus
108636,108813,scotus
108636,118011,scotus
108636,118023,scotus
108636,118023,scotus
108636,118023,scotus
108636,109570,scotus
108636,109570,scotus
108636,109570,scotus
108636,109570,scotus
108636,118011,scotus
108636,110507,scotus
108636,110507,scotus
108636,110715,scotus
108636,110536,scotus
108636,110536,scotus
108636,111244,scotus
108636,111776,scotus
108636,111776,scotus
108636,111588,scotus
108636,110561,scotus
108636,110561,scotus
108636,112103,scotus
108636,112417,scotus
108636,112291,scotus
108636,112635,scotus
108636,112635,scotus
108636,112635,scotus
108637,109252,scotus
108643,1087946,scotus
108643,111508,scotus
108643,109200,scotus
108643,112259,scotus
108643,109258,scotus
108643,111745,scotus
108643,109026,scotus
108643,110178,scotus
108643,110331,scotus
108643,3214886,scotus
108643,111551,scotus
108643,118052,scotus
108643,112904,scotus
108643,112352,scotus
108643,118234,scotus
108643,118155,scotus
108643,118155,scotus
108643,111103,scotus
108643,3214886,scotus
108643,110178,scotus
108643,111551,scotus
108643,111508,scotus
108643,111745,scotus
108643,112259,scotus
108643,112352,scotus
108643,112352,scotus
108643,118052,scotus
108643,112904,scotus
108643,118052,scotus
108643,118052,scotus
108643,1087946,scotus
108643,1087946,scotus
108760,108898,scotus
108760,112566,scotus
108760,111625,scotus
108760,109860,scotus
108760,110087,scotus
108760,111262,scotus
108760,108970,scotus
108760,110959,scotus
108760,110933,scotus
108760,109530,scotus
108760,109540,scotus
108760,110326,scotus
108760,110317,scotus
108760,111065,scotus
108760,109953,scotus
108760,110325,scotus
108760,110325,scotus
108760,109570,scotus
108760,109570,scotus
108760,110325,scotus
108760,110933,scotus
108760,111065,scotus
108760,110959,scotus
108760,111625,scotus
108760,111262,scotus
108760,110317,scotus
108760,112566,scotus
108763,134741,scotus
108763,111503,scotus
108763,110458,scotus
108763,110792,scotus
108763,112423,scotus
108763,108800,scotus
108763,112641,scotus
108763,112291,scotus
108763,112292,scotus
108763,112293,scotus
108763,112299,scotus
108763,110031,scotus
108763,112318,scotus
108763,109919,scotus
108763,118504,scotus
108763,111094,scotus
108763,111949,scotus
108763,109520,scotus
108763,118318,scotus
108763,118323,scotus
108763,110327,scotus
108763,110753,scotus
108763,111362,scotus
108763,118236,scotus
108763,118011,scotus
108763,118317,scotus
108763,118317,scotus
108763,118317,scotus
108763,109499,scotus
108763,108990,scotus
108763,108990,scotus
108763,108990,scotus
108763,108990,scotus
108763,109499,scotus
108763,118011,scotus
108763,118011,scotus
108763,118323,scotus
108763,118323,scotus
108763,134741,scotus
108763,110458,scotus
108763,110458,scotus
108763,110792,scotus
108763,110792,scotus
108763,111362,scotus
108763,111362,scotus
108763,110753,scotus
108763,111094,scotus
108763,111094,scotus
108763,111094,scotus
108763,111503,scotus
108763,111503,scotus
108763,112291,scotus
108763,112291,scotus
108763,112292,scotus
108763,112293,scotus
108763,112641,scotus
108763,112299,scotus
108763,112318,scotus
108763,111949,scotus
108763,118318,scotus
108763,112423,scotus
108763,112423,scotus
108763,112291,scotus
108763,112291,scotus
108781,625722,scotus
108781,111507,scotus
108781,108856,scotus
108781,108913,scotus
108781,110793,scotus
108781,112563,scotus
108781,108810,scotus
108781,109218,scotus
108781,109235,scotus
108781,112484,scotus
108781,109834,scotus
108781,110020,scotus
108781,117836,scotus
108781,110029,scotus
108781,110085,scotus
108781,110064,scotus
108781,110066,scotus
108781,110098,scotus
108781,110077,scotus
108781,110130,scotus
108781,109725,scotus
108781,118444,scotus
108781,112805,scotus
108781,109008,scotus
108781,111255,scotus
108781,112176,scotus
108781,109013,scotus
108781,108971,scotus
108781,109930,scotus
108781,108980,scotus
108781,110960,scotus
108781,110978,scotus
108781,109523,scotus
108781,111014,scotus
108781,111954,scotus
108781,111114,scotus
108781,109065,scotus
108781,110247,scotus
108781,109515,scotus
108781,109132,scotus
108781,110423,scotus
108781,109618,scotus
108781,110433,scotus
108781,110434,scotus
108781,109565,scotus
108781,109612,scotus
108781,109642,scotus
108781,799990,scotus
108781,2812209,scotus
108781,4403811,scotus
108781,4889469,scotus
108781,4893489,scotus
108781,4893490,scotus
108781,4765904,scotus
108781,110548,scotus
108781,118056,scotus
108781,112920,scotus
108781,130154,scotus
108781,127888,scotus
108781,127926,scotus
108781,145874,scotus
108781,4760997,scotus
108781,117947,scotus
108781,109570,scotus
108781,109570,scotus
108781,109570,scotus
108781,109570,scotus
108781,117947,scotus
108781,4760997,scotus
108781,145874,scotus
108781,625722,scotus
108781,799990,scotus
108781,118444,scotus
108781,127926,scotus
108781,130154,scotus
108781,9136737,scotus
108781,110247,scotus
108781,110423,scotus
108781,110548,scotus
108781,110548,scotus
108781,110793,scotus
108781,110793,scotus
108781,111255,scotus
108781,111507,scotus
108781,110433,scotus
108781,110434,scotus
108781,110978,scotus
108781,111507,scotus
108781,110434,scotus
108781,111014,scotus
108781,112805,scotus
108781,111954,scotus
108781,112563,scotus
108781,118056,scotus
108781,112176,scotus
108782,112423,scotus
108782,108813,scotus
108782,110734,scotus
108782,109266,scotus
108782,112266,scotus
108782,110033,scotus
108782,110034,scotus
108782,112313,scotus
108782,118407,scotus
108782,111237,scotus
108782,109877,scotus
108782,109697,scotus
108782,110104,scotus
108782,109009,scotus
108782,109930,scotus
108782,118504,scotus
108782,109503,scotus
108782,109509,scotus
108782,109574,scotus
108782,118288,scotus
108782,112456,scotus
108782,118087,scotus
108782,110048,scotus
108782,118194,scotus
108782,2620886,scotus
108782,145754,scotus
108782,108990,scotus
108782,108990,scotus
108782,109881,scotus
108782,109881,scotus
108782,109881,scotus
108782,108990,scotus
108782,109881,scotus
108782,118407,scotus
108782,110734,scotus
108782,111237,scotus
108782,112266,scotus
108782,112423,scotus
108782,118194,scotus
108782,2620886,scotus
108782,2620886,scotus
108782,112313,scotus
108782,112313,scotus
108813,111617,scotus
108813,112293,scotus
108813,110031,scotus
108813,110077,scotus
108813,110236,scotus
108813,109503,scotus
108813,109574,scotus
108813,109471,scotus
108813,180037,scotus
108813,109881,scotus
108813,109881,scotus
108813,109881,scotus
108813,7340595,scotus
108813,110236,scotus
108813,111617,scotus
108813,112293,scotus
108813,112293,scotus
108848,111490,scotus
108848,110794,scotus
108848,110661,scotus
108848,111596,scotus
108848,112638,scotus
108848,110689,scotus
108848,109836,scotus
108848,109271,scotus
108848,110015,scotus
108848,110059,scotus
108848,109870,scotus
108848,109871,scotus
108848,112103,scotus
108848,111744,scotus
108848,109679,scotus
108848,109727,scotus
108848,112836,scotus
108848,110894,scotus
108848,110992,scotus
108848,111434,scotus
108848,109088,scotus
108848,109090,scotus
108848,109525,scotus
108848,112850,scotus
108848,110312,scotus
108848,112902,scotus
108848,118458,scotus
108848,117960,scotus
108848,118139,scotus
108848,142901,scotus
108848,145810,scotus
108848,9409092,scotus
108848,9410787,scotus
108848,118023,scotus
108848,118023,scotus
108848,118023,scotus
108848,109450,scotus
108848,109450,scotus
108848,109450,scotus
108848,145810,scotus
108848,142901,scotus
108848,118458,scotus
108848,110661,scotus
108848,110794,scotus
108848,110894,scotus
108848,110312,scotus
108848,110689,scotus
108848,111490,scotus
108848,111596,scotus
108848,110992,scotus
108848,112103,scotus
108848,111744,scotus
108848,111744,scotus
108848,111434,scotus
108848,112850,scotus
108848,118139,scotus
108848,112638,scotus
108848,112836,scotus
108848,112836,scotus
108848,112902,scotus
108848,112902,scotus
108897,111503,scotus
108897,112444,scotus
108897,110744,scotus
108897,108972,scotus
108897,110172,scotus
108897,111988,scotus
108897,2764188,scotus
108897,109580,scotus
108897,109580,scotus
108897,109580,scotus
108897,109580,scotus
108897,110172,scotus
108897,110744,scotus
108897,111503,scotus
108897,111988,scotus
108913,111507,scotus
108913,112478,scotus
108913,112481,scotus
108913,110676,scotus
108913,109988,scotus
108913,112295,scotus
108913,109308,scotus
108913,109328,scotus
108913,111869,scotus
108913,109684,scotus
108913,109670,scotus
108913,109679,scotus
108913,111254,scotus
108913,111255,scotus
108913,109004,scotus
108913,111081,scotus
108913,111952,scotus
108913,111403,scotus
108913,111441,scotus
108913,109072,scotus
108913,110432,scotus
108913,109565,scotus
108913,109612,scotus
108913,109642,scotus
108913,2812209,scotus
108913,109760,scotus
108913,109768,scotus
108913,145874,scotus
108913,109570,scotus
108913,109570,scotus
108913,109881,scotus
108913,109881,scotus
108913,109570,scotus
108913,109881,scotus
108913,145874,scotus
108913,9286992,scotus
108913,110676,scotus
108913,111254,scotus
108913,111255,scotus
108913,110432,scotus
108913,111507,scotus
108913,111403,scotus
108913,112295,scotus
108913,112295,scotus
108913,111441,scotus
108913,111441,scotus
108913,111952,scotus
109013,109218,scotus
109013,109235,scotus
109013,110029,scotus
109013,110098,scotus
109013,109930,scotus
109013,110894,scotus
109013,111114,scotus
109013,109065,scotus
109013,110247,scotus
109013,109132,scotus
109013,109618,scotus
109013,110434,scotus
109013,109128,scotus
109013,109610,scotus
109013,109612,scotus
109013,110338,scotus
109013,110548,scotus
109013,109570,scotus
109013,109570,scotus
109013,109570,scotus
109013,110338,scotus
109013,110247,scotus
109013,110548,scotus
109013,110894,scotus
109013,110434,scotus
109013,110434,scotus
109013,110434,scotus
109016,111517,scotus
109016,110765,scotus
109016,137748,scotus
109016,112381,scotus
109016,110829,scotus
109016,110518,scotus
109016,109184,scotus
109016,112589,scotus
109016,112643,scotus
109016,111597,scotus
109016,112647,scotus
109016,112316,scotus
109016,111185,scotus
109016,111904,scotus
109016,110075,scotus
109016,109921,scotus
109016,111913,scotus
109016,109718,scotus
109016,118420,scotus
109016,110099,scotus
109016,110122,scotus
109016,111919,scotus
109016,111252,scotus
109016,111254,scotus
109016,111256,scotus
109016,110140,scotus
109016,109080,scotus
109016,111375,scotus
109016,110173,scotus
109016,109505,scotus
109016,109092,scotus
109016,109097,scotus
109016,109079,scotus
109016,110410,scotus
109016,109568,scotus
109016,109643,scotus
109016,2620698,scotus
109016,2771249,scotus
109016,109776,scotus
109016,110549,scotus
109016,110352,scotus
109016,109406,scotus
109016,118054,scotus
109016,118228,scotus
109016,112258,scotus
109016,109450,scotus
109016,109450,scotus
109016,112258,scotus
109016,112258,scotus
109016,2771249,scotus
109016,137748,scotus
109016,2620698,scotus
109016,110173,scotus
109016,110173,scotus
109016,110549,scotus
109016,110352,scotus
109016,110518,scotus
109016,110518,scotus
109016,110829,scotus
109016,111185,scotus
109016,111185,scotus
109016,111252,scotus
109016,111254,scotus
109016,111919,scotus
109016,111375,scotus
109016,110765,scotus
109016,111256,scotus
109016,111597,scotus
109016,111517,scotus
109016,112316,scotus
109016,112647,scotus
109016,112381,scotus
109016,112643,scotus
109016,118054,scotus
109079,111490,scotus
109079,110757,scotus
109079,137748,scotus
109079,110829,scotus
109079,110518,scotus
109079,110525,scotus
109079,109830,scotus
109079,112260,scotus
109079,109836,scotus
109079,109837,scotus
109079,110085,scotus
109079,111904,scotus
109079,110075,scotus
109079,109876,scotus
109079,109921,scotus
109079,111913,scotus
109079,109718,scotus
109079,118420,scotus
109079,111735,scotus
109079,111252,scotus
109079,111254,scotus
109079,110140,scotus
109079,110874,scotus
109079,109525,scotus
109079,109643,scotus
109079,150544,scotus
109079,110339,scotus
109079,2620698,scotus
109079,110549,scotus
109079,110352,scotus
109079,110309,scotus
109079,109406,scotus
109079,111755,scotus
109079,130150,scotus
109079,121146,scotus
109079,112258,scotus
109079,109450,scotus
109079,109450,scotus
109079,112258,scotus
109079,112258,scotus
109079,150544,scotus
109079,130150,scotus
109079,130150,scotus
109079,137748,scotus
109079,121146,scotus
109079,2620698,scotus
109079,110339,scotus
109079,110339,scotus
109079,110549,scotus
109079,110339,scotus
109079,110352,scotus
109079,110518,scotus
109079,110525,scotus
109079,110829,scotus
109079,110874,scotus
109079,110309,scotus
109079,111252,scotus
109079,111252,scotus
109079,110757,scotus
109079,111254,scotus
109079,111735,scotus
109079,111490,scotus
109079,112260,scotus
109079,111755,scotus
109097,206098,scotus
109097,219097,scotus
109097,1087737,scotus
109097,111476,scotus
109097,111504,scotus
109097,111547,scotus
109097,137748,scotus
109097,110506,scotus
109097,112381,scotus
109097,110829,scotus
109097,110518,scotus
109097,112399,scotus
109097,110525,scotus
109097,109186,scotus
109097,109429,scotus
109097,109223,scotus
109097,112620,scotus
109097,110657,scotus
109097,110590,scotus
109097,112260,scotus
109097,110593,scotus
109097,110603,scotus
109097,110746,scotus
109097,111868,scotus
109097,112324,scotus
109097,110085,scotus
109097,109869,scotus
109097,111904,scotus
109097,109684,scotus
109097,110075,scotus
109097,111193,scotus
109097,109855,scotus
109097,109921,scotus
109097,109718,scotus
109097,111914,scotus
109097,111241,scotus
109097,118420,scotus
109097,109675,scotus
109097,111252,scotus
109097,110113,scotus
109097,111254,scotus
109097,111430,scotus
109097,111433,scotus
109097,110921,scotus
109097,110360,scotus
109097,111990,scotus
109097,109510,scotus
109097,110231,scotus
109097,109136,scotus
109097,109590,scotus
109097,110413,scotus
109097,109560,scotus
109097,109635,scotus
109097,109643,scotus
109097,110337,scotus
109097,799975,scotus
109097,2620698,scotus
109097,2620710,scotus
109097,2808292,scotus
109097,110319,scotus
109097,110352,scotus
109097,110303,scotus
109097,109382,scotus
109097,111556,scotus
109097,118054,scotus
109097,109414,scotus
109097,118112,scotus
109097,130150,scotus
109097,121160,scotus
109097,117957,scotus
109097,121146,scotus
109097,117864,scotus
109097,118214,scotus
109097,117925,scotus
109097,142877,scotus
109097,145860,scotus
109097,9302602,scotus
109097,111555,scotus
109097,111555,scotus
109097,7342462,scotus
109097,7345716,scotus
109097,145860,scotus
109097,145860,scotus
109097,206098,scotus
109097,130150,scotus
109097,121160,scotus
109097,137748,scotus
109097,219097,scotus
109097,142877,scotus
109097,121146,scotus
109097,110337,scotus
109097,110506,scotus
109097,110413,scotus
109097,110352,scotus
109097,110352,scotus
109097,110360,scotus
109097,110518,scotus
109097,110603,scotus
109097,110303,scotus
109097,110525,scotus
109097,110525,scotus
109097,110525,scotus
109097,110657,scotus
109097,9106320,scotus
109097,9106321,scotus
109097,110829,scotus
109097,110829,scotus
109097,110829,scotus
109097,110231,scotus
109097,111241,scotus
109097,110746,scotus
109097,111193,scotus
109097,111252,scotus
109097,111252,scotus
109097,111254,scotus
109097,111504,scotus
109097,111547,scotus
109097,111430,scotus
109097,111430,scotus
109097,111430,scotus
109097,111547,scotus
109097,110319,scotus
109097,111556,scotus
109097,111990,scotus
109097,111433,scotus
109097,112260,scotus
109097,112260,scotus
109097,110921,scotus
109097,110921,scotus
109097,117864,scotus
109097,112381,scotus
109097,117864,scotus
109097,118214,scotus
109097,110590,scotus
109097,110593,scotus
109097,112324,scotus
109097,112620,scotus
109097,111476,scotus
109097,118054,scotus
109097,118054,scotus
109097,118054,scotus
109097,118112,scotus
109097,118112,scotus
109097,1087737,scotus
109097,2620710,scotus
109132,110793,scotus
109132,109218,scotus
109132,109235,scotus
109132,110020,scotus
109132,117836,scotus
109132,110029,scotus
109132,110064,scotus
109132,110066,scotus
109132,110098,scotus
109132,111255,scotus
109132,109930,scotus
109132,109523,scotus
109132,110925,scotus
109132,111114,scotus
109132,109618,scotus
109132,110434,scotus
109132,109612,scotus
109132,110343,scotus
109132,110548,scotus
109132,109406,scotus
109132,118033,scotus
109132,109570,scotus
109132,109570,scotus
109132,109570,scotus
109132,9136737,scotus
109132,110548,scotus
109132,110548,scotus
109132,110925,scotus
109132,110793,scotus
109132,110793,scotus
109132,111255,scotus
109132,110434,scotus
109132,110434,scotus
109132,110434,scotus
109200,137746,scotus
109200,110465,scotus
109200,110493,scotus
109200,109258,scotus
109200,109816,scotus
109200,110731,scotus
109200,111207,scotus
109200,109893,scotus
109200,109894,scotus
109200,109688,scotus
109200,111194,scotus
109200,109694,scotus
109200,109695,scotus
109200,110107,scotus
109200,109891,scotus
109200,109928,scotus
109200,109735,scotus
109200,110942,scotus
109200,111440,scotus
109200,109526,scotus
109200,110361,scotus
109200,109546,scotus
109200,109547,scotus
109200,109631,scotus
109200,109563,scotus
109200,820896,scotus
109200,111663,scotus
109200,109395,scotus
109200,111554,scotus
109200,109550,scotus
109200,111151,scotus
109200,112922,scotus
109200,112928,scotus
109200,118021,scotus
109200,118188,scotus
109200,109895,scotus
109200,109895,scotus
109200,112906,scotus
109200,109895,scotus
109200,820896,scotus
109200,137746,scotus
109200,9135777,scotus
109200,110493,scotus
109200,110731,scotus
109200,110465,scotus
109200,110465,scotus
109200,110942,scotus
109200,9135776,scotus
109200,111207,scotus
109200,111554,scotus
109200,111151,scotus
109200,111151,scotus
109200,111440,scotus
109200,118188,scotus
109200,111194,scotus
109200,111194,scotus
109201,110493,scotus
109201,112643,scotus
109201,109258,scotus
109201,112277,scotus
109201,110731,scotus
109201,109894,scotus
109201,109688,scotus
109201,109695,scotus
109201,109928,scotus
109201,109735,scotus
109201,110237,scotus
109201,109526,scotus
109201,110361,scotus
109201,109546,scotus
109201,109631,scotus
109201,111663,scotus
109201,109550,scotus
109201,111151,scotus
109201,145706,scotus
109201,109895,scotus
109201,109895,scotus
109201,109895,scotus
109201,110237,scotus
109201,110493,scotus
109201,110731,scotus
109201,111151,scotus
109201,112277,scotus
109201,112643,scotus
109204,134732,scotus
109204,109258,scotus
109204,109893,scotus
109204,109894,scotus
109204,109688,scotus
109204,109677,scotus
109204,109891,scotus
109204,109928,scotus
109204,109735,scotus
109204,111333,scotus
109204,109526,scotus
109204,110361,scotus
109204,109631,scotus
109204,110346,scotus
109204,2675752,scotus
109204,109784,scotus
109204,109550,scotus
109204,109895,scotus
109204,109895,scotus
109204,109895,scotus
109204,7356240,scotus
109204,134732,scotus
109204,111333,scotus
109235,111507,scotus
109235,110793,scotus
109235,110020,scotus
109235,117836,scotus
109235,110029,scotus
109235,110064,scotus
109235,110066,scotus
109235,110098,scotus
109235,110130,scotus
109235,109930,scotus
109235,109746,scotus
109235,111114,scotus
109235,109515,scotus
109235,109618,scotus
109235,109588,scotus
109235,110434,scotus
109235,109612,scotus
109235,109642,scotus
109235,4403811,scotus
109235,4618953,scotus
109235,4604808,scotus
109235,4609491,scotus
109235,118056,scotus
109235,112880,scotus
109235,147528,scotus
109235,110212,scotus
109235,109570,scotus
109235,109570,scotus
109235,109570,scotus
109235,110212,scotus
109235,6796084,scotus
109235,147528,scotus
109235,9136737,scotus
109235,110793,scotus
109235,110793,scotus
109235,110434,scotus
109235,111507,scotus
109235,112880,scotus
109235,118056,scotus
109239,110494,scotus
109239,109630,scotus
109239,112066,scotus
109239,110563,scotus
109239,109835,scotus
109239,109615,scotus
109239,109835,scotus
109239,110563,scotus
109239,110494,scotus
109251,111464,scotus
109251,111505,scotus
109251,111506,scotus
109251,109831,scotus
109251,110040,scotus
109251,111924,scotus
109251,109703,scotus
109251,109722,scotus
109251,112138,scotus
109251,112331,scotus
109251,112194,scotus
109251,110189,scotus
109251,109496,scotus
109251,111113,scotus
109251,111003,scotus
109251,111417,scotus
109251,109752,scotus
109251,111561,scotus
109251,112887,scotus
109251,121168,scotus
109251,117967,scotus
109251,6468902,scotus
109251,118133,scotus
109251,118386,scotus
109251,118133,scotus
109251,118133,scotus
109251,118386,scotus
109251,118386,scotus
109251,118386,scotus
109251,121168,scotus
109251,110189,scotus
109251,110189,scotus
109251,111113,scotus
109251,111113,scotus
109251,111505,scotus
109251,111506,scotus
109251,111506,scotus
109251,111506,scotus
109251,111506,scotus
109251,111924,scotus
109251,111924,scotus
109251,112138,scotus
109251,112194,scotus
109251,111561,scotus
109251,111003,scotus
109251,111003,scotus
109251,111464,scotus
109251,117967,scotus
109251,112138,scotus
109251,112331,scotus
109251,112887,scotus
109251,112887,scotus
109259,111503,scotus
109259,110516,scotus
109259,109824,scotus
109259,118363,scotus
109259,110718,scotus
109259,110034,scotus
109259,110042,scotus
109259,110881,scotus
109259,112768,scotus
109259,112853,scotus
109259,118148,scotus
109259,118011,scotus
109259,109499,scotus
109259,109499,scotus
109259,111308,scotus
109259,111308,scotus
109259,111308,scotus
109259,111308,scotus
109259,109499,scotus
109259,118011,scotus
109259,110516,scotus
109259,110718,scotus
109259,110718,scotus
109259,110881,scotus
109259,111503,scotus
109259,112768,scotus
109259,112768,scotus
109259,118148,scotus
109271,111490,scotus
109271,110794,scotus
109271,110561,scotus
109271,110698,scotus
109271,109830,scotus
109271,109836,scotus
109271,110015,scotus
109271,112309,scotus
109271,109301,scotus
109271,112329,scotus
109271,109871,scotus
109271,111744,scotus
109271,109679,scotus
109271,109727,scotus
109271,111256,scotus
109271,112836,scotus
109271,110992,scotus
109271,110188,scotus
109271,118303,scotus
109271,4511150,scotus
109271,110273,scotus
109271,112774,scotus
109271,112786,scotus
109271,109380,scotus
109271,110311,scotus
109271,110312,scotus
109271,109649,scotus
109271,112899,scotus
109271,130162,scotus
109271,130153,scotus
109271,118026,scotus
109271,127910,scotus
109271,117924,scotus
109271,219511,scotus
109271,219616,scotus
109271,118023,scotus
109271,118023,scotus
109271,118023,scotus
109271,109450,scotus
109271,109450,scotus
109271,109450,scotus
109271,7345718,scotus
109271,7345718,scotus
109271,130153,scotus
109271,127910,scotus
109271,130162,scotus
109271,219616,scotus
109271,219616,scotus
109271,110188,scotus
109271,110794,scotus
109271,110311,scotus
109271,110312,scotus
109271,111256,scotus
109271,111490,scotus
109271,110561,scotus
109271,110561,scotus
109271,110992,scotus
109271,112141,scotus
109271,111744,scotus
109271,111744,scotus
109271,112309,scotus
109271,112309,scotus
109271,110698,scotus
109271,112329,scotus
109271,112329,scotus
109271,112774,scotus
109271,118303,scotus
109271,112786,scotus
109271,112836,scotus
109271,112899,scotus
109344,110796,scotus
109344,110816,scotus
109344,112643,scotus
109344,110675,scotus
109344,111153,scotus
109344,111189,scotus
109344,110068,scotus
109344,111709,scotus
109344,112330,scotus
109344,112820,scotus
109344,111778,scotus
109344,110892,scotus
109344,111949,scotus
109344,110996,scotus
109344,110927,scotus
109344,4618956,scotus
109344,110295,scotus
109344,118111,scotus
109344,117859,scotus
109344,118038,scotus
109344,145862,scotus
109344,110563,scotus
109344,109835,scotus
109344,109835,scotus
109344,109344,scotus
109344,109835,scotus
109344,110563,scotus
109344,145862,scotus
109344,9044058,scotus
109344,110295,scotus
109344,110927,scotus
109344,111189,scotus
109344,110796,scotus
109344,111709,scotus
109344,110996,scotus
109344,112330,scotus
109344,112643,scotus
109344,111949,scotus
109344,117859,scotus
109344,118111,scotus
109344,112820,scotus
109344,112820,scotus
109439,145797,scotus
109439,134737,scotus
109439,110785,scotus
109439,110693,scotus
109439,112078,scotus
109439,111235,scotus
109439,112322,scotus
109439,109717,scotus
109439,111727,scotus
109439,111728,scotus
109439,110143,scotus
109439,110138,scotus
109439,112847,scotus
109439,109621,scotus
109439,109540,scotus
109439,109627,scotus
109439,118296,scotus
109439,112752,scotus
109439,111552,scotus
109439,1754,scotus
109439,111151,scotus
109439,117860,scotus
109439,872995,scotus
109439,112640,scotus
109439,112640,scotus
109439,112728,scotus
109439,112728,scotus
109439,112728,scotus
109439,1754,scotus
109439,134737,scotus
109439,110785,scotus
109439,111552,scotus
109439,111235,scotus
109439,111151,scotus
109439,110693,scotus
109439,110693,scotus
109439,110693,scotus
109439,111727,scotus
109439,111727,scotus
109439,111727,scotus
109439,111728,scotus
109439,112322,scotus
109439,112847,scotus
109439,118296,scotus
109450,111467,scotus
109450,111490,scotus
109450,111517,scotus
109450,110765,scotus
109450,110507,scotus
109450,112398,scotus
109450,110532,scotus
109450,112447,scotus
109450,110561,scotus
109450,112627,scotus
109450,110644,scotus
109450,112643,scotus
109450,111596,scotus
109450,109966,scotus
109450,111597,scotus
109450,110735,scotus
109450,109836,scotus
109450,109837,scotus
109450,118369,scotus
109450,112307,scotus
109450,110015,scotus
109450,111866,scotus
109450,112087,scotus
109450,112324,scotus
109450,112090,scotus
109450,112315,scotus
109450,111164,scotus
109450,110059,scotus
109450,109870,scotus
109450,109663,scotus
109450,112329,scotus
109450,112141,scotus
109450,109871,scotus
109450,111876,scotus
109450,112103,scotus
109450,117847,scotus
109450,109921,scotus
109450,111744,scotus
109450,109674,scotus
109450,111245,scotus
109450,109679,scotus
109450,109727,scotus
109450,111256,scotus
109450,118499,scotus
109450,112836,scotus
109450,110992,scotus
109450,110904,scotus
109450,111950,scotus
109450,111434,scotus
109450,112027,scotus
109450,109505,scotus
109450,110188,scotus
109450,112042,scotus
109450,109542,scotus
109450,118303,scotus
109450,118293,scotus
109450,4507882,scotus
109450,4503818,scotus
109450,4503819,scotus
109450,2681318,scotus
109450,4511150,scotus
109450,2680591,scotus
109450,4503544,scotus
109450,4379104,scotus
109450,4765904,scotus
109450,2144,scotus
109450,1728,scotus
109450,110549,scotus
109450,112774,scotus
109450,112850,scotus
109450,112781,scotus
109450,110311,scotus
109450,118061,scotus
109450,110312,scotus
109450,109649,scotus
109450,112899,scotus
109450,112348,scotus
109450,118455,scotus
109450,130162,scotus
109450,118458,scotus
109450,130153,scotus
109450,117963,scotus
109450,118139,scotus
109450,118167,scotus
109450,117898,scotus
109450,117924,scotus
109450,219511,scotus
109450,219616,scotus
109450,145710,scotus
109450,145810,scotus
109450,803268,scotus
109450,118023,scotus
109450,118023,scotus
109450,118023,scotus
109450,109450,scotus
109450,7345718,scotus
109450,7345718,scotus
109450,2144,scotus
109450,1728,scotus
109450,145810,scotus
109450,130153,scotus
109450,130162,scotus
109450,118369,scotus
109450,118369,scotus
109450,219616,scotus
109450,219616,scotus
109450,118455,scotus
109450,118455,scotus
109450,118458,scotus
109450,118458,scotus
109450,118499,scotus
109450,803268,scotus
109450,803268,scotus
109450,118458,scotus
109450,9036988,scotus
109450,110188,scotus
109450,110188,scotus
109450,110507,scotus
109450,110549,scotus
109450,110532,scotus
109450,110532,scotus
109450,110549,scotus
109450,110735,scotus
109450,110311,scotus
109450,111245,scotus
109450,110311,scotus
109450,110312,scotus
109450,110312,scotus
109450,110312,scotus
109450,111866,scotus
109450,111256,scotus
109450,110904,scotus
109450,112027,scotus
109450,111490,scotus
109450,111490,scotus
109450,110561,scotus
109450,110561,scotus
109450,110765,scotus
109450,111596,scotus
109450,111597,scotus
109450,110992,scotus
109450,110992,scotus
109450,112141,scotus
109450,112103,scotus
109450,111744,scotus
109450,111744,scotus
109450,112307,scotus
109450,111517,scotus
109450,112103,scotus
109450,112203,scotus
109450,111434,scotus
109450,111434,scotus
109450,111434,scotus
109450,112348,scotus
109450,112348,scotus
109450,111164,scotus
109450,112315,scotus
109450,112329,scotus
109450,112090,scotus
109450,112643,scotus
109450,111950,scotus
109450,111950,scotus
109450,112447,scotus
109450,112324,scotus
109450,112850,scotus
109450,117847,scotus
109450,111467,scotus
109450,117898,scotus
109450,112774,scotus
109450,118303,scotus
109450,112774,scotus
109450,112627,scotus
109450,112627,scotus
109450,112627,scotus
109450,118167,scotus
109450,112627,scotus
109450,118139,scotus
109450,118139,scotus
109450,118293,scotus
109450,112781,scotus
109450,112899,scotus
109450,112836,scotus
109450,112836,scotus
109450,112836,scotus
109469,625722,scotus
109469,134735,scotus
109469,4896548,scotus
109469,4902410,scotus
109469,1087691,scotus
109469,1088006,scotus
109469,110790,scotus
109469,110478,scotus
109469,110782,scotus
109469,110461,scotus
109469,110784,scotus
109469,110786,scotus
109469,112404,scotus
109469,110499,scotus
109469,112601,scotus
109469,110553,scotus
109469,112718,scotus
109469,112520,scotus
109469,111565,scotus
109469,110042,scotus
109469,111869,scotus
109469,118407,scotus
109469,111211,scotus
109469,109665,scotus
109469,118387,scotus
109469,112330,scotus
109469,112145,scotus
109469,110098,scotus
109469,118421,scotus
109469,109708,scotus
109469,109724,scotus
109469,109709,scotus
109469,109725,scotus
109469,110142,scotus
109469,111737,scotus
109469,109728,scotus
109469,110143,scotus
109469,118444,scotus
109469,111793,scotus
109469,112805,scotus
109469,109733,scotus
109469,109734,scotus
109469,109930,scotus
109469,110141,scotus
109469,112195,scotus
109469,110933,scotus
109469,110938,scotus
109469,111008,scotus
109469,111375,scotus
109469,111413,scotus
109469,110246,scotus
109469,109573,scotus
109469,109624,scotus
109469,109627,scotus
109469,110434,scotus
109469,109565,scotus
109469,109610,scotus
109469,118334,scotus
109469,110338,scotus
109469,110333,scotus
109469,799972,scotus
109469,799976,scotus
109469,799993,scotus
109469,2959750,scotus
109469,2620697,scotus
109469,2811844,scotus
109469,2672208,scotus
109469,2670794,scotus
109469,4633469,scotus
109469,109753,scotus
109469,110160,scotus
109469,111662,scotus
109469,111552,scotus
109469,112782,scotus
109469,118054,scotus
109469,118071,scotus
109469,112905,scotus
109469,118107,scotus
109469,130160,scotus
109469,118140,scotus
109469,118009,scotus
109469,127902,scotus
109469,118203,scotus
109469,127888,scotus
109469,112252,scotus
109469,127926,scotus
109469,117876,scotus
109469,145627,scotus
109469,145813,scotus
109469,145848,scotus
109469,9404970,scotus
109469,9410338,scotus
109469,9476533,scotus
109469,9480638,scotus
109469,10049679,scotus
109469,10049657,scotus
109469,10290267,scotus
109469,145875,scotus
109469,145875,scotus
109469,117947,scotus
109469,117947,scotus
109469,117947,scotus
109469,2811844,scotus
109469,145813,scotus
109469,145848,scotus
109469,625722,scotus
109469,127902,scotus
109469,130160,scotus
109469,134735,scotus
109469,134735,scotus
109469,145627,scotus
109469,118387,scotus
109469,118334,scotus
109469,118444,scotus
109469,118407,scotus
109469,118407,scotus
109469,118407,scotus
109469,799993,scotus
109469,127926,scotus
109469,2620697,scotus
109469,799972,scotus
109469,799976,scotus
109469,9032675,scotus
109469,9158193,scotus
109469,9158194,scotus
109469,110333,scotus
109469,110338,scotus
109469,9281247,scotus
109469,9281247,scotus
109469,110246,scotus
109469,110246,scotus
109469,110246,scotus
109469,110246,scotus
109469,110553,scotus
109469,110461,scotus
109469,110461,scotus
109469,110782,scotus
109469,110784,scotus
109469,110786,scotus
109469,110933,scotus
109469,110790,scotus
109469,110790,scotus
109469,110790,scotus
109469,110938,scotus
109469,110478,scotus
109469,111662,scotus
109469,111737,scotus
109469,111375,scotus
109469,111211,scotus
109469,111552,scotus
109469,110434,scotus
109469,112195,scotus
109469,112252,scotus
109469,111565,scotus
109469,112520,scotus
109469,112330,scotus
109469,111008,scotus
109469,111008,scotus
109469,111008,scotus
109469,112601,scotus
109469,112805,scotus
109469,112601,scotus
109469,112601,scotus
109469,112905,scotus
109469,118054,scotus
109469,117876,scotus
109469,112782,scotus
109469,112782,scotus
109469,118140,scotus
109469,118203,scotus
109469,1088006,scotus
109469,1087691,scotus
109469,112145,scotus
109469,112145,scotus
109469,118107,scotus
109490,110770,scotus
109490,112382,scotus
109490,112419,scotus
109490,109805,scotus
109490,110598,scotus
109490,110742,scotus
109490,109817,scotus
109490,110729,scotus
109490,109687,scotus
109490,111195,scotus
109490,110076,scotus
109490,111196,scotus
109490,111744,scotus
109490,112159,scotus
109490,112039,scotus
109490,4757657,scotus
109490,3211608,scotus
109490,4759389,scotus
109490,4759028,scotus
109490,4759029,scotus
109490,110268,scotus
109490,110270,scotus
109490,110322,scotus
109490,110055,scotus
109490,2620876,scotus
109490,111940,scotus
109490,111940,scotus
109490,3211608,scotus
109490,3211608,scotus
109490,110598,scotus
109490,110598,scotus
109490,110770,scotus
109490,110770,scotus
109490,110270,scotus
109490,110742,scotus
109490,111195,scotus
109490,110322,scotus
109490,111744,scotus
109490,112159,scotus
109490,112419,scotus
109490,112382,scotus
109499,111503,scotus
109499,110458,scotus
109499,110516,scotus
109499,110517,scotus
109499,112482,scotus
109499,109823,scotus
109499,109824,scotus
109499,109794,scotus
109499,110673,scotus
109499,112643,scotus
109499,110718,scotus
109499,110034,scotus
109499,118362,scotus
109499,110042,scotus
109499,110068,scotus
109499,109923,scotus
109499,109723,scotus
109499,110143,scotus
109499,109919,scotus
109499,110881,scotus
109499,109517,scotus
109499,109520,scotus
109499,110945,scotus
109499,110985,scotus
109499,111104,scotus
109499,110226,scotus
109499,112044,scotus
109499,110420,scotus
109499,109647,scotus
109499,109643,scotus
109499,118318,scotus
109499,110338,scotus
109499,799995,scotus
109499,110248,scotus
109499,112768,scotus
109499,112853,scotus
109499,111662,scotus
109499,110308,scotus
109499,118089,scotus
109499,118148,scotus
109499,117935,scotus
109499,117927,scotus
109499,145739,scotus
109499,145706,scotus
109499,9406660,scotus
109499,6619822,scotus
109499,10049675,scotus
109499,111308,scotus
109499,111308,scotus
109499,111308,scotus
109499,111308,scotus
109499,112040,scotus
109499,109881,scotus
109499,109499,scotus
109499,109881,scotus
109499,112040,scotus
109499,112040,scotus
109499,145739,scotus
109499,799995,scotus
109499,9048746,scotus
109499,9075444,scotus
109499,9075445,scotus
109499,110338,scotus
109499,110248,scotus
109499,110248,scotus
109499,110516,scotus
109499,110458,scotus
109499,110718,scotus
109499,110226,scotus
109499,110718,scotus
109499,110718,scotus
109499,110420,scotus
109499,110308,scotus
109499,110308,scotus
109499,110881,scotus
109499,110881,scotus
109499,110881,scotus
109499,111104,scotus
109499,110985,scotus
109499,110945,scotus
109499,111503,scotus
109499,111662,scotus
109499,112768,scotus
109499,112768,scotus
109499,112643,scotus
109499,118318,scotus
109499,118148,scotus
109499,118148,scotus
109503,112266,scotus
109503,109992,scotus
109503,109904,scotus
109503,111094,scotus
109503,110169,scotus
109503,799986,scotus
109503,109881,scotus
109503,109881,scotus
109503,109881,scotus
109503,109881,scotus
109503,799986,scotus
109503,799986,scotus
109503,111094,scotus
109503,111094,scotus
109503,112266,scotus
109503,112266,scotus
109520,134743,scotus
109520,625722,scotus
109520,111503,scotus
109520,110458,scotus
109520,110792,scotus
109520,110516,scotus
109520,112641,scotus
109520,112632,scotus
109520,118363,scotus
109520,112291,scotus
109520,112292,scotus
109520,112293,scotus
109520,110042,scotus
109520,112299,scotus
109520,110031,scotus
109520,118407,scotus
109520,109723,scotus
109520,109919,scotus
109520,110881,scotus
109520,111094,scotus
109520,111949,scotus
109520,110236,scotus
109520,110929,scotus
109520,110420,scotus
109520,118316,scotus
109520,118318,scotus
109520,118323,scotus
109520,110327,scotus
109520,110338,scotus
109520,4738313,scotus
109520,4895709,scotus
109520,110248,scotus
109520,110753,scotus
109520,110291,scotus
109520,118134,scotus
109520,118140,scotus
109520,127888,scotus
109520,127926,scotus
109520,117880,scotus
109520,145688,scotus
109520,145697,scotus
109520,9398335,scotus
109520,9404968,scotus
109520,6619822,scotus
109520,9480639,scotus
109520,9484378,scotus
109520,10049696,scotus
109520,10049677,scotus
109520,118011,scotus
109520,118317,scotus
109520,118317,scotus
109520,109499,scotus
109520,112640,scotus
109520,112640,scotus
109520,109881,scotus
109520,109881,scotus
109520,109499,scotus
109520,109881,scotus
109520,118011,scotus
109520,118011,scotus
109520,625722,scotus
109520,145688,scotus
109520,145697,scotus
109520,118323,scotus
109520,118407,scotus
109520,118407,scotus
109520,127926,scotus
109520,127926,scotus
109520,127926,scotus
109520,134743,scotus
109520,110338,scotus
109520,110291,scotus
109520,110236,scotus
109520,110458,scotus
109520,110248,scotus
109520,110516,scotus
109520,110458,scotus
109520,110420,scotus
109520,110929,scotus
109520,110881,scotus
109520,110792,scotus
109520,110753,scotus
109520,111094,scotus
109520,111094,scotus
109520,111503,scotus
109520,111503,scotus
109520,112291,scotus
109520,112292,scotus
109520,112293,scotus
109520,112641,scotus
109520,112299,scotus
109520,112299,scotus
109520,118316,scotus
109520,111949,scotus
109520,111949,scotus
109520,118318,scotus
109520,112291,scotus
109520,112291,scotus
109520,117880,scotus
109520,118140,scotus
109520,118134,scotus
109520,112632,scotus
109561,620567,scotus
109561,217161,scotus
109561,1088006,scotus
109561,1087956,scotus
109561,111455,scotus
109561,134747,scotus
109561,110478,scotus
109561,5293793,scotus
109561,110518,scotus
109561,112626,scotus
109561,112693,scotus
109561,112699,scotus
109561,112254,scotus
109561,112257,scotus
109561,110589,scotus
109561,112726,scotus
109561,110746,scotus
109561,111610,scotus
109561,117833,scotus
109561,112116,scotus
109561,109921,scotus
109561,111250,scotus
109561,110132,scotus
109561,111252,scotus
109561,109919,scotus
109561,112202,scotus
109561,110998,scotus
109561,110175,scotus
109561,112231,scotus
109561,110245,scotus
109561,111415,scotus
109561,111029,scotus
109561,109635,scotus
109561,109643,scotus
109561,2959734,scotus
109561,2959737,scotus
109561,4403804,scotus
109561,4748670,scotus
109561,802973,scotus
109561,4749014,scotus
109561,4749015,scotus
109561,1738,scotus
109561,109781,scotus
109561,110352,scotus
109561,112858,scotus
109561,111556,scotus
109561,112888,scotus
109561,118054,scotus
109561,130150,scotus
109561,118104,scotus
109561,118466,scotus
109561,121169,scotus
109561,127917,scotus
109561,118214,scotus
109561,177420,scotus
109561,217287,scotus
109561,146552,scotus
109561,146790,scotus
109561,803271,scotus
109561,4605632,scotus
109561,4605633,scotus
109561,145730,scotus
109561,145722,scotus
109561,145827,scotus
109561,145817,scotus
109561,9438686,scotus
109561,9484377,scotus
109561,9986256,scotus
109561,111555,scotus
109561,111555,scotus
109561,4605633,scotus
109561,6795859,scotus
109561,7350292,scotus
109561,7350292,scotus
109561,1738,scotus
109561,145827,scotus
109561,177420,scotus
109561,620567,scotus
109561,620567,scotus
109561,146552,scotus
109561,146790,scotus
109561,145817,scotus
109561,2959734,scotus
109561,2959737,scotus
109561,2959737,scotus
109561,2959737,scotus
109561,130150,scotus
109561,145722,scotus
109561,121169,scotus
109561,145730,scotus
109561,127917,scotus
109561,110175,scotus
109561,110175,scotus
109561,110245,scotus
109561,110352,scotus
109561,110518,scotus
109561,110518,scotus
109561,110518,scotus
109561,111029,scotus
109561,110746,scotus
109561,111250,scotus
109561,111252,scotus
109561,111252,scotus
109561,111415,scotus
109561,111610,scotus
109561,111610,scotus
109561,110478,scotus
109561,110478,scotus
109561,110998,scotus
109561,111556,scotus
109561,112202,scotus
109561,112202,scotus
109561,112257,scotus
109561,112116,scotus
109561,112231,scotus
109561,111455,scotus
109561,118214,scotus
109561,110589,scotus
109561,110589,scotus
109561,112626,scotus
109561,118054,scotus
109561,112626,scotus
109561,112888,scotus
109561,112888,scotus
109561,1087956,scotus
109561,1087956,scotus
109561,1087956,scotus
109561,1088006,scotus
109561,118104,scotus
109574,1993216,scotus
109574,134743,scotus
109574,4894055,scotus
109574,4898459,scotus
109574,1087950,scotus
109574,111492,scotus
109574,110765,scotus
109574,112423,scotus
109574,112414,scotus
109574,110697,scotus
109574,109967,scotus
109574,109815,scotus
109574,118368,scotus
109574,109992,scotus
109574,112293,scotus
109574,110033,scotus
109574,109965,scotus
109574,145662,scotus
109574,109665,scotus
109574,109666,scotus
109574,109878,scotus
109574,110072,scotus
109574,112800,scotus
109574,118430,scotus
109574,109923,scotus
109574,110077,scotus
109574,111946,scotus
109574,110874,scotus
109574,109930,scotus
109574,110141,scotus
109574,110966,scotus
109574,111094,scotus
109574,111388,scotus
109574,110917,scotus
109574,110232,scotus
109574,111008,scotus
109574,111413,scotus
109574,110246,scotus
109574,118318,scotus
109574,145705,scotus
109574,2760669,scotus
109574,4623614,scotus
109574,4508137,scotus
109574,4742387,scotus
109574,4894283,scotus
109574,4894284,scotus
109574,4903413,scotus
109574,110753,scotus
109574,118059,scotus
109574,118060,scotus
109574,118054,scotus
109574,112456,scotus
109574,118087,scotus
109574,130146,scotus
109574,112927,scotus
109574,110055,scotus
109574,112369,scotus
109574,118040,scotus
109574,117894,scotus
109574,118203,scotus
109574,118037,scotus
109574,112252,scotus
109574,117880,scotus
109574,145665,scotus
109574,2620886,scotus
109574,145909,scotus
109574,145857,scotus
109574,1854808,scotus
109574,9508919,scotus
109574,9509016,scotus
109574,9598786,scotus
109574,109881,scotus
109574,109881,scotus
109574,109881,scotus
109574,109881,scotus
109574,9231312,scotus
109574,9231312,scotus
109574,9231236,scotus
109574,9231236,scotus
109574,9231236,scotus
109574,2760669,scotus
109574,145909,scotus
109574,145857,scotus
109574,9190483,scotus
109574,9190484,scotus
109574,145662,scotus
109574,145662,scotus
109574,145705,scotus
109574,145705,scotus
109574,118368,scotus
109574,118430,scotus
109574,130146,scotus
109574,134743,scotus
109574,1993216,scotus
109574,110246,scotus
109574,110232,scotus
109574,110874,scotus
109574,110753,scotus
109574,110753,scotus
109574,111094,scotus
109574,110765,scotus
109574,111492,scotus
109574,112252,scotus
109574,111388,scotus
109574,110917,scotus
109574,112252,scotus
109574,112252,scotus
109574,112252,scotus
109574,110697,scotus
109574,112293,scotus
109574,112414,scotus
109574,112800,scotus
109574,111946,scotus
109574,111946,scotus
109574,112369,scotus
109574,118040,scotus
109574,111008,scotus
109574,118318,scotus
109574,112423,scotus
109574,118054,scotus
109574,117880,scotus
109574,118203,scotus
109574,1087950,scotus
109574,1087950,scotus
109574,1087950,scotus
109574,2620886,scotus
109615,2783506,scotus
109615,1087947,scotus
109615,110780,scotus
109615,110485,scotus
109615,110488,scotus
109615,110494,scotus
109615,110816,scotus
109615,109824,scotus
109615,112491,scotus
109615,110643,scotus
109615,112643,scotus
109615,110734,scotus
109615,112528,scotus
109615,117834,scotus
109615,111213,scotus
109615,110068,scotus
109615,109900,scotus
109615,111709,scotus
109615,111941,scotus
109615,111942,scotus
109615,112820,scotus
109615,112167,scotus
109615,112027,scotus
109615,112242,scotus
109615,111042,scotus
109615,110229,scotus
109615,799982,scotus
109615,2801433,scotus
109615,4509418,scotus
109615,110295,scotus
109615,110297,scotus
109615,112450,scotus
109615,118111,scotus
109615,117956,scotus
109615,117997,scotus
109615,117859,scotus
109615,118038,scotus
109615,112066,scotus
109615,117914,scotus
109615,620672,scotus
109615,110563,scotus
109615,110563,scotus
109615,112608,scotus
109615,112739,scotus
109615,109835,scotus
109615,109835,scotus
109615,109835,scotus
109615,110563,scotus
109615,112608,scotus
109615,112739,scotus
109615,112739,scotus
109615,2783506,scotus
109615,620672,scotus
109615,799982,scotus
109615,799982,scotus
109615,110295,scotus
109615,110494,scotus
109615,110229,scotus
109615,110643,scotus
109615,110780,scotus
109615,110734,scotus
109615,111709,scotus
109615,112027,scotus
109615,111213,scotus
109615,111213,scotus
109615,110485,scotus
109615,111941,scotus
109615,110488,scotus
109615,111942,scotus
109615,111942,scotus
109615,117914,scotus
109615,117914,scotus
109615,112528,scotus
109615,112528,scotus
109615,112167,scotus
109615,112643,scotus
109615,112242,scotus
109615,112242,scotus
109615,112450,scotus
109615,117859,scotus
109615,117859,scotus
109615,118111,scotus
109615,112450,scotus
109615,112820,scotus
109615,112820,scotus
109630,111941,scotus
109630,110894,scotus
109630,4509418,scotus
109630,110295,scotus
109630,112354,scotus
109630,112066,scotus
109630,110563,scotus
109630,112739,scotus
109630,110563,scotus
109630,112739,scotus
109630,112739,scotus
109630,112739,scotus
109630,110295,scotus
109630,110295,scotus
109630,110894,scotus
109630,111941,scotus
109631,137746,scotus
109631,110473,scotus
109631,112372,scotus
109631,110465,scotus
109631,112566,scotus
109631,122251,scotus
109631,109836,scotus
109631,110731,scotus
109631,112298,scotus
109631,112324,scotus
109631,109893,scotus
109631,109894,scotus
109631,111877,scotus
109631,109688,scotus
109631,109695,scotus
109631,111246,scotus
109631,110109,scotus
109631,109891,scotus
109631,109928,scotus
109631,109735,scotus
109631,111333,scotus
109631,110875,scotus
109631,110361,scotus
109631,2675752,scotus
109631,820896,scotus
109631,800858,scotus
109631,109784,scotus
109631,112868,scotus
109631,111663,scotus
109631,111151,scotus
109631,111750,scotus
109631,112922,scotus
109631,112352,scotus
109631,118239,scotus
109631,127920,scotus
109631,127895,scotus
109631,145631,scotus
109631,9477032,scotus
109631,10049673,scotus
109631,109895,scotus
109631,109895,scotus
109631,109895,scotus
109631,800858,scotus
109631,800858,scotus
109631,820896,scotus
109631,137746,scotus
109631,122251,scotus
109631,110731,scotus
109631,110875,scotus
109631,111246,scotus
109631,110465,scotus
109631,110465,scotus
109631,110473,scotus
109631,111333,scotus
109631,111151,scotus
109631,111151,scotus
109631,111750,scotus
109631,111750,scotus
109631,112352,scotus
109631,112868,scotus
109631,112298,scotus
109631,112372,scotus
109631,112324,scotus
109631,112566,scotus
109635,626209,scotus
109635,4894053,scotus
109635,111547,scotus
109635,110458,scotus
109635,110478,scotus
109635,112381,scotus
109635,110829,scotus
109635,110518,scotus
109635,112620,scotus
109635,112693,scotus
109635,112699,scotus
109635,110657,scotus
109635,112257,scotus
109635,110594,scotus
109635,110676,scotus
109635,109969,scotus
109635,109815,scotus
109635,110745,scotus
109635,110746,scotus
109635,112646,scotus
109635,111610,scotus
109635,112295,scotus
109635,112116,scotus
109635,112324,scotus
109635,111198,scotus
109635,110085,scotus
109635,112340,scotus
109635,109684,scotus
109635,110075,scotus
109635,109855,scotus
109635,109670,scotus
109635,111252,scotus
109635,112795,scotus
109635,110145,scotus
109635,111301,scotus
109635,112202,scotus
109635,110998,scotus
109635,110999,scotus
109635,111000,scotus
109635,110223,scotus
109635,111415,scotus
109635,110231,scotus
109635,2620710,scotus
109635,2808292,scotus
109635,2811847,scotus
109635,4591916,scotus
109635,112769,scotus
109635,110292,scotus
109635,111556,scotus
109635,112904,scotus
109635,112150,scotus
109635,112924,scotus
109635,117957,scotus
109635,117964,scotus
109635,118144,scotus
109635,9986256,scotus
109635,111555,scotus
109635,111555,scotus
109635,2811847,scotus
109635,4591916,scotus
109635,626209,scotus
109635,110292,scotus
109635,110518,scotus
109635,110594,scotus
109635,110458,scotus
109635,110223,scotus
109635,110223,scotus
109635,110657,scotus
109635,110231,scotus
109635,111301,scotus
109635,111301,scotus
109635,110746,scotus
109635,111252,scotus
109635,111415,scotus
109635,110676,scotus
109635,111610,scotus
109635,111610,scotus
109635,111198,scotus
109635,110478,scotus
109635,110478,scotus
109635,111547,scotus
109635,110998,scotus
109635,110998,scotus
109635,110999,scotus
109635,111000,scotus
109635,111556,scotus
109635,111556,scotus
109635,112202,scotus
109635,112257,scotus
109635,112150,scotus
109635,112116,scotus
109635,112646,scotus
109635,112295,scotus
109635,112769,scotus
109635,112340,scotus
109635,112324,scotus
109635,112324,scotus
109635,112620,scotus
109635,112646,scotus
109635,112381,scotus
109635,112904,scotus
109635,2620710,scotus
109649,110532,scotus
109649,110561,scotus
109649,109836,scotus
109649,109837,scotus
109649,110015,scotus
109649,111175,scotus
109649,112141,scotus
109649,111876,scotus
109649,117847,scotus
109649,111744,scotus
109649,109710,scotus
109649,109727,scotus
109649,111256,scotus
109649,112836,scotus
109649,110992,scotus
109649,111434,scotus
109649,118303,scotus
109649,110549,scotus
109649,112850,scotus
109649,112781,scotus
109649,110311,scotus
109649,110312,scotus
109649,111248,scotus
109649,1741,scotus
109649,110056,scotus
109649,219511,scotus
109649,219616,scotus
109649,118023,scotus
109649,118023,scotus
109649,118023,scotus
109649,7345718,scotus
109649,1741,scotus
109649,219616,scotus
109649,110549,scotus
109649,110549,scotus
109649,110532,scotus
109649,110549,scotus
109649,110311,scotus
109649,111175,scotus
109649,111175,scotus
109649,111248,scotus
109649,110312,scotus
109649,110312,scotus
109649,111256,scotus
109649,110561,scotus
109649,110561,scotus
109649,110561,scotus
109649,110992,scotus
109649,110992,scotus
109649,112141,scotus
109649,111744,scotus
109649,111434,scotus
109649,112850,scotus
109649,117847,scotus
109649,118303,scotus
109649,112781,scotus
109649,112836,scotus
109662,109811,scotus
109662,109868,scotus
109662,109916,scotus
109662,110986,scotus
109662,799971,scotus
109662,2790213,scotus
109662,110063,scotus
109662,110799,scotus
109662,110799,scotus
109662,110063,scotus
109662,110063,scotus
109662,799971,scotus
109662,110986,scotus
109680,145794,scotus
109680,111497,scotus
109680,111513,scotus
109680,110484,scotus
109680,110831,scotus
109680,112444,scotus
109680,112476,scotus
109680,110708,scotus
109680,112296,scotus
109680,110101,scotus
109680,111777,scotus
109680,112245,scotus
109680,112044,scotus
109680,4802500,scotus
109680,4764452,scotus
109680,4618958,scotus
109680,110752,scotus
109680,109763,scotus
109680,111674,scotus
109680,117994,scotus
109680,117858,scotus
109680,118244,scotus
109680,117874,scotus
109680,145701,scotus
109680,145918,scotus
109680,118149,scotus
109680,118230,scotus
109680,118230,scotus
109680,111218,scotus
109680,111218,scotus
109680,112739,scotus
109680,117931,scotus
109680,109716,scotus
109680,109716,scotus
109680,109716,scotus
109680,112739,scotus
109680,117931,scotus
109680,117931,scotus
109680,4764452,scotus
109680,145701,scotus
109680,9075445,scotus
109680,9075444,scotus
109680,9086192,scotus
109680,110708,scotus
109680,110708,scotus
109680,110831,scotus
109680,110831,scotus
109680,110752,scotus
109680,110752,scotus
109680,111777,scotus
109680,111497,scotus
109680,111513,scotus
109680,112296,scotus
109680,117874,scotus
109688,122251,scotus
109688,110714,scotus
109688,109894,scotus
109688,109735,scotus
109688,110361,scotus
109688,820896,scotus
109688,109895,scotus
109688,109895,scotus
109688,109895,scotus
109688,820896,scotus
109688,122251,scotus
109688,110714,scotus
109695,1087946,scotus
109695,111488,scotus
109695,111541,scotus
109695,110824,scotus
109695,110541,scotus
109695,110842,scotus
109695,112432,scotus
109695,109806,scotus
109695,112713,scotus
109695,110681,scotus
109695,109983,scotus
109695,109818,scotus
109695,111207,scotus
109695,111872,scotus
109695,109894,scotus
109695,111236,scotus
109695,111931,scotus
109695,118417,scotus
109695,112177,scotus
109695,111270,scotus
109695,109736,scotus
109695,111317,scotus
109695,110237,scotus
109695,111440,scotus
109695,110428,scotus
109695,110407,scotus
109695,110307,scotus
109695,118091,scotus
109695,111048,scotus
109695,112352,scotus
109695,117954,scotus
109695,118013,scotus
109695,4510030,scotus
109695,112906,scotus
109695,118417,scotus
109695,9135776,scotus
109695,9135777,scotus
109695,9135777,scotus
109695,110237,scotus
109695,110237,scotus
109695,110237,scotus
109695,110407,scotus
109695,110307,scotus
109695,110307,scotus
109695,110824,scotus
109695,110541,scotus
109695,111048,scotus
109695,111236,scotus
109695,110842,scotus
109695,110428,scotus
109695,111317,scotus
109695,9135776,scotus
109695,9135777,scotus
109695,9135776,scotus
109695,110681,scotus
109695,111207,scotus
109695,111488,scotus
109695,111541,scotus
109695,111541,scotus
109695,111931,scotus
109695,111270,scotus
109695,111440,scotus
109695,111440,scotus
109695,111440,scotus
109695,112432,scotus
109695,112177,scotus
109695,112352,scotus
109695,112432,scotus
109695,112713,scotus
109695,1087946,scotus
109695,118091,scotus
109698,2654533,scotus
109698,2654756,scotus
109698,112388,scotus
109698,110465,scotus
109698,110502,scotus
109698,112660,scotus
109698,112485,scotus
109698,112637,scotus
109698,110692,scotus
109698,111632,scotus
109698,112731,scotus
109698,118381,scotus
109698,111235,scotus
109698,110067,scotus
109698,111933,scotus
109698,111713,scotus
109698,110109,scotus
109698,110132,scotus
109698,110138,scotus
109698,112808,scotus
109698,111829,scotus
109698,111315,scotus
109698,111318,scotus
109698,110970,scotus
109698,111976,scotus
109698,111418,scotus
109698,118274,scotus
109698,110402,scotus
109698,4738309,scotus
109698,4384109,scotus
109698,112868,scotus
109698,112775,scotus
109698,112872,scotus
109698,111356,scotus
109698,112898,scotus
109698,112924,scotus
109698,117954,scotus
109698,121164,scotus
109698,121165,scotus
109698,118188,scotus
109698,118043,scotus
109698,118018,scotus
109698,145624,scotus
109698,145638,scotus
109698,145921,scotus
109698,815038,scotus
109698,6619003,scotus
109698,9477032,scotus
109698,109895,scotus
109698,117958,scotus
109698,109895,scotus
109698,117958,scotus
109698,117958,scotus
109698,4384109,scotus
109698,145921,scotus
109698,121164,scotus
109698,121165,scotus
109698,145624,scotus
109698,145624,scotus
109698,118381,scotus
109698,118381,scotus
109698,9070221,scotus
109698,9070222,scotus
109698,110502,scotus
109698,110402,scotus
109698,111356,scotus
109698,110465,scotus
109698,111315,scotus
109698,111318,scotus
109698,111418,scotus
109698,110692,scotus
109698,111713,scotus
109698,111713,scotus
109698,111713,scotus
109698,111829,scotus
109698,111829,scotus
109698,110970,scotus
109698,110970,scotus
109698,111632,scotus
109698,111235,scotus
109698,111235,scotus
109698,111933,scotus
109698,110692,scotus
109698,112660,scotus
109698,112868,scotus
109698,112872,scotus
109698,112872,scotus
109698,118043,scotus
109698,118043,scotus
109698,118274,scotus
109698,118274,scotus
109698,118274,scotus
109698,112808,scotus
109698,112808,scotus
109698,112775,scotus
109698,112775,scotus
109698,112775,scotus
109698,112388,scotus
109698,112388,scotus
109698,112388,scotus
109698,118188,scotus
109698,118043,scotus
109698,118043,scotus
109698,118043,scotus
109698,118188,scotus
109698,112637,scotus
109698,112637,scotus
109698,112898,scotus
109714,622304,scotus
109714,112392,scotus
109714,112412,scotus
109714,112579,scotus
109714,112595,scotus
109714,112475,scotus
109714,111583,scotus
109714,110558,scotus
109714,110559,scotus
109714,112287,scotus
109714,111172,scotus
109714,112067,scotus
109714,109866,scotus
109714,109874,scotus
109714,110118,scotus
109714,110119,scotus
109714,110100,scotus
109714,109905,scotus
109714,111259,scotus
109714,111788,scotus
109714,111301,scotus
109714,111262,scotus
109714,111257,scotus
109714,111282,scotus
109714,111305,scotus
109714,110959,scotus
109714,110976,scotus
109714,110979,scotus
109714,110901,scotus
109714,110197,scotus
109714,111143,scotus
109714,110235,scotus
109714,111146,scotus
109714,111013,scotus
109714,112219,scotus
109714,111423,scotus
109714,110411,scotus
109714,110326,scotus
109714,2620702,scotus
109714,2680439,scotus
109714,3216497,scotus
109714,110158,scotus
109714,131161,scotus
109714,112448,scotus
109714,110314,scotus
109714,109953,scotus
109714,145670,scotus
109714,2620876,scotus
109714,110719,scotus
109714,110719,scotus
109714,110719,scotus
109714,112608,scotus
109714,110719,scotus
109714,112608,scotus
109714,112608,scotus
109714,112608,scotus
109714,7350871,scotus
109714,622304,scotus
109714,145670,scotus
109714,145670,scotus
109714,131161,scotus
109714,2620702,scotus
109714,110235,scotus
109714,110158,scotus
109714,111301,scotus
109714,111172,scotus
109714,111305,scotus
109714,111305,scotus
109714,110558,scotus
109714,110558,scotus
109714,110558,scotus
109714,110558,scotus
109714,110558,scotus
109714,110559,scotus
109714,110314,scotus
109714,110314,scotus
109714,111423,scotus
109714,110901,scotus
109714,110959,scotus
109714,111143,scotus
109714,111143,scotus
109714,111257,scotus
109714,111583,scotus
109714,110559,scotus
109714,110559,scotus
109714,110976,scotus
109714,110976,scotus
109714,110979,scotus
109714,111143,scotus
109714,111146,scotus
109714,111146,scotus
109714,111259,scotus
109714,111262,scotus
109714,111262,scotus
109714,112067,scotus
109714,112412,scotus
109714,111013,scotus
109714,111013,scotus
109714,112595,scotus
109714,112219,scotus
109714,112448,scotus
109714,112287,scotus
109714,112392,scotus
109714,112579,scotus
109716,4893421,scotus
109716,111483,scotus
109716,111513,scotus
109716,110791,scotus
109716,112425,scotus
109716,110638,scotus
109716,109833,scotus
109716,112643,scotus
109716,112744,scotus
109716,109986,scotus
109716,111607,scotus
109716,110747,scotus
109716,112296,scotus
109716,111189,scotus
109716,111239,scotus
109716,109931,scotus
109716,111786,scotus
109716,118488,scotus
109716,109933,scotus
109716,110856,scotus
109716,110880,scotus
109716,111008,scotus
109716,111115,scotus
109716,112044,scotus
109716,111139,scotus
109716,4510626,scotus
109716,4510625,scotus
109716,4510530,scotus
109716,4894122,scotus
109716,110269,scotus
109716,112356,scotus
109716,118104,scotus
109716,110053,scotus
109716,112051,scotus
109716,145701,scotus
109716,145696,scotus
109716,145857,scotus
109716,111218,scotus
109716,112640,scotus
109716,111218,scotus
109716,111218,scotus
109716,112640,scotus
109716,117947,scotus
109716,109881,scotus
109716,109881,scotus
109716,109716,scotus
109716,109881,scotus
109716,117947,scotus
109716,145857,scotus
109716,145701,scotus
109716,145701,scotus
109716,145696,scotus
109716,118488,scotus
109716,9075444,scotus
109716,9075445,scotus
109716,9349584,scotus
109716,110638,scotus
109716,111239,scotus
109716,111239,scotus
109716,110856,scotus
109716,110880,scotus
109716,110747,scotus
109716,110747,scotus
109716,110791,scotus
109716,110791,scotus
109716,111189,scotus
109716,111607,scotus
109716,111139,scotus
109716,111139,scotus
109716,112051,scotus
109716,112051,scotus
109716,111513,scotus
109716,112356,scotus
109716,112296,scotus
109716,111008,scotus
109716,112643,scotus
109716,112425,scotus
109716,112425,scotus
109716,118104,scotus
109717,213842,scotus
109717,134737,scotus
109717,625711,scotus
109717,4883693,scotus
109717,1087955,scotus
109717,112573,scotus
109717,112477,scotus
109717,112642,scotus
109717,110553,scotus
109717,110662,scotus
109717,112644,scotus
109717,109971,scotus
109717,112530,scotus
109717,110692,scotus
109717,110693,scotus
109717,109991,scotus
109717,112078,scotus
109717,111862,scotus
109717,110723,scotus
109717,111614,scotus
109717,111865,scotus
109717,111169,scotus
109717,111892,scotus
109717,112316,scotus
109717,136998,scotus
109717,111724,scotus
109717,111235,scotus
109717,110093,scotus
109717,145664,scotus
109717,111726,scotus
109717,118389,scotus
109717,111741,scotus
109717,111727,scotus
109717,111728,scotus
109717,110143,scotus
109717,110138,scotus
109717,110857,scotus
109717,112847,scotus
109717,112808,scotus
109717,111271,scotus
109717,111303,scotus
109717,112206,scotus
109717,112207,scotus
109717,118478,scotus
109717,118505,scotus
109717,111315,scotus
109717,112210,scotus
109717,112845,scotus
109717,111318,scotus
109717,112205,scotus
109717,111393,scotus
109717,111012,scotus
109717,111373,scotus
109717,110223,scotus
109717,111029,scotus
109717,110382,scotus
109717,118296,scotus
109717,6461473,scotus
109717,621045,scotus
109717,820895,scotus
109717,4403796,scotus
109717,4883739,scotus
109717,4883740,scotus
109717,4885592,scotus
109717,4885593,scotus
109717,109761,scotus
109717,110298,scotus
109717,111665,scotus
109717,111552,scotus
109717,112773,scotus
109717,111553,scotus
109717,118048,scotus
109717,1754,scotus
109717,111151,scotus
109717,111750,scotus
109717,118109,scotus
109717,137735,scotus
109717,118135,scotus
109717,118356,scotus
109717,118357,scotus
109717,117860,scotus
109717,118194,scotus
109717,117893,scotus
109717,118202,scotus
109717,118205,scotus
109717,117927,scotus
109717,145628,scotus
109717,145648,scotus
109717,145635,scotus
109717,182992,scotus
109717,205316,scotus
109717,145896,scotus
109717,145853,scotus
109717,872995,scotus
109717,145860,scotus
109717,145832,scotus
109717,6479296,scotus
109717,6470913,scotus
109717,112640,scotus
109717,112640,scotus
109717,112640,scotus
109717,112728,scotus
109717,112728,scotus
109717,112728,scotus
109717,7342449,scotus
109717,7343474,scotus
109717,145860,scotus
109717,182992,scotus
109717,213842,scotus
109717,820895,scotus
109717,9053440,scotus
109717,621045,scotus
109717,625711,scotus
109717,1754,scotus
109717,145853,scotus
109717,9225528,scotus
109717,9225529,scotus
109717,145664,scotus
109717,145628,scotus
109717,118478,scotus
109717,118478,scotus
109717,134737,scotus
109717,134737,scotus
109717,110298,scotus
109717,110553,scotus
109717,110223,scotus
109717,110382,scotus
109717,110723,scotus
109717,111029,scotus
109717,110857,scotus
109717,110662,scotus
109717,110662,scotus
109717,111303,scotus
109717,111303,scotus
109717,111315,scotus
109717,111318,scotus
109717,110692,scotus
109717,111373,scotus
109717,111665,scotus
109717,111552,scotus
109717,111553,scotus
109717,111741,scotus
109717,111235,scotus
109717,111235,scotus
109717,111393,scotus
109717,111151,scotus
109717,111724,scotus
109717,110692,scotus
109717,110693,scotus
109717,110693,scotus
109717,110693,scotus
109717,110693,scotus
109717,111271,scotus
109717,112205,scotus
109717,112205,scotus
109717,112205,scotus
109717,112205,scotus
109717,111726,scotus
109717,111727,scotus
109717,111750,scotus
109717,111727,scotus
109717,111727,scotus
109717,111728,scotus
109717,111728,scotus
109717,112206,scotus
109717,112316,scotus
109717,112316,scotus
109717,111012,scotus
109717,111012,scotus
109717,111865,scotus
109717,112642,scotus
109717,112210,scotus
109717,112210,scotus
109717,118109,scotus
109717,112644,scotus
109717,145648,scotus
109717,112808,scotus
109717,112773,scotus
109717,118135,scotus
109717,112845,scotus
109717,112847,scotus
109717,112847,scotus
109717,118194,scotus
109717,118296,scotus
109717,118048,scotus
109717,118202,scotus
109717,117893,scotus
109717,117893,scotus
109717,118205,scotus
109717,112573,scotus
109717,112573,scotus
109717,1087955,scotus
109717,111614,scotus
109718,111517,scotus
109718,111547,scotus
109718,137748,scotus
109718,112381,scotus
109718,110829,scotus
109718,110518,scotus
109718,111610,scotus
109718,111904,scotus
109718,110075,scotus
109718,111913,scotus
109718,118420,scotus
109718,110122,scotus
109718,111252,scotus
109718,110874,scotus
109718,111285,scotus
109718,110175,scotus
109718,2620698,scotus
109718,110549,scotus
109718,110352,scotus
109718,1741,scotus
109718,118054,scotus
109718,111755,scotus
109718,130150,scotus
109718,110853,scotus
109718,117957,scotus
109718,112258,scotus
109718,112258,scotus
109718,112258,scotus
109718,130150,scotus
109718,137748,scotus
109718,1741,scotus
109718,1741,scotus
109718,2620698,scotus
109718,110175,scotus
109718,110549,scotus
109718,110549,scotus
109718,110352,scotus
109718,110518,scotus
109718,110518,scotus
109718,110829,scotus
109718,110874,scotus
109718,110874,scotus
109718,110549,scotus
109718,110853,scotus
109718,111252,scotus
109718,111610,scotus
109718,111547,scotus
109718,111517,scotus
109718,111517,scotus
109718,111755,scotus
109718,112381,scotus
109718,118054,scotus
109718,118054,scotus
109722,111464,scotus
109722,111505,scotus
109722,111506,scotus
109722,110814,scotus
109722,110587,scotus
109722,110040,scotus
109722,111924,scotus
109722,112138,scotus
109722,112331,scotus
109722,110189,scotus
109722,110938,scotus
109722,111014,scotus
109722,111113,scotus
109722,111003,scotus
109722,110440,scotus
109722,109752,scotus
109722,110280,scotus
109722,111561,scotus
109722,112887,scotus
109722,121168,scotus
109722,117966,scotus
109722,117967,scotus
109722,117870,scotus
109722,6468902,scotus
109722,118133,scotus
109722,118386,scotus
109722,118133,scotus
109722,118133,scotus
109722,118386,scotus
109722,118386,scotus
109722,118386,scotus
109722,121168,scotus
109722,110280,scotus
109722,110280,scotus
109722,110189,scotus
109722,110189,scotus
109722,110189,scotus
109722,110938,scotus
109722,111113,scotus
109722,111505,scotus
109722,111506,scotus
109722,111506,scotus
109722,111506,scotus
109722,111924,scotus
109722,112138,scotus
109722,111561,scotus
109722,111003,scotus
109722,111003,scotus
109722,110440,scotus
109722,111464,scotus
109722,111464,scotus
109722,110587,scotus
109722,111014,scotus
109722,117966,scotus
109722,117967,scotus
109722,112138,scotus
109722,112331,scotus
109722,117870,scotus
109722,117870,scotus
109722,112887,scotus
109722,112887,scotus
109736,110824,scotus
109736,110842,scotus
109736,112432,scotus
109736,112713,scotus
109736,109983,scotus
109736,112303,scotus
109736,111236,scotus
109736,111266,scotus
109736,111270,scotus
109736,111317,scotus
109736,110237,scotus
109736,110407,scotus
109736,110307,scotus
109736,118052,scotus
109736,118183,scotus
109736,112906,scotus
109736,112906,scotus
109736,9135776,scotus
109736,9135777,scotus
109736,9135777,scotus
109736,9135777,scotus
109736,110237,scotus
109736,110237,scotus
109736,110237,scotus
109736,110407,scotus
109736,110307,scotus
109736,110307,scotus
109736,110824,scotus
109736,111236,scotus
109736,110842,scotus
109736,111317,scotus
109736,9135776,scotus
109736,9135777,scotus
109736,9135776,scotus
109736,9135776,scotus
109736,9135776,scotus
109736,9135777,scotus
109736,112303,scotus
109736,111270,scotus
109736,112432,scotus
109736,112432,scotus
109736,112713,scotus
109736,118052,scotus
109736,118183,scotus
109773,110540,scotus
109773,122251,scotus
109773,110590,scotus
109773,110714,scotus
109773,110731,scotus
109773,111207,scotus
109773,109893,scotus
109773,111931,scotus
109773,111246,scotus
109773,109928,scotus
109773,111333,scotus
109773,110361,scotus
109773,4325538,scotus
109773,2675752,scotus
109773,800858,scotus
109773,111151,scotus
109773,117971,scotus
109773,145449,scotus
109773,4510030,scotus
109773,145859,scotus
109773,109895,scotus
109773,109895,scotus
109773,112906,scotus
109773,109895,scotus
109773,8176259,scotus
109773,6795263,scotus
109773,6795263,scotus
109773,145859,scotus
109773,800858,scotus
109773,800858,scotus
109773,145449,scotus
109773,145449,scotus
109773,122251,scotus
109773,122251,scotus
109773,9135777,scotus
109773,110714,scotus
109773,110714,scotus
109773,110731,scotus
109773,110540,scotus
109773,111246,scotus
109773,111246,scotus
109773,111246,scotus
109773,9135776,scotus
109773,111207,scotus
109773,111151,scotus
109773,111151,scotus
109773,110590,scotus
109835,110488,scotus
109835,110816,scotus
109835,110643,scotus
109835,112643,scotus
109835,117834,scotus
109835,111153,scotus
109835,111213,scotus
109835,110068,scotus
109835,111941,scotus
109835,112820,scotus
109835,111778,scotus
109835,112167,scotus
109835,110927,scotus
109835,110229,scotus
109835,110297,scotus
109835,117859,scotus
109835,118038,scotus
109835,112066,scotus
109835,112249,scotus
109835,110563,scotus
109835,110563,scotus
109835,109835,scotus
109835,110563,scotus
109835,110229,scotus
109835,110643,scotus
109835,110927,scotus
109835,111213,scotus
109835,112249,scotus
109835,111941,scotus
109835,110488,scotus
109835,118038,scotus
109835,112167,scotus
109835,112643,scotus
109835,117859,scotus
109835,112820,scotus
109868,866022,scotus
109868,110485,scotus
109868,112436,scotus
109868,112741,scotus
109868,110733,scotus
109868,112117,scotus
109868,117834,scotus
109868,109911,scotus
109868,111097,scotus
109868,118286,scotus
109868,110308,scotus
109868,111363,scotus
109868,118111,scotus
109868,118165,scotus
109868,110063,scotus
109868,110799,scotus
109868,110799,scotus
109868,110063,scotus
109868,110063,scotus
109868,866022,scotus
109868,110733,scotus
109868,111097,scotus
109868,110308,scotus
109868,111363,scotus
109868,110485,scotus
109868,112117,scotus
109868,112436,scotus
109868,118286,scotus
109868,118165,scotus
109868,118111,scotus
109916,866022,scotus
109916,1087947,scotus
109916,1087961,scotus
109916,110485,scotus
109916,110652,scotus
109916,112740,scotus
109916,112741,scotus
109916,112681,scotus
109916,112291,scotus
109916,111860,scotus
109916,112081,scotus
109916,117834,scotus
109916,111189,scotus
109916,111715,scotus
109916,111244,scotus
109916,110880,scotus
109916,112213,scotus
109916,110986,scotus
109916,110927,scotus
109916,110380,scotus
109916,110439,scotus
109916,799982,scotus
109916,2801433,scotus
109916,4509418,scotus
109916,4632952,scotus
109916,112765,scotus
109916,112768,scotus
109916,110290,scotus
109916,110308,scotus
109916,118080,scotus
109916,111683,scotus
109916,118111,scotus
109916,117997,scotus
109916,117855,scotus
109916,142893,scotus
109916,145739,scotus
109916,145809,scotus
109916,110563,scotus
109916,110799,scotus
109916,110799,scotus
109916,112739,scotus
109916,110063,scotus
109916,110063,scotus
109916,110563,scotus
109916,112739,scotus
109916,866022,scotus
109916,145809,scotus
109916,145809,scotus
109916,142893,scotus
109916,142893,scotus
109916,145739,scotus
109916,145739,scotus
109916,799982,scotus
109916,110380,scotus
109916,110380,scotus
109916,110308,scotus
109916,110927,scotus
109916,110880,scotus
109916,111244,scotus
109916,111189,scotus
109916,110986,scotus
109916,111715,scotus
109916,111683,scotus
109916,110485,scotus
109916,110439,scotus
109916,110439,scotus
109916,111860,scotus
109916,112765,scotus
109916,112768,scotus
109916,112291,scotus
109916,112681,scotus
109916,118111,scotus
109916,118111,scotus
109916,1087961,scotus
109916,1087961,scotus
109930,931125,scotus
109930,111507,scotus
109930,110476,scotus
109930,110782,scotus
109930,110509,scotus
109930,110784,scotus
109930,110467,scotus
109930,110697,scotus
109930,112484,scotus
109930,110587,scotus
109930,110742,scotus
109930,110033,scotus
109930,110042,scotus
109930,111869,scotus
109930,111188,scotus
109930,111211,scotus
109930,112346,scotus
109930,110077,scotus
109930,118421,scotus
109930,111747,scotus
109930,110135,scotus
109930,111249,scotus
109930,111770,scotus
109930,112176,scotus
109930,110140,scotus
109930,111846,scotus
109930,111336,scotus
109930,111827,scotus
109930,111299,scotus
109930,110210,scotus
109930,111008,scotus
109930,111100,scotus
109930,110173,scotus
109930,110246,scotus
109930,150544,scotus
109930,110338,scotus
109930,110333,scotus
109930,145702,scotus
109930,2620697,scotus
109930,2672208,scotus
109930,3216495,scotus
109930,2670794,scotus
109930,4746633,scotus
109930,110753,scotus
109930,110160,scotus
109930,111549,scotus
109930,111669,scotus
109930,112782,scotus
109930,112884,scotus
109930,112905,scotus
109930,130154,scotus
109930,130155,scotus
109930,117968,scotus
109930,118040,scotus
109930,145658,scotus
109930,205202,scotus
109930,903985,scotus
109930,9410338,scotus
109930,117947,scotus
109930,117947,scotus
109930,117947,scotus
109930,117947,scotus
109930,9231323,scotus
109930,3216495,scotus
109930,3216495,scotus
109930,7342448,scotus
109930,150544,scotus
109930,205202,scotus
109930,931125,scotus
109930,903985,scotus
109930,931125,scotus
109930,931125,scotus
109930,145658,scotus
109930,145702,scotus
109930,145702,scotus
109930,145702,scotus
109930,145702,scotus
109930,130154,scotus
109930,130154,scotus
109930,130154,scotus
109930,130154,scotus
109930,130154,scotus
109930,130155,scotus
109930,130155,scotus
109930,130155,scotus
109930,130155,scotus
109930,130155,scotus
109930,2620697,scotus
109930,9158193,scotus
109930,9158194,scotus
109930,110333,scotus
109930,110173,scotus
109930,110338,scotus
109930,110338,scotus
109930,110338,scotus
109930,110338,scotus
109930,110338,scotus
109930,110509,scotus
109930,110246,scotus
109930,110210,scotus
109930,110782,scotus
109930,110742,scotus
109930,110784,scotus
109930,110784,scotus
109930,111100,scotus
109930,110467,scotus
109930,111249,scotus
109930,111188,scotus
109930,110753,scotus
109930,110476,scotus
109930,111211,scotus
109930,111211,scotus
109930,111669,scotus
109930,111669,scotus
109930,111669,scotus
109930,111669,scotus
109930,111336,scotus
109930,111549,scotus
109930,111549,scotus
109930,111507,scotus
109930,111747,scotus
109930,110697,scotus
109930,110697,scotus
109930,111846,scotus
109930,111846,scotus
109930,111846,scotus
109930,111770,scotus
109930,110587,scotus
109930,110587,scotus
109930,118040,scotus
109930,111008,scotus
109930,111008,scotus
109930,111008,scotus
109930,111008,scotus
109930,111008,scotus
109930,112905,scotus
109930,112905,scotus
109930,112884,scotus
109930,112782,scotus
109930,112176,scotus
109930,112176,scotus
109930,112176,scotus
109930,111827,scotus
109961,110538,scotus
109961,110521,scotus
109961,110569,scotus
109961,111916,scotus
109961,110359,scotus
109961,110379,scotus
109961,110284,scotus
109961,118225,scotus
109961,111940,scotus
109961,111940,scotus
109961,110359,scotus
109961,110359,scotus
109961,110521,scotus
109961,110379,scotus
109961,110538,scotus
110075,217703,scotus
110075,626454,scotus
110075,217161,scotus
110075,4471245,scotus
110075,1087946,scotus
110075,1087956,scotus
110075,137748,scotus
110075,110459,scotus
110075,110804,scotus
110075,110829,scotus
110075,110518,scotus
110075,112573,scotus
110075,112605,scotus
110075,112626,scotus
110075,112693,scotus
110075,112699,scotus
110075,112257,scotus
110075,112679,scotus
110075,112259,scotus
110075,110745,scotus
110075,110746,scotus
110075,111610,scotus
110075,110635,scotus
110075,112732,scotus
110075,111198,scotus
110075,111891,scotus
110075,111892,scotus
110075,118380,scotus
110075,110085,scotus
110075,111904,scotus
110075,111913,scotus
110075,110132,scotus
110075,111252,scotus
110075,111254,scotus
110075,112202,scotus
110075,111959,scotus
110075,110998,scotus
110075,111397,scotus
110075,112219,scotus
110075,112220,scotus
110075,110175,scotus
110075,111118,scotus
110075,110228,scotus
110075,110410,scotus
110075,110331,scotus
110075,2959734,scotus
110075,4397057,scotus
110075,2811847,scotus
110075,2681317,scotus
110075,4403804,scotus
110075,4384109,scotus
110075,873669,scotus
110075,110352,scotus
110075,111556,scotus
110075,118052,scotus
110075,118054,scotus
110075,130150,scotus
110075,117957,scotus
110075,118136,scotus
110075,117964,scotus
110075,118005,scotus
110075,118214,scotus
110075,117943,scotus
110075,142877,scotus
110075,217287,scotus
110075,145817,scotus
110075,145852,scotus
110075,145875,scotus
110075,145875,scotus
110075,118133,scotus
110075,118133,scotus
110075,111103,scotus
110075,112258,scotus
110075,112258,scotus
110075,112258,scotus
110075,8176352,scotus
110075,4384109,scotus
110075,2811847,scotus
110075,7344719,scotus
110075,217703,scotus
110075,626454,scotus
110075,626454,scotus
110075,145852,scotus
110075,145817,scotus
110075,2959734,scotus
110075,130150,scotus
110075,137748,scotus
110075,118380,scotus
110075,142877,scotus
110075,110175,scotus
110075,110175,scotus
110075,110352,scotus
110075,110518,scotus
110075,110518,scotus
110075,110518,scotus
110075,110459,scotus
110075,110518,scotus
110075,110228,scotus
110075,110829,scotus
110075,110746,scotus
110075,111198,scotus
110075,111252,scotus
110075,111252,scotus
110075,111252,scotus
110075,111610,scotus
110075,111254,scotus
110075,111254,scotus
110075,111254,scotus
110075,111198,scotus
110075,111959,scotus
110075,110998,scotus
110075,110998,scotus
110075,111556,scotus
110075,112202,scotus
110075,112257,scotus
110075,112259,scotus
110075,111397,scotus
110075,112605,scotus
110075,118214,scotus
110075,112219,scotus
110075,112220,scotus
110075,112220,scotus
110075,112679,scotus
110075,112679,scotus
110075,118052,scotus
110075,112626,scotus
110075,118054,scotus
110075,118054,scotus
110075,118136,scotus
110075,112573,scotus
110075,1087946,scotus
110075,1087946,scotus
110075,1087956,scotus
110119,112412,scotus
110119,112595,scotus
110119,110558,scotus
110119,110559,scotus
110119,112643,scotus
110119,111611,scotus
110119,112067,scotus
110119,111259,scotus
110119,111788,scotus
110119,111301,scotus
110119,111257,scotus
110119,111305,scotus
110119,110976,scotus
110119,110979,scotus
110119,110901,scotus
110119,110197,scotus
110119,111143,scotus
110119,111146,scotus
110119,111013,scotus
110119,110987,scotus
110119,111423,scotus
110119,110351,scotus
110119,112448,scotus
110119,110314,scotus
110119,110719,scotus
110119,110719,scotus
110119,110719,scotus
110119,110719,scotus
110119,112608,scotus
110119,110719,scotus
110119,112608,scotus
110119,112608,scotus
110119,112608,scotus
110119,111301,scotus
110119,111305,scotus
110119,110558,scotus
110119,110558,scotus
110119,110558,scotus
110119,110558,scotus
110119,110558,scotus
110119,110559,scotus
110119,110314,scotus
110119,110314,scotus
110119,111423,scotus
110119,110901,scotus
110119,110901,scotus
110119,111611,scotus
110119,111143,scotus
110119,111143,scotus
110119,111257,scotus
110119,110559,scotus
110119,110559,scotus
110119,110976,scotus
110119,110979,scotus
110119,111146,scotus
110119,111259,scotus
110119,110987,scotus
110119,112067,scotus
110119,112412,scotus
110119,111013,scotus
110119,111013,scotus
110119,112643,scotus
110119,112595,scotus
110119,112448,scotus
110132,110763,scotus
110132,110478,scotus
110132,110838,scotus
110132,112699,scotus
110132,112257,scotus
110132,111611,scotus
110132,112079,scotus
110132,111198,scotus
110132,145662,scotus
110132,112202,scotus
110132,110169,scotus
110132,111397,scotus
110132,111441,scotus
110132,118291,scotus
110132,4376986,scotus
110132,111556,scotus
110132,112924,scotus
110132,111555,scotus
110132,111555,scotus
110132,111555,scotus
110132,4376986,scotus
110132,145662,scotus
110132,110838,scotus
110132,111198,scotus
110132,111198,scotus
110132,110478,scotus
110132,110478,scotus
110132,110763,scotus
110132,111611,scotus
110132,112202,scotus
110132,112257,scotus
110132,111441,scotus
110132,111397,scotus
110132,118291,scotus
110132,118291,scotus
110146,111468,scotus
110146,111516,scotus
110146,112414,scotus
110146,110718,scotus
110146,111689,scotus
110146,110895,scotus
110146,110986,scotus
110146,110436,scotus
110146,118340,scotus
110146,4601078,scotus
110146,4621280,scotus
110146,4499693,scotus
110146,4605151,scotus
110146,112768,scotus
110146,111362,scotus
110146,112885,scotus
110146,111149,scotus
110146,112929,scotus
110146,145680,scotus
110146,9408684,scotus
110146,118273,scotus
110146,118273,scotus
110146,118273,scotus
110146,118273,scotus
110146,145680,scotus
110146,110718,scotus
110146,110718,scotus
110146,110718,scotus
110146,111362,scotus
110146,110986,scotus
110146,110986,scotus
110146,110895,scotus
110146,111149,scotus
110146,111149,scotus
110146,110436,scotus
110146,111516,scotus
110146,111516,scotus
110146,112414,scotus
110146,112768,scotus
110146,111468,scotus
110146,112885,scotus
110169,111503,scotus
110169,111547,scotus
110169,112699,scotus
110169,110657,scotus
110169,112293,scotus
110169,111866,scotus
110169,112121,scotus
110169,111831,scotus
110169,112202,scotus
110169,112218,scotus
110169,110236,scotus
110169,110360,scotus
110169,110319,scotus
110169,110322,scotus
110169,110292,scotus
110169,111556,scotus
110169,112456,scotus
110169,112924,scotus
110169,118118,scotus
110169,118134,scotus
110169,117961,scotus
110169,145872,scotus
110169,118011,scotus
110169,111555,scotus
110169,111555,scotus
110169,118011,scotus
110169,9025584,scotus
110169,9156414,scotus
110169,9156415,scotus
110169,110292,scotus
110169,110236,scotus
110169,110360,scotus
110169,110657,scotus
110169,111866,scotus
110169,111503,scotus
110169,111547,scotus
110169,111831,scotus
110169,110319,scotus
110169,110322,scotus
110169,111556,scotus
110169,112202,scotus
110169,110319,scotus
110169,112293,scotus
110169,112293,scotus
110169,112121,scotus
110169,112121,scotus
110169,112293,scotus
110169,112218,scotus
110169,118118,scotus
110169,118134,scotus
110307,1087946,scotus
110307,111541,scotus
110307,110541,scotus
110307,110842,scotus
110307,112432,scotus
110307,112713,scotus
110307,111606,scotus
110307,111236,scotus
110307,111317,scotus
110307,110361,scotus
110307,118052,scotus
110307,111151,scotus
110307,112906,scotus
110307,9027207,scotus
110307,9027212,scotus
110307,9135776,scotus
110307,9135777,scotus
110307,9135777,scotus
110307,110541,scotus
110307,111236,scotus
110307,110842,scotus
110307,111317,scotus
110307,9135776,scotus
110307,9135777,scotus
110307,9135776,scotus
110307,111541,scotus
110307,111151,scotus
110307,111606,scotus
110307,111236,scotus
110307,112432,scotus
110307,112432,scotus
110307,112713,scotus
110307,118052,scotus
110307,1087946,scotus
110312,111467,scotus
110312,111490,scotus
110312,112447,scotus
110312,110561,scotus
110312,110661,scotus
110312,110644,scotus
110312,111596,scotus
110312,110689,scotus
110312,112090,scotus
110312,112302,scotus
110312,111226,scotus
110312,112329,scotus
110312,111215,scotus
110312,111744,scotus
110312,118499,scotus
110312,112836,scotus
110312,118501,scotus
110312,110992,scotus
110312,111950,scotus
110312,110919,scotus
110312,111100,scotus
110312,111434,scotus
110312,118303,scotus
110312,118321,scotus
110312,6461471,scotus
110312,2809763,scotus
110312,4511150,scotus
110312,4403807,scotus
110312,4511640,scotus
110312,4379104,scotus
110312,4765904,scotus
110312,1728,scotus
110312,112850,scotus
110312,118061,scotus
110312,112899,scotus
110312,111363,scotus
110312,111248,scotus
110312,118455,scotus
110312,130162,scotus
110312,118458,scotus
110312,130153,scotus
110312,117963,scotus
110312,118139,scotus
110312,117966,scotus
110312,125839,scotus
110312,117861,scotus
110312,117853,scotus
110312,117924,scotus
110312,145653,scotus
110312,142895,scotus
110312,219511,scotus
110312,219616,scotus
110312,145810,scotus
110312,803268,scotus
110312,6480696,scotus
110312,7686272,scotus
110312,118023,scotus
110312,118023,scotus
110312,118023,scotus
110312,118023,scotus
110312,7345718,scotus
110312,7345718,scotus
110312,1728,scotus
110312,1728,scotus
110312,145810,scotus
110312,130153,scotus
110312,125839,scotus
110312,130162,scotus
110312,142895,scotus
110312,118321,scotus
110312,219616,scotus
110312,219616,scotus
110312,118455,scotus
110312,118455,scotus
110312,118458,scotus
110312,118458,scotus
110312,118458,scotus
110312,145653,scotus
110312,118499,scotus
110312,118499,scotus
110312,118499,scotus
110312,118501,scotus
110312,803268,scotus
110312,9036988,scotus
110312,9076499,scotus
110312,9076500,scotus
110312,111100,scotus
110312,110661,scotus
110312,111363,scotus
110312,111248,scotus
110312,110689,scotus
110312,111490,scotus
110312,111490,scotus
110312,110561,scotus
110312,110561,scotus
110312,111596,scotus
110312,111226,scotus
110312,110992,scotus
110312,110992,scotus
110312,110992,scotus
110312,111744,scotus
110312,111744,scotus
110312,111434,scotus
110312,111434,scotus
110312,111434,scotus
110312,110919,scotus
110312,112090,scotus
110312,112329,scotus
110312,112329,scotus
110312,112090,scotus
110312,111950,scotus
110312,111950,scotus
110312,112447,scotus
110312,112850,scotus
110312,112850,scotus
110312,111467,scotus
110312,117853,scotus
110312,117861,scotus
110312,118303,scotus
110312,118139,scotus
110312,118139,scotus
110312,118139,scotus
110312,112899,scotus
110312,112899,scotus
110312,112836,scotus
110312,112836,scotus
110312,112836,scotus
110312,112899,scotus
110322,111495,scotus
110322,112382,scotus
110322,110458,scotus
110322,110546,scotus
110322,112444,scotus
110322,110553,scotus
110322,112669,scotus
110322,112712,scotus
110322,112534,scotus
110322,112293,scotus
110322,110730,scotus
110322,112299,scotus
110322,112313,scotus
110322,112341,scotus
110322,111237,scotus
110322,111241,scotus
110322,111790,scotus
110322,110860,scotus
110322,110885,scotus
110322,112159,scotus
110322,111264,scotus
110322,111846,scotus
110322,110915,scotus
110322,111008,scotus
110322,111415,scotus
110322,110360,scotus
110322,110379,scotus
110322,110423,scotus
110322,118318,scotus
110322,2790213,scotus
110322,112461,scotus
110322,112456,scotus
110322,118091,scotus
110322,118101,scotus
110322,112357,scotus
110322,121157,scotus
110322,118236,scotus
110322,117852,scotus
110322,142879,scotus
110322,145872,scotus
110322,9404968,scotus
110322,10049677,scotus
110322,111940,scotus
110322,111940,scotus
110322,121157,scotus
110322,142879,scotus
110322,142879,scotus
110322,110458,scotus
110322,110553,scotus
110322,110458,scotus
110322,110458,scotus
110322,110360,scotus
110322,110379,scotus
110322,110730,scotus
110322,110546,scotus
110322,110546,scotus
110322,110423,scotus
110322,111237,scotus
110322,111241,scotus
110322,110860,scotus
110322,110885,scotus
110322,111415,scotus
110322,110915,scotus
110322,111495,scotus
110322,111264,scotus
110322,111846,scotus
110322,112159,scotus
110322,112293,scotus
110322,112357,scotus
110322,112461,scotus
110322,112461,scotus
110322,112293,scotus
110322,112534,scotus
110322,112299,scotus
110322,111008,scotus
110322,111008,scotus
110322,111008,scotus
110322,112669,scotus
110322,112341,scotus
110322,112341,scotus
110322,112712,scotus
110322,112712,scotus
110322,118318,scotus
110322,112382,scotus
110322,118101,scotus
110322,112313,scotus
110322,112313,scotus
110322,118091,scotus
110331,1087946,scotus
110331,111508,scotus
110331,112259,scotus
110331,111745,scotus
110331,118401,scotus
110331,118052,scotus
110331,112904,scotus
110331,118136,scotus
110331,118005,scotus
110331,118163,scotus
110331,118242,scotus
110331,117872,scotus
110331,127899,scotus
110331,118155,scotus
110331,118155,scotus
110331,118155,scotus
110331,118155,scotus
110331,111103,scotus
110331,118401,scotus
110331,118401,scotus
110331,118401,scotus
110331,127899,scotus
110331,127899,scotus
110331,111508,scotus
110331,111745,scotus
110331,112259,scotus
110331,118052,scotus
110331,118052,scotus
110331,118052,scotus
110331,117872,scotus
110331,118136,scotus
110331,118136,scotus
110331,112904,scotus
110331,118052,scotus
110331,1087946,scotus
110331,1087946,scotus
110338,931125,scotus
110338,110771,scotus
110338,110458,scotus
110338,110509,scotus
110338,112625,scotus
110338,112484,scotus
110338,118363,scotus
110338,111939,scotus
110338,112139,scotus
110338,111747,scotus
110338,112176,scotus
110338,111336,scotus
110338,111827,scotus
110338,110881,scotus
110338,111097,scotus
110338,111008,scotus
110338,110434,scotus
110338,145702,scotus
110338,809122,scotus
110338,2672208,scotus
110338,2670794,scotus
110338,112768,scotus
110338,111669,scotus
110338,111756,scotus
110338,112905,scotus
110338,130154,scotus
110338,130155,scotus
110338,118140,scotus
110338,118040,scotus
110338,117944,scotus
110338,117927,scotus
110338,145882,scotus
110338,803267,scotus
110338,117947,scotus
110338,117947,scotus
110338,117947,scotus
110338,117947,scotus
110338,117947,scotus
110338,117947,scotus
110338,809122,scotus
110338,931125,scotus
110338,145882,scotus
110338,145702,scotus
110338,145702,scotus
110338,145702,scotus
110338,130154,scotus
110338,130155,scotus
110338,110509,scotus
110338,110458,scotus
110338,110771,scotus
110338,111097,scotus
110338,110881,scotus
110338,111669,scotus
110338,111669,scotus
110338,111669,scotus
110338,111669,scotus
110338,111336,scotus
110338,110434,scotus
110338,112139,scotus
110338,111747,scotus
110338,111939,scotus
110338,111939,scotus
110338,111747,scotus
110338,112349,scotus
110338,111756,scotus
110338,112768,scotus
110338,118040,scotus
110338,111008,scotus
110338,111008,scotus
110338,112905,scotus
110338,112905,scotus
110338,112625,scotus
110338,118140,scotus
110338,112176,scotus
110338,112176,scotus
110338,112176,scotus
110338,112176,scotus
110338,112176,scotus
110338,111827,scotus
110338,111827,scotus
110338,111827,scotus
110338,111827,scotus
110365,111510,scotus
110365,110771,scotus
110365,112484,scotus
110365,112716,scotus
110365,112645,scotus
110365,111632,scotus
110365,112139,scotus
110365,2804677,scotus
110365,2803249,scotus
110365,4748669,scotus
110365,111759,scotus
110365,118630,scotus
110365,121170,scotus
110365,127917,scotus
110365,811779,scotus
110365,4632953,scotus
110365,9947295,scotus
110365,9954582,scotus
110365,9971894,scotus
110365,9986257,scotus
110365,118428,scotus
110365,118428,scotus
110365,118428,scotus
110365,4748669,scotus
110365,2803249,scotus
110365,121170,scotus
110365,127917,scotus
110365,118630,scotus
110365,9033512,scotus
110365,110771,scotus
110365,112139,scotus
110365,111632,scotus
110365,111510,scotus
110365,111759,scotus
110365,111759,scotus
110365,112645,scotus
110365,112645,scotus
110478,111501,scotus
110478,110516,scotus
110478,110838,scotus
110478,112693,scotus
110478,112699,scotus
110478,110657,scotus
110478,112643,scotus
110478,110589,scotus
110478,112277,scotus
110478,112116,scotus
110478,111252,scotus
110478,112795,scotus
110478,111254,scotus
110478,110885,scotus
110478,112166,scotus
110478,112202,scotus
110478,110915,scotus
110478,111389,scotus
110478,118316,scotus
110478,799978,scotus
110478,799991,scotus
110478,2620710,scotus
110478,3205025,scotus
110478,4631843,scotus
110478,110753,scotus
110478,111556,scotus
110478,112924,scotus
110478,118125,scotus
110478,118214,scotus
110478,145706,scotus
110478,9500702,scotus
110478,111555,scotus
110478,111555,scotus
110478,111555,scotus
110478,4631843,scotus
110478,8176191,scotus
110478,799991,scotus
110478,799978,scotus
110478,9035136,scotus
110478,9034290,scotus
110478,9060562,scotus
110478,110516,scotus
110478,110657,scotus
110478,110838,scotus
110478,110885,scotus
110478,110753,scotus
110478,111252,scotus
110478,111252,scotus
110478,111252,scotus
110478,111254,scotus
110478,110915,scotus
110478,111556,scotus
110478,111556,scotus
110478,112202,scotus
110478,111389,scotus
110478,111501,scotus
110478,112116,scotus
110478,112277,scotus
110478,112643,scotus
110478,118214,scotus
110478,118316,scotus
110478,110589,scotus
110478,2620710,scotus
110478,2620710,scotus
110488,931124,scotus
110488,1087947,scotus
110488,110789,scotus
110488,110524,scotus
110488,112446,scotus
110488,112491,scotus
110488,110560,scotus
110488,112740,scotus
110488,112681,scotus
110488,117834,scotus
110488,111158,scotus
110488,111906,scotus
110488,111213,scotus
110488,111697,scotus
110488,111244,scotus
110488,111941,scotus
110488,111942,scotus
110488,118442,scotus
110488,112796,scotus
110488,112828,scotus
110488,110957,scotus
110488,111783,scotus
110488,112167,scotus
110488,110972,scotus
110488,110895,scotus
110488,112846,scotus
110488,112213,scotus
110488,112026,scotus
110488,111104,scotus
110488,4474475,scotus
110488,4511641,scotus
110488,112766,scotus
110488,1743,scotus
110488,112777,scotus
110488,111559,scotus
110488,112154,scotus
110488,118111,scotus
110488,117997,scotus
110488,117855,scotus
110488,117935,scotus
110488,117914,scotus
110488,117928,scotus
110488,145925,scotus
110488,147530,scotus
110488,145749,scotus
110488,110563,scotus
110488,110563,scotus
110488,110563,scotus
110488,147530,scotus
110488,9068915,scotus
110488,145925,scotus
110488,145749,scotus
110488,118442,scotus
110488,1743,scotus
110488,1743,scotus
110488,111244,scotus
110488,111104,scotus
110488,110789,scotus
110488,110895,scotus
110488,111213,scotus
110488,111213,scotus
110488,110560,scotus
110488,111559,scotus
110488,111941,scotus
110488,111941,scotus
110488,111942,scotus
110488,111942,scotus
110488,111942,scotus
110488,112766,scotus
110488,117914,scotus
110488,112167,scotus
110488,112681,scotus
110488,118111,scotus
110488,118111,scotus
110488,112777,scotus
110488,112846,scotus
110516,111501,scotus
110516,134745,scotus
110516,112373,scotus
110516,110673,scotus
110516,118363,scotus
110516,111605,scotus
110516,110718,scotus
110516,111887,scotus
110516,111227,scotus
110516,111723,scotus
110516,111912,scotus
110516,118396,scotus
110516,111839,scotus
110516,110878,scotus
110516,110881,scotus
110516,112009,scotus
110516,111104,scotus
110516,111139,scotus
110516,118291,scotus
110516,799995,scotus
110516,809122,scotus
110516,4403799,scotus
110516,4497655,scotus
110516,112768,scotus
110516,112787,scotus
110516,131157,scotus
110516,118116,scotus
110516,118148,scotus
110516,117861,scotus
110516,117927,scotus
110516,146552,scotus
110516,145889,scotus
110516,803267,scotus
110516,9401905,scotus
110516,9406660,scotus
110516,6619822,scotus
110516,10049675,scotus
110516,110799,scotus
110516,110799,scotus
110516,111308,scotus
110516,111308,scotus
110516,111308,scotus
110516,111308,scotus
110516,4403799,scotus
110516,809122,scotus
110516,146552,scotus
110516,146552,scotus
110516,131157,scotus
110516,118396,scotus
110516,799995,scotus
110516,799995,scotus
110516,799995,scotus
110516,134745,scotus
110516,9033454,scotus
110516,9033455,scotus
110516,110718,scotus
110516,110718,scotus
110516,110718,scotus
110516,110878,scotus
110516,110881,scotus
110516,110881,scotus
110516,111104,scotus
110516,111139,scotus
110516,111227,scotus
110516,111605,scotus
110516,111839,scotus
110516,111723,scotus
110516,111501,scotus
110516,112009,scotus
110516,112009,scotus
110516,112768,scotus
110516,117861,scotus
110516,112768,scotus
110516,112787,scotus
110516,112787,scotus
110516,118116,scotus
110516,118116,scotus
110516,118291,scotus
110516,118291,scotus
110516,118148,scotus
110516,118148,scotus
110558,134746,scotus
110558,112595,scotus
110558,112067,scotus
110558,111257,scotus
110558,110959,scotus
110558,111143,scotus
110558,111146,scotus
110558,111378,scotus
110558,110987,scotus
110558,145887,scotus
110558,110719,scotus
110558,110719,scotus
110558,110719,scotus
110558,110719,scotus
110558,110719,scotus
110558,112608,scotus
110558,110719,scotus
110558,112608,scotus
110558,112608,scotus
110558,145887,scotus
110558,134746,scotus
110558,9035218,scotus
110558,110959,scotus
110558,110959,scotus
110558,111378,scotus
110558,111143,scotus
110558,111143,scotus
110558,111257,scotus
110558,111146,scotus
110558,110987,scotus
110558,112067,scotus
110558,112595,scotus
110563,1087946,scotus
110563,110643,scotus
110563,112740,scotus
110563,112643,scotus
110563,111860,scotus
110563,117834,scotus
110563,111213,scotus
110563,112330,scotus
110563,111942,scotus
110563,112167,scotus
110563,110919,scotus
110563,110927,scotus
110563,799982,scotus
110563,118111,scotus
110563,117997,scotus
110563,112066,scotus
110563,112249,scotus
110563,117914,scotus
110563,118011,scotus
110563,112739,scotus
110563,110563,scotus
110563,112739,scotus
110563,112739,scotus
110563,118011,scotus
110563,799982,scotus
110563,110643,scotus
110563,110927,scotus
110563,111213,scotus
110563,112249,scotus
110563,110919,scotus
110563,111942,scotus
110563,111942,scotus
110563,111860,scotus
110563,117914,scotus
110563,112167,scotus
110563,112330,scotus
110563,112643,scotus
110563,118111,scotus
110563,1087946,scotus
110563,1087946,scotus
110673,112669,scotus
110673,110718,scotus
110673,110881,scotus
110673,112768,scotus
110673,112781,scotus
110673,111308,scotus
110673,111308,scotus
110673,111308,scotus
110673,111308,scotus
110673,9039394,scotus
110673,110718,scotus
110673,110718,scotus
110673,110881,scotus
110673,110881,scotus
110673,112768,scotus
110673,112669,scotus
110673,112669,scotus
110673,112781,scotus
110692,134737,scotus
110692,625711,scotus
110692,111545,scotus
110692,112387,scotus
110692,112573,scotus
110692,111598,scotus
110692,111614,scotus
110692,111169,scotus
110692,111170,scotus
110692,136996,scotus
110692,111229,scotus
110692,111235,scotus
110692,111726,scotus
110692,111727,scotus
110692,111728,scotus
110692,112807,scotus
110692,111303,scotus
110692,110875,scotus
110692,112206,scotus
110692,112207,scotus
110692,111315,scotus
110692,112210,scotus
110692,112845,scotus
110692,110881,scotus
110692,111318,scotus
110692,110933,scotus
110692,112205,scotus
110692,110910,scotus
110692,110970,scotus
110692,112010,scotus
110692,111012,scotus
110692,111018,scotus
110692,111957,scotus
110692,118296,scotus
110692,621045,scotus
110692,4403796,scotus
110692,4374572,scotus
110692,112872,scotus
110692,112771,scotus
110692,112773,scotus
110692,118048,scotus
110692,111765,scotus
110692,111151,scotus
110692,111048,scotus
110692,117893,scotus
110692,118202,scotus
110692,117897,scotus
110692,118015,scotus
110692,118205,scotus
110692,117927,scotus
110692,145628,scotus
110692,145648,scotus
110692,145635,scotus
110692,183477,scotus
110692,145895,scotus
110692,872994,scotus
110692,145822,scotus
110692,6470913,scotus
110692,9477032,scotus
110692,112640,scotus
110692,112640,scotus
110692,112728,scotus
110692,112728,scotus
110692,112728,scotus
110692,4374572,scotus
110692,7341400,scotus
110692,183477,scotus
110692,621045,scotus
110692,625711,scotus
110692,145822,scotus
110692,136996,scotus
110692,145628,scotus
110692,134737,scotus
110692,134737,scotus
110692,9039505,scotus
110692,9039788,scotus
110692,110875,scotus
110692,111048,scotus
110692,111170,scotus
110692,110933,scotus
110692,110881,scotus
110692,111303,scotus
110692,111315,scotus
110692,111318,scotus
110692,111545,scotus
110692,111598,scotus
110692,110970,scotus
110692,111229,scotus
110692,111235,scotus
110692,111235,scotus
110692,111151,scotus
110692,111726,scotus
110692,112205,scotus
110692,112205,scotus
110692,112205,scotus
110692,111726,scotus
110692,111727,scotus
110692,111727,scotus
110692,111727,scotus
110692,111728,scotus
110692,111728,scotus
110692,112010,scotus
110692,112206,scotus
110692,111012,scotus
110692,112872,scotus
110692,111957,scotus
110692,112210,scotus
110692,112210,scotus
110692,112771,scotus
110692,111018,scotus
110692,145648,scotus
110692,112807,scotus
110692,112773,scotus
110692,112773,scotus
110692,112773,scotus
110692,112845,scotus
110692,118296,scotus
110692,118296,scotus
110692,118048,scotus
110692,112387,scotus
110692,118202,scotus
110692,117893,scotus
110692,117893,scotus
110692,118205,scotus
110692,112573,scotus
110692,112573,scotus
110692,111614,scotus
110718,118370,scotus
110718,112176,scotus
110718,118485,scotus
110718,110881,scotus
110718,111396,scotus
110718,111104,scotus
110718,110927,scotus
110718,110928,scotus
110718,809122,scotus
110718,2769806,scotus
110718,4497655,scotus
110718,4631843,scotus
110718,112768,scotus
110718,112456,scotus
110718,111685,scotus
110718,118148,scotus
110718,117932,scotus
110718,117935,scotus
110718,117927,scotus
110718,145642,scotus
110718,145872,scotus
110718,803267,scotus
110718,111308,scotus
110718,111940,scotus
110718,111308,scotus
110718,111308,scotus
110718,111308,scotus
110718,112040,scotus
110718,111940,scotus
110718,112040,scotus
110718,112040,scotus
110718,112040,scotus
110718,4631843,scotus
110718,2769806,scotus
110718,809122,scotus
110718,809122,scotus
110718,9189391,scotus
110718,9189392,scotus
110718,118485,scotus
110718,9040057,scotus
110718,110927,scotus
110718,110881,scotus
110718,110881,scotus
110718,111104,scotus
110718,111396,scotus
110718,111685,scotus
110718,112768,scotus
110718,112768,scotus
110718,112176,scotus
110718,118148,scotus
110718,118148,scotus
110718,118148,scotus
110719,110776,scotus
110719,112392,scotus
110719,112595,scotus
110719,111583,scotus
110719,112287,scotus
110719,111600,scotus
110719,112275,scotus
110719,112067,scotus
110719,111788,scotus
110719,111301,scotus
110719,111262,scotus
110719,111257,scotus
110719,111823,scotus
110719,111282,scotus
110719,111305,scotus
110719,112168,scotus
110719,110959,scotus
110719,110976,scotus
110719,110979,scotus
110719,110901,scotus
110719,111143,scotus
110719,111013,scotus
110719,111378,scotus
110719,110987,scotus
110719,111423,scotus
110719,111020,scotus
110719,118277,scotus
110719,118287,scotus
110719,4501697,scotus
110719,4512666,scotus
110719,4509418,scotus
110719,131161,scotus
110719,112448,scotus
110719,118030,scotus
110719,2621047,scotus
110719,145887,scotus
110719,4510032,scotus
110719,145852,scotus
110719,112608,scotus
110719,110719,scotus
110719,112608,scotus
110719,112608,scotus
110719,112608,scotus
110719,9231313,scotus
110719,145852,scotus
110719,145887,scotus
110719,131161,scotus
110719,9040926,scotus
110719,9043260,scotus
110719,9039645,scotus
110719,9039499,scotus
110719,9039500,scotus
110719,9039501,scotus
110719,9045964,scotus
110719,111301,scotus
110719,111305,scotus
110719,111305,scotus
110719,111423,scotus
110719,111423,scotus
110719,110901,scotus
110719,110901,scotus
110719,110901,scotus
110719,111823,scotus
110719,110959,scotus
110719,110959,scotus
110719,111378,scotus
110719,111378,scotus
110719,111143,scotus
110719,111143,scotus
110719,111257,scotus
110719,111257,scotus
110719,111583,scotus
110719,110976,scotus
110719,110979,scotus
110719,111143,scotus
110719,111262,scotus
110719,110987,scotus
110719,112067,scotus
110719,111600,scotus
110719,111262,scotus
110719,111013,scotus
110719,111013,scotus
110719,112168,scotus
110719,112275,scotus
110719,112595,scotus
110719,112595,scotus
110719,112448,scotus
110719,112448,scotus
110719,118277,scotus
110719,118277,scotus
110719,118277,scotus
110719,112287,scotus
110719,112392,scotus
110719,118287,scotus
110719,2621047,scotus
110719,111020,scotus
110719,111020,scotus
110747,111469,scotus
110747,112425,scotus
110747,112507,scotus
110747,112744,scotus
110747,111607,scotus
110747,111167,scotus
110747,111239,scotus
110747,111139,scotus
110747,2810526,scotus
110747,4510626,scotus
110747,4510625,scotus
110747,4510530,scotus
110747,112356,scotus
110747,112051,scotus
110747,145675,scotus
110747,145701,scotus
110747,146986,scotus
110747,118149,scotus
110747,6796077,scotus
110747,145701,scotus
110747,145701,scotus
110747,111167,scotus
110747,111239,scotus
110747,111607,scotus
110747,111139,scotus
110747,111139,scotus
110747,112051,scotus
110747,112356,scotus
110747,112356,scotus
110747,112425,scotus
110747,112425,scotus
110748,110777,scotus
110748,111602,scotus
110748,111869,scotus
110748,111208,scotus
110748,111236,scotus
110748,111253,scotus
110748,111837,scotus
110748,111384,scotus
110748,110911,scotus
110748,111375,scotus
110748,118022,scotus
110748,112276,scotus
110748,112276,scotus
110748,9039871,scotus
110748,9048021,scotus
110748,110777,scotus
110748,111253,scotus
110748,111375,scotus
110748,110911,scotus
110748,111375,scotus
110748,111384,scotus
110748,111602,scotus
110748,111837,scotus
110748,111236,scotus
110758,111860,scotus
110758,111385,scotus
110758,111982,scotus
110758,118310,scotus
110758,112450,scotus
110758,118076,scotus
110758,111683,scotus
110758,118111,scotus
110758,118148,scotus
110758,118026,scotus
110758,9398334,scotus
110758,9400078,scotus
110758,9409606,scotus
110758,9410341,scotus
110758,10049695,scotus
110758,10049661,scotus
110758,112301,scotus
110758,112301,scotus
110758,9039865,scotus
110758,111982,scotus
110758,111683,scotus
110758,111385,scotus
110758,111860,scotus
110758,111860,scotus
110758,118111,scotus
110758,112450,scotus
110758,118310,scotus
110758,118148,scotus
110880,111466,scotus
110880,112740,scotus
110880,111607,scotus
110880,111608,scotus
110880,111189,scotus
110880,111385,scotus
110880,111097,scotus
110880,111411,scotus
110880,118111,scotus
110880,145809,scotus
110880,118317,scotus
110880,118317,scotus
110880,118317,scotus
110880,145809,scotus
110880,111097,scotus
110880,111097,scotus
110880,111189,scotus
110880,111189,scotus
110880,111607,scotus
110880,111385,scotus
110880,111466,scotus
110880,118111,scotus
110880,118111,scotus
110881,111472,scotus
110881,111474,scotus
110881,111504,scotus
110881,112584,scotus
110881,112632,scotus
110881,112669,scotus
110881,118363,scotus
110881,112844,scotus
110881,111376,scotus
110881,111104,scotus
110881,118323,scotus
110881,809122,scotus
110881,4550984,scotus
110881,112768,scotus
110881,131162,scotus
110881,117952,scotus
110881,117927,scotus
110881,142883,scotus
110881,803267,scotus
110881,118317,scotus
110881,118317,scotus
110881,111308,scotus
110881,111308,scotus
110881,111308,scotus
110881,111308,scotus
110881,112040,scotus
110881,112040,scotus
110881,809122,scotus
110881,118323,scotus
110881,118323,scotus
110881,131162,scotus
110881,111104,scotus
110881,111504,scotus
110881,111376,scotus
110881,112768,scotus
110881,112768,scotus
110881,112669,scotus
110881,112584,scotus
110881,112632,scotus
110881,112632,scotus
110881,112844,scotus
110926,1087958,scotus
110926,111492,scotus
110926,111509,scotus
110926,112417,scotus
110926,112557,scotus
110926,111600,scotus
110926,112647,scotus
110926,118385,scotus
110926,111226,scotus
110926,111877,scotus
110926,111919,scotus
110926,111923,scotus
110926,111255,scotus
110926,111256,scotus
110926,111081,scotus
110926,110959,scotus
110926,111342,scotus
110926,110979,scotus
110926,111959,scotus
110926,111434,scotus
110926,112027,scotus
110926,111378,scotus
110926,111020,scotus
110926,118299,scotus
110926,150540,scotus
110926,2812210,scotus
110926,4487345,scotus
110926,4632235,scotus
110926,3217334,scotus
110926,4374573,scotus
110926,112774,scotus
110926,118098,scotus
110926,136990,scotus
110926,137741,scotus
110926,218457,scotus
110926,149286,scotus
110926,145743,scotus
110926,145744,scotus
110926,6480697,scotus
110926,9986256,scotus
110926,111940,scotus
110926,111940,scotus
110926,9231105,scotus
110926,9231240,scotus
110926,8176305,scotus
110926,8176305,scotus
110926,7345363,scotus
110926,150540,scotus
110926,218457,scotus
110926,2812210,scotus
110926,137741,scotus
110926,145743,scotus
110926,145743,scotus
110926,145744,scotus
110926,118385,scotus
110926,136990,scotus
110926,136990,scotus
110926,149286,scotus
110926,9286992,scotus
110926,111342,scotus
110926,111255,scotus
110926,111256,scotus
110926,111256,scotus
110926,111919,scotus
110926,111959,scotus
110926,110959,scotus
110926,112027,scotus
110926,111378,scotus
110926,111378,scotus
110926,111226,scotus
110926,111492,scotus
110926,111509,scotus
110926,110979,scotus
110926,111600,scotus
110926,111434,scotus
110926,112417,scotus
110926,112647,scotus
110926,112557,scotus
110926,112774,scotus
110926,118299,scotus
110926,118299,scotus
110926,118299,scotus
110926,118299,scotus
110926,1087958,scotus
110926,111020,scotus
110926,111923,scotus
110927,122246,scotus
110927,112681,scotus
110927,112302,scotus
110927,112130,scotus
110927,112199,scotus
110927,112026,scotus
110927,112039,scotus
110927,112774,scotus
110927,111559,scotus
110927,118080,scotus
110927,127885,scotus
110927,127921,scotus
110927,6620345,scotus
110927,6623244,scotus
110927,6623243,scotus
110927,112739,scotus
110927,112739,scotus
110927,127921,scotus
110927,111559,scotus
110927,111559,scotus
110927,112302,scotus
110927,112130,scotus
110927,112681,scotus
110927,112774,scotus
110927,112774,scotus
110979,856347,scotus
110979,145738,scotus
110979,111509,scotus
110979,112384,scotus
110979,112392,scotus
110979,112579,scotus
110979,112257,scotus
110979,111600,scotus
110979,118405,scotus
110979,118391,scotus
110979,111259,scotus
110979,118443,scotus
110979,111252,scotus
110979,112795,scotus
110979,111301,scotus
110979,111282,scotus
110979,111305,scotus
110979,111294,scotus
110979,111834,scotus
110979,111143,scotus
110979,111146,scotus
110979,111397,scotus
110979,112219,scotus
110979,111378,scotus
110979,111382,scotus
110979,111020,scotus
110979,118354,scotus
110979,3153112,scotus
110979,111851,scotus
110979,112873,scotus
110979,112448,scotus
110979,136990,scotus
110979,137742,scotus
110979,112608,scotus
110979,112608,scotus
110979,112608,scotus
110979,3153112,scotus
110979,137742,scotus
110979,137742,scotus
110979,137742,scotus
110979,145738,scotus
110979,118391,scotus
110979,118391,scotus
110979,118405,scotus
110979,118443,scotus
110979,136990,scotus
110979,9046276,scotus
110979,9046150,scotus
110979,9046154,scotus
110979,9287005,scotus
110979,111294,scotus
110979,111301,scotus
110979,111301,scotus
110979,111301,scotus
110979,111305,scotus
110979,111305,scotus
110979,111252,scotus
110979,111252,scotus
110979,111378,scotus
110979,111378,scotus
110979,111378,scotus
110979,111143,scotus
110979,111143,scotus
110979,111834,scotus
110979,111143,scotus
110979,111146,scotus
110979,111382,scotus
110979,111259,scotus
110979,111259,scotus
110979,111834,scotus
110979,111509,scotus
110979,111509,scotus
110979,111397,scotus
110979,111600,scotus
110979,111600,scotus
110979,112257,scotus
110979,111851,scotus
110979,111851,scotus
110979,111397,scotus
110979,112873,scotus
110979,112219,scotus
110979,112448,scotus
110979,112448,scotus
110979,112384,scotus
110979,112392,scotus
110979,112579,scotus
110979,111020,scotus
111003,213843,scotus
111003,111464,scotus
111003,111505,scotus
111003,111506,scotus
111003,118377,scotus
111003,111924,scotus
111003,112138,scotus
111003,112331,scotus
111003,111944,scotus
111003,112194,scotus
111003,111109,scotus
111003,131166,scotus
111003,111113,scotus
111003,799990,scotus
111003,799993,scotus
111003,112451,scotus
111003,111561,scotus
111003,112887,scotus
111003,136987,scotus
111003,121168,scotus
111003,117966,scotus
111003,117967,scotus
111003,117870,scotus
111003,214467,scotus
111003,214063,scotus
111003,147528,scotus
111003,118133,scotus
111003,118386,scotus
111003,118133,scotus
111003,118133,scotus
111003,118386,scotus
111003,118386,scotus
111003,118386,scotus
111003,9231239,scotus
111003,6796084,scotus
111003,7343473,scotus
111003,7343473,scotus
111003,214467,scotus
111003,214467,scotus
111003,147528,scotus
111003,121168,scotus
111003,121168,scotus
111003,121168,scotus
111003,136987,scotus
111003,136987,scotus
111003,118377,scotus
111003,799990,scotus
111003,799993,scotus
111003,131166,scotus
111003,111109,scotus
111003,111113,scotus
111003,111113,scotus
111003,111113,scotus
111003,111505,scotus
111003,111506,scotus
111003,111506,scotus
111003,111924,scotus
111003,112194,scotus
111003,112194,scotus
111003,111561,scotus
111003,111561,scotus
111003,111561,scotus
111003,111561,scotus
111003,111464,scotus
111003,111464,scotus
111003,111464,scotus
111003,111464,scotus
111003,111944,scotus
111003,117967,scotus
111003,117967,scotus
111003,117967,scotus
111003,112138,scotus
111003,112331,scotus
111003,117870,scotus
111003,112451,scotus
111003,112887,scotus
111003,112887,scotus
111020,812450,scotus
111020,4764770,scotus
111020,4766667,scotus
111020,111471,scotus
111020,111521,scotus
111020,134746,scotus
111020,112384,scotus
111020,112400,scotus
111020,112416,scotus
111020,112444,scotus
111020,112464,scotus
111020,112470,scotus
111020,112475,scotus
111020,111600,scotus
111020,111625,scotus
111020,112291,scotus
111020,112746,scotus
111020,111635,scotus
111020,112294,scotus
111020,111157,scotus
111020,112095,scotus
111020,111172,scotus
111020,111207,scotus
111020,111872,scotus
111020,111191,scotus
111020,111880,scotus
111020,111928,scotus
111020,111214,scotus
111020,111252,scotus
111020,111796,scotus
111020,111301,scotus
111020,111778,scotus
111020,112193,scotus
111020,111276,scotus
111020,111823,scotus
111020,112206,scotus
111020,111294,scotus
111020,112175,scotus
111020,112205,scotus
111020,111324,scotus
111020,111430,scotus
111020,111143,scotus
111020,111146,scotus
111020,111101,scotus
111020,111435,scotus
111020,111423,scotus
111020,2620701,scotus
111020,3205874,scotus
111020,820895,scotus
111020,3170728,scotus
111020,2150,scotus
111020,1736,scotus
111020,131160,scotus
111020,112873,scotus
111020,112450,scotus
111020,111673,scotus
111020,1754,scotus
111020,118063,scotus
111020,118086,scotus
111020,118066,scotus
111020,112354,scotus
111020,130147,scotus
111020,118250,scotus
111020,117987,scotus
111020,118235,scotus
111020,117905,scotus
111020,127889,scotus
111020,127930,scotus
111020,117927,scotus
111020,145624,scotus
111020,145631,scotus
111020,145632,scotus
111020,145654,scotus
111020,145639,scotus
111020,145695,scotus
111020,217512,scotus
111020,145894,scotus
111020,145912,scotus
111020,145887,scotus
111020,10339023,scotus
111020,10339193,scotus
111020,112640,scotus
111020,112640,scotus
111020,112640,scotus
111020,112608,scotus
111020,112640,scotus
111020,112608,scotus
111020,4764770,scotus
111020,4766667,scotus
111020,4766667,scotus
111020,10584846,scotus
111020,3170728,scotus
111020,7344718,scotus
111020,2150,scotus
111020,1736,scotus
111020,1736,scotus
111020,820895,scotus
111020,1754,scotus
111020,145887,scotus
111020,145887,scotus
111020,3205874,scotus
111020,145695,scotus
111020,131160,scotus
111020,145624,scotus
111020,217512,scotus
111020,145654,scotus
111020,134746,scotus
111020,111294,scotus
111020,111301,scotus
111020,111101,scotus
111020,111172,scotus
111020,111301,scotus
111020,111191,scotus
111020,111252,scotus
111020,111423,scotus
111020,111423,scotus
111020,111521,scotus
111020,111823,scotus
111020,111207,scotus
111020,111324,scotus
111020,111214,scotus
111020,111143,scotus
111020,111430,scotus
111020,111430,scotus
111020,111600,scotus
111020,111625,scotus
111020,111625,scotus
111020,111928,scotus
111020,111146,scotus
111020,111673,scotus
111020,111635,scotus
111020,111157,scotus
111020,111157,scotus
111020,111600,scotus
111020,112205,scotus
111020,112205,scotus
111020,112205,scotus
111020,112205,scotus
111020,111435,scotus
111020,112291,scotus
111020,112206,scotus
111020,112416,scotus
111020,112095,scotus
111020,112470,scotus
111020,112873,scotus
111020,118086,scotus
111020,112464,scotus
111020,112175,scotus
111020,117905,scotus
111020,117905,scotus
111020,117905,scotus
111020,112450,scotus
111020,112384,scotus
111020,112384,scotus
111235,134737,scotus
111235,625711,scotus
111235,112387,scotus
111235,112573,scotus
111235,112477,scotus
111235,112078,scotus
111235,111726,scotus
111235,111727,scotus
111235,111728,scotus
111235,111340,scotus
111235,111296,scotus
111235,111315,scotus
111235,112210,scotus
111235,112845,scotus
111235,111957,scotus
111235,112004,scotus
111235,3205025,scotus
111235,118015,scotus
111235,118205,scotus
111235,112640,scotus
111235,112640,scotus
111235,112640,scotus
111235,112728,scotus
111235,112728,scotus
111235,112728,scotus
111235,8176191,scotus
111235,625711,scotus
111235,134737,scotus
111235,111296,scotus
111235,111315,scotus
111235,111340,scotus
111235,112004,scotus
111235,111726,scotus
111235,111727,scotus
111235,111727,scotus
111235,111727,scotus
111235,111728,scotus
111235,111728,scotus
111235,111957,scotus
111235,112210,scotus
111235,112210,scotus
111235,112845,scotus
111235,112387,scotus
111235,118205,scotus
111235,112573,scotus
111235,112573,scotus
111252,626454,scotus
111252,217161,scotus
111252,1087956,scotus
111252,111501,scotus
111252,111547,scotus
111252,112381,scotus
111252,112693,scotus
111252,112699,scotus
111252,111610,scotus
111252,112795,scotus
111252,111301,scotus
111252,111389,scotus
111252,118316,scotus
111252,118291,scotus
111252,118318,scotus
111252,2959734,scotus
111252,2620710,scotus
111252,4738313,scotus
111252,112459,scotus
111252,111556,scotus
111252,130150,scotus
111252,112924,scotus
111252,118255,scotus
111252,118228,scotus
111252,145640,scotus
111252,217287,scotus
111252,111555,scotus
111252,111555,scotus
111252,111555,scotus
111252,626454,scotus
111252,2959734,scotus
111252,130150,scotus
111252,111301,scotus
111252,111301,scotus
111252,111610,scotus
111252,111547,scotus
111252,111556,scotus
111252,111389,scotus
111252,111501,scotus
111252,112381,scotus
111252,118316,scotus
111252,118318,scotus
111252,112381,scotus
111252,118291,scotus
111252,112459,scotus
111252,1087956,scotus
111252,2620710,scotus
111252,2620710,scotus
111305,856347,scotus
111305,111583,scotus
111305,111378,scotus
111305,111423,scotus
111305,118277,scotus
111305,112364,scotus
111305,145852,scotus
111305,112608,scotus
111305,112608,scotus
111305,112608,scotus
111305,145852,scotus
111305,9091625,scotus
111305,9091626,scotus
111305,111423,scotus
111305,111423,scotus
111305,111378,scotus
111305,111378,scotus
111305,111583,scotus
111305,118277,scotus
111305,118277,scotus
111308,134732,scotus
111308,1087961,scotus
111308,111464,scotus
111308,111503,scotus
111308,111540,scotus
111308,112427,scotus
111308,112429,scotus
111308,112632,scotus
111308,112738,scotus
111308,112643,scotus
111308,112486,scotus
111308,145777,scotus
111308,118363,scotus
111308,112291,scotus
111308,118371,scotus
111308,118362,scotus
111308,111690,scotus
111308,112330,scotus
111308,112176,scotus
111308,118511,scotus
111308,112044,scotus
111308,118318,scotus
111308,799995,scotus
111308,4794488,scotus
111308,4746633,scotus
111308,4757575,scotus
111308,4765903,scotus
111308,4792854,scotus
111308,112768,scotus
111308,112755,scotus
111308,112786,scotus
111308,112853,scotus
111308,111552,scotus
111308,118089,scotus
111308,118148,scotus
111308,127914,scotus
111308,117935,scotus
111308,118228,scotus
111308,117927,scotus
111308,145902,scotus
111308,146552,scotus
111308,145739,scotus
111308,145809,scotus
111308,145706,scotus
111308,6619822,scotus
111308,118011,scotus
111308,111308,scotus
111308,112640,scotus
111308,112040,scotus
111308,112640,scotus
111308,112906,scotus
111308,112040,scotus
111308,112040,scotus
111308,112040,scotus
111308,112040,scotus
111308,112040,scotus
111308,118011,scotus
111308,9231323,scotus
111308,145777,scotus
111308,145902,scotus
111308,146552,scotus
111308,145809,scotus
111308,7356240,scotus
111308,134732,scotus
111308,145739,scotus
111308,118371,scotus
111308,799995,scotus
111308,799995,scotus
111308,799995,scotus
111308,118511,scotus
111308,9053676,scotus
111308,9135776,scotus
111308,9135777,scotus
111308,9075444,scotus
111308,9075445,scotus
111308,111690,scotus
111308,111503,scotus
111308,111540,scotus
111308,111552,scotus
111308,111503,scotus
111308,112427,scotus
111308,112429,scotus
111308,111464,scotus
111308,112291,scotus
111308,112291,scotus
111308,112768,scotus
111308,112330,scotus
111308,112768,scotus
111308,112330,scotus
111308,112643,scotus
111308,112643,scotus
111308,118318,scotus
111308,112755,scotus
111308,112786,scotus
111308,112786,scotus
111308,1087961,scotus
111308,112176,scotus
111308,118148,scotus
111308,118148,scotus
111308,118148,scotus
111308,112632,scotus
111308,112632,scotus
111492,112536,scotus
111492,112116,scotus
111492,111790,scotus
111492,118491,scotus
111492,112833,scotus
111492,112037,scotus
111492,112449,scotus
111492,111940,scotus
111492,111940,scotus
111492,118491,scotus
111492,112037,scotus
111492,112116,scotus
111492,112833,scotus
111503,620566,scotus
111503,134743,scotus
111503,902770,scotus
111503,111540,scotus
111503,112394,scotus
111503,112419,scotus
111503,112423,scotus
111503,112444,scotus
111503,112565,scotus
111503,112618,scotus
111503,112641,scotus
111503,112653,scotus
111503,112629,scotus
111503,112632,scotus
111503,112669,scotus
111503,118363,scotus
111503,112291,scotus
111503,112292,scotus
111503,111627,scotus
111503,112293,scotus
111503,112299,scotus
111503,117841,scotus
111503,112318,scotus
111503,111742,scotus
111503,112800,scotus
111503,118452,scotus
111503,118504,scotus
111503,118484,scotus
111503,118511,scotus
111503,111949,scotus
111503,118316,scotus
111503,118318,scotus
111503,118323,scotus
111503,799970,scotus
111503,2676593,scotus
111503,4895709,scotus
111503,112777,scotus
111503,118049,scotus
111503,112357,scotus
111503,121157,scotus
111503,118134,scotus
111503,118236,scotus
111503,127887,scotus
111503,127923,scotus
111503,117880,scotus
111503,145693,scotus
111503,142890,scotus
111503,215077,scotus
111503,145902,scotus
111503,9408683,scotus
111503,6619822,scotus
111503,9473278,scotus
111503,118011,scotus
111503,118317,scotus
111503,118317,scotus
111503,118317,scotus
111503,118011,scotus
111503,118011,scotus
111503,118011,scotus
111503,7343955,scotus
111503,7343955,scotus
111503,7350293,scotus
111503,145902,scotus
111503,215077,scotus
111503,215077,scotus
111503,620566,scotus
111503,902770,scotus
111503,121157,scotus
111503,142890,scotus
111503,145693,scotus
111503,145693,scotus
111503,118323,scotus
111503,118323,scotus
111503,118323,scotus
111503,118511,scotus
111503,118452,scotus
111503,118452,scotus
111503,118484,scotus
111503,127923,scotus
111503,118511,scotus
111503,134743,scotus
111503,799970,scotus
111503,111540,scotus
111503,111540,scotus
111503,111540,scotus
111503,111742,scotus
111503,111742,scotus
111503,111627,scotus
111503,112291,scotus
111503,112291,scotus
111503,112292,scotus
111503,112292,scotus
111503,112292,scotus
111503,112293,scotus
111503,112293,scotus
111503,112800,scotus
111503,112419,scotus
111503,112641,scotus
111503,112641,scotus
111503,112299,scotus
111503,112299,scotus
111503,112318,scotus
111503,112318,scotus
111503,112669,scotus
111503,112669,scotus
111503,118316,scotus
111503,111949,scotus
111503,111949,scotus
111503,118316,scotus
111503,118318,scotus
111503,112423,scotus
111503,112423,scotus
111503,112357,scotus
111503,112291,scotus
111503,112291,scotus
111503,112565,scotus
111503,112394,scotus
111503,112629,scotus
111503,112777,scotus
111503,112777,scotus
111503,117880,scotus
111503,118049,scotus
111503,118049,scotus
111503,118134,scotus
111503,112632,scotus
111503,112632,scotus
111505,213843,scotus
111505,4764770,scotus
111505,111924,scotus
111505,112138,scotus
111505,112331,scotus
111505,111944,scotus
111505,118446,scotus
111505,112194,scotus
111505,799990,scotus
111505,112874,scotus
111505,112779,scotus
111505,112881,scotus
111505,112451,scotus
111505,111561,scotus
111505,112887,scotus
111505,121168,scotus
111505,117966,scotus
111505,117967,scotus
111505,117870,scotus
111505,214467,scotus
111505,214063,scotus
111505,6468902,scotus
111505,118133,scotus
111505,118386,scotus
111505,118133,scotus
111505,118133,scotus
111505,118386,scotus
111505,118386,scotus
111505,118386,scotus
111505,4764770,scotus
111505,7343473,scotus
111505,214467,scotus
111505,121168,scotus
111505,799990,scotus
111505,118446,scotus
111505,118446,scotus
111505,9070211,scotus
111505,9070212,scotus
111505,111924,scotus
111505,111924,scotus
111505,111924,scotus
111505,112138,scotus
111505,112194,scotus
111505,111561,scotus
111505,111944,scotus
111505,117967,scotus
111505,112138,scotus
111505,112331,scotus
111505,112331,scotus
111505,112331,scotus
111505,112331,scotus
111505,112874,scotus
111505,112881,scotus
111505,117870,scotus
111505,117870,scotus
111505,117870,scotus
111505,112887,scotus
111505,112451,scotus
111505,112887,scotus
111505,112779,scotus
111505,112779,scotus
111506,112643,scotus
111506,112271,scotus
111506,111924,scotus
111506,112138,scotus
111506,112331,scotus
111506,799990,scotus
111506,112874,scotus
111506,112779,scotus
111506,112887,scotus
111506,112354,scotus
111506,121168,scotus
111506,117870,scotus
111506,6468902,scotus
111506,118133,scotus
111506,118386,scotus
111506,118133,scotus
111506,118133,scotus
111506,118133,scotus
111506,118386,scotus
111506,118386,scotus
111506,121168,scotus
111506,799990,scotus
111506,9070211,scotus
111506,9070212,scotus
111506,111924,scotus
111506,112138,scotus
111506,112271,scotus
111506,112138,scotus
111506,112331,scotus
111506,112331,scotus
111506,112643,scotus
111506,112874,scotus
111506,117870,scotus
111506,117870,scotus
111506,117870,scotus
111506,117870,scotus
111506,112887,scotus
111506,112779,scotus
111506,112779,scotus
111516,4601078,scotus
111516,4605151,scotus
111516,111680,scotus
111516,118166,scotus
111516,118273,scotus
111516,118273,scotus
111516,118273,scotus
111516,118273,scotus
111516,111680,scotus
111561,111924,scotus
111561,112138,scotus
111561,112331,scotus
111561,131166,scotus
111561,112779,scotus
111561,112887,scotus
111561,118136,scotus
111561,112364,scotus
111561,121168,scotus
111561,117966,scotus
111561,117967,scotus
111561,117870,scotus
111561,118133,scotus
111561,118386,scotus
111561,118133,scotus
111561,118133,scotus
111561,118386,scotus
111561,118386,scotus
111561,118386,scotus
111561,121168,scotus
111561,121168,scotus
111561,131166,scotus
111561,131166,scotus
111561,9059885,scotus
111561,9091625,scotus
111561,9091626,scotus
111561,9188501,scotus
111561,9188502,scotus
111561,111924,scotus
111561,112138,scotus
111561,117967,scotus
111561,117967,scotus
111561,117967,scotus
111561,117967,scotus
111561,112138,scotus
111561,112331,scotus
111561,117870,scotus
111561,117870,scotus
111561,118136,scotus
111561,112887,scotus
111561,112887,scotus
111561,112779,scotus
111602,2771247,scotus
111602,112276,scotus
111602,112276,scotus
111669,931125,scotus
111669,112472,scotus
111669,112484,scotus
111669,112664,scotus
111669,112275,scotus
111669,112315,scotus
111669,112145,scotus
111669,111747,scotus
111669,112176,scotus
111669,111846,scotus
111669,111827,scotus
111669,112027,scotus
111669,145702,scotus
111669,2672208,scotus
111669,3216495,scotus
111669,2670794,scotus
111669,4374574,scotus
111669,111748,scotus
111669,112905,scotus
111669,134082,scotus
111669,130154,scotus
111669,130155,scotus
111669,118129,scotus
111669,118141,scotus
111669,117968,scotus
111669,118040,scotus
111669,145848,scotus
111669,9404970,scotus
111669,9410338,scotus
111669,117947,scotus
111669,117947,scotus
111669,117947,scotus
111669,117947,scotus
111669,3216495,scotus
111669,145848,scotus
111669,145848,scotus
111669,931125,scotus
111669,931125,scotus
111669,145702,scotus
111669,145702,scotus
111669,145702,scotus
111669,145702,scotus
111669,145702,scotus
111669,130154,scotus
111669,130154,scotus
111669,130154,scotus
111669,130155,scotus
111669,130155,scotus
111669,130155,scotus
111669,134082,scotus
111669,9061185,scotus
111669,9061200,scotus
111669,9067525,scotus
111669,9067526,scotus
111669,9158194,scotus
111669,9158193,scotus
111669,9158193,scotus
111669,9158194,scotus
111669,112027,scotus
111669,111747,scotus
111669,111846,scotus
111669,111846,scotus
111669,111846,scotus
111669,111747,scotus
111669,111748,scotus
111669,111748,scotus
111669,112315,scotus
111669,112664,scotus
111669,118040,scotus
111669,118040,scotus
111669,118040,scotus
111669,118040,scotus
111669,112275,scotus
111669,112905,scotus
111669,112905,scotus
111669,112905,scotus
111669,118141,scotus
111669,118129,scotus
111669,112145,scotus
111669,112176,scotus
111669,112176,scotus
111669,112176,scotus
111669,112176,scotus
111669,111827,scotus
111669,111827,scotus
111669,111827,scotus
111669,111827,scotus
111683,1087961,scotus
111683,112740,scotus
111683,112681,scotus
111683,111860,scotus
111683,112108,scotus
111683,111714,scotus
111683,111776,scotus
111683,112213,scotus
111683,4509418,scotus
111683,4632952,scotus
111683,118080,scotus
111683,118111,scotus
111683,117933,scotus
111683,117927,scotus
111683,142893,scotus
111683,9398334,scotus
111683,9400078,scotus
111683,10049695,scotus
111683,112301,scotus
111683,112301,scotus
111683,142893,scotus
111683,142893,scotus
111683,111776,scotus
111683,111714,scotus
111683,112108,scotus
111683,111860,scotus
111683,112681,scotus
111683,118111,scotus
111683,1087961,scotus
111683,1087961,scotus
111727,148483,scotus
111727,206097,scotus
111727,134737,scotus
111727,625711,scotus
111727,112573,scotus
111727,112477,scotus
111727,112642,scotus
111727,112078,scotus
111727,111862,scotus
111727,112316,scotus
111727,112847,scotus
111727,112206,scotus
111727,118478,scotus
111727,112210,scotus
111727,112205,scotus
111727,131165,scotus
111727,111957,scotus
111727,118307,scotus
111727,118296,scotus
111727,621045,scotus
111727,4403796,scotus
111727,112773,scotus
111727,112928,scotus
111727,118357,scotus
111727,117893,scotus
111727,118202,scotus
111727,118015,scotus
111727,118205,scotus
111727,145628,scotus
111727,145648,scotus
111727,145635,scotus
111727,182992,scotus
111727,872994,scotus
111727,872995,scotus
111727,6470913,scotus
111727,112640,scotus
111727,112640,scotus
111727,112640,scotus
111727,112728,scotus
111727,112728,scotus
111727,112728,scotus
111727,6796841,scotus
111727,6796841,scotus
111727,148483,scotus
111727,148483,scotus
111727,182992,scotus
111727,206097,scotus
111727,621045,scotus
111727,625711,scotus
111727,145628,scotus
111727,118478,scotus
111727,131165,scotus
111727,134737,scotus
111727,134737,scotus
111727,9061202,scotus
111727,112205,scotus
111727,112205,scotus
111727,111765,scotus
111727,112205,scotus
111727,112206,scotus
111727,112206,scotus
111727,112316,scotus
111727,112642,scotus
111727,111957,scotus
111727,112210,scotus
111727,112210,scotus
111727,145648,scotus
111727,112808,scotus
111727,112773,scotus
111727,112773,scotus
111727,112773,scotus
111727,118307,scotus
111727,112847,scotus
111727,118296,scotus
111727,118202,scotus
111727,117893,scotus
111727,117893,scotus
111727,118205,scotus
111727,118205,scotus
111727,112573,scotus
111727,112573,scotus
111744,112087,scotus
111744,112329,scotus
111744,112836,scotus
111744,111950,scotus
111744,118303,scotus
111744,2144,scotus
111744,112774,scotus
111744,112850,scotus
111744,112861,scotus
111744,112899,scotus
111744,118139,scotus
111744,117861,scotus
111744,117924,scotus
111744,118023,scotus
111744,118023,scotus
111744,118023,scotus
111744,118023,scotus
111744,2144,scotus
111744,112329,scotus
111744,117861,scotus
111744,111950,scotus
111744,112850,scotus
111744,112774,scotus
111744,118303,scotus
111744,112774,scotus
111744,118139,scotus
111744,112899,scotus
111744,112836,scotus
111744,112899,scotus
111827,112442,scotus
111827,112484,scotus
111827,112643,scotus
111827,111904,scotus
111827,112176,scotus
111827,112349,scotus
111827,130155,scotus
111827,117871,scotus
111827,117947,scotus
111827,117947,scotus
111827,130155,scotus
111827,9185297,scotus
111827,9185298,scotus
111827,9097363,scotus
111827,9097364,scotus
111827,112349,scotus
111827,112643,scotus
111827,117871,scotus
111827,117871,scotus
111827,112176,scotus
111827,112176,scotus
111827,112176,scotus
111827,112176,scotus
111880,206098,scotus
111880,625711,scotus
111880,112573,scotus
111880,112316,scotus
111880,112206,scotus
111880,112845,scotus
111880,112205,scotus
111880,111976,scotus
111880,118332,scotus
111880,118339,scotus
111880,799972,scotus
111880,799988,scotus
111880,799989,scotus
111880,621045,scotus
111880,2620703,scotus
111880,4594419,scotus
111880,3171724,scotus
111880,3177217,scotus
111880,3177218,scotus
111880,3211607,scotus
111880,112771,scotus
111880,118054,scotus
111880,121160,scotus
111880,118189,scotus
111880,145860,scotus
111880,112640,scotus
111880,112640,scotus
111880,112640,scotus
111880,3211607,scotus
111880,7342462,scotus
111880,145860,scotus
111880,206098,scotus
111880,621045,scotus
111880,625711,scotus
111880,121160,scotus
111880,118332,scotus
111880,799988,scotus
111880,799989,scotus
111880,2620703,scotus
111880,799972,scotus
111880,9070221,scotus
111880,9070222,scotus
111880,112205,scotus
111880,112206,scotus
111880,112316,scotus
111880,112316,scotus
111880,112316,scotus
111880,112771,scotus
111880,118054,scotus
111880,112845,scotus
111880,118189,scotus
111880,118189,scotus
111880,112573,scotus
111885,112643,scotus
111885,112280,scotus
111885,112119,scotus
111885,4759315,scotus
111885,112848,scotus
111885,145895,scotus
111885,145726,scotus
111885,118230,scotus
111885,118230,scotus
111885,118230,scotus
111885,9231326,scotus
111885,145726,scotus
111885,145726,scotus
111885,112119,scotus
111885,112119,scotus
111885,112643,scotus
111885,112848,scotus
111893,112616,scotus
111893,112253,scotus
111893,112102,scotus
111893,117845,scotus
111893,112139,scotus
111893,118492,scotus
111893,112173,scotus
111893,4625564,scotus
111893,112924,scotus
111893,112050,scotus
111893,117872,scotus
111893,117944,scotus
111893,932061,scotus
111893,9386887,scotus
111893,112906,scotus
111893,118492,scotus
111893,9135777,scotus
111893,9135777,scotus
111893,9160005,scotus
111893,9160006,scotus
111893,9135776,scotus
111893,9135776,scotus
111893,112050,scotus
111893,112050,scotus
111893,112050,scotus
111893,112139,scotus
111893,112102,scotus
111893,112253,scotus
111893,112616,scotus
111893,112173,scotus
111893,112173,scotus
111893,112616,scotus
111893,112616,scotus
111893,117872,scotus
111904,626454,scotus
111904,217161,scotus
111904,137748,scotus
111904,112381,scotus
111904,112481,scotus
111904,112699,scotus
111904,112701,scotus
111904,112295,scotus
111904,118420,scotus
111904,111959,scotus
111904,2959734,scotus
111904,2620698,scotus
111904,2808292,scotus
111904,2812209,scotus
111904,2811847,scotus
111904,3181043,scotus
111904,2771249,scotus
111904,4618953,scotus
111904,4618954,scotus
111904,4394712,scotus
111904,4632951,scotus
111904,112786,scotus
111904,118054,scotus
111904,118071,scotus
111904,130150,scotus
111904,112924,scotus
111904,121146,scotus
111904,118144,scotus
111904,145626,scotus
111904,145640,scotus
111904,142900,scotus
111904,177420,scotus
111904,217287,scotus
111904,145860,scotus
111904,112258,scotus
111904,112258,scotus
111904,112258,scotus
111904,9231224,scotus
111904,2771249,scotus
111904,2811847,scotus
111904,145860,scotus
111904,177420,scotus
111904,626454,scotus
111904,626454,scotus
111904,2959734,scotus
111904,2959734,scotus
111904,130150,scotus
111904,130150,scotus
111904,130150,scotus
111904,142900,scotus
111904,137748,scotus
111904,137748,scotus
111904,137748,scotus
111904,145626,scotus
111904,145626,scotus
111904,121146,scotus
111904,121146,scotus
111904,2620698,scotus
111904,9072306,scotus
111904,9072307,scotus
111904,9281247,scotus
111904,111959,scotus
111904,112295,scotus
111904,112381,scotus
111904,112381,scotus
111904,118054,scotus
111904,118054,scotus
111904,118054,scotus
111904,118054,scotus
111904,118144,scotus
111904,112786,scotus
111904,112786,scotus
111916,118148,scotus
111916,118225,scotus
111916,111940,scotus
111916,111940,scotus
111916,118148,scotus
111949,112423,scotus
111949,112566,scotus
111949,112641,scotus
111949,112669,scotus
111949,112510,scotus
111949,112643,scotus
111949,112291,scotus
111949,112292,scotus
111949,112293,scotus
111949,112296,scotus
111949,112299,scotus
111949,112313,scotus
111949,112318,scotus
111949,112800,scotus
111949,118318,scotus
111949,6456420,scotus
111949,4630267,scotus
111949,4630088,scotus
111949,121164,scotus
111949,121165,scotus
111949,117880,scotus
111949,145806,scotus
111949,4630268,scotus
111949,4641200,scotus
111949,118011,scotus
111949,118317,scotus
111949,118317,scotus
111949,118011,scotus
111949,118011,scotus
111949,4630267,scotus
111949,121164,scotus
111949,121165,scotus
111949,112291,scotus
111949,112291,scotus
111949,112292,scotus
111949,112293,scotus
111949,112800,scotus
111949,112296,scotus
111949,112641,scotus
111949,112641,scotus
111949,112299,scotus
111949,112643,scotus
111949,112318,scotus
111949,112318,scotus
111949,112669,scotus
111949,112669,scotus
111949,118318,scotus
111949,112423,scotus
111949,112423,scotus
111949,112291,scotus
111949,112566,scotus
111949,117880,scotus
111949,112313,scotus
112052,2678468,scotus
112052,1087895,scotus
112052,1087958,scotus
112052,5305640,scotus
112052,5305639,scotus
112052,112575,scotus
112052,5305358,scotus
112052,117841,scotus
112052,112137,scotus
112052,118298,scotus
112052,118331,scotus
112052,2959747,scotus
112052,3213977,scotus
112052,4403803,scotus
112052,4601079,scotus
112052,117865,scotus
112052,117958,scotus
112052,117958,scotus
112052,4601079,scotus
112052,112137,scotus
112052,118298,scotus
112052,112575,scotus
112052,1087895,scotus
112052,1087895,scotus
112052,1087958,scotus
112066,2783506,scotus
112066,112167,scotus
112066,112242,scotus
112066,799982,scotus
112066,4509418,scotus
112066,117914,scotus
112066,112739,scotus
112066,112739,scotus
112066,112739,scotus
112066,112739,scotus
112066,2783506,scotus
112066,799982,scotus
112066,117914,scotus
112066,112167,scotus
112066,112242,scotus
112138,213843,scotus
112138,4764770,scotus
112138,118377,scotus
112138,112330,scotus
112138,112331,scotus
112138,145704,scotus
112138,799990,scotus
112138,799993,scotus
112138,112887,scotus
112138,112354,scotus
112138,117966,scotus
112138,117967,scotus
112138,117870,scotus
112138,145658,scotus
112138,214467,scotus
112138,214063,scotus
112138,118133,scotus
112138,118386,scotus
112138,118133,scotus
112138,118133,scotus
112138,118386,scotus
112138,118386,scotus
112138,118386,scotus
112138,4764770,scotus
112138,7343473,scotus
112138,7343473,scotus
112138,214467,scotus
112138,214467,scotus
112138,145658,scotus
112138,145704,scotus
112138,145704,scotus
112138,145704,scotus
112138,145704,scotus
112138,118377,scotus
112138,118377,scotus
112138,799990,scotus
112138,799993,scotus
112138,145658,scotus
112138,9160005,scotus
112138,9160006,scotus
112138,9188501,scotus
112138,9188502,scotus
112138,117967,scotus
112138,117967,scotus
112138,117967,scotus
112138,112330,scotus
112138,112331,scotus
112138,117870,scotus
112138,117870,scotus
112138,112887,scotus
112138,112887,scotus
112176,931125,scotus
112176,137748,scotus
112176,112601,scotus
112176,112484,scotus
112176,112270,scotus
112176,112315,scotus
112176,117841,scotus
112176,118407,scotus
112176,112330,scotus
112176,118315,scotus
112176,118335,scotus
112176,145702,scotus
112176,2959750,scotus
112176,2811844,scotus
112176,2672208,scotus
112176,3216495,scotus
112176,2670794,scotus
112176,4746633,scotus
112176,4748668,scotus
112176,112782,scotus
112176,112884,scotus
112176,112905,scotus
112176,134082,scotus
112176,130154,scotus
112176,130155,scotus
112176,118129,scotus
112176,117968,scotus
112176,118040,scotus
112176,118238,scotus
112176,118037,scotus
112176,112252,scotus
112176,117876,scotus
112176,117944,scotus
112176,145627,scotus
112176,145901,scotus
112176,145848,scotus
112176,9410338,scotus
112176,117947,scotus
112176,117947,scotus
112176,117947,scotus
112176,117947,scotus
112176,117947,scotus
112176,4748668,scotus
112176,9231323,scotus
112176,2811844,scotus
112176,3216495,scotus
112176,3216495,scotus
112176,145901,scotus
112176,145848,scotus
112176,145848,scotus
112176,931125,scotus
112176,931125,scotus
112176,145702,scotus
112176,145702,scotus
112176,145702,scotus
112176,145702,scotus
112176,137748,scotus
112176,145627,scotus
112176,118407,scotus
112176,134082,scotus
112176,130154,scotus
112176,130154,scotus
112176,130154,scotus
112176,130155,scotus
112176,130155,scotus
112176,130155,scotus
112176,130155,scotus
112176,9085405,scotus
112176,9085406,scotus
112176,9158194,scotus
112176,9158193,scotus
112176,9185297,scotus
112176,9185298,scotus
112176,112252,scotus
112176,112270,scotus
112176,112315,scotus
112176,112315,scotus
112176,112330,scotus
112176,118040,scotus
112176,118040,scotus
112176,118315,scotus
112176,112601,scotus
112176,112905,scotus
112176,112905,scotus
112176,112884,scotus
112176,112884,scotus
112176,117876,scotus
112176,112782,scotus
112176,118129,scotus
112205,217161,scotus
112205,112642,scotus
112205,112291,scotus
112205,112746,scotus
112205,112322,scotus
112205,2959734,scotus
112205,3205874,scotus
112205,820895,scotus
112205,4403796,scotus
112205,112771,scotus
112205,118063,scotus
112205,118109,scotus
112205,117893,scotus
112205,118202,scotus
112205,117897,scotus
112205,117905,scotus
112205,145624,scotus
112205,145695,scotus
112205,182992,scotus
112205,217287,scotus
112205,872994,scotus
112205,112640,scotus
112205,112640,scotus
112205,112640,scotus
112205,112640,scotus
112205,182992,scotus
112205,820895,scotus
112205,2959734,scotus
112205,3205874,scotus
112205,145695,scotus
112205,145624,scotus
112205,9086798,scotus
112205,9086799,scotus
112205,9091268,scotus
112205,9091269,scotus
112205,112291,scotus
112205,112642,scotus
112205,112642,scotus
112205,112771,scotus
112205,118109,scotus
112205,112322,scotus
112205,117905,scotus
112205,117905,scotus
112205,117893,scotus
112205,118202,scotus
112259,1087946,scotus
112259,112324,scotus
112259,112303,scotus
112259,118401,scotus
112259,118052,scotus
112259,112904,scotus
112259,112352,scotus
112259,117954,scotus
112259,118136,scotus
112259,118005,scotus
112259,127900,scotus
112259,146981,scotus
112259,145867,scotus
112259,118155,scotus
112259,118155,scotus
112259,118155,scotus
112259,118155,scotus
112259,118155,scotus
112259,112906,scotus
112259,6796081,scotus
112259,146981,scotus
112259,145867,scotus
112259,118401,scotus
112259,118401,scotus
112259,9135777,scotus
112259,9135776,scotus
112259,112303,scotus
112259,112303,scotus
112259,112352,scotus
112259,112324,scotus
112259,112324,scotus
112259,118052,scotus
112259,118136,scotus
112259,112904,scotus
112259,112904,scotus
112259,118052,scotus
112259,1087946,scotus
112259,1087946,scotus
112259,1087946,scotus
112259,1087946,scotus
112291,112423,scotus
112291,112414,scotus
112291,112565,scotus
112291,112566,scotus
112291,112641,scotus
112291,112629,scotus
112291,117841,scotus
112291,112318,scotus
112291,118316,scotus
112291,118318,scotus
112291,118323,scotus
112291,112770,scotus
112291,118134,scotus
112291,117892,scotus
112291,127888,scotus
112291,118219,scotus
112291,127926,scotus
112291,117880,scotus
112291,145706,scotus
112291,6619822,scotus
112291,9473278,scotus
112291,118011,scotus
112291,118317,scotus
112291,118317,scotus
112291,118317,scotus
112291,118011,scotus
112291,118011,scotus
112291,118011,scotus
112291,118323,scotus
112291,118323,scotus
112291,118323,scotus
112291,127926,scotus
112291,112414,scotus
112291,112641,scotus
112291,112770,scotus
112291,112318,scotus
112291,112318,scotus
112291,112318,scotus
112291,118316,scotus
112291,118316,scotus
112291,118318,scotus
112291,112423,scotus
112291,112423,scotus
112291,112565,scotus
112291,112629,scotus
112291,112566,scotus
112291,117880,scotus
112291,118134,scotus
112291,117892,scotus
112296,134736,scotus
112296,931121,scotus
112296,1087950,scotus
112296,112393,scotus
112296,112559,scotus
112296,112431,scotus
112296,112737,scotus
112296,112669,scotus
112296,112738,scotus
112296,112510,scotus
112296,112643,scotus
112296,112744,scotus
112296,117837,scotus
112296,118380,scotus
112296,117841,scotus
112296,117842,scotus
112296,118421,scotus
112296,118269,scotus
112296,118315,scotus
112296,798626,scotus
112296,2959744,scotus
112296,2810526,scotus
112296,2959750,scotus
112296,2620697,scotus
112296,2675751,scotus
112296,2811844,scotus
112296,2676593,scotus
112296,2679835,scotus
112296,3168776,scotus
112296,4738312,scotus
112296,4746633,scotus
112296,4509418,scotus
112296,855518,scotus
112296,1722,scotus
112296,112752,scotus
112296,112786,scotus
112296,112890,scotus
112296,112901,scotus
112296,112934,scotus
112296,117994,scotus
112296,121165,scotus
112296,117858,scotus
112296,117884,scotus
112296,117892,scotus
112296,118205,scotus
112296,118242,scotus
112296,118245,scotus
112296,117874,scotus
112296,145679,scotus
112296,145681,scotus
112296,142875,scotus
112296,219508,scotus
112296,145890,scotus
112296,145887,scotus
112296,145842,scotus
112296,145806,scotus
112296,145838,scotus
112296,903985,scotus
112296,4632953,scotus
112296,9404970,scotus
112296,9986254,scotus
112296,118133,scotus
112296,118149,scotus
112296,118230,scotus
112296,118133,scotus
112296,118230,scotus
112296,118230,scotus
112296,112739,scotus
112296,112906,scotus
112296,117931,scotus
112296,117958,scotus
112296,112739,scotus
112296,117931,scotus
112296,117931,scotus
112296,117931,scotus
112296,117958,scotus
112296,9231323,scotus
112296,8168053,scotus
112296,8176112,scotus
112296,2675751,scotus
112296,2675751,scotus
112296,2811844,scotus
112296,6792710,scotus
112296,7345721,scotus
112296,1722,scotus
112296,145887,scotus
112296,145890,scotus
112296,145890,scotus
112296,9053437,scotus
112296,9053437,scotus
112296,9053437,scotus
112296,903985,scotus
112296,2959744,scotus
112296,145842,scotus
112296,121165,scotus
112296,798626,scotus
112296,118380,scotus
112296,118380,scotus
112296,142875,scotus
112296,2620697,scotus
112296,9135776,scotus
112296,9135777,scotus
112296,9088633,scotus
112296,9088634,scotus
112296,9091853,scotus
112296,9091854,scotus
112296,9096309,scotus
112296,9096310,scotus
112296,112559,scotus
112296,112643,scotus
112296,112643,scotus
112296,112669,scotus
112296,118315,scotus
112296,118269,scotus
112296,117874,scotus
112296,117874,scotus
112296,112890,scotus
112296,112786,scotus
112296,117892,scotus
112296,118205,scotus
112296,112901,scotus
112296,112901,scotus
112296,1087950,scotus
112425,856346,scotus
112425,4510626,scotus
112425,4510625,scotus
112425,4510530,scotus
112425,112893,scotus
112425,145701,scotus
112425,145906,scotus
112425,145760,scotus
112425,118149,scotus
112425,10371243,scotus
112425,145906,scotus
112425,145701,scotus
112425,112893,scotus
112425,112893,scotus
112432,112713,scotus
112432,112643,scotus
112432,112646,scotus
112432,112540,scotus
112432,4325538,scotus
112432,4630267,scotus
112432,4630088,scotus
112432,118183,scotus
112432,117878,scotus
112432,4510030,scotus
112432,145706,scotus
112432,145859,scotus
112432,4630268,scotus
112432,4641200,scotus
112432,112906,scotus
112432,117947,scotus
112432,117947,scotus
112432,4630267,scotus
112432,8176259,scotus
112432,145859,scotus
112432,9135776,scotus
112432,9135777,scotus
112432,9135777,scotus
112432,9135777,scotus
112432,9099646,scotus
112432,9099647,scotus
112432,9099650,scotus
112432,9099651,scotus
112432,9102853,scotus
112432,9102854,scotus
112432,9103280,scotus
112432,9103279,scotus
112432,9135776,scotus
112432,9135777,scotus
112432,9135776,scotus
112432,9135776,scotus
112432,9135776,scotus
112432,9135777,scotus
112432,112646,scotus
112432,112643,scotus
112432,112713,scotus
112432,112713,scotus
112432,112540,scotus
112432,118183,scotus
112484,931125,scotus
112484,112643,scotus
112484,112731,scotus
112484,117836,scotus
112484,118444,scotus
112484,145702,scotus
112484,2672208,scotus
112484,3216495,scotus
112484,2670794,scotus
112484,4869841,scotus
112484,118056,scotus
112484,130154,scotus
112484,130155,scotus
112484,117968,scotus
112484,118040,scotus
112484,117869,scotus
112484,117876,scotus
112484,145706,scotus
112484,6480698,scotus
112484,118133,scotus
112484,118133,scotus
112484,117947,scotus
112484,117947,scotus
112484,117947,scotus
112484,117947,scotus
112484,3216495,scotus
112484,931125,scotus
112484,145702,scotus
112484,118444,scotus
112484,130154,scotus
112484,130155,scotus
112484,9136737,scotus
112484,9101781,scotus
112484,9101782,scotus
112484,118040,scotus
112484,112643,scotus
112484,117869,scotus
112484,117876,scotus
112484,118056,scotus
112573,145766,scotus
112573,145795,scotus
112573,134737,scotus
112573,625711,scotus
112573,4883693,scotus
112573,1088038,scotus
112573,134747,scotus
112573,112584,scotus
112573,112687,scotus
112573,112672,scotus
112573,112726,scotus
112573,112646,scotus
112573,117828,scotus
112573,145664,scotus
112573,112847,scotus
112573,112808,scotus
112573,118478,scotus
112573,112845,scotus
112573,118307,scotus
112573,6461473,scotus
112573,4403796,scotus
112573,2769807,scotus
112573,3195198,scotus
112573,4757658,scotus
112573,4510531,scotus
112573,4883739,scotus
112573,4883740,scotus
112573,4885592,scotus
112573,4885593,scotus
112573,112786,scotus
112573,112771,scotus
112573,118058,scotus
112573,112773,scotus
112573,118054,scotus
112573,117187,scotus
112573,118356,scotus
112573,118359,scotus
112573,117893,scotus
112573,118202,scotus
112573,117897,scotus
112573,118015,scotus
112573,118205,scotus
112573,117873,scotus
112573,117927,scotus
112573,145648,scotus
112573,142891,scotus
112573,145700,scotus
112573,149287,scotus
112573,145817,scotus
112573,872995,scotus
112573,145860,scotus
112573,145832,scotus
112573,9408683,scotus
112573,10049669,scotus
112573,118011,scotus
112573,112640,scotus
112573,112640,scotus
112573,112640,scotus
112573,112728,scotus
112573,112728,scotus
112573,112728,scotus
112573,112728,scotus
112573,118011,scotus
112573,3195198,scotus
112573,149287,scotus
112573,149287,scotus
112573,145860,scotus
112573,9053440,scotus
112573,625711,scotus
112573,145817,scotus
112573,145700,scotus
112573,145700,scotus
112573,145664,scotus
112573,142891,scotus
112573,118478,scotus
112573,134737,scotus
112573,9138872,scotus
112573,9143083,scotus
112573,9135780,scotus
112573,9135781,scotus
112573,9108272,scotus
112573,9108273,scotus
112573,9110075,scotus
112573,9110076,scotus
112573,9110938,scotus
112573,9110939,scotus
112573,112646,scotus
112573,112771,scotus
112573,112672,scotus
112573,145648,scotus
112573,145648,scotus
112573,112808,scotus
112573,112808,scotus
112573,112773,scotus
112573,112773,scotus
112573,112773,scotus
112573,118307,scotus
112573,118054,scotus
112573,117873,scotus
112573,112845,scotus
112573,112847,scotus
112573,112584,scotus
112573,112786,scotus
112573,118202,scotus
112573,117893,scotus
112573,117893,scotus
112573,118205,scotus
112640,148483,scotus
112640,145759,scotus
112640,213842,scotus
112640,1992738,scotus
112640,625711,scotus
112640,624280,scotus
112640,4764770,scotus
112640,4766667,scotus
112640,931122,scotus
112640,1087693,scotus
112640,122249,scotus
112640,112687,scotus
112640,112735,scotus
112640,118371,scotus
112640,137004,scotus
112640,118389,scotus
112640,112847,scotus
112640,112808,scotus
112640,118478,scotus
112640,112845,scotus
112640,118296,scotus
112640,799988,scotus
112640,621045,scotus
112640,2620704,scotus
112640,2642829,scotus
112640,4487343,scotus
112640,3205874,scotus
112640,820895,scotus
112640,4403796,scotus
112640,3170728,scotus
112640,3207966,scotus
112640,4374577,scotus
112640,1734,scotus
112640,1736,scotus
112640,112768,scotus
112640,112771,scotus
112640,112773,scotus
112640,1754,scotus
112640,117187,scotus
112640,118109,scotus
112640,112928,scotus
112640,118356,scotus
112640,118357,scotus
112640,121172,scotus
112640,118154,scotus
112640,118015,scotus
112640,117905,scotus
112640,117873,scotus
112640,117927,scotus
112640,145628,scotus
112640,145635,scotus
112640,145700,scotus
112640,218927,scotus
112640,205316,scotus
112640,145899,scotus
112640,2643016,scotus
112640,149287,scotus
112640,145883,scotus
112640,811778,scotus
112640,145740,scotus
112640,872994,scotus
112640,872995,scotus
112640,6470913,scotus
112640,112640,scotus
112640,112728,scotus
112640,112728,scotus
112640,112728,scotus
112640,112728,scotus
112640,4764770,scotus
112640,4766667,scotus
112640,3170728,scotus
112640,6796841,scotus
112640,6796841,scotus
112640,6796841,scotus
112640,7342449,scotus
112640,7345712,scotus
112640,7343474,scotus
112640,149287,scotus
112640,1734,scotus
112640,1736,scotus
112640,148483,scotus
112640,148483,scotus
112640,148483,scotus
112640,213842,scotus
112640,820895,scotus
112640,820895,scotus
112640,811778,scotus
112640,621045,scotus
112640,621045,scotus
112640,625711,scotus
112640,625711,scotus
112640,931122,scotus
112640,1754,scotus
112640,145883,scotus
112640,3205874,scotus
112640,3205874,scotus
112640,9203464,scotus
112640,9203465,scotus
112640,145700,scotus
112640,145759,scotus
112640,145740,scotus
112640,145628,scotus
112640,218927,scotus
112640,118371,scotus
112640,799988,scotus
112640,118478,scotus
112640,118478,scotus
112640,122249,scotus
112640,2620704,scotus
112640,2620704,scotus
112640,9138872,scotus
112640,112768,scotus
112640,112771,scotus
112640,118109,scotus
112640,112808,scotus
112640,117905,scotus
112640,112773,scotus
112640,112773,scotus
112640,117905,scotus
112640,117873,scotus
112640,117873,scotus
112640,112845,scotus
112640,112847,scotus
112640,118296,scotus
112640,118296,scotus
112640,118296,scotus
112640,1087693,scotus
112643,134724,scotus
112643,134735,scotus
112643,145738,scotus
112643,4883693,scotus
112643,4894055,scotus
112643,4898459,scotus
112643,1087959,scotus
112643,112702,scotus
112643,117836,scotus
112643,136994,scotus
112643,136995,scotus
112643,118380,scotus
112643,112807,scotus
112643,118492,scotus
112643,118309,scotus
112643,118323,scotus
112643,6448058,scotus
112643,6448085,scotus
112643,6448086,scotus
112643,2810526,scotus
112643,4311283,scotus
112643,2812210,scotus
112643,2675751,scotus
112643,2681318,scotus
112643,2679835,scotus
112643,820896,scotus
112643,4630267,scotus
112643,3170728,scotus
112643,4746633,scotus
112643,4511640,scotus
112643,4883739,scotus
112643,4764452,scotus
112643,4883740,scotus
112643,4894283,scotus
112643,4374569,scotus
112643,4894284,scotus
112643,4903413,scotus
112643,4885592,scotus
112643,4885593,scotus
112643,4631843,scotus
112643,4630088,scotus
112643,112753,scotus
112643,112786,scotus
112643,112779,scotus
112643,112879,scotus
112643,1741,scotus
112643,137727,scotus
112643,130150,scotus
112643,137741,scotus
112643,121164,scotus
112643,130160,scotus
112643,117851,scotus
112643,118202,scotus
112643,118038,scotus
112643,117874,scotus
112643,127897,scotus
112643,145630,scotus
112643,145701,scotus
112643,145918,scotus
112643,145925,scotus
112643,145970,scotus
112643,145873,scotus
112643,145887,scotus
112643,145707,scotus
112643,145857,scotus
112643,145817,scotus
112643,145706,scotus
112643,903985,scotus
112643,4630268,scotus
112643,4632953,scotus
112643,4641200,scotus
112643,9410338,scotus
112643,9954582,scotus
112643,9986254,scotus
112643,9986257,scotus
112643,10049657,scotus
112643,10318017,scotus
112643,118011,scotus
112643,118133,scotus
112643,118149,scotus
112643,118230,scotus
112643,118133,scotus
112643,118230,scotus
112643,118230,scotus
112643,112739,scotus
112643,112906,scotus
112643,117947,scotus
112643,117958,scotus
112643,112739,scotus
112643,117947,scotus
112643,117958,scotus
112643,118011,scotus
112643,4631843,scotus
112643,4764452,scotus
112643,4630267,scotus
112643,4630267,scotus
112643,4630267,scotus
112643,4630267,scotus
112643,9231323,scotus
112643,8168053,scotus
112643,2675751,scotus
112643,2675751,scotus
112643,3170728,scotus
112643,145873,scotus
112643,820896,scotus
112643,903985,scotus
112643,903985,scotus
112643,145925,scotus
112643,145887,scotus
112643,145887,scotus
112643,145817,scotus
112643,145857,scotus
112643,2812210,scotus
112643,2812210,scotus
112643,130150,scotus
112643,145701,scotus
112643,145701,scotus
112643,136995,scotus
112643,121164,scotus
112643,137741,scotus
112643,130160,scotus
112643,134735,scotus
112643,145738,scotus
112643,145630,scotus
112643,118323,scotus
112643,1741,scotus
112643,1741,scotus
112643,118380,scotus
112643,127897,scotus
112643,118492,scotus
112643,137727,scotus
112643,136994,scotus
112643,145630,scotus
112643,134724,scotus
112643,9136737,scotus
112643,9135776,scotus
112643,9135777,scotus
112643,112702,scotus
112643,112702,scotus
112643,112753,scotus
112643,112807,scotus
112643,117851,scotus
112643,118309,scotus
112643,112779,scotus
112643,117874,scotus
112643,112786,scotus
112643,118202,scotus
112643,112786,scotus
112643,1087959,scotus
112679,112712,scotus
112679,112729,scotus
112679,118378,scotus
112679,4794488,scotus
112679,131155,scotus
112679,145850,scotus
112679,118133,scotus
112679,118133,scotus
112679,118133,scotus
112679,145850,scotus
112679,145850,scotus
112679,118378,scotus
112679,112712,scotus
112800,134743,scotus
112800,134741,scotus
112800,214949,scotus
112800,1087952,scotus
112800,5305640,scotus
112800,5305639,scotus
112800,5305358,scotus
112800,118368,scotus
112800,112841,scotus
112800,118504,scotus
112800,118511,scotus
112800,118304,scotus
112800,118318,scotus
112800,4618956,scotus
112800,117996,scotus
112800,118148,scotus
112800,117880,scotus
112800,145689,scotus
112800,215071,scotus
112800,147530,scotus
112800,6479296,scotus
112800,9398335,scotus
112800,10049696,scotus
112800,118011,scotus
112800,118011,scotus
112800,118011,scotus
112800,7343954,scotus
112800,147530,scotus
112800,215071,scotus
112800,118368,scotus
112800,118511,scotus
112800,134741,scotus
112800,134743,scotus
112800,9133174,scotus
112800,9133175,scotus
112800,118318,scotus
112800,118304,scotus
112800,112841,scotus
112800,117880,scotus
112800,117880,scotus
112800,118148,scotus
112836,117847,scotus
112836,118303,scotus
112836,6461471,scotus
112836,2809763,scotus
112836,4511150,scotus
112836,4469101,scotus
112836,112899,scotus
112836,118458,scotus
112836,117963,scotus
112836,118139,scotus
112836,117924,scotus
112836,219511,scotus
112836,219616,scotus
112836,118023,scotus
112836,118023,scotus
112836,118023,scotus
112836,118023,scotus
112836,7345718,scotus
112836,7345718,scotus
112836,219616,scotus
112836,219616,scotus
112836,118458,scotus
112836,117847,scotus
112836,118303,scotus
112836,118139,scotus
112836,112899,scotus
112848,219617,scotus
112848,802398,scotus
112848,821189,scotus
112848,4730119,scotus
112848,4891453,scotus
112848,145784,scotus
112848,145664,scotus
112848,118492,scotus
112848,118505,scotus
112848,118487,scotus
112848,118298,scotus
112848,118309,scotus
112848,118324,scotus
112848,2810523,scotus
112848,798510,scotus
112848,2620704,scotus
112848,4441341,scotus
112848,4403790,scotus
112848,3195996,scotus
112848,4738311,scotus
112848,4508136,scotus
112848,130145,scotus
112848,131156,scotus
112848,136986,scotus
112848,118106,scotus
112848,117857,scotus
112848,117889,scotus
112848,117897,scotus
112848,218921,scotus
112848,145896,scotus
112848,146982,scotus
112848,145885,scotus
112848,145812,scotus
112848,145740,scotus
112848,820903,scotus
112848,6470914,scotus
112848,8511111,scotus
112848,9409093,scotus
112848,10049665,scotus
112848,117958,scotus
112848,117958,scotus
112848,9231014,scotus
112848,6796080,scotus
112848,6796080,scotus
112848,145812,scotus
112848,146982,scotus
112848,146982,scotus
112848,145784,scotus
112848,802398,scotus
112848,820903,scotus
112848,820903,scotus
112848,218921,scotus
112848,145812,scotus
112848,145664,scotus
112848,136986,scotus
112848,145740,scotus
112848,798510,scotus
112848,219617,scotus
112848,118487,scotus
112848,118487,scotus
112848,118492,scotus
112848,130145,scotus
112848,2620704,scotus
112848,118309,scotus
112848,118298,scotus
112848,118298,scotus
112868,4883693,scotus
112868,4891453,scotus
112868,118381,scotus
112868,117831,scotus
112868,118274,scotus
112868,118298,scotus
112868,4403801,scotus
112868,4497656,scotus
112868,4883739,scotus
112868,4883740,scotus
112868,4885592,scotus
112868,4885593,scotus
112868,118074,scotus
112868,118065,scotus
112868,118460,scotus
112868,118106,scotus
112868,131144,scotus
112868,118162,scotus
112868,145631,scotus
112868,145633,scotus
112868,145926,scotus
112868,146982,scotus
112868,8509977,scotus
112868,117958,scotus
112868,117958,scotus
112868,117958,scotus
112868,6796080,scotus
112868,145926,scotus
112868,145926,scotus
112868,146982,scotus
112868,118381,scotus
112868,9136743,scotus
112868,118274,scotus
112868,118162,scotus
112868,118298,scotus
112868,118298,scotus
112887,131166,scotus
112887,799990,scotus
112887,4511149,scotus
112887,121168,scotus
112887,117967,scotus
112887,118158,scotus
112887,117870,scotus
112887,118133,scotus
112887,118386,scotus
112887,118133,scotus
112887,118133,scotus
112887,118386,scotus
112887,118386,scotus
112887,118386,scotus
112887,118386,scotus
112887,121168,scotus
112887,121168,scotus
112887,799990,scotus
112887,131166,scotus
112887,9188501,scotus
112887,9188502,scotus
112887,117967,scotus
112887,117967,scotus
112887,117967,scotus
112887,118158,scotus
112887,117870,scotus
112887,117870,scotus
112887,117870,scotus
112899,931122,scotus
112899,118303,scotus
112899,4497655,scotus
112899,118458,scotus
112899,118139,scotus
112899,117924,scotus
112899,219511,scotus
112899,219616,scotus
112899,118023,scotus
112899,118023,scotus
112899,118023,scotus
112899,7345718,scotus
112899,931122,scotus
112899,219616,scotus
112899,118458,scotus
112899,118458,scotus
112899,118303,scotus
112899,118139,scotus
112906,219097,scotus
112906,112937,scotus
112906,118417,scotus
112906,118264,scotus
112906,2812210,scotus
112906,820896,scotus
112906,4630267,scotus
112906,4510624,scotus
112906,4630088,scotus
112906,118052,scotus
112906,114675,scotus
112906,117954,scotus
112906,118188,scotus
112906,117872,scotus
112906,117878,scotus
112906,146981,scotus
112906,4510028,scotus
112906,145706,scotus
112906,4630268,scotus
112906,4641200,scotus
112906,118155,scotus
112906,118155,scotus
112906,118155,scotus
112906,118155,scotus
112906,117947,scotus
112906,117947,scotus
112906,4630267,scotus
112906,6796081,scotus
112906,7345716,scotus
112906,146981,scotus
112906,820896,scotus
112906,820896,scotus
112906,2812210,scotus
112906,118417,scotus
112906,219097,scotus
112906,9143336,scotus
112906,9143337,scotus
112906,117872,scotus
112906,118188,scotus
112906,118052,scotus
117870,134735,scotus
117870,4770835,scotus
117870,799990,scotus
117870,799993,scotus
117870,4511149,scotus
117870,136984,scotus
117870,117966,scotus
117870,117967,scotus
117870,142900,scotus
117870,6468902,scotus
117870,118133,scotus
117870,118386,scotus
117870,118133,scotus
117870,118386,scotus
117870,118386,scotus
117870,134735,scotus
117870,142900,scotus
117870,136984,scotus
117870,136984,scotus
117870,799990,scotus
117870,799990,scotus
117870,799993,scotus
117870,117967,scotus
117870,117967,scotus
117870,117967,scotus
117924,118499,scotus
117924,118501,scotus
117924,118303,scotus
117924,118321,scotus
117924,4469101,scotus
117924,118455,scotus
117924,118097,scotus
117924,118458,scotus
117924,117963,scotus
117924,118139,scotus
117924,219511,scotus
117924,219616,scotus
117924,118023,scotus
117924,118023,scotus
117924,118023,scotus
117924,118023,scotus
117924,7345718,scotus
117924,118321,scotus
117924,118321,scotus
117924,219616,scotus
117924,118455,scotus
117924,118458,scotus
117924,118499,scotus
117924,118501,scotus
117924,118458,scotus
117924,118097,scotus
117924,118303,scotus
117924,118139,scotus
117963,4469101,scotus
117963,118061,scotus
117963,118458,scotus
117963,118139,scotus
117963,219511,scotus
117963,219616,scotus
117963,145710,scotus
117963,118023,scotus
117963,118023,scotus
117963,118023,scotus
117963,118023,scotus
117963,7345718,scotus
117963,219616,scotus
117963,118458,scotus
117963,118139,scotus
117967,213843,scotus
117967,219735,scotus
117967,4764770,scotus
117967,4770835,scotus
117967,137749,scotus
117967,118377,scotus
117967,118446,scotus
117967,118496,scotus
117967,131166,scotus
117967,150541,scotus
117967,150544,scotus
117967,6461471,scotus
117967,799990,scotus
117967,799993,scotus
117967,2675749,scotus
117967,2809762,scotus
117967,2809763,scotus
117967,4507882,scotus
117967,4503818,scotus
117967,4503819,scotus
117967,2681318,scotus
117967,2680591,scotus
117967,4403793,scotus
117967,4595899,scotus
117967,4403807,scotus
117967,4632237,scotus
117967,4503544,scotus
117967,4742385,scotus
117967,4757575,scotus
117967,4765904,scotus
117967,4630087,scotus
117967,2148,scotus
117967,118061,scotus
117967,131149,scotus
117967,130162,scotus
117967,136984,scotus
117967,130153,scotus
117967,121168,scotus
117967,118240,scotus
117967,118208,scotus
117967,145653,scotus
117967,145672,scotus
117967,142895,scotus
117967,142900,scotus
117967,214467,scotus
117967,2621017,scotus
117967,2621077,scotus
117967,214063,scotus
117967,145905,scotus
117967,145909,scotus
117967,145707,scotus
117967,6468902,scotus
117967,6479298,scotus
117967,118133,scotus
117967,118386,scotus
117967,118386,scotus
117967,118133,scotus
117967,118133,scotus
117967,118386,scotus
117967,118386,scotus
117967,118386,scotus
117967,118386,scotus
117967,9231239,scotus
117967,4632237,scotus
117967,4632237,scotus
117967,4764770,scotus
117967,4764770,scotus
117967,10592873,scotus
117967,7343473,scotus
117967,7343473,scotus
117967,145905,scotus
117967,145909,scotus
117967,150541,scotus
117967,150544,scotus
117967,150544,scotus
117967,150544,scotus
117967,214467,scotus
117967,214467,scotus
117967,2148,scotus
117967,7345722,scotus
117967,130153,scotus
117967,130153,scotus
117967,118496,scotus
117967,142900,scotus
117967,136984,scotus
117967,121168,scotus
117967,121168,scotus
117967,130162,scotus
117967,121168,scotus
117967,142895,scotus
117967,137749,scotus
117967,118377,scotus
117967,799990,scotus
117967,118446,scotus
117967,118446,scotus
117967,118446,scotus
117967,118446,scotus
117967,799993,scotus
117967,131166,scotus
117967,2621077,scotus
117967,2621077,scotus
117967,2621017,scotus
117967,2621017,scotus
117967,9188501,scotus
117967,9188502,scotus
117967,145653,scotus
117967,145653,scotus
117967,118208,scotus
117967,118208,scotus
118011,625722,scotus
118011,134741,scotus
118011,4866333,scotus
118011,214949,scotus
118011,902770,scotus
118011,118368,scotus
118011,118407,scotus
118011,118452,scotus
118011,118506,scotus
118011,118511,scotus
118011,118316,scotus
118011,118318,scotus
118011,118323,scotus
118011,2790213,scotus
118011,2675751,scotus
118011,4618956,scotus
118011,4738313,scotus
118011,4746633,scotus
118011,4511640,scotus
118011,802971,scotus
118011,4895709,scotus
118011,118056,scotus
118011,134087,scotus
118011,131155,scotus
118011,118460,scotus
118011,118134,scotus
118011,118135,scotus
118011,118140,scotus
118011,118151,scotus
118011,118040,scotus
118011,118199,scotus
118011,118212,scotus
118011,127916,scotus
118011,127888,scotus
118011,127926,scotus
118011,145665,scotus
118011,145688,scotus
118011,217512,scotus
118011,215071,scotus
118011,215077,scotus
118011,147530,scotus
118011,1269289,scotus
118011,145706,scotus
118011,803270,scotus
118011,903985,scotus
118011,6620345,scotus
118011,6623244,scotus
118011,6623243,scotus
118011,9398335,scotus
118011,9400074,scotus
118011,9406660,scotus
118011,6619822,scotus
118011,118011,scotus
118011,118133,scotus
118011,118317,scotus
118011,118133,scotus
118011,118317,scotus
118011,118317,scotus
118011,10589836,scotus
118011,9231323,scotus
118011,2675751,scotus
118011,2675751,scotus
118011,2675751,scotus
118011,7343954,scotus
118011,7343954,scotus
118011,7343955,scotus
118011,7343955,scotus
118011,7344718,scotus
118011,147530,scotus
118011,215071,scotus
118011,215071,scotus
118011,215077,scotus
118011,215077,scotus
118011,625722,scotus
118011,903985,scotus
118011,903985,scotus
118011,902770,scotus
118011,145688,scotus
118011,127916,scotus
118011,145688,scotus
118011,217512,scotus
118011,118323,scotus
118011,118323,scotus
118011,118323,scotus
118011,118368,scotus
118011,118368,scotus
118011,118407,scotus
118011,118407,scotus
118011,118506,scotus
118011,118506,scotus
118011,118511,scotus
118011,118511,scotus
118011,118511,scotus
118011,118452,scotus
118011,127926,scotus
118011,127926,scotus
118011,134741,scotus
118011,134741,scotus
118011,134741,scotus
118011,134087,scotus
118011,1269289,scotus
118011,803270,scotus
118011,7035923,scotus
118011,7471795,scotus
118011,9285437,scotus
118011,118316,scotus
118011,118316,scotus
118011,118318,scotus
118011,118318,scotus
118011,118212,scotus
118011,118140,scotus
118011,118134,scotus
118011,118056,scotus
118011,118134,scotus
118011,118134,scotus
118011,118135,scotus
118011,118199,scotus
118052,118136,scotus
118052,118234,scotus
118052,127899,scotus
118052,9500702,scotus
118052,118155,scotus
118052,118155,scotus
118052,118155,scotus
118052,118155,scotus
118052,127899,scotus
118052,127899,scotus
118052,9283596,scotus
118052,118136,scotus
118052,118136,scotus
118133,205788,scotus
118133,213843,scotus
118133,4764770,scotus
118133,4892570,scotus
118133,4898458,scotus
118133,4900457,scotus
118133,4958317,scotus
118133,122249,scotus
118133,118377,scotus
118133,118380,scotus
118133,118278,scotus
118133,799969,scotus
118133,799990,scotus
118133,4403793,scotus
118133,4630267,scotus
118133,4618956,scotus
118133,4746633,scotus
118133,4511640,scotus
118133,4764452,scotus
118133,4631843,scotus
118133,4630088,scotus
118133,121164,scotus
118133,121168,scotus
118133,145628,scotus
118133,145119,scotus
118133,214467,scotus
118133,214063,scotus
118133,145850,scotus
118133,4630268,scotus
118133,4641200,scotus
118133,6468902,scotus
118133,6479298,scotus
118133,9986254,scotus
118133,118133,scotus
118133,118149,scotus
118133,118386,scotus
118133,118386,scotus
118133,118386,scotus
118133,118386,scotus
118133,4631843,scotus
118133,4764452,scotus
118133,4764770,scotus
118133,4630267,scotus
118133,9231323,scotus
118133,7343473,scotus
118133,7342461,scotus
118133,145850,scotus
118133,205788,scotus
118133,214467,scotus
118133,121164,scotus
118133,121168,scotus
118133,121168,scotus
118133,121168,scotus
118133,121168,scotus
118133,145628,scotus
118133,118377,scotus
118133,118380,scotus
118133,799990,scotus
118133,122249,scotus
118133,10599009,scotus
118133,799969,scotus
118133,9168004,scotus
118133,9188501,scotus
118133,9188502,scotus
118133,118278,scotus
258536,111163,scotus
258536,117931,scotus
258536,117931,scotus
264986,107689,scotus
264986,107689,scotus
265136,107689,scotus
265136,107689,scotus
266063,107121,scotus
267423,109442,scotus
267423,107121,scotus
267864,107248,scotus
267864,107121,scotus
268056,107248,scotus
268056,107121,scotus
276778,111163,scotus
276778,117931,scotus
276778,117931,scotus
276778,117931,scotus
307980,111540,scotus
307980,108955,scotus
334135,109881,scotus
334135,109881,scotus
334135,109881,scotus
334135,109881,scotus
336461,109716,scotus
336461,109716,scotus
336461,109716,scotus
336461,109716,scotus
392944,110558,scotus
392944,110719,scotus
392944,110719,scotus
392944,110719,scotus
392944,110558,scotus
392944,110558,scotus
407595,111103,scotus
423986,111404,scotus
438842,111505,scotus
438842,111506,scotus
438842,112138,scotus
467594,111940,scotus
467594,111940,scotus
492021,112258,scotus
492021,112258,scotus
492021,112258,scotus
536051,112640,scotus
536051,112640,scotus
556624,112728,scotus
556624,112728,scotus
556624,112728,scotus
673512,1087895,scotus
673512,117958,scotus
673512,117958,scotus
673512,117958,scotus
673512,1087895,scotus
702629,137749,scotus
702629,118428,scotus
702629,118428,scotus
702629,137749,scotus
725024,3162143,scotus
725024,145760,scotus
725024,820903,scotus
725024,118149,scotus
725024,8176094,scotus
725024,820903,scotus
877181,110563,scotus
877181,110563,scotus
877181,110563,scotus
1087619,93536,scotus
1087619,93472,scotus
1087619,109252,scotus
1087946,4892571,scotus
1087946,4898460,scotus
1087946,118329,scotus
1087946,799995,scotus
1087946,809122,scotus
1087946,118052,scotus
1087946,117954,scotus
1087946,118136,scotus
1087946,803267,scotus
1087946,118155,scotus
1087946,118155,scotus
1087946,118155,scotus
1087946,118155,scotus
1087946,118155,scotus
1087946,809122,scotus
1087946,118329,scotus
1087946,118329,scotus
1087946,799995,scotus
1087946,9146582,scotus
1087946,9146583,scotus
1087946,9148755,scotus
1087946,9148756,scotus
1087946,118052,scotus
1087946,118052,scotus
1087946,118136,scotus
1087946,118052,scotus
1098406,112276,scotus
1098406,112276,scotus
1178568,107973,scotus
1178568,107973,scotus
1198518,108350,scotus
1198518,108350,scotus
1198518,108350,scotus
1220970,111869,scotus
1220970,111797,scotus
1220970,111092,scotus
1220970,110984,scotus
1220970,110259,scotus
1220970,117187,scotus
1220970,109532,scotus
1220970,109532,scotus
1220970,109532,scotus
1220970,110259,scotus
1220970,110984,scotus
1220970,111092,scotus
1236300,625711,scotus
1236300,2654533,scotus
1236300,2654756,scotus
1236300,1087959,scotus
1236300,1087955,scotus
1236300,102879,scotus
1236300,111539,scotus
1236300,111546,scotus
1236300,106822,scotus
1236300,105751,scotus
1236300,106545,scotus
1236300,106223,scotus
1236300,105074,scotus
1236300,106195,scotus
1236300,105917,scotus
1236300,105149,scotus
1236300,106388,scotus
1236300,105066,scotus
1236300,106391,scotus
1236300,105332,scotus
1236300,105333,scotus
1236300,106300,scotus
1236300,103272,scotus
1236300,107082,scotus
1236300,105531,scotus
1236300,105241,scotus
1236300,107083,scotus
1236300,105745,scotus
1236300,105589,scotus
1236300,106284,scotus
1236300,102189,scotus
1236300,108859,scotus
1236300,110474,scotus
1236300,112385,scotus
1236300,102407,scotus
1236300,102408,scotus
1236300,110506,scotus
1236300,110809,scotus
1236300,145785,scotus
1236300,108416,scotus
1236300,108417,scotus
1236300,102601,scotus
1236300,102604,scotus
1236300,108554,scotus
1236300,109438,scotus
1236300,108567,scotus
1236300,108551,scotus
1236300,108585,scotus
1236300,108846,scotus
1236300,108605,scotus
1236300,103050,scotus
1236300,112253,scotus
1236300,102801,scotus
1236300,109809,scotus
1236300,110589,scotus
1236300,109969,scotus
1236300,111622,scotus
1236300,110613,scotus
1236300,112080,scotus
1236300,112310,scotus
1236300,112311,scotus
1236300,111169,scotus
1236300,112088,scotus
1236300,109309,scotus
1236300,102728,scotus
1236300,111170,scotus
1236300,110032,scotus
1236300,112074,scotus
1236300,112316,scotus
1236300,136998,scotus
1236300,111724,scotus
1236300,109851,scotus
1236300,111193,scotus
1236300,109717,scotus
1236300,118417,scotus
1236300,104079,scotus
1236300,107486,scotus
1236300,107439,scotus
1236300,104058,scotus
1236300,104059,scotus
1236300,104135,scotus
1236300,108182,scotus
1236300,112157,scotus
1236300,108184,scotus
1236300,111812,scotus
1236300,111813,scotus
1236300,111302,scotus
1236300,104125,scotus
1236300,112168,scotus
1236300,107337,scotus
1236300,118478,scotus
1236300,118509,scotus
1236300,104455,scotus
1236300,104457,scotus
1236300,109043,scotus
1236300,111096,scotus
1236300,104521,scotus
1236300,110914,scotus
1236300,111012,scotus
1236300,103735,scotus
1236300,108138,scotus
1236300,103694,scotus
1236300,111017,scotus
1236300,104539,scotus
1236300,104496,scotus
1236300,111415,scotus
1236300,111134,scotus
1236300,110372,scotus
1236300,108100,scotus
1236300,109516,scotus
1236300,109133,scotus
1236300,109624,scotus
1236300,109590,scotus
1236300,109130,scotus
1236300,118328,scotus
1236300,799988,scotus
1236300,2812588,scotus
1236300,3189871,scotus
1236300,4594419,scotus
1236300,3211607,scotus
1236300,110249,scotus
1236300,105449,scotus
1236300,110300,scotus
1236300,104779,scotus
1236300,106164,scotus
1236300,118048,scotus
1236300,111051,scotus
1236300,103597,scotus
1236300,104937,scotus
1236300,106170,scotus
1236300,106862,scotus
1236300,109414,scotus
1236300,111750,scotus
1236300,109416,scotus
1236300,104370,scotus
1236300,105981,scotus
1236300,112356,scotus
1236300,104230,scotus
1236300,104196,scotus
1236300,104545,scotus
1236300,103928,scotus
1236300,104604,scotus
1236300,103850,scotus
1236300,104575,scotus
1236300,104333,scotus
1236300,107957,scotus
1236300,149702,scotus
1236300,145633,scotus
1236300,145873,scotus
1236300,145880,scotus
1236300,145812,scotus
1236300,145839,scotus
1236300,145860,scotus
1236300,106883,scotus
1236300,107685,scotus
1236300,107685,scotus
1236300,109532,scotus
1236300,105525,scotus
1236300,106883,scotus
1236300,107685,scotus
1236300,109532,scotus
1236300,105525,scotus
1236300,105525,scotus
1236300,3189871,scotus
1236300,3211607,scotus
1236300,145812,scotus
1236300,145860,scotus
1236300,145873,scotus
1236300,145839,scotus
1236300,149702,scotus
1236300,625711,scotus
1236300,145785,scotus
1236300,9225528,scotus
1236300,9225529,scotus
1236300,118417,scotus
1236300,118328,scotus
1236300,799988,scotus
1236300,118509,scotus
1236300,118478,scotus
1236300,110506,scotus
1236300,110249,scotus
1236300,110300,scotus
1236300,110613,scotus
1236300,111051,scotus
1236300,111170,scotus
1236300,111170,scotus
1236300,111096,scotus
1236300,111302,scotus
1236300,111193,scotus
1236300,110809,scotus
1236300,111415,scotus
1236300,111812,scotus
1236300,111813,scotus
1236300,111539,scotus
1236300,111134,scotus
1236300,111546,scotus
1236300,110914,scotus
1236300,111622,scotus
1236300,112253,scotus
1236300,111724,scotus
1236300,111724,scotus
1236300,112074,scotus
1236300,112074,scotus
1236300,112080,scotus
1236300,112311,scotus
1236300,111750,scotus
1236300,112157,scotus
1236300,110474,scotus
1236300,112088,scotus
1236300,112356,scotus
1236300,112316,scotus
1236300,112316,scotus
1236300,111012,scotus
1236300,112168,scotus
1236300,110589,scotus
1236300,111017,scotus
1236300,118048,scotus
1236300,112385,scotus
1236300,112385,scotus
1236300,1087955,scotus
1236300,1087959,scotus
1237532,106641,scotus
1237532,106107,scotus
1237532,106108,scotus
1237532,107084,scotus
1237532,111262,scotus
1237532,109539,scotus
1237532,106170,scotus
1237532,107872,scotus
1237532,145646,scotus
1237532,106285,scotus
1237532,106285,scotus
1237532,106285,scotus
1237532,111262,scotus
1237532,145646,scotus
1260876,108560,scotus
1260876,108605,scotus
1260876,109536,scotus
1260876,145967,scotus
1260876,109532,scotus
1260876,109532,scotus
1260876,109532,scotus
1260876,9154242,scotus
1260876,9154243,scotus
1260876,9267825,scotus
1276937,108164,scotus
1280169,112640,scotus
1280169,112640,scotus
1292673,104685,scotus
1292673,106452,scotus
1292673,106483,scotus
1292673,105408,scotus
1292673,106493,scotus
1292673,105862,scotus
1292673,106243,scotus
1292673,101768,scotus
1292673,102992,scotus
1292673,102230,scotus
1292673,112422,scotus
1292673,112425,scotus
1292673,102628,scotus
1292673,102622,scotus
1292673,102041,scotus
1292673,102806,scotus
1292673,1116266,scotus
1292673,104009,scotus
1292673,104037,scotus
1292673,103352,scotus
1292673,107490,scotus
1292673,104060,scotus
1292673,103367,scotus
1292673,108495,scotus
1292673,104115,scotus
1292673,109732,scotus
1292673,104522,scotus
1292673,101059,scotus
1292673,98251,scotus
1292673,98878,scotus
1292673,100232,scotus
1292673,101106,scotus
1292673,99511,scotus
1292673,99426,scotus
1292673,98354,scotus
1292673,97928,scotus
1292673,97691,scotus
1292673,97744,scotus
1292673,112893,scotus
1292673,104827,scotus
1292673,104915,scotus
1292673,104055,scotus
1292673,99167,scotus
1292673,97615,scotus
1292673,136989,scotus
1292673,99190,scotus
1292673,104178,scotus
1292673,99960,scotus
1292673,106613,scotus
1292673,104550,scotus
1292673,104554,scotus
1292673,100953,scotus
1292673,104322,scotus
1292673,104329,scotus
1292673,99623,scotus
1292673,9400076,scotus
1292673,9407187,scotus
1292673,10049691,scotus
1292673,10049671,scotus
1292673,111218,scotus
1292673,111218,scotus
1292673,136989,scotus
1292673,112425,scotus
1292673,112893,scotus
1303501,103870,scotus
1303501,103870,scotus
1303501,118140,scotus
1335744,111092,scotus
1335744,110259,scotus
1335744,109532,scotus
1335744,109532,scotus
1335744,109532,scotus
1335744,110259,scotus
1335744,111092,scotus
1381163,109532,scotus
1381163,109532,scotus
1381163,109532,scotus
1391146,111092,scotus
1391146,110259,scotus
1391146,109532,scotus
1391146,109532,scotus
1391146,109532,scotus
1391146,110259,scotus
1391146,111092,scotus
1395638,108164,scotus
1425143,107689,scotus
1425143,107689,scotus
1447641,107201,scotus
1447641,110461,scotus
1447641,112144,scotus
1447641,101684,scotus
1447641,104135,scotus
1447641,108153,scotus
1447641,111015,scotus
1447641,109513,scotus
1447641,96885,scotus
1447641,104889,scotus
1447641,98518,scotus
1447641,108654,scotus
1447641,100887,scotus
1447641,2620779,scotus
1447641,107748,scotus
1447641,107748,scotus
1447641,107748,scotus
1447641,110461,scotus
1447641,112144,scotus
1447641,111015,scotus
1458770,107491,scotus
1458770,108495,scotus
1458770,109716,scotus
1458770,109716,scotus
1458770,109716,scotus
1473714,109252,scotus
1474615,103292,scotus
1474615,103292,scotus
1474615,103292,scotus
1476725,104704,scotus
1477043,103292,scotus
1477043,103292,scotus
1477043,103292,scotus
1489061,109570,scotus
1489061,109570,scotus
1495711,106235,scotus
1495711,106235,scotus
1528394,1446533,scotus
1528394,1087822,scotus
1528394,104646,scotus
1528394,101991,scotus
1528394,106366,scotus
1528394,106534,scotus
1528394,105326,scotus
1528394,105004,scotus
1528394,105018,scotus
1528394,101413,scotus
1528394,102167,scotus
1528394,102224,scotus
1528394,108581,scotus
1528394,108595,scotus
1528394,102474,scotus
1528394,108247,scotus
1528394,103707,scotus
1528394,109525,scotus
1528394,2513954,scotus
1528394,94655,scotus
1528394,98903,scotus
1528394,94710,scotus
1528394,92793,scotus
1528394,91598,scotus
1528394,107593,scotus
1528394,99481,scotus
1528394,87754,scotus
1528394,99495,scotus
1528394,99406,scotus
1528394,106792,scotus
1528394,105662,scotus
1528394,98441,scotus
1528394,105981,scotus
1528394,104043,scotus
1528394,108465,scotus
1528394,92334,scotus
1528394,94471,scotus
1528394,95894,scotus
1528394,99704,scotus
1528394,99713,scotus
1528394,99789,scotus
1528394,90006,scotus
1528394,104229,scotus
1528394,91850,scotus
1528394,104590,scotus
1528394,103875,scotus
1528394,106548,scotus
1528394,99556,scotus
1528394,104246,scotus
1528394,90667,scotus
1528394,104633,scotus
1528394,102662,scotus
1528394,111948,scotus
1528394,105525,scotus
1528394,105525,scotus
1528394,111948,scotus
1528394,4763596,scotus
1573917,112609,scotus
1578327,102861,scotus
1578327,105828,scotus
1578327,105210,scotus
1578327,103037,scotus
1578327,102616,scotus
1578327,101574,scotus
1578327,102124,scotus
1578327,107629,scotus
1578327,101665,scotus
1578327,103990,scotus
1578327,110894,scotus
1578327,101062,scotus
1578327,100155,scotus
1578327,100235,scotus
1578327,101497,scotus
1578327,101382,scotus
1578327,104339,scotus
1578327,101750,scotus
1578327,110894,scotus
1591860,112739,scotus
1591860,112739,scotus
1787505,112471,scotus
1787505,112471,scotus
1787505,112471,scotus
1818257,108546,scotus
1818257,110799,scotus
1818257,110799,scotus
1818257,110799,scotus
1877168,118023,scotus
1877168,118023,scotus
1877168,118023,scotus
1879640,117947,scotus
1879640,117947,scotus
1879640,117947,scotus
2008391,107474,scotus
2008391,107473,scotus
2040250,118023,scotus
2040250,118023,scotus
2042261,110886,scotus
2042261,110380,scotus
2042261,108721,scotus
2042261,110380,scotus
2042261,110886,scotus
2062881,107473,scotus
2093296,106576,scotus
2097666,109536,scotus
2097666,109532,scotus
2097666,109532,scotus
2097666,109532,scotus
2098134,109450,scotus
2098134,109450,scotus
2181793,105525,scotus
2181793,105525,scotus
2193029,106883,scotus
2193029,106883,scotus
2226827,110799,scotus
2226827,110799,scotus
2226827,110799,scotus
2239255,111308,scotus
2239255,111308,scotus
2239749,109450,scotus
2239749,109450,scotus
2261846,118273,scotus
2261846,118273,scotus
2305304,105880,scotus
2305304,107473,scotus
2370562,112301,scotus
2370562,112301,scotus
2568568,105014,scotus
2568568,105014,scotus
2568568,105014,scotus
2568568,105014,scotus
2568568,105014,scotus
2620693,1218943,scotus
2620693,2365229,scotus
2620693,102035,scotus
2620693,105309,scotus
2620693,105210,scotus
2620693,103219,scotus
2620693,103220,scotus
2620693,103232,scotus
2620693,102117,scotus
2620693,104002,scotus
2620693,101062,scotus
2620693,101277,scotus
2620693,98702,scotus
2620693,100692,scotus
2620693,101504,scotus
2620693,99011,scotus
2620693,101237,scotus
2620693,101475,scotus
2620693,101212,scotus
2620693,101488,scotus
2620693,104267,scotus
2620693,100955,scotus
2620693,101366,scotus
2620693,104245,scotus
2620693,103639,scotus
2621060,102224,scotus
2621060,101894,scotus
2621060,107901,scotus
2621060,101636,scotus
2621060,100181,scotus
2621060,112786,scotus
2621060,99282,scotus
2621060,104156,scotus
2621060,101315,scotus
2621060,102681,scotus
2621060,102784,scotus
2621060,103442,scotus
2621060,112786,scotus
3487033,103214,scotus
3487033,103214,scotus
3487033,103214,scotus
3488586,101750,scotus
3551998,105319,scotus
3551998,105319,scotus
3551998,105319,scotus
3568583,101558,scotus
3568583,102164,scotus
3599253,104709,scotus
3599253,111546,scotus
3599253,106107,scotus
3599253,107083,scotus
3599253,107084,scotus
3599253,108375,scotus
3599253,109432,scotus
3599253,111622,scotus
3599253,111204,scotus
3599253,104108,scotus
3599253,111262,scotus
3599253,109624,scotus
3599253,109540,scotus
3599253,4501697,scotus
3599253,110150,scotus
3599253,110300,scotus
3599253,110317,scotus
3599253,218926,scotus
3599253,145922,scotus
3599253,145814,scotus
3599253,106285,scotus
3599253,106285,scotus
3599253,106285,scotus
3599253,7345713,scotus
3599253,145814,scotus
3599253,145922,scotus
3599253,145922,scotus
3599253,218926,scotus
3599253,110300,scotus
3599253,111204,scotus
3599253,111204,scotus
3599253,111546,scotus
3599253,111622,scotus
3599253,111262,scotus
3599253,110317,scotus
3607596,103287,scotus
3607596,102402,scotus
3607596,101580,scotus
3607596,101750,scotus
3637215,107473,scotus
3902209,104610,scotus
3917155,104694,scotus
3917155,104380,scotus
3917155,104380,scotus
3931352,101368,scotus
4088490,103012,scotus
4088490,103012,scotus
4209365,103962,scotus
4920593,101368,scotus
5712559,101368,scotus
5726506,108164,scotus
8178595,111103,scotus
8178595,108114,scotus
8178595,108114,scotus
8178595,112643,scotus
8180960,118133,scotus
8180960,99004,scotus
8181584,103869,scotus
8181584,104641,scotus
8181584,103869,scotus
8181584,112249,scotus
8181635,103869,scotus
8181635,104641,scotus
8181635,103869,scotus
8181635,103869,scotus
8181635,112249,scotus
8887067,107980,scotus
8887067,107980,scotus
8887067,108164,scotus
8887067,111606,scotus
8887067,111606,scotus
8901897,108990,scotus
8901897,108990,scotus
8901897,108990,scotus
8901897,110420,scotus
8928994,107973,scotus
8928994,107973,scotus
8982256,111948,scotus
8982256,111948,scotus
8982256,111948,scotus
8982256,111948,scotus
8985546,109450,scotus
8985546,109450,scotus
8985546,109450,scotus
8985546,111490,scotus
8988675,112643,scotus
8989511,110420,scotus
8989511,112643,scotus
