1835009
2392070
6717449
1900554
7143438
426000
1146898
1212434
1769490
884758
5177371
1736739
1736741
884773
1769514
1146926
1769519
884782
1376303
5079090
1605680
6684721
491574
1638456
5996601
4227130
1671229
8060991
884808
393289
5046349
1572942
1638479
131151
1769553
98386
6357074
1671255
131161
1278042
3899483
2031707
1638494
1736800
1966176
1605731
1671268
1572971
8192108
1507437
6553711
6357103
2228336
1572978
5013619
884852
3571829
262262
1867894
6357111
1343610
1605758
8716416
3473539
2424965
1933445
884871
1179785
4227209
7143563
5177485
3571858
1147027
2130071
98456
884890
884893
5243039
1507491
589988
6553766
2064551
8847527
6291625
1441962
884910
884913
2425012
5177532
884925
1114302
2425024
786625
3113156
5931204
5865670
5505223
2425032
5177545
8224971
6389964
1114317
7143633
1835217
7897299
1376467
884948
5603546
2392284
1376478
2425058
884963
6553828
1573093
884966
5210342
4063463
1147106
1671402
1671404
6750444
295153
884978
2425074
1769716
5865717
5079289
196857
884988
2228477
884991
1933571
8880387
1671429
2031879
1802503
1376521
2457863
5013771
1802509
2392335
6488338
4915476
1114389
1835286
885015
1278234
885019
2457886
2588961
1573154
1376548
1736999
3899687
1376554
2425134
2392371
5964092
327997
1671486
885057
885058
1114434
2031938
98629
8225098
5669196
196943
8880463
1737041
1933652
1704280
5669208
5669209
2228571
885084
5964124
5046617
4161880
1311071
1376600
5603682
1147236
5669220
5767526
5144935
1376616
8847721
5833066
5341548
5701996
1376621
2163055
2425199
9011571
7405941
1638773
6291830
1343868
885121
2195841
622977
5702019
1114499
5800326
885127
1376648
1671557
2163081
2589067
2621836
1769870
1835410
2458003
2425241
590235
1114528
2687403
1114541
7405997
885167
3572144
3473841
7766445
721331
4915637
885175
1671607
1376697
8225209
197050
2195900
885181
1868222
885180
1802700
2458062
8225231
2425298
6029780
885205
1376726
5603804
2097631
2425311
1442272
2359778
2687457
5603812
1114597
1114598
2425318
5603816
229857
1671662
5702128
5177842
7832052
1147381
5603832
4227577
2163193
2392570
9273851
1868286
1540607
6324736
1147393
7635458
2261508
6128139
1114636
3899918
885263
6914576
2392592
197136
1999382
7143964
6128156
6029857
5079586
492065
1212962
1802790
1114663
3473959
492074
6029867
7897643
98859
1475118
1245743
1671726
885290
885303
1540666
5964346
361020
2163261
5243458
3310147
1802820
688709
98888
98890
5636685
1573455
1442391
1180248
1704538
1180256
1802850
885347
6324835
1770087
1835625
1573485
885360
1147507
5833332
1606263
4162172
2228865
1671813
1704582
2032263
1737352
1737354
1442443
885388
1868429
5669517
5046933
1999510
98965
2228888
3310232
393880
1180315
1770139
5669534
5669538
1442469
5571238
885415
1770152
5472935
5046951
3932843
2425516
393901
1180334
2392751
2589352
4162227
1934004
1737399
5997240
1737402
885437
2392765
1180351
1868482
1442502
7832265
2163407
885455
230096
5014226
5014223
3572437
1376983
8061655
1147609
6062813
6030046
6292191
1671906
2458339
1114854
1704679
1377000
9011945
1704682
2458347
787179
2589423
1114866
6914803
1377012
1114868
2458354
3244791
1147640
2065144
1344247
7963390
3932927
2163455
2425601
8782594
3638016
3048193
5276421
2425606
5276422
2327308
2425614
1114900
1508118
5079835
885534
4227871
1245984
1278754
1639202
885541
1540902
4162343
1114919
557865
1639210
1737516
6652717
3605294
1770287
2458421
1803062
557879
1770296
534221
7144247
1641414
2458433
1966914
4096835
1641415
6685510
1147719
3441480
1114956
1934158
2458450
492371
1344340
1639253
1901398
4162391
1344344
8782675
1377114
7799643
4227932
885598
99178
6751082
2458476
3441516
885610
885611
9044848
885625
8848250
1835899
99197
1606525
6783871
4129664
6652801
2196353
4227971
1442689
885637
5604237
1606543
1573775
1344403
1115038
5079969
1737633
885670
6751144
2163635
4195254
1246135
525240
1704890
3638203
2032572
1311678
885694
4228036
3146694
1115079
2065356
2327506
885718
2130905
1639388
1901532
3900382
1770463
1377248
5080038
1508326
5833702
558057
1508332
1704941
5702637
885743
1115119
4228078
1672172
885752
4162555
2294787
1639427
3474437
197639
6325256
1115146
4981771
1508363
6784010
5047311
7144465
2163730
1442838
8225815
8717337
885787
99360
5669920
1115175
1115177
2458668
1508399
885808
2130993
6325299
5014579
885823
2360384
2491456
689222
885831
885832
2458694
1967178
459848
99404
1803340
1279056
427093
1770583
2196568
5735516
885852
1541219
5047398
1606759
1246311
2622566
1606760
1901675
5735532
4195437
1770607
3900531
7505014
1639548
2589824
1246339
2589829
5178502
7111817
1737867
1508492
2294926
5244052
885909
1770646
2131096
1541273
1213594
2589849
2393244
5932192
1967265
2589858
1737891
885929
1868969
7996590
885940
2458805
1639606
5276862
1508543
885952
1803458
3474628
99525
1574085
1901765
1869000
1672391
885956
5080272
1672401
2000082
99541
5637336
1508571
5637340
2393310
5637344
885985
1443049
2163945
2065644
5014773
4195576
6292733
2065662
1803523
1180934
886023
6292747
7275788
8226068
1344792
1738009
1377562
7898394
1443101
1180958
2032927
2262307
1672484
1148195
1377577
5866795
1574187
9078064
427314
1869109
1639733
6751544
1869113
1672506
886075
5834042
5899576
2393408
2426182
7210312
2426191
8193360
7963984
1279314
4949327
6489425
1672533
2393430
5178710
5932372
1934681
1672538
1705306
2000220
1639773
5899614
1148254
1377633
5080419
1869156
2590053
5932390
4228455
6227305
5670250
886122
1148270
6554991
1181041
4228466
2590074
4162941
2131325
6292868
1246598
1738120
2459017
5670283
1967504
886164
2426263
5014937
1770906
1377690
6161817
1934750
2131360
5834145
6981029
1246631
4228520
1738153
2459048
99752
2164140
1770925
2360751
99759
8226227
1639861
886200
5047736
886204
886205
1115582
2000319
5572033
2065861
6718923
1738189
5014989
6948303
8193489
2590165
1344982
198101
2590168
4195804
3573213
7407070
1246687
2065888
6227425
886242
1770977
4195814
6227430
886252
2426349
8226292
1705462
6882806
1803773
886271
1607169
886274
1377799
1803783
6653448
1508876
1312273
1508889
1574426
1410589
5637664
1902113
1148450
1771042
886308
3474981
853537
2098727
6293032
1836589
1443375
624176
5637681
1279537
3638838
6686264
1803833
5932607
7898689
5932619
3901004
2131535
5047889
3638865
2459219
4195925
2164310
886365
1115742
1934944
1771105
2229858
2229862
1508968
1640046
2393713
7276147
7014005
722555
7407228
6555263
5834371
1738371
886405
5080710
1771143
1509000
6227592
1738378
1377934
4228750
886418
6751893
1115800
7079577
2819736
165534
1836702
67232
6686371
1312421
2229925
1115814
1935016
1771176
6293163
2197165
6686381
2000561
1738418
9275060
1476279
2229945
4228794
1607353
2131644
3638972
1115836
1738435
886468
5605060
5605062
1738436
1738440
3606212
9176778
1181387
886481
2393810
2459345
5768916
1967829
2426579
1574616
1115867
8816348
1738463
1181407
3573473
6686432
2983652
3573477
1902308
100073
886505
755437
1574638
100079
2328303
2426614
886521
1771257
3573499
5932796
1640189
1509118
1574656
100096
1836801
3639041
4228870
2590473
1345290
886539
5900041
1509130
1148687
7276306
3573523
5015317
6293269
1574683
1148701
1771295
1672991
5080865
3573538
2426657
1672996
657185
7800608
7997223
1509168
5015347
2459444
886586
5048123
1127099
1935167
1509186
2361155
1509191
9275207
2131786
1115979
5605196
2590540
1574730
1115983
5834575
6096724
5080927
1148768
1869666
1967970
6719334
1902441
3639148
1181548
1116016
100208
2066290
1312624
1902454
1673081
1214331
5670786
2197383
7964551
329611
5212043
755595
5539727
7276441
1738651
198557
1935265
1771425
5179297
5048226
9308069
5900205
886706
1738676
5867449
9045946
67515
100283
5179323
4196286
1443775
198592
5965753
2426818
2328510
2164676
4982725
1509319
4163527
8980426
2066379
1509323
1640396
2426830
7768015
1509328
1509329
100306
67536
100309
1148886
100310
2164698
886747
100316
4982761
2328555
67564
1148908
1771501
1411059
2295800
1509368
1968124
1738748
3147774
5670916
3606532
6064134
1411080
7964681
5638152
3573771
1148942
5212177
886803
2394132
1509396
1116182
2361367
6031383
1607706
1738780
5834780
8226849
2000930
395299
493609
1771565
5408817
7309363
231476
1738807
2394168
886842
7800892
1181757
6293566
5605441
2426946
7833668
7080005
1509446
493639
1902670
100433
100434
2623572
1116247
2459736
1181784
1968219
1673308
7964765
1411166
2459743
5802081
1640550
100457
5965930
1312875
5015661
100462
1771629
1771634
1869946
1116284
2197628
1247358
690303
5507201
2590854
2033798
2590860
1738894
1738895
2590864
9046160
1509522
6916244
460949
5802134
460953
5114010
2328730
886940
5179547
8161437
5638304
8915111
5048488
6293678
3475635
886964
6883508
2590900
5179575
1575096
2459833
1575098
1673406
5834942
5638336
2427076
1902789
4458694
1181893
2427080
1214664
1837262
1738959
3606743
100567
2427101
526558
7145694
2033886
100578
5015778
1673444
1607911
5015784
1870058
2132203
887022
8227056
1149169
5114104
1149176
5605628
2066685
1509631
1771776
3475714
2590980
4229383
2820361
2296076
7964944
2590996
2394389
4557078
5048599
2427160
4917531
3574044
5179681
100642
5376289
2623787
2459947
1771824
2099504
2033972
2754869
1149240
100664
5048637
1116484
1706309
7670084
6326598
1509703
7047492
2459978
428356
1575242
1968461
3574094
1771854
1182034
1509716
5179735
1935703
5048666
5048669
3574110
100704
5835108
5835109
1870182
5048678
1444200
2165099
592238
7047534
5605746
1870195
6064504
4131193
887162
5081470
6162815
1771904
1739137
1575294
1149316
5081482
3639697
100759
2394519
4065690
5638557
35230
887201
1706406
887207
1739176
1739177
264617
1673644
100781
1771954
5507509
461238
1771960
1673657
1968571
1903036
1345979
4229566
1837503
1247680
100801
1509825
8948163
6326720
199109
1247685
1313219
1509832
6228420
4229578
1870284
1673679
3606992
1673681
1608151
6228441
1706459
2526
5016031
8948193
3574242
1968613
7834086
8948211
887283
330229
5605878
1214968
100858
5671420
2394620
1935870
1608192
3574273
3901953
5081608
6752785
1772049
3901972
3475991
1903128
2165282
5999144
1116713
5835306
7309867
1509937
1772082
1116723
2361911
1903159
1247801
1411644
428610
1772098
1116739
100934
3574346
9013836
1706574
1870416
1509969
8227411
3902036
1941368
1968726
1149528
1706584
2525790
494175
2296416
1149537
1247841
887397
1149542
2296422
1477224
887402
1182314
1509998
5081721
5081728
1968769
3639937
1116803
1608321
3607176
8063626
1444491
1149590
2427543
3443352
5016214
5081754
5802651
1837725
5802655
6326944
2591393
2067105
5081763
5868196
8293028
7998117
101031
1513646
1116841
9013923
5081771
5966511
2427568
5049010
2740
1739444
1378999
1772215
5081785
1411768
3639995
1837756
2099901
2362047
2034370
5081794
658130
5081814
4131544
1182425
4197084
1149663
5245667
1510120
5081833
4164330
199407
5016304
5016306
5081842
1706740
6130421
527095
1870584
1837819
2263805
2362110
1870590
4164354
7113474
1936130
1706760
5409546
5081867
2427660
2001679
5081871
1116949
1542933
5409559
1936155
658204
5409563
7146269
35616
2034464
1772324
2689831
2394921
1706796
887598
8227630
9014064
5933871
4229936
1706805
3279670
6294325
7146295
1510203
1116987
2001724
2394944
1444673
232262
4229959
5081928
5999437
5081936
1772370
1313619
1149780
8850266
1379163
5671772
1772381
5081951
887648
5081954
461667
1870691
1575781
9079655
8358759
2427753
5770090
5180265
5081962
7506792
5081968
5245808
5671792
5999481
5180282
396158
1772415
5081983
6130561
887682
2591617
1117058
887688
2460556
396175
2362258
1674133
1248152
1280921
1674138
101281
2231201
2624425
4164523
1575852
2460592
1706930
4230069
1674168
2165690
1772477
6327230
5082047
887744
1510336
1608642
1706947
68546
1379264
1674182
2427847
5082055
1117128
9112515
6687691
5082060
5934021
1248203
1575887
7539657
5082065
887762
756683
5082069
2198486
6327255
1936344
1772502
1313754
2001883
1575898
1575896
1739733
8195037
1379296
2395105
1936358
7637992
1706992
265202
7998451
1772532
1117174
1706999
1739767
2362362
1772539
1739772
6294523
2427904
7572484
5082118
1313800
1707017
4230152
1969162
1107805
2296847
494607
1936401
1707026
7638035
4000787
1707029
1707030
1707031
1575960
5082134
9112603
2329628
2427935
1608741
1575975
2165800
396329
1838121
1870887
1641520
396337
3640370
2427954
3574835
2460725
1575989
1838135
5082168
1772602
1641531
4230203
1150013
1739839
2165825
2427970
5901379
887876
5082179
2427974
101447
5278792
8916038
101443
9112653
1608782
2395214
4230224
9112659
2362453
101464
2362457
5082200
2165851
5868635
1772636
1772639
4918371
1739875
6327397
691305
3279977
5770346
5770347
3214442
5082222
5180529
5082225
1215603
1510518
1346679
5868663
1313913
494717
7146621
3902589
1772672
1608834
5049476
2231429
1936523
1150092
101517
5082254
1445009
5213329
2460819
8227989
5082265
1510554
101530
1772701
2460829
1707167
6720672
1445025
2460835
5180580
2493603
7769252
1576103
2460839
9079978
1576107
5082284
3640494
5213360
1215667
2460854
2198711
1215672
2428092
2460872
5082313
1674442
1608905
2165964
3280076
1772755
1641684
888021
1576150
1739992
1969371
396507
2395359
1608929
7146723
1772772
1936613
199916
1215729
560373
5082358
2460920
5672186
5115130
3640570
3640575
7802115
756997
3902727
5082376
2460937
5213452
2362637
5573902
5082383
1740050
1838362
2428189
1608996
8228136
3575081
2395433
5082411
7277869
888119
4918586
2100540
5901633
1379649
888131
101697
2002242
1707332
1576263
560456
1740104
1871175
1772875
1903948
6360393
1215815
1314127
2002255
6327634
1871188
2461012
1674582
1150295
1772890
1510750
4197729
5115233
1150312
1510762
2428266
1576300
2461036
1150318
1215859
2002295
5934458
1772923
1871230
3902847
1772929
7638402
1772937
3575177
5049739
2395533
1314189
3476884
1346967
5279127
2428313
1871259
1772963
2461092
2395556
495013
3575209
2067882
1969580
2461105
5868979
3280310
2133438
1838526
2624965
495047
4230607
5803471
495059
1510870
888279
7605723
7278048
2428385
4230627
6000100
7146991
1838576
5803508
2592246
2592248
6163960
3476986
5737978
1773058
1641987
1510916
7147012
5672454
5049865
3116558
7835156
2166295
1412638
2461215
2133538
5672483
2592290
1707558
4918826
5672491
5836332
101935
331315
1871412
1773109
3575350
1347127
2362936
1674810
1412671
3280450
1707586
134724
1707587
5705286
6327877
2330185
3608143
2100817
1936978
1281619
2100819
396885
1609305
1904217
8089745
1871452
1281630
2461279
2461278
396897
2690660
3575399
1838698
1511020
2461294
1609329
429682
1609335
1838711
6065786
2461306
102012
6065790
1805953
5901955
2428549
2494089
2395785
7999115
3575436
1773196
1642126
1576586
4198031
5607058
1740434
2363027
855701
1838742
6327957
265882
6000283
7474845
1576608
1904291
5901988
3477155
4230821
1871527
2002600
7278248
2068136
4230827
1969835
495277
102064
5738161
7147186
1380016
3903157
2166458
2199229
2592447
1773250
7769795
2428612
1707718
5934790
888519
1707721
2330317
1674962
102098
1740500
5934805
3182294
1773274
1773276
2461405
2428637
5934827
1674989
1773294
7868142
1740526
2461426
2100979
102133
1674999
4165373
2592511
429825
3575554
8228612
888582
7147270
3575561
5050122
2002700
5050126
7048974
2461455
3477264
888594
5607186
1740564
1675029
2461462
2166550
3575576
1681095
4099867
1707804
2428699
5279516
4132639
5803806
1707810
2428712
3575593
1347370
1576756
2461498
5050171
2461500
3903292
1576766
1773379
3608388
1576773
2658118
1838916
5672774
6786889
1675083
2166604
1806160
5836625
7442266
3477339
2428764
528221
2461536
1511269
1249128
4067179
5836655
2461552
2101105
462709
102265
102266
1740668
5934973
200574
2690943
1871742
2461570
2330498
1412996
1478533
3608454
7638916
3608458
1675150
5738382
2035598
1740686
1150870
4099991
1380246
2592662
757669
2428843
102316
3018667
7835564
3641263
8327093
2363318
2461625
2396093
2166721
1970114
1806274
3575748
1183682
1249222
102344
6229962
1806282
2592714
1675213
2363339
2035663
2265037
2265041
1511378
1970137
6229978
4132826
2428892
1806301
1118174
2035675
626654
2363360
1773546
1576940
5640174
2396143
1445876
5836795
1150972
2428926
2396161
2199555
1150979
1708037
102409
1150985
1806353
3615474
1675284
1773589
2396184
3641373
757794
1806371
5771301
1839142
4919334
1577000
5050409
1183787
1708077
1970223
5541936
266290
2428988
790588
1314880
593984
3608641
1937474
6131785
1347660
1806412
2166860
6099024
6328400
1675346
6000723
561236
1773652
2986069
2396243
1937493
1445979
2429020
5902431
1282144
1871969
102499
1511525
4165735
2396268
1970287
5902449
7442545
1577073
2691188
1675382
6000758
1577083
6230140
8949883
2461826
1347716
3575944
5738634
1675403
790669
7999633
5247124
5378197
1806490
1806494
1708191
2298015
6983841
3641505
5214375
5673134
1806511
2461870
2363575
2461879
1740984
3903674
2429114
2068667
2429120
2166978
2265284
1675464
1773770
2461899
3477718
1642711
299223
1773785
1675482
1806550
3182813
1085663
8949984
3903714
1773795
2461924
1151205
1642726
5050599
1806567
6721773
1872115
2101492
1577206
102647
1609977
2822394
3576057
1741050
7147773
2101504
3576074
1839373
5378317
1184018
5181717
2330904
889114
2625818
1675548
1151258
1773855
1741091
2429220
2101543
7639339
1184045
1773871
5902645
9081143
7934267
1773886
2396480
2462016
102720
1446213
1773893
2691399
1577289
889162
1872203
2036044
1642829
1675602
6426963
5673302
3641689
8327515
2003292
5804382
8327520
1773920
2101604
1773925
2462054
856422
1315172
4165993
102766
5050737
8327538
2462066
1118582
1118583
7147896
1118587
1511805
2167169
1806722
1511811
1773956
102788
3903878
2462090
1315210
2625930
3608973
1675661
1282451
3477910
1184151
1053081
6066586
102815
102817
4133282
1839522
1708452
6295971
6164901
1708453
1118632
1806756
1773994
3641771
5607854
1511854
1577392
1774004
1937847
2101687
1577404
1774019
3183046
2101703
5181899
1774028
5149133
4198866
3903959
4985304
8163800
2134493
2068957
1544669
1216991
5771745
8294881
2363875
3903973
2101734
1642987
1774060
2003439
1642993
6328818
4198900
4166136
659964
2363900
1610236
1741309
8229376
1675776
2986498
7148033
1708551
889354
7148047
2363926
1774106
2331166
7148063
1479200
3412512
6328865
1544739
266788
1708581
1610278
7148070
102952
6328871
2462252
1380909
1446447
3641906
1282611
2331188
2167349
725556
201272
397882
8229437
430655
2462278
2003528
8655438
3478095
2429520
3412559
2429523
3412565
3412566
2363994
1315419
1249887
1118816
2331233
5575264
8000101
8000103
8295017
1315434
7606894
111657
5444214
1839735
397946
2396795
1643132
8065662
2462335
1282688
1610367
561791
3412611
1643142
2429581
1806991
1741456
1806993
1774226
2429589
5280406
2134680
6230680
6001306
201372
5182110
8163999
3412639
1151646
1774240
8950440
1675950
1708719
3412656
7148213
103094
103096
103098
1839803
2462398
1184447
1708736
1151679
398018
2069187
2462404
1446592
6329026
1708744
1708748
1839820
398034
2101973
1675989
1872597
1774296
1675997
1675999
8327904
8229601
1774303
1282788
103142
7836391
1512167
1938157
1708782
7148271
2233072
5837550
103157
3412733
3412734
1708798
8753921
1708803
1741573
1151751
2069255
4985610
1741581
1774350
3609359
2462480
6230802
1774354
3478292
7869203
1676054
1774358
70422
758553
6034201
1708826
1446684
8950561
2462497
3642145
1938211
2003756
2102062
6558513
5116722
1708851
398132
886730
3412800
6132545
1577792
2429760
2364228
2790213
1971012
8000329
1250122
1774411
2429772
2429777
2069331
1774420
103253
9343830
103255
594773
1512279
2429779
1119067
1708893
1512285
2429790
103264
2364256
2331490
1151841
1938276
1479520
1446758
1774439
1938279
5837664
1413994
1741675
3576684
5903211
2265965
1315695
1577839
1512304
2429810
1184621
1774452
1938293
1381239
5444473
103289
1807231
1708928
1545087
1741696
889731
2429828
8819592
1676169
2397065
103312
2364305
758677
1119126
1708951
1151894
5804957
1741729
6230945
7639972
1708965
1741734
2429862
1708966
1938341
6722471
7148463
7312304
1708978
431027
1512372
6788024
5739449
7181243
103355
5968828
1774526
3412927
7148481
5058
2102210
103364
3642310
5280713
5477322
4002766
103379
496598
1774553
2495449
1676250
2429914
496603
1938398
7803869
1741794
8688620
6329333
103417
2397178
2102268
1741824
5870595
9344004
2200583
1577995
5903372
1348621
6034445
103438
6034450
2462739
5182485
2167833
5182490
2462748
1938462
1676324
1414181
758821
2331685
1676328
5162
1152044
2266159
2462768
267313
1741875
3478579
2266170
2462780
1774657
8819780
8033351
2364492
1479758
3478607
5739599
2069585
1217618
1741907
1512530
2233429
1807446
1709146
8000605
1610848
7607393
2364514
3478630
8000617
1643625
103531
1840236
2233451
3642478
1381490
6558836
103542
496760
2430074
1250429
1447038
1774720
3642499
1938571
7148688
6558865
7148690
4330643
726165
562330
1348764
2462876
1315999
4166817
2036897
7607461
2495654
1217704
103597
1709229
1610927
2495668
1512632
1938616
1742010
7050427
70846
7148734
7279808
4166850
2331846
2430151
2233546
496843
3609804
1578189
3413197
1742031
1578192
2233552
1840338
1774797
1709269
2987223
2397401
1578204
2495708
6722782
5051617
2462946
1676515
1774819
2462947
1709291
2462955
3413228
6722801
2102514
8230130
5969140
2528498
1152244
7148789
3413237
1840378
7967995
1348868
1512708
1479945
2364682
2102541
1512718
3937551
1742096
2462991
7148816
1905940
1414421
103701
2430229
1512726
5969177
1545497
202008
1447200
7148832
1512738
1840418
267556
398629
2364710
7148838
2463017
365868
1774893
7148846
8885551
3642673
2168114
1545523
1938741
103736
1938747
8754492
5641538
1709378
2331970
2331972
1676610
6559047
3478855
2463049
365892
595280
1152336
5739859
4166997
1381719
103770
1512801
1938792
1906025
1840492
1512814
2430319
1676656
7509360
4920689
1709427
9016693
8951159
365947
7017853
1447297
5215618
2430345
2332042
2463117
1742224
824721
5051794
4068752
5051800
2430360
7280026
1578397
1873313
1381796
103844
333224
1840553
497067
5838251
1512878
1414578
1381811
6297012
2102709
8885686
1807799
1152437
6559162
103870
4199872
890304
2463186
2168278
1709530
6100446
103903
1250785
5051880
1349098
1512939
1185260
1512941
1742324
1938933
5019132
2233856
1742344
1381897
1512970
103944
6690323
3413526
8295958
1775129
431652
1676840
5936682
1807915
7280174
1185328
1447473
7345713
1775153
1119796
8230452
2430516
1775164
1611324
2332223
1775169
9082436
1742405
300615
5772871
202311
104011
7935563
6166101
1742422
7640662
5281369
6723167
202343
5346922
1742443
1349234
1119859
104054
104057
3413626
5117563
1676923
1349246
1513095
5936781
3413648
4167314
1513107
6166164
1513111
2070179
1709732
2430637
8885934
2430639
1742521
1939130
6166203
1742526
6297280
2070210
104130
1676995
104135
1775304
2430666
2463435
104139
7280333
5347021
1677007
2430669
2135763
2070228
1480404
1742550
5281499
3413725
1694516
6756066
2365158
431847
1677030
2397929
1382122
3610343
5248748
4167405
2234096
2430704
2397938
104179
2954993
1808116
1513201
1316599
5904120
8034041
104186
3610364
366335
464640
5281536
464646
104200
2430733
5936910
3479310
6133520
2004753
7739158
1742616
1742617
1611546
1349402
2627356
1578780
1677087
2168608
1742624
3577637
2365224
1742633
1152813
1873709
2463536
1972017
1873714
1644339
1677109
1677111
104248
2070331
2332476
1840957
431931
6035263
1578818
8918852
6100806
6199113
2463564
5281612
104272
9148242
104275
431956
9312084
1251161
3643227
1349468
1578846
2037600
5281632
6330208
1120099
1120100
104296
104300
1742706
1415027
628596
1775476
202619
5379967
104321
6002563
104328
1316744
1709966
1120143
1808271
2234258
1709970
1775508
5838742
1972118
1578904
7772055
7804826
5674907
464796
1218461
5052318
1349526
2430880
3905441
7837603
104357
1742759
1939373
1775533
4200368
1710000
5674930
7772085
1316791
1742776
7772090
104381
2168766
1742783
1710014
104385
5216197
3577800
1218504
6090
628685
1152976
1775572
7641045
2430934
6756313
1710043
1742812
5314523
2037724
5248992
6199265
7739363
1808355
759781
104425
1480682
2430955
1841132
3577837
1775595
6723569
1218545
301044
1873909
1513465
1710073
1808381
4200451
5642245
2430984
1579017
1513481
5675018
4921356
3905548
1546253
104462
1153040
6363150
1218574
1251345
2103317
1873943
1513498
1775643
1382429
1775646
6199327
4986913
1120290
4986916
1710118
1906726
1153064
2431016
1513514
1775658
1808426
4167725
1873970
6723636
1841205
104504
202812
2332732
2529342
202815
2201664
1316928
2103356
5838916
1710149
6166598
464969
2005073
1841237
2070613
1742937
464986
1579098
2103389
2201697
4102242
5970021
8296553
8296554
1874029
1251439
6559860
694390
8296566
104570
1087611
7182461
1316989
1906819
104579
4167816
1087626
3414155
2070668
2234509
5707918
6559888
1841298
1808532
5511317
6559894
1677460
2562204
1448093
8984734
104607
465054
1874077
5249187
1677479
1513642
2234539
4200620
104621
104622
104623
2103471
3479728
1743026
2365615
1087667
1677486
1906870
1841334
1874104
5773497
2365621
1317042
104630
6756540
3643582
1710271
1513663
1743041
6330558
2169027
2463940
1579210
7870668
1677520
3414224
1775827
1349849
1939675
1808605
5282013
1808607
334047
1317087
6887650
6330593
1579236
2463975
6377
1841386
1186027
104684
5249263
104695
3414264
2332924
6723843
104708
7936266
104716
6413
2464019
104724
203031
1579287
1939738
1972507
1087772
5052699
1677597
2431259
1186082
2758949
71974
1939752
1874217
1775913
1808682
1644844
2464045
8100142
1153327
497969
2464050
4987189
104758
104759
2332985
1415481
5052732
694592
2464065
5282116
7805255
2431306
334155
6475
1087819
5839182
1579344
1710418
104786
2464085
2136406
1186135
694616
72024
1349979
3578205
2431329
1677667
4987236
1579365
104806
2431341
1939829
104822
4987253
4954488
5249401
1251701
6625663
2431360
2431361
6531
1710468
2431365
104837
1350023
2234761
6330762
2464138
1087895
4200856
104856
1710489
1448350
104863
1644962
7477668
3414436
1350053
2464165
8919465
1677741
8722869
6953400
2529721
2038202
1743293
2431426
629187
1284546
2431431
3611080
1907146
1087946
3643853
2529742
1448399
1645006
5183953
1808850
72145
1841621
7281109
498139
1448414
2464223
1939936
1841631
6724069
2431461
2234856
1710575
2464242
7182835
465396
465397
1743350
2431478
104952
9050617
104955
9050619
399867
137726
5708287
1317376
1776129
1907196
793091
2398723
5446149
1776134
1841667
1284616
5970444
5773837
2071056
465430
7903766
7936535
1251862
2464279
3611158
596508
104988
1841694
1677856
2103842
6691
2431525
1743400
5610024
6699
1514028
1743406
1251887
1972785
498230
1808951
1317433
1940025
6756922
6713
5052991
367168
5052996
6725
531016
6724168
105034
399946
1776207
1710674
7608918
3611223
2103896
1841753
2267743
2431583
1907297
1677922
1841764
2366052
1710695
2464365
4168302
2136687
2431601
4954741
2136694
1710714
6724218
3644028
6691453
4921983
8919680
1907330
6134404
2366085
2398852
2038413
2267794
4987539
1088148
1710743
1383064
1677979
3480219
2038430
6134432
760483
1383077
1088166
1841837
5675696
3250868
6757045
105142
2431671
2366136
1743543
2104003
1907396
2104012
8985293
2202317
1841871
1579728
2202318
1383123
105175
1776348
3644125
1088227
1841892
3611364
1252073
1579753
5348077
1776370
2366197
6902
1121015
1841912
2300664
2464504
1579768
1841917
1383165
1710845
1940225
1678084
105221
2431761
105234
1776403
1383188
3611412
3414812
1514272
6945
105254
1776425
105259
5217069
1776429
203573
4168503
2366264
1383226
1645371
1514300
1678140
1383232
105281
2464576
1645380
105285
1776453
2431815
1776456
2431822
2104147
1514324
1874774
1579863
9050968
1842009
105303
7871323
1743712
105315
5282664
1743723
7871342
7314287
105329
105330
105331
72562
105333
5577592
1678200
7773050
2104185
1776509
2431872
6003585
6003589
4987781
2333580
2464657
1219473
1153940
1383319
4987799
6003611
7281572
7281573
7084964
1776550
1743784
8035242
662442
7510956
1711025
6298545
7510961
105395
4987830
1416119
5053369
8723389
2169792
1809345
1776577
1252289
5249987
1416133
7773131
1579981
1907664
105425
1743826
3218388
1448917
5839832
1842142
4987874
4922342
1973224
2169833
8231919
1121265
6724598
1219576
5381113
4987897
1874940
1448957
2464770
760837
1776651
2432012
5381133
2464784
1940497
1154068
2366484
1743894
1547289
105498
1940508
6724637
7052321
2432038
760871
1088554
1285171
1416244
1743925
8887350
4201527
1940532
498745
4987962
5676089
302143
1907777
6724674
7609412
8068166
105543
1317960
1154120
2432072
1580102
1973328
1875026
269395
6757460
2464852
1711190
1875031
1645659
1285212
5348447
1973343
5839969
3939426
1514595
1809508
105573
2333798
498791
2268264
1940580
8330346
6298726
6724716
2366574
5381230
1809522
5971059
7283
5282933
203894
2432114
2464890
1383547
6298747
6331514
1088640
6331521
1449090
1252483
2432128
6724740
1842311
4922504
1186953
1973385
1744010
1907853
4988053
1744025
1776793
105639
2006185
3415211
8297646
5184686
1744049
5053620
236726
1809590
1678521
6331578
1776826
4922556
1318077
8330430
4988098
1154244
1154255
5872847
2399445
2366680
5348571
597211
4201693
1973469
3644635
7642339
1187046
4529386
105709
105712
7281905
7281906
1580275
6757616
236786
105718
1580279
1514743
5872883
2432250
1088765
4168960
105728
2333956
1711365
2432262
1285382
2104596
6364446
3415335
1711399
4922665
7478569
1809708
3644719
1711410
269619
4988214
1842487
1776950
2334009
1318202
7183673
2465087
8822080
1908034
1154371
2432324
1383750
105799
1842503
4169033
1776970
1645899
1875277
1088845
5840208
5840210
9018709
1547605
3611992
1318236
4201820
105820
2366813
1908060
105825
1318244
1908070
1809767
2497896
6298983
204138
1514858
7839083
1383789
2399598
1777004
6298992
2465131
1777015
5283196
1580413
1744252
2989436
5578112
5840261
2334091
2170253
1645968
4005270
5676438
1875355
1514909
2366880
4332961
40360
531882
1740452
3644844
1711540
2465205
1908151
1121721
7675326
1318338
1580485
1678790
2334153
5873103
2301392
1646037
1809880
1777113
1351131
1514971
3415518
1514979
1842660
6200803
368101
1318376
6168041
1809897
1875435
9051637
105977
1678841
2465273
1711614
1777155
2432517
3907078
1285642
7282191
2432527
7282193
2432530
1777169
1154582
1678873
1908252
1515038
7712
1777185
1842722
1383975
2432554
1154604
1154606
3612206
1678899
106037
7773749
6561335
8855098
597563
1449532
3481149
1384000
1154631
1416776
1154635
1449547
5873227
1777233
1154642
564817
1777236
1154644
1154646
335448
302681
3415641
2465370
2104924
1711709
5873249
8068708
1547877
6200933
1678951
1777256
106087
2170469
1515115
106097
3251825
1711732
3153528
3546745
7806587
532093
1711741
2399876
1547908
1220228
7872139
106127
1744532
401045
1941143
3645088
7872161
7741095
8330919
3972780
1515181
1449649
2432691
564919
106167
3907255
1711805
5250752
4202181
270022
2367175
1777359
3579599
2105045
1744617
1187564
1482479
1842927
270065
2105076
1842933
6332148
8232696
1482490
6037244
1711874
4169478
5938950
1875720
106249
2039564
1384209
2400018
106257
4923156
1515285
3907349
1613585
1187609
6004505
106268
1449759
2432804
1580836
5873448
1875755
1646380
7773997
2432813
106284
5414705
1613623
1679161
1777466
2137915
1154874
2432829
2465598
1220413
1875776
2400071
1711947
7282509
5939024
1777490
5939028
6135637
2203479
270172
106336
1777506
8232805
2432872
106345
5054314
1843053
7642990
8920943
1711991
2400120
8331128
5414778
2170747
2367355
106365
2072446
1220479
106368
2400123
1286022
1417094
1870805
1449865
1679242
1515409
6791060
6135701
8920984
2138010
7184286
8097
1187745
1580965
565163
1679277
565168
1646514
5676981
1515448
1613753
1843132
1875901
2596799
3416001
7577540
1417159
1777608
761800
6135754
4235210
2236373
1810391
1449946
3284955
1384416
1646563
1449956
1220582
5939180
106489
1843198
1515518
5677057
2433025
2433027
1187843
1449989
1679366
2433036
4104207
1712145
106514
5021714
106515
1843219
2400279
2138143
2367522
7774243
2465830
2465835
106545
106546
3907640
4988985
1515583
1679425
2433089
5939267
1122371
5939270
1777735
4989000
2269264
7282775
7282776
1548381
106591
8986725
1253478
106598
1351782
2072681
1843306
2367599
1777777
2629746
2465908
1155188
1450103
3612791
1777785
1122428
4235388
1515651
106627
2334853
5021830
7938180
6070408
1515654
3416201
1777804
6299790
6070415
1843348
1974421
1515669
532630
1482910
8200350
663718
2465958
1155238
1155241
6791339
2334892
8954031
1286319
1941682
5808307
1712309
5906614
1843381
1515704
1876152
1188024
1777852
1417408
106691
1188040
6037707
5939408
6136017
5841104
1712339
1745112
1089757
5677280
1515745
1286370
5185765
5906674
8921330
1515764
5054711
1089784
1745146
1876220
5284093
1777918
1843455
1384703
5939455
696572
2400518
106761
106767
4202767
2105618
1319186
106770
1777945
1777949
1483039
3416355
106790
6037800
532779
9019693
1450285
4989234
6299955
2498868
4170038
3416377
1941822
3449152
7938371
6084736
106822
1188166
5054794
1679693
1515854
1777999
3481935
7446863
2105683
1352021
7250262
5677398
1909080
5284184
1188185
1974619
1352028
5677405
5841242
500064
2400610
1384809
1515884
500079
74096
106865
1974641
1810802
2335090
1843574
1384824
1778045
74112
106883
2040196
2433413
7283078
1122692
1515913
1810826
5972371
5317012
500116
1089942
2335127
2236824
2138523
1089948
2367900
2007465
1581483
2433451
1089965
1712558
1679791
1679792
1876401
1843628
1941941
1712569
795066
3908030
8921535
2007492
1778120
1843659
5251531
1843660
1614287
1679824
1745361
1122776
1319385
2171354
1450456
1188317
4202974
1450463
3613150
1909218
74211
2466277
1745383
1974760
106984
1810919
1614314
1843693
1745394
2367988
106997
1974774
2367990
1679861
1810934
5218815
1286656
1614344
107016
2335244
2040333
5186062
1516046
1516048
1778193
1745425
2400785
2466323
2236949
107025
467479
1712660
5349907
1516058
107032
467486
303648
5218850
1712676
336421
762408
4956720
7578161
1810994
1614386
6627892
2040370
7250486
1712698
1253948
1712704
1679939
1811012
2040387
6005318
107084
7742030
107086
8299088
2433616
7184976
1778261
369244
8954464
1843811
1745508
1614438
1417835
1909360
2368116
1843829
4989557
762488
1843832
1385083
5415547
3416706
107139
1712781
1811096
1843865
7742105
3154589
2400926
1647263
1352351
5808800
2106019
1778342
2400938
1516203
1680045
2433710
107184
1090225
1417909
1745590
369334
107191
1516215
107194
402106
4989628
1876669
1450686
4924091
107200
729787
8954562
402115
8921796
7283398
7283399
1778375
2335430
1647308
2171597
1516238
6103759
1712849
107219
7152340
336597
1319643
2368220
3646175
2368225
2073315
8921832
1450733
107248
6759153
107252
2237173
3220213
3416829
2433794
7054083
1581829
2335493
1221385
3613450
172814
1614607
1254159
1385241
1254170
1188636
5907235
5907236
1057573
4694831
1614648
9052985
9052986
402233
1844033
1418053
1155910
729928
7676744
1385290
6169417
5055311
1745744
1057618
74578
5710675
8299347
9048
2138970
2270048
1614688
1352546
3548001
5022564
107361
2630502
4072295
8725352
1680241
4989810
7938931
566132
8332150
729976
1778554
2466686
4694911
5907328
5219202
1516420
7775120
3548049
2368401
107411
3548058
107420
5677982
1483679
107423
1778593
2171806
2466724
3974053
5677993
5055407
107439
1352624
1057714
2466738
500659
3417014
2466742
3548090
762810
6300602
1811390
2106303
1680324
1516487
1745868
2466765
3449806
5448653
8954836
3548118
1582039
107484
107486
1811422
2106341
2434022
2368487
1516520
2270184
3908586
5284847
9053168
2401266
1942520
1811448
2434042
3908603
3613690
1713149
3023869
1614847
3548160
7283715
2466819
2368517
1713161
2237451
1811469
2401296
1713169
7250962
2368529
2401303
369687
1778715
1516571
1549344
1123362
3286050
5678115
8332324
1614884
1516587
1778731
435247
2434097
2008114
2434103
9275
271423
2434120
1745996
1320016
1942609
1680466
1778772
2499668
664666
533595
74844
2434142
2172004
1778797
1811566
8070255
2008176
402545
8070257
4203632
1746034
1975413
5842033
4105336
1254523
1516670
107647
2106495
7021697
468097
2401413
795784
6300809
1746059
2434188
5252237
3908750
8299663
2434190
2073745
2466958
1746069
5678233
1811609
3417244
4138142
1778846
1778851
1516710
4138153
7775402
3318956
5579954
107701
8332475
8332476
5874880
8824004
8987844
1844422
2467013
2041033
1778889
3417295
1352913
107729
1778900
1287383
1746135
2368731
8922336
5350626
1352931
9447
8332521
2139370
2204910
2073840
1778930
4695283
3613938
1090805
1090806
468215
1516792
1090812
3253503
2467071
5874948
1778951
5055751
1811722
304396
5285133
5973264
1975572
3613974
2368794
1811741
1778979
4105508
2434341
7972134
1746215
2630948
3613996
1877294
7775538
1746228
1090868
7546166
107831
8922429
1090878
107840
7284034
1615171
7284036
7284037
1746247
9053515
3646796
1189201
2467158
5875033
2401625
1746268
1779037
5842270
5973341
1516895
4990307
107875
1549672
1615217
7447922
2368886
107900
1484157
2303363
3646852
1156483
2434440
107913
4203913
1680779
2368911
1746331
1746336
5252515
5186984
2336169
107944
1353130
1746348
107951
1516979
1779125
2532797
2467263
2401731
8758725
8758726
1516999
6038984
1517001
1680839
2074056
107980
501197
1123791
1975762
1418709
1189342
4924894
1680866
1517026
1713637
7808488
3548650
370154
7742956
6333937
1680885
566779
566780
2270717
1844734
1517055
1287680
1713663
7742971
566790
5711367
3614214
8922634
894476
894478
894479
5842448
5187089
6333971
1484308
6333972
3909142
894487
2467349
1680915
1713690
894491
2434587
4105757
3417630
894496
3647009
894500
894501
1713704
7710251
2270764
9020974
1713712
894512
6530610
1582642
6628916
8332851
2467381
566837
6530611
894521
1779258
894523
2106940
1484347
1353278
894525
1320509
3614271
894531
5285445
894534
894533
1812040
894537
894540
894541
108110
1517134
2434639
108113
6366805
3548758
5187157
1517145
763483
5711453
3909214
1255009
7513698
1418849
8005220
1975912
108137
2467432
8791661
894574
894575
894577
5285493
894581
894583
6071929
894586
8922748
7284349
1091196
7284351
894591
894589
894594
894595
1123965
2107013
894601
1746570
108173
2336398
894609
894611
894612
2467475
894614
894615
1418903
1615512
894618
3286682
108189
1746590
894624
5678753
108194
1877667
796324
894625
894626
894631
8824488
1517226
1058474
7775916
1189550
1844913
5449394
1222322
1189556
108213
6071987
108215
2467511
894649
894650
2762427
894656
5940929
8955586
894659
894661
4171463
1484488
4171465
894666
894667
4925131
894669
4826826
1681103
6104784
894673
1746635
1615571
894668
5973717
5285583
3614423
2434776
894681
3647194
2434779
894684
5842652
8922844
4171484
894688
894690
4204258
5973733
894694
894695
1779431
1681134
730866
1648375
1353465
2434811
2074364
108283
1255164
1451775
1713919
3548930
5842690
2434821
4990728
3614474
4171532
1222414
2434831
108302
1746707
894744
108313
1845018
1713945
5842718
5285663
1124129
2139937
1943334
5613350
1976104
108330
5056301
1255214
1124143
3614511
5187376
108341
2041656
6760249
5941052
108348
6760254
1517374
3614528
7120704
1189698
2402115
1189701
894789
894791
894792
8070987
1943372
3254093
108366
1124174
2369359
894806
2369369
894811
108380
2402141
894814
4204383
1615712
2434918
8922985
894830
894831
7645041
894834
1910642
6104948
108405
3417974
108406
894839
2402169
1746810
2434939
75647
3909504
108417
1943425
894851
1714052
1681279
894854
1517444
1484680
1386377
894858
796554
2238348
108427
3647374
2434963
1550228
2402197
1910676
4204439
2402201
894874
2369433
1517466
2467741
894878
3909534
1124257
1353637
7317416
3549098
1746859
1124270
894894
108462
6137775
305075
2566067
2402230
2402231
7284664
7284665
1124282
1517498
1615802
3647421
7448512
501699
6334403
894916
2435011
4171717
894920
436170
2041803
1124301
1648590
8923087
8333265
1124306
75729
1124308
1091540
6334422
894929
1189845
2369497
8333276
894940
1157088
894945
7612386
1517538
2533348
1779684
4106214
1714152
1517548
5744620
7743470
3221487
894959
4106227
1845238
2402296
5941241
1779705
1353724
2467838
894975
6694912
501759
1517575
2336779
1452046
108559
5679118
2467858
5253141
108566
894999
108567
895003
1484831
5220384
895008
1484835
436259
1517606
895015
895017
3647531
7415851
1681455
1517615
2205745
895025
2041906
895028
1615925
108598
3909687
2467896
1091641
1157178
2238521
2402360
108608
108609
108611
8333379
2336835
1484870
895047
10313
1353803
2074700
7809101
7809102
7809103
895056
5187662
895059
1386580
1484883
3418196
8988760
1615964
895070
5875807
7022688
8923238
2271336
3254379
895084
108653
5122157
2009199
895086
1190003
1779827
2173047
1321081
1255546
2631804
1386621
3614845
895103
895104
8988800
1517696
4139139
7252099
1747078
895112
895114
3647627
5941387
1386636
8988818
895123
1878165
1616022
6334615
8988822
2467989
1550489
895131
895134
2795680
2336928
895139
5679268
4991142
5679272
2468012
6629549
895152
1517745
1091760
7219378
2468020
1222840
6695102
1091778
7284931
1779908
2336966
1517771
2074828
1255630
1288399
895185
1747154
1812694
1517784
4925657
8890585
600283
2435292
108768
2435300
6072549
895212
9283821
108782
895218
1812723
6629625
895227
1845504
895233
108802
2468100
895237
895236
1943816
1091849
1091851
3418381
108814
8890639
3647761
4172051
1419541
1681687
1878296
895255
1747225
8333595
2435356
7776541
895260
108829
2468128
2337056
1485087
2435364
895269
10534
1485093
600365
7317810
1222963
2435379
1616180
5220664
108857
108858
5056826
174401
895297
1911105
1452357
1616198
2533705
895306
4172105
895309
1714509
1157455
3123539
5515606
895322
1943901
1714526
2468189
895327
895329
108898
2992486
4237672
108909
8890735
7678319
5351801
1681791
895359
1485185
7416193
5187968
1747332
5908868
2468230
2959751
1091975
1091981
5679502
7940498
1419666
2369956
2173349
10662
2468263
895405
1714606
1092015
76209
6171058
1911219
5614004
2468274
5188018
2435512
1518009
2468282
108987
2468284
666040
108990
8006079
1780158
1780169
2435530
109009
1780180
5843413
1616343
4205016
1485273
7285213
1092063
109024
1419749
1124838
1780201
2370028
6171119
109044
895479
4106744
5777914
1780219
8006141
2337278
2402818
5024258
5581316
6728197
8890886
895497
109066
2402827
1780236
1518091
109070
1649164
371218
6662675
1518098
109077
109079
109080
1518106
2271772
2468381
2107933
1845790
5941794
109091
109092
1616421
5909027
1681961
1124910
5909038
2304559
5909045
8858166
2468407
1747512
1485370
5614140
109117
5614141
1747519
2402879
109122
4237890
109125
1485382
2435655
6040136
5417541
8006222
1157711
1616484
2370148
567910
1682032
4172402
2271860
2337399
1878649
2206332
1714814
1714817
2402948
2468485
1583750
2534023
1092232
1944199
1125006
109199
4991632
1780369
1878675
1780372
1714838
1190550
5253785
1780379
1092255
1125025
3648165
8989350
7088809
1944233
1190572
5450415
7219887
2468530
1682100
7252662
3910326
1288891
1190587
1845949
109246
1288894
1518271
1518279
1682120
502473
1382911
5909196
109265
7285458
109271
10969
2599641
5679836
2173664
5876448
1714914
5679840
2108133
8923879
4991719
1780457
1616617
5614315
338667
109292
4205294
8334063
7940844
1616625
1747698
1485551
1288945
5614325
109301
4205302
109304
1714937
109302
1354491
109308
4205305
5352188
2239225
109309
76544
1485576
2435850
1780495
8825617
4172562
76562
2173714
1452823
2468632
6761240
3549980
3418909
3910430
109344
2468648
3418923
1747757
1747758
1714991
2337589
1157942
2468663
4991809
1551176
1878856
5057352
1780555
1682252
109387
5614412
1354574
4991819
109394
2370387
1125205
1780566
1780567
2468695
6300174
2173787
2173788
109405
1747806
437087
2468703
1715039
1387362
1157980
2435941
1780582
1157991
109420
1780590
1747822
1190770
1649522
2206581
1616759
6368121
5188473
76668
1551231
109439
5614465
7875458
7777155
2206596
1944454
3255174
2763657
3287946
2468747
7580555
109454
4172687
1878929
3287961
1092506
2403228
5221277
1321887
1780640
1846175
3550114
6761379
1878949
6335400
2370473
2206638
1518513
3124147
109492
1092533
1092532
1256376
1682360
1649594
2534331
6171580
76731
4991934
109503
109505
1715137
109506
1387460
1715140
2272197
7252930
7285707
109517
1485773
1977295
1518541
5254098
1715156
1879001
1518554
109532
109533
109534
2436060
1747934
9087966
5680092
109535
109540
5680101
1715175
2403304
2436073
6204393
1715181
6007790
3550191
1715187
1092605
5680125
5680130
109573
1747974
109574
2075657
6925322
3910669
4107284
1354772
2206743
1322009
3648542
1846303
8924192
1322017
6007842
1190945
2436132
7482410
109611
3615791
1649714
4992050
109619
1289269
1879091
109622
109624
3943483
6925371
4992060
8301630
764988
1387579
5221435
109627
1715259
1584196
2174020
1715270
371780
4205639
1092672
1780811
1780813
109647
797776
1944659
1944660
2403417
1780829
797790
1780831
109661
5352545
5942366
1256547
8039525
1748071
1617004
1748079
1354866
2075763
109685
4041847
4140156
2174076
2403455
7875711
6007937
1584259
2403460
1715334
109703
4140168
1617031
6007944
8006796
1780883
109717
2403478
4140183
1715358
1617057
1715361
5876899
2108580
1944743
1092776
7285928
1649831
1485991
732332
1682607
699567
7515314
5057715
3419319
1092792
8006840
5614779
4205755
2403517
2403524
8924356
76998
1453261
8924367
4992208
8006864
2206931
1748179
2108629
1354965
1453271
2272467
1092824
1879262
5909729
3648738
1518823
4009193
1879273
1486060
1518830
5975279
1846512
5614832
1748207
1092855
109815
7515389
4205828
2436358
2534663
1060104
1486088
7744779
109835
2403597
830732
437518
5188877
4140311
1879320
2108697
8793368
2370843
6040861
371998
5680414
4205854
1092897
5188900
2174247
1584424
3648811
1846575
1420592
109872
1846581
3616053
109881
1846586
470337
6335809
109891
1748292
2403661
3419470
3255631
109904
1518929
5877070
109908
2764117
1813846
2272603
8924508
8760670
109921
1944930
1092963
109924
109925
109923
1912167
1846631
1518949
2436458
109931
5582187
109932
2534757
109935
4173168
1650033
5680496
8007024
1125748
3321206
8007034
5352828
1518974
1682815
5352832
2174339
1715589
8007046
5418376
109964
2436493
109965
437644
8334738
7056787
1682836
7187860
1846676
8957335
109976
1682841
5483931
1519004
5189022
2469283
1682853
2239911
1355180
6991277
2174382
3550642
1617331
7253432
8007098
8924603
1519036
1715648
1715649
110018
1682884
536005
110022
2174406
7810504
2928070
1584585
1781195
1486285
1355213
7974351
175568
110033
798160
3616209
110032
1879506
1519053
110048
1125859
5680612
3550696
4173294
110068
2305534
1682945
8859138
1093124
6761989
110086
1846790
2174474
110092
2403854
1781262
1715732
667157
2436637
142877
110109
4206113
3288612
2436645
5221924
142885
7745063
536104
2207275
142894
8859182
2436657
3616306
2403891
3911218
1486388
1257014
7745079
110134
5844537
110138
1125949
1781310
5189183
1093183
2108992
5058111
1715780
110156
1453645
110159
2436690
6368851
1781331
4140626
7155287
1355352
4173401
110170
7876187
7843424
3583585
6303329
2436706
2174564
1781348
1191529
2141802
8302189
6925935
3911279
1191537
3616371
4173428
7286389
7155317
1715830
1781373
5975680
1683073
110208
1715840
110213
1355399
2371207
77449
1879690
1257097
3419788
1781389
1683086
503437
1748624
1289870
2403986
1781387
2109076
1879701
110232
1093273
1486491
1093283
7253668
1486500
110244
2928294
5058216
1191592
110249
1715885
1748655
1519282
110259
1683126
2633398
110264
1715897
1191611
3485375
110274
2469574
1748680
2469577
1093320
2469579
2404042
2240211
5254868
5680854
601816
1781464
1814234
110299
1715929
2272989
5680862
1748706
3288802
3321572
110309
1847010
4206311
110312
110313
1388264
2404078
1715952
2436853
4992758
4992757
110332
4435710
1388290
1388293
1355526
2404101
1715976
3550984
1945354
2469644
2633487
2436879
110353
4468497
1355539
1748756
5746455
110360
110370
3583780
3551013
6696742
1519400
5910312
1781547
1847083
1683243
110382
1486644
1879865
6303547
7941948
4173627
372544
6762304
1748802
5025602
1486664
1453897
1683274
1552204
1388372
1945430
110423
1716062
5844830
3551072
1912675
2207587
1683300
110438
1159015
1781608
2010983
2600810
1683303
405348
3551084
1716074
77679
372593
1126259
7778170
1519483
1650555
2436989
77693
110463
1716096
5517185
7286655
5222276
3092360
1781641
110474
110475
7843725
2437007
5681042
1847186
1126295
1781658
1126301
2404255
1683360
2437023
307109
1486762
1683379
1355700
2404278
1716150
110520
1126330
1224636
1093565
831424
1781698
2338755
2207684
1847236
1748932
1224644
2338765
110548
831445
5189590
1880023
4108246
110553
77785
1945563
1880022
1880027
7516124
5222359
110560
110561
471009
3321826
1617897
7811052
2011118
1454064
1159154
110578
1748985
110587
1748987
110589
5681148
1847291
1781760
7581698
6598660
1716229
5681162
2437131
5877777
3911699
2207763
1355797
4141078
1781790
6336544
6762530
8204325
1781800
7843887
110641
1617971
3911733
503863
3289144
5222457
5845049
5189691
1683515
1224763
7155770
8532023
1191996
6369345
2437185
5222469
110661
1945671
2076741
110666
6598731
372822
4108374
5615704
7057499
4206683
8466525
6172765
2437217
110692
1749092
110693
3420261
1683557
700516
110698
1126510
1060978
110706
1454195
1716341
1093750
110711
3551351
6762620
1093757
110718
2404480
1355906
8990853
1257606
6598792
9285769
8958093
12431
1683601
1093777
110737
7745684
6336661
110742
1192087
5812376
1126552
8106134
1454235
2371743
110753
1519780
1487014
3223721
12459
6205611
110763
110767
110768
2175152
1847472
110771
1716404
1519795
8794294
1773985
2437304
1781944
4174010
2142397
1323198
1847491
8073412
110787
5124294
372934
1093833
4141258
110794
1749197
372941
5976272
110810
6336730
2207964
8728796
504031
2437346
2371814
1749223
5910761
110827
110828
5845229
2437358
5386477
6172913
372982
4993281
1519873
1126660
7975175
8073481
7450892
2404621
8204561
5189905
5058839
5058840
2437401
3125532
1093917
110883
110889
7090477
5681455
110895
1552690
1782067
110901
1683767
1782071
5910845
1716541
2371907
110917
3551561
5189965
110926
110928
110929
1945937
1880402
1847636
1093971
5681490
1356120
110937
1782105
2371931
1880412
2175326
2535774
1585504
2208096
1716581
1782118
4043112
5681515
5943659
2109805
1618284
110959
3617139
1618291
1159541
110971
2208124
2371965
1782143
4174213
5943686
1945990
1618312
110984
6140299
4174219
7745933
1716621
1716625
1683858
1094036
6140309
1716630
78231
4141464
1782164
1094044
1683869
274848
1126817
1683874
7218812
111012
405927
1782184
766377
111018
111019
2568621
111023
1356209
766386
1749426
1814967
1749432
1356217
1487290
1094075
4207034
7614909
537017
1094079
5943743
1716675
1782212
3617222
2208199
4174282
111052
7778767
2273744
1126865
5845456
111059
1716695
1094104
1782234
1585627
7614942
1716704
2273765
5190118
1913324
1782255
111093
111094
5681655
1749496
111096
5222906
1618427
1618432
1946115
1782280
5353996
1618444
6337039
2208272
3420690
1487382
5681688
1126937
5747227
1716767
1946147
1520164
8925733
2142757
1684007
2437672
1126953
1651241
6894122
438828
1126955
1389104
111153
1782324
471606
111159
1323574
5878326
1880634
111164
3617342
111169
111170
5190210
111172
1126980
1585737
1684042
2372172
1716814
1847889
1258068
1651284
1716823
2077272
6664793
668252
2437725
2011744
1749602
111204
1946214
1159783
5681768
6730345
1421936
1782385
111219
4141684
1880693
111221
4108919
111222
1684092
1389181
1290879
1749634
111235
2404995
3617411
2142853
1716871
1454732
111245
2372238
1225360
2241168
1782419
111252
111255
1487514
111259
5681818
111262
111263
1716899
1749669
1159846
1749671
1127079
4174508
2437805
6009523
3551923
2175673
1913530
111291
1716924
5026491
1782462
3125950
1094336
4174527
2273986
2405051
1094340
1969476
111302
5026503
8073926
4066630
8073934
1094363
1782492
1946340
2372327
1716971
2372332
2241264
471793
2437878
1127163
111356
1258237
1618686
6664955
1782528
1815299
4338435
111365
9057027
9286407
1913609
111370
4993803
2372363
111373
111369
1618707
1127187
1225494
4993814
1192728
2241309
1553182
1454878
8074016
2437921
2437923
111396
1094438
8925990
1159979
4141869
5681965
5681967
7582509
1094453
3224374
1094455
1127224
1127222
1618746
1094458
1389372
1782589
2437950
3552066
5681987
111429
1127238
5681991
10072904
2405189
1815367
1913679
701265
2372435
1454934
111447
2044762
1717088
5682017
5682018
3421026
1979235
4928355
6337384
5682024
3224426
2143087
111473
2438002
2274164
13174
111480
504697
1094529
111491
111495
2438026
1094540
111501
701324
3486607
111500
1291151
6697868
111507
1160084
1749910
1782678
5550999
111514
7779226
668574
6108064
8893346
1094566
3617703
1782699
1094575
2831280
2831281
275376
111539
2831283
4174773
4109238
2274227
111544
111542
2208698
1127354
1618876
2175933
6992830
1782719
111552
111553
340930
111555
2831298
5190595
1389501
6960071
1651656
111563
3912653
2241485
2405327
2831311
2831314
1356756
3486681
2831323
5419998
111584
1946592
2438113
111589
1520616
111597
1094641
2372594
2831347
2438134
4994041
1684474
111611
1094652
1094654
111614
2831359
2438147
111620
1618949
111619
6304775
1094664
2438153
4142092
7746575
8729616
9057296
2307090
111632
1782808
1225754
734234
1487900
1782814
3945503
1127457
1094693
1750056
2372648
2831402
3912747
111660
2274349
111662
8074286
5583916
7975985
111665
2372652
5878831
2831409
1848367
7156787
6632505
1160251
1619004
3552319
4928577
406602
111692
6304845
799822
2405456
1094736
1586260
5682262
111702
1520728
5878873
1619034
111709
1750110
111712
1094752
1715556
1913955
111717
111719
111722
5682284
111725
1193069
111727
111728
111724
6763634
6173811
7615604
1160310
1324153
111738
1848444
111741
1389694
1619071
5682305
1782914
2372740
1488007
3617930
6665360
2831510
46231
1094815
6894752
2372769
1782946
111779
111784
111785
1782953
4994219
1619112
2077878
1914048
1324225
1750209
1094849
373955
7156938
2438348
111822
1094863
111824
7943376
2208978
406739
2405588
4076756
3192026
111835
1094879
111840
2110694
799978
1651948
1619181
767214
2405617
799985
111860
1750261
5944566
1094906
111869
111870
111871
1848575
5059841
1717506
1651973
2209032
111880
1127690
2405644
3290381
111884
2405645
111891
2438420
2077983
5125410
2209059
111912
4207913
701740
111921
111923
2438452
3224903
1717576
111945
2438475
3126604
111950
1553742
2405712
1684818
1684819
111957
111958
111960
5682521
2307418
1652059
341347
1389928
111978
1815917
4207982
111983
4142447
3224945
1521007
4175213
1619316
5059957
5682543
1127794
5584270
1095036
3421568
112001
1357186
2405762
1783170
112014
669070
1422735
603537
112017
5354894
1783188
701845
701846
308628
2405784
2209178
1652123
5059996
3224989
5682590
1848735
2241952
112033
8926627
1881512
5682606
7845296
5617073
2438579
1586613
1684920
5223865
1357244
2405822
3913153
5125570
1914305
112068
1848773
112073
1750475
1390029
6010321
1390034
1324498
112084
112085
3421654
1160663
112088
1881559
1816029
1193437
2438623
112093
3552738
1390051
1193442
8926695
1095143
5256687
112115
1684981
3421688
1095163
13820
1619452
1390076
112128
3913218
1881607
1750536
472585
1160717
3913235
5977620
1750547
1717783
4208153
1160730
112155
112157
8074789
4208167
6796842
1717802
1095216
2373169
1750578
4208180
7255605
4994612
1947196
5715519
1783364
112197
1979978
5748299
112204
5060173
1881677
112205
112206
1979985
1881681
1652306
1259095
1652313
1324637
2405983
112224
374369
1717858
1619556
1717864
4175466
8074862
1095281
1586802
1783415
1914487
1652345
1750653
2406014
2373246
112254
112257
1750658
5682818
2406020
112261
8861318
5682821
7157385
112266
1226379
2438796
1095308
1357451
4142732
2012814
7517836
7517842
1717907
2406035
112277
1193624
3290777
1521308
2406045
2373278
3421857
3618473
2438826
1586859
112304
8074929
7026354
6534835
2373301
2406072
1980090
112315
112316
2438842
2176701
243395
4208323
1291971
112325
112329
1816265
4208330
4994764
1717967
1881810
6895316
1259222
3552982
1521367
2438876
112348
1423068
3913439
7419617
6207202
145122
112357
7157480
8074985
1128170
571114
3553004
1226479
1652464
1554162
5224179
1750776
571129
2438906
1718011
1619709
1521407
5682944
1783554
5060355
5912322
276235
538381
1455887
1423119
7026454
1357592
1914650
2438940
7812895
3553061
1324838
112424
1881898
1226538
5846830
1423150
1652528
1226546
112435
1750835
1455924
7251661
1292089
1750842
5224251
2406204
2111289
440126
6371136
8107841
3389250
1652547
1226566
1488711
112454
1947466
2373451
112460
7944013
1095501
2406229
7616342
112471
4110169
8042333
112478
4994909
112482
7124834
7681891
1095525
5453670
5748584
112489
5683051
1390446
5683058
112505
1947517
1587070
440193
2340742
276359
3422088
4175751
7976841
440203
112522
1947533
1128327
1292175
1652623
3618698
6698898
112531
1619852
7780245
1587096
4208538
1783706
1619868
7059357
1783712
1783717
3618726
8075176
7059371
112557
7223214
2406319
5912496
6764465
1750960
112564
1423285
3323830
112570
6666172
112573
1849279
3618752
112576
1750978
112579
3618754
1718212
6272960
374724
702400
112585
112577
1783757
5748689
1193942
1259479
112604
1357789
1751006
5683168
2439139
5060579
112613
1619942
1751017
112622
5683184
5257201
1095666
112632
3618809
3225598
112640
112643
3618819
1718278
112646
1947654
1947660
9189388
1128469
7616534
2406423
9287704
1652764
3225633
2209829
8861735
1620012
4929582
5978158
1194036
1783860
1423418
112699
112700
1783868
5978174
5683263
112703
1652797
5683266
1947706
5748804
5552189
3913800
8763464
1652810
5978187
440397
8730702
1423442
1718356
1226838
112728
8960088
2242652
112732
3979356
112735
4175968
1751137
7616610
112737
5748836
1783909
1783910
7157862
1161321
1751146
3618923
1783916
112753
1751153
1783924
6338677
112766
2406527
1324992
1783937
5748867
14468
112773
2013320
112787
440467
1423508
1947798
735383
2439322
2373788
1816733
2406557
4176031
5814433
112806
7780525
5683376
1325234
2406579
112820
1947830
1783992
7682233
2570430
1128642
112836
2275526
1161420
112845
1095885
5880018
2373842
1095892
1915095
6338776
735449
1751256
112860
1226975
5814495
1751264
112866
1685728
3422432
1226981
112870
145641
112873
1423594
2734316
2341099
4143342
2472179
2013433
8534266
1751292
1390846
3913982
112896
7092482
112899
1784067
1685765
1095942
112903
2275591
2406663
112900
2373899
112911
145680
3914005
5683479
506137
112924
1620254
5683491
145700
1194275
112934
2111786
1915178
2406705
5060915
7780660
1751348
1653045
3553594
1751355
1816893
2373950
3291458
3553603
145730
1128777
145738
1620300
1882447
7977296
7158096
1849682
866639
1947989
3553623
1816919
1751385
1128791
1522013
145758
1227104
1096037
145766
1194343
3225962
1948011
2079084
1653105
1522035
14710
4405644
2406797
1096078
1948050
1522067
1096085
768407
1554841
7584154
1685915
2374044
5749149
407963
3619233
5880226
1096097
1718693
1849768
6338989
2406830
2341293
1456561
1784243
2210229
5814710
7616953
506298
7616954
1751482
1718717
1784255
1522113
342466
1718724
7813573
3914180
4209094
145867
5061068
1817036
5061070
7584205
2439633
2046417
145875
4143577
1391068
3619293
145887
1882591
2374113
4995551
2308579
4176356
1849828
113126
7551462
1784299
4143597
2341359
3455472
1948147
1194484
2243062
1718775
3226111
7944703
47618
145922
1161734
2308615
3914246
1784330
9134031
2374158
1096208
1718803
1817108
6109715
1915411
2144794
9134035
1718820
2275877
1325606
1686059
5683760
2046514
6339123
1653300
5225016
2406968
1686074
3488315
1948220
1882682
1718848
2112065
1522243
3324485
1751623
768584
6371915
1096271
1751631
1686101
1587798
4176470
7256667
1686109
3619428
1817188
2308713
4143728
1784434
2243187
8075891
2374267
1587836
1522302
1817215
1653376
5683841
1587845
2407046
1817228
6109838
4209298
1424019
3488409
2439833
4176540
2767519
3914400
1391265
2439844
5356197
2767525
1620646
1817259
7617195
1686187
1653422
1784495
8862385
1129140
6798005
4012726
342711
1194677
2439866
1981115
703163
5225147
1784510
6765255
1686218
1227478
3226327
1522392
1096406
703191
8043232
5880545
1817313
867045
2308842
5225195
1784556
3619565
7191278
5651190
1719031
4930296
8043257
15099
7977726
5880575
1784576
1850113
3160833
6044416
4504324
5749513
8862476
15117
3488527
2407186
1522451
1162005
1358614
5683993
2210586
8076057
5683996
1587998
1817377
1325858
506667
3619632
1719091
1817400
4143930
5684029
4176704
5684036
1719113
5684043
5684049
506706
506709
6011734
1948510
9026399
7977825
7027555
4176742
4143977
6765417
1686386
3423094
2407290
6568828
1686397
5684092
2308991
1096578
7027588
1686408
1719177
5979016
6699915
2276237
1358738
2276244
1784733
1719201
1129382
1751979
7748524
7257006
2210734
5979058
1194931
1981365
2407350
2407349
1620920
1391545
2243514
3324859
5061564
3619772
1719232
2603969
1719233
1129411
1719236
2538436
7551945
1096651
1489869
1948622
6798290
4144083
5684180
1850325
1784796
4471772
5684191
1162207
3914725
1260523
4176876
1522669
1194990
1293293
5127153
8961010
4144115
1391604
1850353
474102
474103
5061624
4111346
5061619
1981433
2046975
2341890
1096707
3619844
1522694
7814150
2440203
1489932
1686541
1752080
8797200
146450
7158803
1358864
2440218
3423264
2604071
1817646
8895534
2374706
1850425
5979194
1752126
1981504
1784897
2440257
1457218
4209732
4144197
5880900
3456077
5684302
179285
2440277
2538582
1719384
5684314
2079835
1653856
5946465
1883233
5258338
2243684
2440293
5258341
1129575
5946471
1195113
5946474
670827
1391725
1784941
1096814
1817712
7617652
4177017
2243706
1653886
1391747
8043653
572551
2407561
1227914
6044809
2178193
7584914
5258386
3554452
1621140
7584918
7584919
6765723
1653916
1686688
1752226
2604201
1785004
9157809
2374839
2276536
2440387
769220
1621189
2407622
1719496
1719498
1096912
1850578
1719506
7879891
7978197
7978198
2374873
5946587
212189
2374879
1588447
769249
2604255
1096930
5684452
1293543
1686765
9059569
4209906
1752308
1785078
5684475
4209916
1916161
1850633
2604298
1719565
2440463
5913876
2637077
5684502
7257364
5684504
1654041
1129754
1654046
769311
1654048
867617
2407714
1129763
2604322
7781666
2211109
1785127
7978279
2309416
15663
2407728
1686836
1752372
1883446
15671
3620149
2243897
7093566
1981758
1391940
8994116
7814468
6012228
2407753
1129806
1719631
1752401
1752403
5684566
7028065
8994146
1654115
3423590
8895848
1785194
1752426
4963697
1588594
1850738
2407818
5815694
6012305
1916306
343443
5619089
1785244
4177310
2342304
6176162
3489189
1785254
1686950
703910
1654190
441775
3423663
8994224
4570544
1850803
1686964
1097143
1752503
1818041
2407867
4177341
1228223
1785281
3620292
2211269
1621451
5684686
5684687
1228241
3554775
1752537
4144602
4996573
441834
2276843
7060973
5848557
1687027
5258739
2375159
1752568
4996600
5684731
1719803
6307332
1097225
4079115
474635
2178571
1162766
1850896
5783057
1588754
5684755
6012432
9158167
3554840
3915293
1097246
1097247
3522080
15904
7159327
8764962
1687071
7749161
1621548
2309677
7814701
2407987
1162803
507451
1523260
278081
1523266
6110790
1752653
1719886
1359438
1130065
3620438
1097302
4079195
1850984
5652075
441964
1687147
7257715
3489397
7061110
4996729
1621628
7552642
1687171
9027205
9027208
1785480
1359501
4144785
8961683
1719956
4931221
1130134
1392283
4210332
7224990
409249
1687202
8928935
2080426
1392305
1752754
4079284
6307509
5684918
1785528
4079289
3980986
540346
2080443
1719994
5684921
1719997
1523395
7847620
6438598
8961737
6569674
1621708
4144844
278223
1130193
1720018
2375379
1851092
1720023
474839
1752793
5357272
1851110
2211561
4177642
4472553
1851116
6012651
2342642
3915512
5783289
1687289
1859379
1752828
1523453
1392383
2211584
5226241
4177667
442117
1490695
6143761
2211602
7061266
442130
2375446
1785625
1359649
3555107
1097507
1785637
7257893
1687332
1654564
1621801
5979942
6012717
1851182
2309936
2441011
2441016
1523516
1163072
3915586
1228611
409413
1720138
5685069
1228622
1720142
1752912
1720144
1949521
1130322
4144976
1818453
2441045
5259087
1720152
1130330
7978845
1752925
1851231
1294175
1195873
1654625
1851230
6307681
5685097
1752941
6045550
1458031
1195888
507764
1130359
2080631
5717880
1720187
2015105
1982338
5128067
8044420
1097606
1654664
3620746
5259152
8437651
6045589
7749525
3620759
1851291
1523612
2408347
3325859
1982371
1753001
4997036
7946159
8765365
3555256
1720250
1884094
7946175
7978944
6995905
7487434
2277324
1753039
1523665
3915730
2408402
507858
8437717
1425366
1654744
1687514
2408411
1130459
3555296
2015202
1753060
2670564
1294313
1458154
6045677
1851374
1818606
1654769
6668274
2179058
1851380
7356405
1228790
2342903
2408437
4177914
7258111
1294339
1294342
5128199
1720328
1228809
1589258
5128207
5128208
1556495
1687568
5095442
5128214
5128218
1687578
2670621
1622046
4210728
2408490
3620908
1392685
1622061
7946289
2015286
2441271
376889
1851450
5849148
2474045
2048063
1720384
8044612
2539588
1523785
3522634
1720396
3522637
7946316
1851468
5587025
1654870
1753174
1720407
770137
2637921
1622114
9289829
1523819
4178032
1163379
2343030
9289848
7192699
1720443
475265
7553155
1228932
3293317
7356547
1720457
2408586
7258250
16535
1884311
1294488
1589402
311451
5685403
2441373
1720476
1589408
4178083
1753252
1654951
2244776
1687725
7815348
8863928
9093310
1163458
2441412
737479
8863944
7061707
2605261
2408657
7946451
770261
1949909
770262
2408666
2441435
5849307
1949924
2441445
1163493
1851624
5685483
4178157
508143
1622261
2408693
540919
1589496
7258361
1917178
5062909
4145410
7782661
3555590
1720582
1130759
1523977
5062917
3457292
1851661
508185
4210972
4997406
7258407
1720617
1130794
4931891
2441524
7258420
278839
6766903
475453
2408766
1982782
3293501
1327433
1130827
2441548
3621197
2441554
1753427
3621209
1786203
1753437
2048350
5980513
1491297
5685605
2605420
3555693
2539887
6766960
2310513
2277745
2376052
7258485
8438134
1950080
2605445
2408838
1917320
672140
4178318
6701455
1819022
6341010
7258521
5685659
6996381
1163679
2408864
4538790
2277801
8896938
2376106
6734258
4145589
770489
1491386
1687993
2277820
1786304
1884612
2441672
7324106
1982922
1655242
1753549
1196495
2408915
4178388
2310616
1786338
1491428
541157
1753575
1622505
1229291
2540014
2441711
9028080
3391985
1524210
2277875
1720819
2212348
1950208
3621378
2605573
2408967
1753616
2441745
4178449
5685779
5620247
2441754
6177308
2048541
3621404
2376224
1524265
1491499
1851947
2212405
1655350
1327672
6013499
2245183
442948
6865477
3621444
1688135
4145737
8012361
16972
705101
7258703
1983058
8831572
1262164
6865496
4145756
1819228
1294943
1786464
2179681
1655394
1917538
1098341
1360486
1098345
7619182
2146928
2441841
1753719
1720954
1294971
1557120
1098369
1852033
1196675
4145796
1884811
1753744
2376336
8077970
1720981
7062166
1753751
4211354
6865563
1655452
3555998
3523231
1688224
7488163
1196710
6996648
4014764
246445
475823
1786547
1688243
1458870
4997817
1131196
1098430
1524414
475840
5685953
5685956
2376388
1393355
1655501
4080337
1786578
2278099
1786581
1229525
1360599
1098461
1131230
1491682
4178658
1360617
9290473
3621614
1098480
1524465
4178675
4211444
1164022
3556087
1753847
2638587
1426172
2114300
1753858
7521027
1753863
1164042
2409229
1360654
5128974
2376463
5718797
6865684
5686038
3621656
6996762
2147099
5128989
7979807
1117120
2442019
1655589
4211495
4145963
1131307
7619376
5522226
4178739
1458997
1426229
1098555
410430
3621694
4178753
5915461
3916615
5882697
1983306
4178766
1852243
7848789
1262424
1786719
3556192
6865759
1753961
1786729
1491822
5686127
2212723
3523444
1786747
1131389
5948285
2376573
1786753
8078210
1295233
5358473
4146060
7324557
1164182
8733590
1786778
2409372
5817250
1360803
6046627
1754026
1754033
3916723
1852341
2409400
6996920
1622971
1852351
3916737
2409409
738243
1917893
1721287
2474955
2376661
1819614
1721311
5686239
1360868
1983460
5850089
5751787
5882863
1688560
1360884
1721332
6079479
6800376
508926
2442239
1721346
1623044
2081799
2606088
1360904
1655818
5653512
6079501
3392526
5850128
2409489
1655830
4211735
1426455
2615135
1098778
1852445
1426465
1721379
4998181
1197094
3195942
5915686
5882921
4932647
1623083
1885228
1197102
7849006
1590320
1131569
1983539
2147380
7586870
5784631
1754168
3556409
6112311
1721403
2507841
2507848
541769
1557579
3228748
1688651
1786959
1983568
1852497
1688655
5358674
1164373
1426519
1786971
1131615
4080736
1623138
1197157
1524842
2540652
1492078
1229937
1754225
2442356
4998261
1623161
1524867
1885322
4179090
8438932
181397
1787033
1131673
2180253
1754272
2180257
5686434
5129383
1426616
1098938
1426618
4179132
1655998
1754304
1983681
1590466
1361088
2409668
1885381
5686469
2606277
1164488
3228874
5686474
2049228
738508
4146382
1328337
1950929
2016467
1524948
5686485
1852627
1098969
1950937
1131737
1787100
2704606
738527
2016480
1754341
6046950
1492199
4179177
1656041
1688811
6046960
1426673
6046963
1688820
1885429
6046965
17662
1885440
1524993
1688832
1623300
1721607
1885448
5358855
378125
17682
5915923
2639124
8439063
1721624
1754393
1983772
5227805
8865053
4179231
1918241
1197347
541988
2540837
6178086
2508072
1099049
1885481
1721642
1623338
1492272
1393969
3917106
5129526
1099066
5358907
1295677
1131846
1295688
1590601
1426762
1393995
5129547
2442573
2049360
1754450
3491158
1787223
1328480
1754471
5129575
2409831
1164650
1688938
5916012
6669673
1099120
1540576
1590642
5391731
1525109
1426805
5129592
2147705
3294586
3917183
3229057
1623430
1197447
2606473
6768011
1721741
1492367
3229079
1262999
1918362
2114974
5916066
1623459
1525157
1656231
5883303
5948841
1918378
3622315
345516
6866348
1164718
1951145
1525163
8209832
1689013
1295798
1099193
5686715
1918395
1885631
4179393
771529
1852874
1623499
1197516
1197517
8799693
2213324
574926
1099219
1754579
5686746
1132002
1590754
1689060
6079975
1885673
3622378
3393004
1918445
1656300
1525233
1230328
1918457
1328633
2541051
7095804
1525245
1263099
5096961
1689090
1099267
5228035
1984009
7947790
2049551
1918487
5686809
7063067
1689116
1197596
1689118
2606623
4146718
7030305
5359135
2082338
8767018
2082349
1099312
1918514
1230388
1754684
50749
1132095
2377279
4998723
1099334
8799815
4998729
5359189
1853018
6047323
18014
509538
5752421
1263210
2442860
5359213
1656428
2442863
7784048
1263219
3229301
7784054
2442870
1656439
2410106
1656443
5850748
1099391
18048
2508416
6014595
1492615
1951368
1951369
5850761
4998795
2541193
2442888
509579
4998800
1689232
1099410
4146833
1918615
673431
1132183
2311835
2377371
476829
1951389
280225
1787554
1853089
5686946
4998825
1787563
1754796
1853101
1754798
4146863
1787567
5686960
1164971
1951414
1164983
5686966
4146873
1787581
1754819
1492676
4146884
7784133
1754820
1623752
1296075
1820364
6375117
1754830
5818062
6375119
2213584
7587543
8931036
8963808
1525472
1099490
1787626
1525483
3589869
5687024
4146928
3917554
2442994
8996603
2115328
3524352
5261058
444163
1591042
1230595
2639622
1099527
1099523
5687045
1623816
7980811
8931084
7980813
8079117
1525520
1656592
1132305
5687059
1361686
3524376
2082586
2639643
5687070
3524383
1623840
1656614
1754919
3524394
1165098
1263402
5195566
6670129
1984306
5850929
5850931
2443061
7849786
6178620
4179772
2049864
2410314
1492811
1361740
4998993
1984339
1722196
2410327
3917657
1689436
2443100
2115427
6178664
2443113
1689449
6047596
2410351
608112
2541428
7587700
1525620
2377592
2443130
1951611
2541436
7849855
5851014
6309767
2410376
6309769
1197963
8046475
1492875
7522190
1329038
2181008
2410386
1656723
5687189
2443161
8439707
6768539
2541472
1689507
2410406
1656743
1296299
2443180
3917741
1886126
1623981
6014904
5851064
6866874
3622844
1623999
1787842
5359555
2410439
1099721
1656779
1853391
2443216
1624021
5687256
4311009
1132514
1689576
1132521
1624043
1689579
1427437
1820654
5687278
2443252
1722356
1132534
5687285
444408
378870
7784443
2541563
2312190
1132543
6408191
3131401
739338
2312204
1132557
378894
3557391
6866958
378896
9160720
411668
2410519
2377751
5818395
1230876
1525790
1787936
1296425
1263659
1624114
1165365
6932539
215102
7981120
1755201
6015041
3524674
6867012
6572100
2410565
3622981
1787972
3393610
7981131
1787984
7981136
1099860
1722453
510038
1919063
1689689
4180059
8079451
1755231
2082912
6637666
6309990
5687399
3917928
7325803
8833134
1886321
1689714
2443379
2410614
1656953
4081786
1394813
1624191
5949569
1886342
444552
1099917
2181262
1722509
1230992
1689745
3590292
1132694
673944
2410650
1624225
1263779
7850149
1657004
1984688
1689784
1624253
379073
1493190
379080
1657035
2050254
1657040
5884113
1624276
1755351
5130457
379100
1657053
1394910
1657054
1296608
4966621
2377950
4180196
1755365
2312424
1710088
510187
411885
1100014
444656
444658
444659
5687539
1755381
6736119
1755388
7948540
2443517
2279683
3524870
313607
2443528
3623177
1755399
2443531
1100044
706830
1526031
1132815
1788176
1591571
1100053
8407321
6146332
1624351
1132831
248099
7948586
1689902
3557683
1788212
2967859
8407351
1952057
1788218
5687610
1624379
6211902
5949758
4999488
7031105
7063874
1755459
5687619
1362246
3164487
1722700
5687629
7031119
5687634
6179155
3557716
1526101
3623253
2378071
1788251
1788252
5687645
5032286
5687646
1591648
4999516
1526110
2214243
575844
1296739
3000677
5130595
2115942
1624425
1788265
2148715
149872
510320
1984889
1198461
1263999
3393926
2017672
706960
7195024
1264018
1657234
7555476
2378132
6703512
1198488
575901
706974
3918239
1624482
7063971
8898988
6310318
7588272
5032369
1624496
1821108
3328436
1755572
6375865
1427897
1493435
1755584
5687747
1755588
1722826
1558988
1722829
1657293
1755600
5687761
8964561
1165779
1788371
3492306
1821140
1165784
1657305
5949921
2050532
1788389
2083303
6703592
6441449
1821165
1788399
3983856
346608
2607600
1231350
1722873
2411001
1755643
5917180
1722877
5720570
2607611
1788424
8079885
5687825
1788436
2411028
1657365
3394070
1493533
1985054
1624607
1755678
1788449
5360165
1919526
1133096
2607656
1362476
1919534
2443825
6769202
1722930
2411060
1690163
1919540
1100345
1854010
5687868
1788477
1100351
1100354
3557957
1100357
1428042
1788493
1657421
5229134
6736462
1165902
5589586
2280025
1919579
1657436
346717
3525213
1755744
477793
4147810
1133161
1100394
7752304
6638193
1788532
6048373
2378358
1919607
3918458
313979
2181756
1788542
4180606
5687936
1788545
1198724
1919621
1100427
7064203
7162509
2378383
5393040
5687952
3623574
5687958
2443926
5687960
1362595
1788581
1723045
8440487
2542248
1985194
1723051
1624748
1690285
1657515
445102
1166000
1657519
1591986
3394218
5360309
1723062
2378424
1526458
7817917
1297088
1493699
1198788
6769350
8047303
772807
1166025
1788617
1723081
346824
1166022
1198798
1526473
2083536
2411217
2247381
1297110
5589718
1821400
84695
1919703
1133277
1034975
1100512
1788642
2378467
1526501
1723112
5393130
1723118
1493749
4246261
3295991
1788664
1952504
576258
1952515
2444035
1395464
6867721
1657611
6277900
5229325
2312972
1133326
5819147
1919760
2247447
1788695
1723161
1493784
5229350
1821483
1657647
5688112
6703924
1788728
5131071
7031616
5688127
1788739
1657668
2640709
7064390
2149187
2378566
2368012
5688142
1198927
6671184
1133392
4967248
6703956
2607956
1166165
1124051
1133408
2444134
1133417
1854319
2607985
6933361
1133425
1985396
1624948
2542453
346999
4213624
9030520
1493880
1723257
1690488
1133437
6015869
2607994
2378626
5688198
4148103
1952650
1100687
1133461
1428374
2247586
1723298
1887142
1756072
1625006
8965041
1100729
5229498
4180921
2444220
1297341
1592259
2608069
2411462
248774
84935
1690569
1788872
2051019
1788876
2378703
2444240
1100751
8047571
1985493
1788885
2051035
2608092
150493
6704094
1690591
7850976
2378719
1330146
2051043
2280418
1788907
1657839
8080368
4049905
1854450
8965107
2280436
1723377
1723382
1887224
5819385
773113
1821688
1723389
1625090
1592324
1100806
4115462
1985546
1723404
2444312
5983259
1133597
1657888
5327905
1887267
1494054
1788968
5983273
1756204
1854515
8965174
1330234
2411579
1133628
1952830
5229635
5688388
2608197
117831
1625161
5688395
8080461
3558479
5688399
117840
117841
117843
1625172
1330257
117846
117847
1657944
117849
8965210
1723482
1789014
6442077
52318
511062
7064672
117856
19554
1985635
117861
117866
380012
117869
7982190
5360753
1395830
7982199
117880
5983353
19578
1166459
1100926
3361920
1821827
6278277
117893
2542727
1657991
1887369
1723529
1297551
1461392
1920143
1723541
5852310
1723545
117914
1625243
5360800
6048930
6737059
5000355
117925
7949477
117928
4148395
1100972
6868146
4181176
1723579
117948
2116798
117952
8441026
445634
6081734
1756364
117965
1952977
2378966
1101015
4213977
1658074
5819611
5917917
5688542
117982
117985
7654626
1789156
1920230
117992
1101033
118001
1592568
118011
7490817
3558665
118026
118027
1690890
1756429
118030
1789201
118035
2215190
118038
2411801
118044
4214046
1756449
1658146
2280745
118058
1756459
3624235
1723693
1101102
5688623
5688626
118070
1985847
1756474
8801595
1920316
118076
1363261
2444606
1396032
773440
7753031
1101129
1363278
85330
19794
118098
1297749
1527126
3525976
7261529
1789283
1658213
9031014
3296614
1822057
1625454
2379119
7523695
1101169
1101173
118135
2379128
6868347
2444668
2280829
1920382
1756543
118142
1953150
5885314
2149762
118149
1363333
118155
1166732
1756557
1658253
118157
4148620
1101202
1559954
7785879
1789337
118173
1756575
6770082
2411939
1723812
118179
1985956
380329
1428906
2444714
118188
1199531
8048046
1265071
1953198
7065009
85425
1953201
5098932
4476343
2149816
1297849
380348
8867260
118206
118207
2543041
1101253
118214
2543046
1494473
118226
1101267
85458
7097813
4935129
1658331
2248157
4115934
118239
5885410
118245
1494501
2412007
1854952
1527269
2051567
2182641
7261682
1330673
1986036
7654902
1363447
2182648
1887737
2608636
118271
1822207
1101315
1527299
2248201
1396236
413197
3919372
1723920
118291
6049304
8048153
1134106
1789467
1822234
4214301
85534
118296
1986081
2084391
118313
5885484
5688880
4116018
118326
5688887
8441402
839228
1953344
1166912
5885507
1756741
1592906
839245
1887823
118352
2379346
5197397
1887830
1527383
5688917
118359
577115
6147676
1822300
1789541
1855078
1691243
118381
7294577
1199729
118389
1986165
118394
1494652
1822333
3427967
5000831
118405
1724039
741000
85642
118417
20114
2477719
118424
4116121
1625754
1724061
118430
2444961
1986211
1724068
1855141
7982755
118443
1396398
1953454
7622320
1527473
1789615
1822384
7622329
118459
2346683
1199806
1101508
5689029
1494727
7491277
1494737
6016721
2051795
1855187
5459669
5689046
5754581
2084565
2084568
6278876
2084575
118496
118498
4968165
413414
5918439
5820135
2543337
1724133
1134315
1461996
2182893
1494767
2379505
1396470
1756919
2412281
1724153
1330939
1822462
1462015
2412292
2051844
1920774
1494793
6672138
6639376
1527571
1920787
6016789
5689110
1691415
839448
2707225
151323
1330972
2051869
2576158
5689115
1134369
1101602
2543400
7491369
85802
1724203
1724209
1101617
741169
1789745
1396533
1822518
4181815
1232696
5689145
2379580
1756993
6803271
1691464
1724232
5820234
1101642
5820233
5689163
7196508
2543452
1757021
2412382
5001055
1789798
2608999
1724264
85865
4149099
8081261
1822577
1855345
5197685
6705013
8834935
675704
2379647
6770559
1855363
1658755
1167237
1625994
544651
1855372
1363854
1396626
1724306
1757076
2687361
1822610
5683293
5001106
1757081
774046
2609055
2150302
6934436
2609061
1757094
2215849
6770601
2019245
4181934
1658797
446389
9097147
6311870
2412481
1920961
315330
2445249
1986501
315334
1396675
1724360
2445257
2445261
1167309
3198932
1167319
2183129
1396699
1462235
1953759
1626081
511971
2609124
1691628
4968430
1495024
2445299
1691638
5099511
1953782
1167356
1921024
1953794
1167363
544775
544776
1462280
1495053
7983119
1757200
1658895
1691663
2215956
1757205
8933398
2052119
1757209
1921052
1658910
1560611
2215975
86058
7131181
1101870
1560623
315441
1855537
3919925
5689403
5689406
1658946
446532
1298503
86088
8048713
1724495
1658965
2150497
1495140
1658985
6770796
1233004
6770798
1658996
4149365
2117751
1790074
2609279
1101952
1626240
5689474
1822853
1364104
1101962
5689486
7000207
2379920
1790097
5689487
8867983
5558420
8212627
1790106
5984416
2183335
8048807
1757351
7688371
1560763
6967485
1790141
1527999
1757376
4149448
2412745
5001416
7983312
3559632
2543824
1331415
1888473
20699
1560796
1626334
676063
1233119
7753953
4149474
1233122
7983332
5624037
1822947
86247
5722344
1659104
20718
1528054
3297529
1659135
5722368
1724671
86273
2347267
1954052
5591301
1855750
3297545
1954057
6869258
610572
2576650
1102098
8802579
1921299
1298706
3559702
1102103
3559704
1823001
1626394
1823003
5689633
2576676
1233189
1462565
1757479
1397034
4116778
1364268
5820717
6541615
5329200
5329199
3559732
7655735
1659193
2380098
1102147
6279496
3625289
5689674
3264844
8999246
1495377
4936019
1495381
5689689
1855835
1102171
1659229
1429854
741725
7983457
1855845
6279528
1757551
8016244
1364340
5951865
1659262
2609535
1102212
1790341
1823110
4018568
9064842
5820812
446861
5689745
545173
1429912
1266073
545178
7131545
1954203
8212888
1823128
1462692
512429
545198
6214062
1429936
1823154
1692083
5820855
1429946
1855932
1167805
1692094
2249152
1462721
1757634
1266113
1692102
807369
86474
7066060
2642382
1626576
2445779
1954259
8671702
1659352
2052571
1200606
3920352
7688681
2281961
1757676
7262703
1364469
1855991
8212983
1528314
8212988
2085373
1167879
2413065
1200650
1659403
1987083
1102346
1856018
6181397
2544150
1102359
7155337
4313634
1659428
1724966
5689896
1397290
2085422
2052655
2576945
5231155
1659444
1102389
6148664
2445882
1659453
5952062
8671811
447045
3166790
5689929
1856074
479820
5689933
8868431
5689935
1725011
2183764
512597
86620
512612
8442468
5722725
8049258
1757803
21098
1626736
1167985
21106
1757815
8213113
1102458
2216570
1757825
807554
6214274
2445957
8049291
1561228
8770190
479891
2609818
2445978
1856157
1495710
5853854
1790624
1856159
1856169
7754414
5952178
1299124
2020020
2380471
152248
5264056
1299130
8966848
7230147
2151107
1135302
1462985
1168074
1790670
1790674
1856211
4117204
1823442
5001940
3298012
1725148
7066333
6705887
2085597
1659621
8671978
1987307
6968045
1921773
2544367
8213232
2282225
7951097
5591805
8671998
1987325
1757951
4215554
1757955
1430277
1823496
5690122
9032459
8934158
7787278
4117264
4182801
807699
4182805
2183958
1299221
5690141
1889057
1200930
1659683
1921829
1856297
1659692
1757997
1495853
2413361
3625780
1495862
1430326
2609974
1430329
2085694
7951168
5591873
2380611
2052932
1692484
1561416
1495887
2249552
283476
86874
1332061
8442718
1758047
5002084
4117351
2085737
2413420
1823597
2380654
6771567
1889136
1823604
3232630
1692536
5100416
6607745
6116226
1856388
6607750
6607751
7689095
2184076
7951256
1266584
1495963
1790876
8213405
1823647
2184096
1627041
5952422
1790889
8672174
1692592
1135536
4379570
5133234
2446258
1954741
1725363
1135541
1659834
1561531
1463228
2446268
1201089
2413506
1364934
9065415
6607816
1102794
7132109
2184142
4707279
775122
1725396
2413525
5264341
1725397
9076728
2347993
1856470
5690334
6181857
1856482
21477
4183017
5592043
2413551
2249712
6018032
7656436
7001081
2413567
2053120
1659903
1496065
250888
1201162
7066636
3920913
1496082
3953684
6050837
2085911
5821464
873498
2315297
1496098
1987618
1725476
5493797
1102889
2348075
1397806
1135662
8868913
447538
1233969
1266738
4019253
772806
1659960
6083646
4183109
1233991
316490
1823818
5887050
2217039
1758288
1659985
1496150
1135702
7492696
1102937
3527769
8770649
1496158
5887072
1725537
1299554
2315363
2446438
1135719
2610280
8672362
2708587
6607980
3200115
1692787
2315381
6804598
6771835
1987708
8049788
2348170
1234059
1856651
1102990
1954959
1266835
6345875
1725589
6313108
2315416
2446494
2315424
2610337
5330084
1135784
1922216
6706344
5188572
5854380
1135791
6378672
1463479
2184376
5985467
1791164
1627325
21694
1135807
21698
1529032
2348237
4183250
2610390
1103062
6771931
1594591
8901855
6673631
3921123
382181
1791212
1627373
2446574
5723375
1430768
1627377
2249964
2446579
7001332
382190
7001334
1725687
6608120
1692921
611569
2086141
2381057
1758469
3527942
5952776
1725705
382218
1660171
1168648
1758477
2118928
1496336
2381075
1627415
1692954
1234203
1561884
677146
4117796
1725737
1725738
6116652
1135917
5756206
2184495
7263536
1201458
1463606
1398070
480568
1135929
480572
1725763
4117829
5690695
1463623
3921227
3528014
2413902
1834464
8050001
1168722
1463638
5854550
1529176
1299801
1660247
2446685
2315614
1660254
1758559
1791327
6313316
5690726
1365358
1365360
7492982
2381177
1529211
1496445
2381184
382337
1758594
5690754
2446724
1725830
1136007
1627528
1955209
8836498
9098643
513428
5199253
2446742
1529238
2413973
3626393
1234330
546197
1922464
7820704
1430946
1267107
1201570
2774436
2381227
7034287
5002673
1136051
1463733
3397046
1660347
2086332
3626429
1693121
1758660
3528132
9131462
5985733
7787973
1103305
1665153
2577867
2446797
8213967
349647
513489
5887444
2545110
5690838
447960
447961
2119130
5887450
1824222
8050147
4150757
1496549
1398247
1299943
6542825
1627623
6542826
3528174
8082927
1234419
5985779
1955317
1529333
1168887
1103357
8934912
1660417
2381316
2446853
1136134
1758729
1725962
5920267
415245
1463823
1857039
3528213
5887510
22039
1725978
1234466
2184739
9033257
1267245
7525934
1332784
1300017
2446907
3298876
2283069
1496638
3397181
1758784
546367
1726018
3626561
7525950
1627713
1398340
8934983
1758792
5690946
2152010
1726026
6149709
5690957
1857103
2086480
415313
1627729
1332820
2184789
1463897
1201754
1988186
1136220
9131615
7034468
2446950
1431144
6641257
2348653
5527152
2446961
2545265
1824373
7493238
1103480
1529470
8738430
2086529
1463937
3430023
2086539
8214157
1136274
1758866
1267347
8214165
1726103
1693339
2381468
1660576
2315943
8967847
1463983
3626673
1169075
9098934
1398454
1431224
4314811
1103550
7820992
1791682
1758919
8443592
1693384
2184905
2283207
1857228
5199564
5691086
2381518
1365712
1431250
1365715
8869592
5691098
1660634
2021084
1693406
1857256
5953262
1660655
1791728
1103602
8443644
415485
1496831
2610947
5199620
2545411
1136388
1726221
1529614
2545422
2381585
1234707
1169172
1660696
2381593
5723933
2447135
1693475
1660711
7231274
1365806
1857342
1234751
1267518
382785
2381638
4052806
1759050
1922892
2185039
7755602
2053970
4183892
1759062
5756760
1759068
1627998
87903
1955681
2185060
8050533
1791844
2185063
2381682
1234803
1464180
8771442
1529718
4151162
1628027
1857403
1529728
1464193
5691266
7526274
1136518
2447239
2381704
5134225
2381717
2348949
1988505
1628058
2447258
2578334
1791903
5592991
1791906
4216739
2545579
2348973
6608817
1693618
87989
1169333
1759157
1136570
8214459
1726396
1464254
9066443
415692
251853
1464276
1431516
5330908
1595359
5429216
1693665
2447332
251879
2611177
7559153
8771570
1529842
8771569
2349049
6150140
2349053
5199870
6543356
1497087
1103876
8214532
1955845
1857545
1136652
1103884
4184077
1660944
1759250
4806676
1595414
1628183
2316313
1103902
1759262
4413472
1464353
1267749
8050726
1234983
3528746
5724204
1726511
1136688
153651
1529907
2119733
88117
5429301
1955897
3528762
6150210
5593155
6215747
5986373
481350
2381894
481355
2611278
5822543
1759311
7821391
1759316
5986391
2611293
2480230
1628264
1857651
1529971
1890420
5724278
2250871
5429366
4151421
1726591
1792128
8214656
1628290
1104000
481412
1628292
1104006
3266693
1497224
546944
9033860
1824909
1661071
2611346
1923219
1890452
546967
1726618
1693852
1562781
1104034
6609059
317604
2119844
4184228
1726630
1661099
1267888
6772914
1824947
1136819
5593270
5822647
1693880
776377
1792183
8050876
1202365
1169599
1398976
1824961
547009
1661121
1235140
2382015
4053191
7264458
1300683
8050893
2382033
3528913
1628371
3627220
1693914
1595616
7067873
1104098
5134563
1104099
8345831
22760
1104105
7559402
3299563
2382064
1202417
2447602
1595638
1136887
1759481
1890554
1169661
5953789
1104129
1988866
2218250
1661196
1497359
1136912
1136916
3234069
1661206
1759513
1235228
7133474
1562917
2218280
1136938
710956
2382125
1792302
1530158
1628467
1726777
121146
1628474
1661244
1956159
1530176
2218304
6773059
1464643
1399109
1136965
1136967
4151625
6281548
1399118
2054479
1235280
1792334
2120018
1104210
1792342
8968536
1104222
1562977
1104227
1136997
481639
1857898
4086123
481645
1792365
1923439
3627375
1137008
7231861
8935800
1530240
4217218
1628548
6543748
1497480
1694088
6281610
1759627
6773135
5003671
2316698
2382235
7035298
6379941
2382247
5003690
1399212
2382254
1792438
1759670
2185655
1792441
2382268
1694142
1825216
1202627
2349508
1563077
1137098
6379978
2185677
1530320
3922385
1694162
1759699
1661393
1563089
1497559
4217305
1759708
1759709
154078
1858017
1137122
219617
5855714
1595878
3529197
1694190
7494126
285174
1792503
1858039
1792509
4217344
1563137
1759753
4119050
1301003
1759755
1694219
1759763
1792531
1759765
1399322
1104411
1759772
4151838
8215071
2185760
1759776
514594
514595
1661471
2382377
2021933
5954096
8116790
1825336
1563195
1202749
2546240
8837697
2546247
7625290
5364300
1956431
7002703
219732
514646
1694296
1792601
6609498
1137246
6216290
842339
678504
7985770
1759855
1137264
5692016
8215154
1989235
1628788
1661560
1661561
4381311
1989248
3529346
6544004
1923720
2611854
2218649
350874
1464989
1727137
1464996
842406
1727148
1890989
4151983
8051376
1923761
1497781
8215226
2644673
3300035
1104586
1301194
1694417
514771
2120405
514775
1235677
744159
744160
88802
1137378
2448100
1530609
2022130
1923826
1170165
2120441
2448121
547579
580345
2448129
1301256
1432329
4184842
2120462
6773519
1465104
2185999
3595029
6150934
514838
1301273
8215325
1334045
547618
1465124
4119337
3529515
2186030
6609715
6544180
1891125
1432372
3398455
1235768
383801
482100
3627833
5004092
1694525
1694522
416575
7068483
6019910
1792840
2546506
1694540
2612044
1891151
1203026
2448215
2382680
3562328
1694556
7953248
8051553
9263970
547682
1956708
1694568
2186091
7822190
6773616
1530740
7592821
8051574
6609783
1629052
6085500
1366910
6609791
2055040
1530755
7625604
2546564
3431302
2448263
2448260
8215436
1858445
2382734
1858451
1760150
2448285
1661854
1727390
1760157
8215457
4152225
2382755
1399718
5331879
2022316
1104820
449462
4316091
777148
1760190
1694656
1661893
7822278
1825740
1563598
6544339
1792982
1661912
1694680
2382810
1694683
1858520
2120670
7068639
8051680
678880
1530846
1924063
5823455
7035879
1825768
1661933
1727471
1858543
5921778
1498098
1661940
5135347
1498107
1694719
1203200
678913
1858564
1760262
2317318
1137675
1858571
1858573
2153485
4119564
1793040
5987340
1661970
3234836
2513941
4217879
3628057
1760288
23584
6544418
1694756
1760295
23594
1596459
1301547
2251820
6773806
1727536
2448433
2612276
23608
2087994
1694782
1498175
2382915
3923011
2382920
1694793
2546761
2055243
5135439
1170513
1629277
7691360
875617
1858656
1596516
8051813
2219111
7101546
7953517
6413424
1268854
777334
1662072
1662074
515194
449661
580735
1465474
580740
7822471
285832
2448521
7494799
7625875
1760408
1465497
1465496
1989786
2448540
1694876
1825952
1629344
4152482
2448548
2317478
1596584
1531049
1629358
744625
1793203
1531062
220342
2546872
1694911
2284736
2514113
1400009
8707274
8051918
1629391
2677968
1662160
744658
3529939
1662163
1793237
3628240
1694935
7986394
1694939
2448605
89311
449763
1137896
1400045
1694958
1793265
1694963
8903925
1694965
5266680
1957113
2448635
1858813
2284798
1432832
1694978
1465607
1694985
89354
3529997
6053137
7200023
4152599
1432863
1760544
1924385
5594401
89375
1203494
1563947
1793326
1695026
5725491
1826105
2514236
1465661
1596737
2055491
1400141
1203534
7822675
1498453
4250969
4185434
1727835
3595612
7822686
7757151
3300704
4218209
7527782
1695083
1105259
6118765
2186610
2415988
1924469
1170804
2350454
1629560
4513144
5660025
2612606
1924479
6806912
2547074
89476
2055563
1662350
2612625
122258
122259
1891733
9035161
1695137
2252197
3530152
89513
1858986
1793451
1695149
1367470
7822767
1826231
1564088
3628474
1564095
1367488
4185537
1695174
3530184
1924557
1793486
1301969
3595730
2022867
89559
1400285
1564130
1760738
1269227
1924587
5594606
1138163
1826292
2055672
2383352
1531387
7757315
2055685
1891846
8871436
2612753
1138197
2579998
351775
253472
1564193
1728038
3399208
5987882
1138219
1138221
1760816
1957425
1957426
2055732
1170997
2448952
1793593
2383417
3530304
1859138
2055749
1662534
1596997
7593541
1138250
89675
1695310
1367630
6643280
1138256
5430863
1498708
5332565
8937047
2612826
1695326
1498722
1105507
8052324
89701
351846
1597031
7626344
5267042
1138281
1990251
1793643
2612845
3595886
810607
1564272
1564271
1105518
1138291
1433201
9002613
2416242
1662584
1728121
5594746
5889660
1105539
515719
1531530
1105550
1138318
1564304
876177
1760919
1728154
2383518
2383521
5136035
8085156
1629861
1826471
515754
1105578
2612908
8019638
1105596
1105598
1203904
6086337
2383556
2383557
1728199
5430983
2219721
1564361
5005002
3595979
1105607
1695434
8052434
1760979
2449113
89818
5594846
5856990
1728224
8904417
1433314
7986915
2383587
6545124
1367779
1367783
3530472
515812
1793770
2055911
1957611
1728237
1269486
1564400
1695474
1826548
8052468
1695477
1859319
3530485
3530489
1138437
8052486
2383626
1957644
1695501
1138450
876309
2285333
1793813
1138456
1629979
1662749
1859359
2336456
1695525
2383661
2383663
2055984
1859377
2383666
8838962
1728308
1826610
2416437
876343
1630007
6217523
2613050
1105722
1826618
2121533
8052542
1695542
5234495
7069507
1400648
3268426
450379
1105741
1859405
1826639
1695570
1531733
5889877
1105751
1105753
3301210
2219867
4185948
2056027
1826653
1498973
1826659
8052580
4153190
1761130
2056044
253805
1695597
2383724
876401
1859442
2416506
1302396
1793921
2482051
1924997
89993
1859467
1105809
8937363
1466261
1630102
1728405
5037976
5103510
1204123
2252700
4153245
2219940
1761189
3235752
2383785
5103529
1531820
5595056
745394
5005239
2187197
417726
9134015
1171395
516036
1466312
2187210
1171403
2449357
3596237
5758927
1859534
9134030
483282
1826771
7987156
1630165
2613206
1433559
1662935
7987159
2383828
1105883
1662939
1105877
1597408
1761249
516071
1564648
3629041
1892339
1662963
1826803
4218873
2383867
2449404
1826813
2318340
1564676
6283268
2580492
876557
8052751
1564689
3399700
6021143
3629080
1597465
1400855
4087831
3563545
3301411
1990691
1957925
1761317
253991
6021155
2121771
8020013
1826862
8052789
1957942
2449463
1925176
1335355
1728578
1302596
1892421
1105989
8937543
2416712
1728583
1531978
1105995
6152268
8183891
1564759
1597527
1630297
221273
4907099
90204
2547806
1859678
2121827
2187364
4186211
1728615
7331943
9199726
2383983
1761393
2449535
2187393
2547842
1335428
1532037
1859719
6283400
1695882
4907148
6152332
4087952
1466517
1892502
90262
4186265
1532058
4907162
1958043
3268765
5890201
3924127
2416803
1597605
90279
4907179
1728685
4907182
1663151
2384048
2384050
1794229
1925304
4939961
1761466
450747
5726397
1302718
7135426
2121922
8052932
2384067
3596492
2416845
1630415
1597647
7790804
450776
418008
418010
418012
2449628
7266535
2449641
7823597
1728752
2416882
4907250
1368309
778486
8052984
5628152
4120829
1695998
2416895
5005565
2154752
1728775
5333256
1106186
3924235
6545676
2416910
712976
1984859
3301652
2384149
1728790
1663257
2416921
5890333
4907298
4907299
2416933
287016
3629352
90410
5005612
1237293
4907311
1106226
7037235
1728820
5398837
1171762
90424
418106
1139016
2351436
1794385
5267794
1302867
1728855
1925469
1761632
2449762
3629412
1106277
4088165
4186472
5890409
1696106
4186475
1368429
7987565
1696111
221557
2449783
1204600
876921
2548092
1204605
3400062
4907391
1532288
1794429
516482
1630595
1597825
1892746
1925516
418190
1565072
5988753
1171858
1466769
1565075
2122134
1859992
1761689
8053147
1728928
516513
1139105
811427
3924390
2449831
1466790
1401257
1565098
8053163
2580904
4907443
2286004
4907445
3301813
1106360
1761723
9101755
5005757
4907456
8217024
5562821
1761734
1532361
2187722
7266764
4907468
2286031
3629520
2318799
418255
1827281
1892827
7004638
1892830
1171937
1630689
1532387
1728996
1728997
1794534
7954922
6283754
1860076
1597934
8217071
2417136
1892849
9462262
2384375
1925624
4121081
2613756
8053244
5825022
7496193
1630733
1434129
1794579
1597972
1499672
1860122
1401371
5005852
1827355
5595690
1991212
1696303
3269171
2286135
2384440
4907577
1565241
7758393
90684
2613818
3400254
2220608
1598017
1663555
1729093
1499719
3596874
1991245
1761872
7397969
2450000
5202516
1958488
6283865
1532508
2450013
1729116
2220639
877149
1532516
1892965
3301990
1958503
8217192
2613865
7004786
1794677
1172086
1794678
6283897
1794682
1368699
1532537
6087293
877184
5464705
1827457
7824005
2384518
2613896
4121224
1401481
8053386
1106578
1696406
2384540
1729185
1860260
5235364
1925802
2384556
90797
4088496
1939351
1663667
385717
1761976
2089656
1860283
8053435
1663679
1434305
2286275
1794763
4186828
4907725
7267023
7955151
1663695
2024146
1860308
4907733
8217307
6316769
1499878
7824102
8217320
2417385
8217323
1204973
2319085
8217335
1860345
2351865
8053497
779006
8676095
8872704
4907778
5202698
4121357
1106704
2351895
1696538
1499932
9036577
1106722
1696546
7627555
7627554
1368870
2056999
1631016
5923618
2450218
6284073
4219694
4154159
2417455
8676144
1499954
8676145
6054708
6578993
2089791
1368904
1991497
8217419
6939468
6415179
5497678
4219727
4154192
8676174
1729362
90958
779092
6284117
1270615
2220887
4186969
1237849
5759837
4907869
7758687
2450272
1172323
1762147
1368933
8676198
1336169
90987
1303404
2384749
1696624
1860466
2057079
1794935
1663866
2155387
1303418
9134975
1860489
1729419
1368972
1106829
4219790
1729423
7693197
877451
2417557
2450327
1172376
2450329
1631134
8676257
2384806
91054
2384816
2614193
1827767
2450361
3531709
353215
8676288
1762245
1762248
5137356
3597266
8676311
2810840
1270745
5858264
6022105
877533
2384867
1860579
3269608
386024
1729515
1270764
8217582
3302388
8676345
1205245
1860605
1631237
582662
7758855
1631241
1664009
91153
5858328
7955481
2057242
2450457
1532956
8676381
1434656
8676390
3597351
3925033
5858346
1238062
451631
2450480
1664050
1598521
3269690
4219964
2417726
1631294
1532992
1795137
4187202
3433539
4383813
1958981
2712648
1696844
1500240
1729616
2450515
3302486
2384982
1664096
7267425
451682
2679904
8676450
6550566
7627882
2450540
1631343
2188399
2352239
3433589
1139830
2057335
779382
1533049
4121723
1696893
1827968
3630210
1696899
1631365
4088966
8676487
1860745
2679945
3302541
3630223
451731
2417811
6317206
9004182
6808727
1729691
1434783
7988384
2450592
582817
1664160
6218916
582818
1565860
5629095
1303713
1533097
1402025
3400876
2319534
1500340
1172660
1729718
7562421
1270969
1631418
320699
1107136
877765
8676556
2057421
1303758
2385102
6120656
1828048
1664210
2614484
1664217
3564762
2385113
2548957
8053984
4908258
1959140
1664228
1402084
8873196
5235949
2450671
5989615
1107184
7988469
3302648
1205497
2385147
1533181
1565954
1860870
6743302
1565961
1598733
3400973
2090256
91409
9004308
7070997
4187415
484635
8676635
7759134
2417951
6087978
8676651
1140013
6087982
25903
1336625
1467699
1533237
5203255
1205560
91452
3532093
91453
1533247
4154690
4810050
25926
5006663
5662024
1238345
1631560
1271120
1172817
1762642
5760337
3532114
6776144
8676690
3532121
6284634
4089182
2418014
1500512
91486
2450786
8676707
3597668
8676708
2418020
779623
8021352
8840552
746859
451948
4187501
746861
1172848
1893745
5858677
1926521
714108
5858686
1729921
779651
5596549
2155910
746894
1336723
2450836
2614680
4908441
3630494
5924257
1533346
7136675
1828257
5825958
91559
1959338
5596586
2418091
3270061
1762730
1140139
1566128
5924272
4089268
1533369
1664442
9070012
3302846
2024896
1566153
1467851
7628239
1566164
4187605
1664472
8840667
1140191
1533408
5989856
452065
5858787
7693795
1500654
4154866
7103989
1369590
2156025
2418175
1500673
3565059
1926659
2287108
1762830
5236239
6022672
1828369
5924369
1730069
1140249
1467930
6284825
1369626
91677
1599013
2418217
7988781
4908590
550449
2287155
1664564
4154939
8709692
4908603
5596734
3630655
1566275
5760581
1664581
8316487
1271368
6284869
5924426
2418252
2418253
452174
5596751
517712
6186580
1861206
3466839
4187736
1435227
2287196
5072477
2680414
5924447
1599072
1238625
1795683
484965
1730149
6022759
5989992
3466860
1730156
2221680
2418292
6809205
2418294
7399031
2221688
1664632
1631863
1599099
1631868
3630725
2352774
5072519
5072521
2418314
1402508
3237516
3925645
1336978
2614943
1468065
1730214
1631914
2385579
2418347
4908720
1140404
1533620
6776503
1107640
7956157
1599169
8971972
3466950
583367
4155079
1500877
5891789
1173203
583381
1730263
8873688
4908761
779998
1992415
2451168
8971998
9103074
5990115
7071463
1205994
1533677
1566448
2090737
3925746
3008243
1763056
3008245
3008246
6547189
3008252
7759621
1140486
3008269
5990157
3008272
1140497
1632017
1271571
3008274
2090773
5859089
2219629
1304344
2221849
1173274
419603
1140512
1304356
4187941
2287401
1500970
2451247
1861426
2352951
6317880
1533753
1664828
7792445
1795904
91972
1173318
1173319
7792459
6809421
1730382
5597007
1107793
1730385
1795923
3532630
1894231
4908886
2352986
3303259
3401562
386909
4908894
8054623
5007199
5597025
1599330
878435
1140580
1730405
1107812
1730407
5236578
3925865
1369962
157545
1959795
5597044
1337208
3139448
2451326
2123647
1828735
1664894
7628675
1107849
3237771
8873868
2451341
4908943
6547345
1664914
3630994
1370007
5859226
9103259
2418588
1107869
4122528
3303328
419745
1140645
1599398
3303334
2287528
8972198
1959850
3598251
1435567
1730484
2418612
2451382
3008438
2287543
1927097
1992635
1861570
1468355
780226
5826501
5924806
2385865
2418635
5924813
583630
2418639
8316881
1107926
2451417
2451423
2451434
1632235
2287598
2320373
1173494
4122617
2615290
1107963
8054782
1173502
2091009
2549762
3926019
1206276
7825412
419844
6285320
2156557
2222094
7825422
2451472
1435666
157714
583700
1632275
1894422
5007383
8906776
1665049
5597204
4155415
6121500
1730597
92197
2418730
7039021
1959981
2418737
3631154
4089907
1599540
1927221
3631155
1566774
4220979
4122675
3598393
1665083
1501248
4188228
1894469
8644676
747589
1108041
1501259
5826636
1730637
2418764
2385999
5695568
1271889
2091090
1796179
2287695
2418775
1796184
8939609
1370201
5597273
4909152
5269603
419948
2287724
288879
5826674
1796210
1402997
1271925
5007478
5007480
1108090
2353281
878722
5007491
1599620
1763459
1927302
5007495
8644743
8808585
1796233
1796239
2418833
3631252
1501334
1829018
2418843
6154394
1271965
5007519
2549920
1337505
6285477
1370280
1665200
3467444
4090038
2386106
4909243
420030
2615487
1730755
1763525
2615495
288968
1435847
1763530
3467466
1861836
5597384
1632465
3598547
2418902
878810
387290
3631325
1829087
2124001
3467491
1272036
2222310
1763560
1665257
8022250
1534188
6285550
2549998
2451700
3303669
7071995
1665279
1730816
92415
4909311
4909317
5630214
1960200
6285578
1698061
1796365
223504
4155664
1501456
1632529
1665300
5925141
1272085
5597463
5007640
2386205
5597471
1304863
1534242
4909348
4909352
2058538
485676
1730862
2058543
5728562
2418995
2058553
1534267
878909
1534279
1632583
1337672
1796427
2156876
1698126
1304911
2124112
3303761
6383959
878938
2451803
1665372
1960288
1206630
4188520
4909418
7072108
5433711
6842736
2386289
1796475
878973
584065
1829249
5368202
878987
453004
5400973
453006
289167
551315
1796500
1862039
7137698
1501608
7596457
1239474
5368244
5597621
1108406
551357
1534398
1927617
2386370
2419139
1862084
6777286
1141191
3402183
4909513
3467722
879048
1632719
1894864
1731024
5237199
1534415
4090328
6810076
1501664
4155876
4909543
3303912
1829352
1731049
1599979
1665515
4909545
3303915
1698287
2320875
1534449
1370614
1305080
1468921
9005566
2386431
1731074
2419203
1534468
5073412
1108486
4221443
1567244
6384140
92688
1174034
1534489
3926554
1567259
2451997
92702
1534495
1993246
3238433
6285857
1534497
1698342
7629352
1600040
2484780
2386480
4221488
3926578
2419252
2419255
1174071
2452027
1534524
1796668
2452031
5925439
4188737
2615875
6384198
3926602
1862220
2353740
5335631
7137872
4090448
3631695
3926611
8055392
1895008
92769
3926630
453226
1174124
1927790
8022639
1141359
518769
1927794
1436274
6384247
879229
1862269
8743549
8088193
1436290
1305219
4221570
2157189
1632902
5827207
2452099
1305224
1600134
1731213
5827216
2058897
879254
7695001
2419357
2419359
2419360
2452129
2452134
6285990
1665709
1534638
92845
7629488
1370803
1665717
2419382
1534647
1764022
223927
9464506
2353850
2419390
1370817
322242
2026181
1764040
6286026
1108682
1796812
5073613
5597904
1927890
6286037
3271382
1698520
1764057
2484955
6318812
7465691
1469155
1207016
2190058
9136877
1600242
6318835
1501940
1567478
2452215
1698552
6286073
1796854
1993463
2091772
1403645
5008125
6286077
92928
1698565
453386
748301
3599117
2485007
1370897
1534738
1829651
1174292
5270291
8219418
92958
1960742
2452262
1305387
8055597
6810413
1862451
3631923
2419509
3599158
1862455
1633082
1862458
2353986
1960773
2419531
3599184
1895249
1272658
1862486
1665879
2452310
1796951
2386781
6056800
1534819
2386794
6548334
1665906
1993592
8219515
8809340
8907644
7695232
1829761
1698690
1534849
7990148
715650
5565317
1403779
8809353
1371018
5499785
8743823
3304338
1141652
1797013
1534870
6286230
8088475
60320
5729184
1764258
2812835
1436580
2616226
2386854
1174442
3926954
6187950
1797040
1895348
2386870
1960886
420790
453562
6286267
1797052
6155197
8776635
2419662
1764304
1436627
5958620
879584
1502176
5008354
5008353
1829860
6777827
6286311
1469416
1600489
5008361
1371113
2026476
1895412
1174516
1567734
7793656
1633277
6188031
1141762
2616325
486406
7793670
3304455
2419721
1993740
715788
1797136
1502226
6188050
1338386
4156442
1305633
1895457
1960995
1567782
8219693
2419758
1174577
1207347
8055872
4090945
420928
7498819
1567808
420938
1109068
486480
1928275
519252
1731669
486485
1535059
1829971
5237849
1109082
1797207
1993818
2419799
322646
1141850
2190432
5893216
1502306
3927138
879716
5106787
4090977
8219758
1961075
3468404
5368949
2419830
2419831
1633399
1764470
1666170
1502329
8219774
2616448
5958784
1109120
2419846
1666185
1666189
1731729
1272980
5598362
5893275
93338
8219805
2354335
1371302
2419880
1633449
5106860
2288816
2419890
8055992
1633464
4025530
8219835
2387133
2649279
1174720
4156607
2419906
7761091
3632322
2583749
1862847
1633482
1830091
355533
2419918
1567950
2419939
5336292
1797348
1567979
6286573
4025588
2157819
1731835
1666301
7630078
2419970
2059523
2125061
1371404
1731853
8940813
1666319
2780431
1633551
6221074
3927312
1109273
2780442
5205275
1895705
5336350
5598494
1961249
3599649
552228
8219950
1928495
1797424
93486
1132288
2354490
1731899
1666365
4123966
6286655
2518337
7073089
2190663
1207624
4222280
2387274
1207629
1764686
1535311
1633614
2420050
1502547
1764691
7335254
879960
8056157
1502558
6942045
2813277
7269727
7892322
2288995
6286694
1633639
1961320
5205352
7794025
2092395
3960171
1830252
1731950
6319465
1797489
1404274
8088948
7892342
1633657
93562
1666426
6778236
1043839
1371521
5270914
1797515
1699214
2223503
2420114
2256275
1502612
7957909
1895828
1797530
1961372
1666464
93608
1797547
5336492
2059692
1600942
2157999
1699247
1797554
5008818
7794100
1764789
1502647
1273272
2420153
6286777
1142204
8056265
1240521
7826890
1600969
1404367
1732050
8089047
2387416
2452953
1633758
1699295
1732063
2420193
1797600
6286815
6548964
2452968
8220138
1699307
5434860
6778349
1338862
1601007
2452974
4222443
1633773
1797621
1666551
1109495
7040507
9137660
8908286
2420222
9137667
1043974
1175046
323086
28174
1043985
2387474
1633811
2453009
3993110
2387478
5336604
1175070
4058654
2354721
1404453
7958055
1666606
7040559
2420272
1273392
1797681
6221366
5336631
1109563
7073342
1699390
1863232
1109569
1109575
1633869
1502798
1240655
1142359
1142361
6712930
3599971
1633894
6319719
2354790
1830503
4124268
5959278
1240696
6319737
1797753
1666688
5336708
6712966
9006727
2453129
3600009
5598863
1666705
3632787
1142420
5369493
2616982
8056472
7597720
8056474
1765023
454305
1797797
2453161
2387626
1404587
3239594
1306285
1830574
1797807
6090419
1175220
4910772
4976310
2453174
1797816
1109690
1961660
5959359
880321
7630530
9137859
5336771
1633985
7827141
1732295
388811
1961679
1601232
2059987
2453204
880341
1797846
1240789
1732314
2256604
257759
3927776
5336801
1797859
1535717
2813671
1797864
1568490
2420460
1175277
6680302
3927793
8220402
290546
454387
3927797
1240826
1797883
1502970
1928957
5009148
93949
1863425
2551561
1109772
5336846
1634063
1339154
28435
8908568
1601305
2420513
1666850
1797922
1339169
1896229
8220453
2420519
1142568
421667
1765162
1273639
6287141
1863470
1666864
1896242
1503028
4026167
2158391
1404733
2289471
5926719
2191169
1961793
2584387
2060097
7958345
2223946
5336909
1732430
2355022
1732434
2125651
2125650
257874
6188886
4222804
2256730
1896283
8220511
94048
5893983
782177
1666917
7794533
1142633
814955
9072493
8220526
2092917
1175415
1765242
1666946
1109891
1568644
5336963
2387848
1929097
1142664
1568651
3305356
1404813
8220564
1568663
1142679
1634201
2224026
1798043
6287261
8744862
2584481
1175464
2092969
8908715
1961900
1830829
1830827
1175468
8056752
8089516
7958450
4157363
1601459
2387893
1568694
1634228
2617269
1306553
716733
1929151
1667007
2355139
7204806
1142732
5140434
3600341
1798110
8220638
4911072
5402590
225251
1109988
5697507
716772
5959656
94187
2224109
1634288
7958512
5009393
1503222
3633142
5861369
5042170
782334
8220671
1404928
1929217
1110015
5271555
1175555
1536009
1142796
2617357
487438
1175566
1142800
6287376
2355218
1339411
1142804
1110039
7248042
5599257
1110041
1667098
3633180
8056861
454686
1273882
1175584
1765413
6287398
1732646
1830949
5337129
684074
1601579
1830955
2060332
1568814
1404975
1241134
585778
2191411
6189108
1142839
1241143
2355258
1765434
5828669
1110079
2388033
880706
1896516
5861445
9171014
7532615
1634377
880717
6320209
1273939
7958615
7958616
5730396
9007197
5206110
1798239
5337195
94318
5927023
1732719
1634416
2388082
94320
8089718
8941687
8089720
1798266
1142909
1863808
1667203
1601669
7696518
5337223
6320263
1175694
3895439
1732752
7696529
1568912
7270547
1929363
2093205
1241238
5206167
7958675
1667223
5009558
6385819
8089747
1699994
8810657
2355365
1241254
2355370
454826
2158762
1142962
1339573
8057015
258232
2158777
8057020
1994941
1700030
5337281
1110210
2388165
1634503
1110216
1994954
1700045
1175758
1732813
5337300
8220885
1601750
1667288
1339610
6320347
2289884
7958749
2388193
6287585
5337313
1372392
1732842
1241323
1863916
618736
4157681
6222066
94454
61687
5206262
1798395
5042430
1601800
4223241
1765640
880910
1765646
61712
7991573
6058266
2027803
1634589
1962269
1405214
3633439
2224420
2224423
1175847
1306921
2060586
1732908
94509
4190509
94508
1110323
1208630
1732919
3469624
7270710
1634615
1765691
1634622
6287678
94528
3404097
5009728
5337411
1962308
487744
1831231
8089931
2158927
6222162
684371
2224468
3928406
5566813
7991648
1634661
3895656
9073000
3207533
8057198
5697903
1175924
1503605
2388344
5337469
1864068
684428
1175949
1733011
6549910
5009816
1798553
1372571
1765789
1143197
1470879
6386080
2388386
6713762
1601955
2388389
8876457
2159017
487854
1929646
1307057
4190642
1733043
6943155
94648
5337528
8090040
1601977
1864128
1831360
1962437
1241541
1208775
2388427
1765841
1143250
4190676
6156759
2355673
1929692
3895773
1765853
1667554
8090087
5894635
1765871
4157940
1438198
1634807
1143286
3895801
1143288
1667585
1929730
94722
2191876
1733125
4190732
1634829
1274382
3961357
782860
7074324
6779412
2617881
750110
1405474
2257442
1831460
3633703
5927464
5337644
5698098
1733171
1700407
5337657
94782
1733182
94784
8221249
7565893
2388550
1700423
6320712
1765961
1929805
1667662
1143379
7795288
1962584
5370458
5337689
1864281
3469921
3600995
586346
1733227
4092525
1700463
5370484
5960312
1766009
3601016
1569404
1962622
8057471
8221311
1667711
1110661
1962630
29323
1897100
1766029
8024716
1110677
5763735
5894807
1766041
8450714
1176219
815772
5337757
1864350
5337762
3601059
2126504
717480
94891
3601076
1897144
2126522
1798843
6124221
586430
1733313
2224835
1831621
6157000
7697097
1667785
3273421
1929934
717517
6288082
1602261
1471191
5599962
1405659
94941
1569503
1372899
1831651
1929956
1700582
1766124
4223725
94957
7992049
5862130
2061043
8221427
848630
1700598
3601142
1635067
5010172
6025982
1110783
1471231
1143559
1471242
2487054
1700623
1798927
9106195
5337877
7631640
1700633
7107355
1241885
1831711
95009
4911906
4223783
2388778
5600044
1340209
6714166
8909623
1766199
6288185
5403447
3633980
848701
1733439
3633983
2388801
881474
6091588
6157125
6714184
5337932
3568460
291663
1798996
8221524
1569624
2192218
1110876
1307495
6550389
7762807
1176439
8057722
7762810
3928958
1110913
1930113
848772
2356100
1471366
2192262
2388872
7140228
1143690
1831818
2585485
1176462
3601295
1897360
357262
5698450
3634067
62356
1733522
127894
3306385
127899
4977563
7402397
127902
1831839
5010335
9008028
127906
5010339
6353828
5010340
7140267
1831853
1831857
5338038
1569721
1700798
7828415
1733568
8221635
848837
4191174
1930185
1733577
5600203
1864655
2454480
6550481
1831888
1373139
2257876
2323414
7762904
3208153
1569753
2454494
5338081
4158433
95201
1635301
1471464
5338090
4223979
3896301
8877038
7762928
357364
5043203
5338116
2585605
1242117
8057863
1897480
4158473
5338122
7795723
7074828
2389005
1930254
2585615
6288397
5338129
1340433
9106449
1504273
1799183
2323470
4158490
6681632
1602593
1242147
8221732
1274918
5338151
4125736
4092969
1700906
4191272
1143852
2389036
2520110
1766445
5796908
783409
6681651
1668149
2618422
1799226
1766460
1733693
6747198
2192445
1635395
2389065
685132
95309
1504334
4158541
2192464
1799249
6681682
1438803
1111118
1700949
1700950
1471579
1733725
7599197
1733726
3470432
7599202
2618466
5141606
586855
3241064
6288488
1930344
1700971
849007
3535983
95345
783479
1143928
2290812
1471613
3241088
1668225
8746117
7894150
1537159
9073801
6288522
1471627
1176716
8090762
554126
1635472
8221843
1569940
3929237
1635478
5338263
2061464
1832094
1406111
2454687
6681761
2749603
1930403
8320166
1668262
1930407
7795880
6288551
1635499
1766572
2454700
1701036
6288558
1766569
8221864
4158645
5010614
1176758
3404990
1438911
1799360
5010624
1701056
3896516
1438918
1209544
1799369
1668299
95436
1766605
6583501
1668304
226517
849110
8811733
1504474
2061531
1733853
881888
1832160
6288608
1406179
1864931
1471717
1832168
5993705
2454761
8058092
1930478
1176817
5829878
3405049
5633273
5633280
2290947
5600516
5371141
881923
8713481
1799434
6288650
3405078
6550808
1340697
1766681
6223131
2127131
1144089
881949
5371170
4027683
3175716
7402790
4224294
1635627
881966
7501102
2028849
9073971
5141813
4977974
5895479
1799479
8877371
5338428
2258238
1439038
488767
2225471
8058179
1537348
5829955
5338438
5600584
6681928
3601737
2291019
4224332
1766737
5240148
1733975
5567842
1373539
1275235
5338473
1635689
1471855
1635697
7632243
5043573
5830005
4945278
2061700
1799561
3241354
2094478
2225550
5207438
95631
1799571
4912538
1635745
2291109
1602981
1635752
2028968
1766825
1111474
882099
1832371
2454965
1439159
2028985
1832379
2618811
2946492
8058299
292283
849352
1111497
8222153
2356683
2618825
3896780
4093390
1799628
2192848
1209803
6288852
8222168
2160088
95707
587229
1799645
1701342
7402977
2455011
1570276
2389477
1766885
1701347
5862886
2520553
3634661
6321643
2487789
7402990
6551025
1373682
8222194
5338613
357882
1308158
8222206
8812032
1766914
1177090
1668612
7075333
1603081
1897994
1472011
718348
3307020
2258447
1668632
1832473
587291
95779
1766948
2094631
1734185
1275443
4912695
1930808
5174841
2455099
6387260
2225732
8091208
6092361
5928522
1373774
1766991
1570387
1701463
1930840
5338713
1767004
1603169
6714978
6125155
3274340
2717285
882278
1668710
1701484
2258540
5338734
1504883
7566964
2618997
1799798
6289015
2225781
3569271
1996404
751219
1832568
5338749
1308285
1603198
1767040
1635974
1275528
1668747
5633677
1996429
1767054
95888
6977170
5240471
1930904
2586265
8976025
1439388
1734301
1832604
1144476
95905
1144482
1636003
882340
2061989
5338785
1570474
8222379
6289071
784050
2389684
5863093
1832630
1930934
4486836
2389689
1111738
1177268
5338816
1767104
1111746
1472194
1832644
2225859
5338823
4191947
5338832
456406
7796441
1603290
390875
3602139
1341149
1668827
1111775
1505003
1799916
6289136
1242864
1767152
1701618
423670
2455289
882427
2488060
5633788
6321925
1767177
1734410
5011212
292621
8091405
4388623
1373968
1242897
7796498
5011222
2455320
5011226
5338908
63263
1505058
5338915
5601059
718631
3602216
5830440
5338923
5895980
882479
63283
1570617
8058686
96064
1505090
5338947
1406792
1767241
1603404
8091469
1406799
4093780
1111898
5338971
1144667
4192093
1668958
1800027
2455388
1242980
3569510
6289257
1701738
1800043
96108
3569518
5338991
7108462
4093808
1767282
2226035
6322036
1636215
2357115
1832828
5830526
1603454
5339008
1406849
391042
3307393
489346
1603462
2258823
2062216
2160519
1570699
7894935
6289303
4224922
5339035
1734556
2291619
3897257
6748076
2291628
5339054
96175
5339056
5601201
1734574
2455468
8058799
5601200
1832890
554938
1603519
7403457
751557
8943558
1898438
8222664
882632
227272
2357190
1767374
4224977
6682578
1636307
3897300
2619350
554966
2684886
1669089
2455522
6682594
1636324
3307494
1669097
1734636
1734647
6289401
1538042
6289404
7403522
5339141
2390024
1800207
5011472
6387728
5339156
96276
2160664
7993371
5863453
4093982
2455583
1669151
1931303
5175337
1767465
7632939
6289451
1898541
8747049
2619440
8812596
1570869
7010360
7272505
1734712
7665725
1505341
5830717
1964099
424005
2160711
1800263
3569737
5339217
2455636
882773
4192342
3602520
8091738
3569758
1407073
5830753
1964132
5830758
1472620
2259054
2619506
3897459
1964148
2324597
6289527
2390136
1669242
8059003
8845436
882818
5339266
424066
489605
96392
2324618
6158477
1603726
1636494
2455699
1439892
325781
1505430
2619539
96405
5175451
1538207
5175456
1243298
2193571
751780
5437610
1505453
1603759
751791
4094127
6125747
1472698
1702076
1800383
1145026
5601476
1439942
1702090
2193610
7993548
3569871
2062545
2455763
8091861
1243350
293079
1767647
1571039
5044449
1734881
8222947
3569893
1669350
1472744
6879464
4094188
2455788
4225262
6355185
1276150
2390269
2029822
1767678
7829762
1112322
1669382
2619663
358671
96528
2455827
3078420
1800474
1931547
2619679
1669408
1440049
8059186
1767729
1505592
2619705
1636671
1767744
1145153
3635519
1669442
1440068
8059205
2455879
4159816
1931592
1145165
8223054
5011790
4192593
1112401
2455890
1276246
1472855
1112408
1636695
2455898
3471706
1505629
2455902
1112416
5994849
5142881
1833312
2193765
1112421
2455920
6289776
8812914
5339507
2521456
3635569
5110139
686460
4225403
1767803
1636735
1898880
8223105
1702278
326022
1112454
4225416
6322569
1669516
2259341
2259340
1505679
1767826
358803
8976786
3602838
5470616
3307929
1145245
1374624
1898912
5077410
1636771
1767844
3602849
1112491
1604015
4159920
3406257
883123
4192693
1112502
7076281
2226620
1440188
6289858
8059333
6420935
1505739
96716
326094
96718
1178068
1833429
4258261
883159
8452567
2456022
3602904
6715866
1309148
1931740
7797210
1145311
6158816
752099
1505766
2357738
1145327
4192752
3602932
1604087
1505785
5896698
1309179
1767938
2292227
6322693
1767942
1931783
2619915
2456076
1669648
1669651
1899031
1571353
3930650
5667355
2456095
2193951
6289956
96804
1407528
5536296
1702444
7076397
5339692
6683188
1407544
1899065
3603002
1702465
195142
3570248
1571405
1538638
3570254
5962323
6290006
1669719
6912599
6290010
5274205
1800799
883303
96876
1768046
1243759
1800815
1473138
1997427
1833588
5667451
1636988
6224509
1702531
6814343
1538699
2587279
1768079
883345
4160144
7404178
686740
5798553
4160155
4913820
8845985
1768097
7305889
391844
3635876
5962406
1440422
6388390
4160168
195233
3242667
1833644
2620077
5929646
1768110
6290089
1112753
1768113
1538741
96949
7699127
6552247
2259641
6290104
260791
391864
4192953
2620091
1669823
1735360
3570371
6879939
2587334
6290120
5601993
1473226
1178318
7142098
2456276
1833685
2456278
7600853
5044951
1899226
6290139
1669852
1931999
1538785
6224613
8223462
2587366
2620137
6290153
1407723
1800942
1571568
2587378
1833715
6421236
5831411
7076598
3308282
3603198
1440513
1768194
1243906
1932037
2390789
7502601
2652938
391949
3603213
3406605
5339918
3898128
1768212
1211156
1800986
31516
9108252
1571615
1768224
1932064
6028066
883491
1276712
6388520
555817
1243947
5831471
2358064
5077809
1768247
1997625
2456381
1768254
8223555
1276739
883525
2587462
3537735
3570505
2390858
5143376
5143377
3898193
1702739
5241684
7797584
7764823
1866584
2620249
9010010
9010011
97117
4225888
2587488
1145697
4160356
1342309
5077865
4193131
2456430
7961457
2063224
2456440
1735550
2456447
4160384
1112962
260998
5143437
1833872
6290321
523156
195482
2456474
4160410
1178525
97182
1506202
6290339
1506212
1964965
3111844
1801127
6912932
2390949
4225962
1473451
1735596
1145771
6683567
3570611
1768371
5012404
883638
5012407
2456505
818113
293826
1997764
7142343
1932234
3406795
3308494
2227151
621520
1440721
1407953
5831635
6683598
4160471
5045211
2456541
1571807
6290400
1899492
1997797
1899501
3636206
5602287
2259951
7633905
8059897
1539066
64507
5995514
2030587
1801215
883714
1473540
5078021
64516
6290439
5798926
1768467
1702933
883736
7666712
1244186
5995547
1932319
9010212
1473573
1932325
3636264
3898409
1670188
1768496
1145906
5504051
1178677
392246
883768
1702968
8944701
2489408
1866821
883781
7076936
2456648
1834058
1702988
1440845
2096207
6290512
1834066
5930066
1637460
1834067
1178711
5602393
883801
1801305
5012574
1178720
6126690
1309795
883813
2391146
8256623
5897328
883824
1768564
1145974
97399
6683766
261250
392324
7896197
883846
883849
7601292
8060046
1670289
228499
425111
8944792
6290592
3636385
1244321
6290597
2456746
5373099
1146027
6552746
1768622
6683820
7797939
3898549
1866936
883900
6290620
1572029
883904
1735874
883907
1703108
3570886
31944
6716617
4062410
2587850
5602506
2063563
1801425
5799122
1768657
5668052
457946
3636444
1539295
5274849
3570921
4226283
752877
8060142
425203
3243252
1670395
1834235
5078267
1506558
1768704
2063618
1539331
687367
6389000
883978
5078284
6683916
1113360
1735953
4160784
1506579
8092948
8060180
2129174
1801495
5176599
883993
3570969
261404
883997
1408288
1309988
5602597
1604904
6552873
5930282
2194731
1965356
2522412
654640
884017
884016
5045557
6291314
884023
3308857
8879418
1703226
523581
5078337
1834307
6290756
1506629
6028616
884043
326987
1244494
4095313
1670482
1178962
1703251
1637717
4160854
5602649
884059
6749533
1506653
3308895
6290784
6684006
884071
1113450
5012844
1768813
97648
6290804
2456950
3571062
3898753
7372162
1637762
1867140
97670
9174407
4947335
1506696
3636616
5995914
2456979
1768852
2391445
884118
1867159
1768855
3538326
1113506
884131
884133
2260390
6290854
5045672
2489770
2227629
1637806
5995954
1179060
1506741
5832121
6716858
1736122
1834427
2522558
2457024
3931586
884163
5012931
884164
1899975
1932745
5045706
1605068
3571151
884176
6225361
2457042
1146322
490965
2194902
884187
8060380
1146333
2391519
884192
2457057
884194
884195
3571172
2129375
2227684
3636708
6913510
884199
1834475
884203
1736173
884204
5012975
6323693
3931633
556532
5832187
1113595
7142910
1801728
3636736
6618629
2358790
4161032
1146378
1375755
1736205
1113615
1932816
1179154
1867282
4193816
5897755
5799458
1768997
4226599
3309102
5176879
1801776
4980273
3931698
3898934
1867321
1113660
1670719
8977991
5897800
884296
1146444
5996109
2457165
5045838
1146450
5176916
5045844
6389333
4161112
884314
3931741
3604061
1441377
1736289
2063971
5504611
2391654
1146471
1670761
8781419
5832299
1932912
884336
8781425
1605236
1801845
884340
4161143
1441401
1932922
2457211
8879741
1703549
6225536
2621062
1506950
1670801
8224402
1834645
3899030
3309206
7962264
1769113
5013147
2227873
5013154
4226724
1769134
4226735
720563
5635765
3899062
1310393
4914874
720572
3407560
2588361
2457290
2227914
4226763
2457295
261844
5635797
1736407
2621146
98014
3473118
5635806
2129633
5177058
360165
2031340
196337
1343219
1703670
7274237
1900285
1572607
360194
392964
8060677
720644
1933063
884487
2195208
6553349
3571462
884491
2096909
7077647
2457360
1474320
1802002
1113874
1933077
2064150
1638167
6717208
3571484
884513
1802022
1179432
3571496
1638189
1998638
5865267
5078842
2457403
5963580
1277754
2228032
5177153
4915008
5832516
1113925
3407686
8224585
2031433
5701452
2391887
3407696
1834834
1933139
1736532
1933142
2391895
2391897
5963612
6389600
884577
1113955
3899238
3571559
3899240
7634797
3309423
5963633
4194161
5013363
1769330
2129781
5209971
1867639
1998712
2391929
3473273
8847227
1343357
1507203
5734275
1769350
5701511
884616
4226954
1671051
884619
1605517
2162577
2490263
98204
6389663
1179553
2097058
1736610
5603236
7077798
5701548
8748973
2424753
884661
2391991
3571644
6062013
5013437
8060863
7012288
884672
4227007
1736645
884683
458699
425933
327630
7077839
1933266
2392024
1507296
1179618
1769443
1572837
3473383
4161512
2326509
2031598
3899375
884720
5275637
7077880
2097150
