docket_id,court_id,docket_number_raw
85275,ca9,85-3054
66735897,ca9,21-16380
914936,ca4,06-4890
1935303,ca4,95-7847
1458326,ca6,81-1318
926073,scotus,276
65906828,ca4,No. 07-6184
66236297,ca10,No. 86-1797
17074911,ca4,19-7367
1056326,ca9,94-70841
820229,ca6,88-3621
2150296,ca11,96-5530
65295186,scotus,No. 498
312274,ca1,93-1970
36746743,cadc,20-1013
964805,scotus,95
1218896,ca5,95-41015
1507549,scotus,339
64202599,ca9,No. 00-56421; D.C. No. CV-99-11587-CM
1839909,ca11,95-2328
65678959,ca6,No. 03-5070
66262612,ca5,No. 90-3613
2769003,ca2,14-2428-cr
935457,ca9,95-36296
1406038,ca3,85-3641
65279531,scotus,No. 854
19640,ca5,15787
66494089,scotus,No. 04-1071
66547934,scotus,No. 04-7126
241931,ca4,7387_1
65687205,ca5,No. 04-20209
2455263,ca5,83-3718
1280461,ca9,"10-50082, 10-50090"
1017753,ca6,92-6020
861834,ca4,12469
707141,ca8,19612
413198,ca7,77-1979
568145,ca4,8630_1
633642,ca8,87-1002
421015,ca3,93-5757
6240817,ca8,16-4387
64333202,scotus,No. 10-8352
1075384,ca3,10-4617
1995832,ca3,96-1165
66528051,scotus,No. 00-7577
4618149,ca1,16-2100P
66260780,scotus,No. 72-6428
1130596,ca2,"200 and 89, Docket 20048"
63970665,ca7,No. 7039
1090674,ca11,11-13663
120277,ca5,99-20822
1378052,ca11,09-16438
1001931,scotus,801
2186486,ca11,12-10979
166226,ca5,"12-70010, 12-40436 and 12-70011"
66449947,scotus,No. 98-7576
1224261,ca3,05-1855
65279417,scotus,No. 229
2197995,ca10,88-2778
64332904,scotus,No. 10-9450
1435860,ca4,72-2227
63934342,ca10,No. 353
63950273,ca2,No. 430
66426396,scotus,No. 95-1109
2457357,cadc,90-5033
2400915,ca3,96-1893
483450,ca7,12375
1453284,ca8,77-1772
66483878,scotus,No. 03-313; No. 03-481
66482823,scotus,No. 03-397
2190111,ca5,10-10839
2290115,ca5,78-1281
585805,ca9,97-10420
65301348,scotus,No. 153
65687166,ca2,"Docket Nos. 03-2244(L), 03-3523(CON)"
912107,ca4,08-5021
1230725,ca2,"1043, Docket 79-7231"
814636,ca9,87-57845
973954,ca4,86-1526
66376022,scotus,No. 90-7855
2640548,ca11,14-10123
854855,ca7,94-3748
510111,ca10,88-2777
18546035,ca9,19-55424
987173,ca4,88-2523
779019,ca8,06-1870
65627789,scotus,No. 16–7925.
829086,ca9,88-5425
1115564,ca5,99-30743
65610396,scotus,No. 12–9935.
65293923,scotus,No. 200
66264780,scotus,No. A-1103 (73-1748)
66442322,scotus,No. 97-9293
2386266,ca4,02-7489
1243247,ca5,07-30082
561710,ca5,12-51255
2899068,ca8,06-2069
526198,ca7,83-1432
2920835,ca11,08-14321
714353,ca4,13212_1
66028126,ca8,"Nos. 1,470, 1,471"
64095500,cadc,No. 01-1299
66248592,scotus,No. 6052
1322981,ca9,97-15405
477381,ca10,04-3359
2892087,ca8,03-3716
65630412,scotus,No. 858
82988,ca5,99-10956
66721803,scotus,No. 18–7907.
109324,ca4,7109
1883000,ca7,10-2568
191872,ca9,24803_1
65714849,ca9,No. 07-16673
600126,ca4,10-4650
1308376,ca11,92-7032
6148262,ca3,17-1056
66366643,scotus,No. 89-7583
968463,ca8,85-1376
66303364,scotus,No. 81-910
64060830,ca4,No. 97-1496
699163,ca7,99-2859
66389109,scotus,No. 91-6887
2139875,ca2,01-6096
63957497,ca2,No. 361
1175197,ca5,73-1859
16427665,ca2,19-662-cv
63776956,scotus,No. 09-273
1351908,ca4,08-1764
66328607,scotus,No. 11-812
2006092,ca5,02-60321
2494550,ca5,97-10076
2238586,ca8,96-1819
64338812,scotus,No. 11-7374
83725,ca5,93-03082
66662820,scotus,No. 12–8440.
49219,ca8,86-2328
2142932,ca11,84-3482
66251719,scotus,No. 71-234
66331551,scotus,No. 86-576
66649486,scotus,No. 18–512.
66339643,scotus,No. 87-5629
66326055,scotus,No. 85-1297
66225630,scotus,No. 252
520075,ca10,4939
1103836,ca4,04-7255
66476927,scotus,No. 02-10440
1353329,ca4,93-5879
1439793,ca1,"10-1063, 10-1064"
65619333,scotus,No. 15–6853.
4566780,ca11,16-11638 Non-Argument Calendar
1060357,ca9,13-15188
66338885,scotus,No. 87-385
185212,ca5,96-11439
65692475,ca11,No. 10-15869
69473427,ca9,23-4050
63234297,ca9,20-70997
64069146,ca9,No. 99-35189
636554,ca8,08-2025
66261456,scotus,No. 73-5060
2399138,cadc,77-1441
905881,ca4,"00-4509, 00-4659"
65720315,ca4,No. 09-1381
66197746,scotus,No. 330
66516995,scotus,No. 02-963
3050170,ca4,16-6009
1063324,ca9,12-50112
65713244,ca9,No. 07-56536
66390103,scotus,No. 91-1972
2820129,ca1,94-1319
66023590,ca8,"No. 1,302"
644521,ca9,13570
66446208,scotus,No. 98-471
2456134,ca4,05-1170
287462,ca8,09-2940
1153506,ca5,02-60923
7033795,ca1,17-1886P
66414564,scotus,No. 94-6127
66203529,scotus,No. 672
701365,ca5,29859_1
66439531,scotus,No. 97-6421
2183950,ca3,95-5655
1587629,ca3,96-5621
745387,ca7,02-3268
8062053,ca7,17-3302
65611636,scotus,No. 13–6876.
734709,ca6,05-3343
2113642,ca5,98-30537
128010,ca10,95-2022
811202,ca7,86-1715
4580902,ca8,16-1977
66383980,scotus,No. 91-1092
66536944,scotus,No. 00-1874
141209,ca2,96-77
65704990,ca2,No. 07-3768-cv
66340458,scotus,No. 87-5827
820326,ca1,"87-1850, 88-2198"
66533122,scotus,No. 99-76
736414,ca8,05-3232
66392582,scotus,No. 92-299
66256457,scotus,No. 71-1394
1536156,ca11,96-3794
2453486,ca4,02-2418
21138,scotus,05-11440 (05A1151)
66038775,ca8,"No. 1,884"
1063294,ca4,75-1706 and 75-1707
2025305,ca5,07-10095
65885303,ca4,No. 05-6202
64329943,scotus,No. 10-130
66426797,scotus,No. 95-1407
66463594,scotus,No. 00-1381
66065307,ca1,No. 973
1303708,ca4,99-6995
733350,ca8,72-1233
109389,ca5,98-40454
65284751,scotus,No. 837
2485910,scotus,05-411
4570546,ca4,16-2112
2829734,ca6,04-5321
66417003,scotus,No. 94-6919
42544,ca9,78-2462
495543,ca6,88-3308
66402554,scotus,No. 92-1775; No. 92-1945
65954327,ca2,No. 07-0476-cr
2821926,ca1,96-1244
730606,ca7,06-3849
66725908,scotus,No. 19-6667
65729901,ca7,No. 09-1984
66495267,scotus,No. 04-9010
692666,ca6,14610
66408988,scotus,No. 93-7275
64339518,scotus,No. 11-7410
66292222,scotus,No. 79-6233
66279181,scotus,No. 76-1289
669789,ca6,"11-2398, 11-2441"
2857027,ca7,05-4164
2243129,cadc,77-1734
2630573,ca8,14-1904
847897,ca9,92-70298
65962798,ca5,2016-2265
66349894,scotus,No. 88-911
66510338,scotus,No. 11-5085
66542568,scotus,No. 94-2127
66152320,ca5,No. 21413
2873331,ca3,04-2338
572388,ca2,"530, 539, 818, Dockets 76-1350, 76-1408, and 76-1410"
2452903,ca8,93-3795
65607598,scotus,No. 13–5833.
69922778,ca5,24-30647
6315842,ca7,17-2412
521241,ca5,85-4287
2456144,ca4,98-7194
712134,ca8,04-1282
65296370,scotus,No. 707
1460241,ca4,98-6707
977013,ca7,86-2832
985127,ca2,108
498652,ca4,88-7780
66175794,ca5,"Nos. 73-4044, 74-2449"
69293336,ca3,24-1639
14935375,ca8,18-1515
66311774,scotus,No. 82-6527
713817,ca8,"99-1134, 99-1136"
63973494,ca8,No. 12058
16384129,ca9,19-71352
658954,ca9,21752_1
66677416,ca8,22-1178
66474624,scotus,No. 02-1391
66727950,scotus,No. 19-6220.
66276347,scotus,No. 76-260
1003578,ca6,90-6076
1460594,ca11,89-7227
1005605,ca5,06-50483
254077,ca11,13-10566
1664605,ca9,82-1695
519388,ca5,77-5369
66489101,scotus,No. 03-8978
2854110,ca7,02-4262
1275250,ca4,82-1121
66240038,scotus,No. 878
1045985,ca10,94-5136
94427,ca3,11572_1
1354246,ca11,06-11102
629945,ca4,00-4155
2821539,ca1,96-1435
66492190,scotus,No. 03-10035; No. 03-10211
3053683,ca2,15-1559
780585,ca10,97-3087
65675543,ca9,No. 02-72025
66101586,ca2,No. 193
66188785,ca5,No. 78-1976
66380122,scotus,No. 91-447
66198860,scotus,No. 125
584108,ca9,97-55678
2363367,scotus,425
66329092,scotus,No. 11-9533
18200202,ca11,19-14419
69481096,ca10,23-1309
61594039,ca5,21-10571
2487205,ca5,95-60422
127936,ca8,95-1075
105648,ca7,86-2055
66720078,scotus,No. 18–5384.
66243985,scotus,No. 813
1938858,scotus,03-10622
66507769,scotus,No. 12A706
359249,ca7,96-3784
1462166,ca5,77-5208
568999,ca9,17681
209174,ca11,88-3619
66255394,ca9,No. 89-15700
66428981,scotus,No. 96-272
269496,ca6,79-3321
1054573,ca6,94-2153
733119,ca8,04-2634
15766,ca5,99-50352
1069974,ca5,99-10456
2179480,ca5,99-31161
380189,ca2,09-4093
712433,ca5,27531
825695,ca9,36-3_10
7350499,ca3,17-2646
934260,ca5,74-2708
2149260,ca11,83-7078
2399920,ca11,94-5345
1033210,ca11,91-7430
57531,ca4,93-7106
66459940,scotus,No. 99-1732
66461364,scotus,No. 00-6677
279949,ca3,88-5363
3048213,ca10,15-7042
66189967,ca5,No. 78-1787
1647631,ca5,01-51130
682852,ca4,09-6621
65612708,scotus,No. 13–666.
390043,ca9,09-36055
4549165,ca3,15-2377
3046671,ca4,15-7914
65729956,ca9,No. 06-75399
671755,ca10,7740_1
2487557,scotus,93-5165
637974,ca4,02-2392
66226892,scotus,No. 758
2325345,scotus,03-15
580591,ca4,11-6424
63948834,ca6,No. 6701
200448,ca11,07-12892
66356822,scotus,No. 89-99
65914765,ca9,No. 04-74284
66396694,scotus,No. 92-902
2898129,ca9,04-56231
1023365,ca9,10-10066
65731123,ca3,No. 09-4162
66203251,scotus,No. 484
2654208,ca9,13-56080
1352250,ca4,93-6906
66096705,ca5,No. 3430
66057299,ca2,"No. 184 (5,454)"
63777337,scotus,No. 09-9662
66648689,scotus,No. 18–244.
1579939,ca3,13525
66489482,scotus,No. 03-1113
65725543,ca3,No. 09-1580
66510621,scotus,No. 11-5444
839820,ca2,1638
1329506,ca4,75-2030
1040736,ca1,11-1262
1492509,scotus,04-8638
65609147,scotus,No. 13–6421.
66331351,scotus,No. 86-5528
66195332,scotus,"No. 305, Misc."
2820669,ca1,94-1645
66462803,scotus,No. 00-7955
3063819,ca8,15-2042
66258378,scotus,No. 72-5880
728028,ca6,"02-1780, 03-1228"
14545150,ca11,18-12233
6185173,ca5,15-41198 Summary Calendar
1735897,ca7,78-1167
2488664,ca4,02-6919
66464722,scotus,No. 00-9376
1918642,ca10,"11-3277, 11-3279"
66200112,scotus,No. 676; No. 757
76276,ca11,13-11052
2017691,ca11,04-16067
787228,cadc,24299
65703577,ca4,No. 11-7497
64280771,ca4,No. 01-6878
65612844,scotus,No. 13–9086.
717838,ca9,24812_1
66720677,scotus,No. 18–7903.
1116343,ca1,91-1550
964495,ca5,02-11085
474931,cadc,11292_1
4582975,ca4,16-7177
127734,ca5,98-11030
2276948,ca4,79-1699
1179863,ca10,96-1191
66430174,scotus,No. 96-1193
620318,ca4,95-1682
66491215,scotus,No. 03-9507
65731568,ca4,No. 09-2306
1642883,ca4,3246
59875536,ca2,20-714-cv
66325323,scotus,No. 85-1124
100674,ca5,91-2655
68520393,ca9,23-35021
572303,ca1,01-2762
357618,ca5,71-3229
66537734,scotus,No. 00-10806
65623096,scotus,No. 15–9529.
64015250,ca11,No. 91-8716
61578471,ca11,20-13121
66401638,scotus,No. 92-8525
494087,ca4,13-6395
59864937,ca10,20-4077
66391080,scotus,No. 91-8758
66495257,scotus,No. 04-8974
2249217,ca1,89-1440
980331,ca11,86-5931
66333982,scotus,No. 86-805
66206428,scotus,No. 16
65677276,ca7,No. 03-4352
64009553,cadc,No. 16534
227163,ca10,95-6180
41339,ca11,86-5181
841926,ca9,92-15026
66444376,scotus,No. 98-5714
66503134,scotus,No. 10-715
290274,ca2,25162_1
66531745,scotus,No. 98-9663
66414634,scotus,No. 94-6396
66376975,scotus,No. 90-8200
704986,ca2,35819
63977876,ca4,No. 5206
1050876,ca9,92-10496
263939,ca7,9636
66507029,scotus,No. 12-307
253410,ca5,01-60617
63602,ca9,77-3074
1211794,ca5,06-30711
702929,ca9,25331
266158,ca6,86-1010
1391369,ca2,1512
66201527,scotus,No. 624
14800349,ca7,18-1984
1545543,scotus,488
65669700,ca6,No. 03-5306
279264,ca2,75-2099
2487145,ca4,01-8123
1031110,ca6,93-1576
64328673,scotus,No. 10-6785
726450,ca3,82-5399
1134239,ca6,5865
857266,ca5,93-03278
68982,ca5,05-50863
2904837,ca8,08-2605
66205888,scotus,No. 68
250843,ca8,87-5280
803627,ca9,85-3916
65966239,ca2,16-2722-cr
944273,ca5,75-3239
2870360,ca3,02-3841
66458203,scotus,No. 99-1193
677597,ca6,87-4108
349567,ca10,08-1353
640808,ca7,13632_1
319519,ca4,6379_1
2323092,ca4,90-6148
65610960,scotus,No. 13–7593.
66446992,scotus,No. 98-543
66219596,scotus,No. 162
67905719,ca9,21-409
1241599,ca4,04-4676
64349797,cadc,No. 2781
68082347,ca7,23-1591
1410466,ca3,79-1424
66334136,scotus,No. 86-6085
60273825,ca5,21-10030
808162,ca9,"03-50062, 03-50121"
451620,ca10,05-1274
1103003,ca6,"6767, 6672-75"
924609,scotus,133
14526401,ca7,18-1878
64932787,ca11,21-12408
2502836,ca11,95-5460
63178260,ca9,17-15778
65625801,scotus,No. 16–6760.
946313,ca8,78-1252
2215028,ca4,13-6144
65682481,ca9,No. 03-73831; Agency No. A75-663-786
1465035,ca5,72-2194
975406,cadc,99-7090
65730798,ca7,No. 09-3154
317321,ca8,84-1373
15684182,ca4,18-7518
67901563,ca4,23-4652
2916310,ca11,11-10937
1100592,ca4,01-2096
66503004,scotus,No. 10-6895
66372905,scotus,No. 89-1303
66450227,scotus,No. 98-1033
840553,scotus,02-9350
339060,scotus,405
66241155,scotus,No. 1107
766059,ca10,01-1396
2470656,scotus,01-1808
66475191,scotus,No. 02-9344
63993742,ca2,"No. 155, Docket 21552"
66499558,scotus,No. 10-5336
2853115,ca7,99-1492
66309680,scotus,No. 82-575
962706,ca6,"9286, 9301"
66506768,scotus,No. 12-6456
2642817,ca2,13-3749
2073363,scotus,02-6870
65615813,scotus,No. 14–10454.
725908,ca4,03-1531
65953299,ca2,"Nos. 07-0331-cr (Lead), 07-0336-cr (con)"
66454262,scotus,No. 98-1265
519021,ca3,83-3378
66228516,scotus,No. 159
66380073,scotus,No. 91-320
710979,ca2,"169, Docket 71-1676"
1413750,ca11,85-8683
2483197,ca4,97-6407
66276685,scotus,No. 76-5094
747630,ca6,99-3596
2670213,ca2,13-0842-cr
2297584,ca5,88-3189
1542901,ca5,08-40190
65712775,ca4,No. 14-6168
66029679,ca3,No. 9
66544832,scotus,No. 95-454
66415800,scotus,No. 94-5083
859362,ca9,95-70393
59303918,ca9,19-70919
939996,ca8,96-3063
63978767,ca3,No. 8521
467216,ca5,82-4472
66252078,scotus,No. 70-5118
66422613,scotus,No. 94-8887
66137430,ca4,No. 148
66422077,scotus,No. 94-1635
1938518,ca5,06-50673
2004702,ca5,96-20845
1456527,scotus,02M62
66356317,scotus,No. 88-7325
65697017,ca9,No. 04-56860
66207050,ca6,No. 84-3937
66463508,scotus,No. 00-1334
66516634,scotus,No. 02-661
1383866,ca7,90-1437
65698159,ca9,No. 04-55375
451094,ca7,"00-3648, 00-3870"
364911,ca1,Misc. 454
66281513,scotus,No. 76-1789
1212646,scotus,399
2051988,ca11,89-5324
6233676,ca11,16-11382
3039336,ca4,15-2191
1462750,ca9,87-1020
66317341,scotus,No. 83-1950
66355375,scotus,No. 88-7347
343617,ca4,92-5578
5423,ca5,19-10960
749285,ca4,11-5104
67392796,ca2,22-1113
66440951,scotus,No. 97-7192
2314547,ca3,74-1325_1
63928651,ca5,No. 5061
137930,ca11,85-8830
784052,ca10,99-4127
604815,ca9,94-35917
65896988,ca2,No. 06-1905-cv
2124139,ca6,93-3775
152920,scotus,04-1164
965063,ca7,9359
66422025,scotus,No. 94-1535
170282,ca8,14142
256383,ca8,83-2497
18522363,ca6,19-4000
66394622,scotus,No. 92-6176
2367212,ca5,12-41181
66397258,scotus,No. 92-6916
63288133,ca5,21-51072
67311422,ca5,22-30184
1506573,ca8,87-2342
66205133,scotus,No. 742
1957002,ca5,00-51004
2081149,ca5,90-8393
405147,ca10,13-1355
64287854,ca7,No. 02-1985
1421102,ca4,84-6313
1324181,ca5,13-60875
66420127,scotus,No. 94-8018
2205103,ca5,83-2688
66196282,scotus,No. 193
66627789,ca5,21-20520
65668483,ca6,No. 03-3388
777828,ca5,74-1781
282834,scotus,03-11002
64904162,ca7,21-2783
2855866,ca7,04-3112
66330686,scotus,No. 86-5086
2496034,ca4,09-8185
530479,ca4,11-6535
696423,ca5,76-1594
2334246,cadc,77-1562
70915,ca9,79-4279
1377917,ca5,99-10385
66277543,ca10,No. 87-2486
65613441,scotus,No. 13–8414.
63669681,ca9,No. 2815
64065456,ca2,No. 97-7930
2895863,ca8,04-2589
66540387,scotus,No. 95-592
65280938,scotus,No. 338
7495869,ca4,17-1055
65614391,scotus,No. 13–979.
2003234,ca8,94-3690
1229083,ca5,05-40742
16786408,ca8,19-2158
732101,ca7,11-2164
66288007,scotus,No. 78-6025
4664383,ca5,16-50424; c/w 16-50426 Summary Calendar
2315909,ca5,31024_1
404462,ca4,95-5557
65270125,scotus,No. 14–5414.
65640787,ca7,22-1576
66095056,ca8,No. 5347
456222,ca10,06-6194
1677728,ca9,07-71207
64332028,scotus,No. 10-990
518513,cadc,84-1142
1125746,ca4,09-1651
1144515,ca3,85-1133
65660047,ca9,No. 10-36136
66233458,scotus,No. 1142
1406127,ca5,77-1169
763179,ca2,79-3158
2887950,ca9,08-73176
840088,ca7,90-3853
66643160,scotus,No. 16–9165.
16503149,ca2,17-2931
65896261,ca9,No. 06-70984
2830298,ca6,03-6205
66747057,ca4,22-2215
1779525,ca4,80-6235
61538649,ca9,20-56065
65657242,ca5,No. 05-30387
3012531,ca9,12-55828
1426121,ca4,01-6724
64325624,scotus,No. 10A24 (09-1250)
66538840,scotus,No. 01-425
64065872,ca9,No. 96-16323
350893,ca9,09-57003
6336467,ca4,16-4484
7774095,ca7,17-3196
1142384,scotus,02-5704
614505,ca4,6300_1
2903523,ca8,08-1445
1423037,ca11,88-5318
1702340,ca10,"97-7027, 97-7078"
793354,ca2,"334, 335, Dockets 73-2285, 73-2486"
66199842,scotus,No. 358
732216,ca3,11-4648
327960,ca9,90-30212
764362,ca9,96-56330
430318,ca5,21721
790420,ca8,74--1407
66467412,scotus,No. 01-8100
3035950,ca9,09-99005
16690207,ca6,19-5296
739473,ca5,71-1364
527943,ca2,09-4569-cv
2445357,ca11,93-6146
2884850,ca8,01-1852
66532081,scotus,No. 99-7165
470260,ca10,09-7001
2483580,ca5,90-3344
1108431,ca4,07-4409
66423392,scotus,No. 94-8927
65728414,ca11,No. 09-11060
66393818,scotus,No. 92-504
979730,ca5,97-20322
66365103,scotus,No. 89-7062
1484567,ca9,22383
65913315,ca2,No. 07-1094-ag
1908554,ca6,87-3160
63926411,cadc,No. 4490
133977,cadc,88-1038
1963322,ca5,84-3769
66160402,ca6,"Nos. 18393, 18399"
2874092,ca8,95-2044
66255696,ca7,No. 89-3318
65957619,ca5,No. 13-30908
990424,ca2,"1229, Docket 89-1038"
66319339,scotus,No. 84-6062
408247,scotus,65
1038063,ca10,93-8000
66245956,scotus,No. 1948
1212577,ca8,86-1562
66296494,scotus,No. 80-5388
227565,ca10,98-4005
66200343,ca4,No. 83-1740
269250,ca1,84-1377
2277026,ca4,10-2441
194391,ca11,06-15195
67595697,ca4,23-6672
1990879,ca5,87-2213
104476,ca5,99-60030
963347,ca7,78-1185
63974582,ca4,No. 4897
2151696,ca6,81-5429
66522712,scotus,No. 05-6758
68816798,ca7,23-2796
66252144,scotus,No. 71-5078
66471763,scotus,No. 01-1533
66459389,scotus,No. 99-8942
2190484,cadc,71-1829
66424788,scotus,No. 95-7954
63669962,scotus,No. 540
461892,ca10,06-5209
66149858,ca9,No. 19105
66425539,scotus,No. 95-7871
781148,ca5,10-40775
66253230,scotus,No. 71-5676
66413513,scotus,No. 94-5148
65692932,ca9,No. 04-71375
66141578,ca5,No. 609
340481,ca9,92-55040
26904,ca2,18-2816
66250861,ca11,No. 89-8218
209687,ca9,75-1231
717388,ca5,29426
66144882,ca3,No. 38
1109810,ca4,07-4964
69786798,ca3,24-2853
66399647,scotus,No. 92-7438
6167371,ca11,16-14216 Non-Argument Calendar
65877266,scotus,No. 161-59
66490778,scotus,No. 03-1310
68144545,ca9,23-15524
908334,ca8,08-1646
66319343,scotus,No. 84-6084
879332,ca7,12-1161
858113,ca6,95-4202
66223619,scotus,No. 758
2835057,ca6,08-1775
63944518,ca6,No. 6051
2187166,ca4,88-6784
66644542,scotus,No. 17–5793.
527380,ca9,09-17274
164658,ca9,98-10199
65285683,scotus,No. 232
2174604,ca5,95-50771
71235444,ca5,25-10469
66271366,scotus,No. 75-5100
16893765,ca9,17-35845
2301516,scotus,02-6665
66399398,scotus,No. 92-7836
877141,ca3,11-2198
2899903,ca8,06-1688
2401590,ca3,94-7483
66243624,scotus,No. 862
2425288,ca3,97-5520
518628,ca11,90-8525
2345762,ca2,77-2146
122734,ca1,04-1526
65615671,scotus,No. 14–1500.
64875654,ca8,21-3144
66099830,cadc,No. 3286
769946,ca8,73-1390
6236032,ca11,14-13482
664157,ca2,96-1178
4480028,ca5,15-41528
696732,ca9,97-56162
1946568,ca6,74-1150
1338615,ca7,81-1953
66224431,scotus,No. 890
65622051,scotus,No. 15M121.
66207308,scotus,No. 635; No. 637
540482,ca6,92-4363
1004975,ca2,"1658, Docket 91-7085"
66229966,scotus,No. 1068
1011475,ca9,91-55919
1107494,ca5,"6133, 6142"
839548,ca8,92-2099
527857,ca8,92-3813
65960100,cadc,No. 13-5343
66189559,ca3,No. 80-1158
66459924,scotus,No. 99-1659
2869576,ca3,01-3226
433715,ca2,159
66415814,scotus,No. 94-6390
15053481,ca7,18-3029
66246863,scotus,No. 319
2113473,ca5,92-05746
2212200,ca3,96-5344
66250424,scotus,No. 887
169433,ca5,13-60210
351110,ca5,08-60951
1320482,ca5,86-2685
66046200,ca1,No. 666
64282460,ca6,No. 01-5774
725577,ca9,02-15215
65657777,ca5,No. 04-20667
66189781,ca7,No. 79-2201
66197041,scotus,No. 494
66510195,scotus,No. 11-18
412728,ca11,10-13791
682375,ca10,84-1119
755923,ca10,71-1725
245574,ca4,96-1517
66175806,ca2,"No. 842, Docket 75-7062"
66188172,ca8,No. 79-1215
623495,ca11,80-7879
2677312,ca4,15-1396
398642,ca10,95-5032
1184301,ca5,93-03073
66260866,scotus,No. 72-6667
66282165,scotus,No. 77-5719
66487019,scotus,No. 03-908
59716704,ca4,19-1791
225026,scotus,267
852785,ca7,95-1941
64336104,scotus,No. 11-95
1143316,ca10,"7929, 7930"
64326440,scotus,No. 09-11080
1094571,ca4,96-2547
66504833,scotus,No. 12-5029
2900965,ca8,07-1353
838702,ca9,91-70602
1475138,ca11,92-2411
663925,ca6,18648
65295635,scotus,No. 758
2831341,ca6,05-3791
66193717,ca9,No. 82-4537
1736045,ca4,97-6111
6358406,ca5,17-60363
66321900,scotus,No. 84-1893; No. 85-64
1144749,ca3,93-7190
1038204,ca3,"94-3014, 94-3072"
728640,ca2,Docket 03-2560
2252542,ca8,97-3673
65959829,ca5,No. 14-20020
66443880,scotus,No. 98-5323
431043,ca8,83-2484
66434089,scotus,No. 97-215
1401078,scotus,93-6814
275166,ca2,1407
866546,ca10,99-3046
2052934,ca6,89-1330
65656136,ca2,Docket No. 02-7218
2455540,scotus,02-5489
663082,ca7,99-3691
313722,ca4,79-6786
1246534,ca9,93-15206
64280410,ca7,No. 01-3794
2309268,scotus,02-10266
1912159,ca2,72-2137
391021,ca4,09-2325
534868,ca4,"93-5592, 93-5593"
929747,cadc,02-5306
66038452,ca5,No. 477
66213379,scotus,No. 557
66198862,scotus,No. 26
2863799,ca4,15-6384
66459972,scotus,No. 99-1854
66412991,scotus,No. 94-139
911188,ca3,86-3607
66423544,scotus,No. 94-1558
1268901,ca11,92-8679
211659,scotus,73-822
66347781,scotus,No. 88-5313
2113854,ca6,86-3904
66050904,ca9,"No. 1,580"
1020175,ca7,92-3743
143786,ca1,"05-2114, 06-2157"
1336261,ca4,89-5407
65895401,ca9,"Nos. 06-50087, 06-50089"
67564695,ca5,22-60485
2183149,ca11,91-5778
667183,ca5,26765
66368839,scotus,No. 90-441
1194897,ca4,06-1474
279440,ca4,10-1695
63968639,ca4,No. 4456
64345198,scotus,No. 12M50
2398729,ca9,78-1608
259117,ca5,16488_1
960342,ca5,6880
64284203,ca9,No. 01-30401; D.C. No. CR-01-00027-BLW
67509399,ca5,22-10964
65297621,scotus,No. 686
66230426,scotus,No. 1266
539204,ca10,7760_1
4485226,ca2,15-2991-bk
668025,ca5,97-30378
66428700,scotus,No. 96-5164 (A-27)
2299709,ca9,08-70693
66540958,scotus,No. 95-6828
512895,cadc,90-5317
2878188,ca8,97-3235
757174,ca9,75-1047
1127583,scotus,"459, 460"
386860,ca8,94-2039
339098,ca9,10-30154
64328496,scotus,No. 10-6044
63940173,ca5,"Nos. 6321, 6421"
66472953,scotus,No. D-2348
852685,ca7,94-3781
66452336,scotus,No. 98-8504
1839740,scotus,05-7126
65265875,scotus,No. 14–5002.
454796,ca5,83-4084
99224,ca10,06-4017
3080398,ca5,15-30064
2162428,cadc,95-3075
1041094,ca4,94-1166
16585964,ca9,18-17267
1952663,scotus,04-8436
66289183,ca9,No. 16-35314; No. 16-35368
66649695,scotus,No. 18–6712.
449452,ca8,"99-2004, 99-2009"
66080501,ca9,No. 2628
832477,ca5,90-1875
66410288,scotus,No. 93-8836
66234783,ca5,No. 87-1441
691120,ca3,13357_1
65673747,ca4,No. 03-6997
1083007,ca2,11-2989-cr
66432612,scotus,No. 96-8101
687975,ca10,00-2206
68481226,ca11,24-10448
2241828,scotus,02-5549
66390238,scotus,No. 91-2063
288305,ca3,12630
2820677,ca1,94-1987
19767,ca5,95-31101
269160,scotus,217
1117996,ca2,90-1157
741149,ca6,01-3019
2664228,ca5,13-10574
1072004,ca9,99-16057
7491366,ca7,17-1182
1417349,ca5,98-41545
63957311,ca9,No. 8005
593300,ca6,11683_1
69769650,ca3,24-3265
4488215,ca7,16-8019
1739992,ca7,82-2948
270136,ca2,"226, Docket 87-2212"
2215149,ca3,79-2388
71175534,ca2,23-1162-cv; 23-1344-cv
152087,ca4,02-4832
66445289,scotus,No. 98-6529 (A-320)
188191,ca1,15484_1
66288372,scotus,No. 78-1433
810763,ca5,12-10042
65609598,scotus,No. 13–7237.
1714600,ca7,98-4051
1392414,ca4,14-1718
544595,ca5,77-2236
2376634,ca3,78-1915_1
66145466,ca9,No. 467
66414303,scotus,No. 94-6210
66258355,scotus,No. 72-896
2488004,ca4,01-7190
66258280,scotus,No. 72-5806
66497627,scotus,No. 18–7495.
65907535,ca4,No. 07-1376
540465,ca6,93-3148
65617501,scotus,No. D–2831.
2107862,ca4,97-7461
66210755,scotus,No. 490
66422625,scotus,No. 94-8932
569139,ca5,91-4260
618524,ca10,8516_1
2352832,ca4,01-1408
63930783,ca2,No. 234
1488788,scotus,03-10858
388401,ca4,90-5609
66091883,ca8,No. 4871
10198,ca5,20-30170
1396674,ca5,12249
1160879,ca6,89-6086
65912569,ca9,No. 06-15836
363510,ca6,93-1205
66496048,scotus,No. 04-8869
66027326,ca7,No. 729
66165797,ca5,No. 71-1956
66514190,scotus,No. 11-6222
1979368,ca5,95-50015
119306,ca5,17456
66330312,scotus,No. 85-6919
64336553,scotus,No. 11-5524
66726892,scotus,No. 19-7009
66180304,ca4,No. 76-1181
77484,ca11,02-10875
1202942,ca4,95-7050
68278500,ca11,23-10968
575071,ca9,09-55588
280754,ca11,13-11733
2359995,ca5,12-41357
927216,ca2,83-7235
65678268,ca7,No. 03-2833
601355,ca10,09-2173
2829501,ca6,02-5206
522418,ca7,"07-2163, 07-2393"
944803,ca3,94-7462
66091308,ca2,No. 15
63923026,ca3,No. 3415
63924991,ca8,No. 7057
1129144,ca5,13-11077
2254662,ca11,07-14284
544121,ca5,01-20884
1260759,ca4,"85-5109, 85-5110"
65728744,ca5,No. 09-40238
2894050,ca8,03-2721
66077933,ca3,No. 1966
67034599,ca9,21-16860
59235007,ca2,18-3563
161603,scotus,02-7505
67629758,ca4,22-7232
1043553,ca5,5087
301104,ca7,87-1661
566134,ca9,95-70633
113823,ca5,09-60193
1741416,ca11,07-15363
2470391,ca9,09-10320
2873698,ca8,95-1766
64338970,scotus,No. 11-6923
1282956,ca11,08-13461
60397544,ca9,20-55216
59300005,ca6,20-1343
1413472,ca4,84-6446
66481312,scotus,No. 03-5586
2892118,ca8,03-3317
14714662,ca5,18-20378
2033488,ca7,94-1389 & 94-3870
66459270,scotus,No. 99-1427
64027455,ca9,No. 94-16542
950525,ca10,96-9522
194284,ca7,71-1594
65680390,ca2,"Docket Nos. 03-1317(L), 03-1331(CON)"
66335410,scotus,No. 85-1910
83366,ca5,13-50649
70868270,ca3,24-2931
6228454,ca9,15-71964
2400833,cadc,78-2083
1699615,ca9,77-1907
8387718,ca8,18-2002
66555898,scotus,No. 83-356
851463,ca9,94-70783
676253,ca5,19806
64001249,ca8,No. 15627
66187572,ca10,No. 78-1548
306040,ca10,85-1061
2462386,ca5,94-40638
1057734,ca11,95-8143
66229469,scotus,No. 396
66397015,scotus,No. 92-6427
402306,ca3,96-4159
43463,ca1,95-1529
3057667,ca9,14-15484
267499,ca5,09-11237
59817196,ca4,19-1619
362118,ca8,87-2049
1980820,ca5,95-10367
272127,ca5,12-60861
2417254,ca8,94-3137
66069266,ca8,"No. 3,852"
527923,ca7,11-3060
1057996,ca6,95-3406
66369617,scotus,No. 90-376
3055549,ca11,15-14124
1052729,ca5,10-60366
66661534,scotus,No. 12–9140.
66475606,scotus,No. 02-9758
747305,ca6,95-6234
66347977,scotus,No. 88-5222
63998647,ca8,No. 15055
410907,scotus,93-7876
66861564,ca4,22-4480
66469736,scotus,No. 01-9333
504542,ca9,"CA 83-3590, CA 83-3620"
962180,cadc,9051
66500573,scotus,No. 10-6035
16142375,ca5,19-10136
66514102,scotus,No. 11-5774
66703020,ca7,22-1501
513232,ca6,91-4203
63934828,ca9,No. 6138
62628543,ca11,20-13702
1047497,ca7,7915
708695,ca10,98-6013
66204159,scotus,No. 141
2822620,ca1,97-2260
1242167,ca1,02-1938
524414,ca2,09-3758-pr
66265059,ca5,No. 89-2742
2870626,ca3,"02-1640, 02-1641, 02-1642"
2918343,ca11,10-13398
66247563,scotus,No. 319; No. 477; No. 5148; No. 5213; No. 5244; No. 5282; No. 5322; No. 5494
2124840,ca9,10-73724
398024,ca11,02-15674
66209972,ca7,"Nos. 84-1637, 84-2817"
2884364,ca8,00-3180
63130444,ca5,20-61228
223125,ca4,81-1312
780530,ca9,92-56116
65893953,ca9,No. 05-72822
234798,ca1,5087_1
66348665,scotus,No. 87-201
66103018,ca4,No. 1870
65725142,ca3,No. 08-3090
358738,ca4,88-1508
17075627,ca11,18-12415
2183990,ca6,78-5187
829639,ca4,81-1231
60622284,ca9,19-35857
378088,ca9,09-72906
1465943,ca11,05-16028
64164281,ca4,"Nos. 01-6779, 01-7079"
17043425,ca5,19-20513
2149256,ca11,97-4266
66036485,ca2,No. 138
65630631,scotus,No. 986
405085,ca8,13-2613
66255450,ca8,"Nos. 89-2288EA, 89-2289EA, 89-2352EA, 89-2353EA, 90-1165EA, 90-1166EA, 90-1167EA, 90-1579EA and 90-1580EA"
1040293,ca7,93-3816
602109,ca10,95-6215
563620,ca11,96-8094
66490456,scotus,No. 03-9550
2407215,scotus,93-6753
66522591,scotus,No. 05-6453
2828558,ca6,02-1740
66397249,scotus,No. 92-6912
494119,cadc,91-5021
713854,ca6,18463_1
1122148,ca9,84-5111
965597,ca2,27830_1
385953,ca5,80-5010
66278034,scotus,No. A-395
6681078,ca11,16-15068
2632969,ca2,14-1302-cr
65712832,ca4,No. 13-2299
152943,ca4,79-1428
2396669,ca11,98-8775
158040,ca1,86-1054
66544858,scotus,No. D-1590
1579290,scotus,Nos. 454—457
66367462,scotus,No. 90-5080
2827362,ca6,00-5528
545602,ca6,93-1246
966160,ca8,09-3167
66233647,scotus,No. 1270
66197123,scotus,No. 513
69942718,ca2,24-3275-cr
66326131,scotus,No. 85-1201
66301558,scotus,No. 81-5248
16867288,ca2,17-2298
65271602,scotus,No. 14–8861.
64065808,ca9,No. 97-17006
65731056,ca7,No. 08-2618
2677900,ca9,13-71548
67255355,ca4,22-6930
64157331,ca6,No. 99-6363
2871037,ca3,03-2790
233423,ca6,93-5706
67023231,ca4,22-7459
335176,ca8,91-3153
65281994,scotus,No. 425
761743,ca5,78-3563
65681477,ca9,No. 03-55503
2324344,ca5,12-40951
814310,ca6,87-1239
66251291,scotus,No. 70-5194
341405,ca8,92-1400
66223382,scotus,No. 485
2893561,ca9,03-10029
64019366,ca6,No. 93-3644
65616129,scotus,No. 15–5269.
959065,cadc,9606
66553877,scotus,No. 96-7219
65404441,ca11,22-10587
63981774,ca9,No. 11109
66480087,scotus,No. 03-29
66340188,scotus,No. 87-592
66494453,scotus,No. 04-9051
561632,ca4,90-6891
2111473,scotus,01-9842
66038800,ca4,No. 529
187984,cadc,19969
547310,ca3,11-2278
1504533,ca4,95-7773
770428,ca5,82-3456
67503218,ca8,22-2776
2448850,ca7,92-2986
228825,ca10,00-1532
990852,ca2,481
65954935,ca9,No. 07-36046
64334765,scotus,No. 10-10746
509561,ca5,82-1116
415130,ca9,94-56208
62650390,ca6,21-5209
17137136,ca10,19-4036
596988,ca1,08-2449
66536939,scotus,No. 00-1869; No. 01-169
65684943,ca5,No. 04-20580
63969429,ca2,No. 87
65665399,ca9,No. 02-10361; D.C. No. CR-01-01715-FRZ
66343225,scotus,No. 87-6480
65896492,ca9,No. 05-35365
6233543,ca6,15-2280/2503
1336308,ca8,94-3044
1854719,ca5,77-1237
66784528,ca4,22-1656
2200587,ca2,10-4588 (L)
2145348,ca10,07-3172
66243757,scotus,No. 162
1879085,scotus,01-8907
7096550,ca2,17-3747-cv
1153776,ca5,02-60449
378821,ca7,94-1273
2893145,ca9,09-15560
63951391,ca5,No. 7360
2595790,ca5,14-50180
8435248,ca9,17-73508
66352938,scotus,No. 88-6628
66396775,scotus,No. 92-1006
1197426,scotus,02-10039
231503,ca9,15595_1
1529278,ca3,93-1122
66659515,scotus,No. 18-1334
17304202,ca9,19-15525
618578,ca6,09-4398
181083,scotus,93-5836
65266387,scotus,No. 14–5585.
2822634,ca1,98-1124
66284523,ca9,No. 91-35680
65734181,ca4,No. 10-6051
743862,ca9,01-57093
785989,ca7,02-4143
66648657,scotus,No. 18A365.
1479554,ca3,81-1598
105878,ca3,13-3327
2867343,ca3,94-5431
66441286,scotus,No. 97-7713
6382226,ca9,17-15216
1394927,scotus,04-7502
66381521,scotus,"No. 90-1479, No. 90-5842; No. 90-7530"
1042773,ca10,93-4127
64339168,scotus,No. 11-7502
66461532,scotus,No. 00-6700
1548855,ca5,"06-10307, 06-11281"
6334699,ca2,16-3981
1244450,ca10,98-3201
66327068,scotus,No. 85-1600
4416469,ca9,15-35083
84947,ca5,03-50172
833606,ca8,91-2026
66528649,scotus,No. 99-10084
63978455,ca5,No. 10891
1094597,ca11,94-4331
411107,ca5,13-50760
2194545,ca6,85-3600
2662133,ca4,14-6205
3029578,ca4,15-7643
697414,ca8,18278
2279434,ca4,09-2003
1369749,ca7,88-3058
66643201,scotus,No. 16–9248.
65733629,ca4,No. 10-6267
66388176,scotus,No. 91-7909
65692982,ca9,No. 05-35115
325075,ca6,14377_1
66723019,scotus,No. 18–989.
66536592,scotus,No. 01-7150
234633,ca11,09-11141
847008,ca10,11-1266
1476086,ca9,83-5734
341085,ca5,05-60204
1469036,ca5,7553
691977,ca6,14552_1
149464,ca10,"11-3130, 11-3138"
226019,cadc,11957_1
66661612,scotus,No. 12–1034.
619968,ca6,08-3738
65687734,ca9,No. 03-50120
65289706,scotus,No. 34
66367628,scotus,No. 90-5205
17412193,ca8,19-2507
313783,ca5,05-50424
274458,ca6,82-3409
62378,ca7,05-3626
66499189,scotus,No. 10-55
2443069,ca4,11-1928
1953643,ca8,87-2277
170243,ca5,05-10667
764241,ca2,94-4092
1049504,ca5,94-50670
66196403,scotus,No. 223
999130,ca4,89-5499
66352551,scotus,No. 88-1311
45139,ca5,03-30565
2867323,ca3,94-5529
66748745,ca4,22-7014
738444,ca7,01-1250
2828235,ca6,01-3889
59860367,ca8,21-1053
592272,ca9,09-71880
128610,ca5,03-41327
1095919,ca4,97-1849
66547293,scotus,No. 04-6563
63989563,ca9,No. 11834
1351459,ca5,96-10011
4117191,ca9,14-56782
1768936,ca7,78-2227
2889078,ca9,07-15440
1460039,ca10,363-70
66052344,ca1,No. 779
6070621,ca5,16-30667
66508235,scotus,No. 12-7923
3058854,ca5,15-60264
2873840,ca8,95-3014
2834424,ca6,05-2282
314024,ca2,80-7731
806919,ca9,86-1030
66282514,scotus,No 77-5860
66517820,scotus,No. 01-10037
63936003,ca7,No. 4368
2827379,ca6,98-3764
2901933,ca8,07-1454
2868233,ca3,95-1662
15962711,ca9,17-72669
122012,ca5,06-51591
65714813,ca9,No. 07-56032
66444930,scotus,No. 98-5918
64017289,ca9,"Nos. 92-35061, 92-35144, 92-35145, 92-35148, 92-35149, 92-35152"
594468,ca4,"96-4500, 96-4533"
2469195,ca6,83-1642
7675002,ca5,17-11491
66313816,scotus,No. 83-1289
64161244,ca6,No. 01-1154
66219676,scotus,No. 229
2886696,ca9,08-56129
685529,ca3,210-67
793298,ca10,08-1243
403014,cadc,"92-3263, 95-3128"
957386,ca10,95-6198
64335625,scotus,No. 10-10780
905623,ca4,97-2670
2087012,ca6,81-5038
66343007,scotus,No. D-700
1040346,ca7,94-1887
66236659,scotus,No. 645
66241785,scotus,No. 1298
66162857,ca4,No. 13933
65279042,scotus,No. 47
66726954,scotus,No. 19-7152
66111397,cadc,No. 3911
4552822,ca4,16-6590
583871,ca8,85-2330
64336417,scotus,No. 11-5360
916721,ca10,12-3345
1120829,ca9,71-2653
16553931,ca5,19-10457
756934,ca2,"38, Docket 72-1186"
65962567,cadc,No. 15-1033
65267551,scotus,No. 14–6309.
65935006,ca11,No. 07-14450
2274630,scotus,02-1482
358496,ca4,75-1068
278972,ca4,77-8192
2326427,ca1,92-4821
66661988,scotus,No. 12–9521.
1462437,ca11,93-8595
66369943,scotus,No. 90-5839 (A-419)
277714,ca6,83-1351
2830253,ca6,03-1621
59236623,ca11,20-12279
623567,ca1,92-1512
204338,ca7,74-1422
273282,scotus,147
346465,ca5,91-3757
2177899,ca4,99-4823
310165,cadc,06-1244
76697,ca8,94-3798
1120147,ca3,90-3074
66479552,scotus,No. 02-11116
1050155,ca7,94-3875
63958261,ca6,No. 7416
2828749,ca6,03-3915
66430033,scotus,No. 96-7931
66343585,scotus,No. 87-6578
66246077,ca9,"Nos. 88-1061 to 88-1063, 88-1076 to 88-1078, 88-1085, 88-1086, 88-1115, 88-1119, 88-1123 and 88-1126"
66269825,ca5,No. 90-8356
66224438,scotus,No. 889
1417233,ca4,80-5016
371800,ca11,92-6965
66546955,scotus,No. 04-5866
65955119,ca5,No. 07-61029
250575,ca6,13-3762
1147900,ca3,90-5281
7365765,ca9,13-73914
2296514,scotus,02-8774
477489,ca8,78-1468
66191375,ca9,No. 80-5326
1653916,ca5,96-50004
66535116,scotus,No. 99-6047
2902070,ca8,07-1884
1930806,scotus,04-6561
2684456,ca3,15-1631
65711251,ca3,No. 11-2826
66337154,scotus,No. 86-6846
340316,ca9,91-35693
4620954,ca6,16-3052/3053
14534976,ca8,18-2338
60778,ca4,13-6916
331262,ca6,85-1475
14550433,ca9,17-50325
487783,ca5,77-2674
1226502,ca9,84-2111
524772,ca9,92-50110
48386,ca11,05-14400
66105534,ca5,No. 3799
112286,ca4,80-1188
66250089,scotus,No. 6777
19400,ca2,19-4246
2089932,scotus,03-10121
63974578,ca10,No. 2383
66335824,scotus,No. 86-6767
634537,scotus,38
208578,ca10,76-2065
1658346,ca4,87-6009
66498436,scotus,No. 09-1536
65681113,ca9,No. 04-71224
2484952,ca4,04-1388
6130880,ca7,16-3332
776014,ca2,Docket 05-5101-CR
1500154,ca9,86-1270
66425698,scotus,No. 95-8288
66371205,scotus,No. D-942
59696225,ca11,20-12321
410722,ca3,76-2397
2395647,ca4,96-2632
828872,ca11,89-5819
2159024,ca4,85-2361
119762,ca8,16021_1
187483,ca5,97-60077
4619518,ca4,16-4396
208978,cadc,04-7163
843292,ca7,95-2085
614986,ca7,92-3994
66649351,scotus,No. 17–1704.
1031729,ca6,93-6626
2662293,ca2,13-3145
324300,scotus,02-8855
66436132,scotus,No. 97-8345
935562,ca9,93-70036
165250,ca5,87-3705
66244725,scotus,No. 1132
1454635,ca11,04-15810
1115536,ca5,99-30430
1465487,ca5,77-5175
1505760,ca5,73--3979
278690,ca5,18416
591170,ca10,06-7061
68093215,ca9,21-1131
65895390,ca8,No. 06-1434
673800,ca5,00-41272
822421,ca6,89-1367
558961,ca2,1459
276432,ca4,87-7544
1332312,ca7,82-3013
6239464,ca9,16-55717
17164913,ca9,18-56644
207411,ca2,94-6283
1550245,ca5,07-20816
65290050,scotus,No. 720
1753173,ca5,09-30520
65894358,ca4,No. 06-7224
66316750,scotus,No. 84-5111
1388406,ca8,87-1363
418803,ca11,94-4951
1913548,ca3,87-3379
66648248,scotus,No. 18–5997.
65618307,scotus,No. 15–5016.
66447713,scotus,No. 98-800
219160,ca1,80-1134
1225911,ca3,98-3187
1972656,ca3,97-5140
66211877,scotus,No. 733
12246,ca4,19-7199
66484167,scotus,No. 03-6683
65293107,scotus,No. 640
66234706,ca9,"Nos. 87-1584, 87-1653"
978254,ca6,86-1519
66529994,scotus,No. 99-2067
1322866,ca6,14382
1315349,ca3,77-1164
1709077,cadc,91-5380
432262,ca9,08-74170
65695992,ca5,No. 05-10200
66291513,scotus,No. 79-5519
2215108,ca8,89-1705
66478883,scotus,No. 02-10575
237276,ca3,88-3113
2124838,ca4,95-7859
18649272,ca4,20-6976
2444837,ca4,07-1746
276472,ca11,06-10566
1040078,ca8,6873
2893266,ca8,04-1540
2907168,ca11,13-15054
1846123,ca11,06-16320
19915,ca5,96-30667
2489012,ca9,78-2557
66363862,scotus,No. 89-7026
61396343,ca9,18-72753
65276437,scotus,No. 901
66516118,scotus,No. 02-762
15721966,cadc,18-1218
1313371,ca5,91-2961
1018362,ca2,1022
66159048,ca3,"Nos. 16307, 16308"
2473157,ca2,24777
2831484,ca6,05-3510
532056,ca5,09-10560
1908971,ca4,86-6727
2484500,ca11,88-7186
65291202,scotus,No. 714
66326155,scotus,No. 85-599
66313804,scotus,No. 83-1080
554097,ca9,83-3987
64094586,ca3,"Nos. 00-2139, 01-1683"
66364122,scotus,No. 89-7075
2898861,ca8,06-1576
959156,ca8,13674
1719199,scotus,03-5101
66336356,scotus,No. A-35
1565736,scotus,119
1398762,ca1,76-1480
66279242,scotus,No. 76-6399
509677,ca7,11035
66409625,scotus,"No. 106, Orig."
2147495,ca5,29887
66223207,scotus,No. 327
2819360,ca1,93-1098
170411,ca5,05-10486
2883327,ca8,00-1479
65295564,scotus,No. 716; No. 717
697478,ca6,09-5787
65700070,ca9,No. 04-75550
2035653,ca3,82-1590
203779,ca5,08-20128
69653540,ca11,25-10043
66513728,scotus,No. 11-8117
1027547,ca9,94-50101
66480054,scotus,No. 03-5
64347545,cadc,No. 629
66256568,scotus,No. 71-6326
63956942,ca5,No. 7961
2514904,ca5,9042
66708201,ca11,22-10195
4565106,ca9,14-72082
17057199,ca4,19-2076
66549783,scotus,No. 95-2044
850086,ca9,93-70520
66172875,ca8,"Nos. 73-1865, 73-1866"
66402982,scotus,No. D-1309
1506409,ca5,75-2944
954449,ca9,80-3232
2752,ca10,19-5076
444145,ca5,00-60846
559463,ca4,03-7567
1117815,ca10,14-5048
2829498,ca6,04-3666
2878441,ca3,05-1348
66132614,ca1,No. 107
64002242,ca2,"No. 127, Docket 24212"
126850,ca1,5245
66440265,scotus,No. 97-6989
66349331,scotus,No. 88-5113
58885,ca5,96-60282
65289723,scotus,No. 62
253906,ca1,95-2224
298970,ca9,16623
510520,ca7,90-2578
725167,ca6,02-1766
2173178,ca7,75-1720
2239918,ca3,96-1323
66221107,scotus,No. 810
3049365,ca11,15-12873
1085285,ca6,78-1371
66276491,scotus,No. 75-7006
179327,scotus,59
947210,ca9,"78-2190, 78-2203, 78-2235 and 78-3444"
64336983,scotus,No. 11-115
1022709,ca4,11-6410
66305757,scotus,No. 81-1886
1600859,ca10,06-2034
1920819,ca7,79-2005
1882208,ca5,09-10808
66523015,scotus,No. 05-6694
180642,ca5,13389_1
603162,ca5,75-1790
66427214,scotus,No. 95-1716
1219072,ca4,98-7041
65264807,scotus,No. 13–842.
66248711,scotus,No. 996
1659789,ca3,75-2183
66284216,scotus,No. 77-6555
66356859,scotus,No. 89-128
2543601,scotus,130
2002122,ca4,95-6382
2910113,ca9,06-55599
67405973,ca7,22-1293
919108,ca8,92-2014
64344800,scotus,No. 04-664
66458252,scotus,No. 99-1522
66455622,scotus,No. 99-6018 (A-182)
833431,ca7,90-3479
98670,ca3,97-5564
65008056,cadc,No. 04-1438
938918,ca3,78-1175
471237,ca5,13652
65629337,scotus,No. 16–8602.
64093019,ca9,No. 00-16290
66187650,ca6,Nos. 77-5367 to 77-5371
65681072,ca9,No. 02-15444
66310907,scotus,No. 82-1088
65627270,scotus,No. 16–6030.
65720411,ca4,No. 09-6596
66397420,scotus,No. 92-7030
1028448,ca9,92-55856
2861054,ca7,09-1861
144519,ca7,13-1708
126796,ca2,93-2595
460766,ca11,92-6227
1071355,ca4,98-2071
1499826,ca3,87-3140
2892869,ca3,07-1920
784641,ca5,73-3903
334993,ca2,09-2517-ag
169974,ca11,04-12882; D.C. Docket 03-00293-CR-JOF-1-1
66100967,ca8,No. 5341
4572107,ca9,16-30056
2337738,ca7,09-4116
607110,ca9,95-70052
1106590,ca1,06-1771
65710490,ca5,No. 12-40907
63991871,ca5,No. 12603
2442083,ca7,94-1912
1370149,scotus,02M77
118533,ca9,15785_1
66205025,ca6,"Nos. 83-5156, 83-5157"
521961,ca9,17742
66645642,scotus,No. 17–6978.
16439185,ca2,18-2906
356582,scotus,06-11622
64001831,ca9,No. 14626
65709352,ca2,"Nos. 11-3899, 11-3923, 11-4022, 11-4030"
65715090,ca2,No. 06-4052-ag
1222897,ca5,06-30180
689227,ca11,07-14958
171711,ca10,10-1533
1099423,ca4,01-1135
66379702,scotus,No. 91-5432
1911535,ca2,93-1797
1693373,ca3,96-3697
2168328,ca5,92-08279
17431514,ca5,19-10991
63949045,ca2,Nos. 228-230
67765,ca8,13-2251
598338,ca4,94-5516
1046534,ca5,04-20503
230317,ca5,16709
1488052,ca5,09-30547
68009905,ca4,23-4690
1242550,ca7,81-2281
496003,ca4,84-2033
66290746,scotus,No. 79-558
65745242,ca7,22-1069
2470266,ca4,12-7429
66720678,scotus,No. 18–7905.
66525858,scotus,No. 99-9420
995040,ca4,89-2687
63924848,ca8,No. 7273
233762,ca11,08-12132
1193994,ca11,85-5366
66643849,scotus,No. 17–5139.
66390241,scotus,No. 91-2064
185052,ca5,95-40859
300684,ca9,16726_1
581548,ca8,10-1142
66414443,scotus,No. 94-173
387074,ca3,14-1331
66444302,scotus,No. 98-5633
3086853,ca3,16-1182
111630,ca5,99-40936
156560,ca5,98-31279
66335630,scotus,No. A-916
63963625,cadc,No. 6909
66479909,scotus,No. 02-11315
2404134,ca11,89-5971
66273875,scotus,No. 75-6046
1403673,ca9,89-35306
65290783,scotus,No. 335; No. 414
1327943,ca9,82-7274
66217458,scotus,No. 481
933307,ca10,09-7008
156358,ca1,87-1148
66326214,scotus,No. 85-393
65673427,ca3,No. 03-1770
585339,ca4,08-4134
66467212,scotus,No. 01-7558
170740,ca10,10-1543
109996,ca8,95-2399
210600,ca5,03-50103
66436078,scotus,No. 96-9086; No. 97-969; No. 97-1171; No. 97-1200; No. 97-1222; No. 97-1260; No. 97-1282; No. 97-1306; No. 97-1339; No. 97-5217; No. 97-6420; No. 97-6769; No. 97-6797; No. 97-7502; No. 97-7515; No. 97-7542; No. 97-7543; No. 97-7553; No. 97-7613; No. 97-7616; No. 97-7699; No. 97-7770; No. 97-7775; No. 97-7776; No. 97-7909; No. 97-8243
66413732,scotus,No. 94-6114
2486410,ca1,82-3553
827998,ca1,12-1285
765681,ca4,83-1969
1384508,ca5,83-4446
64332875,scotus,No. 10-9346
66260909,scotus,No. 72-6728
1003811,scotus,34
65955428,ca9,No. 12-50011
16763964,ca4,19-7138
2458190,ca4,08-1336
2888534,ca9,"03-55823, 03-56079"
324195,ca3,84-1468
1961512,ca8,88-1887
2285667,ca5,96-40035
65004579,cadc,"Nos. 88-1856 to 88-1858, 88-1862 and 89-1577"
2355881,ca9,81-5749
66456666,scotus,No. 99-7939
66319268,scotus,No. 84-444
63988759,ca7,No. 9365
2669334,ca9,14-50215
66075964,ca7,No. 2097
65718107,ca9,No. 06-72779
65935070,scotus,No. 14–7653.
279449,ca10,81-2409
63361,ca5,98-20631
66727189,scotus,No. 19-928
8495403,ca9,15-73248
66511075,scotus,No. 11-5593
1430087,ca5,04-60453
66528363,scotus,No. 00-7670
115591,ca5,75-3275
66176345,ca6,No. 73-1466
66362649,scotus,No. 89-1291
920764,ca4,89-6883
640420,ca7,17165_1
6279545,ca9,16-10513
66302076,scotus,No. 81-213
66095123,ca4,No. 1722
940249,ca11,93-6970
66195845,ca8,No. 83-1732
534879,ca4,93-5971
66040444,ca8,"No. 2,116"
66198726,ca4,No. 83-1305
1524023,ca4,99-6838
550361,ca4,93-6576
66249611,scotus,No. 6631
66141626,ca9,No. 374
681912,ca5,21211
1117862,ca11,93-8067
1806629,ca5,95-50685
1160755,ca5,02-20373
665204,ca5,91-3135
1459770,ca5,93-04944
66132575,ca5,No. 258
66189235,ca1,No. 79-1524
66355477,scotus,No. D-802
930397,ca6,84-3158
66256705,scotus,No. 72-5069
512238,ca9,88-4446
66360062,scotus,No. 89-5970
66551629,scotus,No. 96-515
2880624,ca8,98-4058
862613,scotus,04-392
63984559,ca9,No. 11503
65614322,scotus,No. 13–1363.
2887818,ca8,02-1986
65681953,ca2,No. 02-8432
1616127,scotus,"Nos. 125, 126, 127, 128"
300036,ca10,01-3315
1927019,ca4,72-1141
342197,ca6,"92-5291, 92-5469"
125731,ca11,93-4312
764501,ca9,78-2953
878165,ca11,11-13694
1444719,ca10,04-6204
66342212,scotus,No. 87-283
67696920,ca5,22-10103
66287839,scotus,No. 78-990
1113205,ca5,12-10677
590421,ca10,05-2379
66342098,scotus,No. 87-730
2519710,scotus,131
66326617,scotus,No. 85-6080
1226678,ca4,80-6716
8342683,ca7,17-3051
100864,ca3,98-1177
372150,ca7,93-1597
355241,ca6,16515_1
66260312,ca11,No. 89-6012
63654597,ca2,20-3846-cv
65733470,ca4,No. 09-2186
65611461,scotus,No. 13–6729.
66333849,scotus,No. 86-6191
1289061,ca6,87-5363
66209158,scotus,No. 44
66039972,ca8,"No. 2,106"
65290987,scotus,No. 210
653709,ca8,12-2535
65269457,scotus,No. 14–7396.
22295013,ca9,19-35599
1408671,ca5,22906_1
2903157,ca8,08-1343
67629269,ca7,22-2256
66314589,scotus,No. 83-6562
2890043,ca9,"02-17525, 03-15913"
63968469,ca8,No. 11444
66434506,scotus,No. 97-1130
66209421,scotus,No. 897
64330650,scotus,No. 10-7594
298717,ca10,02-3145
290971,scotus,04-5994
66234855,ca2,"No. 1190, Docket 88-7162"
63350924,ca5,21-51147
1285958,ca3,96-5454
203009,ca8,76-1252
66216243,scotus,No. 845
728804,ca7,04-1423
177960,scotus,20
16616002,ca9,17-17194
66192699,ca5,No. 81-3330
457097,ca5,78-1545
168932,ca1,02-1153
63948159,ca2,No. 113
1293847,ca7,92-2357
4576660,ca4,16-7100
66534859,scotus,No. 99-5782; No. 99-6006
65676405,ca2,No. 03-7455
1427460,ca11,83-8277
65912681,ca9,No. 06-35821
66290974,scotus,No. 79-341
64004877,cadc,No. 14667
682664,ca8,01-1323
65684420,ca2,No. 03-1743
66476226,scotus,No. 02-10088
67699540,ca4,23-1095
17401873,cadc,18-7151
404210,ca9,95-50179
160954,cadc,01-5265
711109,ca7,97-1499
1869582,ca9,09-55108
64181852,ca7,No. 01-1419
1409050,ca8,"84-2038, 84-2091"
66272143,scotus,No. 75-5587
1084233,ca8,12-1206
64344517,scotus,No. 98-2008
1021297,ca5,11-50274
64024220,ca9,No. 94-35056
66555650,scotus,No. 83-5561
1982058,ca5,95-11183
66400440,scotus,No. 92-7620
66416597,scotus,No. 94-901
60329289,ca5,20-51047
2183341,ca4,84-1070
313439,ca4,80-1224
1566968,ca3,95-7232
66646354,scotus,No. 17–8526.
65749,ca8,13-2459
522937,ca7,06-4185
334575,ca5,20773_1
1460733,ca5,12866_1
65624065,scotus,No. 16–5543.
2484755,ca4,06-4319
66296485,scotus,No. 80-5282
387394,ca10,94-2081
65713358,ca4,No. 08-1742
2868723,ca3,99-5758
66432725,scotus,No. 96-8849
1293675,ca10,12-4001
2343305,ca5,77-2817
2101053,ca3,09-2656
69642120,ca5,24-10214
68062314,ca8,23-1267
63359875,ca5,21-60458
66524191,scotus,No. 05-7745
66549995,scotus,No. 95-9059
66328021,scotus,No. 11-1079
66240443,scotus,No. 1087
66420386,scotus,No. 94-7942
56917,ca5,95-60228
43038,scotus,171
16199825,ca11,18-14883
2477946,ca9,84-2468
674497,ca6,81-5630
66365354,scotus,No. 89-7339
59772686,ca2,20-629-cv
65713331,ca2,No. 08-2262-cr
1461401,ca6,79-5217
878129,ca8,10-3126
2501605,ca4,07-6382
965031,ca9,85-1300
1499512,ca4,77-2096
1021355,cadc,14100
66235201,scotus,No. 291
1048513,ca3,75--1299
66424995,scotus,No. 95-1356
1326485,ca4,86-7100
1041503,ca9,94-15539
324396,ca5,"03-30625, 03-30702"
283110,ca10,97-5009
63985448,ca2,"Dockets 20367, 20638"
2588847,scotus,12 ORIG
1173039,ca4,10-4114
2869001,ca3,00-3783
68973442,ca11,24-10075
226985,ca11,07-10717
20622350,ca2,20-730
66527303,scotus,No. 00-7287
63979174,ca4,No. 5238
2414510,ca11,91-5278
2835975,ca6,07-2183
65292657,scotus,No. 248
14741,ca5,99-40505
872586,ca5,97-20320
2512174,scotus,828
430557,ca2,750
224020,ca2,"369, Docket 82-2211"
539796,ca9,09-55514
2493145,ca11,92-8064
65733703,ca5,No. 09-40906
615125,ca5,91-1327
171878,ca6,09-4127
272763,ca4,84-6518
2654156,ca2,14-1837-cv
1442045,ca8,88-1924
65289414,scotus,No. 893
256776,ca3,12571_1
1470291,ca4,09-6426
648444,ca6,12409
1473897,ca5,00-40133
66543305,scotus,No. 95-5062
2408202,ca9,81-5321
66207347,scotus,No. 835
66065346,ca1,No. 942
2400917,ca5,08-51010
1539163,ca2,Docket 07-0507-cv
2877258,ca8,97-1540
1402549,ca10,6830
66362716,scotus,No. 89-6696
63669635,ca9,No. 2870
146120,ca5,11-20906
760661,ca4,72-1545
2502670,ca11,07-10546
730632,ca7,04-3873
66664143,scotus,No. 12–8933.
553692,ca9,89-16269
63928664,ca5,No. 5062
681519,ca4,08-7696
17011268,ca7,18-2569
66555621,scotus,No. 83-5330
66249290,scotus,No. 1254
368475,ca10,99-2369
983388,ca8,87-5403
66555286,scotus,No. D-36B
65612144,scotus,No. 13–8836.
18134,ca8,19-2910
66372222,scotus,No. 90-6709
942361,ca4,13-1775
1100326,ca1,02-1864
2339081,ca4,90-3101
1294885,ca2,81-7423
66516973,scotus,No. 02-911
507588,ca11,84-8493
66377695,scotus,No. 90-1956
66226648,ca2,"Nos. 1206-1213, Docket Nos. 87-1023 to 87-1026, 87-1036, 87-1041, 87-1090 and 87-1110"
70342324,ca9,24-3355
558581,ca1,91-1409
2454567,scotus,04-131
2468585,ca5,90-2708
66336537,scotus,No. 86-2061
66659584,scotus,No. 19-5082
66518488,scotus,No. 01-11037
66271479,scotus,No. 75-5361
66191300,ca1,"Nos. 81-1383, 81-1414"
66272382,scotus,No. 75-692
1119386,ca6,83-1815
2883920,ca8,00-1405
66728227,scotus,No. 19-7893.
2466125,ca5,08-10329
1935371,ca4,08-2143
66490600,scotus,No. 03-9434
97435,scotus,78-1076
66224124,scotus,"No. 969, Misc."
1060105,ca8,95-4086
2613338,ca6,14-3401
1121887,ca2,93-7725
66332297,scotus,No. 86-841
46887,ca2,84-7302
609774,ca1,"05-2065, 05-2129"
63782561,scotus,No. 81-665
69533421,ca9,24-2471
65286451,scotus,No. 1048; No. 1049
18525438,ca9,19-72952
65727773,ca3,No. 09-3168
66490252,scotus,No. 03-8988
66537137,scotus,No. 00-9925
66148435,ca4,No. 311
43142,ca10,13-1398
2423297,ca6,84-5132
352923,ca6,93-1891
63923810,ca5,No. 4631
66410223,scotus,No. 93-8690
66108941,ca6,No. 3807
66548545,scotus,No. 04-7703
258225,ca4,91-2557
356902,ca5,23863
2233905,ca6,85-2009
7432158,ca6,17-2001
516927,ca6,81-3536
65884004,ca5,No. 03-50102
1440252,ca2,"467, Docket 28816"
63941068,ca6,No. 5791
742899,ca7,02-3198
2878501,ca8,97-3185
66249205,scotus,No. 1184; No. 1231
66533358,scotus,No. 99-5152
1429783,ca2,27724_1
65957000,ca4,No. 13-2336
903259,ca4,88-1553
380690,cadc,73-2072
4578862,ca4,16-1910
67849,ca10,99-2166
551591,ca9,94-70074
66111387,cadc,"Nos. 1575, 1576"
66161235,cadc,No. 21985
405250,ca10,14-3116
519516,ca6,77-1215
2832978,ca6,05-3431
1032697,ca6,93-2167
974477,ca9,97-50132
65926427,ca9,No. 05-50375
66473903,scotus,No. 02-1249
830021,ca5,80-7543
66317726,scotus,No. 84-5641
65912609,ca9,No. 05-70971
66363049,scotus,No. 89-6763
66352828,scotus,No. 88-1394
63967683,ca5,No. 8999
66191022,ca5,No. 79-3581
89954,ca4,12-2157
7392482,ca5,17-10840
1100452,ca4,01-4366
90594,ca9,12-15472
6060595,ca9,16-16364
6139867,ca9,16-16210
908299,ca4,00-7743
219328,ca5,04-60751
65891650,ca2,No. 06-2822-ag
301240,ca11,06-12235
63986788,ca1,No. 4278
848414,ca8,93-1132
65692379,ca11,"Nos. 05-10922, 05-10923; D.C. Docket Nos. 03-60170-CR-WPD & 03-60194-CR-WPD"
66210673,scotus,No. 462
66427404,scotus,No. 95-8820
889935,ca4,11-6741
505370,ca10,91-1288
63971916,ca9,No. 9392
718697,ca9,07-35979
66390452,scotus,No. 91-8312
649212,ca4,12-4455
1067178,scotus,83-1748
2823918,ca4,97-1853
407849,ca1,06-1456
65895285,ca9,No. 06-10118
66345727,scotus,No. 87-7324
1713297,cadc,02-1076
66520653,scotus,No. 04-10359
1984375,ca5,96-60449
73528,ca4,81-6016
66792736,ca11,22-12075
64110324,ca6,No. 00-3192
4684488,ca5,16-51105 Summary Calendar
66223892,scotus,No. 702
6174359,ca9,14-16922
66278613,scotus,No. 76-859
65292510,scotus,No. 1028
65671859,ca9,No. 03-70183; Agency No. A72-114-290
66440800,scotus,No. 97-1089
303416,scotus,02-1480
66456159,scotus,No. 99-1221
2128943,ca5,98-60198
60362195,ca7,20-2979
65675340,ca9,No. 02-71329
1608716,ca2,72-2431
2879580,ca3,05-3897
444309,scotus,04-428
66524074,scotus,No. 05-7582
65616974,scotus,No. 15–5850.
66197975,scotus,No. 256
66500881,scotus,No. 10-6848
66198066,scotus,No. 557
965638,ca3,8155
799560,cadc,86-3005
1274950,ca9,"09-16181, 09-16607, 09-17710"
440668,ca3,10053
1712869,ca4,96-6189
385705,ca2,1032
985753,cadc,88-5077
2909752,ca9,05-17425
65659252,ca5,No. 07-61006
18464243,ca4,18-2514
2868174,ca3,97-1605
64281930,ca9,No. 01-17099; D.C. No. CV-01-05831-AWI
2496307,ca4,90-1718
740517,ca2,Docket 02-7209
1394992,ca2,22668_1
1454996,scotus,03-6517
66320594,scotus,No. 84-1751
1240885,ca4,82-8034
55809,ca11,05-16703
64015930,ca3,No. 93-7349
2217643,ca4,106092
66387858,scotus,No. 91-1578
1256469,ca5,79-5014
235459,ca9,81-1629
65713365,ca4,No. 08-8604
2854612,ca7,03-2446
454734,ca10,05-8017
65884500,ca5,No. 03-50944
1672623,ca9,85-7487
66379138,scotus,No. 91-5071
48456,ca5,05-10346
64283104,ca9,No. 01-55376; D.C. No. CV-00-01324-SVW
65702131,ca2,No. 05-4214-CV
65283183,scotus,No. 220
66280555,scotus,No. 76-1491
1084852,ca9,10-72536
2497718,ca4,96-7354
2901329,ca8,07-1334
66465324,scotus,No. 00-9704; No. 00-9745
66359786,scotus,No. 89-346
2468649,ca5,89-1463
2822986,ca1,98-1745
66247779,scotus,No. 5768
2489291,ca11,87-8160
787166,ca4,72-1003
2232641,scotus,02-8242
1733714,ca5,06-50573
66244516,scotus,No. 942
10549,ca9,15-35770
384225,ca1,74-1105
1518465,ca5,79-5237
206604,ca4,79-6688
63958665,ca4,No. 4054
95423,ca1,5493
6067200,ca4,16-1770
66642802,scotus,No. 16–8131.
2857822,ca7,07-1962
382988,ca5,09-40855
718313,ca7,97-3622
980687,ca6,84-5465
65679675,ca6,No. 03-5967
17107443,ca11,18-15339
744254,ca9,01-17535
65605868,scotus,No. 12–9942.
66228082,ca11,"Nos. 84-3625, 84-3626"
66401230,scotus,No. 92-1837
2856058,ca7,05-2201
66246504,ca7,No. 88-1833
66285153,scotus,No. 77-1538
1251638,ca4,10-7739
2062541,scotus,93-7637
2492812,ca5,97-60125
65299595,scotus,No. 1429
313343,ca8,97-3944
161106,ca11,09-16411
950092,ca9,80-1543
66270756,scotus,No. 74-1480; No. 74-1531
719238,ca5,29523
463550,ca4,97-2268
66532278,scotus,No. 98-1800
66265794,scotus,No. 73-1853
6084603,ca1,15-2520P
63979102,ca10,"Nos. 2809, 2810, 2814"
2350629,ca6,77-1219
65667263,ca9,"No. 01-71206, 02-72341; Agency No. A92-002-812"
612935,ca3,11-2051
752850,ca3,05-4133
66223242,scotus,No. 560
1184715,ca9,97-35859
65730021,ca3,No. 08-4385
294792,ca2,25612_1
66274715,scotus,No. 75-1607
66090812,ca8,No. 5111
567525,ca7,96-1125
1466803,cadc,11445
2044338,scotus,355
64332879,scotus,No. 10-9369
251308,ca10,84-1271
2371051,ca5,77-1986
2266648,ca5,98-60084
65684555,ca9,No. 03-70308
2826896,ca6,99-4285
964911,ca1,4198
818752,ca9,88-3077
789818,ca11,03-14894
64277003,ca3,No. 01-3347
2497967,ca5,76-4043
66176944,ca5,No. 75-2435
930387,ca7,83-1513
2856962,ca7,05-1785
241586,ca5,17302_1
65956608,ca9,No. 06-74543
65614387,scotus,No. 13–10177.
180360,cadc,79-1817
2419599,ca4,87-7300
348826,cadc,"06-3056, 06-3057"
1485113,cadc,12409
66722839,scotus,No. 18–1097.
63975737,ca9,No. 10189
63955821,ca5,No. 7825
541828,ca10,06-9541
66358832,scotus,No. 89-487
1046513,ca2,73-1874
986707,ca6,88-5370
4487999,ca5,16-10563 Summary Calendar
16276995,ca5,18-40846
1194459,ca4,97-7637
66322504,scotus,No. 85-5137
66229522,scotus,No. 954
66406331,scotus,No. 93-5214
446534,ca5,97-51036
547513,ca6,93-4236
3088935,ca4,16-6368
65668190,ca7,No. 03-1503
12222,ca4,19-1751
1495056,ca3,92-1277
667134,cadc,12-5168
6314483,ca6,17-5503
554392,cadc,92-7242
63975011,ca5,No. 10225
673222,ca8,17050
849246,ca10,94-2020
16814084,ca9,18-55520
2307269,cadc,"07-1455, 07-1506"
226956,ca11,07-10518
66182786,ca1,No. 77-1339
2831977,ca6,04-6157
2123640,scotus,03-10652
65892932,ca9,"Nos. 04-71523, 05-75384"
68956248,ca11,23-13315
66219230,ca9,No. 85-5843
2219941,ca9,98-99032
66026384,ca2,No. 50
282610,ca8,88-1975
66437995,scotus,No. 97-5224
66271092,scotus,No. 74-6741
66341079,scotus,No. 87-1081
661845,ca2,32190_1
66258751,ca6,"Nos. 86-6280, 86-6281"
628376,ca2,112
2087736,ca7,02-4257
66553713,scotus,No. 96-7458
539128,ca6,93-6377
64286443,ca9,No. 02-15496; D.C. No. CV-02-00326-MJJ
700407,ca5,29648
65690384,ca11,No. 05-10445; D.C. Docket No. 03-00583-CV-FTM-29-DNF
4117564,ca9,13-15115
925667,ca5,92-1059
917004,ca4,08-4952
2612336,ca9,13-56108
67596971,ca5,21-40856
65888148,ca9,No. 04-16180
472093,ca7,91-1527
346188,ca3,74-1993
66492601,scotus,No. 03-9273
1748103,ca6,87-4057
402213,cadc,99-7165
288583,ca5,84-2538
64004479,cadc,No. 14111
2160829,ca2,90-1079
203266,cadc,"98-5176, 98-5236"
424396,ca1,82-1138
66207440,scotus,No. 897
865103,ca4,00-4026
889613,ca11,12-10179
2269266,ca7,76-1005
2853216,ca7,01-4029
66394805,scotus,No. 91-8718; No. 92-5092
64334586,scotus,No. 10-9998
65610836,scotus,No. 13–5071.
191356,ca5,04-40022
66663954,scotus,No. 12–10377.
67692782,ca9,23-16091
63950751,ca10,No. 901
907451,ca4,99-4196
357015,ca4,93-6278
964050,ca4,01-2004
65714804,ca9,No. 07-56215
127506,ca10,95-1258
59925404,ca11,20-12414
6144967,ca4,17-6735
68064748,ca9,22-50046
63774259,scotus,No. 09-851
69355618,ca8,"22-2979, 22-3067"
1985836,ca9,436
66164080,ca9,No. 25110
1125355,ca11,81-7859
756578,ca7,91-1603
1321334,ca11,97-9185
6142195,ca11,15-13791 Non-Argument Calendar
65958357,ca4,No. 14-6622
66491487,scotus,No. 03-9625
69213954,ca2,24-2058
2902656,ca8,07-2064
60328078,ca9,20-55379
885262,ca1,13-2271
2044442,cadc,98-1433
66543704,scotus,No. 95-5581
66517965,scotus,No. 01-10381
2496355,ca4,05-6221
65278213,scotus,No. 159
64346910,cadc,No. 80
66199996,scotus,No. 714
931379,ca2,82-1169
65953499,ca2,No. 07-4188-ag
66258775,ca10,No. 89-9514
2046598,ca5,76-1523
1229527,ca6,74-2326
66223411,scotus,No. 514
167664,ca11,13-12400
776546,ca10,95-1495
2048663,ca6,92-1248
16126118,ca7,19-1012
65674502,ca9,No. 02-57121. D.C. No. CV-01-04581-AHM
443391,ca4,09-4768
960325,ca10,02-4196
66313513,scotus,No. A-772 (83-6453)
535043,ca9,92-56388
66391591,scotus,No. 92-5082
2226907,ca4,91-6695
682907,ca2,1998
65920466,ca9,"Nos. 07-55271, 07-56064"
1961558,ca2,Docket 03-4108
1120508,ca8,13-3621
66444406,scotus,No. 98-5756
2040984,ca4,94-6872
2519259,scotus,2647
744151,ca8,"02-3826, 02-3919"
65686514,ca4,No. 05-6737
66430165,scotus,No. 96-1180
64007426,ca8,No. 16559
66315005,scotus,No. 83-7041 (A-1068)
782752,ca10,98-9016
434144,ca8,83-2522
1003943,scotus,"ROAD IMPROVEMENT DIST. NO. 7 OF POINSETT COUNTY, A"
65301554,scotus,"No. 223, Misc."
66489066,scotus,No. 03-8941
6074390,ca5,16-11655
588073,ca9,789
65702519,ca9,No. 08-72815
301130,ca11,06-14194
518971,ca2,Docket 08-1589-cv
342329,ca9,92-15600
2362038,ca6,90-2350
385542,scotus,04-5319
66234736,ca10,No. 84-2540
65616609,scotus,No. 15–5222.
412144,ca10,96-2109
546476,cadc,04-5048
66230458,scotus,No. 844
63958150,ca6,No. 7187
65683987,ca9,No. 03-70446
3045336,ca2,14-1589
1315561,ca4,09-6329
66534427,scotus,No. 99-5878
65671798,ca9,No. 02-71345
63961789,ca10,No. 1530
66298589,scotus,No. 80-6146
2891196,ca8,03-1817
66288300,scotus,No. 78-752
1424408,ca2,23158
66319152,scotus,No. 84-336; No. 84-629; No. 84-653; No. 84-692; No. 84-707; No. 84-781; No. 84-784; No. 84-5502; No. 84-5545; No. 84-5684; No. 84-5810; No. 84-5926
46042,ca5,96-50912
66165691,ca7,"Nos. 18886-18889, 18977-18980"
403551,ca6,95-5223
66422577,scotus,No. 94-8670
66438799,scotus,No. A-269
65733530,ca3,No. 09-4466
539180,ca10,95-3224
1978172,ca11,92-8737
63974230,ca9,No. 9680
2858814,ca7,07-3308
63776710,scotus,No. 09-8147
65961285,ca6,No. 15-3149
66116867,ca2,No. 336
64006839,ca8,No. 16381
7083087,ca3,17-2967
632513,ca2,"590, Docket 74-2304"
712936,ca9,87-6114
382165,ca9,75-1946
64166100,ca6,No. 00-3789
59817191,ca4,20-4028
2072963,ca3,85-3220
857179,ca6,94-4223
64455342,ca4,21-1602
300821,ca3,13313
66419643,scotus,No. 94-7947
66387137,scotus,No. 91-7472
66196974,scotus,No. 449
66487721,scotus,No. 03-8395
63972177,ca10,No. 2166
66725866,scotus,No. 19-6291
63949641,ca9,No. 7051
66507991,scotus,No. 12-730
1022206,ca4,11-4370
65911284,ca2,No. 07-1772-ag
66323027,scotus,No. 10-1215
66235635,scotus,No. 506
1042899,ca9,94-70255
2260067,ca4,99-7014
404884,scotus,168
66249510,scotus,No. 6319; No. 6474; No. 6579; No. 6663
66452914,scotus,No. 98-8435
2454142,ca4,89-7718
96572,ca4,06-7485
405787,ca6,95-3320
66259550,ca10,No. 89-3036
66386691,scotus,No. 91-7643
394690,cadc,71-1333
66662084,scotus,No. 12–7596.
545919,cadc,01-1198
65614525,scotus,No. 13–1388.
66234451,ca5,No. 85-4786
65723677,ca2,No. 08-1553-bk
1346180,ca5,97-10995
1346147,ca3,93-3164
1015275,ca5,91-6204
65957400,ca5,No. 13-50960
67897360,ca6,23-3606
65294860,scotus,No. 362
2271854,ca2,90-7859
1603633,ca4,96-6019
497683,ca5,84-3803
1108630,ca4,07-1333
62992726,ca11,21-10079
2417469,ca1,6458
1171617,ca9,"07-99006, 07-99007"
2456531,ca4,05-6863
65700530,ca9,No. 04-70180
8020710,ca7,17-3224
2432566,ca4,6406_1
69660573,ca4,25-1163
66516431,scotus,No. 02-7572
1117332,ca11,06-11144
63925161,ca4,No. 2487
2056486,scotus,03-403
65285494,scotus,No. 112
189867,ca8,"18970, 18971"
63992703,ca8,"Nos. 13656, 13657"
65944838,ca9,No. 06-56554
66277675,scotus,No. 76-830
1388134,ca10,98-6157
2888945,ca3,05-4246
2429148,ca3,10149_1
66262195,scotus,No. 72-1545; No. 72-1553; No. 72-1592
696931,ca7,18073_1
2296297,ca2,73-1030
66459556,scotus,No. 99-6035 (99A957)
66728552,scotus,No. 19-8275.
65956844,ca5,No. 07-20613
66232706,scotus,No. 666
65659815,ca9,No. 10-56017
66342960,scotus,No. 87-1213
418245,scotus,04-9013
4482337,ca7,15-2584
513451,ca6,90-3119
1066878,ca5,79-3988
66649753,scotus,No. 18–6806.
2916,ca9,17-35588
1097228,ca4,99-4947
66257170,scotus,No. 72-516
2150722,ca4,78-5233
68058289,ca11,22-10419
66443503,scotus,No. 98-5091
66462233,scotus,No. 00-8493
63984949,ca6,No. 10145
6140516,ca9,13-73009
2107695,ca11,89-7530
2266780,ca11,12-13125
65912684,ca9,No. 07-10259
1998059,ca8,87-1832
559729,ca9,"10-35623, 10-35784"
63930607,ca2,No. 110
1994687,ca5,99-40231
2105018,ca10,97-7012
2186640,ca4,83-1952
1586841,ca6,73-1952
2544286,ca7,4375
584741,ca4,10-1500
194725,ca11,05-11389; D.C. Docket 04-00328-CV-T-30MSS
1951358,ca5,84-4341
66131655,ca6,No. 153
69351938,ca9,23-15976
691769,cadc,16333_1
2833820,ca6,06-2203
520270,ca4,96-1594
397846,ca6,95-4296
169755,ca5,93-07309
690529,ca5,18697
64203558,ca9,No. 00-10645; D.C. No. CR-97-00574-1-GEB
66266631,scotus,No. 74-215
64327220,scotus,No. 10-5326
2046626,ca5,76-1759
930848,ca9,74-2155
4684645,ca8,16-1959
799344,ca11,85-8734
957865,ca10,96-2207
63313730,ca9,20-71178
1324388,ca6,71-2096
64992164,cadc,No. 79-1551
1259552,ca5,03-30173
66525425,scotus,No. 05-8905
1371324,ca6,79-5106
65301434,scotus,No. 219
135335,ca5,13-50085
66270384,ca2,"No. 539, Docket 91-7536"
1424742,ca4,96-4732
470979,ca3,89-3748
10431,ca11,19-13400
598872,cadc,83-1737
893222,ca10,13-6005
2518987,ca5,5812
2456154,ca8,96-1714
69004291,ca9,24-89
2480824,ca4,99-7640
2476493,ca3,89-3613
65894677,ca5,No. 06-10292
14708696,ca5,18-30713
2869553,ca3,01-2374
65301207,scotus,No. 519
66218521,scotus,No. 709
2824,scotus,40
879290,ca7,12-2071
66353820,scotus,No. D-743
1020898,ca11,10-15838
675069,ca4,06-4606
63362087,ca5,21-11089
66662303,scotus,No. 12–1213.
1100349,ca4,07-1191
65887753,ca4,"Nos. 04-5081, 06-4051"
2879613,ca8,98-1404
1562062,ca8,07-2126
63235498,ca5,21-50776
66474644,scotus,No. 02-8442
2905406,ca8,09-1484
66413491,scotus,No. 94-337
65680201,cadc,No. 04-5239
65688939,ca4,No. 09-8066
829819,ca8,89-2931
170783,ca4,10-4232
300521,ca7,79-1937
1748993,ca6,93-5016
1158578,ca9,09-10458
4109161,ca7,15-2543
119158,ca6,87-3803
66294432,scotus,No. 79-1767
1513960,ca5,88-4081
1474611,ca11,97-4913
65296085,scotus,No. 289
1505771,scotus,01-9884
63974978,ca9,No. 9960
66194001,ca4,"Nos. 83-1426, 83-1511"
224417,ca3,285
140118,scotus,242
2866995,ca3,93-7007
759433,ca3,71-1718
2165966,ca5,77-1896
60273829,ca5,21-10436
734602,ca6,71-1656
718135,ca5,92-4607
63967255,ca7,No. 6829
59989701,ca5,20-10456
65280109,scotus,No. 598
64344406,scotus,No. 96-1183
202119,ca5,03-40998
66294605,scotus,No. 79-2057
66256455,scotus,No. 72-5152
65289942,scotus,No. 506
65890671,ca9,No. 05-74816
60088834,ca2,20-603
2890280,ca8,03-1033
1978,ca10,19-3169
63185494,ca9,20-56310
655799,ca5,22895
218975,ca5,95-50007
680220,ca11,12-16557
66089861,ca7,No. 2542
1181762,ca3,96-7154
4109699,ca1,14-1864P
1394187,ca9,75-1084
72966,scotus,03-5665
66364903,scotus,No. 89-7386
66291410,scotus,No. 79-792
1054563,ca4,95-5252
2821955,ca1,97-1480
4559219,ca8,16-1616
64345203,scotus,No. 12-330
66307799,scotus,No. 82-5003
2854206,ca7,02-2850
922563,ca2,"306, Docket 81-1263"
2823827,ca4,95-5420
2450199,ca4,90-1147
2624225,scotus,13–7211.
510384,ca5,92-4741
67502938,ca9,21-50004
2273489,ca6,73-1621
654468,ca11,91-5358
897400,ca2,Docket 11-3061-cv
527465,ca3,13-1296
1090079,ca4,12-7700
65607298,scotus,No. 13–5505.
64090314,ca11,No. 01-11439
67989365,ca9,22-55662
63997462,ca8,No. 14609
2472093,scotus,21
258298,ca4,7635_1
1198123,ca3,05-4997
66406135,scotus,No. 93-203
6310348,ca9,15-35035
420607,ca5,09-60369
2663392,ca5,14-60214
1246913,ca9,88-1298
70103,ca2,80-2049
69960993,ca5,24-50701
753870,ca7,11-2103
680188,scotus,141
176807,ca10,"98-9541, 98-9542"
595723,ca10,77-1575 to 77-1577
2896395,ca8,05-1062
2495190,ca6,92-5697
807823,ca7,87-8010
695566,ca7,15235_1
66663357,scotus,No. 83-6018
65884650,ca4,No. 04-6478
66243268,scotus,No. 561
7703269,ca2,17-839-cr
69713976,ca5,24-10670
63243704,ca4,21-4267
1055434,ca9,95-35176
64984854,cadc,"Nos. 74-1036, 74-1243"
65734095,ca4,No. 09-7119
66353821,scotus,No. D-743
66424431,scotus,No. 94-1244
63964230,ca9,No. 8708
197035,ca4,93-5765
718334,ca7,99-1627
66334723,scotus,No. 86-1383
669721,ca8,17635
64015934,ca4,No. 93-1363
656371,ca5,24347
2323064,ca9,86-1975
1222192,ca6,93-5028
6288642,ca7,16-3032
1421357,ca4,11-6687
213370,ca5,91-08346
967084,ca5,84-2403
2895630,ca9,04-70345
7814636,ca3,17-2980
66443470,scotus,No. 98-5072
67404211,ca2,22-527
65617649,scotus,No. 15–6599.
226033,ca5,82-1302
67117,cadc,77-2007
754972,ca5,74--2080
65626025,scotus,No. 16–6518.
64933802,ca3,22-2225
2482169,scotus,04-9123
1100427,ca5,80-7194
66296270,scotus,No. 83
828922,ca5,90-1320
1963512,ca11,99-11287
64020598,ca8,"Nos. 94-1503, 94-2911 and 94-3069"
1577941,ca7,07-1470
1601500,ca11,83-7331
66415342,scotus,No. 94-6231
66465418,scotus,No. 00-9904
545003,cadc,97-1170
2046537,ca1,84-1741
65616163,scotus,No. 15–5298.
66477086,scotus,No. 02-9942
66257634,scotus,No. 72-5570
66414834,scotus,No. 94-5196
464794,scotus,04-7701
69898240,ca10,24-2097
676804,ca4,07-4371
732823,ca9,03-17207
2875761,ca3,05-5171
1394753,ca11,86-8550
63946345,ca6,No. 6209
55983,ca2,10-1282-cr
478963,ca6,79-1581
2046389,ca9,10-50206
66661702,scotus,No. 12–9112.
66187818,ca9,"Nos. 77-2695, 77-2732"
66464246,scotus,No. 00-9415
66273787,scotus,No. 75-6252
64333784,scotus,No. 10-10130
60066194,ca5,20-60680
66451615,scotus,No. 98-8151
66251746,scotus,No. 71-5134
66419736,scotus,No. 94-820
1956035,ca10,88-2158
7399419,ca4,17-7456
66261275,scotus,No. 72-6713
1414730,ca5,94-40592
718648,ca5,28867
66184252,ca3,"Nos. 77-1916, 77-2054"
1056322,ca9,95-56030
495197,ca1,91-1407
631397,ca3,12-1777
970159,ca3,85-5412
404771,scotus,"28, Original"
131839,ca7,13-2353
66189067,ca5,No. 79-1340
66296424,scotus,No. 80-648
732749,ca9,03-73064
63969572,ca8,No. 11621
66312566,scotus,No. 82-1146
66080647,ca2,No. 127
67524904,ca4,23-4404
6141807,ca4,17-6350
1314373,ca4,04-6547
66091897,ca9,No. 3213
61757694,ca9,21-15142
2836088,ca6,07-2354
1127763,ca9,7323
2830833,ca6,05-1481
66536046,scotus,No. 00-1809; No. 00-10049; No. 01-5276; No. 01-5424
65624484,scotus,No. 16–5799.
1743874,scotus,04-7780
66339331,scotus,No. 87-533
65680641,ca7,No. 04-1140
494808,cadc,86-7096
66169065,ca3,No. 72-1075
66248674,scotus,No. 6258
685937,ca9,11-71772
66274633,scotus,No. 75-6630
316341,ca1,90-2051
569573,ca10,10-1554
66085358,ca8,No. 4520
654493,ca3,11157_1
65723222,ca2,No. 07-3268-CV
2866954,ca3,94-1395
66201539,scotus,No. 342
226629,ca9,97-56159
65711485,ca4,No. 08-7611
925859,scotus,100
1185634,ca10,90-2235
66100493,cadc,No. 3453
66184223,ca5,No. 76-4478
2886181,ca8,01-3403
443024,ca4,9880_1
600412,ca5,09-40361
1296737,ca9,85-3125
1074446,ca9,"11-30290, 11-30291"
66066324,ca2,No. 246
1464632,ca4,10716
724048,ca7,99-4230
318041,ca4,80-8167
2445030,ca5,15481_1
224210,ca5,82-1613
1380791,ca3,08-4200
65721842,ca4,No. 09-7254
29095776,ca11,20-12736
1017157,ca6,92-5882
411676,ca2,"152, Docket 86-7260"
161882,ca2,13-993 NAC
65670425,ca9,No. 02-35533
66351195,scotus,No. 88-6194
468364,ca10,07-6238
589580,ca10,05-3329
282148,scotus,85-250
65302536,scotus,No. 282
1812532,ca11,97-5992
1140672,ca4,04-2503
202768,ca8,76-1057
66077530,ca2,No. 219
66075604,ca2,No. 46
65285209,scotus,No. 454
66469696,scotus,No. 01-8737
966288,ca3,09-2640
66502361,scotus,No. 10-656
65682055,ca9,No. 04-70055; Agency No. A79-417-399
66535187,scotus,No. 99-6304
65662753,ca8,No. 15-3160
316244,ca4,81-6116
63981574,ca4,No. 5393
11597,ca6,18-3839
1359955,ca3,79-1906
66519014,scotus,No. 02-5436
1033040,ca2,"313, 547, Dockets 93-7282, 93-7342"
66527166,scotus,No. 00-6966
66513943,scotus,No. 11-8228
66337342,scotus,No. 86-7034
66502290,scotus,No. 10-7985
59731488,ca2,20-419-cv
1008876,ca6,1164
226387,ca1,"83-1937, 84-1035 and 84-1089"
596310,ca6,81-5500
562733,ca6,90-2377
4481095,ca9,15-50220
66398802,scotus,No. 92-7536
2894990,ca8,04-3438
63188901,ca9,21-55599
66279401,ca11,No. 90-8882
4126485,ca9,15-50088
1129103,scotus,03-9086
160608,ca1,09-2186
1125407,ca2,157
995022,ca8,9343
1116671,scotus,256
595777,ca10,08-3124
65624425,scotus,No. 16–5560.
30702,ca5,02-10296
66284933,ca11,No. 91-5137
66424355,scotus,No. A-158 (O. T. 1995)
2210631,ca3,83-5117
827700,ca3,90-1015
66500678,scotus,No. 10-6381
1421107,ca4,83-6516
66088626,ca2,No. 66
65716480,ca4,"Nos. 09-6219, 09-6221"
240007,cadc,15048_1
2181289,ca3,19543
8047573,ca11,18-11017
1180432,ca3,96-3293
66501693,scotus,No. 10-583
64002805,cadc,"Nos. 13394, 13406"
65294887,scotus,No. 72
280520,scotus,04-6416
129614,ca2,90-4115
1395450,ca6,93-2251
6290176,ca9,16-55604
2860360,ca7,08-3316
704142,ca3,03-1547
13773,ca5,00-40023
66417095,scotus,No. 94-7019
65280838,scotus,No. 513
66225093,ca8,"Nos. 86-1270, 86-1645 and 86-1646"
279058,ca9,84-6068
65677342,ca9,No. 03-16021
66464068,scotus,No. 00-8930
2419517,ca6,81-3313
532808,ca9,11-55316
100493,ca5,79-3400
65699601,ca9,No. 04-10376
66442729,scotus,No. 97-9539
66548146,scotus,No. 04-6629
66520635,scotus,No. 04-10336
1793208,ca3,88-5622
658769,ca3,17116_1
439026,ca10,96-3419
2454076,ca3,97-3558
657806,ca5,02-60025
762666,ca6,79-1134
992461,ca8,7984
210873,ca5,78-5216
65680404,ca4,No. 04-7003
64281040,ca6,No. 01-2726
1940181,ca5,87-3038
64332529,scotus,No. 10-8863
1021587,ca4,11-6513
1217541,ca5,06-31153
65961588,ca11,No. 13-13804
714136,ca5,27781_1
1285166,ca5,73-1344
1195923,ca3,83-1788
66422925,scotus,No. 94-9023; No. 94-9046
14276322,ca4,18-2431
694226,ca6,16270_1
16020836,ca5,18-50799
66649077,scotus,No. 18–6415.
2275119,ca9,80-4021
64339110,scotus,No. 11-7364
565269,ca6,92-5108
1006580,ca7,90-3749
66405249,scotus,No. D-1447
645473,ca10,04-1203
65729771,ca3,No. 09-1620
66424438,scotus,No. 95-5956 (A-256)
65676772,ca7,No. 03-3035
1491188,ca8,536
327287,ca4,90-1537
66352607,scotus,No. 88-6401
65954922,ca7,No. 07-2234
66280875,scotus,No. 76-6848
660256,ca7,97-1617
66260365,ca6,No. 90-1323
63943439,ca10,No. 629
437633,scotus,843
69709429,ca5,24-30366
86398,cadc,"10-1276, 10-1307"
65962391,cadc,No. 14-1305; Consolidated with 15-1061
551330,ca9,08-10114
64110173,ca9,No. 99-70493; I & NS No. A29-280-195
66817056,ca9,21-15621
1335293,ca1,83-1033
66726114,scotus,No. 19-6717
1153622,scotus,85-1530
65301332,scotus,No. 204
66462063,scotus,No. 00-8041
265484,ca5,73-2115
66396294,scotus,No. 92-5954; No. 92-6182; No. 92-6386; No. 92-6532
2646545,ca3,14-3732
845779,ca2,11-1834-ag
66224733,scotus,No. 1001
1225218,ca3,93-5051
66348836,scotus,No. 88-5683
66328916,scotus,No. 11-1189
66024253,ca1,No. 184
66307672,scotus,No. 81-7001
938790,ca9,79-1806
2872967,ca3,04-4603
2347965,scotus,03-9282
65628464,scotus,No. 16–6476.
2672077,ca5,14-10986
2486950,ca3,81-3103
66317560,scotus,No. 84-483
65668736,ca6,"Nos. 01-2273, 01-2546"
279804,ca9,16787
66454970,scotus,No. 98-8758
66468014,scotus,No. 01-8577
345081,ca5,88-4560
1473440,ca2,85-7017
2885562,ca8,01-1554
2880885,ca8,98-3775
66459473,scotus,No. 99-9337
1376913,ca2,90-2098
3034027,ca3,15-2803
344593,ca2,"145, Docket 22229"
65615477,scotus,No. 14–10141.
66298918,scotus,No. 80-5640
2240145,ca11,93-2834
66466983,scotus,No. 01-8075
1936512,ca4,72-2331
65724995,ca9,No. 07-50528
65712144,ca4,No. 13-7992
694504,ca10,83-1681
2482532,ca9,16844_1
260215,scotus,155
14536928,ca2,18-581
332027,ca5,19236
66291012,scotus,No. 79-670
2458835,ca9,75-2192
1217656,ca4,02-6997
64455157,ca4,20-7548
1547590,ca6,79-1501
405972,ca11,85-3423
66357343,scotus,No. 89-5302
66354641,scotus,No. 88-1794
66331396,scotus,No. 86-526
66073381,ca1,No. 1002
2878500,ca8,97-2983
63942950,ca6,No. 6118
66565167,ca8,22-2092
6068416,ca9,16-16705
464758,ca10,"09-5138, 10-5014"
43896,ca5,08-60241
2835864,ca6,07-1019
2019410,scotus,92-8629
66286024,scotus,No. 78-291
478475,ca4,82-5192
588226,ca1,74--1399
2908162,ca9,05-35383
1601762,ca5,94-41312
1342231,ca9,85-2020
67022762,ca11,20-14315
66374632,scotus,No. 90-1480
66469924,scotus,No. 01-1442
66356388,scotus,No. 88-7405
66504551,scotus,No. 11-10980
66259653,scotus,No. 72-287; No. 72-5272
65706859,ca4,No. 13-6230
1071222,ca6,97-2312
65614268,scotus,No. 13–9725.
565387,ca6,92-1276
414636,ca7,77-1915
66644099,scotus,No. 17–5401.
65655492,ca9,No. 01-56673
2114836,ca11,91-7212
66403421,scotus,No. 93-7412
2875345,ca3,04-4635
66338533,scotus,No. 87-5438
691908,ca7,13194_1
17191436,ca10,19-3128
1287965,ca8,96-2525
1558777,scotus,03-6129
66456171,scotus,No. 99-1254
1297728,ca2,21663_1
66072590,ca5,"No. 2,439"
733954,ca7,05-1803
546137,cadc,01-1456
2014426,ca5,05-50933
788030,ca10,02-5084
66358267,scotus,No. 89-415
613064,ca11,85-8894
68366998,ca11,24-10308
67347583,ca2,23-303
2915959,ca11,11-14013
836886,ca9,91-70507
1936073,ca11,92-4549
545414,ca9,93-17223
63306729,ca9,18-16846
65667464,ca9,No. 02-56102; D.C. No. CV-02-00987-FMC
66401935,scotus,No. 92-8384
2836049,ca6,08-1914
65733033,ca5,No. 09-40519
97204,ca6,02-5540
1714723,ca2,88-7418
65713512,ca9,No. 08-73941
1292804,ca6,92-1021
737656,ca6,03-2012
66060394,ca2,No. 94
796378,ca2,95-5093
66355358,scotus,No. 88-7321
983325,ca9,85-5854
457751,ca8,79-1373
129113,scotus,71-1545
1014772,ca5,04-50713
1995707,ca7,97-3133
64325632,scotus,No. 09-1207
66472040,scotus,No. 01-10258
2161902,ca1,95-1507
63934700,ca2,No. 261
66550556,scotus,No. 96-5036
16459076,ca5,18-50848
65908580,ca9,No. 05-36029
173309,ca2,"173, Docket 22239"
66300534,scotus,No. 80-2049
2918244,ca11,10-11307
1192743,ca9,80-5284
66204978,ca4,No. 83-2106
64163010,ca6,No. 01-1539
818610,ca3,87-4107
1017951,ca11,94-8440
203278,ca5,03-51327
2861073,ca7,09-2029
65624977,scotus,No. D–2941.
439091,ca2,825
1041615,ca2,"136, Docket 20435"
634158,ca4,02-1287
1257157,ca7,86-2696
366606,ca8,"12-4019, 13-1327"
66213077,scotus,No. 286
66342838,scotus,No. 87-992
65729805,ca4,No. 09-6835
683351,cadc,18187
2895563,ca9,05-35085
17073418,ca2,19-1421-cv
66270336,ca5,"Nos. 90-1684, 91-1134"
66479781,scotus,No. 02-11243
2624839,ca4,14-4583
59955430,ca5,20-20302
2093051,ca5,75-2358
297658,ca2,08-4063-ag
66434057,scotus,No. D-1822
385536,ca5,07-30646
65704398,ca9,No. 07-15656
661353,ca9,76-1834
66464990,scotus,No. 00-9324
67362544,ca9,22-327
65630683,scotus,No. 343
1251413,ca5,93-1438
299311,ca5,05-30258
2878214,ca8,97-3772
849988,ca6,94-5526
66428530,scotus,No. 95-9056
66437670,scotus,No. 97-43
65896162,ca2,No. 06-4770-ag
65896091,ca9,No. 05-72197
66511269,scotus,No. 11-6767
14533956,ca7,18-2035
2920409,ca11,09-12007
66539965,scotus,No. 01-7498
63778266,scotus,No. 09-1243
7698625,ca7,17-1903
66346203,scotus,No. 87-2112
18716249,ca5,19-10784
63923627,ca3,No. 3371
2899646,ca8,06-3751
66643905,scotus,No. 17–5184.
2052705,ca4,00-6100
2432151,ca4,02-2354
66351290,scotus,No. 88-6261
16993204,ca7,19-3103
66382096,scotus,No. 91-5776
2292156,ca4,96-1677
820381,cadc,88-7144
941134,ca4,03-4093
16546174,ca9,18-50127
66372062,scotus,No. 90-6565
972499,ca6,"86-5636, 86-5769"
3038,ca4,19-4159
59961296,cadc,20-1234
65291068,scotus,No. 799
65623811,scotus,No. 16–5219.
63982115,ca1,No. 4111
998501,ca6,88-6201
1126197,ca2,219
63783836,scotus,No. 87-1240
230571,ca5,07-30104
66202847,scotus,No. 226
66202026,ca5,"Nos. 84-1745, 84-1835 and 84-1878"
141770,ca5,96-10951
2689834,ca9,13-50544
66234540,scotus,No. 931
66648393,scotus,No. 18–5779.
65707150,ca9,No. 07-10575
1070729,ca9,08-70497
1082760,ca7,10-1292
1116763,scotus,"7, Original"
63977157,ca3,No. 8351
66482092,scotus,No. 03-5720
608552,ca8,16851_1
66222827,scotus,No. 171
2489479,ca5,04-40450
2652552,ca9,13-10632
63926777,ca4,No. 2537
66296824,scotus,No. 80-869
273374,scotus,75
64347061,cadc,No. 368
65176,scotus,92-8499
66074043,ca9,No. 2349
405015,ca9,76-2628
66553879,scotus,No. 96-7231
30564,scotus,06-8636
478349,ca3,92-1439
584179,ca11,89-3515
65957207,ca4,No. 14-1177
6243536,ca9,16-15524
2104996,ca4,92-6164
66298362,scotus,No. 80-1070
66724626,scotus,No. 18-280.
294849,ca4,7904_1
2152021,ca3,78-2570
66197358,scotus,No. 116
755399,ca5,81-3143
1217110,ca6,01-3132
66510638,scotus,No. 11-5463
63966579,ca4,No. 4425
707263,ca9,22927
667857,ca3,77-1531
64331043,scotus,No. 10-793
166982,cadc,87-3077
2894329,ca8,04-1888
562949,ca10,92-1010
143408,scotus,09-9634
65673012,ca9,No. 03-70391; Agency No. A70-934-291
66305021,scotus,No. D-271
24528,ca3,91-5070
63737857,ca5,No. 4363
2714359,ca5,14-60041
63776642,scotus,No. 09-176
448207,cadc,83-1666
2089593,ca9,85-6309
66284089,scotus,No. 77-6441
66443175,scotus,No. 98-134
66334358,scotus,No. 86-1458
782720,ca10,98-5109
65721167,ca9,No. 08-17560
63370835,ca9,19-71370
3009458,ca11,15-12603
65705202,ca9,No. 07-56122
748460,ca9,02-71742
324728,ca10,13-9593
66474932,scotus,No. 02-9488
66395048,scotus,No. 92-6882 (A-468)
17151052,ca9,18-50253
1220166,ca9,03-16068
641781,ca10,6920_1
64330755,scotus,No. 10-7928
66055194,ca5,"No. 1,823"
755188,ca6,11-5846
2853376,ca7,01-3443
64707876,ca4,21-7770
605881,ca2,"363, Docket 26721"
28489,ca9,20-55748
977358,ca8,18010
2907013,ca9,06-30406
65611510,scotus,No. 13–6827.
65628498,scotus,No. 16–8130.
825799,ca7,"89-1797, 89-1887"
456311,ca10,05-7103
66510120,scotus,No. 10-11228
66133066,ca8,No. 549
63935424,ca9,No. 6170
15848452,ca1,18-1369P
66247517,scotus,No. 598
66235752,scotus,No. 581
2380414,scotus,24
922766,ca10,02-3323
2423337,ca5,96-50388
2626840,ca9,13-35290
66530992,scotus,No. 99-6705
69136177,ca3,23-2743
202976,ca8,76--1079
16174757,ca2,18-3484
66507561,scotus,No. 12-610
66244233,ca11,No. 88-6151
718141,ca9,77_1
65296725,scotus,No. 1040
560773,ca9,"90-35212, 90-35228"
66192033,ca2,"Nos. 801, 802 and 746, Docket 81-6204, 81-6242 and 81-6244"
822331,ca11,86-3448
63962432,ca9,No. 8623
2150993,ca11,85-5750
825903,cadc,89-1533
180243,ca5,02-60110
144516,ca11,13-10624
2279278,ca6,79-3034
65895384,ca5,No. 06-41298
399791,ca1,75-1151 and 75-1152
66139154,ca6,No. 467
64022364,ca4,"Nos. 94-7346, 95-6422"
1431148,ca3,93-1591
66258499,scotus,No. 72-493
2494836,ca5,90-1164
1271433,ca9,85-3010
65627172,scotus,No. 16–7590.
959349,ca4,83-1747
8485383,ca2,18-1320
94554,ca7,09-3356
8424933,ca2,14-2402
1146748,ca5,77-2111
1067137,ca8,96-4018
2871811,ca3,02-2994
2432238,ca4,00-6509
354794,ca4,155
314267,ca1,05-2092
1284136,ca4,82-1543
1443767,ca6,76-2392
64326310,scotus,No. 09-10790
298254,ca5,04-40888
66295062,scotus,No. 80-5105
66320354,scotus,No. 84-1227
66553749,scotus,No. 96-7557
1069728,ca2,98-7077
8418195,ca2,18-1027-cv
393137,ca9,93-55085
66191278,ca11,No. 81-7226
66282985,ca1,No. 92-2226
426938,ca4,74-2181
69597058,ca11,24-10566
66170038,ca7,No. 72-1674
1930306,ca11,90-8676
775043,ca9,"73-1583, 73-1582"
66418707,scotus,No. 94-7397
66246290,scotus,No. 1573
922780,ca9,12-10005
732755,ca8,03-3394
65730175,cadc,No. 09-7106
1129150,scotus,03-9909
63948469,ca3,No. 5142
831745,ca10,90-6277
66382669,scotus,No. 91-6037
66294587,scotus,No. 79-2025
77806,ca1,83-1390
2041793,ca6,91-3237
2879287,ca8,97-4125
68804,ca6,78-3003
171945,ca9,06-55851
2012297,ca3,73-1622
64872622,ca5,21-10817
968654,ca3,85-5603
1171238,ca2,10-5239-ag
1283196,ca4,95-2798
1117475,ca11,86-5964
1523656,ca4,03-6161
8029987,ca9,16-50061
1047214,ca8,94-3938
66646341,scotus,No. 17–8418.
66329018,scotus,No. 11-9459
2443409,ca4,08-6085
66539737,scotus,No. 01-898
1363509,cadc,11110
996375,ca9,73--1925
63984624,ca2,"No. 175, Docket 20479"
468284,ca10,"07-1095, 07-1106"
647012,ca10,05-3203
2852576,ca7,00-4270
66470768,scotus,No. 01-1208
65889733,ca9,No. 06-30065
2384509,ca5,94-40885
66353086,scotus,No. 88-1088
15785701,ca11,16-16850
623010,ca4,97-2180
6137567,ca9,16-10315
552151,ca9,94-50055
1047734,ca6,94-6191
183062,ca5,03-30335
3069860,ca9,14-72273
66515760,scotus,No. 02-6728
164110,ca10,96-3355
64348880,cadc,No. 2010
66522649,scotus,No. 05-6629
959999,ca10,01-2157
1131877,ca3,91-1495
167861,ca1,93-1718
66156608,ca7,"Nos. 15511, 15512"
2856754,ca7,04-3528
84364,ca2,09-3837-cv
66025629,ca6,No. 910
2026872,ca9,71-2407
273330,ca11,87-3049
65730134,ca9,No. 08-35725
776548,ca5,09-40804
65733961,ca4,No. 09-7919
66360269,scotus,No. 89-5697; No. 89-5935; No. 89-6068; No. 89-6078; No. 89-6191
66483923,scotus,No. 03-469
610568,ca9,10-17571
66216159,scotus,"No. 165, Misc."
2825644,ca4,"06-1840, 06-1901"
66496762,scotus,No. 04-10219
804709,ca4,83-2137
2851336,ca7,98-1386
66460101,scotus,No. 99-9546
66348354,scotus,No. 88-5467
66331819,scotus,No. 85-7107
2483264,ca8,85-1636
63999725,ca8,No. 15287
412254,ca9,95-35602
494495,ca3,09-1182
1152242,ca4,79-1171
67980418,ca4,20-4496
7407699,ca11,17-12613
2336546,ca4,96-6416
2199794,ca9,76-3318
396715,ca6,97-02
350331,ca11,92-2695
2257568,ca5,07-41207
1422488,ca9,77-3252
1310084,ca9,75-1051
66419932,scotus,No. 94-7686
63974653,ca5,No. 10091
260986,ca4,98-6332
66650768,ca6,No. 3942
2687201,ca2,14-3562-cv
2888055,ca9,03-10313
1235909,scotus,02-10396
2449215,ca9,24572
2460564,ca4,11-7458
778599,ca10,96-2196
532118,ca10,10-2195
16063032,ca5,19-30044
66648752,scotus,No. 18–455.
197516,ca5,88-1310
2883101,ca3,07-2291
301018,ca11,06-12919
65698,ca3,90-3384
282245,ca6,83-1820
2904465,ca8,08-3515
2498123,ca5,78-5757
486,ca5,17-20689
66478754,scotus,No. 02-9581
66395450,scotus,No. 92-544
2467969,ca3,81-1820
1994004,ca7,87-2426
66365834,scotus,No. A-169
3055536,ca2,"15-701-cv, 15-1727-cv"
858412,ca4,06-2299
66500071,scotus,No. 10-6
66250013,scotus,No. 6664
1226868,scotus,1121
2827089,ca6,99-6631
65278724,scotus,No. 113
66399239,scotus,No. 92-1084
63777501,scotus,No. 09-1086
2318018,ca5,06-40141
15594,ca3,98-1252
2348475,cadc,12325_1
66378966,scotus,No. 91-234
66342568,scotus,No. 84-1801
129532,ca5,06-30928
65953753,cadc,08-3028
66350838,scotus,No. 88-972
16817540,ca8,19-1883
64287950,ca9,No. 02-50150; D.C. No. CR-00-01050-WJR-01
66250001,scotus,No. 6317
66298744,scotus,No. A-887 (80-6581)
65962334,ca4,No. 15-2438
1088452,ca10,12-1326
457978,ca3,95-5414
66514999,scotus,No. 02-6295
65683795,ca4,No. 04-7766
605213,ca1,94-1774
177839,ca6,83-3758
18531617,ca4,20-6644
977537,ca4,86-3172
64106167,ca6,No. 00-5081
68375179,ca2,23-6303
66350691,scotus,No. 88-454
3043089,ca9,14-55197
2823156,ca1,98-1189
66499061,scotus,No. 09-11471
15059334,ca4,18-6257
2007345,ca5,03-60378
435287,scotus,81-933
66257065,scotus,No. 71-6594; No. 71-6691; No. 71-6729; No. 71-6813; No. 71-6819; No. 71-6861; No. 72-5067
1573161,ca4,94-2433
1838961,ca5,22768_1
2856924,ca7,05-3948
13896,ca2,19-2772
63999605,cadc,No. 12217
839190,ca8,92-2179
66234770,ca6,No. 86-6280
69200698,ca8,23-3332
552712,ca4,94-2390
743750,ca6,02-3084
66488967,scotus,No. 03-8789
66508238,scotus,No. 12-7928
64992171,cadc,"Nos. 79-2519, 79-2520"
63986385,ca7,No. 9337
64889082,ca5,21-30338
261002,ca4,83-5291
66281347,scotus,No. 77-364
1943105,ca8,73-1395
89153,cadc,97-7131
16968013,ca2,19-1098-cv
2833118,ca6,07-1041
599107,ca8,88-2085
66438465,scotus,No. 97-5097
66197046,scotus,No. 606
66281532,scotus,No. 77-215
65894424,ca9,No. 05-70009
2267120,ca4,10-6283
66308884,scotus,No. 82-620; No. 82-622
536359,ca6,12-5735
69415908,ca5,23-50685
6242858,ca7,17-1755
321704,ca9,21825
64035887,ca9,"Nos. 93-56400, 94-55118"
65886584,ca9,No. 04-56170
66371559,scotus,No. 90-594
765527,ca11,11-11106
65674345,ca9,No. 02-71728
66252320,scotus,No. 71-453
627330,cadc,01-1131
66396122,scotus,No. 92-711
2829098,ca6,"03-4325, 03-4518, 03-4519, 04-3293, 04-3360, 04-3361"
3042625,ca5,15-30684
2452450,ca11,98-8365
115288,ca4,01-7850
1319292,ca9,92-36514
2249855,ca4,86-5096
1032539,ca10,93-3046
1102982,ca4,03-7168
135184,ca11,87-3702
66234488,ca6,No. 87-5283
1464494,ca5,99-10535
66487592,scotus,No. 03-8210
2320432,ca4,99-2343
789888,ca11,94-2149
66103765,ca2,No. 18
441259,ca10,00-1514
6144961,ca4,17-6781
66419917,scotus,No. 94-7683
66255238,scotus,No. 70-5027
66363344,scotus,No. 89-6861
2648201,ca7,14-2599
745221,cadc,79-1562
2453885,ca3,94-5476
17292543,ca11,19-12089
1017164,ca11,05-16008
63980231,ca2,No. 197
135588,ca2,02-1256
535280,ca2,09-0800-ag
66223046,scotus,No. 219
328630,ca3,78-2526
16300436,ca9,17-30227
216281,scotus,551
66659205,scotus,No. 18–765.
67488461,ca9,21-50237
64051550,ca9,No. 97-55010
65953531,ca5,No. 07-10679
64316482,cadc,Civil Action No. 17–430 (RDM)
1234536,scotus,75
66322382,scotus,No. 85-238
919177,ca6,12-5243
538441,cadc,93-3034
389579,ca4,95-6810
65729624,ca9,No. 07-10387
66366210,scotus,No. 89-1856
63926629,cadc,No. 4537
2458833,ca4,05-2116
63932567,ca8,No. 8590
1885581,ca11,96-9361
66530546,scotus,No. 99A393
590546,ca10,04-5135
66274775,scotus,No. 74-1459
8450670,ca1,16-1479P
66436902,scotus,No. 97-9002
401210,ca9,12-50033
66224492,scotus,No. 993
66204497,scotus,No. 520
64202339,ca10,No. 01-1265
66512671,scotus,No. 11-7247
598778,ca9,94-50543
1432034,ca4,92-2594
510978,ca1,82-1643
64863538,ca6,20-4148
2498797,ca5,20192_1
66663266,scotus,No. 83-1147
301291,ca11,06-15138
386828,scotus,190
1437127,ca6,"93-1345, 93-1346 and 93-1473"
838349,ca11,95-3372
16677833,ca8,18-2407
4116231,ca9,14-73562
66346351,scotus,No. 87-7013
59892998,ca6,20-5526
652509,ca8,91-2826
2492410,ca1,84-1269
66304015,scotus,No. 81-6039
317630,ca5,93-03153
66664179,scotus,"No. 12650, R46–021."
66175575,ca4,"Nos. 74-2030, 74-2031"
734834,ca1,72-1025
65706387,ca9,No. 06-75154
2836165,ca6,06-4669
65911664,ca5,No. 07-50740
1682783,ca5,89-2190
65697611,ca2,No. 04-4021-AGNAC
64284361,ca9,No. 02-55413; D.C. No. CV-01-03409-FMC
66200364,ca11,No. 83-8414
66238505,ca5,No. 88-4314
69046211,ca10,23-1337
2283998,scotus,93-5143
66259258,ca11,No. 89-8738
3014583,ca4,15-7308
66298810,scotus,No. 80-1587
1116082,scotus,121
67811282,ca4,23-6919
1620082,ca11,85-7351
64455238,ca4,21-7037
1059207,ca9,95-15220
2830911,ca6,"05-1225, 05-1226"
909901,ca5,79-5504
539298,ca8,12-3190
585220,ca4,77-1591
1099070,ca10,"97-1377, 97-1463"
1240932,ca9,95-70366
66499991,scotus,No. 10-6013
976704,ca10,7746-7748
2075024,ca3,82-1352
876380,ca3,11-2701
66333568,scotus,No. 86-1274
66348286,scotus,No. 88-5360
66550548,scotus,No. 96-5026
65281290,scotus,No. 727
2446275,cadc,81-1028
64318435,cadc,Civil Action No. 17–1966 (CKK)
2453058,ca7,10-2882
2868382,ca3,98-5490
66659213,scotus,No. 18–7049.
66233981,scotus,No. 1446
813032,ca7,08-1703
64059818,ca6,"Nos. 95-5983, 95-6393, 96-5222, 96-6026 and 96-6337"
379204,ca1,03-2324
2184769,ca3,17036
63928349,cadc,No. 2028
38472,ca11,96-9258
549815,ca5,78-3712
65703989,ca5,No. 11-40584
66232922,scotus,No. 848
67422405,ca5,22-40516
65718070,ca9,No. 08-16763
66448236,scotus,No. 98-7036
3014662,ca9,13-16802
66294353,scotus,No. 79-6423
794362,ca9,02-56735
66411182,scotus,No. 93-9663
66410885,scotus,No. 93-9492
2068633,ca5,01-20157
14579760,ca4,18-7086
2638163,ca2,13-4667
1133611,ca9,91-50168
65301415,scotus,No. 191
1271062,ca4,00-6764
66360120,scotus,No. 89-6018
1121911,ca4,"08-6458, 08-6476"
2500263,ca4,99-1952
66649928,scotus,No. 18–5782.
66460544,scotus,No. 99-1729
1152551,ca9,96-17240
66319701,scotus,No. 84-1070
59065993,ca11,19-12256
507514,ca7,84-1133
1491157,ca4,79-1383
553924,ca7,85-1489
17359112,ca9,16-10213
60086496,ca4,20-1485
1554877,ca4,04-2316
411364,ca7,77-2132
2171787,ca5,77-5227
1923857,ca3,85-5521
17423807,ca11,19-14198
63944881,ca5,No. 6536
767248,ca3,72-1924
63986505,ca6,No. 10446
760007,ca9,77-2074
759472,ca9,96-70911
65660219,ca7,No. 12-3711
14780093,ca6,18-3493
259964,ca5,75-3554
66317428,scotus,No. 84-392
533958,ca10,09-3099
2890421,ca3,08-2897
2557817,scotus,41.
18572706,ca7,20-1338
66154952,ca5,No. 22961
2472385,ca6,14235
66470763,scotus,No. 01-742
66540952,scotus,No. 95-6805
2450098,ca3,08-1536
64003066,ca10,No. 5697
63971083,ca8,No. 11738
66154385,ca2,"Nos. 529, 530, Docket 29445, 29603"
2037530,ca8,09-3513
1712970,ca9,98-35963
4547722,ca4,15-1755
65713873,ca9,No. 07-15342
531904,ca11,"11-12091, 11-12092"
1587240,ca1,73-1128
65620656,scotus,No. 15–375.
64336790,scotus,No. 11-6034
2826972,ca6,99-6155
66280265,ca8,No. 92-3457
65717736,ca2,No. 08-0559-ag
195194,ca2,24250_1
2481727,ca11,93-2329
1926393,ca7,10-1213
2482504,ca5,25474
66351345,scotus,No. 88-850
66270902,scotus,No. 74-6455
66724539,scotus,No. 19-328
618250,ca4,96-2414
2059039,ca11,92-6137
911085,ca5,87-2002
594298,ca4,12-7178
710771,ca6,04-4311
66422889,scotus,No. 94-8761
66416554,scotus,No. 94-836
735035,ca6,04-2564
1541427,ca3,11-4593
64135154,ca9,No. 99-50507; D.C. No. CR-97-00812-SVW
903429,ca4,96-2621
1515741,ca6,87-4086
136305,ca10,98-1256
1840131,scotus,05-7276
65697287,ca9,No. 04-56347
2293616,cadc,85-5861
64348576,cadc,No. 1744
66445400,scotus,No. 98-312
65628252,scotus,No. 16–7927.
65268146,scotus,No. 14–6402.
1028793,ca6,92-4258
66305777,scotus,No. 81-1955
2456305,ca5,83-4536
66286421,scotus,No. 78-5394
2871462,ca3,03-2616
1017780,ca10,92-3087
119797,ca11,05-15689
66210670,scotus,No. 450
66379057,scotus,No. 91-5019
63925345,ca4,No. 2559
14752728,ca2,18-1054-cv
66496001,scotus,No. 04-1238
667729,ca5,21557
396444,ca6,15208_1
66172443,ca5,"Nos. 73-2291, 73-2293"
63943096,ca10,No. 669
1315643,ca11,09-10825
985372,ca4,2819
66290705,scotus,No. 79-5351
2874184,ca3,03-4549
66487220,scotus,No. 03-7798
303422,ca6,90-1607
15759275,ca9,15-70457
66039683,ca5,"No. 1,348"
881887,ca10,93-2282
66365650,scotus,No. 89-7457
66424122,scotus,No. 94-9294
749856,ca9,26662
65887798,ca5,No. 05-70035
56097,ca5,94-60299
2416204,ca5,25082
1552751,ca4,99-6072
66457276,scotus,No. 99-7780
394181,scotus,03-9220
28800,ca10,11-6288
449566,ca2,1999
66550237,scotus,No. 95-9362
66188829,ca1,No. 79-1411
875225,ca9,02-35929
1827099,ca5,82-2330
66541083,scotus,No. 95-769
66525457,scotus,No. 05-8954
317019,ca11,04-15222; D.C. Docket 04-80512-CV-KLR
754601,ca9,95-16026
66193268,ca7,No. 82-1029
65617001,scotus,No. 15–6036.
248578,ca5,78-5341
2907901,ca8,12-1382
2852040,ca7,00-2407
109088,ca9,06-36059
65658675,ca11,No. 06-12501
1038959,ca9,93-15069
66534902,scotus,No. 99-6132
955702,ca2,82-1688
1618330,ca8,07-1371
3032871,ca10,14-1463
301318,ca10,07-3058
842880,ca6,92-3351
67167141,ca2,22-2712
66298093,scotus,No. 80-1391
66409215,scotus,No. 93-7453
66405177,scotus,No. D-1384
702899,ca2,35839
2068265,ca2,87-1275
2212796,ca4,83-5192
66521985,scotus,No. 05-5658
377044,ca11,07-13772
597184,ca10,07-4232
190009,ca9,23383_1
66499962,scotus,No. 10-5912
64065947,ca2,"Docket Nos. 98-9216, 98-9244"
152247,ca11,07-14451
66312269,scotus,No. 82-6396
66258556,scotus,No. 72-6029
16103637,ca6,17-6120
15738512,ca9,18-35220
1050430,ca9,36-3
517694,ca4,08-4439
4399,ca5,18-50265
66289110,scotus,No. 78-1136
777639,ca3,89-5069
90279,ca4,13-7480
66187592,ca4,"Nos. 77-2406, 77-2407"
66174515,ca5,No. 74-2633
1118715,ca6,91-3106
66477037,scotus,No. 02-1480
2441165,ca5,97-20324
66287963,scotus,No. 78-454
60286625,ca4,21-6123
1095419,ca4,97-4518
2220374,ca4,09-7479
7251439,ca5,16-60630
552469,ca2,"465, Docket 74-2285"
65953269,ca9,No. 07-16869
5927642,ca4,17-1324
66216202,scotus,No. 75
2662645,ca11,14-14696
65277452,scotus,No. 480
2878449,ca8,98-1187
65617563,scotus,No. 15–6084.
1309979,ca11,96-2307
1507649,ca8,94-2358
7070468,ca11,13-15376
66538475,scotus,No. 01-5584
697015,cadc,19716
2686969,ca4,15-1627
66215194,scotus,No. 475
587989,ca6,08-3802
2479287,ca11,93-9540
65679849,ca6,No. 02-4244
846312,ca11,11-11965
66410696,scotus,No. 93-9380
1218831,ca11,06-15353
233526,ca5,08-20033
65277336,scotus,No. 13
552061,ca4,00-2348
66254615,scotus,No. 71-1208; No. 71-5852; No. 71-6123
95785,ca5,02-30177
66327948,scotus,No. 11-8788
365409,ca7,17531
2458643,ca5,10879
1335850,ca5,80-3932
2891005,ca8,03-2381
66537700,scotus,No. 00-10767
2102509,ca11,89-7606
1250053,ca4,88-7172
64336424,scotus,No. 11-5370
1964666,ca11,89-7416
109979,ca6,95-1550
26500,ca9,19-55868
2340191,ca5,07-40354
65615924,scotus,No. 15–5072.
2878747,ca3,05-5144
67883763,ca11,23-12766
692099,ca9,17127_1
65655613,ca9,No. 01-35666
66471400,scotus,No. 01-1437; No. 01-1596
66265453,ca5,No. 89-2293
841331,ca9,92-30276
64099587,ca2,No. 00-6196
66417828,scotus,No. 94-7234
66377446,scotus,No. 90-1777
65655291,ca6,No. 01-5715
2853430,ca7,01-3745
6872160,ca1,16-2405P
63928201,ca2,No. 93
114465,ca6,98-3096
215212,ca9,15264_1
905576,ca4,99-2440
816878,ca6,87-6301
548154,ca5,09-51126
66329008,scotus,No. 11-217
64327878,scotus,No. D-2532
627721,ca2,32277_1
66554171,scotus,No. 82-1948
16642598,ca5,19-50476
66835330,ca4,22-4597
8345844,ca4,18-6691
749961,ca9,72-1219
2857394,ca7,06-3085
2889404,ca9,07-70089
822315,ca9,87-3586
2090034,ca5,74-1667_1
63933280,ca2,No. 301
66207101,ca9,No. 84-2535
67421937,ca5,21-20388
1485403,ca4,96-7072
1304284,ca3,82-1402
959678,ca10,99-5240
1035468,ca10,93-6339
66213688,scotus,No. 745
8096119,ca2,17-3917
66248818,scotus,No. 5908
66354648,scotus,No. 88-6725
66549692,scotus,No. 95-1939
66518242,scotus,No. 01-10756
261543,scotus,24
66549169,scotus,No. 04-8166
66314480,scotus,No. 83-6370; No. 83-6378
64000264,ca2,"No. 13, Docket 33560"
65912029,ca9,No. 06-74457
65732976,ca4,No. 09-8048
1119994,ca5,94-30124
71138851,ca9,24-5101
65953770,ca5,No. 07-31113
106519,ca8,86-2329
1010809,ca5,91-8337
973587,ca11,90-8980
404690,scotus,62
63977935,ca10,No. 2785
66443297,scotus,No. 98-258
1104380,ca4,81-8030
66207378,scotus,No. 630
789178,ca10,05-2356
66282685,scotus,No. 77-633
4109967,ca10,15-7043
66390608,scotus,No. 91-8467
66518619,scotus,No. 02-233
830665,ca6,90-1834
6130965,ca4,15-2056
1621569,ca4,3266
66673887,ca8,22-2843
539624,ca10,96-2152
443522,ca11,85-8621
212871,ca8,10381
3079827,ca5,15-50420
66430655,scotus,No. 96-7866
66539601,scotus,No. 01-8148 (01A587)
65716511,ca4,No. 08-8194
16267362,ca9,17-16096
66252090,scotus,No. 71-5218
550999,ca6,82-5384
2029929,ca8,09-3648
2209995,scotus,02-1303
2239030,ca8,89-5222
2263522,ca5,93-05069
2068199,scotus,01-9430
17313985,ca8,19-2166
64162309,ca9,No. 99-50214; D.C. No. CR-98-02262-JSR
63966603,cadc,No. 7142
1475791,ca9,75-3122
71137900,ca5,24-40824
488163,ca5,95-30574
364665,ca10,93-6192
36609,ca11,06-11387
2886935,ca8,02-1949
210485,ca5,01-21154
583373,ca5,72-1542
490108,ca9,92-70626
500455,ca9,88-5867
63942932,ca6,No. 6135
18455316,ca5,19-50948
1128286,ca11,88-3044
2137207,ca4,12-7704
712807,ca8,98-3030
936558,ca1,"79-1351, 79-1452"
66446652,scotus,No. 98-6138
66265886,scotus,No. 73-6462
405626,scotus,576
66364021,scotus,No. D-869
2824516,ca4,00-4257
142398,ca5,03-21031
1065976,ca11,85-3467
66183736,ca1,No. 77-1371
66433037,scotus,No. D-1797
2123997,ca5,79-3882
1114341,ca2,08-2303-ag
247264,ca2,"1132, Docket 83-7960"
348737,ca11,08-15822
68063786,ca9,22-35486
66323353,scotus,No. 85-595
66440309,scotus,No. 97-6602
2280276,ca9,96-56278
65893744,ca9,No. 05-15566
2383505,ca5,07-20006
66040755,ca6,"No. 1,419"
1101377,ca7,3844
2463211,ca5,94-10756
16111473,ca4,19-4020
154560,ca5,05-50105
66419725,scotus,No. D-1524
70629820,ca11,24-11613
452615,ca4,81-5125
65606587,scotus,No. 12–10889.
66556039,scotus,No. 83-5672
66470154,scotus,No. 01-9375
66206553,scotus,No. 527
2157572,ca3,87-5089
1132326,ca4,96-7814
1764729,ca5,98-30922
66201048,scotus,No. 28
223062,ca11,96-2202
1698439,ca11,97-6399
2237295,ca5,21634_1
165519,ca5,72-3298
833980,ca4,89-1023
66227639,scotus,No. 1113
66083664,ca8,No. 4535
66216942,scotus,No. 506
68390550,ca9,22-35506
66252365,scotus,No. 71-5126
337124,ca4,09-6502
494428,ca2,288
66445786,scotus,No. 98-6253
1981770,ca4,00-1941
18640076,ca4,20-4206
682279,ca5,28153
692101,cadc,16178
66261939,scotus,No. 73-417
2921980,ca9,05-55450
284500,scotus,01-8340
65725258,ca9,No. 08-35683
66385740,scotus,No. A-642
61647106,ca1,21-1257P
597165,ca7,10434_1
722542,ca8,"75-1748, 75-1818"
64344250,scotus,No. 94-8462
66188387,ca5,No. 79-3930
2060041,scotus,93-6574
2457802,ca11,92-6098
65655959,ca9,No. 02-17474
66658948,scotus,No. D–3035.
6352579,ca5,17-40528
913837,ca4,06-1002
65663124,ca5,No. 15–41198
2907647,ca9,04-17306
2910343,ca9,06-56380
65289955,scotus,No. 470
2457302,ca3,85-1295
63928850,ca2,No. 180
740381,ca11,02-12054
66263775,scotus,No. 73-1211
992893,ca6,88-6286
396094,ca11,98-6882
2159325,ca9,20067
2137642,ca5,13919_1
2189147,ca4,81-6297
8344449,ca2,17-3444
728743,ca2,03-7946
6179736,ca9,16-50167
1092643,ca1,79-1373
451634,cadc,92-3063
1028908,ca2,86-6221
66288312,scotus,No. 78-1339
65280874,scotus,No. 629; No. 630; No. 631; No. 632
65661023,ca2,Docket No. 13-3022
16757779,ca4,19-7291
18620333,ca8,20-1828
63982024,ca7,No. 8983
79116,ca5,80-5080
874887,ca9,01-50164
65963140,ca4,No. 16-6627
65611851,scotus,No. 13–8310.
215791,ca7,93-2244
495723,ca8,89-1913
2098896,ca8,93-3923
69235486,ca2,23-6308
2896281,ca3,06-3891
66107541,ca4,No. 1975
7238965,ca11,17-12989
64158400,ca9,No. 00-10417; D.C. No. CR-99-00100-RCB
68437554,scotus,23A763
418888,ca4,95-2875
298139,ca5,81-3174
2671866,ca2,11-1252-ag
951436,cadc,80-1732
984045,cadc,87-7108
918884,ca2,09-4589-pr
2908916,ca9,05-35520
2484203,ca3,90-5904
1056235,ca2,85-1166
64285398,ca2,Docket No. 02-1192
598492,ca8,94-3162
2228109,ca11,89-7523
808590,ca9,85-2438
727422,ca7,71-1028
65295219,scotus,No. 964
1237245,ca8,93-3861
387789,ca2,09-4747
2882194,ca8,99-1456
63977111,cadc,No. 8267
69388781,ca2,23-6257
65952243,ca2,No. 07-5111-ag
64281814,ca7,No. 01-2335
66412909,scotus,No. 93-1462
3019257,ca5,15-30212
1113125,ca2,"Docket 10-521-cr(L), 10-580-cr(CON), 10-4639-cr(CON)"
1395520,ca1,75-2249
1981886,ca4,06-7984
7372609,ca10,17-3086
63980405,ca5,No. 11223
65728486,ca2,No. 09-0887-ag
236531,ca5,09-50550
63816576,ca6,No. 3986
244374,scotus,01-9941
753289,ca6,"72-1009, 72-1010"
65594290,ca4,22-1911
66420363,scotus,No. 94-7893
63974323,ca2,No. 144
63979302,cadc,No. 8845
1876785,ca7,09-1757
1133998,ca2,56
63670608,ca9,No. 5199
66285078,scotus,No. 77-6992
2461043,ca6,72-1920
236301,ca3,"8288, 8289, 8303, 8304, 8371, 8372"
305485,ca5,08-51241
637008,ca2,1082
706066,ca3,03-2929
1888243,ca9,07-16112
66223455,scotus,No. 528
586731,ca5,07-10115
383394,ca6,11-5663
65613810,scotus,No. 13–9430.
945117,ca8,77-1091
42101,ca9,09-71810
66173148,ca10,Nos. 73-1714 to 73-1716
64286334,ca9,No. 02-30151; D.C. No. CR-01-00161-AJB
2190563,ca5,95-50419
66268054,scotus,No. 74-727
66536854,scotus,No. 00-1749
65884658,ca4,No. 04-6311
1344800,ca10,01-6397
1393495,ca7,76-2167
66381556,scotus,No. D-1035
68038998,ca9,22-55921
1240150,ca4,96-4550
66254608,scotus,No. 71-5941
2664182,ca7,14-2704
66645200,scotus,No. 17–541.
1185776,ca11,04-10568; D.C. Docket 02-00362-CR-T-27-MSS
66546403,scotus,No. 04-5368
66203814,ca10,"Nos. 82-2119, 82-2180 and 84-1343"
65910738,ca9,No. 04-16203
2145742,ca4,80-1003
538695,ca10,86-1905
1681595,ca4,99-4195
169228,ca1,08-1885
769194,scotus,93-5688
66659591,scotus,No. 18-1399
65005723,cadc,"Nos. 87-1438 to 87-1443, 88-1913 and 89-1013"
2888665,ca9,08-50226
66194314,ca3,"Nos. 83-5181, 83-5200"
825447,ca3,89-3708
1392902,ca4,77-1959
263598,ca9,19311_1
2833306,ca6,06-5674
66438216,scotus,No. 97-5522
1491124,ca9,93-15011
200173,ca5,12-11103
66552514,scotus,No. 96-612
66212847,ca7,No. 85-2203
65681509,ca9,"No. 04-30014; D.C. Nos. CR-03-00060-TSZ, CR-03-00285-TSZ"
65630687,scotus,No. 404
6074863,ca7,16-4223
614667,ca10,81-2503
200139,scotus,89
66467743,scotus,No. 01-7806
65697583,ca9,No. 04-16143; D.C. No. CV-03-00487-DKD
63973990,ca9,No. 9798
1217384,ca10,"06-2355, 07-2012"
138507,ca7,09-3425
45193,ca5,03-40690
2458197,ca11,96-9231
1134977,ca4,00-1556
2088435,scotus,03-9180
2651455,ca2,14-3329-cv
1268362,scotus,01-1553
66647395,scotus,No. 18–5233.
1526883,ca5,75-3567
216879,ca6,96-3503
65703949,ca5,"Nos. 12-40559, 12-40562"
288077,ca9,83-5540
2833972,ca6,06-4422
666866,ca5,26550
2228449,ca4,09-6068
66347695,scotus,No. 88-5128
2068409,scotus,02-5844
65622657,scotus,No. 15–8978.
2467817,cadc,92-5024
66239954,scotus,No. 716
67495862,ca11,19-11341
65683231,ca6,No. 03-3724
1049707,ca6,94-6602
699249,ca4,10779_1
65962022,ca11,No. 15-12695
3038141,ca6,15-3837
65692247,ca4,No. 10-1782
2915448,ca11,11-12077
2823235,ca1,98-1831
66198712,ca2,"No. 1127, Docket 84-7018"
94452,ca4,01-7232
2494646,ca5,25186_1
66538610,scotus,No. 01-5839
1129641,ca6,81-5583
2820017,ca1,94-1363
66303330,scotus,No. 80-1924
1975724,ca5,92-1509
1994017,scotus,93-5891
173182,ca5,94-40255
2461560,ca5,91-06037
618517,ca5,23929
66436511,scotus,No. 97-1565
66116863,ca9,No. 4185
4112250,ca7,15-2682
1352561,ca5,95-50814
741631,ca10,95-5145
114914,ca5,03-40030
59811365,ca5,20-10473
66449004,scotus,No. 98-7253
1003323,ca6,"03-6611, 03-6612"
66303419,scotus,No. 81-5800
976430,ca8,11761
4115891,ca1,15-1839P
66536255,scotus,No. 01-6782
1886085,ca8,4020
66240788,scotus,No. 1193
66367772,scotus,No. 90-5307
2225424,ca3,77-2613
66646694,scotus,No. 17–9156.
902571,ca4,84-1842
59906064,ca5,20-11145
66511574,scotus,No. 11-235
393703,ca5,94-41167
66492845,scotus,No. 04-768
442679,ca9,96-35270
395165,ca11,97-5994
73543,ca4,82-6124
854905,ca9,95-70114
675117,cadc,16702_1
756281,ca5,77-5710
2372798,ca11,87-8635
66289870,scotus,No. 79-160
2426276,ca5,72-3413
64107278,ca7,"Nos. 00-2129, 00-2128, 00-2228"
66385934,scotus,No. 91-7236
66382234,scotus,No. 91-672
63949535,ca3,No. 5024
66263526,scotus,No. 72-1019; No. 73-843; No. 73-5484; No. 73-5624; No. 73-5881; No. 73-5915
65608229,scotus,No. 13–6340.
2475421,ca11,95-8244
2640759,ca7,14-2456
193270,ca5,71-2504
2909720,ca9,06-55879
66454303,scotus,No. 98-1625
156681,ca5,10-20083
102786,ca5,05-41453
183778,ca5,95-40204
1057319,ca4,95-7062
921472,ca10,96-2053
1042633,ca8,12191
8483517,ca4,14-7579
337454,ca9,76-1578
1251216,ca9,85-2685
66552788,scotus,No. 96-6554
66288684,scotus,No. 78-6455
17015535,ca7,19-2515
66438590,scotus,No. 97-5930
66458663,scotus,No. 99-9008
561842,ca6,92-5025
2058860,ca4,81-6474
66453621,scotus,No. 98-1553
157593,ca11,10-10872
65657677,ca2,Docket No. 04-4061-CV
594091,ca6,11280_1
66288626,scotus,No. 77-1511
66418055,scotus,No. 94-905
66152319,ca2,"No. 501, Docket 29582"
2869894,ca3,00-4205
2292651,ca5,04-10851
2263207,ca5,95-50889
65302513,scotus,No. 268
1153230,ca3,98-1571
66206125,scotus,No. 99
538506,ca5,12-51044
4468226,ca2,15-1303
66309880,scotus,No. 82-5854
2099761,scotus,04-9370
146029,ca6,12-5008
1027729,ca6,92-1688
3034839,ca4,15-4462
66098379,ca8,No. 5490
1391097,ca2,13-3655-cr
2648109,ca5,14-10676
476505,ca10,03-3227 to 03-3230
66381666,scotus,No. 91-599
65340834,ca7,21-3253
2166293,ca3,93-3484
6245821,ca8,"16-4379, 16-4424, 16-4489"
2136476,ca5,97-50037
59684109,ca9,19-15502
1117251,ca5,05-60450
65608101,scotus,No. 13–5982.
1408573,ca5,76-4282
66039554,ca4,No. 564
6251488,ca9,"16-50107, 16-50123"
3050024,ca5,15-10331
707477,ca5,26944_1
63953320,ca4,No. 3789
6075980,ca9,14-17544
38595,ca6,86-1293
1586046,ca4,98-2499
2122505,scotus,02-6990
976256,ca9,85-1694
310094,ca1,90-1423
55492,ca10,93-1138
64029281,ca6,No. 95-5050
2297090,ca6,76-2569
2327,ca2,18-3158
66309639,scotus,No. 82-185; No. 82-246; No. 82-259
2896396,ca9,05-36182
66478663,scotus,No. 02-1819
466995,ca4,04-6214
66214220,scotus,No. 707
1047205,ca7,93-4018
66432437,scotus,No. 96-8785
414475,ca8,08-1335
1573544,ca9,94-55061
6142378,ca3,16-3607
1329997,ca6,82-5052
68401270,ca7,23-1703
66232449,scotus,No. 551
584382,ca4,08-4177
90190,ca6,09-3583
2156317,ca11,95-2897
3077916,ca11,14-14641
1473334,scotus,01-7509
904372,ca4,96-2489
65890391,ca9,No. 06-10000
63981492,ca5,No. 11377
18409340,ca7,19-1999
1419086,ca2,14-864
2886639,ca9,08-55924
6078975,ca4,17-1331
64344818,scotus,No. 04-1035
66516043,scotus,No. 02-545
65956829,ca4,No. 12-6469
2215883,ca4,99-6677
655580,ca5,22996
66319690,scotus,No. 83-2035
1059379,ca6,95-2266
338150,ca2,"819, 823, Dockets 73-1070, 73-1260"
2922328,ca9,06-10492
2067988,ca4,95-6591
2309690,ca5,11-20170
18600333,ca11,19-14123
2299852,ca11,90-3068
2500442,ca8,84-1612
66317442,scotus,No. A-302 (84-644)
3007608,ca9,12-72058
66382005,scotus,No. 90-1776
2895240,ca8,04-1569
397884,ca11,03-13218
63976484,ca5,No. 10528
66430504,scotus,No. 96-1387
66526184,scotus,No. 00-157
2837582,ca6,10-3267
66301011,scotus,No. 80-6803
1030453,ca1,95-2205
1639881,ca3,97-1524
147957,ca5,01-30044
66266467,scotus,No. 73-6760
61409950,ca5,20-30652
66518772,scotus,No. 02-5157
66525057,scotus,No. 05-8379
66662542,scotus,No. 12–9555.
1103093,ca4,08-5003
63927862,cadc,No. 4561
38210,ca5,98-21001
66285364,scotus,No. 77-6574
66400351,scotus,No. 92-1543
65609018,scotus,No. 13–6999.
66074842,ca8,No. 3978
726381,ca3,02-2364
66503958,scotus,No. 11-10142
2179884,ca4,90-6602
1633,ca5,18-40246
310857,ca11,84-3094
4617470,ca5,15-60727 Summary Calendar
2890388,ca9,"03-71066, 03-73995"
504910,ca9,84-5121
1421803,ca4,08-7688
2226866,ca5,00-10035
63777565,scotus,No. 09-9514
94261,ca2,90-2486
66489632,scotus,No. 03-9195
66476357,scotus,No. 02-10250
66773589,ca9,19-72894
65277493,scotus,No. 100
66266224,scotus,No. 73-1658
2834012,ca6,07-3359
242197,ca5,13-20540
2831402,ca6,05-1783
67650481,ca5,22-11124
700649,ca2,2000
4480892,ca2,15-3328-cr
66244314,scotus,No. 1062
65277074,scotus,No. 106
1155752,ca3,76-1283
1393229,ca4,02-6158
66250688,ca3,"Nos. 89-3093, 89-3184 and 89-3307"
1105256,ca4,04-4009
16293595,ca8,19-1125
1154252,ca4,14-6496
66461517,scotus,No. 00-1266
245235,ca2,25303_1
802826,ca8,85-2119
2171525,ca11,93-5303
66434105,scotus,No. 97-5366 (A-96)
309112,ca8,84-2104
83984,ca4,85-6130
2400701,ca4,98-7846
4415472,ca9,12-73023
2883727,ca8,00-1956
66421129,scotus,No. 94-8297
66228441,scotus,No. 57
66135685,ca7,No. 249
66481941,scotus,No. 03-174
66318906,scotus,No. 84-716
2870527,ca3,02-3478
601186,ca7,09-3799
66545702,scotus,No. 03-10681
840594,ca5,30983_1
824999,ca4,89-2762
65627825,scotus,No. 16M93.
66261783,scotus,No. 72-1624
625434,ca8,92-1194
2108342,ca3,85-5610
613351,ca9,89-30212
66332502,scotus,No. 86-903
679399,ca5,20914_1
66257245,scotus,No. 72-563
66332599,scotus,No. 86-5982
1154956,ca5,02-10910
506894,ca7,89-1478
602861,ca1,97-2114
66418851,scotus,No. 94-7506
1618126,ca11,08-11511
66241990,scotus,No. 1045
66719936,scotus,No. 18M91.
69496561,ca9,24-2033
1236665,ca5,74--1387
2187162,ca1,83-1784
65965823,ca5,No. 17-40192 Conference Calendar
18499944,ca2,19-3088
67736236,ca9,22-55619
66528560,scotus,No. 99-9980
66214359,ca9,No. 84-6468
6755743,ca4,17-2288
620531,ca10,77-1107
65705439,ca4,No. 12-6538
3011625,ca4,15-4224
65958329,ca4,No. 14-1111
66720112,scotus,No. 18–742.
65686642,ca9,No. 04-72913
719928,ca7,98-3763
8426060,ca6,17-3712
66521595,scotus,No. 05-5663
66663502,scotus,No. 83-6055
1845072,ca5,76-3153
767256,ca5,72-3193
1048778,ca9,95-15258
2213334,ca5,03-50082
66506627,scotus,No. 12-6381
464160,ca10,02-3376
16574033,ca9,17-16967
2822398,ca1,97-2219
63981930,ca9,No. 11117
681063,ca11,12-15794
65709886,ca5,No. 12-40566
3011242,ca5,15-40459
652188,ca5,89-3840
2858146,ca7,07-1215
342077,ca2,89-6154
4582973,ca4,16-7217
507753,ca5,79-5590
66500267,scotus,No. 10-6252
18474676,ca2,19-2454-cv
2888755,ca8,02-3110
67362967,ca9,16-50327
66552305,scotus,No. 96-6497
1273084,ca3,75-1800
66381240,scotus,No. 91-5910
2855940,ca7,04-4340
1115589,ca5,99-11090
66338825,scotus,No. 87-176
61638881,ca4,21-1870
971519,ca2,86-7295
18580593,ca8,20-2018
64334411,scotus,No. 10-535
2213781,ca11,87-7242
64004578,cadc,"Nos. 13896, 13899"
66308724,scotus,No. 81-1114
66271393,scotus,No. 75-295
2440919,ca5,02-30528
1400071,scotus,03-10461
66720482,scotus,No. 18–886.
65718437,ca2,No. 07-4300-cv
621728,ca10,00-1013
66421744,scotus,No. 94-7715
1735843,ca5,94-10774
1994115,ca5,96-11304
66220601,scotus,No. 332
66327206,scotus,No. 85-6814
66429677,scotus,No. 96-7771
2879829,ca3,05-2103
65269481,scotus,No. 14–7436.
1003160,ca2,"1380, Docket 86-2121"
4571280,ca6,16-3091
65614848,scotus,No. 15–5057 (15A31).
545021,cadc,"98-3060, 98-3062 and 98-3072"
272438,ca7,84-1723 & 84-1724
2038541,ca11,97-9027
66721465,scotus,No. 18–7211.
61638564,ca5,21-10492
65679294,ca6,No. 03-6027
17105833,ca2,16-940
2471381,ca9,80-7454
2839000,ca6,12-4015
4113227,ca6,15-5850 & 15-5851
1088077,ca7,87-1967
66207748,scotus,No. 589
217044,ca9,95-56554
66461971,scotus,No. 00-265
63971749,ca7,"Nos. 7179, 7180"
66505096,scotus,No. 12-5361
236952,ca6,12851
1406699,ca11,88-3289
66369929,scotus,No. 90-555
66479249,scotus,No. 02-10946
2350870,ca4,94-1650
1144670,ca3,72-1085
106803,ca11,13-10741
66461248,scotus,No. 00-8009
1722630,ca11,93-7029
66396576,scotus,No. 92-725
2400740,ca11,88-3419
66259676,scotus,No. 72-1059
3013313,ca9,13-56211
691698,cadc,15488_1
66548894,scotus,No. 04-6669
700850,ca9,99-16209
2858963,ca7,07-3762
66407727,scotus,No. 93-6564
291746,ca5,04-10779
66214914,scotus,No. 329; No. 341; No. 366; No. 375; No. 378; No. 391; No. 406
223254,scotus,03-5922
2360597,scotus,73-5677
835902,ca10,09-4211
775742,ca10,74-1082
65296056,scotus,No. 224
66356353,scotus,No. 88-7363
63955895,ca2,No. 235
65298978,scotus,No. 919
792105,ca10,09-4192
152574,ca11,05-11836
66180439,ca5,No. 75-2201
359094,ca6,17390_1
1852315,ca3,86-0600
66209604,ca10,"Nos. 84-2210, 84-2405 and 85-1238"
4470016,ca2,15-3576-cr
1537413,ca2,Docket 06-4536-cv
123231,ca5,91-7184
16668697,ca11,19-11607
1295974,ca4,11-1060
66197359,scotus,No. 92
66500805,scotus,No. 10-5113
556015,ca7,91-1122
902776,ca4,02-7679
65272257,scotus,No. 14–8411.
792402,ca5,89-3445
66663373,scotus,No. 83-6067
4614672,ca10,16-3230
347713,ca11,08-15744
1546203,scotus,71-6060
856784,scotus,02-5431
2632554,ca7,14-2822
68206318,ca4,24-4061
265761,ca5,98-31150
296320,ca9,90-50082
166095,ca7,77-1517
1001245,ca5,91-1550
66728732,scotus,No. 19-7043.
64021289,ca6,No. 94-1451
323915,ca11,13-13269
962313,ca7,98-2992
66205189,scotus,No. 752
66257229,scotus,No. 72-513
2084127,ca11,85-3071
526033,ca10,"96-6254, 96-6267 and 97-6082"
17458444,ca3,19-2546
1933049,ca6,75-1374
588914,ca2,"781, Docket 74-2667"
64281715,ca4,No. 01-7946
6311903,ca9,16-70312
2012331,ca9,95-30105
65660910,ca3,"Nos. 13-1380, 13-1478"
66329081,scotus,No. 11-9485
66343086,scotus,No. 87-1270
66348173,scotus,No. 88-323
511975,ca2,88-1043
65704695,ca9,No. 07-35065
2886500,ca9,05-73498
931775,cadc,24809-24811
66344106,scotus,No. 87-6764
65608946,scotus,No. 13–6810.
2794226,ca5,14-51142
66432143,scotus,No. 96-8702
761187,ca7,"11-2360, 11-2391"
66319215,scotus,No. 84-6047
4565135,ca9,15-10517
29000257,ca9,18-55112
66444906,scotus,No. 98-5877
148329,ca5,02-50908
1896032,ca8,10-3169
65913816,ca2,No. 03-40528-ag
959982,ca10,"00-1467, 00-1491"
747998,ca5,71-1237_1
108677,ca5,13-30917
66501368,scotus,No. 10-6328
1045644,ca10,789
1340320,ca2,77-6008
65926334,ca2,No. 06-5395-ag.
843781,ca5,12-10432
65908705,ca2,No. 06-4378-cv
1020409,ca4,92-5711
1494615,ca5,73-3041
66548097,scotus,No. 04-639
254729,ca10,13-3327
66398317,scotus,No. 92-7397
66408565,scotus,No. 93-954
68031125,ca11,23-10413
89405,ca9,10-71276
16364712,ca4,19-6835
1035566,ca11,09-14125
70651976,ca5,24-50058
65962932,ca4,No. 16-1525
2833444,ca6,06-2156
2824037,ca4,96-2654
2153743,ca2,"777, Docket 79-1406"
1145213,ca2,94-7454
65673781,ca6,No. 03-1954
603977,ca5,77-3360
545927,ca10,92-3029
66430360,scotus,No. 96-723
66524332,scotus,No. 05-8074
348162,ca8,94-3165
16138113,ca5,18-20632
65617797,scotus,No. 15–395.
66407055,scotus,No. 93-359
2439814,ca11,07-12484
66340505,scotus,No. 87-5864
85436,scotus,1101
66734434,ca1,23-1032
66319202,scotus,No. 84-5796
7270218,ca4,18-1276
631510,scotus,1385
408389,scotus,5
1365511,ca2,82-4009
66362268,scotus,No. 89-6580
1385450,ca5,21295
1570820,ca9,95-16850
1469626,ca4,78-8094
1401608,ca11,95-2898
63950256,ca2,No. 409
1359016,ca5,94-40108
2450304,ca5,96-60174
65272080,scotus,No. 14-749
1255783,ca5,22838
2832698,ca6,06-5296
1765557,ca2,88-7385
1032937,ca4,07-7458
65267592,scotus,No. 14–6542 R46–002.
65290384,scotus,No. 773
66327587,scotus,No. 85-1244
2827478,ca6,00-1201
7137419,ca5,16-51010
66416579,scotus,No. 94-861
66411330,scotus,No. 93-9762
1926050,ca2,Docket 09-2327-cv
201068,ca5,03-20537
801475,ca7,84-1407
258753,ca2,"360, Docket 24933"
2309552,ca4,87-7103
69620760,ca8,24-1421
2823927,ca4,96-2369
2592741,ca5,13-51152
66405968,scotus,No. 92-9206
951151,ca10,96-1494
60073481,ca11,20-14237
63925856,ca2,No. 166
2906238,ca8,08-3830
66526615,scotus,No. 00-6871
60326533,ca6,20-3902
1121088,ca5,02-50358
2875935,ca8,96-3059
905368,ca8,81-1126
66398450,scotus,No. 92-1043
66332267,scotus,No. 86-341
66253645,scotus,No. 71-1030
66552899,scotus,No. 96-6298
66344919,scotus,No. 87-6894
63993331,ca2,"No. 16, Docket 21328"
341624,ca7,9891
66394270,scotus,No. 92-454
391741,ca10,09-3263
604346,ca10,94-6414
677521,ca2,28055
998301,ca5,99-10529
620897,ca10,8118
572417,ca8,76-1694
194048,ca4,71-2005
1305506,cadc,74-2014
632589,ca10,94-1477
64337334,scotus,No. 11-6119
66421817,scotus,No. 94-8577
2821381,ca1,95-2317
2488502,ca5,84-2488
2457363,ca11,07-11847
628415,ca8,84-1551
16192371,ca11,18-13237
66291657,scotus,No. 79-177
1110741,ca6,9727
65625270,scotus,No. 16–6060.
481683,scotus,04-8408
7804236,ca11,17-14980
66343831,scotus,No. 87-6559
853365,ca8,95-2433
66327942,scotus,No. 11-768; No. 11-7246; No. 11-7640; No. 11-7662; No. 11-8103
482059,ca9,83-1201
65705822,ca4,No. 13-1045
66546635,scotus,No. 04-5914
765163,ca5,81-4111
2835899,ca6,08-4527
591764,ca5,13214
2367478,ca5,82-2175
65708184,ca4,No. 12-6939
101488,ca2,Docket 06-1384—ag
17343094,ca11,18-15127
65301932,scotus,No. 785
1653132,scotus,02-9654
819094,ca5,88-2566
18586697,ca9,20-30072
65666172,ca9,No. 02-17029; D.C. No. CV-01-00445-FCD(PAN)
294038,ca5,88-2986
65655489,ca9,"Nos. 00-16928, 00-71053"
66297339,scotus,No. 80-1157
66470090,scotus,No. 01-8951
2886442,ca8,01-2617
633443,ca3,87-5330
1839386,ca11,96-3697
66493323,scotus,No. 04-8168
704064,ca2,96-4025
2214285,ca2,91-7337
1073756,ca9,"10-17089, 10-17134"
2902718,ca3,09-1881
65727790,ca3,No. 06-3514
1048949,ca8,94-4076
63321503,ca5,21-40397
127533,ca2,"864, Docket 87-1505"
2075083,scotus,02-825
15675783,ca9,19-35305
1476110,ca8,85-1255
426579,ca6,77-5065
2419199,ca5,96-40783
2888267,ca9,08-55080
66202685,scotus,No. 420
2880053,ca8,98-3350
18577449,ca11,19-14894
64089933,ca2,Docket No. 99-9450
66659449,scotus,No. 18–8996.
63779071,scotus,No. 09-1441
606217,ca1,93-1495
66476048,scotus,No. 02-9775
66273781,scotus,No. 75-6190
66211316,scotus,No. 532; No. 540; No. 554; No. 585
64234639,ca9,No. 00-57119; D.C. No. CV-98-01456-BTM(POR)
66555100,scotus,No. D-378
2880266,ca8,"98-2884, 98-2963"
16529946,ca10,18-1422
66435594,scotus,No. 97-1423
2478741,ca6,91-3808
2186068,ca3,92-7641
17321039,ca5,19-50770
64472969,scotus,No. 91-1969
890058,ca2,Docket 11-2016-cv
2901433,ca8,07-2285
2947825,ca5,12-31234
2587248,scotus,98-7450
421228,ca5,09-10622
775450,ca1,73-1284
66531268,scotus,No. 99-7014
65270105,scotus,No. 14–8323.
8062634,ca5,17-70029
114574,ca3,01-2019
64088743,cadc,No. 00-1433
211934,ca11,96-4405
1116789,scotus,139
912206,ca4,08-4108
26949141,ca5,18-40707
66374055,scotus,No. 90-7107
2523308,scotus,05-9233
66390560,scotus,No. 91-8418
68164373,ca10,23-1049
66505126,scotus,No. 12-5402
727998,ca2,"Docket 03-1202(L), 03-1277(XAP)"
1662056,ca5,83-4313
65276571,scotus,No. 388
7400546,ca9,16-55212
475245,ca7,10586_1
66345858,scotus,No. 88-5240
1189226,ca3,10-2786
1037253,ca6,94-5169
2143400,ca5,79-5451
2889555,ca8,02-3273
60651136,ca9,20-70682
474911,ca10,02-3345
66276190,scotus,No. 75-1621
66427852,scotus,No. 95-8729
383514,ca8,11-1852
955855,ca8,82-1924
928877,ca10,06-3199
844953,ca10,10-1380
196382,ca11,08-17164
1393934,ca9,74-2794
2150984,ca3,85-1647
67827793,ca2,23-1246
1298356,ca11,11-12888
383675,ca3,94-5398
64232885,ca6,No. 01-5894
63259160,ca5,21-60115
304002,ca7,89-2852
66480296,scotus,No. 03-270
65661104,ca2,Docket No. 13-911-cr
228273,ca4,80-6180
66200008,scotus,No. 476
66375562,scotus,No. 90-7852
66498631,scotus,No. 09-10810
775583,ca9,05-30607
65302487,scotus,No. 221
66664122,scotus,No. 12–10453.
66514302,scotus,No. 11-5908
65290626,scotus,No. 41
65606053,scotus,No. 12–10325.
66239987,ca2,"No. 138, Docket 88-6127"
66223109,scotus,No. 539
525342,ca10,92-6242
110250,ca6,95-5747
757223,ca9,73-3560
66435906,scotus,No. 97-1601
1240115,ca4,73-2244
66506044,scotus,No. 12-6041
16830245,ca3,19-2201
1589121,ca5,92-7669
548817,ca5,09-40912
66725877,scotus,No. 19-6819
135883,ca7,"97-1278, 97-1290"
932216,ca4,03-1496
298751,ca5,03-10404
2900050,ca8,06-3927
64344908,ca4,No. 05-1459
63101514,ca9,16-72046
691744,ca6,14386_1
799503,ca2,85-2309
332507,ca9,17600_1
66245703,scotus,No. 1864
66546636,scotus,No. 04-5900
65286404,scotus,No. 966
745030,ca8,02-2619
976514,ca7,86-2997
65629617,scotus,No. 16–111.
315648,ca11,04-14194; D.C. Docket 04-00109-CR-T-27-TBM
66298886,scotus,No. 80-6549
65622994,scotus,No. 15–9399.
149942,ca9,98-55107
66251245,scotus,No. 70-5117
649605,ca5,11-30776
68849854,ca4,24-1540
66088583,ca6,No. 3062
1045843,ca6,94-6294
66181630,ca5,No. 76-3906
66385528,scotus,No. 91-7149
66441490,scotus,No. 97-1818
1411828,ca4,77-1299
407820,scotus,51
1406376,ca9,12-70777
1169520,cadc,73-1998
847112,ca4,85-2281
1117511,ca11,89-6049
1123932,ca2,87-1011
794194,ca9,00-56194
481057,ca4,78-1083
64279865,ca4,No. 02-6157
286643,ca5,95-50037
979447,ca5,87-3443
962464,ca5,94-11042
1706,ca11,18-10259
65657745,ca10,No. 05-4296
66546844,scotus,No. 04-5801
306957,ca5,05-61164
4120705,ca6,14-5368
297694,ca2,"08-4134-ag(L), 09-1128-ag(CON)"
413827,ca8,95-4205
66035417,ca2,No. 122
975526,ca6,6980
66530318,scotus,No. 00-5195
65895524,ca9,No. 06-70245
599877,ca8,94-3332
66277890,scotus,No. 76-5687
855723,ca8,"95-3299, 95-3317"
786686,ca5,11-60662
1601326,ca10,07-4098
1053960,ca6,94-6306
1447960,ca2,83-1218
63926053,ca8,No. 7219
66239962,scotus,No. 671
65691874,ca4,No. 11-6010
656822,ca10,9406_1
1189757,ca7,06-2293
579105,ca3,09-2036
65687984,ca4,No. 09-2127
511828,ca11,"89-5601, 89-6041"
1213194,ca1,84-1398
2097748,scotus,04-999
66550552,scotus,No. 96-5031
66532920,scotus,No. 98-9868
64018390,ca9,No. 92-17014
695045,ca7,99-2981
2827651,ca6,01-1561
66091224,ca2,No. 58
66494934,scotus,No. 04-8841
65279990,scotus,No. 154
1494464,ca5,92-02579
64330882,scotus,No. 10-7937
66321058,scotus,No. 10-8647
849434,ca9,93-30395
6816222,ca9,16-72722
65605676,scotus,No. 12–9798.
1036521,ca5,11-10264
691042,ca3,13430_1
2837513,ca6,10-3444
66193378,ca4,No. 82-1559
1108753,ca8,8218
66644766,scotus,No. 17–5721.
1202181,ca5,952
830576,ca4,90-1732
618019,ca9,86-2774
2182387,scotus,93-245
65727727,ca2,No. 08-3291-ag
65958439,ca4,No. 14-1417
15906612,ca3,18-1573
66546186,scotus,No. 04-5033
38525,scotus,04-5647
66242198,ca4,No. 88-1306
66042710,ca8,No. 59
288894,ca5,00-30968
821898,ca6,88-1940
66254382,scotus,No. 71-6322
66325274,scotus,No. 85-1034
66535124,scotus,No. 99-6066
1333071,cadc,19720
2902876,ca8,07-2709
1264226,ca11,90-8255
2348091,ca6,88-2117
65624054,scotus,No. 16–5521.
1290736,ca9,80-4460
65610698,scotus,No. 13–7535.
409071,ca6,96-6490
66362002,scotus,No. 89-977
510000,ca4,90-2019
836579,ca10,91-2173
545199,ca11,93-6502
2495068,ca11,88-7731
2881307,ca8,99-1547
1845450,ca10,587-69_1
1273390,ca10,93-1342
66419492,scotus,No. 94-1236
993126,ca9,86-2268
4541130,ca5,15-10708
4109639,ca4,16-6181
66523380,scotus,No. 05-7253
16371570,ca9,19-55010
1295904,ca6,82-1592
122181,ca6,97-3536
14914586,ca7,18-1823
1285403,ca2,Docket 11-2325-cr
746670,ca7,15154
458553,ca4,76-1872
1246106,ca1,00-2110
819468,ca6,88-1524
64028313,ca9,No. 95-15863
529416,ca8,93-1112
64344626,scotus,No. 01-5476
65717477,ca7,No. 08—4255
16888012,ca11,18-11641
65701010,ca2,No. 04-4873-AG
65935598,ca9,No. 06-55886
1459213,ca4,11-7142
1035011,ca10,93-1280
66371225,scotus,No. 89-7645
125815,ca7,13-2097
66730220,ca9,20-55890
282583,cadc,87-7053
66411654,scotus,No. 94-214
66287301,scotus,No. A-1091
562637,ca8,91-3124
2613342,ca8,14-1337
301247,ca11,06-14008
65295625,scotus,No. 772
28558,scotus,97-147
950494,ca2,"1421, Docket 81-7111"
1075544,ca10,12-6030
2343185,ca5,82-2516
66320115,scotus,No. 84-1583
1011071,ca2,84-6294
65402128,ca11,20-13039
66249024,scotus,No. 1215
66301897,scotus,No. 81-5378
64334929,scotus,No. 10-9516
389928,ca3,79-1811
2079343,ca7,86-1103
2624577,ca5,14-40012
65630566,scotus,No. 507
964160,ca8,02-3902
61634439,ca2,21-258-cr
66320386,scotus,No. 84-1581
16647968,ca4,18-4424
581472,ca5,10-31198
2830858,ca6,05-1701
2479678,ca5,96-60321
824453,ca5,89-3154
66225244,ca11,No. 85-5912
63939121,ca6,No. 5938
918778,ca9,12-56215
63972778,ca8,No. 11748
270139,ca9,86-2064
76924,ca6,"02-1386, 02-1461, 02-1570"
312429,ca1,93-1360
66498372,scotus,No. 09-1439
65717717,ca2,No. 08-2574-ag
175287,ca2,"119, Docket 23195"
2495269,scotus,02-7413
16352403,ca4,19-6927
66251577,scotus,No. 70-242
64347520,cadc,No. 869
66317121,scotus,No. 84-5388
65725129,ca3,No. 08-4135
73329,ca2,897
723532,ca6,99-5626
63348463,ca5,20-60914
851948,ca11,94-7089
66291292,scotus,No. 79-5720
66401535,scotus,No. 92-1672
65002497,cadc,"Nos. 87-1354, 87-1355"
769348,ca3,73-1487_1
2516500,ca9,10494
370166,ca1,75-1454
332962,ca4,84-1327
650886,ca5,78-1080
1099430,ca5,95-30736
66216253,scotus,"No. 882, Misc."
66411511,scotus,No. 94-124
66043099,ca2,No. 39
66263338,scotus,No. 73-775
66458338,scotus,No. 99-8500
6379427,ca3,17-2128
66430703,scotus,No. 96-8006
313966,ca7,80-1157
1091973,ca4,95-7567
66522108,scotus,No. 05-6193
1998103,ca5,98-30913
1326385,ca11,82-3046
605221,ca9,94-16445
66191186,ca2,"No. 505, Docket 81-7680"
69986,ca7,"96-3284, 96-3932 and 97-1150"
66426114,scotus,No. 95-1389
745903,ca5,81-1351
63953236,ca8,No. 10009
65296540,scotus,No. 971
6059570,ca5,15-50864
66412361,scotus,No. 94-5432
332273,ca9,84-2199
2896988,ca8,05-1097
859180,ca9,95-17189
2626259,ca11,14-12057
2134507,ca5,11-40820
908494,ca9,09-56527
63953446,ca5,No. 7526
80146,ca8,87-1813
66725542,scotus,No. 19-5804
81956,ca5,99-50873
3059883,ca9,15-70301
32141,ca5,98-60786
411707,scotus,387
66423111,scotus,No. 94-8800
66726904,scotus,No. 19-7030
66242922,scotus,No. 608
63573817,ca7,18-3639
704879,ca5,30256_1
66728137,scotus,No. 19-7691.
65619425,scotus,No. 15–7275.
68028668,ca11,22-13572
66159352,cadc,"Nos. 21193, 21343"
518920,ca10,08-1375
66085628,ca7,No. 2410
382634,ca3,6479
66309896,scotus,No. 82-5886
67047089,ca4,22-1529
69319611,ca2,23-7806-cr
63204110,ca4,21-2303
46626,cadc,12-3050
970747,ca11,85-5002
67352166,ca4,20-7402
2490379,ca5,73-2114
719761,ca8,20100
242750,ca5,92-3509
16409876,ca4,19-1730
66460710,scotus,No. 99-9604
1286315,ca4,92-2061
66551179,scotus,No. 96-269
66373199,scotus,No. 90-6867
63948557,cadc,No. 5857
64286007,ca7,"Nos. 02-1302, 02-1303, 02-1304"
2005671,ca7,96-1610
571405,ca9,96-15338
1127780,ca5,7372
353966,ca4,82-6064
66449976,scotus,No. 98-7608
66419644,scotus,No. 94-7949
63319678,ca5,21-50886
2074278,scotus,02-566
66287795,scotus,No. 78-947
550390,cadc,80-1877
1104549,ca7,11-2779
69733044,ca8,24-1743
713490,ca9,"07-56765, 08-55444"
351580,ca4,81-2201
66535633,scotus,No. 01-476
2075356,ca5,31084
65269956,scotus,No. 14–7724.
875413,ca9,02-72651
60052059,ca9,20-35822
6305085,ca11,17-11491
65890283,ca9,No. 04-10578
66323150,scotus,No. 85-403
66258333,scotus,No. 72-5952
997328,ca9,90-15184
66227781,scotus,No. 1105
298625,ca10,01-8013
992569,ca8,89-5142
2894370,ca9,04-99008
66863083,ca6,22-1774
1031304,ca7,93-2583
66103332,ca2,No. 234
284932,ca5,83-2370
66400371,scotus,No. 92-1573
50904,ca5,96-40910
65908622,ca4,No. 07-1397
2877405,ca8,97-1543
169739,ca9,06-73356
183793,ca11,"06-14045, 06-14046"
293565,ca4,08-4828
742536,ca7,01-2208
151065,ca8,91-2436
1030970,ca9,93-35735
1961205,ca1,97-1084
63633660,scotus,"No. 214, Misc"
66247269,scotus,No. 457
66366775,scotus,No. 89-7708
2241131,cadc,72-1759
16124689,ca9,16-71909
872103,ca10,97-3059
66219089,scotus,No. 1112
2021631,ca5,05-41779
74385,ca11,96-6213
2892426,ca9,08-17619
66304626,scotus,No. 81-6209
60070776,ca8,20-2375
66081424,ca4,No. 1406
1907224,ca7,"09-3932, 10-2190, 10-2689"
2446421,ca9,85-5782
66287191,scotus,No. 78-5532
64162755,ca6,No. 00-6086
66374185,scotus,No. 90-7328
1059444,ca6,95-6235
818926,ca2,"756, Docket 90-1245"
64011433,ca9,No. 17944
59846245,ca9,20-55633
1287575,ca7,97-1813
1867197,ca2,73-2863
2103557,ca8,09-2779
263517,scotus,92-1949
1483024,ca5,84-1903
2894177,ca3,07-2067
2646163,ca4,14-7489
290613,ca7,12399_1
6300829,ca6,17-3966
66498749,scotus,No. 09-11094
64153971,ca9,No. 00-10374; D.C. No. CR 99-01472-JMR
689512,ca4,76-1223
66246530,ca10,No. 86-1618
365574,ca8,96-2095
66266793,scotus,No. 74-119
987738,ca4,4623
66223449,scotus,No. 524
240041,scotus,A-233
540372,ca10,93-4160
66336607,scotus,No. 86-684
57671,ca5,95-20929
2856487,ca7,05-3094
66274873,ca11,No. 91-8765
65960421,ca4,No. 15-1225
65291898,scotus,No. 501
66650529,ca8,No. 6413
2895494,ca3,07-2680
65280889,scotus,No. 700
66425750,scotus,No. A-796
1426926,ca7,84-1539
2833621,ca6,07-1458
1031063,ca4,10-1663
66282306,ca7,No. 91-3663
66311695,scotus,No. 81-6746; No. 82-1328; No. 82-1445; No. 82-6238; No. 82-6239; No. 82-6260
796922,ca11,09-14615
66545592,scotus,No. 03-10459
63971491,ca4,No. 4618
66026083,ca2,No. 123
222494,ca9,81-4146
1097393,ca4,96-4746
191955,scotus,03-9247
2659316,ca9,13-55816
2160195,ca2,27732
66285444,scotus,No. 77-6785
65292287,scotus,Nos. 133 and 134
178527,ca8,17653
66509733,scotus,No. 10-10742
1681774,ca5,07-51019
66429998,scotus,No. 96-7720
509323,ca2,85-2028
1056113,ca9,95-16492
63777754,scotus,No. 09-9507
64288467,ca6,No. 02-6015
63945809,ca3,No. 4967
124607,ca9,93-70795
66273001,scotus,No. 75-5848
2632655,scotus,14A840.
872167,ca10,97-1456
836217,ca6,91-6103
64337173,scotus,No. 11-6207
66394750,scotus,No. 92-626
933282,ca2,"1022, 1023, Dockets 78-7083, 78-7084"
58734,ca4,74-1212
257717,ca5,79-5287
64282240,ca6,No. 01-4045
1154875,ca5,90-8165
1199992,ca4,06-6514
65730529,ca3,No. 09-3960
794113,ca8,06-2812
65607902,scotus,No. 12–10987.
66342270,scotus,No. 87-1197
66344564,scotus,No. 87-6471
2282331,ca5,04-40693
327067,ca5,05-60597
64196749,ca2,Docket No. 01-0104
2858031,ca7,06-3847
1004672,ca6,91-1008
282013,ca5,80-5618
545276,ca7,"90-3024, 90-3139, 90-3280, 90-3374, 90-3648, 91-1316 and 91-1419"
66270468,ca6,No. 91-1337
1417513,scotus,03-9488
16428764,ca3,19-3131
66052277,ca9,"No. 1,453"
2919313,ca11,09-14950
613029,cadc,91-1206
2052677,ca1,87-2916
2031383,ca11,08-12093
66320500,scotus,No. 84-6586
285964,ca6,88-1164
1014992,ca9,91-35752
2892120,ca9,"08-55683, 08-56317"
2823129,ca1,98-1721
815235,ca5,28398_1
65628616,scotus,No. 16–7570.
66644518,scotus,No. 17–5735.
65726077,ca9,"Nos. 06-71801, 06-72969"
96453,ca7,12669_1
1956554,ca10,96-5111
15056887,ca11,18-13403
66388277,scotus,No. D-1098
65673006,ca9,No. 02-35810; D.C. No. CV-01-00257-MHW
2871374,ca3,03-3079
1252134,cadc,81-1597
322848,ca5,15198_1
66647144,scotus,No. 18–3.
2012416,ca5,06-31239
68120151,ca4,23-7300
16018342,ca7,18-2013
60322460,ca6,20-1351
65266947,scotus,No. 14–187.
66056785,ca6,No. 1998
66321693,scotus,No. 84-6842
243562,ca10,01-8071
125035,ca2,"232, Docket 94-1024"
585886,ca1,"09-2312, 09-2313, 09-2330"
66353186,scotus,No. 88-6743
66260773,ca4,No. 90-2658
841667,ca6,92-3552
2867635,ca3,94-5331 and 94-5347
1281785,ca10,00-4037
507483,ca7,84-1167
759948,ca2,758
704487,ca9,00-15099
634173,ca5,24343
66527759,scotus,No. 00-971
429946,scotus,04-5512
65717203,ca4,No. 08-1869
2329751,ca6,09-4387
1008309,cadc,91-7039
66328983,scotus,No. 11-9881
66555892,scotus,No. 83-710
163392,ca8,03-1411
258264,ca7,10336_1
66235869,scotus,No. 260
63969053,ca9,No. 9312
2055874,ca7,82-2425
64331499,scotus,No. 10-8565
2442505,ca4,98-7471
2447126,ca11,91-7432
2828098,ca6,01-1921
66548898,scotus,No. 04-6188
504073,ca7,89-1811 & 89-1889
391813,ca11,92-5112
2859271,ca7,07-2417
66489859,scotus,No. 03-8821
66268384,scotus,No. 74-125
66548004,scotus,No. 04-7209
274923,ca5,74-3196
2869269,ca3,02-1210
1391744,ca3,85-3713
2500106,ca11,95-2262
2406870,ca1,91-5738
1007244,ca11,06-13599
2825930,ca4,11-4754
738934,ca7,01-3513
65727380,ca3,"Nos. 09-2903, 08-4791"
65610693,scotus,No. 13–7520.
1981511,ca5,95-20485
171685,ca5,"97-30042, 96-11470"
770619,ca4,97-1046
2861209,ca7,08-4298
2294994,ca3,83-1118
63966347,ca3,No. 6707
2077966,scotus,02-8958
17211555,ca11,18-10658
64016139,ca8,No. 93-2387
60934683,ca5,21-10578
66195334,scotus,"No. 355, Misc."
66331743,scotus,No. 86-5432
423579,ca6,15295_1
66486965,scotus,No. 03-846
63936302,ca9,No. 6297
64344642,scotus,No. 01-1445
63180685,ca6,21-1184
66397941,scotus,No. 92-6826
6967,cadc,19-5048
717027,ca2,99-6006
1447055,ca4,6041_1
66201050,scotus,No. 244
66307105,scotus,No. 81-2403
64330305,scotus,No. 10-7727
1490250,ca5,74-4219
364307,ca10,12-6298
2860125,ca7,08-2119
1379517,scotus,93-7732
305792,ca2,09-5151-cv
871720,ca9,97-35494
66310635,scotus,No. 82-6259
307370,ca5,10-30123
63998855,ca10,No. 4956
66170906,ca6,No. 73-1359
65700195,ca9,No. 05-71173
65884002,ca5,No. 03-50061
65693999,ca9,No. 04-56348; D.C. No. CV-01-00042-NAJ/NLS
66505702,scotus,No. 12-6051
4118694,ca5,15-60034 Summary Calendar
1387673,ca3,76-2581
2667517,ca4,15-6495
65295447,scotus,No. 707
2005993,ca5,02-40138
1448187,ca2,83-1088
1375987,ca3,75-1768
794297,ca2,"167, Docket 29875"
66407138,scotus,No. 93-5909
1214315,ca11,05-15317
2647328,ca4,15-6033
874812,ca2,Docket 02-2063
2854615,ca7,04-1871
15949208,ca4,19-1336
216004,ca11,05-17028
14569039,ca7,18-2008
66528173,scotus,No. 00-7845
65377837,ca4,21-7238
1155861,ca5,14-30398
115028,cadc,77-1418
123840,ca4,96-2709
2157700,ca6,89-3121
66270449,ca10,No. 91-1246
66211528,scotus,No. 671
66400491,scotus,No. 92-7763
66451960,scotus,No. D-2024
762311,ca9,72-2900
313484,ca6,79-1473
272373,ca6,87-2059
1350479,ca9,09-71298
66433485,scotus,No. 96-8742
4469488,ca9,14-56852
2856112,ca7,04-2557
1119053,scotus,73-122
510663,ca7,89-1984
64997544,cadc,No. 85-1150
65302269,scotus,No. 277; No. 278
194349,ca5,72-2125
209010,ca5,03-40587
66457970,scotus,No. 99-1419
2312331,ca4,07-4723
6281065,ca11,17-14369 Non-Argument Calendar
905154,ca1,94-1993
1318108,ca2,85-2347
64432372,ca10,20-1372
232845,ca5,07-50803
66835404,ca6,17-5065
66104515,cadc,No. 1440
64281024,ca4,No. 02-6707
66286905,scotus,No. 78-505
1480558,ca9,84-5240
65712655,ca9,No. 07-56378
2902525,ca8,07-3757
610193,ca9,95-55136
2903214,ca8,08-1766
65683588,ca5,No. 04-50862
416350,ca7,74-1530
65725598,ca9,No. 08-50319
65910052,ca9,No. 07-71268
1271122,ca1,4576
2134102,ca3,87-1237
66529402,scotus,No. 00-5617
2359582,ca5,03-51390
3034555,ca7,15-1231
65957637,ca5,No. 09-10544
66430534,scotus,No. 96-1446
359722,ca9,13-15112
420189,ca11,95-4765
306655,scotus,02-8189
2905160,ca8,08-2307
2488458,scotus,04-5050
1980227,scotus,03-6170
1346749,ca2,"1143-45, Dockets 76-1130, 76-1136, 76-1202"
991865,ca6,4756
66464926,scotus,No. 00-9181
65293969,scotus,No. 293
243688,ca10,02-4156
681564,ca4,9333_1
66324942,scotus,No. 10-9981
66503235,scotus,No. 10-8797
66397389,scotus,No. 92-7007
65273117,scotus,No. 15–835.
63977478,ca2,No. 19
1519218,ca6,78-1202
374448,scotus,01-978
66486242,scotus,No. 03-562
1069883,ca5,97-11392
764655,ca10,79-1265
63771774,scotus,No. 09-8436
507658,ca9,75-2859
65298122,scotus,No. 1164
1295580,ca3,14808_1
4551482,ca7,15-2477
4559576,ca9,"15-10513, 15-10514"
2127747,ca5,79-1676
65707155,ca9,No. 06-72953
6785051,ca4,18-1178
16212137,ca7,18-3487
2130170,ca5,77-2343
2182392,cadc,72-1342
341893,scotus,70-5058
67468339,ca7,22-2942
16534921,ca9,17-71680
66069752,ca9,"No. 2,073"
658123,ca5,25345
2683201,ca3,14-4781
6123797,ca4,17-4002
2116237,ca4,79-1008
2050567,ca4,09-6297
2344577,ca4,97-6108
65656661,ca9,No. 03-70442
65676442,ca6,No. 01-2221
824103,ca11,88-6241
1094943,ca1,74-1018
67502441,ca5,22-40716
66243549,scotus,No. 911
17099891,cadc,19-3090
880094,ca5,84-2409
208080,ca11,04-15859; D.C. Docket 02-60096-CR-WPD
29111699,ca10,19-5089
65691777,ca4,No. 10-2197
65608536,scotus,No. 13–6119.
224450,ca2,83-2170
834440,ca7,10-1917
1502192,ca5,92-4175
494154,ca3,91-1555
7695000,ca7,17-1345
199558,ca5,74-2468
66414563,scotus,No. 94-6129
254423,ca6,85-5404
375015,ca3,163
2899346,ca8,06-2780
66404056,scotus,No. 93-8438
1247153,ca4,80-5176
2452873,scotus,02-9958
327620,ca1,07-1244
639288,ca4,04-4125
14974826,ca9,17-50384
66498236,scotus,No. 09-1404
410558,ca5,06-40122
66360270,scotus,No. 89-6015
952023,ca9,80-3155
2834368,ca6,07-4029
344881,ca2,13-2958-cv
1042719,ca7,94-3703
2420741,ca11,91-7282
65889227,ca4,No. 06-7111
755259,ca10,11-1401
336709,ca4,10-6374
66195285,scotus,"No. 368, Misc."
2076803,ca7,02-1605
2755058,ca9,13-35555
66203129,ca9,No. 84-1847
66276489,scotus,No. 75-7004
66539939,scotus,No. 01-7440
304613,ca6,4902
14912798,ca3,18-3309
583531,ca9,97-70334
231307,ca8,13-1426
2867066,ca3,93-7267
64345085,scotus,No. 08-860
747942,ca8,96-2540
66240600,ca2,"No. 1289, Docket 88-7268"
64198018,ca9,No. 00-559976; D.C. No. CV-99-00841-DOC
6080948,ca3,"15-1086, 15-1127"
395586,ca11,99-4033
1015795,ca7,92-1401 and 92-1714
1216904,ca1,86-5796
1085689,ca5,81-1143
311039,ca5,80-7138
692691,ca4,8442
962241,ca11,94-6147
66366021,scotus,No. 89-1838; No. 89-1845
1299929,ca5,84-2532
153320,ca5,26986_1
524644,ca3,84-5772
651924,ca4,10-4732
2337384,ca11,85-5146
66350722,scotus,No. 88-1083
66400474,scotus,No. 92-7834
66520637,scotus,No. 04-10329
66649251,scotus,No. 18–6416.
59861909,ca9,20-10214
66400661,scotus,No. 92-8081
2332072,ca10,10-3322
66491237,scotus,No. 03-9491
66261644,scotus,No. 73-263
66463983,scotus,No. 00-8788
66529687,scotus,No. 00-5563
65628825,scotus,No. 16–6456.
66092513,ca2,No. 128
142431,ca3,09-2778
850570,ca9,93-56129
3042945,ca4,15-2123
66480162,scotus,No. 03-87
613617,ca5,25892
952678,ca7,81-2525
2902018,ca8,07-1981
1222025,scotus,468
800243,ca5,85-3326
66220396,scotus,"No. 560, Misc."
66433639,scotus,No. 96-1267
4564596,ca3,16-1582
686057,ca3,99-3084
95508,ca11,94-2505
1127793,ca6,79-3457
1330252,ca5,04-41148
781266,ca10,98-5119
65964416,ca2,No. 16-553
29084815,ca2,19-969-cv
267158,cadc,76-1618
193022,ca8,"71-1040, 71-1315"
1457905,ca3,90-1052
940534,ca9,96-30185
63923009,cadc,Patent Appeal No. 1772
64334454,scotus,No. 10-6991
66386989,scotus,No. 91-7704
849155,ca9,92-30403
12621,ca5,99-60747
264168,scotus,94
3018616,ca4,15-6989
1333093,ca11,07-12273
2498245,ca5,73-1997
968840,ca6,9569
2009567,ca10,95-1301
2075834,ca7,76-1561
66376166,scotus,No. 90-1150
1108306,ca4,05-2392
66437591,scotus,No. 96-9528
66495885,scotus,No. 04-9608
1281634,ca5,88-1636
708953,ca11,81-7973
2381797,scotus,329
66549209,scotus,No. 04-8247
66234016,scotus,No. 1515
231249,ca8,15864_1
66271540,scotus,No. 75-117
903933,ca4,89-7757
367686,ca7,91-2693
1934379,ca2,89-2550
65666494,ca9,"Nos. 01-10750, 02-10011"
2274273,ca5,03-20283
1726270,ca5,78-1848_2
1214941,ca9,90-10234
66643989,scotus,No. 17–5266.
2295798,ca1,90-1985
851262,ca9,95-30164
65670539,ca7,No. 03-1711
66478886,scotus,No. 02-10580
63776920,scotus,No. 09-9760
991236,ca4,88-2099
300187,ca2,25938-25940_1
485697,ca4,87-7503
65941737,ca2,"Nos. 07-0405-cr(L), 07-0413-cr(CON)"
66240911,scotus,No. 1345
66383617,scotus,No. 91-6650
687760,ca11,04-14744
203825,ca6,75-1193
1038999,ca10,94-4055
8496165,ca5,18-10724
65610342,scotus,No. 13–7770.
219445,ca2,09-1616-cv
66374525,scotus,No. 90-1338
597837,ca2,"146, Docket 22205"
66309462,scotus,No. 82-5790
2835331,ca6,"08-3822, 08-3823"
66101904,ca8,No. 5609
1680958,ca9,97-15837
2215735,ca11,81-7875
1399247,ca3,76-1871
656330,ca8,300
465095,ca10,07-2015
2898574,ca8,05-3171
437620,ca10,97-3094
1303200,ca4,08-7648
65272825,scotus,No. 14–9019.
66367877,scotus,No. 90-5394
66648230,scotus,No. 18–5956.
1303648,ca4,97-1521
66250983,ca9,"Nos. 88-3985, 88-3988 and 88-4064"
65728728,ca4,No. 09-7646
2382434,ca11,94-3483
66250326,scotus,No. 6171
2635156,ca7,14-2866
65614505,scotus,No. 13–10048.
252222,ca5,16951_1
502405,ca9,13367_1
309697,cadc,01-7092
66502607,scotus,No. 10-7134
1388926,ca3,76-1975
66173677,ca5,No. 72-1481
728752,ca8,05-1711
2350133,ca8,87-1955
66350957,scotus,No. 88-1120
621080,ca10,8870
65629375,scotus,No. 16–1325.
551510,ca6,92-6546
2169960,ca4,12-7847
65292453,scotus,No. 953
39146,scotus,759
63944513,ca5,No. 6484
1510096,ca5,91-1606
65294151,scotus,No. 588
2821432,ca1,95-1786
1094118,ca4,"95-5560, 95-5563"
2468903,ca5,94-60183
538452,ca1,12-2044
2851589,ca7,99-3385
65676548,ca2,No. 02-1484
923678,ca5,82-4578
66206301,scotus,No. 353
66710845,ca9,22-35457
66302096,scotus,No. 81-519
7938432,ca9,17-10295
2023714,ca5,91-4687
2330422,ca4,13-6412
308873,ca9,89-15066
66329566,scotus,No. 11-9357
708499,ca8,97-4359
63778993,scotus,No. 09-999
1094108,ca4,"95-5829, 95-5830"
66532525,scotus,No. 98-9245
1433311,ca4,96-6101
1442401,ca6,83-5399
66262258,scotus,No. 73-5431
66195387,scotus,No. 620
29765,ca7,15-1609
1978055,ca10,"93-5279, 94-5007 and 94-5041"
65894517,ca9,No. 05-71464
110518,ca5,12-41217
2461648,ca4,04-6579
63211317,ca9,20-35411
1396253,ca8,76-1662
65611365,scotus,No. 13–8321.
173276,ca5,96-10892
65288048,scotus,No. 800
65670626,ca4,No. 03-1528
6086558,ca4,16-2383
617537,cadc,"22203, 22204"
66425419,scotus,No. 95-7044
69592831,ca3,22-3232
1008756,ca2,79-7699
784797,ca11,12-11150
7389224,ca9,13-73048
66534310,scotus,No. 99-5598
65302705,scotus,"No. 203, Misc."
2032225,ca11,09-10524
66472385,scotus,No. 01-10363
66372901,scotus,No. 89-1363
17023016,ca11,19-14193
66418669,scotus,No. 94-7380
959536,ca10,99-6331
17071364,ca4,18-2435
2295057,ca4,78-8226
66300643,scotus,No. 80-1824
148908,cadc,14195-14197_1
413732,ca11,09-11069
190833,ca8,11553
67317715,ca2,23-446
17289149,ca10,19-1351
66330902,scotus,No. 86-28
66467970,scotus,No. 01-8539
65624585,scotus,No. 16–5614.
340624,ca5,29015
955348,scotus,02-7148
846035,ca4,10-1954
63998739,ca9,No. 13857
2089813,scotus,03-8706
64284158,ca9,No. 01-17045; D.C. No. CV-00-01751-MJJ
872211,ca10,98-2109
1709573,ca3,88-3573
65286863,scotus,No. 473
267821,ca9,84-3501
379511,scotus,03-6511
1647399,ca5,80-5603
63988677,ca7,"Nos. 9437, 9438"
66261971,scotus,No. 73-5425
1626798,ca4,2788
649595,ca6,90-3494
1433702,ca2,84-2201
944968,ca3,83-3052
580189,ca4,07-1274
66382624,scotus,No. 91-919
66369100,scotus,No. 90-228
428296,ca8,79-1298
1667819,scotus,01-10789
64319422,cadc,Case No. 1:18-cv-00359 (TNM)
66214873,scotus,No. 280
80740,scotus,567
379685,ca6,09-5238
1081526,ca7,11-1505
16739640,ca5,18-11649
2990210,ca5,14-41439
272030,ca4,87-5578
1466222,ca9,85-7556
66445456,scotus,No. 98-408
66047989,ca2,No. 32
66282850,scotus,No. 77-5932
64338200,scotus,No. 11-5991
554474,ca4,02-7257
1137807,ca11,09-10363
1001754,ca1,88-2032
65709385,ca3,No. 07-4026
6134166,ca4,16-7638
63951286,ca3,No. 5442
64325664,scotus,No. 09-9918
7558917,ca4,18-6569
66420342,scotus,No. 94-7915
65628503,scotus,No. 16–1037.
66271695,scotus,No. 75-129
812334,ca8,86-5450
1211729,ca9,11-10556
66545938,scotus,No. 03-10968
66258994,ca2,"Nos. 1308, 1318, 1319, 1430, Dockets 90-6093, 90-6057, 90-6091, 90-6103"
1090073,ca11,11-15067
66290901,scotus,No. 79-5418
66533260,scotus,No. 99-5033
65611205,scotus,No. 13–8060.
2786257,ca4,15-6552
2641946,ca9,14-50088
66453379,scotus,No. 98-8512; No. 98-8632
323328,ca9,90-50541
481537,ca4,79-6696
66407875,scotus,No. 92-9032; No. 92-9108; No. 93-245; No. 93-5297; No. 93-5354; No. 93-5549; No. 93-5650; No. 93-5684; No. 93-5741; No. 93-5793; No. 93-5823; No. 93-5830; No. 93-5884; No. 93-5900; No. 93-5938
1323543,ca5,90-3792
66086479,ca8,No. 4119
1032114,ca7,93-3739
2028194,ca4,79-1719
66527654,scotus,No. D-2230
65301481,scotus,No. 458
65955805,ca9,No. 07-35412
66442418,scotus,No. 97-9365
289388,ca4,88-2196
64326578,scotus,No. 09-11266
1011345,ca8,92-1318
2620454,ca4,"14-4379, 14-4387"
2825713,ca4,06-1668
984904,ca5,91-1426
1473889,ca6,78-5160
1268587,ca8,12-2737
64285630,ca6,No. 02-5605
711369,ca11,97-4896
66447940,scotus,No. 98-6723
66386476,scotus,No. 91-6988
16446557,ca10,18-1436
206874,ca1,76-1415
1650062,ca4,97-7767
65597870,ca4,22-1888
66046212,ca3,No. 22
425782,ca5,07-41085
61617982,ca2,20-2986
209962,ca10,95-6334
742086,ca8,"01-3685, 02-1361"
710240,cadc,21902_1
63776771,scotus,No. 09-9128
66500453,scotus,No. 10-6533
642226,ca1,04-1277
66300779,scotus,No. 80-2104
66379122,scotus,No. 91-5063
2480037,scotus,02-5161
106138,ca11,97-4704
66371146,scotus,No. 90-6376
2337561,ca6,83-5204
66262010,scotus,No. 73-453
1013616,ca6,92-1399
1065292,ca10,94-6078
801493,ca8,86-1177
63951046,ca7,No. 5033
66281559,scotus,No. 77-370
569266,ca7,13684_1
66293149,scotus,No. 79-6224
57371,ca10,11-4108
65935515,ca9,No. 06-16833
1106445,ca3,3704
68538309,ca9,23-2443
444237,ca8,84-1162
515007,ca7,90-2073
2497796,ca4,11-7560
1016262,ca9,91-35869
65282938,scotus,No. 634
66405821,scotus,No. 92-9046
377441,cadc,08-7122
191836,ca9,83-1135
1407574,ca4,08-8342
65292824,scotus,No. 195
272818,scotus,738
638072,ca4,03-4780
2484876,ca5,95-30966
64332119,scotus,No. 10-8631
1725847,ca3,81-1285
66645612,scotus,No. 17–6950.
66456457,scotus,No. 99-8273
2337482,ca3,76-2533
66376828,scotus,No. 90-7204
66555046,scotus,No. 83-5028
66319776,scotus,No. A-674 (84-6082)
2684910,cadc,14-7030
66385733,scotus,No. A-700
648125,ca5,24679_1
63987023,ca5,No. 12114
66385862,scotus,No. 91-6663
67359797,ca3,22-3410
66340509,scotus,No. 87-5862
72264,ca4,06-2044
2097241,scotus,04-7997
66328906,scotus,No. 11-1143
2362336,ca7,87-1718
2827102,ca6,99-6479
827277,ca6,89-3929
1312020,ca5,89-2167
175294,scotus,01-1465
1657082,ca11,92-4420
66068307,ca6,"No. 2,264"
320556,ca9,08-55447
930781,ca6,84-5046
2164026,cadc,14667_1
66459380,scotus,No. 99-8924
319593,ca5,97-40895
2463126,ca4,05-7459
2872713,ca3,05-1362
4667140,ca2,16-529
65890955,ca9,No. 04-35548
52711,ca11,13-10799
66327463,scotus,No. D-559
840055,ca1,92-1738
66309979,scotus,No. 82-5978
66491222,scotus,No. 03-9469
66064415,ca6,"No. 2,150"
64280876,ca9,No. 01-35671; D.C. No. CV-00-05593-FDB
721385,ca8,71-1510; 71-1524
418790,ca11,94-2165
66217907,ca9,No. 85-5590
1212621,ca9,86-5110
66259079,scotus,No. 72-1123
66402687,scotus,No. 92-8612
1869013,ca2,88-4027
16830255,ca7,19-1442
64909817,ca11,21-12569
2643014,ca4,13-2189
67607402,ca5,22-40767
64335171,scotus,No. 10-1314
2851427,ca7,99-2738
4484812,ca6,15-5563/5606
1799244,scotus,No 389
1614772,ca4,95-2275
1114092,ca7,"02-2431, 02-2574"
70217508,ca2,23-6750
101828,ca10,"01-6238, 01-6242"
1527600,ca5,05-40974
63930920,ca8,No. 8561
371543,ca11,89-7888
2486192,ca5,98-40695
65718027,ca9,No. 07-74156
759896,ca3,"76-2759, 76-3157"
64329637,scotus,No. D-2522
658551,ca7,76-1174
1024341,ca11,11-11142
2859230,ca7,08-1862
65675473,ca6,No. 02-6501
317151,scotus,13–369.
4479598,ca4,15-4631
66164999,ca5,No. 71-1161
1006455,ca9,90-70445
66380104,scotus,No. 91-392
64287135,ca6,No. 02-5969
2471044,ca2,90-5021
59684108,ca9,18-56145
2496186,ca4,80-8165
2205123,ca5,83-4530
66207189,scotus,No. 694; No. 733
65608315,scotus,No. 13–5952.
513346,ca8,77-1309
137001,ca6,05-2708
66201025,scotus,No. 246
69329287,ca10,24-1195
66514609,scotus,No. 11-6504
66388514,scotus,No. 91-8205
66439338,scotus,No. 97-6440
820409,cadc,88-3111
1082955,ca6,19047
1108140,ca4,"06-4631, 06-4632"
66373895,scotus,No. D-993
66480030,scotus,No. 02-11379
66504532,scotus,No. 11-10956
66481166,scotus,No. 03-5496
64153264,ca9,No. 99-35891; D.C. No. CV-98-05463-RJB(RR)
368190,ca10,99-2040
264070,scotus,03-9707
66250025,scotus,No. 6738
2404800,ca4,03-6054
66280312,ca5,No. 90-8014
1083870,ca4,11-6131
206064,ca8,13-2378
2839866,ca6,14-5653
186596,ca5,96-60328
655374,ca10,8536
1248456,ca8,10-2395
66269941,scotus,No. 74-1382
6241340,ca7,17-1331
4669936,ca5,16-20609 Summary Calendar
66242244,ca2,"No. 613, Docket 88-1266"
1752945,ca11,95-9350
2903657,ca8,08-2537
448916,ca7,98-4277
111439,ca2,"365, Docket 25065"
149241,ca4,07-1512
65613867,scotus,No. 13–9897.
65655791,ca9,"Nos. 01-35352, 01-35399 and 01-35484"
66095082,ca3,No. 2416
65267488,scotus,No. 14–5981.
65740839,scotus,21-972
2079415,scotus,02-9586
2455207,ca4,99-6812
274641,ca6,87-3620
469449,ca2,22170_1
974453,ca2,362
64030046,ca2,"Nos. 232, 3, 2, 543, 545, 544 and 546, Dockets 94-7191, 94-7233, 94-7287, 96-7140, 96-7141, 96-7145 and 96-7305"
66091792,ca5,No. 3099
229539,ca10,03-6047
2069476,scotus,01-10655
381576,ca6,90-3132
66552512,scotus,No. 96-606
1454829,ca5,03-20124
1367512,ca11,92-2907
315688,ca4,88-6726
1372281,ca3,77-2328
66066742,ca9,"No. 2,112"
66238160,scotus,No. 482
527381,ca9,"08-71330, 09-72132"
91513,ca9,90-15559
3064524,ca7,15-3446
2353807,ca6,79-3056
2891137,ca9,04-15465
851448,ca9,93-15253
65691660,ca2,No. 05-0292-CV
734445,ca7,04-3331
214668,ca5,78-2595
742140,ca8,01-2735
63947487,ca9,No. 7108
2031415,ca3,87-3709
1001712,ca8,90-1592
170562,ca5,15870
64288292,ca9,No. 02-17007
66834453,cadc,21-5257
660108,ca1,90-1005
516374,ca9,21405_1
66326970,scotus,No. 85-1679
7432159,ca11,16-16354
438424,ca5,08-50230
65734707,ca4,No. 10-6853
63981718,ca5,No. 11432
65733168,ca7,No. 09-2548
66490579,scotus,No. 03-9206
66664080,scotus,No. 12–9926.
65612776,scotus,No. 13–873.
65733308,ca3,No. 08-2060
65286358,scotus,No. 913
1043986,cadc,"7100-7103, 7099"
2875211,ca8,96-1714
65711193,ca9,No. 07-56644
758903,ca7,72-1380
66267638,scotus,No. 74-5618
315907,ca6,90-5887
66378512,scotus,No. 90-8429
372971,ca2,"68, Docket 76-6063"
8344818,ca9,17-72637
2098095,ca8,93-1971
70802350,ca9,23-4332
2633310,ca5,13-11169
66307373,scotus,No. 81-2290
1247324,ca10,95-1306
6119951,ca4,16-1447
66471849,scotus,No. 01-9613
66087555,ca8,No. 4660
775588,ca7,82-2956
609471,ca1,05-2220
874661,ca3,01-1096
66103532,ca8,No. 5807
85373,ca2,1998
365204,ca10,198-70
2087380,ca11,91-5937
65708105,ca2,No. 12-4687-cv
43056,ca11,06-10219
362786,ca5,13-20159
556030,ca4,10-1754
1426631,cadc,93-1431
6230846,ca10,16-4094
765291,ca8,72-1688
65678121,ca10,No. 04-3025
64326730,scotus,No. 09-11447
902976,ca4,94-5497
631249,scotus,03-10250
912347,ca4,08-4925
66265293,ca2,"Nos. 1586-1601, Dockets 88-1464, 88-1470 to 88-1474, 88-1477, 88-1547; 90-1291, 90-1292, 90-1296, 90-1297, 90-1301, 90-1311, 90-1312 and 90-1351"
66477975,scotus,No. 02-1564
609881,cadc,16607
770845,ca6,20518
640619,ca4,04-4670
65718303,ca9,No. 06-73380
66303601,scotus,No. 81-1145
385252,ca4,13-4168
1351489,ca4,04-6011
65619940,scotus,No. 15–735.
66434382,scotus,No. 96-1826
64069192,ca9,No. 98-56261
66476674,scotus,No. 02-10318
2905518,ca8,09-1261
66379222,scotus,No. 91-5124
2478263,scotus,04-6416
566205,ca7,10489_1
2001851,ca5,00-31283
1325726,ca5,82-1634
502109,cadc,88-1760
2922544,ca9,07-16164
70187910,ca2,23-6396
269734,scotus,02-5106
66403483,scotus,No. 93-8012
1008081,ca2,"395, 516, Dockets 91-1191, 91-1239"
66089661,ca9,No. 2978
65268772,scotus,No. 14–7195.
66383010,scotus,No. A-353
2838100,ca6,11-5732
65889389,ca10,No. 04-7113
1368846,ca9,09-15496
66490658,scotus,No. 03-9680
66111261,ca6,No. 3788
65277660,scotus,No. 256
557473,ca10,90-3072
339736,ca3,77-1533
68562042,ca6,24-5507
1486955,ca2,93-1725
496038,ca10,82-2245
640025,ca4,04-7555
66029971,ca5,"No. 1,122"
66263674,ca9,No. 91-55140
68107919,ca4,23-2260
64018396,ca10,No. 94-1094
66331385,scotus,No. 85-1645
65665178,ca2,No. 02-6115
65295746,scotus,No. 1007
66523465,scotus,No. 05-348
2882149,ca8,99-3348
436106,ca7,96-3212
63976078,ca2,No. 31
66236172,scotus,No. 666; No. 669; No. 670
63935435,ca10,"Nos. 269, 270"
260983,scotus,03-1103
66204798,scotus,No. 629
818600,ca7,87-1467
234212,ca11,08-16834
64251,ca3,97-7551
1438861,ca4,77-2619
979826,ca11,86-5770
1620112,scotus,154
131450,ca2,10-1783-ag
66217171,scotus,No. 62
1818967,ca6,78-1480
280175,ca4,81-8008
760567,ca5,72-3196
2822346,ca1,96-2179
66219753,scotus,No. 257
66411859,scotus,No. 94-5091; No. 94-5141
63927328,ca8,No. 7886
328853,ca9,01-50610
876490,ca4,11-1885
1244128,ca5,10-20666
64154695,ca9,No. 00-10331; D.C. No. CR-98-01292-FRZ
84913,ca11,95-3525
65889711,ca9,No. 05-30378
507512,ca7,84-1356
65953413,ca9,No. 04-76409
66281383,scotus,No. 76-1349
59901223,ca9,20-15127
255474,ca4,13-0284
7942272,ca11,18-11439
933628,ca9,88-1804 to 88-1812 and 88-1814
66481202,scotus,No. 03-5517
1194467,ca4,01-6536
60061682,ca11,20-14233
65685818,ca9,No. 04-35299
66356812,scotus,No. 89-91
1880110,ca8,10-2011
18761618,ca11,20-10923
63962989,ca7,No. 6325
70641729,ca9,24-5471
410939,ca7,96-1106
66089135,ca6,No. 3092
66368845,scotus,No. 90-448
1961976,ca4,08-4679
63993373,ca5,No. 12790
309868,ca11,14-10172
69768028,ca3,24-2776
847681,ca6,92-2366
851173,ca4,94-2422
1098919,ca11,12-15324
66480595,scotus,No. 03-5169
66238350,ca8,No. 87-2251
1106621,ca4,"05-5268, 05-5269"
1269866,ca4,14523
1498435,ca4,06-6824
66443210,scotus,No. 98-160
968040,ca3,92-3279
7197404,ca4,18-1188
66397748,scotus,No. 92-830
2333464,scotus,465
65628608,scotus,No. 16–7146.
1081734,ca2,86-3019
406854,ca1,04-1848
2442290,ca4,10-7747
258060,ca4,99-6864
170913,ca5,10-60432
1907091,ca6,"98-1286, 98-1295"
111274,ca9,78-2402
495880,ca10,04-1541
66501943,scotus,No. 10-7555
66508207,scotus,No. 12-7864
784453,ca9,73-3611
314037,ca1,02-1859
942475,ca5,75-3023
1081073,ca8,87-5087
8342567,ca4,17-4745
65709594,ca4,No. 12-7085
66211296,scotus,No. 337
1042452,ca4,94-5430
312876,ca1,00-2032
80978,ca9,87-7081
51093,ca11,04-15673; D.C. Docket 03-02025-CV-RWS-1
66295439,scotus,No. 80-5365
1392689,ca9,83-7629
65733125,ca4,No. 10-6053
1709129,ca5,79-2586
1025257,ca5,92-1181
347235,ca5,07-60045
65716623,ca9,No. 05-72580
66190641,cadc,No. 79-1502
66457818,scotus,No. 99-8385
66151721,ca4,No. 9760
778628,ca4,06-1667
66354573,scotus,No. 88-7196
703516,ca7,99-2317
66230791,scotus,No. 1453
67988680,ca5,23-10093
2448012,ca5,05-10698
1104686,ca10,13-1031
65706582,ca7,No. 12-3551
337937,ca4,13-8027
17481212,ca5,20-50115
14797484,ca6,18-1209
1794939,ca4,96-7123
2446244,ca2,84-1120
2833722,ca6,07-3038
70555221,ca5,24-50228
1947239,ca7,87-2272
697199,ca4,10410_1
2669190,scotus,14-46
959636,ca8,10050
123491,ca4,13-1787
527899,ca4,12-4759
65891058,ca9,No. 05-16253
65912802,ca9,No. 06-50512
7842869,ca3,16-1994; 16-2244
512378,ca5,84-1575
65673839,ca9,No. 03-16543; D.C. No. CV-02-001651-WBS
64001705,ca8,No. 15641
64984987,cadc,Nos. 76-1325 to 76-1334
99083,ca10,95-1034
65892414,ca9,No. 06-50032
1484655,ca4,"00-7794, 01-6091"
1064506,ca5,07-60398
470936,ca10,09-3157
1006688,ca9,87-5298
25096,ca11,07-12199
66213090,scotus,No. 386
310396,ca1,99-1095
67263282,ca4,23-1443
66135408,ca8,No. 688
670910,ca9,99-55448
2079510,ca4,04-6995
64224369,ca2,Docket No. 01-0156
66295287,scotus,No. 80-5313
691000,ca3,"13540, 13541"
997544,cadc,76-1014
1562551,ca9,92-15938
66172446,ca2,"No. 927, Docket 73-2552"
131004,ca5,03-10179
2430115,cadc,80-2244
66404151,scotus,No. 93-1272
983858,ca7,87-2822
552590,ca2,08-1488-ag
1282680,ca5,02-50262
64318200,cadc,Civil Action No. 15–1851(EGS)
2880614,ca8,98-1346
60011703,ca9,20-16927
1021941,ca7,92-1598
338048,scotus,02-6908
59744501,ca9,19-35850
15817,ca4,19-1960
65732707,ca4,No. 09-7772
1056407,ca10,94-3351
64001782,ca2,"No. 114, Docket 24252"
66463095,scotus,No. 00-8923
63668295,ca9,No. 718
503616,ca4,84-1640
693169,ca7,13609_1
776186,ca2,80-7812
66282694,scotus,No. 77-667
723485,ca7,99-2608
1301638,ca6,81-3106
66391558,scotus,No. 92-5059
567706,ca10,94-5061
6333970,ca5,16-41312 Summary Calendar
1217712,ca1,98-1536
2830710,ca6,04-5672
142424,scotus,300
1060686,ca8,"95-4183, 96-1010"
839303,ca2,1952
1600857,ca1,06-2145
1191544,ca5,79-2494
65621693,scotus,No. 15–8710.
66202467,scotus,No. 361
1973555,ca5,97-10447
17156038,ca8,19-1711
2260622,ca5,87-2036
66720737,scotus,No. 18–6388.
359116,ca4,04-4574
66508117,scotus,No. 12-7626
2334750,ca4,02-7429
2895990,ca3,07-2684
2860515,ca7,08-3505
2671954,ca11,14-14697
63778127,scotus,No. 09-10089
66518164,scotus,No. 01-10674
1206305,ca8,"17445, 17492"
337745,ca3,13-2184
65007962,cadc,No. 04-1433
2441266,ca4,07-6908
205307,ca8,15257_1
220465,cadc,80-1459
676150,ca5,77-1054
66355781,scotus,No. 88-1871
1151980,ca11,85-3087
221289,ca5,81-2410
761995,ca9,73--1700
66538481,scotus,No. 01-5597
2453762,ca4,87-7543
1103073,ca10,3666
1018075,ca9,92-35343
2015151,ca5,03-11087
1299519,ca4,08-8159
818677,ca4,01-4710
959106,ca2,"706, 707, Dockets 72-2333, 73-1012"
15738320,ca7,18-3169
67561485,ca4,23-1665
2155998,cadc,77-1798
2395981,ca5,76-1405
66290621,scotus,No. 79-5553; No. 79-5561
64282322,ca9,No. 00-71601; INS No. A72-273-959
4569644,ca4,15-2099
2389685,ca11,95-5005
2348056,ca4,92-7127
786857,scotus,93-6934
66953,ca6,77-1337
2101752,ca4,09-7937
66191234,ca8,"Nos. 80-1458, 80-1494, 80-1531, 80-1599 and 80-1735"
66495218,scotus,No. 04-6794
6139847,ca9,15-30114
65624760,scotus,No. 16–5770.
1628840,ca5,8545
66272962,scotus,No. 75-5763
326299,scotus,03-9437
70764741,ca9,23-3892
65710700,ca4,No. 13-7444
68440230,ca3,23-1845
297887,ca2,09-1557-cv
328636,ca10,98-4047
65613087,scotus,No. 13–7841.
63566027,ca8,21-2348
17350678,ca11,18-11638
66108927,ca5,No. 3881
370300,ca7,93-1674
2336106,ca3,9950
66138419,ca9,No. 321
66662051,scotus,No. 12–9675.
67019885,ca2,22-2698
64284631,ca6,No. 02-1724
66406916,scotus,No. 93-66
1074769,ca5,11-60405
66240366,scotus,No. 923
66239952,scotus,No. 709
214750,ca5,95-10442
65301242,scotus,No. 341
63403134,ca9,21-70320
2921652,ca11,07-10704
2824043,ca4,96-1192
65726852,ca9,No. 08-10451
351081,ca8,12-3207
2892478,ca8,03-2487
72190,ca11,08-17224
66364973,scotus,No. D-877
2874044,ca8,95-3223
4557408,ca9,15-50510
66384664,scotus,No. 91-6607
486441,ca6,99-4095
66234975,ca5,No. 87-2799
16117059,ca9,17-16472
1984321,ca3,85-3069
66467963,scotus,No. 01-8517
65620260,scotus,No. 15–8081.
66316399,scotus,No. 83-6776
65286662,scotus,No. 126
876543,ca9,07-70730
6546164,ca7,17-2818
66518335,scotus,No. 01-10857
66476589,scotus,No. 02-9976
66350826,scotus,No. 88-957
66439354,scotus,No. 97-462
154437,ca5,91-1981
1994162,ca5,95-10896
573359,ca3,90-5734
66326666,scotus,No. A-853 (85-1609)
5115135,ca11,16-11222 Non-Argument Calendar
1721765,ca8,93-1210
1129248,ca5,13-20454
66485532,scotus,No. 03-7063
1456538,ca9,06-74033
227922,ca8,83-1487
1107504,ca2,225
66268513,scotus,No. 74-272; No. 74-481; No. 74-482; No. 74-5367; No. 74-5701; No. 74-5721
333098,ca6,14881-14882
66663159,scotus,No. 83-727
66200538,scotus,No. 134
2520124,ca2,273
66364008,scotus,No. 89-1493
321778,ca4,90-5399
65717651,ca2,No. 08-3265-cr
1845477,ca6,88-3074
2877158,ca8,97-1820
909626,ca2,12-2555-cr
66466414,scotus,No. 00-9639
74114,ca4,05-4378
65913014,ca9,No. 06-56696
65682042,ca9,No. 03-71133; Agency No. A75-765-375
66400409,scotus,No. 92-7214
1156056,ca6,86-2097
66281659,scotus,No. A-328 (77-5431)
112504,ca5,73-2134
1568663,scotus,20
66114867,ca7,No. 3353
65670763,ca9,No. 02-55073; D.C. No. CV-00-01717-GAF
2035307,ca11,95-7027
66249797,scotus,No. 1392
1190494,ca6,80-1388
6152343,ca3,17-1942
330453,scotus,04-793
1123162,ca2,364
1619949,ca9,95-35400
66536180,scotus,No. 01M30
1820048,ca11,96-2338
63990020,cadc,No. 9706
1765074,ca5,93-03749
471413,ca5,01-20359
2399127,ca4,96-6286
749775,ca1,73-1857
65708633,ca4,No. 08-6911
854052,ca4,90-6761
332466,ca9,83-1147
66279578,scotus,No. 76-6335
2895339,ca3,06-2727
64331456,scotus,No. 10-8570
2326067,ca9,94-36159
66229340,scotus,No. 373
66728054,scotus,No. 19-7736.
870019,ca10,96-6235
2498205,ca5,77-2664
1086177,ca7,93-3592
1006557,ca9,90-56259
6248952,ca4,17-7171
66217736,scotus,No. 487
65611091,scotus,No. 13–7882.
210807,ca5,12-10255
63933603,ca4,No. 2930
66373878,scotus,No. A-750 (90-1485)
305521,scotus,92-9142
15221,ca1,19-1302
66440960,scotus,No. 97-7210
1990747,ca5,85-1070
1637905,ca2,492
2005393,ca5,02-40921
66370651,scotus,No. 90-6035
66396834,scotus,No. 92-1060
66395821,scotus,No. 92-6516
648729,cadc,18942_1
204901,ca2,"812, Docket 93-4084"
65677494,ca9,No. 03-10170
66509567,scotus,No. 10-10394
66258192,scotus,No. 72-856
522241,ca8,77-1453
65606713,scotus,No. 13–7.
66290560,scotus,No. 79-5375
1734125,ca6,03-1707
535586,cadc,93-5032
484875,ca11,83-5133
60038119,ca8,20-1534
2117250,ca4,86-7634
1825013,ca4,73-1771
6367951,ca9,16-35138
66238950,scotus,No. 28
65884404,ca5,No. 03-50823
66271511,scotus,No. 75-5170; No. 75-5279
325864,ca6,13013_1
66401314,scotus,No. 92-8144
160653,ca6,98-3009
760547,ca5,72-2100
66130770,ca7,No. 124
376455,ca8,93-3803
1117268,ca2,82-7205
1325627,ca5,05-60975
525737,ca5,87-2867
718217,ca8,99-2007
64288195,ca6,No. 01-1754
966510,ca8,85-1969
2419329,ca5,11-20837
66531126,scotus,No. 99-6833
1417611,ca9,12-17252
69708908,ca9,24-36
775385,ca7,73-1008
102900,ca6,"06-3580, 06-3635, 06-3640, 06-3942"
66223666,scotus,No. 651
66287419,scotus,No. 78-916
2824522,ca4,99-7406
26011,ca5,96-41192
1018934,ca5,91-3562
66378563,scotus,No. 90-8459
2396759,ca4,01-6032
1032904,ca4,92-5596
711676,ca9,98-15137
248191,ca6,470
66421731,scotus,No. 94-7734
2919312,ca11,09-13600
1409355,ca9,08-15485
2885435,ca8,00-3863
851277,ca5,94-41241
2195827,ca6,80-1264
8411617,ca7,18-1270
65708060,ca9,No. 11-10672
66095838,ca6,No. 3315
1389512,ca10,98-1124
65711117,ca9,"Nos. 06-30621, 06-30622"
268768,ca6,80-3229
66443247,scotus,No. 98-191
613639,ca7,88-2569
382000,ca4,92-5597
159618,ca9,13-10153
66406269,scotus,No. 93-5139
1146754,ca3,90-1959
805297,ca4,95-5796
1100203,ca4,01-4197
66810723,ca2,21-2824
66510336,scotus,No. 11-5082
74636,ca9,81-5336
994487,ca7,89-2047
348251,cadc,93-3010
2039681,ca11,95-5167
338578,ca3,10-3194
2473287,ca4,96-6182
1321034,ca9,22755_1
1997071,ca10,98-2016
521268,ca9,96-35191
66486275,scotus,No. 03-823
6314654,ca9,17-60052
2264304,ca4,84-2040
67775257,cadc,23-3143
378514,ca6,03-6062
348890,ca8,73-1115
1650574,ca3,83-3020
66320642,scotus,No. 84-6021
298826,ca9,89-15343
65669238,ca4,No. 03-7065
525284,ca3,76-2571
194073,cadc,23020
2471838,ca3,74-2268
66501629,scotus,No. 10-7195
66646525,scotus,No. 17–8928.
66208292,scotus,No. 53
66182699,ca5,No. 77-3015
66153871,ca5,No. 22274
1413584,ca4,05-6160
1545952,scotus,74-1520
66474332,scotus,No. 02-9000
587081,ca9,"97-50462, 97-50466"
63999606,ca3,No. 11502
601463,ca7,94-2500
2899217,ca8,05-4356
1282337,ca1,77-1551
65888880,ca9,No. 04-74306
2886813,ca9,08-55825
850220,ca7,94-3237 and 94-3550
666530,ca6,12-4235
2135690,ca1,91-3356
63964324,cadc,No. 6933
2880994,ca8,98-4063
65625313,scotus,No. 16–6159.
66429681,scotus,No. 96-7781
923366,ca5,04-30467
3079243,ca6,14-3896
66647470,scotus,No. 18–5312.
66360912,scotus,No. 89-722
360858,ca9,10-70510
63978973,ca9,No. 10842
199698,scotus,599
64011422,ca2,"No. 213, Docket 27848"
1023589,ca3,11-2299
64108122,ca6,No. 99-3462
991893,ca2,266
1416532,ca5,05-40818
63933919,ca10,No. 15
65887991,ca5,No. 05-11270
66058097,ca3,"No. 1,339"
275312,ca9,74-2447
2494865,ca4,06-7108
789315,ca10,05-2087
1251709,cadc,81-2110
18564125,ca9,19-56451
66302424,scotus,No. 81-5060
69621321,ca9,25-807
66422909,scotus,No. 94-9034
67855786,ca2,23-1211
668582,ca9,19496
66429916,scotus,No. 96-7050
2518933,ca5,11976
64330464,scotus,No. 10-6359
65730263,ca3,No. 09-1508
64327725,scotus,No. 09-10738
2885389,ca3,07-1073
300327,ca7,13075_1
350291,ca9,92-30482
65672438,ca6,"Nos. 02-3776, 02-3777"
725377,ca4,02-1761
1291078,ca5,97-51029
66391624,scotus,No. 92-5101
63125287,ca6,20-3496
76491,ca4,75-2273
1012808,ca9,91-50494
529344,ca4,92-5485
1050825,ca11,92-8538
1261509,ca6,09-2079
63587418,ca5,22-10146
6816223,ca9,16-73549
66374936,scotus,No. 90-6986
728321,ca9,02-35473
64161511,ca9,No. 99-70943; INS No. A71-789-010
1982940,ca5,96-20337
66197917,scotus,No. 425
225360,ca9,81-4647
2121357,ca6,78-1010
17421596,ca9,19-15960
153222,ca5,05-10428
66197190,scotus,No. 522
1011039,ca9,81-5985
65706664,ca2,No. 07-4727-cv
66218500,scotus,No. 911
6078563,ca5,15-60771
708686,ca10,97-3330
1511682,scotus,01-593
2012520,ca5,05-51011
579037,ca9,10-15624
184817,ca11,06-14897
2138817,ca4,93-6304
273612,ca11,05-16416
66237975,scotus,No. 1583
66495517,scotus,No. 04-1237
66440872,scotus,No. 97-7000
64328547,scotus,No. 10-6188
66328043,scotus,No. 11-8161
66505770,scotus,No. 11-9588
65265523,scotus,No. 13–10484.
64203430,ca9,No. 98-70083; INS No. A70-301-288
6064851,ca5,16-11510 Summary Calendar
2403482,ca6,82-5640
339233,ca1,09-2067
2312873,ca3,98-1054
666000,ca2,29686_1
63951067,ca8,No. 9762
65717265,ca5,No. 08-30252
777999,ca10,96-1165
66270896,scotus,No. 74-6443
65407053,ca1,22-1117
32477,ca4,79-8227
1646844,ca5,79-3452
251388,ca5,95-60725
1020506,ca9,92-35064
66413370,scotus,No. 94-5911
1495294,ca3,91-3888
538158,cadc,83-1273
66726629,scotus,No. 19-7572 (19A876)
66548762,scotus,No. D-2415
8509702,ca1,18-1358P
962644,ca6,9200
2832636,ca6,"05-5971, 05-6191, 05-6192, 05-6217"
2883827,ca8,00-3680
2041084,ca4,82-6186
764160,ca9,77-3911
488470,ca4,90-1116
2445459,ca9,77-4039
1112538,ca9,12-30132
484106,ca11,08-16513
229567,ca10,02-2223
65611781,scotus,No. 13–354.
15082795,ca7,18-1050
66412831,scotus,No. 93-2014
183545,ca9,91-56314
2074556,scotus,02-7222
66307443,scotus,No. 81-6309
655408,ca9,06-30417
7666,ca2,10-40
2449258,ca5,01-21085
63778638,scotus,No. 09-10865
66335737,scotus,No. 86-6751
342378,ca4,6056
362526,scotus,287
8083402,ca4,18-1650
63974966,cadc,No. 7915
7844702,ca7,17-2563
66283114,scotus,No. 76-749
64328636,scotus,No. 10-6682
2866917,ca3,92-5575
706856,ca6,19026
1950647,ca5,89-6092
66364241,scotus,No. 89-6702
3023284,ca1,14-2287P
65628672,scotus,No. 16–8226.
65888253,ca2,No. 04-5091-ag
66310899,scotus,No. 82-964
728022,ca5,03-50608
65293137,scotus,No. 663
1334389,ca11,90-7405
788573,ca8,"74-1580, 74-1581"
350924,ca5,09-31090
66217532,scotus,No. 342
381832,ca10,08-7025
66522959,scotus,No. 05-6255
1910388,ca11,90-9010
2243376,ca9,85-6145
1234291,ca9,11-16341
711989,ca5,98-60123
793,ca5,19-40039
2447526,ca1,82-1894
2019076,cadc,72-2227
59734392,ca5,20-20526
66447554,scotus,No. 98-5602; No. 98-5722
64091198,ca6,"Nos. 00-5624, 00-5895"
65711530,ca7,No. 08-3626
405542,ca4,"79-5228, 79-5229"
66385912,scotus,No. 91-7211
804241,ca7,85-1592
66515118,scotus,No. 02-537
40772,ca5,06-40954
625613,ca4,"82-5105, 82-5107"
66301739,scotus,No. 81-226
2442150,ca6,80-3303
920424,cadc,77-1351
63981071,ca5,No. 11376
4538769,ca5,15-60527
66024538,ca5,No. 908
65714115,ca2,No. 07-5026-ag
24386,ca6,20-3274
1045884,ca9,94-30082
66500953,scotus,No. 10-6353
2688936,ca7,14-1491
65671349,ca5,No. 02-51007
65660084,ca9,No. 10-99005
3038683,ca11,15-12460
65883447,ca1,"Nos. 11-2416, 11-2417"
594267,ca7,"05-2574, 05-3553, 06-4256"
66493904,scotus,No. 04-8464
2468741,ca11,86-7229
1998225,ca5,00-30431
620086,ca8,"75-1724 to 75-1726, 75-1732 and 75-1769"
1305551,ca4,7698_1
66320175,scotus,No. 84-1473
50831,ca8,15298
3071495,ca3,15-2386
66184525,ca2,"No. 858, Docket 78-1037"
230345,scotus,31
1994929,ca1,"92-1122, 92-2272"
63981008,ca3,No. 8831
66057542,ca9,"No. 1,710"
66483277,scotus,No. 03-348
6328302,ca9,17-30057
66446554,scotus,No. 98-530
66475209,scotus,No. 02-9431
65890577,ca5,No. 05-11216
1169737,ca4,95-7286
1397031,ca11,81-5365
40213,ca8,97-3753
66272984,scotus,No. 75-5810
669155,ca8,02-1694
2478437,ca4,05-7191
363042,ca10,"92-6029, 92-6177"
2427487,scotus,03-862
66232566,scotus,No. 561
66295485,scotus,No. 80-322
66504659,scotus,No. 11-11093
1041635,ca6,93-1932
65681417,ca9,No. 02-16096
65721540,ca8,No. 08-1917
16112153,ca9,18-72314
230758,ca9,92-35272
66344670,scotus,No. 87-6828
1104494,ca9,7385
65669021,ca9,No. 02-15975; D.C. No. CV-99-00123-JMR
65612980,scotus,No. 13–9159.
1840483,scotus,05-517
66355984,scotus,No. 88-2028
66470431,scotus,No. 01-1516
1410491,ca8,93-2057
65715116,ca2,No. 08-0539-cr
2520157,ca7,8460
2200760,ca8,83-1116
670118,ca7,14516_1
2501189,ca4,10467
66430035,scotus,No. 96-7935
63999388,ca7,"Nos. 11273, 11274"
2881063,ca3,04-2007
65523084,cadc,Case No. 17-cv-567 (CRC)
63596175,ca9,15-71805
636130,ca4,03-6455
65706563,ca7,No. 12-3580
760332,ca5,11-50810
1061396,ca5,21318_1
6546170,ca9,16-56163
66220097,scotus,"No. 407, Misc."
65887439,ca4,No. 06-6417
311718,ca1,96-2328
66057466,ca5,"No. 2,045"
1946503,ca4,77-2163
66246864,scotus,No. 320
66659290,scotus,No. 18–7143.
6127758,ca11,16-15345 Non-Argument Calendar
66377777,scotus,No. 90-7571
66538938,scotus,No. 01-5734
1613440,ca4,83-8227
66394099,scotus,No. 92-5376
1187018,ca4,81-6852
438902,ca6,78-1553
209387,ca5,04-50684
66538020,scotus,No. 01-5059
2876874,ca8,96-3928
49664,ca7,87-3082
66473595,scotus,No. 02-8770
66354356,scotus,No. 87-1954
66064321,ca4,"No. 1,061"
311018,ca7,79-1899
66472612,scotus,No. 01-9060
65665774,ca6,No. 02-4433
66371564,scotus,No. 90-652
16538857,ca10,18-3159
66360839,scotus,No. D-856
1044299,ca9,94-30289
67763178,ca5,22-40593
2360467,ca4,09-2402
65883517,ca1,No. 15-1898
913332,ca4,05-4035
1052638,ca9,76-2213
65625513,scotus,No. 16–5067.
66261136,scotus,No. 73-106
495804,ca6,88-5434
1301341,ca3,79-1299
632969,ca5,77-5218
63365983,ca9,22-15821
66245376,scotus,No. 1707
66370429,scotus,No. 90-5538
65292514,scotus,No. 1019
331629,ca5,95-20653
1465333,ca4,12-6995
2458306,ca11,94-8216
66367227,scotus,No. 90-158
977527,ca4,87-7053
411730,ca6,95-5085
68415976,ca2,22-6031
65680847,ca9,No. 02-35820; D.C. No. CV-00-00991-TMC
550158,ca8,76-1283
65909915,ca9,No. 05-15604
319876,ca4,91-1025
846705,ca7,11-3786
2090172,ca10,04-1129
138952,cadc,14501
1017730,ca4,92-5395
925610,ca5,72-1277
2214640,ca6,77-5183
65705787,ca2,No. 07-2154-cv
64005379,ca4,No. 7777
2116871,ca6,83-1476
1686249,ca2,90-5012
65605671,scotus,No. 12–9690.
1849292,ca2,88-6062
2002985,ca5,01-50741
65940926,ca9,No. 06-55780
2859362,ca7,"07-1726, 07-1727"
70631344,ca3,25-1301
212991,ca11,03-10857
66227028,scotus,No. 788
2134908,ca8,88-5067
660974,ca5,78-1969
1003719,ca7,89-3188
746059,ca1,01-1091
18577913,ca9,19-10389
726313,ca6,91-6038
65611902,scotus,No. 13–8549.
157924,ca5,97-50082
65690501,ca5,No. 05-50402
65720827,ca5,No. 09-10165
66362148,scotus,No. 89-6006
463685,ca5,93-02896
2249214,ca1,89-1455
200337,scotus,03-8631
66387141,scotus,No. 91-794
63989726,ca5,No. 12416
2820313,ca1,93-2352
200685,scotus,71
1590557,ca6,18440
770182,ca4,82-1339
14560828,ca4,18-6922
2463436,ca11,88-5685
608302,ca3,75--1401
63966780,ca4,No. 4388
1698063,ca7,96-3799
66041166,ca9,"No. 1,168"
978488,ca9,84-5187
66314328,scotus,No. 83-1650
66415050,scotus,No. A-313
1107488,ca4,05-4853
2259538,ca4,82-2044
63974609,ca10,No. 2379
1487938,ca3,86-1262
66338610,scotus,No. 86-7085
14581864,scotus,17-1625
66163761,ca5,No. 29585
66250309,ca7,No. 89-1015
1966988,ca4,72-2389
1844466,ca2,86-1467
3034633,ca11,14-13595
2450409,ca5,00-30429
64334595,scotus,No. 10-9113
243560,ca10,01-4090
66198727,ca4,No. 83-1973
66224906,scotus,No. 1377
14552044,ca2,17-3329-cr
484235,ca10,86-1081
2691703,ca4,15-1333
66442396,scotus,No. 97-9350
1537767,ca5,95-30577
2479306,ca4,05-2119
1684444,ca8,"96-3970, 96-3971"
422607,ca11,96-3682
1042117,ca2,80
1020590,ca10,92-8045
66464020,scotus,No. 00-8854
371275,cadc,83-2067
63990733,ca8,No. 13867
157502,ca9,26010
193076,scotus,03-999
419276,ca8,78-1873
545005,cadc,97-5119 and 97-5240
2104673,ca10,95-5213
66426325,scotus,No. 95-7750
66397555,scotus,No. 92-7113
674541,ca2,11-4023
2494606,ca11,95-2376
343986,ca3,10307_1
65961557,ca4,No. 15-7920
66048865,ca2,No. 102
3082708,ca3,15-3024
68318609,ca11,22-12013
66382995,scotus,No. 91-407; No. 91-412; No. 91-440; No. 91-496; No. 91-5734; No. 91-5751; No. 91-5769; No. 91-5780; No. 91-5782; No. 91-5817; No. 91-5829; No. 91-5830; No. 91-5897; No. 91-5920; No. 91-6029; No. 91-6177
67596972,ca5,23-50055
6068993,ca4,16-6897
2674712,ca5,14-60510
876883,ca11,11-11199
737155,ca8,08-1638
616573,ca9,86-4345
66493998,scotus,No. 04-8947
2495615,ca11,90-3592
322010,ca5,278
63927592,ca7,No. 3828
60937610,ca9,20-15959
64020140,ca8,No. 95-1349
69343051,ca5,24-30275
582477,ca11,11-10159
67613558,ca2,23-903
2831704,ca6,04-2419
65658919,ca9,No. 03-55015
547786,ca3,09-2883
1283556,ca5,78-3021
66381125,scotus,No. 91-277
1187048,ca5,85-2377
872828,ca8,98-1958
116033,ca5,01-30483
66248343,ca11,"Nos. 88-8115, 88-8588"
2342399,ca2,72-2119
158139,ca5,"05-11474, 06-10304"
715558,ca9,00-15882
2406623,ca4,05-6511
116222,ca5,90-4543
22402,scotus,04-9187
536128,ca6,93-1503
1428156,ca4,91-7700
66331537,scotus,No. 86-420
1630849,ca10,96-3120
942646,ca5,74-2518
2826746,ca6,99-5949
4417236,ca4,16-6156
2854332,ca7,03-1759
17364771,ca9,18-35529
4485852,ca9,15-56509
14558046,ca10,18-4159
64344482,scotus,No. 98-869
627901,ca4,99-7626
66246402,ca10,No. 88-2482
2471605,ca5,95-40485
66511476,scotus,No. 11-6930
66525937,scotus,No. 99-9610
1435634,ca3,79-1541
2055321,ca5,91-8470
574117,ca3,96-2585
63362,ca9,04-70258
16522019,ca7,19-2231
924206,ca5,99-20282
1108425,ca5,01-20735
66408038,scotus,No. 93-650
66270484,ca5,No. 91-2248
66317472,scotus,No. 84-30
2401340,ca5,22815
1076478,scotus,10-76
17109481,ca2,19-624-cr
63976603,ca5,"Nos. 10496, 10536"
64072021,ca6,No. 99-5095
66644432,scotus,No. 17–5430.
66214441,scotus,No. 956
93861,ca5,01-41013
700907,ca4,91-6641
186677,ca10,7820_1
63776474,scotus,No. 09-8965
253024,ca1,08-1979
66510534,scotus,No. 11-5335
66321953,scotus,No. 84-1977
66223240,scotus,No. 555
7352734,ca4,16-7537
1741661,ca11,10-14728
2610377,ca3,14-1149
66232339,scotus,No. 560
66723649,scotus,No. 18-9477
65966607,ca5,No. 17-40573 Summary Calendar
1042844,ca7,93-1972
995471,ca5,89-1678
65683629,ca9,No. 04-55135
352447,ca9,93-55970
65689165,ca7,No. 10-1996
2485540,ca6,88-3595
66099102,ca6,No. 3411
718724,cadc,23553_1
1330220,ca4,11-1249
413283,ca9,79-2632
2466783,ca11,91-8443
63980784,ca9,No. 10913
63981844,ca1,No. 4093
65270733,scotus,No. 14–703.
66727676,scotus,No. 19-7425.
65715617,ca9,No. 07-55389
8413001,ca7,18-2582
1308507,ca5,97-60006
872705,ca7,98-1144
66221410,ca5,No. 85-3575
164667,ca5,17477_1
2162435,ca11,97-6821
66346911,scotus,No. 88-142
975911,ca6,86-5832
65722106,ca9,No. 06-56564
565491,ca5,85-3193
66271386,scotus,No. 75-227
2466488,ca5,06-51695
2907691,ca9,04-73128
494800,ca9,84-3757
66357522,scotus,No. 87-1705; No. 88-1802; No. 88-1975; No. 88-6315; No. 88-7055; No. 88-7064
63777744,scotus,No. 09-1193
780685,ca10,06-5209
66243305,scotus,No. 913
1438319,ca3,92-3698
63962294,ca3,No. 6251
66412190,scotus,No. 94-5311
66230861,scotus,No. 1424
248781,ca4,01-6048
6062011,ca11,15-14802
1292510,cadc,00-1245
2886016,ca3,06-2409
744018,ca6,"02-1191, 02-1293"
820652,ca3,89-1042
913244,ca4,04-4788
1483383,ca6,90-3273
66404674,scotus,No. 93-1486
2194702,ca2,74-1503
69168491,ca11,24-10629
65720268,ca2,No. 08-4150-ag
988329,ca11,87-3656
14694086,ca6,18-1688
883882,ca4,12-1823
66446091,scotus,No. 98-6389
1262851,ca9,81-1613
1050514,ca9,95-36024
4547688,ca4,15-4814
18327,scotus,06-376
65623615,scotus,No. 16–5083.
66498356,scotus,No. 09-1436
2860533,ca7,08-4089
1833269,ca5,97-30517
64350061,cadc,No. 1074
2472857,ca3,90-3051
65626848,scotus,No. 16–6932.
65726859,ca9,No. 06-75737
66420872,scotus,No. 94-1267
62606765,ca5,21-50429
66198113,scotus,No. 451
14980962,ca2,15-3269; August Term 2018
63954418,ca9,No. 7767
2837292,ca6,"10-5944, 10-6233"
2214697,ca6,82-5007
2095801,ca5,85-2697
629446,cadc,"94-3003, 94-3016"
1494041,ca5,10-50880
69112909,ca11,23-11737
66318495,scotus,No. 84-21; No. 84-38
281757,scotus,28
2323746,ca1,85-1939
66209021,ca2,"Nos. 839, 910, Dockets 84-7046, 84-7944"
2369429,ca4,82-6788
66343925,scotus,No. 87-6739
205982,ca5,03-50907
2882956,ca3,06-5160
66210077,scotus,No. 141
114101,ca5,17139_1
667770,ca9,24369_1
65718684,ca9,No. 05-72126
66486537,scotus,No. 03-605
1518102,ca4,81-1091
1418302,ca8,99-1085
2868470,ca3,98-7416
2009422,ca5,99-31282
1805274,ca2,83-1091
64326984,scotus,No. 10-5029
1983504,ca6,19716
2119282,ca4,99-6959
65272419,scotus,No. 14–1103.
2471674,ca4,92-6008
16105390,ca9,15-73554
63954539,ca7,No. 5445
2869785,ca3,01-2158
65295758,scotus,No. 959
66296356,scotus,No. 80-5217; No. 80-5274; No. 80-5276; No. 80-5401
2631156,ca7,"14-1242, 14-1356, 14-1359"
66475279,scotus,No. 02-9612
1734193,scotus,04-5416
64929373,ca10,22-6060
63973930,ca5,No. 10045
1032669,scotus,93-5256
8284138,ca2,17-2447-cr
17237389,ca6,19-5646
66221252,scotus,No. 890
1141736,ca5,81-2409
1016417,ca4,08-6909
3014657,ca9,13-16186
1237209,scotus,469
2010793,ca11,98-9178
67617209,ca4,23-1753
499603,ca9,85-3580
771555,ca5,73-1598
536696,ca4,93-5784
66387808,scotus,No. D-1085
539155,ca6,93-5393
67809085,ca2,23-826
66445576,scotus,No. 98-5820
875286,ca2,Docket 02-4170
63283637,ca11,20-14639
2116672,ca2,91-7788
2464790,scotus,04-941
495147,ca9,87-3630
1115473,ca5,99-40072
619544,cadc,76-1747
54985,ca9,85-4243
63984993,ca7,No. 9331
310449,ca1,98-2056
1499310,ca6,85-5427
481889,ca3,85-5288
351312,ca6,10-6558
2488827,scotus,01-1048
66345370,scotus,No. 87-1872; No. 87-6673; No. 87-6808
747732,ca7,18181_1
1891432,ca4,08-4486
500117,ca1,Misc. 76-8043
124482,ca5,05-41457
64347959,cadc,No. 1358
1178548,ca4,94-6749
2859206,ca7,07-4089
6219112,ca4,17-1441
66150222,ca2,"No. 125, Docket 29008"
197908,ca11,07-12754
66462754,scotus,No. 00-1426
1602764,ca4,96-1653
66549294,scotus,No. 04-8057
65909541,ca2,"Nos. 05-2379-cr, 05-3015-cr"
200056,ca8,74-1804
66325164,scotus,No. 85-954; No. 85-955
2014445,ca4,90-1063
65276650,scotus,No. 344
2876321,ca8,96-3614
65728117,ca2,No. 08-5549-cv
66458616,scotus,No. 99-9086
439476,cadc,9731
66382384,scotus,No. 91-763
2131039,ca7,79-2225
66496250,scotus,No. 04-1340
3059053,ca10,16-6021
1442495,cadc,73-1933
622412,ca3,84-1487
66474007,scotus,No. 02-8773
65730789,ca6,No. 09-5037
66259583,scotus,No. 72-6241
2005219,ca5,02-40649
500531,ca6,84-5385
912351,ca4,04-4290
66728627,scotus,No. 19-1152.
1326753,ca6,80-3724
1363344,ca4,83-6350
65966457,cadc,No. 16-3122
1271633,ca4,75-1974
66479873,scotus,No. 02-11295
2269209,ca5,96-60391
717953,ca2,"930, Docket 33076"
2895003,ca3,07-2254
592142,ca10,06-6151
663733,ca2,33019
824832,ca3,89-5839
1729075,ca4,88-7218
52704,ca7,77-2097
834698,ca9,91-50105
66218435,scotus,No. 659
66486879,scotus,No. 03-617; No. 03-782
831661,ca5,90-1336
1616170,scotus,272
66392126,scotus,No. 92-5428
640743,cadc,89-5413
2870562,ca3,02-3943
66378293,scotus,No. 90-8303
66198895,scotus,No. 57
15078981,ca11,17-14286
66236251,ca10,"Nos. 85-2413, 86-1258 and 85-2500"
66312122,scotus,No. 82-1464
313087,ca6,90-6335
2918433,ca11,10-10697
6355803,ca9,14-71858
2012130,ca4,10-5286
482713,ca4,6967_1
1445422,scotus,04-8644
2820291,ca1,94-1335
66278654,scotus,No. 76-6003
6135475,ca9,15-17281
67542014,ca5,22-30753
65707008,ca9,No. 06-72460
649661,ca5,12-50180
66450092,scotus,No. 98-7755
100209,ca5,06-41733
2007828,ca5,03-40586
66488845,scotus,No. 03-8477
701914,ca1,7301_1
66085138,ca3,No. 2231
65684635,ca8,No. 04-1752
2097605,ca5,04-50333
63999881,ca5,"Nos. 15383, 15390, 15391, 15396"
2825780,ca4,11-1543
2673995,ca6,14-3929
86419,ca4,92-8026
757652,ca9,72-2080
66390492,scotus,No. 91-8350
1435176,ca11,09-15297
647588,ca8,15207
803182,ca2,"626, Docket 34970"
63982642,ca9,No. 11165
178977,ca9,15118_1
675084,ca7,14028
692644,ca3,13272
953988,ca5,81-3170
66404821,scotus,No. 93-1564. No. 93-1639
66465956,scotus,No. 00-9558
66258757,ca8,No. 89-2641
152176,ca7,11639
260652,ca4,97-4891
66403134,scotus,No. 93-7774
64472954,scotus,No. 91-1625
2831767,ca6,05-4542
1053619,ca7,95-2199
66380111,scotus,No. 91-400
749819,ca9,82-4084
2371641,ca5,97-20645
1063596,ca1,"95-1849, 95-1999"
3046598,ca3,15-3377
2189365,ca2,84-3011
2910495,ca9,07-55528
4025,scotus,75-718
304087,ca5,10-50037
2853542,ca7,02-2077
66264336,scotus,No. 73-6309
735541,ca8,04-1443
1211852,ca7,75-1526
66346611,scotus,No. 87-7231
2826797,ca6,99-3952
6257776,ca9,16-55285
66405771,scotus,No. 92-8971
1547490,ca7,08-3643
163845,ca3,10-2414
66380361,scotus,No. 91-5791
64455156,ca4,20-1790
926200,ca3,"13-1380, 13-1478"
2907497,ca9,05-16282
1174893,ca4,93-5479
746314,cadc,22107_1
1434207,ca5,85-1154
2830829,ca6,03-6216
66207212,scotus,No. 759
66193612,ca3,No. 82-1630
472573,scotus,04-6697
66285500,scotus,No. 77-6858
66292487,scotus,No. 79-6311
1236651,scotus,578
16098990,ca9,15-73859
999000,ca8,89-2756
66541524,scotus,No. 95-989
408457,scotus,NO. 3
66748756,ca4,21-2165
68472,ca7,78-1559
1643440,cadc,95-7241
66421912,scotus,No. A-765
65660248,ca11,No. 12-13609
447199,scotus,04-5698
2466595,ca7,76-1693
66036692,ca3,No. 14
66332491,scotus,No. 86-867
2352125,ca11,08-12149
65716695,ca9,No. 08-10262
614919,ca9,11-35591
3028994,ca2,13-304
2259706,scotus,03-9198
1082605,ca7,12-1509
63844076,ca6,Nos. 17411 and 17653
442977,scotus,115
66332766,scotus,No. 86-281
945652,ca5,96-60580
1276293,ca9,10-50243
2392029,ca2,84-7526
66298009,scotus,No. 80-6170
329428,ca5,84-2096
1121372,ca9,76-2214
68298,ca5,84-3067
63972619,ca2,No. 119
65893059,ca9,No. 05-50739
66390770,scotus,No. 91-8569
2851395,ca7,99-2022
1625822,ca9,6675
1281494,ca5,12-30505
620275,ca9,79-3759
616277,ca5,14852
66464080,scotus,No. 00-8945
64069033,ca2,"Docket Nos. 99-9343, 99-9397"
63777939,scotus,No. 09-10266
2518290,ca4,5897
3019947,ca3,14-4109
66349062,scotus,No. 88-5252
17434410,ca7,20-1350
2444769,ca5,93-07681
65703789,ca4,No. 12-7538
66546407,scotus,No. 04-5367
1073870,ca9,08-70082
65668814,ca9,No. 03-55288; D.C. No. CV-01-02175-MMM
65688255,ca7,No. 10-2316
272550,ca9,"87-5219, 87-5220"
500698,ca4,88-5673
505905,ca4,89-2016
2645351,ca2,14-29 NAC
889813,ca2,11-5305-cr
64047125,ca9,"Nos. 96-56151, 96-56155"
1551499,ca6,05-4469
704500,ca8,20296
727824,ca5,06-41491
7876249,ca5,17-10500
66222077,scotus,"No. 1081, Misc."
889965,ca3,"11-3792, 11-3868"
3024408,ca5,14-11339
65940335,ca7,No. 07-2349
65676706,cadc,No. 03-7124
434152,ca8,83-1993
2820171,ca1,94-1583
2674918,ca3,14-3809
1109073,ca4,07-7584
66422425,scotus,"No. 120, Orig."
909108,ca4,01-4180
66312074,scotus,No. 82-1657
66404116,scotus,No. 93-8658
66320378,scotus,No. 84-1423
4618540,ca9,12-70980
1378699,ca9,12-10341
66236677,scotus,No. 1134
65625168,scotus,No. 16–6391.
2406902,ca6,85-3450
64347903,cadc,No. 1268
66390902,scotus,No. 91-8652
66380243,scotus,No. 91-5596
1997785,ca5,00-40215
1054303,ca9,94-16692
746551,ca3,226-59
66172258,ca2,"Nos. 125-127, Dockets 73-1680, 73-1696, 73-1713"
65688219,ca4,No. 10-6718
2271785,ca9,86-7571
16964283,ca9,19-50127
805065,ca7,85-1378
388075,ca9,75-1359
68465690,ca11,23-11107
63927471,ca9,No. 5164
1128022,ca5,7624
65727069,ca3,No. 08-3265
65285127,scotus,Nos. 320 and 321
66725298,scotus,No. 19-6278
836443,ca6,91-3630
320909,ca9,93-10282
130573,ca6,78-3281
29152,ca9,84-7585
66429517,scotus,No. 96-7420
4480024,ca5,16-40081
66133619,ca6,"Nos. 171, 172"
66723467,scotus,No. 18-1434
406299,scotus,39
865805,ca9,97-15112
1685012,scotus,01-9800
66489247,scotus,No. 03-8652
751390,ca10,95-3311
1035423,ca6,93-1079
2295765,ca3,96-5395
68359033,ca5,23-10796
66244205,ca10,No. 84-2477
64000712,cadc,Nos. 12730-12734
66395217,scotus,No. 92-6296
66485859,scotus,No. 03-7544
2874417,ca3,04-1314
2340671,ca8,92-2367
66407011,scotus,No. 93-6011
64004080,cadc,No. 14255
1490245,cadc,84-1555
1117208,scotus,14
65725361,ca2,No. 08-0193-cv
511387,ca5,84-3286
64001718,ca2,"No. 40, Docket 24094"
2047014,scotus,01-10424
66426297,scotus,No. 95-8486
16545260,ca7,18-2345
638293,ca10,79-2083
63923896,ca7,No. 3599
65964026,ca5,No. 16-41044 Summary Calendar
2499691,ca2,77-1195
66078776,ca7,"Nos. 2158, 2162"
66646342,scotus,No. 17–8421.
2834148,ca6,06-2116
209673,ca4,96-6640
2427318,scotus,04-9672
66427680,scotus,No. D-1689
1299193,ca5,85-4455
65959184,ca4,No. 14-7164
66516903,scotus,No. 02-8867 (02A638)
172873,ca11,07-11860
66379849,scotus,No. 91-5637
66456135,scotus,No. 99-1194
59879423,ca11,20-11719
256232,ca5,01-60926
63948519,ca1,No. 2807
1398210,ca11,93-4075
6246828,ca4,17-7078
1409036,ca8,93-4096
345913,ca6,07-3632
531430,scotus,06-263
6247857,ca9,16-60041
2162028,ca5,85-1497
66356840,scotus,No. 89-111
64319327,cadc,Case No. 1:17–cv–00878 (TNM)
4571683,ca8,16-2791
66501051,scotus,No. 10-7056
66423870,scotus,No. D-1528
2093996,scotus,04-6865
2903043,ca3,08-1754
66378585,scotus,No. 90-8471
66421450,scotus,No. 94-8343
65290908,scotus,No. 557
2903268,ca8,08-2530
61626349,ca5,21-50230
2432124,ca5,89-4301
66188654,ca2,"Nos. 495, 562, Dockets 79-2093, 79-2098"
637142,ca10,81-2188
2168463,ca5,13542_1
66507572,scotus,No. 12-703
207004,ca5,04-40603
505852,ca6,89-3206
64067442,ca2,"Nos. 98-7660(L), 98-7689(CON)"
66100204,ca8,No. 5508
517823,scotus,08-410
1004536,ca3,74-1101
66445597,scotus,No. 98-5882
64984890,cadc,No. 75-2152
66369584,scotus,No. 90-6085
2169653,ca4,79-6777
45733,ca5,03-40613
760136,ca2,"100, Docket 26951"
699688,ca7,99-3132
63152865,ca5,20-40581
65718550,ca4,No. 08-8103
736051,ca4,04-2257
170818,ca2,10-0811-cr
413761,cadc,80-1200
289543,ca6,83-1698
60018267,ca10,20-2014
110542,ca4,13-7806
65926251,ca9,No. 07-30217
52568,ca3,74-1777
66526347,scotus,No. 00-6445
544483,ca10,93-5240
490012,ca9,83-7150
1168178,ca11,94-8276
64068880,ca5,No. 98-31008
6144631,ca11,16-10950 Non-Argument Calendar
713558,ca6,19596
109676,ca4,01-6551
266019,scotus,41
66436660,scotus,No. 97-1755
1518168,ca9,91-10071
66255204,scotus,No. 69-5005
855178,cadc,94-5006
66366591,scotus,No. 89-7536
15729247,ca11,18-14478
452299,ca8,14068
1099282,ca7,95-2474
65290793,scotus,No. 377
66216003,scotus,No. 793
1061993,ca6,84-5571
66472192,scotus,No. 01-9730
223284,ca5,98-20105
1129090,ca6,89-2068
2449171,scotus,02-6641
64882306,ca5,21-20214
66171449,ca8,"Nos. 73-1252, 73-1386"
207175,ca5,19574
310014,scotus,02-9924
6308139,ca9,17-30095
994122,ca5,03-30661
1520292,ca3,94-1995
65609969,scotus,No. 13–6991.
850656,ca10,07-2238
66444980,scotus,No. 98-5975
521224,ca9,05-16915
1673248,ca11,90-8054
63298555,cadc,22-5031
65705569,ca9,No. 04-74779
231921,ca11,07-15020
66402926,scotus,No. 93-5756 (A-196)
69507471,ca9,24-1765
66508703,scotus,No. 12-8243
916216,ca4,07-4602
66273732,scotus,No. 75-1102
65294426,scotus,"Nos. 34, 35, and 36; Nos. 37 and 38; Nos. 56 and 57; Nos. 62, 63, and 64; Nos. 68 and 69; Nos. 83 and 84"
63001212,ca2,21-109-cv
845787,ca4,10-5106
302399,ca11,05-11555; D.C. Docket 04-00243-CR-T-17-MSS
1201200,ca5,06-40234
66375517,scotus,No. 90-7593
824287,ca7,89-2681
2912558,ca11,12-13941
1123123,ca2,79-1089
4111092,ca8,15-2837
661095,ca11,"98-7015, 99-10305"
250802,ca3,03-1532
63976889,ca9,No. 10152
2440834,ca4,06-7710
66213419,scotus,No. 258
58803709,ca6,20-8017
66258676,scotus,No. 72-6123
66547989,scotus,No. 04-7169
66371116,scotus,No. 90-6268
66323300,scotus,No. 85-441; No. 85-460
66962022,ca4,23-4144
66724392,scotus,No. 19-5738
148447,ca5,83-1161
1098394,ca4,00-6885
63327385,ca9,18-55155
159517,ca4,13-6827
1002992,ca9,"07-17370, 07-17372"
66165136,ca5,No. 30690
4483995,ca4,15-4582
59302071,cadc,18-3067
65691918,ca5,No. 10-40917
2036161,ca4,00-6247
66329264,scotus,No. 11-9637
66196313,scotus,No. 327
3495,scotus,668
66055400,ca8,"No. 2,735"
174970,ca8,85-1583
81943,ca10,5216_1
68495264,ca4,24-1391
66420283,scotus,No. 94-1319
2450353,ca4,04-7146
477089,ca2,81-4255
2920800,ca11,09-13463
64094067,ca2,Docket No. 01-7011
14534972,ca8,17-3598
66446549,scotus,No. 98-518
66501918,scotus,No. 10-7514
454163,scotus,04-7484
668863,ca5,97-20096
66461233,scotus,No. 00-7826
327128,ca11,05-16582
65891090,ca2,Nos. 04-3007-ag(L); 04-3008-ag(con)
726135,ca8,"03-1582, 03-1955"
60894,ca2,75-4158
1022305,ca10,92-2289
342805,ca4,14-6332
14740,ca2,18-2091
65270059,scotus,No. 14–8192.
854455,ca9,97-70020
1873944,scotus,04-5721
2032550,ca11,09-10837
240665,ca10,93-6232
1431477,ca9,98-70783
17165876,ca7,18-2949
1259778,ca9,83-7843
66493148,scotus,No. 04-966
66034089,ca8,"No. 1,763"
902540,scotus,52
1243855,ca1,03-2723
66471234,scotus,No. 01-9395
1167529,ca9,07-75136
65286163,scotus,No. 763
66243473,scotus,No. 456
67791560,ca4,23-1957
1187049,ca11,85-8908
748587,ca8,00-1567
926218,ca4,03-6177
983483,ca4,78-6097
2467330,ca5,02-60821
1317569,ca4,09-6349
326175,ca4,91-5095
136001,ca4,07-7163
987972,ca4,06-7078
1429142,ca5,87-3158
66461451,scotus,No. 00-1135
65609162,scotus,No. 13–6466.
66547795,scotus,No. 04-440
66116934,ca4,No. 2265
1049891,scotus,93-7214
66327997,scotus,No. 11-960
66390838,scotus,No. 91-8612
1511059,ca7,78-1676
1485055,ca8,89-2379
852040,ca9,94-30426
66130414,ca3,No. 18
66063326,ca7,"No. 1,728"
66321359,scotus,No. 10-1073
2002040,ca11,88-3241
113320,ca9,87-5144
66448967,scotus,No. 98-7007
226554,ca2,12-3684-cr
16157318,ca7,18-2932
84689,ca9,90-55731
66460826,scotus,No. 00-5258 (00A66)
1450667,ca4,95-1383
65270208,scotus,No. 14–8310.
411063,ca9,82-1502
65708703,ca4,No. 12-6969
65612805,scotus,No. 13–8742.
66507562,scotus,No. 12-624
2494829,ca5,93-3287
65702045,ca2,No. 03-4417-ag
824994,ca4,89-5175
1616671,scotus,455
1384446,ca6,14002
66459485,scotus,No. 99-9350
2192066,ca6,75-1333
6284496,ca3,16-4336
930216,ca7,"06-3717, 06-3841, 06-3979, 07-1199, 07-1670"
855973,ca9,96-16680
1489006,ca4,12-7661
2904810,ca3,07-4763
66249007,scotus,No. 1121
462067,ca10,02-7032
484471,ca4,85-1301
17002896,ca7,19-2088
64279405,ca9,No. 01-70369; OWCP No. 14-120393
716359,ca7,98-3485
8063206,ca4,18-1734
66429853,scotus,No. 96-998
264789,scotus,03-10274
1677052,ca4,91-6138
23860,ca6,20-3174
66403455,scotus,No. 93-7879
489734,cadc,84-1176
66040490,ca3,No. 27
67829676,ca4,23-1946
1069577,ca4,11-7094
318276,ca5,89-3252
7166042,ca9,17-35428
2118801,ca5,80-2337
66476233,scotus,No. 02-10092
443540,scotus,74-1245
6219485,ca2,15-1426-cv
239906,cadc,13515
2674291,ca9,13-35831
14126,ca1,19-1871
66436241,scotus,No. 97-1388
65711478,ca4,No. 13-2187
896900,ca9,"11-50379, 11-50381"
813611,ca6,87-1077
65715316,ca9,No. 06-71214
949078,ca9,79-3800
66236199,scotus,No. 748
63287034,ca9,20-56022
4434887,ca5,15-50924
933914,ca3,78-2512
1844436,ca3,95-7408
64016858,ca8,"Nos. 93-1740, 93-1949, 93-1876 and 93-2161"
17102397,ca8,19-1543
4550104,ca8,16-1689
713632,scotus,04-8114
66526087,scotus,No. 99-9870
65680086,ca9,No. 04-10209
2262499,ca8,331
966951,ca3,6738
66536744,scotus,No. 00-10755
66216042,scotus,No. 827
66222365,ca7,No. 86-1767
762120,ca3,95-5634
66371720,scotus,No. 90-1017
700636,ca11,00-11114
1068327,ca8,96-2989
65909985,ca3,No. 07-1823
16497834,ca3,17-2921
6068254,ca10,16-6348
1175154,ca9,11-55064
1098841,ca4,00-1067
449476,scotus,92-9234
65284299,scotus,No. 737
2262760,ca2,"521, Docket 32178"
455608,ca9,83-2062
63976214,ca7,No. 8083
518498,scotus,"149, Misc"
2882505,ca8,99-3512
66520423,scotus,No. 04-9972
66328200,scotus,No. 11-9210
66157520,ca4,No. 11224
2643242,ca4,14-7612
2376977,ca9,18500_1
855122,ca9,95-10060
2101991,ca5,09-20290
1322119,scotus,93-6087
67254816,ca4,22-6545
68419770,ca9,22-15550
992453,ca3,76-1331
299215,ca5,03-51087
66418515,scotus,No. 94-7238
66156611,ca7,"Nos. 15266, 15589"
421767,ca11,96-8855
727570,ca9,02-71311
66286009,scotus,No. 77-1842; No. 78-165
1022513,ca4,11-4717
464456,ca2,"1193, Docket 82-6034"
66663376,scotus,No. 83-6071
2835148,ca6,06-2212
63975746,ca6,No. 9104
640829,ca5,19445_1
634338,ca6,97-6035
988256,scotus,223
431233,ca6,"96-6635, 96-6676, 96-6677 and 96-6679"
66195873,ca7,"Nos. 83-2910, 83-3310"
66465019,scotus,No. 00-9530
66515435,scotus,No. 02-481
66231866,scotus,No. 184
2258380,scotus,02-10100
66726516,scotus,No. 19-6741
2445090,ca5,86-3771
4478966,ca7,16-1064
134855,scotus,21
15714957,ca2,15-3135(L)
1628861,ca2,143
727645,ca9,02-36096
18201312,ca3,17-1176
68115546,ca10,22-6052
1097993,ca9,"86-2042, 86-2066"
2874373,ca8,95-4061
63981254,cadc,No. 8930
2659456,cadc,14-5121
66519431,scotus,No. 02-174
383804,ca11,93-2506
1682346,ca6,73-1839
2472141,ca5,10-20476
1219443,ca9,79-4520
66416921,scotus,No. 94-6848
2870098,ca3,02-4292
418935,scotus,04-9035
14580557,ca5,17-20526
297582,ca2,09-2727-ag
1070973,ca2,09-2233
7128080,ca11,17-14738
2539266,scotus,629
65675876,ca9,No. 02-30170
1203976,ca9,80-1497
1443123,ca9,07-16040
780998,ca8,82-1010
64347439,cadc,No. 767
60277157,ca5,20-60397
2247497,ca11,83-8020
567935,ca2,10-1948-ag
66303222,scotus,No. A-570
66289769,scotus,No. 78-6889
66237473,scotus,No. 373
926102,scotus,206M
2926003,ca5,11-10854
66285803,scotus,No. 77-1288
73235,ca2,12-3204-cv
1042033,ca4,94-5290
359460,ca9,09-35006
561664,ca10,98-2191
66393576,scotus,No. 92-5864
392007,ca2,31561_1
11688,cadc,19-1097
1392453,ca3,75-2210
292277,ca2,"221, Docket 28497"
467041,ca3,05-4160
66212682,scotus,No. 260
2441688,ca3,74-1231
66259850,scotus,No. 72-6476
948129,ca1,80-1024
66481252,scotus,No. 03-5548
66168513,ca2,"No. 310, Docket 72-1751"
552718,ca6,94-1955
290658,ca10,13-1287
65913661,ca9,No. 07-10143
2479823,ca5,78-3750
65615141,scotus,No. 14–1328.
65624386,scotus,No. 16–172.
2174492,ca11,96-9407
632900,ca7,16982_1
65273345,scotus,No. 16–8068.
66351681,scotus,No. 88-515; No. 88-525
1920156,ca10,09-4079
961506,ca4,96-6611
2454215,ca8,93-2797
63344588,ca11,21-10992
63925865,ca2,No. 314
283527,scotus,12-682
63777750,scotus,No. 09-9665
15910798,ca8,18-3276
522469,ca6,92-3073
64225876,ca7,No. 01-1866
8158981,ca11,18-10470
65606183,scotus,No. 12–10508.
66247207,scotus,No. 301
826194,ca10,89-2194
2836076,ca6,08-5830
28495,ca4,01-7816
2608902,ca5,14-10505
60643779,ca4,20-2000
408721,scotus,NO. 330
65683092,ca2,Docket No. 04-2051
66082689,ca7,No. 2323
351339,scotus,563
66308574,scotus,No. 81-1055
66981901,ca7,22-2208
65965042,ca5,No. 16-50492 Summary Calendar
63953592,ca8,No. 10328
66372406,scotus,No. 90-1040
2498673,scotus,02-1084
66210531,scotus,No. 360
65682207,ca9,No. 02-10131; D.C. No. CR-00-00379-KJD
367722,ca9,93-15645
66538015,scotus,No. 01-5053
1373316,cadc,75-1569
739331,ca10,01-5076
488558,ca5,80-4002
66368772,scotus,No. 90-125
66555556,scotus,No. 83-358
66093616,ca9,No. 3231
476871,ca2,337
2137849,ca11,88-8416
1325438,ca9,74-1564
669137,ca8,90-1581
16862376,ca10,18-1290
65701833,ca2,No. 03-40680-ag
66356923,scotus,No. 89-182
1638521,ca3,89-5538
69697817,ca9,23-2320
68146913,ca3,23-1342
66413137,scotus,No. 94-5316
2145658,ca5,95-11211
61578464,ca10,21-3063
1115396,ca7,73-2066
60375796,ca11,20-13275
65280480,scotus,No. 830
66279091,scotus,No. 76-6205
957989,ca10,96-8097
66134354,ca4,No. 123
1248422,ca2,86-3012
391776,ca6,75-1462
64288028,ca6,No. 02-4068
63997957,ca3,No. 11167
549961,ca9,94-15058
94587,ca7,09-3449
66197614,scotus,No. 336
15962726,ca9,18-16848
1018008,ca10,92-1368
18637477,ca5,19-30761
1839439,ca6,87-6188
65271451,scotus,No. 14–9127.
66516658,scotus,No. 02-771
66264877,scotus,No. 73-1386
2320154,ca4,91-2527
669614,ca5,20960
26889574,ca7,20-1659
65677452,ca6,No. 02-6252
818639,ca7,88-2598
1494493,ca5,94-10055
66328003,scotus,No. 11-988
66166894,ca7,No. 71-1241
513018,ca10,86-1400
63989224,ca7,No. 9476
66273505,ca5,No. 90-8355
66043894,ca7,No. 1249
63140929,ca5,21-30434
671745,scotus,03-8987
18591471,ca11,19-14314
2824535,ca4,99-2473
1488222,ca11,"05-14686, 06-12082"
1279770,ca5,08-30640
59818433,ca7,20-2544
2464015,ca3,87-5077
437265,ca3,11-2288
778200,ca10,08-2070
65721757,ca2,No. 07-5621-pr
64327366,scotus,No. 10-5499
1133280,ca8,"92-2964, 92-2966"
64202584,ca9,No. 00-16912; D.C. No. CV-97-00762-GEB
1099267,ca10,79-1242
916113,ca4,07-1382
65294250,scotus,No. 687
63935909,cadc,No. 5231
2239098,ca4,94-2572
690607,ca5,18788_1
2490977,ca11,96-8864
8088985,ca10,17-7076
66208256,scotus,No. 323
66495720,scotus,No. 03-1043; No. 03-1180; No. 04-23; No. 04-166; No. 04-446
65893977,ca10,No. 06-5051
66329318,scotus,No. 11-10151
64156014,ca9,No. 99-36110; D.C. No. CV-97-00165-LBE
65610204,scotus,No. 13–7482.
64344193,scotus,No. 93-2092
2480511,ca10,98-6102
66068259,ca8,"No. 3,720"
1467795,cadc,98-7020
136287,ca5,89-6211
2666386,ca9,13-10530
64232560,ca6,No. 01-6054
64996137,cadc,"Nos. 83-1965, 83-1966"
2469965,ca3,83-3429
147844,ca2,12-3963
696610,ca5,03-60288
64028508,ca9,"Nos. 94-30453, 94-30454"
231030,scotus,1084
66261300,scotus,No. 73-11
65883811,ca8,No. 00-2291
66373451,scotus,No. 90-6497
66249592,scotus,No. 6561
975043,ca8,87-1473
63772290,scotus,No. 09-375
1454084,ca9,74-1282
63939852,ca5,No. 5980
2430933,ca4,85-6585
7351618,ca7,17-1393
594132,ca11,11-16008
2889518,ca9,08-56071
2459471,ca9,10-15982
65288785,scotus,No. 168
69859436,ca9,24-3159
1075539,ca5,12-10648
66395484,scotus,No. 92-658
63599542,ca9,20-73146
63381683,ca5,21-50451
562734,ca5,91-4631
66278289,scotus,No. 76-1044
1454665,ca5,78-3783
281875,ca9,08-15374
65289244,scotus,No. 726
65707876,ca8,No. 07-1818
518644,ca3,"09-3243, 09-3275"
66799495,ca10,22-9527
65295463,scotus,No. 709
65674903,ca6,No. 02-1256
66264749,scotus,No. 73-6575
1391453,ca4,09-6209
907820,cadc,77-2011
66172962,ca6,No. 73-1713
65299386,scotus,No. 999
66169198,ca2,"Nos. 462, 737, Dockets 72-1974, 72-2322"
890258,ca2,10-4883-cr (L)
876404,ca2,10-3835-cv (L)
6245052,ca4,15-4376
66498435,scotus,No. 09-1546
66723273,scotus,No. 18-1410
66364428,scotus,No. 89-7351
114325,ca9,"12-55379, 13-56906"
2457973,ca8,87-2236
63776185,scotus,No. 09-7570
66182568,ca8,No. 77-1359
6325310,ca6,17-3891
65281905,scotus,No. 577
1350418,ca8,87-2569
858721,ca9,95-10518
1312965,scotus,"Nos. 549, 550"
664672,ca7,16840-16850
65912419,ca9,No. 07-30126
66550182,scotus,No. 95-9296
2871079,ca3,03-2486
978904,ca6,83-3227
1312084,ca6,89-6356
66525987,scotus,No. 99-9710
66378163,scotus,No. 90-8236
1622114,ca7,6635
706894,ca9,"99-16952, 99-17017"
920426,ca10,95-2020
65697411,ca5,No. 05-50644
2368887,ca3,12090
1046864,ca10,94-2277
1661944,ca3,16046
66319735,scotus,No. 84-5857
2495215,ca4,10-6885
2068805,ca4,93-6083
926478,ca4,02-4983
736270,ca7,01-2242
70447254,ca5,24-50621
63981476,ca4,No. 5389
66449719,scotus,No. 98-7325
675983,ca9,18494
520056,ca5,77-1063
63973057,ca6,No. 8940
434843,ca10,84-1392
322414,ca11,08-13741
1394903,ca6,84-3182
66468209,scotus,No. 01-8067
66384118,scotus,No. 91-6567
228940,ca3,11782
528023,ca9,03-71369
554747,ca7,81-1460
780483,ca7,08-2236
2472467,ca5,97-40548
66440764,scotus,No. 97-1011
66724520,scotus,No. 19-5456
66396369,scotus,No. 92-6740
535225,ca8,09-1583
398988,ca11,06-16404
64056319,ca9,No. 98-15038
65911154,ca9,No. 05-17122
2897277,ca8,04-3325
66532911,scotus,No. 98-9859
2136843,ca3,79-1169
2900885,ca8,06-3724
1019959,ca9,1224
65942283,ca9,No. 07-35649
63950702,ca10,No. 1093
1441399,ca8,11-1589
63963556,ca3,No. 6314
66330295,scotus,No. 85-6837
1229218,ca5,81-2299
16324819,ca6,19-3012
64333679,scotus,No. 10-765
66319449,scotus,No. 84-1240
7384703,ca11,17-11556
2496340,ca5,84-4276
1438220,ca7,85-1926
16861483,ca11,18-14832
8591,scotus,551
314337,ca1,05-1620
66218727,scotus,No. 804
60414893,ca9,20-17435
65705168,ca3,No. 12-4627
66545695,scotus,No. 03-10658
2238649,ca4,80-6196
782775,ca10,98-7145
63980940,ca9,No. 10808
300264,ca9,16704_1
2244499,ca11,12-15555
6155537,ca4,17-6273
270258,ca5,13-20338
2180409,ca11,94-4506
65286747,scotus,No. 281
677783,ca1,"81-1507, 81-1775"
65290374,scotus,No. 948
66427469,scotus,No. 95-1349
788654,ca8,08-3821
64095228,ca9,"Nos. 01-15630, 01-15653, 01-16182, 01-16392, 01-16394 and 01-16528"
1126015,cadc,24630
16644,ca5,98-20867
65909757,ca2,No. 06-5643-ag
66644606,scotus,No. 16–8757.
945050,ca5,72-1223
2885157,ca8,00-1081
603414,ca1,95-1700
2136631,ca8,94-3295
66251042,scotus,No. 70-184
129022,ca5,01-41423
66365302,scotus,No. 89-1776
1156619,ca5,91-3248
66442107,scotus,No. 97-9088
64288483,ca7,No. 01-1938
66553737,scotus,No. 96-7517
1433237,ca8,93-3437
3021493,ca5,15-10234
594540,ca2,21395_1
1052049,cadc,94-3088
915863,ca3,11-3813
1060499,ca4,90-6337
789240,ca2,"609, Docket 74-2595"
64334335,scotus,No. 10-10484
64279607,ca6,No. 01-6318
66539831,scotus,No. 01-7226
150786,ca5,04-50338
513810,ca1,90-1670
2056383,ca8,98-3000
1218607,ca8,06-1781
103643,scotus,04-8316
66508189,scotus,No. 12-7812
111113,ca5,88-6099
66320225,scotus,No. 84-6372
6133294,ca9,15-17390
66301173,scotus,No. 81-126
69428032,ca9,23-1313
64162351,ca9,No. 00-35470; D.C. No. CV-99-716-MRH
66347223,scotus,No. 88-5206
2419801,ca4,83-2168
66059283,ca2,No. 14
66332803,scotus,No. 86-1148
66254170,scotus,No. 71-1047
224066,ca5,81-3251
2419806,ca7,80-1658
2651030,ca2,14-2653-cv
64328862,scotus,No. 10-5013
2673583,ca11,14-13442
1318072,ca8,98-1441
65736704,ca6,21-2742
2823673,ca4,"93-4005 to 93-4007, 93-4009 and 93-4010"
2321072,ca9,95-30256
66082522,ca8,No. 4529
66177788,ca4,"Nos. 75-1859, 75-1860"
843730,ca11,91-9139
2443195,ca11,86-3596
998885,ca5,72-1703
1232186,ca5,92-2739
1988044,ca8,91-2043
2857602,ca7,05-3634
1340289,ca2,"617, Docket 76-7430"
2348053,ca9,84-5713
574431,ca9,74-3238
710806,ca9,96-15157
192047,ca5,07-30340
63737148,ca7,No. 3315
66728385,scotus,No. 19-7606.
356554,ca9,11-30057
393898,ca4,95-6257
66423169,scotus,No. 94-9134
66526059,scotus,No. 99-9827
66249183,scotus,No. 1275
66548734,scotus,No. 04A635 (04-70)
66390692,scotus,No. 91-8528
1325882,ca6,82-5040
65625690,scotus,No. 16–5869.
926084,ca9,07-55736
2662115,ca5,14-20379
65267809,scotus,No. 14–6741.
1500355,ca11,85-3527
65693083,ca2,No. 05-1824
16662919,ca6,19-3100
2481474,ca4,06-7595
66379519,scotus,No. 91-5315
231176,ca11,"07-11494, 07-11495, 07-13425, 07-13426"
957759,ca10,96-1050
66545546,scotus,No. 03-10364
422408,ca11,97-6109
1146042,ca5,02-40391
1375454,ca7,88-3173
66481898,scotus,No. 02-1689
66489264,scotus,No. 03-8833
2439219,ca6,87-1080
484134,ca10,87-1534
66241321,scotus,No. 699; No. 1506
2867771,ca3,"96-3239,96-3240,96-3241"
500252,ca6,88-6191
66364029,scotus,No. 89-999
392581,ca5,"86-1326, 86-1458"
1124564,ca7,"97-1488, 97-1489"
1500959,ca5,94-41119
1756404,scotus,01-1513
2519662,scotus,79
65266624,scotus,No. 14–5949.
67542868,ca2,22-1134
894837,ca4,10-1941
551844,ca4,09-2328
64336055,scotus,No. 11-13
66345129,scotus,No. 87-6924
234397,ca7,11726
17086814,ca4,20-6161
1043927,cadc,6745
66397117,scotus,No. 92-6769
547252,cadc,"08-1365, 09-1046, 08-1393, 09-1044"
65909633,ca9,No. 07-30074
730192,ca8,78-1208
326437,ca3,97-1027
196130,ca5,06-50013
14793241,ca9,15-71923
926831,ca6,81-1603
66038354,ca9,"No. 1,025"
611903,ca7,11-2085
669395,ca5,21464_1
65959807,ca4,No. 15-6114
818476,ca7,88-1101
1595037,ca9,09-30004
67981323,ca4,23-7117
664855,ca8,19281_1
2186723,ca4,08-8560
63973652,ca3,No. 7693
66500229,scotus,No. 10-6204
1074019,ca5,11-20555
2447110,ca9,96-16716
587282,ca11,97-5812
118788,ca2,87-7915
439620,scotus,04-6371
66229636,ca11,No. 86-7643
66278544,scotus,No. 76-957
65301310,scotus,No. 217
921449,ca5,97-41532
66536257,scotus,No. 01-6788
2215581,ca4,8110_1
1893960,scotus,02-5957
66441476,scotus,No. 97-1792; No. 97-8964
805702,ca7,"86-2101, 86-2102"
6125450,ca4,17-6509
65888003,ca9,No. 06-70420
66498558,scotus,No. 09-10580
68243136,ca3,20-2601
65300024,scotus,"No. 171, Misc."
488057,ca10,98-3013
66258014,scotus,No. 72-214; No. 72-433
59574,ca3,84-5673
66340571,scotus,No. 87-765
66370162,scotus,No. D-936
645281,ca3,10777_1
68181371,ca3,23-1343
66360881,scotus,No. 88-7079
66245875,scotus,No. 1954
66198236,scotus,No. 353
1463120,ca5,73-1308
155822,ca3,09-4623
400445,ca2,1559
66214603,scotus,No. 235
65282265,scotus,No. 868
69628709,ca8,23-3783
66554571,scotus,No. 83-105
65298043,scotus,No. 1056
1450501,ca5,92-03986
8034437,ca8,17-3575
413266,ca8,13-3642
66110278,ca4,No. 2048
494528,ca5,87-4449
66300498,scotus,No. 80-6948
63929875,ca8,No. 8077
329621,ca9,26615
66453660,scotus,No. 98-1711
66399073,scotus,No. 92-7509
396862,ca9,93-16058
664506,ca4,99-7177
66174311,ca4,No. 74-1687
65731633,ca5,No. 09-40581
1476800,ca4,86-6838
407814,ca1,"05-1566, 05-1863"
2639043,ca5,14-50786
64094670,ca9,No. 00-56192
66509283,scotus,No. 10-1047
64010335,ca2,"Nos. 135-137, Dockets 27091-27093"
64994356,cadc,"Nos. 80-1804, 80-1843"
895404,ca7,07-2021
65689680,ca9,No. 04-72484; Agency No. A90-557-119
66283000,ca6,No. 92-3282
206746,ca5,72-1804
66419823,scotus,No. 94-1290
65910790,ca9,No. 05-77266
65960304,ca5,No. 14-40965
64282011,ca6,No. 02-5104
399013,scotus,02-11306
65679648,ca6,"Nos. 02-5858, 02-5860 and 02-5870"
829771,ca8,90-5461
66349542,scotus,No. 88-662
715927,ca7,17658
469375,ca4,85-6525
918428,ca5,12-60906
65713172,ca9,No. 06-56206
65614844,scotus,No. 14–9491.
1224146,ca2,96-2119
66299182,scotus,No. 80-1614
862744,ca9,81-7539
744598,ca8,02-2770
645690,ca5,99-11056
502898,ca8,75--1753
65710062,ca7,No. 11-1219
2123765,ca4,98-7828
66180453,ca9,No. 74-2210
1056309,ca10,94-3268
2348941,ca5,11-60117
66147906,ca2,No. 51
2880237,ca3,05-3504
323806,scotus,822
2886784,ca8,02-2354
66223522,scotus,No. 544
1499380,ca5,02-40050
2640286,ca11,14-13182
2853086,ca7,01-3376
932030,ca5,72-2477
63929155,ca9,No. 5421
1438350,ca2,91-1142
64156441,ca6,No. 00-6316
644960,ca8,82-1525
66489768,scotus,No. 03-1181
63958747,ca8,No. 10662
8976,ca11,19-14268
1402866,ca5,89-2736
804611,ca8,90-5262
2383563,ca7,85-3066
2920870,ca11,08-11648
3057107,ca4,16-6015
931965,ca6,06-5731
66721689,scotus,No. 18–8496.
66490138,scotus,No. 03-9409
967393,ca3,92-3407
2463181,ca4,05-7959
710431,ca3,96-2569
2217434,ca11,95-8246
66027248,ca4,No. 368
2462941,ca11,97-8744
66723218,scotus,No. 18-9419
65615211,scotus,No. 14–9781.
614922,ca7,92-1669
713554,ca6,97-3351
60115752,ca9,20-15125
2124970,scotus,03-1026
996730,ca7,5448
64005767,ca3,No. 12793
2873111,ca3,04-1026
65300508,scotus,No. 579
46092,scotus,563
891660,ca11,90-3330
2918356,ca11,10-14906
1036961,ca7,94-1069
2874046,ca3,04-2057
66454411,scotus,No. 98-9166
1129588,ca2,"222, 223"
65698699,ca9,No. 04-30530
1459998,ca11,81-7962
69499421,ca5,24-10477
1174698,ca4,"93-5472, 93-5606"
66213410,scotus,No. 555
639512,ca5,94-40623
543621,ca3,83-3122
851295,ca5,92-3375
1491349,ca10,09-9011
2684410,ca5,14-50406
2011697,ca5,04-20403
855735,ca2,"331, Docket 95-7372"
384008,scotus,90
2353510,ca5,89-5573
2347635,ca4,80-1112
17263415,ca5,19-10983
65705361,ca9,No. 08-50019
17436882,ca3,19-1838
631098,ca5,78-1734
862220,ca8,91-3352
987447,ca4,88-3957
528338,ca5,09-20479
737259,ca8,05-3244
63955209,ca2,No. 93
828931,ca2,78-1285
66438745,scotus,No. 97-5976
1262416,ca11,95-9489
1358651,scotus,07-6011
79927,ca8,17130_1
1047760,ca6,94-3173
17205333,ca3,19-3291
585985,ca4,75--1418
1410339,ca4,13-1140
64038527,cadc,No. 96-3124
748965,cadc,73-1037
64064769,cadc,"Nos. 97-1668, 97-1680"
1056319,ca9,95-55792
772642,ca2,"331, 521, Dockets 73-2216, 73-2286"
911420,ca4,03-1983
14893163,ca10,18-6133
64016806,ca7,No. 93-2157
720600,ca5,76-2092
66528991,scotus,No. 00-5049
66201782,scotus,No. 650
2432204,ca5,02-10705
69131263,ca4,24-1844
65264832,scotus,No. 13-1141
66389696,scotus,No. D-1134
2835834,ca6,"07-6057, 07-6155"
63967878,ca8,"Nos. 11363, 11364"
66113225,cadc,No. 3878
59848418,cadc,20-7033
61687743,ca4,20-7863
2098812,scotus,04-8830
6058178,ca4,"16-1935, 16-2018"
15737937,ca9,18-30039
4552997,ca6,16-5086
1530206,ca4,05-6008
561476,cadc,84-5167
893376,ca5,92-3723
6136226,ca5,16-20809 Summary Calendar
349807,ca5,73-1968
66490935,scotus,No. 03-9437
66056782,ca9,"No. 1,745"
65893877,ca9,No. 05-75958
29099774,ca4,20-1688
468451,ca8,14415_1
66275751,scotus,No. 75-1903
66462078,scotus,No. 00-8059
66649549,scotus,No. 18–564.
66291510,scotus,No. 79-1131
658556,ca2,32147_1
66423106,scotus,No. 94-8821
955524,ca3,"08-1446, 08-1447"
2852273,ca7,00-3897
2879388,ca3,"05-2162, 05-4656"
843298,ca6,92-6391
2023817,ca6,77-3059
67763835,ca5,22-11189
1859600,ca7,11-1112
66392336,scotus,No. 92-5730
602409,ca2,"1663, Docket 94-9303"
66399296,scotus,No. 92-6851
958298,ca10,96-2272
2114096,ca6,643
2427107,ca2,92-2325
1060093,ca2,"433, Docket 96-1130"
65681581,ca4,No. 04-7491
1972529,ca4,02-6738
65888163,ca9,No. 05-55639
2400023,scotus,04-6398
1242784,ca11,85-7528
555342,scotus,561
393219,ca11,09-11284
499261,ca5,88-7010
65723695,ca3,No. 07-2639
2176510,ca4,10-7609
66473750,scotus,No. 02-9039
66044813,ca3,No. 37
66365933,scotus,No. D-837
66475414,scotus,No. 02-9301
2444097,ca4,00-7634
66724706,scotus,No. 19-5558
949188,scotus,73-1820
355152,ca5,95-30312
973178,ca5,85-2588
64117332,ca9,No. 00-55625; D.C. No. CV-98-02160-LSP
66308043,scotus,No. 81-6851
2180090,ca4,12-7952
65715730,ca9,No. 05-72630
2148128,ca8,88-1183
2223967,ca5,73-3710
902872,ca4,90-7117
2635003,ca4,14-4536
66042381,ca7,"No. 1,217"
66542387,scotus,No. 94-1887
103990,ca6,87-5399
66156536,ca9,No. 20568
71774,ca6,91-1270
1421269,ca4,94-1445
66299246,scotus,No. 80-6612
66529522,scotus,No. 99-9107
63975592,ca10,No. 2574
66291384,scotus,No. 79-601
66244984,scotus,No. 1178
1547883,ca7,"10-8008, 10-8009"
65956172,ca4,No. 13-7364
66409814,scotus,No. 93-1835
66398666,scotus,No. 92-7307
2876546,ca8,96-1453
63973580,ca8,No. 11982
66264434,ca2,"Nos. 526, 536, Dockets 90-7558, 90-7598"
66266212,ca5,No. 90-2445
61635894,ca9,21-70532
66356280,scotus,No. 88-7282
66263810,scotus,No. 73-6245
178112,ca9,71-1808
366364,cadc,23577
1017992,ca1,92-1904
66279334,scotus,No. 76-1239
67092072,ca5,22-40298
63032304,ca9,19-17444
66196199,scotus,No. 159
4557442,ca9,14-15588
66412821,scotus,No. 93-9319
1770795,scotus,287
63951725,ca9,No. 7420
2821107,ca1,95-1794
1825020,ca6,92-1406
1122520,ca10,08-1335
898045,ca2,"553, Docket 79-4148"
54761,ca5,99-20664
66192698,ca5,No. 82-1599
2617786,ca4,14-4320
1088075,ca4,73-1592
49133,ca5,05-41819
60206,ca4,95-6222
700953,ca8,03-2182
66727850,scotus,No. 19-659.
1727215,ca9,15035
16044064,ca8,18-1953
2174523,scotus,02-5153
66080717,ca2,No. 220
2036475,ca9,85-1502
66191432,ca9,No. 79-4547
69661568,ca3,24-2069
454400,ca10,05-2308
2878694,ca8,97-3527
1036470,ca9,92-37018
375080,ca4,92-2525
557577,scotus,09-804
526566,ca9,96-16441
65609570,scotus,No. 13–7018.
66454830,scotus,No. 98-9674 (A-1047)
65685484,ca9,No. 04-17069
193499,ca11,07-11281
66536874,scotus,No. 00-1783
312035,ca1,92-2454
244700,ca1,77-1744
2891153,ca9,04-35126
413010,ca7,95-4065
477668,scotus,04-8160
66333201,scotus,No. 86-6169
2480664,ca5,88-4174
874440,ca9,00-30222
1272044,ca10,14-3060
939787,ca6,11-1252
594242,ca6,07-4140
2073531,ca2,79-1210
66325868,scotus,No. 85-1212
68244251,ca11,22-10135
230302,ca5,07-30157
697288,ca4,10376
2357265,cadc,77-1589
66316464,scotus,No. 83-6877
65720285,ca2,No. 06-4470-cr
66515612,scotus,No. 02-6962
69943521,ca9,23-4250
2819039,ca1,92-1780
47345,ca5,99-20953
735438,ca10,93-7089
2883245,ca8,99-4041
760566,ca5,72-1766
797838,ca2,429
1971862,ca5,88-1714
960006,scotus,04-325
2149069,ca9,24924
7574823,ca5,18-20041
66131215,ca7,No. 144
511726,ca6,90-5411
1177335,ca11,14-10688
65611470,scotus,No. 13–6982.
818389,ca6,87-1791
65709061,ca4,No. 12-1920
66308163,scotus,No. 82-5393
14945061,ca4,18-7416
260881,ca8,9226
66210833,scotus,No. 231
444246,ca6,"97-3196, 97-3482"
505217,ca10,38-68_1
2082640,ca5,18417
64284356,ca9,No. 00-17263; D.C. No. CV-99-04125-MHP
1129470,scotus,03-8293
1529835,ca5,94-30606
60114356,ca2,20-3643-cv
2920981,ca11,08-11536
4119566,ca8,15-2007
289197,ca5,82-2069
881510,ca5,05-10964
2880823,ca8,98-4216
65627714,scotus,No. 16–7603.
556205,ca9,90-50451
66478791,scotus,No. 02-10385
1424064,ca11,14-11091
64280565,ca6,No. 00-4401
66274535,scotus,No. 75-6422
1162663,ca11,13-11810
66062924,ca8,"No. 3,511"
2362069,ca5,05-41532
3044027,ca5,15-41093
198442,ca3,80-2753
2485970,ca11,94-8094
183130,ca7,86-2160
64344513,scotus,No. 98-1700
64328744,scotus,No. 10-361
66371068,scotus,No. 90-5923
66722125,scotus,No. 18–8893.
66491416,scotus,No. 03-1465
66452091,scotus,No. 98-1357
2901389,ca8,06-3694
66377113,scotus,No. D-994
94932,ca4,09-4268
424550,ca4,11-6479
66278440,scotus,No. 76-5826
661598,ca1,32505_1
298686,ca5,04-10283
66286108,scotus,No. 78-6
64016146,ca11,No. 92-2635
2076826,ca4,86-6791
713530,ca2,1998
65622486,scotus,No. 15–9458.
2010231,ca8,81-1400
66212705,scotus,No. 315
104360,ca9,04-76131
66205452,scotus,No. 809
1099888,ca4,80-6770
2840163,ca6,14-3654
64005605,ca7,No. 12580
66388210,scotus,No. 91-7973
2252094,ca11,81-5592
807458,ca7,86-1033
2017491,ca5,04-41750
711887,ca10,97-3352
730406,ca5,83-2048
66293266,scotus,No. 79-1682
59892959,ca8,20-2671
695943,scotus,75-1262
386697,ca8,74-1604
532690,cadc,10-7135
183322,ca5,"94-50562, 94-60518"
65687307,ca2,Docket No. 03-40917
66413351,scotus,No. 94-5920
2362181,ca4,84-6769
66354332,scotus,No. 88-7041
909088,ca5,71-3572
1808060,ca11,96-8109
119663,cadc,78-1618
556847,ca9,88-6544
843343,ca10,92-1284
66267461,scotus,No. 74-493
1495449,ca4,95-7835
697550,ca7,09-1686
3041437,ca9,14-16583
46987,ca8,02-4083
59809669,cadc,20-3045
2853866,ca7,02-3572
65734708,ca4,No. 08-1795
66508735,scotus,No. 12-8512
621608,ca4,96-4020
535795,ca9,93-30182
63930990,ca2,No. 263
68310726,ca5,23-30556
6143136,ca6,16-3960
420703,ca2,73-1673
2621285,ca3,13-2081
2105335,ca4,95-7705
1269006,ca10,98-6198
1663861,ca9,72-1326
606146,ca1,93-1767
65627333,scotus,No. 16–826.
2434629,ca4,87-7204
66195736,scotus,"No. 359, Misc.; No. 370, Misc."
65623969,scotus,No. 16–5416.
66232527,scotus,No. 623
65719671,ca2,No. 08-3648-cv
66480914,scotus,No. 03-5345
65913063,ca2,No. 06-5704-pr
64337440,scotus,No. 11-276
66359174,scotus,No. 89-5709
3063675,ca9,"14-60037, 14-60038"
64161490,ca9,No. 97-16166; D.C. No. CV-90-20084-RMW
186277,ca5,04-40480
2176380,ca5,93-7111
66162260,ca5,No. 28516
2820288,ca1,94-1641
2899517,ca8,06-1696
66516047,scotus,No. 02-560
4416399,ca4,15-1945
947951,ca9,09-16929
1611241,ca7,06-3803
1173870,ca11,"93-3380, 94-2134"
311457,ca5,03-40741
2100989,ca5,09-30596
655136,ca10,8813_1
1958463,ca11,92-4218
65628513,scotus,No. 16–8238.
65729753,ca2,No. 09-1872-cv
1685162,ca5,04-50260
66324272,scotus,No. 85-5777
405569,ca4,95-2765
201109,ca2,"1124, Docket 74-2509"
682052,ca9,19093_1
272849,scotus,393
66380129,scotus,No. 91-5170
66544915,scotus,No. 95-580
65267490,scotus,No. 14–6351.
68921635,ca7,20-2208
65629824,scotus,No. 16–477.
66297396,scotus,No. 80-5825
66678562,ca3,21-2519
63933139,ca3,No. 4211
66398686,scotus,No. 92-7338
1129962,ca2,93-1662
148636,ca3,87-1399
66398090,scotus,No. 92-96
800930,ca5,86-4138
64288683,ca6,No. 02-1104
318936,ca5,17289
5274,ca10,19-4130
65294009,scotus,No. 353
63973040,ca8,No. 11995
2057502,scotus,93-413
2860639,ca7,07-3964
939931,ca4,79-1237
3021315,ca9,13-71588
536405,ca4,08-5044
66758226,ca5,22-10651
30329,ca10,97-4066
66316198,scotus,No. 83-1965
767211,ca5,72-2828
2325875,ca2,82-1274
221800,ca5,96-10398
82332,ca9,86-2833
2902907,ca3,07-1064
1562981,ca9,12-10485
611054,ca8,77-1603
66248344,ca1,"Nos. 88-1610, 88-1673, 88-1611 and 88-1612"
65693104,ca2,No. 05-0447CV
66723602,scotus,No. 18-9599
66041512,ca7,"No. 1,165"
2894166,ca9,05-55265
2121936,ca5,76-1314
2026510,ca1,4681_1
2616674,ca10,14-1044
66643775,scotus,No. 17–15.
64089264,ca2,Docket No. 00-7730
66224681,scotus,No. 1025
66480306,scotus,No. 03-5002
545562,ca9,92-10396
2903061,ca8,07-3128
66257782,scotus,No. 72-5722
1665423,ca6,12922_1
65615738,scotus,No. 14–10379.
514803,ca5,78-5251
66203142,ca5,No. 83-4787
622944,ca4,91-7690
65887454,ca9,No. 04-56690
3059196,ca9,14-71485
406927,scotus,203
66254374,scotus,No. 71-6293
66233450,scotus,No. 1066
1779485,ca2,84-1411
65667795,ca9,"Nos. 01-50439, 01-50447; D.C. No. CR-00-0431-SVW-02, CR-00-00431-SVW-1"
421537,ca3,92-7598
2550320,scotus,6
2668985,ca9,13-16798
66202354,scotus,No. 278
674787,ca4,77-1222 and 77-1224
2230419,ca3,76-2252
136491,ca3,96-1638
1039762,ca9,87-5924
2827902,ca6,00-6787
66466885,scotus,No. 01-7528
66414884,scotus,No. 94-6222
1412034,ca3,84-5125
2146642,ca4,97-7041
66289924,scotus,No. 79-5071
63991567,ca2,No. 21251
268435,ca5,97-11124
46892,ca5,98-41414
65892768,ca9,No. 05-76010
64996155,cadc,"Nos. 82-1156, 82-1157 and 82-1201"
707082,ca10,224-68_1
66097351,ca3,No. 2495
1020982,ca8,10-2494
66374747,scotus,No. 90-1265
63922422,ca2,No. 366
703681,ca2,2000
1128689,ca8,9224
66109718,ca9,No. 3893
64089909,ca9,No. 99-56784
64203695,ca2,Docket No. 01-1097
955214,ca2,"857, Docket 82-7785"
2631410,ca7,14-2053
462947,ca10,02-5171
66193730,ca4,No. 81-6874
66167732,ca3,D. C. Civil Action No. 65-1328; Nos. 71-1541 to 71-1548
1090167,ca5,12-50114
2255768,ca5,93-4362
66423539,scotus,No. 94-1709
15778277,ca9,18-60048
2138453,ca5,01-11549
565203,ca5,83-1223
66383317,scotus,No. 91-5703
64007017,ca4,No. 8009
66478891,scotus,No. 02-10585
65298767,scotus,No. 565
66285089,scotus,No. 76-1310
66534311,scotus,No. 99-5600
2835559,ca6,07-6315
16813475,ca6,19-1521
66531439,scotus,No. 99-5813
156136,ca6,90-3299
65685924,ca5,No. 04-11336
590556,ca3,10110
66419547,scotus,No. 94-7645
65731356,ca3,No. 08-3401
1481887,ca7,81-1886
2824378,ca4,98-2225
66242588,scotus,No. 319
1560988,scotus,03-878
818962,ca6,88-5707
2862378,ca4,14-7399
775325,ca10,96-7039
14542755,ca5,17-60133
66728062,scotus,No. 19-7787.
17150413,ca10,19-4004
7207253,ca2,16-3379
39035,scotus,05-507
2053541,ca5,87-3712
65621025,scotus,No. 15–8213.
14524801,ca10,16-3323
17056166,ca8,19-2482
1761383,ca4,05-2036
1370179,ca5,74-2248
65728917,ca9,No. 07-16885
1899454,ca7,"11-1261, 11-1602"
1489973,ca11,94-2856
66353118,scotus,No. 88-6080
66023230,ca6,No. 731
2437638,scotus,01-8007
1124877,ca9,80-1734
66433295,scotus,No. 96-9022
66274597,scotus,No. 75-1523
1575405,ca5,95-30068
64018575,ca4,No. 94-1302
4416245,ca8,15-1163
65963707,ca4,No. 16-2042
1623440,ca8,15197_1
462165,ca10,02-2027
562456,ca4,92-6188
375766,ca9,82-5278
1333023,ca4,73-1413
2280470,ca2,"272, Docket 23317"
6567155,ca2,16-2082
2184422,ca9,84-7599
90032,ca7,97-4246
66478082,scotus,No. 02-10419
66467892,scotus,No. 01-8052
2640442,ca9,13-10281
3029579,ca4,15-7808
64007422,ca2,"No. 71, Docket 25850"
66472805,scotus,No. 01-10476
2819320,ca1,93-1146
215214,ca10,98-7014 D.C. CV-97-632-B
1101408,ca8,13626
66234898,scotus,No. 262
2363424,ca3,77-2146
709670,ca8,97-3352
65688142,ca2,Docket No. 04-3843-CV
655899,ca9,21303
66431827,scotus,No. 96-8570
903334,ca4,76-2249
1073651,ca6,"09-2332, 10-2383"
66292748,scotus,No. 79-6343
66415181,scotus,No. 94-609
2440592,ca4,92-2375
65284551,scotus,No. 618
65607269,scotus,No. 13–98.
66497463,scotus,No. 17–104.
66103636,cadc,No. 3479
66163497,ca2,"No. 113, Docket 34920"
65890220,ca9,No. 05-36134
1129713,ca2,1017
65709867,ca4,No. 13-2222
1726071,ca7,89-2361
63247013,ca4,22-1211
622710,ca4,97-4094
64884034,ca5,21-60943
714675,ca2,1998
3057557,ca11,15-11814
990201,ca6,88-6239
1908893,ca9,97-15499
788603,ca10,03-6058
65271340,scotus,No. 14–9004.
1009675,ca3,89-3076
807656,ca8,00-1657
3014986,ca4,15-1724
18434005,ca2,19-183-cv(L)
1624810,ca3,3202
68093205,ca5,23-30513
837369,ca11,91-8765
20640,ca3,20-1127
1107415,ca2,"802, Docket 93-7738"
2085151,ca6,81-5914
1001674,ca9,06-15191
7269354,ca7,17-2171
1149327,ca4,96-7160
2903450,ca8,08-1149
65612371,scotus,No. 13–7120.
748666,ca8,"99-4129, 99-4130"
2326917,ca8,122
66464294,scotus,No. 00-1293
563507,ca11,91-3583
65715590,ca9,No. 07-56654
2838263,ca6,10-2222
525395,cadc,75-1016
65662467,ca1,No. 15-1307
66647559,scotus,No. 18–141.
731091,ca9,05-16401
1339537,ca8,83-1117
2441557,ca3,74-1471
63970970,cadc,No. 7447
2823353,ca1,99-2140
268753,ca3,13491
1420446,ca5,97-41013
66266495,scotus,No. A-255
116308,ca3,87-3129
3080313,ca9,14-30004
2070404,ca11,90-3326
345291,ca5,72-2067
1394562,ca9,84-3578
2498314,ca11,83-5841
66149833,ca10,"Nos. 7568-7570, 7600"
3014806,ca2,"14-424-cr, 14-420-cr"
1050686,ca4,86-7153
1571845,ca9,97-16581
216892,ca5,06-60922
703976,ca2,96-2231
63816268,ca6,No. 2949
1540995,ca11,95-3428
457393,ca7,73-1151
4668048,ca7,17-1069
2452343,ca11,09-15787
142311,scotus,02-255
66506843,scotus,No. 12-6953
388279,ca4,89-5754
66208436,scotus,No. 444
62978646,ca2,21-50-cv
1117080,scotus,Nos. 141 and 160
66035672,ca6,"No. 1,213"
64285937,ca2,No. 02-7583
1218469,ca11,93-5255
236844,ca11,95-4628
234030,ca11,08-14459
65957768,ca4,No. 08-4900
1210903,ca3,10-1067
2003908,ca5,02-40685
2428701,ca5,03-21109
63928623,ca8,No. 7935
66313862,scotus,No. 83-6437
261953,ca5,16104
66072912,ca7,No. 1990
4558605,ca2,15-3997
913020,ca4,04-4856
499606,ca9,11-10150
524518,ca2,Docket 06-4551-cr
65885234,ca5,No. 04-40550
65889464,ca2,No. 04-0891-ag
66289755,scotus,No. 78-6866
66727265,scotus,No. 19-7540
23843,ca9,19-56378
546542,cadc,04-1340
409965,ca2,10-610-cv
57420,ca9,12-71357
69925094,ca9,24-3601
923998,ca4,03-1336
1098503,ca4,4215
1079969,scotus,79-1336
66405806,scotus,No. 92-9023
2347532,ca6,87-5279
3059785,ca9,"15-15211, 15-15213, 15-15215"
66368018,scotus,No. 89-1974
970892,ca6,85-3761
16087393,ca7,19-1446
2426143,ca11,91-3115
4486986,ca5,15-41428 Summary Calendar
366663,ca1,98-1296
65267833,scotus,No. 14–6803.
62639080,ca2,20-3344-cv
66026994,ca5,"No. 1,042"
711958,ca10,96-4085
65685305,ca5,No. 04-51003
101258,ca3,12-2887
654469,ca11,91-8500
1143514,ca5,23960_1
2874363,ca8,96-1343
66433494,scotus,No. 96-8915
452814,ca10,96-8032
2910488,ca9,06-17252
66337688,scotus,No. 87-172
66420666,scotus,No. 94-7914
1073017,ca10,11-2173
64008743,ca5,No. 18549
66330510,scotus,No. 85-7231
1525114,ca11,86-8293
66501750,scotus,No. 10-6701
2136818,ca11,88-3321
526422,ca10,98-6241
786048,ca8,02-3715
323972,ca3,11750
2082228,ca4,13-6362
66190092,ca4,No. 79-1842
66547036,scotus,No. 04-6364
348496,ca8,"12-3724, 12-3858"
66290972,scotus,No. 79-320
785723,ca2,11-3272-cv(L)
65961307,ca4,No. 15-7240
1573203,scotus,02-10787
2316466,ca5,79-2929
66366506,scotus,No. 89-7345
17012102,ca7,19-2026
844556,ca2,10-1389-cv
66467234,scotus,No. 01-7602
135814,ca4,96-7606
66143579,ca9,No. 410
2451242,scotus,01-1044
66169609,ca6,"Nos. 72-1628, 72-1629 and 72-1632"
66429142,scotus,No. 96-7528
66359613,scotus,No. 89-643
1462976,ca8,11-1763
819634,ca5,10-51181
462683,ca6,11220
1031175,ca4,07-1396
63933681,ca7,No. 4342
340046,ca5,03-50062
873899,ca1,99-1447
2593558,ca9,11-15189
65725823,ca2,No. 08-4786-ag
66357353,scotus,No. 89-5312
2673330,ca8,14-3475
64332836,scotus,No. 10-9062
64328337,scotus,No. 10-6497
139892,ca3,86-3281
173179,ca5,93-08563
66646589,scotus,No. 17–1591.
66238919,scotus,No. 225
278569,ca6,88-2052
66394550,scotus,No. 92-6086
6218521,ca10,17-8019 & 17-8052
66247921,scotus,No. 809
1085478,ca2,80-7190
4685112,ca7,15-1473
92980,ca5,90-1293
66381097,scotus,No. 90-8370
2192243,ca5,92-4479
66455801,scotus,No. 99-6626
737096,ca9,71-1299
68822732,ca9,22-17020
66443190,scotus,No. 98-144
65289366,scotus,No. 869
66357499,scotus,No. 88-7467
103696,scotus,02-1323
65353601,ca2,20-1693
198481,ca11,05-16252
844661,ca2,10-4307-pr
59958757,ca10,19-1270
66721210,scotus,No. 18–7855.
65689540,ca9,No. 03-72502
63956760,ca7,No. 5642
66149854,ca6,"Nos. 15705, 15706"
2838125,ca6,"09-6289, 09-6290"
66317329,scotus,No. 84-412
655767,ca10,02-1245
66495731,scotus,No. 04-1275
3045547,ca5,15-10376
2301214,ca9,75-2958
1508643,ca5,92-5266
379463,cadc,75-2089
1087459,ca4,94-6776
345397,ca5,72-1946
64003054,ca8,No. 15766
65665782,ca7,No. 02-3488
7762629,ca9,16-10408
63982758,cadc,No. 9142
2147164,ca4,80-8067
277386,ca9,81-5833
63959336,ca2,No. 107
219125,ca3,"08-2351, 08-3902"
111926,ca4,92-5169
465374,ca10,99-1370
105242,ca6,11-3161
724839,ca6,01-5935
977105,ca6,86-5311
64089185,ca9,No. 00-35041
16325409,ca3,18-3028
990228,ca9,06-73771
66350759,scotus,No. 88-846
67125410,ca6,22-1446
4416549,ca2,15-2211-cr
2060377,ca5,04-40793
65299548,scotus,No. 1263
1149739,ca2,91-1206
66487319,scotus,No. 03-7914
656362,ca10,10-6294
4481854,ca4,16-1245
390762,ca9,92-15724
1034311,ca4,922440
433825,scotus,79-703
749566,ca3,11-2490
1107126,ca4,06-4000
2478192,ca6,88-1417
66362567,scotus,No. 89-6726
66353891,scotus,No. 88-1681
66172844,ca5,No. 74-1373
437034,scotus,12–307.
65953484,ca2,No. 06-5460-cv
1558302,ca7,95-2860
2471111,ca6,90-5601
64240008,ca2,Docket No. 01-7398
2090051,ca7,83-3009
513665,ca4,89-2432
328691,scotus,02-10898
63966100,ca1,No. 3360
65667819,ca9,No. 02-17377; D.C. No. CV-01-00340-DWH
620036,ca2,30511_1
2857365,ca7,06-2378
66232557,scotus,No. 669
992287,ca2,128
1038721,ca5,75-3377
65733254,ca4,No. 10-1178
211996,ca5,02-60817
63980956,ca10,No. 3211
94555,ca6,84-5481
61616138,ca6,21-1406
1919333,ca8,"11-2015, 11-2017"
362784,ca11,88-7068
66191807,ca9,No. 79-4542
908314,ca8,08-2257
66248649,scotus,No. 6193
65664181,ca7,No. 02-1698
312588,ca1,92-1600
367448,scotus,117
275052,scotus,853
66240578,scotus,No. 1256
66232774,scotus,No. 648
66227547,scotus,No. 834
65298193,scotus,No. 1090
1449535,ca8,05-2456
2907812,ca9,05-16214
64165973,ca6,No. 01-1439
1085745,ca2,12-3401-cv
314568,ca1,07-1792
677449,ca6,88-1726
65612398,scotus,No. 13–806.
64915477,ca7,20-3500
2832753,ca6,05-5261
66466616,scotus,No. 00-10248
3024928,ca4,15-7088
528925,ca7,91-3603
2017216,ca8,95-1630
227662,ca11,90-5741
66388486,scotus,No. 91-8133
66467223,scotus,No. 01-7600
382108,ca10,93-1298
66457215,scotus,No. 99-1372
2874255,ca8,"95-1169, 95-1285"
65677145,ca9,No. 03-71145
65705275,ca4,No. 11-7574
784626,cadc,73-2105
157140,ca11,13-13092
2912629,ca11,11-15816
66464190,scotus,No. 00-9319
1094390,ca4,96-2862
7697397,ca9,17-10552
529039,ca8,76-1291
206100,ca5,"08-50619, 08-50620"
66404135,scotus,No. 93-8733
66231367,ca9,"Nos. 85-3763, 85-3770"
3013767,ca9,13-56543
66187281,ca4,No. 78-1885
3061155,ca11,15-11704
572013,ca2,1246
1715143,ca2,2000
64472899,ca2,No. 13-1541
636017,ca7,06-1599
311823,ca7,79-1867
1653782,ca5,06-50336
69396804,ca5,24-50112
2310033,ca11,97-3112
65669557,ca9,No. 03-15878; D.C. No. CV-02-01064-PMP/PAL
63964985,ca9,No. 8731
66140158,ca6,No. 459
949747,ca9,79-1699
6368799,ca5,17-10083
66537012,scotus,No. 00-8877
2309541,ca5,95-40824
2857060,ca7,06-2011
2336703,scotus,93-306
129216,ca5,05-21068
932655,ca7,77-1881
66534857,scotus,No. 99-5779
2484457,ca4,92-2560
4270,ca2,16-1562
1375696,ca2,"359, Docket 97-7322"
1301408,ca7,11-1468
251389,ca5,96-20119
63927878,ca9,No. 5236
834324,ca9,90-56221
14526175,ca3,17-1292
65701718,ca9,No. 05-73203
66274478,scotus,No. A-920 (75-1482)
1182421,ca4,78-6095
310320,ca7,79-2127
724951,ca9,25705
66273162,scotus,No. 75-6064
64325602,scotus,No. 09-1287
2440130,ca5,07-20023
65722473,ca2,No. 08-3570-cv
66357028,scotus,No. 89-5041
1113980,ca3,96-7341
663938,ca5,29157_1
1041408,ca9,94-35313
18666180,ca3,20-1262
66429758,scotus,No. 96-7867
964948,ca4,09-7212
64000733,ca2,"No. 297, Docket 23699"
66728451,scotus,No. 19-7920.
65610856,scotus,No. D–2749.
66520682,scotus,No. 04-10404
66283199,scotus,No. 77-987
66267560,scotus,No. 73-1823; No. 73-1824
442606,ca9,96-15133
15987279,ca5,19-40037
66472239,scotus,No. 01-9791
2883707,ca8,99-4176
371351,ca1,73-1358
357995,ca4,93-6515
66392996,scotus,No. D-1183
813159,ca4,87-1627
23281,ca5,08-41329
4417983,ca11,15-15726 Non-Argument Calendar
458115,ca7,83-1848
64286704,ca9,No. 00-10604; D.C. No. CR-95-05197-REC
66460899,scotus,No. D-2162
66095837,ca2,No. 43
66529062,scotus,No. 00-5142
66444132,scotus,No. 98-5483
65616924,scotus,No. 15–5650.
84327,ca5,01-40534
1903511,ca7,"11-1380, 11-1394"
3082288,ca7,15-3875
760269,ca10,78-1220
345636,ca9,92-30298
2889461,ca9,05-74904
63934824,ca9,No. 6225
601094,ca4,95-1112
488616,ca8,81-2225
66324554,scotus,No. 85-5897
68239513,ca9,23-50018
124739,ca4,96-6185
65420551,cadc,21-5108
66335400,scotus,No. 86-836
65722730,ca9,No. 08-10151
193375,ca9,12363
66655599,ca10,Nos. 76-1843 and 76-1853
688506,ca9,25926_1
2125310,ca11,96-6777
64226114,ca9,No. 01-16763; BAP No. NC-00-01510-MaPK
66539844,scotus,No. 01-7267
66504938,scotus,No. 12-5161
63670498,ca9,No. 4946
66353198,scotus,No. 88-6817
14535116,ca10,18-1266
4422816,ca9,13-56844
16682127,ca5,19-30112
66818375,ca10,22-6039
1366177,ca7,81-2071
2875862,ca8,96-2744
119872,ca5,01-30320
6069669,ca10,16-1165
66265131,scotus,No. 73-467
498942,ca8,91-2299
66455525,scotus,No. D-2064
66303887,scotus,No. 81-1081
65646530,ca5,22-50067
65708804,ca9,No. 07-74364
66405368,scotus,No. 92-1791
475398,ca3,82-1568
2354151,ca5,94-41170
1023166,ca3,10-1780
63969045,ca8,No. 11500
361938,ca3,18004
1272646,ca3,97-3588
17163197,ca2,19-1085-cv
588080,ca7,"98-1150, 98-1151"
1094468,ca11,86-5359
199339,scotus,81-5152
65906917,ca9,No. 05-35687
1026023,ca4,07-6901
47195,ca5,98-40348
65300645,scotus,No. 162
1338271,ca11,92-3168
934063,ca4,89-7744
66336911,scotus,No. 86-1921
483544,ca7,78-1593
131904,ca6,12530_1
144576,ca5,88-1618
920041,ca2,12-3880-cr
66477560,scotus,No. D-2348
2448962,ca4,99-6943
89762,ca3,"12-1836, 12-2225, 12-2556"
1697542,ca4,93-7058
65705434,ca4,No. 12-2468
65667492,ca9,No. 02-35485; D.C. No. CV-99-00154-BLG
2023970,ca10,90-6248
1691640,ca11,98-6627
66508402,scotus,No. 11-8384
63969872,ca10,No. 1957
2020973,ca11,97-8165
343124,ca8,92-1934
755234,ca1,74--1140
133618,ca4,87-7754
1337876,ca4,09-7735
1128916,ca4,3185
65674716,cadc,No. 03-5004
6061069,ca9,16-50189
1164469,ca5,99-40155
1114009,ca11,04-16447
66391989,scotus,No. 92-5336
2077150,ca5,09-11057
92778,ca8,05-2374
66277502,scotus,No. 76-5751
66071361,ca7,"No. 1,872"
675256,ca9,06-35759
64333871,scotus,No. 10-1129
499985,ca8,85-1184
1508560,ca4,96-7154
66550467,scotus,No. 96-155
65609504,scotus,No. 13–6652.
65266687,scotus,No. 14M15.
63288768,ca2,20-3317-cv
65698215,ca9,No. 05-16168
66643357,scotus,No. 16–9423.
1596806,ca11,85-3928
63777906,scotus,No. 09-9770
414750,ca10,76-1650
1537414,ca3,06-3190
7556580,ca3,18-2195
2250295,ca8,89-5362
111417,ca11,03-11392
66456539,scotus,No. D-2151
410916,ca8,10-2200
100820,cadc,13794
716448,ca9,03-35333
66231299,ca6,No. 86-1291
783829,ca4,08-8225
7980437,ca5,17-60303
16309601,ca5,19-20054
66437968,scotus,No. 97-5193
2257943,ca5,87-3772
1983364,ca7,"93-2681, 93-2682 and 93-2705"
1122914,scotus,03-5955
717236,ca5,27602
63980570,ca6,No. 9967
65615007,scotus,No. 15–108.
66325704,scotus,No. 10-10170
381816,scotus,03-5106
1904195,ca9,18807
737127,ca8,01-1352
314637,ca1,07-1537
66406550,scotus,No. 93-5509
66391245,scotus,No. 92-107
1365127,ca3,7787
664307,ca5,26134_1
1468445,ca6,84-3163
66431422,scotus,No. D-1779
715999,ca7,04-2651
367199,ca5,92-7545
4561922,ca3,16-1440
66505267,scotus,No. 12-5645
328608,ca4,91-5595
66518633,scotus,No. 02-336
65687246,ca9,No. 03-50376
66458576,scotus,No. 99-9015
59747736,ca3,20-1726
63925836,ca7,No. 3734
2833685,ca6,07-5902
177746,ca7,13-1105
3012494,ca10,14-3031
66505987,scotus,No. 12-5848
65691784,ca9,No. 03-56469
2835047,ca6,08-3679
65611275,scotus,No. 13–8152.
66335597,scotus,No. 85-7216
387360,ca6,81-5737
66085082,ca8,No. 4752
182107,ca11,98-6404
66646581,scotus,No. 17–9031.
1413543,ca2,73-1750_1
66368017,scotus,No. 89-1960
16517089,ca11,19-10917
66757512,ca9,19-16885
66442566,scotus,No. 97-9448
1401011,ca10,96-3092
249522,ca7,85-2536
714189,ca9,22271_1
2455747,scotus,03-10841
66521650,scotus,No. 05-5765
2830983,ca6,"03-2626, 04-1141"
2859859,ca7,07-3875
66225857,scotus,No. 265
770942,ca6,97-5468
65619227,scotus,No. 15–7485.
64283152,ca6,No. 02-5023
66272300,scotus,No. 75-260
1592909,ca5,09-50364
62624071,ca4,21-6861
65663546,ca9,No. 91-35811
1114592,ca5,13-30681
616146,ca6,12095_1
354041,ca4,82-8075
64283223,ca9,No. 01-56382; D.C. No. CV-99-05412-FMC(BQR)
66496662,scotus,No. 04-9679
2129565,ca9,"86-6103, 86-6206"
829023,ca2,96-1069
63953692,ca9,Nos. 7866-7869
1082589,ca9,11-10353
16930806,ca2,18-2183
66235218,scotus,No. 281
66405274,scotus,No. D-1452
1022077,ca4,11-4025
66227005,scotus,No. 496
64339173,scotus,No. 11-7519
1114554,ca5,95-10314
616406,ca1,4879_1
1043229,ca9,94-70034
66345269,scotus,No. 87-107
66446180,scotus,No. 98-272
66378553,scotus,No. 90-8454
942331,ca4,13-7977
441876,scotus,175
64347343,cadc,No. 664
123203,ca7,12-1300
7440996,ca9,15-71549
2478331,ca4,94-7366
1559062,ca9,80-1656
1029258,ca6,93-1637
65296097,scotus,No. 309
66479490,scotus,No. 02-11082
2828291,ca6,02-6168
2819548,ca1,93-1029
66643915,scotus,No. 17–5196.
366103,ca8,71-1154
581799,ca9,10-50560
104163,ca5,03-20102
65908462,ca8,No. 03-4224-ag
1406289,ca11,85-3335
1291855,cadc,97-7112
65291929,scotus,No. 544
3012497,ca10,15-9528
66473000,scotus,No. 02-896
1307437,ca4,77-1732
958736,ca10,98-3170
2835345,ca6,"08-6005, 08-6006"
6257778,ca9,16-55471
66507654,scotus,No. 12-7290
4116673,ca9,14-55539
66105686,ca3,No. 2691
65608877,scotus,No. 13–6335.
62643285,ca2,19-3435
65725197,ca9,No. 06-16342
66422236,scotus,No. 94-8492
64163721,ca9,No. 99-17699; D.C. No. 97-00097-WBS
387033,ca10,10-7025
3052133,ca11,15-14671
66292204,scotus,No. 79-6085
66278884,scotus,No. 76-1272
480163,ca2,22490_1
1485493,ca5,90-3559
2879847,ca8,98-2089
147355,ca6,"10652, 10653"
66192925,ca10,No. 83-1090
506295,ca5,91-1250
369857,scotus,18
642542,ca7,90-3507
59857242,ca4,20-7447
2497401,ca11,06-11427
580184,ca7,10-3893
251348,ca10,99-5186
780567,ca1,83-1250
2826668,ca6,98-4091
79800,ca4,84-6171
63941719,cadc,No. 5301
66216403,scotus,No. 921
66217687,ca7,No. 85-2170
2990157,ca9,13-17241
66421293,scotus,No. 93-1975; No. 93-7659; No. 93-9434; No. 93-9690; No. 94-1046; No. 94-1061; No. 94-1100; No. 94-1132; No. 94-1136; No. 94-1171; No. 94-1199; No. 94-1231; No. 94-6294; No. 94-6785; No. 94-6831; No. 94-7004; No. 94-7089; No. 94-7119; No. 94-7157; No. 94-7178; No. 94-7181; No. 94-7187; No. 94-7188; No. 94-7220; No. 94-7272; No. 94-7292; No. 94-7326; No. 94-7362; No. 94-7465; No. 94-7478; No. 94-7532; No. 94-7536; No. 94-7543; No. 94-7568; No. 94-7685; No. 94-7917
65718441,ca2,No. 08-2603-cr
1161048,ca5,92-5655
64279926,ca9,No. 01-56128; D.C. No. CV-00-01645-TJW
746393,ca5,27002_1
65264547,scotus,No. 94-1304
66268207,scotus,No. 74-416
66243812,scotus,No. 1071
1472119,ca6,92-3035
65887752,ca4,No. 06-6645
1065965,ca11,84-3474
756728,ca7,"76-1148, 76-1309"
2365590,ca9,10-50021
65610946,scotus,No. 13–7582.
689169,ca9,11-72364
64160044,ca6,No. 00-3256
2991295,ca9,12-71487
2440775,ca4,05-6200
65656814,ca4,"Nos. 04-1946, 04-1962"
66371033,scotus,No. 90-790
406717,ca1,04-1824
66111385,cadc,No. 3781
528189,ca6,"06-3542, 06-3712"
63964178,ca10,No. 1576
66242098,ca2,"No. 118, Docket 88-7132"
67263795,ca9,21-50240
66359728,scotus,No. 74
66219586,ca9,"Nos. 84-7669, 85-7088"
499500,ca2,"83, Docket 22805"
66263304,scotus,No. 73-794
65727205,ca9,No. 09-10062
1118743,ca3,05-3765
1381869,ca4,91-6062
64347400,cadc,No. 77
66514948,scotus,No. 02-6081
59966183,ca9,19-72026
65703376,ca5,No. 10-50584
64197988,ca9,No. 00-35403; D.C. No. CV-99-01100-TSZ
65267907,scotus,No. 14–5644.
76871,ca9,14254_1
63943881,ca1,No. 2667
2090358,ca6,74-1672
379777,ca1,94-1067
2489343,ca10,74-1732
969707,ca10,"86-1778, 86-2064"
775898,ca4,73-2525
70333426,ca9,24-1975
635198,ca9,05-72116
66422524,scotus,No. 94-1716; No. 94-8911
617354,ca2,Docket 07-0583-cv
67232855,ca9,22-10258
993772,ca6,88-3981
18464260,ca4,19-1061
13659,ca10,17-3234
37230945,ca7,19-3185
66469894,scotus,No. 01-1356
1555681,ca4,06-1894
66292611,scotus,No. 79-6080
1573640,ca3,91-5823
373698,ca9,21767
811698,ca1,05-9012
456971,ca9,11-50116
1934617,ca7,92-2925
65609470,scotus,No. 12–10941.
441051,ca3,10-2772
66479364,scotus,No. 02-11013
2447569,ca4,88-6514
7920182,ca7,17-3166
66673,ca2,13-1643
596191,ca10,07-8016
68924938,ca8,23-3120
320681,ca2,83-1125
270113,ca5,00-41469
2860380,ca7,08-3621
64166055,ca6,No. 01-1272
2463774,scotus,03-6362
66659055,scotus,No. 18–6157.
66065216,ca3,"No. 1,580"
337466,cadc,04-5051
66414508,scotus,No. 94-5480
66552509,scotus,No. 96-593
66486511,scotus,No. D-2355
4480110,ca5,15-41519
64263957,ca9,No. 01-30397; D.C. No. CR-95-00261-ALH
6325517,ca4,17-7120
985353,ca4,10-7397
66149173,ca2,"No. 420, Docket 28254"
130553,ca9,93-16214
385049,ca9,94-55820
69894208,ca10,24-7009
873331,ca9,97-35688
14745421,ca4,19-6104
65958782,ca4,No. 14-1792
66517974,scotus,No. 01-10399
64998178,cadc,"Nos. 85-6071, 85-6072"
66478674,scotus,No. 02-1827
2892808,ca8,03-2127
182116,ca1,92-2708
61881,ca11,06-15535
65702470,ca4,No. 12-7376
1036981,ca7,93-2973
4619624,ca11,16-13048 Non-Argument Calendar
430977,ca6,83-5271
1332647,ca1,76-1177
204391,ca5,07-30292
64322350,cadc,Case No. 18-cv-01797 (APM)
66730291,ca9,19-15838
2991793,ca3,15-2099
1667427,ca9,95-36179
586100,ca5,74--2544
13944,ca1,17-2136
1507223,scotus,571
2453279,ca11,95-5378
6220184,ca5,16-51222 Summary Calendar
66235234,scotus,No. 6
9403,ca11,19-13074
63975888,ca3,No. 8073
596871,ca10,4289_1
2890948,ca9,04-15466
505329,ca10,88-2578
66335934,scotus,No. 86-6565
2159340,scotus,01-10324
18686123,ca6,20-3175
14868378,ca6,18-3029
66187463,ca2,"No. 758, Docket 78-6176"
2398358,ca4,04-7814
229644,ca1,12037_1
1173756,scotus,82-1666
66027804,ca6,No. 896
2916013,ca11,11-13430
1634358,ca5,99-50633
4423199,ca9,15-10533
66720357,scotus,No. 18–7759.
61757606,ca3,20-2031
7902032,ca9,15-71132
59913718,ca5,20-50347
223991,ca9,"82-4631, 82-4632"
653151,ca9,13519
758843,ca9,71-2160
66339549,scotus,No. 87-550
66231045,scotus,No. 880
701088,ca5,71-1114
110049,ca5,10-40569
66462954,scotus,No. 00-8699
64102360,ca2,No. 00-6045
766365,ca2,"519, Docket 72-2028"
63408510,ca9,21-1247
2860391,ca7,07-1129
65301479,scotus,No. 470
1517317,ca11,86-7226
66554926,scotus,No. 83-5285
66421584,scotus,No. 94-8609
1325545,ca6,79-3288
1293139,cadc,06-5134
53421,ca5,02-41652
59173,ca7,01-2250
66535397,scotus,No. 01-6158
556266,ca6,91-3300
2644681,ca5,14-10657
63737999,ca3,No. 3176
303914,ca4,87-2652
1177848,ca5,03-10337
66874848,ca4,21-4166
930472,ca1,76-1529
4116215,ca9,15-10341
640293,ca4,04-4734
2470042,ca8,16435_1
139415,ca7,09-2708
1976988,ca5,93-7630
886654,ca3,93-7534
630872,cadc,76-2065
2879489,ca3,06-1498
16890809,ca11,19-14329
65281028,scotus,No. 829
66204320,scotus,No. 31
2593352,ca8,14-1146
66285754,scotus,No. 78-5116
68029925,ca9,23-366
512607,ca8,14981_1
66498282,scotus,No. 09-1100
68814047,ca11,24-11312
328434,ca10,6040_1
688160,ca2,1004
66397554,scotus,No. 92-7112
2462809,ca4,12-6142
2301296,ca4,84-1218
216512,ca4,08-7217
545800,ca2,75-2038
65404705,cadc,22-5169
16251552,ca3,19-3086
6066153,ca4,16-7011
2081334,ca9,86-3973
65722777,ca9,No. 08-30150
66094628,ca7,No. 2648
730111,ca9,71-2764
1580709,scotus,923
66279090,scotus,No. 76-6093
2353142,ca8,94-2919
64335638,scotus,No. 10-10795
451887,ca6,76-1819
852927,ca4,95-1201
151033,ca5,04-10364
16679754,ca4,19-4127
616215,ca6,12103_1
66372974,scotus,No. 90-838
65895869,ca4,No. 06-7209
340673,ca4,92-5535
2890786,ca8,03-2332
69450356,ca5,24-40792
760072,ca5,72-1374
1560574,ca4,06-6468
2866953,ca3,93-5559
592330,ca2,11-3311 11-3725
2877031,ca8,97-1813
26410,ca11,13-12002
1034235,ca11,92-6910
877815,ca2,"10-3642 (L), 11-1511 (Con)"
18694,ca5,91-7072
4576934,ca5,15-20662
4669853,ca8,"16-1450, 16-1682"
551520,ca8,09-1657
2887201,ca8,"01-3181, 02-1016"
870653,ca9,97-15558
66427325,scotus,No. 95-8597
65689148,ca4,No. 10-7224
66345204,scotus,No. 87-7040
1507466,scotus,166
802941,ca8,90-2138
66265504,ca10,No. 88-2251
237701,ca11,98-2580
1167593,ca11,95-5491
1113747,ca4,13-6762
66517538,scotus,No. 02-8253
1257552,ca2,92-1562
66342718,scotus,No. 87-6401
65284614,scotus,No. 699
66234635,ca4,"Nos. 87-3824, 87-3825"
64002756,cadc,No. 13538
66417422,scotus,No. 94-6987
1100241,ca4,"01-4453, 01-4454"
2858339,ca7,05-2946
66426959,scotus,No. 95-8224
644011,ca10,03-2208
344423,ca2,21605_1
2340157,ca5,83-1001
2920586,ca11,09-13833
593110,ca10,"10-6056, 10-6057"
66375072,scotus,No. 90-7552
896177,ca2,11-4714-cr
66537180,scotus,No. 00-10051
1680847,ca11,09-13156
1381971,scotus,226
1097915,ca4,99-7006
64286407,ca6,"Nos. 02-3029, 02-3470, 02-3545, 02-3549"
66374467,scotus,No. 90-7437
66524702,scotus,No. 05-467
66376966,scotus,No. 90-8211
69660410,ca11,23-10620
66511628,scotus,No. 11-6079
64333731,scotus,No. 10-9612
65609972,scotus,No. 13–7004.
1552233,ca2,94-1616
66493513,scotus,No. 04-8700
1018340,ca4,84-6537
284094,ca5,03-21061
63971825,ca6,No. 8343
66456221,scotus,No. 99-7349
65873024,scotus,44084
1457451,cadc,76-1374
879381,ca3,12-2418
65962683,ca4,No. 16-1625
66314482,scotus,No. 83-6406
1234390,ca4,75-1717
395528,ca11,96-5491
66370406,scotus,No. 90-408; No. 90-577; No. 90-711; No. 90-712; No. 90-749; No. 90-871
972662,ca1,86-1102
65891442,ca9,No. 04-75087
379004,ca4,01-2366
63923664,ca4,No. 2461
16926194,ca10,19-9535
2482974,ca10,6502
63776086,scotus,No. 09-9335
993212,ca4,72-1804
66336612,scotus,No. 86-1590
579801,ca3,12-1825
1148259,ca8,89-2832
6128922,ca4,17-1163
1169491,ca10,11-6095
65283706,scotus,No. 835
2886369,ca8,01-1478
67481103,ca9,22-35380
66337702,scotus,No. 87-143
637081,ca7,82-1472
728438,ca9,04-10363
1332462,ca10,13-2152
66553628,scotus,No. 96-7259
65673898,ca6,No. 02-5844
3037498,ca9,"12-74066, 13-71511"
871088,ca5,92-3223
69840183,ca7,24-2000
1047933,ca11,94-2468
64349415,cadc,No. 2497
1305971,ca5,87-3063
66486168,scotus,No. 02-1649
396316,ca5,78-5682
65291342,scotus,No. 856
2855376,ca7,04-2925
1837267,ca9,94-15321
65740057,cadc,22-7033
2883310,ca3,06-2067
65607177,scotus,No. 13–90.
66516055,scotus,No. 02-605
2855818,ca7,04-4316
2894001,ca8,04-2058
65911294,ca2,No. 06-4939-ag
951018,ca9,96-35583
65890222,ca9,No. 05-50812
356391,scotus,03-9683
1961036,ca3,00-2230
1423711,ca5,89-4537
2654998,ca9,"13-17530, 14-15126"
66203158,scotus,No. 625
69805279,ca9,23-2472
1133558,ca9,77-1280
2037027,ca11,"97-8899, 97-8914"
3070306,ca11,16-10093
66032884,ca2,No. 63
65693644,ca7,No. 10-3983
67874815,ca4,22-7351
66406863,scotus,No. 93-5869
1437673,ca3,77-2207
2392140,ca9,82-7637
62992034,ca5,20-30184
2862791,ca11,12-16188
64335339,scotus,No. 10-9512
66469486,scotus,No. 01-9875 (01A817)
1145079,ca8,85-1518
216970,ca5,02-60245
469494,ca10,08-4067
18458697,ca9,19-71823
2154354,ca8,85-2293
2390830,ca5,96-40071
160144,ca1,01-2060
1330909,ca4,11-6539
66408351,scotus,No. 93-6967
66216684,ca7,"Nos. 85-1449, 85-1745"
2036797,ca11,90-5940
66207705,scotus,No. 801
66353189,scotus,No. 88-6750
6221640,ca5,16-11601
380362,ca5,13-40472
1395024,ca6,80-1030
2309461,ca3,10-4058
64336256,scotus,No. 11-5158
221581,ca9,97-70236
8119716,ca6,17-4222
818205,ca10,06-6046
66164525,ca6,"Nos. 20309, 20310 and 20311"
776934,ca4,82-1241
66383257,scotus,No. 91-6507
2922961,ca9,06-35890
65926435,ca9,"Nos. 07-15009, 07-16645"
66271320,scotus,No. 75-120
65269724,scotus,No. 14–7878.
65669883,ca2,No. 00-4156
68335883,ca6,24-3206
66253365,scotus,No. 71-5759
66534864,scotus,No. 99-5789
83159,ca5,12-70036
846001,ca2,11-563-cv
66341365,scotus,No. 87-1181
348845,ca9,17575_1
2492173,ca11,96-3679
65958458,ca4,No. 14-1556
538387,ca9,92-36972
2889950,ca8,02-2764
1421954,ca5,88-4648
66177661,ca10,No. 75-1613
541167,ca4,"90-2013, 90-2018"
64065581,ca4,No. 98-1558
66418024,scotus,No. 94-7086
66198822,ca7,No. 83-1795
65961169,ca2,No. 15-595-bk
66828372,scotus,22-5364
66061663,ca6,"No. 2,104"
2820402,ca1,94-1708
65713424,ca4,No. 08-6927
511842,ca8,90-1254
63953871,ca10,No. 1168
110712,ca5,12-40172
66298043,scotus,No. D-226
904353,ca4,96-4699
2872489,ca3,05-2585
65610510,scotus,No. 13–7356.
66399189,scotus,No. 92-747; No. 92-6256; No. 92-6869; No. 92-6943; No. 92-7027; No. 92-7115; No. 92-7175
66222666,scotus,No. 233
2446710,ca3,88-5926
66521581,scotus,No. 05-5630
1087203,ca6,86-1050
337408,ca5,04-10878
561041,ca7,"83-2958, 84-1269"
66379337,scotus,No. 91-5199
65734244,ca5,No. 09-50500
66153298,ca5,No. 21448
64327125,scotus,No. 10-5204
66402166,scotus,No. 92-1713
66363352,scotus,No. 89-6940
66344260,scotus,No. 87-6643
64008149,ca2,"No. 96, Docket 25709"
65278659,scotus,No. 33
439717,scotus,02-8986
2337131,ca4,74-2109
66325948,scotus,No. A-599 (85-1455)
17313725,ca11,18-11633
2485413,ca11,87-5643
66544281,scotus,No. 95-7242
14993011,ca9,17-73402
880312,ca9,91-36222
695984,ca6,16483
66426364,scotus,No. 95-7588
2445706,cadc,13530_1
1133951,ca4,85-7071
66142398,ca8,No. 978
534086,ca10,09-1462
65297267,scotus,No. 138
67387510,ca4,23-1528
682810,ca4,09-1296
306427,scotus,02-1359
66351723,scotus,No. 88-905
65281063,scotus,No. 907
1800381,ca4,05-7082
63985253,ca9,No. 11450
2872962,ca3,04-9002
66409381,scotus,No. 93-798; No. 93-6255; No. 93-6652
66220207,scotus,"No. 399, Misc."
16233234,ca5,19-70017
419483,scotus,147
50991,ca11,03-14853
1456212,ca4,03-7116
2252371,scotus,01-7766
66460936,scotus,No. 99-901
66136176,ca5,No. 432
218605,ca5,06-10504
64338760,scotus,No. 10-11188
2391014,ca11,89-7899
65946869,ca2,No. 07-0260-cv
40784,ca2,86-2429
1408436,ca6,85-5168
66131199,ca7,No. 107
459398,scotus,04-9923
2472267,ca4,08-1075
65517211,scotus,No. 15-6175
66331634,scotus,No. 86-5650
65715422,ca2,No. 07-4812-ag
65725382,ca2,No. 08-2277-ag
64454830,ca4,20-2373
1434387,ca9,84-1630
66247357,scotus,No. 254
204714,ca2,24466
1243358,scotus,886
68363062,ca3,23-3005
66451296,scotus,No. 98-8199
414506,ca1,01-1807
66376201,scotus,No. 90-1650
6328440,ca5,17-60255
2894172,ca8,03-3620
65288205,scotus,No. 353
2608721,ca11,13-14956
1980745,ca4,12-1570
4557365,ca9,14-17569
66551924,scotus,No. 96-6717 (A-359)
65608360,scotus,No. 13–6378.
68039524,ca9,23-55202
357984,ca3,16632_1
6336183,ca11,17-14234
66720266,scotus,No. 18–450.
66453359,scotus,No. 98-8483
66303284,scotus,No. 81-5567
63932691,cadc,No. 4957
66468725,scotus,No. 01-8331
64472576,scotus,No. 90-1393
867914,ca10,05-6404
66651029,ca9,No. 454
66480093,scotus,No. 03-32
8447733,ca3,17-3525
66306245,scotus,No. D-277
2808314,ca9,12-56854
63973571,ca9,No. 9692
315584,ca5,04-10946
65283815,scotus,No. 400
111608,ca8,578
2922570,ca9,08-50126
63938125,cadc,No. 5148
442253,ca8,97-4333
3026507,ca7,15-3667
6324170,ca8,16-4141
65002327,cadc,"Nos. 84-5530, 84-5659, 84-5822 and 85-5145"
2119366,ca11,92-4064
122509,ca9,92-15012
552528,ca9,08-74454
66282715,scotus,No. 77-804
2301382,cadc,71-1707
70499221,ca3,24-2802
66320080,scotus,No. 84-6356
65906775,ca9,No. 05-50415
66153888,ca8,No. 17956
738466,ca8,00-3954
1693136,ca3,95-1804
1113447,ca9,86-4233
2240461,ca9,79-3605
65669915,ca6,No. 03-3307
203340,ca11,00-15885
851201,ca9,95-55091
1503622,ca9,84-4068
68014360,ca8,23-1242
2674032,ca3,14-3691
66339775,scotus,No. 86-7109
66399024,scotus,No. 92-6593
65686538,ca5,No. 05-50062
877410,ca6,11-6008
69646432,ca5,24-10569
1897592,ca11,93-8502
67222580,ca6,22-5275
65918162,ca6,No. 03-6566
67907153,ca7,23-1530
2868751,ca3,99-5827
2639741,ca7,13-3670
66477982,scotus,No. 02-1578
65618174,scotus,No. 15–5478.
6310350,ca9,16-35191
612457,ca7,91-1044
578225,ca10,85-2093
66393983,scotus,No. 92-6184
285495,cadc,80-1400
65619818,scotus,No. 15–7570.
65739129,ca2,18-1172
200470,scotus,93-590
63778653,scotus,No. 09-7923
187471,ca5,21676
4113195,ca7,15-3101
528778,ca10,92-3365
74764,ca10,89-1053
65895043,ca9,No. 05-75608
14773153,ca5,18-10679
65268426,scotus,No. 14–6793.
2451879,ca4,07-6218
65669706,ca6,No. 00-1876
66049665,ca8,"No. 2,652"
65609658,scotus,No. 12–10065.
1090310,ca3,12-3128
66730185,ca9,20-72138
1217489,ca5,05-51325
64023410,ca4,No. 95-2434
66213873,ca2,"No. 381, Docket No. 84-2194"
66379507,scotus,No. 91-5309
64067328,ca9,No. 98-35270
98392,ca10,"94-8056, 94-8057"
64023976,ca7,No. 95-2002
6080409,scotus,15–214.
66213183,scotus,No. 599
59298834,ca11,20-10565
288835,ca5,01-41375
2991570,ca5,14-11240
66432521,scotus,No. 96-1206
65712363,ca2,No. 07-5596-cv
65690048,ca2,No. 04-3209-CR
2830133,ca6,03-4578
66424893,scotus,No. 94-7980
69651524,ca10,24-3134
64004544,ca2,"No. 274, Docket 24932"
1034153,ca5,92-3721
2884310,ca3,05-5454
164446,ca7,"10-3413, 12-2123"
1360915,ca5,90-3918
184765,ca5,85-1548
66458732,scotus,No. 99-1283
66445164,scotus,No. 98-5695
63979170,ca1,No. 3992
65273141,scotus,No. 13–1496.
63931287,ca2,No. 363
368107,ca9,26833
65676247,ca9,No. 02-73941
2493259,ca9,95-50263
320104,ca7,82-2951
200972,ca11,04-12264; D.C. Docket 02-00016-CR-CAR-7
831283,ca9,89-16405
357127,ca2,11-690-ag
65660440,ca2,Docket No. 13-1158-CR
48662,ca5,96-60816
3050634,ca5,15-60249
64996405,cadc,"Nos. 84-1510, 85-1692"
65725723,ca9,No. 07-73333
1489809,ca5,92-4860
177629,ca2,27673_1
463323,ca5,81-4515
16566884,ca8,18-3525
2853273,ca7,01-3957
65655535,ca2,"Docket No. 02-7792(L), 02-7818(XAP)"
2638168,ca6,14-3285
134296,ca5,09-50651
363381,ca5,82-2012
1991233,ca5,92-3529
8473973,ca1,18-1066P
66506327,scotus,No. 11-1285
2434541,ca2,92-7437
66464853,scotus,No. 00-1520
751712,ca7,11-2676
65892351,ca2,No. 06-1520-ag
2883291,ca8,00-1692
26889604,ca11,18-11627
82702,ca5,12-51062
64939100,ca9,17-72239
2108724,ca5,95-10312
65699375,ca8,No. 05-1601
1006150,ca2,1534
475933,scotus,94
1604585,ca4,06-7770
1253446,ca2,81-4085
66281109,scotus,No. 77-5076
16300437,ca9,17-17318
66278947,ca8,No. 91-3411
16801100,ca2,18-770
1124300,ca8,10-2058
65885922,ca9,No. 04-73114
6066226,ca9,15-73525
201311,ca4,09-7866
116812,ca9,08-16611
1996190,ca5,99-20479
65286729,scotus,No. 248
66553702,scotus,No. 96-7429
66314565,scotus,No. 83-1780
180977,ca11,98-4230
1103677,ca6,80-3203
2405644,ca4,00-7278
66442326,scotus,No. 97-9297
66538636,scotus,No. 01-5905
66257608,scotus,No. 72-711
1051822,ca4,94-2488
3071673,ca5,15-30739
69283988,ca9,23-2641
66512828,scotus,No. 11-7840
220903,ca1,98-1038
2477237,scotus,02-10623
2020217,ca5,92-5508
1391195,ca5,954
65288817,scotus,No. 221
2492726,ca4,95-7889
63988570,ca6,No. 10583
2881163,ca3,04-4514
665088,ca6,07-2213
1328371,ca4,91-6677
2455912,ca9,71-2835
65732552,ca4,No. 09-8046
65955145,ca9,No. 06-10732
202277,ca9,"75-3099, 75-3100"
1472373,ca8,81-1046
770537,ca11,81-6118
66217162,scotus,No. 46
65659225,ca9,"Nos. 08-80090, 03-57038"
1053545,ca4,86-6803
477946,ca10,77-1875
66297970,scotus,No. 80-1245
1685756,ca3,97-3157
792466,ca1,98-1795
65894858,ca2,No. 06-5033-ag
93716,ca5,90-5575
271003,scotus,02-5236
67710532,ca5,23-30522
60128,ca5,74-4075
511096,ca9,92-50455
63958813,ca9,No. 8096
821111,ca6,88-3934
1103439,ca5,01-30958
65682832,ca9,No. 04-30282; D.C. No. CR-99-02007-FVS
1107354,ca5,71-1150
66651060,ca8,"No. 1,123"
63943105,ca6,No. 6046
2875900,ca8,"96-2692, 96-3130"
2884011,ca8,00-1787
294392,ca4,13-7791
791692,ca4,84-5310
93930,ca5,99-11405
1175078,ca8,16541
667073,ca2,"1031, Docket 71-1392"
66531100,scotus,No. 99-6518
4562995,ca7,15-3495
15667458,ca5,18-40370
66643347,scotus,No. 16–1434.
66220751,ca9,No. 84-2584
66500042,scotus,No. 09-11327
66258745,ca2,"Nos. 1589, 1632, Dockets 90-7338, 90-7372"
242627,ca3,12688_1
955790,ca5,82-3563
66352555,scotus,No. 88-1341
2257209,ca7,77-1793
761084,ca8,96-3831
1400839,ca4,98-6047
401942,ca7,96-1954
290882,ca3,12596_1
3067703,ca7,15-2997
4557177,ca4,16-7193
64157034,ca9,No. 00-16363; D.C. No. CV-99-01559-SI
932713,ca9,75-3376
64019510,ca2,"No. 1144, Docket 94-9088"
298359,ca5,18228
763187,ca9,80-1568
65616031,scotus,No. 15–73.
760217,ca3,78-1956
2497332,ca5,02-40842
415480,ca4,09-7423
16607056,ca2,18-2040 (L)
1249749,ca5,10-11139
63928900,ca8,No. 7757
1096038,ca7,93-3401
66469055,scotus,No. 01-9033
252774,ca9,93-15767
66307867,scotus,No. 82-5091
838704,ca9,91-30337
66199026,scotus,No. 25
479498,scotus,99-1132
6162888,ca4,17-4192
2839089,ca6,12-3436
1988507,ca5,97-20566
66448608,scotus,No. 98-5816
66370194,scotus,No. 89-1373
66645099,ca4,22-1796
2835547,ca6,07-6260
66253277,scotus,No. 71-5633
66356830,scotus,No. 89-105
2906733,ca9,05-56341
2822012,ca1,96-2011
763166,ca8,80-1254
66256054,scotus,No. 71-6674
66361811,scotus,No. D-874
360729,ca7,17082_1
66256932,scotus,No. 72-316
66392574,scotus,No. 92-291
208535,ca11,08-17149
272297,ca7,87-2366
66297680,scotus,No. 80-782
66549220,scotus,No. 03-10445; No. 03-10447; No. 03-10509; No. 03-10995; No. 04-447; No. 04-638; No. 04-5244; No. 04-5755; No. 04-5794; No. 04-5866; No. 04-5951; No. 04-6008; No. 04-6070; No. 04-6168; No. 04-6208; No. 04-6241; No. 04-6246; No. 04-6253; No. 04-6349; No. 04-6376; No. 04-6388; No. 04-6403; No. 04-6405; No. 04-6416; No. 04-6579; No. 04-6697; No. 04-6721; No. 04-6727; No. 04-6731; No. 04-6775; No. 04-6776; No. 04-6777; No. 04-6821; No. 04-6869; No. 04-6916; No. 04-6973; No. 04-7019; No. 04-7052; No. 04-7086; No. 04-7251; No. 04-7272; No. 04-7325; No. 04-7375; No. 04-7425; No. 04-7730; No. 04-7786
521213,ca3,05-4571
65882968,ca1,No. 01-1390
65277019,scotus,No. 638
860941,ca4,10-6289
2431367,ca3,814
65677753,ca6,No. 03-1053
323697,scotus,81-1756
1253532,ca8,91-1872
462171,ca10,01-8065
264982,cadc,13319_1
743308,ca9,01-70787
2582250,scotus,155
1420419,ca11,08-11176
2221096,ca5,95-10670
1033357,ca5,99-31312
1219597,scotus,06-427
74317,ca4,7072
531528,ca9,10-35672
16797272,ca10,18-3173
2620792,ca11,14-11053
961301,ca7,02-2312
66222309,ca2,"Nos. 346, 411, Dockets 86-7604, 86-7650"
66516417,scotus,No. 02-7537
64335094,scotus,No. 09-10755
242576,ca10,96-2240
1326933,ca11,85-3641
69446061,ca11,22-12971
65912869,ca2,No. 06-4698-cv
65299462,scotus,No. 961
788025,ca10,02-3388
66329248,scotus,No. 11-9579
173676,ca5,14058_1
66247525,scotus,No. 5162
2449682,ca4,89-6561
442591,ca2,30984_1
2018307,ca4,04-2398
533707,ca6,10-3508
1092896,ca4,95-4016
64350225,cadc,No. 3135
66373031,scotus,No. 90-1012
66379231,scotus,No. 91-5131
6980,ca10,19-702
66502189,scotus,No. 10-7481
740955,cadc,"01-5449, 01-5450, 03-5065 and 03-5066"
66454763,scotus,No. 98-9320
66526926,scotus,No. 00-716
3015973,ca2,13-3147
59242104,ca3,20-1804
59918213,ca11,20-13376
2117303,ca5,82-2443
789308,ca10,04-1181
1908391,ca11,95-6673
848018,ca9,93-30371
19444,ca11,96-2364
2835299,ca6,08-1060
341967,cadc,10241_1
66250247,scotus,No. 1468
65291470,scotus,No. 785
64231236,ca10,No. 01-2323
4562185,ca3,16-2276
66837163,cadc,22-3011
127879,ca9,14860
970989,ca6,85-3390
1146255,ca4,99-767
1066898,ca5,10-60559
63988949,ca10,No. 3497
4485859,ca9,14-56688
65007969,cadc,"Nos. 03-1380, 03-1381, 03-1383, 03-1390, 03-1402, 03-1453, 03-1454, 04-1029, 04-1035, 04-1064, 05-1234, 05-1287"
65299490,scotus,No. 1210
66358473,scotus,No. 89-5717
66329504,scotus,No. 11-10303
69396806,ca5,24-10673
17242748,ca9,19-50154
66327759,scotus,No. 11-8958
1341242,ca7,75-1917
64104490,ca9,No. 99-35757
65715246,ca9,No. 06-74461
66153497,cadc,No. 18942
66254059,ca5,No. 88-1873
782448,ca6,94-5035
65718289,ca9,No. 07-36089
1638231,ca7,8424
337110,ca8,10-3005
66377826,scotus,No. 90-7790
2852180,ca7,98-3481
66408595,scotus,No. 93-6873
744294,ca6,15992_1
650313,ca6,"12-1406, 12-1407"
66512032,scotus,No. 11-7261
66724267,scotus,No. 19-5158
1141010,ca9,78-1635
2651854,ca11,13-13469
134875,scotus,07-455
66234335,scotus,No. 1313
18725172,ca7,20-1391
63930781,ca7,No. 4010
381017,scotus,02-5405
590820,ca1,6099_1
292544,ca6,89-5334
194419,ca11,07-10041
66535313,scotus,No. 99-6283
1587260,ca9,81-5556
65628353,scotus,No. 16–8377.
139358,cadc,12735
65610554,scotus,No. 13–7732.
523126,ca6,91-2234
65215,ca3,78-1193
1003932,ca1,90-1151
1717587,ca4,89-1728
754461,ca9,95-56581
15826724,ca7,18-2986
65621646,scotus,No. 15–8755.
930395,ca2,"105, Docket 76-4112"
89928,ca10,98-8072
750604,ca8,78-1541
822208,ca9,88-5263
4725,ca7,18-1287
1033684,ca10,92-1378
65299038,scotus,"No. 109, Misc.; No. 115, Misc."
845665,ca5,10-41332
66724329,scotus,No. 19-5701
17038781,ca1,18-1412E
63952285,ca6,No. 6561
66534090,scotus,No. 99-6240
65732861,ca4,No. 08-1644
64282020,ca7,"Nos. 01-4034, 01-4195"
2217875,ca1,73-1240
15704275,cadc,16-1158
2852515,ca7,01-1172
351977,ca8,93-3344
65683256,ca9,No. 04-16298; D.C. No. CV-03-6807-AWI(DLB)
1855207,scotus,93-6604
6340931,ca6,17-3672
66451094,scotus,No. 98-7736
66517331,scotus,No. 02-8329
2118145,cadc,11-5194
742171,ca9,02-10049
66182075,ca8,No. 74-1387
2905074,ca8,08-3088
64329463,scotus,No. 10-139
2189774,ca3,83-5640
928947,ca5,74-3428
1454462,ca4,84-6134
1904638,ca9,10-35085
16570598,ca5,19-30483
63940233,ca4,No. 3243
644805,ca1,4581
1018146,ca9,"06-35465, 06-35531"
66373059,scotus,No. 90-1158
1417659,ca4,80-6301
1188628,ca11,81-5234
74556,ca2,11-2103-cv
434668,ca4,11-6280
66344209,scotus,No. 87-1021
984763,ca6,87-3953
497640,ca5,84-2473
351271,ca7,93-2856
66505813,scotus,No. 12-5733
64984643,cadc,"Nos. 73-1553, 73-1708 and 73-1852"
8449717,ca7,18-1005
2920524,ca11,09-13482
66376462,scotus,No. 90-1675
1738258,scotus,01-9957
1381825,ca3,93-5354
190528,ca5,04-30923
3034060,ca1,15-1522P
67481185,ca5,22-11192
218540,ca10,96-2163
68121387,ca11,23-11201
66290851,scotus,No. 78-6153
66322282,scotus,No. 85-45
66346015,scotus,No. 87-1910
66296618,scotus,No. 80-431
441897,scotus,150
66357735,scotus,No. 89-5178
66511066,scotus,No. 11-5568
65287582,scotus,No. 88
204044,ca9,12-35954
285740,scotus,07-6309
66367903,scotus,No. 90-5427
701713,ca7,98-3481
7601315,ca9,17-10161
296533,ca5,02-60301
2353793,ca3,84-1494
159497,ca2,94-2147
990636,ca9,7572
14210,cadc,13-1222
1453333,ca11,14-11041
160604,ca3,82-3146
212131,ca10,5549
1464186,scotus,78-1014
1024290,ca9,10-35689
2920510,ca11,09-14283
64279625,ca7,No. 01-2986
326607,ca11,12-14975
66246072,ca8,No. 88-5141
1543355,ca1,07-2762
6087456,ca4,17-6168
2860011,ca7,08-2579
65953729,ca9,No. 06-72061
2350852,ca6,78-3122
605387,ca9,01-50610
603177,ca5,"05-41084, 05-41095"
66068325,ca8,"No. 3,653"
1355198,ca9,76-2223
66333633,scotus,No. 86-6333
818304,ca6,86-3143
64280234,ca2,Docket No. 01-1319
65629627,scotus,No. 16–975.
65618952,scotus,No. 15–170.
2392139,ca3,93-5291
6135772,ca2,Docket 16-3140-cv
336809,ca2,2001
66461489,scotus,No. 00-1204
16939720,ca9,18-16620
499411,ca11,11-11955
2471424,ca5,80-3204
66481445,scotus,No. 03-5691
65718198,ca9,No. 07-55476
551102,ca7,94-2420
906203,ca4,98-7532
61619883,ca9,20-73201
2755299,ca7,15-1189
581666,ca10,11-5021
993616,ca1,89-1182
17083308,ca9,18-17061
721612,ca2,1999
66187043,ca2,"No. 600, Docket 78-2106"
2921513,ca11,08-12243
676189,ca4,13514
300142,ca6,14177_1
66300888,scotus,No. 80-6572
67533275,ca4,23-1632
66448702,scotus,No. 98-6920
3091628,ca6,15-3982
218256,scotus,A-721 (85-6557)
2861761,ca7,11-1434
65963630,ca5,No. 15-11220 Summary Calendar
65620812,scotus,No. 15–8267.
2117457,ca4,00-7553
65515866,scotus,No. 97-1030
63948120,ca5,No. 7135
65674219,ca2,No. 03-7098
65614662,scotus,No. 14–215.
66250202,scotus,No. 6979; No. 7034
66324373,scotus,No. 85-549
2342977,scotus,04-7676
65669258,ca6,No. 01-5255
64157565,ca9,No. 99-55415; D.C. No. CV-98-01824-AHM
337470,ca5,97-30452
65893381,ca10,No. 06-6072
684581,cadc,18493_1
65279613,scotus,No. 188
66480581,scotus,No. 03-5158
63996884,ca5,No. 13577
716111,ca5,28465_1
65269134,scotus,No. 14–7134.
6134891,ca5,16-70018
66526384,scotus,No. 00-6631
765483,ca7,72-1131
2903859,ca11,11-10033
63738353,ca8,No. 6589
1087997,ca11,86-8304
3032789,ca7,15-2118
1603493,ca9,05-70324
68803829,ca7,23-2841
2224945,ca5,95-40725
2491061,ca7,93-3519
66358235,scotus,No. 89-375
916459,ca4,08-6660
66399234,scotus,No. 92-320
2460550,cadc,14438
66481879,scotus,No. 02-1565; No. 02-9500; No. 02-9578; No. 02-9687; No. 02-9708; No. 02-10190; No. 02-10290; No. 02-10426; No. 02-10461; No. 02-10507; No. 02-10576; No. 02-10765
66459153,scotus,No. 99-8825
63231868,ca7,20-3221
239056,ca11,02-13084
65284273,scotus,No. 656
65675285,ca5,No. 03-11128
625128,ca4,98-2102
1887961,ca8,10-1983
444328,scotus,04-434
878264,ca9,11-15060
1236600,ca9,04-36094
66352772,scotus,No. 88-1191
68841763,ca5,23-20484
798263,ca1,93-1437
1781286,ca11,06-15161
65965550,ca5,No. 16-51320 Summary Calendar
383644,ca3,83-3548
959992,ca1,05-1722
1039252,ca9,"91-70380, 91-70381"
64287948,ca9,No. 02-15281; D.C. No. CV-99-06324-REC
1212829,ca5,06-51646
65290209,scotus,No. 76; No. 77
1024828,ca5,11-10836
911657,ca4,09-4001
66217550,scotus,No. 174
2232363,ca3,11688
1298630,cadc,75-1921
65616734,scotus,No. 15–5596.
64338300,scotus,No. 11-6991
629571,ca6,74-2325
2687220,cadc,"14-1194, 14-5242"
2621194,ca4,14-4531
66726472,scotus,No. 19-582
66329344,scotus,No. 11-836
66298456,scotus,No. 80-5910
65953053,ca9,No. 08-70420
66234202,scotus,No. 1507
64156030,ca9,No. 00-35830; D.C. No. CV-99-01354-HJF
1786902,ca5,92-2681
2883369,ca8,00-1745
1987360,ca5,97-60517
397892,ca7,12-2255
75131,ca5,12-10775
1686336,ca5,10-50321
2686670,ca1,14-2347
769208,ca5,81-1309
3080351,ca9,15-70580
66388893,scotus,No. 91-1762
1508031,scotus,70-5075
2496231,ca4,88-6833
975538,ca2,73-1347
66499458,scotus,No. 10-5236
2451824,ca4,06-8019
65893591,ca2,No. 04-2324-ag
1012696,ca8,91-2715
66270391,ca7,"Nos. 90-2392, 90-2330 and 90-2391"
1144074,cadc,81-2081
786449,ca1,26321
66088159,ca8,No. 4892
3088934,ca4,16-6541
65619041,scotus,No. 15–717.
250159,ca6,85-3385
1641792,ca5,03-30482
61471127,ca5,20-40565
66453846,scotus,No. 98-9027
66167300,ca5,No. 71-1699
66299337,scotus,No. 80-6513
1557088,ca4,01-4410
63960855,ca2,No. 312
2086253,ca5,76-3419
1987480,ca5,92-1872
1350576,ca4,03-7163
582587,ca10,"7435, 7436"
2084778,ca2,26607_1
53897,ca9,12-72230
1930117,scotus,03-10408
66260953,scotus,No. 72-6788
66426954,scotus,No. 95-8138
6324207,ca3,16-4193
66507194,scotus,No. 12-6665
66303427,scotus,No. 81-5814
65268589,scotus,No. 14–6862.
64281478,ca9,No. 01-50486
66222127,scotus,"No. 1294, Misc."
63970271,ca5,No. 9220
66407253,scotus,No. D-1322
66425650,scotus,No. 95-8220
2182652,ca8,90-2150
66533646,scotus,No. 99-982
66246022,scotus,No. 1533
66437875,scotus,No. 97-5078
1654315,ca8,90-1312
80135,ca5,13-50663
66064484,ca5,"No. 2,338"
66463463,scotus,No. 00-9110
66401831,scotus,No. 92-1719
1128910,ca6,5799
40286,ca5,98-41229
950684,ca9,79-4796
66152705,ca3,"Nos. 15405, 15406"
2265432,ca4,79-8167
66748769,ca4,22-6891
19169,ca5,98-50915
66683062,ca11,22-13958
477644,ca2,"1303, Docket 83-7098"
1220834,scotus,93-6091
66545766,scotus,No. 03-10737
1021867,ca2,10-3278
66103720,ca9,No. 3637
65667528,ca9,No. 02-17315; D.C. No. CV-02-00361-DAE
66447916,scotus,No. 98-6691
2839130,ca6,12-4172
2831366,ca6,05-6258
426803,ca5,10-50958
68910093,ca3,23-2562
64347607,cadc,Nos. 825 and 827
1639724,ca11,96-6278
65886023,ca2,No. 04-2361-ag
66466189,scotus,No. 00-1663
2857562,ca7,06-2707
64023147,ca10,"Nos. 93-3300, 93-3302, and 93-3303"
1619521,ca5,09-20213
64286329,ca9,"Nos. 01-35685, 01-35753; D.C. Nos. CV-99-01524-HU, CV-99-01628-HU"
123282,ca9,84-4173
1486202,ca5,95-31064
1521723,ca2,94-1409
953794,ca2,82-7661
610118,ca1,06-1865
1425979,ca5,06-60549
204822,ca5,16256_1
66490949,scotus,No. 03-9512
65656019,ca9,No. 01-70724
64004091,ca3,Nos. 12299-12301
66472950,scotus,No. D-2347
1073696,ca3,11-3917
2911817,ca9,06-56846
101981,ca9,71-2975
711699,ca8,99-1574
808799,ca10,12-5094
65606753,scotus,No. 13–5044.
66499515,scotus,No. 10-5308
2907004,ca11,08-15809
461879,ca6,82-3541
981948,ca3,7088
1040411,ca9,93-35724
949354,cadc,79-1852
462536,ca2,"27, Docket 21665"
2370811,ca11,95-9194
64163518,ca9,No. 00-16517; D.C. No. CV-96-20271-RMW
1045439,ca8,9495
61567959,ca4,21-6552
66448199,scotus,No. 98-6995
66023057,ca4,No. 333
66365347,scotus,No. 89-7274
65266656,scotus,No. 14–6047.
1072426,ca8,02-3567
67867377,ca4,23-7003
65666643,ca6,No. 03-5049
1576895,ca10,06-5199
855119,ca9,95-15989
765230,ca9,71-2309
66271383,scotus,No. 74-1568
66301503,scotus,No. 81-294
66187701,ca4,"Nos. 78-1241, 78-1242"
4621776,ca9,14-35533
750835,ca5,73-1951
66340030,scotus,No. 87-5870
1276015,scotus,01-7229
65293296,scotus,No. 962
258387,ca8,00-1595
200041,ca4,73-1394
66489483,scotus,No. 03-1121
65658701,ca8,No. 07-1159
261361,ca6,12837
66463883,scotus,No. 00-1427
996925,ca7,89-2685
879102,ca9,11-35351
64248669,ca9,"Nos. 01-30260, 01-30272; D.C. Nos. CR-99-00072-MRH-01, CR-99-00072-MRH"
1236091,ca4,94-5759
24003,cadc,19-5161
66039206,ca3,No. 33
790084,ca4,93-5892
1026371,ca7,93-1066
299949,ca5,04-50418
65705591,ca9,"Nos. 07-55922, 07-56001"
300872,ca11,"06-13093, 06-13842"
487,ca3,15-3082
836601,cadc,91-1137
63987069,ca5,No. 11945
6121986,ca9,15-72473
2833993,ca6,06-1982
63668650,ca9,"No. 1,325"
268757,ca3,13-2206
993530,ca4,01-4231
846715,ca2,11-818-cv
410061,ca11,09-11697
1053946,ca4,94-5884
406381,scotus,491
64016252,ca8,No. 93-2315
66285992,scotus,No. 77-926
67544428,ca9,22-375
65607502,scotus,No. 13–5698.
65732544,ca4,No. 09-7843
61650758,ca11,21-12051
1513199,ca5,85-4886
6936130,scotus,16-1027
66077138,ca6,No. 2590
908897,ca4,01-6202
66728430,scotus,No. 19-6701.
1494887,ca8,89-2057
66210416,scotus,No. 212
293403,ca10,84-1557
66298778,scotus,No. 80-1256
442573,ca9,97-35429
1493448,ca11,00-15712
2905207,ca3,07-3672
2469808,ca3,82-5771
2919185,ca11,10-11679
1756809,ca2,77-1403
65730473,ca5,No. 09-20593
246833,ca8,83-1745
66347022,scotus,No. 88-5016
2256369,ca4,96-6688
2487477,ca5,11751
681455,ca6,15370
66263973,scotus,No. 73-6262
183663,scotus,03-9471
721319,ca10,71-1226
1505016,ca5,00-40831
66225039,ca1,"Nos. 86-1703, 86-1831"
65612018,scotus,No. 13–612.
421299,ca5,74-2621
66343262,scotus,No. 87-6608
720139,ca5,940
976526,ca4,00-6945
66231372,ca10,"Nos. 85-2766, 86-1024 and 86-1025"
66507790,scotus,No. 11-1535
1074630,ca9,11-50402
665426,ca4,00-2555
1074523,ca3,12-2983
583676,ca9,97-10315
66133577,ca5,No. 349
66310989,scotus,No. 82-6156
803555,ca6,81-3471
66215362,scotus,No. 62
321354,ca1,4640_1
2820197,ca1,94-1620
63959800,ca4,No. 4086
66323349,scotus,No. 85-563
1114927,ca5,96-20855
66484184,scotus,No. 03-6711
59767781,cadc,20-7110
66236107,scotus,No. 785
66394527,scotus,No. 92-6038
66140150,ca5,No. 599
176430,ca5,07-10705
64202486,ca6,No. 00-3719
66454058,scotus,No. 98-8735
64332280,scotus,No. 10M93
120477,ca5,96-10776
66201045,scotus,No. 154
64329595,scotus,No. 10-7383
66025569,ca7,No. 542
549877,ca1,"98-1994, 98-2086"
66212337,scotus,No. 67
649153,ca2,"657, Docket 89-1380"
2894350,ca8,04-1878
66522535,scotus,No. 05-6112
65908208,ca2,No. 06-3469-ag
66220760,ca4,"Nos. 85-1151, 85-1156 and 85-1194"
65606785,scotus,No. 13–21.
179607,scotus,03-8818
1555868,ca5,94-30445
425080,ca11,88-8901
1758758,ca5,92-09122
65935550,ca9,No. 06-16420
4551621,ca4,16-6510
77881,ca4,80-6109
1457339,ca7,85-1120
3035626,ca6,14-3678
63982450,ca10,No. 3266
25031,ca5,01-50037
241601,ca5,71-1689
539675,ca3,92-7590
1081925,ca2,09-90132-am
193390,ca5,06-40031
291810,scotus,04-5778
412038,ca8,95-1012
1251646,ca6,89-5301
66231907,scotus,No. 233
1591571,ca9,06-35227
2369472,ca2,"Docket 10-4248-cr (L), 10-4537-cr (CON)"
915043,ca4,06-1918
1176641,ca5,96-20085
66507365,scotus,No. 12-7248
2885506,ca8,01-2296
819088,ca4,88-2049
66303672,scotus,No. 81-5633
68858063,ca11,23-11101
66227009,scotus,No. 857; No. 922; No. 952
65908995,ca9,"Nos. 05-55591, 05-55772"
1017095,ca3,92-1898
2896469,ca8,05-2838
3071524,ca3,15-3128
64280228,ca2,Docket No. 00-1355
551742,ca9,94-50285
2825093,ca4,02-2344
2483724,ca9,02-50306
6068009,ca5,16-40606 Summary Calendar
66372179,scotus,No. 90-6654
808924,ca8,86-1046
65673130,ca5,No. 03-40828
41179,ca5,13-40350
63970788,ca10,No. 2099
2837212,ca6,"08-1220, 08-1221"
552048,ca4,94-5486
726131,ca9,01-56946
63955202,cadc,No. 6439
66229728,scotus,No. 920
317158,ca5,82-3364
66552903,scotus,No. D-1748
364430,scotus,316
653705,ca3,26883
66482845,scotus,No. 03-461
65703488,ca4,No. 12-7510
64227143,ca9,No. 01-70429; I & NS No. A27-656-056
65605861,scotus,No. 12–9923.
8503447,ca7,18-2682
1416379,scotus,03-1152
173267,ca5,94-50833
66530236,scotus,No. 00-6329
66496193,scotus,No. 04-1179
66656255,ca5,22-40075
13585933,ca1,18-1662U
1062264,ca8,73-1513
1143187,ca8,77-1795
66281391,scotus,No. D-64
18559638,ca9,20-15456
8230363,ca7,18-1741
2059276,ca5,03-21032
2606423,ca8,14-1945
846504,ca2,11-886
66354810,scotus,No. 88-7150
4424548,ca9,12-57117
1921853,ca3,81-2034
66092736,ca4,No. 1675
616418,ca4,94-2065
407873,scotus,4 and 5
1409041,ca4,84-2013
675644,ca8,87-1160
65893084,ca9,No. 06-50085
65626795,scotus,No. 16–307.
66308585,scotus,No. 81-2169
66404062,scotus,No. 93-8413
66099545,ca9,No. 3540
251899,ca4,95-2278
1326205,ca1,76-1286
66539466,scotus,No. 01-7265
66294813,scotus,No. 79-6746
426996,ca5,71-1495
2139104,cadc,23911
289351,ca3,82-3046
69853850,ca9,24-2728
65283852,scotus,No. 208; No. 209
2900171,ca11,14-14851
67907,ca5,97-40450
777387,ca11,82-7342
7244,ca4,17-4120
64287616,ca9,"Nos. 01-70631, 01-70653; Tax Ct. Nos. 17625-97, 17626-97"
658610,ca9,21420_1
707499,ca7,98-2172
1100731,ca9,10108
422521,ca11,96-5421
16719758,ca4,18-4695
235666,ca10,"5374, 5375"
742330,ca9,99-36194
65689376,ca2,No. 03-11209-AG
118388,ca5,22862_1
953732,ca1,"81-1658, 81-1669"
66094711,ca2,No. 240
66722035,scotus,No. 18–756.
616918,ca9,05-16613
540780,ca10,99-1270
2824696,ca4,99-2389
853651,ca7,11-3298
437590,scotus,92-8578
1130781,ca9,76-2762
431968,ca8,95-1892
721329,ca4,10-6411
65691610,cadc,No. 09-7151
66208373,scotus,No. 120
2161160,ca6,79-5036
66226823,scotus,No. 758
66373836,scotus,No. 90-7237
65626933,scotus,No. 16–7134.
1427434,cadc,79-1426
66324917,scotus,No. 10-9908
66206748,scotus,No. 396
64015356,ca2,"No. 959, Docket 92-4160"
65660156,ca1,No. 12-2182
910160,ca4,01-7860
66294782,scotus,No. 79-6703
691348,ca7,75--1402
66473582,scotus,No. 02-8701
66647197,scotus,No. 18–5057.
65683115,ca3,No. 04-1467
673084,ca1,97-2640
66410842,scotus,No. 93-9466; No. 93-9467
2312651,ca5,78-2983
65954422,ca2,"Nos. 07-0338-cr (L), 07-0720-cr (CON)"
58776,ca2,79-7327
724485,ca3,"02-4194, 02-4472"
880923,ca9,09-35135
65395487,ca5,21-50406
66375095,scotus,No. 90-7598
199469,ca5,04-40285
66454964,scotus,No. 98-8201
64279530,ca9,No. 00-71095; INS Nos. A76-369-148 A76-369-149 A76-369-150
1467563,ca9,93-55022
401585,ca4,96-4375
66329512,scotus,No. 11-10349
63959134,ca2,"Nos. 100, 101"
410713,ca5,77-1196
590099,ca9,03-56326
2857743,ca7,06-1417
310707,ca1,97-2229
595838,ca10,07-1418
902999,ca4,00-1059
5926,ca10,19-6143
65953219,ca9,No. 05-77258
836637,ca3,91-1617
1514384,ca1,94-2032
66554453,scotus,No. 82-6943
1019647,ca9,93-50140
2920233,ca11,09-16397
2141922,ca5,72-3351
17477863,ca3,20-1466
194345,cadc,90-5155
66258928,scotus,No. 71-685; No. 71-691; No. 71-1672; No. 72-839; No. 72-963
170799,ca5,03-50548
2902586,ca3,08-2315
6324208,ca10,17-8018
1047010,ca5,95-10390
66642947,scotus,No. 16–7541.
66270004,scotus,No. 74—6469
66356522,scotus,No. 88-7505
66308198,scotus,No. 65
71864,ca10,07-2147
66281697,scotus,No. 77-5112
66234166,scotus,No. 1180
1301720,ca6,75-2303
1071675,ca5,97-31294
14820452,ca11,18-12987
3021282,ca9,14-50527
65888476,ca2,No. 05-1680-ag
65908688,ca2,No. 06-2923-cv
67846683,ca2,22-2055
148531,ca4,97-7364
66435126,scotus,No. D-1905
2870584,ca3,02-1586
66272728,ca6,No. 91-1332
951256,ca5,75-1354
63933018,ca8,No. 8808
66532357,scotus,No. 98-1930
1349863,ca5,90-4317
64092371,ca4,"Nos. 99-1497, 99-1552, 99-1987"
2888287,ca3,"05-3980, 05-5165"
65620315,scotus,No. 15–8238.
1086123,cadc,76-1014
2819707,ca1,93-1612
18577442,ca4,20-7084
66050136,ca2,"Nos. 262, 263"
15898399,ca3,18-1153
66445150,scotus,No. 98-5676
2179348,ca9,12316
406123,scotus,85
224540,ca5,16740
66157954,ca10,"Nos. 9658, 9661"
2870222,ca3,00-2736
1243293,ca4,06-7477
15078385,ca2,18-680-pr
193162,ca8,71-1189
206341,ca5,04-50227
66243304,scotus,No. 538
1760669,ca11,88-5896
66197848,scotus,No. 331
63174996,ca9,17-70314
65622829,scotus,No. 15–9138.
66521118,scotus,No. 05-5043
574524,ca5,75-1339
66249960,scotus,No. 1165
456402,ca10,12-5187
800664,ca6,84-5981
2824275,ca4,99-6004
1450685,ca4,92-6622
1381688,ca6,91-1840
2839712,ca6,13-6184
3040003,ca4,15-7318
64060690,ca9,No. 97-36014
520475,ca8,87-2378
1108461,ca4,"87-7591, 87-7627"
65704261,ca7,No. 07-2519
2178125,cadc,09-3121
63979065,ca8,No. 12933
1483949,ca9,84-2599_1
65696899,ca9,No. 05-15658
65293791,scotus,No. 518
2430321,ca5,96-30322
2628173,ca5,14-31030
65731223,ca7,No. 07-2793
1075222,ca3,84-3438
2194010,ca5,94-41140
65911200,ca9,No. 07-15618
502221,ca5,82-3248
66516125,scotus,No. 02-781
1254685,ca11,10-10308
66205171,scotus,No. 584
66463270,scotus,No. 00-1330
1721968,ca3,89-1914
797578,ca6,85-1201
66410667,scotus,No. 93-9359
66456602,scotus,No. 99-1318
395839,ca6,95-1185
66468469,scotus,No. 01-1216
744961,ca1,02-1293
2872109,ca3,04-3930
2832199,ca6,05-5432
65620107,scotus,No. 15–6517 (R46–018).
6079831,ca9,11-73754; 12-72333; 13-70052
838784,ca8,91-3571
719803,ca3,18527
65295679,scotus,No. 817
65282829,scotus,No. 369; No. 370
2465072,scotus,02-909
6374330,ca8,17-1643
63973489,ca8,No. 12057
66270231,ca3,No. 91-1522
66233267,scotus,No. 852
938730,ca4,03-7532
65724970,ca9,No. 08-50334
66497237,scotus,No. 04-623
59838097,ca9,20-70243
371624,ca4,03-1131
2917833,ca11,10-14695
63655656,ca3,21-2172
336771,ca11,92-8068
66335279,scotus,No. 86-1648
65926849,ca9,No. 06-72912
64067939,ca6,"Nos. 98-6178, 98-6228"
1051415,ca8,95-1385
17153009,ca5,18-20374
1127777,ca5,75-3377
64336706,scotus,No. 11-5812
745106,ca5,21701_1
788274,ca11,"03-12554, 05-11399"
589683,ca10,05-8112
2819663,ca1,93-1830
66524155,scotus,No. 05-7699
66423825,scotus,No. 94-1695
650603,ca10,00-1055
950465,ca9,96-35937
823928,ca1,"89-1657, 89-1658"
345811,scotus,235
65291660,scotus,No. 234
2281162,ca6,88-4177
64022388,ca9,No. 94-35668
845234,ca8,11-1907
66384402,scotus,No. 91-6861
1255570,ca2,13-2633
1047186,ca8,12260
63961785,cadc,No. 6858
4417270,ca7,15-2483
67725789,ca4,23-6832
105004,ca5,92-4531
262133,ca6,14306_1
2920895,ca11,08-12211
66198577,scotus,No. 480
66487266,scotus,No. 03-7858
66276402,scotus,No. 76-5117
65294063,scotus,"Nos. 437, 438, and 439"
1135707,ca4,09-4742
661420,ca6,18338_1
2491522,ca5,78-3532
1047751,ca9,94-15912
63169021,ca5,21-50754
68066528,ca5,23-40440
2180209,ca8,84-2584
66476102,scotus,No. 02-9927
63947742,ca1,No. 2831
239018,ca11,02-10989
176494,ca9,14787
575635,cadc,16808_1
66337687,scotus,No. 87-139
2877704,ca3,05-2730
63977351,ca8,No. 12501
18077,ca6,04-2165
65908498,ca4,No. 07-6252
241880,ca4,02-4783
2825178,ca4,03-2105
497026,ca5,25161
65624985,scotus,No. 16–274.
307707,ca5,13-40540
1055626,ca4,96-2510
1785619,ca8,87-1059
1282142,ca11,92-8090
66481284,scotus,No. 03-5570
66244385,scotus,No. 878
1241664,ca6,97-1774
430299,ca5,07-10390
3030015,ca3,15-3966
4423135,ca6,15-3328
990318,ca7,88-3174
63125279,ca4,21-7442
256162,ca4,04-1116
1344396,ca4,83-6079
721302,ca5,91-5563
63959748,ca4,No. 4084
2188722,scotus,04-5166
53633,ca11,10-15638
66340474,scotus,No. 87-5856
949918,ca6,79-3177
4638603,ca8,15-3496
1546961,ca5,94-11051
2831036,ca6,05-1691
66535460,scotus,No. 01-6416
2445118,ca4,00-6037
65727747,ca2,No. 07-4384-ag
650063,ca9,08-70198
63973024,ca5,No. 9889
1435284,ca6,83-3294
2838316,ca6,10-4191
65873949,scotus,No. 46067
1345228,ca5,93-03735
222026,ca5,96-50086
6383303,ca10,17-2153
940022,ca7,"96-2368, 96-3625"
740966,ca2,02-7566
2854914,ca7,04-2651
63232110,ca2,20-3837
1405183,ca11,83-5550
64039090,ca9,No. 95-70884
198738,scotus,33 ORIG
994028,ca8,13026
2255622,ca4,95-7208
430307,ca5,07-60699
406642,ca8,96-2236
60323044,ca4,20-7793
220527,ca11,90-8768
2491712,ca5,00-50858
1999612,ca4,8430_1
66216064,scotus,No. 865
65674335,ca9,No. 03-57013
66455486,scotus,No. 98-1742
66495074,scotus,No. 04-9495
831409,ca6,91-3615
66068286,ca7,"No. 1,850"
58070,ca2,74-1011
584636,ca10,07-9515
66223147,scotus,No. 640
64329158,scotus,No. 10-399
2894793,ca3,06-4245
313565,ca9,10-72744
65516547,ca4,No. 11-2052
2440115,ca11,12-10498
68022761,ca11,23-11131
14745435,ca4,18-6775
2180193,ca5,10-41075
61600085,ca9,20-35286
66257186,scotus,No. 71-6316
32524,ca5,04-30892
1832900,ca3,78-1548
796890,ca3,10-1375
66134797,ca3,No. 7
322456,ca7,11046_1
992881,ca9,88-4072
1006469,ca9,90-50293
66435042,scotus,No. 97-7660
2472750,ca3,16034_1
1407329,ca7,82-1972
412609,ca9,09-10403
17153001,ca5,19-11070
1647438,ca5,73-2290
64202836,ca9,No. 00-56542; D.C. No. CV-00-02304 AHM
985719,ca5,84-1310
71541,ca11,08-12836
1036934,scotus,96-6839
65712927,ca9,No. 07-15090
67705565,ca6,22-3585
66511544,scotus,No. 10-1518
66352907,scotus,No. 88-6481
22600,ca5,01-30123
63267194,ca3,20-1068
2840239,ca6,14-4048
6083257,ca11,16-16317 Non-Argument Calendar
66361770,scotus,No. 88-1400; No. 89-508; No. 89-788; No. 89-796; No. 89-5879; No. 89-5879; No. 89-6124
1236120,ca6,83-3441
461078,ca9,07-15763
65667237,ca9,No. 02-73096; IRS No. 11757-01 L
662007,ca4,96-1897
250617,ca7,93-1580
958647,ca10,97-9506
1118857,ca11,"05-14683, 05-14684"
244725,ca5,78-2361
63999059,ca5,No. 15010
2350161,ca5,10-60320
66353130,scotus,No. 88-1492
877620,ca4,11-4363
710140,ca6,96-5627
1101999,ca4,02-2062
546752,cadc,12104_1
66324871,scotus,No. 10-10399
66336511,scotus,No. 87-5208
16041686,ca5,17-41206
66220560,scotus,No. 113; No. 124; No. 383; No. 538; No. 389; No. 416; No. 418
2356843,ca2,77-7425
66289897,scotus,No. 79-5017
66325860,scotus,No. 10-10771
1324066,ca9,97-35686
59246375,ca3,19-1459
306181,ca5,09-31088
1381091,ca11,94-8920
66327669,scotus,No. 11-8376
66302476,scotus,No. 81-734
64165969,ca6,No. 00-5902
66539589,scotus,No. 00-1931; No. 00-10622; No. 01-5408; No. 01-5817
475008,ca8,82-1747
309561,cadc,00-1183
65283734,scotus,No. 14
66370923,scotus,No. 90-5535
66275141,ca8,No. 91-2950
321687,ca1,90-4193
66273530,scotus,No. 74-1318
66407695,scotus,No. 93-6424
60041350,ca10,20-1315
6370638,ca4,17-7633
2627749,ca2,14-1335-cv
2655502,ca5,14-30488
3028294,ca8,14-3758
143627,scotus,59
65959439,ca2,No. 14-3916
2428144,ca5,02-40512
1360918,ca11,86-5123
66429520,scotus,No. 96-7434
1455884,ca3,98-5518
6321775,ca4,16-4848
67752043,ca9,23-773
66093702,cadc,No. 1238
2501401,ca4,98-6781
66307263,scotus,No. 81-2094; No. 81-2096
65727623,ca9,No. 08-35774
64282676,ca9,No. 02-35216; D.C. No. CV-01-01462-BJR
1422813,ca10,13-6303
319118,ca10,90-4124
790226,ca7,88-1609
64064387,ca5,No. 98-50302
2856818,ca7,03-3438
65735393,ca11,21-10305
66345924,scotus,No. 87-1718
793838,ca5,86-3128
65267986,scotus,No. 14–6591.
2820246,ca1,94-2015
66485811,scotus,No. 03-7503
823695,ca7,88-3397
2919261,ca11,09-16189
1224706,ca11,97-2192
758345,ca5,76-4512
361729,ca11,09-15137
66546459,scotus,No. 04-5425
66359494,scotus,No. 89-5840
6069895,ca9,16-15610
2821698,ca1,96-1619
614070,ca10,92-3077
64107825,ca2,No. 99-7524
66224610,scotus,No. 1013
66047641,ca8,"Nos. 2,499, 2,500"
60684168,ca2,19-575
69693171,ca4,25-1138
2832056,ca6,05-5382
66355373,scotus,No. 88-7342
66042365,ca9,"No. 1,243"
37208,ca5,02-50542
63978806,ca5,No. 3971
515253,ca3,84-3811
175873,ca5,89-3536
2453096,ca4,09-7123
66726812,scotus,No. 19-6785
604788,ca1,"96-1904, 96-1905"
130057,ca7,13-2678
66823118,ca9,21-50204
64005544,ca10,No. 6038
66271153,scotus,No. 75-103
65886705,ca2,"Nos. 05-5862-cv, 05-6083-cv, 05-6091-cv, 05-6092-cv, 05-6094-cv, 05-6129-cv, 05-6137-cv"
1054642,ca4,84-2065
66438291,scotus,No. 97-5670
2036176,ca4,95-8093
66483034,scotus,No. 03-6429
632102,ca9,93-50653
861271,ca5,87-1418
66350556,scotus,No. 88-5992
66272694,ca8,"Nos. 91-1638, 91-1648, and 91-2462"
66323835,scotus,No. 85-5689
284036,ca5,80-5208
64333313,scotus,No. 10-9510
393545,ca10,99-1437
66541858,scotus,No. 95-925
143072,ca2,13-2842 (L)
7682882,ca10,18-3103
43325679,ca9,17-16630
6128934,ca4,17-6349
905216,ca4,97-1901
64007408,ca2,"Nos. 146, 147, Docket 26189, 26190"
66427651,scotus,No. 95-8882
66419583,scotus,No. 94-7867
64338216,scotus,No. 11-6450
64283673,ca2,Docket No. 02-6033
66294981,scotus,No. 80-134
66442481,scotus,No. 97-9400
63964033,ca2,No. 199
66263928,scotus,No. 73-5836
65909971,ca2,No. 07-0451-ag
64016395,cadc,No. 91-3247
388308,ca5,74-2279
433646,scotus,04-8929
2327485,ca4,07-7717
65300202,scotus,No. 521
328436,ca1,5438
827795,ca2,1005
2238568,ca4,11-6516
66541546,scotus,No. 95-5410
64109545,ca7,No. 99-4289
67154554,ca4,21-7519
65293475,scotus,No. 1106
677031,ca8,17326
66518258,scotus,No. 01-10772
1132772,ca4,12-6659
420412,ca3,18068
66342704,scotus,No. 87-6398
66377753,scotus,No. 90-7286
301783,ca5,04-31038
66515133,scotus,No. 02-6285
1092003,ca4,94-1790
2131664,ca5,93-04836
817856,ca10,09-1571
1636484,ca5,"8572, 8573"
2460148,ca3,89-1890
68088703,ca9,21-1061
66415721,scotus,No. 93-8697
396743,ca11,00-10651
2853623,ca7,02-2045
65616528,scotus,No. 15–5800.
974524,ca6,86-1721
1064956,ca5,84-2720
66337093,scotus,No. 86-2051
66291519,scotus,No. 79-5560
1388325,ca3,76-1572
2828501,ca6,03-1855
330190,scotus,04-830
66266006,scotus,No. 73-6742
36375,scotus,242
306024,ca3,"71-1295, 71-1296"
2870350,ca3,02-2146
2252400,ca4,81-6855
542435,ca1,"07-1663, 07-1664"
65264891,scotus,No. 13–9142.
63960024,ca3,No. 6130
17010548,ca7,18-2569
66330720,scotus,No. 86-5141
65721486,ca5,No. 08-31170
544583,ca7,94-1378
1156503,ca11,93-8966
671532,ca5,72-2737
64333208,scotus,No. 10-8855
1378958,ca10,9724
64018280,ca8,No. 93-1009
567250,ca5,09-40581
2165028,ca9,82-5666
936983,ca8,79-1190
65615877,scotus,No. 15–5020.
59810153,ca9,20-55458
68087586,ca10,22-6182
828676,ca8,90-1225
539389,ca11,12-13264
6139096,ca5,16-50694
353654,ca3,12-4124
1105940,ca5,11895
2502218,ca4,98-6296
1553871,ca9,06-35758
732240,ca8,06-3728
668800,ca8,00-3283
151999,ca2,79-6249
133650,ca6,84-5949
1169400,ca5,11-10585
129796,ca5,02-50090
4621559,ca5,16-40244 Summary Calendar
15682572,ca11,18-14519
4658133,ca2,16-1341-cr
65610259,scotus,No. 13–669.
66247151,scotus,No. 5259
66525405,scotus,No. 05-8829
2171982,ca5,84-3509
66642867,scotus,No. D–2966.
2898588,ca8,05-4415
64280065,ca6,No. 00-4004
759770,ca7,"97-1077, 97-1162"
6139465,ca8,16-1968
64109992,ca9,No. 00-71068; D.C. No. CV-99-00717-DAE
63770336,scotus,No. 09-6928
63776856,scotus,No. 09-9589
2090083,ca9,84-2153
171276,ca5,10-20501
1263721,ca8,75-1531
66163362,ca5,No. 26968
2490710,ca1,95-1093
2423311,ca8,81-1119
1478345,ca5,17503
66459074,scotus,No. 99-1605
40459,ca4,10-7547
2327015,ca5,86-4461
1233946,scotus,02-8746
1187612,ca7,82-2029
1202499,ca2,81-7261
66511680,scotus,No. 11-6609
2565485,scotus,"Nos. 492, 493"
66552643,scotus,No. 96-270
1977741,ca5,93-05467
103517,ca7,10-1317
65718945,ca4,No. 09-6327
17328865,ca11,19-13205
107608,ca3,05-2373
301554,ca5,04-20487
565906,ca11,82-8565
2299909,ca9,96-15449
66427233,scotus,No. 95-8365
65926387,ca3,No. 07-1042
63356322,ca11,21-11881
344465,ca5,93-8563
2097273,scotus,04-8476
929479,ca2,"801, Docket 76-1497"
66645996,scotus,No. 17–1135.
319464,cadc,10714
66224025,scotus,"No. 290, Misc."
2860840,ca7,08-2430
66649016,scotus,No. 18–6125.
65734645,ca5,No. 09-20371
6083866,ca5,16-40582
65966656,ca3,No. 18-1003
66537778,scotus,No. 00-10857
704102,ca5,00-10709
1069166,ca2,22007_1
66398987,scotus,No. 92-1323
66223533,scotus,No. 557
66036690,ca6,"No. 1,242"
1340415,ca8,94-1884
443421,scotus,598
15054297,ca5,18-11054
193591,ca5,"00-50443, 00-50570"
525983,ca3,82-3547
66552759,scotus,No. 96-6452
66645249,scotus,No. 17–5634.
65907715,ca9,No. 06-50474
393939,scotus,02-11019
66511823,scotus,No. 11-6646
59752820,ca9,20-35213
986532,ca11,88-3594
1345604,ca8,93-1227
66369108,scotus,No. 90-403
66483246,scotus,No. 03-330
69394799,ca4,24-7111
66411856,scotus,No. 94-5095
65963450,ca9,No. 15-30300
62620881,ca9,21-10124
66227798,scotus,No. 1076
66498993,scotus,No. 09-11407
66523975,scotus,No. 05-7285
66289117,scotus,No. A-1021 (78-1749)
871307,scotus,288 and 289
982406,ca4,87-6695
66215551,scotus,No. 603
1283581,ca2,"390, Docket 31179"
66411020,scotus,No. 93-9569
66142036,ca6,No. 548
1009057,ca6,91-1242
3056808,ca4,15-7974
568026,ca4,88-1774
2253647,ca8,90-1703
359024,ca5,30834_1
66428748,scotus,No. A-1005
267370,ca1,03-1613
65606417,scotus,No. 12–10731.
68362455,ca4,22-4214
411900,ca9,95-50290
66720395,scotus,No. 18–422.
66475338,scotus,No. 02-956
64017879,ca7,No. 93-3270
63959362,ca6,No. 7611
341187,ca10,96-2299
63958210,ca6,No. 7008
2861715,ca7,09-3967
65911677,ca8,"Nos. 06-2313, 06-2835"
2477983,ca11,05-10054
2470461,ca5,94-40536
323412,ca8,84-1622
2490652,ca11,98-6084
2457672,ca5,86-2495
71860,ca5,08-61104
476729,ca4,98-6245
1093860,ca6,80-1239
66462369,scotus,No. 00-1067
916032,ca4,10-6912
65700407,ca4,No. 05-4971
2894454,ca9,04-10577
60684176,ca2,19-2674
65729823,ca4,No. 09-2078
2519308,scotus,215
64098980,ca9,No. 01-56890
739608,ca9,01-70112
66252622,ca6,No. 90-1005
66422676,scotus,No. 94-8949
65607016,scotus,No. 13–5283.
3038875,ca3,14-3537
2858367,ca7,06-1459
66331955,scotus,No. 86-647
200692,ca11,07-15045
736021,ca7,05-1812
7261342,ca5,17-11049
66527798,scotus,No. 00-1048
1136310,ca6,92-4343
2914829,ca11,11-15566
1215170,ca10,05-8116
66401762,scotus,No. D-1274
2881274,ca3,05-1168
66200336,ca2,"Nos. 1204, 1337, Dockets 83-9073, 84-7013"
1568906,ca1,80-1686
395900,ca11,99-2060
1670561,ca2,96-6156
613529,ca7,11-1181
66412167,scotus,No. 94-5287
153346,ca5,06-40145
1434538,ca5,79-2396
507552,ca4,89-1033
1023268,ca3,11-1937
772850,ca3,73-1665
390265,ca2,83-1323
64280150,ca9,No. 01-50385
43736,ca11,12-14684
1226932,ca6,90-5113
66292068,scotus,No. 79-5937
551162,ca10,10-6237
1486217,ca2,93-9255
312996,ca7,80-1744
65701065,ca2,No. 04-0156
65926229,ca9,No. 06-74174
66420970,scotus,No. 94-1547
70319463,ca9,24-116
69134608,ca5,24-20104
327101,ca6,91-3477
65621786,scotus,No. 15–9061.
534927,ca9,93-10082
1472264,ca5,84-2272
65008158,cadc,No. 06-1003
2858276,ca7,05-1620
2401149,ca5,98-40365
2100196,ca10,03-1105
66412116,scotus,No. 94-5267
1860483,ca9,11-55395
692473,ca2,27173_1
2653814,ca9,13-70166
65285570,scotus,No. 189
225587,cadc,11732
605001,ca3,06-2770
66210978,ca2,"No. 235, Docket 85-1182"
7733098,ca9,17-15468
64284734,ca9,"Nos. 02-70463, INS A70-92-044"
66453900,scotus,No. 98-1361
565404,ca9,91-16068
66509833,scotus,No. 10-10867
105799,ca8,97-3598
1660420,ca4,09-7414
65617347,scotus,No. 14–10077.
2269478,ca2,92-2065
872035,ca8,98-1453
66330883,scotus,No. 86-5284; No. 86-5357
885291,ca3,12-3523
66355026,scotus,No. 88-1907
66395823,scotus,No. 92-6519
15691351,ca4,19-6308
63967315,ca7,No. 6646
2498367,ca9,11-10646
63922825,ca2,No. 369
66517564,scotus,No. 02-8600
551889,ca7,94-1479
2836586,ca6,09-3686
66215136,scotus,No. 421
64335398,scotus,No. 10-10295
66305290,scotus,No. 81-1563
804284,ca6,85-1479
519529,ca9,92-106212
65670768,ca9,No. 02-35366; D.C. No. CV-00-05063-EFS
66318434,scotus,No. 84-5753
65608094,scotus,No. 13–5919.
66086356,ca3,No. 2242
65954850,ca9,No. 05-71121
65679385,ca9,"No. 03-71387; Agency Nos. A75-477-732, A75-477-733, A75-477-734"
66392650,scotus,No. 92-447
322840,ca5,12-40577
351968,ca2,13-3116-cv
2477933,ca9,96-35693
2447589,ca5,89-5701
66233256,scotus,No. 29
2397525,ca5,87-6136
804191,ca6,84-1651
1370960,ca5,89-2432
18429162,ca2,18-1933 (L)
688192,ca4,13810
66433022,scotus,No. 96-8954
1011046,ca1,92-1326
65884409,ca5,No. 03-50970
17840,ca2,19-1698
65675796,ca9,No. 02-36097; D.C. No. CV-01-00086-SEH
318704,ca9,10-73647
1297792,ca4,05-7334
66398468,scotus,No. 92-1131
2169812,ca4,80-5042
66296031,scotus,No. 80-191
3091250,ca6,15-1569/2071
66723609,scotus,No. 18-9773
491617,ca8,90-1347
4563004,ca7,16-3938
2454222,ca4,02-6618
64349909,cadc,"Nos. 1022, 1023, 1024 and 1025"
65285728,scotus,No. 301
973903,ca8,86-1449
823055,ca9,88-5517
66364247,scotus,No. 89-1563
67093049,ca10,22-6138
274050,scotus,634
66358943,scotus,No. 89-5776
66258786,ca4,"Nos. 89-2118, 89-2129"
735869,ca8,04-3823
709888,ca8,"19611, 19626, 19627"
1093431,ca4,96-4392
63960934,ca9,No. 8196
291949,ca6,89-3393
63996194,ca10,No. 4089
2900044,ca8,"06-2286, 06-2301"
1734745,ca4,94-1643
66455981,scotus,No. 99-8105
656381,ca4,13-1083
2823855,ca4,96-7564
2208457,scotus,02-848
66470902,scotus,No. 01-9166
220660,ca9,80-5282
66495172,scotus,No. 04-1202
1428749,ca9,88-3646
63285877,ca8,21-1359
68181929,ca7,23-1180
66401880,scotus,No. 92-8117
1164729,ca8,08-2066
1239344,ca1,"89-2114, 89-2171"
761715,ca7,79-2235
805193,ca7,"02-1493, 02-1734"
59777519,ca3,20-1931
1160026,ca3,89-1248
826688,ca9,88-7507
68801114,ca9,23-55625
65710901,ca9,No. 07-35457
2346911,ca3,98-7413
622129,ca4,97-2117
1570596,scotus,00-10823
63959407,ca1,No. 3167
66184839,ca5,"Nos. 75-2410, 75-2514 and 75-2515"
186838,ca10,7780_1
64328148,scotus,No. 10-6355
65680861,ca9,No. 03-73570; Agency No. A75-670-049
63925653,ca7,No. 3792
1785402,ca3,90-5775
65912985,ca9,No. 06-50525
70778,ca11,08-12222
66428903,scotus,No. D-1724
3059882,ca9,13-74427
66573615,ca1,22-1015
737687,ca7,05-4625
66088166,ca5,No. 3051
2876146,ca8,96-3649
66439676,scotus,No. 97-6318
873035,ca10,99-1087
1264473,ca4,75-1809
918128,ca3,12-3620
2446822,ca6,88-3810
63964058,ca7,No. 6121
67645259,ca9,21-60000
66459033,scotus,No. 99-774; No. 99-779; No. 99-956
190613,cadc,22090
87601,ca9,11-70000
638298,ca2,25857_1
4119204,ca5,15-20540 Summary Calendar
1981110,ca5,95-11205
66486597,scotus,No. 03-6862
145743,ca4,08-2367
17401867,ca10,20-6038
651339,ca9,77-3142
2874977,ca8,96-1186
66235364,scotus,No. 345
2650741,ca2,14-3417-cv
921464,ca10,"96-2056, 96-2057"
66435825,scotus,No. D-1872
66432696,scotus,No. 96-8714
66159702,ca10,No. 9773
1508197,ca5,95-40457
1998464,ca5,89-2062
63755952,scotus,No. 07-9292
66374507,scotus,No. 88-1037
66509909,scotus,No. 10-10962
811972,ca2,"1252, Docket 86-1522"
66422518,scotus,No. 94-8014
648120,ca10,88-1992
8347793,ca11,16-17503
66241062,scotus,No. 1064
66474480,scotus,No. 02-9412
2205518,ca11,86-3533
208286,ca2,11-1858-cv
1147101,ca11,81-7934
472452,scotus,01-10978
66289947,scotus,No. 79-5128
65701252,ca9,No. 07-56265
1658052,ca5,08-40684
2138219,ca4,95-2952
65611269,scotus,No. 13–8141.
2635851,ca9,11-73040
64089748,ca2,Docket No. 00-9065
66527457,scotus,No. 00-7104
2499938,ca2,87-1052
63261103,ca4,20-2302
2822880,ca1,97-2353
14536131,ca5,18-40410
66515968,scotus,No. 02-7377
1029967,ca7,92-2821
1463014,ca5,24775_1
823359,ca9,89-10150
977114,ca2,443
1974241,ca2,09-3489-ag
66488101,scotus,No. 03-8488
1238813,ca2,78-6009
962196,ca2,179
38828,ca6,13729_1
1102855,ca11,90-7863
678975,ca3,14571_1
510982,ca8,90-1258
66489927,scotus,No. 03-8934
66547758,scotus,No. 04-6968
345194,ca10,96-3083
342052,ca7,07-1709
2161068,ca4,05-7751
63949613,ca5,No. 7136
761682,ca9,78-1877
348714,ca5,78-2532
963071,ca2,183
858978,cadc,95-3056
64019417,ca7,No. 93-2117
1593770,ca2,Docket 09-3651-cv
951823,ca5,81-4162
66720221,scotus,No. 18–7623.
66292570,scotus,No. 79-1411
66466435,scotus,No. 00-9662
1465777,ca4,02-6282
163772,cadc,15200_1
2903396,ca8,07-3195
65675882,ca9,No. 01-10521
2900936,ca11,14-12619
1822497,scotus,02-7357
65703226,ca2,No. 07-1594-cv
2840114,ca6,14-5618
1026983,ca8,93-1791EA
65679052,ca9,"No. 03-71643, A76-456-567"
6374967,ca6,17-5282
2837140,ca6,08-4473
701270,ca9,98-70965
1181286,ca5,11-50421
219331,scotus,07-562
65725145,ca3,No. 08-1626
176129,ca5,03-21217
1923936,ca2,92-4235
27706,ca5,91-1815
2128758,ca3,92-3267
63978019,ca6,No. 9470
66304094,scotus,No. 81-150; No. 81-546
6288284,ca6,17-2147
365977,ca4,93-6212
929259,ca5,28340
6352561,ca4,18-6114
63392714,ca2,20-1065
182191,ca1,88-1769
1172129,ca6,92-2239
65964893,ca5,No. 16-20112 Summary Calendar
1128626,ca5,6215
187513,ca5,02-40121
66462476,scotus,No. 00-8306
230017,ca5,98-40679
2098057,scotus,04-8493
65276869,scotus,No. 294
2500517,ca6,96-1259
941514,scotus,279
1092002,ca4,95-7249
65267496,scotus,"No. 141, Original."
287699,ca9,76-2264
2020313,ca7,76-1046
2019223,ca4,88-7737
7166040,ca9,16-16888
301307,ca5,06-31241
454528,ca10,04-6320
469453,ca4,97-2530
66706861,ca11,22-11532
5544179,ca9,14-70943
939355,ca3,09-4519
66326761,scotus,No. 85-6531
1991653,ca5,98-10283
64284108,ca2,No. 01-9324
403528,ca4,79-6761
66535613,scotus,No. 01-424
65953140,ca2,No. 06-4349-cr
2839956,ca6,14-3107
2132554,ca5,07-60188
66649256,scotus,No. 18–6511.
2448718,ca8,92-1201
467308,ca7,10423_1
2833138,ca6,06-1140
65704130,ca2,No. 07-2810-ag
2834905,ca6,08-1229
1088153,ca4,04-6907
66213283,ca4,No. 86-4001
66476113,scotus,No. 02-9955
1476145,ca2,86-1402
66366511,scotus,No. 89-7354
208114,ca8,77-1386
66207147,scotus,No. 372
2880288,ca8,99-2532
65910553,ca9,No. 06-55175
1949185,ca4,76-2335
2859523,ca7,06-3476
66033487,ca9,No. 912
1116449,ca9,82-5616
24482,ca10,96-6222
2153464,ca9,96-30052
66268460,scotus,No. 74-5748
662087,ca9,25473
748521,ca7,00-2044
66385620,scotus,No. 91-7305; No. 91-7349
66203942,scotus,No. 146
1686616,ca3,88-5340
2111034,ca5,89-4662
66486368,scotus,No. 03-7505
205188,ca9,15128_1
65704971,ca2,No. 07-3128-cr
29800,ca9,12-72691
431981,ca5,00-60776
730459,ca7,04-3842
70677302,ca3,24-2704
6141731,ca3,14-4284
2689727,ca4,15-6888
66038049,ca1,No. 508
272855,ca11,05-16057
2478918,ca5,03-30204
73011,ca6,02-4362
259271,scotus,73
1044868,ca3,93-7821
65624409,scotus,No. 16–5523.
1211337,ca8,84-5208
272867,scotus,174
66393680,scotus,No. 92-205
16806327,ca2,19-1078-cv
1681310,ca4,97-1039
267866,ca11,95-6911
2170254,ca11,93-2639
2831794,ca6,05-5862
67604070,ca9,22-50043
2187952,ca1,94-1873
1280918,scotus,04-8339
72452,ca5,99-10128
65667495,ca9,No. 02-56144; D.C. No. CV-01-10362-RSWL
66493691,scotus,No. 04-8302
760203,ca10,11-2207
314802,ca10,13-2057
421272,ca5,08-30620
66458264,scotus,No. 99-1539
1442927,ca11,93-3010
66487005,scotus,No. 03-896
66647825,scotus,No. 17–9105.
780332,ca3,05-1423
66429904,scotus,No. 96-7007
164073,ca10,10-5075
616781,ca9,24426
610286,ca9,09-70965
66196677,scotus,No. 359
216436,scotus,75
788625,ca3,79-3625
66531773,scotus,No. 99-792
3016975,ca2,13-4783
66446354,scotus,No. 98-6216
66283185,scotus,No. 77-6152
1495265,ca2,25713
651306,ca6,09-5660
65894949,ca9,No. 05-50602
16511478,ca3,19-1565
7989764,ca3,18-2688
978070,ca10,87-1052
63964130,ca5,No. 8649
2657730,ca3,14-1237
1037520,ca9,92-55346
3043861,ca7,15-1913
16640660,ca11,19-13403
727462,ca7,17555
64066166,ca2,Docket No. 97-7403
1027832,ca7,93-1667
468211,ca5,13653_1
2868953,ca3,00-2901
605745,ca8,84-1371
359489,ca9,12-10378
66435173,scotus,No. 97-7685
2067957,ca11,92-4969
65294755,scotus,No. 1050
978499,ca4,06-6572
2869984,ca3,01-1289
3077414,ca7,15-2356
17468467,ca9,18-16750
590573,ca10,06-6114
65732553,ca4,No. 09-7972
65614629,scotus,No. 13–10770.
65710966,ca9,No. 06-74463
66244321,scotus,No. 1046
1563939,ca2,85-7084
847045,ca2,11-2888-cr
66467441,scotus,No. 01-8169
66172073,ca5,No. 73-3430
66663054,scotus,No. 83-5802
65742688,ca3,21-2655
2463294,ca11,95-2596
392314,ca9,75-1260
110777,ca4,92-6827
66531943,scotus,No. 99-7376
69978611,ca5,24-30393
1645290,ca9,93-50212
66202234,scotus,No. 276
66438228,scotus,No. 97-5541
751889,ca7,10-1576
66255453,ca9,No. 87-4079
2047392,scotus,802
63950314,ca7,No. 5169
2472353,ca6,80-1513
2072750,ca6,09-2323
66450095,scotus,No. 98-7758
65957299,ca4,No. 09-6568
2670934,ca9,13-16404
66503608,scotus,No. 11-9106; No. 11-10599
2012677,ca5,04-30486
66195834,ca7,"Nos. 82-2112, 82-2392 and 83-1258"
775882,ca6,"73-1974, 73-1975"
67088134,ca4,23-1314
2832891,ca6,06-6296
997729,ca7,89-2213
878218,ca5,12-50049
786783,ca2,"361, Docket 72-1704"
18429501,ca8,19-3325
66303668,scotus,No. 81-1396
66247021,scotus,No. 5268
66159060,ca9,"Nos. 21871, 21871-A"
63975465,ca3,"Nos. 7949, 7950, 7951, 7952, 7953, 7954"
65721918,ca9,No. 04-71470
884386,ca3,12-3795
1057966,ca4,94-5911
64280291,ca4,No. 99-4943
65286406,scotus,No. 1006; No. 1007
184746,ca7,13215
535405,ca7,93-3246
115364,ca6,86-5851
1277898,ca4,10-7746
765656,ca5,90-1248
66728786,scotus,No. 19-690.
835945,ca9,89-15377
66402876,scotus,No. A-111 (O. T. 1993)
66411777,scotus,No. 94-5037
1485813,ca10,6450_1
2026076,ca4,03-7560
480045,ca10,77-1258
2458033,ca5,97-10122
66492968,scotus,No. 04-8015
66373810,scotus,No. 90-7126
66478480,scotus,No. 02-1686
7406094,ca2,10-4328 (L)
742493,ca6,01-1337
75424,ca11,98-3192
383928,ca9,93-70617
2502152,ca4,06-7091
66454352,scotus,No. 98-8783
776662,ca8,74-1199
66192075,ca6,No. 81-1157
228926,ca10,01-6333
691084,ca9,16983_1
2366943,ca5,90-8399
151153,ca1,99-1398
1008248,ca7,91-1625
292124,scotus,02-8727
63925590,ca8,No. 6506
1583199,ca3,80-2813
66365332,scotus,No. 89-6959
174500,ca5,02-41290
7462676,ca8,17-2379
2500220,ca9,08-30339
66391682,scotus,No. 92-5135
66551528,scotus,No. 96-6067
2836350,ca6,09-3373
2890890,ca8,03-2639
2413417,scotus,92-1997
63302202,ca10,21-3212
482739,ca8,81-2149
65747046,ca4,22-1249
65698971,ca2,No. 05-3497-cr
65891479,ca2,No. 05-2795-ag
1020031,ca9,92-30433
188987,ca5,24678_1
76309,ca8,93-1674
70641028,ca10,24-1484
17222284,ca11,19-11952
68088702,ca9,22-399
648145,ca11,88-7708
209791,ca5,04-30668
65285648,scotus,No. 179
1737505,ca2,96-1216
690455,ca9,17092
2881940,ca8,99-2540
66333246,scotus,No. 86-1098
66519883,scotus,No. 02-6437
1056943,ca6,95-6215
1027120,ca1,92-36925
2905991,ca9,05-30355
66516139,scotus,No. 02-866
1547723,scotus,04-8154
776307,scotus,04-5746
2919573,ca10,12-1055
1413244,ca2,80-1189
66096351,ca3,No. 2504
434070,scotus,79-6583
63989759,ca3,No. 9660
813394,ca9,05-15979
66464364,scotus,No. 00-8575
66248039,ca8,No. 88-2493
226858,ca10,"96-1132, 96-1208"
539478,ca9,92-16524
4607453,ca4,16-2231
66151394,ca2,"No. 340, Docket 29284"
63951517,ca9,No. 7375
64108933,ca2,No. 00-6056
66726697,scotus,No. 19-731
3018556,ca11,14-14343
1344718,ca9,84-2477
2882763,ca8,99-3689
100650,ca9,86-6129_1
66550785,scotus,No. 96-5303
65964838,ca5,No. 16-11404 Summary Calendar
531800,ca10,11-5074
2450722,scotus,03-1693
2885267,ca8,99-1817
65707292,ca9,"Nos. 07-15412, 07-15414"
2884768,ca8,01-1130
2581664,cadc,09-5199
2835771,ca6,08-6340
106403,ca5,16943_1
64347002,cadc,No. 292
65609144,scotus,No. 13–6409.
65684536,ca9,No. 03-56648; D.C. No. CV-02-00406-AHS
604286,ca9,04-76044
2823893,ca4,96-2413
66315931,scotus,No. 83-6864
974556,ca4,77-2274
1421681,cadc,17944
393140,scotus,93-7259
448441,ca9,80-4488
154097,ca8,87-1084
725499,ca9,20138
66273616,scotus,No. 75-997
63933152,ca9,No. 5941
65611883,scotus,No. 13–908.
433945,cadc,24495
59674616,ca2,18-3421 (L)
378635,ca5,89-4546
4669441,ca5,16-50791
2211283,ca5,94-60542
1315833,ca4,82-8282
66219247,scotus,No. 1222
6080112,ca9,15-15287
65278839,scotus,No. 948
2337340,cadc,77-1580
66517865,scotus,No. 01-10143
66445844,scotus,No. 97-9086
66024886,ca9,No. 651
2020949,ca4,74-1815_1
961132,ca5,10-10031
66500765,scotus,No. 10-6780
66498518,scotus,No. 09-10503
66505924,scotus,No. 12-6383
16191478,ca5,17-20709
2054091,ca8,89-1644
66283370,scotus,No. 77-733
66475407,scotus,No. 02-9285
2870786,ca3,02-1533
1152739,ca3,13-4499
2670212,ca2,14-3070
1198689,ca5,12-30544
245813,ca9,78-1445
441643,ca9,96-70810
66416795,scotus,No. 94-6721
66226551,scotus,No. 662
66648327,scotus,No. 18–5648.
66454351,scotus,No. 98-8783
503813,ca11,88-7742
1470278,ca4,95-7610
397979,ca11,13-12557
588538,ca11,10-13713
382185,ca8,8750
66218176,scotus,No. 790
1107649,ca4,06-5224
16662909,ca5,19-40730
1128988,ca1,86-1346
273978,ca11,05-13039; D.C. Docket 04-80109-CR-WJZ
1767935,scotus,02-404
69074,ca3,87-3254
63938701,ca10,No. 411
66298359,scotus,No. 80-757; No. 80-895; No. 80-936
2306192,scotus,02-920
2650290,cadc,14-1024
66280279,ca11,No. 91-3416
66339933,scotus,No. 87-499
208626,ca4,13-4309
66685171,ca11,21-13082
66286190,scotus,No. 78-5188
64346913,cadc,No. 29
66552114,scotus,No. M-34
6225657,ca11,16-16300
1011231,ca6,91-1641
757860,ca7,71-1935
63973472,ca10,No. 2240
65619877,scotus,No. D–2870.
1044894,ca4,2964
695980,ca8,18240
169123,ca5,00-50892
171403,ca3,12-3462
69650973,ca10,24-2046
1913408,ca5,97-60437
4579814,ca5,16-10617 Summary Calendar
2373518,ca5,02-40782
2884046,ca3,06-1140
1855483,ca6,83-1282
64017736,ca2,"Nos. 92, 95 and 471, Dockets 93-7009, 93-7049 and 93-7050"
66245742,scotus,No. 1443
1086067,ca6,11-2159
1113208,ca5,12-41187
66329518,scotus,No. 11-10304
66466576,scotus,No. 00-10198
223568,ca8,77-1374
66468193,scotus,No. 01-8070
144776,ca9,88-5758
66381887,scotus,No. 91-6154
630934,ca4,11-4975
6224143,ca9,16-56480
66535834,scotus,No. 01-6800
3079804,ca7,14-3534
65894702,ca9,05-55557
2441123,ca3,84-3224
59979174,ca4,20-4602
4557417,ca9,15-16837
2050543,scotus,02-6088
17482111,ca9,17-17082
1229658,ca1,92-2452
2101954,ca3,09-2374
65713923,ca9,No. 07-15986
174887,ca6,88-3255
66181320,ca2,"No. 871, Docket 76-7539"
66131671,ca9,No. 153
742833,ca2,Docket 02-1285
65963171,ca5,No. 15-20690 Summary Calendar
66351018,scotus,No. 88-5922
227204,ca5,16082
256766,ca4,86-1582
17360241,ca9,18-17312
1481392,ca5,01-60547
16995709,ca11,19-13896
2184849,ca4,08-4629
448633,ca10,79-2086
414955,ca5,77-2423
838918,ca10,91-5148
65954561,ca9,"Nos. 06-75747, 07-72053"
65625484,scotus,No. 16–6632.
688172,ca3,18370
38597,ca4,06-4597
66490364,scotus,No. 03-9169
973429,ca6,6243
344528,ca5,94-30131
6068676,ca2,15-1731-cr
66440881,scotus,No. 97-7019
65286250,scotus,No. 834
66253777,scotus,No. 71-1033
16657230,ca3,19-1344
65712669,ca9,No. 08-15687
66527405,scotus,No. 00-785
65687426,ca2,"Nos. 02-4690-AG(L), 02-4697-AG(CON)"
1476754,ca3,02-30477
65730284,ca4,No. 09-7743
64203146,ca6,No. 00-6497
68203201,ca4,22-6234
66431595,scotus,No. 96-8085
66506145,scotus,No. 12-6462
108460,ca5,11-60464
63960805,ca5,No. 8190
2642035,ca2,14-578-cv
66621200,ca4,22-1110
66540654,scotus,No. M-30; No. M-33; No. M-34; No. M-35; No. M-36; No. M-37
65907277,ca9,No. 06-30591
883851,ca7,86-2202
2412298,ca11,91-5910
63962798,ca5,No. 8535
64949996,ca3,21-1301
1269464,ca7,74-1757
66466211,scotus,No. 00-751
2644292,ca9,11-72335
64282521,ca9,No. 02-55128; D.C. No. CV-01-00650-RJT
8480685,ca4,17-4232
504749,ca4,98-2354
509853,ca8,92-1279
614954,ca7,91-2251
1382067,ca4,14015
65708483,ca2,No. 07-4044-pr
66224663,scotus,No. 1316; No. 1335
66352922,scotus,No. 88-6617
66723695,scotus,No. 18-9652
66243099,scotus,No. 428
143865,scotus,606
63975600,ca3,No. 8104
66353774,scotus,No. 88-7018
64331255,scotus,No. 10-8092
738127,ca8,01-1760
18644362,ca4,19-1069
66429764,scotus,No. 96-7876
67664932,ca9,22-30146
66302252,scotus,No. 81-490
4686018,ca9,16-50278
66377376,scotus,No. 90-1667
2156890,ca5,92-4751
66373756,scotus,No. 90-6878
64245080,ca9,No. 00-10446; D.C. CR-98-00162-ROS(WDK)
130787,ca7,13-2237
64061576,ca2,Docket No. 97-6322
1308682,ca2,92-1430
2399606,ca6,92-5030
66411522,scotus,No. 94-118
380908,cadc,71-1018
269941,ca4,87-7695
65629232,scotus,No. 16–8848.
2858042,ca7,06-3077
1033679,ca9,92-70530
1436405,ca2,687
239099,ca6,89-3660
64280409,ca7,No. 01-3201
2616194,ca9,09-72127
2046346,ca5,221
39783,ca8,12-2977
66097254,ca8,No. 5422
428753,ca3,14945_1
66092410,ca9,No. 3209
59735766,ca8,20-1728
2493806,ca4,82-5152
6132565,ca9,15-35114
66286841,scotus,No. 78-343
184737,ca8,89-1584
66197441,ca4,No. 82-1995
388478,ca5,07-30630
66362529,scotus,No. 89-6627
66341468,scotus,No. 87-6047
65676677,ca9,No. 02-56606; D.C. No. CV-01-09812-DDP
66725462,scotus,No. 18-8191
65693536,ca2,No. 04-5499-AG NAC
588973,ca2,"855, Docket 77-4217"
66299771,scotus,No. A-86
265836,ca1,78-1316
2280714,ca9,71-1605
1701444,ca11,98-6422
65714827,ca9,"Nos. 07-56572, 07-56681"
66250091,scotus,No. 6502
65734484,ca9,No. 09-72198
66480065,scotus,No. 03-11
66258700,scotus,No. 72-967
66508017,scotus,No. 12-810
65714954,ca9,No. 07-15826
982106,ca7,87-2291
1483901,ca8,17378_1
63945649,ca5,No. 6643
1553809,cadc,81-2159
116610,scotus,30
1228332,ca4,83-1502
558424,ca5,91-3017
2373092,ca2,84-5018
395801,ca11,98-5802
876816,ca5,11-30513
66544904,scotus,No. 95-510
511869,ca8,"90-1628WM, 90-1671WM"
6838459,ca5,16-11432
64329062,scotus,No. 09-10685
64003631,cadc,"Nos. 13730, 13731"
66317847,scotus,No. 83-2089
63943186,ca6,No. 6200
617203,ca5,01-10780
2825872,ca4,11-1933
305435,ca9,"07-71969, 07-73638"
64157913,ca9,No. 00-35081; D.C. No. CV-98-00053-RSL
66166612,ca7,"Nos. 71-1614, 71-1615"
172430,ca9,10-70858
65628228,scotus,No. 16–7849.
2630807,ca11,13-13951
66043635,ca3,No. 28
68256708,ca5,23-50212
3013458,ca9,12-72801
1250887,ca9,82-1173
63943653,ca3,No. 4650
720636,ca5,76-2648
26897,ca9,20-50074
2645972,ca5,14-30892
66519481,scotus,No. 02-5612
66342860,scotus,No. 87-1191
1087947,ca1,86-1022
1058229,ca8,95-3568
466746,ca3,04-2363
279299,ca5,03-51009
65609371,scotus,No. 13–6908.
63151885,cadc,20-7066
2646120,ca10,14-3252
1408989,ca1,84-1773
6363078,ca9,16-73853
65954072,ca5,No. 08-40227
71786,ca4,05-2014
6280475,ca5,16-20720
66159034,ca5,"Nos. 25405, 25406"
1750903,ca6,73-1144
65724665,ca2,No. 08-5657-ag
65264848,scotus,No. D–2750.
66476073,scotus,No. 02-9860
533609,ca4,11-7478
64286217,ca2,Docket No. 02-0083
398899,ca11,06-10241
2874982,ca8,96-1817
319491,ca6,90-6606
69214516,ca10,23-1370
945767,ca10,97-3108
2483722,ca2,74-1732
2225654,ca4,93-6434
64003995,ca2,"No. 218, Docket 24799"
17520641,ca11,19-13218
66376287,scotus,No. 90-7841
2678769,ca6,14-5990
144479,ca7,12-3269
6162158,ca4,"17-6024, 17-7004"
878888,ca2,11-3754-cv
65963926,cadc,No. 16-1045
768531,ca9,80-5391
67324794,ca8,22-2067
64330037,scotus,No. 10-5998
66721847,scotus,No. 18–8354.
2821367,ca1,95-2185
837878,ca9,"91-30185, 91-30186"
1301587,ca8,92-3810
1613375,ca10,07-6284
667773,ca5,20627
2877102,ca8,97-2048
226884,ca5,83-1028
2674539,ca3,14-3063
2307144,ca5,91-3690
18598664,ca9,17-72388
65725154,ca3,No. 08-4614
66321064,scotus,No. 10-8633
1389807,ca3,76-1281
662400,ca8,91-3479
328789,ca9,91-30206
8207933,ca2,17-3293-cv
2490953,ca4,71-1870
2079373,ca7,87-1615
4610011,ca1,16-1009P
348547,scotus,80-1074
65956417,ca2,No. 07-1432-cv
66418887,scotus,No. 94-7538
66312421,scotus,No. 82-1711
2839881,ca6,13-4261
66343530,scotus,No. 87-1421
63928937,ca8,No. 7974
1817776,ca3,94-5098
957141,ca3,92-3054
384892,scotus,02-7358
65282420,scotus,No. 370
63997010,ca8,No. 14668
65267963,scotus,No. 14–6467.
66134830,ca8,No. 466
68405131,ca1,23-1227
65726265,ca3,No. 08-4249
2471841,ca5,04-40633
200239,scotus,10
65287045,scotus,No. 613
1662944,cadc,17349_1
938398,ca1,79-2037
1358153,ca11,13-13280
66355735,scotus,No. 88-1723
789767,ca10,08-6168
2835634,ca6,07-1220
66435513,scotus,No. 97-8327
66199106,scotus,No. 159
6059142,ca5,15-51144 Summary Calendar
2906544,ca8,09-2990
16102619,cadc,18-5154
484884,ca6,86-1842
129280,scotus,290
249933,ca8,83-2186
2817375,ca2,07-3962-bk(L)
2412401,ca5,01-10032
65707813,ca4,No. 13-1564
2824379,ca4,"99-1816, 99-1897"
66726060,scotus,No. 19-71
66497012,scotus,No. 04-9876
66415205,scotus,No. 94-651
2147404,ca10,"10-4176, 11-4080"
66153285,ca2,"No. 384, Docket 29179"
65276267,scotus,No. 55
120154,ca7,84-2330
2131271,scotus,03-1621
66535897,scotus,No. 01-522
494169,scotus,229
2856322,ca7,05-3227
375170,ca7,76-2111
66461401,scotus,No. 00-584
932866,ca2,"1144 to 1149, Dockets 78-6035, 78-6044, 78-6058, 78-6066, 78-6080 78-6081 and 6141"
919115,ca5,77-5619
66555713,scotus,No. 83-293
64328962,scotus,No. 10-6483
66191359,ca9,"Nos. 80-3367, 81-3066"
2861809,ca7,14-1193
65671128,ca6,No. 03-5438
1734238,ca4,12-6056
65266395,scotus,No. 14–5595.
66251928,scotus,No. 71-320
66139518,ca5,No. 568
117307,ca2,12-4836-cr
66474636,scotus,No. 02-8095
66205870,scotus,No. 170
2478569,ca3,83-5014
521713,cadc,18317_1
915968,ca4,07-1200
16024634,ca2,18-2956(L)
16135922,ca2,18-3251 (XAP)
2436099,ca11,89-3173
64247900,ca9,No. 01-35654; D.C. No. CV-00-01337-MJP
454090,ca9,12331
24925,ca9,19-17480
83385,ca11,87-3327
722784,ca8,99-4018
66335214,scotus,No. D-611
6229,ca9,18-35421
1280665,ca9,82-6060
6003,ca11,19-11668
65678207,ca9,"No. 03-71812, A29-455-965"
66422787,scotus,No. 94-1727
8411012,ca3,18-2594
66371517,scotus,No. 90-5721
66305818,scotus,No. 81-6556
66129667,ca2,No. 68
1149504,ca4,11-4137
702319,ca9,26273
66285358,scotus,No. 77-6519
66233943,scotus,No. 1193
64017745,ca8,No. 93-2148
1642687,ca4,96-6451
65907587,ca4,No. 07-1263
960364,ca9,6912
2040525,ca1,04-2172
1487249,ca7,86-1177
66536923,scotus,No. 00-1850
66484986,scotus,No. 03-7410
699007,ca6,90-2243
64516,ca5,97-40723
65668812,ca9,No. 03-71412; IRS No. 02-00685
759207,ca5,77-5798
66374856,scotus,No. 90-1427
1730128,ca9,10-30161
946948,ca4,80-1394
1749940,ca2,93-7312
210333,ca5,16450
3303,ca10,19-4126
694073,ca5,80-3838
1996605,ca5,99-20833
123868,scotus,02-102
7042,ca4,19-1636
66390715,scotus,No. 91-8540
66275120,ca2,"Nos. 28, 527-533 and 703, Dockets 91-1152, 91-1160, 91-1167, 91-1169, 91-1170, 91-1228, 91-1286, 91-1287 and 91-1379"
50403,ca5,04-10793
66650521,ca5,"Nos. 4210, 4215"
1106673,ca8,7708-7710
65607750,scotus,No. 13–6245.
60073697,ca8,21-1536
968663,ca1,3940
711182,ca7,98-1385
65716331,ca11,"Nos. 07-10640, 08-12923"
64049276,ca9,"Nos. 96-70340, 96-70381"
609407,ca1,"04-2306, 04-2373"
66486671,scotus,No. 03-7831
1066564,ca6,73-1208
1711682,ca4,99-2526
2206989,ca5,97-20879
3066386,ca9,"14-55281, 14-56367"
66461778,scotus,No. 00-8144
65699541,ca9,No. 04-30350
65697186,ca9,No. 04-56680
64199806,ca2,No. 01-7434
68924940,ca8,23-2639
1013825,ca9,91-50765
417549,scotus,72-1057
1217718,ca10,12-5107
2880493,ca8,98-2799
66187908,ca3,No. 77-2259
66519462,scotus,No. 02-354
65712661,ca9,No. 07-56550
439931,ca10,3912
66190239,ca8,"Nos. 80-2067, 80-2068"
2833506,ca6,06-4004
2866962,ca3,94-1301
1162693,ca9,94-35310
65698758,ca4,No. 05-7669
63958741,ca8,No. 10625
2653603,ca2,14-4009
63366787,ca6,21-2960
66508042,scotus,No. 12-6689
64012365,ca10,No. 7236
64282310,ca9,No. 00-50455; D.C. No. CR-99-02978-1-MLH
66351248,scotus,No. 88-6230
2072962,scotus,02-7900
66267973,scotus,No. 74-643
63101502,ca9,20-16862
65717773,ca4,No. 09-1331
1501160,ca6,10367
63303142,ca9,15-73336
758361,ca5,71-1817
98987,cadc,"10-5117, 10-5118"
66478732,scotus,No. 02-1862
2830041,ca6,"04-1196, 04-2109"
65297935,scotus,No. 966
1195444,ca4,10-6052
66381379,scotus,No. 91-5100
818602,ca6,87-1371
67760804,ca11,22-14335
2235551,ca2,89-1342
66234135,scotus,No. 1182
66442214,scotus,No. 97-9189
2870150,ca3,02-3763
66647678,scotus,No. 18–5638.
865174,ca5,11-41371
58829799,ca7,20-1018
66166450,ca5,No. 71-3018
66412407,scotus,No. 94-5461
65622160,scotus,No. 15–9217.
1095446,ca4,97-1681
2498851,ca11,90-3088
64329686,scotus,No. 10-506
563598,ca7,84-1340
1145058,ca5,73-1976
7667352,ca7,17-2386
65955834,ca4,No. 11-6485
66465281,scotus,No. 00-9365
2641382,ca8,"13-3501, 13-3558"
2460036,ca4,83-8204
63949717,ca4,"Nos. 3521, 3577"
47399,ca4,13-4205
1484497,ca5,96-30887
66525256,scotus,No. 05-697
66464611,scotus,No. 00-1525
862949,ca4,11-1055
66357851,scotus,No. 89-5511
2889823,ca9,07-72131
1492989,scotus,90
2371735,ca11,93-3073
1154428,ca6,86-6248
281974,scotus,80-1595
1290384,ca9,81-4383
1415945,ca9,84-3762
66133355,ca3,No. 6
65892250,ca9,No. 04-17512
29131,cadc,19-5317
446911,ca5,97-10597
63104502,ca5,20-10388
2371563,scotus,02-514
66233184,scotus,No. 585
65722120,ca2,No. 08-1535-cr
602355,ca10,10-4105
3021667,ca10,14-6057
244311,ca5,78-1633
1302631,ca5,92-07239
2355222,ca11,97-4810
234935,ca7,11789
2608258,ca11,14-11002
66373508,scotus,No. 90-7034
66343605,scotus,No. 87-1274
63195988,ca4,21-7636
112584,ca5,01-40420
300712,ca11,05-15928
1095411,ca8,93-2704
66341943,scotus,No. 87-1160
66287761,scotus,No. 78-1116
66219055,scotus,No. 1049
1419051,ca5,99-10428
66227769,scotus,No. 1038
1396747,ca3,94-1854
354658,ca6,"78-1585, 78-1586"
64086821,ca6,"Nos. 00-5297, 00-5298, 00-6048 and 00-6150"
104264,ca9,98-50632
14992211,ca7,18-2429
66210374,scotus,No. 118
66723391,scotus,No. 18-1532
760339,ca5,77-2125
1472286,ca4,78-1259
65300471,scotus,No. 685
66539757,scotus,No. 01-1013
748272,ca7,18373
8140281,ca10,17-1143
66222747,scotus,No. 23
2454690,ca11,96-4613
66254188,scotus,No. 71-6123
63974194,ca5,No. 10052
66248332,ca9,"Nos. 88-1521, 88-7019"
65676486,ca7,"Nos. 03-2906, 03-2907"
66537246,scotus,No. 00-10189
65266532,scotus,No. 14–196.
66197551,scotus,No. 14
66370673,scotus,No. 90-6078
1816426,ca4,86-7151
66453907,scotus,No. D-2044
66466514,scotus,No. 00-9973
188390,ca9,78-1132
2360677,ca5,19031
2493062,ca6,93-1879
1987750,ca7,80-1658
2288878,ca3,88-5263
66528905,scotus,No. 00-143
1050979,ca6,95-5453
958975,ca10,98-2044
8096110,ca2,17-3429
66662679,scotus,No. 12–1308.
227087,ca5,99-11231
63936350,ca6,No. 5273
933345,ca11,10-11595
66377371,scotus,No. 90-1649
1551240,ca10,06-7082
522669,ca5,91-8067
260355,ca6,86-5370
65728006,ca11,No. 09-10213
776043,ca3,82-1577
830169,ca2,1519
66273438,ca8,No. 91-1887
66441318,scotus,No. 97-1969
65684057,ca9,No. 04-30112
66388758,scotus,No. 91-8276
66279083,scotus,No. 76-1295
65889126,ca9,No. 05-71917
66458350,scotus,No. 99-8514
2364989,scotus,46
1095673,ca10,92-5238
66406663,scotus,No. 92-1806
66550555,scotus,No. 96-5035
6821847,ca7,17-3345
2337259,ca4,79-6499
66554996,scotus,No. 83-245; No. 83-291
101527,ca2,Docket 08-5547-cv
91057,ca4,13-4522
1589250,scotus,02-5638
420903,ca4,75-1738
1534116,ca5,76-2077
2898114,ca8,05-3515
63779155,scotus,No. 09-10874
66663247,scotus,No. 83-1063
2501282,ca4,93-6330
65620479,scotus,No. 15–7812.
67530982,ca4,23-6152
697055,ca1,8364_1
1058161,ca6,83-3275
511368,ca6,89-2325
65713336,ca2,No. 07-0940-pr
127721,ca9,09-80173
2190163,ca4,11-1499
66252403,scotus,No. 71-421
505458,cadc,11674_1
66055697,ca6,"No. 1,977"
6077463,ca10,15-3302
17419775,ca2,19-216-cr
2882908,ca3,07-2017
1127192,ca8,77-1348 and 77-1489
2242448,ca10,87-1486
2881303,ca8,99-1404
1695390,ca4,99-2132
691644,ca5,18931_1
1038090,ca8,93-3551
1182792,ca5,05-41469
66230351,scotus,No. 991
7718944,ca7,17-3515
64330459,scotus,No. 10-6168
63964330,cadc,No. 6932
88798,ca3,86-5170
1291857,ca9,81-4280
1027312,ca6,92-3923
732278,ca9,25373
718749,ca5,644
66505715,scotus,No. 12-6097
572079,ca6,11064
1111162,ca4,09-6236
1970600,ca9,05-15585
2328200,ca5,31066_1
2485183,ca5,90-2449
547315,ca9,14916
961233,ca6,"00-3700, 00-3760"
64019423,ca8,No. 94-1543
1005103,ca9,90-35464
131857,ca5,94-20849
6259125,ca7,17-1019
66365439,scotus,No. 89-7563
2817619,ca2,07-0364-cv
2822696,ca1,97-2201
66367019,scotus,No. 89-7870
66254464,scotus,No. 71-1141; No. 71-1229
66211942,scotus,No. 929
1459275,cadc,75-1425
66392876,scotus,No. 92-5779
66393103,scotus,No. 92-491
1187665,ca4,05-2224
66256229,scotus,No. 71-6911
8483521,ca4,17-2449
1713483,ca5,71-1159
280900,ca6,78-1004
2154519,ca2,Docket 02-4220
65692927,ca4,No. 10-2302
704781,ca4,96-6800
2902552,ca8,07-1601
66209822,ca9,"Nos. 82-4427, 83-2581"
66478535,scotus,No. 02-1724
59997477,ca5,20-61132
2185881,ca4,14813
1088734,ca5,82-3197
940718,ca1,80-1317
70835502,ca3,24-3150
964353,ca5,04-10324
643003,ca10,09-1463
66391374,scotus,No. 92-221
2363429,ca6,88-6151
66170601,ca10,Nos. 73-1203 (71-781) and 73-1204 (71-596)
66490599,scotus,No. 03-9234
2003077,ca5,01-20896
2872946,ca3,04-3229
2058477,scotus,93-5135
601697,ca2,"881, 882, Dockets 80-6134, 80-6202"
65609353,scotus,No. 13–7216.
143099,ca7,03-3989
1067016,ca3,79-1541
2821816,ca1,96-1331
2610071,ca5,14-20091
2868215,ca3,97-1750
730706,ca3,03-2607
912996,scotus,242
2897671,ca3,07-4200
66355751,scotus,No. 88-1808
413501,cadc,96-3084
66311341,scotus,No. 82-5276
3068640,ca4,15-8020
66362791,scotus,No. D-891
312343,ca1,93-1217
65656298,ca9,No. 03-35104
64285173,ca3,"Nos. 02-3101, 02-3775"
304984,cadc,89-1277
2659028,ca9,12-72141
1553196,ca5,01-10787
2837792,ca6,11-5502
2632400,ca3,14-1558
1464838,scotus,04-6506
64332978,scotus,No. 10-9685
2920633,ca11,09-12107
990682,ca5,88-3631
2477360,ca4,99-6091
2462531,ca9,25085_1
273412,scotus,539 and 790
65890804,ca9,No. 05-75758
1285923,ca9,85-1706
2187932,ca8,89-1372
66073895,ca9,No. 2330
2870019,ca3,1-1251
66246881,scotus,No. 363
63957173,ca2,No. 289
65739386,ca11,21-14300
960089,ca5,75-3046
66236759,scotus,No. 1043
66216150,scotus,No. 837
1093676,ca4,96-4339
66723397,scotus,No. 18-9237
516908,ca5,82-2155
66554822,scotus,No. 83-5251
65299503,scotus,No. 1278; No. 1279
66346994,scotus,No. 88-231
309247,ca4,79-6535
63976780,ca6,No. 9267
2094788,scotus,04-6936
65725815,ca2,No. 08-3225-ag
69274,ca5,79-5522
1032134,ca6,93-3550
2339769,ca9,76-2570
64012900,ca6,No. 15253
482506,ca9,97-30136
63962286,ca5,"Nos. 8468, 8476-8478, 8495, 8516, 8527, 8555"
1697622,ca11,96-5172
538233,ca9,11-16004
666324,ca3,19221
1469589,ca7,85-1199
65718889,ca2,No. 08-2385-ag
17120957,ca6,19-5705
1976737,ca1,76-1114
368280,scotus,"Nos. 1,277, 1,281"
66526115,scotus,No. 00-6523
65294556,scotus,No. 878
190956,scotus,625
63932124,ca2,No. 168
1160366,ca5,11-50979
66439033,scotus,No. 97-6325
172711,ca5,05-40369
941836,ca7,06-1312
1766252,ca5,93-03841
2876327,ca3,05-1884
66301247,scotus,No. 81-5057
6226603,ca8,16-4252
848606,ca1,89-3467
6284324,ca6,17-5809
1261742,ca9,84-4260
66535979,scotus,No. 01-6495
1378416,ca3,82-1468
1517463,ca8,91-3687
64003323,ca10,No. 5662
10690,ca5,18371_1
2873048,ca3,04-3597
6946392,ca9,16-30086
1145731,ca11,11-15203
2041850,ca1,06-1925
66192644,ca2,"No. 49, Docket 81-7667"
3045348,ca8,14-3517
66346094,scotus,No. 87-1986
2451749,ca5,76-1465
799666,ca7,85-2359
645393,cadc,"11516, 11517, 11518"
344042,ca5,93-02046
138203,ca6,84-5536
66538654,scotus,No. 01-5950
771427,scotus,1553
66485917,scotus,No. 03-7595
66475448,scotus,No. 02-9373
795003,ca4,14-6606
157059,ca9,08-73888
2473637,ca11,95-2969
65961102,ca4,No. 15-7292
2922445,ca9,07-16126
66352783,scotus,No. 88-1376
65618207,scotus,No. 15–71.
38345,ca10,6969_1
66111831,ca8,No. 6154
1492442,ca4,96-6758
63944314,ca8,No. 9444
66311649,scotus,No. 82-1622
2476028,ca8,95-1921
496667,ca1,91-2122
66440727,scotus,No. 97-946
38165,ca5,03-40906
634852,ca8,77-1783
67482267,ca11,22-13489
66383681,scotus,No. 91-855
1976636,ca5,93-7540
328924,scotus,159
64017081,ca9,No. 92-36976
8509736,ca9,14-70711
648902,ca5,11-60148
803009,ca7,84-1367
1346833,ca2,1278
1518130,ca3,89-3829
185870,ca1,87-2040
1098291,ca4,"13-4138, 13-4139"
1918856,ca10,09-5154
2608327,ca10,14-3101
2319321,ca2,73-1688
2819282,ca1,93-1101
1118990,ca10,73-1149
439814,ca11,"92-2872, 95-2061"
66348515,scotus,No. 88-456
66489267,scotus,No. 03-8994
66378975,scotus,No. 91-239
64124013,cadc,"No. 98-1372; Nos. 98-1385, 00-1488 & 00-1489"
1108067,ca3,02-2820
118362,ca3,12697_1
65890004,ca9,No. 04-56920
152481,ca11,05-10212; D.C. Docket 02-02924-CV-WBH-1
1500671,ca1,81-1596
16759731,ca7,19-1944
1172180,ca4,78-1558
66045692,ca9,"No. 1,345"
66725439,scotus,No. 19-395
11200,ca6,19-3483
65643825,ca2,21-838
6139845,ca9,15-30197
1323742,ca4,96-1445
214346,ca5,79-1915
1445357,ca2,82-2359
2861955,ca7,14-2516
65701219,ca9,No. 05-75720
2005020,ca11,94-6493
2436015,ca2,87-6068
66222222,scotus,"No. 1431, Misc."
64331120,scotus,No. 10-7463
1714084,ca3,02-5096
823726,ca7,89-3151
441996,ca9,10-55529
65693904,ca7,No. 10-3828
1996588,cadc,94-5049
2117339,ca11,89-5303
64326587,scotus,No. 09-11280
2354,ca5,18-20274
63960938,ca6,No. 7154
69335811,ca8,24-2151
1194420,ca11,07-10280
168544,ca7,12-3041
513747,ca6,90-6210
1031468,ca9,92-50366
66254198,scotus,No. 71-6140
1324861,ca4,98-1293
2663074,ca9,14-50134
1471724,ca1,78-1252
10359,ca4,07-1279
2680285,ca5,14-50248
2551537,ca4,5477
66420740,scotus,No. 94-8223
1514210,ca4,84-1569
391246,ca9,10-15758
1317828,ca3,79-1944
75540,scotus,Nos. 586 and 601
779334,ca8,06-1749
258561,ca7,12146_1
2211866,ca9,97-70451
500700,ca4,88-2116
65691157,ca9,No. 04-30125
2872332,ca3,"03-3112, 04-1827, 03-3231, 04-1826"
4417152,ca2,15-2605-cv
66230891,scotus,No. 1515
65608029,scotus,No. 13–5690.
650218,ca11,11-15906
66714892,ca2,23-24
62629563,ca5,21-40462
66100843,ca2,No. 102
2608601,ca5,14-50149
66435572,scotus,No. 97-1396
65398557,ca3,22-2066
66240395,scotus,No. 553
732523,ca5,30848
1364996,ca4,83-6043
2440214,ca9,86-6557
275424,scotus,Nos. 809 to 811
66470075,scotus,No. 01-8922
60383475,ca4,21-6879
472554,ca10,88-1800
63129411,ca9,20-10289
370515,scotus,03-10029
63958124,ca6,No. 7417
1957079,ca7,77-1218
1186766,ca2,76-7354
66369535,scotus,No. 90-5577; No. 90-5578; No. 90-5699
120278,ca5,84-2136
66356035,scotus,No. 88-2059
66466469,scotus,No. 00-9733
2828205,ca6,"01-2288, 01-2533"
1380652,ca6,82-1490
1095063,ca4,97-1389
507264,ca5,95-60778
2259463,ca3,85-1642
3065218,ca9,14-15979
65281931,scotus,No. 747
41955683,ca2,20-1371-cv
225975,ca5,07-20384
919935,ca3,13-2086
66214005,scotus,No. 819
215642,ca6,74-1939-74-1941
2465140,ca11,91-3951
66504921,scotus,No. 12-5141
66145454,ca5,No. 796
134995,ca5,03-30545
66334266,scotus,No. 86-49
65685633,ca5,No. 04-50960
6169347,ca8,17-1035
233426,ca5,08-50916
66433899,scotus,No. 96-8896
68443061,ca10,22-1307
2150412,ca8,95-2085
2922996,ca9,12-10317
2251797,cadc,17450_1
64149012,ca9,No. 00-35095; D.C. No. CV-99-00231-WFN
1429914,ca4,92-6558
59731153,ca5,19-51012
63208761,ca4,21-7606
64320359,cadc,Civil Action No. 15-105 (CKK)
65612087,scotus,No. 13–8374.
443223,scotus,04-6850
65289753,scotus,No. 114
2877631,ca3,05-1590
66462031,scotus,No. 00-1354
60062876,ca5,20-50244
642902,ca5,96-20862
66548035,scotus,No. 04-392
1134392,ca7,10-3462
64335459,scotus,No. 10-10458
14625864,ca7,18-2194
63986563,ca2,"No. 9, Docket 20559"
799170,ca1,86-1751
232651,ca5,06-40578
66451183,scotus,No. 98-8034
1273681,ca4,82-6189
66243608,scotus,No. 353
1654799,ca5,97-20603
2066038,ca6,84-3936
64025239,ca11,No. 96-4676
1072763,ca9,07-71043
616337,ca1,03-2010
857247,ca2,"1058, 1083, Dockets 95-1419, 95-1421"
66263264,scotus,No. 73-748
65723569,ca9,No. 06-72718
2211589,ca4,06-6057
65301988,scotus,No. 567; No. 568
82099,ca5,84-1879
65707580,ca2,No. 07-2946-cv
2451358,ca4,82-6108
66300489,scotus,No. 80-2047
748168,ca2,01-6232
1018350,ca5,92-7606
66528198,scotus,No. 00-7930
2837998,ca6,10-2638
65953900,ca9,No. 07-35413
68235579,ca4,24-1115
452278,ca10,05-6309
715631,ca2,"95, Docket 33147"
66124738,ca8,No. 51
15759,ca5,99-50188
1074169,ca5,12-30248
1096216,ca8,81-1229
63989393,ca8,No. 13731
66530691,scotus,No. 99-6580
1432838,ca3,87-5737
2828424,ca6,02-1679
756527,ca5,72-1238
211436,ca5,07-20157
2469505,ca5,72-2532
2990070,ca4,15-1633
234939,ca5,07-50401
65726996,ca2,"Nos. 08-3751-cv (L), 08-4116-cv (con)"
516923,cadc,76-1136
66232064,scotus,No. 453
65296152,scotus,No. 243
2880515,ca3,05-1486
3047955,ca4,15-7461
2165263,ca2,93-2185
66222353,ca1,"Nos. 85-1621, 85-1624, 86-1260 and 86-1318"
66199232,scotus,No. 345
66346875,scotus,No. 88-104
66348328,scotus,No. 88-5433
66200693,scotus,No. 82
66500744,scotus,No. 10-6741
488958,ca5,23210
428067,ca4,77-1089
2873895,ca3,04-2695
64067255,ca2,Docket No. 98-7944
66256758,scotus,No. 72-251
66200862,scotus,No. 413
105713,ca5,17091
2098842,scotus,04-8999
66227753,scotus,No. 1214
8411616,ca7,18-2203
66532859,scotus,No. 98-9792
2833214,ca6,07-1346
1172535,ca11,90-7725
65279066,scotus,No. 156
2885416,ca8,"00-3931, 00-3963"
202156,ca5,04-50072
66451755,scotus,No. 98-7948
63773201,scotus,No. 09-8619
66659520,scotus,No. 17-1623
64890096,ca11,21-11333
409825,scotus,99-1434
576069,ca2,27997_1
321160,scotus,02-10339
2343504,scotus,03-8368
1426397,ca6,75-1434
66531963,scotus,No. 99-7428
778128,ca7,"05-4629, 05-4520"
64338002,scotus,No. 11-6853
67754677,ca11,23-10359
1822140,ca4,82-8187
3039146,ca6,15-3554
2884088,ca8,00-3470
138707,ca5,98-50771
64347839,cadc,No. 213
67787613,ca8,23-2326
2102507,ca9,76-1308
697798,ca10,"8229, 8230"
65668499,ca6,No. 01-1990
2140345,ca4,98-7483
143197,scotus,153
953623,ca6,80-1151
66246761,scotus,No. 286
66256234,ca10,No. 90-1013
2867886,ca3,96-1861
520342,ca5,1031
254575,ca2,2000
2492262,ca3,77-1556
2876671,ca8,96-4186
64015261,ca3,"Nos. 92-5510, 92-5512"
2197059,ca4,84-6345
2158204,ca4,09-7051
662831,cadc,3316_1
6165411,ca6,17-5025
7440158,ca8,17-2409
1064709,ca3,84-1196
600218,ca3,09-4679
336090,scotus,02-10259
64021495,ca11,No. 93-2314
14729394,ca7,18-1478
531961,ca10,"00-3377, 00-3380"
66726355,scotus,No. 18-9153
764286,scotus,861
66450272,scotus,No. 98-7050
66238931,scotus,No. 311
66361775,scotus,No. 88-986
65673897,ca5,No. 03-20450
1926628,ca4,90-7109
848319,ca9,93-50013
827536,ca5,82-4343
66229909,scotus,No. 903
144583,ca6,76-1446
381942,ca11,83-5259
182811,ca9,80-1185
1097019,ca4,72-1745
2630727,ca4,13-4645
796121,ca10,92-1114
65340905,ca11,21-14182
64158492,ca9,No. 00-15698; D.C. No. CV-97-00769-ROS
68177476,cadc,24-5011
65657823,ca2,Docket No. 06-1080-CV
66354507,scotus,No. 88-6822
66426217,scotus,No. 95-8103
675959,ca3,14213
803250,ca5,91-2066
253458,ca9,1043
65953673,ca9,No. 04-73865
66523712,scotus,No. 05-7536
68416505,ca3,23-2960
1187198,ca10,"91-3263,"
14714658,ca5,18-50571
29234,ca6,78-3629
66414633,scotus,No. 94-6383
565674,ca3,76-1213
66275714,scotus,No. 75-1860
887667,ca9,78-1393
894029,ca8,86-2195
1244949,ca9,72-1767
66266877,scotus,No. 74-356
522426,ca9,92-10145
2494287,ca5,00-50285
66404069,scotus,No. 93-8445
66320962,scotus,No. D-517
16086792,ca7,19-1446
2685018,ca5,14-41286
16841938,ca6,19-5703
1091919,ca10,4371
66188305,ca3,"Nos. 78-1115 to 78-1117, 78-1827, 79-1311 and 79-1976"
66295480,scotus,No. 80-313
66460617,scotus,No. 99-8839
66308078,scotus,No. 82-250
66334344,scotus,No. 86-1421
2923134,ca9,12-70712
66421180,scotus,No. 94-8351
1020270,ca1,1140
67302662,ca2,22-3214
66473757,scotus,No. 02-9048
858794,cadc,84-5134
65266255,scotus,No. 14–5415.
66321646,scotus,No. 84-1921
66696297,ca2,22-659
66056804,ca2,No. 170
66203543,ca2,"No. 354, Docket 84-6225"
65301043,scotus,No. 796
119518,ca7,"12-2706, 13-2045"
60053027,ca5,20-50153
66237460,ca10,No. 86-1467
65700217,ca9,No. 05-76929
7916900,ca7,18-1296
728559,ca8,03-3469
66651358,ca3,No. 9
1974242,ca2,08-0139-pr
1312966,ca4,01-7956
1104172,ca7,79-2435
848700,ca9,92-35082
2886317,ca3,"05-4800, 06-2986"
599525,ca1,"00-2016, 00-2020, 00-2017, 00-2018"
534712,ca9,12-30145
2460956,scotus,04-6245
1193236,ca5,71-1477_1
227929,ca8,83-1218
236983,ca6,87-1834
17285285,ca3,19-2625
66352679,scotus,No. 88-6715
226679,ca8,83-1178
66494368,scotus,No. 04-8739
65963485,ca4,No. 16-1375
65611192,scotus,No. 13–8039.
63192363,ca4,21-4511
1257176,ca5,93-08012
64050934,ca7,"Nos. 96-3879, 96-3937"
761576,ca4,96-1717
66235232,scotus,No. 454
66472841,scotus,No. 01-10491
63975666,ca5,No. 10387
550499,ca3,89-2027
65661240,ca10,No. 14-5091
66328523,scotus,No. 11-9170
66487278,scotus,No. 03-7867
129855,ca5,91-7006
1532084,ca5,87-6251
66457769,scotus,No. 99-8317
201302,ca6,84-5711
17111400,ca7,18-3507
63930236,ca2,No. 90
1121379,ca4,09-6923
2442635,ca2,90-1019
65692130,ca4,No. 11-1274
18711143,ca8,20-1567
2917572,ca11,10-12069
66264112,scotus,No. 73-1294
1247088,ca9,07-10106
2155997,ca4,82-1480
561196,ca2,84-1288
369196,ca8,13-3327
66356256,scotus,No. 88-7257
1158939,cadc,88-7125
66413697,scotus,No. 94-6028
66434399,scotus,No. 96-1854
2478517,ca6,86-1705
734547,ca3,92-7507
65963735,ca5,No. 16-40034 Summary Calendar
300906,ca11,06-12742
65703412,ca9,No. 07-35217
2499809,ca4,94-6351
66262898,ca5,No. 90-2828
66323396,scotus,No. 10-9554
65629054,scotus,No. 16–8563.
64202949,ca7,No. 01-3012
280677,ca8,94-3739
65292733,scotus,No. 169
374342,ca4,09-1383
1648118,ca4,00-1174
2178311,ca3,84-5523
278291,ca8,15692_1
1961824,ca9,04-56799
1989893,ca8,90-1650
18463698,ca4,20-6183
66431459,scotus,No. 96-1370
2620211,ca5,14-40278
66427781,scotus,No. 95-1824
767258,ca9,72-1937
203518,ca9,82-1534
401953,ca7,10-3362
506765,ca6,89-1354
64054254,ca9,No. 97-10378
321005,cadc,12-7135
63975443,ca2,No. 327
63922077,ca8,No. 6513
65278957,scotus,No. 120
66353485,scotus,No. 87-1830
2380390,ca11,92-3278
1516334,ca9,78-3316
6149681,ca3,16-3107
165207,cadc,04-3067
66346893,scotus,No. 88-112
66283187,scotus,No. 77-1046
61690754,ca4,19-4853
66453236,scotus,No. 98-1587
66193664,ca4,No. 82-1144
63391980,ca5,21-51061
54838,ca7,04-1961
66724555,scotus,No. 18-1276
66513745,scotus,No. 11-8162
132610,ca8,91-2011
66555661,scotus,N.o. 83-5588
60121,ca7,79-1549
719981,ca8,71-1483
1042267,ca4,13-2273
66508423,scotus,No. 12-332
185783,ca2,"253, Docket 27784"
66239405,scotus,No. 453
1743353,ca6,73-1890
2892937,ca9,09-30237
66130851,ca5,No. 232
2457734,ca4,13-1574
693651,ca9,22483_1
832165,ca8,90-2551
597613,ca4,13-4405
66162738,ca9,No. 24130
65269773,scotus,No. 14–7963.
1898209,ca9,10-10038
653145,ca10,4609
66199424,scotus,No. 440
66644281,scotus,No. 17M19.
66267760,ca8,No. 90-2158
65894991,ca9,No. 05-56223
468711,ca5,11-41259
65907912,ca9,No. 07-10065
1531102,ca11,81-7247
876024,ca2,11-2615-ag
65889022,ca2,No. 05-2407-cv
264946,ca5,87-3114
985435,ca9,88-1586
65298490,scotus,No. 109
64011090,ca5,No. 19111
433764,ca3,"79-2824, 80-1154"
60187592,ca5,20-50501
66544034,scotus,No. 95-5925
14650241,ca5,18-50413
868985,ca2,12-4111
220678,ca11,99-4144
66545996,scotus,No. 03-11024
63968903,ca10,No. 1923
66512825,scotus,No. 11-7836
140166,ca3,10-2293
66543201,scotus,No. 95-144
66229149,scotus,No. 14
1053521,ca10,95-3273
1043408,ca5,5162
66529504,scotus,No. 99-1967
65665063,ca7,No. 02-3202
793496,ca6,81-3562
4417568,ca3,15-3399
65723510,ca9,No. 07-15358
220687,ca5,06-20965
66214470,scotus,No. 457
59914583,ca2,18-1801
65606820,scotus,No. 13–5103.
1016887,ca4,08-6837
66659110,scotus,No. 18–6866.
438860,cadc,"92-3071, 92-3072"
804090,ca7,86-1748
66551269,scotus,No. 96-5705
563929,ca7,"91-3038, 91-3688"
187111,ca11,04-11902
64126733,ca6,No. 00-4526
64093256,ca9,No. 00-15534
6316515,ca11,16-14966
1159530,ca10,07-8039
1317159,ca9,87-15022
585439,ca8,97-3020
63921732,ca6,No. 4159
16651233,ca10,19-1133
68827104,ca9,23-55699
66031880,ca8,"No. 1,735"
2920492,ca11,09-13452
2002332,ca4,84-5193
17308401,ca5,19-60716
2316955,ca6,75-2137
204862,ca11,96-3284
66338712,scotus,No. 87-5387
1877531,ca10,10-1253
65708987,ca5,No. 11-20728
66493700,scotus,No. 04-8394
4113464,ca5,14-51173
977604,cadc,6524
631520,ca10,"89-5166, 89-5173"
66278984,ca10,No. 92-5102
63121946,ca11,21-10062
65674295,ca9,No. 03-70208; Agency No. A77-819-021
63234294,ca9,21-15383
66074547,ca7,No. 2012
66264439,ca4,No. 90-1826
451584,ca10,05-5138
66523387,scotus,No. 05-7238
66548075,scotus,No. 04-550
17397749,ca3,19-2573
66660565,scotus,No. 12–1447.
668735,ca5,21596
837382,ca10,91-6014
60060738,ca6,21-5039
634539,ca5,77-5211
2152776,ca3,81-2865
345519,ca11,04-15182
1048147,ca6,94-6552
65691113,ca9,No. 02-15562
245525,scotus,02-7574
92742,ca9,16041_1
2864383,ca4,14-2012
357916,ca3,16423_1
664887,ca4,12445
65608570,scotus,No. 13–6346.
1035800,ca9,93-70456
725595,ca8,03-1166
1566152,ca6,09-3399
66435266,scotus,No. 97-1269
682336,ca4,9223_1
65277162,scotus,No. 42
65286452,scotus,No. 1062
66721918,scotus,No. 18–8678.
65688537,ca4,No. 10-7007
65718076,ca9,No. 05-73173
65703204,cadc,No. 08-1059
2896159,ca8,02-3196
64074139,ca7,No. 00-1875
66231321,ca2,"Nos. 165, 296, Dockets 87-7392, 87-7402"
65888218,ca10,No. 05-4212
273427,scotus,351
63940951,ca2,No. 252
66382075,scotus,No. 91-649
858347,ca7,96-2130
409083,ca6,95-6353
2308097,ca6,96-5369
70622150,ca9,23-2611
208358,ca11,04-13405; D.C. Docket 03-60209-CR-WJZ
497557,ca10,"85-1768, 85-1771"
2100356,ca4,04-6885
983631,ca6,20649
2490971,ca5,76-4194
65656258,ca6,No. 02-2245
63968051,ca2,No. 371
66222546,scotus,No. 562
912087,ca4,07-4518
585535,ca4,9109
1007082,ca5,78-1817
617476,ca9,08-74777
1022006,ca9,10-16545
66438198,scotus,No. 97-5493
325623,ca5,81-7001
1346321,ca8,85-1416
1982529,ca6,90-3708
2057652,scotus,03-492
66239974,scotus,No. 383
66503811,scotus,No. 11-1493
658613,ca5,25454_1
63979360,ca5,No. 11032
2880403,ca8,98-3941
799668,ca7,85-2005
66538247,scotus,No. 01-5300
2874286,ca8,95-4035
757653,ca5,71-2508
325502,ca4,91-5151
59936472,ca2,20-2177
66506496,scotus,No. 12-6530
6079490,ca8,16-1417
64026452,ca9,No. 94-55454
6171284,ca5,17-50130
2659632,ca9,13-16626
65267109,scotus,No. 13–1491.
66370530,scotus,No. 90-739
698780,ca7,15287-15290
65684175,ca5,No. 04-10738
2882091,ca8,99-1552
420315,ca11,10-13435
63958466,ca7,No. 5807
1196442,ca11,85-3540
951831,ca7,80-2393
1977859,ca5,94-10017
2628168,ca5,13-20560
66478471,scotus,No. 02-1670
529091,ca4,83-1243
3044253,ca1,15-1273P
542197,ca10,09-6095
65615140,scotus,No. 14–1327.
65684149,ca2,"Nos. 02-7661, 02-7700, 04-0845"
787597,ca6,82-5020
622877,ca5,17406_1
65299894,scotus,No. 297
65710622,ca3,No. 07-2198
56207,cadc,20-5143
2877687,ca3,05-2028
552067,ca4,01-4715
614564,ca3,11204_1
66307936,scotus,No. 82-5227
14543167,ca9,17-55627
2105740,ca10,96-6410
764591,ca8,80-1591
520723,ca9,23326
16694957,ca11,19-10309
66321427,scotus,No. 10-8940
1126881,ca9,11088
66185033,ca4,No. 77-1387
903533,ca4,95-1975
1110670,ca5,96-40463
6130962,ca4,16-7350
2606636,ca3,14-1013
65963394,ca5,No. 15-41740 Conference Calendar
66521840,scotus,No. 04-1203; No. 04-1236
65271281,scotus,No. 14–8785.
66524536,scotus,No. 05-803
66421947,scotus,No. 94-1244
64095003,ca9,No. 00-10251
932763,ca4,"90-7375, 92-6195"
65309551,ca3,No. 92-7152
16561651,ca11,18-12270
332264,ca7,"88-3062, 88-3140"
64330578,scotus,No. 10-7039
65692310,ca4,No. 10-7736
4469471,ca9,14-70012
57613,cadc,85-1835
233515,ca11,07-13229
558694,ca10,89-2235
66346742,scotus,No. 87-7333
2278473,scotus,16
67203752,ca2,22-1644
7574825,ca5,17-20777
66649933,scotus,No. 18–5887.
543041,cadc,82-1726
1306728,ca5,76-2414
66473900,scotus,No. 02-1248
943419,ca4,75-1412
2055893,ca11,96-8337
761826,ca7,79-2525
443694,ca9,"10-10318, 10-10330"
21236,ca9,17-56607
6301121,ca4,17-6624
65618780,scotus,No. 15–7236.
337910,ca9,07-75132
65302026,scotus,No. 539
388847,ca9,73-2663
66425088,scotus,No. 95-7942
65628172,scotus,No. 16–5461.
66501752,scotus,No. 10-6650
16398,cadc,18-1149
66211543,scotus,No. 622
299076,ca5,18015_1
811652,ca6,15486_1
65717644,ca2,No. 08-2984-ag
2509856,ca5,7263
816103,ca9,87-2350
66730292,ca9,22-15373
598578,ca10,83-1992
66521234,scotus,No. 05-5174
66156769,cadc,"Nos. 18230, 18235"
66327235,scotus,No. 84-922
65875792,scotus,No. 350-55
2590489,ca10,14-3014
722575,ca8,99-2628
66501150,scotus,No. 10-5130
2889569,ca8,03-1651
2482392,scotus,01-8597
875987,ca3,11-2507
771195,ca6,82-3638
561689,ca9,"77-3919, 77-3955, 77-4003 and 78-1032"
66552120,scotus,No. 96-6213; No. 96-6478
93624,ca4,13-4615
65280607,scotus,No. 896
2899440,ca8,06-2233
66193157,ca4,No. 82-1284
65288231,scotus,"No. 2, original"
65607324,scotus,No. 13–5523.
66529479,scotus,No. 00-5884
15447209,ca10,17-2180
2479822,ca5,80-3118
2921318,ca11,08-15011
568475,cadc,20906
234337,ca5,09-41141
2466902,scotus,03-6233
65280399,scotus,No. 131
2820999,ca1,95-1087
2474285,ca8,93-3332
1482784,ca1,04-1492
66542388,scotus,No. 94-1897
66259610,scotus,No. 72-1312
66436686,scotus,No. 97-7373
791963,cadc,00-7210 & 00-7211
132621,ca2,26583_1
870937,ca9,97-15068
66351653,scotus,No. 88-1136
66368809,scotus,No. 90-391
2880442,ca8,98-2415
66238736,scotus,No. 280
657785,ca5,24291_1
411258,ca2,10-569
63996504,ca1,No. 4554
66775300,ca4,22-1820
2579781,scotus,Nos. 347 and 348
66287636,scotus,No. D-150
2866446,ca10,14-3281
66290599,scotus,No. 79-5409
1434558,ca5,83-4720
454067,cadc,10495
919977,ca3,12-1501
8029991,ca9,17-56831
66109748,ca2,No. 25
2875836,ca8,96-3233
248212,ca6,11467_1
63958762,ca6,No. 7285
66374010,scotus,No. 90-1439
387431,ca6,13-3959
1465950,ca9,12-30018
1942895,ca7,76-1415
296800,ca3,12982
65896081,ca9,"Nos. 04-75269, 05-70901"
66537865,scotus,No. 01-81
2055643,scotus,93-178
66647046,scotus,No. 17–9501.
4113126,ca11,16-14675
616852,ca8,"92-2916, 92-2918"
64010961,ca10,"Nos. 6822, 6823"
738442,ca8,01-1233
2180139,ca5,72-1860
70321,ca11,07-15717
66419081,scotus,No. 94-1076
66239683,scotus,No. 590
2305401,scotus,132
221940,ca1,80-1747
66428433,scotus,No. 95-8706
66407361,scotus,No. 93-6090
66212801,scotus,No. 268
628096,ca10,11-1152
66655837,ca2,"No. 285, Docket 78-6120"
830758,ca5,90-8273
665591,ca7,88-2834
338090,ca5,10-11033
66404043,scotus,No. 93-8388
280048,ca9,12-16930
66232321,scotus,No. 180
66024239,ca8,"No. 1,399"
2855984,ca7,04-2475
1298079,ca9,14928
1000100,ca11,87-8945
3015677,ca4,15-7235
123611,ca8,76-1758
227463,ca7,"08-4124, 08-4278, 09-1206, 09-1330, 09-2251, 09-2277"
766127,ca1,81-1278
62627402,ca11,20-12061
66249493,scotus,No. 1368
63977172,ca6,No. 9515
65884922,ca1,No. 03-2013
527055,scotus,04-8547
64284124,ca4,No. 01-2179
235103,ca3,91-3815
66643134,scotus,No. 16–9103.
66723560,scotus,No. 18-9318
66526872,scotus,No. 00-600
66443436,scotus,No. 98-5050
65279110,scotus,No. 823
6128585,ca2,16-655(L)
14669989,ca5,18-30652
1013613,ca6,87-1215
66235409,scotus,No. 455
2493962,ca5,95-10370
66404971,scotus,No. 93-1660
1241437,ca4,72-1327
66152675,ca7,No. 14945
66354998,scotus,No. 88-1782
64280766,ca4,No. 01-8090
69583898,ca3,24-2113
66308009,scotus,No. 82-288
944778,ca7,96-1975
66327901,scotus,No. 11-8744
2447056,ca6,82-1970
65717450,ca4,"Nos. 09-1217, 09-1218"
18602095,ca9,19-35802
66720305,scotus,No. 18–7505.
173763,ca2,"256, 257, Dockets 35068, 35210"
878200,ca4,12-4022
2470785,ca4,13-6591
65913065,ca2,"Nos. 05-2430-cr(L), 05-2438-cr(CON)"
3060330,ca4,15-7962
66532511,scotus,No. 98-9213
700415,scotus,10-98
64348618,cadc,"Nos. 460, 461, 463 and 464"
11673,cadc,19-8001
66233559,scotus,No. 1231
64338383,scotus,No. 10-10752
63928309,ca1,No. 2084
383754,ca3,13-1058
66423031,scotus,No. 94-1628
63937635,ca6,No. 5819
66388441,scotus,No. 91-7982
2858137,ca7,"06-3364, 06-3448"
2874925,ca8,95-2944
1977934,ca5,94-20038
66367149,scotus,No. 90-87
67676007,ca5,22-11224
66449664,scotus,No. 98-7267
66387930,scotus,No. 91-7823
2034624,ca11,92-4495
739711,ca3,84-3389
2497002,scotus,03-10738
18837,ca1,19-1496
121785,ca3,86-5782
7914231,ca7,17-3553
66032979,ca3,No. 1
1500908,scotus,03-9636
713408,ca7,17602
2145563,ca4,89-6784
2053242,ca2,93-6246
66737128,ca5,22-51124
52244,scotus,77
2825745,ca4,04-4487
66491290,scotus,No. 03-9838
1952725,ca3,97-3020
349472,ca4,11-6468
750833,ca5,30781
66528635,scotus,No. 99-10069
282306,ca3,88-1670
65893096,ca9,No. 05-73709
65276690,scotus,No. 400
16670917,ca5,17-60212
66520539,scotus,No. 04-10189
66382901,scotus,No. 91-6471
1465145,ca5,87-3855
784964,ca4,78-6528
2472391,ca11,92-2479
65718216,ca9,No. 06-75446
842841,ca4,92-1664
65940455,ca9,No. 06-16426
104991,ca9,M-79-8139
521914,ca1,77-1349
66463535,scotus,No. 00-8745
63141398,scotus,20-5279
1591368,ca5,95-60463
3015763,ca11,15-11055
65892880,ca4,No. 05-1921
65957198,ca4,No. 13-2519
65964327,ca5,No. 16-40448 Conference Calendar
2085564,ca1,78-1536
605310,ca10,95-3074
66414084,scotus,No. 94-5856
2905506,ca8,08-3745
2455703,ca4,07-7615
1039131,ca8,8013
2397656,ca10,7274_1
66217535,scotus,No. 365
2518506,scotus,189
203619,ca5,08-30704
6137594,ca9,15-73524
6079814,ca4,17-6216
2685959,ca11,"14-13056, 14-13058"
175874,ca4,6961_1
691407,ca5,18743_1
66439087,scotus,No. 97-484
63372860,ca8,21-2122
16609215,ca6,18-4087
65888679,ca2,No. 05-3818-ag
66286511,scotus,No. 78-324
1492278,scotus,03-6922
2240258,ca5,91-7274
67667071,ca5,22-11228
66416145,scotus,No. 94-6077
728356,ca2,03-7860
615027,ca10,92-6338
1942956,ca7,77-1817
66726428,scotus,No. 19-6949
496901,ca3,11035_1
65282790,scotus,No. 116
584431,ca4,09-5218
66513693,scotus,No. 11-8112
66466354,scotus,No. 00-1761
66655741,ca9,No. 75-2826
894068,ca7,74-1215
2890345,ca9,09-50218
362572,ca6,93-4298
66513280,scotus,No. 11-7833
625590,ca5,24538
6304117,ca11,15-13871
66374785,scotus,No. 90-954; No. 90-1004
66481740,scotus,No. 03-5962
6163867,ca9,16-72207
63319685,ca5,20-50885
2897371,ca9,05-10752
65926113,ca2,No. 07-3258-ag.
989061,ca6,86-5198
1274284,ca4,80-6502
2145981,ca5,95-40897
65669463,ca6,No. 02-1140
2018819,ca4,02-6608
66483362,scotus,No. 03-6274
4486276,ca9,15-17556
64347848,cadc,No. 1235
2216242,ca4,98-6398
2870089,ca3,01-2921
6261801,ca5,17-10119 Summary Calendar
912579,ca4,04-1764
714399,ca10,83-1852
64331337,scotus,No. 10-8252
6137276,ca10,16-3271 & 16-3279
64328833,scotus,No. 10-6882
2870758,ca3,01-2943
43066,ca7,12-3270
233406,ca6,11-6517
66378313,scotus,No. 90-8313
66367368,scotus,No. 90-5017
138254,ca7,12-1809
65000837,cadc,"Nos. 87-1085, 87-1095"
1782964,ca2,92-9072
65712925,ca9,No. 06-56149
2000561,ca3,88-5153
1227060,ca5,86-4933
66503726,scotus,No. 11-1366
59736046,ca3,21-1357
65614879,scotus,No. 14–8720.
66456501,scotus,No. 99-8340
2819287,ca1,93-1235
63980553,ca2,No. 318
66161390,ca9,"Nos. 23173, 23177 and 23178"
66086868,ca5,No. 3134
66466309,scotus,No. 00-1568
948413,ca4,79-1788
1624023,ca9,10955
66428987,scotus,No. 96-651
361267,ca3,91-1897
2134702,scotus,02-8869
66324420,scotus,No. 85-5625
66345834,scotus,No. 87-1703; No. 87-1704
65283975,scotus,No. 328
66475516,scotus,No. 02-9617
2056370,scotus,93-20
525335,ca9,"04-73671, 04-76147"
65612947,scotus,No. 13–8870.
66199502,scotus,No. 508
356782,ca9,85-3117
655683,ca6,06-5464
18568420,ca4,20-1587
1184959,ca11,05-10486
65961094,ca4,No. 15-7270
66191065,ca4,No. 79-1539
2053114,ca11,00-10097
1569574,ca5,95-30835
2468499,ca5,97-10470
2163348,ca5,79-1864
64279771,ca9,No. 01-35576; BAP No. WW-98-1525-PMcMe
66488231,scotus,No. 02-8202; No. 03-224; No. 03-709; No. 03-752; No. 03-6341; No. 03-6607; No. 03-6617; No. 03-6667; No. 03-6714; No. 03-6825; No. 03-7035; No. 03-7038; No. 03-7409; No. 03-7476; No. 03-7486; No. 03-7558; No. 03-7563; No. 03-7576; No. 03-7777; No. 03-8009
1513648,ca3,75-2046
815380,cadc,87-1015
720690,ca3,19177_1
66446565,scotus,No. 98-544
1686946,scotus,02-644
281517,ca7,78-2236
2167433,ca1,88-1406
65294180,scotus,No. 903
66293186,scotus,No. 78-6884
60182754,ca5,20-20538
1350726,ca5,95-30734
63148616,ca8,21-2476
1029031,ca9,92-56182
66497687,scotus,No. 19-5220
64317536,cadc,Case No. 17–cv–1459 (CRC)
16738408,ca2,18-51
66405887,scotus,No. 92-9108
2919744,ca11,14-15618
1994401,ca8,88-1369
820798,ca6,88-4076
66412828,scotus,No. 93-9035
1644768,ca11,93-6757
66487481,scotus,No. 03-8097
65697269,ca9,No. 04-50536
285514,ca10,07-5155
66353080,scotus,No. 88-240
63921935,ca4,No. 2310
66317518,scotus,No. 84-5511
69657192,ca5,24-40250
971722,ca9,4218
66328458,scotus,No. 11-9040
66430203,scotus,No. 96-1353
7305436,ca2,17-1779-cv
66501773,scotus,No. 10-7041
520011,ca7,76-1706
66488362,scotus,No. 03-8196
65663370,ca2,"Docket No. 17-881; August Term, 2017"
66266700,scotus,No. 73-303
17352369,ca9,14-72857
66089785,ca2,No. 203
408351,scotus,223
65711387,ca2,No. 07-4726-cr
1447095,ca8,12-1071
66262744,scotus,No. 73-5715
687041,ca6,11-4400
113382,ca11,95-4887
2294310,ca5,87-3091
2894729,ca8,04-3468
590682,ca4,6103
1590284,ca10,07-2191
63924150,cadc,No. 1839
742881,ca8,02-3329
1044111,ca7,6421
1983210,ca5,96-30575
66514259,scotus,No. 11-185
66026028,ca8,"No. 1,432"
65958552,ca4,No. 14-1405
405282,ca1,1758
2675270,ca7,14-3017
66333359,scotus,No. 86-5866
2881065,ca8,98-3871
2851376,ca7,"99-1199, 99-3424"
406713,scotus,"13, Original"
362131,ca9,91-15747
2420493,ca11,93-6808
413138,scotus,1075
1379385,scotus,03-6071
1005530,ca9,89-15861
1988179,ca4,14154_1
66643383,scotus,No. 16–1464.
66485108,scotus,No. 03-6908
66542445,scotus,No. 94-1953
1501762,ca4,75-1831
2494584,scotus,93-260
66272208,scotus,No. 75-402
371939,ca7,92-2512
1056797,ca11,92-3014
1134228,ca5,02-30115
2486353,ca5,09-50427
66512475,scotus,No. 11-7539
2210612,scotus,93-794
1568765,ca2,91-2080
531876,ca2,"Docket 10-0722-cv(L), 10-0867-cv(CON)"
66424222,scotus,No. 94-1811
66432372,scotus,No. 96-8410
66427048,scotus,No. 95-8624
254495,ca2,13-649-cr
63939190,ca6,No. 5671
54998,ca10,175-70
834656,ca9,91-15602
64109124,ca9,No. 99-30080; D.C. No. CR-97-00115-HRH
660416,ca2,"730, Docket 97-7476"
870760,ca9,96-35273
66649097,scotus,No. 18–6457.
2882354,ca8,99-4207
1503805,ca3,79-1187
65731014,ca3,No. 08-4746
65626534,scotus,No. 16–5742.
2450458,ca8,83-2069
66491349,scotus,No. 03-1212
2861528,ca7,09-2332
860012,ca5,85-1361
308833,ca3,87-5666
66176721,ca5,No. 74-3335
375857,cadc,01-1242
1061395,ca3,00-2440
69635044,ca8,24-2278
64326895,scotus,No. 10-88
491132,ca6,"86-3236, 86-3706 and 86-3767"
813803,ca10,"85-2643, 85-2644"
1258173,ca10,94-6383
16622804,ca9,18-15365
2892504,ca8,03-2266
66410476,scotus,No. 93-9174
65911108,ca5,No. 06-20896
66509711,scotus,No. 10-10714
1156110,ca6,91-5493
512476,ca9,83-5069
575517,ca11,10-10902
802340,cadc,85-1243
527221,ca8,77-1609
1106853,ca4,06-1981
2372177,ca2,95-9020
310818,ca11,82-7226
63977092,ca10,"Nos. 2646, 2647"
2112416,ca4,96-6670
2672575,ca6,14-1925
65610107,scotus,No. 13–7298.
649114,ca1,14195_1
65710542,ca7,No. 11-1230
66413822,scotus,No. 93-9722
16948159,ca5,19-50207
65665791,ca7,No. 02-4161
66176642,ca2,"No. 619, Docket 75-6122"
842597,ca7,91-3161
356120,ca3,88-1360
63922303,ca7,No. 3508
66350262,scotus,No. 88-959
577098,ca9,11-16487
356591,scotus,44
66344811,scotus,No. 87-1556
66449813,scotus,No. 98-7432
434336,ca5,07-30917
66513390,scotus,No. 11-8082
1276306,ca4,12-4938
1708137,ca8,93-3317
737751,ca9,"01-10438, 01-10504"
2092768,ca11,85-5419
66296526,scotus,No. 80-5646
1238793,ca6,09-4559
908937,ca4,01-4371
63982316,ca1,No. 4150
3080905,ca7,15-3622
2377439,scotus,"934, Misc"
66526585,scotus,No. 00-6606
64909815,ca11,19-15165
65269432,scotus,No. 14–7353.
1187669,ca5,92-2965
84312,ca2,Docket 04-2000-PR
2482806,ca4,92-6976
840773,ca7,91-3833
2629907,ca9,11-73749
64333448,scotus,No. 10-8003
65959059,ca2,No. 13-405-cr
66188637,ca9,No. 78-3262
2175590,ca9,80-4177
1024794,ca10,10-4145
831150,ca5,01-31049
4609581,ca5,15-51165
6129414,ca8,16-3894
69440655,ca5,23-50911
66438332,scotus,No. 97-5768
6855164,ca5,17-10573
66029094,ca4,No. 430
63959277,ca2,No. 75
846088,scotus,10-218
734141,ca9,03-16976
14663,ca7,19-2308
809276,ca4,14-6337
1693165,scotus,92-9221
2878422,ca3,05-2726
2892339,ca8,03-3333
407380,ca1,95-2345
63980270,ca8,No. 13028
66463808,scotus,No. 00-1045
2253915,ca4,86-3714
1813829,ca5,81-1262
66279669,scotus,No. 76-1187
66343380,scotus,No. 87-6084
771237,ca3,82-1342
6185,ca9,19-55517
1166350,ca4,03-6959
663591,ca5,26466
298339,ca9,18725
63976525,ca10,No. 2684
2249247,ca9,94-10157
66471671,scotus,No. 01-10065
535196,ca8,572
66436547,scotus,No. 97-7571
366978,scotus,86-1908
66235033,scotus,No. 280
66663338,scotus,No. 83-5986
67414749,ca11,23-10031
66457684,scotus,No. 99-7504
14806421,ca5,18-10334
774551,ca6,"77-3597, 77-3598"
230,ca9,12-16819
64337113,scotus,No. 11-5903
66244323,scotus,No. 1100
1359175,ca5,95-10792
66243776,scotus,No. 939
1205046,ca5,06-51273
15053480,ca7,18-2076
18712175,ca4,20-1171
4544725,ca4,15-1975
65624208,scotus,No. 15–9200.
850365,ca4,05-6827
2867166,ca3,94-3371
1585854,ca5,95-60163
66404743,scotus,No. 93-8820
66407161,scotus,No. 93-5954
786082,cadc,91-7128
65956031,ca4,No. 10-6863
46841,ca5,03-21184
529156,ca9,84-1532
6144451,ca9,14-35718
66456853,scotus,No. 99-941
63930837,ca8,No. 8064
157414,ca11,12-15792
63928666,ca2,No. 156
65666864,ca9,No. 02-10508; D.C. No. CR-02-00435-SRB
65706667,ca4,No. 12-6453
65289006,scotus,No. 549
534676,ca8,12-3394
371015,ca10,93-4067
2860002,ca7,08-1863
848711,ca3,12-2954
616920,ca7,10-2340
64281457,ca9,No. 01-15924; D.C. No. CV-00-00756-DFL(GGH)
66464471,scotus,No. 00-9393
63341140,ca9,20-16001
66366481,scotus,No. 89-7281
2483552,ca11,85-5444
327811,ca6,91-2187
536856,ca11,12-10252
461518,ca10,06-2298
65960434,ca8,No. 15-1981
701025,ca6,20819
65733274,ca7,No. 09-3785
63986375,ca5,No. 12035
1283789,ca11,84-8166
66802920,ca11,21-10614
66521908,scotus,No. 05-180
1705737,ca9,11-30248
66527972,scotus,No. 00-7447
4486531,ca10,15-3146
662454,ca2,"275, Docket 31661"
63924588,ca5,No. 4757
65676774,ca7,No. 02-3826
66228515,scotus,No. 157
66036403,ca8,"No. 1,853"
66455258,scotus,No. 98-1528
1302147,cadc,22008
66399974,scotus,No. 92-1497
65909489,ca9,No. 06-16438
64329420,scotus,No. 09-1566
66252425,scotus,No. 70-64
1402817,ca4,13-1498
2451336,ca5,01-50642
66228249,scotus,No. 177
218316,scotus,86-6919 (A-842)
190980,ca2,34957
66429328,scotus,No. 96-1070
727348,ca8,03-2217
66348206,scotus,No. 88-416
2894222,ca8,02-3797
729116,ca6,04-1502
65685311,ca5,No. 04-41128
66546320,scotus,No. 04-5241
66437886,scotus,No. 97-5093
3028041,ca1,14-1953P
275152,ca2,93-2407
67330625,ca4,23-6054
2439296,ca6,84-1525
1879660,ca3,80-2263
66272845,scotus,No. 75-277
733833,ca7,04-3793
212517,ca9,98-35897
6352196,ca4,17-2330
66256456,scotus,No. 71-1345
207462,ca9,96-50118
2113476,ca5,73-1297
1739360,ca8,88-2546
369292,ca8,13-3713
2820144,ca1,94-1020
458674,ca4,92-7048
830210,ca11,82-8111
985847,ca10,87-2442
63978830,cadc,No. 8575
2434793,ca2,80-7063
66450287,scotus,No. 98-7376
66382582,scotus,No. 91-801
630950,ca3,16797_1
195365,ca11,08-15673
66303558,scotus,No. 81-999
1075692,ca2,11-5321-cr
1875691,ca2,Docket 09-3129-ag
66361191,scotus,No. 89-1168
66189628,ca3,No. 80-1699
763775,ca10,72-1620
2652953,ca9,11-71434
66077171,ca8,No. 4240
66430359,scotus,No. 96-723
916914,ca5,13-40038
64885007,ca8,21-2418
909132,ca8,"92-2347, 92-2492"
66216142,scotus,No. 326
65913236,ca9,No. 04-73208
64334252,scotus,No. 10-8907
791191,ca4,01-6685
139636,ca5,05-10720
246695,ca4,01-6813
3080960,ca5,15-41504
1053750,ca9,94-70285
2381833,ca11,88-7464
2124288,ca5,78-3133
548405,ca6,08-5495
65724966,ca9,No. 05-70873
2289573,ca7,78-1833
66481016,scotus,No. 03-5402
66309525,scotus,No. 82-875
224078,ca2,254
546834,ca8,94-2074
66295974,scotus,No. 80-5477
66045980,ca4,No. 694
371493,ca6,93-1727
66506424,scotus,No. 12-6598
64339709,scotus,No. 11-607
66348571,scotus,No. 88-5089
439472,scotus,04-6246
2106884,ca4,77-1713
17087606,ca9,19-16517
754228,ca9,95-16410
64000387,ca2,"Nos. 100, 101, Dockets 23707, 23708"
65671893,ca9,No. 02-70599; Agency No. A91-452-513
4549269,ca5,16-10048
2500256,ca5,91-5760
7406761,ca2,17-1676
1121391,ca5,01-20787
995090,ca3,3222
66482112,scotus,No. 03-5755
22634,scotus,04-6986
66376953,scotus,No. 90-8151
92380,ca5,86-1739
112879,ca1,5355
324478,ca6,78-1140
262339,ca5,86-3927
65709133,ca9,No. 06-17195
66720241,scotus,No. 17–9144.
65690291,ca5,No. 05-40346
486439,ca5,86-3601
66288206,scotus,No. 78-5916; No. 78-5917
1045497,ca4,3425
14561060,ca9,17-55570
1626138,cadc,7091
530734,ca5,10-60921
65609231,scotus,No. 13–420.
844704,ca10,11-2151
315367,ca9,9706
65959801,ca4,No. 13-2508
66433470,scotus,No. 96-8800
656971,scotus,848
380555,ca3,92-3339
65689251,ca4,No. 10-7088
671560,ca2,27486_1
125356,ca9,94-16600
256610,ca4,96-6675
1529032,ca9,95-35286
2454093,ca5,94-40624
64327071,scotus,No. 10-5138
503009,ca4,01-7270
909467,ca4,99-1188
63385698,ca2,21-875-cv
217613,scotus,483
2460738,ca4,10-1147
6183277,ca6,16-2397
17200785,ca5,19-11340
996633,ca9,88-6677
8505368,ca3,18-1491
65269394,scotus,No. 14-597
1587961,ca5,86-1212
836370,ca8,91-2241
65663475,ca3,No. 17-2933
2457716,ca3,98-1378
1017785,ca6,92-1505
66330440,scotus,No. 85-7127
66332954,scotus,No. 86-44
1109368,ca4,07-4756
66242029,scotus,No. 1966
585498,ca9,10-30070
66365597,scotus,No. 89-6917
619529,cadc,77-1822
65669087,cadc,No. 02-1285
68871559,ca3,23-1616
66260259,ca11,No. 89-3694
1391825,ca8,83-2441
2492741,ca5,91-1220
4581497,ca3,16-4227
66358486,scotus,No. 89-383
66332562,scotus,No. 86-1100
2835477,ca6,08-1314
465817,ca9,12794_1
63773286,scotus,No. 09-8716
66438698,scotus,No. 97-5393
66352761,scotus,No. 88-1069
18608571,ca9,18-50120
1246212,ca2,94-1496
973841,ca11,85-7518
66330960,scotus,No. 86-5304
2502983,ca5,05-10214
66304601,scotus,No. 81-1523
636019,ca8,08-1962
66964440,ca6,23-1212
66406234,scotus,No. 93-5103
66055272,ca2,No. 160
568175,ca4,10-4601
66517576,scotus,No. 02-8670
65281848,scotus,No. 299
370782,ca11,96-5152
1844274,ca5,91-2387
2820472,ca1,94-2061
2002244,ca5,01-20839
6179206,ca2,16-1739-cv
65683437,ca9,No. 04-15438; D.C. No. CV-03-00930-VRW
2439768,ca6,82-5521
1507321,scotus,348
65959213,ca4,No. 14-7161
65273229,scotus,No. 16-348
66534707,scotus,No. 99-5953
66278135,ca4,No. 91-2057
66424500,scotus,No. A-447 (95-1498)
66195262,scotus,No. 525
66495476,scotus,No. 04-10165 (04A972)
984940,ca5,84-1106
2212848,scotus,03-404
627643,ca4,97-4469
449961,ca5,71-2262
796825,ca2,95-2282
66427203,scotus,No. 95-1615
1028418,ca9,93-50187
718862,ca2,1999
443094,scotus,48 and 64
66220558,scotus,"No. 708, Misc."
2486586,ca4,01-1055
224869,ca9,75-1203
560010,ca10,91-4110
66443751,scotus,No. 98-5245
1190774,ca5,05-61191
1953220,ca1,10-1360
2900165,ca11,14-15613
66274609,scotus,No. 75-6395
1035969,ca10,93-8043
3035222,ca11,15-12634
66517413,scotus,No. 02-8511
66238788,scotus,No. 152
315686,ca3,77-2591
101082,ca3,98-7374
2872927,ca3,02-3879
561441,ca10,98-1464
65711648,ca4,No. 13-7541
66460880,scotus,No. 00-5102 (00A139)
1104652,ca9,4924
66223858,scotus,"No. 818, Misc."
66420221,scotus,No. 94-8100
2249406,scotus,85-437
1164795,ca3,91-5313
16819053,ca4,19-1865
2903066,ca3,07-3791
2461046,ca6,86-1590
1033019,ca9,"92-10366, 92-10367"
66263849,scotus,No. 72-1738
66433981,scotus,No. 96-9199
1084473,ca6,82-3108
66553228,scotus,No. 95-9201; No. 95-9396; No. 96-232
66267575,scotus,No. 74-653
65751666,ca3,21-1031
216735,scotus,60
65660957,ca2,No. 13-203-ag
63307872,ca5,17-30611
958887,ca10,98-6256
536730,ca5,79-2508
66435937,scotus,No. 97-7959
66748760,ca4,22-6960
66434282,scotus,No. 96-1925
66321129,scotus,No. 10-7678
593239,ca10,"07-3016, 07-3024"
313642,ca4,79-6550
63312348,scotus,20-979
978116,ca2,86-7662
66663455,scotus,No. 83-982
1072449,ca9,02-56638
8463450,ca3,17-3182
2874212,ca8,"95-2768, 95-2776"
243115,ca4,08-4999
2308197,scotus,303
16578851,ca5,19-40565
65708071,ca9,No. 07-16952
2486355,scotus,04-5270
1678102,ca11,83-8735
59919128,ca4,19-4920
274124,ca6,87-1320
1691251,ca6,96-5993
667470,ca6,"71-1326, 71-1327 and 71-1328"
66417439,scotus,No. 94-7037
731952,ca7,96-1151 to 96-1154
482304,ca7,98-1211
14533657,ca10,17-3176
66371628,scotus,No. 90-874
2832093,ca6,05-3939
66523341,scotus,No. 05-7156
66517247,scotus,No. 02-8189
65724081,ca2,No. 08-4033-cv
369328,ca5,71-3055
949847,cadc,79-1485
109714,ca4,97-7250
13323,ca4,19-4566
1261602,ca9,11-17858
64011055,ca5,No. 19537
1129291,ca8,82-2273
2502083,ca6,13574_1
16422761,ca7,19-2214
907988,ca4,06-4310
66726493,scotus,No. 19-6306
64344325,scotus,No. 95-1257
2827006,ca6,99-5192
353438,ca2,82-7087
17120408,ca8,19-2311
66330175,scotus,No. 85-2041
65279219,scotus,No. 630
66334629,scotus,No. 86-1336
1223982,ca5,09-10557
66275198,ca8,No. 91-1394
64347100,cadc,No. 401
66646534,scotus,No. 17–8949.
2239025,scotus,613
767089,ca10,80-1739
2497232,ca8,95-1758
66516479,scotus,No. 02-7656
66496295,scotus,No. 04-8743
66223565,scotus,No. 541
66198980,scotus,No. 216
147266,ca5,01-60209
241557,ca7,"12550, 12551"
65705774,ca2,No. 08-0246-ag
300928,ca9,09-17657
48301,ca1,01-1969
66257139,scotus,No. 72-5396
527938,ca6,92-2434
63776236,scotus,No. D-2460
2855096,ca7,04-2881
66148440,ca4,No. 325
66649799,scotus,No. 18–6896.
6162243,ca7,16-3391
2881047,ca3,04-3411
65628278,scotus,No. 16–8097.
66351752,scotus,No. 88-1195
64068773,ca11,No. 99-4017
66326196,scotus,No. 85-6345
642396,ca2,27791_1
2116309,ca1,03-2390
919524,ca10,02-1253
66339931,scotus,No. 87-312
871622,ca10,97-5206
64334121,scotus,No. 10-10243
64330620,scotus,No. 10-7529
65886910,ca2,No. 05-4039-ag
2466539,scotus,"1670, Misc"
1351852,ca4,83-1063
2870980,ca3,04-1239
66222071,scotus,"No. 982, Misc."
2463589,ca6,94-6147
66298603,scotus,No. 80-6312
63002493,ca11,21-11148
1125985,ca5,71-2632
2460237,ca11,95-8821
59294556,ca11,20-13145
66390373,scotus,No. 91-8129
1100105,ca4,01-4455
614858,ca9,91-50230
144593,ca2,"838, 851, 852, Dockets 76-1564 to 76-1566"
64337915,scotus,No. 11-5417
579739,ca8,76-1652
65525940,cadc,No. 1024
1566751,ca2,93-7034
52360,ca9,83-1796
65958797,ca5,No. 14-50511
39932,ca8,97-1208
4616956,ca4,17-1157
66351817,scotus,No. 88-6395
66201871,scotus,No. 615
60274512,ca4,20-7107
8108907,ca7,17-3413
175211,ca9,11-73905
458718,ca6,73-2051
1079206,ca6,77-1259
2919279,ca11,10-10093
65723456,ca9,No. 08-50411
384126,ca3,14-1309
66232501,scotus,No. 121
45793,ca5,03-41470
335490,ca6,92-1107
198185,ca11,07-13036
8395074,ca2,17-597
63160274,ca3,21-2173
64156805,ca9,No. 00-50392; D.C. No. CR-99-00572-MMM-01
63975557,ca9,No. 10077
66728090,scotus,No. 19-7986.
522061,ca2,"Docket 06-1078-cr(L), 06-1331-cr(XAP)"
660910,ca9,78-1559
6782742,ca11,16-16044
66509151,scotus,No. 12-8372
421920,ca5,78-5472
2914287,ca11,10-12470
66315939,scotus,No. 84-5073
385797,scotus,03-8871
239216,ca11,03-10304
530225,ca5,10-60749
2209952,ca4,88-6755
66466522,scotus,No. 00-10012
766565,ca9,11-55218
62993129,ca9,16-99005
1007175,ca2,93-1080
135558,ca4,10-4097
2189590,ca4,03-1271
1013826,ca9,91-16836
65290123,scotus,No. 504
813707,ca3,87-1097
1543274,scotus,1150
66270966,scotus,No. 74-6558
826081,ca6,80-1025
66297669,scotus,No. 80-1188; No. 80-6045
1459880,ca5,89-4480
224660,ca10,96-2256
1084946,ca4,12-4567
4619435,ca8,16-2042
873859,ca9,98-15730
66495279,scotus,No. 04-9017
6233544,ca6,17-5230
1924593,ca4,09-4298
874564,ca2,2000
66145529,ca5,No. 727
1477955,ca3,97-1779
351423,ca9,93-17183
64283949,ca9,No. 01-35783; BAP No. MT-00-01349-BrPMo
288192,ca6,88-3979
66332663,scotus,No. 86-6126
65892018,ca9,No. 05-10667
64349900,cadc,Nos. 2928 and 2929
6785035,ca4,17-4629
1848279,ca11,93-9513
65964210,ca4,No. 16-7265
671483,ca2,12-3492-cv
765370,ca2,83-7193
66391587,scotus,No. 92-5080
1422017,ca6,83-5885
1017023,ca6,92-4117
2093709,scotus,04-6751
64316726,cadc,Civil Action No. 08–1361 (JDB)
960387,ca10,03-6226
110649,ca5,00-10521
214812,ca4,79-1265
29091518,ca6,20-5528
1678530,scotus,73-1773
1708094,ca2,95-2086
66490481,scotus,No. 03M68; No. 03M70
66380748,scotus,No. 91-467
1909548,ca4,10-1350
1007149,ca10,88-2204
66436298,scotus,No. 97-8574
1045212,ca9,93-30402
67850761,cadc,23-7124
66526120,scotus,No. 00-6534
66125673,ca6,"Nos. 22, 29"
2038112,ca11,97-4576
2484403,ca5,96-20262
87233,ca4,90-6371
5825239,ca4,16-7425
2342773,scotus,01-8117
66536151,scotus,No. 01-6680
66471811,scotus,No. 01-9104
66535422,scotus,No. 01-6336
66271567,scotus,No. 75-323
6308056,ca9,14-70031
2414294,ca5,90-4051
66332107,scotus,No. 86-5869
251281,ca9,81-4251
66474800,scotus,No. 02-9169
65627727,scotus,No. 16–7642.
16512613,ca9,18-50386
2361077,ca4,97-1461
1097003,ca4,98-4736
66402765,scotus,No. 92-8880
66516393,scotus,No. 02-7491
64141629,ca9,No. 00-15395; D.C. No. CV-99-1534-RGS
2416609,scotus,03-6099
8217149,ca9,17-71871
219974,cadc,75-1855
729369,ca7,03-1225
66371758,scotus,No. 90-1085
1292819,cadc,01-3020
203523,ca5,02-31181
594354,ca10,4192_1
66787384,ca5,22-60423
66464887,scotus,No. 00-6212
250741,ca5,71-2052
66355750,scotus,No. 88-1808
786499,ca2,"4, Docket 71-2131"
60397212,ca4,20-7621
66507779,scotus,No. D-2693
65681668,ca9,"No. 03-72825, A75-653-604"
66530009,scotus,No. 00-185
7505221,ca4,18-6561
4585450,ca6,15-1869
2905150,ca8,08-3748
2503837,scotus,1393
2661549,ca2,14-1063-cr
66498433,scotus,No. 09-1540
64066061,ca9,No. 98-70030
2303508,ca5,09-40910
1307497,ca6,80-1570
66552194,scotus,No. 96-688
66415950,scotus,No. 94-6740
210826,ca9,77-1175
1435823,ca4,93-6076
44843,scotus,83-1620
63234290,ca9,19-70274
841424,ca6,92-5197
69929,ca11,91-8344
66367911,scotus,No. 90-5436
66374656,scotus,No. 90-7279
65618409,scotus,No. 15–6575.
2160565,ca5,90-8070
66334682,scotus,No. 86-246
65895468,ca9,No. 06-10038
399468,ca8,95-2835
64344575,scotus,No. 99-1577
66225659,scotus,No. 287
3022902,ca4,15-6770
821433,ca6,89-3003
463651,ca9,02-50073
2056769,ca4,92-1640
3065935,ca2,15-1019
18619702,ca5,19-11239
488219,ca5,09-10189
66238206,ca7,No. 87-2485
350188,ca4,10-5065
341411,scotus,04-1310
63773913,scotus,No. 09-8867
66298026,scotus,No. 80-5696
2853058,ca7,01-3928
2885108,ca3,06-2666
17375030,ca10,19-1245
65625909,scotus,No. 16–358.
2874771,ca8,95-2634
66397520,scotus,No. 92-7093
64337051,scotus,No. 11-5659
253076,ca9,"78-3273, 78-3366"
66485246,scotus,No. 03-615
2437229,ca9,82-5643
14322,ca1,19-1739
66459889,scotus,No. 99-9517
66427462,scotus,No. 95-1101
65680820,ca9,No. 03-73364
66543208,scotus,No. 95-170
1896499,ca5,75-3283
171844,ca5,02-41241
66198342,scotus,No. 395
536027,cadc,08-7140
65292788,scotus,No. 116
1361463,ca4,8197
66357979,scotus,No. 89-319
1366396,ca4,93-2100
1506777,ca5,99-40100
296036,ca11,12-11554
978750,ca4,87-5528
362086,ca2,86-7066
781867,ca10,98-3100
843113,ca9,92-70326
718454,ca3,170
474875,ca10,"4467, 4468"
681839,ca10,7481_1
64164780,ca9,"Nos. 99-16871, 99-16910; BAP Nos. AZ-97-01124-PRMe, AZ-97-01421-PRMe (Consolidated), AZ-98-1410-PRMe (Related)"
959719,ca5,7345
1121051,cadc,90-5191
65617118,scotus,No. 15–5775.
65953860,ca9,No. 05-50835
1659184,ca4,03-7054
2821206,ca1,95-1923
621926,ca10,8824
66152697,ca2,"No. 519, Docket 29737"
722080,ca7,99-1672
578456,ca9,85-5004
18559645,ca9,19-17235
647018,ca9,12294_1
66481350,scotus,No. 03-5610
63295705,ca11,20-14456
1647501,ca11,96-4261
129517,ca1,"03-5517, 03-5521"
63975421,ca9,No. 9722
6282846,ca8,16-4317
1488577,ca9,80-1062
66545736,scotus,No. 03-10714
186156,ca3,13298
385488,ca1,13-1940
65606415,scotus,No. 12–10728.
65955058,ca2,No. 03-40321-ag
66427030,scotus,No. 95-8435
446638,ca5,11-10034
68188940,ca9,22-55945
66531345,scotus,No. 99-651
66388993,scotus,No. 91-8291
913000,ca4,05-5125
2880175,ca8,98-2456
63945142,ca1,No. 2757
66532394,scotus,No. 98-1978
65966318,cadc,No. 12-1341
1775746,ca5,96-10087
63952575,ca10,No. 1069
1477320,ca4,13-6386
66448944,scotus,No. 98-6955
847061,ca11,11-12872
63955948,ca5,No. 7798
66253973,scotus,No. 71-6103
65964847,ca9,No. 12-74197
63777835,scotus,No. 09-1144
2471285,ca6,93-6311
258435,ca7,12157
1072997,ca3,85-1417
66305297,scotus,No. 80-2092; No. 81-363; No. 81-417; No. 81-547; No. 81-1000; No. 81-1343; No. 81-1419; No. 81-1471; No. 81-1542; No. 81-5897; No. 81-6132; No. 81-6395
16157847,ca9,14-99005
66224531,scotus,No. 917
920655,ca2,08-0572-cr
2490131,ca5,04-50042
952530,ca6,"80-3010, 80-3011"
144513,ca10,12-2143
66334012,scotus,No. 86-1188
901975,scotus,145
2124497,scotus,03-7159
2880783,ca8,97-3863
298146,ca5,05-50032
417813,ca5,09-10221
66409186,scotus,No. 93-6990
66488483,scotus,No. 03-8766
66414310,scotus,No. 94-6220
2477543,cadc,14560
64452296,ca8,21-3396
1241695,ca2,"764, 765, Dockets 74-2160, 74-2320"
321943,ca11,05-16654
68301747,ca3,23-1297
66444734,scotus,No. 98-5134
64072765,cadc,No. 99-5307
169485,ca5,04-60569
66058460,ca2,No. 314
81522,ca5,77-5025
68088693,ca3,23-1309
1514337,ca4,80-5114
63185478,ca6,21-1560
1626839,ca4,2818
66312026,scotus,No. 82-1743
2459817,ca9,74-2005
66296247,scotus,No. 80-5609
66193472,ca3,No. 82-1604
923633,ca9,12-56383
2012146,ca4,11-1347
6262715,ca11,17-11363
64092958,ca9,No. 00-35956
687319,ca10,98-7113
468564,ca10,10-2093
332090,ca5,"81-4293, 81-4326 and 81-4396"
66509182,scotus,No. 12-8814
148217,ca9,11-56022
1429077,ca8,13-2452
66489827,scotus,No. 03-8447
64093277,ca2,Docket No. 01-7131
280653,ca4,98-6064
14878206,ca11,16-16867
66316906,scotus,No. 83-1891; No. 83-1892
66218841,scotus,No. 764
2084756,ca9,85-2272
2365489,cadc,85-5911
827880,ca10,89-1354
2219241,ca3,10-1554
667702,ca7,14791_1
472178,scotus,211
66290912,scotus,No. 79-5546
2190534,scotus,02-7870
267296,ca5,84-2420
59242687,ca4,19-4273
1371880,ca9,CA 84-5195
17056504,ca3,19-3896
65620218,scotus,No. 15–919.
66216427,scotus,"No. 1098, Misc.; No. 1170, Misc."
874578,ca9,99-50534
2357042,ca11,86-3506
2824032,ca4,96-4916
915940,ca4,05-4786
196644,ca11,08-12346
66543910,scotus,No. 95-5526
15955134,ca7,19-1192
2431546,ca10,97-1186
332653,ca11,90-3967
65676483,ca7,No. 03-3154
235747,ca11,95-4311
65609799,scotus,No. 13–7346.
914247,cadc,88-7119
66502186,scotus,No. 10-7518
66661945,scotus,No. 12–9207.
287793,ca4,09-2167
66271977,scotus,No. 75-5489
66215088,scotus,No. 403
2662381,ca5,14-50415
68268810,ca4,24-4108
66336335,scotus,No. 86-1730; No. 86-5984; No. 86-6175; No. 86-6491; No. 86-6519; No. 86-6677; No. 86-6713; No. 86-6730; No. 86-6732; No. 86-6753; No. 86-6776; No. 86-6786; No. 86-6804
65281251,scotus,No. 549
875426,ca9,03-55552
15019977,ca5,18-11165
566920,ca5,10-50493
69980,ca3,02-1586
228498,scotus,02-8537
64007650,ca4,No. 8198
1411717,ca5,74-2778
65720649,ca2,No. 08-3216-cv
280115,ca11,07-15528
972657,ca1,4355
66541507,scotus,No. 95-956
617360,ca1,9675-9679
66655759,ca1,Tax Court Docket No. 5884-72; Tax Court Docket No. 5885-72; Tax Court Docket No. 5888-72; Tax Court Docket No. 5889-72; Tax Court Docket No. 5892-72; Tax Court Docket No. 5893-72; No. 75-2296
1362968,ca6,76-2400
63772940,scotus,No. 09-8221
65668493,ca6,No. 02-2533
66230264,ca2,"No. 1279, Docket 87-7233"
380411,ca8,"93-3045, 93-3304"
68132774,ca11,23-13624
2278962,ca4,01-6243
3055252,ca1,15-1220P
66384590,scotus,No. 91-7067
66406542,scotus,No. 93-5488
66724442,scotus,No. 19-5522
2876859,ca8,96-1200
293176,ca10,87-1668
307363,ca3,85-1399
884243,ca9,11-56028
64222459,ca10,No. 01-3159
63989719,ca5,No. 12517
237040,ca3,11-1720
2835939,ca6,08-1411
228810,ca5,81-3222
66272385,scotus,No. 75-697
66372981,scotus,No. 90-6297
63962368,ca9,No. 8516
1591830,cadc,08-1379
65686851,ca9,"No. 04-74463; Agency Nos. A75-681-481, A75-681-482"
65611023,scotus,No. 13–7767.
2182551,ca6,84-5816
185258,scotus,03-7104
66267426,scotus,No. 73-1689
134403,ca3,98-5392
66510526,scotus,No. 11-5327
1771874,ca2,73-2076
66541097,scotus,No. 95-904
66458724,scotus,No. 98-9402
1503057,ca5,08-40382
63936432,ca2,No. 282
2621638,ca7,14-1083
2921079,ca11,08-12837
831613,ca7,89-3746
66201948,ca6,No. 84-5249
1767800,ca9,85-6123
63969399,ca3,No. 7135
66140075,ca7,No. 389
2688503,ca8,14-3136
65895776,ca9,No. 06-10498
66489747,scotus,No. 03-1163
66468523,scotus,No. 01-7692
1094040,ca4,96-2195
66300505,scotus,No. 81-5101
448269,ca3,83-5344
610766,ca3,11124_1
65962079,ca11,No. 14-10764
2834226,ca6,02-3505
257413,cadc,79-2265
64110131,ca9,No. 99-17297; D.C. No. CV-97-20568-RMW (PVT)
1587859,ca11,83-3739
2455707,ca9,76-1020
65913900,ca9,No. 06-35488
736329,ca6,71-1716
1718626,scotus,04-1285
630964,ca4,00-4605
66478074,scotus,No. 02-10415
792469,ca8,83-2678
1228447,ca8,74--1048
1129639,ca5,13-41323
66247712,scotus,No. 5739
1492440,scotus,04-1171
66405278,scotus,No. D-1451
66394960,scotus,No. 92-6422
2820147,ca1,92-2062
51260,ca11,04-11532
398244,ca11,03-13639
577911,ca3,10-4736
63982891,ca5,No. 11576
66202194,scotus,No. 216
857310,scotus,03-6539
65658179,ca7,No. 16-4003
65623584,scotus,No. 16–21.
66243264,scotus,No. 536
65885333,ca4,No. 05-7157
544712,ca7,10-2246
64455322,ca4,19-4961
65690737,ca5,No. 10-60076
57399,ca6,86-5070
520083,ca9,13561
66325444,scotus,No. 10-844
65295543,scotus,No. 982
66267240,scotus,No. 74-468
65727155,ca9,No. 07-70525
2162482,ca3,95-5086
933472,ca4,91-7602
2895432,ca3,07-3862
781805,ca10,98-5251
64161195,ca6,No. 00-4126
2654162,ca8,14-2954
1448104,ca4,94-1298
1669044,ca5,11-10509
594771,ca4,12-1920
906727,ca4,05-4880
1351480,ca4,08-6775
747262,ca3,19029_1
2345871,ca5,02-40433
66357076,scotus,No. 89-5078
66403438,scotus,No. 93-7586
2472331,ca8,73-1387
66244834,scotus,No. 1773
2453141,scotus,04-7487
2448761,ca11,94-2222
66279187,scotus,No. 76-1306
66173509,ca5,No. 74-1889
66501760,scotus,No. 10-6998
65940023,ca9,No. 07-16792
2451346,ca5,04-30520
66229463,scotus,No. 788
66440654,scotus,No. D-1893
59876287,ca5,20-40162
66139634,ca9,No. 335
66417762,scotus,No. 94-7068
66477848,scotus,No. 02-10742
2898287,ca8,05-2907
2175373,scotus,02-7979
2446323,ca5,98-60548
2098987,scotus,04-1156
66225934,scotus,No. 383
2217421,ca5,07-10536
66257155,scotus,No. 72-5362
66431409,scotus,No. 96-8857 (A-776)
66725245,scotus,No. 19-5945
68340613,ca11,23-11835
1104761,ca4,2544
170579,ca5,00-20806
66476062,scotus,No. 02-9834
1737509,ca7,76-1336
65686778,ca2,Docket No. 04-0785-CV
65628884,scotus,No. 16–8354.
2775885,ca5,14-20564
1222267,ca6,72-1426
66364998,scotus,No. 89-1793
65297807,scotus,No. 747
17085895,ca10,19-9530
2440419,ca4,79-8439
527149,ca2,"1134, Docket 92-1680"
1184137,ca1,81-1035
741717,ca6,01-5373
66426367,scotus,No. 95-8785
427457,ca2,"1481, Docket 84-1103"
734721,ca4,93-2496
233858,ca5,08-50800
1350740,ca4,03-2198
66325481,scotus,No. 10-920
66527702,scotus,No. 00-629; No. 00-652
66512916,scotus,No. 11-726
66211783,ca4,"Nos. 83-5060(L), 83-5061 through 83-5066 and 83-5081"
63931176,ca5,No. 5517
1671155,ca4,06-6076
65268401,scotus,No. 14–6940.
334169,ca7,86-1853
66148876,ca5,No. 20823
357309,ca4,10130_1
66405818,scotus,No. 92-9026
438228,scotus,04-289
65617236,scotus,No. 15–6187.
66403876,scotus,No. 93-8433
66200777,scotus,No. 158
741888,ca9,74-3406
678088,ca9,18455_1
2005651,ca5,01-41389
2025007,ca5,06-50530
63973543,cadc,No. 7600
65730669,ca9,No. 07-71494
68941498,ca9,23-55690
673627,ca2,"321, Docket 28045"
868916,ca9,12-10291
66403213,scotus,No. 93-1294
65658681,ca1,No. 07-1824
820156,ca5,88-4088
1251915,ca11,10-14547
1987901,ca6,82-1662
680533,ca10,77-1410 and 77-1432
92211,ca2,"1160, Docket 94-6218"
66104385,ca2,No. 32
66218761,scotus,No. 806
63986167,ca9,"Nos. 11488, 11489"
146618,ca10,07-4157
65298656,scotus,No. 302
154686,ca10,"91-6285, 91-6292, 91-6315, 92-6048 and 92-6064"
65300118,scotus,No. 501
2315030,scotus,02-759
216793,scotus,51
66226948,scotus,No. 815
466707,scotus,01-800
1033857,ca7,92-3881
65729521,ca5,No. 09-40305
66546697,scotus,No. D-2381
63948453,ca5,No. 7120
400662,ca4,95-1397
131785,ca5,02-41721
66411126,scotus,No. 93-9636
66552520,scotus,No. 96-627
709092,ca10,81-2435
2009487,ca5,03-41196
2466453,ca5,94-20512
65283207,scotus,No. 263
3064002,ca7,15-3002
2365424,scotus,93-6977
2876756,ca8,96-3555
63778522,scotus,No. 09-10447
2073236,ca2,87-3026
2647900,ca5,14-30525
1131419,ca1,4766_1
65626713,scotus,No. 16–6911.
66205954,scotus,No. 106
65298348,scotus,No. 582
65680939,ca9,No. 03-55684; D.C. No. CV-93-1916-RL
2829955,ca6,03-1796
64348266,cadc,No. 1619
741597,ca6,00-3656
2446035,ca4,96-7878
40002,ca11,12-15483
18437575,ca5,18-60792
65692304,ca4,No. 10-2152
1433250,ca8,93-3737
222992,ca4,6662
221287,ca5,96-50891
66452625,scotus,No. 98-8231
3072451,ca9,14-50403
239546,ca4,14-1280
66212524,scotus,No. 84
6067847,ca9,15-17187
892343,ca3,75-2049
66477522,scotus,No. 02-10654
16462,ca9,95-16607
2453180,ca5,01-21226
66397726,scotus,No. 92-7332
63586329,ca1,21-1457E
66292917,scotus,No. 79-1699
66469482,scotus,No. 01-9463 (01A800)
449990,ca6,98-6386
66449010,scotus,No. 98-7272
1443967,ca5,94-20244
66547140,scotus,No. 04-6005
1345241,ca8,87-5383
2239904,ca4,96-7917
66427496,scotus,No. 95-1668
2483232,ca3,95-5148
65295040,scotus,No. 319
2062064,scotus,93-963
258726,ca6,92-3117
66281307,scotus,No. 76-1661
63978496,ca9,No. 10483
65280555,scotus,No. 876
66357555,scotus,No. 87-1045; No. 87-1065
66305783,scotus,No. 81-2006
592368,ca5,13152_1
66481858,scotus,No. 03-6108
65670818,ca9,No. 03-10126; D.C. No. CR-01-00242-LRH
66444253,scotus,No. 98-5584
65963743,ca5,No. 15-31113
65697327,ca2,No. 03-4433-AG
66364438,scotus,No. 89-7311
338535,ca10,82-1093
571589,ca5,77-2283
66255979,scotus,No. 71-6464
66345711,scotus,No. 87-7084
67897651,ca5,23-30355
1038218,ca6,93-2603
2836144,ca6,06-6397
173574,ca9,07-73400
63371932,ca5,20-61131
17424890,ca10,20-1065
66259145,scotus,No. 72-6159
742232,ca6,00-3339
483570,ca4,77-2426
66273322,scotus,No. 75-5912
67601077,ca6,23-8012
1107919,ca2,82
66045034,ca4,No. 606
39713,ca5,05-20465
2853164,ca7,00-2696
6348303,ca11,16-16734
103631,ca5,01-51194
68851521,ca5,23-11063
66446563,scotus,No. 98-542
116029,ca4,7716_1
65960742,ca4,No. 15-1598
66285412,scotus,No. 77-6735
61744238,ca10,20-1436
200060,ca2,"371, Docket 74-1965"
2490387,ca4,04-1864
2908306,ca9,05-74688
66375009,scotus,No. 90-7450
1425730,ca2,84-1145
66391120,scotus,No. 92-10
17378236,ca7,18-3341
66496755,scotus,No. 04-10211
17150048,ca3,19-2725
65716600,ca9,No. 05-73321
540204,ca5,98-10039
910741,ca4,02-2364
980148,ca2,137
741408,ca8,71-1136
16450,ca2,19-1692
64006062,ca3,No. 12904
66323240,scotus,No. 85-5452
66190531,ca9,"Nos. 79-7257, 79-7285 and 79-7302"
394197,ca1,10-1176
2031806,ca5,93-03623
64202741,ca4,No. 01-7673
66202464,scotus,No. 371
65728383,ca7,"Nos. 08-1437, 08-1503"
66772,ca11,07-11748
63965169,ca3,No. 6653
63949253,ca6,No. 6355
1329797,ca3,73-2032
14976657,ca11,16-16486; 16-16783
188166,ca5,06-40361
8514648,ca3,17-1972
2447694,ca5,02-20309
1743612,ca4,93-6069
65893287,ca9,No. 05-17301
2172934,ca9,81-7109
66407994,scotus,"No. 121, Orig."
338941,scotus,179
690658,ca3,77-1347
3034029,ca3,15-2366
2436660,ca11,86-8625
716894,ca4,12942
65271857,scotus,No. 14–9265.
65707130,ca9,No. 06-10291
1114051,ca2,Docket 01-7641
959181,ca5,95-20764
63968754,ca9,NO. 9063
66422350,scotus,No. 94-8767
66231862,scotus,No. 181
63968464,ca3,No. 7126
766473,ca6,80-1468
142242,ca4,12-6874
2916849,ca11,11-11543
609250,ca1,04-2385
65887153,ca2,No. 05-5425-AG
2456274,ca5,74-1420
66453432,scotus,No. 98-8672
492773,ca1,84-2033
68502708,ca6,24-5443
65891403,ca9,No. 05-73112
902675,cadc,90-3093
66642919,scotus,No. 16–1540.
44216,ca2,"163, Docket 26430"
66266883,scotus,No. 74-5088
1410434,ca11,13-14067
66476275,scotus,No. 02-10129
582538,ca9,96-56177
753245,ca10,72-1106
86235,scotus,79-427; 79-499
2680300,ca3,11-3795
523785,ca8,89-2215WA
66462853,scotus,No. 00-8469
716813,ca9,11-30352
66030171,ca8,"No. 1,702"
66250752,ca11,No. 88-3761
166779,ca3,87-1115
66194308,ca2,"Nos. 1540, 1571, 1541, 1572, 1573, 1574, 1582, 1575, 1576, 1542, Dockets 83-1035, 83-1036, 83-1041, 83-1042, 83-1053, 83-1057, 83-1058, 83-1062, 83-1079, 83-1098"
2003559,ca5,01-41154
2880291,ca3,04-3270
1720528,ca8,01-1712
66773194,ca1,21-1487E
132109,ca5,03-40568
66722475,scotus,No. 18–9091.
1074122,ca8,93-3445
2901519,ca8,07-1249
2878604,ca3,05-3927
649805,ca8,90-5179
469905,scotus,04-474
66412172,scotus,No. 94-5283
195964,ca6,73-1021
346044,ca1,81-1441
64325977,scotus,No. 09-1177
66413842,scotus,No. 93-9553
63963055,ca7,No. 6299
800776,ca5,"85-2415, 85-2694"
1098865,ca4,99-2685
361800,ca2,"107, Docket 95-7132"
17014049,ca6,18-2350
2026647,ca9,84-2337
65658038,ca7,No. 16-3463
1914385,ca4,10-1533
66434907,scotus,No. 97-7975
125561,ca6,94-4301
1483831,ca4,11-6222
473971,ca5,77-1202
1303078,ca4,09-1034
7800991,ca9,16-36042
59795032,ca9,20-15947
16512030,ca6,18-2000
2180536,ca2,79-1145
358188,scotus,03-10842
998721,ca1,90-1034
65964425,ca4,No. 16-1734
327854,cadc,16170
6172578,ca4,17-6327
1997823,ca5,00-50307
18723038,cadc,19-3016
638531,ca4,"03-1779, 03-1962"
64090912,ca6,No. 00-3762/3961
1234044,ca5,79-3607_1
2317426,ca5,94-30607
66444772,scotus,No. 98-5516
65724957,ca9,No. 06-74512
64286303,ca9,"Nos. 01-71687, 02-70533; INS No. A78-458-750"
66349177,scotus,No. 88-5713
2835413,ca6,08-5630
63938445,ca6,No. 5551
66479220,scotus,No. 02-10930
66211382,scotus,No. 743
2097944,ca5,96-50199
67654,ca5,07-51099
737821,ca6,05-5891
67484868,ca5,22-20336
561628,ca11,84-8376
59246083,ca6,20-1224
21954,ca9,16-56722
2469651,scotus,01-8427
1040173,ca8,11-1522
348148,ca5,72-2414
1484191,ca4,81-1261
4110422,ca9,15-50244
2858315,ca7,06-3068
65965716,ca4,No. 17-6823
64330097,scotus,No. 10-7113
1105800,ca4,04-4692
738527,ca7,"01-2708, 01-2937"
64330121,scotus,No. 10-7176
2483885,scotus,04-8939
66663663,scotus,No. 83-916
2820775,ca1,95-1086
141466,ca5,04-50670
66083697,ca8,No. 4650
15978737,ca7,18-3403
65961676,ca9,No. 09-73398
66128578,ca9,No. 97
65691141,ca9,No. 04-30224
65670073,ca7,No. 02-2494
63943038,ca6,No. 5827
48703,ca3,78-1212
2823567,ca4,94-2276
66185916,ca2,"No. 5, Docket 77-7507"
514935,ca6,90-3652
6127091,ca3,16-3478
514408,cadc,82-2445
2909250,ca9,06-75411
960678,ca10,"06-2100, 06-2104"
66087562,ca2,No. 15
567268,ca6,89-5319
66230575,scotus,No. 1477
629276,ca7,95-3308
66180728,ca6,No. 76-1557
66221813,ca5,No. 86-1218
1896221,ca8,609
781919,ca10,98-7086
63937042,ca6,No. 5928
66223150,scotus,No. 1467
691695,ca6,14460
2072533,scotus,02-6327
1216325,ca5,19626
65888755,ca9,No. 05-72146
273193,ca4,75-1284
65716027,ca4,No. 08-1927
2502507,ca4,82-6742
935817,ca9,77-2088
1287539,ca4,81-8298
65953979,ca9,No. 06-15302
943262,ca4,03-7528
66725499,scotus,No. 19-6860 (19A626)
6314560,ca5,17-10249 Summary Calendar
219920,scotus,770
64338151,scotus,No. 11-279
64284342,ca9,No. 01-17497; D.C. No. CV-98-00199-LKK
995291,ca5,00-60337
746807,ca4,10023
967885,ca1,2260
66209255,scotus,No. 844
65912613,ca9,No. 07-30037
853163,ca4,84-1345
927690,ca10,05-8056
65960735,ca4,No. 15-1183
684163,ca4,09-7091
2021975,ca5,06-10839
1909145,ca9,72-1160
63233139,ca3,21-2663
2352483,scotus,04-8232
627201,ca8,83-2230
65708196,ca5,No. 10-51125
205800,cadc,75-1540
977735,ca8,87-5355
14695248,ca9,17-17373
6077537,ca5,16-51397
66487488,scotus,No. 03-8114
729031,ca10,07-9520
2140261,ca5,81-3753
1636685,ca9,4343
64328460,scotus,No. 10-381
66648142,scotus,No. 17–8462.
781575,ca7,07-1445
1867553,ca5,09-40207
66485058,scotus,No. 03-7496
66326689,scotus,No. 85-1387
1822240,ca7,83-1798
328696,ca10,"97-6391, 97-6414"
63974941,ca5,No. 10051
1083381,ca4,96-6639
66346885,scotus,No. 88-119
66204065,scotus,No. 53
66526595,scotus,No. 00-6798
66396314,scotus,No. 92-6335
66359156,scotus,No. 89-5675
66481547,scotus,No. 03-5796
6162089,ca5,16-11223 Summary Calendar
68124112,ca4,22-2300
1956663,ca4,07-7211
66338766,scotus,No. 87-5231
1073682,ca2,11-2554
66240141,scotus,No. 670
66171032,ca5,No. 73-2901
2907525,ca11,13-11077
120021,ca5,99-60754
65288469,scotus,No. 942
65294089,scotus,No. 508
65963021,ca2,15-217 (Lead); 15-234 (Con); 15-519 (Con)
1349212,ca1,76-1484
206907,ca7,"77-1317, 77-1318"
66504113,scotus,No. 11-10450
2920356,ca11,09-11245
66470333,scotus,No. 01-9629
66645398,scotus,No. 16–9350.
1473515,ca6,78-3085
66348418,scotus,No. 88-5498
384765,ca4,90-1502
64996299,cadc,"Nos. 84-5752, 84-5885"
66411499,scotus,No. 94-80
66402547,scotus,No. 92-1792
65720861,ca7,No. 08-3321
482660,scotus,85-920
259345,ca10,5831
2808311,ca9,13-50412
728471,ca8,03-2164
1385137,ca5,23156
1068537,ca8,89-2329
58060,ca5,95-40884
381336,ca5,672
66494828,scotus,No. 04-9433
2470432,ca11,88-7756
67332297,ca5,22-40591
66196275,scotus,No. 325
64008682,ca8,No. 16706
101842,ca8,"79-1384, 79-1392"
1557687,ca5,87-3922
1582250,ca4,95-8566
117125,scotus,198
536971,ca7,"93-1570, 93-2433"
66203828,scotus,No. 121
7476451,ca9,16-30211
66204806,scotus,No. 646
324708,ca10,91-5040
66292497,scotus,No. 79-54
17235162,ca9,18-35526
66203473,scotus,No. 546
2486774,ca5,88-2110
378360,ca9,12-15102
317709,ca9,76-1698
2027873,ca3,81-1427
2630231,ca4,14-4341
219948,ca6,71-2088
394279,ca5,07-20886
65286737,scotus,No. 265
65629561,scotus,No. 16–9209.
256404,ca10,"83-2238, 83-2275"
355348,ca3,13-4600
1374944,ca5,09-20222
108371,ca9,04-57119
69204187,ca7,22-3068
346808,ca9,91-16831
65693758,ca9,No. 04-55277
1082583,ca9,12-30217
630527,ca2,10-2653-ag
66412895,scotus,No. D-1417
2189307,scotus,03-6051
66543584,scotus,No. 95-5386
2658106,ca9,14-35200
65682730,ca9,No. 03-72905
1996657,ca5,99-40867
66423374,scotus,No. 94-8860
65693562,ca3,No. 05-4934
3040399,ca6,15-5690
1582225,ca3,95-5205
66219541,ca8,"Nos. 85-5143, 85-5437"
462167,ca10,"02-2130, 02-2135, 02-2151, 02-2152, 02-2160, 02-2186"
286289,ca3,16552_1
66506904,scotus,No. 12-452
588053,ca3,14584-14586
526389,ca5,"81-4300, 81-4508, 81-4519, 82-4035, 82-4190, 82-4236, 82-4254, 82-4323 and 82-4262"
66473552,scotus,No. 02-8626
2398886,ca4,88-7118
2652834,ca4,13-4491
65282080,scotus,No. 703
2892689,ca8,03-3992
66523435,scotus,No. 04-1438; No. 04-1536; No. 04-1573; No. 04-1576; No. 04-1630; No. 04-1636; No. 04-1664; No. 04-1669; No. 04-1675; No. 04-1676; No. 04-1685; No. 04-1686; No. 04-1687; No. 04-1730; No. 04-9356; No. 04-9517; No. 04-9627; No. 04-10012; No. 04-10017; No. 04-10151; No. 04-10162; No. 04-10168; No. 04-10194; No. 04-10206; No. 04-10239; No. 04-10241; No. 04-10247; No. 04-10302; No. 04-10347; No. 04-10411; No. 04-10429; No. 04-10470; No. 04-10473; No. 04-10475; No. 04-10486; No. 04-10503; No. 04-10512; No. 04-10569; No. 04-10580; No. 04-10582; No. 04-10668; No. 04-10670; No. 04-10672; No. 04-10692; No. 04-10696; No. 04-10698; No. 05-81; No. 05-125; No. 05-133; No. 05-303; No. 05-5016; No. 05-5077; No. 05-5088; No. 05-5111; No. 05-5144; No. 05-5168; No. 05-5174; No. 05-5201; No. 05-5231; No. 05-5234; No. 05-5287; No. 05-5353; No. 05-5377; No. 05-5386; No. 05-5398; No. 05-5437; No. 05-5483; No. 05-5499; No. 05-5548; No. 05-5550; No. 05-5589; No. 05-5636; No. 05-5672; No. 05-5673; No. 05-5700; No. 05-5719; No. 05-5783; No. 05-5804; No. 05-5888; No. 05-5930; No. 05-5937; No. 05-5998; No. 05-6158; No. 05-6190; No. 05-6192; No. 05-6293; No. 05-6320; No. 05-6421; No. 05-6428
66324922,scotus,No. 10-9887
335076,ca9,97-10546
65960958,cadc,No. 14-40828
2481501,ca5,75-2702
16970670,ca7,19-1346
654865,ca2,30598_1
2890750,ca3,08-2809
230901,ca4,10-1351
66098522,ca2,No. 241
14958292,ca2,18-392-cv
3034117,ca11,15-11901
66499226,scotus,No. 10-117
664317,ca7,10-2130
6338029,ca7,16-2860 & 16-3525
2061025,scotus,93-6922
4607376,ca6,15-6142
1722349,ca6,946
672569,ca4,05-4093
8019050,ca7,17-1521
66476127,scotus,No. 02-9967
735544,ca6,05-1177
66333068,scotus,No. 86-5889
65959559,ca4,No. 15-6041
4616148,ca4,"15-2480, 15-2482"
2826145,ca4,12-8018
7523553,ca10,18-6025
65299088,scotus,No. 993
2306969,ca8,94-2442
42352,ca4,86-7389
63771713,scotus,No. 09-8407
726530,ca3,02-3042
65961026,ca4,No. 15-6756
217512,ca9,83-5883
66551136,scotus,No. 96-25
1292577,ca4,76-1762
157773,scotus,319
1638666,scotus,92-9203
311353,ca1,96-1351
66444837,scotus,No. 98-5638
66273048,scotus,No. 75-6011
346065,ca4,01-6309
2903210,ca8,08-1404
63978315,ca7,No. 8381
407436,scotus,140
144010,cadc,91-3202
66526356,scotus,No. 00-6518
665711,cadc,21860_1
65706583,ca2,No. 08-2453-ag
64202263,ca9,No. 00-10403; D.C. No. CR-99-00351-RCB
1992447,ca5,99-10137
4470018,ca2,15-3489-cv
66075998,ca2,No. 88
66230099,scotus,No. 858
65272017,scotus,No. 14–9502.
663900,ca4,11878_1
995453,ca5,4313
313749,ca1,03-2138
2427227,ca3,98-1067
614449,ca10,86-1269
66311275,scotus,No. 82-1280
358740,scotus,03-10846
2611998,ca4,14-4120
65701897,ca2,No. 04-5629-AG
211424,ca11,94-5112
286284,scotus,01-8621
65624584,scotus,No. 16–5611.
2489016,ca4,87-7120
64252066,ca3,No. 01-3853
76278,ca3,12-4313
65614264,scotus,No. 13–1253.
3040886,ca4,15-7910
1388000,ca5,93-02114
60113625,ca5,20-10582
3044574,ca7,15-1900
2127759,ca5,79-1380
2658961,ca3,14-1152
143011,ca5,79-8026
1084871,ca9,06-70091
64347639,cadc,No. 984
66200378,ca9,No. 83-5884
584508,ca9,95-55766
139780,ca5,81-3777
66451546,scotus,No. 98-8227
506563,ca8,75-1232
791020,ca5,1367
844321,ca10,10-9000
64069408,ca2,"Nos. 99-9357(L), 99-9413(XAP)"
66459227,scotus,No. 99-1072
828434,ca9,89-35819
1178286,ca2,74-1563
2086300,ca6,88-6057
66344475,scotus,No. 87-6915
66399486,scotus,No. 92-8115; No. 92-8135; No. 92-7644; No. 92-7741; No. 92-7933
1115353,ca5,98-30301
6085306,ca2,16-3432-cv
66479334,scotus,No. 02-10997
64019400,ca6,"Nos. 93-1646, 93-1710, 93-3613 and 93-3749"
4545316,ca11,15-14602
816715,ca5,87-4564
1159395,scotus,04-8314
2214727,ca5,82-3228
66475728,scotus,No. 02-9832
66490609,scotus,No. 03-9236
1465377,ca5,05-51723
153370,ca5,91-2897
66483750,scotus,No. 03-6854
66182560,ca8,No. 77-1508
1127754,ca9,79-3165
356001,ca5,92-1753
143041,ca8,90-5209
860266,scotus,03-10429
1407059,ca3,82-1664
6258320,ca8,17-2047
650291,ca5,90-1807
65267087,scotus,No. 14–5572.
66520393,scotus,No. 04-9899
2483588,ca2,80-1021
66345598,scotus,No. 87-996
66235241,scotus,No. 22; No. 23
2345350,ca4,03-1839
663595,ca9,24279_1
675313,ca7,13728
65699307,ca2,No. 05-1033-AG
66309497,scotus,No. 82-357
66257786,scotus,No. 72-5736
849191,ca7,93-2904
66484159,scotus,No. 03-6673
747922,ca7,99-3211
63974858,ca9,No. 10004
66348181,scotus,No. 88-215
2441824,ca4,98-6112
29086249,ca9,18-71939
876258,ca8,11-1999
66387272,scotus,No. 91-1506
66445358,scotus,No. 98-21
65713319,ca2,"Nos. 08-2833-cr(L), 09-0506-cr(Con), 09-0520-cr(Con)"
66256097,scotus,No. 71-6733
2371695,ca3,89-3366
2873200,ca3,04-2124
71839,ca10,08-3291
63991714,cadc,No. 10022
431510,ca6,84-1430
229494,ca3,81-1620
830676,ca10,90-7000
4483967,ca9,15-55562
917639,ca4,09-4120
66318146,scotus,No. 83-1710; No. 83-1908; No. 83-2039; No. 83-6633; No. 83-6777; No. 83-6840; No. 83-6996; No. 84-175; No. 84-343; No. 84-408; No. 84-5045; No. 84-5170; No. 84-5175; No. 84-5292
1198028,ca7,86-3062
4617468,ca5,15-41345 Summary Calendar
81148,ca6,12927_1
64922426,ca11,22-10415
2673768,ca7,14-1269
1973025,ca3,14692_1
471876,ca4,97-7683
63966544,ca6,No. 7734
609392,ca1,00-2397
366312,ca3,12-4083
64012978,ca4,"Nos. 8790, 8861, 8906"
957495,ca7,82-2707
392125,ca7,89-2381
1415860,ca11,14-10895
498899,ca7,87-2821
2180604,ca11,86-5406
307518,ca4,81-6999
66427419,scotus,No. 95-1576
2918935,ca11,10-12756
335566,ca5,80-5890
66545941,scotus,No. 03-10966
990975,ca3,5822
66287522,scotus,No. 78-5834
742983,ca6,81-1022
66454085,scotus,No. 98-8879
66278895,scotus,No. 76-6048
1255068,ca7,14327
1115706,scotus,92
5678,ca5,19-50214
3046245,ca4,15-1929
2325985,ca4,05-6162
861960,ca3,90-5266
60048760,ca9,20-15895
628191,ca5,10-11198
66468984,scotus,No. 01-8938
484046,ca3,82-5213
1165347,ca3,91-1772
306894,ca9,96-16418
2240121,ca8,14679
16129695,ca6,18-6130
65610883,scotus,No. 13–275.
771218,scotus,04-292
626513,ca4,98-2689
741815,ca8,02-2384
66494998,scotus,No. 04-8981
69446316,ca5,24-20211
66516846,scotus,No. 02-7720
2819633,ca1,93-2181
1041300,ca6,94-5142
2453200,ca5,06-30862
67309431,ca4,23-4301
66401991,scotus,No. 92-8667
64013267,ca3,Nos. 14629-14633
66351805,scotus,No. 88-6336
735573,ca5,05-50567
2901294,ca8,06-1695
2654190,ca10,14-8084
59678463,ca10,20-6062
422509,ca11,96-2626
944126,ca5,08-50982
66257858,ca11,No. 88-3994
305672,ca4,77-1143
126449,ca9,94-30347
63981395,ca5,No. 11435
62633494,ca9,20-71816
764527,ca7,80-1731
65288081,scotus,No. 826
65672990,ca6,No. 02-6279
1046192,ca3,80-1478
968367,ca4,05-7313
909124,ca9,07-56310
1292895,ca7,05-3676
2061864,ca5,73-2263
1673780,ca9,94-55935
529800,ca4,10-1437
2114070,ca10,91-1207
64285707,ca9,No. 01-56975; D.C. No. CV-00-04380-RZ
201524,ca2,"1275, Docket 95-7759"
2799726,ca5,15-30323
18462643,ca9,19-72866
66260136,scotus,No. 72-146
1079583,ca8,76-1597 and 76-1713
66528284,scotus,No. 00-1011
66396183,scotus,No. 92-6957; No. 92-7026
63936721,ca6,No. 5738
1057507,ca6,94-2403
353392,ca5,96-20407
66344509,scotus,No. 87-723
2824182,ca4,98-4281
16516534,ca8,19-2505
2255155,ca6,87-1667
64096426,ca5,No. 00-30645
66186723,ca8,No. 78-1149
2477705,ca11,94-6015
1318568,scotus,01-9861
65653305,ca2,Docket No. 15-963
66473556,scotus,No. 02-8628
65611001,scotus,No. 13–7720.
66546205,scotus,No. 04-5082
1351883,ca5,80-3907
2905261,ca8,08-3699
66421573,scotus,No. 94-8601
66339452,scotus,No. 87-5664
14579978,ca9,17-56076
2836273,ca6,08-2081
4555803,ca2,16-712
64148629,ca6,No. 00-5190
66363025,scotus,No. 89-6698
61577555,ca9,21-60020
1913604,ca5,97-40289
254689,ca3,13-2326
301095,ca5,81-4447
69314998,ca1,24-1228
65613296,scotus,No. 13–9589.
65611563,scotus,No. 13–8200.
64065037,ca11,No. 94-4878
65961132,ca6,No. 15-1128
2838955,ca6,11-4313
2870455,ca3,00-3157
199777,ca5,92-08274
66358102,scotus,No. 89-176
1734214,scotus,04-5417
66526752,scotus,No. 00-6958
66459897,scotus,No. 99-9647; No. 99-9669
14829722,ca11,18-12426
1416684,ca5,73-2337
230065,ca4,08-4302
66209364,scotus,No. 144
2006029,ca5,02-50617
930818,ca6,76-2256
64347952,cadc,No. 136
66377613,scotus,No. 90-1901
743551,ca8,02-3540
6138022,ca6,16-3368
1092192,ca4,94-5666
1698742,scotus,03-479
670117,ca8,17808
129551,ca8,95-1698
66043871,ca1,No. 584
66260284,ca2,"No. 98, Docket 90-6113"
66289997,scotus,No. 78-6784
1504633,ca4,93-5490
18464099,ca4,18-2317
825701,ca5,90-1123
63931848,ca1,No. 2351
2886069,ca8,01-1230
823144,ca9,87-3555
236653,ca7,01-2617
64281623,ca10,No. 01-2236
66460975,scotus,No. 00-6106 (00A228)
64318294,cadc,No. 17–mc–00247 (KBJ); No. 3:15–md–02626
1532149,scotus,263
351650,ca5,10-40606
66337759,scotus,No. 87-210
1602848,ca7,88-2438
742395,ca4,79-6310
66289810,scotus,No. 79-25
762036,ca9,78-1716
66235076,scotus,No. 420
630059,ca10,84-1041
296842,ca5,11-41385
2349371,scotus,180
63959223,ca9,No. 7838
64016580,ca9,No. 92-55936
65693792,ca9,No. 09-73792
1225752,ca2,81-1187
353084,scotus,244
90977,ca4,09-6536
20373,ca5,97-31228
506929,ca10,89-6173
65281214,scotus,No. 838
1025261,ca9,92-35243
66247700,scotus,No. 5439
63927750,ca8,No. 7807
66451933,scotus,No. 97-1357
273032,ca11,05-12163
66510082,scotus,No. 10-11174
974579,ca2,327
66452291,scotus,No. 98-8403
273237,scotus,42
1458886,ca11,93-8747
279356,ca11,84-5595
62627051,ca7,21-2326
733369,ca7,"18927, 71-1412"
65706433,ca7,No. 12-3271
434260,scotus,79-1515
66188537,ca8,No. 79-1276
66184683,ca5,No. 77-2166
66527029,scotus,No. 00-6594
609238,ca5,00-20242
1031703,ca7,93-1180
230808,scotus,1227
66291859,scotus,No. 79-1053
66378708,scotus,No. 91-33
65289701,scotus,No. 162
7803199,ca5,17-60649
65708454,ca2,No. 05-5389-cr
170684,ca3,"10-2722, 10-2723"
66376429,scotus,No. 90-1542
18680434,ca8,19-2743
66325891,scotus,No. 10-10772
63976273,ca8,"Nos. 12363, 12364"
65695903,ca4,No. 10-7766
64001865,ca10,No. 5382
1379636,ca2,93-2420
65285387,scotus,No. 650
65725509,ca3,No. 09-2269
66552739,scotus,No. 96-6360
4577254,cadc,15-5333
69143726,ca5,24-60046
124697,ca5,75-1279
2445260,ca1,90-4153
66434091,scotus,No. D-1836
66198554,scotus,No. 743
64098093,cadc,No. 01-3011
66342430,scotus,No. 87-6278
706115,ca8,99-2047
18545258,ca3,19-3255
1995329,ca3,96-3182
394995,ca1,78-1472
66367020,scotus,No. 89-7870
202572,ca5,76-1322
66390308,scotus,No. 91-7846
66363591,scotus,No. 89-6974
66509753,scotus,No. 10-10767
17370959,ca10,19-9545
963431,ca1,3590
63975587,ca8,No. 12410
283459,ca5,11-50266
2856723,ca7,05-2337
66545970,scotus,No. 03-10991
66439614,scotus,No. 96-1584
717218,ca6,04-5810
167148,ca11,91-3918
413848,ca3,89-5157
66231305,ca8,No. 87-1058
66425501,scotus,No. 95-7816
966528,ca5,09-31134
65610845,scotus,No. 13–6897.
1737184,ca6,87-3453
1178097,ca2,1228
590059,ca10,94-1008
1435376,ca6,83-5462
66286684,scotus,No. 78-635
53277,ca5,02-10399
704472,ca6,21060
780186,ca6,"06-3562, 06-4024"
66212359,scotus,No. 109
66330632,scotus,No. 86-5010
59959019,ca6,20-3870
366177,scotus,66
263481,scotus,01-10634
384878,ca9,12-15656
65955601,ca4,No. 13-6095
1457773,ca9,09-57016
2113078,ca4,30
2290266,ca4,02-1298
845271,ca11,08-16135
66412494,scotus,No. 94-5529
965473,ca5,73-2089
2498249,ca2,84-3010
65004294,cadc,"Nos. 89-5207, 89-5208 and 89-5223"
67878307,ca5,23-50372
2198613,ca5,72-2786
242539,scotus,01-9829
1429459,ca7,11-2856
628340,ca9,75-1810
66422531,scotus,No. 94-1741
1037262,ca9,93-55826
8432475,ca11,18-12051
66177883,ca5,"Nos. 74-3670, 74-3822, 74-3864, 74-3870 and 74-3881"
1165597,ca9,90-16589
2408675,ca11,95-8002
696342,ca10,8390_1
1042333,ca4,93-5509
860298,ca9,83-1665
285808,cadc,"09-3087, 10-3048, 10-3066"
1912026,ca5,98-20556
65708526,ca4,No. 13-6450
967020,ca1,83-1961
63772075,scotus,No. 09-8532
59904241,ca5,20-60423
663215,ca5,25049_1
7921134,ca2,16-3515
65623552,scotus,No. 16–5030.
65935581,ca9,No. 06-73131
415806,ca5,78-2359
66382498,scotus,No. 91-620; No. 91-5664
66407024,scotus,No. 92-1384; No. 92-1839
186457,ca5,02-31208
2465674,ca9,84-1799
1192866,ca5,08-30979
65873025,scotus,No. 43505
618555,ca8,94-3417
908629,ca10,98-6302
1916854,ca3,92-7221
66319285,scotus,No. 84-1004
2904002,ca8,08-1088
442860,scotus,6
2820916,ca1,93-2101
1637543,ca11,86-8478
2258125,ca4,01-7862
975793,ca2,92
66394918,scotus,No. 92-6202
66353389,scotus,No. 88-6868
63669361,ca9,"No. 2,171"
65709453,ca4,No. 12-7607
65714207,ca9,No. 07-30427
185952,ca9,79-7239
16371565,ca9,19-30064
69149854,ca1,24-1154
66198464,scotus,No. 401
2166328,ca4,07-1321
331687,ca5,13-30090
2859113,ca7,07-3140
1022596,cadc,10-3043
66205671,ca6,No. 84-1220
66236762,scotus,No. 1040
63371541,ca7,21-2448
1311152,ca11,82-7110
693450,ca10,8513_1
1957021,scotus,03-5865
430052,scotus,04-5556
681086,ca4,08-4838
66348087,scotus,No. 88-5464
1136214,ca4,02-6682
66218963,scotus,No. 823
2463621,ca5,01-41129
4565127,ca9,07-50051
2637265,ca9,10-70239
1513101,ca11,93-9446
495692,ca9,87-6328
2008376,ca4,81-6688
673315,ca4,05-1764
1163746,ca4,93-6336
309744,ca4,82-5038
2393141,scotus,04-9336
1041633,ca6,10744
66326126,scotus,No. 85-6334
66479564,scotus,No. 02-11123
68875116,ca5,23-20515
2459359,ca4,04-6552
2902788,ca8,07-3632
66408387,scotus,No. 93-778
1015033,ca9,91-36297
159008,scotus,02-1512
2336913,ca7,97-2563
64074931,ca5,No. 99-41217
357669,ca10,9258_1
66328628,scotus,No. 11-1104
1031115,ca2,"486, Docket 93-1412"
66226169,scotus,No. 479
2360110,ca3,77-1556
66365467,scotus,No. 88-7318; No. 88-7432; No. 89-516; No. 89-6062; No. 89-6091; No. 89-6324; No. 89-6509; No. 89-7007; No. 89-7307; No. 89-7308; No. 89-7322; No. 89-7380; No. 89-7442
851875,ca8,"87-5278, 87-5279 and 87-5300"
599469,ca5,10-10185
2494194,ca5,94-30335
747117,ca10,521-70
323039,ca4,90-2041
63945842,ca6,No. 6116
465748,ca5,99-30501
642204,ca5,21106_1
970458,ca8,10861
940242,ca5,78-3651
864978,ca4,79-6794
66720811,scotus,No. 18–1007.
1362962,ca9,97-16204
64159775,ca1,No. 00-2457
65007787,cadc,"Nos. 02-1181, 02-1185, 02-1188, 02-1193, 02-1200, 02-1204 and 02-1205"
1756113,scotus,02-5320
1277861,ca4,95-2849
963848,ca6,6129
983942,ca6,87-1966
2485161,ca9,76-2922
1340908,ca4,08-7133
65660832,ca2,No. 13-803-cr
65716442,ca4,No. 08-2011
1030617,ca6,93-6193
84560,ca5,96-30244
518884,ca9,93-35482
65702575,ca8,No. 12-2649
1165005,ca7,90-3523
2202403,cadc,88-1549
2150267,ca11,92-2425
1360612,ca4,06-4380
831408,ca9,90-15725
2854490,ca7,03-3325
1451585,ca3,86-3476
685438,ca4,12-4974
2885297,ca3,06-1228
1091627,ca8,97-3123
65718992,ca8,No. 07-3180
66448966,scotus,No. 98-7006
63958037,ca9,No. 8188
66405809,scotus,No. 92-9024
474219,ca6,84-3291
109840,scotus,187
2033,ca5,18-50703
63996071,ca2,"No. 72, Docket 21782"
2117786,ca8,96-1809
1224469,ca3,84-3319
65614235,scotus,No. 13–1066.
219788,ca3,09-3193
319396,ca6,"88-6401, 89-5175"
66218935,ca3,No. 85-5132
950516,ca9,96-10513
8189629,ca9,17-72701
1016933,cadc,75-1710
1063677,ca4,98-6878
2456762,ca3,12395_1
66393740,scotus,No. 92-5407
766719,ca6,80-1761
1001295,ca5,00-60473
1433485,ca4,84-8002
66243031,scotus,No. 621
842087,ca1,92-1070
370948,ca4,98-22
65622048,scotus,No. 15M118.
66361759,scotus,No. 89-6563
950388,ca9,95-70648
205106,ca11,05-14280
2883987,ca8,00-3439
155093,ca3,13-1944
1627830,ca2,472
2476289,ca5,91-2859
746943,ca8,17933
64097978,ca10,No. 00-1053
66507694,scotus,No. 12-7602
2490107,ca5,93-02647
29089751,ca3,19-1323
2868573,ca3,98-5161
66223460,scotus,No. 536
1139042,ca10,2398
66339168,scotus,No. 87-5126
788845,ca10,02-5170
238649,ca11,99-10197
63776192,scotus,No. 09-7611
63945204,ca9,No. 6779
66526824,scotus,No. 00-6831; No. 00-6887; No. 00-7111; No. 00-7136; No. 00-7326
1972738,ca2,1200
4541971,ca8,15-3651
532765,ca2,25315_1
1104835,ca6,03-6232
65711823,ca9,No. 07-56002
456418,cadc,77-1279
66660966,scotus,No. 12–637.
17010882,ca11,18-13282
729741,ca5,71-2660
64288554,ca9,No. 01-71882; INS No. A76-600-006
2502089,ca9,10-72656
1030751,ca4,93-2256
546316,cadc,02-1294
1488179,ca6,93-5988
1020184,cadc,"92-3012, 92-3098"
281843,ca8,84-2478
373497,ca5,73-2038
497735,cadc,84-5423
236677,ca9,01-15426
65731639,ca7,No. 08-2638
1109900,ca11,88-8134
64026730,ca9,No. 95-30140
4545862,ca5,16-60076
63950828,ca6,No. 6414
16951303,ca4,18-2351
70978262,ca7,24-3226
142441,ca9,81-7623
66385978,scotus,No. 91-7429
64338038,scotus,No. 11-6956
66407339,scotus,No. 93-6031
63943736,ca10,No. 641
1436109,ca8,88-5257
586329,ca10,97-7096
66282108,scotus,No. 77-545
65913937,ca9,No. 07-73872
624198,cadc,82-1907
66727688,scotus,No. 19-797.
66218202,scotus,No. 850
2152858,ca8,77-1927
66498474,scotus,No. 09-9705
60393510,ca4,21-1427
66187985,ca9,No. 77-3724
65733867,ca4,No. 09-7630
66443759,scotus,No. 98-5250
66405470,scotus,No. 92-1948
80109,ca2,83-6021
337336,ca11,91-9019
1038923,ca6,92-6571
66088798,ca7,No. 2477
66301566,scotus,No. 81-5262
63982332,ca7,"Nos. 8897, 8898"
2357743,ca4,86-6507
69210399,ca11,23-12243
66661668,scotus,No. 12–8994.
1076106,ca7,"81-1557, 81-1633"
692733,ca7,13405_1
66429172,scotus,No. 96-7653
344272,ca5,93-07660
1468308,ca2,77-7146
66144903,ca7,No. 549
2615380,ca6,14-5389
66539736,scotus,No. 01-897
306976,ca4,12-7926
137294,scotus,01-10194
3063138,ca4,15-7944
438487,ca1,80-1542
66193420,ca9,No. 81-1192
734070,ca7,05-1389
1122374,ca5,09-10756
6065546,ca4,15-4811
2357443,ca4,80-6515
987080,ca9,98-99033
65606549,scotus,No. 12–10848.
1679813,scotus,482
1744619,ca11,90-8347
63976866,ca5,No. 10511
66332076,scotus,No. 86-5804
59919572,ca9,20-71101
66377338,scotus,No. 91-194
999631,ca1,90-1195
1805005,ca5,26707_1
205725,ca5,75-2653
66534163,scotus,No. 99-7967
66468651,scotus,No. 01-8226
64166132,ca6,No. 01-5474
17036330,ca2,16-3734-cr
1990485,ca5,98-50268
65287280,scotus,No. 799
157326,ca9,09-50251
64344365,scotus,No. 96-351
66408849,scotus,No. 93-6820
66458166,scotus,No. 99-1025
2022831,ca5,06-51590
2239214,ca4,00-1224
64045890,ca9,No. 96-56369
2662640,ca8,14-3189
953624,ca6,80-1484
66352959,scotus,No. 88-6687
90325,ca9,12-55468
66216323,scotus,"No. 587, Misc."
66663454,scotus,No. 83-948
733059,ca4,15278
66224166,scotus,No. 825
2399335,ca4,05-7580
2484606,ca3,92-5325
4578873,ca6,16-6197
330368,ca4,85-6690
654170,ca4,91-2223
66523253,scotus,No. 05-6696
2860307,ca7,08-2307
65297599,scotus,No. 598
66357879,scotus,No. 88-1981
66382952,scotus,No. 91-6551
2450806,ca4,07-2177
1768753,ca3,10-4667
183804,ca5,95-50501
66840615,ca4,22-1877
1190379,ca11,87-3033
65699949,ca9,No. 05-10186
63973033,ca2,No. 245
70523194,ca9,24-2320
66242240,ca2,Docket No. 88-3060
66322701,scotus,No. 35
546326,cadc,"03-1179, 03-1199, 03-1201"
66551272,scotus,No. 96-5719
66330100,scotus,No. 85-1893
65890024,ca9,No. 05-10769
2443066,ca9,82-3487
2022789,ca5,06-51166
66552169,scotus,No. 96-514
205806,ca5,04-20001
259260,scotus,04-500
607275,ca1,00-2573
182343,ca6,13440
66429303,scotus,No. 96-962; No. 96-1141
66245932,scotus,No. 1492
2213589,ca7,84-1825
66381246,scotus,No. 91-5918
64433476,ca10,20-3172
65716816,ca9,No. 06-71254
309248,ca4,79-6570
484938,ca6,86-3356
484122,ca3,96-1123
65294407,scotus,No. 737
559856,ca10,91-4088
65667099,ca6,No. 02-5119
678020,ca7,"92-1902, 92-1903"
1993253,ca4,09-1958
292103,ca5,81-1162
687179,ca9,10-17122
6120011,ca3,16-2401
66441646,scotus,No. 97-1941
67270577,ca4,22-4135
66467904,scotus,No. 01-8445
2137223,ca4,07-1936
66459857,scotus,No. 99-9547
66308869,scotus,No. 82-5634
910692,ca4,02-6302
66550447,scotus,No. 96-129
203336,ca3,78-1111
66472084,scotus,No. D-2329
116547,ca8,09-1659
65619203,scotus,No. 15–692.
64279663,ca2,No. 01-2323
437299,ca8,"10-1428, 10-1579"
66202780,scotus,No. 131
66917065,ca2,21-3029
1088111,ca7,79-1530
454853,ca10,"81-2309, 81-2310"
973404,ca5,"86-2085, 86-2296"
2464148,ca4,98-7810
873614,ca2,1997
16574041,ca9,18-15524
647583,scotus,5247
66246345,scotus,No. 2133
63970786,ca5,No. 9340
687767,ca9,99-50201
1422141,cadc,72-2188
66532935,scotus,No. 98-9883
65271118,scotus,No. 14–8955.
7788511,ca4,18-6449
1822359,scotus,03-5835
165389,ca7,13-1510
66173513,ca5,No. 74-2295
764613,ca9,80-1283
969591,ca9,12073
943982,ca2,"129, Docket 76-7177"
8171692,ca5,18-20130
555289,ca6,90-4041
381597,ca7,05-1082
278834,ca11,05-15493
66519880,scotus,No. 02-6430
298969,ca2,"293, 294, Docket 25683, 25684"
66368754,scotus,No. 89-7531
66519822,scotus,No. 02-6249
6377923,ca8,17-1486
224686,ca5,05-41716
714062,ca2,1998
968500,ca7,84-2981
66646332,scotus,No. 17–8386.
63973662,cadc,No. 7583
840403,ca9,91-35488
56200,ca5,94-60030
66229343,scotus,No. 460
636960,ca11,81-6001
121313,ca6,87-5833
66432316,scotus,No. 96-8325
66413296,scotus,No. 94-5826
64344260,scotus,No. 94-1340
66203763,ca6,No. 83-3466
301850,ca5,18524
216833,scotus,31
205234,ca10,80-1034
158912,ca4,76-2446
66088756,ca9,No. 2918
148863,ca5,06-60440
68074159,ca6,23-5928
2825826,ca4,10-2222
66372253,scotus,No. 90-6750
3026527,ca4,15-4076
4487526,ca11,15-15630
771042,ca3,82-5474
167541,ca1,94-1096
818008,ca7,87-2845
65958463,ca5,No. 14-30431
544521,ca2,09-4737-cv
66515613,scotus,No. 02-6970
2353060,ca5,83-4483
66276079,scotus,No. 75-7013
326182,ca9,75-1443
2492274,ca5,88-2001
2879194,ca8,98-1864
393970,ca7,94-3249
15877493,ca4,19-6208
65681493,ca9,No. 04-15058; D.C. No. CV-00-00436-DWH
37079034,ca7,19-2576
2825237,ca4,03-9
1616129,scotus,79-1260
66411053,scotus,No. 93-9592
730500,ca8,04-1370
66351321,scotus,No. 88-6332
66267364,scotus,No. 73-1702
672219,ca6,18872_1
1500936,scotus,03-9645
66525389,scotus,No. 05-8810
66278493,scotus,No. 76-6215
66264051,scotus,No. 73-6020
67597428,ca2,22-1514
66233899,scotus,No. 1156
64062560,ca9,No. 98-35783
1817536,scotus,02-399
66387619,scotus,No. 91-7836
65684887,ca11,No. 04-15769; D.C. Docket No. 02-00023 CV-WLS-1
66131565,ca8,No. 432
916150,ca4,07-2045
127282,ca2,89-9070
66455537,scotus,No. D-2096
2612008,ca4,14-1135
130348,ca6,95-3405
66643087,scotus,No. 16–9007.
2398882,ca5,31045
65726606,ca2,No. 00-0309-pr
66301868,scotus,No. 81-5097
63596185,ca9,16-70997
66066306,ca9,"No. 2,053"
1303045,ca4,76-1294
2890718,ca3,07-4198
2662158,ca9,14-50103
66401333,scotus,No. 92-8293
66024441,ca5,No. 763
1715934,ca5,83-2571_2
546809,ca9,94-10085
725431,ca3,17852
1185465,ca5,04-30891
2276164,scotus,03-9120
712947,ca3,98-5394
73320,ca9,92-55746
63965502,ca4,No. 4363
1663773,ca9,95-35778
65670964,cadc,No. 02-7137
587410,ca7,98-1032
3063726,ca5,15-20170
1052713,ca6,94-1966
2644501,ca3,14-3529
949622,ca4,79-1460
66358864,scotus,No. 89-639
64995502,cadc,"Nos. 82-1856, 82-2098"
66245359,ca6,No. 88-1757
181177,ca2,30102_1
102287,ca9,05-56047
801795,ca6,89-2056
65609594,scotus,No. 13–7214.
65701417,ca2,No. 06-5601-cr
45850,scotus,53
857517,ca9,95-10193
1517937,ca4,01-7692
66328548,scotus,No. 11-9598
66481805,scotus,No. 03-6046
66285950,scotus,No. 78-5300
1460907,ca4,93-2200
2069942,ca2,94-6004
65278998,scotus,No. 646
2448875,ca3,77-1322
763351,ca7,96-2386
1022850,ca7,08-1609
207943,ca5,05-10395
1526345,ca7,76-2258
1010065,ca4,11-6034
1086598,ca11,"11-14466, 11-14575"
1346264,ca3,75-1796
65696053,ca4,No. 11-6958
4485086,ca9,16-50036
66317004,scotus,No. 84-5289
838821,ca5,91-2432
2405555,cadc,71-1946
393522,ca10,95-6008
64332456,scotus,No. 10A824
2426818,scotus,"Nos. 724, 797"
4963189,ca9,15-72666
709300,ca10,"97-5161, 97-5167"
60371203,ca5,20-20530
68527409,ca7,23-1424
938556,ca5,79-5101
272950,scotus,375
1993249,ca5,22334
119432,ca10,459-69_1
1330661,ca2,93-1003
66068711,ca8,"Nos. 3,725, 3,726"
560206,ca7,91-1405
66249712,scotus,No. 1467
1100952,ca6,87-1715
2888284,ca9,08-17332
1546394,ca11,09-11315
18568877,ca9,19-16500
17238574,ca9,18-17245
68127346,ca5,23-50334
1471906,scotus,02-6853
970745,ca11,85-3547
65727318,ca2,No. 08-1936-cv
66224669,scotus,No. 904
859257,ca7,95-3664
66535650,scotus,No. 01-635
149051,ca5,01-10455
856482,ca5,95-60358
66450821,scotus,No. 98-818
2204670,scotus,03-10075
2827471,ca6,00-4213
1181700,ca9,80-1667
63777417,scotus,No. 09-1042
1238678,cadc,83-2126
2136219,ca5,78-2164
65293863,scotus,No. 203
150882,ca4,07-1975
720354,ca5,328
64349931,cadc,No. 1040
66724382,scotus,No. 19-5646
47937,ca3,87-3217
63999889,ca10,No. 5038
1343739,ca3,74-1739
65271748,scotus,No. 14–7956.
1422496,ca9,77-2353
65286217,scotus,No. 968
66434779,scotus,No. 97-7474
66077681,ca8,No. 4327
560006,ca8,91-1661
743727,ca3,02-1181
2651467,ca6,14-1629
2861095,ca7,08-1351
2030501,ca5,08-20595
579912,ca9,74-2400
66369391,scotus,No. 90-508
66278932,ca6,"Nos. 91-4196, 92-3098"
66545710,scotus,No. 03-10683
2189675,ca3,125
954683,ca5,80-1753
1265986,ca1,95-1333
1132419,ca9,10225
981223,cadc,87-1300
4418926,ca2,15-2820-cv
66507761,scotus,No. 12-7487
66344585,scotus,No. 87-1434
65893935,ca9,No. 05-73046
734722,ca7,01-1588
345787,scotus,280
26023,ca9,19-15111
2063075,ca4,98-1418
326904,ca9,91-15853
2159142,ca4,91-5524
542789,ca5,08-40118
179109,ca2,"248, Docket 24178"
61573285,ca5,21-40328
8482769,ca8,17-2948
346708,ca3,75-1888
2444308,ca4,08-7262
61498596,ca6,20-6078
171431,ca6,09-5529
66445986,scotus,No. 98-6043
66059306,ca2,No. 33
66417316,scotus,No. 94-958
66497248,scotus,No. 04-5960; No. 04-8323; No. 04-9126; No. 04-9622; No. 04-9743; No. 04-9794; No. 04-9823; No. 04-9847; No. 04-9873; No. 04-9948; No. 04-10324; No. 04-10365
66520520,scotus,No. 04-10131
65266582,scotus,No. 14–5879.
61637970,ca6,21-1340
64318710,cadc,Criminal Action No. 10–18–4 (JDB)
222021,cadc,81-1284
362916,ca6,91-2344
2622862,ca5,14-50367
64455208,ca4,21-4101
2455863,ca4,06-1997
726831,ca6,02-6374
1017427,ca9,92-30271
66244633,scotus,No. 1198
66317622,scotus,No. 84-523
65267452,scotus,No. 14–6486.
4983,ca4,19-1334
66277523,scotus,No. 76-206; No. 76-381; No. 76-5530
66406760,scotus,No. 93-5357
6144310,ca3,"15-4039, 16-1654, 16-1655"
2143839,ca8,02-4027
974462,ca9,10-30221
68263637,scotus,23-170
2904265,ca3,08-3419
65608885,scotus,No. 13–6342.
256243,ca5,01-60963
816356,ca7,"87-3052, 87-3053"
65293071,scotus,No. 751
66278387,scotus,No. 76-104
307876,ca8,89-2275
66441435,scotus,No. 97-1575
69476686,ca10,24-2027
67127557,ca5,21-20409
876449,ca9,11-16306
2651456,ca2,13-3641-cr
533331,ca4,98-4377
66075500,ca8,No. 4025
66236142,scotus,No. 710
66322336,scotus,No. 10-1112
2621095,ca11,14-10932
65892860,ca2,No. 06-1737-ag
2923641,ca9,14-16310
66554600,scotus,No. 83-191
16448,ca5,12-10630
60651140,ca9,20-70234
343238,ca5,92-1978
64030518,ca9,"Nos. 95-10455, 95-10561"
2901902,ca3,06-4544
66230819,scotus,No. 996
2816956,ca2,"Docket 06-0241-cv(L), 06-0242-cv(con), 06-1154-cv(con)"
66425143,scotus,No. 95-8144
63784505,scotus,No. 91-694
66496651,scotus,No. 04-9167
65890211,ca9,No. 05-17225
2138552,ca9,79-4891
64103541,ca9,No. 99-71052; INS No. A29-794-974
271292,ca5,88-2278
1151470,ca5,97-60603
2108019,ca3,83-1123
2068535,ca11,97-4795
1517004,ca7,85-1331
66480076,scotus,No. 03-24
65961839,ca7,No. 15-2517
60657,ca5,01-10988
65708534,ca2,"Nos. 05-5753-cr(L), 05-5829-cr(Con), 05-6597-cr(Con), 06-1049-cr(Con), 06-1060-cr(Con)"
67796525,ca9,22-35581
445034,ca8,10-1773
64013730,ca2,"No. 470, Docket 28757"
575604,ca7,95-3061
66474150,scotus,No. 02-9251
67078059,ca4,22-7333
66154112,ca3,No. 15411
66340545,scotus,No. 87-5899
65696259,ca2,No. 03-4044
720380,ca1,99-1260
704910,ca5,30152
1705629,ca8,93-1654
4569011,ca7,16-3215
66223158,scotus,No. 400
797583,ca8,91-3841
66516090,scotus,No. 02-689
852417,ca5,30976
2106116,ca10,99-4138
2456281,ca5,00-10043
1924807,ca4,80-6816
68062265,ca4,23-2253
2674484,ca8,14-2819
2446651,ca3,97-7094
2472071,ca4,01-6960
1015111,ca9,92-15574
1125281,ca5,14315_1
65965085,ca5,No. 16-11513 Conference Calendar
66778075,ca2,21-519
66302600,scotus,No. 81-5368
66432124,scotus,No. 96-8685
66663130,scotus,No. D-398
404718,scotus,733
66643462,scotus,No. 16–9513.
65685696,ca9,No. 04-16513
751779,ca2,10-2955 (L)
66371924,scotus,No. 90-6416
1457174,ca6,72-134
64984724,cadc,No. 74-1360
66390962,scotus,No. 91-8687
2169489,ca6,90-3739
669114,ca9,97-35934
737613,ca4,00-2369
65687358,ca4,No. 05-7045
765784,ca9,12-71006
742798,ca1,01-1460
66439093,scotus,No. 97-590
66504103,scotus,No. 11-10429
64330475,scotus,No. 10-6520
66270369,ca5,"Nos. 90-4597, 90-4604"
66399733,scotus,No. 92-7715
65607364,scotus,No. 13–5555.
66309318,scotus,No. 82-5726
631187,ca7,10235_1
1376884,cadc,07-5174
63187380,ca2,21-1055
65292254,scotus,No. 538
2900943,ca8,06-1992
1114058,ca2,98-6030
1268489,ca5,12-40443
64337611,scotus,No. 11-6515
2827562,ca6,00-6187
66720379,scotus,No. 18–5896.
65721529,ca7,No. 08-3663
2476812,ca3,95-1140
2253055,ca4,77-1319
65682954,ca6,No. 02-5551
1909585,ca11,96-9041
66498795,scotus,No. 09-11153
64333667,scotus,No. 10-10463 (10A1113)
156224,ca6,13515_1
1088389,ca9,12-50023
1275927,ca2,93-1771
433675,ca8,85-1455
66105093,ca3,No. 2782
63148617,ca8,21-2297
66092958,ca9,No. 3234
1068329,ca9,"09-55005, 09-55633"
1363257,ca5,79-2450
66234906,scotus,No. 21
66408368,scotus,No. 93-575
649649,ca6,80-3404
66648429,scotus,No. 18–313.
66504686,scotus,No. 11-11124
501105,ca8,96-1770
196888,ca9,73-2239
669014,ca6,15823_1
2906202,ca9,06-10398
65711348,ca2,No. 06-4239-cr
64349869,cadc,No. 997
1359198,ca8,"78-1874, 79-1017"
1033035,ca10,93-5163
637423,ca7,97-3116
66409412,scotus,No. 93-1168
64331977,scotus,No. 10M79
66330437,scotus,No. 85-7121
116098,ca9,79-1125
1022055,ca3,11-1679
2179987,ca4,96-6474
63960120,ca5,No. 8232
123878,ca8,91-1170
1088113,ca5,11-20870
66305631,scotus,No. 81-349
810565,ca5,86-4958
65732390,ca3,"Nos. 08-2876, 08-3067"
64279363,ca9,No. 01-15340; D.C. No. CV-99-00137-SI
66308697,scotus,No. 82-5601
65287388,scotus,No. 959
406255,ca1,01-1565
66509207,scotus,No. 12-8908
66128441,ca8,No. 269
47088,ca5,"95-60553, 95-60636"
66037376,cadc,Civil Action No. 08-0252 (PLF)
2786113,ca2,14-1370
60033351,ca5,20-40566
67921464,ca5,23-30152
2828125,ca6,02-5099
2898769,ca8,06-1018
1087555,ca8,80-1212
2853778,ca7,02-3068
3080813,ca9,14-73125
700573,ca10,96-1019
66658943,scotus,No. 17–1544.
279897,ca2,26558_1
66506723,scotus,No. 12-6894
17244073,ca4,19-4588
2106438,ca5,96-41214
2454679,ca3,14100_1
66363462,scotus,No. 89-1220; No. 89-6731; No. 89-6874
888308,ca6,78-3315
2909148,ca9,06-35384
67685643,ca3,23-2269
2458536,ca5,85-2830
2471268,ca5,04-40935
66212012,scotus,No. 957
68515012,ca9,22-539
833922,ca1,91-1255
821330,ca7,81-3041
1291860,ca7,82-1342
392273,ca5,75-3643
66406075,scotus,No. 93-94
66435437,scotus,No. 97-7915
1086192,ca10,12-1432
212265,ca11,94-5017
63922538,ca1,No. 1739
1565638,ca5,09-20261
2893632,ca8,04-2249
64338600,scotus,No. 11-5783
188327,scotus,"128, 135"
2175563,scotus,04-5951
1463463,ca8,94-2362
2483114,ca7,81-1006
16817520,ca7,19-1179
1900281,ca6,75-1981
1077822,ca4,"11-2220, 11-2221, 11-2222, 11-2223"
742644,ca5,00-41224
2368707,ca9,91-35343
906053,ca4,98-4017
65616273,scotus,No. 15–134.
1105792,ca2,"309, Docket 20244"
2480014,scotus,03-8298
420067,ca5,76-2133
65620588,scotus,No. 15–8162.
66346865,scotus,No. 88-103
66458606,scotus,No. 99-9060
2461784,ca5,78-5294
676878,ca2,12-5014-cv
2916390,ca11,11-10964
2215993,ca8,77-1619
68357901,ca4,24-4158
65962056,ca4,No. 15-2135
2501169,ca2,77-1358
1235297,ca4,98-4620
1274324,ca11,06-11879
66397948,scotus,No. 92-7130
65913230,ca9,"Nos. 05-35259, 05-35274"
66510527,scotus,No. 11-5329
2472354,ca6,82-1359
2832655,ca6,04-4414
63668423,ca9,No. 888
66192787,ca3,"Nos. 82-1229, 82-1230"
157662,scotus,323
774863,ca7,73-1175
1058562,ca7,95-2327
420534,ca11,95-6743
16234338,ca9,18-55750
2851800,ca7,00-3177
66279112,scotus,No. 76-6443
66519138,scotus,No. 02-5578
65004178,cadc,"Nos. 88-1514, 89-1244 and 89-1252"
66225721,scotus,No. 30
64109837,ca2,Docket No. 00-9261
66349530,scotus,No. 88-670
66262795,ca8,No. 90-5485
473611,ca9,09-15321
2492953,ca4,95-7712
65723480,ca9,No. 06-10686
810070,ca2,"982, 1012, Dockets 86-2310, 86-2311"
64175,ca5,13-60162
2305093,scotus,561
65718870,ca2,No. 08-1999-cv
6946399,ca9,15-71484
768681,ca9,80-5368
611166,ca4,6734
1151872,scotus,01-9907
1828127,scotus,71-110
1951435,ca5,08-40909
821684,ca9,88-6040
64869270,ca5,20-61087
65908669,ca9,No. 04-72971
65671648,ca6,No. 03-1021
66190603,ca8,No. 80-1981
1190055,ca5,93-1156
66503193,scotus,No. 10-8219
1651337,cadc,14020
664237,ca9,13562_1
1122980,ca6,4188
66249092,scotus,No. 1223
65961417,ca4,No. 15-8022
65713165,ca9,No. 06-55609
71021,ca5,06-11422
2460680,ca5,05-20125
732888,ca2,184
63950242,ca2,No. 344
219112,ca2,948
465354,ca10,07-2013
2894206,ca8,04-1876
2041402,ca7,74-1056
1760421,ca11,82-5401
65700641,ca2,No. 07-5329-cr
1514310,ca10,93-4210
197408,ca9,72-1696
66446516,scotus,No. 98-482
68426713,ca4,22-6522
4555816,ca11,15-12623 Non-Argument Calendar
66554407,scotus,No. 82-6864
65952007,ca2,No. 08-0808-cv
66478666,scotus,No. 02-1821
2017609,ca11,04-16536; D.C. Docket 03-02677-CV-S-S
2299076,ca4,07-6574
766250,ca10,72-1364
1448327,ca3,13-1380
538621,ca4,7902
878732,ca4,12-1852
66415842,scotus,No. 94-6480
2886398,ca3,05-5435
479990,ca9,13383_1
66467327,scotus,No. 01-7747
972459,ca9,72-2188
477772,ca10,03-4262
1135041,ca5,04-51315
66452909,scotus,No. 98-8417
2881787,ca8,99-1838
66723352,scotus,No. 18-1499
2621995,ca9,13-30319
2184669,cadc,78-1840
2129656,ca5,00-60387
8486567,ca9,15-70612
65612427,scotus,No. 13–8599.
66367551,scotus,No. 90-5145
64109570,ca8,No. 99-1228
65960977,ca5,No. 15-40513
1500066,ca2,93-2674
65669542,ca9,No. 02-35326; D.C. No. CV-01-00775-MJP
2140254,ca11,11-16000
65907064,ca9,No. 06-16041
2878903,ca8,98-1620
1051144,ca3,92-3448
66479811,scotus,No. 02-11260
66214258,scotus,No. 950
66346288,scotus,No. 87-6797
65296875,scotus,No. 1138
66516573,scotus,No. 02-7826
59902348,ca5,20-20504
2485048,ca5,99-31422
961061,scotus,03-1407
346291,ca9,05-74132
1019300,ca8,07-2022
7473614,ca3,16-1069
2441954,ca4,10-1415
66156841,ca7,No. 15515
380098,ca9,93-55892
1495065,ca4,83-2000
60118794,ca4,19-4801
453581,ca8,90-5460
472405,ca7,10439_1
97420,ca3,13-2399
766832,ca6,91-1933
2825472,ca4,"04-2129(L), CA-03-2281-3"
66291453,scotus,No. 79-905; No. 79-916; No. 79-5734
66475898,scotus,No. 02-9423
64141163,ca9,No. 00-56296; D.C. No. CV-00-00815-IEG
421739,scotus,74-415
720687,ca2,35199_1
66655661,ca8,"Nos. 78-1327, 78-1328"
65674224,ca2,No. 03-7717
2891738,ca9,07-56012
1026335,ca6,93-5869
304343,ca5,95-50662
2875365,ca8,96-2356
2444746,ca5,28038
2897301,ca9,04-17033
816529,ca5,12-70001
2402948,ca11,96-6014
2499507,ca4,01-1957
2118069,ca11,92-6393
65276716,scotus,No. 472
98992,ca5,02-41516
1237759,ca2,"379, Docket 30949"
2360782,ca2,27575_1
65623078,scotus,No. 15–9511.
65301065,scotus,No. 553
286261,ca10,86-2002
2822059,ca1,96-1976
712083,ca1,81-1682
2890213,ca8,03-1619
66263489,scotus,No. 73-5928; No. 73-5959
65891725,ca9,No. 06-55683
66488804,scotus,No. 03-8418
66312538,scotus,No. 82-840
445128,ca5,08-10578
2451917,ca5,83-2050
987588,ca2,"268, Docket 20375"
892026,ca8,92-1711
63924515,ca5,No. 4746
2102755,ca10,05-4091
66100806,ca2,No. 117
66336860,scotus,No. 86-1876
2871922,ca3,02-4037
66295742,scotus,No. 80-297
65722190,ca2,No. 07-5096-ag
2922158,ca9,06-15967
65724398,ca2,No. 08-0284-ag
64318437,cadc,Civil Action No. 04–0798 (PLF)
1102634,ca2,742
68448,ca5,08-40101
66500473,scotus,No. 10-6607
66407453,scotus,No. 93-5946
2641872,ca9,"13-50478, 13-50496"
503107,ca6,75--1691
66131600,ca9,No. 156
66535602,scotus,No. 01-383
2822080,ca1,96-2315
149378,ca5,88-2274
747003,ca9,07-15330
2825571,ca4,05-2176
3018298,ca4,14-4764
66180987,ca9,"Nos. 76-1821, 76-2041 and 76-2605"
560444,ca6,91-2298
2310376,ca4,88-7160
66542960,scotus,No. 94-9680
617184,ca5,14784
354203,ca11,12-14085
66295462,scotus,No. 80-147
65725395,ca2,No. 08-3712-ag
1576853,ca11,87-8040
8041503,ca3,17-3810
427371,ca9,83-2104
65957745,ca4,No. 14-6221
1310178,ca4,09-6158
2432525,ca4,05-7224
1180820,ca4,00-7328
133123,ca7,13-2878
68338185,ca8,23-2720
1031633,ca8,93-2278
932014,ca3,72-2112
66425798,scotus,No. 95-1156
65283289,scotus,No. 406
2136311,ca7,74-1040
1755628,ca1,7801
1313809,ca9,96-35643
2170543,ca8,90-1094
93251,ca7,04-1197
319855,ca4,90-2027
66513509,scotus,No. 11-8452
184662,ca10,84-2597
63924565,ca2,No. 380
1508049,scotus,04-9534
2387252,ca7,10031_1
275062,ca11,83-8530
64161351,ca6,No. 00-3241
66545051,scotus,No. 95-6452
66244492,scotus,No. 1341
69120575,ca5,24-20052
17454756,ca3,20-1295
66476134,scotus,No. 02-9982
65613004,scotus,No. 13–9472.
1114156,ca3,99-5326
7046523,ca10,17-6207
66428403,scotus,No. 95-7981
66251096,scotus,No. 70-212
63927296,ca8,No. 7791
66361233,scotus,No. 89-6024
66490057,scotus,No. 03-9329
2483054,ca3,93-5244
748228,cadc,80-2044
366654,ca8,92-1793
505741,ca3,11216_1
2342978,scotus,93-7096
1461092,ca4,02-6545
66349016,scotus,No. 88-586
605140,ca4,94-2031
65734295,ca4,No. 09-8198
2194049,ca4,91-1427
1935628,ca5,83-1395
700363,ca10,567-70
2117934,ca5,98-40062
70493535,ca9,23-929
66518170,scotus,No. 01-10680
321780,ca4,91-5551
2358560,ca1,96-1093
1014742,ca8,92-1673SD to 92-1675SD
2142278,ca5,91-6098
66196381,scotus,No. 231
67858410,ca5,22-40373
902185,ca8,06-1693
606279,ca1,93-1050
527743,ca3,96-1031
3030016,ca3,15-2448
65665430,ca9,"Nos. 02-55195, 02-56597"
165339,scotus,192
63953265,ca4,No. 3761
66220580,scotus,No. 620
18408976,ca11,19-14809
29394,ca5,02-20238
872782,ca8,98-2214
66504207,scotus,No. 11-10591
1302713,ca6,80-3393
3043837,ca5,15-10126
66223469,scotus,No. 542
66460629,scotus,No. 99-9260
2079836,ca5,27574_1
333381,ca8,Misc. 200
66067701,ca8,"No. 3,713"
946766,ca1,79-1199
2835196,ca6,08-5013
65665813,ca9,No. 01-10597
65725547,ca4,No. 09-1420
66223412,scotus,No. 497
1352702,ca4,08-1648
65609732,scotus,No. 13–5592.
63935521,ca8,No. 8893
976170,ca4,05-2347
616324,ca4,96-6610
644622,ca10,03-4111
910048,ca4,02-4400
66360468,scotus,No. 89-6019
66450955,scotus,No. 98-7164
66643970,scotus,No. 17–121.
65268160,scotus,No. 13–1433.
66378695,scotus,No. 91-23
1363716,ca5,15565_1
63958098,ca6,No. 7198
66456900,scotus,No. 99-1381
64330677,scotus,No. 10-7863
1643754,ca8,92-3546
48463,ca4,01-6371
1037577,ca9,94-15687
2359094,ca3,75-2202
612737,ca9,91-70038
2195191,ca5,28560
205342,ca5,08-20211
1455063,ca6,83-1450
364426,ca4,"14-1149, 14-1249, 14-1374, 14-1449"
65963979,ca5,No. 16-20208 Conference Calendar
2828513,ca6,"03-1194, 03-1271"
501849,ca7,"88-2278, 88-2317"
71342,ca10,08-1195
4937434,ca9,16-10152
1649569,ca4,00-7604
116420,cadc,99-5304
15026814,ca9,16-71678
65887652,ca9,No. 05-10277
921473,ca10,96-1015
65278888,scotus,No. 1053
2474017,ca11,95-9181
66211613,scotus,No. 815
905541,ca4,96-7614
63928315,ca5,No. 5141
297076,ca3,"13-2563, 13-2564"
64454775,ca4,21-4621
751825,ca6,11-1801
1279875,ca3,10-3148
64282888,ca9,No. 01-10529; D.C. No. CR-00-05346-MDC
66378439,scotus,No. 90-8386
1015891,cadc,91-7185
1467127,ca11,85-5381
348523,ca11,08-16489
65287551,scotus,No. 297
64086983,ca9,"Nos. 99-17059, 99-17061 and 99-17388"
921327,ca4,92-7012
904878,ca4,97-4242
1087786,ca8,75--1305
848877,ca8,93-1426
18463938,ca4,19-7706
1032026,ca8,93-1683
66511518,scotus,No. D-2604
66382048,scotus,No. 91-473
66662236,scotus,No. 12–8820.
1994586,ca11,05-11951
66344020,scotus,No. 87-1616
171913,ca9,10-15944
66059742,ca8,"No. 3,311"
875852,ca8,06-3418
2839409,ca6,13-3368
119813,ca5,15609_1
243587,ca10,01-6365
66196766,ca10,No. 83-1533
314307,ca1,05-2042
66413802,scotus,No. 94-23
190079,ca3,17292_1
65292078,scotus,No. 666
24629,ca4,20-1690
65891314,ca2,No. 06-1998-ag
64283162,ca6,No. 01-3385
694953,ca7,15008
65660032,ca9,No. 11-55187
66289297,scotus,No. 78-1501
656826,ca7,16131_1
1996179,ca5,76-1190
1584571,scotus,77-920
903556,ca4,02-7032
66430062,scotus,No. 96-7990
65281356,scotus,No. 931
993972,ca5,11231
66390644,scotus,No. 91-8493
66320137,scotus,No. 84-1493; No. 84-1509
2822305,ca1,97-1397
1055131,ca4,94-5754
803260,ca4,72-2189
2184719,ca3,96-3341
60274513,ca4,20-7425
3048000,ca9,14-55839
1334974,ca9,22484
121917,ca6,04-3776
66332451,scotus,No. 86-6011; No. 86-6111; No. 86-6123
912137,ca4,03-4647
701660,ca5,29624
194661,ca2,428
64227273,ca9,"Nos. 00-70257, 00-71676; EPA No. 65-FR-71314-14"
634562,ca5,99-40351
2894338,ca8,04-1937
268951,scotus,02-303
66482877,scotus,No. 03-6039
66291061,scotus,No. 79-5446
65615879,scotus,No. 15–5022.
2335547,ca3,95-5268
882954,scotus,02-1103
1232377,ca5,86-3319
66163919,ca3,No. 18397
66366817,scotus,No. 89-7737
2005767,ca5,02-20764
760410,ca5,80-3774
14731921,ca10,18-6180
66448185,scotus,No. 98-6987
667502,ca2,"403, Docket 29501"
66105255,ca1,No. 1534
66268109,scotus,No. 74-5563
63776460,scotus,No. 09-8920
237515,scotus,643
2499138,ca3,81-1873
154763,ca8,12-2779
263142,ca5,16195_1
66266092,scotus,No. 73-6873
1104875,ca4,03-4797
66228026,ca8,"Nos. 86-5392, 86-5393 and 86-5394"
63174989,ca6,21-3822
2463507,ca9,94-30044
239762,scotus,71-1487
442263,ca10,10-2154
17015538,ca7,19-2225
2887128,ca3,05-2408
66489016,scotus,No. 03-8860
646438,ca10,03-4248
2003055,ca9,95-30404
6069135,ca11,"13-14106, 13-15877 Non-Argument Calendar"
1670614,cadc,84-1091
66491069,scotus,No. 03-9779
2896594,ca8,05-1900
413526,ca9,09-15212
2291336,ca4,89-3358
66260897,scotus,No. 72-6708
65884325,ca5,No. 03-50468
1551482,scotus,38
174996,ca5,85-1039
721152,cadc,97-1092
572953,ca4,05-5023
278350,ca2,78-7598
298572,scotus,410
65671532,ca2,No. 03-1315
65682976,ca9,No. 03-55783
66202180,scotus,No. 259
586551,scotus,03-6326
295288,ca4,09-6457
65693140,ca9,No. 03-71700
66490080,scotus,No. 03-9354
2305658,ca5,75-2438_1
2138964,ca11,94-2442
66028307,ca9,No. 683
2897358,ca8,05-1839
2441419,ca4,83-6058
66328542,scotus,No. 11-9567
65685111,ca2,No. 04-3178
96347,ca4,96-6689
66644267,scotus,No. 17M5.
2462249,ca4,04-7164
63601327,ca11,21-11527
65671718,ca7,No. 03-1022
1292074,ca7,91-3927
2470009,ca2,72-2194
66268040,scotus,No. 74-652
65722759,ca9,No. 08-10296
2310531,ca6,82-5550
6082731,ca5,15-30472
66476408,scotus,No. 02-1289
66497097,scotus,No. 04-10352
64349952,cadc,No. 2918
65662675,ca8,No: 14-3139
66726217,scotus,No. 19-5458
754448,ca5,72-1084
6286940,ca9,16-10017
16603697,ca9,18-15344
66212056,scotus,No. 761; No. 776; No. 921
1187881,ca5,05-41398
2026886,ca5,01-31010
66298709,scotus,No. 80-6347
1127516,ca4,3712
2834881,ca6,07-3607
65714192,ca9,No. 07-35416
137148,scotus,77-1571
14709764,ca7,18-1146; 18-1247; 18-1308
65658968,ca10,08-4090
1516259,ca4,98-7568
2127413,ca4,71-1544
4560210,ca5,16-50043
1472405,ca11,81-5069
63774330,scotus,No. 09-6682
66273726,scotus,No. 75-1062
793879,ca6,06-4514
1088549,ca4,12-1764
65908805,ca9,No. 05-56764
64202164,ca2,No. 98-1414
850432,ca2,11-3942-cr
1987926,ca5,97-10965
59305171,ca5,19-60721
66026015,ca8,"No. 1,448"
63985822,ca9,No. 11318
16319431,ca6,18-4248
602032,ca9,94-50597
66723601,scotus,No. 18-9596
65715577,ca9,No. 07-16903
66505321,scotus,No. 12-5781
355166,ca6,16303_1
829567,ca4,90-5633
66527658,scotus,No. D-2238
66050189,ca6,"No. 1,778"
742717,ca7,02-3880
1027157,ca10,93-1324
6122777,ca8,16-3391
775352,ca6,73-2080
66539471,scotus,No. 01-7273
68234221,ca6,24-3096
337072,ca6,91-5187
66259234,scotus,No. 72-1184
707668,ca6,00-1337
66533449,scotus,No. 99-5255
66502828,scotus,No. 10-8258
63947826,ca10,No. 843
66291769,scotus,No. 79-5360
66224646,scotus,No. 1195
69172016,ca10,22-1245
114163,ca9,94-56659
69562048,ca9,23-2797
66617636,ca3,22-1577
64018174,ca6,No. 93-3812
66334076,scotus,No. 86-1397
447490,ca7,83-1965
66496034,scotus,No. 04-1471
66305270,scotus,No. 81-6507
63988666,cadc,No. 9670
66316523,scotus,No. 83-6972
66377707,scotus,No. 90-1962
66645415,scotus,No. 17–453.
66270446,ca9,"Nos. 88-15046, 88-15127, 88-15128 and 88-6447"
768498,ca7,81-2462
2185813,ca1,"92-1703, 92-1777"
502291,ca4,98-7062
63924060,ca8,No. 6839
4574783,ca9,15-10501
66132502,ca5,No. 255
65618847,scotus,No. 15–6582.
18762938,ca4,19-4137
59986976,ca9,20-70183
203629,ca5,03-30365
66409093,scotus,No. 93-7501
327501,ca9,12-30352
60868050,ca11,20-13598
66309535,scotus,No. 82-922
123013,ca10,95-8030
640589,ca6,715
6383813,ca5,17-10669
65954743,ca2,No. 07-3940-ag.
66432112,scotus,No. 96-8659
66209234,scotus,No. 809
1148310,ca9,11-73331
2897032,ca8,05-2194
66521372,scotus,No. 05-5333
65292690,scotus,No. 596
64329745,scotus,No. 10-7001
64281526,ca9,No. 99-17237; D.C. No. CV-99-20185-RMW
230000,scotus,186
64007832,ca2,"Nos. 102-112, Dockets 26385-26395"
1217856,ca6,85-5042
66440974,scotus,No. 97-7243
2461902,ca4,99-4848
63979266,ca2,No. 51
153957,ca5,90-4908
6076602,ca3,16-3893
4561992,ca4,16-6567
65889560,ca9,No. 05-71999
493309,ca5,78-5345
1382300,ca4,96-7242
959780,ca10,1115
264693,ca3,94-7441
4117472,ca6,Case 16-5013
66074441,ca3,No. 1820
1713210,ca2,1999
65271863,scotus,No. 14–9334.
65630129,scotus,No. 555
65953090,ca9,No. 06-17040
14568660,ca9,18-16120
126430,ca7,93-4063
59768111,ca8,20-2248
1771917,scotus,02-9201
65621300,scotus,No. 15–8135.
65293899,scotus,No. 145
66459682,scotus,No. 99-8954
66481255,scotus,No. 03-5549
17420163,ca8,19-1955
63953594,ca8,No. 10304
2013455,ca11,96-9442
783271,ca10,99-4218
64335937,scotus,No. 10-11161
2389935,ca9,85-5857
890389,ca4,12-4297
2886947,ca8,02-1055
66399454,scotus,No. 92-8305 (A-783)
2172925,ca10,12-6024
1350004,ca3,82-5423
65894081,ca2,No. 03-4875-ag
64248015,ca9,No. 01-30150; D.C. No. CR-99-60111-MRH
670571,ca9,12-30138
66193452,ca9,No. 82-7098
68457584,ca4,24-1343
1056318,ca9,94-70917
66393657,scotus,No. 92-6046
2142189,ca8,94-3523
65627940,scotus,No. 16–7903.
66310442,scotus,No. 82-5768
530779,ca3,10-3234
66425825,scotus,No. 95-1320
1163473,ca9,"75-3285, 76-1299"
208557,ca9,77-2961
66435114,scotus,No. 97-8537 (A-729)
2828577,ca6,03-1488
63771026,scotus,No. 09-8072
1607982,ca5,89-2610
66390957,scotus,No. 91-8682
66318627,scotus,No. 84-757
60438569,cadc,No. 8632
1011018,ca2,06-1590-CV
2443751,ca4,03-7678
2478971,ca5,98-30722
778712,ca4,94-6198
66230580,scotus,No. 1107
63986145,ca9,No. 11531
64330320,scotus,No. 10-7756
64344140,scotus,No. 93-982
213237,cadc,96-7052
66446609,scotus,No. 98-701
65271837,scotus,No. 14–9031.
66252282,scotus,No. 71-442
65616481,scotus,No. 15–5710.
64919968,ca5,19-60632
503121,ca4,88-1308
66467033,scotus,No. 01-964
66228379,scotus,No. 160
66523255,scotus,No. 05-6706
820293,ca6,89-3188
66381858,scotus,No. 91-6107
65281813,scotus,No. 64
66229571,scotus,No. 898
66214130,scotus,No. 911
786868,ca4,73--2374
65711150,ca9,No. 07-72413
2517810,ca4,5718
66548110,scotus,No. 04-680
66220794,scotus,No. 444
644245,cadc,18616
65292726,scotus,No. 108
2874832,ca8,95-3461
64000258,ca9,No. 14311
732136,ca8,04-4178
66052187,ca1,"Nos. 790, 791, 792, 793, 794, 795"
15769595,ca6,18-4117
2897442,ca9,05-30486
1457276,ca7,84-3185
2891192,ca9,09-50289
2087135,ca2,89-1332
1122754,ca1,95-1922
6385901,ca2,16-2359
1607031,scotus,01-1607
66648618,scotus,No. 18–6184.
65299860,scotus,"No. 63, Misc."
66327167,scotus,No. 85-1453
2869304,ca3,01-4041
975006,cadc,99-3063
791166,ca6,05-4488
65706791,ca7,No. 12-3707
1083190,ca5,12-30234
66551326,scotus,No. 96-5871
65656499,ca3,"Nos. 05-2244, 05-4121, 06-4003"
65957087,ca4,No. 13-7630
1957352,ca1,86-1866
1203015,scotus,04-1579
66276826,scotus,No. 76-318
1746743,ca6,77-3400
1305932,ca10,94-1167
1138808,ca5,95-20169
65611044,scotus,No. 13–7798.
64083298,ca4,No. 00-1734
65910127,ca3,No. 07-3066
64203339,ca4,No. 01-4800
2129759,ca7,93-2002
1953063,ca4,89-2348
66521066,scotus,No. 05-135
66504396,scotus,No. 11-10787
2834254,ca6,07-3632
391423,ca10,94-6419
1214144,ca9,80-4350
63235490,ca5,21-50205
750931,ca5,73-3015
66382639,scotus,No. 91-5783
66413617,scotus,No. 94-5796
66403992,scotus,No. 93-8270
585492,ca8,80-2174
65674497,ca9,No. 02-17152; D.C. No. CV-02-01838-RMW
336269,ca1,94-1840
2823098,ca1,98-1995
205822,cadc,75-1585
66314607,scotus,No. 83-6657
2836051,ca6,08-4667
2823020,ca1,98-1905
4418880,cadc,13-1068
2827887,ca6,01-6075
1098657,cadc,74-1948
66308132,scotus,No. 82-5235
65714470,ca9,No. 08-30182
66440738,scotus,No. 97-963
296254,ca5,17934
65729904,ca7,No. 08-3807
1530586,cadc,88-3078
17060886,ca9,19-71093
65298170,scotus,No. 1126
299714,ca2,26098_1
1431844,ca4,84-6539
66464612,scotus,No. 00-1559
66110436,ca2,No 147
65696353,ca9,No. 05-50440
1066666,ca8,04-1754
394167,scotus,02-11014
66045052,ca2,No. 30
736657,ca4,71-1666
65910727,ca9,No. 07-70159
66321667,scotus,No. 84-1860
403853,ca4,98-2799
17094503,ca4,19-7048
66036340,ca2,"No. 3,144"
66501718,scotus,No. 10-710
537896,ca2,09-4836-ag
472103,ca10,09-2208
66722356,scotus,No. 18–8002.
2104446,ca10,95-3374
65721932,ca9,No. 08-50263
172924,ca5,92-9114
2869663,ca3,00-1266
1131544,ca3,91-5376
7353955,ca3,16-1710
63989328,cadc,No. 9759
60490606,ca11,20-10333
625691,ca9,82-5260
4577300,ca10,16-5150
2832282,ca6,05-4462
936098,ca5,77-2781
1341441,scotus,02-1399
967995,ca8,8153
1000646,ca4,89-3332
66370967,scotus,No. 90-5744
66267608,scotus,No. 74-5297
6325308,ca6,17-5885
1255832,ca4,81-1923
73111,ca11,12-16130
635098,ca9,"81-7016, 81-7096"
2008847,ca5,03-50573
63924404,ca3,No. 3440
66394224,scotus,No. 92-6270
63979608,ca5,No. 10997
130765,ca9,84-5543
403622,ca11,10-11498
707894,ca10,8-68_1
1379601,ca9,83-5047
7589863,ca11,17-14682
645525,ca6,11624_1
65302708,scotus,No. 788
66205630,ca6,No. 83-1864
66326310,scotus,No. 85-1093
4586393,ca11,12-14009
1349508,ca3,04-2542
4668175,ca9,15-55831
197135,scotus,1134
742961,ca8,02-4099EA
2228062,ca4,90-6799
63268203,ca9,21-55416
66647702,scotus,No. 18–226.
2385753,ca8,90-2429
209125,ca5,03-50646
2040896,ca10,04-6303
65663295,cadc,No. 18-1026; C/w 18-1080
66214599,scotus,No. 230
1979794,ca11,96-5198
60397242,ca4,21-6587
65682784,ca3,No. 04-1832
708027,ca5,27677
2318651,cadc,78-1447
66459325,scotus,No. 99-1734
66655888,ca5,No. 75-3932
66401202,scotus,No. 92-1587
368043,ca10,96-2278
2329428,ca4,04-4940
64018731,ca2,"Nos. 1236, 1237 and 1238, Dockets 93-6207, 93-6253 and 93-6333"
550644,ca10,94-3353
2116060,ca9,80-4141
2823290,ca1,98-2162
6057396,ca6,16-1773
3006254,ca5,14-41411
66406416,scotus,No. 93-5323
62163992,ca5,20-20611
65690744,ca5,No. 10-20461
66343770,scotus,No. 87-1662
66396038,scotus,No. 92-6737
1021502,ca9,92-10413
66168379,cadc,"Nos. 71-1424, 71-1425"
117357,ca6,12697_1
1507844,ca5,93-07140
66360966,scotus,No. 89-906
66162982,ca9,No. 24352
63978519,ca9,No. 10673
2624220,ca8,14-2119
899530,ca5,12-40931
2839301,ca6,12-3680
568519,ca3,"09-2380, 09-2432"
504656,ca9,88-15578
75477,ca2,Docket 00-4264
66430879,scotus,No. 96-1297
1074964,ca3,11-2789
218090,ca1,"12-9008, 12-9009, 12-9011, 12-9012"
66237862,ca5,No. 87-6165
66277387,scotus,No. 76-5747
16555597,ca8,19-1119
1115836,ca4,86-8119
66233482,scotus,No. 1224
65727805,ca3,No. 08-2835
1175489,ca11,92-8083
65286820,scotus,No. 376
751639,ca2,"1218, Docket 74-1813"
1003251,ca9,89-70477
65699436,ca9,"Nos. 05-55789, 05-55892"
616121,ca11,91-8520
66442721,scotus,No. 97-9535
66277872,scotus,No. 76-5596
345970,ca9,90-16426
65717180,ca2,No. 07-1448-ag
2378140,ca4,96-6833
1498585,ca4,95-6796
64326663,scotus,No. 09-11373
66115917,ca2,No. 208
912802,ca6,12-1330
2449305,ca11,92-6197
64330125,scotus,No. 10-7180
290331,ca1,99-1174
87301,ca6,90-4113
831496,ca4,90-6443
378289,ca3,76-2549
63937276,ca5,No. 5769
66055783,ca2,"No. 97 (4,155)"
2657645,ca4,13-6212
2082831,ca4,95-2795
65629259,scotus,No. 16–8985.
2357496,ca5,97-40022
66660968,scotus,No. 12–672.
4566096,ca4,15-1158
118216,cadc,"72-1694, 72-1695"
154004,ca9,11-72226
889338,ca9,11-16078
66469052,scotus,No. 01-9067
65684440,ca9,"Nos. 03-16748, 03-16830; D.C. Nos. CV-98-01439-SMM, CV-98-01439-SMM"
2446802,ca4,97-7623
66219452,ca7,"Nos. 85-1499, 85-1689 and 85-2071"
1431461,ca11,88-3684
549829,ca10,79-1010
66230467,scotus,No. 1101
66290095,scotus,No. 79-24
2826516,ca6,98-6477
65666094,ca6,No. 01-2688
6076504,ca8,16-2648
844887,ca7,11-1846
361436,ca2,09-1966-ag
148010,scotus,03-8140
52459,ca5,04-60416
51570,ca5,12-40176
64021644,ca11,"Nos. 91-5212, 91-5759 and 93-4163"
571480,ca10,96-1374
66382760,scotus,No. 91-6328
89804,ca5,80-1410
1041617,ca6,94-1109
2916682,ca11,10-15241
2060134,ca4,89-6704
53070,ca5,78-2613
66107520,ca4,No. 1961
96954,ca11,97-3433
65693592,ca4,No. 11-1221
71983,ca6,80-5344
373227,ca5,10-50480
887015,ca9,77-2935
66035386,ca8,"No. 1,849"
2156838,ca9,"75-2913, 75-2912"
6121459,ca1,16-1206U
66362331,scotus,No. 88-6881; No. 88-7133; No. 88-7246; No. 88-7488; No. 88-7562; No. 89-5201; No. 89-5257; No. 89-5444; No. 89-5515; No. 89-5621; No. 89-5892; No. 89-5898; No. 89-5997; No. 89-5998; No. 89-6181; No. 89-6194; No. 89-6213; No. 89-6253; No. 89-6284; No. 89-6322; No. 89-6342; No. 89-6532; No. 89-6547; No. 89-6584
1751094,cadc,82-2448
65280603,scotus,No. 929
804446,ca10,97-4143
816909,cadc,86-1219
551748,ca9,93-70385
65734422,ca7,No. 08-4188
1200861,ca11,10-11989
6219098,ca4,17-1245
66238682,scotus,No. 57
66463993,scotus,No. 00-8799
1538028,ca11,87-7096
2873288,ca3,04-1133
66281769,scotus,No. 77-159
66555460,scotus,No. 83-5478
66431688,scotus,No. 96-8249
65297192,scotus,No. 221
63255645,ca5,20-40769
881258,ca6,85-5504
2902549,ca3,08-2483
2685619,ca9,13-55813
66248111,ca2,"No. 1196, Docket 89-6039"
66168091,ca9,"Nos. 72-1655, 72-1760"
2442921,ca9,10-70480
65283624,scotus,No. 767
769627,ca10,97-1017
641083,ca9,17566
2482729,scotus,03-6449
676670,ca4,07-4298
1096398,ca11,96-9099
608627,ca1,03-1339
1721206,ca4,85-6246
63975040,ca6,No. 9172
66451294,scotus,No. 98-8198
67240328,ca9,22-15734
65725673,ca9,No. 06-75756
291634,ca5,05-50472
1786031,cadc,84-5386
2854525,ca7,03-3498
291254,ca4,75-1523
2490698,ca5,93-04220
64025749,ca9,No. 95-56874
8043200,ca9,17-55743
146877,ca2,13-557-ag
63927323,ca8,No. 7668
64010837,ca4,No. 8601
4118401,ca9,14-50288
66218629,scotus,No. 678
658375,ca6,17690
1470925,ca4,08-8325
1054537,ca4,94-5825
1156260,ca2,86-3032
659686,ca7,77-2199
65926090,ca2,No. 07-3244-ag.
349434,ca10,10-3212
66813477,ca9,22-15288
508757,ca11,89-5334
939019,ca9,91-36338
605333,ca1,94-1786
6299,ca9,18-15203
132871,ca6,14145
84452,ca6,12-2676
66198349,scotus,No. 394; No. 412; No. 421; No. 428
2423338,ca5,96-50279
532214,ca3,11-2730
65282220,scotus,No. 855
66423384,scotus,No. 94-8858
929669,ca10,06-3213
65632855,ca5,21-60706
65286115,scotus,No. 706
66450882,scotus,No. 98-1164
66247406,scotus,No. 5134
66253594,scotus,No. 71-5871
559466,ca5,08-50894
66364156,scotus,No. 89-7132
64086454,ca9,No. 99-16118
8344502,ca8,18-1342
66378729,scotus,No. 91-47
1159950,ca5,13-50680
1363190,ca4,82-2154
66232235,scotus,No. 445
69348066,ca9,20-70528
8345758,ca11,17-10993
334053,ca3,86-1487
66406491,scotus,No. 93-5426
283458,ca9,80-4290
17228653,ca5,19-50475
65284952,scotus,No. 37
1991661,ca7,03-2990
66460419,scotus,No. 99-9658
976823,ca1,87-1662
66357333,scotus,No. 89-5296
65670196,ca6,No. 02-5433
194676,scotus,42
66724532,scotus,No. 19-41
640480,ca4,8363_1
1362660,ca2,82-1265
65935588,ca4,22-6536
66222844,scotus,No. 195
66537628,scotus,No. 00-10678
2834936,ca6,07-1552
59740458,ca4,20-6771
66485068,scotus,No. 03-574
66520929,scotus,No. 04-10693
441140,ca9,97-10384
66481839,scotus,No. 03-6081
929962,ca4,77-1636
66555936,scotus,No. 83-638
2835676,ca6,08-1889
63927730,ca6,No. 4995
1748930,ca5,00-40903
1430006,ca3,13-4406
65618083,scotus,No. 15–6542.
2441347,ca3,92-5153
1078175,ca3,03-1931
578633,ca11,82-8381
2501093,cadc,14593_1
64283785,ca9,No. 99-50763; D.C. No. CR-97-00083-SVW-6
1334148,ca2,08-3430-cv
1531884,ca8,95-1222
2897757,ca8,04-3871
1302526,ca11,91-4043
2054222,ca11,82-5490
663282,ca9,97-50312
1370196,ca4,75-1327
66249544,scotus,No. 1404
153995,ca9,11-72441
66467505,scotus,No. 01-8239
212266,ca11,98-4802
66316327,scotus,No. 83-6487
998366,ca7,9871
2468393,ca8,88-5191
258394,ca5,16654_1
783603,ca7,12-1521
732189,ca4,11-7264
17160043,ca9,19-71058
66330709,scotus,No. 86-5119
66084237,ca2,No. 26
66229723,scotus,No. 812
330462,ca10,96-1187
8462478,ca2,16-4256
64281004,ca2,Docket No. 01-1608
66356296,scotus,No. 88-7292
245678,ca11,95-6203
66330583,scotus,No. 86-157
60077096,ca4,20-7288
213335,ca2,"295, Docket 24075"
65687954,ca10,No. 10-4118
605658,ca8,16705
66081254,ca8,"Nos. 4483, 4484"
2137887,scotus,"579, Misc"
17007404,ca9,18-72349
1007892,ca6,08-2292
1916012,ca11,10-15044 Non-Argument Calendar
66342325,scotus,No. 87-1282
2271898,ca10,04-3289
493154,ca7,"84-2685, 84-2900, 84-2923 and 84-3021"
66403449,scotus,No. 93-7917
2512196,ca6,7634
1296273,ca9,08-74772
65683150,ca9,No. 03-71756
1068149,ca8,97-2380
2894725,ca8,04-3260
2769008,ca2,11-5202
66648278,scotus,No. 18M51.
2469821,ca4,95-7187
2438821,ca8,94-1066
1347394,ca5,95-20397
65894940,ca9,No. 06-74697
1375561,ca5,81-1129
66048705,ca2,No. 62
307395,ca7,90-1479
837164,ca9,87-5090
63941044,ca9,"Nos. 6661, 6662"
65685507,ca9,No. 04-50326
4546200,ca7,16-1572
66393151,scotus,No. 92-5669
65270001,scotus,No. 14–795.
10741,ca2,19-1724
594381,ca10,07-1004
922050,ca7,83-1187
2490957,ca4,03-6125
597254,ca7,82-1692
6376828,ca8,17-1287
1438309,ca7,90-3052
66286245,scotus,No. 78-5106
487809,ca5,86-6034
66432048,scotus,No. 96-8273
65887057,ca9,No. 05-10286
992964,ca5,9048
6070626,ca5,16-11123
65718288,ca9,No. 08-35262
296407,ca5,02-50461
146059,ca10,84-2709
66643730,scotus,No. 17–5028.
2198148,ca11,90-9044
2178244,ca4,90-2435
66216995,scotus,No. 418
66408478,scotus,No. 93-7017
999082,ca2,"1679, Docket 90-7408"
717055,ca5,28319
66411444,scotus,No. 94-55
2856973,ca7,06-1256
66350290,scotus,No. 88-5883
944845,ca7,09-2500
90095,ca11,13-12564
65883464,ca1,"Nos. 10-1524, 11-1388"
1479411,ca1,"81-1177, 81-1243"
64048142,ca9,"Nos. 96-17121, 96-17139"
1435820,ca8,"84-2335, 84-2518"
40809,scotus,02-10126
65709698,ca4,No. 13-1750
1033343,ca9,95-10379
66407863,scotus,No. 93-6666
4482423,ca9,13-73295
63208122,ca6,21-3400
64472629,scotus,No. 95-570
1043130,ca9,93-56098
1024797,ca2,11-2452-ag
66349425,scotus,No. 88-318
2117187,scotus,04-7480
66501564,scotus,No. 10-7311
794414,ca8,03-4044
260002,ca5,1219
66371100,scotus,No. 90-6243
66208368,scotus,No. 100
16445533,ca2,18-3378-cv
66468686,scotus,No. 01-8262
2911277,ca9,08-73272
66217015,scotus,No. 166
1567887,ca1,07-2437
62814,ca2,594
1159598,ca5,92-4009
66175883,ca2,"Nos. 853, 854, Dockets 74-2159, 74-2678"
66352308,scotus,No. D-748
1071737,ca2,"Docket 98-9535, 98-9537(XAP)"
916823,ca4,07-2176
66468169,scotus,No. 01-8035
66113287,ca8,No. 6404
7819158,ca7,17-2845
66447074,scotus,No. 98-557
65621201,scotus,No. 15–1180.
961882,ca9,"98-35890, 98-35955"
2467047,ca11,82-5938
66383601,scotus,No. 91-6636
66728186,scotus,No. 19-586.
2860016,ca7,08-2000
1074832,ca9,10-72512
310970,ca9,85-1847
66442069,scotus,No. 97-9039
1642848,ca5,6225
302512,ca3,12-1268
66392739,scotus,No. 92-5582
760910,ca4,96
2468636,ca4,09-7067
66505303,scotus,No. 12-5732
3037425,ca11,"14-12696, 14-12890, 14-13239"
2674570,ca5,14-30823
924266,ca5,90-2575
365924,ca6,75-1960
69093330,ca2,21-6387
66220923,scotus,No. 702
661055,ca7,97-3807
65711709,ca7,No. 13-3137
880320,ca6,84-1578
66237787,scotus,No. 1368
66376362,scotus,No. A-916
1276476,ca3,10-4790
893107,ca5,12-60562
204789,ca5,03-20867
67093367,ca6,22-1772
66251256,scotus,No. 70-5132
66405374,scotus,No. 92-1825
984044,ca3,89-1026
1353527,ca11,95-2693
462246,ca10,07-7025
94451,ca2,91-7066
6256987,ca4,16-4237
336697,ca9,91-10253
322268,ca8,95-1014
317108,ca10,"79-1620, 79-1899"
65281833,scotus,No. 512
2212927,ca4,13-6570
490953,ca4,87-1561
65703102,ca9,No. 06-74613
6360364,ca8,17-1458
452171,ca10,05-6313
66429127,scotus,No. 96-7398
674982,ca6,15839
66445896,scotus,No. 98-400
2002309,ca5,09-10944
209859,ca5,04-40955
645482,ca3,10-4627
67176702,ca4,23-4258
65269450,scotus,No. 14–7379.
2079017,scotus,02-9953
66222699,scotus,No. 296
65964477,ca7,"No. 16-1855, No. 16-3539"
65667064,ca6,No. 01-5878
6367882,ca4,17-7477
765292,ca5,73-1069
66339644,scotus,No. 87-5622
66071504,ca6,"No. 2,461"
532731,ca10,"09-1544, 09-1545"
114399,ca5,01-60334
66164477,ca1,No. 7536
66157741,ca2,"No. 69, Docket 31106"
66436399,scotus,No. 97-7724
2446332,scotus,04-5398
66455744,scotus,No. 99-812
6344340,ca7,17-2740
66286625,scotus,No. 78-5622
100906,ca11,85-5410
196959,ca11,08-12446
725261,ca8,03-2291
1554533,ca4,94-1261
66363349,scotus,No. 89-6975
92500,ca2,11-3193
64029382,ca9,No. 95-55702
878517,ca2,11-1924
66449550,scotus,No. 98-7106
2099049,scotus,01-10804
69715665,ca9,24-1285
65623802,scotus,No. 16–5209.
74496,ca11,95-3649
2052759,ca5,87-3612
211839,ca9,95-35987
702521,ca7,10-3262
1531381,scotus,16
66223699,ca7,No. 86-2072
2388995,ca5,91-3646
14767107,ca6,18-1491
702293,ca5,29150_1
60076801,ca2,"20-352, 20-386"
343752,ca4,6717
65729602,ca9,No. 07-72418
63957468,ca2,No. 111
4542301,ca9,15-56251
66493131,scotus,No. 04-919
2549552,scotus,759
60393126,ca5,21-50133
66328042,scotus,No. 11-8151
308968,ca2,10-798
899432,ca4,12-1184
930067,ca3,76-2000
1476366,ca6,80-1260
4415827,ca5,15-10358
713911,ca3,99-1115
376292,cadc,03-7117
66348606,scotus,No. 88-162
66287399,scotus,No. 78-849
66359762,scotus,No. 89-743; No. 89-796
65277748,scotus,No. 851
65299027,scotus,No. 334
298614,ca1,"88-2010, 88-2221"
66647241,scotus,No. 18–5081.
759491,ca9,96-56053
68409051,ca9,22-153
481272,ca11,09-10035
66525266,scotus,No. 05-8825
65884711,ca5,No. 04-50076
65676128,ca2,No. 03-7658
66422650,scotus,No. 94-8918
878891,ca5,77-2990
2502458,ca5,77-5014
66510210,scotus,No. 11-43
574575,ca7,13799_1
66474082,scotus,No. 02-9179
66277384,scotus,No. 76-5698
66365409,scotus,No. 89-7506
80926,ca3,13-2972
2642067,ca8,14-1659
66360989,scotus,No. 89-932
965856,ca7,10-1074
179495,ca5,02-20392
65265541,scotus,No. 13–10503.
66228558,scotus,No. 218
66397115,scotus,No. 92-6766
60035439,ca9,15-70701
67516490,ca9,21-56171
65615922,scotus,No. 15–5070.
355370,ca10,13-1331
65276442,scotus,No. 67
66459475,scotus,No. 99-9339
66515296,scotus,No. 02-6433
1662410,ca11,96-4165
66285949,scotus,No. 78-5287
63965041,ca2,No. 317
721771,ca3,99-3235
66425413,scotus,No. 95-7041
725529,ca4,90-3113
66372293,scotus,No. 90-6887
63926570,ca5,No. 4952
2294922,ca4,06-6472
337435,ca3,10-4504
65278082,scotus,No. 52
310547,ca5,04-50680
63365147,ca5,21-30654
64281517,ca9,No. 01-10526; D.C. No. CR-99-00293-DFL
2030994,ca11,08-10820
66363331,scotus,No. 89-6884
503405,ca11,08-13629
66289503,scotus,No. 78-1860
763012,ca4,72-2294
535781,ca4,09-4197
65722394,ca9,No. 08-73322
2411161,ca5,91-6281
938481,ca4,10-7383
69909490,ca5,24-60501
971069,ca4,4854
65297485,scotus,No. 511
1439848,ca8,94-2275
1196920,ca11,98-2088
66222906,scotus,No. 291
66280340,ca3,No. 92-5156
65619772,scotus,No. 15–7905.
1430494,ca3,93-5062
674751,ca6,91-5654
66412108,scotus,No. 94-5248
918275,ca5,12-10903
65730363,ca3,No. 09-4217
69068866,ca3,23-1573
66446138,scotus,No. 98-5898
388145,ca10,74-1489
66543037,scotus,No. 94-9796
4109599,ca10,15-2224
64287989,ca2,No. 02-7866
18414851,ca5,19-70015
648079,ca9,19890_1
64338501,scotus,No. 11-6683
66459865,scotus,No. 99-9851 (99A1006)
66268045,scotus,No. 74-679
2425625,ca5,98-40590
2597980,ca2,13-4834-cv
63964322,cadc,No. 6955
65693105,ca11,No. 10-14460
1379843,ca6,86-1758
66410965,scotus,No. 93-9535
2289930,ca3,78-2218
66282855,scotus,No. 77-5945
1685178,ca1,97-2146
66330180,scotus,No. 85-2048
64436218,ca8,21-1524
663877,ca3,17283_1
1068406,ca2,Docket 97-7374
397647,ca11,02-10333
65628235,scotus,No. 16–7884.
20389,ca3,19-2495
355246,ca4,09-4790
722810,ca7,"99-1153, 99-1236"
196989,ca11,96-2778
199424,ca5,06-40903
2904553,ca8,08-3696
688524,ca11,05-10908; Agency A78-502-897
66517982,scotus,No. 01-10414
65294,ca5,07-10883
870964,ca9,97-70801
711382,ca9,03-71198
65733684,cadc,No. 09-7087
2867738,ca3,96-1704
65659500,ca9,No. 08-56423
210419,ca5,98-11328
2887983,ca9,08-10127
866341,ca1,85-1101
633874,ca8,97-1504
3013744,ca4,15-1712
1496960,ca6,85-3381
63986509,cadc,No. 9530
66512467,scotus,No. 11-7522
66319091,scotus,No. 84-1073
14830890,ca2,17-470
69779393,ca9,23-35564
2054039,ca8,89-1467
66495426,scotus,No. 04-9628
1149412,ca9,94-55084
526295,ca9,91-16644
395032,ca6,"08-4215, 08-4564"
6370736,ca9,17-55732
63949038,ca8,No. 9769
66467774,scotus,No. 01-7823
7739741,ca8,17-1788
66203612,ca6,No. 83-3810
2107928,ca11,89-7503
66725264,scotus,No. 19-6026
2449120,ca5,01-60935
65722319,ca9,No. 06-73922
2095644,ca5,71-3561
66387185,scotus,No. 91-1330
6244975,ca6,17-1252
65288912,scotus,No. 394
66025564,ca7,No. 713
65300066,scotus,"Nos. 443, 444 and 445"
65704607,ca4,No. 08-2217
65701054,ca4,No. 08-8064
8345044,ca9,18-50047
250729,ca5,81-2269
66336225,scotus,No. 86-6945
2480230,ca5,22297
1172737,ca3,92-7650
274227,ca7,77-1333
3063115,ca9,"13-57061, 13-57159"
657600,cadc,11243
61592781,ca4,20-1683
64109658,ca9,"No. 00-70455; Agency Nos. A70-960-320, A70-960-321, A70-960-322, A70-960-323"
66497153,scotus,No. 04-6572; No. 04-7125
7749650,ca7,17-1833
63928380,ca9,No. 5114
70909267,ca5,24-11010
542759,ca9,92-56371
63769729,scotus,No. 09-8646
66413625,scotus,No. 94-5839
63976789,ca8,No. 12615
163964,ca4,13-7874
63963006,ca9,No. 8540
456049,ca10,06-4016
4610460,ca8,16-1998
66382004,scotus,No. 90-1776
330963,scotus,08-1407
548551,ca7,93-3198
67992287,ca4,22-1555
2390262,ca5,74-3621
66519467,scotus,No. 02-401
312882,ca1,00-1775
391556,ca1,6152_1
2395300,ca5,99-50895
464626,ca10,08-4202
1319602,ca9,79-3713
331006,ca1,8284
66211058,ca4,No. 84-1880
845771,ca1,10-1702
2905875,ca8,09-2356
6138705,ca10,16-1409
66544519,scotus,No. 95-6102
1004289,scotus,93-7515
66465222,scotus,No. 00-9256
65279116,scotus,No. 855
66726148,scotus,No. 19-6579
716716,ca3,99-3066
66330091,scotus,No. 85-1871
935440,ca9,79-4858
66322911,scotus,No. 85-278
14531814,ca5,17-60805
341744,ca10,11-6108
17344556,ca9,19-15325
66498138,scotus,No. 13–5926.
66728048,scotus,No. 19-7710.
751974,ca6,85-3238
706772,ca8,91-3736
6982685,ca6,17-1861
66354277,scotus,No. 88-7015
455935,ca10,06-2133
66289326,scotus,No. 78-1577
122245,ca9,14630_1
66501430,scotus,No. 10-7376
66341804,scotus,No. 87-1188
2113782,scotus,02-10556
2006098,ca2,86-7104
8466801,ca9,16-99013
242778,cadc,14591
66276639,scotus,No. D-75
64002717,ca8,No. 15547
64096311,ca9,No. 00-16550
4618419,ca3,16-3237
1022900,ca8,11-2268
66433021,scotus,No. 96-8954
65714307,ca9,No. 07-73221
328466,ca1,94-2296
66507704,scotus,No. 12-7638
66380617,scotus,No. 90-889
2882343,ca3,06-4196
66208451,scotus,No. 114
227335,ca11,"09-14739, 09-14844"
990699,ca5,99-31407
2652286,ca11,14-14811
286141,cadc,84-5366
148323,ca7,12680_1
209715,ca5,78-1939
727264,ca9,03-55033
194046,scotus,1866
16181310,ca8,18-1071
1350707,ca4,08-1866
66491056,scotus,No. 03-9773
854546,ca7,95-1451
63984479,ca8,No. 13325
66397894,scotus,No. 92-1178
7223119,ca11,17-13688
2619193,ca4,14-6993
2477119,ca11,93-2386
2138068,cadc,81-1491
207401,ca8,77-1067
65677106,ca4,No. 04-6272
109064,ca3,"93-1261, 93-1284"
66504120,scotus,No. 11-10462
65694317,ca11,No. 11-12596
1043162,ca9,94-10497
66212369,scotus,No. 129
1679320,ca4,87-7181
2002884,ca5,79-2584
65613256,scotus,No. 13–9285.
66730144,ca9,21-55347
66526254,scotus,No. 00-663
66720329,scotus,No. 18–7649.
493557,ca6,10-1898
66367784,scotus,No. 90-5315
66917,ca3,"86-1224, 86-1225"
1202956,ca5,05-30744
1529358,ca11,88-8230
63917573,scotus,No. 85-879
121090,ca8,87-1028
2192679,ca5,82-3073
579721,ca1,76-1017
842326,ca9,10-55593
1024203,ca5,10-31153
17451402,ca9,19-16055
55568,ca5,95-20320
66296252,scotus,No. 80-5669
397106,ca11,00-14140
65708717,ca5,No. 08-10523
65290628,scotus,No. 147
66460981,scotus,No. 00-89
66422408,scotus,No. 94-1146; No. 94-1283; No. 94-1325; No. 94-6940; No. 94-6974; No. 94-7164; No. 94-7455; No. 94-7651; No. 94-7672; No. 94-7704; No. 94-7730; No. 94-7808; No. 94-7815; No. 94-7877; No. 94-7880; No. 94-7931; No. 94-7937; No. 94-7951; No. 94-8019
646621,ca10,04-6321
1909789,ca2,86-2333
66276788,scotus,No. 76-5041
66283777,scotus,No. 77-734
66200389,ca11,"Nos. 83-5566, 83-5567"
66529005,scotus,No. 00-5065
66286992,scotus,No. 78-5599
1873514,ca11,12-14461
834354,ca5,91-3083
66447118,scotus,No. 98-750
1722074,ca4,05-1322
5927577,ca4,16-7518
62908,ca9,11-35784
1187975,ca9,11-55872
138048,ca5,04-30390
1442893,ca5,14-50063
269186,ca5,00-30331
66541552,scotus,No. 95-5004
349509,ca9,12595_1
64009596,ca10,No. 6722
65891184,ca9,No. 05-15837
959260,ca10,98-4184
257694,ca5,12-20827
772128,ca1,82-1755
66456001,scotus,No. 98-9749; No. 99-5960; No. 99-6507; No. 99-6915; No. 99-7105
599599,ca10,95-2008
694752,ca1,7777_1
132785,ca5,01-20744
65291553,scotus,No. 176; No. 177; No. 178
589165,ca9,98-71087
799704,ca6,85-1369
1974738,ca5,91-1853
661727,ca10,97-6146
2113325,ca11,87-5597
133272,ca7,13-1979
65708352,ca7,No. 11-2139
620778,ca9,"06-70396, 06-73026"
1457606,ca9,84-5749
1656972,ca4,13-6978
2252568,ca8,14066_1
2152972,ca4,81-6275
587962,ca3,07-2967
17053784,ca9,17-71981
424191,ca5,00-60532
66043583,ca2,No. 106
63951787,ca9,No. 7149
1507882,scotus,29
57901,ca5,96-40406
2368870,ca4,01-2428
65745776,ca8,22-2267
65702213,ca4,No. 12-7427
66351869,scotus,No. 88-5136; No. 88-5169; No. 88-5216; No. 88-5582; No. 88-5750; No. 88-5799; No. 88-6005; No. 88-6121; No. 88-6187; No. 88-6224; No. 88-6287; No. 88-6317; No. 88-6353
2129422,ca8,11-3490
982407,ca4,07-7280
780432,ca9,06-50481
66254267,scotus,No. 71-1112
66085866,ca4,No. 1505
1596694,ca2,07-4203-cv
65607378,scotus,No. 13–5566.
65907623,ca5,No. 06-60438
66254460,scotus,No. 71-991
203330,ca2,"843, Docket 75-4246"
1911552,ca5,88-1335
63932415,ca9,No. 5655
386083,ca11,09-16373
63131694,ca9,21-15869
476252,ca10,04-2038
1125617,ca5,25943
344489,ca7,83-1945
2109641,cadc,12388_1
66249310,scotus,No. 6077
66233782,scotus,No. 1282
2469509,ca3,77-2511
192755,ca5,99-21166
66187172,ca9,No. 77-1528
66506901,scotus,No. 12-427
62620889,ca9,20-71910
2090693,scotus,03-9899
2346308,ca5,74-3711
935939,ca10,90-5032
372036,ca4,10-7261
210445,ca10,78-1038
2638993,ca2,14-1181-ag
2480998,ca4,97-6776
4422147,ca8,15-2406
69577416,ca5,24-50111
523554,ca3,95-5331
65885185,ca4,No. 05-6551
66047963,ca8,"No. 2,553"
641841,ca2,"309, Docket 26946"
15845449,ca11,18-12455
279588,ca5,06-30108
6067327,ca5,16-20406
2057198,scotus,93-274
66198189,ca5,"Nos. 83-4290, 83-4348"
1082718,ca10,97-5235
2001889,ca7,89-1219
351880,ca6,72-2134
66286387,scotus,No. 78-424
66289133,scotus,No. 78-6076
66165431,ca5,No. 71-1493
168559,ca4,13-7775
65683774,ca2,No. 04-3386
778056,ca1,"83-1344, 83-1371"
65670008,ca2,No. 02-1668
66196065,scotus,No. 237
66501956,scotus,No. 10-7610
2039867,ca4,89-7732
66203005,scotus,No. 390
2213410,ca5,91-4754
267810,ca11,84-7571
66435091,scotus,No. 97-8091
945319,ca10,77-1505
2469896,ca2,90-7828
65724924,ca9,No. 08-15985
66105561,ca2,No. 71
63778643,scotus,No. 09-1187
1479774,ca5,75-1233
65961681,ca11,No. 15-13945
66358561,scotus,No. 88-7194
66305971,scotus,No. 81-6617
6327881,ca2,17-764
2477352,ca9,99-10268
65965997,ca9,No. 13-70765
2363124,ca9,75-1420
578663,cadc,15197_1
716078,ca9,98-15862
23624,ca5,01-50004
66088578,ca3,Nos. 2277-2280
20752,ca3,20-1607
65623685,scotus,No. 16–5147.
2639337,ca5,14-30373
65706358,ca9,No. 06-72150
583839,ca5,12694_1
1577370,ca8,87-1993
233954,ca11,08-12994
83187,ca5,12-11238
64922801,ca9,21-30159
66337604,scotus,No. 87-72
63944664,ca10,No. 638
66247631,scotus,No. 612
2346854,ca6,92-1124
26714,scotus,93-7811
66332121,scotus,No. 86-5937
65708510,ca2,No. 07-5519-cv
16234315,ca9,16-17137
169439,ca5,04-10715
66543133,scotus,No. 95-19
133641,ca5,81-1145
66507552,scotus,No. 12-587
292808,ca4,90-7028
2153104,ca3,97-5683
64349765,cadc,No. 961
855191,ca9,95-55881
891106,scotus,278
66215952,scotus,No. 815
63960667,ca5,No. 8126
59296649,ca5,20-40074
2384872,ca11,88-7602
1665216,ca11,95-5330
63588428,ca8,21-3533
64337514,scotus,No. 11-6072
1581139,ca3,96-1465
2854548,ca7,03-4107
66511805,scotus,No. 11-519
2417169,ca4,13-6235
65266430,scotus,No. 14–5635.
66496917,scotus,No. 04-9286
495212,ca10,04-5060
1182881,ca6,88-5659
66504286,scotus,No. 11-10679
66390372,scotus,No. 91-8129
381621,ca11,13-15517
240597,scotus,82-5298
66326957,scotus,No. 85-1410
17078371,ca5,19-30994
66369686,scotus,No. 90-585
551936,ca8,94-3076
2451648,scotus,02-9854
66202202,scotus,No. 226
66327989,scotus,No. 11-753
65671921,ca9,"Nos. 02-56399, 02-56405, 02-57199; D.C. Nos. CV-02-03712-MMM, CV-02-03694-MMM"
65300244,scotus,No. 549
1568023,ca11,98-8921
8345757,ca11,18-12231
1860472,ca8,16600
2125081,ca10,96-1249
629220,ca4,99-4704
66244033,ca11,No. 88-7234
188475,cadc,20291
66378215,scotus,No. 90-8263
1317982,ca5,80-1633
2135280,ca3,78-1221
553731,ca1,90-4015
2490719,ca9,86-2983
69358916,ca7,22-3153
65930613,ca4,"Nos. 07-7559, 07-7682"
65669069,ca10,No. 02-5080
64166245,ca6,No. 00-2267
206921,ca9,96-35092
836107,cadc,91-1127
65278986,scotus,No. 652
849017,ca11,90-3400
64333303,scotus,No. 10-9378
66301790,scotus,No. 81-188
63970353,ca6,No. 8030
717986,ca4,98-2610
1453611,ca8,86-5447
7637724,cadc,17-7075
66451105,scotus,No. 98-7760
66767026,ca4,22-1340
2020950,ca3,94-7260
16029801,ca5,19-60019
407221,ca8,75-1692
640763,ca4,04-4416
1084543,ca5,12-50007
1462125,ca1,08-1819
1107677,ca3,11-2378
14700047,ca1,16-2109P
282272,ca1,88-1582
697029,ca3,15972_1
1104083,ca3,97-7206
2270079,ca3,81-1678
65280398,scotus,No. 479
661117,ca9,22046
66723767,scotus,No. 18-9816
2120778,ca3,78-1240
66400964,scotus,No. 92-989
66292020,scotus,No. 79-669
66168672,ca3,No. 72-1301
63938717,ca3,No. 4182
1527594,ca10,80-1913
66162828,ca5,No. 29316
69650555,ca5,24-50711
510899,ca2,1528
639810,ca7,"76-1764, 76-1765"
65689312,ca2,Docket No. 04-6442
599267,scotus,97-1704
142779,ca7,89-1537
63157057,ca9,18-73395
2095743,scotus,01-8403
735793,ca10,04-2259
843499,ca6,92-3281
588193,ca2,Docket 07-1313-pr
557087,ca6,91-5769
1142692,ca11,11-10818
122282,ca4,77-1503
66371672,scotus,No. 90-943
66210691,scotus,No. 481
2858447,ca7,06-3371
2302729,ca5,75-3457
1288910,ca9,08-55363
67271567,ca9,22-15005
66327552,scotus,No. D-557
66544731,scotus,No. 94-2022
1047616,ca9,9345
2501118,ca5,95-21085
798382,cadc,89-7270
2331847,scotus,40
66034285,ca4,No. 486
220978,ca2,"42, Docket 24567"
1878847,ca5,91-2175
38151,ca7,19-3325
561359,ca5,91-4502
65615960,scotus,No. 15–5111.
66279999,scotus,No. 76-6591; No. 76-6611
1962459,ca11,96-2056
205113,ca5,03-40728
66377913,scotus,No. 90-8016
1029445,ca5,91-6188
64996091,cadc,No. 83-1327
1230727,ca3,78-2684
62996282,ca9,20-73556
2057542,ca11,90-8233
65682655,ca2,No. 02-4659
63973613,ca2,No. 362
2870784,ca3,02-1494
66140542,ca4,No. 178
2199610,scotus,02-8300
1072341,ca4,01-6603
59956036,ca7,20-1410
66248451,ca9,No. 88-2659
66156695,ca9,No. 21180
66234206,scotus,No. 1513
69168519,ca3,23-1997
2207170,ca5,82-4350
3078802,ca4,15-4308
1466990,ca1,86-1671
66375635,scotus,No. 90-1406
65298575,scotus,No. 423
1003045,cadc,90-3064
2492971,ca3,96-7146
589306,ca9,"00-10325, 00-10341"
66424460,scotus,No. A-285 (O. T. 1995)
197390,ca5,73-1650
66725490,scotus,No. 19-5645
66405531,scotus,No. 92-2044
528515,ca4,92-5616
1933982,ca3,98-7328
63771167,scotus,No. 09-8144
63773427,scotus,No. 09-8814
14850857,ca6,18-3327
336436,ca5,20838_1
65610329,scotus,No. 13–7701.
656038,ca2,"74, Docket 31003"
66495067,scotus,No. 04-9252
749443,ca1,73-1301
2398420,ca11,97-3479
66484047,scotus,No. 03-6516
529050,ca11,94-8966
802412,ca3,85-5629
66035747,ca1,No. 496
66429464,scotus,No. 96-7063
66492862,scotus,No. 04-902
66191849,ca5,No. 81-3246
66333999,scotus,No. 86-1080
65953712,ca7,No. 06-3404
69188120,ca5,24-60096
64338257,scotus,No. 11-6620
66459834,scotus,No. 99-9503
66330518,scotus,No. 86-4
252466,ca6,93-5753
2879644,ca3,05-1758
2560031,scotus,13
989355,ca7,"87-1115, 87-1196"
135808,ca7,13-1026
1135902,ca10,92-8061
2304608,ca7,85-2553
1355069,ca6,91-5064
1003563,ca6,89-2060
66331642,scotus,No. 86-5669
68285978,ca11,22-13880
310713,ca2,91-9104
856710,scotus,02-5414
66423351,scotus,No. 94-8722
2082975,scotus,02-10237
2159137,ca5,94-41185
854774,ca7,95-2196 (1089) CR
72413,ca5,01-50131
453191,ca5,78-3338
1018657,ca7,92-2386
64333039,scotus,No. 10M105
66356900,scotus,No. 89-159
2025644,ca5,07-60107
1461939,ca5,92-08702
2038581,ca11,00-14380
103424,ca4,81-6493
66509031,scotus,No. 12-8742
2041775,ca11,94-6652
1215935,ca6,91-3359
859331,ca6,95-3291
63950473,ca1,No. 2899
996711,ca8,92-1059
66467302,scotus,No. 01-7713
17407966,ca5,19-60869
64028568,ca7,No. 96-1584
64947265,ca4,21-4186
132582,ca2,"280, Docket 26537"
66473103,scotus,No. 02-8295
2857336,ca7,05-2764
66355989,scotus,No. 88-2030
128123,ca4,13-8054
6084889,ca9,15-15066
17150054,ca7,19-2160
733967,ca3,04-3215
2618814,ca5,14-10499
676057,ca4,"07-6738, 07-6739"
1919699,ca9,79-1020
66335062,scotus,No. 86-1427
2461584,ca4,89-7820
64022775,ca6,No. 94-1863
65894633,ca2,No. 06-2317-cv
66378123,scotus,No. 90-8203
201775,ca5,07-20756
66068200,ca5,"No. 2,356"
66248985,scotus,No. 6405
65709627,ca9,No. 08-50160
66363013,scotus,No. 89-6732
1956797,ca6,73-2077
2860397,ca7,08-3663
758948,ca10,01-1583
213148,ca11,04-15168
66259572,scotus,No. 71-1417
66345312,scotus,No. 87-1547
2148424,ca5,87-3421
66192429,ca5,"Nos. 80-5270, 80-5475"
66364558,scotus,No. 89-1610
63976958,ca9,No. 9847
181104,scotus,52
737032,ca9,05-50287
465628,ca8,98-2733
65627978,scotus,No. 16–8075.
241813,scotus,04-6272
66550921,scotus,No. 96-5469
919106,ca7,"87-2394, 87-2395, 87-2412 to 87-2414, 87-2425 and 87-2459"
809733,ca5,86-3628
66235603,scotus,No. 244
66525840,scotus,No. 99-9327
1446732,ca4,99-6553
2886123,ca8,01-3173
66428257,scotus,No. 95-1853
17037771,ca6,19-3182
66422639,scotus,No. 94-8933
66643068,scotus,No. 16–1322.
2188232,ca4,83-6212
1422228,ca11,94-2052
65292714,scotus,No. 249
516373,ca4,91-1540
1476699,ca11,93-8198
16757802,ca6,15-2503
66513787,scotus,No. 11-8626
1431096,ca6,78-1475
2086719,ca2,09-4201-cv
66272553,scotus,No. 75-5819
1028136,ca8,93-3904
850256,ca9,93-35816
1463586,ca4,09-1111
66043869,ca6,"No. 1,478"
66218575,scotus,No. 921
63310045,ca4,19-4543
65296985,scotus,No. 1320
65693339,ca9,No. 04-16396
464365,ca10,02-4081
1142895,cadc,15251_1
65693156,ca9,No. 04-10611
63969888,ca9,"Nos. 9158, 9200"
815025,ca4,87-2078
1795306,ca11,81-5694
65608728,scotus,No. 13–5398.
2071478,scotus,02-5964
16826793,ca9,19-70294
66278756,scotus,No. 76-1154
1605878,ca4,95-2630
285881,ca6,12-6275
65718881,ca2,No. 06-5014-pr
575453,ca9,08-56575
66110844,cadc,No. 1565
2643218,ca4,14-4809
578961,ca2,"522, Docket 90-1408"
4658207,ca9,15-56158
442344,ca11,81-5119
70328,ca11,10-10047
189174,scotus,661
64068635,ca2,Docket No. 99-7158
157747,scotus,99
359805,ca2,32460
1102700,ca6,92-3705
1616174,ca4,09-6560
65617112,scotus,No. 15–5754.
66368528,scotus,No. 89-7789
17017329,ca7,19-2567
1344847,ca3,76-1720
725108,ca9,02-55164
2855069,ca7,04-3941
1390005,ca3,95-5159
63985169,cadc,No. 9360
65291821,scotus,No. 225
65286112,scotus,No. 711
65908536,ca9,No. 05-75964
65284491,scotus,No. 482
65656160,ca4,No. 03-1401
64030584,ca9,No. 95-15006
18626124,ca6,19-2040
67619360,ca5,22-60236
66490260,scotus,No. 03-8427
65698901,ca2,No. 04-3969-AG NAC
63971485,ca9,No. 9407
66419202,scotus,No. 94-1010
290989,ca8,16000_1
2239940,ca6,78-5338
63945380,cadc,No. 5592
1079109,ca9,10-73430
93255,scotus,93-6868
1452153,ca5,77-5650
66446814,scotus,No. 98-6487
66486627,scotus,No. 03-7580
66500131,scotus,No. 10-5682
64281914,ca9,No. 99-50258; D.C. No. CR-98-00063-AHS-2
66262506,ca8,No. 90-1422
1017962,ca8,07-3760
1156454,ca11,90-5630
16300044,ca8,18-3131
75141,ca11,98-6457
66349413,scotus,No. 88-5720
66220773,scotus,No. 647
18463752,ca4,20-6185
529246,ca5,79-5329
359911,ca4,93-5262
16932683,ca5,19-10537
66521274,scotus,No. 05-5231
251663,ca9,79-3489
65907117,ca9,No. 04-75258
65704775,ca4,No. 13-6066
65732197,cadc,No. 09-3013
2826824,ca6,98-2250
581290,ca1,00-2479
2355380,scotus,03-7175
65692156,ca5,No. 11-40363
204558,ca11,08-10569
314260,ca1,05-2791
17407963,ca5,17-10616
461470,ca11,12-11038
66643422,scotus,No. 16–9481.
307319,ca5,08-50935
211684,scotus,74-1445; 74-6411
63973816,cadc,No. 7766
2868783,ca3,99-6015
716449,ca5,28897
66165051,ca5,No. 30133
2352255,ca5,86
65894809,ca10,No. 06-9562
66541478,scotus,No. 95-869
4115198,ca10,16-6150
2631159,ca8,14-2362
613218,ca4,91-1446
66427213,scotus,No. 95-1716
2821808,ca1,96-1815
2351253,scotus,01-9676
718942,cadc,22785
65272970,scotus,No. 15-95
63007986,ca2,20-4081
66202459,scotus,No. 360
1211630,ca11,11-14091
64021241,ca8,No. 94-2835
39018,scotus,05-776
66350062,scotus,No. 88-5903
66644438,scotus,No. 17–5438.
63936319,ca9,No. 6303
66275801,scotus,No. 75-6656
2472114,ca4,96-6160
1308061,scotus,92-8448
65671069,ca5,No. 03-30646
126152,ca5,94-30613
66404826,scotus,No. 93-1471
66473509,scotus,No. 02-8564
75609,ca11,99-12797
266340,ca7,83-3001
14945057,ca4,18-4619
524194,ca9,91-55985
66534488,scotus,No. D-2087
66295330,scotus,No. 80-5275
66250786,ca10,"Nos. 86-2157, 87-1855"
938498,ca9,10-55163
64327846,scotus,No. D-2500
63942462,ca9,No. 6588
60011702,ca9,16-70351
66156454,ca7,No. 15435
65294761,scotus,No. 1082
6154739,ca9,16-16072
1155719,ca5,94-20855
361654,ca10,303-69_1
2884731,ca8,00-3110
66409117,scotus,No. 93-7560
66260374,ca8,No. 89-2835
65265903,scotus,No. 14–5032.
427017,ca9,81-6058
88408,ca3,10-1877
287089,ca4,01-4282
66440574,scotus,No. 97-6923
65625587,scotus,No. 16–6191.
16395774,ca4,19-6525
64101421,ca9,No. 99-16107; D.C. No. CV-97-21124-SW
65912777,ca9,No. 05-77022
138948,ca7,86-2740
65283509,scotus,No. 585
328367,ca5,80-3633
1328719,ca9,00-35412
1342047,ca11,82-5772
66178921,ca7,No. 76-1332
598478,ca6,83-3091
2883751,ca3,06-4086
3090176,ca2,15-2842
736712,ca8,05-1582
1005433,ca10,"14-6041, 14-6042, 14-6043"
2391058,scotus,01-5219
316835,scotus,02-8850
66495072,scotus,No. 04-9500
676770,ca4,06-1929
65280088,scotus,No. 388
838628,ca9,91-56061
2077752,ca5,07-60105
2042744,ca5,90-1497
2083842,ca7,77-1362
2469750,ca2,"121, Docket 32407"
65615445,scotus,No. 14–10113.
6153035,ca8,16-4476
66265673,scotus,No. 73-1459
66309882,scotus,No. 82-5858
580852,ca2,11-196-cr
2839626,ca6,13-4235
1412112,cadc,97-7190
2540282,scotus,481
65953966,ca9,No. 07-15755
66240221,scotus,No. 795
66213520,scotus,No. 629; No. 709
65963070,ca5,No. 15-40613 Conference Calendar
1691868,ca5,04-11368
2138626,ca6,89-5883
336770,ca4,10-4083
66040773,ca2,No. 228
63977797,ca8,No. 12657
66470093,scotus,No. 01-8988
2881336,ca8,99-2384
66384383,scotus,No. 91-6846
366035,scotus,03-5182
66467320,scotus,No. 01-7703
14537209,ca6,17-2485
66326739,scotus,No. 85-6187
937685,ca7,92-2262
1151444,ca3,96-3113
395394,ca6,"12-1556, 12-1558"
1226137,ca4,90-5774
2894674,ca9,03-50496
1171364,ca4,12-6692
2831971,ca6,04-5676
937060,ca4,04-2287
66417666,scotus,No. 94-1108; No. 94-1115
784457,ca2,"657, Docket 83-2264"
791989,ca1,74-1255
63159955,ca5,20-20625
906458,ca4,98-2704
65286639,scotus,No. 89
66272335,scotus,No. 75-511
66351639,scotus,No. 88-6413
69392046,ca10,24-1172
66262131,scotus,No. 73-5495
1507524,scotus,69
685755,ca2,1998
66545870,scotus,No. 03-10871
20195,ca5,89-2837
66491582,scotus,No. 03-10048
1130132,cadc,89-3225
66024027,cadc,No. Civ.A. 04-736(RMC)
66490698,scotus,No. 03-1379; No. 03-9667; No. 03-9696
2824812,ca4,01-2475
64280715,ca9,No. 01-50644; D.C. No. CR-01-01190-J
720662,ca7,76-1732
241072,scotus,90-655
594308,ca10,07-2029
66209966,ca3,No. 84-1388
2493156,ca10,203-70_1
2458074,ca11,98-8205
66239306,scotus,No. 439
315840,ca6,90-3627
399272,ca11,08-10780
2244298,ca4,75-1783
66318228,scotus,No. 84-891
65715678,ca9,No. 08-10256
65302305,scotus,No. 85
2479512,scotus,02-7217
104136,ca10,13-6178
388588,ca8,10-2503
57579,ca5,95-11024
66219454,ca8,No. 85-1804
361183,ca8,86-1980
66488168,scotus,No. 03-8632
66246428,ca7,Nos. 88-2308 and 88-2514
730375,ca3,10-2538
65268422,scotus,No. 13–502.
509340,ca10,84-2463
1042507,ca10,93-3276
67060566,ca3,22-3135
66376906,scotus,No. 90-7968
541735,ca4,09-8115
66240996,scotus,No. 1299
1561698,ca9,06-99008
64188543,ca9,No. 00-10469; D.C. No. CR-99-00189-KJD
213068,ca5,90-5587
274423,ca8,82-1403
1718825,ca5,02-41701
66235143,scotus,No. 269
2092531,scotus,04-5754
65680559,ca9,No. 03-10591
1048777,ca9,94-15619
2501874,ca5,78-2026
66209915,scotus,No. 827
2829287,ca6,03-3768
423366,ca5,09-30614
363490,ca9,92-70801
1043943,ca3,96-1125
64008593,ca7,No. 12738
721823,ca10,969
1090065,ca11,12-15146
66093204,ca8,No. 5329
66244695,scotus,No. 1517; No. 1518
856986,ca8,95-3619
2893321,ca9,07-35769
641790,ca5,00-20118
1903033,ca7,10-2144
1397736,ca6,80-3682
658735,ca10,9939_1
66424035,scotus,No. 94-9068
59825580,ca9,19-72616
66263863,scotus,No. 73-689
2855210,ca7,04-4156
65702228,ca4,No. 12-6976
64068378,ca5,No. 98-60568
63974032,ca5,No. 9993
380047,scotus,892
66452132,scotus,No. 98-6134
7905899,ca11,18-10259
622440,ca2,"109, Docket 25130"
65717765,ca4,No. 08-2291
17420164,ca8,19-2637
173928,ca11,07-12555
66232044,scotus,No. 412
7631396,ca4,17-4768
66412673,scotus,No. 94-5690
66360091,scotus,No. 89-5993
1569292,ca9,05-56439
415597,ca5,09-60290
945425,ca4,72-1733
761781,ca7,78-2355
18536701,ca9,19-72089
65296618,scotus,No. 960
66301274,scotus,No. 81-5110
66226633,ca7,"Nos. 86-2878, 86-3031 and 87-1246"
66269886,ca10,No. 91-6006
66489282,scotus,No. 03-8999
920472,ca10,04-2166
1051788,ca4,96-6246
65288058,scotus,No. 825
925514,ca11,84-5442
2870128,ca3,02-3719
1619731,ca5,97-30555
364290,ca4,13-4987
1239073,ca5,82-3735
7604301,ca9,17-50047
404358,scotus,93-7615
66052764,ca2,No. 206
65665120,ca9,No. 02-50532; D.C. No. CR-01-03427-JMF
2621642,ca4,14-6946
797648,ca7,85-2704
66273607,scotus,No. 75-823
66490570,scotus,No. 03-9177
64334743,scotus,No. 10-10614
64016785,ca6,No. 93-3878
2685888,ca5,14-60625
2862285,ca11,15-10296
978385,ca10,87-2324
66225554,ca8,"Nos. 86-1741, 86-1945"
66045527,ca2,Nos. 110-114
602403,cadc,94-5219
66555542,scotus,No. 83-216
2820444,ca1,93-2392
876678,ca3,11-4334
68498706,ca9,22-56217
66390614,scotus,No. 91-8470
1021279,ca6,10-3110
65625997,scotus,No. 16–6473.
683652,ca6,16288_1
1056203,ca1,95-4031
66547334,scotus,No. 04-455
64336118,scotus,No. 11-124
66379678,scotus,No. 91-5415
66061005,ca2,No. 276
66361480,scotus,No. 89-6407
2837092,ca6,09-3924
1299335,ca2,34675_1
3037000,ca5,15-20299
65911982,ca9,No. 06-70469
65702690,ca2,No. 08-2553-ag
4120656,ca8,15-2555
60454,scotus,669
66489988,scotus,No. 03-9090
65282546,scotus,No. 265
16982123,ca4,19-7644
571662,ca9,12397
2191265,scotus,04-8700
65291463,scotus,No. 1057
62633473,ca4,20-2253
64013598,ca2,"No. 449, Docket 28814"
65627765,scotus,No. 16–7851.
66308749,scotus,No. 81-2390
66144338,ca8,No. 884
80955,ca1,90-2106
2396986,ca4,94-6585
771073,ca6,81-3185
64985107,cadc,No. 76-1455
1955793,ca5,91-3750
66511096,scotus,No. 11-5645
64000899,ca5,No. 15890
8022512,ca4,18-6428
59857226,ca4,21-1094
66260862,scotus,No. 72-6655
65676008,ca9,No. 03-35123; D.C. No. CV-02-01130-RSL
66189956,ca2,"No. 161, Docket 80-7476"
236560,ca8,00-1687
65276846,scotus,No. 284
17120972,ca11,18-14930
1156032,ca4,87-3511
1342364,ca9,76-3156
64703566,ca7,18-2983
66389154,scotus,No. 91-5397
303659,ca5,72-1945
66479454,scotus,No. 02-11064
1026130,ca10,92-6008
63363339,ca3,20-3212
66452649,scotus,No. 98-8260
234088,scotus,93-642
66313994,scotus,No. 83-1416
662589,cadc,21529_1
1468097,ca5,85-3731
66431025,scotus,No. 96-7988
63208788,ca9,19-16191
416679,scotus,01-9008
1115478,ca5,99-10465
66647322,scotus,No. 18–49.
167379,ca5,05-30691
67858228,ca4,21-6992
66242647,scotus,No. 248
580283,ca7,94-2810
66436519,scotus,No. 97-1674
66429897,scotus,No. 96-6912
66536475,scotus,No. 01-6892
6219118,ca4,17-1604
1601187,ca8,"08-1802, 08-1874"
66377270,scotus,No. 65
25706,ca7,19-3413
64284500,ca9,No. 02-35228; D.C. No. CV-01-01048-BR
4415369,ca9,14-16405
2409375,ca11,93-6925
835029,ca9,91-15676
6135255,ca10,16-2255
580921,ca2,"621, 622, Dockets 91-1304, 91-1305"
66154658,ca3,"Nos. 15224, 15225"
250902,ca11,13-10666
66493957,scotus,No. 04-8676
1073018,ca9,97-16022
284928,scotus,04-164
1729948,ca5,10-40099
65270307,scotus,No. 14–811.
66412264,scotus,No. 94-5377
587768,ca2,Docket 98-7474
254437,ca11,86-8277
200630,ca5,07-11301
66533724,scotus,No. 99-6466
63979110,ca2,No. 396
6137582,ca9,14-73742
393745,ca5,09-31177
17084640,ca5,19-40496
2877508,ca8,97-2253
2086124,scotus,03-6615
477626,scotus,02-5157
331199,scotus,02-7611
64023438,ca10,No. 94-2280
1642516,cadc,79-1025
279015,ca1,84-1704
2823075,ca1,98-2229
66337242,scotus,No. 86-6948
65888935,ca9,No. 05-70915
2649015,ca9,14-50099
644020,ca10,03-2209
947147,ca9,06-17042
2450785,ca4,95-7843
2829556,ca6,03-4320
988238,ca1,03-2123
65268338,scotus,No. 14–139.
63936309,ca6,No. 5788
1024989,ca10,92-3023
276506,ca4,84-6659
1019518,ca9,07-50226
12474,ca8,18-2188
6237478,ca10,17-3151
66199458,scotus,No. 463
65683121,ca7,No. 03-4279
146237,ca2,03-2432
1120636,ca5,93-05402
66329907,scotus,No. 11-626
206112,ca9,82-5296
66274736,scotus,No. 75-6507; No. 75-6512
889644,ca9,11-15794
1543251,ca5,07-51305
1098781,ca7,84-1730
647754,ca5,22134_1
2378467,ca5,09-60072
64163542,ca9,No. 00-16183; D.C. No. CV-00-00063-RCB
66204623,scotus,No. 383
521957,ca7,"85-2251, 85-3207"
1664732,ca8,85-1215
1490646,ca4,95-8547
402672,ca9,94-56225
66245991,scotus,No. 284
843579,ca10,06-4162
66309674,scotus,No. 81-6661
66378442,scotus,No. 90-8388
65699338,ca2,No. 05-5046
697548,ca2,30551_1
66808727,ca2,23-93
7291595,ca2,17-117
2826638,ca6,99-5352
2378716,ca4,99-1840
64984993,cadc,"Nos. 76-2043, 76-2176, 77-1020, 77-1027 and 77-1166"
814905,ca4,89-7606
16187775,ca9,17-17351
932793,ca4,03-1902
65707353,ca3,No. 11-3796
63991697,ca6,No. 10871
731486,ca3,04-2163
1597349,ca2,77-1373
69691045,ca11,25-10126
63997698,ca6,"Nos. 11773, 11774"
308127,ca11,88-5187
396731,ca9,95-35787
1312446,ca4,88-5204
63996456,ca10,No. 4216
2272391,cadc,88-1488
1216620,ca5,10-60663
44826,ca5,95-50786
1660172,ca3,96-5374
63955334,ca10,No. 1338
66147111,ca8,"Nos. 1,156, 1,164"
2139778,ca5,72-3609
63973232,cadc,No. 7584
59239154,ca4,19-2193
433451,scotus,100
66328793,scotus,No. 11-9589
280635,ca9,88-5599
66447109,scotus,No. 98-663
66439574,scotus,No. 97-6577
65617064,scotus,No. 15M39.
122355,ca3,85-1358
964070,ca5,83-4325
66337000,scotus,No. 86-2001
66441193,scotus,No. D-1918
2303510,ca8,09-3083
874486,ca2,2000
66302272,scotus,No. 81-648
65630138,scotus,No. 589
1023227,ca6,10-3916
1250467,ca11,85-5902
999430,ca4,90-5647
66543739,scotus,No. 95-5708
2899272,ca8,06-1628
2444726,ca5,76-3210
1278192,ca11,81-7736
60490359,ca11,21-10368
65614601,scotus,No. 13–482.
65711061,ca9,No. 06-70509
736403,ca6,04-2497
66499054,scotus,No. 09-11465
65625452,scotus,No. 16M56.
562085,ca6,91-1950
66408592,scotus,No. 93-6915
953735,ca8,07-2107
66452474,scotus,No. A-819
395687,ca11,"98-4605, 98-4692"
65712736,ca9,No. 06-75067
1411445,ca4,97-1334
1590942,ca9,07-15773
2824209,ca4,96-4188
66234167,scotus,No. 1190
6228461,ca9,16-70026
60093051,ca8,20-1806
64007774,ca7,No. 13112
125651,ca10,94-1525
914831,ca3,13-1869
65708173,ca9,No. 08-73573
65720803,ca4,No. 09-6385
87988,ca5,00-31271
65958676,ca9,No. 12-72386
66418155,scotus,No. 94-1085
281549,ca4,77-8372
458523,cadc,75-1318
66527718,scotus,No. 00-852
212033,ca7,85-2903
26803,ca6,94-1521
674977,ca8,17187
2206267,scotus,04-9267
66495278,scotus,No. 04-9017
1238791,ca6,16022_1
889510,ca11,12-12990
286115,ca8,76-1786
1236905,ca5,75-1509
287379,ca9,09-55794
66273074,scotus,No. 75-851
63949155,cadc,No. 6053
66548694,scotus,No. 04-7737
267737,ca1,80-1647
1433185,ca10,07-4168
1097431,ca10,80-1382
66239273,scotus,No. 243
1188904,ca4,06-2094
66202217,scotus,No. 247
1554711,ca4,05-7130
2159996,cadc,74-1886
66197555,scotus,No. 17
66190334,ca8,No. 80-1674
229324,ca10,93-1026
636863,ca6,08-1580
2890624,ca3,07-2871
837817,ca8,91-1597
65689066,ca9,No. 04-72600
65700172,ca9,No. 04-70451
406538,scotus,390
66147930,ca7,No. 576
2097018,scotus,04-704
221496,ca5,80-1497
1114923,ca11,95-9169
50820,ca7,11955
66256481,scotus,No. 72-174
215754,ca9,96-56423
1014652,ca5,16353_1
334073,ca5,92-3028
6228395,ca9,16-55338
17218929,ca10,18-1408
876746,ca9,"10-15935, 10-15964"
1063193,ca9,93-10336
65299820,scotus,"No. 13, Misc."
2133900,ca5,75-3729
2830470,ca6,04-4435
2463019,ca5,96-20707
91624,ca5,01-11589
66545943,scotus,No. 03-10956
66552846,scotus,No. 96-6827
113840,ca5,01-40481
537531,ca4,85-5149
660618,ca7,77-1734
2880435,ca8,98-2500
78213,ca5,6023
4578953,ca9,15-15133
65677727,ca2,Docket No. 03-0146
2677002,ca9,09-73951
1496335,ca5,95-20858
2147444,ca6,15104_1
216044,ca11,96-4285
1776091,ca9,85-2919
1165552,ca11,91-5256
2495479,ca4,95-6067
63971835,ca5,No. 9481
771404,ca2,"828, 829, Dockets 73-1017, 73-1048"
8421162,ca9,17-35933
65624193,scotus,No. 146 Original.
2087981,scotus,03-1031
818194,ca5,"88-2174, 88-2470"
63976313,ca7,No. 8065
66917960,ca2,22-2184
2836894,ca6,"08-5583, 08-5584"
63979795,ca7,No. 8451
15904235,ca8,17-3823; 17-3824
796189,ca6,08-4060
66426679,scotus,No. 95-8477
66198741,ca10,"Nos. 83-1982, 83-2019"
64088098,ca9,"Nos. 00-55363, 00-55834"
1895520,ca11,90-5727
8488908,ca3,18-2982
63967453,ca2,No. 280
166994,ca9,96-16870
65681562,ca2,No. 03-1752
1174016,ca5,04-20389
17534992,ca9,19-35524
146287,ca3,05-10559
65733847,ca4,No. 10-6253
63360253,ca11,20-13085
2214708,ca4,12-6506
6083055,cadc,16-5064
2452571,ca4,98-6080
2869206,ca3,98-9009
7343424,ca7,16-2291
69006860,ca5,23-30907
585371,ca8,98-1101
67175571,ca2,22-766
65890455,ca9,No. 06-10239
550892,ca9,93-70738
2206142,ca11,97-5239
294079,ca10,12-9010
147463,ca3,93-5353
68413614,ca9,22-10260
398710,ca9,93-35212
512074,ca7,90-1044
1092970,ca4,96-7844
65295621,scotus,No. 800
904100,ca4,95-5642
65291693,scotus,No. 81
579351,ca7,"08-2907, 09-1044"
66407698,scotus,No. 93-6444
2824370,ca4,99-4262
66356870,scotus,No. 89-135
66514256,scotus,No. 11-69
64152160,ca4,No. 01-6171
249817,ca3,12919
2238689,ca5,78-5457
66280745,scotus,No. 76-1856
6138760,ca3,16-3207 & 16-3208
2367560,ca4,09-7531
1426756,ca10,4018
65290489,scotus,No. 537; No. 538
724712,ca6,02-6048
66299775,scotus,No. 80-848; No. 80-883
589410,ca10,04-5132
171242,ca6,10-5027
1262614,ca3,75-1385
64108014,ca2,No. 00-7974
941034,ca5,96-60126
2441580,ca5,01-50150
2476572,ca6,90-2194
66357206,scotus,No. 89-5181
66246086,ca2,"No. 1102, Docket 89-7146"
520422,ca3,"07-3859, 08-4663, 09-1162"
2037970,ca6,94-3881
63978457,ca9,No. 10335
520027,ca7,"07-3754, 07-3781"
68516866,ca8,23-3329
832767,ca5,90-1185
66359551,scotus,No. D-847
65294661,scotus,No. 1053
66400766,scotus,No. 92-8179
1364353,ca4,11-4625
4620321,ca2,16-3937
324198,ca4,99-6177
6984409,ca9,14-71747
64335832,scotus,No. 10-11030
63979109,ca4,No. 5253
2639028,ca9,12-35924
919117,ca8,89-2241
1702917,ca11,91-7069
16585931,ca9,18-50357
1070224,ca10,98-3032
66255701,ca7,No. 89-1701
136708,ca4,13-7498
408040,scotus,for conspiracies forbidden by § 19 of the Criminal
66332152,scotus,No. D-576
998083,ca7,3129
685879,ca8,88-5351
66547374,scotus,No. 04-6309
2006101,ca1,96-1795
1493378,ca4,06-7933
152467,ca5,05-10237
63942424,ca5,No. 6179
66489592,scotus,No. 03-8944
834334,ca7,90-1662
956845,ca5,25226
63777539,scotus,No. 09-9458
2029103,ca2,75-7695
65294127,scotus,No. 535
66276769,scotus,No. 75-6737
692336,ca8,16974_1
66041092,ca2,No. 219
66548815,scotus,No. 04-724
66547102,scotus,No. 04-353
686254,ca5,12-50583
4481916,ca7,15-2237
2888790,ca3,05-4599
14960094,ca5,18-30404
182752,ca3,88-5898
273520,ca11,05-17025
2834225,ca6,07-3964
66437916,scotus,No. 97-5136
66418250,scotus,No. 94-1186
66272176,scotus,No. A-527
128939,ca5,06-41426
66283993,scotus,No. 77-6447
950313,ca8,07-1476
63984116,ca3,No. 9029
828188,ca9,09-16988
66368559,scotus,No. 90-339
64202825,ca9,"Nos. 00-56019, 00-56058, 00-56630; D.C. No. CV-98-01810-NAJ"
1336031,ca5,83-2101
2086648,scotus,03-581
66251996,scotus,No. 71-5214
2139412,ca6,86-5597
66347676,scotus,No. 88-388
65734340,ca4,No. 10-6647
2829323,ca6,03-6581
66390855,scotus,No. 91-8622
202963,ca9,76--1183
66241871,scotus,No. 1368
65910886,ca2,No. 06-2191-cr
1053491,ca4,11-7224
717639,ca5,75-2568
979610,ca4,83-6353
2833967,ca6,07-5932
2140485,ca8,71-1259
3017119,ca9,"13-16075, 13-16083"
555544,ca6,89-5490
65719132,ca9,No. 07-74651
66442765,scotus,No. 97-9560
209773,ca9,95-15134
64336170,scotus,No. 11-5036
66135709,ca6,No. 362
66255114,scotus,No. 71-6295
296148,ca3,12881_1
1500519,ca5,03-20417
70658003,ca11,23-12350
913106,ca4,04-4211
389247,ca2,"568, Docket 94-7483"
2883129,ca3,05-4088
2014456,ca5,05-10239
65885204,ca5,No. 04-40856
66282750,scotus,No. 77-912
64029032,cadc,No. 96-1059
184333,ca2,"1054, Docket 83-2113"
961804,cadc,87-1106
64012389,ca6,No. 14870
2193304,ca2,06-0525-
603661,ca4,74-2177
66955730,cadc,22-5292
725044,ca9,"25614, 25620"
817179,ca6,87-3849
529616,ca6,92-4257
997006,ca5,7649
494951,ca5,15699
354060,ca8,12-1294
2210765,ca4,00-1860
66406450,scotus,No. 93-5375
2180739,ca2,89-1468
66430622,scotus,No. 96-7807
66734,ca5,90-8064
2890365,ca9,08-56767
65676605,ca6,No. 02-4077
64347865,cadc,No. 1222
63941954,ca8,No. 9314
2439204,ca2,78-1359
1483598,scotus,423
66430378,scotus,No. A-687
66477070,scotus,No. 02-9924
2900102,ca8,06-2402
65906202,ca2,No. 06-3957-ag
2878565,ca8,97-3749
2518834,ca9,8561
2819459,ca1,93-1083
66411608,scotus,No. 94-196
379694,ca3,09-2908
66309623,scotus,No. 82-3
389763,ca5,07-10818
66239970,scotus,No. 354
2453307,scotus,04-8593
66269758,ca3,No. 91-5417
398253,ca1,95-1460
66350738,scotus,No. 88-687
66234017,ca3,No. 87-3105
895410,ca8,07-2968
66832384,ca4,23-1125
66443726,scotus,No. 98-5232
271083,ca5,05-20660
2444362,ca4,07-6286
66491186,scotus,No. 03-8903
2885536,ca8,01-2048
1459109,ca9,77-2520
66188434,ca2,"Nos. 250, 425 and 426, Dockets 79-6119, 79-6143 and 79-6175"
497681,ca5,84-4417
6124689,ca4,17-1357
1623179,ca5,12-20330
1471979,ca11,84-5189
65730613,ca5,No. 09-10412
66530315,scotus,No. 00-557
1173421,ca4,10-4506
703587,ca8,20728_1
2628227,ca4,14-7651
7676502,ca9,15-15653
2180157,ca4,93-1154
634361,ca3,76-2631
1975721,ca2,93-2608
2822410,ca1,97-1550
3066687,ca2,15-1963-cv
1996327,ca11,88-7053
350322,ca1,73-1147
63109715,ca4,21-1369
63970480,ca9,No. 8796
1387975,ca6,85-81
2059411,scotus,93-5838
66444450,scotus,No. 98-5814
63961884,ca2,No. 445
66217055,scotus,No. 131
227613,ca7,83-2394
59818064,ca1,19-1163P
702911,ca5,71-1638
1074178,ca11,12-10816
1817077,cadc,98-3135
66307508,scotus,No. 81-6764
66334669,scotus,No. A-796
46321006,ca9,19-71188
66261221,scotus,No. 72-1521
841634,ca5,92-2084
66277931,scotus,No. 76-5875
540173,ca9,92-30290
3072497,ca1,15-1424P2
311006,ca7,77-1452
66172835,ca2,"Nos. 1028, 1092, Dockets 74-1311, 74-1421"
66271158,scotus,No. 75-135
65281464,scotus,No. 328
848025,ca10,95-3305
214068,ca2,75-1345
66308324,scotus,No. 81-6823
66523412,scotus,No. 05-7301
1313087,ca3,91-5827
67072650,ca3,21-2395
102841,ca1,07-1354
66061710,ca9,"No. 1,933"
618640,ca5,15287_1
64005216,ca6,Nos. 13095-13103
1425515,ca6,13-6574
401085,scotus,01-10507
6125265,ca2,15-3485-cv
2012175,ca5,84-3853
1355888,ca4,74-2220
939902,ca3,79-2237
2874813,ca8,95-2257
66281412,scotus,No. 76-1719
403205,ca11,93-4063
66446511,scotus,No. 98-465
2899388,ca8,06-1823
2278597,ca4,11-1037
6087461,ca4,17-6155
453795,ca8,09-1668
66390696,scotus,No. 91-8530
520775,cadc,74-2086
66253785,scotus,No. 71-5309
781428,ca5,73-3663
799397,ca8,96-2572
1028030,ca3,"06-5173, 06-5196, 07-1010, 07-3398, 07-3416"
66734679,ca8,21-3781
271926,ca8,94-3497
59896866,ca6,20-5774
66265411,ca5,No. 89-2825
65271768,scotus,No. 14–8008.
16929723,ca5,19-40228
2441600,ca5,90-8227
2127465,ca4,79-1001
1075580,ca11,95-6926
65294877,scotus,No. 266
1460026,ca5,99-40652
66362796,scotus,No. D-890
408817,ca1,07-1701
65908530,ca9,No. 06-73039
64338583,scotus,No. 11-7162
65287931,scotus,No. 1002
203983,ca11,06-10667
817816,cadc,87-1758
6061010,ca4,16-4340
627097,ca1,74-1381
747529,ca4,99-6280
66132165,ca4,No. 95
6057042,ca3,17-1781
2150085,ca11,97-6045
66419385,scotus,No. 94-7828
66251315,scotus,No. 70-5240
791113,ca6,81-5614
932604,ca5,78-5201
66506750,scotus,No. 12-393
63981983,cadc,No. 9115
696069,ca6,16317_1
533767,ca4,11-4532
54409,ca5,98-40338
65294023,scotus,No. 407
2875984,ca3,06-4190
454262,ca5,01-41328
66279141,scotus,No. 76-1016
65296874,scotus,No. 1132
1376366,ca11,95-9383
204303,ca5,03-20636
68815216,ca3,24-1193
66516555,scotus,No. 02-7787
66526908,scotus,No. 00-680
4115580,ca4,16-1008
2486025,ca11,94-4707
63971837,ca4,No. 4694
1068040,ca1,95-1950 to 95-1952 and 95-2100
65719482,ca4,No. 09-6719
14716743,ca11,18-10431
1586603,ca5,95-50342
66309090,scotus,No. 82-5603
66212842,ca6,No. 84-1020
628882,ca7,77-1731
66521196,scotus,No. 05-5125
266705,ca11,07-12082
842100,ca8,92-2827
999984,ca8,"07-2694, 07-2699"
352446,ca5,13-30790
1042380,cadc,93-1285
2496984,cadc,06-1397
2432209,ca5,97-10136
66662157,scotus,No. 12–9279.
513850,ca8,92-3383
66313995,scotus,No. 83-502
66286222,scotus,No. 78-5385
66323966,scotus,No. 85-307
1600233,ca4,"06-1134, 06-1238"
603003,ca9,77-3251
64067063,ca2,Docket No. 98-9508
64327674,scotus,No. 10-6139
240267,scotus,78-6020
1676298,ca9,36-3_11
2825349,ca4,04-1868
1564131,ca5,06-20335
595521,ca10,07-5109
65721575,ca9,No. 05-72958
366975,scotus,228
2063272,ca5,78-2191
413449,ca2,"657, Docket 96-2330"
1922746,ca3,10-4294
613274,cadc,91-1377
66224013,scotus,"No. 894, Misc."
68273638,ca7,23-1364
2075378,scotus,02-8109
471753,ca5,13684_1
66649638,scotus,No. 18–6609.
755592,ca1,11-2172
66436219,scotus,No. D-1924
2448978,ca9,09-15312
1927005,ca5,83-1380
2295980,ca4,98-7473
67119376,ca5,22-50859
805104,ca3,86-1316
2072756,scotus,02-182
66160183,ca6,No. 18696
66145554,ca5,No. 789
64330596,scotus,No. 10-7451
66348366,scotus,No. 88-5554
2127340,ca4,83-5135
543362,ca7,92-3596
177378,ca5,96-40028
2650721,ca11,14-11370
1050976,ca10,94-8048
1217667,ca8,"93-2735, 93-2898 and 93-3073"
2667110,ca8,14-3507
66325008,scotus,No. 10-1124
495578,ca1,88-1085
2868539,ca3,98-5433
1460035,cadc,82-1751
774428,ca7,74-1036
1481791,ca4,95-6867
1719979,ca9,02-74077
65269973,scotus,No. 14–7767.
2852856,ca7,00-3034
2150197,ca2,94-7306
65926119,ca2,"Nos. 06-0216-cr(L), 06-1899-cr(CON)"
2885045,ca8,01-1519
948854,cadc,"79-1768, 79-1787"
767114,ca10,96-5208
274944,scotus,"Nos. 449, 456"
66488339,scotus,No. 03-8154
777447,ca11,82-5578
65614006,scotus,No. 13–9814.
126422,ca6,94-5172
65966115,ca11,No. 16-17295 Non-Argument Calendar
1661556,ca1,80-1551
66288651,scotus,No. 78-1507
61560708,ca1,21-1826E
66214087,ca9,C.A. No. 84-6098
2574814,scotus,525
70341594,ca1,25-1360
2878712,ca8,97-1848
590327,ca8,04-1738
66530302,scotus,No. 00-382
66286998,scotus,No. 78-5644
65673966,ca7,No. 03-3239
66337335,scotus,No. 86-7024
64328338,scotus,No. 10-6500
66235781,scotus,No. 995
6339500,ca3,17-3267
2345370,ca3,90-5182
66212639,scotus,No. 307
2391717,ca11,787-3690
395121,ca11,97-8165
23583,ca9,19-55241
1046548,ca5,77-2126
3046679,ca4,15-8035
1334405,ca2,"355, 486, Dockets 94-7220, 94-7266"
2881686,ca8,99-1828
855363,ca9,94-35324
949922,ca9,96-35500
68068312,ca9,23-17
66511695,scotus,No. 11-6747
1101048,ca5,01-50288
259708,ca5,17183
2495617,ca11,88-5242
1464525,ca4,85-7547
64347836,cadc,No. 204
66500569,scotus,No. 10-6021
66189668,ca2,"Nos. 580, 595, Dockets 79-7595, 79-7631"
2150934,ca3,97-5300
818099,ca2,"500, Docket 87-7647"
879219,ca2,11-2922-cr
1262221,ca4,05-20
1842638,ca3,74-1903
877879,ca2,11-4682
65662009,ca7,No. 15-3569
66372229,scotus,No. 90-6722
638615,ca4,03-1879
66105626,ca2,No. 128
66297246,scotus,No. 80-860
66201691,scotus,No. 685
1090730,ca5,88-2829
494775,ca10,03-8075
2073376,ca4,94-6686
357491,ca11,84-8794
851462,ca9,94-15213
48296,ca11,05-16839
1165330,ca4,92-6065
66287090,scotus,No. 78-329; No. 78-330
2853775,ca7,02-1623
64882314,ca5,21-30360
392591,scotus,93-7205
65706814,cadc,No. 12-1380
1234604,ca10,97-1340
243216,ca10,04-4051
63944421,ca4,No. 3325
766029,ca5,73-1003
691961,ca2,26275_1
66190921,ca8,No. 81-1212
2151838,ca7,87-1759
890678,ca4,79-1801
1134644,ca9,86-5057
66409274,scotus,No. 93-1107
64286066,ca9,No. 02-15977; D.C. No. CV-01-01080-RGS
66294724,scotus,No. 79-6623
614351,ca9,91-70548
66026453,ca5,No. 952
2454606,ca4,03-7738
66109371,cadc,No. 3756
2104528,ca10,93-1484
6183505,ca9,15-16455
2142460,ca4,87-3112
600959,ca11,92-6988
66350065,scotus,No. 88-5907
2358063,ca4,02-4778
66374521,scotus,No. 90-6595
66187548,ca8,No. 78-1889
1143126,ca5,10-60959
1099299,ca4,01-4031
361845,ca11,09-12281
63929931,ca5,No. 5304
65714252,ca9,No. 08-30236
634580,ca7,80-1999
64326851,scotus,No. 10-14
2858478,ca7,07-1823
736000,ca2,190
17468006,ca6,19-1857
69671047,ca2,24-2493 mtn
494627,ca4,95-5617
2353606,ca3,96-7044
1408370,ca6,92-2546
66319095,scotus,No. 84-1094
63962261,ca7,No. 6173
1430145,ca5,20558_1
64283286,ca2,Docket No. 02-7227
2839888,ca6,14-5227
66223548,ca7,No. 86-1638
383929,ca8,95-1327
65623059,scotus,No. 15–9483.
1508001,scotus,93-445
69666553,scotus,23-7809
1787191,ca4,97-7302
633291,ca4,"01-6887, 01-7908"
672148,ca2,"813, Docket 92-7861"
66041208,ca3,No. 62
643513,ca2,Docket 07-5727-ag
64137646,cadc,No. 00-7208
2455169,ca11,85-8094
1720758,ca2,86-1265
179578,scotus,03-6717
66053996,ca3,No. 17
65621948,scotus,No. 15–9299.
745851,ca7,17166
65268920,scotus,No. 14–7519.
1135507,ca9,83-6495
3020473,ca1,13-2462P
65895073,ca9,No. 06-10437
2490960,ca1,85-1927
117487,ca5,16905_1
63921703,cadc,No. 1705
60008021,ca9,20-35169
1936511,ca5,11-41018
1044057,ca4,90-6144
65724434,ca3,"Nos. 08-3808, 08-3809, 08-3821 to 08-3824"
66463426,scotus,No. 00-9077
809734,ca5,86-3578
344025,ca10,97-6186
2882683,ca8,00-1796
829147,cadc,89-3216
354153,ca5,79-2491
3030485,ca8,15-1980
2458212,scotus,04-7858
27905,ca9,19-30011
2904303,ca8,08-2644
2027685,ca5,01-21113
142162,ca6,79-5126
1414523,ca5,14-60226
1406438,scotus,255
2480576,ca9,81-3468
409329,scotus,19
66647019,scotus,No. 17–9471.
66230642,scotus,No. 1417
2357137,ca4,07-1802
65716387,ca2,No. 08-3176-cr
371449,ca5,07-41243
838661,ca9,91-30319
65709835,ca9,No. 07-30351
366649,ca3,13-1952
50216909,ca7,20-1448
485633,ca2,1078
3051871,ca11,15-10952
66104456,ca2,No. 37
1089694,ca5,88-4557
531429,scotus,05-10671
280788,ca5,85-2764
606918,ca1,00-1901
386724,ca5,75--3446
65715004,ca9,No. 05-76923
673254,ca3,13987_1
215822,ca5,16466
1673058,ca6,87-5197
68349574,ca9,23-60017
1356975,ca5,15687
1725627,ca5,82-2097
583028,ca8,08-1518
1029476,ca7,92-3970
2203219,ca9,89-16640
64283103,ca9,No. 01-55293; D.C. No. CV-00-04987-GHK
6160171,ca5,16-20811 Summary Calendar
1874445,ca5,05-20480
65708374,ca4,No. 13-1225
2891711,ca3,08-2208
2068277,ca6,"98-6237, 98-6360"
556989,ca6,84-3965
1956156,ca5,11-40593
66257385,scotus,No. 72-639
65291093,scotus,No. 602
2825202,ca4,01-2352
1220385,scotus,02-11288
66366647,scotus,No. 89-7586
66273695,scotus,No. 75-1065
3043451,ca3,15-1420
49042,ca3,85-3337
66498916,scotus,No. 09-11291
13909,ca11,18-11420
226076,ca6,83-5050
66356543,scotus,No. 88-7519
66500939,scotus,No. 10-354
1105619,ca5,10984
66647418,scotus,No. 18–5260.
2852552,ca7,00-3977
2905124,ca9,06-15886
2922671,ca9,08-30431
64015026,ca4,No. 92-1988
64018075,ca10,No. 93-2085
109074,ca5,10-10717
66414091,scotus,No. 94-5888
65894637,ca4,No. 07-6012
63409381,ca9,19-56205
66227446,ca8,No. 86-1784-WM
855898,ca6,95-5429
64335424,scotus,No. 10-10371
2821982,ca1,96-2332
64028399,ca9,"Nos. 95-55290, 95-56100"
66284087,scotus,No. 77-6482
7718964,ca9,17-17336
2160299,ca3,12286
16913561,ca8,19-2479
64068166,ca4,No. 99-1905
65300896,scotus,No. 113
66478102,scotus,No. 02-10445
2681407,ca9,14-30165
66397453,scotus,No. 92-7052
65268949,scotus,No. 14–410.
1540873,ca8,08-3367
66192315,ca6,"Nos. 80-1100, 80-1130"
64280636,ca9,No. 00-10610; D.C. No. CR 96-0276-1-SI
64021774,ca9,"Nos. 93-55478, 93-55695"
119874,scotus,04-6433
990398,ca3,88-3781
554570,ca9,90-30150
859716,ca5,91-7101
6281005,ca11,15-14035
65719373,ca2,No. 08-2383-cr
66474698,scotus,No. 02-8999
2491536,ca4,12-7153
66429942,scotus,No. 96-7504
742094,ca8,02-2826
66338905,scotus,No. 87-430
66514203,scotus,No. 11-6276
1288517,ca11,05-11512; D.C. Docket 94-06228-CR-DLG
66026008,ca4,No. 392
2278180,ca3,06-1481
1982820,ca4,94-6471
2089760,ca5,95-10394
65682731,ca9,No. 03-74554
2901275,ca8,07-1255
391828,ca4,09-2390
66479674,scotus,No. 02-11185
68356932,ca5,23-50507
2684099,ca3,14-2783
4616355,ca2,15-1866
117542,ca6,84-5895
438514,ca11,09-13485
18754421,ca9,18-35732
2215434,ca4,90-1108
1196522,ca5,80-5186
64330282,scotus,No. 10-7677
67176040,ca2,23-500
1208882,cadc,79-1682
65717431,ca2,No. 08-2796-cv
2434812,ca2,907
66416937,scotus,No. 94-6887
2607919,ca4,12-5037
66472652,scotus,No. 01-9863
2133040,ca11,93-4689
2684302,ca8,14-2884
783112,ca10,99-5133
185682,ca4,89-7667
2443745,ca5,82-1321
66893954,ca2,22-3164
264229,scotus,NO. 27
64283392,ca9,"No. 01-50146, 01-50227, 01-50228; D.C. Nos. CR-99-03588-HBT CR-99-03589-HBT"
66650517,ca8,No. 6447
1020260,ca5,92-4948
63977469,ca6,No. 9512
66659050,scotus,No. 18–6096.
2250658,ca8,89-2127
66217417,scotus,No. 191
254230,scotus,01-1693
66405736,scotus,No. 92-8943
120045,ca2,"174, Docket 25295"
1968299,ca11,10-11294
2030735,ca4,77-2044
66343414,scotus,No. 87-6565
66647355,scotus,No. 18–5197.
2506000,ca7,"8906, 8907"
6153127,ca3,16-3302
1289795,ca5,01-60910
657745,ca6,17542
65713328,ca2,"Nos. 06-0892-cv (L), 06-1047-cv (XAP)"
65610299,scotus,No. 13–7655.
64317853,cadc,Civil Action No. 15–1940 (RBW)
4423878,ca2,15-3184
66480097,scotus,No. 03-35
2181072,ca5,97-50971
352012,ca9,92-70627
742180,ca9,01-35892
66319454,scotus,No. 84-808
1927103,ca11,86-5051
185921,ca6,14870_1
66523713,scotus,No. 05-7540
2256313,ca9,74-3196
1641960,ca2,96-2390
66437309,scotus,No. 96-9204
2878467,ca8,98-1506
1122912,ca4,76-2137
1627493,cadc,9593
1695195,ca10,87-2360
3038459,ca10,15-1312
2176622,scotus,92-8730
66130796,ca5,No. 175
2136576,ca3,87-3291
66278173,scotus,No. 76-720
2025760,ca2,95-3012
65909027,ca9,No. 06-36039
881559,ca10,89-4063
66454669,scotus,No. 98-8910
2646018,ca11,13-13006
2888019,ca3,05-4600
640098,ca3,17392_1
1552508,ca2,81-5048
66493018,scotus,No. 04-8406
64281137,ca9,No. 01-10178; D.C. No. CR-99-00099-DAE
63772254,scotus,No. 09-8655
31075,scotus,230
2914725,ca11,11-12509
2024856,ca9,91-55506
2191540,ca8,73-1174
1005945,ca6,75-1690
395818,ca11,99-6178
2659925,ca10,14-7092
502025,ca6,89-5057
190951,ca5,29075
18575,ca10,93-5245
66287667,scotus,No. 78-1064
46541,ca5,03-60631
65686962,ca2,Docket No. 04-4064-CV
63972302,ca5,No. 9428
533763,ca5,11-50493
1287029,ca9,93-70829
1266283,ca11,07-14321
66223447,scotus,No. 284
569243,ca10,74-1747
900788,ca3,13-1543
2884392,ca8,00-2445
1048222,ca10,93-4073
65912394,ca9,No. 04-73143
2384079,ca4,75-1895
6355805,ca9,15-71121
65295797,scotus,No. 310
2504765,scotus,06-1001
2467056,ca11,83-3314
1602914,ca5,11-20442
66648045,scotus,No. 18–5804.
2393562,ca4,76-1098
234171,ca4,7287_1
66428505,scotus,No. 95-8944
421911,ca3,10-2946
2365057,ca5,11-51000
128140,scotus,72-985
508942,ca11,94-4252
1986071,cadc,91-5003
195105,ca4,95-6968
2882757,ca8,00-1361
806246,ca5,84-4273
59768798,ca3,20-1422
66648730,scotus,No. 18–6050.
63949196,ca8,No. 9684
66187742,ca9,"Nos. 77-1399, 77-1493 and 77-1554"
2479913,ca3,96-5687
1021681,ca5,11-10144
66492536,scotus,No. 03-1359
8615,scotus,298
135817,ca5,04-40444
66262348,scotus,No. 73-647
1625454,ca6,78-3155
64344435,scotus,No. 97-1064
1415363,ca7,77-1027
533727,ca11,11-14282
2045835,ca4,97-6859
2471412,ca4,73-1941
971723,ca8,6438
66445427,scotus,No. 98-360
63940214,ca5,No. 6186
1149457,ca10,93-6356
68443067,ca10,23-4075
2496741,ca5,74-3540
736888,ca3,05-1728
2115798,ca3,74-1193
66296162,scotus,No. 80-346
1112165,ca4,08-4837
66151387,ca9,No. 19405
69661,ca5,96-50413
2503881,scotus,203
626371,ca3,12855
66075643,ca3,No. 1813
68034229,ca4,22-4390
2876137,ca3,05-2059
66106337,cadc,"Nos. 3684, 3685"
119474,ca7,78-2239
3078226,ca4,16-6004
757934,ca1,11-2193
543572,ca4,00-1349
2312436,ca3,75-1918_2
2828058,ca6,01-2599
1041411,ca9,93-17239
292587,ca9,88-2928
2344540,scotus,02-7392
63948290,ca10,NO. 1005
1017420,ca5,91-8655
66352639,scotus,No. 88-6703
127269,ca8,84-1581
2219893,ca3,78-2329
2853612,ca7,02-2569
2878406,ca8,97-3253
721400,ca8,99-1388
65662635,ca7,No. 16-3769
66360517,scotus,No. 89-6170
2458628,ca6,5850
844398,ca4,"11-4028, 11-4029"
536439,cadc,84-5600
960363,ca5,6866
66387423,scotus,No. 91-7575
66476460,scotus,No. 02-9649
59237289,ca5,20-60451
1967914,scotus,01-10593
1237114,ca7,99-1448
64328576,scotus,No. 10-6325
8502455,ca9,17-72044
1392144,ca4,93-7262
1519327,ca5,78-3289
5656349,ca4,15-4741
8288695,ca5,18-60287
66221458,scotus,No. 914
831590,ca3,90-3583
7715167,ca3,17-3330
65616394,scotus,No. 15–5554.
68800418,ca4,24-1482
65891029,ca9,No. 05-73573
66428035,scotus,No. 95-1799
20251,ca5,96-40028
740397,ca4,01-2086 to 01-2088
66489659,scotus,No. 03-9237
855503,ca9,95-16821
66426629,scotus,No. 95-8275
374840,ca5,92-1404
936644,ca5,78-2703
66488137,scotus,No. 03-8594
65682922,ca2,"Nos. 03-5033 BK(L), 03-5043(XAP)"
66212328,scotus,No. 167; No. 170
1515315,ca5,80-5666
2869278,ca3,00-1979
1040093,ca5,12-41253
66291979,scotus,No. 79-1173
80044,ca5,99-60166
69116356,ca11,23-12987
64162768,ca6,No. 00-4528
21928,ca9,19-35154
2303677,ca5,75-3210
66286707,scotus,No. 78-5475
63670779,ca9,No. 8140
308355,ca9,89-55403
66488474,scotus,No. 03-8692
65727856,ca3,No. 08-4246
60380243,ca4,21-1829
169344,scotus,264
1070141,ca7,98-1448
66477912,scotus,No. 02-1577
313268,ca6,90-5501
2823272,ca1,98-2183
66513898,scotus,No. 11-1001
65615675,scotus,No. 14–1509.
59752170,ca6,19-2491
669849,ca3,"10820, 10821"
775638,ca3,73-1832
515781,ca5,1015
2406544,ca5,75-2419
65294652,scotus,No. 1007
66645634,scotus,No. 17–789.
2265671,ca4,03-6606
65608260,scotus,No. 13–6158; R46–002.
202507,ca8,"95-3986, 95-3987"
1623022,ca1,4096
60109113,ca5,21-10029
2853125,ca7,01-1838
66163765,ca5,No. 29913
2077414,scotus,02-1177
66385256,scotus,No. 91-7064
8083403,ca4,18-1631
2491754,scotus,02-9546
65723633,ca2,No. 08-5189-ag
18604083,ca2,18-1906 (L)
90875,ca5,84-4558
63974504,ca8,No. 11990
16928058,ca9,17-17559
66359701,scotus,No. 89-536
341791,ca11,94-6520
2185426,ca11,91-7426
1001938,ca4,90-3087
67746540,ca9,22-30190
66236321,ca5,No. 88-3185
475960,scotus,04-6967
1263425,ca4,94-8023
66488963,scotus,No. 03-8797
471693,scotus,04-8082
2826496,ca6,98-2396
796316,ca9,09-30292
2234691,scotus,109
66217557,scotus,No. 321
69579865,ca9,23-2245
66449545,scotus,No. 98-7099
65690673,ca2,No. 09-5224-pr
2003103,ca3,94-3169
398786,ca1,95-2159
4580245,ca4,16-7352
66332614,scotus,No. 86-6036
66477263,scotus,No. 02-1304
66458788,scotus,No. 99-8646
66437199,scotus,No. 96-8966
66335811,scotus,No. 86-1659
16081038,ca3,18-3657
66323607,scotus,No. 85-594
1293880,ca5,82-1063
66185999,ca5,"Nos. 77-2161, 77-2162"
66461360,scotus,No. 00-8824 (00A775)
66236749,scotus,No. 1014
66321362,scotus,No. 10-1046
66268447,scotus,No. 74-5713
63964427,ca9,No. 8621
2832005,ca6,"05-4451, 05-4452"
65273365,scotus,No. 16–1081.
66500644,scotus,No. 10-6212
66050677,ca8,"No. 2,534"
2140235,scotus,04-6502
3059781,ca3,15-1966
66209716,scotus,No. 977
553508,ca4,94-1274
66454644,scotus,No. 98-8878
65623759,scotus,No. 16–83.
66440407,scotus,No. 97-6772
8344815,ca9,18-15249
2923578,ca9,11-17357
61567139,ca11,21-11350
66220824,scotus,No. 793
1588005,ca6,87-5065
66349958,scotus,No. 88-5773
59847454,ca5,20-40309
64026720,ca9,No. 95-35345
66307795,scotus,No. 82-321
554396,ca2,"1560, Docket 90-7902"
875403,ca6,03-3834
66171639,ca9,"Nos. 71-2082 to 71-2087, 71-2153, 71-2140"
675253,ca6,15055_1
66136135,ca7,No. 240
495814,ca8,84-2333
65280705,scotus,No. 835
66039557,ca9,"No. 1,100"
66077023,ca5,No. 2638
2395233,ca5,83-3753
1594827,ca6,85-5568
16578392,ca10,18-1479
66317386,scotus,No. 84-401
2449572,ca3,81-2947
65697420,ca5,No. 05-51160
2899244,ca8,06-2980
189095,ca3,16908-16914_1
2058373,ca3,89-5238
1649842,ca11,90-7753
66514747,scotus,No. 01-1536
610380,ca6,95-3452
77623,ca9,"76-3329, 76-3330"
429856,ca8,82-2285
66412298,scotus,No. 94-5397
66458296,scotus,No. 99-1631
64349825,cadc,No. 2814
174497,ca1,4805_1
2685499,ca10,14-4148
413691,scotus,03-10056
2869197,ca3,00-3387
188731,ca2,"473, Docket 29314"
64327315,scotus,No. 10-5440
1439450,ca5,84-4186
839752,ca9,91-50656
66664138,scotus,No. 12–1302.
63970240,ca9,No. 9230
66334904,scotus,No. 86-6613
909284,ca4,94-2223
66555171,scotus,No. 83-344
789753,ca10,08-6238
173629,ca5,94-60586
212109,ca11,98-4186
597730,ca10,09-6009
133134,ca5,01-31273
1008231,ca4,90-5654
65893353,ca9,No. 06-30302
545982,ca4,93-6534
283926,ca6,80-1464
61635872,ca7,20-3334
70809722,ca7,16-3508
65300421,scotus,No. 633
763624,ca5,72-1956
1653185,ca10,96-6127
66542073,scotus,No. 95-1142
66451506,scotus,No. 98-7871
1418343,ca4,87-6535
16240365,ca9,17-50215
1552917,ca11,06-15394
2188292,ca5,89-3366
755800,ca9,71-1943
2837161,ca6,"08-4088, 08-4095"
65294461,scotus,No. 632
66356504,scotus,No. 88-7493
1986358,ca5,97-20468
2921489,ca11,08-11974
66279802,scotus,No. 76-1473
663874,ca7,16923
236651,ca10,01-1363
64167786,ca9,No. 00-56953; D.C. No. CV-99-00579-RC
65705675,ca9,"Nos. 07-73465, 07-74854"
66046352,ca2,"No. 226 (4,176)"
2461177,ca7,80-1868
66416436,scotus,No. 94-461
1083686,ca7,79-2079
2887184,ca9,07-70516
66279225,scotus,No. 76-6203; No. 76-6242
169372,ca7,13-3175
1001619,ca6,90-5168
66207844,ca4,"Nos. 84-2087(L), 84-2089 to 84-2101"
414544,ca7,96-2314
63956301,ca6,No. 7068
1075969,ca2,376
23378,scotus,412
66436370,scotus,No. M-79
8494429,ca2,17-114-cv(L)
185762,ca7,14030_1
3012998,ca9,13-16305
63975363,ca6,No. 9035
1700462,ca5,95-40894
521771,ca6,86-5487
66530842,scotus,No. 99-6361
2206508,ca6,78-3303
66362602,scotus,No. D-887
66218607,scotus,No. 916
1432709,ca3,92-2029
54394007,ca4,19-1745
708711,ca5,72-1602
65884948,ca5,No. 04-40772
67210302,scotus,22-200
1393049,scotus,"1579, Misc"
463546,ca2,78-1384
1130007,ca5,14-40055
777880,cadc,"73-1609, 73-1610"
1097531,ca11,97-3156
6350782,ca11,15-13845
2168049,ca5,77-1484
4685754,ca2,15-3578
62995412,cadc,20-7051
2254742,ca4,96-7447
226628,ca7,81-2552
66335309,scotus,No. 86-6682
66355217,scotus,No. 88-1518
520779,ca9,"71-1925, 71-1574"
1037561,ca7,94-1281
408033,ca1,06-2364
66469978,scotus,No. 01-8611
17002263,ca3,19-1113
2657346,ca4,14-1977
715601,ca5,27919
723679,ca7,04-2086
315929,ca1,93-2041
1110943,ca6,"80-5174, 80-5178"
464108,ca9,12544_1
370133,ca6,81-5300
2488101,ca11,95-7041
65673545,ca9,"No. 02-73250; Agency Nos. A76-851-473, A75-851-474, A76-851-475, A76-851-476"
144034,ca2,2000
430239,ca6,90-3315
2031436,ca6,12556_1
64023322,ca10,"Nos. 93-1031, 93-1055, 93-1072, 93-1127 and 93-1354"
63670425,scotus,No. 1138
65708702,ca5,No. 08-40375
64088710,ca9,No. 99-36205
524633,ca3,85-1223
852522,ca9,94-15364
1432167,ca8,93-3434
750189,cadc,73-1068
51193,ca7,77-1888
611925,ca7,09-3255
66286167,scotus,No. 78-473
836829,ca6,91-5557
707663,ca3,03-2187
2878248,ca8,97-2121
63966374,ca2,No. 104
16176068,ca5,18-50919
65890292,ca10,No. 06-2047
65700374,ca2,No. 05-5226-ag
66404478,scotus,No. 93-1103
66362351,scotus,No. 89-1016
754877,ca9,10-35055
1275007,ca4,86-7534
1083604,ca9,11-10666
66343467,scotus,No. 87-1452
171998,ca7,09-2592
65276775,scotus,No. 153
2168512,ca5,92-1301
66333334,scotus,No. 86-1309
64345122,scotus,No. 09-97
65292223,scotus,No. 788
69656054,ca2,23-7931-cv
1058623,ca3,93-2100
288555,ca2,"35, Docket 24989"
67775371,ca11,22-13220
66227894,ca11,No. 86-3396
64008853,ca8,No. 16782
2643272,ca4,14-7911
699204,cadc,19890-19892
64005832,ca5,No. 17642
1211184,ca3,"09-2468, 09-2544, 09-2586"
3022803,ca8,15-1972
66490937,scotus,No. 03-9413
282730,ca8,09-3444
66317675,scotus,No. 84-5297
65911435,cadc,No. 07-5218
66362359,scotus,No. 88-2137
828873,ca11,89-6012
66102511,ca9,No. 3510
64048386,ca9,No. 96-56405
65710662,ca4,No. 08-6903
65621259,scotus,No. 15–7837.
1102885,ca2,10-458-ag
64287934,ca9,No. 02-15349; D.C. No. CV-00-06812-HGB
64157023,ca9,No. 00-70676; INS No. A18-889-113
66198428,scotus,No. 652
853904,ca4,95-5143
1025593,ca2,1196
66488575,scotus,No. 03-883
66552290,scotus,No. 96-6467
66471374,scotus,No. 01-600
743788,ca2,Docket 01-6183
65894224,ca9,No. 06-10139
1133691,ca9,93-15388
65695909,ca4,No. 10-1207
65960082,ca4,No. 15-6398
66400878,scotus,No. 92-8267
280792,ca3,01-1351
673603,ca6,14913_1
65959667,ca4,No. 14-7761
68469962,ca5,23-50472
66176583,ca5,No. 75-3187
65675825,ca9,No. 02-72823
4574620,cadc,14-3091
974424,ca6,"9845, 9846"
65705883,ca4,No. 12-6230
923053,ca9,78-1339_1
1242886,ca5,76-2522
520668,ca6,84-1637
67375843,ca2,23-690
724803,ca3,02-3427
1649764,ca5,89-4827
66226791,scotus,No. 561
16148310,ca1,18-1885P
1991133,ca10,01-1501
1184272,ca9,11-10044
396640,ca11,98-5829
66189516,ca2,"Nos. 864, 865 and 1279, Dockets 79-4220, 80-4003 and 80-4016"
69896487,ca8,24-2450
1931016,ca9,89-30040
650542,ca2,1402
2656271,ca9,12-55912
14873065,ca7,18-2984
66219286,scotus,No. 1276
63927601,ca9,No. 5148
65616548,scotus,No. 15M6.
871276,ca3,98-1010
63980334,ca7,No. 8733
66294694,scotus,No. 79-6561
66784742,ca11,21-14262
66348732,scotus,No. 88-347
66339576,scotus,No. 87-572
69768316,ca2,24-1404
65896001,ca9,No. 06-70437
66432409,scotus,No. 96-8752
407281,ca1,04-2435
63297774,ca5,21-20573
721098,ca3,07-3665
601352,ca11,09-16304
217879,ca7,79-1780
64455094,ca4,21-2361
2891489,ca9,07-74685
2175006,ca4,09-6160
66333343,scotus,No. 86-1326
2348019,ca11,97-2174
2858140,ca7,06-3240
66503151,scotus,No. 10-5746
593445,ca7,10182_1
66064314,ca9,"No. 2,027"
1030359,ca9,92-10314
66248370,ca4,"Nos. 88-2615(L), 88-2616"
2349207,ca9,78-2945
2488271,ca1,80-1804
2652268,ca4,14-7694
2370287,ca4,91-7141
813163,ca8,87-1478
66424819,scotus,No. 95-8000
1494066,ca9,80-7753
2876629,ca3,05-4591
28381,scotus,02-6063
66215691,scotus,No. 16; No. 648; No. 5; No. 6; No. 635
545384,ca9,93-16766
66275919,scotus,No. 75-6796
636771,ca4,03-4115
551427,ca2,09-2670-cv
1503210,ca5,78-2128
345988,ca5,935
1324379,ca9,74-1239
488457,ca6,86-6037
66452985,scotus,No. 98-8780
65732293,ca4,No. 09-2258
1151884,ca4,14-1039
64344679,scotus,No. 02-1389
63137,ca8,13-2201
2494587,scotus,93-364
640789,ca4,04-4840
66725731,scotus,No. 19-594
66500619,scotus,No. 10-6143
66046686,ca7,"No. 1,296"
66252995,ca7,"Nos. 89-1141, 89-1276"
17435242,ca5,19-30949
66812977,ca7,22-1780
66483989,scotus,No. 03-6047; No. 03-6658
555236,ca5,02-60420
2902762,ca11,14-14308
928540,ca4,04-7755
66246928,scotus,No. 473
65625062,scotus,No. 15–9473.
547122,ca10,94-6110
2344849,scotus,575
2887767,ca8,02-2788
2870694,ca3,"01-2033, 01-2369"
1013064,ca9,91-55483
2457435,ca2,94-9163
66409617,scotus,No. 93-7002; No. 93-7152; No. 93-7235; No. 93-7379; No. 93-7446; No. 93-7447; No. 93-7476; No. 93-7568; No. 93-7627; No. 93-7950
642769,ca1,7260_1
66277570,scotus,No. 76-637
2191495,scotus,04-6693 (04A272)
66366585,scotus,No. 89-7530
66424292,scotus,No. D-1535
1186677,ca4,12-7375
238912,ca5,00-10019
65623331,scotus,No. 15–9746.
7245720,ca9,16-56475
64946825,ca1,21-1781P
66650559,ca8,No. 6420
64147757,ca4,No. 01-6305
247020,ca9,02-72317
925190,ca11,97-8538
64286718,ca9,No. 01-57040; D.C. No. CV-00-05677-RZ
66725206,scotus,No. 19-6604 (19A534)
63926845,ca4,No. 2606
241743,ca7,09-2244
1360675,ca2,Docket 12-3148-cr
66344535,scotus,No. 87-6410
66523086,scotus,No. 05-47
64279686,ca6,No. 01-4067
2653600,ca2,14-2272
64007136,cadc,No. 15271
702306,ca5,29992_1
1012517,ca9,90-16480
248450,ca8,12-2976
66491556,scotus,No. 03-9989
68872589,ca9,23-15925
1334785,ca5,97-40285
65685039,ca2,No. 03-40771
69014050,ca11,23-12089
739872,ca10,72-1016
66222988,scotus,No. 435
2234867,ca1,93-6277
1160977,ca4,81-8042
69220572,ca4,24-1952
65710575,ca2,No. 08-2825-bk
2126048,ca2,27922
16517633,ca6,18-5595
17297288,cadc,19-7027
66370079,scotus,No. 90-5966
594259,ca2,12-4096
63921578,ca8,No. 6577
2479462,ca5,95-40247
66416644,scotus,No. 94-937
899279,ca5,11-40642
616891,ca10,11-3144
2655911,ca3,14-3464
728416,ca6,03-5537
611104,ca7,10789_1
1075604,ca9,11-16729
66358804,scotus,No. 89-155
2144125,ca5,98-10852
65700037,ca9,No. 04-71466
363425,ca9,92-10513
2873970,ca3,03-2997
261781,scotus,286
63927520,ca8,No. 7398
66386190,scotus,No. 91-7342
65699543,ca9,No. 04-35664
67476208,ca4,23-6540
81498,ca5,01-10316
54122,scotus,93
830966,ca6,91-5089
66415363,scotus,No. 94-6249
66459982,scotus,No. 99-8630
984791,ca6,88-5365
66955601,ca5,22-50799
66349293,scotus,No. 88-641
18481619,ca11,19-14601
66648496,scotus,No. 18M57.
326440,ca1,88-1870
7336542,ca8,17-2160
64024240,ca9,"Nos. 95-35052, 95-35214 and 95-35215"
7273112,ca1,17-1533P
253651,ca11,07-13708
66257721,scotus,No. 72-5471
2870680,ca3,"02-2434, 02-2457"
16556083,ca6,19-5153
1449771,cadc,84-1064
1392903,ca9,86-7197
2184560,ca7,"99-1927, 99-1928, 99-1961"
2114414,ca3,90-1701
1182695,scotus,04-7738
2438078,ca4,06-1931
4487057,ca11,16-10114
66515013,scotus,No. 02-6441
65719421,ca2,No. 08-3483-ag
15958675,ca5,18-50923
1323214,ca5,82-1382
1004568,ca4,90-5112
402902,scotus,76-1200
18727168,ca10,20-1139
66401499,scotus,No. 92-1644
64336812,scotus,No. 10-1413
1269863,ca2,92-1394
2880120,ca8,99-1546
337299,ca2,09-2314-AG
367935,ca9,71-2022
940487,ca8,06-3562
904368,ca4,96-1187
66062974,ca2,No. 26
560007,ca5,91-8255
66367393,scotus,No. 90-5031
2460467,ca7,96-1933
64283493,ca6,No. 02-1323
4580246,ca4,15-7522
66491696,scotus,No. 03-9611
63975738,ca10,"Nos. 2558, 2559, 2560"
8267,ca4,18-2167
66541665,scotus,No. 95-7149
1525422,ca9,93-10057
1873142,ca4,06-1962
1728810,ca5,04-60528
61630427,ca9,19-72117
64334557,scotus,No. 10-10597
65281213,scotus,No. 985
67917351,ca4,23-2125
1998379,ca5,75-2218
66218396,scotus,No. 877
65661632,ca7,No. 15-1290
63156054,ca3,20-2268
870119,ca10,97-4071
1042791,ca4,05-1158
66467175,scotus,No. 01-7541
65665269,ca9,No. 00-56822
66439102,scotus,No. 97-5207
1872713,ca10,10-3162
72016,ca9,80-5401
2882370,ca8,99-1219
262342,cadc,17277_1
2825573,ca4,05-4048
1808603,ca11,10-12377
66156925,ca3,No. 16335
63313722,ca9,21-55955
2840193,ca6,14-1664
1243782,ca9,84-2150
63988586,ca2,"No. 283, Docket 21008"
402462,ca1,93-1418
2217791,ca4,95-1376
59712391,ca7,19-1531
934556,ca5,77-1650
1642169,ca4,08-2164
2054445,scotus,92-9112
108061,ca8,15980_1
64687985,ca11,21-11172
2208886,ca3,80-2378
2668716,ca5,14-60910
841980,ca10,92-1065
64283909,ca9,No. 01-15616; D.C. No. CV-00-00981-SBA
66399382,scotus,No. 92-7755
66303546,scotus,No. 81-901
1532140,scotus,173
63972940,ca6,No. 8609
65662431,ca2,Docket No. 15-3134-ag
65292711,scotus,No. 235
371926,ca9,83-5195
64004559,ca10,No. 5764
989656,ca8,9032
282456,ca6,84-5910
277524,scotus,NO. 35
66192945,ca8,No. 82-1357
360750,ca9,10-72403
63974231,ca5,No. 9985
648137,ca2,10-3658
2894812,ca8,03-3441
2116351,ca9,85-4347
2835545,ca6,08-5397
1321544,ca4,09-6211
543734,ca3,10-3944
810145,ca4,01-7900
65726423,ca9,No. 07-30450
65954358,ca9,No. 07-35241
66251423,scotus,No. 70-5432
1725217,ca5,91-8455
1591265,ca4,07-4750
780890,ca6,74-1475
1103205,ca10,"3546, 3547, 3596, 3778, 3779"
670516,ca10,7999
66423315,scotus,No. 94-1883
400908,ca3,"12-1630, 12-2386"
2621637,ca7,14-1221
66332790,scotus,No. 86-904
66371591,scotus,No. 90-760
2894905,ca8,04-2273
1368941,ca3,88-1518
1444031,ca8,84-1132
66383228,scotus,No. 91-6463
64109513,ca7,No. 00-3603
1492229,ca9,81-7006
351204,ca6,93-5836
2673671,ca5,14-10391
871228,ca2,97-2789
1769528,ca4,84-5026
310546,ca5,04-41636
728212,ca9,04-70709
66263664,ca7,No. 90-1954
167944,ca1,93-2340
276693,scotus,234
65615831,scotus,No. 14–1541.
1287654,ca9,85-1522
4485088,ca9,15-15974
186043,cadc,9988
65616151,scotus,No. 15–5285.
64074639,cadc,No. 99-1433
61586875,ca10,21-1003
66456086,scotus,No. 99-986
65266047,scotus,No. 14–5197.
380184,ca5,07-10655
65288683,scotus,No. 633
65672479,ca9,"No. 02-74432; Agency Nos. A76-370-599, A76-370-600, A75-370-601, A76-370-602"
66029106,ca2,No. 58
61582672,ca4,21-6747
66361353,scotus,No. 89-6278
2448823,ca2,73-2390
66328710,scotus,No. 11-9163
572846,ca4,95-2818
561177,ca7,91-2006
1074247,ca9,07-74907
725073,ca2,Docket 05-1747-CR
268537,ca5,84-1582
1112072,scotus,93-188
93897,ca3,97-7624
6335096,ca6,17-1546
591000,ca7,83-1372
5216,ca10,17-7042
68232709,ca4,24-1060
193772,scotus,154
358647,cadc,21258
6178804,ca5,16-11749
2490332,ca7,92-1832
677748,ca5,20426
65675329,ca9,No. 03-10385; D.C. No. CR-03-00074-PMP/RJJ
1505329,ca5,79-3691
833665,ca8,11-3751
740497,ca2,Docket 02-9107
66536217,scotus,No. 01-611
2240364,ca4,76-2401
2618345,ca4,14-7388
1580441,ca4,92-6044
66549951,scotus,No. 95-8986
65629697,scotus,No. 16–8876.
65295613,scotus,No. 799
66229944,scotus,No. 772
66283544,scotus,No. 77-6071
629362,ca4,00-4440
2907391,ca11,07-13829
66379786,scotus,No. 91-5517
66550300,scotus,No. 95-9435
66261916,scotus,No. D-19
584945,ca3,10-2960
65621422,scotus,No. 15–8794.
2079070,ca11,95-8907
997120,ca9,89-70054
393036,ca2,10-1780-cv
65957832,ca4,No. 09-8163
1476298,ca4,03-1777
646458,ca2,"174, Docket 22538"
66416908,scotus,No. 94-6861
64346879,cadc,No. 34
66395508,scotus,No. 92-749
3025046,ca9,13-56917
286427,scotus,01-5322
1546574,ca5,06-20160
1316588,ca9,92-55447
4114004,ca9,14-16588; 15-15254
2920508,ca11,09-14553
993129,ca3,88-1638
2860103,ca7,08-2369
107521,ca5,00-11368
2893757,ca8,04-2161
261059,ca5,84-2211
66510559,scotus,No. 11-5370
66113753,ca9,No. 4015
2306354,ca9,78-1457
18754039,ca4,19-4611
66551677,scotus,No. 96-5843
66375183,scotus,No. 90-7503
65714224,ca9,No. 05-16958
66112453,ca7,No. 3207
2466833,ca11,90-3632
6257712,ca11,16-15670
2473418,ca9,09-36010
68056814,ca4,22-1703
66425080,scotus,No. 95-7884
64279576,ca2,Docket No. 01-2421
4614817,ca4,15-1995
2332460,ca11,95-9449
111642,ca2,11-2211
66046203,ca8,"No. 2,430"
66246201,scotus,No. 1918
65953535,ca7,No. 07-4076
925104,ca5,99-40801
66350669,scotus,"No. 109, Orig"
66141663,ca8,No. 11
66346770,scotus,No. 87-7342
536940,ca4,98-2155
355619,ca6,16595
66238756,scotus,No. 87
66244268,ca9,No. 88-6520
66237151,scotus,No. 1213
65702048,ca2,No. 05-4910-ag
662243,ca2,"1132, Docket 77-1052"
442105,ca10,09-1298
64335056,scotus,No. 11-5251
2149849,ca4,91-6000
66572132,ca7,21-1670
955772,ca5,82-2056
59900553,ca5,19-60342
4481436,ca5,15-51067 Summary Calendar
66432585,scotus,No. 96-6518; No. 96-6776; No. 96-7731
167604,ca4,220
66403296,scotus,No. 93-8020
2416289,ca1,76-1484
66251141,scotus,No. 70-181
66268028,scotus,No. 74-513
64165337,ca9,No. 00-36067; D.C. No. CV-99-1972-TSZ
2632362,ca6,14-5484
66476338,scotus,No. 02-10207
2920948,ca11,08-14846
66363985,scotus,No. D-853
609903,ca1,06-1321
68319326,ca4,24-1199
66260145,ca3,"Nos. 90-1173, 90-1174"
63935393,cadc,No. 4959
816649,ca6,87-5924
134000,cadc,12-7054
246063,scotus,378
2461226,ca5,99-50162
65268066,scotus,No. 14M51.
6123614,cadc,15-1500
987506,ca1,"88-1825, 88-1826"
2881868,ca8,98-3905
64283777,ca9,No. 00-17072; D.C. No. CV-95-05839-OWW
69162098,ca3,24-1017
4617251,ca4,16-4355
615795,ca2,10-4717-cv
65627762,scotus,No. 16–7847.
66550343,scotus,No. 95-9486
66651184,ca9,No. 488
726801,ca2,03-4463
65875694,scotus,No. 215-55
65689559,ca9,No. 03-72730; Agency No. A76-728-203
65287627,scotus,No. 150
4671299,ca9,15-56487
287070,ca4,09-7023
64013099,ca2,"No. 181, Docket 28363"
66648306,scotus,No. 17–9377.
2915761,ca11,11-14416
65706974,ca9,No. 12-10218
562844,ca6,91-1553
65371173,ca10,21-4104
66079082,ca8,No. 4323
2247611,cadc,82-1853
66379322,scotus,No. 91-5189
8447010,ca4,18-1480
1940045,ca9,06-74541
2258041,ca5,97-10249
1198507,ca4,03-7899
2837187,ca6,09-6508
1514926,ca5,77-3129
66440775,scotus,No. 97-1031
495830,ca7,84-2930
65294088,scotus,No. 489
773138,ca10,"73-1393, 73-1394"
322215,ca2,87-6124
1083935,ca3,73-1388
66476121,scotus,No. 02-9961
66550436,scotus,No. 96-114
317160,ca7,83-2993
65287421,scotus,No. 363
66270577,scotus,No. 74-1609
66252617,scotus,No. 1593; No. 71-388
66343123,scotus,No. 87-1423
2223747,ca2,87-1354
1186394,ca6,07-6300
311369,scotus,93-5447
1074315,ca8,11-3088
2821449,ca1,95-1130
64021751,ca9,No. 93-56545
66663363,scotus,No. 83-6033
685883,ca6,88-3208
1293235,ca9,85-3626
328368,ca5,91-3119
239671,ca11,91-8553
548818,ca5,09-40123
603696,ca5,74-1156
1433985,ca4,14-1306
122216,scotus,02-1149
3069053,ca4,16-6223
59773620,ca5,20-10344
65717894,ca9,No. 07-17261
1769705,ca11,93-2336
66543042,scotus,No. 94-9795
410651,ca9,75-2409 and 75-2673
66544747,scotus,No. 95-248
2894813,ca3,06-1250
66289515,scotus,No. 78-1877
350593,ca6,73-1710
66339408,scotus,No. 87-5597
66544892,scotus,No. 95-499
961158,ca9,08-73339
723254,ca9,03-15823
66058772,ca8,"No. 3,318"
6250786,ca10,16-2225
66393714,scotus,No. D-1162
65709466,ca4,No. 08-7730
2459127,ca5,89-2554
4580036,ca2,15-2787
67484811,ca9,21-10371
2156989,ca5,83-3475
65676446,ca6,No. 02-4148
66328206,scotus,No. 11-9224
720539,ca1,11-1815
1005884,ca7,06-3372
1390224,ca11,05-13682
1786658,cadc,72-2199
66398899,scotus,No. 92-7708
2460446,ca9,406_1
2822420,ca1,97-1392
15775566,ca2,18-292-pr
70455056,ca11,22-13325
359691,ca5,95-31045
64158250,ca6,"Nos. 00-1314, 00-1315"
66495001,scotus,No. 04-8944
4557684,ca3,16-2473
65883018,ca1,"Nos. 03-2517, 03-2518, 03-2519"
66337396,scotus,No. 86-7062
785178,ca5,83-3067
59727523,ca3,21-1096
1184198,ca7,72-1569
66348561,scotus,No. 88-5286
66372378,scotus,No. 90-845
1984038,ca5,96-30375
66268692,scotus,No. 74-899
65889790,ca2,No. 04-4343-ag
8027854,ca8,18-2353
240567,ca2,136
2020627,ca6,11-1671
65665177,ca2,"Nos. 02-0119, 02-0122"
2823076,ca1,98-2275
484096,ca5,74-3441
66275603,scotus,No. 75-1658
403680,ca5,76-2834
444402,scotus,04-461
66322260,scotus,No. 85-14
1441366,ca3,95-3449
604600,ca4,95-1113
66341434,scotus,No. 87-5891
2669549,cadc,"13-1274, 13-1296"
1237625,ca5,05-40256
206547,ca11,07-12299
2612344,ca9,12-57268
17372369,ca9,18-35539
1191310,ca6,87-5124
561279,ca6,91-4026
287085,ca5,04-10058
997728,ca4,82-1221
505203,ca9,89-35085
2479463,ca6,96-3635
39532,ca2,Docket 05-6893-pr
66240929,scotus,No. 1388
484900,ca9,81-1244
64086448,ca9,No. 98-35468
1382180,ca5,01-20782
69620767,ca9,23-1699
3081914,ca4,16-1137
2086673,ca4,83-1877
67799838,ca11,23-10184
380903,ca2,"955, Docket 94-1371"
2352186,ca8,93-1994
2876944,ca8,97-2186
540757,ca2,10-1072-cv
2441744,ca5,98-40928
66334178,scotus,No. 86-6406
64869874,ca9,20-70772
1405703,ca5,94-50619
66178283,ca7,No. 76-1392
814756,ca7,87-2385
581943,ca9,07-71087
66532995,scotus,No. 98-9962
2107000,ca3,90-3001
988993,ca8,87-1155
66644949,scotus,No. 17–99.
1366387,ca4,88-3591
66250165,scotus,No. 6816
1427290,ca9,08-16338
99175,scotus,02-278
1414414,scotus,03-6505
69761,ca5,08-10775
64345010,ca5,No. 07-952
711107,ca7,97-2338
1548641,ca1,08-1814
620183,ca4,95-2702
66197189,scotus,No. 510
494546,scotus,816
65268739,scotus,No. 14–7138.
2853208,ca7,01-3069
1372974,ca5,91-3979
7172031,ca7,17-1227
310284,scotus,01-188
1389563,ca4,14-6646
65623084,scotus,No. 15–9518.
69355613,ca8,24-2400
1107754,ca1,"4012, 4013"
850051,scotus,93-6668
527680,ca1,92-1693
66376643,scotus,No. 90-8119
843462,ca9,91-55228
712468,ca8,959
2141072,ca5,13-30050
63231128,ca6,20-6382
66056168,ca7,"No. 1,520"
66037662,ca6,"No. 1,295"
66239326,scotus,No. 156
66257894,ca9,No. 89-35073
321290,scotus,13–193.
66336341,scotus,No. A-14
17307159,ca2,19-2943-cv
63588933,ca11,21-10181
1764739,ca5,72-2937
64287836,ca4,No. 03-6046
537498,ca7,92-4149
2687365,ca4,15-6895
616634,ca1,77-1263
3051218,ca6,16-3167
65693103,ca2,No. 04-4714CV
66526689,scotus,No. 00-741
66647996,scotus,No. 18–5503.
2857779,ca7,"05-4278, 05-4590"
2855864,ca7,04-3747
2893368,ca3,07-2355
66445215,scotus,No. 98-5959
37131,ca6,94-1984
1073602,ca9,11-30005
65942301,ca9,No. 06-16647
993613,ca7,5479
17015119,ca9,18-35474
1433691,ca11,96-5065
292082,ca4,89-7116
66409555,scotus,No. 93-7801
2481606,ca4,04-6123
60108,ca5,97-10862
759375,ca10,97-4022
16826790,ca7,19-1960
65889959,ca4,No. 06-1561
808774,ca4,11-5102
61601852,ca10,20-9641
374762,ca8,93-2955
3065214,ca9,13-17109
791950,ca2,"1378, Dockets 84-1415, 84-1435, 84-1451 and 84-1453"
1028668,ca7,93-3035
2864318,ca3,14-1459
67870169,ca5,22-60516
16891988,ca6,19-1128
1055296,ca7,94-2174
1256974,scotus,01-10173
66208364,scotus,No. 384
1044269,ca9,93-56688
65296413,scotus,No. 725
232720,ca5,"07-10810, 07-10822"
66148877,ca3,No. 14671
910263,ca9,08-70867
981486,ca3,6611
278547,ca6,88-1739
65665562,ca9,No. 02-10233; D.C. No. CR-00-00323-DAE
753605,ca11,12-12175
2867596,ca3,"95-1292,95-1367"
66388063,scotus,No. 91-1284
535226,ca4,76-2230
8285154,ca3,17-3188
667014,cadc,21612
8193125,ca2,16-3128
826666,ca1,89-3467
840436,ca7,91-3931
2876901,ca3,05-1469
66257051,scotus,No. 72-355
4667393,ca9,14-55187
374534,ca5,94-41068
1033906,ca9,92-10519
66417161,scotus,No. 94-843
552747,ca3,94-6036
755702,ca9,98-15195
2010768,ca5,03-41356
65611190,scotus,No. 13–8016.
66468872,scotus,No. 01-8797
300437,scotus,173
1600738,ca5,94-50318
66193177,ca9,No. 82-4252
65286701,scotus,No. 203
2827650,ca6,01-1016
66416674,scotus,No. 94-6162
744564,ca5,20591_1
645431,ca10,04-3173
66659012,scotus,No. 18–7078.
899984,ca10,12-6027
65960904,ca4,No. 15-1746
2630654,ca11,14-12353
95037,ca4,13-2224
2044215,ca6,91-2377
63986425,ca10,No. 3517
66272123,scotus,No. 75-5517
66482550,scotus,No. 03-6161
68934595,ca6,24-1327
1155860,ca5,14-30400
66358999,scotus,No. 108
1768766,ca2,92-1752
66156474,ca2,"No. 61, Docket 30084"
176504,ca3,11350
66301638,scotus,No. D-244
65912903,ca4,No. 07-7281
784369,ca2,92-1059
66438630,scotus,No. 96-7981
764432,ca2,1606
66107514,ca6,No. 3653
2022673,ca11,95-2397
1578177,ca3,88-3784
624893,ca2,25288_1
66218893,ca5,No. 85-3460
113081,ca7,10922_1
66491763,scotus,No. 03-10117
990770,ca10,08-4210
725084,ca5,71-2181
1427458,ca2,Docket 07-1892-cv
983023,ca3,7008
2903115,ca3,08-4016
350839,ca5,08-60959
66527106,scotus,No. 00-6841
66314428,scotus,No. 83-6421; No. 83-6453; No. 83-6490; No. 83-6610; No. 83-6625
66048402,ca8,"No. 2,559"
262786,ca2,595
1112834,ca5,12-51152
1106866,ca4,05-1616
1189676,ca2,09-4302
66712321,ca8,22-1922
7536180,ca9,16-35879
66478307,scotus,No. 02M109; No. 03M21
65292998,scotus,No. 656
1624694,ca9,83-7895
2394166,ca6,12992_1
642564,ca10,09-2119
791722,ca5,10-10446
200786,ca5,6683
1181368,ca5,07-41289
1418011,ca4,91-7264
108639,ca5,13-50342
31252,scotus,59
969475,ca4,5822
6058611,ca6,16-5370
1038849,ca8,7989
384103,ca11,02-12614
66425117,scotus,No. 95-8100
65721399,ca4,No. 08-6736
66524262,scotus,No. 05-7913
2187411,ca4,07-1427
1219742,ca5,06-40691
779540,ca7,06-3441
65267705,scotus,No. 14–7022 14A491.
66655585,ca2,"No. 960, Docket 76-7616"
1571009,ca8,09-3457
65610008,scotus,No. 13–7100.
66467948,scotus,No. 01-8527
966449,ca5,08-40669
64334407,scotus,No. 09-10868
63948170,ca6,No. 6622
66509798,scotus,No. 10-10826
66644408,scotus,No. 17–5063.
978657,ca2,283
4541425,ca3,16-3117
65279261,scotus,No. 700
1982286,ca5,96-40214
66185658,ca4,No. 78-1121
279915,cadc,"84-5549, 84-5550"
64327551,scotus,No. 10-5789
65891951,ca9,No. 04-17498
2839926,ca6,14-1028
205381,ca4,76-2033
64115580,ca9,"No. 99-16050, 99-16698; D.C. No. CV-96-00214-MJJ"
66477426,scotus,No. 02-10283
17302333,scotus,18-1323; 18-1460
700204,ca1,7785_1
150325,ca2,08-4473-ag
63997419,ca10,No. 4641
2947943,ca5,11-40781
234405,ca11,09-10943
2478247,ca4,81-1297
295844,ca5,02-30275
66382997,scotus,No. 90-7860; No. 90-8223; No. 90-8436; No. 90-8453; No. 91-91; No. 91-209; No. 91-5075; No. 91-5231; No. 91-5320; No. 91-5380; No. 91-5473; No. 91-5475; No. 91-5522; No. 91-5603; No. 91-5627; No. 91-5808; No. 91-5847
2207856,ca4,88-2814
2904834,ca8,08-3238
66105701,ca8,No. 5669
66721980,scotus,No. 18M152.
66238966,scotus,No. 49
2492001,ca2,81-4086
715910,ca7,17834_1
66413365,scotus,No. 94-5926
632469,ca7,"95-1143, 95-1212"
64284603,ca6,No. 01-3903
2473043,ca9,95-10489
65889625,ca2,No. 06-1592-ag
66354568,scotus,No. 88-7093
66694366,ca11,22-13380
66646756,scotus,No. 17–9214.
912730,ca11,83-8557
66321761,scotus,No. 85-5099
1454804,ca5,74-1556
2606633,ca3,14-2061
1117713,ca3,88-1496
66243160,scotus,No. 591
1000854,ca8,90-1823
700375,ca2,"203, Docket 71-1692"
66533725,scotus,No. 99-6469; No. 99-6485
65269187,scotus,No. 14–200.
66210293,scotus,No. 274
1266683,ca2,83-6037
6168754,ca3,16-3680
63929699,ca8,Nos. 7878-7880
477237,ca2,"267, Docket 82-2168"
421416,ca8,99-2356
6898149,ca4,16-2434; 17-1833
66386789,scotus,No. A-768
65682692,ca9,No. 04-30005
177269,ca2,79-6196
66249583,scotus,No. 6497
501590,ca6,"87-4061, 87-4130"
834588,ca9,89-16064
65725804,ca2,No. 08-5315-cv
692224,ca9,16951
66432495,scotus,No. 96-540
66524384,scotus,No. 05-554
1332433,ca3,97-7579
1997474,ca9,86-6629
66440972,scotus,No. 97-7239
66255682,ca2,"No. 1269, Docket 90-7079"
70464818,ca5,24-50958
1611513,ca9,03-74587
7213,ca3,11-2008
65606411,scotus,No. 12–10724.
66509302,scotus,No. 10-1248
64331550,scotus,No. 10-7427
1422146,ca4,94-6271
65685444,ca5,No. 04-51315
2083722,ca11,87-7162
1272983,ca4,05-4350
66247173,scotus,No. 5171
2830938,ca6,04-1793
1081915,ca8,12-1965
2466784,ca11,91-8908
63180979,ca5,21-40527
66216035,scotus,No. 750
359003,ca9,93-16934
1891438,ca4,10-1365
2835487,ca6,07-4307
66309946,scotus,No. 82-5947
65616883,scotus,No. 15M34.
66536414,scotus,No. 01-5910
65884571,ca5,No. 03-11304
65686278,ca2,Docket No. 03-40938
546171,ca9,93-55010
357145,ca5,23777
64164297,ca4,No. 01-1666
7883121,ca5,17-20788
66344093,scotus,No. 87-6720
66523578,scotus,No. 05-7428
1408250,ca6,82-1122
1252049,ca9,92-15499
385949,ca3,74-2192
65626935,scotus,No. 16–7136.
65734126,ca4,No. 10-6706
64148649,ca6,No. 00-2202
4418599,ca3,16-3133
2288102,ca5,74-3308
66421454,scotus,No. 94-8450
1987193,ca11,85-8893
544411,ca10,10-7030
65966124,cadc,No. 17-7103
65281676,scotus,No. 971
2281569,scotus,01-7158
716941,ca9,24387
66442979,scotus,No. 97-9683
65296962,scotus,No. 1163
229141,ca10,01-7152
61630366,ca4,21-7067
86320,scotus,80-840
1361565,ca11,11-14948
1379939,ca2,93-6154
2589193,scotus,84-1240
1980532,ca4,09-7053
771949,ca4,82-1677
125707,ca11,05-15207; D.C. Docket 04-00048-CV-4-SPM-AK
530679,ca5,11-10122
862466,ca5,09-40279
65959300,ca4,No. 14-2399
63975289,ca10,No. 2474
66196741,scotus,No. 305
17238583,ca9,19-60023
520857,ca2,Docket 07-0828-cv
188175,ca6,14024
2990353,ca10,14-6232
4614879,ca9,15-56028
143765,ca5,13-50127
66366106,scotus,No. 89-1731
66346620,scotus,No. 87-7237
66341391,scotus,No. 87-5673
1404275,ca6,82-1187
1611076,ca3,86-3558
2491022,ca5,01-11505
979696,ca5,72-2820
2217610,scotus,03-1560
493294,ca5,78-3406
66380396,scotus,No. 90-1867
976087,ca5,74-3162
286165,ca4,09-4358
2076505,ca9,75-2421
66240173,scotus,No. 502
2502067,ca9,93-16895
339250,ca5,92-8130
2250547,ca2,23480
65711043,ca5,No. 13-10063
64000696,ca2,"No. 275, Docket 23904"
66644592,scotus,"No. 142, Original."
844013,ca9,91-50151
924762,ca4,03-6602
63582185,ca8,21-3823
66349045,scotus,No. 88-693
66345920,scotus,No. 87-1769
65285314,scotus,No. 560
1478618,ca6,80-3570
66382711,scotus,No. 91-6256
66392831,scotus,No. 92-5717
66388087,scotus,No. 91-1609
773630,ca3,94-7420
65283044,scotus,No. 270
66423472,scotus,No. 94-1475
66393079,scotus,No. 92-378
587603,ca8,11-1274
66490877,scotus,No. 03-9322
66322424,scotus,No. 85-5026
65718539,ca4,No. 08-7197
248904,ca1,25528_1
1284736,ca11,09-12554
64201530,ca9,No. 98-50260. D.C. No. CR-97-00391-ABC
2852852,ca7,01-3074
2314207,ca4,03-7703
66189130,ca5,No. 78-1437
66349522,scotus,No. 88-661
65712492,ca7,No. 13-2361
700825,ca4,83-1994
2920919,ca11,08-16151
190732,ca5,28148_1
2786249,ca4,15-6776
981777,ca5,87-2508
69906150,ca9,23-35384
66046714,ca8,"No. 2,529"
66089203,ca3,No. 2327
1445173,ca5,97-10597
960625,ca10,05-3407
66406194,scotus,No. 93-5056
66060399,ca2,No. 129
266356,ca6,83-5658
67897671,ca9,23-15146
14554401,ca11,18-11495
126668,cadc,85-5350
66357152,scotus,No. 89-5139
1018070,ca8,91-3116
65661349,ca7,No. 15-1515
66031595,ca5,"No. 1,157"
68539566,ca8,23-3499
1372707,ca8,15550
65278024,scotus,No. 745
413024,ca7,96-1066
2169523,scotus,03-5112
82996,ca5,13-40498
66553282,scotus,No. 96-737
631614,ca8,96-3824
2375823,ca5,01-30799
501726,ca2,1382
66316101,scotus,No. 83-1819
1104715,ca4,05-6234
66491471,scotus,No. 03-9622
4845797,ca9,15-50552
65700581,ca2,No. 07-4297-cr.
561468,ca10,98-3235
65722440,ca9,No. 04-73352
66539316,scotus,No. 01-392
815156,ca11,86-3602
4468,ca7,18-2519
2266084,ca8,14999
974322,ca6,86-3036
1106885,ca4,05-5250
362494,ca6,06-4335
15247,ca5,99-30613
148521,ca7,79-2263
63924122,cadc,No. 4377
65958542,ca4,No. 14-6904
66083174,ca5,No. 2907
1411234,ca6,84-3127
1915898,ca3,79-1296
66455051,scotus,No. 98-9197
117908,ca4,72-1701
66204255,scotus,No. 392
63927955,ca7,No. 3861
1406733,cadc,17859
1004844,scotus,509
2624633,ca6,14-3227
66376192,scotus,No. 90-1518
66644455,scotus,No. 17–192.
2864232,ca5,15-20195
64021180,ca10,"Nos. 93-3232, 94-3130, 93-3249 and 94-3115"
1440648,ca3,97-3081
66647609,scotus,No. 18–174.
16229,ca5,86-2086
1081472,ca4,09-4760
65734414,ca5,No. 09-41232
313820,ca1,03-2633
65713422,ca4,No. 08-2146
1274617,ca2,93-1304
795264,ca5,11-51119
7688722,ca5,17-40461
66300771,scotus,No. 80-2090
458418,ca10,06-1117
64330372,scotus,No. 10-5850
1161765,ca11,07-11196
2034366,ca1,"92-2016, 92-2132, 93-1504 and 93-1518"
66300494,scotus,No. 80-2202
65299222,scotus,No. 1021
65293604,scotus,No. 1232
66494046,scotus,No. 04M63; No. 04M64; No. 04M65; No. 04M66
674522,ca5,"81-2351, 81-2364"
66277013,scotus,No. 75-6603
1284455,ca3,11-1647
66393387,scotus,No. 92-430
4114489,ca4,15-2585
2868169,ca3,97-1514
4414896,ca4,16-6264
66460811,scotus,No. 99-1193; No. 99-1475; No. 99-1543; No. 99-7470; No. 99-8153; No. 99-8210; No. 99-8365; No. 99-8521; No. 99-8526; No. 99-8590; No. 99-8604; No. 99-8649; No. 99-8690; No. 99-8743; No. 99-8806; No. 99-8926; No. 99-8960; No. 99-9178
66534307,scotus,No. 99-5594
1723290,ca6,81-1465
65296608,scotus,No. 864
2488039,ca5,93-2021
350643,ca8,85-1602
60063711,ca8,19-3389
16003843,ca9,17-16637
65286951,scotus,No. 520
66456797,scotus,No. 99-697
368920,ca9,86-6649
2049072,ca5,89-4312
788324,ca5,88-1805
276720,ca4,81-1240
6222235,ca5,16-41323
65890084,ca9,No. 05-71125
18716667,ca3,19-3156
1255050,ca4,77-2031
1875835,ca4,91-3006
67231120,ca5,22-60313
66206102,scotus,No. 55
526788,ca2,596
978714,cadc,87-5031
340492,ca9,10-16072
681117,ca2,"448, Docket 27945"
67123498,ca6,23-1114
2832378,ca6,06-5375
67477786,ca5,22-60346
1986589,ca5,97-20112
66615281,ca4,22-7045
407798,scotus,329
1116004,ca4,74-1552
2860396,ca7,08-3253
66497234,scotus,No. 04-473
65608694,scotus,No. 13M46.
67878308,ca5,23-10237
494296,ca2,"524, 525, Dockets 84-7632, 84-7790"
65716474,ca4,No. 08-8445
66206322,scotus,No. 200
66133334,ca4,No. 115
1407057,ca11,12-13042
760759,ca4,79-1140
393477,ca3,75-2413
66374317,scotus,No. 90-1215
66537271,scotus,No. 00-10251
2831907,ca6,05-6633
66647551,scotus,No. 18–5394.
4480519,ca7,15-3013
67721996,ca5,23-10032
66300727,scotus,No. 80-2007
65626274,scotus,No. 16–644.
6279361,ca4,17-2264
984068,ca10,87-2739
64156477,ca6,No. 00-5608
66649012,scotus,No. 18–399.
1346500,scotus,93-5566
644689,ca6,11541
182627,ca3,12-3404
66386971,scotus,No. 91-7586
640791,ca2,27312
66395391,scotus,No. D-1221
66541867,scotus,No. 95-914
2484455,ca4,93-6228
71150,ca4,13-7328
479928,ca10,"04-3356, 04-3357"
559271,ca9,91-50000
706026,ca7,00-1021
66740963,ca5,21-11280
677771,ca2,28090_1
65679825,ca2,No. 03-1580
986385,cadc,87-1723
189606,ca8,19199_1
2086196,ca4,12-7260
66480715,scotus,No. 03-5234
66364427,scotus,No. 89-7351
2185990,scotus,A-1320
66447650,scotus,No. 98-654
86127,ca5,01-50708
66227049,scotus,No. 828
8485394,ca11,18-11217
65702246,ca4,No. 12-7772
66508078,scotus,No. 12-7495
464998,ca9,80-4246
3008414,ca10,14-3179
2076987,ca9,09-15672
65287771,scotus,No. 400
890338,ca3,11-3369
58196,ca6,73-2184
65912844,ca9,No. 06-10737
302344,ca11,05-13579; D.C. Docket 04-00100-CR-FTM-33-DNF
66376209,scotus,No. 90-1702
2144395,ca3,76-2427
4418974,ca11,15-13012
2472594,ca4,12-7173
190718,ca9,23818
4619499,ca5,16-20122
2270126,ca5,1959
1048455,ca10,94-6467
769873,ca7,81-2017 to 81-2019
66320216,scotus,No. 84-6205
68087257,ca5,23-50356
66286010,scotus,No. 77-6876
66209182,scotus,No. 792
65693090,ca2,No. 05-1231
65699847,ca5,No. 05-41253
2439455,ca5,90-8296
66414963,scotus,No. 94-6446
1500055,ca5,87-1657
66519338,scotus,No. 02-5975
2481788,ca11,05-11682
65267477,scotus,No. 14M44.
1112428,ca9,12-50120
649591,ca4,92-6317
281845,ca8,85-1393
302542,ca11,05-13904
66370788,scotus,No. 90-6231
381893,ca11,07-11225
65688648,ca9,No. 03-30526
66500317,scotus,No. 09-11360
65888129,ca4,No. 06-6331
1992504,ca6,87-5891
66182549,ca5,No. 76-2251
1059001,ca9,94-16267
2481292,ca4,98-7245
205431,ca5,99-50860
14793266,ca9,18-16359
64067111,ca9,No. 96-16528
65687420,ca2,Docket No. 05-0259
1232356,ca1,93-2338
9750,ca8,19-2503
2500752,ca1,78-1050
1840032,scotus,02-8315
1919727,ca8,09-2573
728261,cadc,15852_1
63993435,ca10,No. 3938
66535314,scotus,No. 99-6286
6298096,ca7,16-3931
66312582,scotus,No. 82-2164
65908551,ca9,No. 05-56475
65300175,scotus,No. 482
713066,ca2,"185, Docket 77-4120"
1289288,ca5,74-3567
64011531,ca9,No. 17440
66255477,ca6,No. 89-1777
16869128,ca4,18-1961
3058948,ca2,"15-957-cv, 15-1272-cv"
484752,ca6,86-1410
2872282,ca3,04-3586
66392364,scotus,No. 92-198
503238,ca6,88-6135
875733,ca9,04-17517
554562,ca7,90-3443
17146914,ca9,19-30095
2874899,ca8,"95-1105, 95-1115"
363160,ca3,18458_1
1128482,ca8,86-2364
66355770,scotus,No. 88-1860
66538637,scotus,No. 01-5906
1836529,ca9,09-35727
1837438,ca4,95-7835
68344232,ca2,22-6464
7559407,ca11,17-11370
66417417,scotus,No. 94-6992
263997,scotus,01-10697
66168106,ca3,No. 71-1759
2137702,ca5,90-8281
65286317,scotus,No. 876
1132416,ca8,12537
66331536,scotus,No. 86-411
66384020,scotus,No. 91-1173
66221041,scotus,No. 806
1341345,ca4,86-6567
408625,scotus,379
287776,ca6,89-3093
1234117,ca6,02-1703
2267415,ca5,95-30045
4613003,ca5,16-10170 Summary Calendar
66284860,ca9,"Nos. 88-15804, 88-15838, 89-15568, 90-15208"
63940661,ca2,No. 278
66491655,scotus,No. 03-1125
66358969,scotus,No. 89-522
2205064,ca5,83-4437
759615,ca7,77-2145
14863077,ca5,18-30337
63979039,cadc,No. 8657
1874990,ca5,95-10747
2629792,ca3,14-1812
962125,cadc,02-1283
2163734,ca6,91-3094
2877360,ca8,97-1458
65302257,scotus,No. 138
66411409,scotus,No. 94-34
667819,cadc,17692_1
2166536,ca5,91-1602
66156629,ca2,"No. 203, Docket 30657"
2120217,ca5,22562
1547891,ca11,08-16795
65282967,scotus,No. 578
66399168,scotus,No. 92-7762
66546464,scotus,No. 04-5449
487431,ca6,87-3502
65696691,ca4,No. 11-2257
1049795,ca10,94-7162
65719867,ca9,No. 08-35116
65265969,scotus,No. 14–5110.
1260194,scotus,01-1156
66364853,scotus,No. 89-7003
1053031,ca9,94-10390
2481456,ca7,81-2318
63978164,ca9,No. 10424
763480,ca5,80-9065
68538312,ca9,23-55292
66346723,scotus,No. 87-7336
660408,ca8,12-2125
66203323,scotus,No. 589
877486,ca8,11-3453
63933031,ca2,No. 206
163443,ca3,91-3446
465908,ca7,00-1911
66393126,scotus,No. 92-5602
350898,scotus,02-7572
1085458,ca5,95-10821
66198933,scotus,No. 127
192035,ca9,24205_1
28989198,ca10,20-6022
65300036,scotus,No. 412
4136190,ca8,15-2800
66081338,ca6,No. 2753
2856664,ca7,05-1695
64020661,ca4,"Nos. 94-1021, 94-1148"
66260696,scotus,No. 72-1556
992476,ca9,89-50017
2887003,ca3,05-3730
436417,scotus,88-1048
64013208,ca4,No. 9023
66202075,scotus,Nos. 171 and 282; Nos. 172 and 283
1405281,ca4,73-1267
66363268,scotus,No. 89-1388
66227516,scotus,No. 1152
2621641,ca4,14-4488
2455128,ca11,91-7160
65282504,scotus,No. 473
958408,ca10,97-3162
393770,ca4,75-1240
227600,ca11,82-8593
113908,ca8,90-1245
64326645,scotus,No. 09-11351
66406710,scotus,No. 93-237
65707564,ca7,No. 12-3291
154113,ca9,11-17337
933532,ca5,77-1182
674036,cadc,81-2124
68066524,ca5,23-30402
1444814,ca4,03-6738
1361105,ca11,83-5137
14605,ca2,18-2091
40238,ca5,06-50621
684177,ca4,09-7351
65667206,ca9,No. 02-50479; D.C. No. CR-02-00064-GT
1943299,ca9,82-7091
66519038,scotus,No. 02-5462
63976969,ca10,No. 2764
2823622,ca4,"93-2448, 93-2449"
201314,ca11,07-14891
66460774,scotus,No. 99-9820
663557,ca2,32526
533235,ca3,12-3741
64285164,ca3,No. 02-1537
66470644,scotus,No. 01-9673
65887586,ca4,No. 06-6357
2445350,ca5,78-1310
64331874,scotus,No. 10-8378
66418312,scotus,No. 94-6481
66264857,scotus,No. 73-6647
162678,cadc,86-5345
63979931,cadc,No. 8716
64335033,scotus,No. 10-10624
65712666,ca5,No. 12-40964
65727662,ca2,"Nos. 07-4974-cv(L), 08-6184-cv(CON), 08-6188-cv(CON)"
984003,ca4,05-1956
1030867,ca10,91-4172
2148904,scotus,92-9051
1135357,ca2,648
7500,ca9,18-55041
1407986,ca2,76-4038
1476776,ca11,85-8609
748188,ca1,98-6492
2179971,ca5,78-5563
744756,ca10,00-7080
65279051,scotus,No. 697
1050323,ca4,94-5849
860476,ca3,94-3052
189464,scotus,04-1079
66156386,ca8,"Nos. 18357, 18358"
2446229,ca3,97-7465
65891207,ca9,No. 03-16921
4112005,ca5,15-50881
372846,ca10,99-5069
1104836,ca8,94-1595
66363570,scotus,No. 89-7054
65294343,scotus,No. 686
394047,ca10,95-5053
63778429,scotus,No. 09-1219
66362953,scotus,No. 89-1492
6335224,ca4,17-2332
234170,ca9,14724_1
203874,ca5,07-41098
65729553,ca9,No. 07-50509
88057,ca5,09-40867
2832252,ca6,05-6036
551575,ca6,77-1107
66449600,scotus,No. 98-7189
18735819,ca6,19-5956
1574412,ca3,84-1212
64337744,scotus,No. 11-340
8510782,ca10,17-7049
66326747,scotus,No. 85-6422
67725283,ca11,22-12146
66548215,scotus,No. 04-6934
883903,cadc,"81-2137, 81-2138"
2832621,ca6,05-6689
66255926,scotus,No. 71-1661
66094017,ca6,No. 3208
168257,ca7,12-1002
643642,cadc,82-2096
61807,ca6,"03-5672, 03-5685"
1675390,ca4,83-5274
2442284,ca9,80-5529
2151723,ca5,29066
648621,ca11,90-5993
1326340,ca1,76-1303
66187174,ca10,No. 77-1952
696206,ca9,20131
66377830,scotus,No. 90-7822
2821527,ca1,96-1843
66193444,ca8,No. 82-1900
2282630,scotus,01-9966
66442465,scotus,No. 97-9392
992016,ca9,90-15776
1185784,ca9,80-1526
66285260,scotus,No. 77-1740
943421,cadc,74-1516
901546,ca1,"05-2372, 06-1432"
909985,ca4,02-4233
66383001,scotus,No. A-498
294386,ca11,88-3948
528456,ca1,91-2034 to 91-2036
1442736,ca3,15659
66249582,scotus,No. 6469
65611785,scotus,No. 13–5968.
59890560,ca4,20-7350
575983,ca9,10-35162
2893841,ca3,06-4930
4110423,ca9,14-16288
1315024,ca4,75-1616
65716795,ca9,No. 08-50125
66551007,scotus,No. 96-5647
487386,ca10,98-4066
818412,ca2,88-4088
38905,ca5,05-20610
1977670,ca5,88-2675
4426254,ca4,16-6369
65681599,ca8,No. 04-2172
2485344,ca8,85-1865
503681,ca10,11-2081
2851830,ca7,99-3948
66191062,ca2,"Nos. 140, 141, Dockets 81-7354, 81-7364"
56916,ca7,12041
821995,ca8,88-5353
32152,ca3,75-1473
65270650,scotus,No. 14–8549.
161082,ca11,86-8569
975876,scotus,05-1375
759922,ca9,79-1027
71690,ca9,80-3115
65884640,ca5,No. 03-10593
65656159,ca2,No. 03-7952
66164179,cadc,"Nos. 23078, 23079, 23151-23153"
2454244,ca5,79-3956_1
63921851,cadc,"Nos. 4243, 4276, 4277"
66449679,scotus,No. 98-7286
66722011,scotus,No. 18–7213.
2905992,ca8,09-1295
637075,ca6,82-3361
60801,ca4,13-4353
2880613,ca3,05-1120
570260,ca9,17417_1
2028119,ca9,88-5031
65685338,ca9,No. 04-50393
446321,ca5,77-3212
69738818,ca11,21-13924
740998,ca2,731
66234094,ca3,"Nos. 87-3121, 87-3192 and 87-3231"
2820011,ca1,93-1894
66526506,scotus,No. 00-329
66202413,scotus,No. 118
960378,ca10,03-6054
66232583,scotus,No. 734
2832853,ca6,06-3215
1017696,ca4,92-1480
2868921,ca3,00-2621
907103,ca4,99-4214
1073618,ca4,"11-1704, 11-1707"
2078709,scotus,02-9041
988434,ca4,88-7644
999789,ca5,96-40038
545078,cadc,"97-1632, 98-1304"
65623721,scotus,No. 16–5170.
886258,ca2,90-2547
66204327,scotus,No. 426
66234398,scotus,No. 1306
491203,ca3,"86-3707, 86-3723"
66380561,scotus,No. 91-5851
411987,ca8,09-2998
66510340,scotus,No. 11-5089
65716696,ca9,No. 08-10262
1040258,ca9,94-35192
63772216,scotus,No. 09-8631
66077610,ca4,No. 1268
66722240,scotus,No. 18–8769.
2313704,ca5,92-2608
66356261,scotus,No. 88-7262
63323169,ca5,21-30689
2110315,ca4,78-6424
1305619,ca4,09-6100
66644594,scotus,No. 16–980.
66233695,scotus,No. 961
3048193,ca8,15-1831
2494280,ca6,83-3467
577519,ca5,10-10944
66259135,scotus,No. 72-6116
3009094,ca9,13-16359
66452904,scotus,No. 98-8377
66440155,scotus,No. 97-6665
1715947,ca8,00-2516
63942683,ca9,No. 6621
66083129,ca2,No. 33
65718205,ca9,No. 08-10390
161601,ca3,87-5549
1914755,ca2,90-2230
737075,ca3,05-1163
65656809,ca4,"Nos. 04-1743, 04-2083"
68404900,ca4,24-6301
1682661,ca4,80-1396
273736,ca3,80-1120
211078,ca11,95-6267
208628,ca6,04-1582
63962749,ca5,No. 5282
65276866,scotus,No. 699
64333934,scotus,No. 10-9993
1563359,ca4,90-2390
427824,ca8,89-1879
66243897,scotus,No. 775
66647176,scotus,No. 18–5031.
65890422,ca9,No. 04-74741
629677,ca1,97-1679
330745,scotus,199
505715,scotus,03-1474
480992,ca8,14062_1
66481384,scotus,No. 03-5638
666760,ca2,"382, Docket 30856"
59678458,ca8,18-3343
66282785,scotus,No. 77-5621
641867,ca2,"400, Docket 27667"
133551,ca5,01-41439
66231119,scotus,No. 1410
16021880,ca9,17-56814
66356501,scotus,No. 88-7491
2873254,ca3,04-1710
2429179,ca9,84-5079
2056534,ca11,84-3448
6069736,ca4,16-7770
66466648,scotus,No. 00-10303
63946559,ca2,No. 183
735429,ca9,03-72029
60646,ca9,13425_1
1113421,ca4,13-6761
605552,ca1,94-1491
66206468,scotus,No. 484
127518,ca7,03-2369
2258057,ca4,93-7213
18074,ca10,"08-3141, 08-3149"
86972,ca4,79-1359
618293,ca9,"05-50303, 05-50321"
169160,ca6,88-3558
61619455,ca4,20-6862
66188379,ca2,"No. 406, Docket 79-7649"
1662098,ca9,170
66076022,ca5,No. 2653
2923037,ca9,12-15861
1572998,ca8,07-1820
66663303,scotus,No. 83-5883
733737,ca2,54
67262545,ca4,23-1441
2076788,ca9,88-1560
2445263,ca11,96-8954
567385,ca3,13635_1
777031,ca7,06-2784
1106814,ca4,06-6789
1071925,ca2,1999
65657095,ca5,No. 03-20989
1472590,ca5,97-40611
66456944,scotus,No. 99-7973
787634,ca9,06-15563
623182,ca6,17410_1
18568401,ca4,20-7145
66301967,scotus,No. 80-2116
63968954,ca5,No. 9258
785888,ca5,92-4124
64323813,cadc,Civil Action No. 13-898 (CKK)
66290048,scotus,No. A-290
66244933,scotus,No. 1361
377487,cadc,08-7083
59302072,cadc,19-7098
649244,ca7,11358_1
60668000,scotus,20-1668
65964642,ca11,No. 16-10228 Non-Argument Calendar
66332781,scotus,No. 86-611
775170,ca7,73-1269
66420412,scotus,No. 94-7977
2839470,ca6,12-4514
428571,ca2,08-4003
550495,ca8,94-1234
17357327,ca5,19-20435
397330,ca9,10-72431
1238602,ca4,94-7434
16092141,ca4,19-6477
66348721,scotus,No. 88-328
739939,ca2,00-9512
711128,ca7,98-1411
66287086,scotus,No. D-142
550054,ca2,"579, Docket 94-7405"
66531697,scotus,No. 99-7734 (99A562)
2008368,ca9,"91-50556, 91-50616"
4117793,ca9,13-56704
65678646,ca9,No. 04-30187
63403154,ca9,15-72590
2867955,ca3,95-3468
6263020,ca9,16-70286
1106146,ca4,89-2032
66519150,scotus,No. 02-5593
66497218,scotus,No. 04-1186
66234481,ca5,No. 87-4657
66380471,scotus,No. 91-5005
66538154,scotus,No. 01-5222
468408,ca10,07-2241
60653526,ca8,21-1749
66374320,scotus,No. 90-1229
66650861,ca2,No. 318
1101180,ca4,01-4890
199341,scotus,104
66538137,scotus,No. 01-5202
2822461,ca1,97-1917
66341192,scotus,No. 87-780
2826224,ca4,14-4826
63957202,ca2,No. 279
351471,ca7,78-1049
2476452,ca5,09-40193
2446769,ca4,96-7321
1542903,ca10,06-4142
777989,ca10,96-6196
346758,ca11,05-11198
64165303,ca9,No. 00-10596; D.C. No. CR-00-01178-FRZ
66275133,ca7,No. 91-2468
66201905,ca10,No. 82-2516
665858,ca9,99-35787
156543,ca1,90-1216
313982,ca5,13-20124
87851,ca5,78-2989
801160,ca4,04-7035
18424435,ca2,19-2330-cv
2396241,ca4,07-6117
63474,ca7,76-2211
160423,ca3,88-5017
1537537,ca8,07-3565
66160309,ca6,Nos. 18627-18630
2461274,ca4,00-4444
66378761,scotus,No. 91-68
234514,ca5,96-30676
63971306,ca3,No. 7323
823436,ca3,89-1431
66382524,scotus,No. 91-722
65279208,scotus,No. 42
2895596,ca8,03-3995
773877,ca5,502
66650460,ca4,No. 2211
943676,ca9,78-3690
902111,ca3,"12-1155, 12-1172"
444055,ca2,88-1464
66438566,scotus,No. 97-5865
2893520,ca3,07-3765
833150,ca7,90-1931
65290449,scotus,No. 27
467204,scotus,92-8346
2473083,ca9,12555_1
66290407,scotus,No. 79-5394
65719962,ca9,No. 08-30300
309067,ca8,"14664, 14666"
347683,ca7,92-3742
1739756,scotus,02-6510
66138460,ca5,No. 546
65678852,ca7,No. 03-2044
1618352,ca6,04-3895
66659208,scotus,No. 18–7042.
66538559,scotus,No. 01-5739
66329148,scotus,No. 11-10016
67189261,ca2,21-1674
2258177,ca3,86-5306
66140510,ca9,No. 352
66467502,scotus,No. 01-8241
2867482,ca3,96-7113
2034462,ca8,93-3448
844905,ca5,11-30336
1105548,ca5,10701
669269,ca5,27132_1
65271291,scotus,No. 14–8979.
66262552,ca10,No. 89-6392
66469484,scotus,No. 01-9775 (01A801)
2004488,ca5,02-10416
64984779,cadc,No. 74-1980
66235055,scotus,No. 355
239491,ca6,16711
1992055,ca9,75-1135
2231489,ca2,77-1223
66353290,scotus,No. 88-1457
67852941,ca9,22-35606
217728,ca5,71-2033
286083,ca9,09-16300
6368033,ca10,16-4143
16394174,ca10,19-2018
59756623,ca4,20-7557
1002899,ca1,225
577718,ca2,"1181, Docket 75-2001"
2037082,ca5,74-1970
66345600,scotus,No. 87-1095
2894659,ca8,04-1189
65912843,ca9,No. 06-10353
909455,ca4,01-1441
1409116,ca9,08-50285
65628744,scotus,No. 16–8593.
1339214,ca4,93-6898
2688,ca10,19-6124
59975923,ca9,19-50337
63923324,ca7,No. 3542
2004521,ca5,02-30614
724706,ca8,02-3793
64330776,scotus,No. 10-6439
1496151,ca7,81-2900
62022022,ca8,21-2717
66379743,scotus,No. 91-5479
730135,ca8,71-1435
1619482,ca4,09-2401
66278425,scotus,No. 76-1129
1994643,cadc,79-2447
1669856,ca11,92-6693
726885,ca5,71-1412
6349351,ca11,17-13352
2826900,ca6,98-6680
65682005,ca9,No. 03-73121; Agency No. A70-781-475
294065,ca5,89-4176
966073,ca5,09-20360
66247709,scotus,No. 5735
66303840,scotus,No. 81-1213
66234916,scotus,No. 43
66322972,scotus,No. 85-402
595717,ca10,07-9566
8454413,ca9,17-56290
65909725,ca9,No. 07-35064
815612,ca11,86-3826
65622663,scotus,No. 15–8937.
1828862,ca4,82-6572
66053951,ca3,No. 48
862830,ca10,08-3175
5115121,ca10,16-1216
2860874,ca7,08-2341
66532368,scotus,No. 98-1946
63988039,ca7,No. 9318
949850,cadc,78-1209
6084627,ca2,Docket 16-3034
2519383,scotus,318
2464857,ca7,"04-1916, 05-3655 and 05-3727"
2329498,ca4,93-6238
60050891,ca8,20-3438
1133008,ca4,74-1217
406362,scotus,13
66260664,scotus,No. 72-1505
65607247,scotus,No. 13–5477.
66767799,ca3,21-3023
497648,ca4,84-1405
339636,scotus,42
2452227,ca5,73-1475
2186362,ca7,78-1668
66096476,ca5,No. 3403
65677172,ca9,No. 03-70000
65912366,ca9,No. 07-73006
68391481,ca11,23-10787
66091710,ca9,No. 3130
317570,ca6,81-1238
524681,ca10,97-6176
129308,ca9,93-56298
710347,ca2,71-1044
63940128,ca2,No. 212
68408692,ca3,23-2868
2900590,ca8,06-3877
274612,ca10,78-1161
7462,scotus,02-8636
575530,ca9,81-5413
2442587,ca6,94-1555
67547621,ca5,22-10885
716260,ca5,28729
401663,scotus,76-607
65618109,scotus,No. 15–6752.
3013377,ca4,15-1427
1974899,ca11,88-5207
66097333,ca3,No. 2535
66495844,scotus,No. 04-9371
8473,ca4,17-1928
14793289,ca9,18-10330
64030022,ca6,"Nos. 95-3305, 95-3306"
2458533,scotus,04-7046
745007,ca3,12816
66164606,ca5,No. 23506
64082866,cadc,No. 00-5163
65885786,ca4,No. 06-6011
66494639,scotus,No. 04-8798
991300,ca8,8926
16563461,ca9,15-71403
2641807,ca5,14-40195
224957,ca5,12-60927
64287255,ca9,No. 01-70875; OSHA-00-1643
65277015,scotus,No. 626
66175178,ca5,"Nos. 74-3213, 75-2206"
163599,ca6,00-1518
1039464,ca10,94-5035
66512582,scotus,No. 11-7890; No. 11-8003
65713875,ca9,No. 07-16218
64347945,cadc,No. 1307
12645,ca4,19-4616
2482976,ca6,76-1273
535511,ca8,93-3548
476894,ca6,92-1668
610147,ca8,95-3544
66373504,scotus,No. 90-7022
66216647,ca6,"Nos. 84-1189, 84-1199, 83-1842 and 84-1511"
64327444,scotus,No. 10-5599
66280892,scotus,No. 76-6881
478709,ca7,01-3455
915064,ca11,12-11926
66660940,scotus,No. 12–9041.
66277738,ca9,"Nos. 91-55632, 91-54480"
862785,scotus,04-7103
66318518,scotus,No. 84-1220
7251429,ca5,17-11406
66176791,ca7,"Nos. 75-1608, 75-1609, 75-1690"
2447836,ca5,91-1785
66216745,ca9,"Nos. 85-5619, 85-5654"
2002837,ca5,01-51159
65954164,ca3,No. 07-2958
651609,ca4,96-6766
66294795,scotus,No. 79-6722
66378091,scotus,No. 90-8181
1348517,ca2,94-1460
2504311,ca1,"05-2293, 05-2293"
670841,cadc,19084_1
1752624,ca8,96-3288EM
365032,ca1,93-1923
422674,ca8,15511
683143,ca10,38-70_1
573077,ca7,97-1066
1980127,ca5,94-40625
1984072,ca3,82-5554
67739919,ca3,22-1140
66484547,scotus,No. 03-5103
2190296,ca4,77-8305
1023511,ca3,11-4173
142984,ca2,12-4135
1241301,ca11,92-8818
2884036,ca8,00-2734
1507112,ca4,94-6642
66201430,scotus,No. 422
519323,ca1,83-1569
2187545,ca5,22424_1
2269208,ca3,87-3472
820786,ca6,88-3825
65674104,ca2,"Nos. 03-7531(L), 03-7532(CON)"
2884286,ca8,00-3376
726965,ca3,19332
479496,ca9,13300_1
66367520,scotus,No. 90-5122
1508260,scotus,06-895
281075,ca4,87-3103
67671038,ca9,22-60047
288367,cadc,77-1851
66434068,scotus,No. D-1824
66299163,scotus,No. A-944
651348,ca10,90-6322
2410247,ca11,96-6973
63362793,ca11,21-11106
611000,ca2,"85, Docket 22821"
946748,ca9,79-7519
66431203,scotus,No. 96-1371
775447,ca6,73-1422
1074180,ca3,11-2407
1024995,ca11,88-7010
2827452,ca6,00-1073
361811,ca4,93-5220
333437,ca9,91-30241
66395005,scotus,No. 92-6499
66477295,scotus,No. 02-1506
15858,ca5,99-40063
64167905,ca9,No. 01-50222; D.C. No. CR-00-00076-WDK-01
482963,ca4,10-4224
65655294,ca9,No. 01-16565
66437647,scotus,No. 97-12
66520248,scotus,No. 04-1591
237053,ca4,11-7571
54649,ca2,24267_1
825150,ca3,89-3831
675144,ca9,17754
17057200,ca4,19-7184
66450153,scotus,No. 98-1003
1762490,ca1,82-1492
437867,ca3,97-1859
802345,ca9,97-35319
1261268,ca6,91-2199
742784,ca7,02-3104
692349,cadc,16638
699013,ca5,23072_1
587894,ca4,75-2346
67991179,ca9,22-16805
65690281,ca4,No. 10-7478
63944687,ca5,No. 6647
63923016,ca2,No. 25
65703926,ca4,No. 13-1012
67519688,ca11,23-10691
66644734,scotus,No. 17–5645.
176931,ca2,88-1388
997542,cadc,90-3031
730167,ca9,05-16614
66240260,scotus,No. 985
940303,ca8,80-1419
65605720,scotus,No. 12–9787.
66161228,ca6,No. 18937
500492,ca11,10-10810
2321400,ca5,93-04409
1395999,ca2,10-45
71458,ca11,85-3927
821428,ca5,88-5569
759793,ca2,10-2010-ag
65300949,scotus,No. 210
66420698,scotus,No. 94-8042
65691195,ca4,No. 10-7624
66389413,scotus,No. 91-8452
3023800,ca7,15-2551
191906,ca5,17861_1
1043801,ca4,"3895, 3896"
66237033,scotus,No. 1066; No. 1091
66190678,ca5,No. 80-5545
338729,ca5,87-2466
1854122,ca3,72-2555
1228934,ca2,75-6092
66270148,scotus,No. 74-6212
63926566,ca1,No. 2113
63934624,ca2,No. 329
2874517,ca3,04-2052
232682,ca5,07-30866
2857902,ca7,06-4390
65935286,ca9,No. 07-74643
223896,ca5,81-1405
66256995,scotus,No. 72-335
66457512,scotus,No. 99-8596
351019,ca7,09-3763
66232088,scotus,No. 491
302857,ca5,09-40700
66234290,scotus,No. 1634
527503,ca3,12-3249
373147,ca4,1491
1489845,ca5,93-02678
2469084,ca8,00-1955
66210628,scotus,No. 442
66724965,scotus,No. 19-5098
2903813,ca8,08-2238
960654,ca10,04-1429
816192,ca4,87-3145
208348,ca11,04-12505; Agency A79-475-106 & A79-475-107
64109530,ca7,No. 00-1594
1577932,ca10,06-6340
66267341,scotus,No. 74-527
1184350,ca2,81-1075
66068218,ca6,"NO. 2,240"
2488993,ca5,90-5531
66372669,scotus,No. 90-464
69613234,ca9,23-3375
66344470,scotus,No. 87-6913
64015328,ca8,No. 93-1289
231214,ca5,07-30391
490621,ca5,87-2461
66213754,scotus,No. 758
244865,cadc,"84-5738, 84-5753"
66156676,ca2,"Nos. 75, 76, Dockets 30445, 30446"
2271861,ca2,90-1648
65297519,scotus,No. 562
62987590,ca5,21-30411
811296,ca5,87-4669
2619374,ca5,14-60355
59921592,ca2,19-1841
65708652,ca4,No. 08-7051
65612278,scotus,No. 13–961.
1435851,ca4,84-6581
17124549,ca8,19-1392
255328,ca4,13-4668
1124914,ca9,4424
2664531,ca5,14-20359
6383376,ca6,17-2151
17292542,ca11,19-11718
66274487,scotus,No. 75-1407
66238418,ca4,"Nos. 88-1542, 88-1552"
2441820,ca11,90-5545
66649696,scotus,No. 18–6714.
66099178,ca8,No. 5487
65677779,ca2,No. 03-1573
2825860,ca4,11-1502
66349127,scotus,No. 88-5658
66655608,ca5,No. 77-3124
484811,ca6,85-1491
839286,ca9,92-30063
640307,ca4,"04-4920, 04-4925"
66267344,scotus,No. 74-5052
2162444,ca5,31021
2887199,ca8,02-1283
3059788,ca10,16-2035
65887030,ca9,No. 04-16767
927048,ca7,"81-1569, 81-1718"
659222,ca2,"907, Docket 71-2165"
1194928,ca4,97-7690
65620674,scotus,No. 15–739.
701292,ca5,00-60063
150498,ca11,88-3155
6560,ca5,19-70018
2854922,ca7,02-3645
2839783,ca6,13-4360
642264,ca4,05-1400
66245609,ca11,No. 88-8238
66359104,scotus,No. 89-629
2207569,ca6,89-5577
1460381,ca2,95-2760
63777308,scotus,No. 09-9403
66466518,scotus,No. 00-9995
70494739,ca9,24-2723
65895985,ca9,No. 06-10333
2860480,ca7,08-1558
66476603,scotus,No. 02-10033
65891510,ca9,No. 06-16951
66434128,scotus,No. 96-1746
66141988,ca2,No. 90
66192913,ca6,No. 81-1765
63964670,ca2,No. 325
65672134,ca9,No. 02-74081; Agency No. A93-142-775
1311662,ca5,87-6102
64048291,ca6,No. 96-6456
151618,ca9,16901_1
1764073,ca4,95-7767
65671534,ca2,No. 03-7476
1437099,ca8,445
66644038,scotus,No. 17–5325.
64283128,ca2,No. 01-9218
2474809,ca4,00-6656
257855,ca5,83-4114
65673585,ca9,No. 02-71172; Agency No. A70-929-415
1581272,ca3,96-2172
66328348,scotus,No. 11-8889
1133616,cadc,92-3037
66530465,scotus,No. 00-5701
15005675,ca8,18-1709
65296922,scotus,No. 1207
65619511,scotus,No. 15–803.
2822672,ca1,98-1020
379236,ca7,"94-1214, 94-1215, 94-1216 and 94-1217"
2440738,ca9,12-10314
66487529,scotus,No. 03-8146
66355158,scotus,No. 88-1506
66526058,scotus,No. 99-9826
649374,ca10,89-3242
439415,ca6,2426
830617,ca7,90-3515
2364223,ca5,93-7740
762771,ca3,80-1733
2661137,ca5,14-30424
69171621,ca10,24-1181
65699626,ca9,No. 05-16122
17214983,ca11,19-15001
66536723,scotus,No. 00-1649
66512379,scotus,No. 11-7313
1302083,ca6,83-3049
3080168,ca8,15-2046
875382,ca9,"02-74187, 03-73312"
64328825,scotus,No. 10-6856
2218861,ca5,02-50219
15921041,ca5,18-30982
66336376,scotus,No. 87-5382 (A-180)
59988041,ca5,20-20328
7766200,ca2,17-2678
3053995,ca4,15-1559
67404748,ca8,22-1856
2063225,ca4,98-7146
2405958,ca4,07-7554
65621484,scotus,No. 15–8898.
64073318,ca5,No. 99-60875
777208,ca9,"CA 82-5520, 82-5557"
1124966,ca5,92-9077
65908972,ca9,No. 06-70474
66342896,scotus,No. 87-6461
60190552,ca5,20-10814
2475502,cadc,92-3188
66473696,scotus,No. 02-8957
66411453,scotus,No. 94-59
64284855,ca6,No. 02-5737
1909472,ca11,94-3599
66241072,scotus,No. 1062
65287319,scotus,No. 846
66179735,ca5,No. 75-2109
65608451,scotus,No. D–2728.
64079915,ca9,"Nos. 97-10386, 97-10387 and 97-10390"
66646730,scotus,No. 17–9187.
1046510,ca5,10570
66334846,scotus,No. 86-6473
66414588,scotus,No. 94-6319
65652502,cadc,22-5047
1109972,ca11,"12-13859, 12-13860"
66335882,scotus,No. 86-1577
65516156,ca3,No. 03-2102
66354474,scotus,No. 88-1739
856397,ca9,95-50272
66553088,scotus,No. 96-731
63975626,ca7,No. 7987
65731825,ca4,No. 09-6649
66052163,ca9,"No. 1,557"
1104316,ca4,04-7566
213985,ca5,94-40685
64326376,scotus,No. 09-10951
843239,ca10,06-3010
66039354,ca8,"No. 2,064"
65726441,ca9,No. 08-35709
63932413,ca7,No. 4283
66396083,scotus,No. 92-6825
118473,ca3,87-3571
84607,ca10,13-3236
59296143,ca8,20-1573
456136,ca2,"113, Docket 96-6012"
2854679,ca7,"03-3734, 03-3735"
66416677,scotus,No. 94-6227
100099,ca3,13219_1
1983715,ca5,72-3157
65661966,ca7,No. 16-1083
63980483,ca5,No. 11106
66455900,scotus,No. 99-7717
217685,ca5,06-30171
236993,ca6,83-1623
2920286,ca11,09-10518
2498044,ca5,95-10670
66411634,scotus,No. 94-217
17064641,ca7,19-2761
65884550,ca5,No. 03-51143
65269348,scotus,No. 14–8180 14A815.
66439912,scotus,No. D-1861
771429,ca9,72-1264
65702682,ca2,No. 07-0187-cv
1338819,ca11,98-4593
66437089,scotus,No. 96-1981
1639502,ca2,"278, Docket 96-6076"
66330625,scotus,No. 86-366
65716821,ca9,No. 05-74406
68318988,ca5,23-40588
17364774,ca11,18-11277
536596,ca5,09-50961
1301230,ca7,72-1339
239870,ca7,84-3012
1417626,scotus,04-8270
2911509,ca9,05-72532
66495272,scotus,No. 04-9018
1481864,ca3,97-5625
837457,ca6,91-4157
64007946,ca5,No. 18523
539483,ca4,"10-1987, 10-1988"
2145391,cadc,78-1745
729179,ca9,03-55247
20207,ca7,16-3648
2471683,ca4,00-4019
136468,ca7,"05-1194, 05-2028, 05-3009"
66205745,ca5,No. 83-1650
66728026,scotus,No. 19-7601.
138722,ca6,87-1559
833557,ca4,90-5840
6787913,ca9,16-73285
2155983,ca11,89-5347-1
486262,ca11,85-3175
65911307,ca2,No. 07-0787-ag
65712475,ca4,No. 08-1614
206284,ca5,03-50743
65679405,ca9,No. 03-72261; Agency No. A77-165-369
2659453,ca11,14-15291
2827189,ca6,99-6236
2053062,ca4,05-7830
17200426,ca3,18-2781
2204246,ca9,92-16281
66202992,scotus,No. 560
66402701,scotus,No. 92-8677
65589578,ca7,21-3295
931891,ca4,77-2559
60085344,ca8,21-1254
705752,ca4,00-4300
300671,ca8,16444
483438,ca5,91-8673
67498365,ca3,22-2650
1134467,ca4,10-4327A
1363546,ca4,83-6527
66418976,scotus,No. 94-7602
70352784,ca9,23-70161
1046012,ca2,"360, Docket 94-1163"
879658,ca7,"03-1691, 03-1692, 03-2196"
225292,ca5,98-20959
66333592,scotus,No. 86-1307
66450950,scotus,No. 98-7024
1902017,ca6,09-5307
65268340,scotus,No. 14–284.
66354414,scotus,No. 88-1454
1352697,ca9,15957_1
629466,ca4,00-1550
2360054,ca9,88-6305
68018842,ca5,23-50143
81794,ca5,13-10241
877595,ca2,10-3740-ag
66050458,ca1,No. 682
66211838,scotus,No. 777
66494170,scotus,No. 04-1195
1250386,ca8,84-1848
66328149,scotus,No. 11-9012
1331661,ca4,79-6481
65892563,ca5,No. 06-50938
1569375,scotus,06-1613
1379878,ca3,14316
66341038,scotus,No. 87-900
964390,ca9,03-74207
66304615,scotus,No. 81-6166
2425810,ca4,98-7597
1507063,scotus,75-6933
65281528,scotus,No. 465
66371774,scotus,No. 90-1172
14569490,ca7,18-2008
765717,ca3,13-1740
2452744,scotus,02-9696
9318,ca2,14-3924
393242,ca4,74-2349
66200254,ca6,No. 83-5330
66298016,scotus,No. 80-6227
65608115,scotus,No. 13–6072.
66063396,ca8,"No. 3,419"
16147804,ca4,18-4857
65964052,ca11,No. 16-11994 Non-Argument Calendar
64326707,scotus,No. 09-11422
405450,scotus,190
66294466,scotus,No. 79-1833
605168,ca4,95-1825
1111542,ca4,07-4573
978613,ca5,87-1221
66154126,ca5,No. 22080
729081,ca2,108
66402210,scotus,No. 92-7562
66197178,scotus,No. 458
830621,ca10,90-1267
65616798,scotus,No. 15–5843.
65680954,ca9,No. 03-56619; D.C. No. CV-02-03714-NM
716311,ca7,17876_1
12194,ca3,16-4351
64098734,ca9,"Nos. 00-17260, 00-17274 and 01-16531"
66411703,scotus,No. 94-285
66463620,scotus,No. 00-5522
477972,scotus,04-8474
804994,ca8,08-1399
2126348,ca4,89-6401
66510417,scotus,No. 11-5189
68883110,ca9,22-16881
66046723,ca3,No. 351
437409,ca6,11-3506
1137495,ca3,84-3369
249517,scotus,01-9737
783350,ca10,99-6284
617004,ca11,83-7629
14517593,ca7,18-1005
66116312,ca3,No. 3046
1901047,ca11,96-9379
66462659,scotus,No. 00-1250
551352,ca3,05-2952
67006531,ca4,22-2168
5222,scotus,02-8770
17392065,ca9,18-15725
66187528,ca2,"No. 665, Dockets 78-7525, 78-7551"
66725975,scotus,No. 19-6339
414828,scotus,71-6516
61802748,ca5,21-10182
998198,ca2,325
66358548,scotus,No. 88-325
1334663,ca4,76-1569
531555,ca5,03-30470
66535774,scotus,No. 01-6667
65291567,scotus,No. 194
60643427,ca5,21-50217
1800544,scotus,101
65909371,ca2,No. 07-0788-ag
63777168,scotus,No. 09-9826
1009769,ca5,08-50024
2893638,ca8,04-1590
849349,ca4,93-2047
66465182,scotus,No. 00-1580
40945,ca5,05-21007
65895034,ca9,No. 05-70319
66431660,scotus,No. 96-8167
792035,ca9,79-7269
677462,ca4,88-1732
1253068,ca6,80-1080
1154561,ca2,93-1303
2476171,ca2,23220_1
1147181,ca10,80-2058
1024308,ca3,11-3620
66250440,scotus,No. 6060
957180,ca4,06-6
66196060,scotus,No. 228
6234457,ca7,17-1396
65279559,scotus,No. 934
1044351,ca1,4250
65276746,scotus,No. 536
66245980,scotus,No. 1503
1510997,ca4,95-7936
366967,ca8,93-3161
158948,ca11,87-3291
4565169,ca5,16-30611 Summary Calendar
64025023,ca9,"Nos. 95-30220, 95-30224"
16109913,ca8,18-2156
65710555,ca2,No. 08-3509-ag
1979100,ca5,94-40648
66430285,scotus,No. 96-7920
1411011,ca6,86-3644
1035764,ca6,"92-3786, 92-3787"
842300,ca6,92-3272
2502369,ca6,80-5144
16577906,ca5,19-50044
65291287,scotus,No. 459
3046313,ca9,15-10235
632067,ca10,85-2442
2872107,ca3,04-4546
66395572,scotus,No. 92-822
64331496,scotus,No. 10-8535
3050815,ca7,15-2800
1961061,ca3,12-3511
4548399,ca9,14-56943
2440618,ca11,06-11685
2851491,ca7,99-1797
2141880,ca5,75-1779
14996657,ca2,18-224-cv
990027,ca3,5891
2329140,cadc,76-1476
655437,ca9,06-50169
66506565,scotus,No. 12-392
632614,ca3,94-1828
722864,ca2,00-7073
66280573,scotus,No. 76-1542
956650,ca3,82-3066
66824080,cadc,23-1032
66492805,scotus,No. 03-9379; No. 03-9562; No. 03-9563; No. 03-9643; No. 03-9658; No. 03-9964; No. 03-10119; No. 03-10124; No. 03-10191; No. 03-10226; No. 03-10256; No. 03-10338; No. 03-10390; No. 03-10483; No. 03-10510
64326509,scotus,No. 09-11182
64337797,scotus,No. 11-6660
2834679,ca6,08-1572
66290999,scotus,No. 79-604
65607336,scotus,No. 13–5533.
327212,scotus,02-1648
133016,ca3,09-3005
69762119,ca2,24-1225
66493035,scotus,No. 04-8474
66452670,scotus,No. 98-8320
960619,ca10,05-2376
65682425,ca4,No. 04-1702
392945,ca11,89-3451
66287670,scotus,No. 78-1070
411754,ca3,89-1104
66277929,scotus,No. 76-5874
1410383,ca4,96-1023
2378214,ca11,08-16671
2859021,ca7,07-2961
66410240,scotus,No. 93-8631
64330663,scotus,No. 10-7695
591342,ca4,12-6199
64073680,ca6,No. 98-6249
4541800,ca9,15-71103
514469,ca2,"444, 445, Dockets 90-1352, 90-1353"
16959230,ca3,19-3802
2215504,ca6,89-3116
115941,ca6,16638-16641_1
66188480,ca5,"Nos. 78-3330, 79-2466"
64021921,ca7,"Nos. 94-3571, 94-3657"
2878973,ca8,98-1463
287044,ca11,09-13969
19415,ca5,96-10417
64336694,scotus,No. 11-5787
39371,ca2,11-0351-cv
64025988,ca11,No. 95-8234
2876979,ca8,97-4088
64001459,ca8,No. 15510
686361,ca6,12-3069
2651329,ca5,14-40964
66491666,scotus,No. 03-1402
7569475,ca9,16-16661
410484,scotus,77-926
66380531,scotus,No. 91-5774
63783754,scotus,No. 87-44
1045211,ca9,94-50275
2829800,ca6,04-6227
1991570,ca9,97-70363
4415974,ca9,12-73428
347840,ca5,09-30026
1346981,ca8,88-1314
2086044,ca11,98-4193
66182215,ca8,No. 76-2050
66400556,scotus,No. 92-7935
946210,ca1,78-1107
387197,ca7,73-2072
65272441,scotus,No. 14–1253.
1341570,ca6,82-5468
883322,ca6,12-3110
872219,ca8,97-4199
2210142,ca5,95-60335
64016345,ca3,No. 93-5154
2251490,ca9,72-2346
267606,ca4,87-5591
66520325,scotus,No. 04-1696
63003485,ca5,20-50892
65964618,ca5,No. 16-50082 Summary Calendar
60019486,ca9,20-71549
66418719,scotus,No. 94-7415
66228421,scotus,No. 32
65910085,ca10,No. 06-4177
912755,ca10,12-6307
64027827,ca9,"Nos. 95-55018, 95-55106"
543135,ca5,94-30668
187331,ca5,02-10639
311389,ca1,96-1131
66319883,scotus,No. 84-6280
386681,ca8,74-1616
66349612,scotus,No. 87-1045; No. 87-1065
67557893,ca4,23-1623
646462,ca4,6564_1
1650275,scotus,04-526
66305638,scotus,No. 81-1748
2655267,ca8,14-2646
63963483,ca1,No. 3305
38144,ca5,03-41492
540351,ca5,17629_1
66534089,scotus,No. 99-1310
65891957,ca9,No. 05-50696
66193609,ca2,"No. 1355, Docket 83-7206"
65288910,scotus,No. 389
19837,ca4,19-4871
66204490,scotus,No. 502
1232581,ca10,78-1794
66538631,scotus,No. 01-5893
1898605,ca8,"87-2452, 87-2472 and 87-2540"
256280,ca2,"330, Docket 24683"
653874,ca10,97-2106
65733326,ca4,No. 10-1290
64948383,ca5,19-60425
1421592,ca9,95-15642
65912241,ca10,No. 07-2069
1072370,ca8,02-1468
69306528,ca2,23-6649
601501,ca2,09-4993-ag
63933043,ca2,No. 222
2303041,ca4,97-6246
66187538,ca8,"Nos. 78-1634, 78-1638"
568071,ca2,95-5026
65912113,ca2,No. 06-5227-cv
65413632,cadc,21-3089
516047,ca4,78-1375
1387910,ca3,83-1444
66249657,scotus,No. 6697
2831532,ca6,05-6833
4417182,ca10,15-1226
1396648,ca11,83-3078
1277024,ca3,84-5858
66320327,scotus,No. 84-6128
64022684,ca9,No. 94-15124
1961522,ca9,21736_1
1005877,ca2,Docket 08-0826-cv
2177059,ca5,94-30382
104226,ca8,"07-3616, 07-3741"
66431815,scotus,No. 96-8556
1425808,ca9,83-6503
66547463,scotus,No. 04-418
6326691,ca6,17-3322
65281579,scotus,No. 836
66512597,scotus,No. 11-437
66321487,scotus,No. 10-9142
18744220,ca8,19-2350
2461025,ca6,72-1330
2129531,ca8,85-5079
59804109,ca11,20-12775
607510,ca4,95-5107
259074,ca8,03-2005
2175835,ca4,"02-2082, 02-2323"
66480481,scotus,No. 03-5099
65733712,ca5,No. 09-11122
66496016,scotus,No. 04-1347
16993205,ca7,19-1365
1356679,ca4,11-7642
2875214,ca8,96-1266
66154851,ca6,"No. 152, Docket 29954"
66251586,scotus,No. 70-311
64014614,ca6,No. 92-6103
2043840,ca11,07-11015
3053251,ca4,15-7568
836273,ca9,91-50155
64348062,cadc,No. 268
143403,scotus,D-1355
1697892,ca6,92-5020
69050504,ca8,23-3081
64335093,scotus,No. 09-1454; No. 09-1478
65666018,ca2,No. 01-2523
66457638,scotus,No. 99-8758
2272989,ca4,12871_1
66455591,scotus,No. D-2083
66487750,scotus,No. 03-8438
66403715,scotus,No. 93-8452; No. 93-8453
2501240,ca5,95-40911
408148,ca9,79-7086
2829550,ca6,04-5739
1419913,ca8,74--1533
66528840,scotus,No. 00-42
1551846,ca10,07-6159
869755,ca9,"11-50447, 11-50448"
74706,ca5,73-2118
243746,ca10,03-4102
2892691,ca8,04-1368
66451314,scotus,No. 98-8219
577656,ca9,10-10274
4572313,ca2,14-2985
66345320,scotus,No. 86-2013
66426557,scotus,No. 95-8158
1881,scotus,578
66672326,ca4,22-1807
2120048,ca4,81-6732
510147,ca6,89-2108
1476660,ca5,11-51117
65291015,scotus,No. 674
66237387,ca2,"Nos. 1146 and 1281, Dockets 87-7631, 88-7203"
66408168,scotus,No. 93-6576
66416823,scotus,No. 94-6779
903209,ca9,13051_1
64103022,ca6,No. 99-1618
66201878,ca2,"No. 474, Docket 84-6298"
412949,ca10,10-4124
66347958,scotus,No. 88-498
66463898,scotus,No. 00-1444
2467576,ca5,02-40702
65298376,scotus,Nos. 677 and 678
65266514,scotus,No. 14–5759.
59975924,ca9,19-50199
3025049,ca9,13-36043
1079918,ca5,10-60340
6240542,ca5,16-60381
66542535,scotus,No. 94-2072
42871,ca5,"06-50840, 06-51149"
65627625,scotus,No. 16–6926.
66351333,scotus,No. 88-6364
66539308,scotus,No. 01-359
354335,ca10,09-6171
66220981,scotus,No. 763
66547650,scotus,No. 04-6352
66285574,scotus,No. 77-6958
3029599,ca4,15-1769
65695221,ca9,No. 05-71048
7914779,ca5,17-51046
144487,ca2,1999
1089222,ca5,92-7171
63738369,ca8,No. 6598
853823,ca10,04-9003
6155498,ca10,16-1283
630207,ca11,11-10599
903369,ca4,96-4055
63973690,ca3,No. 7778
66723500,scotus,No. 19M10
717844,ca1,18348
610170,ca1,06-2015
68863637,ca11,23-13397
69669993,ca2,23-7594
2636965,ca10,14-7086
483155,ca4,86-7521
882566,ca3,92-5150
2483008,ca4,99-1385
9976,ca5,20-50168
977602,ca2,"27, 28"
4426767,ca10,16-6033
66409560,scotus,No. 93-7847
65698989,ca2,No. 04-5589-ag
890393,ca11,11-13069
101853,ca9,99-70739
412373,ca6,13939_1
69325211,ca9,23-575
654802,ca2,30827_1
66552445,scotus,No. 96-6584
1103553,ca4,02-4380
63929152,cadc,No. 2048
973641,ca8,9596
707684,ca8,03-3844
66206144,scotus,No. 151
619468,ca5,94-11023
932980,ca7,96-3315
850332,ca5,94-40467
201743,ca9,15072
1251597,ca8,09-2540
64344257,scotus,No. 94-1563
630406,ca4,00-2086
377256,scotus,01-7064
2076921,scotus,02-864
2904155,ca8,08-2778
337286,ca3,92-1154
1193131,ca4,12-7728
2871184,ca3,04-1260
1070413,ca4,77-2198
1487587,ca4,92-2486
2873245,ca3,04-1682
675648,ca4,78-1127
6329442,ca5,17-50194 Summary Calendar
68516164,cadc,24-1123
101933,ca9,"77-1406, 77-1427"
66416081,scotus,No. 94-739
60111437,ca7,20-2726
66536594,scotus,No. 01-7151
270251,ca5,13-50547
1456669,ca5,93-01722
204881,ca4,76-1221
2476671,ca5,08-30303
66443691,scotus,No. 98-5213
137731,ca6,13-3112
287513,ca9,10-73345
66214277,scotus,No. 987
2320277,ca3,86-5047
6241630,ca11,17-11055
33583876,ca4,20-4036
66193973,ca3,"Nos. 82-5711, 82-5836"
749681,ca8,"73-1036, 73-1049"
3030379,ca5,14-41450
564523,ca4,91-5365
64063933,ca6,"Nos. 97-3224, 97-3225 and 97-3269"
2464825,ca5,96-40425
435356,scotus,80-2015
2823947,ca4,"96-1572, 96-1604"
66928811,ca4,22-4628
1416735,ca6,77-3260
2835415,ca6,08-3484
695582,ca7,15410_1
66194264,ca5,"Nos. 80-3922, 81-3476, 82-3298 and 82-3412"
64927376,ca4,22-4033
1302365,scotus,572
65271138,scotus,No. 14–9022.
3045096,ca4,15-7597
66245418,scotus,No. 21
66308034,scotus,No. 82-34; No. 82-226
1352852,ca4,94-2132
63970385,ca10,No. 2052
66493846,scotus,No. 04-1142
2823394,ca1,99-1564
2571225,scotus,401
66512394,scotus,No. 11-7354
2320084,ca9,97-35054
66500749,scotus,No. 10-6738; No. 10-6776
66348344,scotus,No. 88-5493
66490610,scotus,No. 03-9484
66647574,scotus,No. 18–5421.
6066621,ca4,17-6118
971847,ca8,86-1119
66467300,scotus,No. 01-7696
1355847,ca9,"72-2212, 72-2472"
65344891,ca4,22-1316
66245361,scotus,No. 1676
364041,scotus,79
1788630,ca4,81-1289
130552,ca9,94-17162
402969,scotus,"121, Orig"
65294757,scotus,No. 1070
2892136,ca9,08-35869
2449964,ca4,04-7370
234139,ca11,97-4017
3007371,ca10,14-4077
66247818,scotus,No. 5490
69271582,ca3,22-1434
2906301,ca11,11-10320
65621497,scotus,No. 15–8941.
65729455,ca3,No. 08-4127
66527301,scotus,No. 00-7278
1918921,ca4,03-7107
443767,scotus,733
68858709,ca8,23-3339
1274392,ca7,10-1405
66419962,scotus,No. 94-7768
63979356,ca4,No. 5278
60684506,ca8,21-2062
3081226,ca6,15-6189
949984,ca6,79-3752
65266157,scotus,No. 14–5316.
63138773,ca10,21-5038
63950411,ca7,No. 5127
317657,ca8,94-2585
383924,cadc,14031_1
65624418,scotus,No. 16–5539.
64015186,ca4,"Nos. 92-1362, 92-1363, 92-1404 and 92-1482"
2868895,ca3,99-1262
63945300,ca6,No. 6132
372546,ca1,83-1540
66203790,ca8,No. 84-1866
1481808,ca11,94-4656
66513403,scotus,No. 11-8124
1883395,ca6,09-2468
202280,ca5,03-50950
70965398,ca9,24-1723
2651382,ca5,14-40656
123055,ca9,85-5191
2448678,ca11,92-2439
158603,ca9,86-5925
64060906,ca9,No. 97-15511
2881158,ca8,98-2760
66464740,scotus,No. 00-9477
2342133,ca11,92-3217
66412195,scotus,No. 94-5307
2636717,ca9,14-50228
66212722,ca2,"No. 500, Docket 85-5016"
66509561,scotus,No. 10-10374
2371240,ca5,97-30259
534665,ca3,12-4234
810367,ca6,86-3413
63390064,ca5,20-61196
64285794,ca6,No. 02-5437
66406930,scotus,No. 93-329
4482780,ca3,16-2699
65617512,scotus,No. 15–323 (R46–006).
1658005,ca5,95-11210
4557070,ca5,16-10218 Summary Calendar
2448768,ca4,96-6089
65617266,scotus,No. 15–382.
63950455,ca5,No. 6996
66292978,scotus,No. A-978
87481,ca4,12-4374
18441935,ca5,19-30956
26503,scotus,93-7818
66644739,scotus,No. 17–5651.
63784087,scotus,No. 88-1737
58953701,ca6,19-5998
14793224,ca9,16-16827
14867599,ca7,18-2228
6326958,ca9,14-56518
63965902,ca6,No. 7906
63784559,scotus,No. 91-1329
66337065,scotus,No. 86-2038
65747051,ca6,21-5345
353940,ca7,12-2484
66356662,scotus,No. 88-7601
2830978,ca6,05-4232
65707218,ca9,No. 08-30124
1439286,ca5,96-40045
498898,ca6,88-6083
1426627,ca5,75-2630
2919314,ca11,09-11889
499987,ca11,88-7603
6384947,ca4,17-6526
66353409,scotus,No. 88-6802
63776557,scotus,No. 09-9477
66197491,scotus,No. 161
4963240,ca9,13-71356
66511307,scotus,No. 10-704
2176594,ca11,92-2386
1870545,ca1,89-1896
293349,ca7,84-2765
1425748,ca5,78-3394
2903977,ca8,06-4051
65684528,ca9,No. 04-16085
737956,ca8,01-1752
4484428,ca6,15-6455
66235487,scotus,No. 118
775768,ca8,"81-2390, 81-2442"
1480675,ca5,83-1526
66092388,ca9,No. 3256
2470433,ca11,89-8025
64330576,scotus,No. 10-6929
2890171,ca8,03-1368
31026,ca6,13942_1
1838399,scotus,05-401
66071061,ca1,"Nos. 1,024, 1,025"
66382743,scotus,No. 91-6309
65732469,ca9,No. 07-74312
2463740,ca4,06-7537
2054334,ca5,82-1711
2497419,ca5,73-2023
66212487,scotus,No. 251
768133,ca8,73-1110
2378875,ca4,"05-4984, 05-4988"
409153,scotus,9
66042712,ca8,"No. 2,297"
1107434,ca9,26201
1976149,ca9,83-5987
66257172,scotus,No. 72-546
16279285,ca5,18-50316
65292219,scotus,No. 712
68157570,ca4,24-6031
856953,ca5,99-30234
66213033,ca10,No. 83-1731
66419949,scotus,No. 94-7687
65684587,ca9,No. 03-57093
6134642,ca1,16-1981P
2355080,ca4,97-2540
409087,ca2,"11-4860 (L), 11-4931(CON), 11-5221(CON)"
990124,ca2,250
418731,ca6,93-1626
66040462,ca7,"No. 1,108"
1972910,ca5,02-20859
69290,ca5,07-30916
66203450,scotus,No. 395
63938537,ca2,No. 404
2861026,ca7,08-1466
2905636,ca8,08-3883
66450583,scotus,No. 98-1136
713335,ca10,306-69_1
66355660,scotus,No. 88-7381
75253,ca6,80-1690
1302820,ca6,75-2278
63138573,ca2,19-1094
66516725,scotus,No. 02-7570
2087830,scotus,03-8386
66383968,scotus,No. 91-1080
3045976,ca9,13-70996
6341160,ca7,17-2698
66042811,ca2,No. 242
66224316,ca5,"Nos. 84-4169, 84-4386"
66191584,ca11,No. 80-7989
641069,ca6,14901
1461011,ca5,93-08528
501302,ca5,76-2215
824133,ca3,89-3542
1748916,cadc,00-7213
1848339,ca11,96-9224
1586994,ca5,01-40268
67791121,ca4,23-6903
64009388,ca7,"Nos. 13227, 13228"
66081762,ca7,No. 2068
64334945,scotus,No. 10-10096
704920,cadc,23928
2381292,ca6,80-3715
66326215,scotus,No. 85-1305
66527019,scotus,No. 00-6570
2873143,ca3,04-3497
7411358,ca9,17-10357
66194286,ca8,No. 83-1751
2225272,ca5,00-10928
64280303,ca6,No. 01-5592
1083607,ca10,11-1281
1429425,scotus,154
374258,scotus,01-8991
66352053,scotus,No. 88-1293; No. 88-1355
59822062,ca9,17-70153
2923580,ca9,12-35287
65264816,ca5,No. 13-8846
1999751,ca5,00-40917
165218,ca4,5293
550871,ca5,76-2266
1391545,ca6,13-2717
66424769,scotus,No. 95-7922
2673017,ca2,13-4519-cr
64202723,ca2,Docket No. 01-7644
63234295,ca9,20-72815
379531,ca2,09-3234-cr
209661,ca8,95-1277
66398497,scotus,No. 92-1252
2650335,ca10,"12-1508, 12-1509"
65955324,ca5,No. 06-41550
476027,ca10,03-3253
66454049,scotus,No. 98-8703
66304221,scotus,No. 81-6119
66249884,scotus,No. 5071
212039,ca11,97-3068
1655119,ca4,97-6305
1417714,ca7,83-3215
65722033,ca2,No. 08-2072-cv
66502805,scotus,No. 10-8204
6318754,ca9,16-55931
6137275,ca10,17-3057
66655948,ca8,"Nos. 78-1248, 78-1268"
901119,ca7,76-1425
187405,ca5,02-20793
66462697,scotus,No. 00-1296
764123,ca5,81-4070
66241255,scotus,No. 545
66383536,scotus,No. 91-6575
65676445,ca6,No. 03-2118
279999,ca11,87-5556
171504,ca9,09-17369
66196764,scotus,No. 533
65704272,ca4,No. 11-6371
473616,ca4,97-2653
436542,ca9,12-30131
913692,ca4,05-4660
66484445,scotus,No. 03-7228
66197494,ca8,No. 83-2360
1136777,ca10,93-4094
67027538,ca4,23-6133
1270498,scotus,01-8875
66278674,scotus,No. 76-6210
66488429,scotus,No. 03-8408
112389,ca5,01-10823
1126874,ca10,3214
66181026,ca4,No. 76-1867
60275141,ca7,20-2018
1154093,ca4,85-2099
63980593,ca3,No. 8765
87560,ca4,08-14
158712,ca9,08-50429
1466269,ca11,91-5299
817260,ca2,09-0894
2292270,ca4,93-1293
66397706,scotus,No. 92-7306
1503484,ca4,05-1202
709893,ca10,97-1161
2498127,ca11,91-6137
403880,scotus,93-7430
64020051,ca9,"Nos. 93-50031, 93-50057"
1075637,ca9,11-35930
1962285,ca6,19769
1037232,ca9,"06-56193, 07-55243, 07056574"
64066265,ca9,No. 97-56525
735650,ca3,371
66375058,scotus,No. 90-7520
3061763,ca7,15-3825
378799,ca8,93-3926EM
65004839,cadc,No. 89-1533
307537,ca4,10-4046
215881,scotus,71
1935248,ca3,03-31005
214960,ca3,10753
66461628,scotus,No. 00-7907
65624494,scotus,No. 16–5821.
1043379,ca7,93-3750
66662522,scotus,No. 12–9488.
960815,ca10,09-6159
14025,ca5,85-3642
1625460,ca6,79-5253
320559,ca2,22348_1
66349860,scotus,No. 88-770
66410703,scotus,No. 93-9378; No. 93-9461
202741,ca5,07-30732
66416896,scotus,No. 94-6812
16971403,ca7,19-2299
65283477,scotus,No. 896
370232,ca3,"72-1004, 72-1005"
63132038,ca5,21-11116
328284,ca3,90-3379
65662887,ca7,No. 15-2508
6379373,ca8,17-2098
3035565,ca2,14-4120
63927733,ca3,No. 3628
60011309,ca4,20-1495
65629017,scotus,No. 16–7092.
486019,ca8,86-1639
66549944,scotus,No. 95-8975
8100242,ca7,17-1668
133637,ca2,1080
563879,ca4,91-1838
663699,ca10,13-1120
66448479,scotus,No. 98-456
64004986,ca5,No. 17546
2827666,ca6,01-5072
66372998,scotus,No. 90-818
660040,ca5,30497_1
66493455,scotus,No. 04-8582
66498292,scotus,No. 09-1218
2103050,ca8,95-4087
66481549,scotus,No. 03-5798
65885658,ca5,No. 04-41703
2107540,ca5,89-4333
66089146,ca8,No. 4877
63987354,ca3,No. 9407
66296025,scotus,No. 79-6806
2329852,ca4,89-7737
239183,ca8,09-2601
2168733,ca9,94-55847
65622381,scotus,No. 15–1182.
66426495,scotus,No. 95-1600
1112793,ca7,71-1760
1504115,ca8,12-3777
29741,ca10,"12-3072, 12-3109"
65708529,ca2,No. 08-0069-ag
65913762,ca9,No. 05-74167
2472111,ca5,98-50308
2877427,ca8,97-1660
1734121,scotus,93-6742
59971065,ca2,19-3522
66549992,scotus,No. 95-9057
63986482,ca5,No. 11916
66108668,ca5,No. 3840
66218516,scotus,No. 89
66044517,ca5,"No. 1,495"
65776578,ca1,21-1689P
213281,ca11,06-10606
66163398,ca9,"Nos. 24220, 24289, 24290, 24300"
759404,ca4,72-2197
66345235,scotus,No. 86-1343
65713146,ca7,No. 08-1906
1873493,ca2,90-2415
742688,ca6,01-2385
1930541,ca6,11417
66540205,scotus,No. 01-7829
200117,ca8,74-1382
63930967,ca8,No. 8494
2276485,ca2,86-2098
2490906,ca5,06-10578
66520151,scotus,No. 04-1226
65955105,ca4,No. 08-1281
1039879,ca4,"04-4685, 04-4686"
4561510,ca9,15-10278
1179475,ca2,93-6042
69035,ca9,84-7697
2013163,ca5,04-50909
2893553,ca3,07-1982
1289681,ca10,94-6230
142766,ca7,12-1208
258222,ca4,7634_1
231319,ca5,97-41417
305986,ca8,09-3277
66252308,scotus,No. 71-5376
4479307,ca5,15-40887
66349367,scotus,No. 88-5718
66357635,scotus,No. 89-120; No. 89-122; No. 89-123
65632,ca9,86-2751
127896,ca1,13-1913
724429,ca9,02-17077
5825277,ca11,"15-14601, 16-10223 Non-Argument Calendar"
66231894,scotus,No. 216
1234337,ca7,02-2850
2860882,ca7,08-3181
106006,ca4,5984
66069807,ca2,No. 136
1107059,ca4,05-4909
65629460,scotus,No. 16–7689.
66724773,scotus,No. 18-1432
66498711,scotus,No. 09-10987
891277,ca2,80-7445
357006,ca1,01-1410
1033371,ca5,80-3307
2923220,ca9,08-16728
66392800,scotus,No. 92-5684
403989,scotus,78-5519
66274467,scotus,No. 75-1072; No. 75-1110; No. 75-1292; No. 75-5922; No. 75-6234; No. 75-6294; No. 75-6343
6180113,ca11,17-12607 Non-Argument Calendar
598622,ca2,79-1110
2919113,ca11,09-16169
2282352,scotus,669
15949841,ca9,17-73065
2831190,ca6,04-2549
405108,scotus,543
66260015,scotus,No. 72-6689
63773091,scotus,No. 09-8418
66546874,scotus,No. 04-6103
2880525,ca8,98-2696
566520,ca1,09-1370
349208,ca5,83-4659
66222190,scotus,"No. 1397, Misc."
2499497,ca11,04-12973
67900013,ca5,23-50419
495239,ca6,83-5794
66219666,scotus,No. 111
66270963,scotus,No. 74-6554
969802,ca2,09-0527-ag
65953021,ca5,No. 07-10885
1612149,ca1,07-1166
66469893,scotus,No. 01-1367
66253976,scotus,No. 71-6108
66417058,scotus,No. 94-7008
1248303,ca5,05-40336
929377,ca11,89-3159
6061092,ca9,14-56429
6078067,ca11,16-10667
859413,ca5,99-20164
1275634,ca4,82-6325
1270254,ca9,94-30185
2609962,ca9,12-71901
778938,ca7,05-3634
2868869,ca3,"98-3428, 98-3482"
620951,ca4,95-2367
66554986,scotus,No. D-367
2885966,ca3,04-2329
2423745,ca3,91-3725
1245561,ca9,07-16804
66190664,ca9,No. 81-7255
1982897,cadc,11760
64067212,ca7,No. 97-2752
4568530,ca2,15-2625
675954,ca10,7332_1
292520,scotus,03-9808
66353807,scotus,No. A-903
89110,ca5,13-10595
64282889,ca9,No. 01-30092; D.C. No. CR-00-02116-FVS
7686252,ca9,17-35407
63996511,cadc,Misc. No. 285
2476242,ca5,72-1992
1055057,ca3,73-1143
59952073,ca5,20-10634
66492015,scotus,No. 03-10073
1083960,ca2,26945
18199524,ca5,18-40495
323930,ca2,27684_1
1092876,ca4,82-1496
960433,ca10,03-3128
565291,ca5,96-60332
66432162,scotus,No. 96-8726
966156,ca9,08-70735
3043559,ca5,15-20371
772427,ca8,96-3248
730102,ca3,71-1361
663212,ca2,"230, Docket 31587"
66434418,scotus,No. 96-1885
582608,ca5,12715
306262,ca1,"09-2341, 09-2342, 09-2343"
1134436,ca9,08-70354
1478659,ca11,84-5901
1987375,ca5,96-31167
66323653,scotus,No. 85-5209
1499341,ca11,95-9399
1091747,ca4,95-6283
66453351,scotus,No. 98-8454
66240987,scotus,No. 1057
579289,ca5,10-40902
66481803,scotus,No. 03-6045
410414,ca5,77-5535
2624728,ca3,14-1854
814590,ca8,87-1338
18694786,ca9,18-35710
975964,ca7,78-2021
66244897,scotus,No. 838
742347,ca7,02-1515
2065666,scotus,01-6552
1369210,ca9,82-4699
720708,ca10,75-1811
59990663,ca9,19-50375
2851308,ca7,99-1526
136869,ca7,13-2022
71730,scotus,74-753
66322702,scotus,No. 10-9798
2216469,cadc,75-1336
44744,ca6,94-3521
759885,ca2,11-443-ag
519561,ca3,78-2236
64016712,cadc,"Nos. 92-1435, 92-1550"
2595255,ca3,13-4404
16265,ca5,99-10461
65731001,cadc,No. 08-1208
64016560,ca3,"Nos. 92-5695, 92-5710"
66721413,scotus,No. 18–8448.
66512503,scotus,No. 11-7601
158853,ca5,02-41179
66649680,scotus,No. 18–637.
1391391,ca9,92-15538
329862,ca5,18027_1
66286028,scotus,No. 78-301
184150,ca11,06-13240
2869557,ca3,00-3546
66381888,scotus,No. 91-6163
66223270,scotus,No. 6; No. 12; No. 9; No. 10; No. 60
6297029,ca5,16-11587
2035440,ca9,90-55447
18447749,ca3,20-1205
66496690,scotus,No. 04-9725
64016600,ca3,No. 93-3401
1087834,ca2,"641, Docket 78-1400"
66531755,scotus,No. 99-598
95436,ca5,99-40360
1009535,ca2,"78, Docket 91-1215"
63933385,ca2,No. 58
2881911,ca8,99-2726
66549769,scotus,No. 95-2026
64096850,ca9,No. 00-15594
2839134,ca6,12-2327
14579291,ca10,18-5058
1169896,ca4,73-1803
64108326,ca9,No. 99-71335; INS No. A72-697-632
66370384,scotus,No. D-944
66436859,scotus,No. 97-7829
2491760,ca11,89-7644
66531979,scotus,No. 99-7467
1357986,ca9,76-2796
66458142,scotus,No. 99-8907
661667,ca5,25794-25796_1
66238509,ca7,"Nos. 87-1236, 87-1306"
64329262,scotus,No. 10-6732
2900624,ca8,06-3035
2893258,ca9,08-56685
997088,cadc,6294
65670025,ca3,No. 00-2218
66475184,scotus,No. 02-9265
652848,ca11,11-11505
2189981,ca4,94-6888
988946,ca8,87-2595-EM
66644576,scotus,No. 17–5908.
66507553,scotus,No. 12-590
719129,ca6,19623_1
2407875,ca11,94-8847
493045,ca2,1056. Docket 79-7009
17125148,ca5,19-40092
1603957,ca11,93-3129
705115,ca5,71-1082
1507255,ca4,78-1643
2097917,scotus,04-8905
2818619,ca1,92-1058
66217241,scotus,No. 172
66262244,scotus,No. 73-642
66414157,scotus,No. 94-5981
65281715,scotus,No. 297
346019,ca9,92-50572
826829,ca8,12-1568
495002,ca1,94-7748
63776784,scotus,No. 09-9170
66383289,scotus,No. 91-6569
2905285,ca8,08-1382
63282340,ca11,21-12975
647880,ca2,11-393
66205136,scotus,No. 719
66115828,ca2,No. 74
66262104,scotus,No. 73-5364
1421406,ca4,84-8101
545715,ca8,93-2758
16028317,ca6,19-3196
65685470,ca9,"No. 03-50463, 03-50509; D.C. Nos. CR-01-00435-GHK-01, CR-01-00435-GHK-02"
236225,ca11,95-5167
743310,ca9,01-35472
2439867,ca6,93-1129
66451908,scotus,No. 98-8416
64331521,scotus,No. 10-6014
653463,ca9,13459_1
2473853,ca5,96-20572
1194777,ca9,86-15067
451921,ca10,95-4069
720036,ca8,94-1926
65690588,ca5,No. 10-40265
2296758,scotus,03-9947
66286810,scotus,No. 78-5577
996782,ca5,89-2731
66342621,scotus,No. 87-1062
66424429,scotus,No. 94-1471
68290456,ca8,23-1345
1285218,ca4,78-6349
65699975,ca9,No. 04-72365
64349231,cadc,No. 772
634120,ca2,"25, Docket 79-7815"
128597,ca9,83-3117
66529822,scotus,No. 99-9627
1048669,ca3,94-1550
234880,ca11,08-17013
66356123,scotus,No. 88-2124
2108175,ca5,89-7106
1651164,ca8,10-1745
1478030,ca9,85-1164
326181,ca6,91-2084
2056229,scotus,93-5415
260297,ca5,17224_1
647755,ca8,17728_1
1109786,ca4,08-1571
1075945,ca9,02-73294
712830,ca7,"99-3076, 99-3336, 99-3891, 99-3892, 01-2050"
863979,ca9,95-17196
66215541,scotus,No. 588
2617346,ca5,14-50511
64069530,ca6,No. 98-6671
66450559,scotus,No. 98-1063; No. 98-1228
64021763,ca9,No. 93-56564
65277908,scotus,No. 764; No. 765; No. 766
66643817,scotus,No. 17–5104.
66425208,scotus,No. 95-1230
1126056,ca10,"71-1639, 71-1640"
1080820,cadc,11-1146
557437,ca1,6167
43230,ca3,95-3402
64012013,ca10,No. 7153
2838348,ca6,"11-3616, 11-4214"
647586,ca6,"12231, 12232"
4540022,ca9,12-55307
64344845,ca10,No. 04-1462
66125129,ca8,No. 100
362632,ca9,"10-56543, 10-56622"
982713,ca4,87-5647
1029585,ca2,92-1308
66512772,scotus,No. 11-7591
181761,ca9,83-2679
2497992,ca4,99-6240
284730,ca2,745
64015270,ca6,"Nos. 92-6337, 92-6338"
66470017,scotus,No. 01-8843
64287086,ca4,No. 02-7516
66203217,scotus,No. 668
66090302,ca4,No. 1589
65350477,ca3,20-2747
66418194,scotus,No. 94-1133
671061,ca7,13682_1
65626549,scotus,No. 16–6096.
66646662,scotus,No. 17–9132.
66724031,scotus,No. 19-5214
7893653,ca10,17-4111
6059814,ca11,16-14963 Non-Argument Calendar
66244758,scotus,No. 1487
4582963,ca4,16-4144
4616504,scotus,16–6316.
66521870,scotus,No. 04-9926
2471343,ca3,91-1422
64932208,ca5,21-40365
66401442,scotus,No. 92-8492
63316082,ca7,21-2329
537697,ca6,11-4151
63975027,ca5,No. 9957
701697,ca5,31123
2857567,ca7,06-3799
65911356,ca9,No. 06-35193
289615,scotus,01-8180
952576,ca9,96-35522
773180,ca10,04-3103
2497396,ca4,08-2384
680247,ca2,"90, Docket 28316"
65959970,ca7,No. 14-3077
66223378,scotus,No. 508
1321110,ca3,10-1269
1431798,ca5,84-1034
174465,ca5,95-60036
1147464,scotus,04-5644
6184650,ca2,16-4274-cv
66364603,scotus,No. 89-6693
65622593,scotus,No. 15–7798.
66301050,scotus,No. 80-6865
2475048,ca8,03-3533
64225938,ca9,No. 01-70485; I & NS No. A75-250-299
4613010,ca5,16-11473
65611440,scotus,No. 13–360.
116786,ca9,11-15978
66283991,scotus,No. 77-950
63939881,ca5,No. 5541
64325952,scotus,No. 10-5334
65289031,scotus,"Nos. 584, 585, and 586; Nos. 587, 588, and 589"
2868161,ca3,96-1829
66381140,scotus,No. 91-451
66362465,scotus,No. 89-1241
326346,ca11,85-8010
1381456,ca9,00-50016
63385986,ca8,22-1051
2494842,ca6,14040_1
476771,ca5,08-50885
66728584,scotus,No. 19-8282.
854731,ca8,95-3067
66399551,scotus,No. 92-1383
2361985,ca8,90-1653
66024925,ca9,No. 600
196054,ca4,13-7939
14542467,ca10,18-3155
387247,ca9,"74-1080, 74-1120"
66403037,scotus,No. D-1341
498881,ca5,98-10102
6065224,ca9,12-74182
6218443,ca11,17-11916
215269,ca10,"78-1735, 78-2018"
17368202,ca11,19-13887
66355479,scotus,No. D-803
1893630,ca4,"10-1291, 10-1294"
170891,ca5,94-20403
847676,scotus,92-1139
65714758,ca3,No. 08-2700
62988941,ca11,21-11898
361022,ca9,93-50045
1737727,ca5,80-5482
66499072,scotus,No. 09-11488
65909073,ca2,No. 06-4628-ag
840525,ca2,"3, 16, Dockets 91-7676, 91-9292"
773430,ca10,73-1228
2334500,ca8,88-1985
648363,ca7,96-2270
2898387,ca8,05-4455
2493103,ca9,07-73293
624785,ca9,21283
1335332,ca6,84-5251
66411331,scotus,No. 93-9763
66426941,scotus,No. 95-6304
3018877,ca2,15-695
2647330,ca11,14-10253
342997,ca5,92-1517
14558743,ca9,17-17289
67780251,ca6,23-3560
66401661,scotus,No. 92-8519
66387165,scotus,No. 91-1197
66348392,scotus,No. 87-1908
2867928,ca3,96-7424
861706,ca6,76-2697
64325741,scotus,No. 09-10363
65696423,ca9,No. 03-73445
547624,ca6,94-5652
129127,scotus,157
66512173,scotus,No. 11-552
194827,ca2,"Docket 72-1260, 195"
64005119,ca4,No. 7814
2840157,ca6,13-1469
65616975,scotus,No. 15–5854.
15669649,ca9,18-50135
6248718,ca2,17-622-cv
65703411,ca9,No. 11-30155
2611334,ca5,14-40326
65964928,ca2,16-1765-cv
2879624,ca8,98-3411
1346822,ca1,85-1676
204012,ca3,73-1614
66288731,scotus,No. 78-1516
1108467,ca4,07-4232
68423313,ca9,18-73212
2016627,ca9,94-16331
832205,ca9,85-7308
66647813,scotus,No. 17–1498.
3055666,ca5,15-10248
397947,ca2,14-1700-cr
1665125,ca5,72-1073
66723852,scotus,No. 18-9764
65907755,ca9,No. 07-71062
443637,ca5,228
65961973,ca2,No. 15-1490-cv
148873,ca5,00-20616
168200,ca1,85-1773
2442777,scotus,04-281
2013869,ca9,13217_1
63976612,ca5,No. 10430
1009375,ca9,71-1143
940503,ca6,06-6360
66295435,scotus,No. 80-5342
65284618,scotus,No. 702
984536,ca2,"1074, Docket 88-7054"
1627081,ca6,87-5659
1744913,ca3,87-5601
66727318,scotus,No. 19-6502.
65956009,ca5,No. 08-10490
191557,scotus,75
18732257,ca4,19-1710
656611,ca10,90-6381
63738313,ca2,No. 46
63934844,ca9,No. 6233
63973858,ca7,No. 7654
66209466,scotus,No. 481; No. 651
65525998,cadc,No. 2267
1199368,ca4,05-6364
65293120,scotus,No. 74; No. 196; No. 200; No. 201; No. 278; No. 285; No. 501
2820655,ca1,95-1036
2879333,ca8,98-2944
2014086,ca4,83-6309
65906732,ca9,No. 05-72479
63954224,ca4,No. 3651
204297,ca5,76-2941
2119990,ca8,95-1827
1218716,ca6,95-2233
1213929,ca9,71-2121
66184655,ca4,No. 76-1691
1375916,cadc,80-1028
68239145,ca9,22-983
66265280,ca9,"Nos. 90-35056, 90-35555 and 90-35556"
589583,ca5,98-30989
596230,ca5,98-11022
2100768,ca1,95-3304
66503145,scotus,No. 10-867
2896945,ca8,05-1106
674602,ca10,7200
66522072,scotus,No. 05-6111
788546,ca10,03-7070
64072963,ca9,No. 99-56530
66307192,scotus,No. 81-1627
66353289,scotus,No. 88-1457
186325,ca5,20129_1
1000135,ca3,84-5549
526417,ca7,91-3318
2855674,ca7,04-2036
161886,ca2,11-4895 (L)
63941591,ca1,No. 2638
1004210,ca4,90-7014_1
2116641,ca5,00-11399
66440604,scotus,No. 97-7219
1779753,ca11,95-2639
66487214,scotus,No. 03-7787
66307492,scotus,No. 81-6739
66436956,scotus,No. 97-9285
66459689,scotus,No. 99-8965
889497,ca9,11-56383
146216,ca4,14-6056
713920,ca7,98-2441
545959,ca8,94-1152
1445741,ca9,13775
2818707,ca1,91-2214
16019909,ca10,18-1404
66076598,ca6,No. 2570
1072358,ca9,00-71558
66346549,scotus,No. 87-7207
18520107,ca7,20-2835
2827227,ca6,99-6460
536306,ca9,05-75989
2378323,ca11,89-3663
2074389,ca9,90-35751
66484700,scotus,No. 03-7057
845765,ca3,11-1973
387119,ca3,94-2845
10945,scotus,1260
63778621,scotus,No. 09-10800
65913926,ca9,No. 07-73831
66227950,ca4,"Nos. 86-3709(L), 87-3018"
33147,ca5,05-50275
65298942,scotus,No. 771
888299,ca4,04-6650
567755,ca6,75-1220
2343078,scotus,93-529
64001841,ca8,No. 15685
30938,ca10,11-8053
66314815,scotus,No. 83-6352
714249,ca3,76-1020
2952630,ca5,13-30745
66488616,scotus,No. 03-1036
1253827,ca6,94-3144
64003020,ca6,No. 13062
1058073,ca9,95-55128
2409667,ca4,03-7797
2203999,ca3,95-1810
672049,ca7,13765_1
934629,ca8,78-1909
2453775,ca11,98-2431
66488243,scotus,No. 03-824
66425375,scotus,No. 95-1453
862646,ca10,91-4096
209607,ca5,06-10631
622814,ca5,23903
69727309,ca5,24-50682
65612994,scotus,No. 13–9315.
1226048,ca2,1999
2651395,ca5,14-10410
813007,ca1,86-1452
2033050,ca3,78-2184
65959833,ca5,No. 14-40408
2354955,scotus,04-5399
227061,ca5,79-5470
2124849,ca1,80-1691
66419430,scotus,No. A-369
66421893,scotus,No. 94-8772
2475931,ca5,96-60691
477678,ca10,04-3378
380123,scotus,03-6778
2499670,ca5,97-60604
66519029,scotus,No. 02-5452
1310368,ca9,97-30144
66116706,ca2,No. 327
2877369,ca8,97-2435
2309238,ca6,87-3274
302716,ca8,81-1373
1420077,ca4,14-1116
66554278,scotus,No. 82-2127
1034754,ca9,92-17057
301587,ca10,6404_1
379523,ca2,09-3812
66484734,scotus,No. 03-7265
2827609,ca6,01-2083
15817394,ca3,18-1156
3090425,ca11,14-14198
424322,ca11,98-5034
2488987,ca4,12-6481
65613452,scotus,No. 13–651.
808822,ca10,12-3114
149292,ca3,12993
649280,ca9,89-35092
65708521,ca4,No. 13-7005
2828186,ca6,02-4209
792639,ca7,92-1672
1294469,ca2,"179, Docket 24828"
66391609,scotus,No. 92-5094
66663702,scotus,No. 83-1146
66333132,scotus,No. 86-1126
387237,scotus,03-1650
1992790,ca5,98-50464
106970,ca5,27377_1
762488,ca5,79-5671
67772451,ca7,23-1739
2497025,ca11,94-9415
2209368,ca6,86-1181
2071251,ca4,78-8060
727213,ca7,02-2648
1499405,ca2,87-1127
442900,ca9,82-5690
2859585,ca7,06-3881
66288625,scotus,No. A-946
62611797,ca4,21-6013
4615296,ca8,16-2206
65688786,ca4,No. 10-7069
63967137,ca7,No. 6677
65611450,scotus,No. 13–6292.
64287358,ca4,No. 03-6050
66260425,ca9,"Nos. 89-15601, 89-15603, 89-15719 and 89-15720"
2519183,scotus,1180
649473,ca8,90-1793
6291298,ca5,16-51431
66424142,scotus,No. 94-9401
66299327,scotus,No. 80-1825
66481963,scotus,No. 03-209
173640,cadc,10985_1
1053387,ca9,94-56733
2830769,ca6,04-1531
389336,ca4,74-1911
66240244,scotus,No. 543
65690577,ca9,No. 04-71946
2424900,ca11,92-4403
17213282,ca9,19-55465
66646306,scotus,No. 17–1316.
64330154,scotus,No. 10-7271
65730924,ca3,No. 09-2809
26488,ca3,13-1407
18444816,ca9,19-10436
840213,ca2,"1339, Docket 91-9279"
62073,ca7,04-2335
2619254,ca9,09-99017
2364666,ca4,72-2021
254897,ca8,15853
1169847,ca5,10-50742
16091220,ca6,18-5993
1404746,ca6,77-1141
63976669,ca10,No. 2322
1025891,ca9,93-35919
647345,ca5,15164
65620552,scotus,No. 15–7955.
65662178,ca7,No. 14-3540
65724320,cadc,No. 09-5057
122602,ca7,13-3765
1048051,cadc,93-5083
65981737,cadc,Civil Action No. 11-0526 (EGS)
1389318,scotus,92-8523
2550032,scotus,286
66307421,scotus,No. 81-2378
1391738,ca4,94-5558
66726066,scotus,No. 19-6127.
66329602,scotus,No. 11-10224
904067,ca5,96-31043
59675476,ca3,19-3134
1226709,ca5,94-60668
975173,ca4,86-3578
65895967,ca9,No. 05-56879
66979254,ca4,22-4703
2401193,ca6,81-3329
734399,ca2,03-1774
852810,ca10,95-1212
1706648,ca5,86-3780
2519924,scotus,"1,067"
2897424,ca3,07-1469
66470520,scotus,No. 01-9058
732869,ca6,84-3307
1389518,ca5,13-41290
1019957,ca6,92-3636
1210718,ca11,13-10704
64287143,ca7,No. 02-2015
884620,ca11,"11-13275, 11-14885"
557515,ca9,91-55036
605167,ca2,292
1965516,cadc,21163
2897178,ca8,05-2367
66513185,scotus,No. 11-7512
66258867,scotus,No. 72-694
65628297,scotus,No. 16–8205.
105372,ca5,78-3694
2144953,ca1,81-1353
802117,ca7,84-1501
65619896,scotus,No. 14–9077.
64285833,ca9,No. 01-70700; INS No. A70-542-947
2856903,ca7,05-4685
66513200,scotus,No. 11-7587
108397,ca5,96-31058
2817795,ca4,14-1585
516731,ca3,18908_1
64321934,cadc,Case No. 1:17-cv-02601 (TNM)
66206254,scotus,No. 300
1092843,ca4,95-1864
65685067,ca9,No. 04-15178
1275270,ca11,99-13688
556122,ca4,90-2498
65287875,scotus,No. 528
2414674,ca7,84-2432
1029724,ca4,93-5092
2373337,ca3,11683_1
1079063,ca5,88-3114
2286211,ca4,09-6857
65289682,scotus,No. 109
587733,ca5,01-10216
2853274,ca7,02-1032
1471806,ca5,95-50256
66446399,scotus,No. 98-6441
1741692,ca5,87-2567
66698464,ca2,20-3073(L)
66536277,scotus,No. 01-7031
735630,ca9,05-50112
65716950,ca4,No. 09-6310
326708,ca7,12-1279
66230517,scotus,No. 595; No. 1150; No. 1247
66362068,scotus,No. 89-1200
66287812,scotus,No. A-757
65708515,ca4,No. 13-6883
2209639,ca9,24327
66221665,scotus,No. 1034
64332756,scotus,No. 10-8335
728998,ca8,04-1017
65395490,ca5,21-20577
2681432,ca9,13-50352
1302735,ca4,08-8571
157993,ca5,10-40065
66386467,scotus,No. 91-6616
39448,ca4,88-5679
2089557,ca4,87-6518
82380,ca5,88-1408
63929863,ca5,No. 5317
2428315,ca1,96-1045
66644735,scotus,No. 17–5646.
64339207,scotus,No. 11-7594
66373977,scotus,No. 90-1322
146819,ca5,08-41217
66257147,scotus,No. 72-370
65674924,ca9,No. 02-50538; D.C. No. CR-99-00158-AHS-6
18607646,ca2,18-2836 (L)
66360907,scotus,No. 89-711
7581606,ca4,17-4668
1218886,ca10,12-7009
879022,ca3,12-3322
66074634,ca3,No. 1844
338959,ca4,14-1325
1108125,ca5,79-3614
451806,ca3,96-3022
64012542,ca8,No. 17409
63974391,ca9,No. 9891
449661,ca3,76-2141
641153,ca4,05-4086
66428693,scotus,No. 96-5239 (A-42)
66309936,scotus,No. 82-5938
66456521,scotus,No. 99A783
66615932,ca9,22-15402
66649192,scotus,No. 17–1340.
14538093,ca7,18-2429
2383770,ca4,94-7017
66187014,ca8,No. 79-1046
213104,ca11,04-13398
66215345,scotus,No. 477
65672641,ca4,No. 01-2256
66340688,scotus,No. 87-692
7657145,ca7,17-1282
2462221,ca4,13-6219
964421,ca8,06-1904
212864,ca5,04-40700
1976332,scotus,01-9090
59828613,ca9,14-72003
498859,ca4,88-3916
1347836,ca5,02-20916
65301820,scotus,No. 639
64282988,ca9,No. 01-55975; D.C. No. CV-00-08804-FMC CR-B112790
1287838,ca10,91-6316
66199000,scotus,No. 268
354558,ca4,08-5047
16585935,ca9,12-71087
292562,ca8,81-1727
1108024,ca4,"06-2276, 06-2277"
744367,ca3,"12-1519, 12-1534"
2380876,ca3,75-1723
69320189,ca2,23-7522
65619723,scotus,No. 15–7756.
64282945,ca6,No. 02-5053
1478881,ca3,94-3149
1736698,ca9,77-2691
1515,ca5,15-41564
562943,ca5,79-1078
1640840,ca5,94-10760
65608273,scotus,No. 13–5810.
64328136,scotus,No. 10-6301
1412929,ca1,97-1394
65706865,ca9,No. 07-55377
66280086,ca9,Nos. 90-30291 to 90-30294
750932,ca5,73-1435
65671165,ca9,No. 00-57032; D.C. No. CV-99-02494-JNK
1054635,ca9,81-1050
774496,ca8,73-1700
65656210,ca11,No. 04-10888
978066,ca11,86-8586
66524563,scotus,No. 05-7882
181650,ca6,"89-2139, 90-1029"
66061167,ca7,"No. 1,766"
65624289,scotus,No. 16–5208.
544525,ca2,10-507-ag
66329911,scotus,No. 11-626
66208490,scotus,No. 492
2153349,ca4,05-2141
1585832,scotus,02-6225
66244343,scotus,No. 893
66523571,scotus,No. 05-7419
2371193,ca8,14053
65664176,ca7,No. 02-1533
1987767,ca9,96-55840
576410,ca3,10-1971
1190420,ca5,05-51430
2872396,ca3,05-2642
65721434,ca4,No. 08-2113
66312207,scotus,No. 82-940
66202833,scotus,No. 394
1484575,ca4,12392_1
2900070,ca8,06-2440
567753,ca2,"752, Docket 74-2361"
2382361,ca11,89-6215
2872259,ca3,04-4136
60620534,ca2,20-2873-cr
364003,ca2,92-7755
2665545,ca5,14-40092
2077283,ca4,12-7179
66204002,scotus,No. 246
66401250,scotus,No. 92-1536
66086927,ca5,No. 3067
681590,ca6,15380
66270158,scotus,No. 74-703
6149691,ca9,15-30216
2635762,ca10,14-1316
16345974,ca4,19-4304
2896365,ca8,04-3660
70331,ca5,08-20429
1457472,ca8,84-2200
69543221,ca2,23-7326
839420,ca6,92-5075
2651361,ca5,14-10611
1215600,ca11,09-10536
66338079,scotus,No. 87-5240
66296269,scotus,No. A-504
2835488,ca6,07-4466
785475,ca10,00-4133
65624259,scotus,No. 15–9233.
2473838,ca5,99-40098
66384088,scotus,No. 91-6495
66317988,scotus,No. 84-320
732880,ca6,03-1087
297136,ca2,Docket 06-1365-pr
65294633,scotus,No. 979
66514619,scotus,No. 11-6536
66134285,ca3,No. 20
1465393,ca8,78-1340
62978644,ca2,19-1750
66460646,scotus,No. 99-9305
144153,ca4,13-7705
320795,ca1,5018_1
1293450,ca9,84-2296
1239551,ca1,99-2355
66341798,scotus,No. 87-1204
707243,ca4,99-6153
51155,ca11,04-15970; D.C. Docket 04-00071-C V-4-RH-W CS
2396396,ca4,94-7427
498584,ca10,09-4159
994867,ca4,88-5553
65885878,ca9,No. 05-74070
66370267,scotus,No. 90-5912
445587,ca5,89-2367
1043953,ca9,93-35912
569824,ca8,95-3862
2494178,ca11,96-5025
66433033,scotus,No. 96-6114
1109886,ca1,08-1029
1229989,ca5,12-41344
584882,cadc,17646
66449541,scotus,No. 98-7090
66410359,scotus,No. 93-9045
2228530,ca5,89-1735
2375942,ca11,89-7850
210671,ca5,09-50094
65682144,ca7,No. 04-1262
66094197,ca3,Nos. 2451-2453
274647,ca3,76-2313
1107063,ca4,"06-1066, 06-1562"
611654,ca9,13768_1
66500853,scotus,No. 10-6651
1382449,ca7,84-1770
62620574,ca4,21-1597
2637441,ca5,14-50331
68184535,ca10,23-3072
66407229,scotus,No. 93-6216
1129140,ca4,89-6868
1343170,ca7,73-1787
64333607,scotus,No. 10-757
65714566,ca9,No. 06-71648
66509199,scotus,No. 12-8878
2868524,ca3,97-1784
654813,ca7,18337
2180375,ca5,76-1439
65677322,ca9,No. 03-73369
562084,ca6,"91-5582, 91-5641"
16474710,ca9,17-56084
1329544,ca3,94-7137
398734,ca2,"1150, Docket 79-7217"
6367953,ca9,17-16444
1378772,scotus,03-5374
972664,ca4,05-7950
66243969,scotus,No. 944; No. 972
66152695,ca9,No. 19356
66280101,ca8,No. 92-1459
66802482,ca5,21-50807
1093686,ca11,80-5815
16812997,ca5,18-60805
66531084,scotus,No. 99-6460
64159054,ca9,No. 00-15865; D.C. No. CV-97-1634-SOM(BMK)
66252018,scotus,No. 71-5254
66424097,scotus,No. 94-9167
624135,ca10,9636
6288288,ca11,17-10860 Non-Argument Calendar
2442579,ca9,85-5877
2903142,ca3,07-2228
502773,cadc,Division 89-2
1053109,ca6,95-1714
66050908,ca2,No. 218
66464927,scotus,No. 00-9183
66507686,scotus,No. 12-7578
66473669,scotus,No. 02-8939
66322530,scotus,No. 85-5170
1646476,ca4,12-7610
1234051,ca7,72-1777
1601747,ca6,78-5098
65673467,ca5,No. 03-20242
65694981,ca2,No. 04-5081-AG
1482482,ca5,88-4547
66428616,scotus,No. 95-9261
949294,ca7,79-2441
1038528,ca5,78-2392_1
800638,ca6,85-5231
1013721,ca9,10-10232
396882,scotus,01-11037
214936,cadc,Misc. 648
2478846,ca4,82-1642
66511155,scotus,No. 10-1121
65272167,scotus,No. 14–9563.
835012,ca8,91-1917
944152,ca8,76-1653
1470306,ca4,98-4734
65388377,ca5,21-51216
673024,ca4,05-4774
243691,ca5,99-50296
2071287,ca4,12-2518
66375339,scotus,No. 90-7692
375088,ca11,96-6214
65611321,scotus,No. 13–8235.
66552757,scotus,No. 96-6445
2037236,ca11,97-5106
66404211,scotus,No. 93-1600
1415743,ca9,86-2341
1182834,ca2,31814
60006465,ca2,20-2659
1984224,ca6,74-1933
1558754,ca3,94-3453
279852,ca9,10-17740
2500384,ca5,74-1628
2923261,ca9,13-55372
65726359,ca7,No. 09-1137
584534,ca9,97-30270
514008,ca11,09-14871
2500477,ca4,95-7788
1737437,ca4,84-6381
1692526,scotus,03-9499
65614530,scotus,No. 13–1404.
1344348,ca4,11-6898
635047,ca8,98-1705
65692848,ca7,No. 11-2159
96080,ca6,07-5486
15891672,ca11,18-11937
66384143,scotus,No. 91-6621
2202268,ca1,73-1307
66296114,scotus,No. 80-5458
1605380,ca5,04-40685
67677242,ca2,23-1049
66190030,ca9,No. 77-2855
1337478,ca2,13-28-ag
65724213,ca9,No. 08-35486
66448431,scotus,No. D-2004
2525683,ca9,07-16318
66645335,scotus,No. 17–6325.
3032651,ca2,15-428
1866846,ca4,95-2649
66290554,scotus,No. 79-5241
2829894,ca6,03-6521
2891255,ca8,02-3436
7155789,ca5,17-30356
66224368,ca2,"Dockets 84-7535, 84-7373"
4607935,ca5,15-41619
66647496,scotus,No. 18–5342.
2158749,ca4,05-7377
238838,scotus,01-7748
63776205,scotus,No. 09-7724
17360242,ca9,17-70001
66524435,scotus,No. 05-7594
647436,cadc,12501
178456,scotus,599
588114,ca8,10-2736
65616286,scotus,No. 15–5419.
18463857,ca4,19-1401
457366,ca9,91-10078
601893,ca4,72-2257
762007,ca9,78-2209
66271046,scotus,No. 74-6665
14832875,ca3,19-1447
66500048,scotus,No. 10-5207
2076398,scotus,02-479
17372351,ca9,19-56250
1679283,ca4,93-6265
65610710,scotus,No. 13–7636.
6258663,ca5,17-50140 Summary Calendar
66650848,ca3,No. 3125
1090526,ca5,72-1149
63994518,ca8,No. 14031
66366308,scotus,No. 89-1938
66288825,scotus,No. 78-1474; No. 78-1480; No. 78-1483
66532128,scotus,No. 99-7546
1197424,ca5,06-40205
66404152,scotus,No. 93-8787
17442513,ca9,19-17018
2887034,ca8,02-2010
66370340,scotus,No. 89-7683; No. 90-346; No. 90-365; No. 90-399; No. 90-458; No. 90-5073; No. 90-5101; No. 90-5266; No. 90-5454; No. 90-5606; No. 90-5632; No. 90-5816
144565,ca7,07-2266
71145926,ca11,23-10619
2369933,ca9,"05-71872, 05-71873"
1538202,ca7,08-3225
3039994,ca4,15-7236
66415748,scotus,No. 94-664
66506445,scotus,No. 12-6718
66554190,scotus,No. 82-1979
65292531,scotus,No. 686
66502379,scotus,No. 10-6756
873033,ca7,98-1828
707120,ca10,449-69_1
2895736,ca8,04-2869
66342306,scotus,No. 87-1220
2892433,ca3,07-1111
1644152,ca3,87-5719
1378046,ca4,76-2251
66189574,ca2,"No. 232, Docket 80-6029"
2675231,ca8,14-3465
64287608,ca9,No. 02-30087; D.C. No. CR 00-0309 BR
17069247,ca5,19-50019
60368320,ca1,19-1300E
2184964,ca6,88-6014
65300658,scotus,No. 769
66649265,scotus,No. 18–6557.
2207034,ca4,97-7642
63972834,ca9,No. 9640
65656296,ca9,"Nos. 02-16632, 03-15395"
1490893,ca6,77-1025
2823088,ca1,98-1986
949913,ca9,96-35081
66286471,scotus,No. 80
291937,scotus,04-6183
2901513,ca8,07-1768
66451517,scotus,No. 98-7942
747537,ca5,1089
66722292,scotus,No. 18–8949.
65668664,ca2,No. 03-0072
276989,ca7,13062
1193254,scotus,01-653
46644,cadc,19-1160
66531442,scotus,No. 99-6062
66475042,scotus,No. 02-1234
67125845,ca2,21-1892
189028,ca5,24272_1
504190,ca7,04-1632
66406980,scotus,No. 93-5811
2819191,ca1,92-1165
2253008,scotus,93-5819
65661241,ca2,"Docket No. 14-1010-bk, 14-1037-bk, 14-1062-bk"
66359968,scotus,No. 89-5430
65688156,ca4,No. 05-1057
66307735,scotus,No. 82-113
488024,ca4,76-1691
65609915,scotus,No. 13–437.
2618321,ca4,14-7384
1515216,ca4,75-2145
219110,ca4,96-2267
861832,ca5,71-2558
645928,ca6,11746
65296084,scotus,No. 285
66281723,scotus,No. 77-5500
65955511,ca2,No. 07-4307-ag
1120304,ca3,90-5727
65621121,scotus,No. 15–6370.
66510328,scotus,No. 11-5071
63984458,ca6,No. 10336
676186,ca9,77-2387
879325,ca9,433
66210148,scotus,No. 233
1619228,ca9,10-50566
508305,cadc,85-5174
65269550,scotus,No. 14–7584.
2853097,ca7,01-3977
66648313,scotus,No. 18–48.
65618622,scotus,No. 15–6926.
2898058,ca8,05-2984
40500,ca6,08-6368
990688,ca7,88-1848
213245,ca9,02-35727
16622199,ca4,19-7236
66225579,ca10,No. 85-1773
66551127,scotus,No. 96-243
66487113,scotus,No. 03-7567
476997,ca10,02-1234
2638464,ca5,14-20037
66247455,scotus,No. 5625
66315980,scotus,No. 83-2004
673919,ca2,358
1134000,ca2,145
254405,ca7,78-1472
925568,ca11,83-8870
2285826,scotus,03-8303
1051264,ca9,93-56395
2827593,ca6,00-6032
66205953,scotus,No. 105
840666,ca9,91-10493
17163206,ca4,18-2488
66288671,scotus,No. 78-6354
29099054,ca3,20-1898
66162745,cadc,"Nos. 22405, 22406, 22409"
985170,ca1,94-1719
1494142,ca3,93-7198
90627,ca10,02-2243
63928846,ca4,"Nos. 2681, 2682"
61579507,ca9,19-17267
66502102,scotus,No. 10-624
60375791,ca2,20-2706-cv
6263038,ca9,17-15601
550404,ca6,93-2514
575696,ca10,"10-3066, 10-3067"
509627,ca6,89-6339
66263947,scotus,No. 73-5921
66505496,scotus,No. 11-1307; No. 12-175; No. 12-192; No. 12-5565; No. 12-5718
64338699,scotus,No. 11-7181
2502097,ca5,79-2132
66276479,scotus,No. 75-6815
442927,scotus,244
2861016,ca7,09-1610
66551393,scotus,No. 96-6293 (A-263)
1989389,ca5,97-10787
970824,ca2,40
2292477,ca3,82-3379
66428300,scotus,No. 95-1730
2899,scotus,86-260
63977733,ca4,No. 5173
65267068,scotus,No. 14–6245.
1257993,ca9,84-2837
65628138,scotus,No. 16–8173.
66443250,scotus,No. 98-196
1381216,ca11,91-5810
2490116,ca4,96-7157
1476040,ca4,02-7190
66258330,scotus,No. 72-5941
66433783,scotus,No. 96-1750
1988286,ca5,97-41351
1268603,ca5,79-2382
951398,ca1,"80-1653, 80-1654"
2450535,ca5,96-30718
65283391,scotus,No. 500
849294,ca4,75-2195
66035371,ca4,No. 490
64286729,ca9,No. 01-17289; D.C. No. CV-00-00018-SMM
522602,ca8,77-1625
67325342,ca5,22-20530
6219084,ca4,17-6844
130677,ca7,13-1734
64286045,ca9,No. 01-57240; D.C. No. CV-94-06747-RMT
302966,ca9,81-4182
1210659,cadc,80-1594
957569,ca10,95-5237
1073180,ca5,11-60507
66187641,ca2,"Nos. 780, 950 and 951, Dockets 77-7603, 77-7623 and 78-7027"
322195,ca10,09-6085
66247888,scotus,No. 5587
59768438,ca3,20-2683
66371501,scotus,No. 89-7662
1218799,ca5,07-50649
66659578,scotus,No. 19-24
64332919,scotus,No. 10-9477
66480922,scotus,No. 03-5349
2099097,scotus,01-7746
64335308,scotus,No. 10-1532
694026,ca1,6560
748930,ca7,72-1336
15737639,ca11,18-12346
64013629,ca7,No. 14380
2253520,ca4,87-1582
1670285,ca9,10-50421
8342724,ca7,18-1462
1232077,ca11,03-11169
16169545,ca8,18-2748
6284230,ca2,17-598
66225823,scotus,No. 205
2046579,ca8,"14197, 14219"
66270306,ca9,No. 91-10516
660470,ca8,97-3423
655647,ca9,21438
64338381,scotus,No. 10-10693
63777167,scotus,No. 09-9825
66555157,scotus,No. 83-198
66251671,scotus,No. 1622
1218466,ca10,03-2106
65285551,scotus,No. 565
1324163,ca8,09-3550
66449701,scotus,No. 98-7304
66373798,scotus,No. 90-7082
499506,ca1,"88-1446, 88-1600"
17066957,ca8,18-3403
66389862,scotus,No. 91-1736
587773,ca7,09-2516
2493194,ca5,27985_1
63316354,ca5,21-30494
63970838,ca6,No. 8076
237179,ca11,97-3140
66502600,scotus,No. 10-7236
66228335,scotus,No. 325
2881053,ca3,05-4640
271030,ca9,08-70554
1188149,ca5,08-40402
188071,ca5,01-21203
65611580,scotus,No. 13–8365.
66199910,scotus,No. 652
2183179,ca11,12-13368
207503,ca11,06-11090
145715,ca5,92-01596
64349865,cadc,No. 1011
312775,ca1,00-1305
15831686,ca4,19-6482
2362500,ca11,90-6040
66388412,scotus,No. 91-7598
1994118,ca11,11-14258
66416631,scotus,No. 94-976
2037080,cadc,97-3133
873862,ca3,99-1256
2394869,ca4,86-1661
2855020,ca7,04-2722
603297,ca10,94-2213
732567,ca7,71-1271
694262,ca3,15584
2144203,cadc,79-1532
64328593,scotus,No. 10-6487
1153362,ca2,01-9173
60990366,ca9,20-17197
26110,ca4,20-2120
2842434,ca5,14-11276
63933069,ca9,No. 5993
1267552,scotus,93-5236
1826527,ca5,1315
66175430,ca2,"No. 825, Docket 74-2469"
63053695,ca5,21-30477
2876809,ca8,96-3042
2829398,ca6,04-1309
1484059,ca6,87-3775
66095301,cadc,No. 3274
64162784,ca6,No. 01-3270
66321131,scotus,No. 10-6846; No. 10-7378
854982,ca8,94-3525
66391930,scotus,No. 92-5303
66280912,scotus,No. 76-6904
2829192,ca6,04-5350
66193221,ca9,No. 82-5058
66358589,scotus,No. 88-7611
2455629,ca4,12-1313
486799,ca9,83-3854
66133563,ca6,No. 306
66390566,scotus,No. 91-8423
66341758,scotus,No. 87-644
66302309,scotus,No. 81-5427
64067639,ca9,No. 97-35990
912571,ca4,03-7525
66490621,scotus,No. 03-9403
29110807,ca11,20-12958
2125203,ca4,96-6399
783128,ca5,83-4198
66266185,scotus,No. 74-87
606135,ca1,93-1452
66231225,ca11,No. 86-7011
66362701,scotus,No. 89-6408
2440652,scotus,02-9513
66413509,scotus,No. 94-448
2507160,ca6,"7644, 7645"
66454393,scotus,No. 98-8962
336895,ca9,91-30275
64334735,scotus,No. 10-10328
1028943,ca9,"93-30121, 93-30128"
1712,ca10,19-3168
2480341,ca4,94-1747
66080708,ca5,No. 2856
66649939,scotus,No. 17–778.
66402645,scotus,No. 92-8584
260272,ca3,09-1945
189068,ca3,79-2636
1028509,ca6,11-1192
66257776,scotus,No. 72-5678
66213620,scotus,No. 886
331235,ca6,92-5125
2396029,ca5,93-02302
66165237,ca5,No. 30568
251762,ca6,"09-5500, 09-6200"
2443415,ca3,95-3348
1608900,ca5,92-1842
66505164,scotus,No. 12-5455
667060,ca9,23702
65294429,scotus,No. 514
1445000,ca6,71-1160
716713,ca8,04-3296
1535314,ca10,06-6191
66207678,scotus,No. 966
67654373,ca9,21-16977
515399,ca5,01-41309
1479322,ca5,71-1687
2668803,ca8,14-2159
780805,ca10,97-3074
65611392,scotus,No. 13–8383.
66342844,scotus,No. 87-1157
66426990,scotus,No. 95-8332
552448,ca5,08-11184
223478,ca4,79-1515
66419412,scotus,No. 94-1188
2419059,ca4,95-6329
279288,scotus,02-6084
2493986,ca3,93-5557
64110180,ca9,"Nos. 99-50239, 99-50245, 99-50333; D.C. Nos. CR-97-00776-WJR-03, CR-97-00814-WJR-1, CR-97-00776-WJR-1"
2481241,ca3,89-5699
59850043,ca9,17-16166
838297,ca7,74-1050
2464997,cadc,86-5086
65697432,ca5,No. 05-51014
13588040,ca2,18-227
1335717,ca9,09-72384
64274831,ca10,No. 01-6178
2836875,ca6,09-3530
2499624,ca5,91-4599
1497983,ca3,87-3701
927730,ca9,25951
842581,ca5,77-5234
1073724,ca4,11-2034
548280,ca10,94-6272
830910,ca4,90-2135
973832,ca8,8506
66167898,ca4,"Nos. 72-1242, 72-1264"
64021992,ca9,"Nos. 93-16609, 93-16745"
65688297,ca9,No. 04-30230
65265021,scotus,No. D–2772.
1741887,ca5,11-30645
710759,ca3,75-1136 and 75-1137
66114868,ca2,No. 169
66420164,scotus,No. 94-8085
2824134,ca4,97-2254
838810,ca9,91-35085
2407448,ca5,86-4756
2872565,ca3,05-1917
319702,ca2,"169, Docket 22219"
844180,ca6,92-4012
61383209,ca8,20-3231
66502392,scotus,No. 10-5764
65883224,ca1,"Nos. 06-2220, 06-2221"
42601,ca5,98-50851
66088607,ca4,No. 1549
318264,ca5,90-2370
66981207,ca4,23-6151
443331,ca11,08-12238
730555,ca8,04-1778
359690,ca5,95-60468
873582,ca5,98-30309
66543532,scotus,No. 95-5336
450756,ca3,83-3473
977042,ca9,9599
568137,ca3,10-1554
1955575,ca10,94-8006
59918809,ca5,20-11110
2595797,ca5,14-60061
64332809,scotus,No. 10-8986
1018117,ca6,92-2564
66211441,scotus,No. 605
66455753,scotus,No. 99-1098
66445326,scotus,No. 97-1489
64011443,ca7,"Nos. 13656, 13657"
981722,ca3,6233
14526026,ca8,18-2045
66370213,scotus,No. 90-628
66402049,scotus,No. 92-8729
804560,ca8,84-2483
64161043,ca6,No. 00-1377
2822654,ca1,97-2167
1377802,ca9,80-1371
469779,ca10,08-8058
66166665,ca5,No. 71-3053
65953292,ca2,No. 06-3613-cr
66357203,scotus,No. 89-5177
70309495,ca8,24-1154
6066905,ca2,16-828-cv
396811,ca11,00-12207
1016984,ca5,00-30635
63962659,cadc,No. 6810
18415,ca9,19-55974
16738833,ca7,19-1914
4583574,ca4,16-2056
1408287,ca4,91-2714
65712582,ca9,No. 08-35435
2349041,ca11,87-5674
2203188,ca5,95-50786
2145659,ca10,94-1242
6260740,ca11,17-13380
66436445,scotus,No. 97-8958
65269357,scotus,No. 14–618.
2222457,ca5,72-3429
2483166,ca5,97-30516
2003379,ca5,96-40207
66160788,ca4,No. 13559
66199723,scotus,No. 543
66356150,scotus,No. 88-6834
66327514,scotus,No. A-72
63924259,ca4,"Nos. 2439, 2440"
66284240,scotus,No. 77-1429
66370692,scotus,No. 90-6116
63922972,cadc,No. 4313
1994152,ca11,92-8296
4484095,ca9,15-55998
1512226,ca9,85-4030
704106,ca4,00-4253
1913504,ca3,90-1437
63993302,ca7,No. 9774
66236232,ca3,No. 87-3281
6163496,ca8,16-4197
243307,ca7,12053_1
5809,ca8,18-3244
64109264,ca9,No. 00-70103; I & NS A70-927-752
68387861,ca7,23-2480
2628421,ca5,13-41077
337114,ca6,"09-4533, 10-4242"
792906,ca1,06-1136
412654,ca2,"609, Docket 77-2085"
65265411,scotus,No. 13–10390.
291935,cadc,89-3052
69706116,ca10,24-7101
45284,ca11,97-2401
398848,ca1,95-1887
4556380,ca1,16-1307E
66084620,ca8,No. 4782
66237376,ca9,"Nos. 87-6114, 87-6166 and 87-6456"
66192291,ca10,Nos. 79-1848 to 79-1855 and 79-1857 to 79-1861 (Trial Group M)
78587,ca4,7061
65626154,scotus,No. 16–6715.
2306938,ca4,97-7515
7730629,ca5,18-50163
766028,ca2,"718, Docket 72-2073"
2502601,ca9,87-6029
725358,ca2,03-7773
1514810,ca9,83-5508
65616332,scotus,No. 15–5459.
739396,cadc,71-1083
66280971,scotus,No. 76-6999
66460706,scotus,No. 99-9592
3014214,ca4,15-4266
4109813,ca5,15-10854
65668612,ca9,No. 02-10100; D.C. No. CR-00-00535-WBS
875001,ca8,"02-4063, 03-2084"
65407127,ca1,21-1591P
66187920,ca3,"Nos. 78-2111, 78-2112"
65709790,ca5,No. 12-40937
65678423,ca6,"Nos. 03-1889, 03-2312"
23553,ca1,19-1804
1002951,ca3,93-3060
556603,ca10,90-2291
1389311,ca9,11-17585
64007463,ca5,"Nos. 18547, 18597"
57950,scotus,86-319
6449194,ca7,17-3023
523760,ca5,75-4398
66333077,scotus,No. 86-6190
1402913,ca5,74-1624
65612157,scotus,No. 13–8885.
384917,ca6,84-3534
818116,ca1,88-1371
692823,ca6,14677
2356557,ca5,94-10312
332989,ca9,13-15163
593436,ca11,10-13769
991188,ca5,91-3195
66245646,scotus,No. 1342
66232081,scotus,No. 478
2494583,scotus,93-365
66200725,scotus,No. 324
2854246,ca7,03-1604
18567663,ca2,19-0032
65291996,scotus,No. 999
65677781,ca2,Docket No. 03-2295
66537273,scotus,No. 00-10255
6241743,ca10,15-4173
66405125,scotus,No. 93-9324
65626805,scotus,No. 16–149.
95957,ca2,Docket 12-1293
2896262,ca8,05-1168
730044,ca7,"03-3950, 04-1193"
66376389,scotus,No. D-1016
66530989,scotus,No. 98-1904
66455972,scotus,No. 99-8094
66506222,scotus,No. 12-430
63974153,ca7,No. 7702
66213242,scotus,No. 501
66317617,scotus,No. 84-515
65884584,ca5,No. 03-51138
67408,ca4,00-1103
1031808,ca6,93-2463
16867678,ca7,18-3725
66398010,scotus,No. 92-7356
2857594,ca7,06-3816
74029,ca7,82-2493
1444169,ca4,81-6051
1098862,ca5,5790
193821,scotus,100
65000771,cadc,"Nos. 86-5492, 86-5532"
170174,ca11,04-15961
1101676,ca4,02-1220
1398955,ca3,83-5256
2874149,ca8,95-3718
2477296,ca5,90-2275
493692,ca6,88-1451
1372419,ca9,91-35711
164071,ca4,09-5195
64063694,ca7,No. 98-1325
3021981,ca11,14-11710
66506929,scotus,No. 12-6634
66129223,ca3,No. 12
2211999,ca11,84-8438
66344244,scotus,No. 87-1695
2446772,ca4,93-2404
2108708,ca4,83-6282
44165,ca5,08-30582
64001698,ca6,"Nos. 13049, 13050"
6058742,ca4,16-7413
2121580,ca3,85-5520
61494516,ca8,21-1602
938180,ca5,79-5431
2268498,ca4,99-7704
2838114,ca6,10-5780
64899353,ca11,20-13166
238994,ca10,12-4114
2896927,ca9,04-36167
2181629,ca5,07-30750
24956,ca5,98-50038
66352122,scotus,No. 88-6366
2665748,ca2,14-89
63163,ca8,13-1099
66455989,scotus,No. 99-8125
18728896,ca9,19-50024
65710081,ca7,No. 12-2475
915409,ca4,06-5044
63668382,ca9,Nos. 876-882
107788,ca5,01-21030
66045351,ca3,No. 51
310451,ca1,"97-2215, 97-2225, 97-2223, 97-2226, 97-2224, 97-2227"
526714,ca9,92-70183
65733009,ca5,No. 08-30890
399540,ca11,09-10521
2502413,ca3,94-5304
1025676,ca6,92-00085
6280251,ca4,17-7170
1502013,ca9,12-50611
6335166,ca5,17-40988 Summary Calendar
2356124,ca3,72-1069
2108128,ca5,88-3087
348840,ca6,92-6004
66513644,scotus,No. 11-8524
728976,ca3,02-2866
63979714,ca5,No. 10885
2829322,ca6,04-5597
874630,ca3,00-1979
1086885,ca5,79-2038
67113409,ca4,22-6054
339119,scotus,51
7200316,ca9,16-72746
66422576,scotus,No. 94-8670
65955573,ca4,No. 10-7690
66340791,scotus,No. 87-5922
1499898,ca2,89-1615
67852883,ca5,23-50260
66316786,scotus,No. 84-5165
2244297,ca5,97-20516
143608,scotus,1209
2227514,ca4,03-2280
2854684,ca7,04-2514
143098,cadc,05-5363
66341018,scotus,No. 87-698
2487692,ca7,81-2547
65618965,scotus,No. 15–450.
66549870,scotus,No. 95-8768
66356939,scotus,No. 89-202
65708087,ca9,No. 03-74666
16680387,ca9,19-70615
63366784,ca5,20-60867
14547712,ca3,17-2742
2463556,scotus,02-708
66396503,scotus,No. 92-282
616766,ca7,79-1815
624001,ca4,97-4539
66344726,scotus,No. 86-1712
873526,ca6,98-5862
283225,ca6,84-3853
736846,ca9,04-15577
1920709,ca9,95-70206
757281,ca2,"209, Docket 76-7134"
432581,ca10,8027_1
879008,ca10,11-3369
65714000,ca9,No. 06-35041
2443495,ca8,86-2532
65713869,ca9,No. 07-15056
656988,ca6,17208
65285384,scotus,No. 633
2113221,ca3,85-1382
655203,ca5,22965_1
2055393,ca9,21776
1685273,ca4,96-1599
66477937,scotus,No. 02-197
65956082,ca9,No. 12-50404
1263536,ca4,85-7548
364091,ca5,79-5307
66516766,scotus,No. 02-8035
66429054,scotus,No. 96-6227
672157,ca8,17135_1
63977118,ca9,No. 10202
65896072,ca9,"Nos. 04-71347, 04-73913"
313618,ca1,03-1839
66342440,scotus,No. 87-6297
418502,ca7,"93-1380, 93-1408 and 93-2003"
2083427,ca7,77-1322
778513,ca10,96-2198
65615333,scotus,No. 14–1398.
65289898,scotus,No. 390
66549744,scotus,No. 95-1997
66470383,scotus,No. 01-1276
1981514,ca5,90-2594
1414504,ca4,76-2304
65271500,scotus,No. 14–900.
1351375,ca1,74-1229
1145194,ca8,74-1102
945321,cadc,76-1958
65715925,ca2,No. 08-5016-ag
66282172,scotus,No. 77-5553; No. 77-5620
6259847,ca9,10-99005
616158,ca9,14164
67640882,ca4,23-4487
2817061,ca2,06-1059-cv
630280,ca6,78-3091
66395717,scotus,No. 92-6358
66273867,scotus,No. 75-1269
66291605,scotus,No. 79-5856
14573741,ca3,18-1162
518919,ca2,95-2262
1999183,ca5,97-30858
66093554,ca8,No. 5131
653090,ca9,90-16460
65670772,ca9,"No. 02-35583; D.C. Nos. CV-01-01471-TSZ, CR-97-00266-WD"
65717267,ca5,No. 08-50777
787667,ca5,90-4279
66192539,ca3,No. 82-1044
1729365,ca8,89-2095
1184127,ca1,81-1217
2890218,ca9,08-50516
59696557,ca11,20-12836
516742,ca11,09-16048
65886382,ca9,No. 05-30317
821845,ca1,89-1120
536753,ca5,80-5370
66725165,scotus,No. 19-6232
346832,ca3,81-2265
16457071,ca1,17-1334P
67481769,ca4,23-4381
65628505,scotus,No. 16–1040.
2165654,ca11,81-5470
64005387,ca1,"Nos. 5448, 5449"
65300448,scotus,No. 171
917257,ca4,08-4976
66238240,ca9,"Nos. 87-7138, 87-7146, 87-7208 and 87-7209"
1396000,ca2,10-514
654439,ca10,91-3088
1986574,ca5,94-60056
65724545,ca9,No. 07-56131
66202104,scotus,No. 173
67645904,ca5,22-11159
1140440,ca11,95-9594
372833,ca10,"80-2098, 80-2143, 82-1176 and 82-1177"
65698305,ca9,No. 03-74436
526885,ca6,91-4047
66228079,ca11,"Nos. 86-5379, 86-5458"
66555065,scotus,No. 83-5362
1464895,ca5,04-41224
3066524,ca11,15-14513
2237447,ca6,85-6141
66529663,scotus,No. 00-5491
2819486,ca1,93-1250
487581,ca8,87-1419
227227,ca4,7276_1
2414680,ca5,05-51664
66345971,scotus,No. 87-1903
61606920,ca9,19-17547
65966502,ca5,No. 17-40635 Conference Calendar
2922395,ca9,05-55083
877584,ca2,10-3545-cr
1097106,ca7,92-4002
66111826,ca8,No. 6084
66507481,scotus,No. 12-554
66436144,scotus,No. 97-8405
4550492,ca7,15-1809
896820,ca8,12-2292
65953650,ca9,No. 05-74541
66238245,ca2,"Nos. 1207, 1208, Dockets 87-6070, 88-6078"
66175882,ca9,No. 74-2453
8049208,ca4,18-6597
64344658,scotus,No. 02-1041
303728,ca2,09-0124-cv
6150460,ca9,14-70378
2483046,ca5,25819
64068157,ca2,No. 99-6076
559990,ca1,91-2018
812212,scotus,02-217
66711083,scotus,21-1449
2089364,ca6,78-1174
1071586,ca8,98-2569
66448001,scotus,No. 98-6783
1689793,ca5,95-50298
2371506,ca4,07-7424
2833473,ca6,05-4461
2056718,ca11,91-5327
762326,ca9,24434_1
2448119,ca11,96-2513
221635,ca4,81-1107
60390781,ca9,21-10011
619121,cadc,19860
813131,ca6,86-1860
69151954,ca9,23-35289
472945,cadc,10918_1
903890,ca10,81-1531
221685,ca5,14284
2861266,ca7,08-3642
404202,ca5,80-1377
65713657,ca2,No. 08-3001-ag
65660671,ca2,No. 13-1272-cv
66488777,scotus,No. 03-8383
66182546,ca4,Nos. 77-1471 — 77-1473
65686559,ca9,No. 04-16528; D.C. No. CV-04-00135-HG
229958,ca10,5706
29082821,ca4,20-7055
66074187,ca2,No. 223
64331167,scotus,No. 10-7871
66283713,scotus,No. 77-6119
65698975,ca2,No. 05-1752-PR
2013672,ca5,94-20888
1054583,ca6,94-3961
66291737,scotus,No. 79-5114
727436,ca9,03-15395
2891361,ca8,03-2781
66728257,scotus,No. 19-7393.
2822210,ca1,97-1823
64286249,ca6,No. 01-4053
66720576,scotus,No. 18–7570.
1901834,ca4,08-8454
68151599,ca8,23-2167
65626793,scotus,No. 16A750.
223373,ca9,79-1631
65610556,scotus,No. 13–7740.
2922111,ca9,07-35753
2136528,ca4,95-2963
66355535,scotus,No. 89-77
76379,ca11,04-11163
66379978,scotus,No. 90-1802
3055215,ca5,15-40254
8068155,ca11,17-11813
66452191,scotus,No. 98-8075
178961,ca7,01-3099
731229,ca5,76-1434
65272425,scotus,No. 14–1131.
182668,ca3,88-5621
66284921,ca9,"Nos. 92-10149, 92-10173, 92-10174, 92-10190, 92-10207"
101942,ca2,818
13225,ca8,19-8014
268767,ca11,98-4909
66396407,scotus,No. 92-728
598634,ca2,09-2962-cv
66023229,ca7,No. 613
1067150,ca8,"96-3876, 97-1529"
1308246,ca10,4370
66263821,scotus,No. 73-1255
66320201,scotus,No. 84-5484
1642605,ca3,4247
731236,scotus,01-9002
259052,ca4,86-3516
2447084,ca2,85-7150
66529775,scotus,No. 00-6023
13589110,ca9,18-16257
66224331,ca8,No. 86-5084
2891642,ca3,07-3429
4560008,ca11,16-14905 Non-Argument Calendar
2135,ca7,17-2836
66455432,scotus,No. 98-9188
65619979,scotus,No. 15–7627.
871563,ca1,97-9409
59901222,ca9,20-70024
1503807,ca11,93-9124
4480037,ca5,16-40077
1147665,ca4,13-6995
910495,ca4,02-1873
6166604,ca2,17-1048-cv
348562,ca6,93-2568
65714368,ca9,No. 06-74176
4545525,ca4,16-6807
66262550,scotus,No. 73-561
2025631,ca5,06-10107
66284873,ca2,"No. 242, Docket 92-7523"
65726479,ca9,No. 07-71710
66409890,scotus,No. 93-1903
1380655,ca3,93-7090
66543659,scotus,No. 95-5494
1507005,scotus,"Nos. 62, 64"
960455,ca1,"2784, 2785"
553907,ca10,91-6023
66475680,scotus,No. 02-9846
60076958,ca8,19-3162
63580019,ca1,22-1002P
318907,ca11,91-5436
64335534,scotus,No. 10-10649
66506355,scotus,No. 12-415
1512669,ca1,89-1432
66528720,scotus,No. 99-10172
2421407,ca4,77-1947
259643,ca11,07-12315
449015,ca5,81-2477
66274671,scotus,No. 74-1106
930449,ca4,03-1757
66501366,scotus,No. 10-5082
756807,ca8,11-3266
1122531,ca9,08-57060
64325697,scotus,No. D-2491
594513,ca6,96-5524
64996130,cadc,No. 84-5039
2893723,ca3,04-4162
66493727,scotus,No. 04-8515
1459285,ca5,85-3224
66060968,ca9,"No. 1,875"
275006,scotus,291
974497,ca3,8651
1055959,ca3,72-1821
271513,ca6,6715
66419841,scotus,No. 94-1294
191268,ca6,20093_1
66361411,scotus,No. 89-6336
24840,ca3,88-5984
68395610,ca4,22-6946
65297405,scotus,No. 357
1920273,ca1,78-1475
977158,ca3,86-3584
1021129,ca4,11-4000
641283,ca3,17180
2099837,ca10,04-5111
173877,ca3,09-1048
1299828,ca9,"74-2696, 74-2092 and 75-2695"
65705313,ca9,No. 07-30454
2502296,ca5,90-4323
65709504,ca9,No. 11-16205
65697915,ca9,No. 04-73739; Agency No. A95-599-611
258893,scotus,01-9998
65721201,ca11,No. 08-16501
1487322,ca3,78-1964
853164,ca7,"95-1817, 95-1833"
56903,ca9,78-3334
16873897,ca3,19-1063
66479307,scotus,No. 02-10983
66200979,scotus,Nos. 433 and 434
66328797,scotus,No. 11-9648
364553,ca5,1110
490056,ca8,87-1555
756869,ca5,73-3393
1211441,ca8,86-1297
589368,ca7,"01-1964, 01-2379"
2837314,ca6,"09-6147, 09-6272, 09-6274"
65953096,ca9,No. 06-56439
320412,ca3,89-1962
66307413,scotus,No. 81-2361
66648271,scotus,No. 18–6049.
67733881,ca1,23-1426
180890,cadc,13566
116025,scotus,205
59841369,ca5,20-50425
4424997,ca8,16-1014
65673711,ca2,No. 01-302
66280253,ca2,"No. 590, Docket 92-7807"
903144,ca4,95-5562
66236645,scotus,No. 66; No. 548; No. 670; No. 712; No. 637
1055750,ca11,11-11250
2451587,scotus,03-10598
1656804,ca4,81-8217
2276929,ca4,90-6618
66728461,scotus,No. 19-7943.
66130255,ca9,No. 123
65698163,ca9,No. 04-30263; DC No. CR 04-00006 EJL
66464113,scotus,No. 00-9137
671448,ca2,12-2209-cr
1214445,ca5,06-41740
65611555,scotus,No. 13–8137.
900786,ca3,12-1378
2861638,ca7,09-2275
66502763,scotus,No. 10-8108
1901606,ca3,90-3746
608405,ca7,94-3846
2438812,ca1,88-1124
70610,ca2,80-1194
300673,ca9,"77-3531, 77-3532"
2481690,ca9,79-3504
65620639,scotus,No. 14–1507.
6067834,ca9,16-50275
30560,ca10,13-2003
66459366,scotus,No. 99-8888
66240498,scotus,No. 1191
671238,ca2,27516_1
66202174,scotus,No. 181
1831639,ca4,00-6954
2884253,ca8,01-1022
788717,ca8,20439
2833645,ca6,07-3840
3898,ca9,19-15299
63944293,ca2,No. 96
484772,ca7,96-1005
2651615,ca4,14-7845
905279,ca4,95-5919
6146127,ca2,16-0452-pr(L)
1264660,ca9,81-5146
65299989,scotus,No. 375
153498,ca5,78-5765
2380418,ca4,83-5134
278083,ca6,87-6120
69900391,ca7,24-2572
2030754,ca4,88-7035
843568,ca8,92-1181
2483959,ca4,02-7749
63923846,ca2,No. 287
64280609,ca8,No. 01-2857
66446253,scotus,No. 98-5113
1059055,ca6,92-5384
66326998,scotus,No. 85-6682
916282,ca4,07-1976
1002373,ca5,01-60527
683397,ca4,12-1795
65689356,ca2,Docket No. 04-6528-PR
66549311,scotus,No. 04-8400
66334418,scotus,No. 86-6518
69692423,ca11,24-11634
632190,ca5,91-1650
27056,ca5,95-10755
2681380,ca9,13-15707
916134,ca10,00-1231
2902787,ca8,07-3850
297604,ca2,08-2362-ag
345294,ca5,72-2572
1375799,ca5,83-4113
63927461,ca8,No. 7564
181045,scotus,03-290
240136,scotus,76-616
66554511,scotus,No. 82-7034
226515,ca8,82-2167
363230,ca4,14-6381
1770335,scotus,02-7254
1727228,ca4,7305
65705751,ca2,No. 08-0431-cr
1990615,ca5,89-5520
2355958,ca3,73-1374
66214524,scotus,No. 122
230400,cadc,11763_1
65888390,ca9,No. 05-55812
66359754,scotus,No. 89-564
69267859,ca11,23-10901
66298970,scotus,No. 80-6442
1983914,ca5,91-2402
414637,ca2,Docket 13-1614
1105228,ca4,05-4633
307792,ca5,97-20062
844560,ca6,"09-4078, 09-4079"
67321689,ca3,22-2846
64153193,ca9,"No. 99-55828, 99-56060; D.C. No. CV 98-1899 DDP; Bankr.Adv. No. AD 96-02590 TD; D.C. No. CV 98-6523 DDP; Bankr.Adv. No. AD 96-03893 TD"
66404409,scotus,No. 93-8624
605919,ca11,93-3574
65286980,scotus,No. 675
44023,ca5,03-10709
66243774,scotus,No. 888
604213,ca4,93-1904
66265781,scotus,No. 73-1816
1109737,ca9,9133
65268483,scotus,No. 14–266.
2834263,ca6,08-5166
66540573,scotus,No. 95-6341
66069293,ca8,"No. 3,823"
15867950,ca2,18-2172
4620905,ca11,16-15006 Non-Argument Calendar
63951204,ca3,No. 5253
2103461,ca2,Docket 08-3218-cr
875897,ca4,11-6672
66141274,ca8,No. 745
63965029,ca8,No. 11194
951488,ca9,96-16962
2864290,ca6,14-6537
6089404,ca2,17-780
65421184,ca3,21-1372
646527,ca10,05-4133
66471062,scotus,No. 01-9865
4554785,ca4,16-1828
63406756,ca9,15-73716
66195087,ca2,"No. 504, Docket 83-7687"
66288369,scotus,No. 78-6086
63990913,ca7,"Nos. 9546, 9547"
8504293,ca7,17-2521
1899218,ca4,80-6754
66468369,scotus,No. 01-8008; No. 01-8993
854111,ca7,95-2072
66346233,scotus,No. 87-6499
66214817,scotus,No. 245
2480034,ca4,89-6325
66322395,scotus,No. 85-277
66645876,scotus,No. 17–8057.
2094876,ca5,08-40235
18464299,ca4,20-1371
1012838,ca11,00-14573
65272692,scotus,No. 14–9473.
66226131,scotus,No. 467
65272290,scotus,No. 14–9240.
6250030,ca8,16-3553
2136177,ca8,95-1076
66523071,scotus,No. 04-10063
66211196,scotus,No. 475
66189497,ca8,"Nos. 79-1275, 79-1346"
66131585,ca3,No. 14
1355218,ca4,08-7713
66172853,ca4,Nos. 73-1080 to 73-1083
100185,ca11,98-2287
1018426,ca3,77-1064
65612021,scotus,No. 13–656.
66229991,scotus,No. 763; No. 937
6125577,ca3,16-2208
66398340,scotus,No. 92-7452
845220,ca2,10-4033
551705,scotus,02-10127
292563,ca6,293
171482,ca5,03-30027
109185,ca2,10-4893
342346,ca5,04-40547
66362321,scotus,No. 89-6710
1542899,ca11,05-13809
66458895,scotus,No. 99-9129
441603,scotus,04-6976
66428000,scotus,No. 95-1599
2479911,ca6,87-6051
1603004,ca8,76-1705
530826,ca10,10-5055
2160476,ca2,73-2617
517212,ca4,98-2545
2413489,ca5,91-4563
1911238,ca11,95-4484
2891845,ca9,07-55791
64009757,ca5,Nos. 18941-18944
67694333,ca4,23-1806
66298787,scotus,No. 80-1432
66971642,ca4,22-7471
4119162,ca10,16-6119
1736121,ca5,84-4169
18652717,ca9,19-15541
66211704,scotus,No. 762
2485291,ca9,24252_1
67078799,ca4,23-1242
709076,ca7,17347_1
26059817,ca3,20-2386
756737,ca8,80-1546
44627,scotus,79-1517
18463736,ca4,20-1012
301395,ca8,89-5176
6171127,ca9,15-55116
65285655,scotus,No. 185
63925393,ca9,No. 4953
185556,cadc,16351_1
65708909,ca9,No. 07-10197
66512567,scotus,No. 11-465
66434023,scotus,No. 97-5106 (A-49)
3035658,ca3,14-2881
65687213,ca9,No. 04-55021
66142958,ca8,No. 579
17110546,ca7,19-2635
517803,ca8,15130_1
66747072,ca4,22-2199
959512,ca10,99-6243
470024,ca4,81-1945
66267857,ca8,No. 90-1736
66381781,scotus,No. 91-6000
66420428,scotus,No. 94-8117
60684165,ca1,19-1787E
2912110,ca11,12-15408
66424206,scotus,No. 94-9483
66390175,scotus,No. 91-2021
66501121,scotus,No. 10-379
65966014,ca4,No. 17-1910
665258,ca10,95-3328
66649838,scotus,No. 18M80.
66045970,ca6,"No. 1,593"
2920512,ca11,09-11961
65269117,scotus,No. 14–548.
4423849,ca11,15-14069
2896584,ca8,05-2121
522553,ca5,92-2098
2377714,ca5,04-40540
66341094,scotus,No. 87-354
2088604,scotus,03-9081
66498936,scotus,No. 09-11330
65883012,ca8,"No. 03-4049, 04-1063"
66514739,scotus,No. 01-1490
2902758,ca8,07-2903
1406327,ca2,89-1212
6156,ca10,19-1358
8049206,ca4,18-6662
66057677,ca7,"No. 1,627"
1151848,ca4,95-5420
66283842,scotus,No. 77-6449
2164150,ca2,73-1492
587199,ca6,"09-6035, 09-6061"
1659985,ca9,08-73833
2178470,ca5,75-2153
245613,ca7,96-1265
712651,ca8,98-3318
65286202,scotus,No. 863
477395,ca10,03-1422
65891059,ca9,No. 05-74182
562905,ca10,92-9515
65956814,ca4,No. 08-7550
66545643,scotus,No. 03-10572
612320,ca2,1092
2859891,ca7,07-2609
66308946,scotus,No. 82-769
2465186,ca4,03-1201
65884154,ca5,No. 02-51409
66337173,scotus,No. 86-6784
66488907,scotus,No. 03-8700
125983,cadc,09-7035
240732,scotus,85-5386
749486,ca5,73-1335
65629370,scotus,No. 16–8901.
2472236,ca1,94-1273
1114852,scotus,233
397361,ca4,03-7506
66512762,scotus,No. 11-7468
309867,ca3,13-2398
2922987,ca9,11-72055
2465141,ca11,91-4233
2489660,ca5,93-08471
159009,ca11,95-2502
66473870,scotus,No. 02-1140
2921526,ca11,08-10453
1260762,ca6,83-5359
59986095,ca10,20-9558
849957,ca9,93-70746
823810,ca4,"13-4819, 13-4824, 13-4827"
430987,ca4,76-1301
65712733,ca4,No. 13-7643
1038772,ca3,86-5353
220742,ca6,75-1388
65298173,scotus,No. 744
63103830,ca5,21-50825
66373955,scotus,No. 90-1301
66393518,scotus,No. 92-5784
485415,ca7,86-2435
66500013,scotus,No. 10-6104
783953,ca10,98-4203
66203062,scotus,No. 476
626791,ca10,00-4169
280852,ca6,87-1990
67655655,ca4,22-4642
65711532,cadc,No. 13-5180
647978,ca7,11427_1
66460056,scotus,No. 99-9237
729381,cadc,04-1084
66310324,scotus,No. 81-6593
66200335,ca2,"Nos. 1368, 1429, Dockets 84-7147, 84-7159"
861722,ca3,93-5241
2473520,ca2,"360, Docket 71-1746"
65298637,scotus,No. 234
1021685,ca3,10-1627
65287322,scotus,No. 860
2823323,ca1,99-1375
267819,ca8,88-2694
715362,ca5,27705_1
237543,ca2,24300_1
739678,ca3,01-3956
66258611,scotus,No. 72-1033
66406685,scotus,No. 92-8405
66310519,scotus,No. 82-1084
64021107,ca11,No. 92-6257
2228250,ca5,76-1613
65956625,ca4,No. 11-6195
2452720,ca6,83-1764
661513,ca4,97-1931
632183,ca9,95-15861
440580,ca9,97-10191
109231,ca7,12244-12246_1
144985,ca4,12274_1
2156403,ca2,87-1526
2300101,ca9,19122_1
66218245,ca6,No. 85-5616
66331803,scotus,No. 86-6
2403444,ca11,92-6564
1434774,scotus,03-1686
2888335,ca8,02-1988
359088,ca8,18792_1
4572719,ca9,15-30317
65910607,ca9,No. 06-30198
994236,ca9,"88-5073, 88-5076"
633218,ca4,01-2246
1715599,scotus,04-9604
66415078,scotus,No. D-1462
700045,ca6,80-1433
1851368,ca5,88-2099
66246904,scotus,No. 426
1074794,ca3,12-1259
189638,ca5,25529
2892637,ca8,03-3791
376579,ca4,13-2415
66201596,scotus,No. 514
1794827,ca5,08-40408
1649534,ca9,08-71114
66525471,scotus,No. 05-7379
445689,scotus,49
3057728,ca1,13-2133P
66647290,scotus,No. 18–5139.
264325,scotus,01-10727
2501969,ca10,5012_1
15998789,ca5,18-11350
762591,ca9,06-70941
687734,ca1,Misc. 76-8077
66357947,scotus,No. 88-7616
15823453,ca8,18-1751
65276632,scotus,No. 404
66274564,scotus,No. A-1079
464372,ca10,03-1445
67237785,ca9,21-106
2052059,ca11,88-5686
66203305,scotus,No. 545
1150850,ca3,"06-9000, 06-9001"
1254471,ca2,93-7526
66360404,scotus,No. 89-802
64168861,ca10,No. 01-3191
66186711,ca1,"Nos. 78-1036, 78-1037"
2327994,ca11,81-7282
65279444,scotus,No. 682
66721457,scotus,No. 18–6878.
2819004,ca1,92-1742
63977033,ca10,No. 2671
2019707,ca2,89-1381
913453,cadc,11-7126
70920628,ca9,25-1246
1490155,ca3,93-7751
16484672,ca2,17-2306
66534819,scotus,No. 99-289
1125211,ca9,9273
2897328,ca8,04-3996
64338248,scotus,No. 11-6591
65936459,ca2,No. 07-4663-ag
984411,ca7,87-2975
17040685,ca2,19-2747
65709141,ca11,No. 08-12909
66546504,scotus,No. 04-5499
65959440,ca4,No. 13-7292
2833605,ca6,06-4500
66129053,ca7,No. 8
66425868,scotus,No. 95-7525
66253763,scotus,No. 71-817
326204,ca4,07-6750
66286535,scotus,No. 78-525
66312203,scotus,No. 81-2332
392349,ca2,"1249, Docket 75-7308"
696541,ca2,"34, Docket 29710"
65627866,scotus,No. 16–6963.
64281086,ca6,No. 01-3976
1994900,ca9,84-7402
59854091,ca9,19-56453
761996,ca7,74--1196
595779,ca10,07-8049
63949363,ca2,No. 285
66358013,scotus,No. 89-458
530554,ca5,10-20253
883836,ca8,09-3017
66500397,scotus,No. 10-6408
2887591,ca9,06-73874
65965819,ca5,No. 17-20033 Conference Calendar
66724063,scotus,No. 19-149
2465975,ca11,93-4099
172543,ca9,12173_1
742924,ca2,Docket 01-1636
2871801,ca3,02-4258
703729,ca2,34533_1
66379873,scotus,No. 91-197
591815,ca10,05-4284
2329576,ca8,91-1069
17472439,ca9,18-35992
69657062,ca11,24-11048
144408,ca10,13-6035
189351,ca6,17846
66248200,scotus,No. 48
63963444,ca6,No. 7400
66482104,scotus,No. 03-5732
788082,ca10,02-4219; D.C.02-CR-198-B D.Utah
322565,ca10,"09-4205, 09-4209"
2465353,ca9,22531_1
2001578,ca3,95-1888
317517,ca3,07-2670
65911023,ca9,No. 06-73124
63980730,ca7,No. 8698
2897879,ca9,09-16427
49114,ca10,92-5085
2916073,ca11,09-12886
66287849,scotus,No. 78-948
1003874,ca1,90-1096
737469,ca5,90-3483
1102467,ca4,02-4495
66057613,ca3,No. 61
66156892,ca3,"Nos. 16067, 16068"
66221348,ca9,No. 85-5817
1009464,ca6,91-2277
1679062,scotus,02-806
66533486,scotus,No. 99-5303
68849529,ca1,23-1194
1176855,ca4,95-6696
636314,ca3,74-2253
890283,ca9,12-55009
732593,ca8,04-2078
65692563,ca5,No. 05-50874
65666261,ca6,No. 02-3027
1036696,ca8,93-4009
196917,ca9,73-2504
66254726,scotus,No. 71-1285
2185441,ca5,87-3503
66335368,scotus,No. 86-6638; No. 86-6677; No. 86-6700; No. 86-6750
65264727,scotus,No. 13–7600.
295361,ca8,12-3575
66380884,scotus,No. 91-5784
734284,ca2,Docket 04-1738-AG
65610356,scotus,No. 13–115.
63315737,ca7,21-2220
67519433,ca2,22-171
783672,ca9,91-16220
66257849,ca9,No. 89-35872
595277,ca7,71-1170
65662046,ca7,No. 14-2380
399262,ca7,95-1565
66114751,ca6,No. 3780
2824894,ca4,01-1648
2010699,ca2,03-7679
1612300,cadc,"09-1155, 09-1186"
1571834,ca5,12-10030
625587,ca4,98-2081
66508385,scotus,No. 12-7831
66221147,scotus,No. 910
2425645,ca1,91-1027
65884439,ca5,No. 03-50788
232689,ca10,93-3230
66334507,scotus,No. 86-849
65707169,ca9,No. 07-16887
66337998,scotus,No. 87-5162
1648984,ca11,85-3973
315739,ca3,13-1946
66181543,ca5,No. 76-3628
65679343,ca9,No. 02-72935; Agency No. A75-670-783
1153425,scotus,01-7806
66427302,scotus,No. 95-8474
65285653,scotus,No. 180
64095935,ca2,"Docket Nos. 01-1144(L), 01-1314(Con), 01-1315(Con)"
201206,ca3,12087
3041449,ca9,13-17368
1091004,ca7,12-2997
66424808,scotus,No. 95-7987
63929955,ca9,No. 5494
66551867,scotus,No. 96-6136
66265523,ca8,No. 90-2652EM
970336,ca2,203
2885822,ca8,01-2641
2877761,ca8,97-2711
66213336,scotus,No. 768
623268,cadc,20571_1
1380337,ca3,14589_1
66961638,ca5,22-20028
60361678,ca8,21-1425
543030,ca9,92-30436
66193385,ca9,"Nos. 81-7418, 81-7589, 82-7157 and 82-7321"
66379772,scotus,No. 91-5499
66284590,scotus,No. 77-1572
66373903,scotus,No. 90-7160
1593554,ca1,06-2216
66245672,scotus,No. 1331
66310727,scotus,No. 82-6245
440807,ca4,6037
929424,ca1,76-1474
66204552,scotus,No. 331
66259465,scotus,No. 72-1308
66395432,scotus,No. 92-372
66204771,scotus,No. 185; No. 381
63983196,ca2,"No. 56, Docket 20316"
594489,ca10,07-6134
540750,ca9,75-3054
67601334,ca9,20-35733
1251550,ca6,87-1325
932024,ca5,73-1308
2907104,ca9,05-75850
2380740,ca10,90-3048
63942843,ca6,No. 5915
1040278,ca5,1402
67345487,ca2,22-2629
2838021,ca6,10-4588
63991963,ca7,No. 9566
64926965,ca9,21-50287
66211031,ca1,Nos. 84-1937 to 84-1939
1286163,ca3,85-5645
59869721,ca8,20-3692
273235,ca5,24623
108855,ca5,99-31353
261023,ca5,13-60479
1404739,ca9,77-1170
759030,ca10,96-6341
2642901,ca11,14-11111
2155679,ca4,96-6244
65716712,ca9,No. 04-75987
120442,scotus,02-10437
64335782,scotus,No. 10-10973
357024,ca6,"13-5697, 13-5700"
2318456,ca5,90-8473
68977775,ca5,24-40035
63777431,scotus,No. 09-7853
386349,ca9,74-2211
2822931,ca1,97-1831
66096396,cadc,No. 1275
67229123,ca2,22-1717
332231,ca1,5869_1
1399639,ca5,13-20528
66554914,scotus,No. 83-5244
66226394,scotus,No. 642
1878817,ca3,87-1194
64472570,scotus,No. 90-521
67836733,ca3,22-2701
66387010,scotus,No. 91-7772
2819168,ca1,93-1223
61564357,ca9,20-16762
2332312,ca6,86-5673
819114,ca2,87-1097
976784,ca5,20909_1
2904846,ca8,08-2659
65277245,scotus,No. 339
1105181,ca4,05-1207
69522516,ca11,23-14019
63933142,ca3,Nos. 4094-4101
66261316,scotus,No. 73-5023
59774006,ca4,20-7631
4425111,ca3,15-2804
17231594,ca9,18-17453
870922,ca9,97-15919
1815749,ca3,93-3269
404973,scotus,289
66218746,scotus,No. 1063
634553,ca5,77-5451
2473096,ca11,94-2549
1986085,ca7,94-2345
66534063,scotus,No. 99-1114
66347982,scotus,No. 88-5367
66286855,scotus,No. A-580 (78-437); No. A-374 (78-689)
66245251,scotus,No. 307
1066931,ca5,11-41144
65656192,ca2,Docket No. 02-0340
156495,scotus,04-6684
1307588,ca4,90-1731
570915,ca9,12271
421112,ca5,09-40508
756900,ca5,75-3162
69349135,ca3,23-2569
66257814,ca8,No. 90-2438EA
735066,ca9,93-35196
909087,ca4,01-4175
421695,ca9,78-2234
1357071,ca5,14-40105
3032469,ca1,14-2173P
65908695,ca2,No. 05-3731-ag
974942,ca6,86-5528
66399416,scotus,No. 92-7860
1901962,ca11,89-8260
1607678,ca2,72-2432
905990,ca4,97-2452
274961,ca6,83-3414
2920977,ca11,08-11807
321693,ca10,91-2108
66723040,scotus,No. 18-9076
910953,ca4,03-1044
6352596,ca8,17-2883
6869547,ca6,17-6268
718619,ca7,17579
505343,ca2,"245, Docket 88-1513"
1984826,ca5,96-10073
1231890,ca3,9863
235663,ca5,09-10076
66365430,scotus,No. 89-7552
64226122,ca9,No. 01-30148; D.C. No. CR-00-00347-TSZ
66192856,ca10,No. 80-2297
66234934,ca4,No. 86-3628
566452,ca1,08-1022
66515759,scotus,No. 02-6508
66529695,scotus,No. 00-5583
8345033,ca5,17-11433
152866,ca6,13809_1
2494594,ca5,77-1096
66659583,scotus,No. 19-214
66418465,scotus,No. 94-7181
777777,ca10,08-4158
2853575,ca7,02-2216
996836,ca4,89-1542
66240115,ca10,No. 86-2350
1213620,ca4,89-6836
612401,ca7,91-2154
325235,ca3,94-5536
1059123,ca4,95-5801
1199356,ca1,84-1972
67218086,ca5,22-10905
66276179,scotus,No. 76-5159
66419068,scotus,No. 94-7726
64334329,scotus,No. 10-10454
65291499,scotus,No. 276
1331414,ca11,94-2810
69584304,ca9,24-1227
66389300,scotus,No. 91-8111
64329630,scotus,No. 10-5748
977032,ca3,7620
65690764,ca9,No. 04-75457
66299166,scotus,No. 80-6502
66260920,scotus,No. 72-6737
1714535,ca11,86-3280
66547059,scotus,No. 03-1691
6361462,ca11,17-12967
63922652,ca8,No. 6889
64894352,ca5,21-50958
1117165,ca4,79-8298
391121,ca5,09-31201
64326263,scotus,No. 09-10669
65964311,ca4,No. 16-7275
639236,ca4,04-6659
66167206,ca2,"No. 587, Docket 71-2177"
1004191,scotus,01-8924
1300201,cadc,85-1752
739613,ca6,00-3518
65896440,ca9,"Nos. 06-50060, 06-50063"
66446327,scotus,No. 98-6064
553587,ca2,"177, Docket 75-7314"
66107097,ca3,No. 2847
66541888,scotus,No. D-1622
14976659,ca11,16-12393
1962797,ca5,02-30866
2470499,ca10,92-7117
152459,ca9,92-16364
1500194,ca5,83-3783
1026539,ca9,93-15594
68035215,ca7,23-1460
65954731,ca2,No. 07-1641-cv.
66644075,scotus,No. 17–5370.
407958,ca9,"85-3665, 86-3984"
242258,ca2,03-7416
2278629,ca4,08-7473
875559,ca9,04-10202
66507433,scotus,No. 12-7452
66663274,scotus,No. 83-5483
2907566,ca9,06-35388
317431,ca1,13-2444
2607903,ca5,13-51150
372753,ca6,14959_1
66555413,scotus,No. 82-6777
2443658,ca9,10-73824
1514090,ca9,13655
2017163,ca6,01-2741
665936,ca5,71-2629
64015800,ca8,No. 93-1683
3050119,ca3,14-3998
1795107,ca6,90-6421
910583,ca4,88-3117
66550708,scotus,No. 96-5209
66199890,scotus,No. 415
568537,ca4,04-4699
66330278,scotus,No. 85-6752
55185,ca5,95-60090
605909,ca1,93-1916
66551097,scotus,No. A-167 (96-555)
69778712,ca11,24-13198
655052,ca2,1999
1325320,ca9,75-2792
66482118,scotus,No. 03-5766
64027124,ca2,"Nos. 381, 382 and 383, Dockets 93-1260(L), 93-1277 and 93-1278"
2223019,ca4,94-7459
16572618,ca9,17-15673
66381822,scotus,No. 91-6052
66483635,scotus,No. 03-6341
66080687,ca8,No. 4497
823009,ca6,89-1442
65675491,ca7,No. 03-3229
1302139,ca4,07-20
1177570,ca2,1404
905678,ca4,97-4968
66100906,ca8,No. 5665
66404640,scotus,"No. 65, Orig."
63784042,scotus,No. 88-1174
2088603,scotus,03-9114
1240805,ca9,08-55109
66508860,scotus,No. 12-951
66547594,scotus,No. 04-377
91906,ca5,86-5506
1228136,ca5,75-1012
347827,ca4,89-6800
65713777,ca7,No. 08-2940
67696622,ca9,22-10104
1225784,ca9,84-2603
66540759,scotus,No. 95-756
395977,ca11,99-12108
450131,ca8,12-3908
800895,ca6,85-1226
1963149,ca2,87-7191
2442964,scotus,04-5315
498149,ca2,85-6007
875519,ca4,04-1753
589921,ca7,10067
66350860,scotus,No. 88-1004
66744031,ca8,22-2126
19745,ca6,19-3452
2168606,ca5,00-11018
66535015,scotus,No. 99-472
395483,ca11,"98-6146, 98-6334"
240063,scotus,513
66156915,ca9,No. 21196
66727164,scotus,No. 19-547
2858392,ca7,06-4337
2858513,ca7,06-3391
49290,ca5,05-60956
2451001,ca5,07-60388
66501474,scotus,No. 10-524
66391232,scotus,No. 92-99
66484653,scotus,No. 03-6848
3030321,ca9,13-17313
66227257,scotus,No. 973
1000583,ca3,90-4145
66360246,scotus,No. 89-6209
66212876,scotus,No. 327
2607913,ca4,14-7189
63339236,ca7,18-1697
66513022,scotus,No. 11-93
66254546,scotus,No. 71-1178
1433184,ca10,06-2349
65680330,ca9,No. 03-74445; IRS No. 11202-01
628665,ca5,11-50116
65887500,ca9,No. 06-71392
62149803,ca5,21-50089
68192883,ca3,23-1022
64159086,ca9,No. 00-16663; D.C. No. CV-97-1516-RGS/SLV
66722653,scotus,No. 17–1189.
66437848,scotus,No. 97-5048
65296493,scotus,No. 872
1021890,ca9,11-10102
4136226,ca10,15-1069
1628214,cadc,7607
1045680,ca2,94-7760
1454566,cadc,76-2158
2312205,ca9,81-7614
577479,ca8,10-2476
65880,scotus,221
823422,ca6,88-3684
405662,ca1,03-1801
2675271,ca9,14-10360
1553067,ca3,06-3288
996842,ca5,89-4566
347714,ca7,72-1760
6328439,ca5,17-60348
452493,scotus,04-9726
66494500,scotus,No. 04-9154
1483529,ca2,35811
66413184,scotus,No. 94-5626
829694,ca1,"90-1138, 90-1139"
64267244,ca9,No. 00-70614; INS No. A76-280-157
544299,ca4,6488
2310297,ca5,75-4412
316353,ca4,90-5691
2878818,ca3,05-2081
65622525,scotus,No. D–2869.
7728863,ca11,16-15569
366557,ca4,81-1666
68494582,ca3,24-1435
2044457,ca2,78-6183
2819446,ca1,92-1842
66099520,ca5,No. 3489
847403,ca7,92-3532
1071411,ca4,94-6103
440518,ca9,97-35485
67796528,ca9,20-72667
5227,ca10,19-2140
1476845,ca4,75-8109
7558915,ca4,17-4304
2887609,ca3,06-2117
4551886,ca5,15-20306
1885691,ca1,91-1207
66262074,scotus,No. 73-502
58560,ca5,97-20626
2487581,ca4,06-8026
661512,ca3,168
314501,ca3,80-2641
1103525,ca8,93-3683
2473456,cadc,77-1205
66317954,scotus,No. 84-5324; No. 84-5450
1408530,ca4,77-2008
66415447,scotus,No. 94-6490
1183231,ca1,"94-1616, 94-1718"
1236602,ca4,99-1784
6470332,ca11,15-14415
1654667,ca3,89-5641
65609557,scotus,No. 13–6924.
65612698,scotus,No. 13M108.
2822023,ca1,95-2060
94686,ca3,93-7148
68522292,ca11,22-13326
63972431,ca5,No. 9541
356416,ca5,93-2550
66521686,scotus,No. 05-5899
635853,ca1,98-2309
66424327,scotus,No. D-1575
1029686,ca4,93-6662
584727,ca11,09-15602
2268295,ca9,84-2088
2338348,ca9,11-71019
66416932,scotus,No. 94-6875
434012,ca4,83-1875
66720694,scotus,No. 18–7960.
180518,ca4,80-1143
894096,ca7,72-1959
66303532,scotus,No. 81-763
2875891,ca8,96-3804
313843,ca9,78-3309
2449486,ca4,01-2150
1392597,ca6,79-1404
64327548,scotus,No. 10-5786
2195412,ca4,80-6087
66423529,scotus,No. 94-1407
675353,ca6,87-1619
69551262,ca3,23-2996
65622697,scotus,No. 15–1178.
2403982,scotus,163
2073208,scotus,02-5075
66506055,scotus,No. 12-6083
2395580,ca11,87-8823
692926,ca10,04-6118
66189166,ca9,"Nos. 80-1401, 80-1523"
1478081,scotus,03-9454
947166,ca7,79-1436
496828,ca2,22610
68066172,ca4,23-4729
1085316,ca3,73-1291
2449101,scotus,02-7376
909653,ca4,01-4705
949752,ca9,79-1358
1379700,ca5,89-2493
66076980,ca2,No. 198
1417780,ca5,95-21072
743759,ca7,00-1469
209613,ca5,04-40224
66261497,scotus,No. 72-1706
2863254,ca6,15-1076
2876491,ca8,96-3995
8408423,ca7,18-1945
66297296,scotus,No. 80-1020
2868471,ca3,"98-1491, 98-1632, 98-1700"
1071629,ca2,Docket 98-7946
66052440,ca5,"No. 1,727"
269309,ca4,12-6373
302208,ca11,05-12446
2889909,ca9,08-16993
2834059,ca6,04-4496
99788,cadc,12568
861111,ca1,96-2000
2526760,ca2,"Docket 03-40395-ag(L), 05-1058-ag(CON)"
2390654,scotus,334
64339044,scotus,No. 11-7158
66418879,scotus,No. 94-7508
63921912,ca9,No. 4441
67917535,ca2,23-1312
2824770,ca4,00-2543
66333478,scotus,No. 85-6272; No. 86-6003; No. 86-6013; No. 86-6108; No. 86-6121; No. 86-6195; No. 86-6222; No. 86-6243; No. 86-6247; No. 86-6365; No. 86-6380
2115257,scotus,39
698410,ca3,202-65
1006466,ca7,71-1632
464429,ca7,81-2244
7245739,ca9,18-15081
66678570,ca11,22-11361
2466839,ca9,05-71112
729004,ca7,02-1113
1668097,scotus,92-9082
63927662,cadc,No. 3984
1106400,ca5,01-40953
67608021,cadc,23-7092
659157,ca6,20961
1364921,ca6,82-5562
853202,ca4,01-7195
762862,ca9,80-7072
67463698,ca4,23-1589
353223,ca9,10-16924
66662457,scotus,No. 12–8093.
66396188,scotus,No. 92-612
866157,ca9,04-16087
376960,ca5,08-51142
126972,ca11,90-8083
586676,ca7,10-3164
66136941,ca7,No. 306
65911761,ca2,Nos. 06-5642-ag(L); 07-1693-ag(con)
576704,ca4,98-6274
65610887,scotus,No. 13–6556.
65668903,ca9,"Nos. 01-56894, 02-56164; D.C. Nos. CV-01-00600-BTM, CV-02-00040-BTM"
66439347,scotus,No. 97-6465
16613298,cadc,18-5123
66547576,scotus,No. 04-364
69853495,ca3,24-1788
65729885,ca9,No. 04-56748
124625,ca9,93-70721
2900895,ca8,06-3679
66420217,scotus,No. 94-8126
65722738,ca9,No. 08-35375
63981184,ca3,No. 8901
1093829,ca11,80-5763
1474923,ca4,75-1123
65710877,cadc,No. 13-5043
2473403,ca5,06-40737
65671914,ca9,No. 02-55795; D.C. No. CV-00-13212-CAS
7814644,ca9,16-71380
63933180,ca7,No. 4200
66227895,ca1,"Nos. 85-1010, 85-1022, 85-1024 to 85-1028"
2477067,ca4,06-7450
884189,ca3,84-1368
298096,ca2,07-4839
3041659,ca8,15-2740
66294516,scotus,No. 79-1919
