id,parent_court_id,pacer_court_id,pacer_has_rss_feed,pacer_rss_entry_types,date_last_pacer_contact,fjc_court_id,date_modified,in_use,has_opinion_scraper,has_oral_argument_scraper,position,citation_string,short_name,full_name,url,start_date,end_date,jurisdiction,notes,jurisdiction_type
scotus,,,,,,,2014-10-31T01:59:15.952Z,True,True,True,1.0,SCOTUS,Supreme Court,Supreme Court of the United States,http://supremecourt.gov/,1789-09-24,,F,,Federal Appellate
ca1,,1.0,0.0,,,1,2023-02-22T16:08:13.910Z,True,True,True,101.0,1st Cir.,First Circuit,Court of Appeals for the First Circuit,http://www.ca1.uscourts.gov/,1891-03-03,,F,,Federal Appellate
ca2,,2.0,1.0,"orders, opinions",,2,2023-02-22T15:58:28.729Z,True,True,True,102.0,2d Cir.,Second Circuit,Court of Appeals for the Second Circuit,http://www.ca2.uscourts.gov/,1891-03-03,,F,,Federal Appellate
ca3,,3.0,0.0,,,3,2023-02-22T16:08:24.971Z,True,True,True,103.0,3rd Cir.,Third Circuit,Court of Appeals for the Third Circuit,http://www.ca3.uscourts.gov/,1891-03-03,,F,,Federal Appellate
ca4,,4.0,1.0,"orders, opinions, judgments",,4,2023-02-22T15:58:31.502Z,True,True,True,104.0,4th Cir.,Fourth Circuit,Court of Appeals for the Fourth Circuit,http://www.ca4.uscourts.gov/,1891-03-03,,F,"- From beginning of f2 coverage to 1996-01-01, we have only precedential cases (f2 and f3).
 - From 1996-01-01 to 2007-07-31 we have f3 cases and scraped non-precedential ones. Merging the scraped precedential cases with the f3 corpus was too difficult and provided no new opinions. Unfortunately, it appears that we have a lot of duplicates from f3 and scraping in 1996. This can be seen as a bump in the coverage page.
 - From 2007-08-01 onwards, we have scraped cases.",Federal Appellate
ca5,,5.0,0.0,,,5,2023-02-22T16:08:36.484Z,True,True,True,105.0,5th Cir.,Fifth Circuit,Court of Appeals for the Fifth Circuit,http://www.ca5.uscourts.gov/,1891-03-03,,F,,Federal Appellate
ca6,,6.0,1.0,"orders,opinions,judgments",,6,2023-02-22T15:45:44.669Z,True,True,True,106.0,6th Cir.,Sixth Circuit,Court of Appeals for the Sixth Circuit,http://www.ca6.uscourts.gov/,1891-03-03,,F,,Federal Appellate
ca7,,7.0,0.0,,,7,2023-02-22T16:09:08.102Z,True,True,True,107.0,7th Cir.,Seventh Circuit,Court of Appeals for the Seventh Circuit,http://www.ca7.uscourts.gov/,1891-03-03,,F,,Federal Appellate
ca8,,8.0,0.0,,,8,2023-02-22T16:09:17.894Z,True,True,True,108.0,8th Cir.,Eighth Circuit,Court of Appeals for the Eighth Circuit,http://www.ca8.uscourts.gov/,1891-03-03,,F,,Federal Appellate
ca9,,9.0,0.0,,,9,2023-02-22T16:09:25.712Z,True,True,True,109.0,9th Cir.,Ninth Circuit,Court of Appeals for the Ninth Circuit,http://www.ca9.uscourts.gov/,1891-03-03,,F,,Federal Appellate
ca10,,10.0,1.0,opinions,,10,2023-02-22T15:46:10.792Z,True,True,True,110.0,10th Cir.,Tenth Circuit,Court of Appeals for the Tenth Circuit,http://www.ca10.uscourts.gov/,1929-02-28,,F,,Federal Appellate
ca11,,11.0,1.0,opinions,,11,2023-02-22T15:46:38.578Z,True,True,True,111.0,11th Cir.,Eleventh Circuit,Court of Appeals for the Eleventh Circuit,http://www.ca11.uscourts.gov/,1980-10-14,,F,,Federal Appellate
cadc,,12.0,1.0,"orders,opinions,judgments",,0,2023-02-22T15:47:08.587Z,True,True,True,112.0,D.C. Cir.,D.C. Circuit,Court of Appeals for the D.C. Circuit,http://www.cadc.uscourts.gov/,1893-02-09,,F,,Federal Appellate
cafc,,13.0,1.0,"orders,opinions,judgments",,,2023-02-22T15:47:46.790Z,True,True,True,113.0,Fed. Cir.,Federal Circuit,Court of Appeals for the Federal Circuit,http://www.cafc.uscourts.gov/,1982-04-02,,F,,Federal Appellate
ag,,,,,,,2017-01-27T22:35:06.131Z,True,True,False,113.04,Op. Att’y Gen.,Attorneys General,United States Attorneys General,https://www.justice.gov/olc/opinions-main,,,FS,,Federal Special
afcca,,,,,,,2023-10-02T15:46:25.830Z,True,True,False,113.05,A.F.C.C.A.,Air Force Court of Criminal Appeals,United States Air Force Court of Criminal Appeals,http://afcca.law.af.mil/,,,MA,,Military Appellate
usafctmilrev,,,,,,,2023-10-02T15:46:25.835Z,True,False,False,113.06,,U S Air Force Court of Military Review,U S Air Force Court of Military Review,,,,MA,Created as part of import of Case.Law data.,Military Appellate
asbca,,,,,,,2014-09-19T01:15:36.995Z,True,True,False,113.1,A.S.B.C.A.,Armed Services Board of Contract Appeals,Armed Services Board of Contract Appeals,http://www.asbca.mil/,,,FS,,Federal Special
armfor,,,,,,,2023-10-02T15:46:25.841Z,True,True,False,113.2,C.A.A.F.,Court of Appeals for the Armed Forces,Court of Appeals for the Armed Forces,http://www.armfor.uscourts.gov/,1951-05-31,,MA,,Military Appellate
cma,,,,,,,2023-10-02T15:46:25.846Z,True,False,False,113.21,,United States Court of Military Appeals,United States Court of Military Appeals,,,,MA,Created as part of import of Case.Law data.,Military Appellate
acca,,,,,,,2023-10-02T15:46:25.852Z,True,True,False,113.3,A.C.C.A.,Army Court of Criminal Appeals,Army Court of Criminal Appeals,https://www.jagcnet.army.mil/ACCA,,,MA,,Military Appellate
usarmymilrev,,,,,,,2023-10-02T15:46:25.856Z,True,False,False,113.35,,U.S. Army Court of Military Review,U.S. Army Court of Military Review,,,,MA,Created as part of import of Case.Law data.,Military Appellate
uscgcoca,,,,,,,2024-01-09T19:19:37.698Z,True,True,False,113.41,,U S Coast Guard Court of Criminal Appeals,U S Coast Guard Court of Criminal Appeals,,,,MA,Created as part of import of Case.Law data.,Military Appellate
cgcomilrev,,,,,,,2023-10-02T15:46:25.864Z,True,False,False,113.42,,U S Coast Guard Court of Military Review,U S Coast Guard Court of Military Review,,,,MA,Created as part of import of Case.Law data.,Military Appellate
cc,,,,,,,2013-10-18T00:47:36.613Z,True,False,False,113.5,Ct. Cl.,Court of Claims,United States Court of Claims,http://www.fjc.gov/history/home.nsf/page/courts_special_coc.html,1855-02-24,1992-10-29,FS,,Federal Special
uscfc,,15.0,1.0,all,,,2024-01-09T19:20:03.553Z,True,True,False,113.6,Fed. Cl.,Federal Claims,United States Court of Federal Claims,http://www.uscfc.uscourts.gov/,1982-04-02,,FS,,Federal Special
com,,,,,,,2013-08-14T22:19:08Z,True,False,False,113.9,Comm. Ct.,Commerce Court,Commerce Court,http://www.fjc.gov/history/home.nsf/page/courts_special_com.html,1910-01-01,1913-01-01,FS,,Federal Special
ccpa,,,,,,,2013-08-14T22:19:17Z,True,False,False,114.0,C.C.P.A.,Customs and Patent Appeals,Court of Customs and Patent Appeals,http://www.cafc.uscourts.gov/,1909-08-05,1982-04-02,FS,,Federal Special
cusc,,,,,,,2014-06-19T00:34:16.654Z,True,False,False,114.1,Cust. Ct.,U.S. Customs Court,United States Customs Court,http://www.fjc.gov/history/home.nsf/page/courts_special_cc_bib.html,1926-01-01,1980-01-01,FS,,Federal Special
tax,,,,,,,2013-08-14T22:20:02Z,True,True,False,114.2,Tax Ct.,U.S. Tax Court,United States Tax Court,http://www.ustaxcourt.gov/,,,FS,,Federal Special
bta,,,0.0,,,,2020-01-17T17:36:23.522Z,True,False,False,114.3,B.T.A.,Board of Tax Appeals,United States Board of Tax Appeals,,1924-01-01,1942-12-31,FS,United States Board of Tax Appeals was a precursor to the United States Tax Court.,Federal Special
bia,,,,,,,2021-12-31T00:47:13.317Z,True,True,False,114.5,BIA,Board of Immigration Appeals,Board of Immigration Appeals,https://www.justice.gov/eoir/ag-bia-decisions,,,FS,,Federal Special
olc,ag,,,,,,2023-10-03T01:23:43.483Z,True,True,False,114.52,,Office of Legal Counsel,Department of Justice Office of Legal Counsel,https://www.justice.gov/olc,,,FS,,Federal Special
padeptjust,ag,,,,,,2023-10-03T01:23:43.503Z,False,False,False,114.54,,Pennsylvania Department of Justice,Pennsylvania Department of Justice,,,,FS,,Federal Special
philadeptjust,ag,,,,,,2023-10-03T01:23:43.511Z,False,False,False,114.541,Phila. Dept. Just.,Philadelphia Department of Justice,Philadelphia Department of Justice,,,,FS,,Federal Special
deptinterior,,,,,,,2022-12-15T18:01:59.410Z,False,False,False,114.6,,Department of Interior,Department of Interior,,,,FS,,Federal Special
uslandoffice,,,,,,,2022-12-15T18:01:59.904Z,False,False,False,114.601,US Land Office,United States Land Office,United States Land Office,,,,FS,,Federal Special
ussurveyor,,,,,,,2022-12-15T18:01:59.909Z,False,False,False,114.602,,United States Surveyor,United States Surveyor,,,,FS,,Federal Special
mc,,,,,,,2023-10-02T15:46:25.868Z,True,False,False,114.99,M.C.,Military Commission Review,United States Court of Military Commission Review,http://www.mc.mil/cases/USCourtofMilitaryCommissionReview.aspx,,,MA,Lawbox,Military Appellate
mspb,,,,,,,2014-09-02T23:05:21.019Z,True,True,False,114.995,MSPB,Merit Systems Protection Board,Merit Systems Protection Board,http://www.mspb.gov/,,,FS,,Federal Special
nmcca,,,,,,,2023-10-02T15:46:25.874Z,True,True,False,114.996,N.M.C.C.A.,Navy-Marine Corps Court of Criminal Appeals,Navy-Marine Corps Court of Criminal Appeals,http://www.jag.navy.mil/,,,MA,,Military Appellate
usnmcmilrev,,,,,,,2023-10-02T15:46:25.879Z,True,False,False,114.997,,U.S. Navy-Marine Corps Court of Military Review,U.S. Navy-Marine Corps Court of Military Review,,,,MA,Created as part of import of Case.Law data.,Military Appellate
cavc,,,,,,,2013-08-14T22:20:17Z,True,True,False,115.0,Vet. App.,Veterans Claims,United States Court of Appeals for Veterans Claims,http://www.uscourts.cavc.gov/,,,FS,,Federal Special
bva,,,,,,,2024-02-01T14:28:07.431Z,True,False,False,115.1,Board of Vet. App.,Board of Veterans' Appeals,Board of Veterans' Appeals,http://www.index.va.gov/search/va/bva_search.jsp,,,FS,,Federal Special
eca,,,,,,,2013-08-14T22:20:25Z,True,False,False,116.0,Emer. Ct. App.,Emergency Court of Appeals,Emergency Court of Appeals,https://secure.wikimedia.org/wikipedia/en/wiki/Emergency_Court_of_Appeals,1942-01-30,1962-04-18,FS,,Federal Special
tecoa,,,,,,,2013-08-14T22:20:33Z,True,False,False,116.1,Temp. Emerg. Ct. App.,Temporary Emergency Court of Appeals,Temporary Emergency Court of Appeals,http://www.fjc.gov/history/home.nsf/page/courts_special_tecoa.html,1971-12-01,1992-10-29,FS,,Federal Special
fiscr,,,,,,,2014-05-27T15:58:53.457Z,True,False,False,140.0,FISA Ct. Rev.,Foreign Intelligence Surveillance Court of Review,Foreign Intelligence Surveillance Court of Review,http://www.fisc.uscourts.gov/,1978-10-25,,FS,,Federal Special
fisc,,,,,,,2014-05-27T15:58:47.570Z,True,False,False,140.1,FISA Ct.,Foreign Intelligence Surveillance Court,Foreign Intelligence Surveillance Court,http://www.fisc.uscourts.gov/,1978-10-25,,FS,Added a bit late to the collection due to Mike's mistaken thought that FISC and FISCR were just two names for the same thing.,Federal Special
reglrailreorgct,,,,,,,2013-08-14T22:20:40Z,True,False,False,140.5,Regl. Rail Reorg. Act,Special Court under the Regional Rail Reorganization Act,Special Court under the Regional Rail Reorganization Act,http://www.uscourts.gov/news/TheThirdBranch/96-11-01/Special_Railroad_Court_to_Close_Doors.aspx,1973-01-01,1996-03-01,FS,Lawbox,Federal Special
cit,,14.0,,,,,2019-02-06T19:45:24.399Z,True,True,False,141.0,Ct. Intl. Trade,Court of International Trade,United States Court of International Trade,http://www.cit.uscourts.gov/,,,FS,,Federal Special
usberlinct,usdistct,,,,,,2023-10-03T01:23:43.533Z,False,False,False,142.0,,United States Court of Berlin, United States Court of Berlin,,,,FS,,Federal Special
bap1,,,,,,,2024-01-09T19:18:10.710Z,True,True,False,150.0,1st Cir. BAP,First Circuit,Bankruptcy Appellate Panel of the First Circuit,http://www.bap1.uscourts.gov/,,,FBP,Lawbox,Federal Bankruptcy Panel
bap2,,,,,,,2013-10-25T01:28:18.159Z,True,False,False,150.1,2d Cir. BAP,Second Circuit,Bankruptcy Appellate Panel of the Second Circuit,http://www.bap2.uscourts.gov/,,,FBP,Lawbox,Federal Bankruptcy Panel
bap6,,,,,,,2013-10-25T01:28:23.950Z,True,False,False,152.0,6th Cir. BAP,Sixth Circuit,Bankruptcy Appellate Panel of the Sixth Circuit,http://www.bap6.uscourts.gov/,,,FBP,Lawbox,Federal Bankruptcy Panel
bap8,,,,,,,2013-10-25T01:28:29.427Z,True,False,False,153.0,8th Cir. BAP,Eighth Circuit,United States Bankruptcy Appellate Panel for the Eighth Circuit,http://www.ca8.uscourts.gov/bankruptcy-appellate-panel,,,FBP,Lawbox,Federal Bankruptcy Panel
bap9,,,,,,,2013-10-25T01:28:35.262Z,True,True,False,154.0,9th Cir. BAP,Ninth Circuit,United States Bankruptcy Appellate Panel for the Ninth Circuit,http://www.ca9.uscourts.gov/bap/,,,FBP,,Federal Bankruptcy Panel
bap10,,,,,,,2014-09-02T22:59:57.169Z,True,True,False,154.1,10th Cir. BAP,Tenth Circuit,Bankruptcy Appellate Panel of the Tenth Circuit,http://www.bap10.uscourts.gov/,,,FBP,Lawbox,Federal Bankruptcy Panel
bapme,,,,,,,2013-10-25T01:28:48.311Z,True,False,False,154.15,Me. BAP,D. Maine,"Bankruptcy Appellate Panel, D. Maine",http://www.meb.uscourts.gov/,,,FBP,Lawbox,Federal Bankruptcy Panel
bapma,,,,,,,2013-10-25T01:28:53.666Z,True,False,False,154.16,Mass. BAP,Massachusetts,Bankruptcy Appellate Panel of Massachusetts,http://www.uscourts.gov/,,,FBP,Lawbox,Federal Bankruptcy Panel
almb,,16.0,1.0,"answer,appeal,court,motion,order,caseupld,misc",,27,2020-07-28T06:14:10.015Z,True,False,False,155.0,Bankr. M.D. Ala.,M.D. Alabama,"United States Bankruptcy Court, M.D. Alabama",http://www.almb.uscourts.gov/,,,FB,Lawbox,Federal Bankruptcy
alnb,,18.0,1.0,all,,26,2020-07-28T06:14:17.584Z,True,False,False,156.0,Bankr. N.D. Ala.,N.D. Alabama,"United States Bankruptcy Court, N.D. Alabama",http://www.alnb.uscourts.gov/,,,FB,Lawbox,Federal Bankruptcy
alsb,,20.0,1.0,all,,28,2020-07-28T06:14:10.737Z,True,False,False,156.5,Bankr. S.D. Ala.,S.D. Alabama,"United States Bankruptcy Court, S.D. Alabama",http://www.alsb.uscourts.gov/,,,FB,Lawbox,Federal Bankruptcy
akb,,22.0,1.0,all,,7-,2020-07-28T06:15:09.844Z,True,False,False,157.0,Bankr. D. Alaska,D. Alaska,"United States Bankruptcy Court, D. Alaska",http://www.akb.uscourts.gov/,,,FB,Lawbox,Federal Bankruptcy
arb,,24.0,1.0,all,,70,2020-07-28T06:16:18.086Z,True,False,False,157.1,Bankr. D. Ariz.,D. Arizona,"United States Bankruptcy Court, D. Arizona",https://ecf.azb.uscourts.gov/,,,FB,Lawbox,Federal Bankruptcy
areb,,26.0,1.0,all,,60,2020-07-28T06:15:11.638Z,True,False,False,157.2,Bankr. E.D. Ark.,E.D. Arkansas,"United States Bankruptcy Court, E.D. Arkansas",http://www.arb.uscourts.gov/,,,FB,Lawbox,Federal Bankruptcy
arwb,,28.0,1.0,all,,61,2020-07-28T06:15:10.545Z,True,False,False,157.3,Bankr. W.D. Ark.,W.D. Arkansas,"United States Bankruptcy Court, W.D. Arkansas",http://www.arb.uscourts.gov/,,,FB,Lawbox,Federal Bankruptcy
cacb,,973.0,1.0,"answer,appeal,cmp,court,motion,misc,nef,notice,order",,73,2020-07-28T06:15:24.925Z,True,False,False,158.0,Bankr. C.D. Cal.,C.D. California,"United States Bankruptcy Court, C.D. California",http://www.cacb.uscourts.gov/,,,FB,"Lawbox

The pacer_case_id appears to be correct.",Federal Bankruptcy
caeb,,32.0,1.0,all,,72,2020-07-28T06:11:13.481Z,True,False,False,158.05,Bankr. E.D. Cal.,E.D. California,"United States Bankruptcy Court, E.D. California",http://www.caeb.uscourts.gov/,,,FB,Lawbox,Federal Bankruptcy
canb,,34.0,1.0,all,,71,2020-07-28T06:15:13.617Z,True,False,False,158.1,Bankr. N.D. Cal.,N.D. California,"United States Bankruptcy Court, N.D. California",http://www.canb.uscourts.gov/,,,FB,Lawbox,Federal Bankruptcy
casb,,36.0,1.0,all,,74,2020-07-28T06:15:10.909Z,True,False,False,158.2,Bankr. S.D. Cal.,S.D. California,"United States Bankruptcy Court, S.D. California",http://www.casb.uscourts.gov/,,,FB,Lawbox,Federal Bankruptcy
cob,,38.0,1.0,all,,82,2020-07-28T06:13:11.714Z,True,False,False,159.0,Bankr.D. Colo.,D. Colorado,"United States Bankruptcy Court, D. Colorado",http://www.cob.uscourts.gov/,,,FB,Lawbox,Federal Bankruptcy
ctb,,40.0,1.0,all,,05,2020-07-28T06:18:14.810Z,True,False,False,159.5,Bankr. D. Conn.,D. Connecticut,"United States Bankruptcy Court, D. Connecticut",http://www.ctb.uscourts.gov/,,,FB,Lawbox,Federal Bankruptcy
deb,,42.0,1.0,all,,11,2020-07-28T06:14:11.783Z,True,False,False,159.7,Bankr. D. Del.,D. Delaware,"United States Bankruptcy Court, D. Delaware",http://www.deb.uscourts.gov/,,,FB,Lawbox,Federal Bankruptcy
dcb,,44.0,1.0,all,,90,2020-08-29T04:58:05.385Z,True,False,False,160.0,Bankr. D.C.,District of Columbia,"United States Bankruptcy Court, District of Columbia",http://www.dcb.uscourts.gov/,,,FB,,Federal Bankruptcy
flmb,,46.0,1.0,"answer,appeal,court,motion,order,misc,caseupld,trustee",,3A,2020-07-28T06:14:19.009Z,True,False,False,176.9,Bankr. M.D. Fla.,M.D. Florida,"United States Bankruptcy Court, M.D. Florida",http://www.flmb.uscourts.gov/,,,FB,Lawbox,Federal Bankruptcy
flnb,,48.0,1.0,all,,29,2020-07-28T06:14:10.171Z,True,False,False,176.95,Bankr. N.D. Fla.,N.D. Florida,"United States Bankruptcy Court, N.D. Florida",http://www.flnb.uscourts.gov/,,,FB,Lawbox,Federal Bankruptcy
flsb,,50.0,1.0,all,,3C,2020-07-28T06:12:21.149Z,True,False,False,177.0,Bankr. S.D. Florida,S.D. Florida,"United States Bankruptcy Court, S.D. Florida.",http://www.flsb.uscourts.gov/,,,FB,Lawbox,Federal Bankruptcy
gamb,,52.0,1.0,"answer,appeal,court,motion,order",,3G,2020-07-28T06:12:08.096Z,True,False,False,179.8,Bankr. M.D. Ga.,M.D. Georgia,"United States Bankruptcy Court, M.D. Georgia",http://www.gamb.uscourts.gov/,,,FB,Lawbox,Federal Bankruptcy
ganb,,54.0,1.0,all,,3E,2020-07-28T06:18:28.575Z,True,False,False,179.9,Bankr. N.D. Ga.,N.D. Georgia,"United States Bankruptcy Court, N.D. Georgia",http://www.ganb.uscourts.gov/,,,FB,Lawbox,Federal Bankruptcy
gasb,,56.0,1.0,order,,3J,2020-07-28T06:14:09.185Z,True,False,False,180.0,Bankr. S.D. Ga.,S.D. Georgia,"United States Bankruptcy Court, S.D. Georgia",http://www.gasb.uscourts.gov/,,,FB,Lawbox,Federal Bankruptcy
hib,,60.0,1.0,"appeal,motion,order,misc",,75,2020-07-28T06:15:09.853Z,True,False,False,180.05,Bankr. D. Haw.,D. Hawaii,"United States Bankruptcy Court, D. Hawaii",http://www.hib.uscourts.gov/,,,FB,Lawbox,Federal Bankruptcy
idb,,62.0,1.0,"answer,appeal,court,motion,order",,76,2020-07-28T06:15:10.081Z,True,False,False,180.1,Bankr. D. Idaho,D. Idaho,"United States Bankruptcy Court, D. Idaho",http://www.id.uscourts.gov/,,,FB,Lawbox,Federal Bankruptcy
ilcb,,64.0,1.0,all,,53,2020-07-28T06:15:10.668Z,True,False,False,182.0,Bankr. C.D. Ill.,C.D. Illinois,"United States Bankruptcy Court, C.D. Illinois",http://www.ilcb.uscourts.gov/,,,FB,Lawbox,Federal Bankruptcy
ilnb,,66.0,1.0,all,,52,2020-07-30T18:41:09.261Z,True,False,False,183.0,Bankr. N.D. Ill.,N.D. Illinois,"United States Bankruptcy Court, N.D. Illinois",http://www.ilnb.uscourts.gov/,,,FB,Lawbox,Federal Bankruptcy
ilsb,,68.0,1.0,all,,54,2020-07-28T06:15:11.019Z,True,False,False,183.1,Bankr. S.D. Ill.,S.D. Illinois,"United States Bankruptcy Court, S.D. Illinois",http://www.ilsb.uscourts.gov/,,,FB,Lawbox,Federal Bankruptcy
innb,,70.0,1.0,"answer,appeal,motion,notice,order,plan",,55,2020-07-28T06:15:11.303Z,True,False,False,183.15,Bankr. N.D. Ind.,N.D. Indiana,"United States Bankruptcy Court, N.D. Indiana",http://www.innb.uscourts.gov/,,,FB,Lawbox,Federal Bankruptcy
insb,,72.0,1.0,all,,56,2020-07-28T06:14:14.044Z,True,False,False,183.2,Bankr. S.D. Ind.,S.D. Indiana,"United States Bankruptcy Court, S.D. Indiana",http://www.insb.uscourts.gov/,,,FB,Lawbox,Federal Bankruptcy
ianb,,74.0,1.0,"answer,appeal,court,motion,order",,62,2020-07-28T06:15:10.016Z,True,False,False,185.0,Bankr. D. Iowa,N.D. Iowa,"United States Bankruptcy Court, N.D. Iowa",http://www.ianb.uscourts.gov/,,,FB,Lawbox,Federal Bankruptcy
iasb,,76.0,1.0,all,,63,2020-07-28T06:15:10.626Z,True,False,False,185.1,Bankr. S.D. Iowa,S.D. Iowa,"United States Bankruptcy Court, S.D. Iowa",http://www.iasb.uscourts.gov/,,,FB,Lawbox,Federal Bankruptcy
ksb,,78.0,1.0,all,,83,2020-07-28T06:15:13.246Z,True,False,False,187.0,Bankr. D. Kan.,D. Kansas,"United States Bankruptcy Court, D. Kansas",http://www.ksb.uscourts.gov/,,,FB,Lawbox,Federal Bankruptcy
kyeb,,80.0,1.0,all,,43,2022-11-21T19:14:43.006Z,True,False,False,187.5,Bankr. E.D. Ky.,E.D. Kentucky,"United States Bankruptcy Court, E.D. Kentucky",http://www.kyeb.uscourts.gov/,,,FB,Lawbox,Federal Bankruptcy
kywb,,82.0,1.0,all,,44,2020-07-28T06:15:12.178Z,True,False,False,187.8,Bankr. W.D. Ky.,W.D. Kentucky,"United States Bankruptcy Court, W.D. Kentucky",http://www.kywb.uscourts.gov/,,,FB,Lawbox,Federal Bankruptcy
laeb,,84.0,1.0,"answer,appeal,court,misc,motion,order",,3L,2020-07-28T06:15:10.924Z,True,False,False,187.9,Bankr. E.D. La.,E.D. Louisiana,"United States Bankruptcy Court, E.D. Louisiana",http://www.laeb.uscourts.gov/,,,FB,Lawbox,Federal Bankruptcy
lamb,,86.0,1.0,all,,3N,2021-11-16T15:26:11.471Z,True,False,False,188.0,Bankr. M.D. La.,M.D. Louisiana,"United States Bankruptcy Court, M.D. Louisiana",http://www.lamb.uscourts.gov/,,,FB,Lawbox,Federal Bankruptcy
lawb,,88.0,1.0,all,,36,2020-07-28T06:15:13.949Z,True,False,False,188.1,Bankr. W.D. La.,W.D. Louisiana,"United States Bankruptcy Court, W.D. Louisiana",http://www.lawb.uscourts.gov/,,,FB,Lawbox,Federal Bankruptcy
meb,,90.0,1.0,answer,,00,2020-07-28T06:14:08.887Z,True,False,False,188.2,Bankr. D. Me.,D. Maine,"United States Bankruptcy Court, D. Maine",http://www.meb.uscourts.gov/,,,FB,Lawbox,Federal Bankruptcy
mdb,,92.0,1.0,all,,16,2020-07-28T06:14:14.798Z,True,False,False,188.9,Bankr. D. Md.,D. Maryland,"United States Bankruptcy Court, D. Maryland",http://www.mdb.uscourts.gov/,,,FB,Lawbox,Federal Bankruptcy
mab,,94.0,1.0,"answer,appeal,caseupld,claims,cmp,crbatch,misc,motion,notice,order,plan",,01,2020-07-28T06:15:12.635Z,True,False,False,189.0,Bankr. D. Mass.,D. Massachusetts,"United States Bankruptcy Court, D. Massachusetts",http://www.mab.uscourts.gov/,,,FB,Lawbox,Federal Bankruptcy
mieb,,96.0,1.0,all,,45,2020-07-28T06:12:21.348Z,True,False,False,189.1,Bankr. E.D. Mich.,E.D. Michigan,"United States Bankruptcy Court, E.D. Michigan",http://www.mieb.uscourts.gov/,,,FB,Lawbox,Federal Bankruptcy
miwb,,98.0,0.0,,,46,2013-08-15T00:48:40Z,True,False,False,189.2,Bankr. W.D. Mich.,W.D. Michigan,"United States Bankruptcy Court, W.D. Michigan",http://www.miwb.uscourts.gov/,,,FB,Lawbox,Federal Bankruptcy
mnb,,100.0,1.0,all,,64,2020-07-28T06:15:12.320Z,True,False,False,189.3,Bankr. D. Minn.,D. Minnesota,"United States Bankruptcy Court, D. Minnesota",http://www.mnb.uscourts.gov/,,,FB,Lawbox,Federal Bankruptcy
msnb,,102.0,1.0,"answer,appeal,court,motion,order",,37,2020-07-28T06:15:10.770Z,True,False,False,189.34,Bankr. N.D. Miss.,N.D. Mississippi,"United States Bankruptcy Court, N.D. Mississippi",http://www.msnb.uscourts.gov/,,,FB,Lawbox,Federal Bankruptcy
mssb,,104.0,1.0,"answer,appeal,court,motion,order,trustee",,38,2020-07-28T06:15:12.313Z,True,False,False,189.35,Bankr. S.D. Miss.,S.D. Mississippi,"United States Bankruptcy Court, S.D. Mississippi",http://www.mssb.uscourts.gov/,,,FB,Lawbox,Federal Bankruptcy
moeb,,106.0,1.0,all,,65,2020-07-28T06:11:07.325Z,True,False,False,189.4,Bankr. E.D. Mo.,E.D. Missouri,"United States Bankruptcy Court, E.D. Missouri",http://www.moeb.uscourts.gov/,,,FB,Lawbox,Federal Bankruptcy
mowb,,108.0,1.0,"discharge,epo,order",,66,2020-07-30T18:32:59.155Z,True,False,False,189.5,Bankr. W.D. Mo.,W.D. Missouri,"United States Bankruptcy Court, W.D. Missouri",http://www.mow.uscourts.gov/bankruptcy/,,,FB,Lawbox,Federal Bankruptcy
mtb,,110.0,1.0,"answer,appeal,court,motion,order",,77,2020-08-27T19:03:54.166Z,True,False,False,189.6,Bankr. D. Mont.,D. Montana,"United States Bankruptcy Court, D. Montana",http://www.mtb.uscourts.gov/,,,FB,Lawbox,Federal Bankruptcy
nebraskab,,112.0,1.0,all,,67,2020-07-28T06:10:05.144Z,True,False,False,189.61,Bankr. D. Neb.,D. Nebraska,"United States Bankruptcy Court, D. Nebraska",http://www.neb.uscourts.gov/,,,FB,Lawbox,Federal Bankruptcy
nvb,,114.0,1.0,all,,78,2020-07-28T06:15:12.460Z,True,False,False,189.65,Bankr. D. Nev.,D. Nevada,"United States Bankruptcy Court, D. Nevada",http://www.nvb.uscourts.gov/,,,FB,Lawbox,Federal Bankruptcy
nhb,,116.0,1.0,"answer,appeal,court,motion,order,auditor,caseupld,claims,cmp,crbatch,crmisc,misc,notice,plan,trustee",,02,2020-07-28T06:14:09.375Z,True,False,False,189.7,Bankr. D.N.H.,D. New Hampshire,"United States Bankruptcy Court, D. New Hampshire",http://www.nhb.uscourts.gov/,,,FB,Lawbox,Federal Bankruptcy
njb,,118.0,1.0,"answer,appeal,court,motion,order,misc,plan",,12,2022-01-25T16:04:50.924Z,True,False,False,189.8,Bankr. D.N.J.,D. New Jersey,"United States Bankruptcy Court, D. New Jersey",http://www.njb.uscourts.gov/,,,FB,Lawbox,Federal Bankruptcy
nmb,,120.0,1.0,all,,84,2020-07-28T06:15:10.467Z,True,False,False,189.9,Bankr. D.N.M.,D. New Mexico,"United States Bankruptcy Court, D. New Mexico",http://www.nmb.uscourts.gov/,,,FB,Lawbox,Federal Bankruptcy
nyeb,,122.0,1.0,all,,07,2023-04-04T21:27:31.449Z,True,False,False,190.0,Bankr. E.D.N.Y.,E.D. New York,"United States Bankruptcy Court, E.D. New York",http://www.nyeb.uscourts.gov/,,,FB,Lawbox,Federal Bankruptcy
nynb,,124.0,1.0,all,,06,2020-07-28T06:12:08.537Z,True,False,False,190.05,Bankr. N.D.N.Y.,N.D. New York,"United States Bankruptcy Court, N.D. New York",http://www.nynb.uscourts.gov/,,,FB,Lawbox,Federal Bankruptcy
nysb,,126.0,1.0,all,,08,2020-07-28T06:13:10.948Z,True,False,False,190.1,Bankr. S.D.N.Y.,S.D. New York,"United States Bankruptcy Court, S.D. New York",http://www.nysb.uscourts.gov/,,,FB,Lawbox,Federal Bankruptcy
nywb,,128.0,1.0,"answer,appeal,court,motion,order,misc,cmp",,09,2020-07-28T06:14:09.747Z,True,False,False,190.2,Bankr. W.D.N.Y.,W.D. New York,"United States Bankruptcy Court, W.D. New York",http://www.nywb.uscourts.gov/,,,FB,Lawbox,Federal Bankruptcy
nceb,,130.0,0.0,,,17,2013-08-15T16:17:48Z,True,False,False,190.3,Bankr. E.D.N.C.,E.D. North Carolina,"United States Bankruptcy Court, E.D. North Carolina",https://ecf.nceb.uscourts.gov/,,,FB,Lawbox,Federal Bankruptcy
ncmb,,132.0,1.0,all,,18,2020-07-28T06:14:10.723Z,True,False,False,190.4,Bankr. M.D.N.C.,M.D. North Carolina,"United States Bankruptcy Court, M.D. North Carolina",http://www.ncmb.uscourts.gov/,,,FB,Lawbox,Federal Bankruptcy
ncwb,,134.0,1.0,"answer,appeal,court,motion,order",,19,2020-07-28T06:14:09.662Z,True,False,False,190.45,Bankr. W.D.N.C.,W.D. North Carolina,"United States Bankruptcy Court, W.D. North Carolina",http://www.ncwb.uscourts.gov/,,,FB,Lawbox,Federal Bankruptcy
ndb,,136.0,1.0,all,,68,2020-07-28T06:12:06.737Z,True,False,False,190.5,Bankr. D.N.D.,D. North Dakota,"United States Bankruptcy Court, D. North Dakota",http://www.ndd.uscourts.gov/,,,FB,Lawbox,Federal Bankruptcy
ohnb,,140.0,1.0,all,,47,2020-07-28T06:14:17.002Z,True,False,False,190.6,Bankr. N.D. Ohio,N.D. Ohio,"United States Bankruptcy Court, N.D. Ohio",http://www.ohnb.uscourts.gov/,,,FB,Lawbox,Federal Bankruptcy
ohsb,,142.0,1.0,all,,48,2020-07-28T06:14:15.199Z,True,False,False,190.7,Bankr. S.D. Ohio,S.D. Ohio,"United States Bankruptcy Court, S.D. Ohio",http://www.ohsb.uscourts.gov/,,,FB,Lawbox,Federal Bankruptcy
okeb,,144.0,1.0,"answer,appeal,court,motion,order,trustee",,86,2021-04-30T14:04:02.188Z,True,False,False,191.0,Bankr. E.D. Okla.,E.D. Oklahoma,"United States Bankruptcy Court, E.D. Oklahoma",http://www.okeb.uscourts.gov/,,,FB,Lawbox,Federal Bankruptcy
oknb,,146.0,1.0,"answer,appeal,court,motion,order,misc",,85,2020-07-28T06:15:10.551Z,True,False,False,192.2,Bankr. N.D. Okla,N.D. Oklahoma,"United States Bankruptcy Court, N.D. Oklahoma",http://www.oknb.uscourts.gov/,,,FB,Lawbox,Federal Bankruptcy
okwb,,148.0,1.0,"answer,appeal,court,motion,order,trustee",,87,2020-07-28T06:15:10.843Z,True,False,False,192.3,Bankr. W.D. Okla.,W.D. Oklahoma,"United States Bankruptcy Court, W.D. Oklahoma",http://www.okwb.uscourts.gov/,,,FB,Lawbox,Federal Bankruptcy
orb,,150.0,1.0,"answer,appeal,court,motion,order,trustee,notice",,79,2020-07-28T06:15:10.915Z,True,False,False,193.7,Bankr. D. Or.,D. Oregon,"United States Bankruptcy Court, D. Oregon",http://www.orb.uscourts.gov/,,,FB,Lawbox,Federal Bankruptcy
paeb,,152.0,1.0,all,,13,2020-07-28T06:14:11.814Z,True,False,False,193.8,Bankr. E.D. Pa.,E.D. Pennsylvania,"United States Bankruptcy Court, E.D. Pennsylvania",http://www.paeb.uscourts.gov/,,,FB,Lawbox,Federal Bankruptcy
pamb,,154.0,1.0,all,,14,2020-07-28T06:15:11.679Z,True,False,False,193.9,Bankr. M.D. Penn.,M.D. Pennsylvania,"United States Bankruptcy Court, M.D. Pennsylvania",http://www.pamb.uscourts.gov/,,,FB,Lawbox,Federal Bankruptcy
pawb,,156.0,1.0,all,,15,2020-07-28T06:11:09.597Z,True,False,False,194.0,Bankr. W.D. Pa.,W.D. Pennsylvania,"United States Bankruptcy Court, W.D. Pennsylvania",http://www.pawb.uscourts.gov/,,,FB,Lawbox,Federal Bankruptcy
rib,,160.0,1.0,all,,03,2020-07-28T06:14:09.678Z,True,False,False,194.2,Bankr. D.R.I.,D. Rhode Island,"United States Bankruptcy Court, D. Rhode Island",http://www.rib.uscourts.gov/,,,FB,Lawbox,Federal Bankruptcy
scb,,162.0,1.0,all,,20,2020-07-28T06:13:10.237Z,True,False,False,194.8,Bankr. D.S.C.,D. South Carolina,"United States Bankruptcy Court, D. South Carolina",http://www.scb.uscourts.gov/,,,FB,Lawbox,Federal Bankruptcy
sdb,,164.0,1.0,all,,69,2020-07-28T06:15:10.580Z,True,False,False,194.85,Bankr. D.S.D.,D. South Dakota,"United States Bankruptcy Court, D. South Dakota",https://ecf.sdb.uscourts.gov/,,,FB,lawbox,Federal Bankruptcy
tneb,,166.0,1.0,all,,49,2020-07-28T06:10:08.100Z,True,False,False,195.0,Bankr. E.D. Tenn.,E.D. Tennessee,"United States Bankruptcy Court, E.D. Tennessee",http://www.tneb.uscourts.gov/,,,FB,Lawbox,Federal Bankruptcy
tnmb,,168.0,1.0,all,,50,2020-07-28T06:17:16.955Z,True,False,False,195.1,Bankr. M.D. Tenn.,M.D. Tennessee,"United States Bankruptcy Court, M.D. Tennessee",http://www.tnmb.uscourts.gov/,,,FB,Lawbox,Federal Bankruptcy
tnwb,,170.0,1.0,all,,51,2020-07-28T06:11:09.943Z,True,False,False,195.2,Bankr. W.D. Tenn.,W.D. Tennessee,"United States Bankruptcy Court, W.D. Tennessee",http://www.tnwb.uscourts.gov/,,,FB,Lawbox,Federal Bankruptcy
tennesseeb,,,,,,,2017-03-07T21:33:02.155Z,True,False,False,195.3,Bankr. D. Tenn.,D. Tennessee,"United States Bankruptcy Court, D. Tennessee",http://www.fjc.gov/history/home.nsf/page/courts_district_tn_mp.html,1797-01-01,1801-01-01,FB,Lawbox,Federal Bankruptcy
txeb,,174.0,1.0,"answer,appeal,auditor,caseupld,claims,cmp,court,misc,motion,notice,order,plan,trustee",,40,2020-07-28T06:15:11.955Z,True,False,False,196.0,Bankr. E.D. Tex.,E.D. Texas,"United States Bankruptcy Court, E.D. Texas",http://www.txeb.uscourts.gov/,,,FB,Lawbox,Federal Bankruptcy
txnb,,176.0,1.0,all,,39,2020-07-28T06:15:16.789Z,True,False,False,196.2,Bankr. N.D. Tex.,N.D. Texas,"United States Bankruptcy Court, N.D. Texas",http://www.txnb.uscourts.gov/,,,FB,Lawbox,Federal Bankruptcy
txsb,,178.0,1.0,all,,41,2020-07-28T06:15:16.904Z,True,False,False,196.25,Bankr. S.D. Tex.,S.D. Texas,"United States Bankruptcy Court, S.D. Texas",http://www.txs.uscourts.gov/bankruptcy/,,,FB,Lawbox,Federal Bankruptcy
txwb,,180.0,1.0,all,,42,2020-07-28T06:14:11.316Z,True,False,False,196.3,Bankr. W.D. Tex.,W.D. Texas,"United States Bankruptcy Court, W.D. Texas",http://www.txwb.uscourts.gov/,,,FB,Lawbox,Federal Bankruptcy
utb,,182.0,1.0,all,,88,2020-07-28T06:11:11.193Z,True,False,False,196.34,Bankr. D. Utah,D. Utah,"United States Bankruptcy Court, D. Utah",http://www.utb.uscourts.gov/,,,FB,Lawbox,Federal Bankruptcy
vtb,,184.0,1.0,all,,10,2020-07-28T06:13:08.099Z,True,False,False,196.35,Bankr. D. Vt.,D. Vermont,"United States Bankruptcy Court, D. Vermont",http://www.vtb.uscourts.gov/,,,FB,Lawbox,Federal Bankruptcy
vaeb,,188.0,1.0,all,,22,2020-07-28T06:14:16.969Z,True,False,False,196.4,Bankr. E.D. Va.,E.D. Virginia,"United States Bankruptcy Court, E.D. Virginia",https://www.vaeb.uscourts.gov/,,,FB,Lawbox,Federal Bankruptcy
vawb,,190.0,1.0,"answer,appeal,court,motion,order",,23,2020-07-28T06:14:09.761Z,True,False,False,197.0,Bankr. W.D. Va.,W.D. Virginia,"United States Bankruptcy Court, W.D. Virginia",http://www.vawb.uscourts.gov/,,,FB,Lawbox,Federal Bankruptcy
waeb,,194.0,1.0,all,,80,2020-07-28T06:09:04.043Z,True,False,False,197.5,Bankr. E.D. Wash.,E.D. Washington,"United States Bankruptcy Court, E.D. Washington",http://www.waeb.uscourts.gov/,,,FB,Lawbox,Federal Bankruptcy
wawb,,196.0,1.0,all,,81,2020-07-28T06:15:12.693Z,True,False,False,198.0,Bankr. W.D. Wash.,W.D. Washington,"United States Bankruptcy Court, W.D. Washington",http://www.wawb.uscourts.gov/,,,FB,Lawbox,Federal Bankruptcy
wvnb,,198.0,1.0,all,,24,2020-07-28T06:14:09.357Z,True,False,False,198.8,Bankr. N.D.W. Va.,N.D. West Virginia,"United States Bankruptcy Court, N.D. West Virginia",http://www.wvnd.uscourts.gov/,,,FB,Lawbox,Federal Bankruptcy
wvsb,,200.0,1.0,all,,25,2020-07-28T06:09:04.059Z,True,False,False,198.9,Bankr. S.D.W. Va.,S.D. West Virginia,"United States Bankruptcy Court, S.D. West Virginia",http://www.wvsb.uscourts.gov/,,,FB,Lawbox,Federal Bankruptcy
wieb,,202.0,1.0,"answer,appeal,court,misc,motion,order,trustee",,57,2020-07-28T06:15:14.675Z,True,False,False,199.0,Bankr. E.D. Wis.,E.D. Wisconsin,"United States Bankruptcy Court, E.D. Wisconsin",http://www.wieb.uscourts.gov/,,,FB,Lawbox,Federal Bankruptcy
wiwb,,204.0,1.0,all,,58,2020-07-28T06:11:06.695Z,True,False,False,199.1,Bankr. W.D. Wis.,W.D. Wisconsin,"United States Bankruptcy Court, W.D. Wisconsin",http://www.wiwb.uscourts.gov/,,,FB,Lawbox,Federal Bankruptcy
wyb,,206.0,1.0,all,,89,2020-07-28T06:15:10.498Z,True,False,False,199.5,Bankr. D. Wyo.,D. Wyoming,"United States Bankruptcy Court, D. Wyoming",http://www.wyb.uscourts.gov/,,,FB,Lawbox,Federal Bankruptcy
gub,,58.0,1.0,all,,93,2020-07-28T06:15:10.328Z,True,False,False,199.6,Bankr. D. Guam,D. Guam,"United States Bankruptcy Court, D. Guam",https://en.wikipedia.org/wiki/District_Court_of_Guam,,,FB,Lawbox,Federal Bankruptcy
nmib,,138.0,1.0,"answer,appeal,court,motion,order",,94,2020-07-28T06:15:10.294Z,True,False,False,199.65,Bankr. N. Mar. I.,Northern Mariana Islands,"United States Bankruptcy Court, Northern Mariana Islands",http://www.nmid.uscourts.gov/,,,FB,Lawbox,Federal Bankruptcy
prb,,158.0,1.0,all,,04,2020-07-28T06:15:15.606Z,True,False,False,199.7,Bankr. D.P.R.,D. Puerto Rico,"United States Bankruptcy Court, D. Puerto Rico",http://www.prb.uscourts.gov/,,,FB,Lawbox,Federal Bankruptcy
vib,,192.0,1.0,"answer,appeal,motion,order",,91,2020-07-28T06:15:10.561Z,True,False,False,199.8,Bankr. D.V.I.,D. Virgin Islands,"United States Bankruptcy Court, D. Virgin Islands",http://www.vid.uscourts.gov/,,,FB,Lawbox,Federal Bankruptcy
usdistct,,,,,,,2025-04-03T21:18:35.037Z,False,False,False,200.0,,U.S. District Court,United States District Court,,1789-01-01,,FD,,Federal District
dcd,usdistct,45.0,1.0,all,,90,2023-10-03T01:23:43.567Z,True,True,False,200.5,D.D.C.,District of Columbia,"District Court, District of Columbia",http://www.dcd.uscourts.gov/,,,FD,Lawbox,Federal District
ald,usdistct,,,,,,2023-10-03T01:23:43.583Z,False,False,False,200.9,D. Ala.,D. Alabama,"District Court, D. Alabama",,1820-04-21,1824-03-10,FD,https://en.wikipedia.org/wiki/List_of_former_United_States_district_courts#Alabama,Federal District
almd,usdistct,17.0,1.0,all,,27,2023-10-03T01:23:43.599Z,True,False,False,201.0,M.D. Ala.,M.D. Alabama,"District Court, M.D. Alabama",http://www.almd.uscourts.gov/,,,FD,Lawbox,Federal District
alnd,usdistct,19.0,0.0,,,26,2023-10-03T01:23:43.615Z,True,False,False,201.5,N.D. Ala.,N.D. Alabama,"District Court, N.D. Alabama",http://www.alnd.uscourts.gov/,,,FD,Lawbox,Federal District
alsd,usdistct,21.0,1.0,all,,28,2023-10-03T01:23:43.635Z,True,False,False,202.0,S.D. Ala.,S.D. Alabama,"District Court, S.D. Alabama",http://www.als.uscourts.gov/,,,FD,Lawbox,Federal District
akd,usdistct,23.0,1.0,all,,7-,2023-10-03T01:23:43.655Z,True,False,False,202.5,D. Alaska,D. Alaska,"District Court, D. Alaska",http://www.akd.uscourts.gov/,,,FD,Lawbox,Federal District
azd,usdistct,25.0,1.0,all,,70,2023-10-03T01:23:43.664Z,True,False,False,203.0,D. Ariz.,D. Arizona,"District Court, D. Arizona",http://www.azd.uscourts.gov/,,,FD,Lawbox,Federal District
ared,usdistct,27.0,1.0,all,,60,2023-10-03T01:23:43.679Z,True,False,False,204.0,E.D. Ark.,E.D. Arkansas,"District Court, E.D. Arkansas",http://www.are.uscourts.gov/,,,FD,"Lawbox

Has special RSS feed URLs.",Federal District
arwd,usdistct,29.0,1.0,all,,61,2023-10-03T01:23:43.695Z,True,False,False,204.2,W.D. Ark.,W.D. Arkansas,"District Court, W.D. Arkansas",http://www.arwd.uscourts.gov/,,,FD,Lawbox,Federal District
ard,usdistct,,,,,,2023-10-03T01:23:43.703Z,False,False,False,204.3,,United States District Court for the District of Arkansas,United States District Court for the District of Arkansas,,1836-06-15,1851-03-03,FD,Created as part of import of Case.Law data.,Federal District
californiad,usdistct,,,,,,2023-10-03T01:23:43.709Z,True,False,False,205.0,D. Cal.,D. California,"District Court, D. California",http://www.uscourts.gov/,1866-07-27,1886-08-05,FD,Lawbox,Federal District
cacd,usdistct,31.0,1.0,all,,73,2023-10-03T01:23:43.723Z,True,False,False,205.05,C.D. Cal.,C.D. California,"District Court, C.D. California",http://www.cacd.uscourts.gov/,,,FD,Lawbox,Federal District
caed,usdistct,33.0,1.0,"adr,answer,appeal,cmp,discov,minutes,mot2255,motion,notice,order,respm,respoth,service,transfer,trial",,72,2023-10-03T01:23:43.737Z,True,False,False,205.06,E.D. Cal.,E.D. California,"District Court, E.D. California",http://www.caed.uscourts.gov/,,,FD,,Federal District
cand,usdistct,35.0,1.0,all,,71,2023-10-03T01:23:43.748Z,True,False,False,205.1,N.D. Cal.,N.D. California,"District Court, N.D. California",http://www.cand.uscourts.gov/,,,FD,Lawbox,Federal District
casd,usdistct,37.0,1.0,all,,74,2023-10-03T01:23:43.763Z,True,False,False,205.2,S.D. Cal.,S.D. California,"District Court, S.D. California",http://www.casd.uscourts.gov/,,,FD,,Federal District
caca,uscirct,,,,,,2023-10-03T01:23:43.775Z,False,False,False,205.3,C. Cal.,California Circuit,Circuit Court for California,http://www.fjc.gov/history/home.nsf/page/landmark_07.html,1804-10-01,1812-04-30,F,,Federal Appellate
cod,usdistct,39.0,1.0,"motion,order",,82,2023-10-03T01:23:43.791Z,True,False,False,206.0,D. Colo.,D. Colorado,"District Court, D. Colorado",http://www.cod.uscourts.gov/,,,FD,Lawbox,Federal District
ctd,usdistct,41.0,1.0,all,,05,2023-10-03T01:23:43.811Z,True,False,False,207.0,D. Conn.,D. Connecticut,"District Court, D. Connecticut",http://www.ctd.uscourts.gov/,,,FD,Lawbox,Federal District
ded,usdistct,43.0,1.0,all,,11,2023-10-03T01:23:43.835Z,True,False,False,208.0,D. Del.,D. Delaware,"District Court, D. Delaware",http://www.ded.uscourts.gov/,,,FD,Lawbox,Federal District
fld,usdistct,,,,,,2023-10-03T01:23:43.864Z,False,False,False,208.49,D. Fla.,D. Florida,"District Court, D. Florida",,1845-03-03,1847-02-23,FD,https://en.wikipedia.org/wiki/List_of_former_United_States_district_courts#Florida,Federal District
flmd,usdistct,47.0,1.0,all,,3A,2023-10-03T01:23:43.882Z,True,False,False,208.5,M.D. Fla.,M.D. Florida,"District Court, M.D. Florida",http://www.flmd.uscourts.gov/,,,FD,Lawbox,Federal District
flnd,usdistct,49.0,0.0,,,29,2023-10-03T01:23:43.891Z,True,False,False,208.51,N.D. Fla.,N.D. Florida,"District Court, N.D. Florida",http://www.flnd.uscourts.gov/,,,FD,Lawbox,Federal District
flsd,usdistct,51.0,1.0,all,,3C,2023-10-03T01:23:43.904Z,True,False,False,208.52,S.D. Fla.,S.D. Florida,"District Court, S.D. Florida",http://www.flsd.uscourts.gov/,,,FD,Lawbox,Federal District
circtndfl,uscirct,,,,,,2023-10-03T01:23:43.915Z,False,False,False,208.531,C.C.N.D. Fla.,United States Circuit Court for the Northern District of Florida,United States Circuit Court for the Northern District of Florida,,,,F,Created as part of import of Case.Law data.,Federal Appellate
circtsdfl,uscirct,,,,,,2023-10-03T01:23:43.928Z,False,False,False,208.532,C.C.S.D. Fla.,United States Circuit Court for the Southern District of Florida,United States Circuit Court for the Southern District of Florida,,,,F,Created as part of import of Case.Law data.,Federal Appellate
superctsdfla,usdistct,,,,,,2023-10-03T01:23:43.939Z,False,False,False,208.54,Super. Ct. S.D. Fla.,"Superior Court, S. D. Florida","Superior Court, S. D. Florida",,1828-01-01,1845-12-31,FD,This was a pre-statehood federal court.,Federal District
gad,usdistct,,,,,,2023-10-03T01:23:43.955Z,False,False,False,208.59,D. Ga.,D. Georgia,"District Court, D. Georgia",,1789-09-24,1848-08-11,FD,,Federal District
gamd,usdistct,53.0,1.0,"order,order-cr",,3G,2023-10-03T01:23:43.971Z,True,False,False,208.6,M.D. Ga.,M.D. Georgia,"District Court, M.D. Georgia",http://www.gamd.uscourts.gov/,,,FD,Lawbox,Federal District
gand,usdistct,55.0,0.0,,,3E,2023-10-03T01:23:43.982Z,True,False,False,208.61,N.D. Ga.,N.D. Georgia,"District Court, N.D. Georgia",http://www.gand.uscourts.gov/,,,FD,Lawbox,Federal District
gasd,usdistct,57.0,0.0,,,3J,2023-10-03T01:23:43.999Z,True,False,False,208.62,S.D. Ga.,S.D. Georgia,"District Court, S.D. Georgia",http://www.gasd.uscourts.gov/,,,FD,Lawbox,Federal District
hid,usdistct,61.0,1.0,"cmp,order,order-cr",,75,2023-10-03T01:23:44.014Z,True,False,False,208.9,D. Haw.,D. Hawaii,"District Court, D. Hawaii",http://www.hid.uscourts.gov/,,,FD,Lawbox,Federal District
idd,usdistct,63.0,1.0,"allx,motion",,76,2023-10-03T01:23:44.031Z,True,False,False,209.0,D. Idaho,D. Idaho,"District Court, D. Idaho",http://www.id.uscourts.gov/,,,FD,lawbox,Federal District
ilcd,usdistct,65.0,1.0,all,,53,2023-10-03T01:23:44.047Z,True,False,False,209.5,C.D. Ill.,C.D. Illinois,"District Court, C.D. Illinois",http://www.ilcd.uscourts.gov/,,,FD,Lawbox,Federal District
ilnd,usdistct,67.0,1.0,"order,order-cr,motion,cmp",,52,2023-10-03T01:23:44.060Z,True,False,False,210.0,N.D. Ill.,N.D. Illinois,"District Court, N.D. Illinois",http://www.ilnd.uscourts.gov/,,,FD,Lawbox,Federal District
ilsd,usdistct,69.0,1.0,"motion,order,order-cr,cmp,charge-cr",,54,2023-10-03T01:23:44.079Z,True,False,False,210.1,S.D. Ill.,S.D. Illinois,"District Court, S.D. Illinois",http://www.ilsd.uscourts.gov/,,,FD,Lawbox,Federal District
illinoised,usdistct,,,,,,2023-10-03T01:23:44.093Z,True,False,False,210.5,E.D. Ill.,E.D. Illinois,"District Court, E.D. Illinois",https://en.wikipedia.org/wiki/United_States_District_Court_for_the_Eastern_District_of_Illinois,1905-03-03,1978-10-02,FD,Lawbox,Federal District
illinoisd,usdistct,,,,,,2023-10-03T01:23:44.103Z,True,False,False,210.6,D. Ill.,D. Illinois,"District Court, D. Illinois",http://www.uscourts.gov/,1819-03-03,1855-02-13,FD,Lawbox,Federal District
innd,usdistct,71.0,1.0,all,,55,2023-10-03T01:23:44.117Z,True,False,False,211.0,N.D. Ind.,N.D. Indiana,"District Court, N.D. Indiana",http://www.innd.uscourts.gov/,1928-04-21,,FD,"Lawbox

Start date from: https://twitter.com/FedJudicialHist/status/855474313113333761/photo/1",Federal District
insd,usdistct,73.0,1.0,"adr,answer,appeal,appeal-cr,charge-cr,cmp,cvbevent-cr,detention-cr,discov,discovery-cr,minutes,minutes-cr,misc,misc-cr,misccs,mot2255,motion,notice,notice-cr,order,order-cr,plea-cr,respm,respm-cr,respoth,service,transfer,trial,trial-cr,waiver-cr",,56,2023-10-03T01:23:44.133Z,True,False,False,212.0,S.D. Ind.,S.D. Indiana,"District Court, S.D. Indiana",http://www.insd.uscourts.gov/,1928-04-21,,FD,"Lawbox

Start date from: https://twitter.com/FedJudicialHist/status/855474313113333761/photo/1",Federal District
indianad,usdistct,,,,,,2023-10-03T01:23:44.143Z,True,False,False,214.0,D. Ind.,D. Indiana,"District Court, D. Indiana",http://www.insd.uscourts.gov/,1817-03-03,1928-04-21,FD,Lawbox,Federal District
iad,usdistct,,0.0,,,,2023-10-03T01:23:44.156Z,False,False,False,214.5,D. Iowa,D. Iowa,"District Court, D. Iowa",,,1882-07-20,FD,,Federal District
iand,usdistct,75.0,1.0,motion,,62,2023-10-03T01:23:44.171Z,True,False,False,215.0,N.D. Iowa,N.D. Iowa,"District Court, N.D. Iowa",http://www.iand.uscourts.gov/,,,FD,Lawbox,Federal District
iasd,usdistct,77.0,1.0,all,,63,2023-10-03T01:23:44.178Z,True,False,False,216.0,S.D. Iowa,S.D. Iowa,"District Court, S.D. Iowa",http://www.iasd.uscourts.gov/,,,FD,Lawbox,Federal District
ksd,usdistct,79.0,1.0,all,,83,2023-10-03T01:23:44.184Z,True,False,False,228.0,D. Kan.,D. Kansas,"District Court, D. Kansas",http://www.ksd.uscourts.gov/,,,FD,Lawbox,Federal District
kyd,usdistct,,,,,,2023-10-03T01:23:44.195Z,False,False,False,228.5,D. Ky.,D. Kentucky,"District Court, D. Kentucky",,1789-09-24,1901-02-12,FD,"The United States District Court for the District of Kentucky was part of one of the original 13 courts established by the Judiciary Act of 1789, 1 Stat. 73, on September 24, 1789. At the time, Kentucky was not yet a state, but was within the territory of the state of Virginia. The District was unchanged when Kentucky became a state on June 1, 1792. On February 13, 1801, the Judiciary Act of 1801, 2 Stat. 89, abolished the U.S. district court in Kentucky, but the repeal of this Act restored the District on March 8, 1802, 2 Stat. 132. The District was subdivided into Eastern and Western Districts on February 12, 1901, by 31 Stat. 781.",Federal District
kyed,usdistct,81.0,0.0,,,43,2023-10-03T01:23:44.211Z,True,False,False,229.0,E.D. Ky.,E.D. Kentucky,"District Court, E.D. Kentucky",http://www.kyed.uscourts.gov/,,,FD,Lawbox,Federal District
kywd,usdistct,83.0,1.0,all,,44,2023-10-03T01:23:44.222Z,True,False,False,230.0,W.D. Ky.,W.D. Kentucky,"District Court, W.D. Kentucky",http://www.kywd.uscourts.gov/,,,FD,Lawbox,Federal District
lad,usdistct,,,,,,2023-10-03T01:23:44.234Z,False,False,False,230.5,D. La.,D. Louisiana,"District Court, D. Louisiana",,1812-04-08,1881-03-03,FD,This court was divided and reunified multiple times.,Federal District
laed,usdistct,85.0,1.0,all,,3L,2023-10-03T01:23:44.244Z,True,False,False,231.0,E.D. La.,E.D. Louisiana,"District Court, E.D. Louisiana",http://www.laed.uscourts.gov/,,,FD,Lawbox,Federal District
lamd,usdistct,87.0,1.0,"cmp,minutes,minutes-cr,order,order-cr,motion,respm,respm-cr",,3N,2023-10-03T01:23:44.253Z,True,False,False,231.1,M.D. La.,M.D. Louisiana,"District Court, M.D. Louisiana",http://www.lamd.uscourts.gov/,,,FD,Lawbox,Federal District
lawd,usdistct,89.0,1.0,all,,36,2023-10-03T01:23:44.267Z,True,False,False,231.2,W.D. La.,W.D. Louisiana,"District Court, W.D. Louisiana",http://www.lawd.uscourts.gov/,,,FD,Lawbox,Federal District
orld,usdistct,,,,,,2023-10-03T01:23:44.279Z,True,False,False,235.0,D. Orleans,Orleans District Court,"District Court, Orleans",https://en.wikipedia.org/wiki/United_States_District_Court_for_the_District_of_Orleans,1804-03-26,1812-04-08,FD,"From: https://en.wikipedia.org/wiki/List_of_former_United_States_district_courts

On March 26, 1804, Congress organized the Territory of Orleans and created the United States District Court for the District of Orleans – the first time Congress provided a territory with a district court equal in its authority and jurisdiction to those of the states.[31] The United States District Court for the District of Louisiana was established on April 8, 1812, by 2 Stat. 701,[19][31] several weeks before Louisiana was formally admitted as a state of the union. The District was thereafter subdivided and reformed several times. It was first subdivided into Eastern and Western Districts on March 3, 1823, by 3 Stat. 774.[19][31]",Federal District
med,usdistct,91.0,1.0,"order,order-cr",,00,2023-10-03T01:23:44.286Z,True,False,False,239.0,D. Me.,D. Maine,"District Court, D. Maine",http://www.med.uscourts.gov/,,,FD,Lawbox,Federal District
mdd,usdistct,93.0,0.0,,,16,2023-10-03T01:23:44.295Z,True,False,False,240.0,D. Maryland,D. Maryland,"District Court, D. Maryland",https://www.mdd.uscourts.gov/,,,FD,,Federal District
mad,usdistct,95.0,1.0,"answer,appeal,appeal-cr,charge-cr,cmp,detention-cr,discov,discov-cr,minutes,minute-cr,misc,misc-cr,mot2255,motion,notice,notice-cr,order,order-cr,plea-cr,respm,respm-cr,respoth,service,transfer,transer-cr,trial,trial-cr,waiver",,01,2023-10-03T01:23:44.315Z,True,False,False,240.5,D. Mass.,D. Massachusetts,"District Court, D. Massachusetts",http://www.mad.uscourts.gov/,,,FD,Lawbox,Federal District
michd,usdistct,,,,,,2023-10-03T01:23:44.333Z,False,False,False,240.55,D. Mich.,D. Michigan,"District Court, D. Michigan",,1836-07-01,1863-02-24,FD,https://en.wikipedia.org/wiki/List_of_former_United_States_district_courts,Federal District
mied,usdistct,97.0,1.0,"answer,appeal,appeal-cr,charge-cr,cmp,motion,notice,notice-cr,order,order-cr,petition,petition-cr,respm,respm-cr,respoth,respp,respp-cr",,45,2023-10-03T01:23:44.343Z,True,False,False,240.6,E.D. Mich.,E.D. Michigan,"District Court, E.D. Michigan",http://www.mied.uscourts.gov/,,,FD,,Federal District
miwd,usdistct,99.0,1.0,"order,order-cr,motion",,46,2023-10-03T01:23:44.363Z,True,False,False,240.7,W.D. Mich.,W.D. Michigan,"District Court, W.D. Michigan",http://www.miwd.uscourts.gov/,,,FD,Lawbox,Federal District
mnd,usdistct,101.0,1.0,"order,order-cr",,64,2023-10-03T01:23:44.372Z,True,False,False,241.0,D. Minnesota,D. Minnesota,"District Court, D. Minnesota",http://www.mnd.uscourts.gov/,,,FD,Lawbox,Federal District
missd,usdistct,,,,,,2023-10-03T01:23:44.383Z,False,False,False,241.1,D. Miss.,D. Mississippi,"District Court, D. Mississippi",,1818-04-03,1838-06-18,FD,https://en.wikipedia.org/wiki/List_of_former_United_States_district_courts#Mississippi,Federal District
msnd,usdistct,103.0,0.0,,,37,2023-10-03T01:23:44.389Z,True,False,False,241.12,N.D. Miss.,N.D. Mississippi,"District Court, N.D. Mississippi",http://www.msnd.uscourts.gov/,,,FD,Lawbox,Federal District
mssd,usdistct,105.0,1.0,all,,38,2023-10-03T01:23:44.396Z,True,False,False,241.15,S.D. Miss.,S.D. Mississippi,"District Court, S.D. Mississippi",http://www.mssd.uscourts.gov/,,,FD,Lawbox,Federal District
mod,usdistct,,,,,,2023-10-03T01:23:44.407Z,False,False,False,241.4,D. Mo.,D. Missouri,"District Court, D. Missouri",,1822-03-16,1857-03-03,FD,https://en.wikipedia.org/wiki/List_of_former_United_States_district_courts#Mississippi,Federal District
moed,usdistct,107.0,1.0,all,,65,2023-10-03T01:23:44.413Z,True,False,False,242.0,E.D. Mo.,E.D. Missouri,"District Court, E.D. Missouri",http://www.moed.uscourts.gov/,,,FD,Lawbox,Federal District
mowd,usdistct,109.0,1.0,"order,order-cr,motion",,66,2023-10-03T01:23:44.427Z,True,False,False,242.1,W.D. Mo.,W.D. Missouri,"District Court, W.D. Missouri",http://www.mow.uscourts.gov/,,,FD,Lawbox,Federal District
mtd,,111.0,1.0,all,,77,2024-11-11T10:49:18.668Z,True,True,False,242.19,D. Mont.,D. Montana,"District Court, D. Montana",http://www.mtd.uscourts.gov/,,,FD,Lawbox,Federal District
ned,usdistct,113.0,1.0,all,,67,2023-10-03T01:23:44.445Z,True,False,False,242.2,D. Neb.,D. Nebraska,"District Court, D. Nebraska",http://www.ned.uscourts.gov/,,,FD,Lawbox,Federal District
nvd,usdistct,115.0,1.0,all,,78,2023-10-03T01:23:44.457Z,True,False,False,242.5,D. Nev.,D. Nevada,"District Court, D. Nevada",http://www.nvd.uscourts.gov/,,,FD,Lawbox,Federal District
nhd,usdistct,117.0,1.0,all,,02,2023-10-03T01:23:44.479Z,True,False,False,243.0,D.N.H.,D. New Hampshire,"District Court, D. New Hampshire",http://www.nhd.uscourts.gov/,,,FD,Lawbox,Federal District
njd,usdistct,119.0,1.0,all,,12,2023-10-03T01:23:44.491Z,True,False,False,243.5,D.N.J.,D. New Jersey,"District Court, D. New Jersey",http://www.njd.uscourts.gov/,1789-09-24,,FD,Lawbox,Federal District
nmd,usdistct,121.0,1.0,"motion,order,order-cr,answer,appeal,appeal-cr,bankruptcy,cmp,inmate,minutes,misc,misccs,mot2255,notice-cr,reporter,reporter-cr,respm,respm-cr,respoth,service,transfer,transfer-cr,trial,trial-cr",,84,2023-10-03T01:23:44.503Z,True,False,False,243.7,D.N.M.,D. New Mexico,"District Court, D. New Mexico",http://www.nmcourt.fed.us/web/DCDOCS/dcindex.html,,,FD,Lawbox,Federal District
nyd,usdistct,,,,,,2023-10-03T01:23:44.516Z,False,False,False,244.7,D. N.Y.,D. New York,"District Court, D. New York",,1789-09-24,1814-04-09,FD,,Federal District
nyed,usdistct,123.0,1.0,all,,07,2023-10-03T01:23:44.528Z,True,False,False,244.8,E.D.N.Y,E.D. New York,"District Court, E.D. New York",http://www.nyed.uscourts.gov/,,,FD,Lawbox,Federal District
nynd,usdistct,125.0,1.0,"cmp,order,order-cr,motion",,06,2023-10-03T01:23:44.536Z,True,False,False,244.9,N.D.N.Y.,N.D. New York,"District Court, N.D. New York",http://www.nynd.uscourts.gov/,,,FD,Lawbox,Federal District
nysd,usdistct,127.0,1.0,"adr,answer,appeal,appeal-cr,charge-cr,cmp,discov,discovery-cr,misc,misc-cr,misccs,mot2255,motion,notice,notice-cr,order,order-cr,respm,respm-cr,respoth,service,service-cr,transfer,transfer-cr,trial,trial-cr,waiver-cr,detention-cr,minutes,minutes-cr,plea",,08,2023-10-03T01:23:44.555Z,True,False,False,245.0,S.D.N.Y.,S.D. New York,"District Court, S.D. New York",http://www.nysd.uscourts.gov/,,,FD,,Federal District
nywd,usdistct,129.0,0.0,,,09,2023-10-03T01:23:44.563Z,True,False,False,245.05,W.D.N.Y.,W.D. New York,"District Court, W.D. New York",http://www.nywd.uscourts.gov/,,,FD,Lawbox,Federal District
nced,usdistct,131.0,1.0,all,,17,2023-10-03T01:23:44.583Z,True,False,False,245.1,E.D.N.C.,E.D. North Carolina,"District Court, E.D. North Carolina",http://www.nced.uscourts.gov/,,,FD,Lawbox,Federal District
ncmd,usdistct,133.0,1.0,all,,18,2023-10-03T01:23:44.595Z,True,False,False,245.15,M.D.N.C.,M.D. North Carolina,"District Court, M.D. North Carolina",http://www.ncmd.uscourts.gov/,,,FD,Lawbox,Federal District
ncwd,usdistct,135.0,1.0,all,,19,2023-10-03T01:23:44.615Z,True,False,False,245.2,W.D.N.C.,W.D. North Carolina,"District Court, W.D. North Carolina",http://www.ncwd.uscourts.gov/,,,FD,Lawbox,Federal District
ndd,usdistct,137.0,0.0,,,68,2023-10-03T01:23:44.647Z,True,False,False,245.3,D.N.D.,D. North Dakota,"District Court, D. North Dakota",http://www.ndd.uscourts.gov/,,,FD,Lawbox,Federal District
ncd,usdistct,,,,,,2023-10-03T01:23:44.661Z,False,False,False,245.5,D.N.C.,D. North Carolina,"District Court, D. North Carolina",,1790-06-04,1802-04-29,FD,,Federal District
ohnd,usdistct,141.0,1.0,"cmp,order,order_cr,motion,charge_cr",,47,2023-10-03T01:23:44.671Z,True,False,False,245.8,N.D. Ohio,N.D. Ohio,"District Court, N.D. Ohio",http://www.ohnd.uscourts.gov/,,,FD,Lawbox,Federal District
ohsd,usdistct,143.0,1.0,all,,48,2023-10-03T01:23:44.687Z,True,False,False,245.91,S.D. Ohio,S.D. Ohio,"District Court, S.D. Ohio",http://www.ohsd.uscourts.gov/,,,FD,Lawbox,Federal District
ohiod,usdistct,,,,,,2023-10-03T01:23:44.703Z,True,False,False,245.92,D. Ohio,D. Ohio,"District Court, D. Ohio",http://www.uscourts.gov/,1803-02-19,1855-02-10,FD,Lawbox,Federal District
oked,usdistct,145.0,0.0,,,86,2023-10-03T01:23:44.723Z,True,False,False,245.95,E.D. Okla.,E.D. Oklahoma,"District Court, E.D. Oklahoma",http://www.oked.uscourts.gov/,,,FD,Lawbox,Federal District
oknd,usdistct,147.0,0.0,,,85,2023-10-03T01:23:44.734Z,True,False,False,245.99,N.D. Okla.,N.D. Oklahoma,"District Court, N.D. Oklahoma",http://www.oknd.uscourts.gov/,,,FD,Lawbox,Federal District
okwd,usdistct,149.0,1.0,all,,87,2023-10-03T01:23:44.744Z,True,False,False,246.0,W.D. Okla.,W.D. Oklahoma,"District Court, W.D. Oklahoma",http://www.uscourts.gov/,,,FD,Lawbox,Federal District
ord,usdistct,151.0,1.0,all,,79,2023-10-03T01:23:44.755Z,True,False,False,247.0,D. Or.,D. Oregon,"District Court, D. Oregon",http://www.ord.uscourts.gov/,,,FD,Lawbox,Federal District
paed,usdistct,153.0,1.0,all,,13,2023-10-03T01:23:44.771Z,True,False,False,247.9,E.D. Pa.,E.D. Pennsylvania,"District Court, E.D. Pennsylvania",http://www.paed.uscourts.gov/,,,FD,Lawbox,Federal District
pamd,usdistct,155.0,0.0,,,14,2023-10-03T01:23:44.783Z,True,False,False,247.95,M.D. Penn.,M.D. Pennsylvania,"District Court, M.D. Pennsylvania",http://www.pamd.uscourts.gov/,,,FD,Lawbox,Federal District
pawd,usdistct,157.0,1.0,"order,order-cr,motion,cmp",,15,2023-10-03T01:23:44.792Z,True,False,False,248.0,W.D. Pa.,W.D. Pennsylvania,"District Court, W.D. Pennsylvania",http://www.pawd.uscourts.gov/,,,FD,Lawbox,Federal District
pennsylvaniad,usdistct,,,,,,2023-10-03T01:23:44.811Z,True,False,False,248.1,D. Pa.,D. Pennsylvania,"District Court, D. Pennsylvania",http://www.uscourts.gov/,1789-09-24,1818-04-20,FD,"Lawbox

The United States District Court for the District of Pennsylvania was one of the original 13 courts established by the Judiciary Act of 1789, 1 Stat. 73, on September 24, 1789.[56][57] It was subdivided on April 20, 1818, by 3 Stat. 462,[56][57] into the Eastern and Western Districts, to be headquartered in Philadelphia and Pittsburgh, respectively.

https://en.wikipedia.org/wiki/List_of_former_United_States_district_courts#Pennsylvania",Federal District
rid,usdistct,161.0,1.0,all,,03,2023-10-03T01:23:44.823Z,True,False,False,248.5,D.R.I.,D. Rhode Island,"District Court, D. Rhode Island",http://www.rid.uscourts.gov/,,,FD,Lawbox,Federal District
scd,usdistct,163.0,1.0,all,,20,2023-10-03T01:23:44.839Z,True,False,False,248.6,D.S.C.,D. South Carolina,"District Court, D. South Carolina",http://www.scd.uscourts.gov/,,,FD,Lawbox,Federal District
southcarolinaed,usdistct,,,,,,2023-10-03T01:23:44.851Z,True,False,False,249.0,E.D.S.C.,E.D. South Carolina,"District Court, E.D. South Carolina",http://www.scd.uscourts.gov/,1823-02-21,1965-10-07,FD,Lawbox,Federal District
southcarolinawd,usdistct,,,,,,2023-10-03T01:23:44.867Z,True,False,False,249.1,W.D.S.C.,W.D. South Carolina,"District Court, W.D. South Carolina",http://www.ncwd.uscourts.gov/,1823-02-21,1965-10-07,FD,Lawbox,Federal District
sdd,usdistct,165.0,1.0,all,,69,2023-10-03T01:23:44.883Z,True,False,False,249.5,D.S.D.,D. South Dakota,"District Court, D. South Dakota",http://www.sdd.uscourts.gov/,,,FD,Lawbox,Federal District
tned,usdistct,167.0,1.0,all,,49,2023-10-03T01:23:44.901Z,True,False,False,249.6,E.D. Tenn.,E.D. Tennessee,"District Court, E.D. Tennessee",http://www.tned.uscourts.gov/,,,FD,Lawbox,Federal District
tnmd,usdistct,169.0,1.0,"order,order-cr,motion",,50,2023-10-03T01:23:44.923Z,True,False,False,249.7,M.D. Tenn.,M.D. Tennessee,"District Court, M.D. Tennessee",http://www.tnmd.uscourts.gov/,,,FD,Lawbox,Federal District
tnwd,usdistct,171.0,1.0,all,,51,2023-10-03T01:23:44.935Z,True,False,False,249.8,W.D. Tenn.,W.D. Tennessee,"District Court, W.D. Tennessee",http://www.tnwd.uscourts.gov/,,,FD,Lawbox,Federal District
tennessed,usdistct,,,,,,2023-10-03T01:23:44.948Z,True,False,False,249.9,D. Tenn.,D. Tennessee,"District Court, D. Tennessee",http://www.uscourts.gov/,1797-01-31,1839-06-18,FD,Lawbox,Federal District
texd,usdistct,,,,,,2023-10-03T01:23:44.978Z,False,False,False,249.95,D. Tex.,D. Texas,"District Court, D. Texas",,1845-12-29,1857-02-21,FD,https://en.wikipedia.org/wiki/List_of_former_United_States_district_courts,Federal District
txed,usdistct,175.0,1.0,all,,40,2023-10-03T01:23:44.999Z,True,False,False,250.0,E.D. Tex.,E.D. Texas,"District Court, E.D. Texas",http://www.txed.uscourts.gov/,,,FD,Lawbox,Federal District
txnd,usdistct,177.0,1.0,"order,order-cr,charge-cr,cmp,answer",,39,2023-10-03T01:23:45.013Z,True,False,False,250.1,N.D. Tex.,N.D. Texas,"District Court, N.D. Texas",http://www.txnd.uscourts.gov/,,,FD,Lawbox,Federal District
txsd,usdistct,179.0,1.0,all,,41,2023-10-03T01:23:45.026Z,True,False,False,250.5,S.D. Tex.,S.D. Texas,"District Court, S.D. Texas",http://www.txs.uscourts.gov/,,,FD,,Federal District
txwd,usdistct,181.0,1.0,all,,42,2023-10-03T01:23:45.034Z,True,False,False,251.0,W.D. Tex.,W.D. Texas,"District Court, W.D. Texas",http://www.txwd.uscourts.gov/,,,FD,,Federal District
utd,usdistct,183.0,1.0,"order,order-cr,motion",,88,2023-10-03T01:23:45.041Z,True,False,False,251.1,D. Utah,D. Utah,"District Court, D. Utah",http://www.utd.uscourts.gov/,,,FD,Lawbox,Federal District
vtd,usdistct,185.0,1.0,all,,10,2023-10-03T01:23:45.053Z,True,False,False,252.0,D. Vt.,D. Vermont,"District Court, D. Vermont",http://www.vtd.uscourts.gov/,,,FD,Lawbox,Federal District
vad,usdistct,,,,,,2023-10-03T01:23:45.072Z,False,False,False,278.0,D. Va.,D. Virginia,"District Court, D. Virginia",,1789-09-24,1819-02-04,FD,,Federal District
vaed,usdistct,189.0,0.0,,,22,2023-10-03T01:23:45.079Z,True,False,False,279.0,E.D. Va.,E.D. Virginia,"District Court, E.D. Virginia",http://www.vaed.uscourts.gov/,,,FD,Lawbox,Federal District
vawd,usdistct,191.0,1.0,all,,23,2023-10-03T01:23:45.085Z,True,False,False,280.0,W.D. Va.,W.D. Virginia,"District Court, W.D. Virginia",http://www.vawd.uscourts.gov/,,,FD,Lawbox,Federal District
washd,usdistct,,,,,,2023-10-03T01:23:45.095Z,False,False,False,288.0,D. Wash.,D. Washington,"District Court, D. Washington",,1890-04-05,1905-03-02,FD,,Federal District
waed,usdistct,195.0,1.0,all,,80,2023-10-03T01:23:45.106Z,True,False,False,289.0,E.D. Wash.,E.D. Washington,"District Court, E.D. Washington",http://www.waed.uscourts.gov/,1905-03-02,,FD,Lawbox,Federal District
wawd,usdistct,197.0,1.0,all,,81,2023-10-03T01:23:45.119Z,True,False,False,290.0,W.D. Wash.,W.D. Washington,"District Court, W.D. Washington",http://www.wawd.uscourts.gov/,1905-03-02,,FD,Lawbox,Federal District
wvad,usdistct,,0.0,,,,2023-10-03T01:23:45.135Z,False,False,False,293.0,D. W.Va.,D. West Virginia,"District Court, D. West Virginia",,1864-06-11,1901-01-22,FD,,Federal District
wvnd,usdistct,199.0,1.0,all,,24,2023-10-03T01:23:45.144Z,True,False,False,294.0,N.D.W. Va.,N.D. West Virginia,"District Court, N.D. West Virginia",http://www.wvnd.uscourts.gov/,,,FD,Lawbox,Federal District
wvsd,usdistct,201.0,1.0,all,,25,2023-10-03T01:23:45.163Z,True,False,False,295.0,S.D.W. Va,S.D. West Virginia,"District Court, S.D. West Virginia",http://www.wvsd.uscourts.gov/,,,FD,Lawbox,Federal District
wisd,usdistct,,,,,,2023-10-03T01:23:45.173Z,False,False,False,296.0,D. Wis.,D. Wisconsin,"District Court, D. Wisconsin",,1848-05-29,1870-06-30,FD,,Federal District
wied,usdistct,203.0,1.0,all,,57,2023-10-03T01:23:45.187Z,True,False,False,297.0,E.D. Wis.,E.D. Wisconsin,"District Court, E.D. Wisconsin",http://www.wied.uscourts.gov/,,,FD,Lawbox,Federal District
wiwd,usdistct,205.0,1.0,all,,58,2023-10-03T01:23:45.198Z,True,False,False,298.0,W.D. Wis.,W.D. Wisconsin,"District Court, W.D. Wisconsin",http://www.wiwd.uscourts.gov/,,,FD,Lawbox,Federal District
wyd,usdistct,207.0,1.0,all,,89,2023-10-03T01:23:45.209Z,True,False,False,299.0,D. Wyo.,D. Wyoming,"District Court, D. Wyoming",http://www.wyd.uscourts.gov/,,,FD,Lawbox,Federal District
canalzoned,usdistct,,,,,,2023-10-03T01:23:45.223Z,True,False,False,299.1,D.C.Z.,"District Court, Canal Zone","District Court, Canal Zone",https://en.wikipedia.org/wiki/United_States_District_Court_for_the_Canal_Zone,1937-07-26,1982-03-31,FD,Lawbox.,Federal District
gud,usdistct,59.0,1.0,all,,93,2023-10-03T01:23:45.236Z,True,False,False,299.3,D. Guam,D. Guam,"District Court, D. Guam",http://www.gud.uscourts.gov/,,,FD,Lawbox,Federal District
nmid,usdistct,139.0,1.0,"order,order-cr,motion",,94,2023-10-03T01:23:45.246Z,True,False,False,299.4,N. Mar. I.,Northern Mariana Islands,"District Court, Northern Mariana Islands",http://www.nmid.uscourts.gov/,,,FD,Lawbox. Includes Bankruptcy Division.,Federal District
prd,usdistct,159.0,1.0,all,,04,2023-10-03T01:23:45.261Z,True,False,False,299.5,D.P.R.,D. Puerto Rico,"District Court, D. Puerto Rico",http://www.prd.uscourts.gov/,,,FD,Lawbox,Federal District
vid,usdistct,193.0,1.0,"order,order-cr",,91,2023-10-03T01:23:45.276Z,True,False,False,299.9,D.V.I.,Virgin Islands,"District Court, Virgin Islands",http://www.vid.uscourts.gov/,,,FD,Lawbox,Federal District
uscirct,,,,,,,2025-04-03T21:19:02.711Z,False,False,False,300.0,U.S. Cir. Ct.,U.S. Circuit Court,United States Circuit Court,,1789-01-01,1911-12-31,F,,Federal Appellate
circtdal,uscirct,,,,,,2023-10-03T01:23:45.291Z,False,False,False,300.001,,U.S. Circuit Court for the District of Alabama,U.S. Circuit Court for the District of Alabama,,1873-01-01,1874-12-31,F,,Federal Appellate
circtmdal,uscirct,,,,,,2023-10-03T01:23:45.303Z,False,False,False,300.005,,U.S. Circuit Court for the District of Middle Alabama,U.S. Circuit Court for the District of Middle Alabama,,1839-01-01,1911-12-31,F,,Federal Appellate
circtndal,uscirct,,,,,,2023-10-03T01:23:45.317Z,False,False,False,300.01,,U.S. Circuit Court for the District of Northern Alabama,U.S. Circuit Court for the District of Northern Alabama,,1837-01-01,1911-12-31,F,,Federal Appellate
circtsdal,uscirct,,,,,,2023-10-03T01:23:45.332Z,False,False,False,300.015,,U.S. Circuit Court for the District of Southern Alabama,U.S. Circuit Court for the District of Southern Alabama,,1837-01-01,1911-12-31,F,,Federal Appellate
circtdar,uscirct,,,,,,2023-10-03T01:23:45.341Z,False,False,False,300.02,,U.S. Circuit Court for the District of Arkansas,U.S. Circuit Court for the District of Arkansas,,1837-01-01,1851-12-31,F,,Federal Appellate
circtedar,uscirct,,,,,,2023-10-03T01:23:45.352Z,False,False,False,300.025,,U.S. Circuit Court for the District of Eastern Arkansas,U.S. Circuit Court for the District of Eastern Arkansas,,1851-01-01,1911-12-31,F,,Federal Appellate
circtwdar,uscirct,,,,,,2023-10-03T01:23:45.367Z,False,False,False,300.03,,U.S. Circuit Court for the District of Western Arkansas,U.S. Circuit Court for the District of Western Arkansas,,1851-01-01,1911-12-31,F,,Federal Appellate
circtdterrar,uscirct,,,,,,2023-10-03T01:23:45.377Z,False,False,False,300.035,,U.S. Circuit Court for the District of Territory of Arkansas,U.S. Circuit Court for the District of Territory of Arkansas,,1819-01-01,1836-12-31,F,,Federal Appellate
circtdca,uscirct,,,,,,2023-10-03T01:23:45.390Z,False,False,False,300.04,,U.S. Circuit Court for the District of California,U.S. Circuit Court for the District of California,,1855-01-01,1863-12-31,F,,Federal Appellate
circtndca,uscirct,,,,,,2023-10-03T01:23:45.404Z,False,False,False,300.045,,U.S. Circuit Court for the District of Northern California,U.S. Circuit Court for the District of Northern California,,1863-01-01,1911-12-31,F,,Federal Appellate
circtsdca,uscirct,,,,,,2023-10-03T01:23:45.422Z,False,False,False,300.05,,U.S. Circuit Court for the District of Southern California,U.S. Circuit Court for the District of Southern California,,1863-01-01,1911-12-31,F,,Federal Appellate
circtdco,uscirct,,,,,,2023-10-03T01:23:45.443Z,False,False,False,300.055,,U.S. Circuit Court for the District of Colorado,U.S. Circuit Court for the District of Colorado,,1876-01-01,1911-12-31,F,,Federal Appellate
circtdct,uscirct,,,,,,2023-10-03T01:23:45.450Z,False,False,False,300.06,,U.S. Circuit Court for the District of Connecticut,U.S. Circuit Court for the District of Connecticut,,1789-01-01,1911-12-31,F,,Federal Appellate
circtdel,uscirct,,,,,,2023-10-03T01:23:43.855Z,False,False,False,300.065,Cir. Ct. Del.,Circuit Court of Delaware,U.S. Circuit Court for the District of Delaware,http://www.fjc.gov/history/home.nsf/page/courts_circuit_de.html,1789-09-24,1912-01-01,F,,Federal Appellate
circtdga,uscirct,,,,,,2023-10-03T01:23:45.462Z,False,False,False,300.07,,U.S. Circuit Court for the District of Georgia,U.S. Circuit Court for the District of Georgia,,1789-01-01,1848-12-31,F,,Federal Appellate
circtndga,uscirct,,,,,,2023-10-03T01:23:45.468Z,False,False,False,300.075,,U.S. Circuit Court for the Northern District of Georgia,U.S. Circuit Court for the Northern District of Georgia,,1848-01-01,1911-12-31,F,,Federal Appellate
circtsdga,uscirct,,,,,,2023-10-03T01:23:45.477Z,False,False,False,300.08,,U.S. Circuit Court for the Southern District of Georgia,U.S. Circuit Court for the Southern District of Georgia,,1848-01-01,1911-12-31,F,,Federal Appellate
circtdid,uscirct,,,,,,2023-10-03T01:23:45.484Z,False,False,False,300.085,,U.S. Circuit Court for the District of Idaho,U.S. Circuit Court for the District of Idaho,,1890-01-01,1911-12-31,F,,Federal Appellate
circtdil,uscirct,,,,,,2023-10-03T01:23:45.508Z,False,False,False,300.09,,U.S. Circuit Court for the District of Illinois,U.S. Circuit Court for the District of Illinois,,1837-01-01,1855-12-31,F,,Federal Appellate
circtedil,uscirct,,,,,,2023-10-03T01:23:45.514Z,False,False,False,300.095,,U.S. Circuit Court for the Eastern District of Illinois,U.S. Circuit Court for the Eastern District of Illinois,,1905-01-01,1911-12-31,F,,Federal Appellate
circtndil,uscirct,,,,,,2023-10-03T01:23:45.521Z,False,False,False,300.1,,U.S. Circuit Court for the Northern District of Illnois,U.S. Circuit Court for the Northern District of Illnois,,1855-01-01,1911-12-31,F,,Federal Appellate
circtsdil,uscirct,,,,,,2023-10-03T01:23:45.528Z,False,False,False,300.105,,U.S. Circuit Court for the Southern District of Illnois,U.S. Circuit Court for the Southern District of Illnois,,1855-01-01,1911-12-31,F,,Federal Appellate
circtdin,uscirct,,,,,,2023-10-03T01:23:45.538Z,False,False,False,300.11,,U.S. Circuit Court for the District of Indiana,U.S. Circuit Court for the District of Indiana,,1837-01-01,1911-12-31,F,,Federal Appellate
circtnia,uscirct,,,,,,2023-10-03T01:23:45.552Z,False,False,False,300.115,,U.S. Circuit Court for the District of Northern Iowa,U.S. Circuit Court for the District of Northern Iowa,,1882-01-01,1911-12-31,F,,Federal Appellate
circtsdia,uscirct,,,,,,2023-10-03T01:23:45.567Z,False,False,False,300.12,,U.S. Circuit Court for the Southern District of Iowa,U.S. Circuit Court for the Southern District of Iowa,,1882-01-01,1911-12-31,F,,Federal Appellate
circtdia,uscirct,,,,,,2023-10-03T01:23:45.575Z,False,False,False,300.125,,U.S. Circuit Court for the District of Iowa,U.S. Circuit Court for the District of Iowa,,1862-01-01,1882-12-31,F,,Federal Appellate
circtdks,uscirct,,,,,,2023-10-03T01:23:45.591Z,False,False,False,300.13,,U.S. Circuit Court for the District of Kansas,U.S. Circuit Court for the District of Kansas,,1862-01-01,1911-12-31,F,,Federal Appellate
circtedky,uscirct,,,,,,2023-10-03T01:23:45.597Z,False,False,False,300.135,,U.S. Circuit Court for the District of Eastern Kentucky,U.S. Circuit Court for the District of Eastern Kentucky,,1901-01-01,1911-12-31,F,,Federal Appellate
circtdky,uscirct,,,,,,2023-10-03T01:23:45.603Z,False,False,False,300.14,,U.S. Circuit Court for the District of Kentucky,U.S. Circuit Court for the District of Kentucky,,1807-01-01,1901-12-31,F,,Federal Appellate
circtwdky,uscirct,,,,,,2023-10-03T01:23:45.610Z,False,False,False,300.145,,U.S. Circuit Court for the District of Western Kentucky,U.S. Circuit Court for the District of Western Kentucky,,1901-01-01,1911-12-31,F,,Federal Appellate
circtedla,uscirct,,,,,,2023-10-03T01:23:45.618Z,False,False,False,300.15,,U.S. Circuit Court for the District of Eastern Louisiana,U.S. Circuit Court for the District of Eastern Louisiana,,1837-01-01,1911-12-31,F,,Federal Appellate
circtdla,uscirct,,,,,,2023-10-03T01:23:45.628Z,False,False,False,300.155,,U.S. Circuit Court for the District of Louisiana,U.S. Circuit Court for the District of Louisiana,,1845-01-01,1849-12-31,F,,Federal Appellate
circtwdla,uscirct,,,,,,2023-10-03T01:23:45.639Z,False,False,False,300.16,,U.S. Circuit Court for the District of Western Louisiana,U.S. Circuit Court for the District of Western Louisiana,,1837-01-01,1911-12-31,F,,Federal Appellate
circtdme,uscirct,,,,,,2023-10-03T01:23:45.659Z,False,False,False,300.165,,U.S. Circuit Court for the District of Maine,U.S. Circuit Court for the District of Maine,,1820-01-01,1911-12-31,F,,Federal Appellate
circtdmd,uscirct,,,,,,2023-10-03T01:23:45.671Z,False,False,False,300.17,,U.S. Circuit Court for the District of Maryland,U.S. Circuit Court for the District of Maryland,,1789-01-01,1911-12-31,F,,Federal Appellate
circtdma,uscirct,,,,,,2023-10-03T01:23:45.687Z,False,False,False,300.175,,U.S. Circuit Court for the District of Massachusetts,U.S. Circuit Court for the District of Massachusetts,,1789-01-01,1911-12-31,F,,Federal Appellate
circtedmi,uscirct,,,,,,2023-10-03T01:23:45.695Z,False,False,False,300.18,,U.S. Circuit Court for the District of Eastern Michigan,U.S. Circuit Court for the District of Eastern Michigan,,1863-01-01,1911-12-31,F,,Federal Appellate
circtwdmi,uscirct,,,,,,2023-10-03T01:23:45.702Z,False,False,False,300.185,,U.S. Circuit Court for the District of Western Michigan,U.S. Circuit Court for the District of Western Michigan,,1863-01-01,1911-12-31,F,,Federal Appellate
circtdmi,uscirct,,,,,,2023-10-03T01:23:45.708Z,False,False,False,300.19,,U.S. Circuit Court for the District of Michigan,U.S. Circuit Court for the District of Michigan,,1837-01-01,1862-12-31,F,,Federal Appellate
circtdmn,uscirct,,,,,,2023-10-03T01:23:45.715Z,False,False,False,300.195,,U.S. Circuit Court for the District of Minnesota,U.S. Circuit Court for the District of Minnesota,,1862-01-01,1911-12-31,F,,Federal Appellate
circtmissterr,uscirct,,,,,,2023-10-03T01:23:45.722Z,False,False,False,300.2,,U.S. Circuit Court for the Mississippi Territory,U.S. Circuit Court for the Mississippi Territory,,,,F,,Federal Appellate
circtdms,uscirct,,,,,,2023-10-03T01:23:45.732Z,False,False,False,300.201,,U.S. Circuit Court for the District of Mississippi,U.S. Circuit Court for the District of Mississippi,,,,F,,Federal Appellate
circtndms,uscirct,,,,,,2023-10-03T01:23:45.755Z,False,False,False,300.205,,U.S. Circuit Court for the District of Northern Mississippi,U.S. Circuit Court for the District of Northern Mississippi,,1838-01-01,1911-12-31,F,,Federal Appellate
circtsdms,uscirct,,,,,,2023-10-03T01:23:45.775Z,False,False,False,300.21,,U.S. Circuit Court for the District of Southern Mississippi,U.S. Circuit Court for the District of Southern Mississippi,,1838-01-01,1911-12-31,F,,Federal Appellate
circtedmo,uscirct,,,,,,2023-10-03T01:23:45.786Z,False,False,False,300.215,,U.S. Circuit Court for the District of Eastern Missouri,U.S. Circuit Court for the District of Eastern Missouri,,1857-01-01,1911-12-31,F,,Federal Appellate
circtdmo,uscirct,,,,,,2023-10-03T01:23:45.795Z,False,False,False,300.22,,U.S. Circuit Court for the District of Missouri,U.S. Circuit Court for the District of Missouri,,1837-01-01,1872-12-31,F,,Federal Appellate
circtwdmo,uscirct,,,,,,2023-10-03T01:23:45.805Z,False,False,False,300.225,,U.S. Circuit Court for the District of Western Missouri,U.S. Circuit Court for the District of Western Missouri,,1857-01-01,1911-12-31,F,,Federal Appellate
circtdmt,uscirct,,,,,,2023-10-03T01:23:45.813Z,False,False,False,300.23,,U.S. Circuit Court for the District of Montana,U.S. Circuit Court for the District of Montana,,1889-01-01,1911-12-31,F,,Federal Appellate
circtdne,uscirct,,,,,,2023-10-03T01:23:45.824Z,False,False,False,300.235,,U.S. Circuit Court for the District of Nebraska,U.S. Circuit Court for the District of Nebraska,,1867-01-01,1911-12-31,F,,Federal Appellate
circtdnv,uscirct,,,,,,2023-10-03T01:23:45.832Z,False,False,False,300.24,,U.S. Circuit Court for the District of Nevada,U.S. Circuit Court for the District of Nevada,,1865-01-01,1911-12-31,F,,Federal Appellate
circtdnh,uscirct,,,,,,2023-10-03T01:23:45.847Z,False,False,False,300.245,,U.S. Circuit Court for the District of New Hampshire,U.S. Circuit Court for the District of New Hampshire,,1789-01-01,1911-12-31,F,,Federal Appellate
circtdnj,uscirct,,,,,,2023-10-03T01:23:45.862Z,False,False,False,300.25,,U.S. Circuit Court for the District of New Jersey,U.S. Circuit Court for the District of New Jersey,,1789-01-01,1911-12-31,F,,Federal Appellate
circtny,uscirct,,,,,,2023-10-03T01:23:45.872Z,False,False,False,300.255,,U.S. Circuit Court for New York,U.S. Circuit Court for New York,,,,F,,Federal Appellate
circtdalbanyny,uscirct,,,,,,2023-10-03T01:23:45.895Z,False,False,False,300.26,,U.S. Circuit Court for the District of Albany New York,U.S. Circuit Court for the District of Albany New York,,1801-01-01,1802-12-31,F,,Federal Appellate
circtedny,uscirct,,,,,,2023-10-03T01:23:45.919Z,False,False,False,300.265,,U.S. Circuit Court for the District of Eastern New York,U.S. Circuit Court for the District of Eastern New York,,1865-01-01,1911-12-31,F,,Federal Appellate
circtndny,uscirct,,,,,,2023-10-03T01:23:45.936Z,False,False,False,300.27,,U.S. Circuit Court for the District of Northern New York,U.S. Circuit Court for the District of Northern New York,,1814-01-01,1911-12-31,F,,Federal Appellate
circtsdny,uscirct,,,,,,2023-10-03T01:23:45.955Z,False,False,False,300.275,,U.S. Circuit Court for the District of Southern New York,U.S. Circuit Court for the District of Southern New York,,1814-01-01,1911-12-31,F,,Federal Appellate
circtwdny,uscirct,,,,,,2023-10-03T01:23:45.964Z,False,False,False,300.28,,U.S. Circuit Court for the District of Western New York,U.S. Circuit Court for the District of Western New York,,1900-01-01,1911-12-31,F,,Federal Appellate
circtednc,uscirct,,,,,,2023-10-03T01:23:45.971Z,False,False,False,300.285,,U.S. Circuit Court for the District of Eastern North Carolina,U.S. Circuit Court for the District of Eastern North Carolina,,1872-01-01,1911-12-31,F,,Federal Appellate
circtnc,uscirct,,,,,,2023-10-03T01:23:44.631Z,False,False,False,300.29,Cir. Ct. N.C.,Circuit Court of North Carolina,U.S. Circuit Court for the District of North Carolina,http://www.fjc.gov/history/home.nsf/page/courts_circuit_nc.html,1790-06-04,1912-01-01,F,,Federal Appellate
circtcapefearnc,uscirct,,,,,,2023-10-03T01:23:45.978Z,False,False,False,300.295,,U.S. Circuit Court District of Cape Fear (North Carolina),U.S. Circuit Court District of Cape Fear (North Carolina),,1801-01-01,1872-12-31,F,,Federal Appellate
circtdedenton,uscirct,,,,,,2023-10-03T01:23:45.988Z,False,False,False,300.3,,U.S. Circuit Court District of Edenton (North Carolina),U.S. Circuit Court District of Edenton (North Carolina),,1794-01-01,1797-12-31,F,,Federal Appellate
circtdnewbern,uscirct,,,,,,2023-10-03T01:23:46.001Z,False,False,False,300.305,,U.S. Circuit Court District of New Bern (North Carolina),U.S. Circuit Court District of New Bern (North Carolina),,1794-01-01,1797-12-31,F,,Federal Appellate
circtdwilm,uscirct,,,,,,2023-10-03T01:23:46.009Z,False,False,False,300.31,,U.S. Circuit Court District of Wilmington (North Carolina),U.S. Circuit Court District of Wilmington (North Carolina),,1794-01-01,1797-12-31,F,,Federal Appellate
circtdalb,uscirct,,,,,,2023-10-03T01:23:46.023Z,False,False,False,300.315,,U.S. Circuit Court District of Albemarle (North Carolina),U.S. Circuit Court District of Albemarle (North Carolina),,1801-01-01,1872-12-31,F,,Federal Appellate
circtdpamptico,uscirct,,,,,,2023-10-03T01:23:46.029Z,False,False,False,300.32,,U.S. Circuit Court District of Pamptico (North Carolina),U.S. Circuit Court District of Pamptico (North Carolina),,1801-01-01,1872-12-31,F,,Federal Appellate
circtwdnc,uscirct,,,,,,2023-10-03T01:23:46.047Z,False,False,False,300.325,,U.S. Circuit Court for the District of Western North Carolina,U.S. Circuit Court for the District of Western North Carolina,,1872-01-01,1911-12-31,F,,Federal Appellate
circtdnd,uscirct,,,,,,2023-10-03T01:23:46.057Z,False,False,False,300.33,,U.S. Circuit Court for the District of North Dakota,U.S. Circuit Court for the District of North Dakota,,1889-01-01,1911-12-31,F,,Federal Appellate
circtndoh,uscirct,,,,,,2023-10-03T01:23:46.067Z,False,False,False,300.335,,U.S. Circuit Court for the District of Northern Ohio,U.S. Circuit Court for the District of Northern Ohio,,1855-01-01,1911-12-31,F,,Federal Appellate
circtsdoh,uscirct,,,,,,2023-10-03T01:23:46.081Z,False,False,False,300.34,,U.S. Circuit Court for the District of Southern Ohio,U.S. Circuit Court for the District of Southern Ohio,,1855-01-01,1911-12-31,F,,Federal Appellate
circtdoh,uscirct,,,,,,2023-10-03T01:23:46.087Z,False,False,False,300.345,,U.S. Circuit Court for the District of Ohio,U.S. Circuit Court for the District of Ohio,,1801-01-01,1855-12-31,F,,Federal Appellate
circtedok,uscirct,,,,,,2023-10-03T01:23:46.103Z,False,False,False,300.35,,U.S. Circuit Court for the District of Eastern Oklahoma,U.S. Circuit Court for the District of Eastern Oklahoma,,1906-01-01,1911-12-31,F,,Federal Appellate
circtwdok,uscirct,,,,,,2023-10-03T01:23:46.112Z,False,False,False,300.355,,U.S. Circuit Court for the District of Western Oklahoma,U.S. Circuit Court for the District of Western Oklahoma,,1906-01-01,1911-12-31,F,,Federal Appellate
okd,usdistct,,,,,,2023-10-03T01:23:46.119Z,False,False,False,300.356,,United States District Court for the District of Oklahoma,United States District Court for the District of Oklahoma,,,,FD,Created as part of import of Case.Law data.,Federal District
circtdor,uscirct,,,,,,2023-10-03T01:23:46.135Z,False,False,False,300.36,,U.S. Circuit Court for the District of Oregon,U.S. Circuit Court for the District of Oregon,,1863-01-01,1911-12-31,F,,Federal Appellate
circtedpa,uscirct,,,,,,2023-10-03T01:23:46.147Z,False,False,False,300.365,,U.S. Circuit Court for the District of Eastern Pennsylvania,U.S. Circuit Court for the District of Eastern Pennsylvania,,1818-01-01,1911-12-31,F,,Federal Appellate
circtmdpa,uscirct,,,,,,2023-10-03T01:23:46.163Z,False,False,False,300.37,,U.S. Circuit Court for the District of Middle Pennsylvania,U.S. Circuit Court for the District of Middle Pennsylvania,,1901-01-01,1911-12-31,F,,Federal Appellate
circtdpa,uscirct,,,,,,2023-10-03T01:23:46.179Z,False,False,False,300.375,,U.S. Circuit Court for the District of Pennsylvania,U.S. Circuit Court for the District of Pennsylvania,,1789-01-01,1818-12-31,F,,Federal Appellate
circtwdpa,uscirct,,,,,,2023-10-03T01:23:46.195Z,False,False,False,300.38,,U.S. Circuit Court for the District of Western Pennsylvania,U.S. Circuit Court for the District of Western Pennsylvania,,1818-01-01,1911-12-31,F,,Federal Appellate
circtdri,uscirct,,,,,,2023-10-03T01:23:46.204Z,False,False,False,300.385,,U.S. Circuit Court for the District of Rhode Island,U.S. Circuit Court for the District of Rhode Island,,1790-01-01,1911-12-31,F,,Federal Appellate
circtdsc,uscirct,,,,,,2023-10-03T01:23:46.211Z,False,False,False,300.39,,U.S. Circuit Court for the District of South Carolina,U.S. Circuit Court for the District of South Carolina,,1789-01-01,1911-12-31,F,,Federal Appellate
circtedsc,uscirct,,,,,,2023-10-03T01:23:46.218Z,False,False,False,300.391,,United States Circuit Court for the Eastern District of South Carolina,United States Circuit Court for the Eastern District of South Carolina,,,,F,,Federal Appellate
circtdsd,uscirct,,,,,,2023-10-03T01:23:46.231Z,False,False,False,300.395,,U.S. Circuit Court for the District of South Dakota,U.S. Circuit Court for the District of South Dakota,,1889-01-01,1911-12-31,F,,Federal Appellate
circtedtn,uscirct,,,,,,2023-10-03T01:23:46.243Z,False,False,False,300.4,,U.S. Circuit Court for the District of Eastern Tennessee,U.S. Circuit Court for the District of Eastern Tennessee,,1808-01-01,1911-12-31,F,,Federal Appellate
circtmdtn,uscirct,,,,,,2023-10-03T01:23:46.259Z,False,False,False,300.405,,U.S. Circuit Court for the District of Middle Tennessee,U.S. Circuit Court for the District of Middle Tennessee,,1839-01-01,1911-12-31,F,,Federal Appellate
circttenn,uscirct,,,,,,2023-10-03T01:23:44.962Z,False,False,False,300.41,Cir. Ct. Tenn.,Circuit Court of Tennessee,U.S. Circuit Court for the District of Tennessee,http://www.fjc.gov/history/home.nsf/page/courts_circuit_tn.html,1807-02-24,1912-01-01,F,,Federal Appellate
circtwdtn,uscirct,,,,,,2023-10-03T01:23:46.275Z,False,False,False,300.415,,U.S. Circuit Court for the District of Western Tennessee,U.S. Circuit Court for the District of Western Tennessee,,1808-01-01,1911-12-31,F,,Federal Appellate
circtdtx,uscirct,,,,,,2023-10-03T01:23:46.291Z,False,False,False,300.42,,U.S. Circuit Court for the District of Texas,U.S. Circuit Court for the District of Texas,,1845-12-29,1857-02-21,F,,Federal Appellate
circtedtx,uscirct,,,,,,2023-10-03T01:23:46.307Z,False,False,False,300.425,,U.S. Circuit Court for the District of Eastern Texas,U.S. Circuit Court for the District of Eastern Texas,,1862-01-01,1911-12-31,F,,Federal Appellate
circtndtx,uscirct,,,,,,2023-10-03T01:23:46.323Z,False,False,False,300.43,,U.S. Circuit Court for the District of Northern Texas,U.S. Circuit Court for the District of Northern Texas,,1879-01-01,1911-12-31,F,,Federal Appellate
circtsdtex,uscirct,,,,,,2023-10-03T01:23:46.336Z,False,False,False,300.435,,U.S. Circuit Court for the District of Southern Texas,U.S. Circuit Court for the District of Southern Texas,,1902-01-01,1911-12-31,F,,Federal Appellate
circtwdtex,uscirct,,,,,,2023-10-03T01:23:46.355Z,False,False,False,300.44,,U.S. Circuit Court for the District of Western Texas,U.S. Circuit Court for the District of Western Texas,,1862-01-01,1911-12-31,F,,Federal Appellate
circtdut,uscirct,,,,,,2023-10-03T01:23:46.371Z,False,False,False,300.445,,U.S. Circuit Court for the District of Utah,U.S. Circuit Court for the District of Utah,,1894-01-01,1911-12-31,F,,Federal Appellate
circtdvt,uscirct,,,,,,2023-10-03T01:23:46.388Z,False,False,False,300.45,,U.S. Circuit Court for the District of Vermont,U.S. Circuit Court for the District of Vermont,,1791-01-01,1911-12-31,F,,Federal Appellate
circtdva,uscirct,,,,,,2023-10-03T01:23:46.407Z,False,False,False,300.455,,U.S. Circuit Court for the District of Virginia,U.S. Circuit Court for the District of Virginia,,1789-01-01,1819-12-31,F,,Federal Appellate
circtedva,uscirct,,,,,,2023-10-03T01:23:46.423Z,False,False,False,300.46,,U.S. Circuit Court for the District of Eastern Virginia,U.S. Circuit Court for the District of Eastern Virginia,,1819-01-01,1911-12-31,F,,Federal Appellate
circtwdva,uscirct,,,,,,2023-10-03T01:23:46.439Z,False,False,False,300.465,,U.S. Circuit Court for the District of Western Virginia,U.S. Circuit Court for the District of Western Virginia,,1819-01-01,1911-12-31,F,,Federal Appellate
circtedwa,uscirct,,,,,,2023-10-03T01:23:46.452Z,False,False,False,300.47,,U.S. Circuit Court for the District of Eastern Washington,U.S. Circuit Court for the District of Eastern Washington,,1905-01-01,1911-12-31,F,,Federal Appellate
circtdwa,uscirct,,,,,,2023-10-03T01:23:46.463Z,False,False,False,300.475,,U.S. Circuit Court for the District of Washington,U.S. Circuit Court for the District of Washington,,1889-01-01,1905-12-31,F,,Federal Appellate
circtwdwa,uscirct,,,,,,2023-10-03T01:23:46.475Z,False,False,False,300.48,,U.S. Circuit Court for the District of Western Washington,U.S. Circuit Court for the District of Western Washington,,1905-01-01,1911-12-31,F,,Federal Appellate
circtddc,uscirct,,,,,,2023-10-03T01:23:46.491Z,False,False,False,300.485,,U.S. Circuit Court for the District of District of Columbia,U.S. Circuit Court for the District of District of Columbia,,1801-01-01,1911-12-31,F,,Federal Appellate
circtndwv,uscirct,,,,,,2023-10-03T01:23:46.507Z,False,False,False,300.49,,U.S. Circuit Court for the District of Northern West Virginia,U.S. Circuit Court for the District of Northern West Virginia,,1901-01-01,1911-12-31,F,,Federal Appellate
circtsdwv,uscirct,,,,,,2023-10-03T01:23:46.523Z,False,False,False,300.495,,U.S. Circuit Court for the District of Southern West Virginia,U.S. Circuit Court for the District of Southern West Virginia,,1901-01-01,1911-12-31,F,,Federal Appellate
circtdwv,uscirct,,,,,,2023-10-03T01:23:46.539Z,False,False,False,300.5,,U.S. Circuit Court for the District of West Virginia,U.S. Circuit Court for the District of West Virginia,,1864-01-01,1901-12-31,F,,Federal Appellate
circtedwi,uscirct,,,,,,2023-10-03T01:23:46.551Z,False,False,False,300.505,,U.S. Circuit Court for the District of Eastern Wisconsin,U.S. Circuit Court for the District of Eastern Wisconsin,,1870-01-01,1911-12-31,F,,Federal Appellate
circtwdwi,uscirct,,,,,,2023-10-03T01:23:46.567Z,False,False,False,300.51,,U.S. Circuit Court for the District of Western Wisconsin,U.S. Circuit Court for the District of Western Wisconsin,,1870-01-01,1911-12-31,F,,Federal Appellate
circtdwi,uscirct,,,,,,2023-10-03T01:23:46.580Z,False,False,False,300.515,,U.S. Circuit Court for the District of Wisconsin,U.S. Circuit Court for the District of Wisconsin,,1862-01-01,1870-12-31,F,,Federal Appellate
circtdwy,uscirct,,,,,,2023-10-03T01:23:46.588Z,False,False,False,300.52,,U.S. Circuit Court for the District of Wyoming,U.S. Circuit Court for the District of Wyoming,,1890-01-01,1911-12-31,F,,Federal Appellate
ala,,,,,,,2023-01-06T19:30:36.039Z,True,True,False,305.0,Ala.,Supreme Court of Alabama,Supreme Court of Alabama,http://judicial.alabama.gov/supreme.cfm,1819-01-01,,S,Lawbox,State Supreme
alactapp,,,,,,,2023-01-06T19:31:10.474Z,True,False,False,306.0,Ala. Ct. App.,Alabama Court of Appeals,Alabama Court of Appeals,http://judicial.alabama.gov/,1911-01-01,1969-01-01,SA,Lawbox,State Appellate
alacrimapp,,,,,,,2023-01-06T19:32:11.043Z,True,True,False,310.0,Ala. Crim. App.,Court of Criminal Appeals of Alabama,Court of Criminal Appeals of Alabama,http://judicial.alabama.gov/criminal.cfm,1969-01-01,,SA,Lawbo,State Appellate
alacivapp,,,,,,,2023-01-06T19:33:10.853Z,True,True,False,311.0,Ala. Civ. App.,Court of Civil Appeals of Alabama,Court of Civil Appeals of Alabama,http://judicial.alabama.gov/civil.cfm,1969-01-01,,SA,Lawbox,State Appellate
alaska,,,,,,,2013-08-14T16:46:30Z,True,True,False,320.0,Alaska,Alaska Supreme Court,Alaska Supreme Court,http://courts.alaska.gov/sp.htm,1959-01-03,,S,,State Supreme
alaskactapp,,,,,,,2014-09-02T23:00:12.560Z,True,True,False,321.0,Alaska Ct. App.,Court of Appeals of Alaska,Court of Appeals of Alaska,http://courts.alaska.gov/appcts.htm,1980-07-01,,SA,Lawbox,State Appellate
ariz,,,,,,,2013-08-14T16:46:30Z,True,True,False,322.0,Ariz.,Arizona Supreme Court,Arizona Supreme Court,http://www.azcourts.gov/azsupremecourt.aspx,1912-01-01,,S,,State Supreme
arizctapp,,,,,,,2013-10-16T18:58:49.362Z,True,True,False,322.2,Ariz. Ct. App.,Court of Appeals of Arizona,Court of Appeals of Arizona,http://www.azcourts.gov/AZCourts/CourtofAppeals.aspx‎,1965-01-01,,SA,Lawbox,State Appellate
arizsuper,,,,,,,2017-10-02T21:06:41.874Z,False,False,False,322.3,Ariz. Super. Ct.,Arizona Superior Court,Arizona Superior Court,http://www.azcourts.gov/AZ-Courts/Superior-Court,,,ST,,State Trial
ariztaxct,,,,,,,2013-08-14T22:42:28Z,True,False,False,323.0,Ariz. T.C.,Arizona Tax Court,Arizona Tax Court,http://www.superiorcourt.maricopa.gov/SuperiorCourt/TaxCourt/,,,SS,Lawbox,State Special
ark,,,,,,,2013-09-09T01:32:48Z,True,True,False,330.0,Ark.,Supreme Court of Arkansas,Supreme Court of Arkansas,https://courts.arkansas.gov/courts/supreme-court,1841-01-01,,S,"Lawbox, Scraper created 2013-08-11.",State Supreme
arkctapp,,,,,,,2013-09-09T17:36:41Z,True,True,False,331.0,Ark. Ct. App.,Court of Appeals of Arkansas,Court of Appeals of Arkansas,https://courts.arkansas.gov/courts/court-of-appeals,1979-08-08,,SA,Lawbox,State Appellate
arkworkcompcom,,,,,,,2016-05-18T17:52:50.471Z,True,False,False,340.0,Ark. Workers' Comp.,Arkansas Workers' Compensation Commission,Arkansas Workers' Compensation Commission,http://www.awcc.state.ar.us/,,,SS,,State Special
arkag,,,,,,,2016-05-18T20:01:59.649Z,True,False,False,345.0,Ark. Att'y Gen.,Arkansas Attorney General Reports,Arkansas Attorney General Reports,http://www.arkansasag.gov/,,,SAG,,State Attorney General
cal,,,,,,,2013-08-14T16:46:30Z,True,True,False,350.0,Cal.,California Supreme Court,California Supreme Court,http://www.courts.ca.gov/supremecourt.htm,1849-01-01,,S,,State Supreme
calctapp,,,,,,,2014-05-23T15:31:20.590Z,True,True,False,350.1,Cal. Ct. App.,California Court of Appeal,California Court of Appeal,http://www.courts.ca.gov/courtsofappeal.htm,1905-04-10,,SA,Lawbox,State Appellate
calappdeptsuper,,,,,,,2016-05-18T18:54:40.877Z,True,False,False,350.3,Cal. App. Dep’t Super. Ct.,Appellate Division of the Superior Court of California,Appellate Division of the Superior Court of California,http://www.courts.ca.gov/12430.htm,,,SA,,State Appellate
calctapp1d,calctapp,,,,,,2023-10-03T01:23:46.603Z,False,False,False,350.31,Cal. Ct. App. 1st,"California Court of Appeals, 1st District","California Court of Appeal, 1st District",https://courts.ca.gov/1dca.htm,,,SA,Created as part of importation of California Judges Data Set.,State Appellate
calctapp2d,calctapp,,,,,,2023-10-03T01:23:46.619Z,False,False,False,350.32,Cal. Ct. App. 2nd,"California Court of Appeals, 2nd District","California Court of Appeal, 2nd District",https://courts.ca.gov/2dca.htm,,,SA,Created as part of importation of California Judges Data Set.,State Appellate
calctapp3d,calctapp,,,,,,2023-10-03T01:23:46.631Z,False,False,False,350.33,Cal. Ct. App. 3rd,"California Court of Appeals, 3rd District","California Court of Appeal, 3rd District",https://courts.ca.gov/3dca.htm,,,SA,Created as part of importation of California Judges Data Set.,State Appellate
calctapp4d,calctapp,,,,,,2023-10-03T01:23:46.643Z,False,False,False,350.34,Cal. Ct. App. 4th,"California Court of Appeals, 4th District","California Court of Appeal, 4th District",https://courts.ca.gov/4dca.htm,,,SA,Created as part of importation of California Judges Data Set.,State Appellate
calctapp5d,calctapp,,,,,,2023-10-03T01:23:46.659Z,False,False,False,350.35,Cal. Ct. App. 5th,"California Court of Appeals, 5th District","California Court of Appeal, 5th District",https://courts.ca.gov/5dca.htm,,,SA,Created as part of importation of California Judges Data Set.,State Appellate
calctapp6d,calctapp,,,,,,2023-10-03T01:23:46.669Z,False,False,False,350.36,Cal. Ct. App. 6th,"California Court of Appeals, 6th District","California Court of Appeal, 6th District",https://courts.ca.gov/6dca.htm,,,SA,Created as part of importation of California Judges Data Set.,State Appellate
calag,,,,,,,2024-01-09T19:20:24.802Z,True,True,False,350.5,Cal. Att'y Gen.,California Attorney General Reports,California Attorney General Reports,https://oag.ca.gov/,,,SAG,,State Attorney General
calsuperct,,,,,,,2022-01-11T21:35:45.909Z,False,False,False,350.6,Cal. Super. Ct.,California Superior Court,California Superior Court,,,,ST,,State Trial
calsuppctala,calsuperct,,,,,,2023-10-03T01:23:46.678Z,False,False,False,350.601,Cal. Supp. Ct. (Alameda),"California Superior Court, Alameda County","Superior Court of California, County of Alameda",http://www.alameda.courts.ca.gov/,,,ST,Created as part of importation of California Judges Data Set.,State Trial
calsuppctalp,calsuperct,,,,,,2023-10-03T01:23:46.694Z,False,False,False,350.602,Cal. Supp. Ct. (Alpine),"California Superior Court, Alpine County","Superior Court of California, County of Alpine",http://www.alpine.courts.ca.gov/,,,ST,Created as part of importation of California Judges Data Set.,State Trial
calsuppctama,calsuperct,,,,,,2023-10-03T01:23:46.708Z,False,False,False,350.603,Cal. Supp. Ct. (Amador),"California Superior Court, Amador County","Superior Court of California, County of Amador",http://www.amadorcourt.org,,,ST,Created as part of importation of California Judges Data Set.,State Trial
calsuppctbut,calsuperct,,,,,,2023-10-03T01:23:46.727Z,False,False,False,350.604,Cal. Supp. Ct. (Butte),"California Superior Court, Butte County","Superior Court of California, County of Butte",http://www.buttecourt.ca.gov/,,,ST,Created as part of importation of California Judges Data Set.,State Trial
calsuppctcal,calsuperct,,,,,,2023-10-03T01:23:46.736Z,False,False,False,350.605,Cal. Supp. Ct. (Calaveras),"California Superior Court, Calaveras County","Superior Court of California, County of Calaveras",http://www.calaveras.courts.ca.gov/,,,ST,Created as part of importation of California Judges Data Set.,State Trial
calsuppctcol,calsuperct,,,,,,2023-10-03T01:23:46.751Z,False,False,False,350.606,Cal. Supp. Ct. (Colusa),"California Superior Court, Colusa County","Superior Court of California, County of Colusa",http://www.colusa.courts.ca.gov/,,,ST,Created as part of importation of California Judges Data Set.,State Trial
calsuppctcc,calsuperct,,,,,,2023-10-03T01:23:46.766Z,False,False,False,350.607,Cal. Supp. Ct. (Contra Costa),"California Superior Court, Contra Costa County","Superior Court of California, County of Contra Costa",http://www.cc-courts.org/,,,ST,Created as part of importation of California Judges Data Set.,State Trial
calsuppctdn,calsuperct,,,,,,2023-10-03T01:23:46.776Z,False,False,False,350.608,Cal. Supp. Ct. (Del Norte),"California Superior Court, Del Norte County","Superior Court of California, County of Del Norte",http://www.delnorte.courts.ca.gov/,,,ST,Created as part of importation of California Judges Data Set.,State Trial
calsuppcted,calsuperct,,,,,,2023-10-03T01:23:46.800Z,False,False,False,350.609,Cal. Supp. Ct. (El Dorado),"California Superior Court, El Dorado County","Superior Court of California, County of El Dorado",http://www.eldoradocourt.org/,,,ST,Created as part of importation of California Judges Data Set.,State Trial
calsuppctfre,calsuperct,,,,,,2023-10-03T01:23:46.818Z,False,False,False,350.61,Cal. Supp. Ct. (Fresno),"California Superior Court, Fresno County","Superior Court of California, County of Fresno",http://www.fresno.courts.ca.gov/,,,ST,Created as part of importation of California Judges Data Set.,State Trial
calsuppctgle,calsuperct,,,,,,2023-10-03T01:23:46.839Z,False,False,False,350.611,Cal. Supp. Ct. (Glenn),"California Superior Court, Glenn County","Superior Court of California, County of Glenn",http://www.glenncourt.ca.gov/,,,ST,Created as part of importation of California Judges Data Set.,State Trial
calsuppcthum,calsuperct,,,,,,2023-10-03T01:23:46.847Z,False,False,False,350.612,Cal. Supp. Ct. (Humboldt),"California Superior Court, Humboldt County","Superior Court of California, County of Humboldt",http://www.humboldt.courts.ca.gov/,,,ST,Created as part of importation of California Judges Data Set.,State Trial
calsuppctimp,calsuperct,,,,,,2023-10-03T01:23:46.853Z,False,False,False,350.613,Cal. Supp. Ct. (Imperial),"California Superior Court, Imperial County","Superior Court of California, County of Imperial",http://www.imperial.courts.ca.gov/,,,ST,Created as part of importation of California Judges Data Set.,State Trial
calsuppctiny,calsuperct,,,,,,2023-10-03T01:23:46.863Z,False,False,False,350.614,Cal. Supp. Ct. (Inyo),"California Superior Court, Inyo County","Superior Court of California, County of Inyo",http://www.inyocourt.ca.gov/,,,ST,Created as part of importation of California Judges Data Set.,State Trial
calsuppctker,calsuperct,,,,,,2023-10-03T01:23:46.878Z,False,False,False,350.615,Cal. Supp. Ct. (Kern),"California Superior Court, Kern County","Superior Court of California, County of Kern",https://www.kern.courts.ca.gov/,,,ST,Created as part of importation of California Judges Data Set.,State Trial
calsuppctkin,calsuperct,,,,,,2023-10-03T01:23:46.899Z,False,False,False,350.616,Cal. Supp. Ct. (Kings),"California Superior Court, Kings County","Superior Court of California, County of Kings",http://www.kings.courts.ca.gov/,,,ST,Created as part of importation of California Judges Data Set.,State Trial
calsuppctlak,calsuperct,,,,,,2023-10-03T01:23:46.915Z,False,False,False,350.617,Cal. Supp. Ct. (Lake),"California Superior Court, Lake County","Superior Court of California, County of Lake",http://www.lake.courts.ca.gov/,,,ST,Created as part of importation of California Judges Data Set.,State Trial
calsuppctlas,calsuperct,,,,,,2023-10-03T01:23:46.921Z,False,False,False,350.618,Cal. Supp. Ct. (Lassen),"California Superior Court, Lassen County","Superior Court of California, County of Lassen",http://www.lassencourt.ca.gov/,,,ST,Created as part of importation of California Judges Data Set.,State Trial
calsuppctla,calsuperct,,,,,,2023-10-03T01:23:46.931Z,False,False,False,350.619,Cal. Supp. Ct. (Los Angeles),"California Superior Court, Los Angeles County","Superior Court of California, County of Los Angeles",http://www.lacourt.org/,,,ST,Created as part of importation of California Judges Data Set.,State Trial
calsuppctmad,calsuperct,,,,,,2023-10-03T01:23:46.938Z,False,False,False,350.62,Cal. Supp. Ct. (Madera),"California Superior Court, Madera County","Superior Court of California, County of Madera",http://madera.courts.ca.gov/,,,ST,Created as part of importation of California Judges Data Set.,State Trial
calsuppctmrn,calsuperct,,,,,,2023-10-03T01:23:46.948Z,False,False,False,350.621,Cal. Supp. Ct. (Marin),"California Superior Court, Marin County","Superior Court of California, County of Marin",http://www.marincourt.org/,,,ST,Created as part of importation of California Judges Data Set.,State Trial
calsuppctmpa,calsuperct,,,,,,2023-10-03T01:23:46.958Z,False,False,False,350.622,Cal. Supp. Ct. (Mariposa),"California Superior Court, Mariposa County","Superior Court of California, County of Mariposa",http://www.mariposacourt.org/,,,ST,Created as part of importation of California Judges Data Set.,State Trial
calsuppctmen,calsuperct,,,,,,2023-10-03T01:23:46.975Z,False,False,False,350.623,Cal. Supp. Ct. (Mendocino),"California Superior Court, Mendocino County","Superior Court of California, County of Mendocino",http://www.mendocino.courts.ca.gov/,,,ST,Created as part of importation of California Judges Data Set.,State Trial
calsuppctmer,calsuperct,,,,,,2023-10-03T01:23:46.987Z,False,False,False,350.624,Cal. Supp. Ct. (Merced),"California Superior Court, Merced County","Superior Court of California, County of Merced",http://www.mercedcourt.org/,,,ST,Created as part of importation of California Judges Data Set.,State Trial
calsuppctmod,calsuperct,,,,,,2023-10-03T01:23:47.002Z,False,False,False,350.625,Cal. Supp. Ct. (Modoc),"California Superior Court, Modoc County","Superior Court of California, County of Modoc",https://www.modoc.courts.ca.gov,,,ST,Created as part of importation of California Judges Data Set.,State Trial
calsuppctmno,calsuperct,,,,,,2023-10-03T01:23:47.031Z,False,False,False,350.626,Cal. Supp. Ct. (Mono),"California Superior Court, Mono County","Superior Court of California, County of Mono",http://www.mono.courts.ca.gov/,,,ST,Created as part of importation of California Judges Data Set.,State Trial
calsuppctmon,calsuperct,,,,,,2023-10-03T01:23:47.044Z,False,False,False,350.627,Cal. Supp. Ct. (Monterey),"California Superior Court, Monterey County","Superior Court of California, County of Monterey",http://www.monterey.courts.ca.gov/,,,ST,Created as part of importation of California Judges Data Set.,State Trial
calsuppctnap,calsuperct,,,,,,2023-10-03T01:23:47.051Z,False,False,False,350.628,Cal. Supp. Ct. (Napa),"California Superior Court, Napa County","Superior Court of California, County of Napa",http://www.napa.courts.ca.gov/,,,ST,Created as part of importation of California Judges Data Set.,State Trial
calsuppctnev,calsuperct,,,,,,2023-10-03T01:23:47.062Z,False,False,False,350.629,Cal. Supp. Ct. (Nevada),"California Superior Court, Nevada County","Superior Court of California, County of Nevada",http://nccourt.net/,,,ST,Created as part of importation of California Judges Data Set.,State Trial
calsuppctora,calsuperct,,,,,,2023-10-03T01:23:47.073Z,False,False,False,350.63,Cal. Supp. Ct. (Orange),"California Superior Court, Orange County","Superior Court of California, County of Orange",https://www.occourts.org/,,,ST,Created as part of importation of California Judges Data Set.,State Trial
calsuppctpla,calsuperct,,,,,,2023-10-03T01:23:47.083Z,False,False,False,350.631,Cal. Supp. Ct. (Placer),"California Superior Court, Placer County","Superior Court of California, County of Placer",http://www.placer.courts.ca.gov/,,,ST,Created as part of importation of California Judges Data Set.,State Trial
calsuppctplu,calsuperct,,,,,,2023-10-03T01:23:47.095Z,False,False,False,350.632,Cal. Supp. Ct. (Plumas),"California Superior Court, Plumas County","Superior Court of California, County of Plumas",http://www.plumascourt.ca.gov/,,,ST,Created as part of importation of California Judges Data Set.,State Trial
calsuppctriv,calsuperct,,,,,,2023-10-03T01:23:47.104Z,False,False,False,350.633,Cal. Supp. Ct. (Riverside),"California Superior Court, Riverside County","Superior Court of California, County of Riverside",http://www.riverside.courts.ca.gov/,,,ST,Created as part of importation of California Judges Data Set.,State Trial
calsuppctsac,calsuperct,,,,,,2023-10-03T01:23:47.119Z,False,False,False,350.634,Cal. Supp. Ct. (Sacramento),"California Superior Court, Sacramento County","Superior Court of California, County of Sacramento",https://www.saccourt.ca.gov/,,,ST,Created as part of importation of California Judges Data Set.,State Trial
calsuppctsbt,calsuperct,,,,,,2023-10-03T01:23:47.129Z,False,False,False,350.635,Cal. Supp. Ct. (San Benito),"California Superior Court, San Benito County","Superior Court of California, County of San Benito",http://www.sanbenito.courts.ca.gov/,,,ST,Created as part of importation of California Judges Data Set.,State Trial
calsuppctsbd,calsuperct,,,,,,2023-10-03T01:23:47.140Z,False,False,False,350.636,Cal. Supp. Ct. (San Bernardino),"California Superior Court, San Bernardino County","Superior Court of California, County of San Bernardino",http://www.sb-court.org/,,,ST,Created as part of importation of California Judges Data Set.,State Trial
calsuppctsd,calsuperct,,,,,,2023-10-03T01:23:47.150Z,False,False,False,350.637,Cal. Supp. Ct. (San Diego),"California Superior Court, San Diego County","Superior Court of California, County of San Diego","http://www.sdcourt.ca.gov/portal/page?_pageid=55,1&_dad=portal&_schema=PORTAL",,,ST,Created as part of importation of California Judges Data Set.,State Trial
calsuppctsf,calsuperct,,,,,,2023-10-03T01:23:47.162Z,False,False,False,350.638,Cal. Supp. Ct. (San Francisco),"California Superior Court, San Francisco County","Superior Court of California, County of San Francisco",https://www.sfsuperiorcourt.org/,,,ST,Created as part of importation of California Judges Data Set.,State Trial
calsuppctsj,calsuperct,,,,,,2023-10-03T01:23:47.179Z,False,False,False,350.639,Cal. Supp. Ct. (San Joaquin),"California Superior Court, San Joaquin County","Superior Court of California, County of San Joaquin",https://www.sjcourts.org/,,,ST,Created as part of importation of California Judges Data Set.,State Trial
calsuppctslo,calsuperct,,,,,,2023-10-03T01:23:47.190Z,False,False,False,350.64,Cal. Supp. Ct. (San Luis Obispo),"California Superior Court, San Luis Obispo County","Superior Court of California, County of San Luis Obispo",https://www.slo.courts.ca.gov/,,,ST,Created as part of importation of California Judges Data Set.,State Trial
calsuppctsm,calsuperct,,,,,,2023-10-03T01:23:47.203Z,False,False,False,350.641,Cal. Supp. Ct. (San Mateo),"California Superior Court, San Mateo County","Superior Court of California, County of San Mateo",https://www.sanmateocourt.org/,,,ST,Created as part of importation of California Judges Data Set.,State Trial
calsuppctsb,calsuperct,,,,,,2023-10-03T01:23:47.215Z,False,False,False,350.642,Cal. Supp. Ct. (Santa Barbara),"California Superior Court, Santa Barbara County","Superior Court of California, County of Santa Barbara",https://www.sbcourts.org/,,,ST,Created as part of importation of California Judges Data Set.,State Trial
calsuppctscl,calsuperct,,,,,,2023-10-03T01:23:47.231Z,False,False,False,350.643,Cal. Supp. Ct. (Santa Clara),"California Superior Court, Santa Clara County","Superior Court of California, County of Santa Clara",http://www.scscourt.org/,,,ST,Created as part of importation of California Judges Data Set.,State Trial
calsuppctscr,calsuperct,,,,,,2023-10-03T01:23:47.247Z,False,False,False,350.644,Cal. Supp. Ct. (Santa Cruz),"California Superior Court, Santa Cruz County","Superior Court of California, County of Santa Cruz",http://www.santacruzcourt.org/,,,ST,Created as part of importation of California Judges Data Set.,State Trial
calsuppctsha,calsuperct,,,,,,2023-10-03T01:23:47.259Z,False,False,False,350.645,Cal. Supp. Ct. (Shasta),"California Superior Court, Shasta County","Superior Court of California, County of Shasta",http://www.shasta.courts.ca.gov,,,ST,Created as part of importation of California Judges Data Set.,State Trial
calsuppctsie,calsuperct,,,,,,2023-10-03T01:23:47.275Z,False,False,False,350.646,Cal. Supp. Ct. (Sierra),"California Superior Court, Sierra County","Superior Court of California, County of Sierra",http://sierra.courts.ca.gov/,,,ST,Created as part of importation of California Judges Data Set.,State Trial
calsuppctsis,calsuperct,,,,,,2023-10-03T01:23:47.288Z,False,False,False,350.647,Cal. Supp. Ct. (Siskiyou),"California Superior Court, Siskiyou County","Superior Court of California, County of Siskiyou",http://www.siskiyou.courts.ca.gov/,,,ST,Created as part of importation of California Judges Data Set.,State Trial
calsuppctsol,calsuperct,,,,,,2023-10-03T01:23:47.299Z,False,False,False,350.648,Cal. Supp. Ct. (Solano),"California Superior Court, Solano County","Superior Court of California, County of Solano",http://www.solano.courts.ca.gov/,,,ST,Created as part of importation of California Judges Data Set.,State Trial
calsuppctson,calsuperct,,,,,,2023-10-03T01:23:47.305Z,False,False,False,350.649,Cal. Supp. Ct. (Sonoma),"California Superior Court, Sonoma County","Superior Court of California, County of Sonoma",http://sonoma.courts.ca.gov/,,,ST,Created as part of importation of California Judges Data Set.,State Trial
calsuppctsta,calsuperct,,,,,,2023-10-03T01:23:47.312Z,False,False,False,350.65,Cal. Supp. Ct. (Stanislaus),"California Superior Court, Stanislaus County","Superior Court of California, County of Stanislaus",https://www.stanct.org/,,,ST,Created as part of importation of California Judges Data Set.,State Trial
calsuppctsut,calsuperct,,,,,,2023-10-03T01:23:47.325Z,False,False,False,350.651,Cal. Supp. Ct. (Sutter),"California Superior Court, Sutter County","Superior Court of California, County of Sutter",https://www.suttercourts.com/,,,ST,Created as part of importation of California Judges Data Set.,State Trial
calsuppctteh,calsuperct,,,,,,2023-10-03T01:23:47.339Z,False,False,False,350.652,Cal. Supp. Ct. (Tehama),"California Superior Court, Tehama County","Superior Court of California, County of Tehama",http://www.tehamacourt.ca.gov/,,,ST,Created as part of importation of California Judges Data Set.,State Trial
calsuppcttri,calsuperct,,,,,,2023-10-03T01:23:47.351Z,False,False,False,350.653,Cal. Supp. Ct. (Trinity),"California Superior Court, Trinity County","Superior Court of California, County of Trinity",https://www.trinity.courts.ca.gov/,,,ST,Created as part of importation of California Judges Data Set.,State Trial
calsuppcttul,calsuperct,,,,,,2023-10-03T01:23:47.357Z,False,False,False,350.654,Cal. Supp. Ct. (Tulare),"California Superior Court, Tulare County","Superior Court of California, County of Tulare",http://www.tularesuperiorcourt.ca.gov/,,,ST,Created as part of importation of California Judges Data Set.,State Trial
calsuppcttuo,calsuperct,,,,,,2023-10-03T01:23:47.373Z,False,False,False,350.655,Cal. Supp. Ct. (Tuolumne),"California Superior Court, Tuolumne County","Superior Court of California, County of Tuolumne",https://www.tuolumne.courts.ca.gov/,,,ST,Created as part of importation of California Judges Data Set.,State Trial
calsuppctven,calsuperct,,,,,,2023-10-03T01:23:47.386Z,False,False,False,350.656,Cal. Supp. Ct. (Ventura),"California Superior Court, Ventura County","Superior Court of California, County of Ventura",http://www.ventura.courts.ca.gov/,,,ST,Created as part of importation of California Judges Data Set.,State Trial
calsuppctyol,calsuperct,,,,,,2023-10-03T01:23:47.396Z,False,False,False,350.657,Cal. Supp. Ct. (Yolo),"California Superior Court, Yolo County","Superior Court of California, County of Yolo",https://www.yolo.courts.ca.gov/,,,ST,Created as part of importation of California Judges Data Set.,State Trial
calsuppctyub,calsuperct,,,,,,2023-10-03T01:23:47.405Z,False,False,False,350.658,Cal. Supp. Ct. (Yuba),"California Superior Court, Yuba County","Superior Court of California, County of Yuba",http://www.yuba.courts.ca.gov/,,,ST,Created as part of importation of California Judges Data Set.,State Trial
calmunct,,,,,,,2023-10-02T15:46:26.413Z,False,False,False,350.7,,Municipal Court of California,Municipal Court of California,,,,ST,,State Trial
calmunctala,calmunct,,,,,,2023-10-03T01:23:47.415Z,False,False,False,350.701,Cal. Mun. Ct. (Alameda),"California Municipal Court, Alameda County","Municipal Court of California, County of Alameda",http://www.alameda.courts.ca.gov/,,2001-01-01,ST,Created as part of importation of California Judges Data Set. Municipal Courts refer to pre-2001 trial courts that were merged into the Superior Courts,State Trial
calmunctalp,calmunct,,,,,,2023-10-03T01:23:47.422Z,False,False,False,350.702,Cal. Mun. Ct. (Alpine),"California Municipal Court, Alpine County","Municipal Court of California, County of Alpine",http://www.alpine.courts.ca.gov/,,2001-01-01,ST,Created as part of importation of California Judges Data Set. Municipal Courts refer to pre-2001 trial courts that were merged into the Superior Courts,State Trial
calmunctama,calmunct,,,,,,2023-10-03T01:23:47.435Z,False,False,False,350.703,Cal. Mun. Ct. (Amador),"California Municipal Court, Amador County","Municipal Court of California, County of Amador",http://www.amadorcourt.org,,2001-01-01,ST,Created as part of importation of California Judges Data Set. Municipal Courts refer to pre-2001 trial courts that were merged into the Superior Courts,State Trial
calmunctbut,calmunct,,,,,,2023-10-03T01:23:47.447Z,False,False,False,350.704,Cal. Mun. Ct. (Butte),"California Municipal Court, Butte County","Municipal Court of California, County of Butte",http://www.buttecourt.ca.gov/,,2001-01-01,ST,Created as part of importation of California Judges Data Set. Municipal Courts refer to pre-2001 trial courts that were merged into the Superior Courts,State Trial
calmunctcal,calmunct,,,,,,2023-10-03T01:23:47.461Z,False,False,False,350.705,Cal. Mun. Ct. (Calaveras),"California Municipal Court, Calaveras County","Municipal Court of California, County of Calaveras",http://www.calaveras.courts.ca.gov/,,2001-01-01,ST,Created as part of importation of California Judges Data Set. Municipal Courts refer to pre-2001 trial courts that were merged into the Superior Courts,State Trial
calmunctcol,calmunct,,,,,,2023-10-03T01:23:47.475Z,False,False,False,350.706,Cal. Mun. Ct. (Colusa),"California Municipal Court, Colusa County","Municipal Court of California, County of Colusa",http://www.colusa.courts.ca.gov/,,2001-01-01,ST,Created as part of importation of California Judges Data Set. Municipal Courts refer to pre-2001 trial courts that were merged into the Superior Courts,State Trial
calmunctcc,calmunct,,,,,,2023-10-03T01:23:47.484Z,False,False,False,350.707,Cal. Mun. Ct. (Contra Costa),"California Municipal Court, Contra Costa County","Municipal Court of California, County of Contra Costa",http://www.cc-courts.org/,,2001-01-01,ST,Created as part of importation of California Judges Data Set. Municipal Courts refer to pre-2001 trial courts that were merged into the Superior Courts,State Trial
calmunctdn,calmunct,,,,,,2023-10-03T01:23:47.491Z,False,False,False,350.708,Cal. Mun. Ct. (Del Norte),"California Municipal Court, Del Norte County","Municipal Court of California, County of Del Norte",http://www.delnorte.courts.ca.gov/,,2001-01-01,ST,Created as part of importation of California Judges Data Set. Municipal Courts refer to pre-2001 trial courts that were merged into the Superior Courts,State Trial
calmuncted,calmunct,,,,,,2023-10-03T01:23:47.498Z,False,False,False,350.709,Cal. Mun. Ct. (El Dorado),"California Municipal Court, El Dorado County","Municipal Court of California, County of El Dorado",http://www.eldoradocourt.org/,,2001-01-01,ST,Created as part of importation of California Judges Data Set. Municipal Courts refer to pre-2001 trial courts that were merged into the Superior Courts,State Trial
calmunctfre,calmunct,,,,,,2023-10-03T01:23:47.515Z,False,False,False,350.71,Cal. Mun. Ct. (Fresno),"California Municipal Court, Fresno County","Municipal Court of California, County of Fresno",http://www.fresno.courts.ca.gov/,,2001-01-01,ST,Created as part of importation of California Judges Data Set. Municipal Courts refer to pre-2001 trial courts that were merged into the Superior Courts,State Trial
calmunctgle,calmunct,,,,,,2023-10-03T01:23:47.527Z,False,False,False,350.711,Cal. Mun. Ct. (Glenn),"California Municipal Court, Glenn County","Municipal Court of California, County of Glenn",http://www.glenncourt.ca.gov/,,2001-01-01,ST,Created as part of importation of California Judges Data Set. Municipal Courts refer to pre-2001 trial courts that were merged into the Superior Courts,State Trial
calmuncthum,calmunct,,,,,,2023-10-03T01:23:47.543Z,False,False,False,350.712,Cal. Mun. Ct. (Humboldt),"California Municipal Court, Humboldt County","Municipal Court of California, County of Humboldt",http://www.humboldt.courts.ca.gov/,,2001-01-01,ST,Created as part of importation of California Judges Data Set. Municipal Courts refer to pre-2001 trial courts that were merged into the Superior Courts,State Trial
calmunctimp,calmunct,,,,,,2023-10-03T01:23:47.559Z,False,False,False,350.713,Cal. Mun. Ct. (Imperial),"California Municipal Court, Imperial County","Municipal Court of California, County of Imperial",http://www.imperial.courts.ca.gov/,,2001-01-01,ST,Created as part of importation of California Judges Data Set. Municipal Courts refer to pre-2001 trial courts that were merged into the Superior Courts,State Trial
calmunctiny,calmunct,,,,,,2023-10-03T01:23:47.567Z,False,False,False,350.714,Cal. Mun. Ct. (Inyo),"California Municipal Court, Inyo County","Municipal Court of California, County of Inyo",http://www.inyocourt.ca.gov/,,2001-01-01,ST,Created as part of importation of California Judges Data Set. Municipal Courts refer to pre-2001 trial courts that were merged into the Superior Courts,State Trial
calmunctker,calmunct,,,,,,2023-10-03T01:23:47.573Z,False,False,False,350.715,Cal. Mun. Ct. (Kern),"California Municipal Court, Kern County","Municipal Court of California, County of Kern",https://www.kern.courts.ca.gov/,,2001-01-01,ST,Created as part of importation of California Judges Data Set. Municipal Courts refer to pre-2001 trial courts that were merged into the Superior Courts,State Trial
calmunctkin,calmunct,,,,,,2023-10-03T01:23:47.586Z,False,False,False,350.716,Cal. Mun. Ct. (Kings),"California Municipal Court, Kings County","Municipal Court of California, County of Kings",http://www.kings.courts.ca.gov/,,2001-01-01,ST,Created as part of importation of California Judges Data Set. Municipal Courts refer to pre-2001 trial courts that were merged into the Superior Courts,State Trial
calmunctlak,calmunct,,,,,,2023-10-03T01:23:47.599Z,False,False,False,350.717,Cal. Mun. Ct. (Lake),"California Municipal Court, Lake County","Municipal Court of California, County of Lake",http://www.lake.courts.ca.gov/,,2001-01-01,ST,Created as part of importation of California Judges Data Set. Municipal Courts refer to pre-2001 trial courts that were merged into the Superior Courts,State Trial
calmunctlas,calmunct,,,,,,2023-10-03T01:23:47.607Z,False,False,False,350.718,Cal. Mun. Ct. (Lassen),"California Municipal Court, Lassen County","Municipal Court of California, County of Lassen",http://www.lassencourt.ca.gov/,,2001-01-01,ST,Created as part of importation of California Judges Data Set. Municipal Courts refer to pre-2001 trial courts that were merged into the Superior Courts,State Trial
calmunctla,calmunct,,,,,,2023-10-03T01:23:47.616Z,False,False,False,350.719,Cal. Mun. Ct. (Los Angeles),"California Municipal Court, Los Angeles County","Municipal Court of California, County of Los Angeles",http://www.lacourt.org/,,2001-01-01,ST,Created as part of importation of California Judges Data Set. Municipal Courts refer to pre-2001 trial courts that were merged into the Superior Courts,State Trial
calmunctmad,calmunct,,,,,,2023-10-03T01:23:47.624Z,False,False,False,350.72,Cal. Mun. Ct. (Madera),"California Municipal Court, Madera County","Municipal Court of California, County of Madera",http://madera.courts.ca.gov/,,2001-01-01,ST,Created as part of importation of California Judges Data Set. Municipal Courts refer to pre-2001 trial courts that were merged into the Superior Courts,State Trial
calmunctmrn,calmunct,,,,,,2023-10-03T01:23:47.639Z,False,False,False,350.721,Cal. Mun. Ct. (Marin),"California Municipal Court, Marin County","Municipal Court of California, County of Marin",http://www.marincourt.org/,,2001-01-01,ST,Created as part of importation of California Judges Data Set. Municipal Courts refer to pre-2001 trial courts that were merged into the Superior Courts,State Trial
calmunctmpa,calmunct,,,,,,2023-10-03T01:23:47.655Z,False,False,False,350.722,Cal. Mun. Ct. (Mariposa),"California Municipal Court, Mariposa County","Municipal Court of California, County of Mariposa",http://www.mariposacourt.org/,,2001-01-01,ST,Created as part of importation of California Judges Data Set. Municipal Courts refer to pre-2001 trial courts that were merged into the Superior Courts,State Trial
calmunctmen,calmunct,,,,,,2023-10-03T01:23:47.671Z,False,False,False,350.723,Cal. Mun. Ct. (Mendocino),"California Municipal Court, Mendocino County","Municipal Court of California, County of Mendocino",http://www.mendocino.courts.ca.gov/,,2001-01-01,ST,Created as part of importation of California Judges Data Set. Municipal Courts refer to pre-2001 trial courts that were merged into the Superior Courts,State Trial
calmunctmer,calmunct,,,,,,2023-10-03T01:23:47.683Z,False,False,False,350.724,Cal. Mun. Ct. (Merced),"California Municipal Court, Merced County","Municipal Court of California, County of Merced",http://www.mercedcourt.org/,,2001-01-01,ST,Created as part of importation of California Judges Data Set. Municipal Courts refer to pre-2001 trial courts that were merged into the Superior Courts,State Trial
calmunctmod,calmunct,,,,,,2023-10-03T01:23:47.703Z,False,False,False,350.725,Cal. Mun. Ct. (Modoc),"California Municipal Court, Modoc County","Municipal Court of California, County of Modoc",https://www.modoc.courts.ca.gov,,2001-01-01,ST,Created as part of importation of California Judges Data Set. Municipal Courts refer to pre-2001 trial courts that were merged into the Superior Courts,State Trial
calmunctmno,calmunct,,,,,,2023-10-03T01:23:47.719Z,False,False,False,350.726,Cal. Mun. Ct. (Mono),"California Municipal Court, Mono County","Municipal Court of California, County of Mono",http://www.mono.courts.ca.gov/,,2001-01-01,ST,Created as part of importation of California Judges Data Set. Municipal Courts refer to pre-2001 trial courts that were merged into the Superior Courts,State Trial
calmunctmon,calmunct,,,,,,2023-10-03T01:23:47.735Z,False,False,False,350.727,Cal. Mun. Ct. (Monterey),"California Municipal Court, Monterey County","Municipal Court of California, County of Monterey",http://www.monterey.courts.ca.gov/,,2001-01-01,ST,Created as part of importation of California Judges Data Set. Municipal Courts refer to pre-2001 trial courts that were merged into the Superior Courts,State Trial
calmunctnap,calmunct,,,,,,2023-10-03T01:23:47.749Z,False,False,False,350.728,Cal. Mun. Ct. (Napa),"California Municipal Court, Napa County","Municipal Court of California, County of Napa",http://www.napa.courts.ca.gov/,,2001-01-01,ST,Created as part of importation of California Judges Data Set. Municipal Courts refer to pre-2001 trial courts that were merged into the Superior Courts,State Trial
calmunctnev,calmunct,,,,,,2023-10-03T01:23:47.762Z,False,False,False,350.729,Cal. Mun. Ct. (Nevada),"California Municipal Court, Nevada County","Municipal Court of California, County of Nevada",http://nccourt.net/,,2001-01-01,ST,Created as part of importation of California Judges Data Set. Municipal Courts refer to pre-2001 trial courts that were merged into the Superior Courts,State Trial
calmunctora,calmunct,,,,,,2023-10-03T01:23:47.779Z,False,False,False,350.73,Cal. Mun. Ct. (Orange),"California Municipal Court, Orange County","Municipal Court of California, County of Orange",https://www.occourts.org/,,2001-01-01,ST,Created as part of importation of California Judges Data Set. Municipal Courts refer to pre-2001 trial courts that were merged into the Superior Courts,State Trial
calmunctpla,calmunct,,,,,,2023-10-03T01:23:47.795Z,False,False,False,350.731,Cal. Mun. Ct. (Placer),"California Municipal Court, Placer County","Municipal Court of California, County of Placer",http://www.placer.courts.ca.gov/,,2001-01-01,ST,Created as part of importation of California Judges Data Set. Municipal Courts refer to pre-2001 trial courts that were merged into the Superior Courts,State Trial
calmunctplu,calmunct,,,,,,2023-10-03T01:23:47.811Z,False,False,False,350.732,Cal. Mun. Ct. (Plumas),"California Municipal Court, Plumas County","Municipal Court of California, County of Plumas",http://www.plumascourt.ca.gov/,,2001-01-01,ST,Created as part of importation of California Judges Data Set. Municipal Courts refer to pre-2001 trial courts that were merged into the Superior Courts,State Trial
calmunctriv,calmunct,,,,,,2023-10-03T01:23:47.835Z,False,False,False,350.733,Cal. Mun. Ct. (Riverside),"California Municipal Court, Riverside County","Municipal Court of California, County of Riverside",http://www.riverside.courts.ca.gov/,,2001-01-01,ST,Created as part of importation of California Judges Data Set. Municipal Courts refer to pre-2001 trial courts that were merged into the Superior Courts,State Trial
calmunctsac,calmunct,,,,,,2023-10-03T01:23:47.855Z,False,False,False,350.734,Cal. Mun. Ct. (Sacramento),"California Municipal Court, Sacramento County","Municipal Court of California, County of Sacramento",https://www.saccourt.ca.gov/,,2001-01-01,ST,Created as part of importation of California Judges Data Set. Municipal Courts refer to pre-2001 trial courts that were merged into the Superior Courts,State Trial
calmunctsbt,calmunct,,,,,,2023-10-03T01:23:47.862Z,False,False,False,350.735,Cal. Mun. Ct. (San Benito),"California Municipal Court, San Benito County","Municipal Court of California, County of San Benito",http://www.sanbenito.courts.ca.gov/,,2001-01-01,ST,Created as part of importation of California Judges Data Set. Municipal Courts refer to pre-2001 trial courts that were merged into the Superior Courts,State Trial
calmunctsbd,calmunct,,,,,,2023-10-03T01:23:47.873Z,False,False,False,350.736,Cal. Mun. Ct. (San Bernardino),"California Municipal Court, San Bernardino County","Municipal Court of California, County of San Bernardino",http://www.sb-court.org/,,2001-01-01,ST,Created as part of importation of California Judges Data Set. Municipal Courts refer to pre-2001 trial courts that were merged into the Superior Courts,State Trial
calmunctsd,calmunct,,,,,,2023-10-03T01:23:47.883Z,False,False,False,350.737,Cal. Mun. Ct. (San Diego),"California Municipal Court, San Diego County","Municipal Court of California, County of San Diego","http://www.sdcourt.ca.gov/portal/page?_pageid=55,1&_dad=portal&_schema=PORTAL",,2001-01-01,ST,Created as part of importation of California Judges Data Set. Municipal Courts refer to pre-2001 trial courts that were merged into the Superior Courts,State Trial
calmunctsf,calmunct,,,,,,2023-10-03T01:23:47.900Z,False,False,False,350.738,Cal. Mun. Ct. (San Francisco),"California Municipal Court, San Francisco County","Municipal Court of California, County of San Francisco",https://www.sfsuperiorcourt.org/,,2001-01-01,ST,Created as part of importation of California Judges Data Set. Municipal Courts refer to pre-2001 trial courts that were merged into the Superior Courts,State Trial
calmunctsj,calmunct,,,,,,2023-10-03T01:23:47.924Z,False,False,False,350.739,Cal. Mun. Ct. (San Joaquin),"California Municipal Court, San Joaquin County","Municipal Court of California, County of San Joaquin",https://www.sjcourts.org/,,2001-01-01,ST,Created as part of importation of California Judges Data Set. Municipal Courts refer to pre-2001 trial courts that were merged into the Superior Courts,State Trial
calmunctslo,calmunct,,,,,,2023-10-03T01:23:47.939Z,False,False,False,350.74,Cal. Mun. Ct. (San Luis Obispo),"California Municipal Court, San Luis Obispo County","Municipal Court of California, County of San Luis Obispo",https://www.slo.courts.ca.gov/,,2001-01-01,ST,Created as part of importation of California Judges Data Set. Municipal Courts refer to pre-2001 trial courts that were merged into the Superior Courts,State Trial
calmunctsm,calmunct,,,,,,2023-10-03T01:23:47.955Z,False,False,False,350.741,Cal. Mun. Ct. (San Mateo),"California Municipal Court, San Mateo County","Municipal Court of California, County of San Mateo",https://www.sanmateocourt.org/,,2001-01-01,ST,Created as part of importation of California Judges Data Set. Municipal Courts refer to pre-2001 trial courts that were merged into the Superior Courts,State Trial
calmunctsb,calmunct,,,,,,2023-10-03T01:23:47.975Z,False,False,False,350.742,Cal. Mun. Ct. (Santa Barbara),"California Municipal Court, Santa Barbara County","Municipal Court of California, County of Santa Barbara",https://www.sbcourts.org/,,2001-01-01,ST,Created as part of importation of California Judges Data Set. Municipal Courts refer to pre-2001 trial courts that were merged into the Superior Courts,State Trial
calmunctscl,calmunct,,,,,,2023-10-03T01:23:47.988Z,False,False,False,350.743,Cal. Mun. Ct. (Santa Clara),"California Municipal Court, Santa Clara County","Municipal Court of California, County of Santa Clara",http://www.scscourt.org/,,2001-01-01,ST,Created as part of importation of California Judges Data Set. Municipal Courts refer to pre-2001 trial courts that were merged into the Superior Courts,State Trial
calmunctscr,calmunct,,,,,,2023-10-03T01:23:48.014Z,False,False,False,350.744,Cal. Mun. Ct. (Santa Cruz),"California Municipal Court, Santa Cruz County","Municipal Court of California, County of Santa Cruz",http://www.santacruzcourt.org/,,2001-01-01,ST,Created as part of importation of California Judges Data Set. Municipal Courts refer to pre-2001 trial courts that were merged into the Superior Courts,State Trial
calmunctsha,calmunct,,,,,,2023-10-03T01:23:48.031Z,False,False,False,350.745,Cal. Mun. Ct. (Shasta),"California Municipal Court, Shasta County","Municipal Court of California, County of Shasta",http://www.shasta.courts.ca.gov,,2001-01-01,ST,Created as part of importation of California Judges Data Set. Municipal Courts refer to pre-2001 trial courts that were merged into the Superior Courts,State Trial
calmunctsie,calmunct,,,,,,2023-10-03T01:23:48.048Z,False,False,False,350.746,Cal. Mun. Ct. (Sierra),"California Municipal Court, Sierra County","Municipal Court of California, County of Sierra",http://sierra.courts.ca.gov/,,2001-01-01,ST,Created as part of importation of California Judges Data Set. Municipal Courts refer to pre-2001 trial courts that were merged into the Superior Courts,State Trial
calmunctsis,calmunct,,,,,,2023-10-03T01:23:48.055Z,False,False,False,350.747,Cal. Mun. Ct. (Siskiyou),"California Municipal Court, Siskiyou County","Municipal Court of California, County of Siskiyou",http://www.siskiyou.courts.ca.gov/,,2001-01-01,ST,Created as part of importation of California Judges Data Set. Municipal Courts refer to pre-2001 trial courts that were merged into the Superior Courts,State Trial
calmunctsol,calmunct,,,,,,2023-10-03T01:23:48.071Z,False,False,False,350.748,Cal. Mun. Ct. (Solano),"California Municipal Court, Solano County","Municipal Court of California, County of Solano",http://www.solano.courts.ca.gov/,,2001-01-01,ST,Created as part of importation of California Judges Data Set. Municipal Courts refer to pre-2001 trial courts that were merged into the Superior Courts,State Trial
calmunctson,calmunct,,,,,,2023-10-03T01:23:48.083Z,False,False,False,350.749,Cal. Mun. Ct. (Sonoma),"California Municipal Court, Sonoma County","Municipal Court of California, County of Sonoma",http://sonoma.courts.ca.gov/,,2001-01-01,ST,Created as part of importation of California Judges Data Set. Municipal Courts refer to pre-2001 trial courts that were merged into the Superior Courts,State Trial
calmunctsta,calmunct,,,,,,2023-10-03T01:23:48.091Z,False,False,False,350.75,Cal. Mun. Ct. (Stanislaus),"California Municipal Court, Stanislaus County","Municipal Court of California, County of Stanislaus",https://www.stanct.org/,,2001-01-01,ST,Created as part of importation of California Judges Data Set. Municipal Courts refer to pre-2001 trial courts that were merged into the Superior Courts,State Trial
calmunctsut,calmunct,,,,,,2023-10-03T01:23:48.100Z,False,False,False,350.751,Cal. Mun. Ct. (Sutter),"California Municipal Court, Sutter County","Municipal Court of California, County of Sutter",https://www.suttercourts.com/,,2001-01-01,ST,Created as part of importation of California Judges Data Set. Municipal Courts refer to pre-2001 trial courts that were merged into the Superior Courts,State Trial
calmunctteh,calmunct,,,,,,2023-10-03T01:23:48.109Z,False,False,False,350.752,Cal. Mun. Ct. (Tehama),"California Municipal Court, Tehama County","Municipal Court of California, County of Tehama",http://www.tehamacourt.ca.gov/,,2001-01-01,ST,Created as part of importation of California Judges Data Set. Municipal Courts refer to pre-2001 trial courts that were merged into the Superior Courts,State Trial
calmuncttri,calmunct,,,,,,2023-10-03T01:23:48.115Z,False,False,False,350.753,Cal. Mun. Ct. (Trinity),"California Municipal Court, Trinity County","Municipal Court of California, County of Trinity",https://www.trinity.courts.ca.gov/,,2001-01-01,ST,Created as part of importation of California Judges Data Set. Municipal Courts refer to pre-2001 trial courts that were merged into the Superior Courts,State Trial
calmuncttul,calmunct,,,,,,2023-10-03T01:23:48.128Z,False,False,False,350.754,Cal. Mun. Ct. (Tulare),"California Municipal Court, Tulare County","Municipal Court of California, County of Tulare",http://www.tularesuperiorcourt.ca.gov/,,2001-01-01,ST,Created as part of importation of California Judges Data Set. Municipal Courts refer to pre-2001 trial courts that were merged into the Superior Courts,State Trial
calmuncttuo,calmunct,,,,,,2023-10-03T01:23:48.141Z,False,False,False,350.755,Cal. Mun. Ct. (Tuolumne),"California Municipal Court, Tuolumne County","Municipal Court of California, County of Tuolumne",https://www.tuolumne.courts.ca.gov/,,2001-01-01,ST,Created as part of importation of California Judges Data Set. Municipal Courts refer to pre-2001 trial courts that were merged into the Superior Courts,State Trial
calmunctven,calmunct,,,,,,2023-10-03T01:23:48.159Z,False,False,False,350.756,Cal. Mun. Ct. (Ventura),"California Municipal Court, Ventura County","Municipal Court of California, County of Ventura",http://www.ventura.courts.ca.gov/,,2001-01-01,ST,Created as part of importation of California Judges Data Set. Municipal Courts refer to pre-2001 trial courts that were merged into the Superior Courts,State Trial
calmunctyol,calmunct,,,,,,2023-10-03T01:23:48.175Z,False,False,False,350.757,Cal. Mun. Ct. (Yolo),"California Municipal Court, Yolo County","Municipal Court of California, County of Yolo",https://www.yolo.courts.ca.gov/,,2001-01-01,ST,Created as part of importation of California Judges Data Set. Municipal Courts refer to pre-2001 trial courts that were merged into the Superior Courts,State Trial
calmunctyub,calmunct,,,,,,2023-10-03T01:23:48.192Z,False,False,False,350.758,Cal. Mun. Ct. (Yuba),"California Municipal Court, Yuba County","Municipal Court of California, County of Yuba",http://www.yuba.courts.ca.gov/,,2001-01-01,ST,Created as part of importation of California Judges Data Set. Municipal Courts refer to pre-2001 trial courts that were merged into the Superior Courts,State Trial
caljustct,,,,,,,2023-10-02T15:46:26.418Z,False,False,False,350.8,,Califonia Justice Court,Califonia Justice Court,,,,ST,,State Trial
caljustctbut,caljustct,,,,,,2023-10-03T01:23:48.207Z,False,False,False,350.801,Cal. Just. Ct. (Butte),"California Justice Court, Butte County","California Justice Court, Butte County",,,2001-01-01,ST,Created as part of importation of California Judges Data Set. Justice Courts refer to pre-2001 trial courts that were merged into the Superior Courts,State Trial
caljustctcol,caljustct,,,,,,2023-10-03T01:23:48.223Z,False,False,False,350.802,Cal. Just. Ct. (Colusa),"California Justice Court, Colusa County","California Justice Court, Colusa County",,,2001-01-01,ST,Created as part of importation of California Judges Data Set. Justice Courts refer to pre-2001 trial courts that were merged into the Superior Courts,State Trial
caljustctfre,caljustct,,,,,,2023-10-03T01:23:48.239Z,False,False,False,350.803,Cal. Just. Ct. (Fresno),"California Justice Court, Fresno County","California Justice Court, Fresno County",,,2001-01-01,ST,Created as part of importation of California Judges Data Set. Justice Courts refer to pre-2001 trial courts that were merged into the Superior Courts,State Trial
caljustctgle,caljustct,,,,,,2023-10-03T01:23:48.255Z,False,False,False,350.804,Cal. Just. Ct. (Glenn),"California Justice Court, Glenn County","California Justice Court, Glenn County",,,2001-01-01,ST,Created as part of importation of California Judges Data Set. Justice Courts refer to pre-2001 trial courts that were merged into the Superior Courts,State Trial
caljustcthum,caljustct,,,,,,2023-10-03T01:23:48.271Z,False,False,False,350.805,Cal. Just. Ct. (Humboldt),"California Justice Court, Humboldt County","California Justice Court, Humboldt County",,,2001-01-01,ST,Created as part of importation of California Judges Data Set. Justice Courts refer to pre-2001 trial courts that were merged into the Superior Courts,State Trial
caljustctker,caljustct,,,,,,2023-10-03T01:23:48.291Z,False,False,False,350.806,Cal. Just. Ct. (Kern),"California Justice Court, Kern County","California Justice Court, Kern County",,,2001-01-01,ST,Created as part of importation of California Judges Data Set. Justice Courts refer to pre-2001 trial courts that were merged into the Superior Courts,State Trial
caljustctkin,caljustct,,,,,,2023-10-03T01:23:48.311Z,False,False,False,350.808,Cal. Just. Ct. (Kings),"California Justice Court, Kings County","California Justice Court, Kings County",,,2001-01-01,ST,Created as part of importation of California Judges Data Set. Justice Courts refer to pre-2001 trial courts that were merged into the Superior Courts,State Trial
caljustctlak,caljustct,,,,,,2023-10-03T01:23:48.323Z,False,False,False,350.809,Cal. Just. Ct. (Lake),"California Justice Court, Lake County","California Justice Court, Lake County",,,2001-01-01,ST,Created as part of importation of California Judges Data Set. Justice Courts refer to pre-2001 trial courts that were merged into the Superior Courts,State Trial
caljustctla,caljustct,,,,,,2023-10-03T01:23:48.339Z,False,False,False,350.81,Cal. Just. Ct. (Los Angeles),"California Justice Court, Los Angeles County","California Justice Court, Los Angeles County",,,2001-01-01,ST,Created as part of importation of California Judges Data Set. Justice Courts refer to pre-2001 trial courts that were merged into the Superior Courts,State Trial
caljustctmad,caljustct,,,,,,2023-10-03T01:23:48.355Z,False,False,False,350.811,Cal. Just. Ct. (Madera),"California Justice Court, Madera County","California Justice Court, Madera County",,,2001-01-01,ST,Created as part of importation of California Judges Data Set. Justice Courts refer to pre-2001 trial courts that were merged into the Superior Courts,State Trial
caljustctmpa,caljustct,,,,,,2023-10-03T01:23:48.371Z,False,False,False,350.812,Cal. Just. Ct. (Mariposa),"California Justice Court, Mariposa County","California Justice Court, Mariposa County",,,2001-01-01,ST,Created as part of importation of California Judges Data Set. Justice Courts refer to pre-2001 trial courts that were merged into the Superior Courts,State Trial
caljustctmen,caljustct,,,,,,2023-10-03T01:23:48.383Z,False,False,False,350.813,Cal. Just. Ct. (Mendocino),"California Justice Court, Mendocino County","California Justice Court, Mendocino County",,,2001-01-01,ST,Created as part of importation of California Judges Data Set. Justice Courts refer to pre-2001 trial courts that were merged into the Superior Courts,State Trial
caljustctmno,caljustct,,,,,,2023-10-03T01:23:48.393Z,False,False,False,350.814,Cal. Just. Ct. (Mono),"California Justice Court, Mono County","California Justice Court, Mono County",,,2001-01-01,ST,Created as part of importation of California Judges Data Set. Justice Courts refer to pre-2001 trial courts that were merged into the Superior Courts,State Trial
caljustctnev,caljustct,,,,,,2023-10-03T01:23:48.399Z,False,False,False,350.815,Cal. Just. Ct. (Nevada),"California Justice Court, Nevada County","California Justice Court, Nevada County",,,2001-01-01,ST,Created as part of importation of California Judges Data Set. Justice Courts refer to pre-2001 trial courts that were merged into the Superior Courts,State Trial
caljustctpla,caljustct,,,,,,2023-10-03T01:23:48.411Z,False,False,False,350.816,Cal. Just. Ct. (Placer),"California Justice Court, Placer County","California Justice Court, Placer County",,,2001-01-01,ST,Created as part of importation of California Judges Data Set. Justice Courts refer to pre-2001 trial courts that were merged into the Superior Courts,State Trial
caljustctplu,caljustct,,,,,,2023-10-03T01:23:48.420Z,False,False,False,350.817,Cal. Just. Ct. (Plumas),"California Justice Court, Plumas County","California Justice Court, Plumas County",,,2001-01-01,ST,Created as part of importation of California Judges Data Set. Justice Courts refer to pre-2001 trial courts that were merged into the Superior Courts,State Trial
caljustctsbt,caljustct,,,,,,2023-10-03T01:23:48.435Z,False,False,False,350.818,Cal. Just. Ct. (San Benito),"California Justice Court, San Benito County","California Justice Court, San Benito County",,,2001-01-01,ST,Created as part of importation of California Judges Data Set. Justice Courts refer to pre-2001 trial courts that were merged into the Superior Courts,State Trial
caljustctsbd,caljustct,,,,,,2023-10-03T01:23:48.449Z,False,False,False,350.819,Cal. Just. Ct. (San Bernardino),"California Justice Court, San Bernardino County","California Justice Court, San Bernardino County",,,2001-01-01,ST,Created as part of importation of California Judges Data Set. Justice Courts refer to pre-2001 trial courts that were merged into the Superior Courts,State Trial
caljustctsis,caljustct,,,,,,2023-10-03T01:23:48.465Z,False,False,False,350.82,Cal. Just. Ct. (Siskiyou),"California Justice Court, Siskiyou County","California Justice Court, Siskiyou County",,,2001-01-01,ST,Created as part of importation of California Judges Data Set. Justice Courts refer to pre-2001 trial courts that were merged into the Superior Courts,State Trial
caljustcttul,caljustct,,,,,,2023-10-03T01:23:48.479Z,False,False,False,350.821,Cal. Just. Ct. (Tulare),"California Justice Court, Tulare County","California Justice Court, Tulare County",,,2001-01-01,ST,Created as part of importation of California Judges Data Set. Justice Courts refer to pre-2001 trial courts that were merged into the Superior Courts,State Trial
caljustcttuo,caljustct,,,,,,2023-10-03T01:23:48.503Z,False,False,False,350.822,Cal. Just. Ct. (Tuolumne),"California Justice Court, Tuolumne County","California Justice Court, Tuolumne County",,,2001-01-01,ST,Created as part of importation of California Judges Data Set. Justice Courts refer to pre-2001 trial courts that were merged into the Superior Courts,State Trial
caldistct,,,,,,,2022-01-19T22:00:43.050Z,False,False,False,350.84,Cal. Dist. Ct.,Cal. District Court,California District Court,,1849-01-01,1879-12-31,ST,,State Trial
sfdistct,caldistct,,,,,,2023-10-03T01:23:48.516Z,False,False,False,350.841,,San Fran. Dist Ct,San Fransisco District Court,,1849-01-01,1879-12-31,ST,,State Trial
montereydistct,caldistct,,,,,,2023-10-03T01:23:48.531Z,False,False,False,350.842,,Monterey District Court,Monterey District Court,,1849-01-01,1879-12-31,ST,,State Trial
placerdistct,caldistct,,,,,,2023-10-03T01:23:48.543Z,False,False,False,350.843,,Placer District Court,"Placer District Court, California",,1849-01-01,1879-12-31,ST,,State Trial
sacdistct,caldistct,,,,,,2023-10-03T01:23:48.559Z,False,False,False,350.844,,Sacramento District Court,Sacramento District Court,,1849-01-01,1879-12-31,ST,,State Trial
shastadistct,caldistct,,,,,,2023-10-03T01:23:48.576Z,False,False,False,350.845,,Shasta District Court,Shasta District Court,,1849-01-01,1879-12-31,ST,,State Trial
siskiyoudistct,caldistct,,,,,,2023-10-03T01:23:48.588Z,False,False,False,350.846,,Siskiyou District Court,Siskiyou District Court,,1849-01-01,1879-12-31,ST,,State Trial
yrekadistct,caldistct,,,,,,2023-10-03T01:23:48.599Z,False,False,False,350.847,,Yreka District Court,Yreka District Court,,1849-01-01,1879-12-31,ST,,State Trial
yubadistct,caldistct,,,,,,2023-10-03T01:23:48.619Z,False,False,False,350.848,Yuba Dist. Ct.,Yuba District Court,Yuba District Court,,1849-01-01,1879-12-31,ST,,State Trial
santacruzdistct,caldistct,,,,,,2023-10-03T01:23:48.633Z,False,False,False,350.849,,Santa Cruz District Court,Santa Cruz District Court,,1849-01-01,1879-12-31,ST,,State Trial
trinitydistct,caldistct,,,,,,2023-10-03T01:23:48.651Z,False,False,False,350.85,,Trinity District Court,Trinity District Court,,1849-01-01,1879-12-31,ST,,State Trial
caluneinsappbd,,,,,,,2022-03-17T20:00:00.555Z,False,False,False,350.891,Cal. Unemp. Ins. App. Bd.,Cal. Unemp. Ins. App. Bd.,California Unemployment Insurance Appeals Board,https://cuiab.ca.gov,,,SS,,State Special
calofcadmhrg,,,,,,,2022-03-17T20:00:45.437Z,False,False,False,350.892,Cal. Ofc. of Admin. Hrg.,Cal. Ofc. of Admin. Hrg.,California Office of Administrative Hearings,https://www.dgs.ca.gov/OAH,,,SS,,State Special
caljp,,,,,,,2022-11-18T02:46:33.295Z,False,False,False,350.893,,State of California Commission On Judicial Performance,State of California Commission On Judicial Performance,,,,C,Created as part of import of Case.Law data.,Committee
colo,,,,,,,2014-07-11T20:49:42.750Z,True,True,False,350.9,Colo.,Supreme Court of Colorado,Supreme Court of Colorado,http://www.coloradosupremecourt.com/,1876-08-01,,S,Lawbox,State Supreme
coloctapp,,,,,,,2014-07-11T20:49:49.197Z,True,True,False,351.0,Colo. Ct. App.,Colorado Court of Appeals,Colorado Court of Appeals,http://www.courts.state.co.us/Courts/Court_Of_Appeals/,1970-01-01,,SA,Lawbox,State Appellate
colctyct,,,,,,,2022-12-15T18:01:59.307Z,False,False,False,351.1,,Colorado County Court,Colorado County Court,,,,ST,,State Trial
colctyctarapaho,colctyct,,,,,,2023-10-03T01:23:48.664Z,False,False,False,351.101,,Arapahoe County District Court,Arapahoe County District Court,,,,ST,,State Trial
colctyctbent,colctyct,,,,,,2023-10-03T01:23:48.683Z,False,False,False,351.102,,Bent County District Court,Bent County District Court,,,,ST,,State Trial
colctyctdouglas,colctyct,,,,,,2023-10-03T01:23:48.695Z,False,False,False,351.103,,Douglas County District Court,Douglas County District Court,,,,ST,,State Trial
colctyctfremont,colctyct,,,,,,2023-10-03T01:23:48.701Z,False,False,False,351.104,,Fremont County District Court,Fremont County District Court,,,,ST,,State Trial
colctyctgarfiel,colctyct,,,,,,2023-10-03T01:23:48.707Z,False,False,False,351.105,,Garfield County District Court,Garfield County District Court,,,,ST,,State Trial
colctyctlarimer,colctyct,,,,,,2023-10-03T01:23:48.713Z,False,False,False,351.106,,Larimer County District Court,Larimer County District Court,,,,ST,,State Trial
colctyctmeyer,colctyct,,,,,,2023-10-03T01:23:48.719Z,False,False,False,351.107,,Meyer County District Court,Meyer County District Court,,,,ST,,State Trial
colctyctotero,colctyct,,,,,,2023-10-03T01:23:48.730Z,False,False,False,351.108,,Otero County District Court,Otero County District Court,,,,ST,,State Trial
colctyctpitkin,colctyct,,,,,,2023-10-03T01:23:48.736Z,False,False,False,351.109,,Pitkin County District Court,Pitkin County District Court,,,,ST,,State Trial
colctyctpueblo,colctyct,,,,,,2023-10-03T01:23:48.742Z,False,False,False,351.11,,Pueblo County District Court,Pueblo County District Court,,,,ST,,State Trial
colctyctteller,colctyct,,,,,,2023-10-03T01:23:48.759Z,False,False,False,351.111,,Teller County District Court,Teller County District Court,,,,ST,,State Trial
cosuperct,,,,,,,2022-12-15T18:01:59.382Z,False,False,False,351.12,,Coloardo Superior Court,Coloardo Superior Court,,,,ST,,State Trial
cosuperctdenver,cosuperct,,,,,,2023-10-03T01:23:48.765Z,False,False,False,351.121,,Denver Superior Court,Denver Superior Court,,,,ST,,State Trial
coregsalina,,,,,,,2022-12-19T22:21:38.754Z,False,False,False,351.15,,Salina Register and Receiver,Salina Register and Receiver,,,,SS,,State Special
coloworkcompcom,,,,,,,2016-05-18T18:04:37.690Z,True,False,False,351.2,Colo. Indus. Cl. App.,Colorado Industrial Claim Appeals Office,Colorado Industrial Claim Appeals Office,https://www.colorado.gov/pacific/cdle/icao-wc,,,SS,,State Special
coloag,,,,,,,2016-05-18T20:04:31.403Z,True,False,False,351.3,Colo. Att'y Gen.,Colorado Attorney General Reports,Colorado Attorney General Reports,http://coag.gov/,,,SAG,,State Attorney General
conn,,,,,,,2014-07-17T21:35:19.385Z,True,True,False,351.5,Conn.,Supreme Court of Connecticut,Supreme Court of Connecticut,http://www.jud.state.ct.us/external/supapp/,1784-01-01,,S,Lawbox,State Supreme
connappct,,,,,,,2014-07-17T21:35:30.195Z,True,True,False,351.6,Conn. App. Ct.,Connecticut Appellate Court,Connecticut Appellate Court,http://www.jud.ct.gov/external/supapp/appellate.htm‎,1983-10-04,,SA,Lawbox,State Appellate
connsuperct,,,,,,,2013-10-16T22:03:58.049Z,True,False,False,351.7,Conn. Super. Ct.,Connecticut Superior Court,Connecticut Superior Court,http://www.jud.ct.gov/external/super/‎,,,SA,Lawbox,State Appellate
connworkcompcom,,,,,,,2016-05-18T18:09:20.530Z,True,False,False,351.8,Conn. Comp. Rev. Bd.,Connecticut Compensation Review Board,Connecticut Compensation Review Board,http://wcc.state.ct.us/crb/menus/crb-opin.htm,,,SS,,State Special
del,,,,,,,2016-09-08T20:39:19.377Z,True,True,False,352.0,Del.,Supreme Court of Delaware,Supreme Court of Delaware,http://courts.delaware.gov/supreme/,1832-01-01,,S,"Created by Lawbox
Start date: http://courts.delaware.gov/superior/aboutus/history3.aspx",State Supreme
deloyerterm,,,,,,,2022-11-18T02:46:33.297Z,False,False,False,352.2,,Delaware Court of Oyer and Terminer,Delaware Court of Oyer and Terminer,,1831-01-01,1951-12-31,ST,Created as part of import of Case.Law data.,State Trial
delch,,,,,,,2024-01-09T19:18:53.189Z,True,True,False,353.0,Del. Ch.,Court of Chancery of Delaware,Court of Chancery of Delaware,http://courts.delaware.gov/chancery/,,,SA,Lawbox,State Appellate
delorphct,,,,,,,2022-01-02T17:31:36.518Z,True,False,False,353.1,,Delaware Orphan's Court,Orphan's Court of Delaware,,1683-01-01,1970-12-31,SA,https://archives.delaware.gov/delaware-agency-histories/orphans-court/,State Appellate
delgensess,,,,,,,2022-12-19T18:57:17.923Z,False,False,False,353.4,,Court of General Sessions of Delaware,Court of General Sessions of The Peace And Jail Delivery of Delaware,,,,ST,,State Trial
delsuperct,,,,,,,2024-01-09T19:19:18.792Z,True,True,False,353.5,Del. Super. Ct.,Superior Court of Delaware,Superior Court of Delaware,http://courts.delaware.gov/Superior/,,,SA,Lawbox,State Appellate
delctcompl,,,,,,,2014-08-04T22:09:53.375Z,True,True,False,353.55,Del. Ct. Com. Pl.,Delaware Court of Common Pleas,Delaware Court of Common Pleas,http://courts.delaware.gov/commonpleas/,,,SS,,State Special
delfamct,,,,,,,2013-10-16T21:32:24.279Z,True,False,False,353.59,Del. Fm. Ct.,Delaware Family Court,Delaware Family Court,http://courts.delaware.gov/family/‎,,,SS,Lawbox,State Special
deljudct,,,,,,,2013-10-30T06:19:05.675Z,True,False,False,353.595,Ct. Jud. Del.,Court on the Judiciary of Delaware,Court on the Judiciary of Delaware.,http://courts.delaware.gov/‎,,,SS,Lawbox,State Special
dc,,,,,,,2022-03-18T16:51:43.369Z,True,True,False,353.6,D.C.,District of Columbia Court of Appeals,District of Columbia Court of Appeals,http://www.dccourts.gov/internet/appellate/main.jsf,,,S,Lawbox,State Supreme
dccrimct,,,,,,,2022-12-15T18:01:59.399Z,False,False,False,353.75,D.C.,District of Columbia Criminal Court,District of Columbia Criminal Court,,,,ST,,State Trial
dcorphanct,,,,,,,2022-12-15T18:01:59.404Z,False,False,False,353.76,D.C.,District of Columbia Orphans' Court,District of Columbia Orphans' Court,,,,SS,,State Special
fla,,,,,,,2014-08-01T16:49:22.115Z,True,True,False,354.0,Fla.,Supreme Court of Florida,Supreme Court of Florida,http://www.floridasupremecourt.org/,1845-01-01,,S,Lawbox,State Supreme
fladistctapp,,,,,,,2014-08-01T16:49:33.319Z,True,True,False,355.0,Fla. Dist. Ct. App.,District Court of Appeal of Florida,District Court of Appeal of Florida,http://www.flcourts.org/courts/dca/dca.shtml,1957-01-01,,SA,Lawbox,State Appellate
fladistctapp1,fladistctapp,,,,,,2023-10-03T01:23:48.783Z,False,True,False,355.01,Fla. Dist. Ct. App. 1st Dist.,Florida First District Court of Appeal,Florida First District Court of Appeal,,1957-01-01,,SA,Created as part of import of Case.Law data.,State Appellate
fladistctapp2,fladistctapp,,,,,,2023-10-03T01:23:48.795Z,False,True,False,355.011,Fla. Dist. Ct. App. 2d Dist.,Florida Second District Court of Appeal,Florida Second District Court of Appeal,,1957-01-01,,SA,Created as part of import of Case.Law data.,State Appellate
fladistctapp3,fladistctapp,,,,,,2023-10-03T01:23:48.801Z,False,True,False,355.012,Fla. Dist. Ct. App. 3d Dist.,Florida Third District Court of Appeal,Florida Third District Court of Appeal,,1957-01-01,,SA,Created as part of import of Case.Law data.,State Appellate
fladistctapp4,fladistctapp,,,,,,2023-10-03T01:23:48.809Z,False,True,False,355.013,Fla. Dist. Ct. App. 4th Dist.,Florida Fourth District Court of Appeal,Florida Fourth District Court of Appeal,,1957-01-01,,SA,Created as part of import of Case.Law data.,State Appellate
fladistctapp5,fladistctapp,,,,,,2023-10-03T01:23:48.823Z,False,True,False,355.014,Fla. Dist. Ct. App. 5th Dist.,Florida Fifth District Court of Appeal,Florida Fifth District Court of Appeal,,1957-01-01,,SA,Created as part of import of Case.Law data.,State Appellate
flacirct1,flacirct,,,,,,2023-10-03T01:23:48.834Z,False,False,False,355.02,1st,Circuit Court of the 1st Judicial Circuit,Circuit Court of the 1st Judicial Circuit of Florida,,1973-01-01,,ST,Created as part of import of Case.Law data.,State Trial
flacirct1esc,flacirct1,,,,,,2023-10-03T01:23:48.847Z,False,False,False,355.0201,"Fla. Cir. Ct., Escambia Cty.",Escambia County Circuit Court,"Circuit Court of the 1st Judicial Circuit of Florida, Escambia County",,1973-01-01,,ST,Created as part of import of Case.Law data.,State Trial
flacirct1oka,flacirct1,,,,,,2023-10-03T01:23:48.858Z,False,False,False,355.0202,"Fla. Cir. Ct., Okaloosa Cty.",Okaloosa County Circuit Court,"Circuit Court of the 1st Judicial Circuit of Florida, Okaloosa County",,1973-01-01,,ST,Created as part of import of Case.Law data.,State Trial
flacirct1san,flacirct1,,,,,,2023-10-03T01:23:48.865Z,False,False,False,355.0203,"Fla. Cir. Ct., Santa Rosa Cty.",Santa Rosa County Circuit Court,"Circuit Court of the 1st Judicial Circuit of Florida, Santa Rosa County",,1973-01-01,,ST,Created as part of import of Case.Law data.,State Trial
flacirct1wal,flacirct1,,,,,,2023-10-03T01:23:48.872Z,False,False,False,355.0204,"Fla. Cir. Ct., Walton Cty.",Walton County Circuit Court,"Circuit Court of the 1st Judicial Circuit of Florida, Walton County",,1973-01-01,,ST,Created as part of import of Case.Law data.,State Trial
flacirct2,flacirct,,,,,,2023-10-03T01:23:48.887Z,False,False,False,355.0205,2nd,Circuit Court of the 2nd Judicial Circuit,Circuit Court of the 2nd Judicial Circuit of Florida,,1973-01-01,,ST,Created as part of import of Case.Law data.,State Trial
flacirct2fra,flacirct2,,,,,,2023-10-03T01:23:48.899Z,False,False,False,355.0206,"Fla. Cir. Ct., Franklin Cty.",Franklin County Circuit Court,"Circuit Court of the 2nd Judicial Circuit of Florida, Franklin County",,1973-01-01,,ST,Created as part of import of Case.Law data.,State Trial
flacirct2gad,flacirct2,,,,,,2023-10-03T01:23:48.923Z,False,False,False,355.0207,"Fla. Cir. Ct., Gadsden Cty.",Gadsden County Circuit Court,"Circuit Court of the 2nd Judicial Circuit of Florida, Gadsden County",,1973-01-01,,ST,Created as part of import of Case.Law data.,State Trial
flacirct2jef,flacirct2,,,,,,2023-10-03T01:23:48.939Z,False,False,False,355.0208,"Fla. Cir. Ct., Jefferson Cty.",Jefferson County Circuit Court,"Circuit Court of the 2nd Judicial Circuit of Florida, Jefferson County",,1973-01-01,,ST,Created as part of import of Case.Law data.,State Trial
flacirct2leo,flacirct2,,,,,,2023-10-03T01:23:48.955Z,False,False,False,355.0209,"Fla. Cir. Ct., Leon Cty.",Leon County Circuit Court,"Circuit Court of the 2nd Judicial Circuit of Florida, Leon County",,1973-01-01,,ST,Created as part of import of Case.Law data.,State Trial
flacirct2lib,flacirct2,,,,,,2023-10-03T01:23:48.971Z,False,False,False,355.021,"Fla. Cir. Ct., Liberty Cty.",Liberty County Circuit Court,"Circuit Court of the 2nd Judicial Circuit of Florida, Liberty County",,1973-01-01,,ST,Created as part of import of Case.Law data.,State Trial
flacirct2wak,flacirct2,,,,,,2023-10-03T01:23:48.987Z,False,False,False,355.0211,"Fla. Cir. Ct., Wakulla Cty.",Wakulla County Circuit Court,"Circuit Court of the 2nd Judicial Circuit of Florida, Wakulla County",,1973-01-01,,ST,Created as part of import of Case.Law data.,State Trial
flacirct3,flacirct,,,,,,2023-10-03T01:23:49.003Z,False,False,False,355.0212,3rd,Circuit Court of the 3rd Judicial Circuit,Circuit Court of the 3rd Judicial Circuit of Florida,,1973-01-01,,ST,Created as part of import of Case.Law data.,State Trial
flacirct3col,flacirct3,,,,,,2023-10-03T01:23:49.019Z,False,False,False,355.0213,"Fla. Cir. Ct., Columbia Cty.",Columbia County Circuit Court,"Circuit Court of the 3rd Judicial Circuit of Florida, Columbia County",,1973-01-01,,ST,Created as part of import of Case.Law data.,State Trial
flacirct3dix,flacirct3,,,,,,2023-10-03T01:23:49.044Z,False,False,False,355.0214,"Fla. Cir. Ct., Dixie Cty.",Dixie County Circuit Court,"Circuit Court of the 3rd Judicial Circuit of Florida, Dixie County",,1973-01-01,,ST,Created as part of import of Case.Law data.,State Trial
flacirct3ham,flacirct3,,,,,,2023-10-03T01:23:49.063Z,False,False,False,355.0215,"Fla. Cir. Ct., Hamilton Cty.",Hamilton County Circuit Court,"Circuit Court of the 3rd Judicial Circuit of Florida, Hamilton County",,1973-01-01,,ST,Created as part of import of Case.Law data.,State Trial
flacirct3laf,flacirct3,,,,,,2023-10-03T01:23:49.079Z,False,False,False,355.0216,"Fla. Cir. Ct., Lafayette Cty.",Lafayette County Circuit Court,"Circuit Court of the 3rd Judicial Circuit of Florida, Lafayette County",,1973-01-01,,ST,Created as part of import of Case.Law data.,State Trial
flacirct3mad,flacirct3,,,,,,2023-10-03T01:23:49.095Z,False,False,False,355.0217,"Fla. Cir. Ct., Madison Cty.",Madison County Circuit Court,"Circuit Court of the 3rd Judicial Circuit of Florida, Madison County",,1973-01-01,,ST,Created as part of import of Case.Law data.,State Trial
flacirct3suw,flacirct3,,,,,,2023-10-03T01:23:49.111Z,False,False,False,355.0218,"Fla. Cir. Ct., Suwannee Cty.",Suwannee County Circuit Court,"Circuit Court of the 3rd Judicial Circuit of Florida, Suwannee County",,1973-01-01,,ST,Created as part of import of Case.Law data.,State Trial
flacirct3tay,flacirct3,,,,,,2023-10-03T01:23:49.131Z,False,False,False,355.0219,"Fla. Cir. Ct., Taylor Cty.",Taylor County Circuit Court,"Circuit Court of the 3rd Judicial Circuit of Florida, Taylor County",,1973-01-01,,ST,Created as part of import of Case.Law data.,State Trial
flacirct4,flacirct,,,,,,2023-10-03T01:23:49.147Z,False,False,False,355.022,4th,Circuit Court of the 4th Judicial Circuit,Circuit Court of the 4th Judicial Circuit of Florida,,1973-01-01,,ST,Created as part of import of Case.Law data.,State Trial
flacirct4cla,flacirct4,,,,,,2023-10-03T01:23:49.167Z,False,False,False,355.0221,"Fla. Cir. Ct., Clay Cty.",Clay County Circuit Court,"Circuit Court of the 4th Judicial Circuit of Florida, Clay County",,1973-01-01,,ST,Created as part of import of Case.Law data.,State Trial
flacirct4duv,flacirct4,,,,,,2023-10-03T01:23:49.183Z,False,False,False,355.0222,"Fla. Cir. Ct., Duval Cty.",Duval County Circuit Court,"Circuit Court of the 4th Judicial Circuit of Florida, Duval County",,1973-01-01,,ST,Created as part of import of Case.Law data.,State Trial
flacirct4nas,flacirct4,,,,,,2023-10-03T01:23:49.203Z,False,False,False,355.0223,"Fla. Cir. Ct., Nassau Cty.",Nassau County Circuit Court,"Circuit Court of the 4th Judicial Circuit of Florida, Nassau County",,1973-01-01,,ST,Created as part of import of Case.Law data.,State Trial
flacirct5,flacirct,,,,,,2023-10-03T01:23:49.223Z,False,False,False,355.0224,5th,Circuit Court of the 5th Judicial Circuit,Circuit Court of the 5th Judicial Circuit of Florida,,1973-01-01,,ST,Created as part of import of Case.Law data.,State Trial
flacirct5cit,flacirct5,,,,,,2023-10-03T01:23:49.230Z,False,False,False,355.0225,"Fla. Cir. Ct., Citrus Cty.",Citrus County Circuit Court,"Circuit Court of the 5th Judicial Circuit of Florida, Citrus County",,1973-01-01,,ST,Created as part of import of Case.Law data.,State Trial
flacirct5her,flacirct5,,,,,,2023-10-03T01:23:49.237Z,False,False,False,355.0226,"Fla. Cir. Ct., Hernando Cty.",Hernando County Circuit Court,"Circuit Court of the 5th Judicial Circuit of Florida, Hernando County",,1973-01-01,,ST,Created as part of import of Case.Law data.,State Trial
flacirct5lak,flacirct5,,,,,,2023-10-03T01:23:49.244Z,False,False,False,355.0227,"Fla. Cir. Ct., Lake Cty.",Lake County Circuit Court,"Circuit Court of the 5th Judicial Circuit of Florida, Lake County",,1973-01-01,,ST,Created as part of import of Case.Law data.,State Trial
flacirct5mar,flacirct5,,,,,,2023-10-03T01:23:49.254Z,False,False,False,355.0228,"Fla. Cir. Ct., Marion Cty.",Marion County Circuit Court,"Circuit Court of the 5th Judicial Circuit of Florida, Marion County",,1973-01-01,,ST,Created as part of import of Case.Law data.,State Trial
flacirct5sum,flacirct5,,,,,,2023-10-03T01:23:49.267Z,False,False,False,355.0229,"Fla. Cir. Ct., Sumter Cty.",Sumter County Circuit Court,"Circuit Court of the 5th Judicial Circuit of Florida, Sumter County",,1973-01-01,,ST,Created as part of import of Case.Law data.,State Trial
flacirct6,flacirct,,,,,,2023-10-03T01:23:49.283Z,False,False,False,355.023,6th,Circuit Court of the 6th Judicial Circuit,Circuit Court of the 6th Judicial Circuit of Florida,,1973-01-01,,ST,Created as part of import of Case.Law data.,State Trial
flacirct6pas,flacirct6,,,,,,2023-10-03T01:23:49.299Z,False,False,False,355.0231,"Fla. Cir. Ct., Pasco Cty.",Pasco County Circuit Court,"Circuit Court of the 6th Judicial Circuit of Florida, Pasco County",,1973-01-01,,ST,Created as part of import of Case.Law data.,State Trial
flacirct6pin,flacirct6,,,,,,2023-10-03T01:23:49.323Z,False,False,False,355.0232,"Fla. Cir. Ct., Pinellas Cty.",Pinellas County Circuit Court,"Circuit Court of the 6th Judicial Circuit of Florida, Pinellas County",,1973-01-01,,ST,Created as part of import of Case.Law data.,State Trial
flacirct7,flacirct,,,,,,2023-10-03T01:23:49.332Z,False,False,False,355.0233,7th,Circuit Court of the 7th Judicial Circuit,Circuit Court of the 7th Judicial Circuit of Florida,,1973-01-01,,ST,Created as part of import of Case.Law data.,State Trial
flacirct7fla,flacirct7,,,,,,2023-10-03T01:23:49.355Z,False,False,False,355.0234,"Fla. Cir. Ct., Flagler Cty.",Flagler County Circuit Court,"Circuit Court of the 7th Judicial Circuit of Florida, Flagler County",,1973-01-01,,ST,Created as part of import of Case.Law data.,State Trial
flacirct7put,flacirct7,,,,,,2023-10-03T01:23:49.371Z,False,False,False,355.0235,"Fla. Cir. Ct., Putnam Cty.",Putnam County Circuit Court,"Circuit Court of the 7th Judicial Circuit of Florida, Putnam County",,1973-01-01,,ST,Created as part of import of Case.Law data.,State Trial
flacirct7stj,flacirct7,,,,,,2023-10-03T01:23:49.387Z,False,False,False,355.0236,"Fla. Cir. Ct., St. Johns Cty.",St. Johns County Circuit Court,"Circuit Court of the 7th Judicial Circuit of Florida, St. Johns County",,1973-01-01,,ST,Created as part of import of Case.Law data.,State Trial
flacirct7vol,flacirct7,,,,,,2023-10-03T01:23:49.394Z,False,False,False,355.0237,"Fla. Cir. Ct., Volusia Cty.",Volusia County Circuit Court,"Circuit Court of the 7th Judicial Circuit of Florida, Volusia County",,1973-01-01,,ST,Created as part of import of Case.Law data.,State Trial
flacirct8,flacirct,,,,,,2023-10-03T01:23:49.400Z,False,False,False,355.0238,8th,Circuit Court of the 8th Judicial Circuit,Circuit Court of the 8th Judicial Circuit of Florida,,1973-01-01,,ST,Created as part of import of Case.Law data.,State Trial
flacirct8ala,flacirct8,,,,,,2023-10-03T01:23:49.419Z,False,False,False,355.0239,"Fla. Cir. Ct., Alachua Cty.",Alachua County Circuit Court,"Circuit Court of the 8th Judicial Circuit of Florida, Alachua County",,1973-01-01,,ST,Created as part of import of Case.Law data.,State Trial
flacirct8bak,flacirct8,,,,,,2023-10-03T01:23:49.427Z,False,False,False,355.024,"Fla. Cir. Ct., Baker Cty.",Baker County Circuit Court,"Circuit Court of the 8th Judicial Circuit of Florida, Baker County",,1973-01-01,,ST,Created as part of import of Case.Law data.,State Trial
flacirct8bra,flacirct8,,,,,,2023-10-03T01:23:49.434Z,False,False,False,355.0241,"Fla. Cir. Ct., Bradford Cty.",Bradford County Circuit Court,"Circuit Court of the 8th Judicial Circuit of Florida, Bradford County",,1973-01-01,,ST,Created as part of import of Case.Law data.,State Trial
flacirct8gil,flacirct8,,,,,,2023-10-03T01:23:49.443Z,False,False,False,355.0242,"Fla. Cir. Ct., Gilchrist Cty.",Gilchrist County Circuit Court,"Circuit Court of the 8th Judicial Circuit of Florida, Gilchrist County",,1973-01-01,,ST,Created as part of import of Case.Law data.,State Trial
flacirct8lev,flacirct8,,,,,,2023-10-03T01:23:49.463Z,False,False,False,355.0243,"Fla. Cir. Ct., Levy Cty.",Levy County Circuit Court,"Circuit Court of the 8th Judicial Circuit of Florida, Levy County",,1973-01-01,,ST,Created as part of import of Case.Law data.,State Trial
flacirct8uni,flacirct8,,,,,,2023-10-03T01:23:49.475Z,False,False,False,355.0244,"Fla. Cir. Ct., Union Cty.",Union County Circuit Court,"Circuit Court of the 8th Judicial Circuit of Florida, Union County",,1973-01-01,,ST,Created as part of import of Case.Law data.,State Trial
flacirct9,flacirct,,,,,,2023-10-03T01:23:49.495Z,False,False,False,355.0245,9th,Circuit Court of the 9th Judicial Circuit,Circuit Court of the 9th Judicial Circuit of Florida,,1973-01-01,,ST,Created as part of import of Case.Law data.,State Trial
flacirct9ora,flacirct9,,,,,,2023-10-03T01:23:49.507Z,False,False,False,355.0246,"Fla. Cir. Ct., Orange Cty.",Orange County Circuit Court,"Circuit Court of the 9th Judicial Circuit of Florida, Orange County",,1973-01-01,,ST,Created as part of import of Case.Law data.,State Trial
flacirct9osc,flacirct9,,,,,,2023-10-03T01:23:49.519Z,False,False,False,355.0247,"Fla. Cir. Ct., Osceola Cty.",Osceola County Circuit Court,"Circuit Court of the 9th Judicial Circuit of Florida, Osceola County",,1973-01-01,,ST,Created as part of import of Case.Law data.,State Trial
flacirct10,flacirct,,,,,,2023-10-03T01:23:49.528Z,False,False,False,355.0248,10th,Circuit Court of the 10th Judicial Circuit,Circuit Court of the 10th Judicial Circuit of Florida,,1973-01-01,,ST,Created as part of import of Case.Law data.,State Trial
flacirct10har,flacirct10,,,,,,2023-10-03T01:23:49.537Z,False,False,False,355.0249,"Fla. Cir. Ct., Hardee Cty.",Hardee County Circuit Court,"Circuit Court of the 10th Judicial Circuit of Florida, Hardee County",,1973-01-01,,ST,Created as part of import of Case.Law data.,State Trial
flacirct10hig,flacirct10,,,,,,2023-10-03T01:23:49.554Z,False,False,False,355.025,"Fla. Cir. Ct., Highlands Cty.",Highlands County Circuit Court,"Circuit Court of the 10th Judicial Circuit of Florida, Highlands County",,1973-01-01,,ST,Created as part of import of Case.Law data.,State Trial
flacirct10pol,flacirct10,,,,,,2023-10-03T01:23:49.561Z,False,False,False,355.0251,"Fla. Cir. Ct., Polk Cty.",Polk County Circuit Court,"Circuit Court of the 10th Judicial Circuit of Florida, Polk County",,1973-01-01,,ST,Created as part of import of Case.Law data.,State Trial
flacirct11,flacirct,,,,,,2023-10-03T01:23:49.569Z,False,False,False,355.0252,11th,Circuit Court of the 11th Judicial Circuit,Circuit Court of the 11th Judicial Circuit of Florida,,1973-01-01,,ST,Created as part of import of Case.Law data.,State Trial
flacirct11mia,flacirct11,,,,,,2023-10-03T01:23:49.577Z,False,False,False,355.0253,"Fla. Cir. Ct., Miami-Dade Cty.",Miami-Dade County Circuit Court,"Circuit Court of the 11th Judicial Circuit of Florida, Miami-Dade County",,1973-01-01,,ST,Created as part of import of Case.Law data.,State Trial
flacirct12,flacirct,,,,,,2023-10-03T01:23:49.594Z,False,False,False,355.0254,12th,Circuit Court of the 12th Judicial Circuit,Circuit Court of the 12th Judicial Circuit of Florida,,1973-01-01,,ST,Created as part of import of Case.Law data.,State Trial
flacirct12des,flacirct12,,,,,,2023-10-03T01:23:49.607Z,False,False,False,355.0255,"Fla. Cir. Ct., De Soto Cty.",De Soto County Circuit Court,"Circuit Court of the 12th Judicial Circuit of Florida, De Soto County",,1973-01-01,,ST,Created as part of import of Case.Law data.,State Trial
flacirct12man,flacirct12,,,,,,2023-10-03T01:23:49.617Z,False,False,False,355.0256,"Fla. Cir. Ct., Manatee Cty.",Manatee County Circuit Court,"Circuit Court of the 12th Judicial Circuit of Florida, Manatee County",,1973-01-01,,ST,Created as part of import of Case.Law data.,State Trial
flacirct12sar,flacirct12,,,,,,2023-10-03T01:23:49.623Z,False,False,False,355.0257,"Fla. Cir. Ct., Sarasota Cty.",Sarasota County Circuit Court,"Circuit Court of the 12th Judicial Circuit of Florida, Sarasota County",,1973-01-01,,ST,Created as part of import of Case.Law data.,State Trial
flacirct13,flacirct,,,,,,2023-10-03T01:23:49.639Z,False,False,False,355.0258,13th,Circuit Court of the 13th Judicial Circuit,Circuit Court of the 13th Judicial Circuit of Florida,,1973-01-01,,ST,Created as part of import of Case.Law data.,State Trial
flacirct13hil,flacirct13,,,,,,2023-10-03T01:23:49.654Z,False,False,False,355.0259,"Fla. Cir. Ct., Hillsborough Cty.",Hillsborough County Circuit Court,"Circuit Court of the 13th Judicial Circuit of Florida, Hillsborough County",,1973-01-01,,ST,Created as part of import of Case.Law data.,State Trial
flacirct14,flacirct,,,,,,2023-10-03T01:23:49.671Z,False,False,False,355.026,14th,Circuit Court of the 14th Judicial Circuit,Circuit Court of the 14th Judicial Circuit of Florida,,1973-01-01,,ST,Created as part of import of Case.Law data.,State Trial
flacirct14bay,flacirct14,,,,,,2023-10-03T01:23:49.687Z,False,False,False,355.0261,"Fla. Cir. Ct., Bay Cty.",Bay County Circuit Court,"Circuit Court of the 14th Judicial Circuit of Florida, Bay County",,1973-01-01,,ST,Created as part of import of Case.Law data.,State Trial
flacirct14cal,flacirct14,,,,,,2023-10-03T01:23:49.697Z,False,False,False,355.0262,"Fla. Cir. Ct., Calhoun Cty.",Calhoun County Circuit Court,"Circuit Court of the 14th Judicial Circuit of Florida, Calhoun County",,1973-01-01,,ST,Created as part of import of Case.Law data.,State Trial
flacirct14gul,flacirct14,,,,,,2023-10-03T01:23:49.719Z,False,False,False,355.0263,"Fla. Cir. Ct., Gulf Cty.",Gulf County Circuit Court,"Circuit Court of the 14th Judicial Circuit of Florida, Gulf County",,1973-01-01,,ST,Created as part of import of Case.Law data.,State Trial
flacirct14hol,flacirct14,,,,,,2023-10-03T01:23:49.735Z,False,False,False,355.0264,"Fla. Cir. Ct., Holmes Cty.",Holmes County Circuit Court,"Circuit Court of the 14th Judicial Circuit of Florida, Holmes County",,1973-01-01,,ST,Created as part of import of Case.Law data.,State Trial
flacirct14jac,flacirct14,,,,,,2023-10-03T01:23:49.744Z,False,False,False,355.0265,"Fla. Cir. Ct., Jackson Cty.",Jackson County Circuit Court,"Circuit Court of the 14th Judicial Circuit of Florida, Jackson County",,1973-01-01,,ST,Created as part of import of Case.Law data.,State Trial
flacirct14was,flacirct14,,,,,,2023-10-03T01:23:49.753Z,False,False,False,355.0266,"Fla. Cir. Ct., Washington Cty.",Washington County Circuit Court,"Circuit Court of the 14th Judicial Circuit of Florida, Washington County",,1973-01-01,,ST,Created as part of import of Case.Law data.,State Trial
flacirct15,flacirct,,,,,,2023-10-03T01:23:49.771Z,False,False,False,355.0267,15th,Circuit Court of the 15th Judicial Circuit,Circuit Court of the 15th Judicial Circuit of Florida,,1973-01-01,,ST,Created as part of import of Case.Law data.,State Trial
flacirct15pal,flacirct15,,,,,,2023-10-03T01:23:49.781Z,False,False,False,355.0268,"Fla. Cir. Ct., Palm Beach Cty.",Palm Beach County Circuit Court,"Circuit Court of the 15th Judicial Circuit of Florida, Palm Beach County",,1973-01-01,,ST,Created as part of import of Case.Law data.,State Trial
flacirct16,flacirct,,,,,,2023-10-03T01:23:49.799Z,False,False,False,355.0269,16th,Circuit Court of the 16th Judicial Circuit,Circuit Court of the 16th Judicial Circuit of Florida,,1973-01-01,,ST,Created as part of import of Case.Law data.,State Trial
flacirct16mon,flacirct16,,,,,,2023-10-03T01:23:49.815Z,False,False,False,355.027,"Fla. Cir. Ct., Monroe Cty.",Monroe County Circuit Court,"Circuit Court of the 16th Judicial Circuit of Florida, Monroe County",,1973-01-01,,ST,Created as part of import of Case.Law data.,State Trial
flacirct17,flacirct,,,,,,2023-10-03T01:23:49.833Z,False,False,False,355.0271,17th,Circuit Court of the 17th Judicial Circuit,Circuit Court of the 17th Judicial Circuit of Florida,,1973-01-01,,ST,Created as part of import of Case.Law data.,State Trial
flacirct17bro,flacirct17,,,,,,2023-10-03T01:23:49.851Z,False,False,False,355.0272,"Fla. Cir. Ct., Broward Cty.",Broward County Circuit Court,"Circuit Court of the 17th Judicial Circuit of Florida, Broward County",,1973-01-01,,ST,Created as part of import of Case.Law data.,State Trial
flacirct18,flacirct,,,,,,2023-10-03T01:23:49.859Z,False,False,False,355.0273,18th,Circuit Court of the 18th Judicial Circuit,Circuit Court of the 18th Judicial Circuit of Florida,https://flcourts18.org/,1973-01-01,,ST,Created as part of import of Case.Law data.,State Trial
flacirct18bre,flacirct18,,,,,,2023-10-03T01:23:49.871Z,False,False,False,355.0274,"Fla. Cir. Ct., Brevard Cty.",Brevard County Circuit Court,"Circuit Court of the 18th Judicial Circuit of Florida, Brevard County",,1973-01-01,,ST,Created as part of import of Case.Law data.,State Trial
flacirct18sem,flacirct18,,,,,,2023-10-03T01:23:49.885Z,False,False,False,355.0275,"Fla. Cir. Ct., Seminole Cty.",Seminole County Circuit Court,"Circuit Court of the 18th Judicial Circuit of Florida, Seminole County",,1973-01-01,,ST,Created as part of import of Case.Law data.,State Trial
flacirct19,flacirct,,,,,,2023-10-03T01:23:49.903Z,False,False,False,355.0276,19th,Circuit Court of the 19th Judicial Circuit,Circuit Court of the 19th Judicial Circuit of Florida,,1973-01-01,,ST,Created as part of import of Case.Law data.,State Trial
flacirct19ind,flacirct19,,,,,,2023-10-03T01:23:49.909Z,False,False,False,355.0277,"Fla. Cir. Ct., Indian River Cty.",Indian River County Circuit Court,"Circuit Court of the 19th Judicial Circuit of Florida, Indian River County",,1973-01-01,,ST,Created as part of import of Case.Law data.,State Trial
flacirct19mar,flacirct19,,,,,,2023-10-03T01:23:49.915Z,False,False,False,355.0278,"Fla. Cir. Ct., Martin Cty.",Martin County Circuit Court,"Circuit Court of the 19th Judicial Circuit of Florida, Martin County",,1973-01-01,,ST,Created as part of import of Case.Law data.,State Trial
flacirct19oke,flacirct19,,,,,,2023-10-03T01:23:49.921Z,False,False,False,355.0279,"Fla. Cir. Ct., Okeechobee Cty.",Okeechobee County Circuit Court,"Circuit Court of the 19th Judicial Circuit of Florida, Okeechobee County",,1973-01-01,,ST,Created as part of import of Case.Law data.,State Trial
flacirct19stl,flacirct19,,,,,,2023-10-03T01:23:49.927Z,False,False,False,355.028,"Fla. Cir. Ct., St. Lucie Cty.",St. Lucie County Circuit Court,"Circuit Court of the 19th Judicial Circuit of Florida, St. Lucie County",,1973-01-01,,ST,Created as part of import of Case.Law data.,State Trial
flacirct20,flacirct,,,,,,2023-10-03T01:23:49.932Z,False,False,False,355.0281,20th,Circuit Court of the 20th Judicial Circuit,Circuit Court of the 20th Judicial Circuit of Florida,,1973-01-01,,ST,Created as part of import of Case.Law data.,State Trial
flacirct20cha,flacirct20,,,,,,2023-10-03T01:23:49.938Z,False,False,False,355.0282,"Fla. Cir. Ct., Charlotte Cty.",Charlotte County Circuit Court,"Circuit Court of the 20th Judicial Circuit of Florida, Charlotte County",,1973-01-01,,ST,Created as part of import of Case.Law data.,State Trial
flacirct20col,flacirct20,,,,,,2023-10-03T01:23:49.949Z,False,False,False,355.0283,"Fla. Cir. Ct., Collier Cty.",Collier County Circuit Court,"Circuit Court of the 20th Judicial Circuit of Florida, Collier County",,1973-01-01,,ST,Created as part of import of Case.Law data.,State Trial
flacirct20gla,flacirct20,,,,,,2023-10-03T01:23:49.963Z,False,False,False,355.0284,"Fla. Cir. Ct., Glades Cty.",Glades County Circuit Court,"Circuit Court of the 20th Judicial Circuit of Florida, Glades County",,1973-01-01,,ST,Created as part of import of Case.Law data.,State Trial
flacirct20hen,flacirct20,,,,,,2023-10-03T01:23:49.979Z,False,False,False,355.0285,"Fla. Cir. Ct., Hendry Cty.",Hendry County Circuit Court,"Circuit Court of the 20th Judicial Circuit of Florida, Hendry County",,1973-01-01,,ST,Created as part of import of Case.Law data.,State Trial
flacirct20lee,flacirct20,,,,,,2023-10-03T01:23:49.990Z,False,False,False,355.0286,"Fla. Cir. Ct., Lee Cty.",Lee County Circuit Court,"Circuit Court of the 20th Judicial Circuit of Florida, Lee County",,1973-01-01,,ST,Created as part of import of Case.Law data.,State Trial
flactyct,,,,,,,2021-09-02T23:16:39.541Z,False,False,False,355.0299,Fla. Cty. Ct.,Florida County Courts,Florida County Courts,,,1972-12-31,ST,,State Trial
flactyct1,flactyct,,,,,,2023-10-03T01:23:50.003Z,False,False,False,355.03,Fla. Alachua Cty. Ct.,Alachua County Court,Alachua County Court,,,1972-12-31,ST,Created as part of import of Case.Law data.,State Trial
flactyct2,flactyct,,,,,,2023-10-03T01:23:50.019Z,False,False,False,355.0301,Fla. Baker Cty. Ct.,Baker County Court,Baker County Court,,,1972-12-31,ST,Created as part of import of Case.Law data.,State Trial
flactyct3,flactyct,,,,,,2023-10-03T01:23:50.031Z,False,False,False,355.0302,Fla. Bay Cty. Ct.,Bay County Court,Bay County Court,,,1972-12-31,ST,Created as part of import of Case.Law data.,State Trial
flactyct4,flactyct,,,,,,2023-10-03T01:23:50.038Z,False,False,False,355.0303,Fla. Bradford Cty. Ct.,Bradford County Court,Bradford County Court,,,1972-12-31,ST,Created as part of import of Case.Law data.,State Trial
flactyct5,flactyct,,,,,,2023-10-03T01:23:50.056Z,False,False,False,355.0304,Fla. Brevard Cty. Ct.,Brevard County Court,Brevard County Court,,,1972-12-31,ST,Created as part of import of Case.Law data.,State Trial
flactyct6,flactyct,,,,,,2023-10-03T01:23:50.071Z,False,False,False,355.0305,Fla. Broward Cty. Ct.,Broward County Court,Broward County Court,,,1972-12-31,ST,Created as part of import of Case.Law data.,State Trial
flactyct7,flactyct,,,,,,2023-10-03T01:23:50.087Z,False,False,False,355.0306,Fla. Calhoun Cty. Ct.,Calhoun County Court,Calhoun County Court,,,1972-12-31,ST,Created as part of import of Case.Law data.,State Trial
flactyct8,flactyct,,,,,,2023-10-03T01:23:50.093Z,False,False,False,355.0307,Fla. Charlotte Cty. Ct.,Charlotte County Court,Charlotte County Court,,,1972-12-31,ST,Created as part of import of Case.Law data.,State Trial
flactyct9,flactyct,,,,,,2023-10-03T01:23:50.111Z,False,False,False,355.0308,Fla. Citrus Cty. Ct.,Citrus County Court,Citrus County Court,,,1972-12-31,ST,Created as part of import of Case.Law data.,State Trial
flactyct10,flactyct,,,,,,2023-10-03T01:23:50.127Z,False,False,False,355.0309,Fla. Clay Cty. Ct.,Clay County Court,Clay County Court,,,1972-12-31,ST,Created as part of import of Case.Law data.,State Trial
flactyct11,flactyct,,,,,,2023-10-03T01:23:50.136Z,False,False,False,355.031,Fla. Collier Cty. Ct.,Collier County Court,Collier County Court,,,1972-12-31,ST,Created as part of import of Case.Law data.,State Trial
flactyct12,flactyct,,,,,,2023-10-03T01:23:50.147Z,False,False,False,355.0311,Fla. Columbia Cty. Ct.,Columbia County Court,Columbia County Court,,,1972-12-31,ST,Created as part of import of Case.Law data.,State Trial
flactyct13,flactyct,,,,,,2023-10-03T01:23:50.160Z,False,False,False,355.0312,Fla. De Soto Cty. Ct.,De Soto County Court,De Soto County Court,,,1972-12-31,ST,Created as part of import of Case.Law data.,State Trial
flactyct14,flactyct,,,,,,2023-10-03T01:23:50.171Z,False,False,False,355.0313,Fla. Dixie Cty. Ct.,Dixie County Court,Dixie County Court,,,1972-12-31,ST,Created as part of import of Case.Law data.,State Trial
flactyct15,flactyct,,,,,,2023-10-03T01:23:50.186Z,False,False,False,355.0314,Fla. Duval Cty. Ct.,Duval County Court,Duval County Court,,,1972-12-31,ST,Created as part of import of Case.Law data.,State Trial
flactyct16,flactyct,,,,,,2023-10-03T01:23:50.193Z,False,False,False,355.0315,Fla. Escambia Cty. Ct.,Escambia County Court,Escambia County Court,,,1972-12-31,ST,Created as part of import of Case.Law data.,State Trial
flactyct17,flactyct,,,,,,2023-10-03T01:23:50.203Z,False,False,False,355.0316,Fla. Flagler Cty. Ct.,Flagler County Court,Flagler County Court,,,1972-12-31,ST,Created as part of import of Case.Law data.,State Trial
flactyct18,flactyct,,,,,,2023-10-03T01:23:50.209Z,False,False,False,355.0317,Fla. Franklin Cty. Ct.,Franklin County Court,Franklin County Court,,,1972-12-31,ST,Created as part of import of Case.Law data.,State Trial
flactyct19,flactyct,,,,,,2023-10-03T01:23:50.221Z,False,False,False,355.0318,Fla. Gadsden Cty. Ct.,Gadsden County Court,Gadsden County Court,,,1972-12-31,ST,Created as part of import of Case.Law data.,State Trial
flactyct20,flactyct,,,,,,2023-10-03T01:23:50.231Z,False,False,False,355.0319,Fla. Gilchrist Cty. Ct.,Gilchrist County Court,Gilchrist County Court,,,1972-12-31,ST,Created as part of import of Case.Law data.,State Trial
flactyct21,flactyct,,,,,,2023-10-03T01:23:50.241Z,False,False,False,355.032,Fla. Glades Cty. Ct.,Glades County Court,Glades County Court,,,1972-12-31,ST,Created as part of import of Case.Law data.,State Trial
flactyct22,flactyct,,,,,,2023-10-03T01:23:50.249Z,False,False,False,355.0321,Fla. Gulf Cty. Ct.,Gulf County Court,Gulf County Court,,,1972-12-31,ST,Created as part of import of Case.Law data.,State Trial
flactyct23,flactyct,,,,,,2023-10-03T01:23:50.271Z,False,False,False,355.0322,Fla. Hamilton Cty. Ct.,Hamilton County Court,Hamilton County Court,,,1972-12-31,ST,Created as part of import of Case.Law data.,State Trial
flactyct24,flactyct,,,,,,2023-10-03T01:23:50.279Z,False,False,False,355.0323,Fla. Hardee Cty. Ct.,Hardee County Court,Hardee County Court,,,1972-12-31,ST,Created as part of import of Case.Law data.,State Trial
flactyct25,flactyct,,,,,,2023-10-03T01:23:50.290Z,False,False,False,355.0324,Fla. Hendry Cty. Ct.,Hendry County Court,Hendry County Court,,,1972-12-31,ST,Created as part of import of Case.Law data.,State Trial
flactyct26,flactyct,,,,,,2023-10-03T01:23:50.296Z,False,False,False,355.0325,Fla. Hernando Cty. Ct.,Hernando County Court,Hernando County Court,,,1972-12-31,ST,Created as part of import of Case.Law data.,State Trial
flactyct27,flactyct,,,,,,2023-10-03T01:23:50.307Z,False,False,False,355.0326,Fla. Highlands Cty. Ct.,Highlands County Court,Highlands County Court,,,1972-12-31,ST,Created as part of import of Case.Law data.,State Trial
flactyct28,flactyct,,,,,,2023-10-03T01:23:50.315Z,False,False,False,355.0327,Fla. Hillsborough Cty. Ct.,Hillsborough County Court,Hillsborough County Court,,,1972-12-31,ST,Created as part of import of Case.Law data.,State Trial
flactyct29,flactyct,,,,,,2023-10-03T01:23:50.330Z,False,False,False,355.0328,Fla. Holmes Cty. Ct.,Holmes County Court,Holmes County Court,,,1972-12-31,ST,Created as part of import of Case.Law data.,State Trial
flactyct30,flactyct,,,,,,2023-10-03T01:23:50.343Z,False,False,False,355.0329,Fla. Indian River Cty. Ct.,Indian River County Court,Indian River County Court,,,1972-12-31,ST,Created as part of import of Case.Law data.,State Trial
flactyct31,flactyct,,,,,,2023-10-03T01:23:50.353Z,False,False,False,355.033,Fla. Jackson Cty. Ct.,Jackson County Court,Jackson County Court,,,1972-12-31,ST,Created as part of import of Case.Law data.,State Trial
flactyct32,flactyct,,,,,,2023-10-03T01:23:50.371Z,False,False,False,355.0331,Fla. Jefferson Cty. Ct.,Jefferson County Court,Jefferson County Court,,,1972-12-31,ST,Created as part of import of Case.Law data.,State Trial
flactyct33,flactyct,,,,,,2023-10-03T01:23:50.385Z,False,False,False,355.0332,Fla. Lafayette Cty. Ct.,Lafayette County Court,Lafayette County Court,,,1972-12-31,ST,Created as part of import of Case.Law data.,State Trial
flactyct34,flactyct,,,,,,2023-10-03T01:23:50.400Z,False,False,False,355.0333,Fla. Lake Cty. Ct.,Lake County Court,Lake County Court,,,1972-12-31,ST,Created as part of import of Case.Law data.,State Trial
flactyct35,flactyct,,,,,,2023-10-03T01:23:50.415Z,False,False,False,355.0334,Fla. Lee Cty. Ct.,Lee County Court,Lee County Court,,,1972-12-31,ST,Created as part of import of Case.Law data.,State Trial
flactyct36,flactyct,,,,,,2023-10-03T01:23:50.427Z,False,False,False,355.0335,Fla. Leon Cty. Ct.,Leon County Court,Leon County Court,,,1972-12-31,ST,Created as part of import of Case.Law data.,State Trial
flactyct37,flactyct,,,,,,2023-10-03T01:23:50.443Z,False,False,False,355.0336,Fla. Levy Cty. Ct.,Levy County Court,Levy County Court,,,1972-12-31,ST,Created as part of import of Case.Law data.,State Trial
flactyct38,flactyct,,,,,,2023-10-03T01:23:50.455Z,False,False,False,355.0337,Fla. Liberty Cty. Ct.,Liberty County Court,Liberty County Court,,,1972-12-31,ST,Created as part of import of Case.Law data.,State Trial
flactyct39,flactyct,,,,,,2023-10-03T01:23:50.466Z,False,False,False,355.0338,Fla. Madison Cty. Ct.,Madison County Court,Madison County Court,,,1972-12-31,ST,Created as part of import of Case.Law data.,State Trial
flactyct40,flactyct,,,,,,2023-10-03T01:23:50.483Z,False,False,False,355.0339,Fla. Manatee Cty. Ct.,Manatee County Court,Manatee County Court,,,1972-12-31,ST,Created as part of import of Case.Law data.,State Trial
flactyct41,flactyct,,,,,,2023-10-03T01:23:50.495Z,False,False,False,355.034,Fla. Marion Cty. Ct.,Marion County Court,Marion County Court,,,1972-12-31,ST,Created as part of import of Case.Law data.,State Trial
flactyct42,flactyct,,,,,,2023-10-03T01:23:50.511Z,False,False,False,355.0341,Fla. Martin Cty. Ct.,Martin County Court,Martin County Court,,,1972-12-31,ST,Created as part of import of Case.Law data.,State Trial
flactyct43,flactyct,,,,,,2023-10-03T01:23:50.527Z,False,False,False,355.0342,Fla. Miami-Dade Cty. Ct.,Miami-Dade County Court,Miami-Dade County Court,,,1972-12-31,ST,Created as part of import of Case.Law data.,State Trial
flactyct44,flactyct,,,,,,2023-10-03T01:23:50.543Z,False,False,False,355.0343,Fla. Monroe Cty. Ct.,Monroe County Court,Monroe County Court,,,1972-12-31,ST,Created as part of import of Case.Law data.,State Trial
flactyct45,flactyct,,,,,,2023-10-03T01:23:50.559Z,False,False,False,355.0344,Fla. Nassau Cty. Ct.,Nassau County Court,Nassau County Court,,,1972-12-31,ST,Created as part of import of Case.Law data.,State Trial
flactyct46,flactyct,,,,,,2023-10-03T01:23:50.569Z,False,False,False,355.0345,Fla. Okaloosa Cty. Ct.,Okaloosa County Court,Okaloosa County Court,,,1972-12-31,ST,Created as part of import of Case.Law data.,State Trial
flactyct47,flactyct,,,,,,2023-10-03T01:23:50.584Z,False,False,False,355.0346,Fla. Okeechobee Cty. Ct.,Okeechobee County Court,Okeechobee County Court,,,1972-12-31,ST,Created as part of import of Case.Law data.,State Trial
flactyct48,flactyct,,,,,,2023-10-03T01:23:50.592Z,False,False,False,355.0347,Fla. Orange Cty. Ct.,Orange County Court,Orange County Court,,,1972-12-31,ST,Created as part of import of Case.Law data.,State Trial
flactyct49,flactyct,,,,,,2023-10-03T01:23:50.603Z,False,False,False,355.0348,Fla. Osceola Cty. Ct.,Osceola County Court,Osceola County Court,,,1972-12-31,ST,Created as part of import of Case.Law data.,State Trial
flactyct50,flactyct,,,,,,2023-10-03T01:23:50.619Z,False,False,False,355.0349,Fla. Palm Beach Cty. Ct.,Palm Beach County Court,Palm Beach County Court,,,1972-12-31,ST,Created as part of import of Case.Law data.,State Trial
flactyct51,flactyct,,,,,,2023-10-03T01:23:50.631Z,False,False,False,355.035,Fla. Pasco Cty. Ct.,Pasco County Court,Pasco County Court,,,1972-12-31,ST,Created as part of import of Case.Law data.,State Trial
flactyct52,flactyct,,,,,,2023-10-03T01:23:50.647Z,False,False,False,355.0351,Fla. Pinellas Cty. Ct.,Pinellas County Court,Pinellas County Court,,,1972-12-31,ST,Created as part of import of Case.Law data.,State Trial
flactyct53,flactyct,,,,,,2023-10-03T01:23:50.655Z,False,False,False,355.0352,Fla. Polk Cty. Ct.,Polk County Court,Polk County Court,,,1972-12-31,ST,Created as part of import of Case.Law data.,State Trial
flactyct54,flactyct,,,,,,2023-10-03T01:23:50.667Z,False,False,False,355.0353,Fla. Putnam Cty. Ct.,Putnam County Court,Putnam County Court,,,1972-12-31,ST,Created as part of import of Case.Law data.,State Trial
flactyct55,flactyct,,,,,,2023-10-03T01:23:50.686Z,False,False,False,355.0354,Fla. St. Johns Cty. Ct.,St. Johns County Court,St. Johns County Court,,,1972-12-31,ST,Created as part of import of Case.Law data.,State Trial
flactyct56,flactyct,,,,,,2023-10-03T01:23:50.695Z,False,False,False,355.0355,Fla. St. Lucie Cty. Ct.,St. Lucie County Court,St. Lucie County Court,,,1972-12-31,ST,Created as part of import of Case.Law data.,State Trial
flactyct57,flactyct,,,,,,2023-10-03T01:23:50.701Z,False,False,False,355.0356,Fla. Santa Rosa Cty. Ct.,Santa Rosa County Court,Santa Rosa County Court,,,1972-12-31,ST,Created as part of import of Case.Law data.,State Trial
flactyct58,flactyct,,,,,,2023-10-03T01:23:50.715Z,False,False,False,355.0357,Fla. Sarasota Cty. Ct.,Sarasota County Court,Sarasota County Court,,,1972-12-31,ST,Created as part of import of Case.Law data.,State Trial
flactyct59,flactyct,,,,,,2023-10-03T01:23:50.727Z,False,False,False,355.0358,Fla. Seminole Cty. Ct.,Seminole County Court,Seminole County Court,,,1972-12-31,ST,Created as part of import of Case.Law data.,State Trial
flactyct60,flactyct,,,,,,2023-10-03T01:23:50.736Z,False,False,False,355.0359,Fla. Sumter Cty. Ct.,Sumter County Court,Sumter County Court,,,1972-12-31,ST,Created as part of import of Case.Law data.,State Trial
flactyct61,flactyct,,,,,,2023-10-03T01:23:50.748Z,False,False,False,355.036,Fla. Suwannee Cty. Ct.,Suwannee County Court,Suwannee County Court,,,1972-12-31,ST,Created as part of import of Case.Law data.,State Trial
flactyct62,flactyct,,,,,,2023-10-03T01:23:50.763Z,False,False,False,355.0361,Fla. Taylor Cty. Ct.,Taylor County Court,Taylor County Court,,,1972-12-31,ST,Created as part of import of Case.Law data.,State Trial
flactyct63,flactyct,,,,,,2023-10-03T01:23:50.779Z,False,False,False,355.0362,Fla. Union Cty. Ct.,Union County Court,Union County Court,,,1972-12-31,ST,Created as part of import of Case.Law data.,State Trial
flactyct64,flactyct,,,,,,2023-10-03T01:23:50.788Z,False,False,False,355.0363,Fla. Volusia Cty. Ct.,Volusia County Court,Volusia County Court,,,1972-12-31,ST,Created as part of import of Case.Law data.,State Trial
flactyct65,flactyct,,,,,,2023-10-03T01:23:50.794Z,False,False,False,355.0364,Fla. Wakulla Cty. Ct.,Wakulla County Court,Wakulla County Court,,,1972-12-31,ST,Created as part of import of Case.Law data.,State Trial
flactyct66,flactyct,,,,,,2023-10-03T01:23:50.807Z,False,False,False,355.0365,Fla. Walton Cty. Ct.,Walton County Court,Walton County Court,,,1972-12-31,ST,Created as part of import of Case.Law data.,State Trial
flactyct67,flactyct,,,,,,2023-10-03T01:23:50.819Z,False,False,False,355.0366,Fla. Washington Cty. Ct.,Washington County Court,Washington County Court,,,1972-12-31,ST,Created as part of import of Case.Law data.,State Trial
flactyctrec,,,,,,,2021-09-01T21:54:53.115Z,False,False,False,355.04,Fla. Civ. & Crim. Ct. Rec.,Florida's Civil and Criminal Court of Records,Florida's Civil and Criminal Court of Records,,,1972-12-31,ST,Created as part of import of Case.Law data.,State Trial
flactyctrec5,flactyctrec,,,,,,2023-10-03T01:23:50.831Z,False,False,False,355.041,Brevard Cty. Civ. & Crim. Ct. Rec.,Brevard County Court of Record,Brevard County Civil and Criminal Court of Record,,,1972-12-31,ST,Created as part of import of Case.Law data.,State Trial
flactyctrec7,flactyctrec,,,,,,2023-10-03T01:23:50.847Z,False,False,False,355.042,Broward Cty. Civ. & Crim. Ct. Rec.,Broward County Court of Record,Broward County Civil and Criminal Court of Record,,,1972-12-31,ST,Created as part of import of Case.Law data.,State Trial
flactyctrec6,flactyctrec,,,,,,2023-10-03T01:23:50.867Z,False,False,False,355.043,Dade Cty. Civ. & Crim. Ct. Rec.,Dade County Court of Record,Dade County Civil and Criminal Court of Record,,,1972-12-31,ST,Created as part of import of Case.Law data.,State Trial
flactyctrec1,flactyctrec,,,,,,2023-10-03T01:23:50.883Z,False,False,False,355.044,Duval Cty. Civ. & Crim. Ct. Rec.,Duval County Court of Record,Duval County Civil and Criminal Court of Record,,,1972-12-31,ST,Created as part of import of Case.Law data.,State Trial
flactyctrec4,flactyctrec,,,,,,2023-10-03T01:23:50.891Z,False,False,False,355.045,Escambia Cty. Civ. & Crim. Ct. Rec.,Escambia County Court of Record,Escambia County Civil and Criminal Court of Record,,,1972-12-31,ST,Created as part of import of Case.Law data.,State Trial
flactyctrec2,flactyctrec,,,,,,2023-10-03T01:23:50.899Z,False,False,False,355.046,Palm Beach Cty. Civ. & Crim. Ct. Rec.,Palm Beach County Court of Record,Palm Beach County Civil and Criminal Court of Record,,,1972-12-31,ST,Created as part of import of Case.Law data.,State Trial
flactyctrec3,flactyctrec,,,,,,2023-10-03T01:23:50.907Z,False,False,False,355.047,Pinellas Cty. Civ. & Crim. Ct. Rec.,Pinellas County Court of Record,Pinellas County Civil and Criminal Court of Record,,,1972-12-31,ST,Created as part of import of Case.Law data.,State Trial
flajudct,,,,,,,2021-09-01T21:54:53.115Z,False,False,False,355.05,Fla. J. Ct.,Florida Judge's Courts,Florida Judge's Courts,,,1972-12-31,ST,Created as part of import of Case.Law data.,State Trial
flajudct9,flajudct,,,,,,2023-10-03T01:23:50.927Z,False,False,False,355.0501,Broward Cty. J. Ct.,Broward County Judge's Court,Broward County Judge's Court,,,1972-12-31,ST,Created as part of import of Case.Law data.,State Trial
flajudct1,flajudct,,,,,,2023-10-03T01:23:50.933Z,False,False,False,355.0502,Charlotte Cty. J. Ct.,Charlotte County Judge's Court,Charlotte County Judge's Court,,,1972-12-31,ST,Created as part of import of Case.Law data.,State Trial
flajudct2,flajudct,,,,,,2023-10-03T01:23:50.943Z,False,False,False,355.0503,Dade Cty. J. Ct.,Dade County Judge's Court,Dade County Judge's Court,,,1972-12-31,ST,Created as part of import of Case.Law data.,State Trial
flajudct13,flajudct,,,,,,2023-10-03T01:23:50.953Z,False,False,False,355.0504,Duval Cty. J. Ct.,Duval County Judge's Court,Duval County Judge's Court,,,1972-12-31,ST,Created as part of import of Case.Law data.,State Trial
flajudct3,flajudct,,,,,,2023-10-03T01:23:50.968Z,False,False,False,355.0505,Hamilton Cty. J. Ct.,Hamilton County Judge's Court,Hamilton County Judge's Court,,,1972-12-31,ST,Created as part of import of Case.Law data.,State Trial
flajudct8,flajudct,,,,,,2023-10-03T01:23:50.975Z,False,False,False,355.0506,Lake Cty. J. Ct.,Lake County Judge's Court,Lake County Judge's Court,,,1972-12-31,ST,Created as part of import of Case.Law data.,State Trial
flajudct5,flajudct,,,,,,2023-10-03T01:23:50.987Z,False,False,False,355.0507,Lee Cty. J. Ct.,Lee County Judge's Court,Lee County Judge's Court,,,1972-12-31,ST,Created as part of import of Case.Law data.,State Trial
flajudct11,flajudct,,,,,,2023-10-03T01:23:51.003Z,False,False,False,355.0508,Monroe Cty. Judge Ct.,Monroe County Judge Court,Monroe County Judge Court,,,1972-12-31,ST,Created as part of import of Case.Law data.,State Trial
flajudct4,flajudct,,,,,,2023-10-03T01:23:51.013Z,False,False,False,355.0509,Orange Cty. J. Ct.,Orange County Judge's Court,Orange County Judge's Court,,,1972-12-31,ST,Created as part of import of Case.Law data.,State Trial
flajudct12,flajudct,,,,,,2023-10-03T01:23:51.027Z,False,False,False,355.051,Palm Beach Cty. J. Ct.,Palm Beach County Judge's Court,Palm Beach County Judge's Court,,,1972-12-31,ST,Created as part of import of Case.Law data.,State Trial
flajudct10,flajudct,,,,,,2023-10-03T01:23:51.033Z,False,False,False,355.0511,Pinellas Cty. J. Ct.,Pinellas County Judge's Court,Pinellas County Judge's Court,,,1972-12-31,ST,Created as part of import of Case.Law data.,State Trial
flajudct14,flajudct,,,,,,2023-10-03T01:23:51.055Z,False,False,False,355.0512,Sarasota Cty. J. Ct.,Sarasota County Judge's Court,Sarasota County Judge's Court,,,1972-12-31,ST,Created as part of import of Case.Law data.,State Trial
flajudct7,flajudct,,,,,,2023-10-03T01:23:51.071Z,False,False,False,355.0513,Suwannee Cty. J. Ct.,Suwannee County Judge's Court,Suwannee County Judge's Court,,,1972-12-31,ST,Created as part of import of Case.Law data.,State Trial
flajudct6,flajudct,,,,,,2023-10-03T01:23:51.088Z,False,False,False,355.0514,Volusia Cty. J. Ct.,Volusia County Judge's Court,Volusia County Judge's Court,,,1972-12-31,ST,Created as part of import of Case.Law data.,State Trial
flasmclct,,,,,,,2021-09-01T21:54:53.115Z,False,False,False,355.06,Fla. Sm. Cl. Ct.,Florida Small Claims Courts,Florida Small Claims Courts,,,1972-12-31,ST,Created as part of import of Case.Law data.,State Trial
flasmclct1,flasmclct,,,,,,2023-10-03T01:23:51.099Z,False,False,False,355.0601,Broward Cty. Sm. Cl. Ct.,Broward County Small Claims Court,Broward County Small Claims Court,,,1972-12-31,ST,Created as part of import of Case.Law data.,State Trial
flasmclct3,flasmclct,,,,,,2023-10-03T01:23:51.115Z,False,False,False,355.0602,Dade Cty. Sm. Cl. Ct,Dade County Small Claims Court,Dade County Small Claims Court,,,1972-12-31,ST,Created as part of import of Case.Law data.,State Trial
flasmclct2,flasmclct,,,,,,2023-10-03T01:23:51.123Z,False,False,False,355.0603,Palm Beach Cty. Sm Cl. Ct.,Palm Beach County Small Claims Court,Palm Beach County Small Claims Court,,,1972-12-31,ST,Created as part of import of Case.Law data.,State Trial
flasmclct4,flasmclct,,,,,,2023-10-03T01:23:51.137Z,False,False,False,355.0604,St. Lucie Cty. Sm. Cl. Ct.,St. Lucie County Small Claims Court,St. Lucie County Small Claims Court,,,1972-12-31,ST,Created as part of import of Case.Law data.,State Trial
flamunict,,,,,,,2021-09-01T21:54:53.115Z,False,False,False,355.07,Fla. Mun. Ct.,Florida Municipal Courts,Florida Municipal Courts,,,1977-12-31,ST,Created as part of import of Case.Law data.,State Trial
flamunict1,flamunict,,,,,,2023-10-03T01:23:51.155Z,False,False,False,355.0701,"Fla. Mun. Ct., Miami Beach",Miami Beach Municipal Court,Miami Beach Municipal Court,,,1977-12-31,ST,Created as part of import of Case.Law data.,State Trial
flamunict3,flamunict,,,,,,2023-10-03T01:23:51.167Z,False,False,False,355.0702,"Fla. Mun. Ct., Miami",Miami Municipal Court,Miami Municipal Court,,,1977-12-31,ST,Created as part of import of Case.Law data.,State Trial
flamunict2,flamunict,,,,,,2023-10-03T01:23:51.174Z,False,False,False,355.0703,"Fla. Mun. Ct., Surfside",Surfside Municipal Court,Surfside Municipal Court,,,1977-12-31,ST,Created as part of import of Case.Law data.,State Trial
flajuv,,,,,,,2021-09-01T21:54:53.115Z,False,False,False,355.08,Fla. Juv. & Dom. Rel. Ct.,Florida Juvenile and Domestic Relations Court,Florida Juvenile and Domestic Relations Court,,,1972-12-31,ST,Created as part of import of Case.Law data.,State Trial
flajuv1,flajuv,,,,,,2023-10-03T01:23:51.182Z,False,False,False,355.0801,Palm Beach Cty. Juv. & Dom. Rel. Ct.,Palm Beach County Juvenile and Domestic Relations Court,Palm Beach County Juvenile and Domestic Relations Court,,,1972-12-31,ST,Created as part of import of Case.Law data.,State Trial
flapubserv,,,,,,,2021-09-01T21:54:53.115Z,False,False,False,355.09,Fla. Pub. Serv. Comm'n,Florida Public Service Commission,Florida Public Service Commission,http://www.psc.state.fl.us/,1887-01-01,,SS,Created as part of import of Case.Law data.,State Special
flaindcommn,,,,,,,2021-09-01T21:54:53.115Z,False,False,False,355.0901,Fla. Indus. Comm'n,Florida Industrial Commission,Florida Industrial Commission,,1935-01-01,1969-12-31,SS,Created as part of import of Case.Law data.,State Special
flarealestcommn,,,,,,,2021-09-01T21:54:53.115Z,False,False,False,355.0902,Fla. Real Est. Comm'n,Florida Real Estate Commission,Florida Real Estate Commission,,,,SS,Created as part of import of Case.Law data.,State Special
dadectypropbd,,,,,,,2021-09-14T19:05:21.785Z,False,False,False,355.0903,Dade Cty. Prop. Appraisal Adjmt. Bd.,Dade County Property Appraisal Adjustment Board,Dade County Property Appraisal Adjustment Board,,,,SS,,State Special
fladepthrehabil,,,,,,,2021-09-14T19:07:43.003Z,False,False,False,355.0904,Fla. Dep't. of H. Rehabil. Serv.,Florida Department of Health and Rehabilitative Services,Florida Department of Health and Rehabilitative Services,,,,SS,,State Special
jaxcivservbd,,,,,,,2021-09-14T19:10:34.399Z,False,False,False,355.0905,Jax. Civ. Serv. Bd.,Jacksonville Civil Service Board,Jacksonville Civil Service Board,,,,SS,,State Special
fladeptenvreg,,,,,,,2021-09-14T19:12:33.680Z,False,False,False,355.0906,Fla. Dep't. Env. Reg.,State of Florida Department of Environmental Regulation,State of Florida Department of Environmental Regulation,,,,SS,,State Special
fladeptrev,,,,,,,2021-09-14T19:13:05.046Z,False,False,False,355.0907,Fla. Dep't Rev.,State of Florida Department of Revenue,State of Florida Department of Revenue,,,,SS,,State Special
fladivadminhrg,,,,,,,2021-09-14T19:13:33.254Z,False,False,False,355.0908,Fla. Div. Admin. Hr'g,State of Florida Division of Administrative Hearings,State of Florida Division of Administrative Hearings,,,,SS,,State Special
flaag,,,,,,,2016-05-18T20:05:17.583Z,True,False,False,355.1,Fla. Att'y Gen.,Florida Attorney General Reports,Florida Attorney General Reports,http://www.myfloridalegal.com/,,,SAG,,State Attorney General
flacirct,,,,,,,2021-09-02T23:10:10.392Z,False,False,False,355.18,Fla. Cir. Ct.,Florida Circuit Courts,Circuit Court for the Judicial Circuits of Florida,,1973-01-01,,ST,,State Trial
ga,,,,,,,2014-08-01T17:11:53.684Z,True,True,False,355.5,Ga.,Supreme Court of Georgia,Supreme Court of Georgia,http://www.gasupreme.us/,1841-01-01,,S,Lawbox,State Supreme
gactapp,,,,,,,2016-06-29T18:08:03.334Z,True,True,False,356.0,Ga. Ct. App.,Court of Appeals of Georgia,Court of Appeals of Georgia,http://www.gaappeals.us/,1906-11-06,,SA,Lawbox,State Appellate
gaoyertermct,,,,,,,2022-02-04T15:07:03.536Z,False,False,False,356.05,,Georgia Court of Oyer and Terminer,Georgia Court of Oyer and Terminer,,,,SS,,State Special
gasuperct,,,,,,,2022-11-18T02:46:33.300Z,False,False,False,357.0,,Georgia Superior Court,Georgia Superior Court,,,,ST,Created as part of import of Case.Law data.,State Trial
gasuperctburke,gasuperct,,,,,,2023-10-03T01:23:51.189Z,False,False,False,357.001,Burke Cty. Super. Ct.,"Burke County Superior Court, Ga.","Burke County Superior Court, Ga.",,,,ST,,State Trial
gasuperctcarrol,gasuperct,,,,,,2023-10-03T01:23:51.199Z,False,False,False,357.002,Carroll Cty. Super. Ct.,"Carroll County Superior Court, Ga.","Carroll County Superior Court, Ga.",,,,ST,,State Trial
gasuperctchatha,gasuperct,,,,,,2023-10-03T01:23:51.208Z,False,False,False,357.003,Chatham Superior Court,"Chatham Superior Court, Ga.","Chatham Superior Court, Ga.",,,,ST,,State Trial
gasuperctclark,gasuperct,,,,,,2023-10-03T01:23:51.215Z,False,False,False,357.004,Clark Cty. Super. Ct.,"Clark County Superior Court, Ga.","Clark County Superior Court, Ga.",,,,ST,,State Trial
gasuperctclarke,gasuperct,,,,,,2023-10-03T01:23:51.221Z,False,False,False,357.005,Cobb Cty. Super. Ct.,"Clarke County Superior Court, Ga.","Clarke County Superior Court, Ga.",,,,ST,,State Trial
gasuperctcobb,gasuperct,,,,,,2023-10-03T01:23:51.232Z,False,False,False,357.006,Cobb Cty. Super. Ct.,"Cobb County Superior Court, Ga.","Cobb County Superior Court, Ga.",,,,ST,,State Trial
gasuperctcolumb,gasuperct,,,,,,2023-10-03T01:23:51.244Z,False,False,False,357.007,Columbia Cty. Super. Ct.,"Columbia County Superior Court, Ga.","Columbia County Superior Court, Ga.",,,,ST,,State Trial
gasuperctcoweta,gasuperct,,,,,,2023-10-03T01:23:51.255Z,False,False,False,357.008,Coweta Cty. Super. Ct.,"Coweta County Superior Court, Ga.","Coweta County Superior Court, Ga.",,,,ST,,State Trial
gasuperctdecatu,gasuperct,,,,,,2023-10-03T01:23:51.269Z,False,False,False,357.009,Decatur Cty. Super. Ct.,"Decatur County Superior Court, Ga.","Decatur County Superior Court, Ga.",,,,ST,,State Trial
gasuperctdekalb,gasuperct,,,,,,2023-10-03T01:23:51.287Z,False,False,False,357.01,DeKalb Cty. Super. Ct.,"DeKalb County Superior Court, Ga.","DeKalb County Superior Court, Ga.",,,,ST,,State Trial
gasuperctearl,gasuperct,,,,,,2023-10-03T01:23:51.303Z,False,False,False,357.011,Early Cty. Super. Ct.,"Early County Superior Court, Ga.","Early County Superior Court, Ga.",,,,ST,,State Trial
gasuperctelbert,gasuperct,,,,,,2023-10-03T01:23:51.317Z,False,False,False,357.012,Elbert Cty. Super. Ct.,"Elbert County Superior Court, Ga.","Elbert County Superior Court, Ga.",,,,ST,,State Trial
gasuperctfay,gasuperct,,,,,,2023-10-03T01:23:51.331Z,False,False,False,357.013,Fayette Super. Ct.,"Fayette Superior Court, Ga.","Fayette Superior Court, Ga.",,,,ST,,State Trial
gasuperctfrankl,gasuperct,,,,,,2023-10-03T01:23:51.343Z,False,False,False,357.014,Franklin Cty. Super. Ct.,"Franklin County Superior Court, Ga.","Franklin County Superior Court, Ga.",,,,ST,,State Trial
gasuperctgwin,gasuperct,,,,,,2023-10-03T01:23:51.359Z,False,False,False,357.015,Gwinnett Cty. Super. Ct.,"Gwinnett County Superior Court, Ga.","Gwinnett County Superior Court, Ga.",,,,ST,,State Trial
gasupercthabers,gasuperct,,,,,,2023-10-03T01:23:51.375Z,False,False,False,357.016,Habersham Cty. Super. Ct.,"Habersham County Superior Court, Ga.","Habersham County Superior Court, Ga.",,,,ST,,State Trial
gasupercthall,gasuperct,,,,,,2023-10-03T01:23:51.395Z,False,False,False,357.017,Hall Cty. Super. Ct.,"Hall County Superior Court, Ga.","Hall County Superior Court, Ga.",,,,ST,,State Trial
gasupercthancoc,gasuperct,,,,,,2023-10-03T01:23:51.408Z,False,False,False,357.018,Hancock Cty. Super. Ct.,"Hancock County Superior Court, Ga.","Hancock County Superior Court, Ga.",,,,ST,,State Trial
gasuperctharris,gasuperct,,,,,,2023-10-03T01:23:51.418Z,False,False,False,357.019,Harris Cty. Super. Ct.,"Harris County Superior Court, Ga.","Harris County Superior Court, Ga.",,,,ST,,State Trial
gasuperctheard,gasuperct,,,,,,2023-10-03T01:23:51.431Z,False,False,False,357.02,Heard Cty. Super. Ct.,"Heard County Superior Court, Ga.","Heard County Superior Court, Ga.",,,,ST,,State Trial
gasupercthous,gasuperct,,,,,,2023-10-03T01:23:51.447Z,False,False,False,357.04,Houston Superior Court,"Houston Superior Court, Ga.","Houston Superior Court, Ga.",,,,ST,Created as part of import of Case.Law data.,State Trial
gasuperctlee,gasuperct,,,,,,2023-10-03T01:23:51.463Z,False,False,False,357.041,Lee Cty. Super. Ct.,"Lee County Superior Court, Ga.","Lee County Superior Court, Ga.",,,,ST,,State Trial
gasuperctliber,gasuperct,,,,,,2023-10-03T01:23:51.476Z,False,False,False,357.042,Liberty Cty. Super. Ct.,"Liberty County Superior Court, Ga.","Liberty County Superior Court, Ga.",,,,ST,,State Trial
gasuperctlincol,gasuperct,,,,,,2023-10-03T01:23:51.487Z,False,False,False,357.043,Lincoln Cty. Super. Ct.,"Lincoln County Superior Court, Ga.","Lincoln County Superior Court, Ga.",,,,ST,,State Trial
gasuperctmacon,gasuperct,,,,,,2023-10-03T01:23:51.499Z,False,False,False,357.044,Macon Cty. Super. Ct.,"Macon County Superior Court, Ga.","Macon County Superior Court, Ga.",,,,ST,,State Trial
gasuperctmari,gasuperct,,,,,,2023-10-03T01:23:51.519Z,False,False,False,357.045,Marion Cty. Super. Ct.,"Marion County Superior Court, Ga.","Marion County Superior Court, Ga.",,,,ST,,State Trial
gasuperctmeriw,gasuperct,,,,,,2023-10-03T01:23:51.535Z,False,False,False,357.046,Meriwether Cty. Super. Ct.,"Meriwether County Superior Court, Ga.","Meriwether County Superior Court, Ga.",,,,ST,,State Trial
gasuperctmuscog,gasuperct,,,,,,2023-10-03T01:23:51.549Z,False,False,False,357.047,Muscogee Cty. Super. Ct.,"Muscogee County Superior Court, Ga.","Muscogee County Superior Court, Ga.",,,,ST,,State Trial
gasuperctogleth,gasuperct,,,,,,2023-10-03T01:23:51.557Z,False,False,False,357.048,Oglethorpe Cty. Super. Ct.,"Oglethorpe County Superior Court, Ga.","Oglethorpe County Superior Court, Ga.",,,,ST,,State Trial
gasuperctpike,gasuperct,,,,,,2023-10-03T01:23:51.569Z,False,False,False,357.07,Pike Superior Court,"Pike Superior Court, Ga.","Pike Superior Court, Ga.",,,,ST,Created as part of import of Case.Law data.,State Trial
gasuperctrand,gasuperct,,,,,,2023-10-03T01:23:51.587Z,False,False,False,357.071,Randolph Cty. Super. Ct.,"Randolph County Superior Court, Ga.","Randolph County Superior Court, Ga.",,,,ST,,State Trial
gasuperctrichm,gasuperct,,,,,,2023-10-03T01:23:51.594Z,False,False,False,357.072,Richmond Superior Court,"Richmond Superior Court, Ga.","Richmond Superior Court, Ga.",,,,ST,,State Trial
gasuperctserive,gasuperct,,,,,,2023-10-03T01:23:51.611Z,False,False,False,357.073,Seriven Cty. Super. Ct.,"Seriven County Superior Court, Ga.","Seriven County Superior Court, Ga.",,,,ST,,State Trial
gasuperctsumter,gasuperct,,,,,,2023-10-03T01:23:51.627Z,False,False,False,357.074,Sumter Cty. Super. Ct.,"Sumter County Superior Court, Ga.","Sumter County Superior Court, Ga.",,,,ST,,State Trial
gasupercttalb,gasuperct,,,,,,2023-10-03T01:23:51.635Z,False,False,False,357.075,Talbot Cty. Super. Ct.,"Talbot County Superior Court, Ga.","Talbot County Superior Court, Ga.",,,,ST,,State Trial
gasupercttallia,gasuperct,,,,,,2023-10-03T01:23:51.645Z,False,False,False,357.076,Talliaferro Cty. Super. Ct.,"Talliaferro County Superior Court, Ga.","Talliaferro County Superior Court, Ga.",,,,ST,,State Trial
gasupercttroup,gasuperct,,,,,,2023-10-03T01:23:51.659Z,False,False,False,357.077,Troup Cty. Super. Ct.,"Troup County Superior Court, Ga.","Troup County Superior Court, Ga.",,,,ST,,State Trial
gasuperctwalton,gasuperct,,,,,,2023-10-03T01:23:51.673Z,False,False,False,357.078,Walton Cty. Super. Ct.,"Walton County Superior Court, Ga.","Walton County Superior Court, Ga.",,,,ST,,State Trial
gasuperctwashin,gasuperct,,,,,,2023-10-03T01:23:51.691Z,False,False,False,357.079,Washington Cty. Super. Ct.,"Washington County Superior Court, Ga.","Washington County Superior Court, Ga.",,,,ST,,State Trial
gasuperctwilkes,gasuperct,,,,,,2023-10-03T01:23:51.707Z,False,False,False,357.08,Wilkes Cty. Super. Ct.,"Wilkes County Superior Court, Ga.","Wilkes County Superior Court, Ga.",,,,ST,,State Trial
haw,,,,,,,2013-08-14T16:46:30Z,True,True,False,359.0,Haw.,Hawaii Supreme Court,Hawaii Supreme Court,http://www.courts.state.hi.us/,1840-10-08,,S,,State Supreme
hawapp,,,,,,,2013-08-14T22:42:16Z,True,True,False,359.1,Haw. App.,Hawaii Intermediate Court of Appeals,Hawaii Intermediate Court of Appeals,http://www.courts.state.hi.us/,1979-11-06,,SA,,State Appellate
idaho,,,,,,,2013-08-14T16:46:30Z,True,True,False,359.2,Idaho,Idaho Supreme Court,Idaho Supreme Court,http://www.isc.idaho.gov/,1863-01-01,,S,,State Supreme
idahoctapp,,,,,,,2013-08-14T22:42:09Z,True,True,False,359.25,Idaho Ct. App.,Idaho Court of Appeals,Idaho Court of Appeals,http://www.isc.idaho.gov/,1982-01-04,,SA,,State Appellate
ill,,,,,,,2013-09-07T21:34:46Z,True,True,False,359.5,Ill.,Illinois Supreme Court,Illinois Supreme Court,http://www.state.il.us/court/,1841-01-01,,S,All coverage from Lawbox.,State Supreme
illappct,,,,,,,2013-08-14T22:42:02Z,True,True,False,359.6,Ill. App. Ct.,Appellate Court of Illinois,Appellate Court of Illinois,http://www.state.il.us/court/appellatecourt/,1877-01-01,,SA,,State Appellate
ilclaimsct,,,,,,,2022-11-18T02:46:33.307Z,False,False,False,359.7,,Court of Claims of Illinois,Court of Claims of Illinois,,,,ST,Created as part of import of Case.Law data.,State Trial
illcirct,,,,,,,2022-11-18T02:46:33.309Z,False,False,False,359.75,,Illinois Circuit Court,Illinois Circuit Court,,,,ST,Created as part of import of Case.Law data.,State Trial
ind,,,,,,,2013-08-14T16:46:30Z,True,True,False,360.0,Ind.,Indiana Supreme Court,Indiana Supreme Court,http://www.in.gov/judiciary/supreme/,1816-01-01,,S,,State Supreme
indctapp,,,,,,,2016-09-08T20:33:22.486Z,True,True,False,360.1,Ind. Ct. App.,Indiana Court of Appeals,Indiana Court of Appeals,http://www.in.gov/judiciary/appeals/,1891-01-01,,SA,"Created by Lawbox
Start date: http://www.in.gov/judiciary/supreme/2366.htm",State Appellate
indsuperct,,,,,,,2022-12-02T19:12:06.298Z,False,False,False,360.15,,Indiana Super. Ct.,Indiana Superior Court,,,,ST,,State Trial
indtc,,,,,,,2014-09-08T20:26:30.211Z,True,True,False,360.2,Ind. T.C.,Indiana Tax Court,Indiana Tax Court,http://www.in.gov/judiciary/tax/,,,SS,,State Special
indcirct,uscirct,,,,,,2023-10-03T01:23:51.715Z,False,False,False,360.4,,Indiana Circuit Court,Indiana Circuit Court,,1819-01-01,,F,,Federal Appellate
iowa,,,,,,,2014-08-01T18:44:06.700Z,True,True,False,360.9,Iowa,Supreme Court of Iowa,Supreme Court of Iowa,http://www.iowacourts.gov/supreme_court/,1841-01-01,,S,Lawbox,State Supreme
iowactapp,,,,,,,2014-08-01T18:44:13.293Z,True,True,False,361.0,Iowa Ct. App.,Court of Appeals of Iowa,Court of Appeals of Iowa,http://www.iowacourts.gov/court_of_appeals/,1976-07-01,,SA,Lawbox,State Appellate
kan,,,,,,,2014-08-01T19:03:19.219Z,True,True,False,362.1,Kan.,Supreme Court of Kansas,Supreme Court of Kansas,http://www.kscourts.org/kansas-courts/supreme-court/,1854-01-01,,S,Lawbox,State Supreme
kanctapp,,,,,,,2014-08-01T19:03:27.005Z,True,True,False,362.2,Kan. Ct. App.,Court of Appeals of Kansas,Court of Appeals of Kansas,http://www.kscourts.org/kansas-courts/court-of-appeals/,1977-01-10,,SA,Lawbox,State Appellate
kanag,,,,,,,2016-05-18T20:06:01.719Z,True,False,False,362.21,Kan. Att'y Gen.,Kansas Attorney General Reports,Kansas Attorney General Reports,http://ag.ks.gov/about-the-office/contact-us,,,SAG,,State Attorney General
ky,,,,,,,2014-08-08T17:26:58.771Z,True,True,False,362.25,Ky.,Kentucky Supreme Court,Kentucky Supreme Court,http://courts.ky.gov/courts/supreme/‎,1976-01-01,,S,Lawbox,State Supreme
kyctapp,,,,,,,2024-01-09T19:20:49.292Z,True,True,False,362.3,Ky. Ct. App.,Court of Appeals of Kentucky,Court of Appeals of Kentucky,http://courts.ky.gov/courts/coa/Pages/coa.aspx,1976-01-01,,SA,Lawbox,State Appellate
kyctapphigh,kyctapp,,,,,,2023-10-03T01:23:51.731Z,True,False,False,362.4,Ky. Ct. App.,Court of Appeals of Kentucky (pre-1976),Court of Appeals of Kentucky (pre-1976),http://courts.ky.gov/courts/coa/Pages/coa.aspx,1792-01-01,1975-12-31,S,Columbia,State Supreme
kycirct,,,,,,,2022-11-18T02:46:33.311Z,False,False,False,362.4201,,Kentucky Circuit Court,Kentucky Circuit Court,,,,ST,Created as part of import of Case.Law data.,State Trial
kycirct1,kycirct,,,,,,2023-10-03T01:23:51.745Z,False,False,False,362.4202,Ky. Circ. Ct.,Kentucky Circuit Court 1,Kentucky Circuit Court 1,,,,ST,Created as part of import of Case.Law data.,State Trial
kycirctballard,kycirct1,,,,,,2023-10-03T01:23:51.761Z,False,False,False,362.4203,"Ballard Circ. Ct., Ky.","Ballard Circuit Court, Kentucky","Ballard Circuit Court, Kentucky",,,,ST,Created as part of import of Case.Law data.,State Trial
kycirct6,kycirct,,,,,,2023-10-03T01:23:51.768Z,False,False,False,362.4204,,Kentucky Circuit Court 6,Kentucky Circuit Court 6,,,,ST,Created as part of import of Case.Law data.,State Trial
kycirctdaviess,kycirct6,,,,,,2023-10-03T01:23:51.787Z,False,False,False,362.4205,"Daviess Circ. Ct., Ky.","Daviess Circuit Court, Kentucky","Daviess Circuit Court, Kentucky",,,,ST,Created as part of import of Case.Law data.,State Trial
kycirct12,kycirct,,,,,,2023-10-03T01:23:51.803Z,False,False,False,362.42055,"Ky. Circ. Ct., 12",Kentucky Circuit Court 12,Kentucky Circuit Court 12,,,,ST,,State Trial
kycircthenry,kycirct12,,,,,,2023-10-03T01:23:51.819Z,False,False,False,362.42056,"Henry Circ. Ct., Ky.","Henry Circuit Court, Kentucky","Henry Circuit Court, Kentucky",,,,ST,,State Trial
kycirct16,kycirct,,,,,,2023-10-03T01:23:51.839Z,False,False,False,362.4206,,Kentucky Circuit Court 16,Kentucky Circuit Court 16,,,,ST,Created as part of import of Case.Law data.,State Trial
kycirctkenton,kycirct16,,,,,,2023-10-03T01:23:51.849Z,False,False,False,362.4207,"Kenton Circ. Ct., Ky.","Kenton Circuit Court, Kentucky","Kenton Circuit Court, Kentucky",,,,ST,Created as part of import of Case.Law data.,State Trial
kycirct17,kycirct,,,,,,2023-10-03T01:23:51.863Z,False,False,False,362.42071,"Ky. Circ. Ct., 17",Kentucky Circuit Court 17,Kentucky Circuit Court 17,,,,ST,,State Trial
kycirctcampbell,kycirct17,,,,,,2023-10-03T01:23:51.879Z,False,False,False,362.42072,"Campbell Circ. Ct., Ky.","Campbell Circuit Court, Kentucky","Campbell Circuit Court, Kentucky",,,,ST,,State Trial
kycirct20,kycirct,,,,,,2023-10-03T01:23:51.886Z,False,False,False,362.4208,,Kentucky Circuit Court 20,Kentucky Circuit Court 20,,,,ST,Created as part of import of Case.Law data.,State Trial
kycirctgreenup,kycirct20,,,,,,2023-10-03T01:23:51.892Z,False,False,False,362.4209,"Greenup Circ. Ct., Ky.","Greenup Circuit Court, Kentucky","Greenup Circuit Court, Kentucky",,,,ST,Created as part of import of Case.Law data.,State Trial
kycirct22,kycirct,,,,,,2023-10-03T01:23:51.902Z,False,False,False,362.42095,"Ky. Circ. Ct., 22",Kentucky Circuit Court 22,Kentucky Circuit Court 22,,,,ST,,State Trial
kycirctfayette,kycirct22,,,,,,2023-10-03T01:23:51.911Z,False,False,False,362.42096,"Fayette Circ. Ct., Ky.","Fayette Circuit Court, Kentucky","Fayette Circuit Court, Kentucky",,,,ST,,State Trial
kycirct24,kycirct,,,,,,2023-10-03T01:23:51.927Z,False,False,False,362.421,,Kentucky Circuit Court 24,Kentucky Circuit Court 24,,,,ST,Created as part of import of Case.Law data.,State Trial
kycirctjohnson,kycirct24,,,,,,2023-10-03T01:23:51.943Z,False,False,False,362.4211,"Johnson Circ. Ct., Ky.","Johnson Circuit Court, Kentucky","Johnson Circuit Court, Kentucky",,,,ST,Created as part of import of Case.Law data.,State Trial
kycirct26,kycirct,,,,,,2023-10-03T01:23:51.955Z,False,False,False,362.4212,,Kentucky Circuit Court 26,Kentucky Circuit Court 26,,,,ST,Created as part of import of Case.Law data.,State Trial
kycirctharlan,kycirct26,,,,,,2023-10-03T01:23:51.975Z,False,False,False,362.4213,"Harlan Circ. Ct., Ky.","Harlan Circuit Court, Kentucky","Harlan Circuit Court, Kentucky",,,,ST,Created as part of import of Case.Law data.,State Trial
kycirct27,kycirct,,,,,,2023-10-03T01:23:51.987Z,False,False,False,362.4214,,Kentucky Circuit Court 27,Kentucky Circuit Court 27,,,,ST,Created as part of import of Case.Law data.,State Trial
kycirctknox,kycirct27,,,,,,2023-10-03T01:23:51.999Z,False,False,False,362.4215,"Knox Circ. Ct., Ky.","Knox Circuit Court, Kentucky","Knox Circuit Court, Kentucky",,,,ST,Created as part of import of Case.Law data.,State Trial
kycirct31,kycirct,,,,,,2023-10-03T01:23:52.021Z,False,False,False,362.42155,"Ky. Circ. Ct., 31",Kentucky Circuit Court 31,Kentucky Circuit Court 31,,,,ST,,State Trial
kycirctfloyd,kycirct31,,,,,,2023-10-03T01:23:52.036Z,False,False,False,362.42156,"Floyd Circ. Ct., Ky.","Floyd Circuit Court, Kentucky","Floyd Circuit Court, Kentucky",,,,ST,,State Trial
kycirct32,kycirct,,,,,,2023-10-03T01:23:52.051Z,False,False,False,362.4216,,Kentucky Circuit Court 32,Kentucky Circuit Court 32,,,,ST,Created as part of import of Case.Law data.,State Trial
kycirctboyd,kycirct32,,,,,,2023-10-03T01:23:52.063Z,False,False,False,362.4217,"Boyd Circ. Ct., Ky.","Boyd Circuit Court, Kentucky","Boyd Circuit Court, Kentucky",,,,ST,Created as part of import of Case.Law data.,State Trial
kycirct38,kycirct,,,,,,2023-10-03T01:23:52.069Z,False,False,False,362.4218,,Kentucky Circuit Court 38,Kentucky Circuit Court 38,,,,ST,Created as part of import of Case.Law data.,State Trial
kycirctedmonson,kycirct38,,,,,,2023-10-03T01:23:52.079Z,False,False,False,362.4219,"Edmonson Circ. Ct., Ky.","Edmonson Circuit Court, Kentucky","Edmonson Circuit Court, Kentucky",,,,ST,Created as part of import of Case.Law data.,State Trial
kycirctbutler,kycirct38,,,,,,2023-10-03T01:23:52.087Z,False,False,False,362.42191,"Butler Circ. Ct., Ky.","Butler Circuit Court, Kentucky","Butler Circuit Court, Kentucky",,,,ST,,State Trial
kycirct41,kycirct,,,,,,2023-10-03T01:23:52.111Z,False,False,False,362.422,,Kentucky Circuit Court 41,Kentucky Circuit Court 41,,,,ST,Created as part of import of Case.Law data.,State Trial
kycirctclay,kycirct41,,,,,,2023-10-03T01:23:52.125Z,False,False,False,362.4221,"Clay Circ. Ct., Ky.","Clay Circuit Court, Kentucky","Clay Circuit Court, Kentucky",,,,ST,Created as part of import of Case.Law data.,State Trial
kycirct42,kycirct,,,,,,2023-10-03T01:23:52.139Z,False,False,False,362.4222,,Kentucky Circuit Court 42,Kentucky Circuit Court 42,,,,ST,Created as part of import of Case.Law data.,State Trial
kycirctcalloway,kycirct42,,,,,,2023-10-03T01:23:52.147Z,False,False,False,362.4223,"Calloway Circ. Ct., Ky.","Calloway Circuit Court, Kentucky","Calloway Circuit Court, Kentucky",,,,ST,Created as part of import of Case.Law data.,State Trial
kycirct44,kycirct,,,,,,2023-10-03T01:23:52.159Z,False,False,False,362.4224,,Kentucky Circuit Court 44,Kentucky Circuit Court 44,,,,ST,Created as part of import of Case.Law data.,State Trial
kycirctbell,kycirct44,,,,,,2023-10-03T01:23:52.171Z,False,False,False,362.4225,"Bell Circ. Ct., Ky.","Bell Circuit Court, Kentucky","Bell Circuit Court, Kentucky",,,,ST,Created as part of import of Case.Law data.,State Trial
kycirct48,kycirct,,,,,,2023-10-03T01:23:52.187Z,False,False,False,362.42255,"Ky. Circ. Ct., 48",Kentucky Circuit Court 48,Kentucky Circuit Court 48,,,,ST,,State Trial
kycirctfranklin,kycirct48,,,,,,2023-10-03T01:23:52.203Z,False,False,False,362.42256,"Franklin Circ. Ct., Ky.","Franklin Circuit Court, Kentucky","Franklin Circuit Court, Kentucky",,,,ST,,State Trial
kycirct50,kycirct,,,,,,2023-10-03T01:23:52.221Z,False,False,False,362.4226,,Kentucky Circuit Court 50,Kentucky Circuit Court 50,,,,ST,Created as part of import of Case.Law data.,State Trial
kycirctboyle,kycirct50,,,,,,2023-10-03T01:23:52.237Z,False,False,False,362.4227,"Boyle Circ. Ct., Ky.","Boyle Circuit Court, Kentucky","Boyle Circuit Court, Kentucky",,,,ST,Created as part of import of Case.Law data.,State Trial
kycirct51,kycirct,,,,,,2023-10-03T01:23:52.255Z,False,False,False,362.4228,,Kentucky Circuit Court 51,Kentucky Circuit Court 51,,,,ST,Created as part of import of Case.Law data.,State Trial
kycircthenderso,kycirct51,,,,,,2023-10-03T01:23:52.269Z,False,False,False,362.4229,"Henderson Circ. Ct., Ky.","Henderson Circuit Court, Kentucky","Henderson Circuit Court, Kentucky",,,,ST,Created as part of import of Case.Law data.,State Trial
kycirct54,kycirct,,,,,,2023-10-03T01:23:52.287Z,False,False,False,362.423,,Kentucky Circuit Court 54,Kentucky Circuit Court 54,,,,ST,Created as part of import of Case.Law data.,State Trial
kycirctboone,kycirct54,,,,,,2023-10-03T01:23:52.307Z,False,False,False,362.4231,"Boone Circ. Ct., Ky.","Boone Circuit Court, Kentucky","Boone Circuit Court, Kentucky",,,,ST,Created as part of import of Case.Law data.,State Trial
kycirct55,kycirct,,,,,,2023-10-03T01:23:52.323Z,False,False,False,362.4232,,Kentucky Circuit Court 55,Kentucky Circuit Court 55,,,,ST,Created as part of import of Case.Law data.,State Trial
kycirctbullitt,kycirct55,,,,,,2023-10-03T01:23:52.339Z,False,False,False,362.4233,"Bullitt Circ. Ct., Ky.","Bullitt Circuit Court, Kentucky","Bullitt Circuit Court, Kentucky",,,,ST,Created as part of import of Case.Law data.,State Trial
kycirct56,kycirct,,,,,,2023-10-03T01:23:52.355Z,False,False,False,362.4234,,Kentucky Circuit Court 56,Kentucky Circuit Court 56,,,,ST,Created as part of import of Case.Law data.,State Trial
kycirctlivingst,kycirct56,,,,,,2023-10-03T01:23:52.368Z,False,False,False,362.4235,"Livingston Circ. Ct., Ky.","Livingston Circuit Court, Kentucky","Livingston Circuit Court, Kentucky",,,,ST,Created as part of import of Case.Law data.,State Trial
la,,,,,,,2014-07-17T14:08:09.249Z,True,True,False,362.5,La.,Supreme Court of Louisiana,Supreme Court of Louisiana,http://www.lasc.org/,1813-01-01,,S,Lawbox,State Supreme
lacterrapp,,,,,,,2022-11-18T02:46:33.386Z,False,False,False,362.502,,Louisiana Court of Errors and Appeals,Louisiana Court of Errors and Appeals,,1843-01-01,1846-12-31,SA,Created as part of import of Case.Law data.,State Appellate
usprovctla,,,,,,,2022-12-15T18:01:59.916Z,False,False,False,362.503,,United States Provisional Court for the State of Louisiana,United States Provisional Court for the State of Louisiana,,,,FS,,Federal Special
lactapp,,,,,,,2024-01-09T19:21:19.627Z,True,True,False,362.51,La. Ct. App.,Louisiana Court of Appeal,Louisiana Court of Appeal,http://louisiana.gov/Government/Judicial_Branch/#courtsofappeal,1879-01-01,,SA,Lawbox,State Appellate
lasuperct,,,,,,,2022-02-04T15:07:03.549Z,False,False,False,362.511,,Superior Court of Louisiana,Superior Court of Louisiana,,,,ST,,State Trial
laag,,,,,,,2016-05-18T20:06:50.981Z,True,False,False,362.52,La. Att'y Gen.,Louisiana Attorney General Reports,Louisiana Attorney General Reports,https://www.ag.state.la.us/,,,SAG,,State Attorney General
me,,,,,,,2025-02-26T18:01:21.453Z,True,True,False,362.55,Me.,Supreme Judicial Court of Maine,Supreme Judicial Court of Maine,http://www.courts.state.me.us/maine_courts/supreme/,1830-01-01,,S,Lawbox,State Supreme
mesuperct,,,,,,,2023-12-29T00:48:23.212Z,True,True,False,362.56,Me. Super. Ct,Maine Superior,Superior Court of Maine,,,,ST,,State Trial
md,,,,,,,2014-06-27T20:56:30.713Z,True,True,False,362.6,Md.,Court of Appeals of Maryland,Court of Appeals of Maryland,http://www.courts.state.md.us/coappeals/,1841-01-01,,S,Lawbox,State Supreme
mdctspecapp,,,,,,,2014-06-27T20:56:43.423Z,True,True,False,362.61,Md. Ct. Spec. App.,Court of Special Appeals of Maryland,Court of Special Appeals of Maryland,http://www.courts.state.md.us/cosappeals/,1967-01-01,,SA,Lawbox,State Appellate
mdch,,,,,,,2024-07-25T15:24:00.083Z,True,False,False,362.64,Md. Ch.,Maryland Chancery Ct,High Court of Chancery of Maryland,,,1854-06-04,SA,,State Appellate
mdgenct,,,,,,,2022-12-19T22:23:12.596Z,False,False,False,362.65,Gen. Ct. Md.,General Court of Maryland,General Court of Maryland,,1778-01-01,1805-12-31,SS,,State Special
mdag,,,,,,,2024-01-09T19:21:41.409Z,True,True,False,362.7,Md. Att'y Gen.,Maryland Attorney General Reports,Maryland Attorney General Reports,https://www.oag.state.md.us/,,,SAG,,State Attorney General
mdcirctctbalt,,,,,,,2022-12-15T18:01:59.533Z,False,False,False,362.71,,Baltimore City Circuit Court,Baltimore City Circuit Court,,,,ST,,State Trial
mdcityctbalt,,,,,,,2022-12-15T18:01:59.538Z,False,False,False,362.72,,Baltimore City Court,Baltimore City Court,,,,ST,,State Trial
mdorphanctbalt,,,,,,,2022-12-15T18:01:59.544Z,False,False,False,362.73,,Baltimore City Orphans' Court,Baltimore City Orphans' Court,,,,ST,,State Trial
mdsuperctbalt,,,,,,,2022-12-15T18:01:59.549Z,False,False,False,362.74,,Baltimore City Superior Court,Baltimore City Superior Court,,,,ST,,State Trial
supbenbaltcty,,,,,,,2022-12-15T18:01:59.554Z,False,False,False,362.75,,Supreme Bench of Baltimore City,Supreme Bench of Baltimore City,,,,ST,,State Trial
mass,,,,,,,2014-07-17T14:48:51.797Z,True,True,False,362.99,Mass.,Massachusetts Supreme Judicial Court,Massachusetts Supreme Judicial Court,http://www.mass.gov/courts/sjc/,1692-01-01,,S,,State Supreme
massappct,,,,,,,2014-07-17T14:49:06.297Z,True,True,False,363.0,Mass. App. Ct.,Massachusetts Appeals Court,Massachusetts Appeals Court,http://www.mass.gov/courts/appealscourt/,1972-10-06,,SA,,State Appellate
massdistctapp,,,,,,,2022-11-29T17:03:37.251Z,False,False,False,363.1,"Mass. Dist. Ct., App. Div.","Mass. Dist. Ct., App. Div.","Massachusetts District Court, Appellate Division",,,,SA,,State Appellate
masssuperct,,,,,,,2016-04-21T18:46:47.734Z,True,False,False,364.0,Mass. Super. Ct.,Massachusetts Superior Court,Massachusetts Superior Court,http://www.mass.gov/courts/court-info/trial-court/sc/,,,SA,,State Appellate
masssuperctbarn,masssuperct,,,,,,2023-10-03T01:23:52.387Z,False,False,False,364.001,Barnstable Mass. Super. Ct.,"Massachusetts Superior Court, Barnstable County","Massachusetts Superior Court, Barnstable County",,,,ST,,State Trial
masssuperctberk,masssuperct,,,,,,2023-10-03T01:23:52.403Z,False,False,False,364.002,Berkshire Mass. Super. Ct.,"Massachusetts Superior Court, Berkshire County","Massachusetts Superior Court, Berkshire County",,,,ST,,State Trial
masssuperctsuff,masssuperct,,,,,,2023-10-03T01:23:52.411Z,False,False,False,364.006,Suffolk Mass. Super. Ct.,"Massachusetts Superior Court, Suffolk County","Massachusetts Superior Court, Suffolk County",,,,ST,,State Trial
massdistct,,,,,,,2016-04-21T18:46:28.110Z,True,False,False,364.1,Mass. Dist. Ct.,Massachusetts District Court,Massachusetts District Court,http://www.mass.gov/courts/court-info/trial-court/dc/,,,SA,,State Appellate
massdistctbos,massdistct,,,,,,2023-10-03T01:23:52.423Z,False,False,False,364.1001,,Boston Municipal Court,Boston Municipal Court,,,,ST,,State Trial
massdistctbrook,massdistct,,,,,,2023-10-03T01:23:52.443Z,False,False,False,364.105,,Brookline District Court,Brookline District Court,,,,ST,Created as part of import of Case.Law data.,State Trial
mahousct,,,,,,,2022-11-18T02:46:33.390Z,False,False,False,364.2,Mass. Hous. Ct.,Massachusetts Housing Court,Massachusetts Housing Court,,,,ST,Created as part of import of Case.Law data.,State Trial
massland,,,,,,,2022-11-18T02:46:33.393Z,False,False,False,364.21,,Massachusetts Land Court,Massachusetts Land Court,,,,ST,Created as part of import of Case.Law data.,State Trial
maprobct,,,,,,,2022-11-18T02:46:33.395Z,False,False,False,364.22,Mass. Prob. Fam. Ct.,Massachusetts Probate and Family Court,Massachusetts Probate and Family Court,,,,ST,Created as part of import of Case.Law data.,State Trial
masslandct,,,,,,,2022-01-05T17:22:10.583Z,True,True,False,364.3,,Massachusetts Land Court,Massachusetts Land Court,,,,SS,,State Special
masstaxbd,,,,,,,2022-11-18T02:50:58.882Z,False,False,False,364.35,Mass. App. Tax. Bd.,Massachusetts Appellate Tax Board,Massachusetts Appellate Tax Board,,,,SA,Created as part of import of Case.Law data.,State Appellate
masshserep,,,,,,,2022-11-18T02:50:58.885Z,False,False,False,364.37,Mass. House of Rep.,Massachusetts House of Representatives,Massachusetts House of Representatives,,,,SS,Created as part of import of Case.Law data.,State Special
maworkcompcom,,,,,,,2016-05-18T19:03:43.626Z,True,False,False,364.5,Mass. Dep't Indus. Accid.,Massachusetts Department of Industrial Accidents,Massachusetts Department of Industrial Accidents,http://www.mass.gov/lwd/workers-compensation/,,,SS,,State Special
mich,,,,,,,2013-08-14T16:46:30Z,True,True,False,365.0,Mich.,Michigan Supreme Court,Michigan Supreme Court,http://courts.mi.gov/,1837-01-01,,S,,State Supreme
michctapp,,,,,,,2024-01-09T19:22:00.098Z,True,True,False,365.1,Mich. Ct. App.,Michigan Court of Appeals,Michigan Court of Appeals,http://courts.mi.gov/courts/coa/pages/default.aspx,1964-01-01,,SA,Lawbox,State Appellate
michchanct,,,,,,,2024-07-24T14:13:01.673Z,False,False,False,365.115,,Michigan Court of Chancery,Michigan Court of Chancery,,1836-01-01,1847-12-31,SA,,State Appellate
michsuperct,,,,,,,2022-12-15T18:01:59.567Z,False,False,False,365.12,Mich. Super. Ct.,Michigan Superior Courts,Michigan Superior Courts,,,,ST,,State Trial
michsuperctdetr,michsuperct,,,,,,2023-10-03T01:23:52.456Z,False,False,False,365.121,"Mich. Super. Ct., Detroit","Michigan Superior Court, Detroit","Michigan Superior Court, Detroit",,,,ST,,State Trial
michsuperctgrap,michsuperct,,,,,,2023-10-03T01:23:52.475Z,False,False,False,365.122,"Mich. Super. Ct., Grand Rapids","Michigan Superior Court, Grand Rapids","Michigan Superior Court, Grand Rapids",,,,ST,,State Trial
micirct,,,,,,,2022-11-18T02:50:58.887Z,False,False,False,365.15,Michigan Cir. Ct.,Michigan Circuit Court,Michigan Circuit Court,,,,ST,Created as part of import of Case.Law data.,State Trial
micirct1,micirct,,,,,,2023-10-03T01:23:52.491Z,False,False,False,365.1729,"Mich. Cir. Ct., 1st Cir.",Circuit Court of the 1st Circuit of Michigan,Circuit Court of the 1st Circuit of Michigan,,,,ST,,State Trial
micirct2,micirct,,,,,,2023-10-03T01:23:52.511Z,False,False,False,365.173,"Mich. Cir. Ct., 2nd Cir.",Circuit Court of the 2nd Circuit of Michigan,Circuit Court of the 2nd Circuit of Michigan,,,,ST,,State Trial
micirct3,micirct,,,,,,2023-10-03T01:23:52.527Z,False,False,False,365.1731,"Mich. Cir. Ct., 3rd Cir.",Circuit Court of the 3rd Circuit of Michigan,Circuit Court of the 3rd Circuit of Michigan,,,,ST,,State Trial
micirct4,micirct,,,,,,2023-10-03T01:23:52.543Z,False,False,False,365.1732,"Mich. Cir. Ct., 4th Cir.",Circuit Court of the 4th Circuit of Michigan,Circuit Court of the 4th Circuit of Michigan,,,,ST,,State Trial
micirct5,micirct,,,,,,2023-10-03T01:23:52.552Z,False,False,False,365.1733,"Mich. Cir. Ct., 5th Cir.",Circuit Court of the 5th Circuit of Michigan,Circuit Court of the 5th Circuit of Michigan,,,,ST,,State Trial
micirct6,micirct,,,,,,2023-10-03T01:23:52.567Z,False,False,False,365.1734,"Mich. Cir. Ct., 6th Cir.",Circuit Court of the 6th Circuit of Michigan,Circuit Court of the 6th Circuit of Michigan,,,,ST,,State Trial
micirct7,micirct,,,,,,2023-10-03T01:23:52.575Z,False,False,False,365.1735,"Mich. Cir. Ct., 7th Cir.",Circuit Court of the 7th Circuit of Michigan,Circuit Court of the 7th Circuit of Michigan,,,,ST,,State Trial
micirct8,micirct,,,,,,2023-10-03T01:23:52.583Z,False,False,False,365.1736,"Mich. Cir. Ct., 8th Cir.",Circuit Court of the 8th Circuit of Michigan,Circuit Court of the 8th Circuit of Michigan,,,,ST,,State Trial
micirct9,micirct,,,,,,2023-10-03T01:23:52.589Z,False,False,False,365.1737,"Mich. Cir. Ct., 9th Cir.",Circuit Court of the 9th Circuit of Michigan,Circuit Court of the 9th Circuit of Michigan,,,,ST,,State Trial
micirct10,micirct,,,,,,2023-10-03T01:23:52.603Z,False,False,False,365.1738,"Mich. Cir. Ct., 10th Cir.",Circuit Court of the 10th Circuit of Michigan,Circuit Court of the 10th Circuit of Michigan,,,,ST,,State Trial
micirct11,micirct,,,,,,2023-10-03T01:23:52.619Z,False,False,False,365.1739,"Mich. Cir. Ct., 11th Cir.",Circuit Court of the 11th Circuit of Michigan,Circuit Court of the 11th Circuit of Michigan,,,,ST,,State Trial
micirct12,micirct,,,,,,2023-10-03T01:23:52.635Z,False,False,False,365.174,"Mich. Cir. Ct., 12th Cir.",Circuit Court of the 12th Circuit of Michigan,Circuit Court of the 12th Circuit of Michigan,,,,ST,,State Trial
micirct13,micirct,,,,,,2023-10-03T01:23:52.642Z,False,False,False,365.1741,"Mich. Cir. Ct., 13th Cir.",Circuit Court of the 13th Circuit of Michigan,Circuit Court of the 13th Circuit of Michigan,,,,ST,,State Trial
micirct14,micirct,,,,,,2023-10-03T01:23:52.651Z,False,False,False,365.1742,"Mich. Cir. Ct., 14th Cir.",Circuit Court of the 14th Circuit of Michigan,Circuit Court of the 14th Circuit of Michigan,,,,ST,,State Trial
micirct15,micirct,,,,,,2023-10-03T01:23:52.663Z,False,False,False,365.1743,"Mich. Cir. Ct., 15th Cir.",Circuit Court of the 15th Circuit of Michigan,Circuit Court of the 15th Circuit of Michigan,,,,ST,,State Trial
micirct16,micirct,,,,,,2023-10-03T01:23:52.675Z,False,False,False,365.1744,"Mich. Cir. Ct., 16th Cir.",Circuit Court of the 16th Circuit of Michigan,Circuit Court of the 16th Circuit of Michigan,,,,ST,,State Trial
micirct17,micirct,,,,,,2023-10-03T01:23:52.681Z,False,False,False,365.1745,"Mich. Cir. Ct., 17th Cir.",Circuit Court of the 17th Circuit of Michigan,Circuit Court of the 17th Circuit of Michigan,,,,ST,,State Trial
micirct18,micirct,,,,,,2023-10-03T01:23:52.687Z,False,False,False,365.1746,"Mich. Cir. Ct., 18th Cir.",Circuit Court of the 18th Circuit of Michigan,Circuit Court of the 18th Circuit of Michigan,,,,ST,,State Trial
micirct19,micirct,,,,,,2023-10-03T01:23:52.700Z,False,False,False,365.1747,"Mich. Cir. Ct., 19th Cir.",Circuit Court of the 19th Circuit of Michigan,Circuit Court of the 19th Circuit of Michigan,,,,ST,,State Trial
micirct20,micirct,,,,,,2023-10-03T01:23:52.723Z,False,False,False,365.1748,"Mich. Cir. Ct., 20th Cir.",Circuit Court of the 20th Circuit of Michigan,Circuit Court of the 20th Circuit of Michigan,,,,ST,,State Trial
micirct21,micirct,,,,,,2023-10-03T01:23:52.739Z,False,False,False,365.1749,"Mich. Cir. Ct., 21st Cir.",Circuit Court of the 21st Circuit of Michigan,Circuit Court of the 21st Circuit of Michigan,,,,ST,,State Trial
micirct22,micirct,,,,,,2023-10-03T01:23:52.750Z,False,False,False,365.175,"Mich. Cir. Ct., 22nd Cir.",Circuit Court of the 22nd Circuit of Michigan,Circuit Court of the 22nd Circuit of Michigan,,,,ST,,State Trial
micirct23,micirct,,,,,,2023-10-03T01:23:52.757Z,False,False,False,365.1751,"Mich. Cir. Ct., 23rd Cir.",Circuit Court of the 23rd Circuit of Michigan,Circuit Court of the 23rd Circuit of Michigan,,,,ST,,State Trial
micirct24,micirct,,,,,,2023-10-03T01:23:52.764Z,False,False,False,365.1752,"Mich. Cir. Ct., 24th Cir.",Circuit Court of the 24th Circuit of Michigan,Circuit Court of the 24th Circuit of Michigan,,,,ST,,State Trial
micirct25,micirct,,,,,,2023-10-03T01:23:52.770Z,False,False,False,365.1753,"Mich. Cir. Ct., 25th Cir.",Circuit Court of the 25th Circuit of Michigan,Circuit Court of the 25th Circuit of Michigan,,,,ST,,State Trial
micirct26,micirct,,,,,,2023-10-03T01:23:52.783Z,False,False,False,365.1754,"Mich. Cir. Ct., 26th Cir.",Circuit Court of the 26th Circuit of Michigan,Circuit Court of the 26th Circuit of Michigan,,,,ST,,State Trial
micirct27,micirct,,,,,,2023-10-03T01:23:52.793Z,False,False,False,365.1755,"Mich. Cir. Ct., 27th Cir.",Circuit Court of the 27th Circuit of Michigan,Circuit Court of the 27th Circuit of Michigan,,,,ST,,State Trial
micirct28,micirct,,,,,,2023-10-03T01:23:52.813Z,False,False,False,365.1756,"Mich. Cir. Ct., 28th Cir.",Circuit Court of the 28th Circuit of Michigan,Circuit Court of the 28th Circuit of Michigan,,,,ST,,State Trial
micirct29,micirct,,,,,,2023-10-03T01:23:52.831Z,False,False,False,365.1757,"Mich. Cir. Ct., 29th Cir.",Circuit Court of the 29th Circuit of Michigan,Circuit Court of the 29th Circuit of Michigan,,,,ST,,State Trial
micirct30,micirct,,,,,,2023-10-03T01:23:52.844Z,False,False,False,365.1758,"Mich. Cir. Ct., 30th Cir.",Circuit Court of the 30th Circuit of Michigan,Circuit Court of the 30th Circuit of Michigan,,,,ST,,State Trial
micirct31,micirct,,,,,,2023-10-03T01:23:52.851Z,False,False,False,365.1759,"Mich. Cir. Ct., 31st Cir.",Circuit Court of the 31st Circuit of Michigan,Circuit Court of the 31st Circuit of Michigan,,,,ST,,State Trial
micirct32,micirct,,,,,,2023-10-03T01:23:52.857Z,False,False,False,365.176,"Mich. Cir. Ct., 32nd Cir.",Circuit Court of the 32nd Circuit of Michigan,Circuit Court of the 32nd Circuit of Michigan,,,,ST,,State Trial
micirct33,micirct,,,,,,2023-10-03T01:23:52.867Z,False,False,False,365.1761,"Mich. Cir. Ct., 33rd Cir.",Circuit Court of the 33rd Circuit of Michigan,Circuit Court of the 33rd Circuit of Michigan,,,,ST,,State Trial
micirct34,micirct,,,,,,2023-10-03T01:23:52.883Z,False,False,False,365.1762,"Mich. Cir. Ct., 34th Cir.",Circuit Court of the 34th Circuit of Michigan,Circuit Court of the 34th Circuit of Michigan,,,,ST,,State Trial
micirct35,micirct,,,,,,2023-10-03T01:23:52.892Z,False,False,False,365.1763,"Mich. Cir. Ct., 35th Cir.",Circuit Court of the 35th Circuit of Michigan,Circuit Court of the 35th Circuit of Michigan,,,,ST,,State Trial
micirct36,micirct,,,,,,2023-10-03T01:23:52.907Z,False,False,False,365.1764,"Mich. Cir. Ct., 36th Cir.",Circuit Court of the 36th Circuit of Michigan,Circuit Court of the 36th Circuit of Michigan,,,,ST,,State Trial
micirct37,micirct,,,,,,2023-10-03T01:23:52.927Z,False,False,False,365.1765,Mich. 37th Cir.,Circuit Court of the 37th Circuit of Michigan,Circuit Court of the 37th Circuit of Michigan,,,,ST,,State Trial
micirct38,micirct,,,,,,2023-10-03T01:23:52.940Z,False,False,False,365.1766,"Mich. Cir. Ct., 38th Cir.",Circuit Court of the 38th Circuit of Michigan,Circuit Court of the 38th Circuit of Michigan,,,,ST,,State Trial
micirct39,micirct,,,,,,2023-10-03T01:23:52.947Z,False,False,False,365.1767,"Mich. Cir. Ct., 39th Cir.",Circuit Court of the 39th Circuit of Michigan,Circuit Court of the 39th Circuit of Michigan,,,,ST,,State Trial
micirct40,micirct,,,,,,2023-10-03T01:23:52.963Z,False,False,False,365.1768,"Mich. Cir. Ct., 40th Cir.",Circuit Court of the 40th Circuit of Michigan,Circuit Court of the 40th Circuit of Michigan,,,,ST,,State Trial
micirct41,micirct,,,,,,2023-10-03T01:23:52.979Z,False,False,False,365.1769,"Mich. Cir. Ct., 41st Cir.",Circuit Court of the 41st Circuit of Michigan,Circuit Court of the 41st Circuit of Michigan,,,,ST,,State Trial
micirct42,micirct,,,,,,2023-10-03T01:23:52.988Z,False,False,False,365.177,"Mich. Cir. Ct., 42nd Cir.",Circuit Court of the 42nd Circuit of Michigan,Circuit Court of the 42nd Circuit of Michigan,,,,ST,,State Trial
micirct43,micirct,,,,,,2023-10-03T01:23:52.995Z,False,False,False,365.1771,"Mich. Cir. Ct., 43rd Cir.",Circuit Court of the 43rd Circuit of Michigan,Circuit Court of the 43rd Circuit of Michigan,,,,ST,,State Trial
micirct44,micirct,,,,,,2023-10-03T01:23:53.007Z,False,False,False,365.1772,"Mich. Cir. Ct., 44th Cir.",Circuit Court of the 44th Circuit of Michigan,Circuit Court of the 44th Circuit of Michigan,,,,ST,,State Trial
micirct45,micirct,,,,,,2023-10-03T01:23:53.014Z,False,False,False,365.1773,"Mich. Cir. Ct., 45th Cir.",Circuit Court of the 45th Circuit of Michigan,Circuit Court of the 45th Circuit of Michigan,,,,ST,,State Trial
micirct46,micirct,,,,,,2023-10-03T01:23:53.031Z,False,False,False,365.1774,"Mich. Cir. Ct., 46th Cir.",Circuit Court of the 46th Circuit of Michigan,Circuit Court of the 46th Circuit of Michigan,,,,ST,,State Trial
micirct47,micirct,,,,,,2023-10-03T01:23:53.047Z,False,False,False,365.1775,"Mich. Cir. Ct., 47th Cir.",Circuit Court of the 47th Circuit of Michigan,Circuit Court of the 47th Circuit of Michigan,,,,ST,,State Trial
micirct48,micirct,,,,,,2023-10-03T01:23:53.056Z,False,False,False,365.1776,"Mich. Cir. Ct., 48th Cir.",Circuit Court of the 48th Circuit of Michigan,Circuit Court of the 48th Circuit of Michigan,,,,ST,,State Trial
micirct49,micirct,,,,,,2023-10-03T01:23:53.062Z,False,False,False,365.1777,"Mich. Cir. Ct., 49th Cir.",Circuit Court of the 49th Circuit of Michigan,Circuit Court of the 49th Circuit of Michigan,,,,ST,,State Trial
micirct50,micirct,,,,,,2023-10-03T01:23:53.079Z,False,False,False,365.1778,"Mich. Cir. Ct., 50th Cir.",Circuit Court of the 50th Circuit of Michigan,Circuit Court of the 50th Circuit of Michigan,,,,ST,,State Trial
micirct51,micirct,,,,,,2023-10-03T01:23:53.092Z,False,False,False,365.1779,"Mich. Cir. Ct., 51st Cir.",Circuit Court of the 51st Circuit of Michigan,Circuit Court of the 51st Circuit of Michigan,,,,ST,,State Trial
micirct52,micirct,,,,,,2023-10-03T01:23:53.103Z,False,False,False,365.178,"Mich. Cir. Ct., 52nd Cir.",Circuit Court of the 52nd Circuit of Michigan,Circuit Court of the 52nd Circuit of Michigan,,,,ST,,State Trial
micirct53,micirct,,,,,,2023-10-03T01:23:53.111Z,False,False,False,365.1781,"Mich. Cir. Ct., 53rd Cir.",Circuit Court of the 53rd Circuit of Michigan,Circuit Court of the 53rd Circuit of Michigan,,,,ST,,State Trial
micirct54,micirct,,,,,,2023-10-03T01:23:53.123Z,False,False,False,365.1782,"Mich. Cir. Ct., 54th Cir.",Circuit Court of the 54th Circuit of Michigan,Circuit Court of the 54th Circuit of Michigan,,,,ST,,State Trial
micirct55,micirct,,,,,,2023-10-03T01:23:53.139Z,False,False,False,365.1783,"Mich. Cir. Ct., 55th Cir.",Circuit Court of the 55th Circuit of Michigan,Circuit Court of the 55th Circuit of Michigan,,,,ST,,State Trial
micirct56,micirct,,,,,,2023-10-03T01:23:53.155Z,False,False,False,365.1784,"Mich. Cir. Ct., 56th Cir.",Circuit Court of the 56th Circuit of Michigan,Circuit Court of the 56th Circuit of Michigan,,,,ST,,State Trial
micirct57,micirct,,,,,,2023-10-03T01:23:53.171Z,False,False,False,365.1785,"Mich. Cir. Ct., 57th Cir.",Circuit Court of the 57th Circuit of Michigan,Circuit Court of the 57th Circuit of Michigan,,,,ST,,State Trial
michrecdetroit,,,,,,,2022-12-15T18:01:59.561Z,False,False,False,365.18,Detroit Recorder's Court,Detroit Recorder's Court,Detroit Recorder's Court,,,,SS,,State Special
minn,,,,,,,2014-07-11T20:23:28.935Z,True,True,False,365.2,Minn.,Supreme Court of Minnesota,Supreme Court of Minnesota,http://www.mncourts.gov/?page=550,1858-05-24,,S,Lawbox,State Supreme
minnctapp,,,,,,,2016-09-08T20:39:34.850Z,True,True,False,365.3,Minn. Ct. App.,Court of Appeals of Minnesota,Court of Appeals of Minnesota,http://www.mncourts.gov/?page=551,1983-11-01,,SA,"Created by Lawbox
Start date: http://www.mncourts.gov/CourtOfAppeals.aspx",State Appellate
minnag,,,,,,,2017-02-01T17:56:35.255Z,True,True,False,365.4,Minn. Att'y Gen.,Minnesota Attorney General Reports,Minnesota Attorney General Reports,http://www.ag.state.mn.us/office/opinions/DATE.asp,,,SAG,,State Attorney General
miss,,,,,,,2024-01-26T01:09:52.052Z,True,False,False,366.0,Miss.,Mississippi Supreme Court,Mississippi Supreme Court,http://courts.ms.gov/appellate_courts/sc/sc.html,1841-01-01,,S,,State Supreme
missctapp,,,,,,,2013-09-09T06:27:05Z,True,False,False,366.01,Miss. Ct. App.,Court of Appeals of Mississippi,Court of Appeals of Mississippi,http://courts.ms.gov/appellate_courts/coa/coa.html,1995-01-01,,SA,Lawbox,State Appellate
misschanceryct,,,,,,,2022-12-15T18:01:59.583Z,False,False,False,366.02,Miss. Chanc. Ct.,Mississippi Chancery Courts,Mississippi Chancery Courts,,,,ST,,State Trial
mo,,,,,,,2024-01-26T01:10:18.802Z,True,False,False,366.04,Mo.,Supreme Court of Missouri,Supreme Court of Missouri,http://www.courts.mo.gov/page.jsp?id=27,1821-01-01,,S,Lawbox,State Supreme
moctapp,,,,,,,2024-01-26T01:10:23.394Z,True,False,False,366.05,Mo. Ct. App.,Missouri Court of Appeals,Missouri Court of Appeals,http://www.courts.mo.gov/page.jsp?id=261,1820-01-01,,SA,Lawbox,State Appellate
moctapped,moctapp,,,,,,2024-06-18T14:46:56.619Z,False,False,False,366.052,,"Mo. Ct. of App, East. Dist.","Missouri Court of Appeals, Eastern District",,,,SA,,State Appellate
moctappsd,moctapp,,,,,,2024-06-18T14:48:03.904Z,False,False,False,366.054,,"Mo. Ct. App., So. Dist.","Missouri Court of Appeals, Southern District",,,,SA,,State Appellate
moctappwd,moctapp,,,,,,2024-06-18T14:48:49.376Z,False,False,False,366.056,,"Mo. Ct. App., West. Dist.","Missouri Court of Appeals, Western District",,,,SA,,State Appellate
moag,,,,,,,2016-05-18T20:09:20.073Z,True,False,False,366.06,Mo. Att'y Gen.,Missouri Attorney General Reports,Missouri Attorney General Reports,https://www.ago.mo.gov/,,,SAG,,State Attorney General
mont,,,,,,,2013-08-14T16:46:30Z,True,True,False,366.1,Mont.,Montana Supreme Court,Montana Supreme Court,http://courts.mt.gov/supreme/default.mcpx,1864-01-01,,S,,State Supreme
monttc,,,,,,,2016-06-29T18:20:40.217Z,True,False,False,366.12,Mont.T.A.B.,Montana Tax Appeal Board,Montana Tax Appeal Board,http://mtab.mt.gov/,,,SS,Columbia,State Special
montag,,,,,,,2016-05-18T20:16:36.397Z,True,False,False,366.15,Mont. Att'y Gen.,Montana Attorney General Reports,Montana Attorney General Reports,https://dojmt.gov/,,,SAG,,State Attorney General
neb,,,,,,,2019-08-24T04:10:38.352Z,True,True,False,366.2,Neb.,Nebraska Supreme Court,Nebraska Supreme Court,http://supremecourt.ne.gov/,1854-01-01,,S,,State Supreme
nebctapp,,,,,,,2013-08-14T22:43:28Z,True,True,False,366.25,Neb. Ct. App.,Nebraska Court of Appeals,Nebraska Court of Appeals,http://supremecourt.ne.gov/,1991-11-06,,SA,,State Appellate
nebag,,,,,,,2016-05-18T20:10:01.050Z,True,False,False,366.3,Neb. Att'y Gen.,Nebraska Attorney General Reports,Nebraska Attorney General Reports,https://ago.nebraska.gov/,,,SAG,,State Attorney General
nev,,,,,,,2013-08-14T16:46:30Z,True,True,False,366.5,Nev.,Nevada Supreme Court,Nevada Supreme Court,http://www.nevadajudiciary.us/index.php/supremecourt,1864-01-01,,S,,State Supreme
nevapp,,,,,,,2023-12-26T16:23:32.880Z,True,True,False,366.51,Nev.,Court of Appeals of Nevada,Court of Appeals of Nevada,,,,SA,Created as part of import of Case.Law data.,State Appellate
nh,,,,,,,2014-07-02T20:37:51.009Z,True,True,False,366.52,N.H.,Supreme Court of New Hampshire,Supreme Court of New Hampshire,http://www.courts.state.nh.us/supreme/,1776-01-01,,S,Lawbox,State Supreme
privycoun,,,,,,,2023-10-02T15:46:26.423Z,False,False,False,366.5225,,Committee of the Privy Council,Committee of the Privy Council,,,,ST,,State Trial
nhprivycounnh,privycoun,,,,,,2023-10-03T01:23:53.187Z,False,False,False,366.525,New Hampshire Committee of the Privy Council,New Hampshire Committee of the Privy Council,New Hampshire Committee of the Privy Council,,,,SS,Created as part of import of Case.Law data.,State Special
nhsuperct,,,,,,,2022-11-18T02:50:58.893Z,False,False,False,366.53,,Superior Court of New Hampshire,Superior Court of New Hampshire,,1629-01-01,1776-07-03,ST,Created as part of import of Case.Law data.,State Trial
nj,,,,,,,2013-09-09T01:34:43Z,True,True,False,366.55,N.J.,Supreme Court of New Jersey,Supreme Court of New Jersey,http://www.judiciary.state.nj.us/supreme/,1776-01-01,,S,"Lawbox, Scraper added 2013-08-11",State Supreme
njsuperctappdiv,,,,,,,2023-10-02T15:36:39.660Z,True,True,False,366.6,N.J. Super. Ct. App. Div.,New Jersey Superior Court App Division,New Jersey Superior Court Appellate Division,http://www.judiciary.state.nj.us/appdiv/index.htm,,,SA,Scraper created 2013-08-13,State Appellate
njsuper,,,,,,,2022-11-18T02:50:58.895Z,False,False,False,366.601,,New Jersey Superior Court,New Jersey Superior Court,,,,ST,Created as part of import of Case.Law data.,State Trial
njsuperatlantic,njsuper,,,,,,2023-10-03T01:23:53.207Z,False,False,False,366.602,Atlantic Cty. Super. Ct.,Atlantic County Superior Court,Atlantic County Superior Court,,,,ST,Created as part of import of Case.Law data.,State Trial
njsuperbergen,njsuper,,,,,,2023-10-03T01:23:53.220Z,False,False,False,366.603,Bergen Cty. Super. Ct.,Bergen County Superior Court,Bergen County Superior Court,,,,ST,Created as part of import of Case.Law data.,State Trial
njsuperburlingt,njsuper,,,,,,2023-10-03T01:23:53.226Z,False,False,False,366.604,Burlington Cty. Super. Ct.,Burlington County Superior Court,Burlington County Superior Court,,,,ST,Created as part of import of Case.Law data.,State Trial
njsupercamden,njsuper,,,,,,2023-10-03T01:23:53.236Z,False,False,False,366.605,Camden Cty. Super. Ct.,Camden County Superior Court,Camden County Superior Court,,,,ST,Created as part of import of Case.Law data.,State Trial
njsupercapemay,njsuper,,,,,,2023-10-03T01:23:53.243Z,False,False,False,366.606,Cape May Cty. Super. Ct.,Cape May County Superior Court,Cape May County Superior Court,,,,ST,Created as part of import of Case.Law data.,State Trial
njsupercumberla,njsuper,,,,,,2023-10-03T01:23:53.257Z,False,False,False,366.607,Cumberland Cty. Super. Ct.,Cumberland County Superior Court,Cumberland County Superior Court,,,,ST,Created as part of import of Case.Law data.,State Trial
njsuperessex,njsuper,,,,,,2023-10-03T01:23:53.275Z,False,False,False,366.608,Essex Cty. Super. Ct.,Essex County Superior Court,Essex County Superior Court,,,,ST,Created as part of import of Case.Law data.,State Trial
njsupergloucest,njsuper,,,,,,2023-10-03T01:23:53.287Z,False,False,False,366.609,Gloucester Cty. Super. Ct.,Gloucester County Superior Court,Gloucester County Superior Court,,,,ST,Created as part of import of Case.Law data.,State Trial
njsuperhudson,njsuper,,,,,,2023-10-03T01:23:53.293Z,False,False,False,366.61,Hudson Cty. Super. Ct.,Hudson County Superior Court,Hudson County Superior Court,,,,ST,Created as part of import of Case.Law data.,State Trial
njsuperhunterdo,njsuper,,,,,,2023-10-03T01:23:53.299Z,False,False,False,366.611,Hunterdon Cty. Super. Ct.,Hunterdon County Superior Court,Hunterdon County Superior Court,,,,ST,Created as part of import of Case.Law data.,State Trial
njsupermercer,njsuper,,,,,,2023-10-03T01:23:53.314Z,False,False,False,366.612,Mercer Cty. Super. Ct.,Mercer County Superior Court,Mercer County Superior Court,,,,ST,Created as part of import of Case.Law data.,State Trial
njsupermiddlese,njsuper,,,,,,2023-10-03T01:23:53.327Z,False,False,False,366.613,Middlesex Cty. Super. Ct.,Middlesex County Superior Court,Middlesex County Superior Court,,,,ST,Created as part of import of Case.Law data.,State Trial
njsupermonmouth,njsuper,,,,,,2023-10-03T01:23:53.347Z,False,False,False,366.614,Monmouth Cty. Super. Ct.,Monmouth County Superior Court,Monmouth County Superior Court,,,,ST,Created as part of import of Case.Law data.,State Trial
njsupermorris,njsuper,,,,,,2023-10-03T01:23:53.360Z,False,False,False,366.615,Morris Cty. Super. Ct.,Morris County Superior Court,Morris County Superior Court,,,,ST,Created as part of import of Case.Law data.,State Trial
njsuperocean,njsuper,,,,,,2023-10-03T01:23:53.370Z,False,False,False,366.616,Ocean Cty. Super. Ct.,Ocean County Superior Court,Ocean County Superior Court,,,,ST,Created as part of import of Case.Law data.,State Trial
njsuperpassaic,njsuper,,,,,,2023-10-03T01:23:53.383Z,False,False,False,366.617,Passaic Cty. Super. Ct.,Passaic County Superior Court,Passaic County Superior Court,,,,ST,Created as part of import of Case.Law data.,State Trial
njsupersalem,njsuper,,,,,,2023-10-03T01:23:53.399Z,False,False,False,366.618,Salem Cty. Super. Ct.,Salem County Superior Court,Salem County Superior Court,,,,ST,Created as part of import of Case.Law data.,State Trial
njsupersussex,njsuper,,,,,,2023-10-03T01:23:53.405Z,False,False,False,366.619,Sussex Cty. Super. Ct.,Sussex County Superior Court,Sussex County Superior Court,,,,ST,Created as part of import of Case.Law data.,State Trial
njsuperwarren,njsuper,,,,,,2023-10-03T01:23:53.416Z,False,False,False,366.62,Warren Cty. Super. Ct.,Warren County Superior Court,Warren County Superior Court,,,,ST,Created as part of import of Case.Law data.,State Trial
njfamct,,,,,,,2022-11-18T02:50:58.935Z,False,False,False,366.621,N.J. Fam. Ct.,New Jersey Family Court,New Jersey Family Court,,,,ST,Created as part of import of Case.Law data.,State Trial
njfamctbergen,njfamct,,,,,,2023-10-03T01:23:53.423Z,False,False,False,366.622,Bergen Cty. Fam. Ct.,Bergen County Family Court,Bergen County Family Court,,,,ST,Created as part of import of Case.Law data.,State Trial
njfamctcamden,njfamct,,,,,,2023-10-03T01:23:53.439Z,False,False,False,366.623,Camden Cty. Fam. Ct.,Camden County Family Court,Camden County Family Court,,,,ST,Created as part of import of Case.Law data.,State Trial
njfamctcapemay,njfamct,,,,,,2023-10-03T01:23:53.455Z,False,False,False,366.624,Cape May Cty. Fam. Ct.,Cape May County Family Court,Cape May County Family Court,,,,ST,Created as part of import of Case.Law data.,State Trial
njfamctcumberla,njfamct,,,,,,2023-10-03T01:23:53.463Z,False,False,False,366.625,Cumberland Cty. Fam. Ct.,Cumberland County Family Court,Cumberland County Family Court,,,,ST,Created as part of import of Case.Law data.,State Trial
njfamctessex,njfamct,,,,,,2023-10-03T01:23:53.475Z,False,False,False,366.626,Essex Cty. Fam. Ct.,Essex County Family Court,Essex County Family Court,,,,ST,Created as part of import of Case.Law data.,State Trial
njfamcthudson,njfamct,,,,,,2023-10-03T01:23:53.491Z,False,False,False,366.627,Hudson Cty. Fam. Ct.,Hudson County Family Court,Hudson County Family Court,,,,ST,Created as part of import of Case.Law data.,State Trial
njfamctmiddlese,njfamct,,,,,,2023-10-03T01:23:53.507Z,False,False,False,366.628,Middlesex Cty. Fam. Ct.,Middlesex County Family Court,Middlesex County Family Court,,,,ST,Created as part of import of Case.Law data.,State Trial
njfamctmonmouth,njfamct,,,,,,2023-10-03T01:23:53.523Z,False,False,False,366.629,Monmouth Cty. Fam. Ct.,Monmouth County Family Court,Monmouth County Family Court,,,,ST,Created as part of import of Case.Law data.,State Trial
njfamctmorris,njfamct,,,,,,2023-10-03T01:23:53.539Z,False,False,False,366.63,Morris Cty. Fam. Ct.,Morris County Family Court,Morris County Family Court,,,,ST,Created as part of import of Case.Law data.,State Trial
njfamctpassaic,njfamct,,,,,,2023-10-03T01:23:53.555Z,False,False,False,366.631,Passaic Cty. Fam. Ct.,Passaic County Family Court,Passaic County Family Court,,,,ST,Created as part of import of Case.Law data.,State Trial
njfamctsalem,njfamct,,,,,,2023-10-03T01:23:53.571Z,False,False,False,366.632,Salem Cty. Fam. Ct.,Salem County Family Court,Salem County Family Court,,,,ST,Created as part of import of Case.Law data.,State Trial
njfamctsomerset,njfamct,,,,,,2023-10-03T01:23:53.577Z,False,False,False,366.633,Somerset Cty. Fam. Ct.,Somerset County Family Court,Somerset County Family Court,,,,ST,Created as part of import of Case.Law data.,State Trial
njfamctsussex,njfamct,,,,,,2023-10-03T01:23:53.584Z,False,False,False,366.634,Sussex Cty. Fam. Ct.,Sussex County Family Court,Sussex County Family Court,,,,ST,Created as part of import of Case.Law data.,State Trial
njfamctunion,njfamct,,,,,,2023-10-03T01:23:53.595Z,False,False,False,366.635,Union Cty. Fam. Ct.,Union County Family Court,Union County Family Court,,,,ST,Created as part of import of Case.Law data.,State Trial
njlaborcomp,,,,,,,2022-11-18T02:50:58.965Z,False,False,False,366.636,,New Jersey Department of Labor Workmen's Compensation Bureau,New Jersey Department of Labor Workmen's Compensation Bureau,,,,ST,Created as part of import of Case.Law data.,State Trial
njlawbkconf,,,,,,,2022-11-18T02:50:58.967Z,False,False,False,366.637,,New Jersey Lawyers and Bankers Conference Committee,New Jersey Lawyers and Bankers Conference Committee,,,,SS,Created as part of import of Case.Law data.,State Special
njmunict,,,,,,,2022-11-18T02:50:58.969Z,False,False,False,366.638,,Municipal Courts of New Jersey,Municipal Courts of New Jersey,,,,ST,Created as part of import of Case.Law data.,State Trial
njmunictbyram,njmunict,,,,,,2023-10-03T01:23:53.604Z,False,False,False,366.639,,Byram Township Municipal Court,Byram Township Municipal Court,,,,ST,Created as part of import of Case.Law data.,State Trial
njmunictdumont,njmunict,,,,,,2023-10-03T01:23:53.611Z,False,False,False,366.64,,Borough of Dumont Municipal Court,Borough of Dumont Municipal Court,,,,ST,Created as part of import of Case.Law data.,State Trial
njmunicthacken,njmunict,,,,,,2023-10-03T01:23:53.623Z,False,False,False,366.641,,Hackensack City Municipal Court,Hackensack City Municipal Court,,,,ST,Created as part of import of Case.Law data.,State Trial
njmunictnewark,njmunict,,,,,,2023-10-03T01:23:53.635Z,False,False,False,366.642,,Newark Municipal Court,Newark Municipal Court,,,,ST,Created as part of import of Case.Law data.,State Trial
njmunictprince,njmunict,,,,,,2023-10-03T01:23:53.651Z,False,False,False,366.643,,Borough of Princeton Municipal Court,Borough of Princeton Municipal Court,,,,ST,Created as part of import of Case.Law data.,State Trial
njmunictsussex,njmunict,,,,,,2023-10-03T01:23:53.667Z,False,False,False,366.644,,Sussex County Municipal Court,Sussex County Municipal Court,,,,ST,Created as part of import of Case.Law data.,State Trial
njpuc,,,,,,,2022-11-18T02:50:58.984Z,False,False,False,366.645,,New Jersey Public Utilities Commission,New Jersey Public Utilities Commission,,,,ST,Created as part of import of Case.Law data.,State Trial
njqrtsessessex,,,,,,,2022-11-18T02:50:58.986Z,False,False,False,366.646,,Essex County Court of Quarter Sessions of New Jersey,Essex County Court of Quarter Sessions of New Jersey,,,,ST,Created as part of import of Case.Law data.,State Trial
njqrtsessmorris,,,,,,,2022-11-18T02:50:58.988Z,False,False,False,366.647,,Morris County Court of Quarter Sessions,Morris County Court of Quarter Sessions,,,,ST,Created as part of import of Case.Law data.,State Trial
njrecct,,,,,,,2023-10-02T15:46:26.428Z,False,False,False,366.6479,,New Jersey Recorder's Court,New Jersey Recorder's Court,,,,ST,,State Trial
njreccthoboken,njrecct,,,,,,2023-10-03T01:23:53.676Z,False,False,False,366.648,,Hoboken City Recorder's Court.,Hoboken City Recorder's Court.,,,,SS,Created as part of import of Case.Law data.,State Special
njrecctmontcl,njrecct,,,,,,2023-10-03T01:23:53.691Z,False,False,False,366.649,,Montclair Town Recorder's Court,Montclair Town Recorder's Court,,,,SS,Created as part of import of Case.Law data.,State Special
njspecstatct,,,,,,,2022-11-18T02:50:58.995Z,False,False,False,366.65,,New Jersey Special Statutory Court,New Jersey Special Statutory Court,,,,SS,Created as part of import of Case.Law data.,State Special
njsurrct,,,,,,,2022-11-18T02:50:58.997Z,False,False,False,366.651,,New Jersey Surrogate's Court,New Jersey Surrogate's Court,,,,ST,Created as part of import of Case.Law data.,State Trial
njsurrctatlanti,njsurrct,,,,,,2023-10-03T01:23:53.706Z,False,False,False,366.652,Atlantic Cty. Surr. Ct.,Atlantic County Surrogate's Court,Atlantic County Surrogate's Court,,,,ST,Created as part of import of Case.Law data.,State Trial
njsurrctbergen,njsurrct,,,,,,2023-10-03T01:23:53.719Z,False,False,False,366.653,Bergen Cty. Surr. Ct.,Bergen County Surrogate's Court,Bergen County Surrogate's Court,,,,ST,Created as part of import of Case.Law data.,State Trial
njsurrctcamden,njsurrct,,,,,,2023-10-03T01:23:53.735Z,False,False,False,366.654,Camden Cty. Surr. Ct.,Camden County Surrogate's Court,Camden County Surrogate's Court,,,,ST,Created as part of import of Case.Law data.,State Trial
njsurrctcapemay,njsurrct,,,,,,2023-10-03T01:23:53.743Z,False,False,False,366.655,Cape May Cty. Surr. Ct.,Cape May County Surrogate's Court,Cape May County Surrogate's Court,,,,ST,Created as part of import of Case.Law data.,State Trial
njsurrctessex,njsurrct,,,,,,2023-10-03T01:23:53.752Z,False,False,False,366.656,Essex Cty. Surr. Ct.,Essex County Surrogate's Court,Essex County Surrogate's Court,,,,ST,Created as part of import of Case.Law data.,State Trial
njsurrcthudson,njsurrct,,,,,,2023-10-03T01:23:53.770Z,False,False,False,366.657,Hudson Cty. Surr. Ct.,Hudson County Surrogate's Court,Hudson County Surrogate's Court,,,,ST,Created as part of import of Case.Law data.,State Trial
njsurrctmiddles,njsurrct,,,,,,2023-10-03T01:23:53.777Z,False,False,False,366.658,Middlesex Cty. Surr. Ct.,Middlesex County Surrogate's Court,Middlesex County Surrogate's Court,,,,ST,Created as part of import of Case.Law data.,State Trial
njsurrctmonmout,njsurrct,,,,,,2023-10-03T01:23:53.787Z,False,False,False,366.659,Monmouth Cty. Surr. Ct.,Monmouth County Surrogate's Court,Monmouth County Surrogate's Court,,,,ST,Created as part of import of Case.Law data.,State Trial
njsurrctsomerse,njsurrct,,,,,,2023-10-03T01:23:53.803Z,False,False,False,366.66,Somerset Cty. Surr. Ct.,Somerset County Surrogate's Court,Somerset County Surrogate's Court,,,,ST,Created as part of import of Case.Law data.,State Trial
njsurrctwarren,njsurrct,,,,,,2023-10-03T01:23:53.811Z,False,False,False,366.661,Warren Cty. Surr. Ct.,Warren County Surrogate's Court,Warren County Surrogate's Court,,,,ST,Created as part of import of Case.Law data.,State Trial
njcirct,,,,,,,2023-10-02T15:46:26.432Z,False,False,False,366.662,,New Jersey Circuit Court,New Jersey Circuit Court,,,1947-12-31,ST,Created as part of import of Case.Law data.,State Trial
njcirctatlantic,njcirct,,,,,,2023-10-03T01:23:53.822Z,False,False,False,366.663,"Atlantic Cty. Cir. Ct., N.J.","Atlantic County Circuit Court, N.J.","Atlantic County Circuit Court, N.J.",,,1947-12-31,SA,Created as part of import of Case.Law data.,State Appellate
njcirctbergen,njcirct,,,,,,2023-10-03T01:23:53.835Z,False,False,False,366.664,"Bergen Cty. Cir. Ct., N.J.","Bergen County Circuit Court, N.J.","Bergen County Circuit Court, N.J.",,,1947-12-31,SA,Created as part of import of Case.Law data.,State Appellate
njcirctburlingt,njcirct,,,,,,2023-10-03T01:23:53.850Z,False,False,False,366.665,"Burlington Cty. Cir. Ct., N.J.","Burlington County Circuit Court, N.J.","Burlington County Circuit Court, N.J.",,,1947-12-31,SA,Created as part of import of Case.Law data.,State Appellate
njcirctcamden,njcirct,,,,,,2023-10-03T01:23:53.860Z,False,False,False,366.666,"Camden Cty. Cir. Ct., N.J.","Camden County Circuit Court, N.J.","Camden County Circuit Court, N.J.",,,1947-12-31,SA,Created as part of import of Case.Law data.,State Appellate
njcirctcapemay,njcirct,,,,,,2023-10-03T01:23:53.879Z,False,False,False,366.667,"Cape May Cty. Cir. Ct., N.J.","Cape May County Circuit Court, N.J.","Cape May County Circuit Court, N.J.",,,1947-12-31,SA,Created as part of import of Case.Law data.,State Appellate
njcirctcumberla,njcirct,,,,,,2023-10-03T01:23:53.895Z,False,False,False,366.6675,"Cumberland Cty. Cir. Ct., N.J.","Cumberland County Circuit Court, N.J.","Cumberland County Circuit Court, N.J.",,,,ST,,State Trial
njcirctessex,njcirct,,,,,,2023-10-03T01:23:53.911Z,False,False,False,366.6676,"Essex Cty. Cir. Ct., N.J.","Essex County Circuit Court, N.J.","Essex County Circuit Court, N.J.",,,,ST,,State Trial
njcirctgloucest,njcirct,,,,,,2023-10-03T01:23:53.923Z,False,False,False,366.6677,"Gloucester Cty. Cir. Ct., N.J.","Gloucester County Circuit Court, N.J.","Gloucester County Circuit Court, N.J.",,,,ST,,State Trial
njcircthudson,njcirct,,,,,,2023-10-03T01:23:53.931Z,False,False,False,366.668,"Hudson Cty. Cir. Ct., N.J.","Hudson County Circuit Court, N.J.","Hudson County Circuit Court, N.J.",,,1947-12-31,SA,Created as part of import of Case.Law data.,State Appellate
njcirctmercer,njcirct,,,,,,2023-10-03T01:23:53.947Z,False,False,False,366.6685,"Mercer Cty. Cir. Ct., N.J.","Mercer County Circuit Court, N.J.","Mercer County Circuit Court, N.J.",,,,ST,,State Trial
njcirctmiddlese,njcirct,,,,,,2023-10-03T01:23:53.956Z,False,False,False,366.6686,"Middlesex Cty. Cir. Ct., N.J.","Middlesex County Circuit Court, N.J.","Middlesex County Circuit Court, N.J.",,,,ST,,State Trial
njcirctmonmouth,njcirct,,,,,,2023-10-03T01:23:53.967Z,False,False,False,366.669,"Monmouth Cty. Cir. Ct., N.J.","Monmouth County Circuit Court, N.J.","Monmouth County Circuit Court, N.J.",,,1947-12-31,SA,Created as part of import of Case.Law data.,State Appellate
njcirctmorris,njcirct,,,,,,2023-10-03T01:23:53.983Z,False,False,False,366.67,"Morris Cty. Cir. Ct., N.J.","Morris County Circuit Court, N.J.","Morris County Circuit Court, N.J.",,,1947-12-31,SA,Created as part of import of Case.Law data.,State Appellate
njcirctocean,njcirct,,,,,,2023-10-03T01:23:54.000Z,False,False,False,366.671,"Ocean Cty. Cir. Ct., N.J.","Ocean County Circuit Court, N.J.","Ocean County Circuit Court, N.J.",,,1947-12-31,SA,Created as part of import of Case.Law data.,State Appellate
njcirctpassaic,njcirct,,,,,,2023-10-03T01:23:54.022Z,False,False,False,366.672,"Passaic Cty. Cir. Ct., N.J.","Passaic County Circuit Court, N.J.","Passaic County Circuit Court, N.J.",,,1947-12-31,SA,Created as part of import of Case.Law data.,State Appellate
njcirctsomerset,njcirct,,,,,,2023-10-03T01:23:54.028Z,False,False,False,366.673,"Somerset Cty. Cir. Ct., N.J.","Somerset County Circuit Court, N.J.","Somerset County Circuit Court, N.J.",,,1947-12-31,SA,Created as part of import of Case.Law data.,State Appellate
njcirctsussex,njcirct,,,,,,2023-10-03T01:23:54.034Z,False,False,False,366.6735,"Sussex Cty. Cir. Ct., N.J.","Sussex County Circuit Court, N.J.","Sussex County Circuit Court, N.J.",,,,St,,
njctpardons,njcirct,,,,,,2023-10-03T01:23:54.046Z,False,False,False,366.674,,New Jersey Court of Pardons,New Jersey Court of Pardons,,,,SS,Created as part of import of Case.Law data.,State Special
njcirctunion,njcirct,,,,,,2023-10-03T01:23:54.062Z,False,False,False,366.6745,"Union Cty. Cir. Ct., N.J.","Union County Circuit Court, N.J.","Union County Circuit Court, N.J.",,,,ST,,State Trial
njcirctwarren,njcirct,,,,,,2023-10-03T01:23:54.070Z,False,False,False,366.6746,"Warren Cty. Cir. Ct., N.J.","Warren County Circuit Court, N.J.","Warren County Circuit Court, N.J.",,,,ST,,State Trial
njctcompl,,,,,,,2022-12-14T16:31:06.115Z,False,False,False,366.675,,Ct. of Common Pleas of NJ,Court of Common Pleas of New Jersey,,1704-01-01,1947-12-31,ST,,State Trial
njtaxct,,,,,,,2024-01-09T19:22:22.125Z,True,True,False,366.7,N.J. Tax Ct.,New Jersey Tax Court,New Jersey Tax Court,http://www.judiciary.state.nj.us/taxcourt/‎,,,SS,Lawbox,State Special
njcommned,,,,,,,2022-11-18T02:50:59.048Z,False,False,False,366.71,,"Commissioner of Education, N.J.","Commissioner of Education, N.J.",,,,SS,Created as part of import of Case.Law data.,State Special
njch,,,,,,,2016-06-18T20:01:59.649Z,True,False,False,366.8,N.J. Ct. of Ch.,New Jersey Court of Chancery,New Jersey Court of Chancery,http://www.nj.gov/state/archives/catsjchance.html,1684-01-01,1947-12-31,SA,Another good source of information is https://familysearch.org/wiki/en/New_Jersey_Court_Records,State Appellate
njoytermct,,,,,,,2022-12-15T18:01:59.635Z,False,False,False,366.81,,Court of Oyer And Terminer of New Jersey,Court of Oyer And Terminer of New Jersey,,,,ST,,State Trial
nm,,,,,,,2013-08-14T16:46:30Z,True,True,False,366.9,N.M.,New Mexico Supreme Court,New Mexico Supreme Court,https://nmsupremecourt.nmcourts.gov/index.php,1841-01-01,,S,,State Supreme
nmctapp,,,,,,,2013-08-14T22:43:21Z,True,True,False,366.95,N.M. Ct. App.,New Mexico Court of Appeals,New Mexico Court of Appeals,https://coa.nmcourts.gov/index.php,1966-04-01,,SA,,State Appellate
ny,,,,,,,2014-08-21T22:51:56.551Z,True,True,False,366.96,NY,New York Court of Appeals,New York Court of Appeals,http://www.nycourts.gov/ctapps/,1777-01-01,,S,,State Supreme
nyctassizes,,,,,,,2022-02-09T20:59:05.537Z,False,False,False,366.960004,N.Y. Ct. Assizes,New York Court of Assizes,New York Court of Assizes,,,,SS,,State Special
nyjudct,,,,,,,2022-02-09T20:59:05.548Z,False,False,False,366.960006,N.Y. Ct. Jud.,New York Court on the Judiciary,New York Court on the Judiciary,,,,SS,,State Special
nycterr,,,,,,,2022-02-04T15:07:03.558Z,False,False,False,366.96001,,Court for the Trial of Impeachments and Correction of Errors,Court for the Trial of Impeachments and Correction of Errors,,1777-01-01,1846-12-31,SS,,State Special
nygensess,,,,,,,2022-02-04T15:11:41.948Z,False,False,False,366.96003,,New York Court of General Session of the Peace,New York Court of General Session of the Peace,,1683-10-17,1962-09-01,ST,,State Trial
nygensesslewis,nygensess,,,,,,2023-10-03T01:23:54.088Z,False,False,False,366.96004,,"New York Court of General Sessions, Lewis County","New York Court of General Sessions, Lewis County",,1683-10-17,1962-09-01,ST,,State Trial
nycommnapp,,,,,,,2022-02-04T15:11:41.960Z,False,False,False,366.96006,,Commission of Appeals,Commission of Appeals,,,,SS,,State Special
nyconct,,,,,,,2022-02-04T15:11:41.964Z,False,False,False,366.96007,,Constitutional Court of New York,Constitutional Court of New York,,,,SS,,State Special
nyarbct,,,,,,,2022-02-04T15:11:41.968Z,False,False,False,366.96008,,Court Of Arbitration Of The Chamber Of Commerce Of New York,Court Of Arbitration Of The Chamber Of Commerce Of New York,,,,SS,,State Special
nystateassembly,,,0.0,,,,2022-02-13T19:33:01.306Z,False,False,False,366.960091,N.Y.S. Assy.,New York State Assembly,New York State Assembly,,,,SS,,State Special
nyexecchamber,,,,,,,2022-02-09T20:59:05.565Z,False,False,False,366.960092,N.Y. Exec. Chmbr.,New York Executive Chamber,New York Executive Chamber,,,,SS,,State Special
nymarct,,,,,,,2022-02-04T15:13:49.686Z,False,False,False,366.9601,,New York Marine Court,New York Marine Court,,1807-01-01,1883-12-31,SS,,State Special
nyoytermct,,,,,,,2022-01-10T17:59:53.406Z,False,False,False,366.961,,Court Of Oyer And Terminer New York,Court Of Oyer And Terminer New York,,1788-01-01,1895-12-31,SA,,State Appellate
nyoytermctnyc,nyoytermct,,,,,,2023-10-03T01:23:54.097Z,False,False,False,366.96101,,"Oyer and Terminer, New York County","Oyer and Terminer, New York County",,1788-01-01,1895-12-31,ST,,State Trial
nyoyqueens,nyoytermct,,,,,,2023-10-03T01:23:54.115Z,False,False,False,366.96102,,"Oyer and Terminer, Queens County","Oyer and Terminer, Queens County",,1788-01-01,1895-12-31,ST,,State Trial
nyoytermctwash,nyoytermct,,,,,,2023-10-03T01:23:54.123Z,False,False,False,366.96103,,"Oyer and Terminer, Washington County","Oyer and Terminer, Washington County",,1788-01-01,1895-12-31,ST,,State Trial
nyoytermctren,nyoytermct,,,,,,2023-10-03T01:23:54.130Z,False,False,False,366.96104,,"Oyer and Terminer, Rensselaer County","Oyer and Terminer, Rensselaer County",,1788-01-01,1895-12-31,ST,,State Trial
nyoytermctalb,nyoytermct,,,,,,2023-10-03T01:23:54.136Z,False,False,False,366.96105,,"Oyer and Terminer, Albany County","Oyer and Terminer, Albany County",,1788-01-01,1895-12-31,ST,,State Trial
nychanct,,,,,,,2022-01-10T21:16:25.562Z,False,False,False,366.962,,New York Court of Chancery,New York Court of Chancery,,1701-01-01,1847-12-31,S,,State Supreme
nychanctsara,nychanct,,,,,,2023-10-03T01:23:54.142Z,False,False,False,366.96201,,Saratoga Chancery Court,Saratoga Chancery Court,,,,SS,,State Special
nycirct,,,,,,,2022-02-04T15:15:18.337Z,False,False,False,366.962011,,New York Circuit Court,New York Circuit Court,,1821-01-01,1846-12-31,ST,,State Trial
nyciralbanycty,nycirct,,,,,,2023-10-03T01:23:54.151Z,False,False,False,366.962012,,"New York Circuit Court, Albany County","New York Circuit Court, Albany County",,1821-01-01,1846-12-31,ST,,State Trial
nycircolcty,nycirct,,,,,,2023-10-03T01:23:54.157Z,False,False,False,366.962013,,"New York Circuit Court, Columbia County","New York Circuit Court, Columbia County",,1821-01-01,1846-12-31,ST,,State Trial
nycirdelcty,nycirct,,,,,,2023-10-03T01:23:54.167Z,False,False,False,366.962014,,"New York Circuit Court, Delaware County","New York Circuit Court, Delaware County",,1821-01-01,1846-12-31,ST,,State Trial
nycirdutchcty,nycirct,,,,,,2023-10-03T01:23:54.177Z,False,False,False,366.962015,,"New York Circuit Court, Dutchess County","New York Circuit Court, Dutchess County",,1821-01-01,1846-12-31,ST,,State Trial
nycirkingscty,nycirct,,,,,,2023-10-03T01:23:54.190Z,False,False,False,366.962016,,"New York Circuit Court, Kings County","New York Circuit Court, Kings County",,1821-01-01,1846-12-31,ST,,State Trial
nycirmonroecty,nycirct,,,,,,2023-10-03T01:23:54.207Z,False,False,False,366.962017,,"New York Circuit Court, Monroe County","New York Circuit Court, Monroe County",,1821-01-01,1846-12-31,ST,,State Trial
nycironeidacty,nycirct,,,,,,2023-10-03T01:23:54.216Z,False,False,False,366.962018,,"New York Circuit Court, Oneida County","New York Circuit Court, Oneida County",,1821-01-01,1846-12-31,ST,,State Trial
nyciroswegocty,nycirct,,,,,,2023-10-03T01:23:54.227Z,False,False,False,366.962019,,"New York Circuit Court, Oswego County","New York Circuit Court, Oswego County",,1821-01-01,1846-12-31,ST,,State Trial
nysessct,,,,,,,2022-02-04T15:15:18.394Z,False,False,False,366.96202,,New York Court of Sessions,New York Court of Sessions,,1684-01-01,1688-12-31,ST,,State Trial
nysessctnyc,nysessct,,,,,,2023-10-03T01:23:54.243Z,False,False,False,366.96204,Ct. Sess. N.Y. Cty.,"Court of Sessions, New York County","Court of Sessions, New York County",,,,ST,,State Trial
nysessctalbany,nysessct,,,,,,2023-10-03T01:23:54.249Z,False,False,False,366.9621,,"New York Court of Session, Albany County","New York Court of Session, Albany County",,1684-01-01,1688-12-31,ST,,State Trial
nysessctchauta,nysessct,,,,,,2023-10-03T01:23:54.254Z,False,False,False,366.9622,,"New York Court of Session, Chautauqua County","New York Court of Session, Chautauqua County",,1684-01-01,1688-12-31,ST,,State Trial
nysessctgenesee,nysessct,,,,,,2023-10-03T01:23:54.271Z,False,False,False,366.9623,,"New York Court of Sessions, Genesee County","New York Court of Sessions, Genesee County",,1684-01-01,1688-12-31,ST,,State Trial
nysessctlewis,nysessct,,,,,,2023-10-03T01:23:54.287Z,False,False,False,366.9624,,"New York Court of Sessions, Lewis County","New York Court of Sessions, Lewis County",,1684-01-01,1688-12-31,ST,,State Trial
nysessctorange,nysessct,,,,,,2023-10-03T01:23:54.298Z,False,False,False,366.9625,,"New York Court of Sessions, Orange County","New York Court of Sessions, Orange County",,1684-01-01,1688-12-31,ST,,State Trial
nysessctqueens,nysessct,,,,,,2023-10-03T01:23:54.315Z,False,False,False,366.9626,,"New York Court of Sessions, Queens County","New York Court of Sessions, Queens County",,1684-01-01,1688-12-31,ST,,State Trial
nysessctren,nysessct,,,,,,2023-10-03T01:23:54.331Z,False,False,False,366.9627,,"New York Court of Sessions, Rensselaer County","New York Court of Sessions, Rensselaer County",,1684-01-01,1688-12-31,ST,,State Trial
nysessctrock,nysessct,,,,,,2023-10-03T01:23:54.347Z,False,False,False,366.9628,,"New York Court of Sessions, Rockland County","New York Court of Sessions, Rockland County",,1684-01-01,1688-12-31,ST,,State Trial
nysessctulster,nysessct,,,,,,2023-10-03T01:23:54.363Z,False,False,False,366.9629,,"New York Court of Sessions, Ulster County","New York Court of Sessions, Ulster County",,1684-01-01,1688-12-31,ST,,State Trial
nyspecsessct,,,,,,,2022-02-04T15:15:18.456Z,False,False,False,366.963,,New York Court of Special Session,New York Court of Special Session,,1732-01-01,1962-08-31,ST,,State Trial
nyalbspecsess,nyspecsessct,,,,,,2023-10-03T01:23:54.379Z,False,False,False,366.9632,,Albany Court of Special Sessions,Albany Court of Special Sessions,,1732-01-01,1962-08-31,ST,,State Trial
nynycspecsess,nyspecsessct,,,,,,2023-10-03T01:23:54.393Z,False,False,False,366.9633,,New York City Court of Special Sessions,New York City Court of Special Sessions,,1732-01-01,1962-08-31,ST,,State Trial
nyspecsessyonk,nyspecsessct,,,,,,2023-10-03T01:23:54.407Z,False,False,False,366.9634,,Yonkers Court of Special Sessions,Yonkers Court of Special Sessions,,1732-01-01,1962-08-31,SS,,State Special
nyappdiv,,,,,,,2014-08-08T19:52:34.517Z,True,True,False,366.965,N.Y. App. Div.,Appellate Division of the Supreme Court of New York,Appellate Division of the Supreme Court of the State of New York,http://www.courts.state.ny.us/courts/appellatedivisions.shtml‎,1896-01-01,,SA,Lawbox,State Appellate
nyappterm,,,,,,,2015-10-29T19:29:57.081Z,True,True,False,366.9651,N.Y. App. Term.,Appellate Terms of the Supreme Court of New York,Appellate Terms of the Supreme Court of New York,https://www.nycourts.gov/courts/1jd/supctmanh/appellate_term.shtml,1896-01-01,,SA,,State Appellate
nysupct,,,,,,,2015-10-29T19:44:55.110Z,True,True,False,366.9652,N.Y. Sup. Ct.,New York Supreme Court,New York Supreme Court,http://www.nycourts.gov/courts/cts-outside-nyc-SUPREME.shtml,1896-01-01,,ST,,State Trial
nysupctalbany,nysupct,,,,,,2023-10-03T01:23:54.416Z,False,False,False,366.96521,N.Y. Sup. Albany,"New York Supreme Court, Albany County","New York Supreme Court, Albany County",,,,ST,,State Trial
nysupctalgny,nysupct,,,,,,2023-10-03T01:23:54.427Z,False,False,False,366.965211,"N.Y. Sup. Ct., Allegany Cty.","New York Supreme Court, Allegany County","New York Supreme Court, Allegany County",,,,ST,,State Trial
nysupctbrnx,nysupct,,,,,,2023-10-03T01:23:54.434Z,False,False,False,366.965212,"N.Y. Sup. Ct., Bronx Cty.","New York Supreme Court, Bronx County","New York Supreme Court, Bronx County",,,,ST,,State Trial
nysupctbrm,nysupct,,,,,,2023-10-03T01:23:54.446Z,False,False,False,366.965213,"N.Y. Sup. Ct., Broome Cty.","New York Supreme Court, Broome County","New York Supreme Court, Broome County",,,,ST,,State Trial
nysupctctrgs,nysupct,,,,,,2023-10-03T01:23:54.459Z,False,False,False,366.965214,"N.Y. Sup. Ct., Cattaraugus Cty.","New York Supreme Court, Cattaraugus County","New York Supreme Court, Cattaraugus County",,,,ST,,State Trial
nysupctcayuga,nysupct,,,,,,2023-10-03T01:23:54.465Z,False,False,False,366.96522,N.Y. Sup. Cayuga,"New York Supreme Court, Cayuga County","New York Supreme Court, Cayuga County",,,,ST,,State Trial
nysupctchtq,nysupct,,,,,,2023-10-03T01:23:54.479Z,False,False,False,366.965221,"N.Y. Sup. Ct., Chautauqua Cty.","New York Supreme Court, Chautauqua County","New York Supreme Court, Chautauqua County",,,,ST,,State Trial
nysupctchmng,nysupct,,,,,,2023-10-03T01:23:54.499Z,False,False,False,366.965222,"N.Y. Sup. Ct., Chemung Cty.","New York Supreme Court, Chemung County","New York Supreme Court, Chemung County",,,,ST,,State Trial
nysupctchenango,nysupct,,,,,,2023-10-03T01:23:54.515Z,False,False,False,366.96523,N.Y. Sup. Chenango,"New York Supreme Court, Chenango County","New York Supreme Court, Chenango County",,,,ST,,State Trial
nysupctclinton,nysupct,,,,,,2023-10-03T01:23:54.531Z,False,False,False,366.96524,N.Y. Sup. Clinton,"New York Supreme Court, Clinton County","New York Supreme Court, Clinton County",,,,ST,,State Trial
nysupctclmb,nysupct,,,,,,2023-10-03T01:23:54.542Z,False,False,False,366.965241,"N.Y. Sup. Ct., Columbia Cty.","New York Supreme Court, Columbia County","New York Supreme Court, Columbia County",,,,ST,,State Trial
nysupctcrtlnd,nysupct,,,,,,2023-10-03T01:23:54.555Z,False,False,False,366.9652412,"N.Y. Sup. Ct., Cortland Cty.","New York Supreme Court, Cortland County","New York Supreme Court, Cortland County",,,,ST,,State Trial
nysupctdlwr,nysupct,,,,,,2023-10-03T01:23:54.563Z,False,False,False,366.9652413,"N.Y. Sup. Ct., Delaware Cty.","New York Supreme Court, Delaware County","New York Supreme Court, Delaware County",,,,ST,,State Trial
nysupctdtchss,nysupct,,,,,,2023-10-03T01:23:54.570Z,False,False,False,366.9652414,"N.Y. Sup. Ct., Dutchess Cty.","New York Supreme Court, Dutchess County","New York Supreme Court, Dutchess County",,,,ST,,State Trial
nysupcterie,nysupct,,,,,,2023-10-03T01:23:54.584Z,False,False,False,366.9652415,"N.Y. Sup. Ct., Erie Cty.","New York Supreme Court, Erie County","New York Supreme Court, Erie County",,,,ST,,State Trial
nysupctessex,nysupct,,,,,,2023-10-03T01:23:54.607Z,False,False,False,366.9652416,"N.Y. Sup. Ct., Essex Cty.","New York Supreme Court, Essex County","New York Supreme Court, Essex County",,,,ST,,State Trial
nysupctfrnkln,nysupct,,,,,,2023-10-03T01:23:54.617Z,False,False,False,366.9652417,"N.Y. Sup. Ct., Franklin Cty.","New York Supreme Court, Franklin County","New York Supreme Court, Franklin County",,,,ST,,State Trial
nysupctfltn,nysupct,,,,,,2023-10-03T01:23:54.623Z,False,False,False,366.9652418,"N.Y. Sup. Ct., Fulton Cty.","New York Supreme Court, Fulton County","New York Supreme Court, Fulton County",,,,ST,,State Trial
nysupctgnss,nysupct,,,,,,2023-10-03T01:23:54.635Z,False,False,False,366.9652419,"N.Y. Sup. Ct., Genesee Cty.","New York Supreme Court, Genesee County","New York Supreme Court, Genesee County",,,,ST,,State Trial
nysupctgrn,nysupct,,,,,,2023-10-03T01:23:54.651Z,False,False,False,366.965242,"N.Y. Sup. Ct., Greene Cty.","New York Supreme Court, Greene County","New York Supreme Court, Greene County",,,,ST,,State Trial
nysupcthrkmr,nysupct,,,,,,2023-10-03T01:23:54.667Z,False,False,False,366.9652421,"N.Y. Sup. Ct., Herkimer Cty.","New York Supreme Court, Herkimer County","New York Supreme Court, Herkimer County",,,,ST,,State Trial
nysupctjffrsn,nysupct,,,,,,2023-10-03T01:23:54.683Z,False,False,False,366.9652422,"N.Y. Sup. Ct., Jefferson Cty.","New York Supreme Court, Jefferson County","New York Supreme Court, Jefferson County",,,,ST,,State Trial
nysupctkings,nysupct,,,,,,2023-10-03T01:23:54.699Z,False,False,False,366.96525,N.Y. Sup. Kings,"New York Supreme Court, Kings County","New York Supreme Court, Kings County",,,,ST,,State Trial
nysupctlewis,nysupct,,,,,,2023-10-03T01:23:54.715Z,False,False,False,366.965251,"N.Y. Sup. Ct., Lewis Cty.","New York Supreme Court, Lewis County","New York Supreme Court, Lewis County",,,,ST,,State Trial
nysupctlvngstn,nysupct,,,,,,2023-10-03T01:23:54.727Z,False,False,False,366.965252,"N.Y. Sup. Ct., Livingston Cty.","New York Supreme Court, Livingston County","New York Supreme Court, Livingston County",,,,ST,,State Trial
nysupctmdsn,nysupct,,,,,,2023-10-03T01:23:54.739Z,False,False,False,366.965253,"N.Y. Sup. Ct., Madison Cty.","New York Supreme Court, Madison County","New York Supreme Court, Madison County",,,,ST,,State Trial
nysupctmonroe,nysupct,,,,,,2023-10-03T01:23:54.759Z,False,False,False,366.96526,N.Y. Sup. Monroe,"New York Supreme Court, Monroe County","New York Supreme Court, Monroe County",,,,ST,,State Trial
nysupctmntgmry,nysupct,,,,,,2023-10-03T01:23:54.779Z,False,False,False,366.965261,"N.Y. Sup. Ct., Montgomery Cty.","New York Supreme Court, Montgomery County","New York Supreme Court, Montgomery County",,,,ST,,State Trial
nysupctnss,nysupct,,,,,,2023-10-03T01:23:54.786Z,False,False,False,366.965262,"N.Y. Sup. Ct., Nassau Cty.","New York Supreme Court, Nassau County","New York Supreme Court, Nassau County",,,,ST,,State Trial
nysupctnewyork,nysupct,,,,,,2023-10-03T01:23:54.803Z,False,False,False,366.965263,"N.Y. Sup. Ct., New York Cty.","New York Supreme Court, New York County","New York Supreme Court, New York County",,,,ST,,State Trial
nysupctniagra,nysupct,,,,,,2023-10-03T01:23:54.816Z,False,False,False,366.96527,N.Y. Sup. Niagra,"New York Supreme Court, Niagara County","New York Supreme Court, Niagara County",,,,ST,,State Trial
nysupctoneida,nysupct,,,,,,2023-10-03T01:23:54.827Z,False,False,False,366.965271,"N.Y. Sup. Ct., Oneida Cty.","New York Supreme Court, Oneida County","New York Supreme Court, Oneida County",,,,ST,,State Trial
nysupctnndg,nysupct,,,,,,2023-10-03T01:23:54.842Z,False,False,False,366.965272,"N.Y. Sup. Ct., Onondaga Cty.","New York Supreme Court, Onondaga County","New York Supreme Court, Onondaga County",,,,ST,,State Trial
nysupctntr,nysupct,,,,,,2023-10-03T01:23:54.859Z,False,False,False,366.965273,"N.Y. Sup. Ct., Ontario Cty.","New York Supreme Court, Ontario County","New York Supreme Court, Ontario County",,,,ST,,State Trial
nysupctorange,nysupct,,,,,,2023-10-03T01:23:54.871Z,False,False,False,366.965274,"N.Y. Sup. Ct., Orange Cty.","New York Supreme Court, Orange County","New York Supreme Court, Orange County",,,,ST,,State Trial
nysupctrlns,nysupct,,,,,,2023-10-03T01:23:54.887Z,False,False,False,366.965275,"N.Y. Sup. Ct., Orleans Cty.","New York Supreme Court, Orleans County","New York Supreme Court, Orleans County",,,,ST,,State Trial
nysupctswg,nysupct,,,,,,2023-10-03T01:23:54.899Z,False,False,False,366.965276,"N.Y. Sup. Ct., Oswego Cty.","New York Supreme Court, Oswego County","New York Supreme Court, Oswego County",,,,ST,,State Trial
nysupctostego,nysupct,,,,,,2023-10-03T01:23:54.915Z,False,False,False,366.96528,N.Y. Sup. Ostego,"New York Supreme Court, Otsego County","New York Supreme Court, Otsego County",,,,ST,,State Trial
nysupctptnm,nysupct,,,,,,2023-10-03T01:23:54.939Z,False,False,False,366.965281,"N.Y. Sup. Ct., Putnam Cty.","New York Supreme Court, Putnam County","New York Supreme Court, Putnam County",,,,ST,,State Trial
nysupctqueens,nysupct,,,,,,2023-10-03T01:23:54.950Z,False,False,False,366.96529,N.Y. Sup. Queens,"New York Supreme Court, Queens County","New York Supreme Court, Queens County",,,,ST,,State Trial
nysupctren,nysupct,,,,,,2023-10-03T01:23:54.968Z,False,False,False,366.965295,N.Y. Sup. Rensselaer,"New York Supreme Court, Rensselaer County","New York Supreme Court, Rensselaer County",,,,ST,,State Trial
nysupctrichmond,nysupct,,,,,,2023-10-03T01:23:54.983Z,False,False,False,366.96529511,"N.Y. Sup. Ct., Richmond Cty.","New York Supreme Court, Richmond County","New York Supreme Court, Richmond County",,,,ST,,State Trial
nysupctrcklnd,nysupct,,,,,,2023-10-03T01:23:54.992Z,False,False,False,366.96529512,"N.Y. Sup. Ct., Rockland Cty.","New York Supreme Court, Rockland County","New York Supreme Court, Rockland County",,,,ST,,State Trial
nysupctsrtg,nysupct,,,,,,2023-10-03T01:23:55.012Z,False,False,False,366.96529513,"N.Y. Sup. Ct., Saratoga Cty.","New York Supreme Court, Saratoga County","New York Supreme Court, Saratoga County",,,,ST,,State Trial
nysupctschnec,nysupct,,,,,,2023-10-03T01:23:55.027Z,False,False,False,366.96529514,"N.Y. Sup. Ct., Schenectady Cty.","New York Supreme Court, Schenectady County","New York Supreme Court, Schenectady County",,,,ST,,State Trial
nysupctscho,nysupct,,,,,,2023-10-03T01:23:55.035Z,False,False,False,366.96529515,"N.Y. Sup. Ct., Schoharie Cty.","New York Supreme Court, Schoharie County","New York Supreme Court, Schoharie County",,,,ST,,State Trial
nysupctschuy,nysupct,,,,,,2023-10-03T01:23:55.045Z,False,False,False,366.96529516,"N.Y. Sup. Ct., Schuyler Cty.","New York Supreme Court, Schuyler County","New York Supreme Court, Schuyler County",,,,ST,,State Trial
nysupctsnc,nysupct,,,,,,2023-10-03T01:23:55.051Z,False,False,False,366.96529517,"N.Y. Sup. Ct., Seneca Cty.","New York Supreme Court, Seneca County","New York Supreme Court, Seneca County",,,,ST,,State Trial
nysupctsntlw,nysupct,,,,,,2023-10-03T01:23:55.059Z,False,False,False,366.96529518,"N.Y. Sup. Ct., St. Lawrence Cty.","New York Supreme Court, St. Lawrence County","New York Supreme Court, St. Lawrence County",,,,ST,,State Trial
nysupctstbn,nysupct,,,,,,2023-10-03T01:23:55.079Z,False,False,False,366.96529519,"N.Y. Sup. Ct., Steuben Cty.","New York Supreme Court, Steuben County","New York Supreme Court, Steuben County",,,,ST,,State Trial
nysuprctfflk,nysupct,,,,,,2023-10-03T01:23:55.089Z,False,False,False,366.9652952,"N.Y. Sup. Ct., Suffolk Cty.","New York Supreme Court, Suffolk County","New York Supreme Court, Suffolk County",,,,ST,,State Trial
nysupctsllvn,nysupct,,,,,,2023-10-03T01:23:55.098Z,False,False,False,366.96529521,"N.Y. Sup. Ct., Sullivan Cty.","New York Supreme Court, Sullivan County","New York Supreme Court, Sullivan County",,,,ST,,State Trial
nysupcttioga,nysupct,,,,,,2023-10-03T01:23:55.108Z,False,False,False,366.96529522,"N.Y. Sup. Ct., Tioga Cty.","New York Supreme Court, Tioga County","New York Supreme Court, Tioga County",,,,ST,,State Trial
nysupcttmpkns,nysupct,,,,,,2023-10-03T01:23:55.121Z,False,False,False,366.96529523,"N.Y. Sup. Ct., Tompkins Cty.","New York Supreme Court, Tompkins County","New York Supreme Court, Tompkins County",,,,ST,,State Trial
nysupctulster,nysupct,,,,,,2023-10-03T01:23:55.135Z,False,False,False,366.96529524,"N.Y. Sup. Ct., Ulster Cty.","New York Supreme Court, Ulster County","New York Supreme Court, Ulster County",,,,ST,,State Trial
nysupctwarren,nysupct,,,,,,2023-10-03T01:23:55.147Z,False,False,False,366.96529525,"N.Y. Sup. Ct., Warren Cty.","New York Supreme Court, Warren County","New York Supreme Court, Warren County",,,,ST,,State Trial
nysupctwash,nysupct,,,,,,2023-10-03T01:23:55.157Z,False,False,False,366.96529526,"N.Y. Sup. Ct., Washington Cty.","New York Supreme Court, Washington County","New York Supreme Court, Washington County",,,,ST,,State Trial
nysupctwayne,nysupct,,,,,,2023-10-03T01:23:55.170Z,False,False,False,366.96529527,"N.Y. Sup. Ct., Wayne Cty.","New York Supreme Court, Wayne County","New York Supreme Court, Wayne County",,,,ST,,State Trial
nysupctwster,nysupct,,,,,,2023-10-03T01:23:55.179Z,False,False,False,366.96529528,"N.Y. Sup. Ct., Westchester Cty.","New York Supreme Court, Westchester County","New York Supreme Court, Westchester County",,,,ST,,State Trial
nysupctwyom,nysupct,,,,,,2023-10-03T01:23:55.195Z,False,False,False,366.96529529,"N.Y. Sup. Ct., Wyoming Cty.","New York Supreme Court, Wyoming County","New York Supreme Court, Wyoming County",,,,ST,,State Trial
nysupctyates,nysupct,,,,,,2023-10-03T01:23:55.215Z,False,False,False,366.9652953,"N.Y. Sup. Ct., Yates Cty.","New York Supreme Court, Yates County","New York Supreme Court, Yates County",,,,ST,,State Trial
nycountyct,,,,,,,2025-04-07T14:26:22.752Z,True,True,False,366.9653,,New York County Courts,New York County Courts,https://www.nycourts.gov/courts/cts-outside-nyc-COUNTY.shtml,,,ST,,State Trial
nyalbanyctyct,nycountyct,,,,,,2023-10-03T01:23:55.233Z,False,False,False,366.965301,,Albany County Court,"New York County Court, Albany County",,,,ST,,State Trial
nyalleganyctyct,nycountyct,,,,,,2023-10-03T01:23:55.247Z,False,False,False,366.9653015,Allegany Cty Ct.,Allegany County Court,"New York County Court, Allegany County",,,,ST,,State Trial
nybronxctyct,nycountyct,,,,,,2023-10-03T01:23:55.259Z,False,False,False,366.965302,,Bronx County Court,Bronx County Court,,,,ST,,State Trial
nybroomectyct,nycountyct,,,,,,2023-10-03T01:23:55.271Z,False,False,False,366.965303,,Broome County Court,"New York County Court, Broome County",,,,ST,,State Trial
nycattctyct,nycountyct,,,,,,2023-10-03T01:23:55.285Z,False,False,False,366.965304,,Cattaraugus County Court,"New York County Court, Cattaraugus County",,,,ST,,State Trial
nycayugactyct,nycountyct,,,,,,2023-10-03T01:23:55.295Z,False,False,False,366.965305,,Cayuga County Court,"New York County Court, Cayuga County ",,,,ST,,State Trial
nychautctyct,nycountyct,,,,,,2023-10-03T01:23:55.307Z,False,False,False,366.965306,,Chautauqua County Court,"New York County Court, Chautauqua County",,,,ST,,State Trial
nychemungctyct,nycountyct,,,,,,2023-10-03T01:23:55.323Z,False,False,False,366.965307,,Chemung County Court,"New York County Court, Chemung County",,,,ST,,State Trial
nychenangoctyct,nycountyct,,,,,,2023-10-03T01:23:55.339Z,False,False,False,366.965308,,Chenango County Court,"New York County Court, Chenango County",,,,ST,,State Trial
nyclintonctyct,nycountyct,,,,,,2023-10-03T01:23:55.359Z,False,False,False,366.965309,,Clinton County Court,"New York County Court, Clinton County",,,,ST,,State Trial
nycolumctyct,nycountyct,,,,,,2023-10-03T01:23:55.375Z,False,False,False,366.9653091,"N.Y. Cty. Ct., Columbia Cty.","New York County Court, Columbia County","New York County Court, Columbia County",,,,ST,,State Trial
nycortlandctyct,nycountyct,,,,,,2023-10-03T01:23:55.386Z,False,False,False,366.96531,,Cortland County Court,"New York County Court, Cortland County",,,,ST,,State Trial
nydelawarectyct,nycountyct,,,,,,2023-10-03T01:23:55.393Z,False,False,False,366.965312,,Delaware County Court,"New York County Court, Delaware County",,,,ST,,State Trial
nydutchessctyct,nycountyct,,,,,,2023-10-03T01:23:55.407Z,False,False,False,366.9653125,Dutchess Cty Ct.,Dutchess County Court,"New York County Court, Dutchess County",,,,ST,,State Trial
nyeriectyct,nycountyct,,,,,,2023-10-03T01:23:55.423Z,False,False,False,366.965313,,Erie County Court,"New York County Court, Erie County",,,,ST,,State Trial
nyessexctyct,nycountyct,,,,,,2023-10-03T01:23:55.439Z,False,False,False,366.965314,,Essex County Court,"New York County Court, Essex County",,,,ST,,State Trial
nyfrankctyct,nycountyct,,,,,,2023-10-03T01:23:55.447Z,False,False,False,366.9653141,"N.Y. Cty. Ct., Franklin Cty.","New York County Court, Franklin County","New York County Court, Franklin County",,,,ST,,State Trial
nyfultonctyct,nycountyct,,,,,,2023-10-03T01:23:55.463Z,False,False,False,366.965315,,Fulton County Court,"New York County Court, Fulton County",,,,ST,,State Trial
nygenessctyct,nycountyct,,,,,,2023-10-03T01:23:55.472Z,False,False,False,366.9653155,"N.Y. Cty. Ct., Genesee Cty.","New York County Court, Genesee County","New York County Court, Genesee County",,,,ST,,State Trial
nygreenectyct,nycountyct,,,,,,2023-10-03T01:23:55.483Z,False,False,False,366.965316,,Greene County Court,"New York County Court, Greene County",,,,ST,,State Trial
nyhamilctyct,nycountyct,,,,,,2023-10-03T01:23:55.503Z,False,False,False,366.96531605,"N.Y. Cty. Ct., Hamilton Cty.","New York County Court, Hamilton County","New York County Court, Hamilton County",,,,ST,,State Trial
nyherkimerctyct,nycountyct,,,,,,2023-10-03T01:23:55.519Z,False,False,False,366.965317,,Herkimer County Court,"New York County Court, Herkimer County",,,,ST,,State Trial
nyjeffctyct,nycountyct,,,,,,2023-10-03T01:23:55.529Z,False,False,False,366.9653171,"N.Y. Cty. Ct., Jefferson Cty.","New York County Court, Jefferson County","New York County Court, Jefferson County",,,,ST,,State Trial
nykingsctyct,nycountyct,,,,,,2023-10-03T01:23:55.536Z,False,False,False,366.965318,,Kings County Court,"New York County Court, Kings County",,,,ST,,State Trial
nylewisctyct,nycountyct,,,,,,2023-10-03T01:23:55.542Z,False,False,False,366.965319,,Lewis County Court,"New York County Court, Lewis County",,,,ST,,State Trial
nylivingstctyct,nycountyct,,,,,,2023-10-03T01:23:55.559Z,False,False,False,366.9653195,Livingston Cty Ct.,Livingston County Court,"New York County Court, Livingston County",,,,ST,,State Trial
nymontctyct,nycountyct,,,,,,2023-10-03T01:23:55.571Z,False,False,False,366.96532,,Montgomery County Court,"New York County Court, Montgomery County",,,,ST,,State Trial
nymadctyct,nycountyct,,,,,,2023-10-03T01:23:55.587Z,False,False,False,366.96532213,"N.Y. Cty. Ct., Madison Cty.","New York County Court, Madison County","New York County Court, Madison County",,,,ST,,State Trial
nymonroectyct,nycountyct,,,,,,2023-10-03T01:23:55.603Z,False,False,False,366.96532214,,Monroe County Court,"New York County Court, Monroe County",,,,ST,,State Trial
nynassctyct,nycountyct,,,,,,2023-10-03T01:23:55.618Z,False,False,False,366.96532217,"N.Y. Cty. Ct., Nassau Cty.","New York County Court, Nassau County","New York County Court, Nassau County",,,,ST,,State Trial
nycountyctny,nycountyct,,,,,,2025-04-07T15:37:10.003Z,False,False,False,366.965322175,"N.Y. Cty. Ct., New York Cty.",New York County Court,"New York County Court, New York County",,,,ST,,State Trial
nyniagaractyct,nycountyct,,,,,,2023-10-03T01:23:55.635Z,False,False,False,366.96532218,,Niagara County Court,"New York County Court, Niagara County",,,,ST,,State Trial
nyoniedactyct,nycountyct,,,,,,2023-10-03T01:23:55.651Z,False,False,False,366.965323,,"New York County Court, Onieda County","New York County Court, Onieda County",,,,ST,,State Trial
nyorangectyct,nycountyct,,,,,,2023-10-03T01:23:55.667Z,False,False,False,366.96532513,"N.Y. Cty. Ct., Orange Cty.","New York County Court, Orange County","New York County Court, Orange County",,,,ST,,State Trial
nyoneidactyct,nycountyct,,,,,,2023-10-03T01:23:55.676Z,False,False,False,366.965326,,Oneida County Court,Oneida County Court,,,,ST,,State Trial
nyonondagactyct,nycountyct,,,,,,2023-10-03T01:23:55.688Z,False,False,False,366.965327,,Onondaga County Court,"New York County Court, Onondaga County",,,,ST,,State Trial
nyontarioctyct,nycountyct,,,,,,2023-10-03T01:23:55.703Z,False,False,False,366.965328,,Ontario County Court,"New York County Court, Ontario County",,,,ST,,State Trial
nyorleansctyct,nycountyct,,,,,,2023-10-03T01:23:55.715Z,False,False,False,366.965329,,Orleans County Court,"New York County Court, Orleans County",,,,ST,,State Trial
nyoswegoctyct,nycountyct,,,,,,2023-10-03T01:23:55.731Z,False,False,False,366.96533,,Oswego County Court,"New York County Court, Oswego County",,,,ST,,State Trial
nyotsegoctyct,nycountyct,,,,,,2023-10-03T01:23:55.741Z,False,False,False,366.965331,,Otsego County Court,"New York County Court, Otsego County",,,,ST,,State Trial
nyputnamctyct,nycountyct,,,,,,2023-10-03T01:23:55.755Z,False,False,False,366.9653315,,"County Court of New York, Putnam County","New York County Court, Putnam County",,,,ST,,State Trial
nyqueensctyct,nycountyct,,,,,,2023-10-03T01:23:55.771Z,False,False,False,366.965332,,Queens County Court,"New York County Court, Queens County",,,,ST,,State Trial
nyrensctyct,nycountyct,,,,,,2023-10-03T01:23:55.787Z,False,False,False,366.965333,,Rensselaer County Court,"New York County Court, Rensselaer County",,,,ST,,State Trial
nyrichmondctyct,nycountyct,,,,,,2023-10-03T01:23:55.802Z,False,False,False,366.9653331,"N.Y. Cty. Ct., Richmond Cty.","New York County Court, Richmond County","New York County Court, Richmond County",,,,ST,,State Trial
nyrocklandctyct,nycountyct,,,,,,2023-10-03T01:23:55.811Z,False,False,False,366.965334,,Rockland County Court,"New York County Court, Rockland County",,,,ST,,State Trial
nysaratogactyct,nycountyct,,,,,,2023-10-03T01:23:55.831Z,False,False,False,366.9653341,,New York Saratoga County Court,"New York County Court, Saratoga County",,,,ST,,State Trial
nyschenctyct,nycountyct,,,,,,2023-10-03T01:23:55.847Z,False,False,False,366.965336,,Schenectady County Court,"New York County Court, Schenectady County",,,,ST,,State Trial
nyschoharctyct,nycountyct,,,,,,2023-10-03T01:23:55.863Z,False,False,False,366.965337,,Schoharie County Court,"New York County Court, Schoharie County",,,,ST,,State Trial
nyschuylerctyct,nycountyct,,,,,,2023-10-03T01:23:55.879Z,False,False,False,366.9653375,Schuyler Cty Ct.,Schuyler County Court,"New York County Court, Schuyler County",,,,ST,,State Trial
nysenctyct,nycountyct,,,,,,2023-10-03T01:23:55.892Z,False,False,False,366.96533755,"N.Y. Cty. Ct., Seneca Cty.","New York County Court, Seneca County","New York County Court, Seneca County",,,,ST,,State Trial
nystlawctyct,nycountyct,,,,,,2023-10-03T01:23:55.907Z,False,False,False,366.965338,,St. Lawrence County Court,"New York County Court, St. Lawrence County",,,,ST,,State Trial
nysteubenctyct,nycountyct,,,,,,2023-10-03T01:23:55.927Z,False,False,False,366.965339,,Steuben County Court,"New York County Court, Steuben County",,,,ST,,State Trial
nysuffolkctyct,nycountyct,,,,,,2023-10-03T01:23:55.938Z,False,False,False,366.96534,,Suffolk County Court,"New York County Court, Suffolk County",,,,ST,,State Trial
nysullivanctyct,nycountyct,,,,,,2023-10-03T01:23:55.945Z,False,False,False,366.965341,,Sullivan County Court,"New York County Court, Sullivan County",,,,ST,,State Trial
nytiogactyct,nycountyct,,,,,,2023-10-03T01:23:55.959Z,False,False,False,366.965342,,Tioga County Court,"New York County Court, Tioga County",,,,ST,,State Trial
nytompkinsctyct,nycountyct,,,,,,2023-10-03T01:23:55.970Z,False,False,False,366.9653425,Tompkins Cty Ct.,Tompkins County Court,"New York County Court, Tompkins County",,,,ST,,State Trial
nyulsterctyct,nycountyct,,,,,,2023-10-03T01:23:55.979Z,False,False,False,366.96534251,,Ulster County Court,"New York County Court, Ulster County",,,,ST,,State Trial
nywarrenctyct,nycountyct,,,,,,2023-10-03T01:23:55.995Z,False,False,False,366.96534252,"N.Y. Cty. Ct., Warren Cty.","New York County Court, Warren County","New York County Court, Warren County",,,,ST,,State Trial
nywashctyct,nycountyct,,,,,,2023-10-03T01:23:56.003Z,False,False,False,366.96534253,"N.Y. Cty. Ct., Washington Cty.","New York County Court, Washington County","New York County Court, Washington County",,,,ST,,State Trial
nywaynectyct,nycountyct,,,,,,2023-10-03T01:23:56.009Z,False,False,False,366.965344,,Wayne County Court,"New York County Court, Wayne County",,,,ST,,State Trial
nywestchcty,nycountyct,,,,,,2023-10-03T01:23:56.027Z,False,False,False,366.965345,,Westchester County Court,"New York County Court, Westchester County",,,,ST,,State Trial
nywyomingctyct,nycountyct,,,,,,2023-10-03T01:23:56.038Z,False,False,False,366.9653455,Wyoming Cty Ct.,Wyoming County Court,"New York County Court, Wyoming County",,,,ST,,State Trial
nyyatesctyct,nycountyct,,,,,,2023-10-03T01:23:56.047Z,False,False,False,366.965346,,Yates County Court,"New York County Court, Yates County",,,,ST,,State Trial
nydistct,,,,,,,2024-01-09T19:26:06.469Z,True,True,False,366.965347,,New York District Court,New York District Court,,1937-01-01,,ST,,State Trial
nydistctnassau,nydistct,,,,,,2023-10-03T01:23:56.057Z,False,False,False,366.965348,,Nassau County District Court,Nassau County District Court,,1937-01-01,,ST,,State Trial
nydistctsuffolk,nydistct,,,,,,2023-10-03T01:23:56.075Z,False,False,False,366.965349,,Suffolk County District Court,Suffolk County District Court,,1937-01-01,,ST,,State Trial
nyjustct,,,,,,,2024-01-10T17:18:17.316Z,True,True,False,366.96535,,New York Town and Village Courts,New York Justice Court,,1790-01-01,,ST,,State Trial
nyalbanyjustct,nyjustct,,,,,,2023-10-03T01:23:56.087Z,False,False,False,366.965351,,Albany City Police Court,Albany City Police Court,,,,ST,,State Trial
nyamherstjustct,nyjustct,,,,,,2023-10-03T01:23:56.094Z,False,False,False,366.965352,,Amherst Town Court,Amherst Town Court,,,,ST,,State Trial
nyjustctamsterd,nyjustct,,,,,,2023-10-03T01:23:56.107Z,False,False,False,366.96535201,Amsterdam Police Ct.,Amsterdam Police Court,Amsterdam Police Court,,,,ST,,State Trial
nyjustctarcadia,nyjustct,,,,,,2023-10-03T01:23:56.123Z,False,False,False,366.96535202,Arcadia Just. Ct.,Arcadia Justice Court,Arcadia Justice Court,,,,ST,,State Trial
nyjustctardsley,nyjustct,,,,,,2023-10-03T01:23:56.143Z,False,False,False,366.96535203,Ardsley Just. Ct.,Ardsley Justice Court,Justice Court of Village of Ardsley,,,,ST,,State Trial
nyjustctbellp,nyjustct,,,,,,2024-01-10T17:14:16.066Z,False,False,False,366.965352035,Bellport Vill. Just. Ct.,Bellport Village Court,Justice Court of the Village of Bellport,,,,ST,,State Trial
nyjustctaurora,nyjustct,,,,,,2023-10-03T01:23:56.159Z,False,False,False,366.96535204,Aurora Just. Ct.,Aurora Justice Court,Aurora Justice Court,,,,ST,,State Trial
nyjustctbethl,nyjustct,,,,,,2024-01-10T17:14:16.094Z,False,False,False,366.965352045,Bethlehem Town Just. Ct.,Bethlehem Justice Court,Justice Court Of The Town Of Bethlehem,,,,ST,,State Trial
nyjustctblasdel,nyjustct,,,,,,2023-10-03T01:23:56.172Z,False,False,False,366.96535205,Blasdell Just. Ct.,Blasdell Justice Court,Justice Court of Village of Blasdell,,,,ST,,State Trial
nyjustctbriarcl,nyjustct,,,,,,2023-10-03T01:23:56.183Z,False,False,False,366.96535206,Briarcliff Manor Just. Ct.,Briarcliff Manor Justice Court,Justice Court of Village of Briarcliff Manor,,,,ST,,State Trial
nyjustctbrighto,nyjustct,,,,,,2023-10-03T01:23:56.199Z,False,False,False,366.96535207,Brighton Just. Ct.,Brighton Justice Court,Justice Court of Town of Brighton,,,,ST,,State Trial
nyjustctbronxvi,nyjustct,,,,,,2023-10-03T01:23:56.219Z,False,False,False,366.96535209,Bronxville Just. Ct.,Bronxville Justice Court,Justice Court of Village of Bronxville,,,,ST,,State Trial
nyjustctcambria,nyjustct,,,,,,2024-01-10T17:14:16.097Z,False,False,False,366.965352095,Cambria Town Just. Ct.,Cambria Town Court,Justice Court Of The Town Of Cambria,,,,ST,,State Trial
nyjustctcamillu,nyjustct,,,,,,2023-10-03T01:23:56.235Z,False,False,False,366.9653521,Camillus Just. Ct.,Camillus Justice Court,Camillus Justice Court,,,,ST,,State Trial
nyjustctcanaan,nyjustct,,,,,,2023-10-03T01:23:56.248Z,False,False,False,366.96535211,Canaan Just. Ct.,Canaan Justice Court,Canaan Justice Court,,,,ST,,State Trial
nyjustctcanton,nyjustct,,,,,,2023-10-03T01:23:56.269Z,False,False,False,366.96535212,Canton Just. Ct.,Canton Justice Court,Canton Justice Court,,,,ST,,State Trial
nyjustctcarmel,nyjustct,,,,,,2023-10-03T01:23:56.287Z,False,False,False,366.96535213,Carmel Just. Ct.,Carmel Justice Court,Justice Court of Town of Carmel,,,,ST,,State Trial
nyjustctcayugah,nyjustct,,,,,,2023-10-03T01:23:56.301Z,False,False,False,366.96535214,Cayuga Heights Just. Ct.,Cayuga Heights Justice Court,Justice Court of Village of Cayuga Heights,,,,ST,,State Trial
nyjustctchatam,nyjustct,,,,,,2023-10-03T01:23:56.317Z,False,False,False,366.96535215,Chatam Just. Ct.,Chatam Justice Court,Justice Court of Town of Chatam,,,,ST,,State Trial
nyjustctcheekto,nyjustct,,,,,,2023-10-03T01:23:56.339Z,False,False,False,366.96535216,Cheektowaga Just. Ct.,Cheektowaga Justice Court,Cheektowaga Justice Court,,,,ST,,State Trial
nyjustctchenang,nyjustct,,,,,,2023-10-03T01:23:56.352Z,False,False,False,366.96535217,Chenango Just. Ct.,Chenango Justice Court,Chenango Justice Court,,,,ST,,State Trial
nyjustctchili,nyjustct,,,,,,2023-10-03T01:23:56.363Z,False,False,False,366.96535218,Chili Just. Ct.,Chili Justice Court,Chili Justice Court,,,,ST,,State Trial
nyjustctclarks,nyjustct,,,,,,2023-10-03T01:23:56.372Z,False,False,False,366.96535219,Clarkstown Just. Ct.,Clarkstown Justice Court,Clarkstown Justice Court,,,,ST,,State Trial
nyjustctclifton,nyjustct,,,,,,2023-10-03T01:23:56.384Z,False,False,False,366.9653522,Clifton Park Just. Ct.,Clifton Park Justice Court,Clifton Park Justice Court,,,,ST,,State Trial
nyjustctcohoes,nyjustct,,,,,,2023-10-03T01:23:56.396Z,False,False,False,366.96535221,Cohoes Police Ct.,Cohoes Police Court,Cohoes Police Court,,,,ST,,State Trial
nyjustctclinton,nyjustct,,,,,,2024-01-10T17:14:16.100Z,False,False,False,366.96535225,Clinton Town Just. Ct.,Clinton Town Court,Justice Court of the Town of Clinton,,,,ST,,State Trial
nycoloniejustct,nyjustct,,,,,,2023-10-03T01:23:56.404Z,False,False,False,366.965353,,Colonie Justice Court,Colonie Justice Court,,,,ST,,State Trial
nyjustctcornwal,nyjustct,,,,,,2023-10-03T01:23:56.414Z,False,False,False,366.96535301,Cornwall Just. Ct.,Cornwall Justice Court,Cornwall Justice Court,,,,ST,,State Trial
nyjustctcortlan,nyjustct,,,,,,2023-10-03T01:23:56.435Z,False,False,False,366.96535302,Cortlandt Town Ct.,Cortlandt Town Court,Cortlandt Town Court,,,,ST,,State Trial
nyjustctdeerp,nyjustct,,,,,,2024-01-10T17:14:16.103Z,False,False,False,366.965353025,Deerpark Town Just. Ct.,Deerpark Town Court,Justice Court of the Town of Deerpark,,,,ST,,State Trial
nyjustctdepew,nyjustct,,,,,,2023-10-03T01:23:56.451Z,False,False,False,366.96535303,Depew Just. Ct.,Depew Justice Court,Depew Justice Court,,,,ST,,State Trial
nyjustctdewitt,nyjustct,,,,,,2023-10-03T01:23:56.458Z,False,False,False,366.96535304,DeWitt Just. Ct.,DeWitt Justice Court,DeWitt Justice Court,,,,ST,,State Trial
nyjustctdickins,nyjustct,,,,,,2023-10-03T01:23:56.471Z,False,False,False,366.96535305,Dickinson Just. Ct.,Dickinson Justice Court,Dickinson Justice Court,,,,ST,,State Trial
nyjustctdix,nyjustct,,,,,,2023-10-03T01:23:56.482Z,False,False,False,366.96535306,Dix Town Ct.,Dix Town Court,Dix Town Court,,,,ST,,State Trial
nyjustctdobbsfe,nyjustct,,,,,,2023-10-03T01:23:56.499Z,False,False,False,366.96535307,Dobbs Ferry Just. Ct.,Dobbs Ferry Justice Court,Dobbs Ferry Justice Court,,,,ST,,State Trial
nyjustctefishk,nyjustct,,,,,,2024-01-10T17:14:16.105Z,False,False,False,366.965353075,East Fishkill Town Just. Ct.,East Fishkill Town Court,Justice Court Of The Town Of East Fishkill,,,,ST,,State Trial
nyjustcteastroc,nyjustct,,,,,,2023-10-03T01:23:56.507Z,False,False,False,366.96535308,East Rochester Just. Ct.,East Rochester Justice Court,East Rochester Justice Court,,,,ST,,State Trial
nyjustcteastche,nyjustct,,,,,,2023-10-03T01:23:56.520Z,False,False,False,366.96535309,Eastchester Just. Ct.,Eastchester Justice Court,Eastchester Justice Court,,,,ST,,State Trial
nyjustctelma,nyjustct,,,,,,2023-10-03T01:23:56.531Z,False,False,False,366.9653531,Elma Just. Ct.,Elma Justice Court,Elma Justice Court,,,,ST,,State Trial
nyjustctelmsfor,nyjustct,,,,,,2023-10-03T01:23:56.553Z,False,False,False,366.96535311,Elmsford Just. Ct.,Elmsford Justice Court,Justice Court of Village of Elmsford,,,,ST,,State Trial
nyjustctfairpor,nyjustct,,,,,,2023-10-03T01:23:56.567Z,False,False,False,366.96535312,Fairport Just. Ct.,Fairport Justice Court,Justice Court of Village of Fairport,,,,ST,,State Trial
nyjustctfarmi,nyjustct,,,,,,2024-01-10T17:14:16.108Z,False,False,False,366.965353125,Farmingdale Vill. Just. Ct.,Farmingdale Village Court,Justice Court of the Village of Farmingdale,,,,ST,,State Trial
nyjustctfishkil,nyjustct,,,,,,2023-10-03T01:23:56.576Z,False,False,False,366.96535313,Fishkill Just. Ct.,Fishkill Justice Court,Justice Court of Town of Fishkill,,,,ST,,State Trial
nyjustctfleisch,nyjustct,,,,,,2023-10-03T01:23:56.591Z,False,False,False,366.96535314,Fleischmanns Just. Ct.,Fleischmanns Justice Court,Justice Court of Village of Fleischmanns,,,,ST,,State Trial
nyjustctfrankfo,nyjustct,,,,,,2023-10-03T01:23:56.611Z,False,False,False,366.96535315,Frankfort Just. Ct.,Frankfort Justice Court,Frankfort Justice Court,,,,ST,,State Trial
nygardjust,nyjustct,,,,,,2023-10-03T01:23:56.629Z,False,False,False,366.965354,,Garden City Police Court,Garden City Police Court,,,,ST,,State Trial
nyjustctgates,nyjustct,,,,,,2023-10-03T01:23:56.644Z,False,False,False,366.9653542,Gates Town Ct.,Gates Town Court,Gates Town Court,,,,ST,,State Trial
nyjustctgeneseo,nyjustct,,,,,,2023-10-03T01:23:56.657Z,False,False,False,366.9653543,Geneseo Just. Ct.,Geneseo Justice Court,Geneseo Justice Court,,,,ST,,State Trial
nyjustctgeneva,nyjustct,,,,,,2024-01-10T17:14:16.112Z,False,False,False,366.96535435,Geneva Town Just. Ct.,Geneva Town Court,Justice Court of the Town of Geneva,,,,ST,,State Trial
nygtnkpljustct,nyjustct,,,,,,2023-10-03T01:23:56.671Z,False,False,False,366.965355,,Great Neck Plaza Village Court,Great Neck Plaza Village Court,,,,ST,,State Trial
nyjustctgreece,nyjustct,,,,,,2023-10-03T01:23:56.683Z,False,False,False,366.9653551,Greece Just. Ct.,Greece Justice Court,Greece Justice Court,,,,ST,,State Trial
nyjustctgreenpo,nyjustct,,,,,,2023-10-03T01:23:56.702Z,False,False,False,366.9653553,Greenport Just. Ct.,Greenport Justice Court,Town of Greenport Justice Court,,,,ST,,State Trial
nyjustcthampt,nyjustct,,,,,,2024-01-10T17:14:16.115Z,False,False,False,366.96535535,Hamptonburgh Town Just. Ct.,Hamptonburgh Town Court,Justice Court Of The Town Of Hamptonburgh,,,,ST,,State Trial
nyjustctharriso,nyjustct,,,,,,2023-10-03T01:23:56.711Z,False,False,False,366.9653554,Harrison Town Ct.,Harrison Town Court,Harrison Town Court,,,,ST,,State Trial
nyjustcthasting,nyjustct,,,,,,2023-10-03T01:23:56.718Z,False,False,False,366.9653555,Hastings-on-Hudson Just. Ct.,Hastings-on-Hudson Justice Court,Justice Court of Village of Hastings-on-Hudson,,,,ST,,State Trial
nyjustcthaverst,nyjustct,,,,,,2023-10-03T01:23:56.727Z,False,False,False,366.9653556,Haverstraw Just. Ct.,Haverstraw Justice Court,Haverstraw Justice Court,,,,ST,,State Trial
nyhempjustct,nyjustct,,,,,,2023-10-03T01:23:56.738Z,False,False,False,366.965356,,Hempstead Justice Court,Hempstead Justice Court,,,,ST,,State Trial
nyjustcthenriet,nyjustct,,,,,,2023-10-03T01:23:56.746Z,False,False,False,366.9653561,Henrietta Just. Ct.,Henrietta Justice Court,Henrietta Justice Court,,,,ST,,State Trial
nyjustctherkime,nyjustct,,,,,,2023-10-03T01:23:56.757Z,False,False,False,366.9653562,Herkimer Just. Ct.,Herkimer Justice Court,Herkimer Justice Court,,,,ST,,State Trial
nyjustcthighlan,nyjustct,,,,,,2023-10-03T01:23:56.775Z,False,False,False,366.9653563,Highlands Just. Ct.,Highlands Justice Court,Highlands Justice Court,,,,ST,,State Trial
nyjustcthorsehe,nyjustct,,,,,,2023-10-03T01:23:56.795Z,False,False,False,366.9653564,Horseheads Just. Ct.,Horseheads Justice Court,Horseheads Justice Court,,,,ST,,State Trial
nyhunterjustct,nyjustct,,,,,,2023-10-03T01:23:56.807Z,False,False,False,366.965357,,Hunter Justice Court,Hunter Justice Court,,,,ST,,State Trial
nyjustcthunting,nyjustct,,,,,,2023-10-03T01:23:56.823Z,False,False,False,366.9653572,Huntington Bay Just. Ct.,Huntington Bay Justice Court,Justice Court of Village of Huntington Bay,,,,ST,,State Trial
nyhydepkjustct,nyjustct,,,,,,2023-10-03T01:23:56.839Z,False,False,False,366.965358,,Hyde Park Justice Court,Hyde Park Justice Court,,,,ST,,State Trial
nyjustctirondeq,nyjustct,,,,,,2023-10-03T01:23:56.855Z,False,False,False,366.9653585,Irondequoit Just. Ct.,Irondequoit Justice Court,Justice Court of Town of Irondequoit,,,,ST,,State Trial
nybedfordjustct,nyjustct,,,,,,2023-10-03T01:23:56.871Z,False,False,False,366.965359,,Justice Court of Town of Bedford,Justice Court of Town of Bedford,,,,ST,,State Trial
nygreenbjustct,nyjustct,,,,,,2023-10-03T01:23:56.883Z,False,False,False,366.96536,,Justice Court of Town of Greenburgh,Justice Court of Town of Greenburgh,,,,ST,,State Trial
nykensjustct,nyjustct,,,,,,2023-10-03T01:23:56.894Z,False,False,False,366.965361,,Kensington Village Court,Kensington Village Court,,,,ST,,State Trial
nykinderjustct,nyjustct,,,,,,2023-10-03T01:23:56.900Z,False,False,False,366.965362,,Kinderhook Justice Court,Kinderhook Justice Court,,,,ST,,State Trial
nyjustctkingspo,nyjustct,,,,,,2023-10-03T01:23:56.907Z,False,False,False,366.9653622,Kings Point Just. Ct.,Kings Point Justice Court,Justice Court of Village of Kings Point,,,,ST,,State Trial
nyjustctkingsbu,nyjustct,,,,,,2023-10-03T01:23:56.919Z,False,False,False,366.9653624,Kingsbury Just. Ct.,Kingsbury Justice Court,Kingsbury Justice Court,,,,ST,,State Trial
nylagrjustct,nyjustct,,,,,,2023-10-03T01:23:56.935Z,False,False,False,366.965363,,LaGrange Justice Court,LaGrange Justice Court,,,,ST,,State Trial
nyjustctlarchmo,nyjustct,,,,,,2023-10-03T01:23:56.945Z,False,False,False,366.9653631,Larchmont Just. Ct.,Larchmont Justice Court,Justice Court of Village of Larchmont,,,,ST,,State Trial
nyjustctlatting,nyjustct,,,,,,2023-10-03T01:23:56.954Z,False,False,False,366.9653632,Lattingtown Village Ct.,Lattingtown Village Court,Lattingtown Village Court,,,,ST,,State Trial
nyjustctlindenh,nyjustct,,,,,,2023-10-03T01:23:56.968Z,False,False,False,366.9653633,Lindenhurst Just. Ct.,Lindenhurst Justice Court,Justice Court of Village of Lindenhurst,,,,ST,,State Trial
nyjustctlloydha,nyjustct,,,,,,2023-10-03T01:23:56.981Z,False,False,False,366.9653634,Lloyd Harbor Village Police Ct.,Lloyd Harbor Village Police Court,Lloyd Harbor Village Police Court,,,,ST,,State Trial
nyjustctlockpor,nyjustct,,,,,,2023-10-03T01:23:56.999Z,False,False,False,366.9653635,Lockport Just. Ct.,Lockport Justice Court,Justice Court of Town of Lockport,,,,ST,,State Trial
nyjustctlowvill,nyjustct,,,,,,2023-10-03T01:23:57.015Z,False,False,False,366.9653636,Lowville Just. Ct.,Lowville Justice Court,Lowville Justice Court,,,,ST,,State Trial
nyjustctlynbroo,nyjustct,,,,,,2023-10-03T01:23:57.028Z,False,False,False,366.9653637,Lynbrook Just. Ct.,Lynbrook Justice Court,Village Justice Court of Village of Lynbrook,,,,ST,,State Trial
nyjustctmamaron,nyjustct,,,,,,2023-10-03T01:23:57.039Z,False,False,False,366.9653638,Mamaroneck Just. Ct.,Mamaroneck Justice Court,Mamaroneck Justice Court,,,,ST,,State Trial
nyjustctmassape,nyjustct,,,,,,2023-10-03T01:23:57.050Z,False,False,False,366.9653639,Massapequa Just. Ct.,Massapequa Justice Court,Justice Court of Village of Massapequa,,,,ST,,State Trial
nymassapkjustct,nyjustct,,,,,,2023-10-03T01:23:57.057Z,False,False,False,366.965364,,Massapequa Park Justice Court,Massapequa Park Justice Court,,,,ST,,State Trial
nyjustctmassena,nyjustct,,,,,,2023-10-03T01:23:57.064Z,False,False,False,366.96536401,Massena City Police Ct.,Massena City Police Court,Massena City Police Court,,,,ST,,State Trial
nyjustctmaybroo,nyjustct,,,,,,2023-10-03T01:23:57.077Z,False,False,False,366.96536402,Maybrook Police Ct.,Maybrook Police Court,Maybrook Police Court,,,,ST,,State Trial
nyjustctmendon,nyjustct,,,,,,2023-10-03T01:23:57.088Z,False,False,False,366.96536403,Mendon Just. Ct.,Mendon Justice Court,Mendon Justice Court,,,,ST,,State Trial
nyjustctmillert,nyjustct,,,,,,2023-10-03T01:23:57.103Z,False,False,False,366.96536404,Millerton Village Ct.,Millerton Village Court,Millerton Village Court,,,,ST,,State Trial
nyjustctmonroe,nyjustct,,,,,,2023-10-03T01:23:57.119Z,False,False,False,366.96536405,Monroe Just. Ct.,Monroe Justice Court,Monroe Justice Court,,,,ST,,State Trial
nyjustctmonte,nyjustct,,,,,,2024-01-10T17:14:16.118Z,False,False,False,366.965364055,Montebello Vill. Just. Ct.,Montebello Village Court,Justice Court of Village of Montebello,,,,ST,,State Trial
nyjustctmontice,nyjustct,,,,,,2023-10-03T01:23:57.125Z,False,False,False,366.96536406,Monticello Just. Ct.,Monticello Justice Court,Justice Court of Village of Monticello,,,,ST,,State Trial
nyjustctmountki,nyjustct,,,,,,2023-10-03T01:23:57.134Z,False,False,False,366.96536407,Mount Kisco Police Ct.,Mount Kisco Police Court,Mount Kisco Police Court,,,,ST,,State Trial
nyjustctmutton,nyjustct,,,,,,2023-10-03T01:23:57.141Z,False,False,False,366.96536408,Muttontown Just. Ct.,Muttontown Justice Court,Justice Court of Village of Muttontown,,,,ST,,State Trial
nyjustctnewpalt,nyjustct,,,,,,2023-10-03T01:23:57.155Z,False,False,False,366.96536409,New Paltz Just. Ct.,New Paltz Justice Court,New Paltz Justice Court,,,,ST,,State Trial
nyjustctnewscot,nyjustct,,,,,,2024-01-10T17:14:16.120Z,False,False,False,366.965364095,New Scotland Town Just. Ct.,New Scotland Town Court,Justice Court Of The Town Of New Scotland,,,,ST,,State Trial
nyjustctnewwind,nyjustct,,,,,,2023-10-03T01:23:57.165Z,False,False,False,366.9653641,New Windsor Just. Ct.,New Windsor Justice Court,New Windsor Justice Court,,,,ST,,State Trial
nyjustctmills,nyjustct,,,,,,2023-10-03T01:23:57.172Z,False,False,False,366.96536411,New York Mills Village Ct.,New York Mills Village Court,New York Mills Village Court,,,,ST,,State Trial
nyjustctnewark,nyjustct,,,,,,2023-10-03T01:23:57.194Z,False,False,False,366.96536412,Newark Just. Ct.,Newark Justice Court,Justice Court of Village of Newark,,,,ST,,State Trial
nyjustctnewburg,nyjustct,,,,,,2023-10-03T01:23:57.204Z,False,False,False,366.96536414,Newburgh Just. Ct.,Newburgh Justice Court,Justice Court of Town of Newburgh,,,,ST,,State Trial
nyjustctniska,nyjustct,,,,,,2024-01-10T17:14:16.123Z,False,False,False,366.965364145,Niskayuna Town Just. Ct.,Niskayuna Town Court,Justice Court of the Town of Niskayuna,,,,ST,,State Trial
nyjustctnorthca,nyjustct,,,,,,2023-10-03T01:23:57.220Z,False,False,False,366.96536415,North Castle Just. Ct.,North Castle Justice Court,North Castle Justice Court,,,,ST,,State Trial
nyjustctnorthgr,nyjustct,,,,,,2023-10-03T01:23:57.232Z,False,False,False,366.96536416,North Greenbush Just. Ct.,North Greenbush Justice Court,North Greenbush Justice Court,,,,ST,,State Trial
nyjustctnorthhi,nyjustct,,,,,,2023-10-03T01:23:57.247Z,False,False,False,366.96536417,North Hills Just. Ct.,North Hills Justice Court,Justice Court of Village of North Hills,,,,ST,,State Trial
nyjustctnorthp,nyjustct,,,,,,2024-01-10T17:14:16.126Z,False,False,False,366.965364175,Northport Vill. Just. Ct.,Northport Village Court,Justice Court of the Village of Northport,,,,ST,,State Trial
nyjustctthenyac,nyjustct,,,,,,2023-10-03T01:23:57.259Z,False,False,False,366.96536418,Nyack Just. Ct.,Nyack Justice Court,Justice Court of the Village of Nyack,,,,ST,,State Trial
nyjustctoakfiel,nyjustct,,,,,,2023-10-03T01:23:57.279Z,False,False,False,366.96536419,Oakfield Just. Ct.,Oakfield Justice Court,Oakfield Justice Court,,,,ST,,State Trial
nyjustctoceanbe,nyjustct,,,,,,2023-10-03T01:23:57.285Z,False,False,False,366.9653642,Ocean Beach Just. Ct.,Ocean Beach Justice Court,Justice Court of Village of Ocean Beach,,,,ST,,State Trial
nyjustctogden,nyjustct,,,,,,2023-10-03T01:23:57.293Z,False,False,False,366.96536421,Ogden Just. Ct.,Ogden Justice Court,Ogden Justice Court,,,,ST,,State Trial
nyjustctonondag,nyjustct,,,,,,2023-10-03T01:23:57.303Z,False,False,False,366.96536422,Onondaga Town Ct.,Onondaga Town Court,Onondaga Town Court,,,,ST,,State Trial
nyjustctorange,nyjustct,,,,,,2023-10-03T01:23:57.309Z,False,False,False,366.96536423,Orangetown Just. Ct.,Orangetown Justice Court,Orangetown Justice Court,,,,ST,,State Trial
nyjustctorchard,nyjustct,,,,,,2023-10-03T01:23:57.331Z,False,False,False,366.96536424,Orchard Park Just. Ct.,Orchard Park Justice Court,Justice Court of Village of Orchard Park,,,,ST,,State Trial
nyjustctossinin,nyjustct,,,,,,2023-10-03T01:23:57.342Z,False,False,False,366.96536425,Ossining Just. Ct.,Ossining Justice Court,Justice Court of Town of Ossining,,,,ST,,State Trial
nyjustctowego,nyjustct,,,,,,2023-10-03T01:23:57.359Z,False,False,False,366.96536426,Owego Just. Ct.,Owego Justice Court,Owego Justice Court,,,,ST,,State Trial
nyjustctoysterb,nyjustct,,,,,,2024-01-10T17:14:16.129Z,False,False,False,366.965364262,Oyster Bay Cove Vill. Just. Ct.,Oyster Bay Cove Village Court,Justice Court Of The Village Of Oyster Bay Cove,,,,ST,,State Trial
nyjustctparma,nyjustct,,,,,,2024-01-10T17:14:16.131Z,False,False,False,366.965364264,Parma Vill. Just. Ct.,Parma Village Court,Justice Court of Village of Parma,,,,ST,,State Trial
nyjustctpendl,nyjustct,,,,,,2024-01-10T17:14:16.134Z,False,False,False,366.965364266,Pendleton Town Just. Ct.,Pendleton Town Court,Justice Court of Town of Pendleton,,,,ST,,State Trial
nyjustctpenfiel,nyjustct,,,,,,2023-10-03T01:23:57.366Z,False,False,False,366.96536427,Penfield Just. Ct.,Penfield Justice Court,Penfield Justice Court,,,,ST,,State Trial
nyjustctperinto,nyjustct,,,,,,2023-10-03T01:23:57.378Z,False,False,False,366.96536428,Perinton Just. Ct.,Perinton Justice Court,Justice Court of Town of Perinton,,,,ST,,State Trial
nyjustctpierm,nyjustct,,,,,,2024-01-10T17:14:16.137Z,False,False,False,366.965364285,Piermont Vill. Just. Ct.,Piermont Village Court,Justice Court of the Village of Piermont,,,,ST,,State Trial
nyjustctpleasan,nyjustct,,,,,,2023-10-03T01:23:57.391Z,False,False,False,366.96536429,Pleasant Valley Just. Ct.,Pleasant Valley Justice Court,Pleasant Valley Justice Court,,,,ST,,State Trial
nyjustctportche,nyjustct,,,,,,2023-10-03T01:23:57.407Z,False,False,False,366.96536431,Port Chester Just. Ct.,Port Chester Justice Court,Justice Court of Village of Port Chester,,,,ST,,State Trial
nyjustctportwa,nyjustct,,,,,,2024-01-10T17:14:16.139Z,False,False,False,366.965364315,Port Washington Vill. Just. Ct.,Port Washington Village Court,Justice Court of Village of Port Washington,,,,ST,,State Trial
nyjustctpoughke,nyjustct,,,,,,2023-10-03T01:23:57.420Z,False,False,False,366.96536432,Poughkeepsie Just. Ct.,Poughkeepsie Justice Court,Poughkeepsie Justice Court,,,,ST,,State Trial
nyjustctpoundri,nyjustct,,,,,,2023-10-03T01:23:57.439Z,False,False,False,366.96536433,Pound Ridge Just. Ct.,Pound Ridge Justice Court,Justice Court of Village of Pound Ridge,,,,ST,,State Trial
nyjustctramapo,nyjustct,,,,,,2023-10-03T01:23:57.447Z,False,False,False,366.96536434,Ramapo Just. Ct.,Ramapo Justice Court,Justice Court of Town of Ramapo,,,,ST,,State Trial
nyjustctredhook,nyjustct,,,,,,2023-10-03T01:23:57.456Z,False,False,False,366.96536435,Red Hook Just. Ct.,Red Hook Justice Court,Justice Court of Village of Red Hook,,,,ST,,State Trial
nyjustctrhinebe,nyjustct,,,,,,2023-10-03T01:23:57.471Z,False,False,False,366.96536436,Rhinebeck Just. Ct.,Rhinebeck Justice Court,Justice Court of Town of Rhinebeck,,,,ST,,State Trial
nyjustctrockvil,nyjustct,,,,,,2023-10-03T01:23:57.485Z,False,False,False,366.96536437,Rockville Centre Village Ct.,Rockville Centre Village Court,Rockville Centre Village Court,,,,ST,,State Trial
nyjustctroslynh,nyjustct,,,,,,2023-10-03T01:23:57.495Z,False,False,False,366.96536438,Roslyn Harbor Just. Ct.,Roslyn Harbor Justice Court,Justice Court of Village of Roslyn Harbor,,,,ST,,State Trial
nyjustctsandlak,nyjustct,,,,,,2023-10-03T01:23:57.502Z,False,False,False,366.9653644,Sand Lake Just. Ct.,Sand Lake Justice Court,Sand Lake Justice Court,,,,ST,,State Trial
nyjustctscarsda,nyjustct,,,,,,2023-10-03T01:23:57.516Z,False,False,False,366.96536441,Scarsdale Just. Ct.,Scarsdale Justice Court,Justice Court of Scarsdale,,,,ST,,State Trial
nyjustctschuyle,nyjustct,,,,,,2023-10-03T01:23:57.531Z,False,False,False,366.96536442,Schuyler Just. Ct.,Schuyler Justice Court,Schuyler Justice Court,,,,ST,,State Trial
nyjustctseaclif,nyjustct,,,,,,2023-10-03T01:23:57.547Z,False,False,False,366.96536443,Sea Cliff Just. Ct.,Sea Cliff Justice Court,Sea Cliff Justice Court,,,,ST,,State Trial
nyjustctsleepyh,nyjustct,,,,,,2023-10-03T01:23:57.562Z,False,False,False,366.96536444,Sleepy Hollow Just. Ct.,Sleepy Hollow Justice Court,Justice Court of Village of Sleepy Hollow,,,,ST,,State Trial
nyjustctsomers,nyjustct,,,,,,2024-01-10T17:14:16.142Z,False,False,False,366.965364445,Somers Town Just. Ct.,Somers Town Court,Justice Court of the Town of Somers,,,,ST,,State Trial
nyjustctsouthny,nyjustct,,,,,,2023-10-03T01:23:57.580Z,False,False,False,366.96536445,South Nyack Just. Ct.,South Nyack Justice Court,Justice Court of Village of South Nyack,,,,ST,,State Trial
nyjustctspringc,nyjustct,,,,,,2023-10-03T01:23:57.595Z,False,False,False,366.96536446,Spring City Police Ct.,Spring City Police Court,Spring City Police Court,,,,ST,,State Trial
nyjustctspringv,nyjustct,,,,,,2023-10-03T01:23:57.611Z,False,False,False,366.96536447,Spring Valley Just. Ct.,Spring Valley Justice Court,Justice Court of Village of Spring Valley,,,,ST,,State Trial
nyjustctstarkey,nyjustct,,,,,,2023-10-03T01:23:57.625Z,False,False,False,366.96536448,Starkey Town Ct.,Starkey Town Court,Starkey Town Court,,,,ST,,State Trial
nyjustctstuyv,nyjustct,,,,,,2024-01-10T17:14:16.145Z,False,False,False,366.965364485,"Stuyvesant Town Just. Ct., Columbia Cty.",Stuyvesant Town Court,"Justice Court Of The Town Of Stuyvesant, Columbia County",,,,ST,,State Trial
nyjustctsuffern,nyjustct,,,,,,2023-10-03T01:23:57.637Z,False,False,False,366.96536449,Suffern Just. Ct.,Suffern Justice Court,Justice Court of Village of Suffern,,,,ST,,State Trial
nytaghjustct,nyjustct,,,,,,2023-10-03T01:23:57.647Z,False,False,False,366.965365,,Taghkanic Justice Court,Taghkanic Justice Court,,,,ST,,State Trial
nyjustcttarryt,nyjustct,,,,,,2024-01-10T17:14:16.147Z,False,False,False,366.9653653,Tarrytown Town Just. Ct.,Tarrytown Town Court,Justice Court of The Town Of Tarrytown,,,,ST,,State Trial
nyjustcttonawan,nyjustct,,,,,,2023-10-03T01:23:57.659Z,False,False,False,366.9653655,Tonawanda Just. Ct.,Tonawanda Justice Court,Justice Court of Tonawanda,,,,ST,,State Trial
nytroyjustct,nyjustct,,,,,,2023-10-03T01:23:57.671Z,False,False,False,366.965366,,Troy City Police Court,Troy City Police Court,,,,ST,,State Trial
nyjustcttuckaho,nyjustct,,,,,,2023-10-03T01:23:57.683Z,False,False,False,366.9653662,Tuckahoe Just. Ct.,Tuckahoe Justice Court,Justice Court of Village of Tuckahoe,,,,ST,,State Trial
nyjustcttuxedo,nyjustct,,,,,,2024-01-10T17:14:16.151Z,False,False,False,366.9653663,Tuxedo Vill. Just. Ct.,Tuxedo Justice Court,Justice Court of the Village of Tuxedo,,,,ST,,State Trial
nyjustctulster,nyjustct,,,,,,2023-10-03T01:23:57.699Z,False,False,False,366.9653664,Ulster Just. Ct.,Ulster Justice Court,Ulster Justice Court,,,,ST,,State Trial
nyvalstrjustct,nyjustct,,,,,,2023-10-03T01:23:57.711Z,False,False,False,366.965367,,Valley Stream Justice Court,Valley Stream Justice Court,,,,ST,,State Trial
nyjustctwapping,nyjustct,,,,,,2023-10-03T01:23:57.720Z,False,False,False,366.965368,Wappinger Just. Ct.,Wappinger Justice Court,Wappinger Justice Court,,,,ST,,State Trial
nywebsterjustct,nyjustct,,,,,,2023-10-03T01:23:57.726Z,False,False,False,366.965369,,Webster Justice Court,Webster Justice of the Peace Court,,,,ST,,State Trial
nyjustctwells,nyjustct,,,,,,2024-01-10T17:14:16.154Z,False,False,False,366.9653695,Wells Town Just. Ct.,Wells Town Court,Justice Court of Town of Wells,,,,ST,,State Trial
nyjustctwestbur,nyjustct,,,,,,2023-10-03T01:23:57.739Z,False,False,False,366.96537,Westbury Just. Ct.,Westbury Justice Court,Justice Court of Village of Westbury,,,,ST,,State Trial
nyjustctwoodbur,nyjustct,,,,,,2023-10-03T01:23:57.755Z,False,False,False,366.965371,Woodbury Just. Ct.,Woodbury Justice Court,Woodbury Justice Court,,,,ST,,State Trial
nyjustctwoodsto,nyjustct,,,,,,2023-10-03T01:23:57.762Z,False,False,False,366.965372,Woodstock Just. Ct.,Woodstock Justice Court,Justice Court of Village of Woodstock,,,,ST,,State Trial
nyjustctyonkers,nyjustct,,,,,,2023-10-03T01:23:57.771Z,False,False,False,366.965373,Yonkers Just. Ct.,Yonkers Justice Court,Yonkers Justice Court,,,,ST,,State Trial
nyjustctyork,nyjustct,,,,,,2023-10-03T01:23:57.787Z,False,False,False,366.965374,Yorktown Just. Ct.,Yorktown Justice Court,Justice Court of Town of Yorktown,,,,ST,,State Trial
nycityct,,,,,,,2024-01-09T19:23:40.981Z,False,True,False,366.9655,,New York City Court,New York City Court,,,,ST,,State Trial
nynyccityct,nycityct,,,,,,2023-10-03T01:23:57.799Z,False,False,False,366.965501,,City of New York Municipal Court,City of New York Municipal Court,,1846-01-01,,ST,,State Trial
nyalbanycityct,nycityct,,,,,,2023-10-03T01:23:57.815Z,False,False,False,366.965502,,Albany City Court,Albany City Court,,,,ST,,State Trial
nyamsterdcityct,nycityct,,,,,,2023-10-03T01:23:57.831Z,False,False,False,366.9655022,Amsterdam City Ct.,Amsterdam City Court,Amsterdam City Court,,,,ST,,State Trial
nyauburncityct,nycityct,,,,,,2023-10-03T01:23:57.847Z,False,False,False,366.9655024,Auburn City Ct.,Auburn City Court,Auburn City Court,,,,ST,,State Trial
nybataviacityct,nycityct,,,,,,2023-10-03T01:23:57.853Z,False,False,False,366.9655026,Batavia City Ct.,Batavia City Court,Batavia City Court,,,,ST,,State Trial
nybingcityct,nycityct,,,,,,2023-10-03T01:23:57.871Z,False,False,False,366.965503,,Binghamton City Court,Binghamton City Court,,,,ST,,State Trial
nybuffalocityct,nycityct,,,,,,2023-10-03T01:23:57.883Z,False,False,False,366.965504,,Buffalo City Court,Buffalo City Court,,,,ST,,State Trial
nycanandcityct,nycityct,,,,,,2023-10-03T01:23:57.895Z,False,False,False,366.965506,,Canandaigua City Court,Canandaigua City Court,,,,ST,,State Trial
nycityctclinton,nycityct,,,,,,2024-01-10T17:15:30.060Z,False,False,False,366.9655065,"N.Y. City Ct., Clinton",Clinton City Court,"Clinton City Court, New York",,,,ST,,State Trial
nycohoescityct,nycityct,,,,,,2023-10-03T01:23:57.911Z,False,False,False,366.965507,,Cohoes City Court,Cohoes City Court,,,,ST,,State Trial
nycortlcityct,nycityct,,,,,,2023-10-03T01:23:57.922Z,False,False,False,366.9655071,Cortland City Ct.,Cortland City Court,Cortland City Court,,,,ST,,State Trial
nydunkirkcityct,nycityct,,,,,,2023-10-03T01:23:57.943Z,False,False,False,366.9655073,Dunkirk City Ct.,Dunkirk City Court,Dunkirk City Court,,,,ST,,State Trial
nyelmiracityct,nycityct,,,,,,2023-10-03T01:23:57.953Z,False,False,False,366.9655075,Elmira City Ct.,Elmira City Court,Elmira City Court,,,,ST,,State Trial
nyfultoncityct,nycityct,,,,,,2023-10-03T01:23:57.970Z,False,False,False,366.9655077,Fulton City Ct.,Fulton City Court,Fulton City Court,,,,ST,,State Trial
nygenevacityct,nycityct,,,,,,2023-10-03T01:23:57.987Z,False,False,False,366.9655078,Geneva City Ct.,Geneva City Court,Geneva City Court,,,,ST,,State Trial
nyglensfcityct,nycityct,,,,,,2023-10-03T01:23:58.003Z,False,False,False,366.9655079,Glens Falls City Ct.,Glens Falls City Court,Glens Falls City Court,,,,ST,,State Trial
nygloverscityct,nycityct,,,,,,2023-10-03T01:23:58.019Z,False,False,False,366.965508,,Gloversville City Court,Gloversville City Court,,,,ST,,State Trial
nyhornellcityct,nycityct,,,,,,2023-10-03T01:23:58.028Z,False,False,False,366.965509,,Hornell City Court,Hornell City Court,,,,ST,,State Trial
nyhudsoncityct,nycityct,,,,,,2023-10-03T01:23:58.042Z,False,False,False,366.9655095,Hudson City Ct.,Hudson City Court,Hudson City Court,,,,ST,,State Trial
nyithacacityct,nycityct,,,,,,2023-10-03T01:23:58.058Z,False,False,False,366.96551,,Ithaca City Court,Ithaca City Court,,,,ST,,State Trial
nyjamescityct,nycityct,,,,,,2023-10-03T01:23:58.067Z,False,False,False,366.965511,,Jamestown City Court,Jamestown City Court,,,,ST,,State Trial
nykingstcityct,nycityct,,,,,,2023-10-03T01:23:58.073Z,False,False,False,366.9655112,Kingston City Ct.,Kingston City Court,Kingston City Court,,,,ST,,State Trial
nylackawcityct,nycityct,,,,,,2023-10-03T01:23:58.083Z,False,False,False,366.9655114,Lackawanna City Ct.,Lackawanna City Court,Lackawanna City Court,,,,ST,,State Trial
nycityctlittlef,nycityct,,,,,,2024-01-10T17:15:30.065Z,False,False,False,366.9655116,"N.Y. City Ct., Little Falls",City Court Of Little Falls,"City Court Of Little Falls, New York",,,,ST,,State Trial
nylockpcityct,nycityct,,,,,,2024-01-10T17:15:30.068Z,False,False,False,366.9655118,"N.Y. City Ct., Lockport",Lockport City Court,"Lockport City Court, New York",,,,ST,,State Trial
nylbccityct,nycityct,,,,,,2023-10-03T01:23:58.098Z,False,False,False,366.965512,,Long Beach City Court,Long Beach City Court,,,,ST,,State Trial
nymiddletcityct,nycityct,,,,,,2023-10-03T01:23:58.111Z,False,False,False,366.965513,,Middletown City Court,Middletown City Court,,,,ST,,State Trial
nymtverncityct,nycityct,,,,,,2023-10-03T01:23:58.131Z,False,False,False,366.965514,,Mount Vernon City Court,Mount Vernon City Court,,,,ST,,State Trial
nynassaucityct,nycityct,,,,,,2023-10-03T01:23:58.149Z,False,False,False,366.9655145,Nassau City Ct.,Nassau City Court,Nassau City Court,,,,ST,,State Trial
nynewroccityct,nycityct,,,,,,2023-10-03T01:23:58.171Z,False,False,False,366.965515,,New Rochelle City Court,New Rochelle City Court,,,,ST,,State Trial
nynewburcityct,nycityct,,,,,,2023-10-03T01:23:58.177Z,False,False,False,366.9655151,Newburgh City Ct.,Newburgh City Court,Newburgh City Court,,,,ST,,State Trial
nyniagaracityct,nycityct,,,,,,2023-10-03T01:23:58.195Z,False,False,False,366.96551515,,Niagara Falls City Court,Niagara Falls City Court,,,,ST,,State Trial
nycityctnorw,nycityct,,,,,,2024-01-10T17:15:30.071Z,False,False,False,366.96551517,"N.Y. City Ct., Norwich",Norwich City Court,"Norwich City Court, New York",,,,ST,,State Trial
nyoneidacityct,nycityct,,,,,,2023-10-03T01:23:58.211Z,False,False,False,366.9655152,Oneida City Ct.,Oneida City Court,Oneida City Court,,,,ST,,State Trial
nyoswegocityct,nycityct,,,,,,2023-10-03T01:23:58.227Z,False,False,False,366.9655153,Oswego City Ct.,Oswego City Court,Oswego City Court,,,,ST,,State Trial
nypeekskcityct,nycityct,,,,,,2023-10-03T01:23:58.240Z,False,False,False,366.9655154,Peekskill City Ct.,Peekskill City Court,Peekskill City Court,,,,ST,,State Trial
nyplattscityct,nycityct,,,,,,2023-10-03T01:23:58.247Z,False,False,False,366.9655155,Plattsburgh City Ct.,Plattsburgh City Court,Plattsburgh City Court,,,,ST,,State Trial
nyportjercityct,nycityct,,,,,,2023-10-03T01:23:58.259Z,False,False,False,366.96552,,Port Jervis City Court,Port Jervis City Court,,,,ST,,State Trial
nypoughcityct,nycityct,,,,,,2023-10-03T01:23:58.265Z,False,False,False,366.9655205,Poughkeepsie City Ct.,Poughkeepsie City Court,Poughkeepsie City Court,,,,ST,,State Trial
nycityctrenss,nycityct,,,,,,2024-01-10T17:15:30.074Z,False,False,False,366.96552055,"N.Y. City Ct., Rensselaer",Rensselaer City Court,"Rensselaer City Court, New York",,,,ST,,State Trial
nyroccityct,nycityct,,,,,,2023-10-03T01:23:58.283Z,False,False,False,366.965521,,Rochester City Court,Rochester City Court,,,,ST,,State Trial
nyromecityct,nycityct,,,,,,2023-10-03T01:23:58.298Z,False,False,False,366.9655212,Rome City Ct.,Rome City Court,Rome City Court,,,,ST,,State Trial
nyryecityct,nycityct,,,,,,2023-10-03T01:23:58.311Z,False,False,False,366.9655214,Rye City Ct.,Rye City Court,Rye City Court,,,,ST,,State Trial
nysaratocityct,nycityct,,,,,,2023-10-03T01:23:58.323Z,False,False,False,366.9655216,Saratoga Springs City Ct.,Saratoga Springs City Court,Saratoga Springs City Court,,,,ST,,State Trial
nyschencityct,nycityct,,,,,,2023-10-03T01:23:58.329Z,False,False,False,366.965522,,Schenectady City Court,Schenectady City Court,,,,ST,,State Trial
nysyrcityct,nycityct,,,,,,2023-10-03T01:23:58.350Z,False,False,False,366.965523,,Syracuse City Court,Syracuse City Court,,,,ST,,State Trial
nycitycttomp,nycityct,,,,,,2024-01-10T17:15:30.077Z,False,False,False,366.9655235,"N.Y. City Ct., Tompkins",Tompkins City Court,"Tompkins City Court, New York",,,,ST,,State Trial
nytonacityct,nycityct,,,,,,2023-10-03T01:23:58.363Z,False,False,False,366.965525,,Tonawanda City Court,Tonawanda City Court,,,,ST,,State Trial
nytroycityct,nycityct,,,,,,2023-10-03T01:23:58.381Z,False,False,False,366.965526,,Troy City Court,Troy City Court,,,,ST,,State Trial
nyuticacityct,nycityct,,,,,,2023-10-03T01:23:58.395Z,False,False,False,366.965527,,Utica City Court,Utica City Court,,,,ST,,State Trial
nywatertcityct,nycityct,,,,,,2023-10-03T01:23:58.411Z,False,False,False,366.9655275,Watertown City Ct.,Watertown City Court,Watertown City Court,,,,ST,,State Trial
nywhplncityct,nycityct,,,,,,2023-10-03T01:23:58.427Z,False,False,False,366.965528,,White Plains City Court,White Plains City Court,,,,ST,,State Trial
nywestchcityct,nycityct,,,,,,2023-10-03T01:23:58.439Z,False,False,False,366.9655285,City Ct. of Westchester,City Court of Westchester,City Court of Westchester,,,,ST,,State Trial
nyyonkerscityct,nycityct,,,,,,2023-10-03T01:23:58.452Z,False,False,False,366.965529,,Yonkers City Court,Yonkers City Court,,,,ST,,State Trial
nyfamct,,,,,,,2024-01-09T19:23:06.295Z,True,True,False,366.966,N.Y. Fam. Ct.,New York Family Court,New York Family Court,http://www.courts.state.ny.us/courts/cts-outside-nyc-FAMILY.shtml,1962-09-01,,SS,Lawbox,State Special
nyfamctalbany,nyfamct,,,,,,2024-01-10T17:14:41.121Z,False,False,False,366.96601,"N.Y. Fam. Ct., Albany Cty.",Albany Family Court,"New York Family Court, Albany County",,,,ST,,State Trial
nyfamctalleg,nyfamct,,,,,,2024-01-10T17:14:41.126Z,False,False,False,366.96603,"N.Y. Fam. Ct., Allegany Cty.",Allegany Family Court,"New York Family Court, Allegany County",,,,ST,,State Trial
nyfamctbronx,nyfamct,,,,,,2024-01-10T17:14:41.129Z,False,False,False,366.96604,"N.Y. Fam. Ct., Bronx Cty.",Bronx Family Court,"New York Family Court, Bronx County",,,,ST,,State Trial
nycfamct,nyfamct,,,,,,2023-10-03T01:23:58.463Z,False,False,False,366.96605,N.Y.C. Fam. Ct.,NYC Family Court,New York City Family Court,,,,ST,,State Trial
nyfamctchauta,nyfamct,,,,,,2024-01-10T17:14:41.132Z,False,False,False,366.96606,"N.Y. Fam. Ct., Chautauqua Cty.",Chautauqua Family Court,"New York Family Court, Chautauqua County",,,,ST,,State Trial
nyfamctchemung,nyfamct,,,,,,2024-01-10T17:14:41.135Z,False,False,False,366.96607,"N.Y. Fam. Ct., Chemung Cty.",Chemung Family Court,"New York Family Court, Chemung County",,,,ST,,State Trial
nyfamctclinton,nyfamct,,,,,,2024-01-10T17:14:41.139Z,False,False,False,366.96609,"N.Y. Fam. Ct., Clinton Cty.",Clinton Family Court,"New York Family Court, Clinton County",,,,ST,,State Trial
nyfamctdel,nyfamct,,,,,,2023-10-03T01:23:58.479Z,False,False,False,366.9661,Delaware Children's Ct.,Delaware Children's Court,Delaware Children's Court,,,,ST,,State Trial
nyfamctdutch,nyfamct,,,,,,2024-01-10T17:14:41.143Z,False,False,False,366.966101,"N.Y. Fam. Ct., Dutchess Cty.",Dutchess Family Court,"New York Family Court, Dutchess County",,,,ST,,State Trial
nyfamcterie,nyfamct,,,,,,2024-01-10T17:14:41.145Z,False,False,False,366.966102,"N.Y. Fam. Ct., Erie Cty.",Erie Family Court,"New York Family Court, Erie County",,,,ST,,State Trial
nyfamctessex,nyfamct,,,,,,2024-01-10T17:14:41.148Z,False,False,False,366.966103,"N.Y. Fam. Ct., Essex Cty.",Essex Family Court,"New York Family Court, Essex County",,,,ST,,State Trial
nyfamctfrank,nyfamct,,,,,,2024-01-10T17:14:41.151Z,False,False,False,366.9661035,"N.Y. Fam. Ct., Franklin Cty.",Franklin Family Court,"New York Family Court, Franklin County",,,,ST,,State Trial
nyfamctgenesee,nyfamct,,,,,,2024-01-10T17:14:41.154Z,False,False,False,366.966104,"N.Y. Fam. Ct., Genesee Cty.",Genesee Family Court,"New York Family Court, Genesee County",,,,ST,,State Trial
nyfamctgreene,nyfamct,,,,,,2024-01-10T17:14:41.157Z,False,False,False,366.966105,"N.Y. Fam. Ct., Greene Cty.",Greene Family Court,"New York Family Court, Greene County",,,,ST,,State Trial
nyfamctjeff,nyfamct,,,,,,2024-01-10T17:14:41.160Z,False,False,False,366.966106,"N.Y. Fam. Ct., Jefferson Cty.",Jefferson Family Court,"New York Family Court, Jefferson County",,,,ST,,State Trial
nyfamctkings,nyfamct,,,,,,2024-01-10T17:14:41.162Z,False,False,False,366.966107,"N.Y. Fam. Ct., Kings Cty.",Kings Family Court,"New York Family Court, Kings County",,,,ST,,State Trial
nyfamctmadison,nyfamct,,,,,,2024-01-10T17:14:41.165Z,False,False,False,366.966108,"N.Y. Fam. Ct., Madison Cty.",Madison Family Court,"New York Family Court, Madison County",,,,ST,,State Trial
nyfamctmonroe,nyfamct,,,,,,2024-01-10T17:14:41.168Z,False,False,False,366.9661081,"N.Y. Fam. Ct., Monroe Cty.",Monroe Family Court,"New York Family Court, Monroe County",,,,ST,,State Trial
nyfamctmontg,nyfamct,,,,,,2024-01-10T17:14:41.170Z,False,False,False,366.9661082,"N.Y. Fam. Ct., Montgomery Cty.",Montgomery Family Court,"New York Family Court, Montgomery County",,,,ST,,State Trial
nyfamctnassau,nyfamct,,,,,,2024-01-10T17:14:41.173Z,False,False,False,366.9661083,"N.Y. Fam. Ct., Nassau Cty.",Nassau Family Court,"New York Family Court, Nassau County",,,,ST,,State Trial
nyfamctniagara,nyfamct,,,,,,2024-01-10T17:14:41.176Z,False,False,False,366.9661084,"N.Y. Fam. Ct., Niagara Cty.",Niagara Family Court,"New York Family Court, Niagara County",,,,ST,,State Trial
nyfamctoneida,nyfamct,,,,,,2024-01-10T17:14:41.179Z,False,False,False,366.9661085,"N.Y. Fam. Ct., Oneida Cty.",Oneida Family Court,"New York Family Court, Oneida County",,,,ST,,State Trial
nyfamctontario,nyfamct,,,,,,2024-01-10T17:14:41.181Z,False,False,False,366.9661086,"N.Y. Fam. Ct., Ontario Cty.",Ontario Family Court,"New York Family Court, Ontario County",,,,ST,,State Trial
nyfamctonond,nyfamct,,,,,,2024-01-10T17:14:41.184Z,False,False,False,366.9661087,"N.Y. Fam. Ct., Onondaga Cty.",Onondaga Family Court,"New York Family Court, Onondaga County",,,,ST,,State Trial
nyfamctorange,nyfamct,,,,,,2024-01-10T17:14:41.187Z,False,False,False,366.9661088,"N.Y. Fam. Ct., Orange Cty.",Orange Family Court,"New York Family Court, Orange County",,,,ST,,State Trial
nyfamctoswego,nyfamct,,,,,,2024-01-10T17:14:41.189Z,False,False,False,366.96611,"N.Y. Fam. Ct., Oswego Cty.",Oswego Family Court,"New York Family Court, Oswego County",,,,ST,,State Trial
nyfamctotsego,nyfamct,,,,,,2024-01-10T17:14:41.192Z,False,False,False,366.96612,"N.Y. Fam. Ct., Otsego Cty.",Otsego Family Court,"New York Family Court, Otsego County",,,,ST,,State Trial
nyfamctqueens,nyfamct,,,,,,2024-01-10T17:14:41.195Z,False,False,False,366.96613,"N.Y. Fam. Ct., Queens Cty.",Queens Family Court,"New York Family Court, Queens County",,,,ST,,State Trial
nyfamctrenss,nyfamct,,,,,,2024-01-10T17:14:41.198Z,False,False,False,366.96614,"N.Y. Fam. Ct., Rensselaer Cty.",Rensselaer Family Court,"New York Family Court, Rensselaer County",,,,ST,,State Trial
nyfamctrich,nyfamct,,,,,,2024-01-10T17:14:41.200Z,False,False,False,366.96615,"N.Y. Fam. Ct., Richmond Cty.",Richmond Family Court,"New York Family Court, Richmond County",,,,ST,,State Trial
nyfamctrockl,nyfamct,,,,,,2024-01-10T17:14:41.203Z,False,False,False,366.96616,"N.Y. Fam. Ct., Rockland Cty.",Rockland Family Court,"New York Family Court, Rockland County",,,,ST,,State Trial
nyfamctstl,nyfamct,,,,,,2024-01-10T17:14:41.206Z,False,False,False,366.96617,"N.Y. Fam. Ct., St. Lawrence Cty.",St. Lawrence Family Court,"New York Family Court, St. Lawrence County",,,,ST,,State Trial
nyfamctsaratoga,nyfamct,,,,,,2024-01-10T17:14:41.209Z,False,False,False,366.96618,"N.Y. Fam. Ct., Saratoga Cty.",Saratoga Family Court,"New York Family Court, Saratoga County",,,,ST,,State Trial
nyfamctschuyler,nyfamct,,,,,,2024-01-10T17:14:41.212Z,False,False,False,366.96619,"N.Y. Fam. Ct., Schuyler Cty.",Schuyler Family Court,"New York Family Court, Schuyler County",,,,ST,,State Trial
nyfamctseneca,nyfamct,,,,,,2024-01-10T17:14:41.214Z,False,False,False,366.966192,"N.Y. Fam. Ct., Seneca Cty.",Seneca Family Court,"New York Family Court, Seneca County",,,,ST,,State Trial
nyfamctsteuben,nyfamct,,,,,,2024-01-10T17:14:41.217Z,False,False,False,366.966194,"N.Y. Fam. Ct., Steuben Cty.",Steuben Family Court,"New York Family Court, Steuben County",,,,ST,,State Trial
nyfamctsuffolk,nyfamct,,,,,,2024-01-10T17:14:41.219Z,False,False,False,366.966196,"N.Y. Fam. Ct., Suffolk Cty.",Suffolk Family Court,"New York Family Court, Suffolk County",,,,ST,,State Trial
nyfamctsull,nyfamct,,,,,,2023-10-03T01:23:58.495Z,False,False,False,366.9662,Sullivan Cty Children's Ct.,Sullivan County Children's Court,Sullivan County Children's Court,,,,ST,,State Trial
nyfamcttompkins,nyfamct,,,,,,2024-01-10T17:14:41.222Z,False,False,False,366.96621,"N.Y. Fam. Ct., Tompkins Cty.",Tompkins Family Court,"New York Family Court, Tompkins County",,,,ST,,State Trial
nyfamctulster,nyfamct,,,,,,2024-01-10T17:14:41.225Z,False,False,False,366.96622,"N.Y. Fam. Ct., Ulster Cty.",Ulster Family Court,"New York Family Court, Ulster County",,,,ST,,State Trial
nyfamctwarren,nyfamct,,,,,,2024-01-10T17:14:41.227Z,False,False,False,366.96623,"N.Y. Fam. Ct., Warren Cty.",Warren Family Court,"New York Family Court, Warren County",,,,ST,,State Trial
nyfamctwashing,nyfamct,,,,,,2024-01-10T17:14:41.230Z,False,False,False,366.96624,"N.Y. Fam. Ct., Washington Cty.",Washington Family Court,"New York Family Court, Washington County",,,,ST,,State Trial
nyfamctwayne,nyfamct,,,,,,2024-01-10T17:14:41.233Z,False,False,False,366.96625,"N.Y. Fam. Ct., Wayne Cty.",Wayne Family Court,"New York Family Court, Wayne County",,,,ST,,State Trial
nyfamctwestch,nyfamct,,,,,,2023-10-03T01:23:58.515Z,False,False,False,366.9663,Westchester Cty Children's Ct.,Westchester County Children's Court,Westchester County Children's Court,,,,ST,,State Trial
nyfamctyates,nyfamct,,,,,,2024-01-10T17:14:41.235Z,False,False,False,366.9664,"N.Y. Fam. Ct., Yates Cty.",Yates Family Court,"New York Family Court, Yates County",,,,ST,,State Trial
nysurct,,,,,,,2024-01-09T19:25:39.739Z,True,True,False,366.9665,N.Y. Sur. Ct.,New York Surrogate's Court,New York Surrogate's Court,https://en.wikipedia.org/wiki/New_York_Surrogate%27s_Court,1896-01-01,,SS,Lawbox,State Special
nysurctalbany,nysurct,,,,,,2024-01-10T17:14:59.668Z,False,False,False,366.966501,"N.Y. Surr. Ct., Albany Cty.",Albany Surrogate's Court,"Surrogate's Court, Albany County",,,,ST,,State Trial
nysurctbronx,nysurct,,,,,,2024-01-10T17:14:59.674Z,False,False,False,366.966502,"N.Y. Surr. Ct., Bronx, Cty.",Bronx Surrogate's Court,"Surrogate's Court, Bronx County",,,,ST,,State Trial
nysurctbroome,nysurct,,,,,,2024-01-10T17:14:59.678Z,False,False,False,366.966503,"N.Y. Surr. Ct., Broome Cty.",Broome Surrogate's Court,"Surrogate's Court, Broome County",,,,ST,,State Trial
nysurctcattar,nysurct,,,,,,2024-01-10T17:14:59.680Z,False,False,False,366.966504,"N.Y. Surr. Ct., Cattaraugus Cty.",Cattaraugus Surrogate's Court,"Surrogate's Court, Cattaraugus County",,,,ST,,State Trial
nysurctchauta,nysurct,,,,,,2024-01-10T17:14:59.683Z,False,False,False,366.966505,"N.Y. Surr. Ct., Chautauqua Cty.",Chautauqua Surrogate's Court,"Surrogate's Court, Chautauqua County",,,,ST,,State Trial
nysurctcortland,nysurct,,,,,,2024-01-10T17:14:59.686Z,False,False,False,366.966506,"N.Y. Surr. Ct., Cortland Cty.",Cortland Surrogate's Court,"Surrogate's Court, Cortland County",,,,ST,,State Trial
nysurctdelaware,nysurct,,,,,,2024-01-10T17:14:59.688Z,False,False,False,366.966507,"N.Y. Surr. Ct., Delaware Cty.",Delaware Surrogate's Court,"Surrogate's Court, Delaware County",,,,ST,,State Trial
nysurctdutchess,nysurct,,,,,,2024-01-10T17:14:59.691Z,False,False,False,366.966508,"N.Y. Surr. Ct., Dutchess Cty.",Dutchess Surrogate's Court,"Surrogate's Court, Dutchess County",,,,ST,,State Trial
nysurcterie,nysurct,,,,,,2024-01-10T17:14:59.694Z,False,False,False,366.966509,"N.Y. Surr. Ct., Erie Cty.",Erie Surrogate's Court,"Surrogate's Court, Erie County",,,,ST,,State Trial
nysurctessex,nysurct,,,,,,2024-01-10T17:14:59.696Z,False,False,False,366.96651,"N.Y. Surr. Ct., Essex Cty.",Essex Surrogate's Court,"Surrogate's Court, Essex County",,,,ST,,State Trial
nysurctfranklin,nysurct,,,,,,2024-01-10T17:14:59.699Z,False,False,False,366.966511,"N.Y. Surr. Ct., Franklin Cty.",Franklin Surrogate's Court,"Surrogate's Court, Franklin County",,,,ST,,State Trial
nysurctgenesee,nysurct,,,,,,2024-01-10T17:14:59.701Z,False,False,False,366.966512,"N.Y. Surr. Ct., Genesee Cty.",Genesee Surrogate's Court,"Surrogate's Court, Genesee County",,,,ST,,State Trial
nysurctjefferso,nysurct,,,,,,2024-01-10T17:14:59.704Z,False,False,False,366.966513,"N.Y. Surr. Ct., Jefferson Cty.",Jefferson Surrogate's Court,"Surrogate's Court, Jefferson County",,,,ST,,State Trial
nysurctkings,nysurct,,,,,,2024-01-10T17:14:59.706Z,False,False,False,366.966514,"N.Y. Surr. Ct., Kings Cty.",Kings Surrogate's Court,"Surrogate's Court, Kings County",,,,ST,,State Trial
nysurctmadison,nysurct,,,,,,2024-01-10T17:14:59.709Z,False,False,False,366.966515,"N.Y. Surr. Ct., Madison Cty.",Madison Surrogate's Court,"Surrogate's Court, Madison County",,,,ST,,State Trial
nysurctmonroe,nysurct,,,,,,2024-01-10T17:14:59.712Z,False,False,False,366.966516,"N.Y. Surr. Ct., Monroe Cty.",Monroe Surrogate's Court,"Surrogate's Court, Monroe County",,,,ST,,State Trial
nysurctnassau,nysurct,,,,,,2024-01-10T17:14:59.714Z,False,False,False,366.966517,"N.Y. Surr. Ct., Nassau Cty.",Nassau Surrogate's Court,"Surrogate's Court, Nassau County",,,,ST,,State Trial
nysurctnyc,nysurct,,,,,,2024-01-10T17:14:59.717Z,False,False,False,366.966518,"N.Y. Surr. Ct., New York Cty.",New York Surrogate's Court,"Surrogate's Court, New York County",,,,ST,,State Trial
nysurctoneida,nysurct,,,,,,2024-01-10T17:14:59.719Z,False,False,False,366.966519,"N.Y. Surr. Ct., Oneida Cty.",Oneida Surrogate's Court,"Surrogate's Court, Oneida County",,,,ST,,State Trial
nysurctonond,nysurct,,,,,,2024-01-10T17:14:59.722Z,False,False,False,366.96652,"N.Y. Surr. Ct., Onondaga Cty.",Onondaga Surrogate's Court,"Surrogate's Court, Onondaga County",,,,ST,,State Trial
nysurctorange,nysurct,,,,,,2024-01-10T17:14:59.724Z,False,False,False,366.966521,"N.Y. Surr. Ct., Orange Cty.",Orange Surrogate's Court,"Surrogate's Court, Orange County",,,,ST,,State Trial
nysurctputnam,nysurct,,,,,,2024-01-10T17:14:59.727Z,False,False,False,366.966522,"N.Y. Surr. Ct., Putnam Cty.",Putnam Surrogate's Court,"Surrogate's Court, Putnam County",,,,ST,,State Trial
nysurctqueens,nysurct,,,,,,2024-01-10T17:14:59.730Z,False,False,False,366.966523,"N.Y. Surr. Ct., Queens Cty.",Queens Surrogate's Court,"Surrogate's Court, Queens County",,,,ST,,State Trial
nysurctrenssela,nysurct,,,,,,2024-01-10T17:14:59.733Z,False,False,False,366.966524,"N.Y. Surr. Ct., Rensselaer Cty.",Rensselaer Surrogate's Court,"Surrogate's Court, Rensselaer County",,,,ST,,State Trial
nysurctrichmond,nysurct,,,,,,2024-01-10T17:14:59.735Z,False,False,False,366.966525,"N.Y. Surr. Ct., Richmond Cty.",Richmond Surrogate's Court,"Surrogate's Court, Richmond County",,,,ST,,State Trial
nysurctrockland,nysurct,,,,,,2024-01-10T17:14:59.738Z,False,False,False,366.966526,"N.Y. Surr. Ct., Rockland Cty.",Rockland Surrogate's Court,"Surrogate's Court, Rockland County",,,,ST,,State Trial
nysurctsaratoga,nysurct,,,,,,2024-01-10T17:14:59.740Z,False,False,False,366.966527,"N.Y. Surr. Ct., Saratoga Cty.",Saratoga Surrogate's Court,"Surrogate's Court, Saratoga County",,,,ST,,State Trial
nysurctschenect,nysurct,,,,,,2024-01-10T17:14:59.743Z,False,False,False,366.966528,"N.Y. Surr. Ct., Schenectady Cty.",Schenectady Surrogate's Court,"Surrogate's Court, Schenectady County",,,,ST,,State Trial
nysurctsuffolk,nysurct,,,,,,2024-01-10T17:14:59.746Z,False,False,False,366.966529,"N.Y. Surr. Ct., Suffolk Cty.",Suffolk Surrogate's Court,"Surrogate's Court, Suffolk County",,,,ST,,State Trial
nysurctsullivan,nysurct,,,,,,2024-01-10T17:14:59.748Z,False,False,False,366.96653,"N.Y. Surr. Ct., Sullivan Cty.",Sullivan Surrogate's Court,"Surrogate's Court, Sullivan County",,,,ST,,State Trial
nysurcttompkins,nysurct,,,,,,2024-01-10T17:14:59.751Z,False,False,False,366.966531,"N.Y. Surr. Ct., Tompkins Cty.",Tompkins Surrogate's Court,"Surrogate's Court, Tompkins County",,,,ST,,State Trial
nysurctulster,nysurct,,,,,,2024-01-10T17:14:59.753Z,False,False,False,366.966532,"N.Y. Surr. Ct., Ulster Cty.",Ulster Surrogate's Court,"Surrogate's Court, Ulster County",,,,ST,,State Trial
nysurctwarren,nysurct,,,,,,2024-01-10T17:14:59.756Z,False,False,False,366.966533,"N.Y. Surr. Ct., Warren Cty.",Warren Surrogate's Court,"Surrogate's Court, Warren County",,,,ST,,State Trial
nysurctwayne,nysurct,,,,,,2024-01-10T17:14:59.759Z,False,False,False,366.966534,"N.Y. Surr. Ct., Wayne Cty.",Wayne Surrogate's Court,"Surrogate's Court, Wayne County",,,,ST,,State Trial
nysurctwestches,nysurct,,,,,,2024-01-10T17:14:59.762Z,False,False,False,366.966535,"N.Y. Surr. Ct., Westchester Cty.",Westchester Surrogate's Court,"Surrogate's Court, Westchester County",,,,ST,,State Trial
nysurctwyo,nysurct,,,,,,2024-01-10T17:14:59.764Z,False,False,False,366.966536000001,"N.Y. Surr. Ct., Wyoming Cty.",Wyoming Surrogate's Court,"Surrogate's Court, Wyoming County",,,,ST,,State Trial
nysurctyates,nysurct,,,,,,2024-01-10T17:14:59.767Z,False,False,False,366.966537000001,"N.Y. Surr. Ct., Yates Cty.",Yates Surrogate's Court,"Surrogate's Court, Yates County",,,,ST,,State Trial
nycivct,,,,,,,2024-01-09T19:24:31.708Z,True,True,False,366.967,N.Y. City Civ. Ct.,Civil Court of the City of New York,Civil Court of the City of New York,https://www.nycourts.gov/COURTS/nyc/civil/index.shtml,,,SS,,State Special
nycivctbronx,nycivct,,,,,,2024-01-10T17:15:55.552Z,False,False,False,366.9671,"Civ. Ct. NYC, Bronx Cty.","NYC Civil Court, Bronx","Civil Court Of The City Of New York, Bronx County",,,,ST,,State Trial
nycivctkings,nycivct,,,,,,2024-01-10T17:15:55.555Z,False,False,False,366.96711,"Civ. Ct. NYC, Kings Cty.","NYC Civil Court, Kings","Civil Court Of The City Of New York, Kings County",,,,ST,,State Trial
nycivctny,nycivct,,,,,,2024-01-10T17:15:55.558Z,False,False,False,366.96712,"Civ. Ct. NYC, NY Cty.","NYC Civil Court, New York","Civil Court Of The City Of New York, New York County",,,,ST,,State Trial
nycivctqueens,nycivct,,,,,,2024-01-10T17:15:55.563Z,False,False,False,366.96713,"Civ. Ct. NYC, Queens Cty.","NYC Civil Court, Queens","Civil Court Of The City Of New York, Queens County",,,,ST,,State Trial
nycivctrichm,nycivct,,,,,,2024-01-10T17:15:55.566Z,False,False,False,366.96714,"Civ. Ct. NYC, Richmond Cty.","NYC Civil Court, Richmond","Civil Court Of The City Of New York, Richmond County",,,,ST,,State Trial
nycrimct,,,,,,,2024-01-09T19:25:08.366Z,True,True,False,366.9675,N.Y. City Crim. Ct.,Criminal Court of the City of New York,Criminal Court of the City of New York,https://www.nycourts.gov/courts/nyc/criminal/,,,SS,,State Special
nycrimctbronx,nycrimct,,,,,,2023-10-03T01:23:58.531Z,False,False,False,366.967512,Bronx Criminal Ct.,Bronx Criminal Court,"The Criminal Court of the City of New York, Bronx",,,,ST,,State Trial
nycrimctkings,nycrimct,,,,,,2023-10-03T01:23:58.544Z,False,False,False,366.967514,Kings Criminal Ct.,Kings Criminal Court,"The Criminal Court of the City of New York, Kings",,,,ST,,State Trial
nycrimctqueens,nycrimct,,,,,,2023-10-03T01:23:58.559Z,False,False,False,366.967516,Queens Criminal Ct.,Queens Criminal Court,"The Criminal Court of the City of New York, Queens",,,,ST,,State Trial
nycrimctrichm,nycrimct,,,,,,2024-01-10T17:16:19.879Z,False,False,False,366.967517,"N.Y. Crim. Ct., Richmond","NYC Criminal Court, Richmond","The Criminal Court of the City of New York, Richmond",,,,ST,,State Trial
nycrimctnyc,nycrimct,,,,,,2023-10-03T01:23:58.576Z,False,False,False,366.967518,N.Y. Crim. Ct.,New York Criminal Court,"The Criminal Court of the City of New York, New York",,,,ST,,State Trial
nyclaimsct,,,,,,,2024-01-09T19:27:00.853Z,False,True,False,366.96752,,New York State Court of Claims,New York Court of Claims,,1817-01-01,,SS,,State Special
nyctcompl,,,,,,,2022-01-10T17:55:59.131Z,False,False,False,366.96761,,New York Court of Common Pleas,New York Court of Common Pleas,,1686-01-01,1895-12-31,ST,,State Trial
nymagct,,,,,,,2022-02-10T15:42:13.881Z,False,False,False,366.9676108,N.Y. Mag. Ct.,New York Magistrate Court,New York Magistrate Court,,,,ST,,State Trial
nynycmagct,nymagct,,,,,,2023-10-03T01:23:58.592Z,False,False,False,366.967611,,New York City Magistrates' Court,New York City Magistrates' Court,,,1962-09-01,ST,,State Trial
superctny,,,,,,,2022-01-10T17:57:11.384Z,False,False,False,366.96762,,Superior Court of New York,The Superior Court of the City of New York and Buffalo,,1828-01-01,1894-12-31,ST,,State Trial
nysuperctbuf,superctny,,,,,,2023-10-03T01:23:58.611Z,False,False,False,366.967621,,Superior Court of Buffalo,Superior Court of Buffalo,,,,ST,,State Trial
nysuperctnyc,superctny,,,,,,2023-10-03T01:23:58.622Z,False,False,False,366.967622,,The Superior Court of New York City,The Superior Court of New York City,,,,ST,,State Trial
nyrecctnewburgh,,,,,,,2022-02-04T15:17:29.158Z,False,False,False,366.96772,,Newburgh Recorder's Court,Newburgh Recorder's Court,,,,ST,,State Trial
nyag,,,,,,,2024-11-18T16:26:55.243Z,True,False,False,366.968,N.Y. Att'y Gen.,New York Attorney General Reports,New York Attorney General Reports,http://www.ag.ny.gov/,,,SAG,,State Attorney General
nyhospcommn,,,,,,,2022-11-18T02:50:59.051Z,False,False,False,366.969,N.Y. St. Hosp. Comm'n,New York State Hospital Commission,New York State Hospital Commission,,,,SA,Created as part of import of Case.Law data.,State Appellate
nc,,,,,,,2016-09-08T20:38:41.131Z,True,True,False,366.97,N.C.,Supreme Court of North Carolina,Supreme Court of North Carolina,http://www.nccourts.org/courts/appellate/supreme/,1799-01-01,,S,"Created by Lawbox
Start date: http://www.carolana.com/NC/Courts/nc_supreme_court_history.html",State Supreme
ncctapp,,,,,,,2014-09-08T20:26:43.357Z,True,True,False,366.98,N.C. Ct. App.,Court of Appeals of North Carolina,Court of Appeals of North Carolina,http://www.nccourts.org/courts/appellate/appeal/,1968-01-01,,SA,Lawbox,State Appellate
ncsuperct,,,,,,,2016-05-18T19:06:55.615Z,True,False,False,366.985,Sup. Ct. N.C.,Superior Court of North Carolina,Superior Court of North Carolina,http://www.nccourts.org/Courts/Trial/Superior/,,,SA,,State Appellate
ncbizct,,,,,,,2025-05-20T18:54:04.786Z,True,True,False,366.986,N.C. Bus. Ct.,North Carolina Business Court,North Carolina Business Court,,,,SS,,State Special
ncworkcompcom,,,,,,,2016-05-18T19:09:13.453Z,True,False,False,366.987,N.C. Indus. Comm.,North Carolina Industrial Commission,North Carolina Industrial Commission,http://www.ic.nc.gov/,,,SS,,State Special
nd,,,,,,,2013-08-14T16:46:30Z,True,True,False,366.99,N.D.,North Dakota Supreme Court,North Dakota Supreme Court,http://www.ndcourts.gov/default.htm,1861-01-01,,S,,State Supreme
ndctapp,,,,,,,2024-11-25T14:29:56.878Z,True,False,False,366.991,N.D. Ct. App.,North Dakota Court of Appeals,North Dakota Court of Appeals,http://www.ndcourts.gov/default.htm,1987-09-01,,SA,,State Appellate
dakotasup,,,,,,,2022-07-20T19:18:47.520Z,False,False,False,366.992,,Supreme Court of Dakota,Supreme Court Of The Territory Of Dakota,,1861-01-01,1889-10-01,S,,State Supreme
ohio,,,,,,,2024-01-09T19:27:33.577Z,True,True,False,366.995,Ohio,Ohio Supreme Court,Ohio Supreme Court,http://www.supremecourt.ohio.gov/,1841-01-01,,S,Lawbox,State Supreme
ohioctapp,,,,,,,2014-08-01T19:33:32.511Z,True,True,False,366.996,Ohio Ct. App.,Ohio Court of Appeals,Ohio Court of Appeals,http://www.supremecourt.ohio.gov/JudSystem/districtCourts/,1912-01-01,,SA,Not included in Lawbox. Added later when scraper was created.,State Appellate
ohctapp1,,,,,,,2022-11-18T02:50:59.054Z,False,False,False,366.996001,,"Court of Appeals of Ohio, First District","Court of Appeals of Ohio, First District",,,,,Created as part of import of Case.Law data.,
ohctapp1hamilto,ohctapp1,,,,,,2023-10-03T01:23:58.636Z,False,False,False,366.9960011,Oh. Ct. App. 1st Dist. Hamilton,"Court of Appeals of Ohio, First District, Hamilton County","Court of Appeals of Ohio, First District, Hamilton County",,,,ST,Created as part of import of Case.Law data.,State Trial
ohctapp2,ohioctapp,,,,,,2023-10-03T01:23:58.646Z,False,False,False,366.996002,,"Court of Appeals of Ohio, Second District","Court of Appeals of Ohio, Second District",,,,ST,Created as part of import of Case.Law data.,State Trial
ohctapp2champai,ohctapp2,,,,,,2023-10-03T01:23:58.655Z,False,False,False,366.996003,Oh. Ct. App. 2nd Dist. Champaign,"Court of Appeals of Ohio, Second District, Champaign County","Court of Appeals of Ohio, Second District, Champaign County",,,,ST,Created as part of import of Case.Law data.,State Trial
ohctapp2clark,ohctapp2,,,,,,2023-10-03T01:23:58.666Z,False,False,False,366.996004,Oh. Ct. App. 2nd Dist. Clark,"Court of Appeals of Ohio, Second District, Clark County","Court of Appeals of Ohio, Second District, Clark County",,,,ST,Created as part of import of Case.Law data.,State Trial
ohctapp2darke,ohctapp2,,,,,,2023-10-03T01:23:58.673Z,False,False,False,366.996005,Oh. Ct. App. 2nd Dist. Darke,"Court of Appeals of Ohio, Second District, Darke County","Court of Appeals of Ohio, Second District, Darke County",,,,ST,Created as part of import of Case.Law data.,State Trial
ohctapp2greene,ohctapp2,,,,,,2023-10-03T01:23:58.688Z,False,False,False,366.996006,Oh. Ct. App. 2nd Dist. Greene,"Court of Appeals of Ohio, Second District, Greene County","Court of Appeals of Ohio, Second District, Greene County",,,,ST,Created as part of import of Case.Law data.,State Trial
ohctapp2miami,ohctapp2,,,,,,2023-10-03T01:23:58.703Z,False,False,False,366.996007,Oh. Ct. App. 2nd Dist. Miami,"Court of Appeals of Ohio, Second District, Miami County","Court of Appeals of Ohio, Second District, Miami County",,,,ST,Created as part of import of Case.Law data.,State Trial
ohctapp2montgom,ohctapp2,,,,,,2023-10-03T01:23:58.712Z,False,False,False,366.996008,Oh. Ct. App. 2nd Dist. Montgomery,"Court of Appeals of Ohio, Second District, Montgomery County","Court of Appeals of Ohio, Second District, Montgomery County",,,,ST,Created as part of import of Case.Law data.,State Trial
ohctapp3,ohioctapp,,,,,,2023-10-03T01:23:58.731Z,False,False,False,366.996009,,"Court of Appeals of Ohio, Third District","Court of Appeals of Ohio, Third District",,,,ST,Created as part of import of Case.Law data.,State Trial
ohctapp3allen,ohctapp3,,,,,,2023-10-03T01:23:58.747Z,False,False,False,366.99601,Oh. Ct. App. 3rd Dist. Allen,"Court of Appeals of Ohio, Third District, Allen County","Court of Appeals of Ohio, Third District, Allen County",,,,ST,Created as part of import of Case.Law data.,State Trial
ohctapp3auglaiz,ohctapp3,,,,,,2023-10-03T01:23:58.759Z,False,False,False,366.996011,Oh. Ct. App. 3rd Dist. Auglaize,"Court of Appeals of Ohio, Third District, Auglaize County","Court of Appeals of Ohio, Third District, Auglaize County",,,,ST,Created as part of import of Case.Law data.,State Trial
ohctapp3crawfor,ohctapp3,,,,,,2023-10-03T01:23:58.772Z,False,False,False,366.996012,Oh. Ct. App. 3rd Dist. Crawford,"Court of Appeals of Ohio, Third District, Crawford County","Court of Appeals of Ohio, Third District, Crawford County",,,,ST,Created as part of import of Case.Law data.,State Trial
ohctapp3defianc,ohctapp3,,,,,,2023-10-03T01:23:58.779Z,False,False,False,366.996013,Oh. Ct. App. 3rd Dist. Defiance,"Court of Appeals of Ohio, Third District, Defiance County","Court of Appeals of Ohio, Third District, Defiance County",,,,ST,Created as part of import of Case.Law data.,State Trial
ohctapp3hancock,ohctapp3,,,,,,2023-10-03T01:23:58.791Z,False,False,False,366.996014,Oh. Ct. App. 3rd Dist. Hancock,"Court of Appeals of Ohio, Third District, Hancock County","Court of Appeals of Ohio, Third District, Hancock County",,,,ST,Created as part of import of Case.Law data.,State Trial
ohctapp3hardin,ohctapp3,,,,,,2023-10-03T01:23:58.804Z,False,False,False,366.996015,Oh. Ct. App. 3rd Dist. Hardin,"Court of Appeals of Ohio, Third District, Hardin County","Court of Appeals of Ohio, Third District, Hardin County",,,,ST,Created as part of import of Case.Law data.,State Trial
ohctapp3henry,ohctapp3,,,,,,2023-10-03T01:23:58.815Z,False,False,False,366.996016,Oh. Ct. App. 3rd Dist. Henry,"Court of Appeals of Ohio, Third District, Henry County","Court of Appeals of Ohio, Third District, Henry County",,,,ST,Created as part of import of Case.Law data.,State Trial
ohctapp3logan,ohctapp3,,,,,,2023-10-03T01:23:58.829Z,False,False,False,366.996017,Oh. Ct. App. 3rd Dist. Logan,"Court of Appeals of Ohio, Third District, Logan County","Court of Appeals of Ohio, Third District, Logan County",,,,ST,Created as part of import of Case.Law data.,State Trial
ohctapp3marion,ohctapp3,,,,,,2023-10-03T01:23:58.844Z,False,False,False,366.996018,Oh. Ct. App. 3rd Dist. Marion,"Court of Appeals of Ohio, Third District, Marion County","Court of Appeals of Ohio, Third District, Marion County",,,,ST,Created as part of import of Case.Law data.,State Trial
ohctapp3mercer,ohctapp3,,,,,,2023-10-03T01:23:58.859Z,False,False,False,366.996019,Oh. Ct. App. 3rd Dist. Mercer,"Court of Appeals of Ohio, Third District, Mercer County","Court of Appeals of Ohio, Third District, Mercer County",,,,ST,Created as part of import of Case.Law data.,State Trial
ohctapp3pauldin,ohctapp3,,,,,,2023-10-03T01:23:58.871Z,False,False,False,366.99602,Oh. Ct. App. 3rd Dist. Paulding,"Court of Appeals of Ohio, Third District, Paulding County","Court of Appeals of Ohio, Third District, Paulding County",,,,ST,Created as part of import of Case.Law data.,State Trial
ohctapp3putnam,ohctapp3,,,,,,2023-10-03T01:23:58.883Z,False,False,False,366.996021,Oh. Ct. App. 3rd Dist. Putnam,"Court of Appeals of Ohio, Third District, Putnam County","Court of Appeals of Ohio, Third District, Putnam County",,,,ST,Created as part of import of Case.Law data.,State Trial
ohctapp3seneca,ohctapp3,,,,,,2023-10-03T01:23:58.900Z,False,False,False,366.996022,Oh. Ct. App. 3rd Dist. Seneca,"Court of Appeals of Ohio, Third District, Seneca County","Court of Appeals of Ohio, Third District, Seneca County",,,,ST,Created as part of import of Case.Law data.,State Trial
ohctapp3shelby,ohctapp3,,,,,,2023-10-03T01:23:58.911Z,False,False,False,366.996023,Oh. Ct. App. 3rd Dist. Shelby,"Court of Appeals of Ohio, Third District, Shelby County","Court of Appeals of Ohio, Third District, Shelby County",,,,ST,Created as part of import of Case.Law data.,State Trial
ohctapp3union,ohctapp3,,,,,,2023-10-03T01:23:58.927Z,False,False,False,366.996024,Oh. Ct. App. 3rd Dist. Union,"Court of Appeals of Ohio, Third District, Union County","Court of Appeals of Ohio, Third District, Union County",,,,ST,Created as part of import of Case.Law data.,State Trial
ohctapp3vanwert,ohctapp3,,,,,,2023-10-03T01:23:58.943Z,False,False,False,366.996025,Oh. Ct. App. 3rd Dist. Van Wert,"Court of Appeals of Ohio, Third District, Van Wert County","Court of Appeals of Ohio, Third District, Van Wert County",,,,ST,Created as part of import of Case.Law data.,State Trial
ohctapp3wyandot,ohctapp3,,,,,,2023-10-03T01:23:58.949Z,False,False,False,366.996026,Oh. Ct. App. 3rd Dist. Wyandot,"Court of Appeals of Ohio, Third District, Wyandot County","Court of Appeals of Ohio, Third District, Wyandot County",,,,ST,Created as part of import of Case.Law data.,State Trial
ohctapp4,ohioctapp,,,,,,2023-10-03T01:23:58.963Z,False,False,False,366.996027,,"Court of Appeals of Ohio, Fourth District","Court of Appeals of Ohio, Fourth District",,,,ST,Created as part of import of Case.Law data.,State Trial
ohctapp4adams,ohctapp4,,,,,,2023-10-03T01:23:58.983Z,False,False,False,366.996028,Oh. Ct. App. 4th Dist. Adams,"Court of Appeals of Ohio, Fourth District, Adams County","Court of Appeals of Ohio, Fourth District, Adams County",,,,ST,Created as part of import of Case.Law data.,State Trial
ohctapp4athens,ohctapp4,,,,,,2023-10-03T01:23:58.999Z,False,False,False,366.996029,Oh. Ct. App. 4th Dist. Athens,"Court of Appeals of Ohio, Fourth District, Athens County","Court of Appeals of Ohio, Fourth District, Athens County",,,,ST,Created as part of import of Case.Law data.,State Trial
ohctapp4gallia,ohctapp4,,,,,,2023-10-03T01:23:59.011Z,False,False,False,366.99603,Oh. Ct. App. 4th Dist. Gallia,"Court of Appeals of Ohio, Fourth District, Gallia County","Court of Appeals of Ohio, Fourth District, Gallia County",,,,ST,Created as part of import of Case.Law data.,State Trial
ohctapp4highlan,ohctapp4,,,,,,2023-10-03T01:23:59.020Z,False,False,False,366.996031,Oh. Ct. App. 4th Dist. Highland,"Court of Appeals of Ohio, Fourth District, Highland County","Court of Appeals of Ohio, Fourth District, Highland County",,,,ST,Created as part of import of Case.Law data.,State Trial
ohctapp4hocking,ohctapp4,,,,,,2023-10-03T01:23:59.027Z,False,False,False,366.996032,Oh. Ct. App. 4th Dist. Hocking,"Court of Appeals of Ohio, Fourth District, Hocking County","Court of Appeals of Ohio, Fourth District, Hocking County",,,,ST,Created as part of import of Case.Law data.,State Trial
ohctapp4jackson,ohctapp4,,,,,,2023-10-03T01:23:59.050Z,False,False,False,366.996033,Oh. Ct. App. 4th Dist. Jackson,"Court of Appeals of Ohio, Fourth District, Jackson County","Court of Appeals of Ohio, Fourth District, Jackson County",,,,ST,Created as part of import of Case.Law data.,State Trial
ohctapp4lawrenc,ohctapp4,,,,,,2023-10-03T01:23:59.064Z,False,False,False,366.996034,Oh. Ct. App. 4th Dist. Lawrence,"Court of Appeals of Ohio, Fourth District, Lawrence County","Court of Appeals of Ohio, Fourth District, Lawrence County",,,,ST,Created as part of import of Case.Law data.,State Trial
ohctapp4meigs,ohctapp4,,,,,,2023-10-03T01:23:59.072Z,False,False,False,366.996035,Oh. Ct. App. 4th Dist. Meigs,"Court of Appeals of Ohio, Fourth District, Meigs County","Court of Appeals of Ohio, Fourth District, Meigs County",,,,ST,Created as part of import of Case.Law data.,State Trial
ohctapp4pickawa,ohctapp4,,,,,,2023-10-03T01:23:59.091Z,False,False,False,366.996036,Oh. Ct. App. 4th Dist. Pickaway,"Court of Appeals of Ohio, Fourth District, Pickaway County","Court of Appeals of Ohio, Fourth District, Pickaway County",,,,ST,Created as part of import of Case.Law data.,State Trial
ohctapp4pike,ohctapp4,,,,,,2023-10-03T01:23:59.111Z,False,False,False,366.996037,Oh. Ct. App. 4th Dist. Pike,"Court of Appeals of Ohio, Fourth District, Pike County","Court of Appeals of Ohio, Fourth District, Pike County",,,,ST,Created as part of import of Case.Law data.,State Trial
ohctapp4ross,ohctapp4,,,,,,2023-10-03T01:23:59.132Z,False,False,False,366.996038,Oh. Ct. App. 4th Dist. Ross,"Court of Appeals of Ohio, Fourth District, Ross County","Court of Appeals of Ohio, Fourth District, Ross County",,,,ST,Created as part of import of Case.Law data.,State Trial
ohctapp4scioto,ohctapp4,,,,,,2023-10-03T01:23:59.155Z,False,False,False,366.996039,Oh. Ct. App. 4th Dist. Scioto,"Court of Appeals of Ohio, Fourth District, Scioto County","Court of Appeals of Ohio, Fourth District, Scioto County",,,,ST,Created as part of import of Case.Law data.,State Trial
ohctapp4vinton,ohctapp4,,,,,,2023-10-03T01:23:59.169Z,False,False,False,366.99604,Oh. Ct. App. 4th Dist. Vinton,"Court of Appeals of Ohio, Fourth District, Vinton County","Court of Appeals of Ohio, Fourth District, Vinton County",,,,ST,Created as part of import of Case.Law data.,State Trial
ohctapp4washing,ohctapp4,,,,,,2023-10-03T01:23:59.180Z,False,False,False,366.996041,Oh. Ct. App. 4th Dist. Washington,"Court of Appeals of Ohio, Fourth District, Washington County","Court of Appeals of Ohio, Fourth District, Washington County",,,,ST,Created as part of import of Case.Law data.,State Trial
ohctapp5,ohioctapp,,,,,,2023-10-03T01:23:58.972Z,False,False,False,366.996042,,"Court of Appeals of Ohio, Fifth District","Court of Appeals of Ohio, Fifth District",,,,ST,Created as part of import of Case.Law data.,State Trial
ohctapp5ashland,ohctapp5,,,,,,2023-10-03T01:23:59.195Z,False,False,False,366.996043,Oh. Ct. App. 5th Dist. Ashland,"Court of Appeals of Ohio, Fifth District, Ashland County","Court of Appeals of Ohio, Fifth District, Ashland County",,,,ST,Created as part of import of Case.Law data.,State Trial
ohctapp5coshoct,ohctapp5,,,,,,2023-10-03T01:23:59.211Z,False,False,False,366.996044,Oh. Ct. App. 5th Dist. Coshocton,"Court of Appeals of Ohio, Fifth District, Coshocton County","Court of Appeals of Ohio, Fifth District, Coshocton County",,,,ST,Created as part of import of Case.Law data.,State Trial
ohctapp5delawar,ohctapp5,,,,,,2023-10-03T01:23:59.229Z,False,False,False,366.996045,Oh. Ct. App. 5th Dist. Delaware,"Court of Appeals of Ohio, Fifth District, Delaware County","Court of Appeals of Ohio, Fifth District, Delaware County",,,,ST,Created as part of import of Case.Law data.,State Trial
ohctapp5fairfie,ohctapp5,,,,,,2023-10-03T01:23:59.247Z,False,False,False,366.996046,Oh. Ct. App. 5th Dist. Fairfield,"Court of Appeals of Ohio, Fifth District, Fairfield County","Court of Appeals of Ohio, Fifth District, Fairfield County",,,,ST,Created as part of import of Case.Law data.,State Trial
ohctapp5guernse,ohctapp5,,,,,,2023-10-03T01:23:59.261Z,False,False,False,366.996047,Oh. Ct. App. 5th Dist. Guernsey,"Court of Appeals of Ohio, Fifth District, Guernsey County","Court of Appeals of Ohio, Fifth District, Guernsey County",,,,ST,Created as part of import of Case.Law data.,State Trial
ohctapp5holmes,ohctapp5,,,,,,2023-10-03T01:23:59.275Z,False,False,False,366.996048,Oh. Ct. App. 5th Dist. Holmes,"Court of Appeals of Ohio, Fifth District, Holmes County","Court of Appeals of Ohio, Fifth District, Holmes County",,,,ST,Created as part of import of Case.Law data.,State Trial
ohctapp5knox,ohctapp5,,,,,,2023-10-03T01:23:59.285Z,False,False,False,366.996049,Oh. Ct. App. 5th Dist. Knox,"Court of Appeals of Ohio, Fifth District, Knox County","Court of Appeals of Ohio, Fifth District, Knox County",,,,ST,Created as part of import of Case.Law data.,State Trial
ohctapp5licking,ohctapp5,,,,,,2023-10-03T01:23:59.295Z,False,False,False,366.99605,Oh. Ct. App. 5th Dist. Licking,"Court of Appeals of Ohio, Fifth District, Licking County","Court of Appeals of Ohio, Fifth District, Licking County",,,,ST,Created as part of import of Case.Law data.,State Trial
ohctapp5morgan,ohctapp5,,,,,,2023-10-03T01:23:59.305Z,False,False,False,366.996051,Oh. Ct. App. 5th Dist. Morgan,"Court of Appeals of Ohio, Fifth District, Morgan County","Court of Appeals of Ohio, Fifth District, Morgan County",,,,ST,Created as part of import of Case.Law data.,State Trial
ohctapp5morrow,ohctapp5,,,,,,2023-10-03T01:23:59.315Z,False,False,False,366.996052,Oh. Ct. App. 5th Dist. Morrow,"Court of Appeals of Ohio, Fifth District, Morrow County","Court of Appeals of Ohio, Fifth District, Morrow County",,,,ST,Created as part of import of Case.Law data.,State Trial
ohctapp5musking,ohctapp5,,,,,,2023-10-03T01:23:59.331Z,False,False,False,366.996053,Oh. Ct. App. 5th Dist. Muskingum,"Court of Appeals of Ohio, Fifth District, Muskingum County","Court of Appeals of Ohio, Fifth District, Muskingum County",,,,ST,Created as part of import of Case.Law data.,State Trial
ohctapp5richlan,ohctapp5,,,,,,2023-10-03T01:23:59.345Z,False,False,False,366.996054,Oh. Ct. App. 5th Dist. Richland,"Court of Appeals of Ohio, Fifth District, Richland County","Court of Appeals of Ohio, Fifth District, Richland County",,,,ST,Created as part of import of Case.Law data.,State Trial
ohctapp5stark,ohctapp5,,,,,,2023-10-03T01:23:59.351Z,False,False,False,366.996055,Oh. Ct. App. 5th Dist. Stark,"Court of Appeals of Ohio, Fifth District, Stark County","Court of Appeals of Ohio, Fifth District, Stark County",,,,ST,Created as part of import of Case.Law data.,State Trial
ohctapp5tuscara,ohctapp5,,,,,,2023-10-03T01:23:59.357Z,False,False,False,366.996056,Oh. Ct. App. 5th Dist. Tuscarawas,"Court of Appeals of Ohio, Fifth District, Tuscarawas County","Court of Appeals of Ohio, Fifth District, Tuscarawas County",,,,ST,Created as part of import of Case.Law data.,State Trial
ohctapp6,ohioctapp,,,,,,2023-10-03T01:23:59.375Z,False,False,False,366.996057,,"Court of Appeals of Ohio, Sixth District","Court of Appeals of Ohio, Sixth District",,,,ST,Created as part of import of Case.Law data.,State Trial
ohctapp6erie,ohctapp6,,,,,,2023-10-03T01:23:59.391Z,False,False,False,366.996058,Oh. Ct. App. 6th Dist. Erie,"Court of Appeals of Ohio, Sixth District, Erie County","Court of Appeals of Ohio, Sixth District, Erie County",,,,ST,Created as part of import of Case.Law data.,State Trial
ohctapp6fulton,ohctapp6,,,,,,2023-10-03T01:23:59.399Z,False,False,False,366.996059,Oh. Ct. App. 6th Dist. Fulton,"Court of Appeals of Ohio, Sixth District, Fulton County","Court of Appeals of Ohio, Sixth District, Fulton County",,,,ST,Created as part of import of Case.Law data.,State Trial
ohctapp6huron,ohctapp6,,,,,,2023-10-03T01:23:59.415Z,False,False,False,366.99606,Oh. Ct. App. 6th Dist. Huron,"Court of Appeals of Ohio, Sixth District, Huron County","Court of Appeals of Ohio, Sixth District, Huron County",,,,ST,Created as part of import of Case.Law data.,State Trial
ohctapp6lucas,ohctapp6,,,,,,2023-10-03T01:23:59.431Z,False,False,False,366.996061,Oh. Ct. App. 6th Dist. Lucas,"Court of Appeals of Ohio, Sixth District, Lucas County","Court of Appeals of Ohio, Sixth District, Lucas County",,,,ST,Created as part of import of Case.Law data.,State Trial
ohctapp6ottawa,ohctapp6,,,,,,2023-10-03T01:23:59.440Z,False,False,False,366.996062,Oh. Ct. App. 6th Dist. Ottawa,"Court of Appeals of Ohio, Sixth District, Ottawa County","Court of Appeals of Ohio, Sixth District, Ottawa County",,,,ST,Created as part of import of Case.Law data.,State Trial
ohctapp6sandusk,ohctapp6,,,,,,2023-10-03T01:23:59.457Z,False,False,False,366.996063,Oh. Ct. App. 6th Dist. Sandusky,"Court of Appeals of Ohio, Sixth District, Sandusky County","Court of Appeals of Ohio, Sixth District, Sandusky County",,,,ST,Created as part of import of Case.Law data.,State Trial
ohctapp6william,ohctapp6,,,,,,2023-10-03T01:23:59.475Z,False,False,False,366.996064,Oh. Ct. App. 6th Dist. Williams,"Court of Appeals of Ohio, Sixth District, Williams County","Court of Appeals of Ohio, Sixth District, Williams County",,,,ST,Created as part of import of Case.Law data.,State Trial
ohctapp6wood,ohctapp6,,,,,,2023-10-03T01:23:59.490Z,False,False,False,366.996065,Oh. Ct. App. 6th Dist. Wood,"Court of Appeals of Ohio, Sixth District, Wood County","Court of Appeals of Ohio, Sixth District, Wood County",,,,ST,Created as part of import of Case.Law data.,State Trial
ohctapp7,ohioctapp,,,,,,2023-10-03T01:23:59.511Z,False,False,False,366.996066,,"Court of Appeals of Ohio, Seventh District","Court of Appeals of Ohio, Seventh District",,,,ST,Created as part of import of Case.Law data.,State Trial
ohctapp7belmont,ohctapp7,,,,,,2023-10-03T01:23:59.527Z,False,False,False,366.996067,Oh. Ct. App. 7th Dist. Belmont,"Court of Appeals of Ohio, Seventh District, Belmont County","Court of Appeals of Ohio, Seventh District, Belmont County",,,,ST,Created as part of import of Case.Law data.,State Trial
ohctapp7carroll,ohctapp7,,,,,,2023-10-03T01:23:59.539Z,False,False,False,366.996068,Oh. Ct. App. 7th Dist. Carroll,"Court of Appeals of Ohio, Seventh District, Carroll County","Court of Appeals of Ohio, Seventh District, Carroll County",,,,ST,Created as part of import of Case.Law data.,State Trial
ohctapp7columbi,ohctapp7,,,,,,2023-10-03T01:23:59.552Z,False,False,False,366.996069,Oh. Ct. App. 7th Dist. Columbiana,"Court of Appeals of Ohio, Seventh District, Columbiana County","Court of Appeals of Ohio, Seventh District, Columbiana County",,,,ST,Created as part of import of Case.Law data.,State Trial
ohctapp7harriso,ohctapp7,,,,,,2023-10-03T01:23:59.560Z,False,False,False,366.99607,Oh. Ct. App. 7th Dist. Harrison,"Court of Appeals of Ohio, Seventh District, Harrison County","Court of Appeals of Ohio, Seventh District, Harrison County",,,,ST,Created as part of import of Case.Law data.,State Trial
ohctapp7jeffers,ohctapp7,,,,,,2023-10-03T01:23:59.575Z,False,False,False,366.996071,Oh. Ct. App. 7th Dist. Jefferson,"Court of Appeals of Ohio, Seventh District, Jefferson County","Court of Appeals of Ohio, Seventh District, Jefferson County",,,,ST,Created as part of import of Case.Law data.,State Trial
ohctapp7mahonin,ohctapp7,,,,,,2023-10-03T01:23:59.589Z,False,False,False,366.996072,Oh. Ct. App. 7th Dist. Mahoning,"Court of Appeals of Ohio, Seventh District, Mahoning County","Court of Appeals of Ohio, Seventh District, Mahoning County",,,,ST,Created as part of import of Case.Law data.,State Trial
ohctapp7monroe,ohctapp7,,,,,,2023-10-03T01:23:59.602Z,False,False,False,366.996073,Oh. Ct. App. 7th Dist. Monroe,"Court of Appeals of Ohio, Seventh District, Monroe County","Court of Appeals of Ohio, Seventh District, Monroe County",,,,ST,Created as part of import of Case.Law data.,State Trial
ohctapp7noble,ohctapp7,,,,,,2023-10-03T01:23:59.609Z,False,False,False,366.996074,Oh. Ct. App. 7th Dist. Noble,"Court of Appeals of Ohio, Seventh District, Noble County","Court of Appeals of Ohio, Seventh District, Noble County",,,,ST,Created as part of import of Case.Law data.,State Trial
ohctapp8,ohioctapp,,,,,,2023-10-03T01:23:59.619Z,False,False,False,366.996075,,"Court of Appeals of Ohio, Eighth District","Court of Appeals of Ohio, Eighth District",,,,ST,Created as part of import of Case.Law data.,State Trial
ohctapp8cuyahog,ohctapp8,,,,,,2023-10-03T01:23:59.639Z,False,False,False,366.996076,Oh. Ct. App. 8th Dist. Cuyahoga,"Court of Appeals of Ohio, Eighth District, Cuyahoga County","Court of Appeals of Ohio, Eighth District, Cuyahoga County",,,,ST,Created as part of import of Case.Law data.,State Trial
ohctapp9,ohioctapp,,,,,,2023-10-03T01:23:59.655Z,False,False,False,366.996077,,"Court of Appeals of Ohio, Ninth District","Court of Appeals of Ohio, Ninth District",,,,ST,Created as part of import of Case.Law data.,State Trial
ohctapp9lorain,ohctapp9,,,,,,2023-10-03T01:23:59.664Z,False,False,False,366.996078,Oh. Ct. App. 9th Dist. Lorain,"Court of Appeals of Ohio, Ninth District, Lorain County","Court of Appeals of Ohio, Ninth District, Lorain County",,,,ST,Created as part of import of Case.Law data.,State Trial
ohctapp9medina,ohctapp9,,,,,,2023-10-03T01:23:59.671Z,False,False,False,366.996079,Oh. Ct. App. 9th Dist. Medina,"Court of Appeals of Ohio, Ninth District, Medina County","Court of Appeals of Ohio, Ninth District, Medina County",,,,ST,Created as part of import of Case.Law data.,State Trial
ohctapp9summit,ohctapp9,,,,,,2023-10-03T01:23:59.677Z,False,False,False,366.99608,Oh. Ct. App. 9th Dist. Summit,"Court of Appeals of Ohio, Ninth District, Summit County","Court of Appeals of Ohio, Ninth District, Summit County",,,,ST,Created as part of import of Case.Law data.,State Trial
ohctapp9wayne,ohctapp9,,,,,,2023-10-03T01:23:59.683Z,False,False,False,366.996081,Oh. Ct. App. 9th Dist. Wayne,"Court of Appeals of Ohio, Ninth District, Wayne County","Court of Appeals of Ohio, Ninth District, Wayne County",,,,ST,Created as part of import of Case.Law data.,State Trial
ohctapp10,ohioctapp,,,,,,2023-10-03T01:23:59.691Z,False,False,False,366.996082,,"Court of Appeals of Ohio, Tenth District","Court of Appeals of Ohio, Tenth District",,,,ST,Created as part of import of Case.Law data.,State Trial
ohctapp10frankl,ohctapp10,,,,,,2023-10-03T01:23:59.707Z,False,False,False,366.996083,Oh. Ct. App. 10th Dist. Franklin,"Court of Appeals of Ohio, Tenth District, Franklin County","Court of Appeals of Ohio, Tenth District, Franklin County",,,,ST,Created as part of import of Case.Law data.,State Trial
ohctapp11,ohioctapp,,,,,,2023-10-03T01:23:59.715Z,False,False,False,366.996084,,"Court of Appeals of Ohio, Eleventh District","Court of Appeals of Ohio, Eleventh District",,,,ST,Created as part of import of Case.Law data.,State Trial
ohctapp11ashtab,ohctapp11,,,,,,2023-10-03T01:23:59.722Z,False,False,False,366.996085,Oh. Ct. App. 11th Dist. Ashtabula,"Court of Appeals of Ohio, Eleventh District, Ashtabula County","Court of Appeals of Ohio, Eleventh District, Ashtabula County",,,,ST,Created as part of import of Case.Law data.,State Trial
ohctapp11geauga,ohctapp11,,,,,,2023-10-03T01:23:59.734Z,False,False,False,366.996086,Oh. Ct. App. 11th Dist. Geauga,"Court of Appeals of Ohio, Eleventh District, Geauga County","Court of Appeals of Ohio, Eleventh District, Geauga County",,,,ST,Created as part of import of Case.Law data.,State Trial
ohctapp11lake,ohctapp11,,,,,,2023-10-03T01:23:59.745Z,False,False,False,366.996087,Oh. Ct. App. 11th Dist. Lake,"Court of Appeals of Ohio, Eleventh District, Lake County","Court of Appeals of Ohio, Eleventh District, Lake County",,,,ST,Created as part of import of Case.Law data.,State Trial
ohctapp11portag,ohctapp11,,,,,,2023-10-03T01:23:59.757Z,False,False,False,366.996088,Oh. Ct. App. 11th Dist. Portage,"Court of Appeals of Ohio, Eleventh District, Portage County","Court of Appeals of Ohio, Eleventh District, Portage County",,,,ST,Created as part of import of Case.Law data.,State Trial
ohctapp11trumbu,ohctapp11,,,,,,2023-10-03T01:23:59.764Z,False,False,False,366.996089,Oh. Ct. App. 11th Dist. Trumbull,"Court of Appeals of Ohio, Eleventh District, Trumbull County","Court of Appeals of Ohio, Eleventh District, Trumbull County",,,,ST,Created as part of import of Case.Law data.,State Trial
ohctapp12,ohioctapp,,,,,,2023-10-03T01:23:59.770Z,False,False,False,366.99609,,"Court of Appeals of Ohio, Twelfth District","Court of Appeals of Ohio, Twelfth District",,,,ST,Created as part of import of Case.Law data.,State Trial
ohctapp12brown,ohctapp12,,,,,,2023-10-03T01:23:59.779Z,False,False,False,366.996091,Oh. Ct. App. 12th Dist. Brown,"Court of Appeals of Ohio, Twelfth District, Brown County","Court of Appeals of Ohio, Twelfth District, Brown County",,,,ST,Created as part of import of Case.Law data.,State Trial
ohctapp12butler,ohctapp12,,,,,,2023-10-03T01:23:59.790Z,False,False,False,366.996092,Oh. Ct. App. 12th Dist. Butler,"Court of Appeals of Ohio, Twelfth District, Butler County","Court of Appeals of Ohio, Twelfth District, Butler County",,,,ST,Created as part of import of Case.Law data.,State Trial
ohctapp12clermo,ohctapp12,,,,,,2023-10-03T01:23:59.799Z,False,False,False,366.996093,Oh. Ct. App. 12th Dist. Clermont,"Court of Appeals of Ohio, Twelfth District, Clermont County","Court of Appeals of Ohio, Twelfth District, Clermont County",,,,ST,Created as part of import of Case.Law data.,State Trial
ohctapp12clinto,ohctapp12,,,,,,2023-10-03T01:23:59.815Z,False,False,False,366.996094,Oh. Ct. App. 12th Dist. Clinton,"Court of Appeals of Ohio, Twelfth District, Clinton County","Court of Appeals of Ohio, Twelfth District, Clinton County",,,,ST,Created as part of import of Case.Law data.,State Trial
ohctapp12fayett,ohctapp12,,,,,,2023-10-03T01:23:59.835Z,False,False,False,366.996095,Oh. Ct. App. 12th Dist. Fayette,"Court of Appeals of Ohio, Twelfth District, Fayette County","Court of Appeals of Ohio, Twelfth District, Fayette County",,,,ST,Created as part of import of Case.Law data.,State Trial
ohctapp12madiso,ohctapp12,,,,,,2023-10-03T01:23:59.854Z,False,False,False,366.996096,Oh. Ct. App. 12th Dist. Madison,"Court of Appeals of Ohio, Twelfth District, Madison County","Court of Appeals of Ohio, Twelfth District, Madison County",,,,ST,Created as part of import of Case.Law data.,State Trial
ohctapp12preble,ohctapp12,,,,,,2023-10-03T01:23:59.869Z,False,False,False,366.996097,Oh. Ct. App. 12th Dist. Preble,"Court of Appeals of Ohio, Twelfth District, Preble County","Court of Appeals of Ohio, Twelfth District, Preble County",,,,ST,Created as part of import of Case.Law data.,State Trial
ohctapp12warren,ohctapp12,,,,,,2023-10-03T01:23:59.879Z,False,False,False,366.996098,Oh. Ct. App. 12th Dist. Warren,"Court of Appeals of Ohio, Twelfth District, Warren County","Court of Appeals of Ohio, Twelfth District, Warren County",,,,ST,Created as part of import of Case.Law data.,State Trial
ohiocirct,,,,,,,2022-11-18T02:50:59.253Z,False,False,False,366.996099,Oh. Circ. Ct.,Ohio Circuit Courts,Ohio Circuit Courts,,,,ST,Created as part of import of Case.Law data.,State Trial
ohcirctadams,ohiocirct,,,,,,2023-10-03T01:23:59.895Z,False,False,False,366.9961,"Oh. Circ. Ct., Adams",Adams Circuit Court,Adams Circuit Court,,,,ST,Created as part of import of Case.Law data.,State Trial
ohcirctallen,ohiocirct,,,,,,2023-10-03T01:23:59.909Z,False,False,False,366.996101,"Oh. Circ. Ct., Allen",Allen Circuit Court,Allen Circuit Court,,,,ST,Created as part of import of Case.Law data.,State Trial
ohcirctashland,ohiocirct,,,,,,2023-10-03T01:23:59.927Z,False,False,False,366.996102,"Oh. Circ. Ct., Ashland",Ashland Circuit Court,Ashland Circuit Court,,,,ST,Created as part of import of Case.Law data.,State Trial
ohcirctashtabul,ohiocirct,,,,,,2023-10-03T01:23:59.943Z,False,False,False,366.996103,"Oh. Circ. Ct., Ashtabula",Ashtabula Circuit Court,Ashtabula Circuit Court,,,,ST,Created as part of import of Case.Law data.,State Trial
ohcirctathens,ohiocirct,,,,,,2023-10-03T01:23:59.959Z,False,False,False,366.996104,"Oh. Circ. Ct., Athens",Athens Circuit Court,Athens Circuit Court,,,,ST,Created as part of import of Case.Law data.,State Trial
ohcirctauglaize,ohiocirct,,,,,,2023-10-03T01:23:59.975Z,False,False,False,366.996105,"Oh. Circ. Ct., Auglaize",Auglaize County Circuit Court,Auglaize County Circuit Court,,,,ST,Created as part of import of Case.Law data.,State Trial
ohcirctbelmont,ohiocirct,,,,,,2023-10-03T01:23:59.991Z,False,False,False,366.996106,"Oh. Circ. Ct., Belmont",Belmont Circuit Court,Belmont Circuit Court,,,,ST,Created as part of import of Case.Law data.,State Trial
ohcirctbrown,ohiocirct,,,,,,2023-10-03T01:24:00.000Z,False,False,False,366.996107,"Oh. Circ. Ct., Brown",Brown Circuit Court,Brown Circuit Court,,,,ST,Created as part of import of Case.Law data.,State Trial
ohcirctbutler,ohiocirct,,,,,,2023-10-03T01:24:00.027Z,False,False,False,366.996108,"Oh. Circ. Ct., Butler",Butler Circuit Court,Butler Circuit Court,,,,ST,Created as part of import of Case.Law data.,State Trial
ohcirctcarroll,ohiocirct,,,,,,2023-10-03T01:24:00.047Z,False,False,False,366.9961085,"Oh. Circ. Ct., Carroll",Carroll Circuit Court,Carroll Circuit Court,,,,ST,,State Trial
ohcirctchampaig,ohiocirct,,,,,,2023-10-03T01:24:00.063Z,False,False,False,366.996109,"Oh. Circ. Ct., Champaign",Champaign Circuit Court,Champaign Circuit Court,,,,ST,Created as part of import of Case.Law data.,State Trial
ohcirctclark,ohiocirct,,,,,,2023-10-03T01:24:00.074Z,False,False,False,366.99611,"Oh. Circ. Ct., Clark",Clark Circuit Court,Clark Circuit Court,,,,ST,Created as part of import of Case.Law data.,State Trial
ohcirctclermont,ohiocirct,,,,,,2023-10-03T01:24:00.085Z,False,False,False,366.996111,"Oh. Circ. Ct., Clermont",Clermont Circuit Court,Clermont Circuit Court,,,,ST,Created as part of import of Case.Law data.,State Trial
ohcirctclinton,ohiocirct,,,,,,2023-10-03T01:24:00.092Z,False,False,False,366.996112,"Oh. Circ. Ct., Clinton",Clinton Circuit Court,Clinton Circuit Court,,,,ST,Created as part of import of Case.Law data.,State Trial
ohcirctcolumbia,ohiocirct,,,,,,2023-10-03T01:24:00.101Z,False,False,False,366.996113,"Oh. Circ. Ct., Columbiana",Columbiana Circuit Court,Columbiana Circuit Court,,,,ST,Created as part of import of Case.Law data.,State Trial
ohcirctcoshocto,ohiocirct,,,,,,2023-10-03T01:24:00.109Z,False,False,False,366.996114,"Oh. Circ. Ct., Coshocton",Coshocton Circuit Court,Coshocton Circuit Court,,,,ST,Created as part of import of Case.Law data.,State Trial
ohcirctcrawford,ohiocirct,,,,,,2023-10-03T01:24:00.119Z,False,False,False,366.996115,"Oh. Circ. Ct., Crawford",Crawford Circuit Court,Crawford Circuit Court,,,,ST,Created as part of import of Case.Law data.,State Trial
ohcirctcuyahoga,ohiocirct,,,,,,2023-10-03T01:24:00.131Z,False,False,False,366.996116,"Oh. Circ. Ct., Cuyahoga",Cuyahoga Circuit Court,Cuyahoga Circuit Court,,,,ST,Created as part of import of Case.Law data.,State Trial
ohcirctdarke,ohiocirct,,,,,,2023-10-03T01:24:00.145Z,False,False,False,366.996117,"Oh. Circ. Ct., Darke",Darke Circuit Court,Darke Circuit Court,,,,ST,Created as part of import of Case.Law data.,State Trial
ohcirctdefiance,ohiocirct,,,,,,2023-10-03T01:24:00.159Z,False,False,False,366.996118,"Oh. Circ. Ct., Defiance",Defiance Circuit Court,Defiance Circuit Court,,,,ST,Created as part of import of Case.Law data.,State Trial
ohcirctdelaware,ohiocirct,,,,,,2023-10-03T01:24:00.181Z,False,False,False,366.996119,"Oh. Circ. Ct., Delaware",Delaware Circuit Court,Delaware Circuit Court,,,,ST,Created as part of import of Case.Law data.,State Trial
ohcircterie,ohiocirct,,,,,,2023-10-03T01:24:00.201Z,False,False,False,366.99612,"Oh. Circ. Ct., Erie",Erie Circuit Court,Erie Circuit Court,,,,ST,Created as part of import of Case.Law data.,State Trial
ohcirctfairfiel,ohiocirct,,,,,,2023-10-03T01:24:00.215Z,False,False,False,366.996121,"Oh. Circ. Ct., Fairfield",Fairfield Circuit Court,Fairfield Circuit Court,,,,ST,Created as part of import of Case.Law data.,State Trial
ohcirctfayette,ohiocirct,,,,,,2023-10-03T01:24:00.225Z,False,False,False,366.996122,"Oh. Circ. Ct., Fayette",Fayette Circuit Court,Fayette Circuit Court,,,,ST,Created as part of import of Case.Law data.,State Trial
ohcirctfranklin,ohiocirct,,,,,,2023-10-03T01:24:00.232Z,False,False,False,366.9961225,"Oh. Circ. Ct., Franklin",Franklin Circuit Court,Franklin Circuit Court,,,,ST,,State Trial
ohcirctfulton,ohiocirct,,,,,,2023-10-03T01:24:00.238Z,False,False,False,366.996123,"Oh. Circ. Ct., Fulton",Fulton Circuit Court,Fulton Circuit Court,,,,ST,Created as part of import of Case.Law data.,State Trial
ohcirctgeauga,ohiocirct,,,,,,2023-10-03T01:24:00.245Z,False,False,False,366.996124,"Oh. Circ. Ct., Geauga",Geauga Circuit Court,Geauga Circuit Court,,,,ST,Created as part of import of Case.Law data.,State Trial
ohcirctgreene,ohiocirct,,,,,,2023-10-03T01:24:00.259Z,False,False,False,366.9961245,"Oh. Circ. Ct., Greene",Greene Circuit Court,Greene Circuit Court,,,,ST,,State Trial
ohcirctguernsey,ohiocirct,,,,,,2023-10-03T01:24:00.266Z,False,False,False,366.996125,"Oh. Circ. Ct., Guernsey",Guernsey Circuit Court,Guernsey Circuit Court,,,,ST,Created as part of import of Case.Law data.,State Trial
ohcircthamilton,ohiocirct,,,,,,2023-10-03T01:24:00.273Z,False,False,False,366.996126,"Oh. Circ. Ct., Hamilton",Hamilton Circuit Court,Hamilton Circuit Court,,,,ST,Created as part of import of Case.Law data.,State Trial
ohcircthancock,ohiocirct,,,,,,2023-10-03T01:24:00.288Z,False,False,False,366.996127,"Oh. Circ. Ct., Hancock",Hancock Circuit Court,Hancock Circuit Court,,,,ST,Created as part of import of Case.Law data.,State Trial
ohcircthancook,ohiocirct,,,,,,2023-10-03T01:24:00.302Z,False,False,False,366.996128,"Oh. Circ. Ct., Hancook",Hancook Circuit Court,Hancook Circuit Court,,,,ST,Created as part of import of Case.Law data.,State Trial
ohcircthardin,ohiocirct,,,,,,2023-10-03T01:24:00.310Z,False,False,False,366.996129,"Oh. Circ. Ct., Hardin",Hardin Circuit Court,Hardin Circuit Court,,,,ST,Created as part of import of Case.Law data.,State Trial
ohcirctharrison,ohiocirct,,,,,,2023-10-03T01:24:00.327Z,False,False,False,366.99613,"Oh. Circ. Ct., Harrison",Harrison Circuit Court,Harrison Circuit Court,,,,ST,Created as part of import of Case.Law data.,State Trial
ohcircthenry,ohiocirct,,,,,,2023-10-03T01:24:00.339Z,False,False,False,366.996131,"Oh. Circ. Ct., Henry",Henry Circuit Court,Henry Circuit Court,,,,ST,Created as part of import of Case.Law data.,State Trial
ohcirctholmes,ohiocirct,,,,,,2023-10-03T01:24:00.349Z,False,False,False,366.996132,"Oh. Circ. Ct., Holmes",Holmes Circuit Court,Holmes Circuit Court,,,,ST,Created as part of import of Case.Law data.,State Trial
ohcircthighland,ohiocirct,,,,,,2023-10-03T01:24:00.363Z,False,False,False,366.9961325,"Oh. Circ. Ct., Highland",Highland Circuit Court,Highland Circuit Court,,,,ST,,State Trial
ohcircthuron,ohiocirct,,,,,,2023-10-03T01:24:00.381Z,False,False,False,366.996133,"Oh. Circ. Ct., Huron",Huron Circuit Court,Huron Circuit Court,,,,ST,Created as part of import of Case.Law data.,State Trial
ohcirctjackson,ohiocirct,,,,,,2023-10-03T01:24:00.403Z,False,False,False,366.9961335,"Oh. Circ. Ct., Jackson",Jackson Circuit Court,Jackson Circuit Court,,,,ST,,State Trial
ohcirctjefferso,ohiocirct,,,,,,2023-10-03T01:24:00.419Z,False,False,False,366.9961336,"Oh. Circ. Ct., Jefferson",Jefferson Circuit Court,Jefferson Circuit Court,,,,ST,,State Trial
ohcirctknox,ohiocirct,,,,,,2023-10-03T01:24:00.435Z,False,False,False,366.996134,"Oh. Circ. Ct., Knox",Knox County Circuit Court,Knox County Circuit Court,,,,ST,Created as part of import of Case.Law data.,State Trial
ohcirctlake,ohiocirct,,,,,,2023-10-03T01:24:00.451Z,False,False,False,366.9961345,"Oh. Circ. Ct., Lake",Lake County Circuit Court,Lake County Circuit Court,,,,ST,,State Trial
ohcirctlawrence,ohiocirct,,,,,,2023-10-03T01:24:00.471Z,False,False,False,366.996135,"Oh. Circ. Ct., Lawrence",Lawrence Circuit Court,Lawrence Circuit Court,,,,ST,Created as part of import of Case.Law data.,State Trial
ohcirctlicking,ohiocirct,,,,,,2023-10-03T01:24:00.487Z,False,False,False,366.996136,"Oh. Circ. Ct., Licking",Licking Circuit Court,Licking Circuit Court,,,,ST,Created as part of import of Case.Law data.,State Trial
ohcirctlogan,ohiocirct,,,,,,2023-10-03T01:24:00.497Z,False,False,False,366.996137,"Oh. Circ. Ct., Logan",Logan Circuit Court,Logan Circuit Court,,,,ST,Created as part of import of Case.Law data.,State Trial
ohcirctlorain,ohiocirct,,,,,,2023-10-03T01:24:00.503Z,False,False,False,366.996138,"Oh. Circ. Ct., Lorain",Lorain Circuit Court,Lorain Circuit Court,,,,ST,Created as part of import of Case.Law data.,State Trial
ohcirctlucas,ohiocirct,,,,,,2023-10-03T01:24:00.509Z,False,False,False,366.996139,"Oh. Circ. Ct., Lucas",Lucas Circuit Court,Lucas Circuit Court,,,,ST,Created as part of import of Case.Law data.,State Trial
ohcirctmadison,ohiocirct,,,,,,2023-10-03T01:24:00.523Z,False,False,False,366.9961394,"Oh. Circ. Ct., Madison",Madison Circuit Court,Madison Circuit Court,,,,ST,,State Trial
ohcirctmahoning,ohiocirct,,,,,,2023-10-03T01:24:00.542Z,False,False,False,366.99614,"Oh. Circ. Ct., Mahoning",Mahoning Circuit Court,Mahoning Circuit Court,,,,ST,Created as part of import of Case.Law data.,State Trial
ohcirctmarion,ohiocirct,,,,,,2023-10-03T01:24:00.556Z,False,False,False,366.9961401,"Oh. Circ. Ct., Marion",Marion Circuit Court,Marion Circuit Court,,,,ST,,State Trial
ohcirctmedina,ohiocirct,,,,,,2023-10-03T01:24:00.569Z,False,False,False,366.996141,"Oh. Circ. Ct., Medina",Medina Circuit Court,Medina Circuit Court,,,,ST,Created as part of import of Case.Law data.,State Trial
ohcirctmeigs,ohiocirct,,,,,,2023-10-03T01:24:00.583Z,False,False,False,366.996142,"Oh. Circ. Ct., Meigs",Meigs Circuit Court,Meigs Circuit Court,,,,ST,Created as part of import of Case.Law data.,State Trial
ohcirctmercer,ohiocirct,,,,,,2023-10-03T01:24:00.603Z,False,False,False,366.9961424,"Oh. Circ. Ct., Mercer",Mercer Circuit Court,Mercer Circuit Court,,,,ST,,State Trial
ohcirctmiami,ohiocirct,,,,,,2023-10-03T01:24:00.619Z,False,False,False,366.996143,"Oh. Circ. Ct., Miami",Miami Circuit Court,Miami Circuit Court,,,,ST,Created as part of import of Case.Law data.,State Trial
ohcirctmonroe,ohiocirct,,,,,,2023-10-03T01:24:00.635Z,False,False,False,366.9961434,"Oh. Circ. Ct., Monroe",Monroe Circuit Court,Monroe Circuit Court,,,,ST,,State Trial
ohcirctmontgome,ohiocirct,,,,,,2023-10-03T01:24:00.651Z,False,False,False,366.9961436,"Oh. Circ. Ct., Montgomery",Montgomery Circuit Court,Montgomery Circuit Court,,,,ST,,State Trial
ohcirctmorgan,ohiocirct,,,,,,2023-10-03T01:24:00.664Z,False,False,False,366.996144,"Oh. Circ. Ct., Morgan",Morgan Circuit Court,Morgan Circuit Court,,,,ST,Created as part of import of Case.Law data.,State Trial
ohcirctmorrow,ohiocirct,,,,,,2023-10-03T01:24:00.675Z,False,False,False,366.996145,"Oh. Circ. Ct., Morrow",Morrow Circuit Court,Morrow Circuit Court,,,,ST,Created as part of import of Case.Law data.,State Trial
ohcirctmuskingu,ohiocirct,,,,,,2023-10-03T01:24:00.691Z,False,False,False,366.996146,"Oh. Circ. Ct., Muskingum",Muskingum Circuit Court,Muskingum Circuit Court,,,,ST,Created as part of import of Case.Law data.,State Trial
ohcirctnoble,ohiocirct,,,,,,2023-10-03T01:24:00.709Z,False,False,False,366.996147,"Oh. Circ. Ct., Noble",Noble Circuit Court,Noble Circuit Court,,,,ST,Created as part of import of Case.Law data.,State Trial
ohcirctottawa,ohiocirct,,,,,,2023-10-03T01:24:00.723Z,False,False,False,366.996148,"Oh. Circ. Ct., Ottawa",Ottawa Circuit Court,Ottawa Circuit Court,,,,ST,Created as part of import of Case.Law data.,State Trial
ohcirctpaulding,ohiocirct,,,,,,2023-10-03T01:24:00.737Z,False,False,False,366.996149,"Oh. Circ. Ct., Paulding",Paulding Circuit Court,Paulding Circuit Court,,,,ST,Created as part of import of Case.Law data.,State Trial
ohcirctperry,ohiocirct,,,,,,2023-10-03T01:24:00.747Z,False,False,False,366.99615,"Oh. Circ. Ct., Perry",Perry Circuit Court,Perry Circuit Court,,,,ST,Created as part of import of Case.Law data.,State Trial
ohcirctpickaway,ohiocirct,,,,,,2023-10-03T01:24:00.761Z,False,False,False,366.996151,"Oh. Circ. Ct., Pickaway",Pickaway Circuit Court,Pickaway Circuit Court,,,,ST,Created as part of import of Case.Law data.,State Trial
ohcirctpike,ohiocirct,,,,,,2023-10-03T01:24:00.777Z,False,False,False,366.996152,"Oh. Circ. Ct., Pike",Pike Circuit Court,Pike Circuit Court,,,,ST,Created as part of import of Case.Law data.,State Trial
ohcirctportage,ohiocirct,,,,,,2023-10-03T01:24:00.792Z,False,False,False,366.996153,"Oh. Circ. Ct., Portage",Portage Circuit Court,Portage Circuit Court,,,,ST,Created as part of import of Case.Law data.,State Trial
ohcirctpreble,ohiocirct,,,,,,2023-10-03T01:24:00.807Z,False,False,False,366.996154,"Oh. Circ. Ct., Preble",Preble Circuit Court,Preble Circuit Court,,,,ST,Created as part of import of Case.Law data.,State Trial
ohcirctputnam,ohiocirct,,,,,,2023-10-03T01:24:00.827Z,False,False,False,366.996155,"Oh. Circ. Ct., Putnam",Putnam Circuit Court,Putnam Circuit Court,,,,ST,Created as part of import of Case.Law data.,State Trial
ohcirctrichland,ohiocirct,,,,,,2023-10-03T01:24:00.839Z,False,False,False,366.996156,"Oh. Circ. Ct., Richland",Richland Circuit Court,Richland Circuit Court,,,,ST,Created as part of import of Case.Law data.,State Trial
ohcirctross,ohiocirct,,,,,,2023-10-03T01:24:00.846Z,False,False,False,366.996157,"Oh. Circ. Ct., Ross",Ross Circuit Court,Ross Circuit Court,,,,ST,Created as part of import of Case.Law data.,State Trial
ohcirctsandusky,ohiocirct,,,,,,2023-10-03T01:24:00.859Z,False,False,False,366.996158,"Oh. Circ. Ct., Sandusky",Sandusky Circuit Court,Sandusky Circuit Court,,,,ST,Created as part of import of Case.Law data.,State Trial
ohcirctscioto,ohiocirct,,,,,,2023-10-03T01:24:00.879Z,False,False,False,366.996159,"Oh. Circ. Ct., Scioto",Scioto Circuit Court,Scioto Circuit Court,,,,ST,Created as part of import of Case.Law data.,State Trial
ohcirctseneca,ohiocirct,,,,,,2023-10-03T01:24:00.893Z,False,False,False,366.99616,"Oh. Circ. Ct., Seneca",Seneca Circuit Court,Seneca Circuit Court,,,,ST,Created as part of import of Case.Law data.,State Trial
ohcirctshelby,ohiocirct,,,,,,2023-10-03T01:24:00.915Z,False,False,False,366.996161,"Oh. Circ. Ct., Shelby",Shelby Circuit Court,Shelby Circuit Court,,,,ST,Created as part of import of Case.Law data.,State Trial
ohcirctstark,ohiocirct,,,,,,2023-10-03T01:24:00.924Z,False,False,False,366.996162,"Oh. Circ. Ct., Stark",Stark Circuit Court,Stark Circuit Court,,,,ST,Created as part of import of Case.Law data.,State Trial
ohcirctsummit,ohiocirct,,,,,,2023-10-03T01:24:00.935Z,False,False,False,366.996163,"Oh. Circ. Ct., Summit",Summit Circuit Court,Summit Circuit Court,,,,ST,Created as part of import of Case.Law data.,State Trial
ohcircttaggart,ohiocirct,,,,,,2023-10-03T01:24:00.949Z,False,False,False,366.996164,"Oh. Circ. Ct., Taggart",Taggart Circuit Court,Taggart Circuit Court,,,,ST,Created as part of import of Case.Law data.,State Trial
ohcircttrumbull,ohiocirct,,,,,,2023-10-03T01:24:00.960Z,False,False,False,366.996165,"Oh. Circ. Ct., Trumbull",Trumbull Circuit Court,Trumbull Circuit Court,,,,ST,Created as part of import of Case.Law data.,State Trial
ohcircttuscaraw,ohiocirct,,,,,,2023-10-03T01:24:00.971Z,False,False,False,366.996166,"Oh. Circ. Ct., Tuscarawas",Tuscarawas Circuit Court,Tuscarawas Circuit Court,,,,ST,Created as part of import of Case.Law data.,State Trial
ohcirctunion,ohiocirct,,,,,,2023-10-03T01:24:00.982Z,False,False,False,366.9961664,"Oh. Circ. Ct., Union",Union County Circuit Court,Union County Circuit Court,,,,ST,,State Trial
ohcirctvanwert,ohiocirct,,,,,,2023-10-03T01:24:00.992Z,False,False,False,366.996167,"Oh. Circ. Ct., Van Wert",Van Wert Circuit Court,Van Wert Circuit Court,,,,ST,Created as part of import of Case.Law data.,State Trial
ohcirctvinton,ohiocirct,,,,,,2023-10-03T01:24:01.007Z,False,False,False,366.996168,"Oh. Circ. Ct., Vinton",Vinton County Circuit Court,Vinton County Circuit Court,,,,ST,Created as part of import of Case.Law data.,State Trial
ohcirctwarren,ohiocirct,,,,,,2023-10-03T01:24:01.027Z,False,False,False,366.9961685,"Oh. Circ. Ct., Warren",Warren Circuit Court,Warren Circuit Court,,,,ST,,State Trial
ohcirctwayne,ohiocirct,,,,,,2023-10-03T01:24:01.040Z,False,False,False,366.996169,"Oh. Circ. Ct., Wayne",Wayne Circuit Court,Wayne Circuit Court,,,,ST,Created as part of import of Case.Law data.,State Trial
ohcirctwilliams,ohiocirct,,,,,,2023-10-03T01:24:01.055Z,False,False,False,366.99617,"Oh. Circ. Ct., Williams",Williams Circuit Court,Williams Circuit Court,,,,ST,Created as part of import of Case.Law data.,State Trial
ohcirctwood,ohiocirct,,,,,,2023-10-03T01:24:01.071Z,False,False,False,366.996171,"Oh. Circ. Ct., Wood",Wood Circuit Court,Wood Circuit Court,,,,ST,Created as part of import of Case.Law data.,State Trial
ohcirctwyandot,ohiocirct,,,,,,2023-10-03T01:24:01.083Z,False,False,False,366.996172,"Oh. Circ. Ct., Wyandot",Wyandot Circuit Court,Wyandot Circuit Court,,,,ST,Created as part of import of Case.Law data.,State Trial
ohcirctwyandott,ohiocirct,,,,,,2023-10-03T01:24:01.095Z,False,False,False,366.996173,"Oh. Circ. Ct., Wyandotte",Wyandotte County Circuit Court,Wyandotte County Circuit Court,,,,ST,Created as part of import of Case.Law data.,State Trial
ohiocountyct,,,,,,,2022-11-18T02:50:59.424Z,False,False,False,366.996174,,Ohio County Court,Ohio County Court,,,,ST,Created as part of import of Case.Law data.,State Trial
ohioctyctashtab,ohiocountyct,,,,,,2023-10-03T01:24:01.112Z,False,False,False,366.9961745,,"Ashtabula County Courts, Ohio","Ashtabula County Courts, Ohio",,,,ST,,State Trial
ohioctyctbelmon,ohiocountyct,,,,,,2023-10-03T01:24:01.127Z,False,False,False,366.9961747,,"Belmont County Courts, Ohio","Belmont County Courts, Ohio",,,,ST,,State Trial
ohioctyctbrown,ohiocountyct,,,,,,2023-10-03T01:24:01.139Z,False,False,False,366.996175,,"Brown County Courts, Ohio","Brown County Courts, Ohio",,,,ST,Created as part of import of Case.Law data.,State Trial
ohioctyctbutler,ohiocountyct,,,,,,2023-10-03T01:24:01.151Z,False,False,False,366.996176,,"Butler County Courts, Ohio","Butler County Courts, Ohio",,,,ST,Created as part of import of Case.Law data.,State Trial
ohioctyctclark,ohiocountyct,,,,,,2023-10-03T01:24:01.167Z,False,False,False,366.996177,,"Clark County Court, Ohio","Clark County Court, Ohio",,,,ST,Created as part of import of Case.Law data.,State Trial
ohioctyctcolum,ohiocountyct,,,,,,2023-10-03T01:24:01.179Z,False,False,False,366.996178,,"Columbiana County Courts, Ohio","Columbiana County Courts, Ohio",,,,ST,Created as part of import of Case.Law data.,State Trial
ohioctyctcosh,ohiocountyct,,,,,,2023-10-03T01:24:01.187Z,False,False,False,366.996179,,"Coshocton County Court, Ohio","Coshocton County Court, Ohio",,,,ST,Created as part of import of Case.Law data.,State Trial
ohioctyctfrank,ohiocountyct,,,,,,2023-10-03T01:24:01.199Z,False,False,False,366.99618,,"Franklin County Courts, Ohio","Franklin County Courts, Ohio",,,,ST,Created as part of import of Case.Law data.,State Trial
ohioctyctharris,ohiocountyct,,,,,,2023-10-03T01:24:01.219Z,False,False,False,366.996181,,"Harrison County Court, Ohio","Harrison County Court, Ohio",,,,ST,Created as part of import of Case.Law data.,State Trial
ohioctycthighla,ohiocountyct,,,,,,2023-10-03T01:24:01.237Z,False,False,False,366.9961815,,"Highland County Court, Ohio","Highland County Court, Ohio",,,,ST,,State Trial
ohioctyctmahoni,ohiocountyct,,,,,,2023-10-03T01:24:01.256Z,False,False,False,366.9961817,,"Mahoning County Courts, Ohio","Mahoning County Courts, Ohio",,,,ST,,State Trial
ohioctyctmuskin,ohiocountyct,,,,,,2023-10-03T01:24:01.275Z,False,False,False,366.9961819,,"Muskingum County Court, Ohio","Muskingum County Court, Ohio",,,,ST,,State Trial
ohioctyctmonroe,ohiocountyct,,,,,,2023-10-03T01:24:01.291Z,False,False,False,366.996182,,"Monroe County Court, Ohio","Monroe County Court, Ohio",,,,ST,Created as part of import of Case.Law data.,State Trial
ohioctyctpauldi,ohiocountyct,,,,,,2023-10-03T01:24:01.305Z,False,False,False,366.996183,,"Paulding County Court, Ohio","Paulding County Court, Ohio",,,,ST,Created as part of import of Case.Law data.,State Trial
ohioctyctperry,ohiocountyct,,,,,,2023-10-03T01:24:01.323Z,False,False,False,366.9961834,,"Perry County Court, Ohio","Perry County Court, Ohio",,,,ST,,State Trial
ohioctyctpike,ohiocountyct,,,,,,2023-10-03T01:24:01.339Z,False,False,False,366.9961836,,"Pike County Court, Ohio","Pike County Court, Ohio",,,,ST,,State Trial
ohioctyctstark,ohiocountyct,,,,,,2023-10-03T01:24:01.355Z,False,False,False,366.996184,,"Stark County Courts, Ohio","Stark County Courts, Ohio",,,,ST,Created as part of import of Case.Law data.,State Trial
ohioctycttrumbu,ohiocountyct,,,,,,2023-10-03T01:24:01.371Z,False,False,False,366.9961842,,"Trumbull County Courts, Ohio","Trumbull County Courts, Ohio",,,,ST,,State Trial
ohctcompladams,ohioctcompl,,,,,,2023-10-03T01:24:01.387Z,False,False,False,366.99618505,"Oh. Ct. Com. Pl., Adams",Adams County Court of Common Pleas,Adams County Court of Common Pleas,,,,ST,,State Trial
ohctcomplallen,ohioctcompl,,,,,,2023-10-03T01:24:01.401Z,False,False,False,366.9961851,"Oh. Ct. Com. Pl., Allen",Allen County Court of Common Pleas,Allen County Court of Common Pleas,,,,ST,Created as part of import of Case.Law data.,State Trial
ohctcomplashlan,ohioctcompl,,,,,,2023-10-03T01:24:01.407Z,False,False,False,366.9961852,"Oh. Ct. Com. Pl., Ashland",Ashland County Court of Common Pleas,Ashland County Court of Common Pleas,,,,ST,Created as part of import of Case.Law data.,State Trial
ohctcomplashtab,ohioctcompl,,,,,,2023-10-03T01:24:01.414Z,False,False,False,366.996186,"Oh. Ct. Com. Pl., Ashtabula",Ashtabula County Court of Common Pleas,Ashtabula County Court of Common Pleas,,,,ST,Created as part of import of Case.Law data.,State Trial
ohctcomplathens,ohioctcompl,,,,,,2023-10-03T01:24:01.420Z,False,False,False,366.996187,"Oh. Ct. Com. Pl., Athens",Athens County Court of Common Pleas,Athens County Court of Common Pleas,,,,ST,Created as part of import of Case.Law data.,State Trial
ohctcomplauglai,ohioctcompl,,,,,,2023-10-03T01:24:01.427Z,False,False,False,366.996188,"Oh. Ct. Com. Pl., Auglaize",Auglaize County Court of Common Pleas,Auglaize County Court of Common Pleas,,,,ST,Created as part of import of Case.Law data.,State Trial
ohctcomplbelmon,ohioctcompl,,,,,,2023-10-03T01:24:01.443Z,False,False,False,366.996189,"Oh. Ct. Com. Pl., Belmont",Belmont County Court of Common Pleas,Belmont County Court of Common Pleas,,,,ST,Created as part of import of Case.Law data.,State Trial
ohctcomplboss,ohioctcompl,,,,,,2023-10-03T01:24:01.456Z,False,False,False,366.99619,"Oh. Ct. Com. Pl., Boss",Boss County Court of Common Pleas,Boss County Court of Common Pleas,,,,ST,Created as part of import of Case.Law data.,State Trial
ohctcomplbrown,ohioctcompl,,,,,,2023-10-03T01:24:01.462Z,False,False,False,366.996191,"Oh. Ct. Com. Pl., Brown",Brown County Court of Common Pleas,Brown County Court of Common Pleas,,,,ST,Created as part of import of Case.Law data.,State Trial
ohctcomplbutler,ohioctcompl,,,,,,2023-10-03T01:24:01.469Z,False,False,False,366.9961915,"Oh. Ct. Com. Pl., Butler",Butler County Court of Common Pleas,Butler County Court of Common Pleas,,,,ST,,State Trial
ohctcomplcarrol,ohioctcompl,,,,,,2023-10-03T01:24:01.479Z,False,False,False,366.996192,"Oh. Ct. Com. Pl., Carroll",Carroll County Court of Common Pleas,Carroll County Court of Common Pleas,,,,ST,Created as part of import of Case.Law data.,State Trial
ohctcomplchampa,ohioctcompl,,,,,,2023-10-03T01:24:01.492Z,False,False,False,366.996193,"Oh. Ct. Com. Pl., Champaign",Champaign County Court of Common Pleas,Champaign County Court of Common Pleas,,,,ST,Created as part of import of Case.Law data.,State Trial
ohctcomplclark,ohioctcompl,,,,,,2023-10-03T01:24:01.500Z,False,False,False,366.996194,"Oh. Ct. Com. Pl., Clark",Clark County Court of Common Pleas,Clark County Court of Common Pleas,,,,ST,Created as part of import of Case.Law data.,State Trial
ohctcomplclarke,ohioctcompl,,,,,,2023-10-03T01:24:01.515Z,False,False,False,366.996195,"Oh. Ct. Com. Pl., Clarke",Clarke County Court of Common Pleas,Clarke County Court of Common Pleas,,,,ST,Created as part of import of Case.Law data.,State Trial
ohctcomplclermo,ohioctcompl,,,,,,2023-10-03T01:24:01.531Z,False,False,False,366.996196,"Oh. Ct. Com. Pl., Clermont",Clermont County Court of Common Pleas,Clermont County Court of Common Pleas,,,,ST,Created as part of import of Case.Law data.,State Trial
ohctcomplclinto,ohioctcompl,,,,,,2023-10-03T01:24:01.547Z,False,False,False,366.9961965,"Oh. Ct. Com. Pl., Clinton",Clinton County Court of Common Pleas,Clinton County Court of Common Pleas,,,,ST,,State Trial
ohctcomplcolumb,ohioctcompl,,,,,,2023-10-03T01:24:01.567Z,False,False,False,366.996197,"Oh. Ct. Com. Pl., Columbiana",Columbiana County Court of Common Pleas,Columbiana County Court of Common Pleas,,,,ST,Created as part of import of Case.Law data.,State Trial
ohctcomplcoshoc,ohioctcompl,,,,,,2023-10-03T01:24:01.577Z,False,False,False,366.996198,"Oh. Ct. Com. Pl., Coshocton",Coshocton County Court of Common Pleas,Coshocton County Court of Common Pleas,,,,ST,Created as part of import of Case.Law data.,State Trial
ohctcomplcrawfo,ohioctcompl,,,,,,2023-10-03T01:24:01.587Z,False,False,False,366.9961985,"Oh. Ct. Com. Pl., Crawford",Crawford County Court of Common Pleas,Crawford County Court of Common Pleas,,,,ST,,State Trial
ohctcomplcuyaho,ohioctcompl,,,,,,2023-10-03T01:24:01.598Z,False,False,False,366.996199,"Oh. Ct. Com. Pl., Cuyahoga",Cuyahoga County Common Pleas Court,Cuyahoga County Common Pleas Court,,,,ST,Created as part of import of Case.Law data.,State Trial
ohctcompldarke,ohioctcompl,,,,,,2023-10-03T01:24:01.604Z,False,False,False,366.9962,"Oh. Ct. Com. Pl., Darke",Darke County Court of Common Pleas,Darke County Court of Common Pleas,,,,ST,Created as part of import of Case.Law data.,State Trial
ohctcompldefian,ohioctcompl,,,,,,2023-10-03T01:24:01.614Z,False,False,False,366.996201,"Oh. Ct. Com. Pl., Defiance",Defiance County Court of Common Pleas,Defiance County Court of Common Pleas,,,,ST,Created as part of import of Case.Law data.,State Trial
ohctcompldelawa,ohioctcompl,,,,,,2023-10-03T01:24:01.627Z,False,False,False,366.9962015,"Oh. Ct. Com. Pl., Delaware",Delaware County Court of Common Pleas,Delaware County Court of Common Pleas,,,,ST,,State Trial
ohctcomplerie,ohioctcompl,,,,,,2023-10-03T01:24:01.642Z,False,False,False,366.9962016,"Oh. Ct. Com. Pl., Erie",Erie County Court of Common Pleas,Erie County Court of Common Pleas,,,,ST,,State Trial
ohctcomplfairfi,ohioctcompl,,,,,,2023-10-03T01:24:01.649Z,False,False,False,366.996202,"Oh. Ct. Com. Pl., Fairfield",Fairfield County Court of Common Pleas,Fairfield County Court of Common Pleas,,,,ST,Created as part of import of Case.Law data.,State Trial
ohctcomplfayett,ohioctcompl,,,,,,2023-10-03T01:24:01.667Z,False,False,False,366.9962025,"Oh. Ct. Com. Pl., Fayette",Fayette County Court of Common Pleas,Fayette County Court of Common Pleas,,,,ST,,State Trial
ohctcomplfulton,ohioctcompl,,,,,,2023-10-03T01:24:01.679Z,False,False,False,366.9962026,"Oh. Ct. Com. Pl., Fulton",Fulton County Court of Common Pleas,Fulton County Court of Common Pleas,,,,ST,,State Trial
ohctcomplfrankl,ohioctcompl,,,,,,2023-10-03T01:24:01.691Z,False,False,False,366.996203,"Oh. Ct. Com. Pl., Franklin  Civil Division","Court of Common Pleas of Ohio, Franklin County, Civil Division","Court of Common Pleas of Ohio, Franklin County, Civil Division",,,,ST,Created as part of import of Case.Law data.,State Trial
ohctcomplgalia,ohioctcompl,,,,,,2023-10-03T01:24:01.707Z,False,False,False,366.996204,"Oh. Ct. Com. Pl., Galia",Galia County Court of Common Pleas,Galia County Court of Common Pleas,,,,ST,Created as part of import of Case.Law data.,State Trial
ohctcomplgallia,ohioctcompl,,,,,,2023-10-03T01:24:01.731Z,False,False,False,366.996205,"Oh. Ct. Com. Pl., Gallia",Gallia County Court of Common Pleas,Gallia County Court of Common Pleas,,,,ST,Created as part of import of Case.Law data.,State Trial
ohctcomplgeauga,ohioctcompl,,,,,,2023-10-03T01:24:01.737Z,False,False,False,366.996206,"Oh. Ct. Com. Pl., Geauga",Geauga County Court of Common Pleas,Geauga County Court of Common Pleas,,,,ST,Created as part of import of Case.Law data.,State Trial
ohctcomplgreen,ohioctcompl,,,,,,2023-10-03T01:24:01.755Z,False,False,False,366.9962065,"Oh. Ct. Com. Pl., Green",Green County Court of Common Pleas,Green County Court of Common Pleas,,,,ST,,State Trial
ohctcomplgreene,ohioctcompl,,,,,,2023-10-03T01:24:01.771Z,False,False,False,366.9962066,"Oh. Ct. Com. Pl., Greene",Greene County Court of Common Pleas,Greene County Court of Common Pleas,,,,ST,,State Trial
ohctcomplguerns,ohioctcompl,,,,,,2023-10-03T01:24:01.787Z,False,False,False,366.996207,"Oh. Ct. Com. Pl., Guernsey",Guernsey County Court of Common Pleas,Guernsey County Court of Common Pleas,,,,ST,Created as part of import of Case.Law data.,State Trial
ohctcomplhamilt,ohioctcompl,,,,,,2023-10-03T01:24:01.793Z,False,False,False,366.996208,"Oh. Ct. Com. Pl., Hamilton","Court of Common Pleas of Ohio, Hamilton County","Court of Common Pleas of Ohio, Hamilton County",,,,ST,Created as part of import of Case.Law data.,State Trial
ohctcomplhancoc,ohioctcompl,,,,,,2023-10-03T01:24:01.807Z,False,False,False,366.996209,"Oh. Ct. Com. Pl., Hancock",Hancock County Court of Common Pleas,Hancock County Court of Common Pleas,,,,ST,Created as part of import of Case.Law data.,State Trial
ohctcomplhardin,ohioctcompl,,,,,,2023-10-03T01:24:01.823Z,False,False,False,366.99621,"Oh. Ct. Com. Pl., Hardin",Hardin County Court of Common Pleas,Hardin County Court of Common Pleas,,,,ST,Created as part of import of Case.Law data.,State Trial
ohctcomplharris,ohioctcompl,,,,,,2023-10-03T01:24:01.834Z,False,False,False,366.996211,"Oh. Ct. Com. Pl., Harrison",Harrison County Court of Common Pleas,Harrison County Court of Common Pleas,,,,ST,Created as part of import of Case.Law data.,State Trial
ohctcomplhenry,ohioctcompl,,,,,,2023-10-03T01:24:01.843Z,False,False,False,366.996212,"Oh. Ct. Com. Pl., Henry",Henry County Court of Common Pleas,Henry County Court of Common Pleas,,,,ST,Created as part of import of Case.Law data.,State Trial
ohctcomplhighla,ohioctcompl,,,,,,2023-10-03T01:24:01.850Z,False,False,False,366.996213,"Oh. Ct. Com. Pl., Highland",Highland County Court of Common Pleas,Highland County Court of Common Pleas,,,,ST,Created as part of import of Case.Law data.,State Trial
ohctcomplhockin,ohioctcompl,,,,,,2023-10-03T01:24:01.863Z,False,False,False,366.996214,"Oh. Ct. Com. Pl., Hocking",Hocking County Court of Common Pleas,Hocking County Court of Common Pleas,,,,ST,Created as part of import of Case.Law data.,State Trial
ohctcomplholmes,ohioctcompl,,,,,,2023-10-03T01:24:01.870Z,False,False,False,366.996215,"Oh. Ct. Com. Pl., Holmes",Holmes County Court of Common Pleas,Holmes County Court of Common Pleas,,,,ST,Created as part of import of Case.Law data.,State Trial
ohctcomplhuron,ohioctcompl,,,,,,2023-10-03T01:24:01.880Z,False,False,False,366.996216,"Oh. Ct. Com. Pl., Huron",Huron County Court of Common Pleas,Huron County Court of Common Pleas,,,,ST,Created as part of import of Case.Law data.,State Trial
ohctcompljackso,ohioctcompl,,,,,,2023-10-03T01:24:01.888Z,False,False,False,366.996217,"Oh. Ct. Com. Pl., Jackson",Jackson County Court of Common Pleas,Jackson County Court of Common Pleas,,,,ST,Created as part of import of Case.Law data.,State Trial
ohctcompljeffer,ohioctcompl,,,,,,2023-10-03T01:24:01.907Z,False,False,False,366.9962175,"Oh. Ct. Com. Pl., Jefferson",Jefferson County Court of Common Pleas,Jefferson County Court of Common Pleas,,,,ST,,State Trial
ohctcomplknox,ohioctcompl,,,,,,2023-10-03T01:24:01.921Z,False,False,False,366.996218,"Oh. Ct. Com. Pl., Knox",Knox County Court of Common Pleas,Knox County Court of Common Pleas,,,,ST,Created as part of import of Case.Law data.,State Trial
ohctcompllake,ohioctcompl,,,,,,2023-10-03T01:24:01.934Z,False,False,False,366.996219,"Oh. Ct. Com. Pl., Lake",Lake County Court of Common Pleas,Lake County Court of Common Pleas,,,,ST,Created as part of import of Case.Law data.,State Trial
ohctcompllawren,ohioctcompl,,,,,,2023-10-03T01:24:01.947Z,False,False,False,366.99622,"Oh. Ct. Com. Pl., Lawrence",Lawrence County Common Pleas Court,Lawrence County Common Pleas Court,,,,ST,Created as part of import of Case.Law data.,State Trial
ohctcompllickin,ohioctcompl,,,,,,2023-10-03T01:24:01.963Z,False,False,False,366.996221,"Oh. Ct. Com. Pl., Licking",Licking County Court of Common Pleas,Licking County Court of Common Pleas,,,,ST,Created as part of import of Case.Law data.,State Trial
ohctcompllogan,ohioctcompl,,,,,,2023-10-03T01:24:01.979Z,False,False,False,366.996222,"Oh. Ct. Com. Pl., Logan",Logan County Court of Common Pleas,Logan County Court of Common Pleas,,,,ST,Created as part of import of Case.Law data.,State Trial
ohctcompllorain,ohioctcompl,,,,,,2023-10-03T01:24:01.999Z,False,False,False,366.996223,"Oh. Ct. Com. Pl., Lorain",Lorain County Court of Common Pleas,Lorain County Court of Common Pleas,,,,ST,Created as part of import of Case.Law data.,State Trial
ohctcompllucas,ohioctcompl,,,,,,2023-10-03T01:24:02.008Z,False,False,False,366.996224,"Oh. Ct. Com. Pl., Lucas",Lucas County Court of Common Pleas,Lucas County Court of Common Pleas,,,,ST,Created as part of import of Case.Law data.,State Trial
ohctcomplmadiso,ohioctcompl,,,,,,2023-10-03T01:24:02.014Z,False,False,False,366.996225,"Oh. Ct. Com. Pl., Madison",Madison County Court of Common Pleas,Madison County Court of Common Pleas,,,,ST,Created as part of import of Case.Law data.,State Trial
ohctcomplmahoni,ohioctcompl,,,,,,2023-10-03T01:24:02.039Z,False,False,False,366.996226,"Oh. Ct. Com. Pl., Mahoning",Mahoning County Court of Common Pleas,Mahoning County Court of Common Pleas,,,,ST,Created as part of import of Case.Law data.,State Trial
ohctcomplmarion,ohioctcompl,,,,,,2023-10-03T01:24:02.051Z,False,False,False,366.996227,"Oh. Ct. Com. Pl., Marion",Marion County Court of Common Pleas,Marion County Court of Common Pleas,,,,ST,Created as part of import of Case.Law data.,State Trial
ohctcomplmedina,ohioctcompl,,,,,,2023-10-03T01:24:02.069Z,False,False,False,366.996228,"Oh. Ct. Com. Pl., Medina",Medina County Court of Common Pleas,Medina County Court of Common Pleas,,,,ST,Created as part of import of Case.Law data.,State Trial
ohctcomplmeigs,ohioctcompl,,,,,,2023-10-03T01:24:02.083Z,False,False,False,366.996229,"Oh. Ct. Com. Pl., Meigs",Meigs County Court of Common Pleas,Meigs County Court of Common Pleas,,,,ST,Created as part of import of Case.Law data.,State Trial
ohctcomplmercer,ohioctcompl,,,,,,2023-10-03T01:24:02.095Z,False,False,False,366.9962295,"Oh. Ct. Com. Pl., Mercer",Mercer County Court of Common Pleas,Mercer County Court of Common Pleas,,,,ST,,State Trial
ohctcomplmiami,ohioctcompl,,,,,,2023-10-03T01:24:02.111Z,False,False,False,366.99623,"Oh. Ct. Com. Pl., Miami",Miami County Court of Common Pleas,Miami County Court of Common Pleas,,,,ST,Created as part of import of Case.Law data.,State Trial
ohctcomplmonroe,ohioctcompl,,,,,,2023-10-03T01:24:02.124Z,False,False,False,366.9962301,"Oh. Ct. Com. Pl., Monroe",Monroe County Court of Common Pleas,Monroe County Court of Common Pleas,,,,ST,,State Trial
ohctcomplmontgo,ohioctcompl,,,,,,2023-10-03T01:24:02.135Z,False,False,False,366.9962302,"Oh. Ct. Com. Pl., Montgomery",Montgomery County Court of Common Pleas,Montgomery County Court of Common Pleas,,,,ST,,State Trial
ohctcomplmorgan,ohioctcompl,,,,,,2023-10-03T01:24:02.154Z,False,False,False,366.996231,"Oh. Ct. Com. Pl., Morgan",Morgan County Court of Common Pleas,Morgan County Court of Common Pleas,,,,ST,Created as part of import of Case.Law data.,State Trial
ohctcomplmorrow,ohioctcompl,,,,,,2023-10-03T01:24:02.167Z,False,False,False,366.996232,"Oh. Ct. Com. Pl., Morrow",Morrow County Court of Common Pleas,Morrow County Court of Common Pleas,,,,ST,Created as part of import of Case.Law data.,State Trial
ohctcomplmuskin,ohioctcompl,,,,,,2023-10-03T01:24:02.178Z,False,False,False,366.996233,"Oh. Ct. Com. Pl., Muskingum",Muskingum County Court of Common Pleas,Muskingum County Court of Common Pleas,,,,ST,Created as part of import of Case.Law data.,State Trial
ohctcomplnoble,ohioctcompl,,,,,,2023-10-03T01:24:02.195Z,False,False,False,366.996234,"Oh. Ct. Com. Pl., Noble",Noble County Court of Common Pleas,Noble County Court of Common Pleas,,,,ST,Created as part of import of Case.Law data.,State Trial
ohctcomplottawa,ohioctcompl,,,,,,2023-10-03T01:24:02.215Z,False,False,False,366.996235,"Oh. Ct. Com. Pl., Ottawa",Ottawa County Court of Common Pleas,Ottawa County Court of Common Pleas,,,,ST,Created as part of import of Case.Law data.,State Trial
ohctcomplpauldi,ohioctcompl,,,,,,2023-10-03T01:24:02.227Z,False,False,False,366.996236,"Oh. Ct. Com. Pl., Paulding",Paulding County Court of Common Pleas,Paulding County Court of Common Pleas,,,,ST,Created as part of import of Case.Law data.,State Trial
ohctcomplpickaw,ohioctcompl,,,,,,2023-10-03T01:24:02.242Z,False,False,False,366.996237,"Oh. Ct. Com. Pl., Pickaway",Pickaway County Court of Common Pleas,Pickaway County Court of Common Pleas,,,,ST,Created as part of import of Case.Law data.,State Trial
ohctcomplpike,ohioctcompl,,,,,,2023-10-03T01:24:02.248Z,False,False,False,366.9962375,"Oh. Ct. Com. Pl., Pike",Pike County Court of Common Pleas,Pike County Court of Common Pleas,,,,ST,,State Trial
ohctcomplportag,ohioctcompl,,,,,,2023-10-03T01:24:02.263Z,False,False,False,366.996238,"Oh. Ct. Com. Pl., Portage",Portage County Court of Common Pleas,Portage County Court of Common Pleas,,,,ST,Created as part of import of Case.Law data.,State Trial
ohctcomplpreble,ohioctcompl,,,,,,2023-10-03T01:24:02.279Z,False,False,False,366.996239,"Oh. Ct. Com. Pl., Preble",Preble County Court of Common Pleas,Preble County Court of Common Pleas,,,,ST,Created as part of import of Case.Law data.,State Trial
ohctcomplputnam,ohioctcompl,,,,,,2023-10-03T01:24:02.291Z,False,False,False,366.99624,"Oh. Ct. Com. Pl., Putnam",Putnam County Court of Common Pleas,Putnam County Court of Common Pleas,,,,ST,Created as part of import of Case.Law data.,State Trial
ohctcomplrichla,ohioctcompl,,,,,,2023-10-03T01:24:02.302Z,False,False,False,366.996241,"Oh. Ct. Com. Pl., Richland",Richland County Court of Common Pleas,Richland County Court of Common Pleas,,,,ST,Created as part of import of Case.Law data.,State Trial
ohctcomplross,ohioctcompl,,,,,,2023-10-03T01:24:02.319Z,False,False,False,366.996242,"Oh. Ct. Com. Pl., Ross",Ross County Court of Common Pleas,Ross County Court of Common Pleas,,,,ST,Created as part of import of Case.Law data.,State Trial
ohctcomplsandus,ohioctcompl,,,,,,2023-10-03T01:24:02.335Z,False,False,False,366.996243,"Oh. Ct. Com. Pl., Sandusky",Sandusky County Court of Common Pleas,Sandusky County Court of Common Pleas,,,,ST,Created as part of import of Case.Law data.,State Trial
ohctcomplscioto,ohioctcompl,,,,,,2023-10-03T01:24:02.351Z,False,False,False,366.996244,"Oh. Ct. Com. Pl., Scioto",Scioto County Court of Common Pleas,Scioto County Court of Common Pleas,,,,ST,Created as part of import of Case.Law data.,State Trial
ohctcomplseneca,ohioctcompl,,,,,,2023-10-03T01:24:02.359Z,False,False,False,366.996245,"Oh. Ct. Com. Pl., Seneca",Seneca County Court of Common Pleas,Seneca County Court of Common Pleas,,,,ST,Created as part of import of Case.Law data.,State Trial
ohctcomplshelby,ohioctcompl,,,,,,2023-10-03T01:24:02.371Z,False,False,False,366.996246,"Oh. Ct. Com. Pl., Shelby",Shelby County Court of Common Pleas,Shelby County Court of Common Pleas,,,,ST,Created as part of import of Case.Law data.,State Trial
ohctcomplstark,ohioctcompl,,,,,,2023-10-03T01:24:02.383Z,False,False,False,366.996247,"Oh. Ct. Com. Pl., Stark",Stark County Court of Common Pleas,Stark County Court of Common Pleas,,,,ST,Created as part of import of Case.Law data.,State Trial
ohctcomplsummit,ohioctcompl,,,,,,2023-10-03T01:24:02.393Z,False,False,False,366.996248,"Oh. Ct. Com. Pl., Summit",Summit County Court of Common Pleas,Summit County Court of Common Pleas,,,,ST,Created as part of import of Case.Law data.,State Trial
ohctcompltascar,ohioctcompl,,,,,,2023-10-03T01:24:02.399Z,False,False,False,366.996249,"Oh. Ct. Com. Pl., Tascarawas",Tascarawas County Court of Common Pleas,Tascarawas County Court of Common Pleas,,,,ST,Created as part of import of Case.Law data.,State Trial
ohctcompltrumbu,ohioctcompl,,,,,,2023-10-03T01:24:02.415Z,False,False,False,366.99625,"Oh. Ct. Com. Pl., Trumbull",Trumbull County Court of Common Pleas,Trumbull County Court of Common Pleas,,,,ST,Created as part of import of Case.Law data.,State Trial
ohctcompltuscar,ohioctcompl,,,,,,2023-10-03T01:24:02.423Z,False,False,False,366.996251,"Oh. Ct. Com. Pl., Tuscarawas",Tuscarawas County Court of Common Pleas,Tuscarawas County Court of Common Pleas,,,,ST,Created as part of import of Case.Law data.,State Trial
ohctcomplunion,ohioctcompl,,,,,,2023-10-03T01:24:02.439Z,False,False,False,366.9962515,"Oh. Ct. Com. Pl., Union",Union County Court of Common Pleas,Union County Court of Common Pleas,,,,ST,,State Trial
ohctcomplvanwe,ohioctcompl,,,,,,2023-10-03T01:24:02.449Z,False,False,False,366.996252,"Oh. Ct. Com. Pl., Van Wert",Van Wert County Court of Common Pleas,Van Wert County Court of Common Pleas,,,,ST,Created as part of import of Case.Law data.,State Trial
ohctcomplvinton,ohioctcompl,,,,,,2023-10-03T01:24:02.463Z,False,False,False,366.996253,"Oh. Ct. Com. Pl., Vinton",Vinton County Court of Common Pleas,Vinton County Court of Common Pleas,,,,ST,Created as part of import of Case.Law data.,State Trial
ohctcomplwarren,ohioctcompl,,,,,,2023-10-03T01:24:02.474Z,False,False,False,366.9962535,"Oh. Ct. Com. Pl., Warren",Warren County Court of Common Pleas,Warren County Court of Common Pleas,,,,ST,,State Trial
ohctcomplwashin,ohioctcompl,,,,,,2023-10-03T01:24:02.495Z,False,False,False,366.9962536,"Oh. Ct. Com. Pl., Washington",Washington County Court of Common Pleas,Washington County Court of Common Pleas,,,,ST,,State Trial
ohctcomplwayne,ohioctcompl,,,,,,2023-10-03T01:24:02.511Z,False,False,False,366.9962537,"Oh. Ct. Com. Pl., Wayne",Wayne County Court of Common Pleas,Wayne County Court of Common Pleas,,,,ST,,State Trial
ohctcomplwillia,ohioctcompl,,,,,,2023-10-03T01:24:02.527Z,False,False,False,366.996254,"Oh. Ct. Com. Pl., Williams",Williams County Court of Common Pleas,Williams County Court of Common Pleas,,,,ST,Created as part of import of Case.Law data.,State Trial
ohctcomplwood,ohioctcompl,,,,,,2023-10-03T01:24:02.534Z,False,False,False,366.996255,"Oh. Ct. Com. Pl., Wood",Wood County Court of Common Pleas,Wood County Court of Common Pleas,,,,ST,Created as part of import of Case.Law data.,State Trial
ohctcomplwyando,ohioctcompl,,,,,,2023-10-03T01:24:02.543Z,False,False,False,366.996256,"Oh. Ct. Com. Pl., Wyandot",Wyandot County Court of Common Pleas,Wyandot County Court of Common Pleas,,,,ST,Created as part of import of Case.Law data.,State Trial
ohjuvct,,,,,,,2022-11-18T02:50:59.602Z,False,False,False,366.996257,,Ohio Juvenile Court,Ohio Juvenile Court,,,,ST,Created as part of import of Case.Law data.,State Trial
ohjuvctallen,ohjuvct,,,,,,2023-10-03T01:24:02.556Z,False,False,False,366.996258,"Oh. Juv. Ct., Allen",Allen County Juvenile Court,Allen County Juvenile Court,,,,ST,Created as part of import of Case.Law data.,State Trial
ohjuvctcolumbia,ohjuvct,,,,,,2023-10-03T01:24:02.569Z,False,False,False,366.996259,"Oh. Juv. Ct., Columbiana",Columbiana County Juvenile Court,Columbiana County Juvenile Court,,,,ST,Created as part of import of Case.Law data.,State Trial
ohjuvctcuyahoga,ohjuvct,,,,,,2023-10-03T01:24:02.578Z,False,False,False,366.99626,"Oh. Juv. Ct., Cuyahoga",Cuyahoga County Juvenile Court,Cuyahoga County Juvenile Court,,,,ST,Created as part of import of Case.Law data.,State Trial
ohjuvctgreene,ohjuvct,,,,,,2023-10-03T01:24:02.599Z,False,False,False,366.996261,"Oh. Juv. Ct., Greene",Greene County Juvenile Court,Greene County Juvenile Court,,,,ST,Created as part of import of Case.Law data.,State Trial
ohjuvcthamilton,ohjuvct,,,,,,2023-10-03T01:24:02.612Z,False,False,False,366.996262,"Oh. Juv. Ct., Hamilton",Hamilton County Juvenile Court,Hamilton County Juvenile Court,,,,ST,Created as part of import of Case.Law data.,State Trial
ohjuvcthuron,ohjuvct,,,,,,2023-10-03T01:24:02.618Z,False,False,False,366.996263,"Oh. Juv. Ct., Huron",Huron County Juvenile Court,Huron County Juvenile Court,,,,ST,Created as part of import of Case.Law data.,State Trial
ohjuvctlicking,ohjuvct,,,,,,2023-10-03T01:24:02.627Z,False,False,False,366.996264,"Oh. Juv. Ct., Licking",Licking County Juvenile Court,Licking County Juvenile Court,,,,ST,Created as part of import of Case.Law data.,State Trial
ohjuvctlucas,ohjuvct,,,,,,2023-10-03T01:24:02.634Z,False,False,False,366.996265,"Oh. Juv. Ct., Lucas",Lucas County Juvenile Court,Lucas County Juvenile Court,,,,ST,Created as part of import of Case.Law data.,State Trial
ohjuvctmarion,ohjuvct,,,,,,2023-10-03T01:24:02.655Z,False,False,False,366.996266,"Oh. Juv. Ct., Marion",Marion County Juvenile Court,Marion County Juvenile Court,,,,ST,Created as part of import of Case.Law data.,State Trial
ohjuvctmuskingu,ohjuvct,,,,,,2023-10-03T01:24:02.676Z,False,False,False,366.996267,"Oh. Juv. Ct., Muskingum",Muskingum County Juvenile Court,Muskingum County Juvenile Court,,,,ST,Created as part of import of Case.Law data.,State Trial
ohjuvctnoble,ohjuvct,,,,,,2023-10-03T01:24:02.685Z,False,False,False,366.996268,"Oh. Juv. Ct., Noble",Noble County Juvenile Court,Noble County Juvenile Court,,,,ST,Created as part of import of Case.Law data.,State Trial
ohjuvctpreble,ohjuvct,,,,,,2023-10-03T01:24:02.692Z,False,False,False,366.996269,"Oh. Juv. Ct., Preble",Preble County Juvenile Court,Preble County Juvenile Court,,,,ST,Created as part of import of Case.Law data.,State Trial
ohjuvcttuscaraw,ohjuvct,,,,,,2023-10-03T01:24:02.703Z,False,False,False,366.99627,"Oh. Juv. Ct., Tuscarawas",Tuscarawas County Juvenile Court,Tuscarawas County Juvenile Court,,,,ST,Created as part of import of Case.Law data.,State Trial
ohjuvctwarren,ohjuvct,,,,,,2023-10-03T01:24:02.718Z,False,False,False,366.996271,"Oh. Juv. Ct., Warren",Warren County Juvenile Court,Warren County Juvenile Court,,,,ST,Created as part of import of Case.Law data.,State Trial
ohjuvctwayne,ohjuvct,,,,,,2023-10-03T01:24:02.735Z,False,False,False,366.996272,"Oh. Juv. Ct., Wayne",Wayne County Juvenile Court,Wayne County Juvenile Court,,,,ST,Created as part of import of Case.Law data.,State Trial
ohmayorct,,,,,,,2022-11-18T02:50:59.637Z,False,False,False,366.996273,,Ohio Police Court,Ohio Police Court,,,,ST,Created as part of import of Case.Law data.,State Trial
ohmayorctcinci,ohmayorct,,,,,,2023-10-03T01:24:02.747Z,False,False,False,366.996274,"Oh. Mayor Ct., Cincinnati",Cincinnati Police Court,Cincinnati Police Court,,,,ST,Created as part of import of Case.Law data.,State Trial
ohmayorctclev,ohmayorct,,,,,,2023-10-03T01:24:02.761Z,False,False,False,366.996275,"Oh. Mayor Ct., Cleveland",Cleveland Police Court,Cleveland Police Court,,,,ST,Created as part of import of Case.Law data.,State Trial
ohmayorctcolum,ohmayorct,,,,,,2023-10-03T01:24:02.775Z,False,False,False,366.996276,"Oh. Mayor Ct., Columbus",Columbus Police Court,Columbus Police Court,,,,ST,Created as part of import of Case.Law data.,State Trial
ohmunict,,,,,,,2022-11-18T02:50:59.646Z,False,False,False,366.996277,,Municipal Courts of Ohio,Municipal Courts of Ohio,,,,ST,Created as part of import of Case.Law data.,State Trial
ohmunictakron,ohmunict,,,,,,2023-10-03T01:24:02.791Z,False,False,False,366.996278,"Oh. Muni. Ct., Akron",Akron Municipal Court,Akron Municipal Court,,,,ST,Created as part of import of Case.Law data.,State Trial
ohmunictashland,ohmunict,,,,,,2023-10-03T01:24:02.813Z,False,False,False,366.996279,"Oh. Muni. Ct., Ashland",Ashland Municipal Court,Ashland Municipal Court,,,,ST,Created as part of import of Case.Law data.,State Trial
ohmunictashtabu,ohmunict,,,,,,2023-10-03T01:24:02.820Z,False,False,False,366.99628,"Oh. Muni. Ct., Ashtabula",Ashtabula Municipal Court,Ashtabula Municipal Court,,,,ST,Created as part of import of Case.Law data.,State Trial
ohmunictathens,ohmunict,,,,,,2023-10-03T01:24:02.827Z,False,False,False,366.996281,"Oh. Muni. Ct., Athens",Athens County Municipal Court,Athens County Municipal Court,,,,ST,Created as part of import of Case.Law data.,State Trial
ohmunictauglaiz,ohmunict,,,,,,2023-10-03T01:24:02.835Z,False,False,False,366.996282,"Oh. Muni. Ct., Auglaize",Auglaize County Municipal Court,Auglaize County Municipal Court,,,,ST,Created as part of import of Case.Law data.,State Trial
ohmunictavonlak,ohmunict,,,,,,2023-10-03T01:24:02.841Z,False,False,False,366.996283,"Oh. Muni. Ct., Avon Lake",Avon Lake Municipal Court,Avon Lake Municipal Court,,,,ST,Created as part of import of Case.Law data.,State Trial
ohmunictbarbert,ohmunict,,,,,,2023-10-03T01:24:02.851Z,False,False,False,366.996284,"Oh. Muni. Ct., Barberton",Barberton Municipal Court,Barberton Municipal Court,,,,ST,Created as part of import of Case.Law data.,State Trial
ohmunictbedford,ohmunict,,,,,,2023-10-03T01:24:02.867Z,False,False,False,366.996285,"Oh. Muni. Ct., Bedford",Bedford Municipal Court,Bedford Municipal Court,,,,ST,Created as part of import of Case.Law data.,State Trial
ohmunictbellefo,ohmunict,,,,,,2023-10-03T01:24:02.880Z,False,False,False,366.996286,"Oh. Muni. Ct., Bellefontaine",Bellefontaine Municipal Court,Bellefontaine Municipal Court,,,,ST,Created as part of import of Case.Law data.,State Trial
ohmunictberea,ohmunict,,,,,,2023-10-03T01:24:02.895Z,False,False,False,366.996287,"Oh. Muni. Ct., Berea",Berea Municipal Court,Berea Municipal Court,,,,ST,Created as part of import of Case.Law data.,State Trial
ohmunictbowling,ohmunict,,,,,,2023-10-03T01:24:02.911Z,False,False,False,366.996288,"Oh. Muni. Ct., Bowling Green",Bowling Green County Municipal Court,Bowling Green County Municipal Court,,,,ST,Created as part of import of Case.Law data.,State Trial
ohmunictcanton,ohmunict,,,,,,2023-10-03T01:24:02.925Z,False,False,False,366.996289,"Oh. Muni. Ct., Canton",Canton Municipal Court,Canton Municipal Court,,,,ST,Created as part of import of Case.Law data.,State Trial
ohmunictcelina,ohmunict,,,,,,2023-10-03T01:24:02.943Z,False,False,False,366.99629,"Oh. Muni. Ct., Celina",Celina Municipal Court,Celina Municipal Court,,,,ST,Created as part of import of Case.Law data.,State Trial
ohmunictchardon,ohmunict,,,,,,2023-10-03T01:24:02.959Z,False,False,False,366.996291,"Oh. Muni. Ct., Chardon",Chardon Municipal Court,Chardon Municipal Court,,,,ST,Created as part of import of Case.Law data.,State Trial
ohmunictchillic,ohmunict,,,,,,2023-10-03T01:24:02.969Z,False,False,False,366.996292,"Oh. Muni. Ct., Chillicothe",Chillicothe Municipal Court,Chillicothe Municipal Court,,,,ST,Created as part of import of Case.Law data.,State Trial
ohmunictcincinn,ohmunict,,,,,,2023-10-03T01:24:02.977Z,False,False,False,366.996293,"Oh. Muni. Ct., Cincinnati",Cincinnati Municipal Court,Cincinnati Municipal Court,,,,ST,Created as part of import of Case.Law data.,State Trial
ohmunictcirclev,ohmunict,,,,,,2023-10-03T01:24:02.995Z,False,False,False,366.996294,"Oh. Muni. Ct., Circleville",Circleville Municipal Court,Circleville Municipal Court,,,,ST,Created as part of import of Case.Law data.,State Trial
ohmunictclark,ohmunict,,,,,,2023-10-03T01:24:03.011Z,False,False,False,366.996295,"Oh. Muni. Ct., Clark",Clark County Municipal Court,Clark County Municipal Court,,,,ST,Created as part of import of Case.Law data.,State Trial
ohmunictclermon,ohmunict,,,,,,2023-10-03T01:24:03.022Z,False,False,False,366.996296,"Oh. Muni. Ct., Clermont",Clermont County Municipal Court,Clermont County Municipal Court,,,,ST,Created as part of import of Case.Law data.,State Trial
ohmunictclevela,ohmunict,,,,,,2023-10-03T01:24:03.035Z,False,False,False,366.996297,"Oh. Muni. Ct., Cleveland",City of Cleveland Municipal Court,City of Cleveland Municipal Court,,,,ST,Created as part of import of Case.Law data.,State Trial
ohmunictcolumbu,ohmunict,,,,,,2023-10-03T01:24:03.059Z,False,False,False,366.996298,"Oh. Muni. Ct., Columbus",City of Columbus Municipal Court,City of Columbus Municipal Court,,,,ST,Created as part of import of Case.Law data.,State Trial
ohmunictcrawfor,ohmunict,,,,,,2023-10-03T01:24:03.072Z,False,False,False,366.996299,"Oh. Muni. Ct., Crawford",Crawford County Municipal Court,Crawford County Municipal Court,,,,ST,Created as part of import of Case.Law data.,State Trial
ohmunictcuyahog,ohmunict,,,,,,2023-10-03T01:24:03.081Z,False,False,False,366.9963,"Oh. Muni. Ct., Cuyahoga",Cuyahoga County Municipal Court,Cuyahoga County Municipal Court,,,,ST,Created as part of import of Case.Law data.,State Trial
ohmunictcuyfall,ohmunict,,,,,,2023-10-03T01:24:03.091Z,False,False,False,366.996301,"Oh. Muni. Ct., Cuyahoga",Cuyahoga Falls Municipal Court,Cuyahoga Falls Municipal Court,,,,ST,Created as part of import of Case.Law data.,State Trial
ohmunictdarke,ohmunict,,,,,,2023-10-03T01:24:03.111Z,False,False,False,366.996302,"Oh. Muni. Ct., Darke",Darke County Municipal Court,Darke County Municipal Court,,,,ST,Created as part of import of Case.Law data.,State Trial
ohmunictdayton,ohmunict,,,,,,2023-10-03T01:24:03.124Z,False,False,False,366.996303,"Oh. Muni. Ct., Dayton",City of Dayton Municipal Court,City of Dayton Municipal Court,,,,ST,Created as part of import of Case.Law data.,State Trial
ohmunicteastliv,ohmunict,,,,,,2023-10-03T01:24:03.130Z,False,False,False,366.996304,"Oh. Muni. Ct., East Liverpool",East Liverpool Municipal Court,East Liverpool Municipal Court,,,,ST,Created as part of import of Case.Law data.,State Trial
ohmunictelyria,ohmunict,,,,,,2023-10-03T01:24:03.139Z,False,False,False,366.996305,"Oh. Muni. Ct., Elyria",Elyria Municipal Court,Elyria Municipal Court,,,,ST,Created as part of import of Case.Law data.,State Trial
ohmunicteuclid,ohmunict,,,,,,2023-10-03T01:24:03.145Z,False,False,False,366.996306,"Oh. Muni. Ct., Euclid",Euclid Municipal Court,Euclid Municipal Court,,,,ST,Created as part of import of Case.Law data.,State Trial
ohmunicteuclidc,ohmunict,,,,,,2023-10-03T01:24:03.153Z,False,False,False,366.996307,"Oh. Muni. Ct., Euclid City",Euclid City Municipal Court,Euclid City Municipal Court,,,,ST,Created as part of import of Case.Law data.,State Trial
ohmunictfindlay,ohmunict,,,,,,2023-10-03T01:24:03.169Z,False,False,False,366.996308,"Oh. Muni. Ct., Findlay",Findlay Municipal Court,Findlay Municipal Court,,,,ST,Created as part of import of Case.Law data.,State Trial
ohmunictfostori,ohmunict,,,,,,2023-10-03T01:24:03.186Z,False,False,False,366.996309,"Oh. Muni. Ct., Fostoria",Fostoria Municipal Court,Fostoria Municipal Court,,,,ST,Created as part of import of Case.Law data.,State Trial
ohmunictfrankli,ohmunict,,,,,,2023-10-03T01:24:03.203Z,False,False,False,366.99631,"Oh. Muni. Ct., Franklin",Franklin County Municipal Court,Franklin County Municipal Court,,,,ST,Created as part of import of Case.Law data.,State Trial
ohmunictfremont,ohmunict,,,,,,2023-10-03T01:24:03.215Z,False,False,False,366.996311,"Oh. Muni. Ct., Fremont",Fremont Municipal Court,Fremont Municipal Court,,,,ST,Created as part of import of Case.Law data.,State Trial
ohmunictgallipo,ohmunict,,,,,,2023-10-03T01:24:03.231Z,False,False,False,366.996312,"Oh. Muni. Ct., Gallipolis",Gallipolis Municipal Court,Gallipolis Municipal Court,,,,ST,Created as part of import of Case.Law data.,State Trial
ohmunictgirard,ohmunict,,,,,,2023-10-03T01:24:03.245Z,False,False,False,366.996313,"Oh. Muni. Ct., Girard",Girard Municipal Court,Girard Municipal Court,,,,ST,Created as part of import of Case.Law data.,State Trial
ohmunicthamilto,ohmunict,,,,,,2023-10-03T01:24:03.258Z,False,False,False,366.996314,"Oh. Muni. Ct., Hamilton",Hamilton County Municipal Court,Hamilton County Municipal Court,,,,ST,Created as part of import of Case.Law data.,State Trial
ohmunicthighlan,ohmunict,,,,,,2023-10-03T01:24:03.273Z,False,False,False,366.996315,"Oh. Muni. Ct., Highland",Highland County Municipal Court,Highland County Municipal Court,,,,ST,Created as part of import of Case.Law data.,State Trial
ohmunicthocking,ohmunict,,,,,,2023-10-03T01:24:03.291Z,False,False,False,366.996316,"Oh. Muni. Ct., Hocking",Hocking County Municipal Court,Hocking County Municipal Court,,,,ST,Created as part of import of Case.Law data.,State Trial
ohmunictketteri,ohmunict,,,,,,2023-10-03T01:24:03.307Z,False,False,False,366.996317,"Oh. Muni. Ct., Kettering",Kettering Municipal Court,Kettering Municipal Court,,,,ST,Created as part of import of Case.Law data.,State Trial
ohmunictlakewoo,ohmunict,,,,,,2023-10-03T01:24:03.313Z,False,False,False,366.996318,"Oh. Muni. Ct., Lakewood",Lakewood Municipal Court,Lakewood Municipal Court,,,,ST,Created as part of import of Case.Law data.,State Trial
ohmunictlancast,ohmunict,,,,,,2023-10-03T01:24:03.327Z,False,False,False,366.996319,"Oh. Muni. Ct., Lancaster",Lancaster Municipal Court,Lancaster Municipal Court,,,,ST,Created as part of import of Case.Law data.,State Trial
ohmunictlawrenc,ohmunict,,,,,,2023-10-03T01:24:03.337Z,False,False,False,366.99632,"Oh. Muni. Ct., Lawrence",Lawrence County Municipal Court,Lawrence County Municipal Court,,,,ST,Created as part of import of Case.Law data.,State Trial
ohmunictlicking,ohmunict,,,,,,2023-10-03T01:24:03.353Z,False,False,False,366.996321,"Oh. Muni. Ct., Licking",Licking County Municipal Court,Licking County Municipal Court,,,,ST,Created as part of import of Case.Law data.,State Trial
ohmunictlima,ohmunict,,,,,,2023-10-03T01:24:03.367Z,False,False,False,366.996322,"Oh. Muni. Ct., Lima",Lima Municipal Court,Lima Municipal Court,,,,ST,Created as part of import of Case.Law data.,State Trial
ohmunictlorain,ohmunict,,,,,,2023-10-03T01:24:03.378Z,False,False,False,366.996323,"Oh. Muni. Ct., Lorain",Lorain Municipal Court,Lorain Municipal Court,,,,ST,Created as part of import of Case.Law data.,State Trial
ohmunictlucas,ohmunict,,,,,,2023-10-03T01:24:03.390Z,False,False,False,366.996324,"Oh. Muni. Ct., Lucas",Lucas County Municipal Court,Lucas County Municipal Court,,,,ST,Created as part of import of Case.Law data.,State Trial
ohmunictmansfie,ohmunict,,,,,,2023-10-03T01:24:03.400Z,False,False,False,366.996325,"Oh. Muni. Ct., Mansfield",Mansfield Municipal Court,Mansfield Municipal Court,,,,ST,Created as part of import of Case.Law data.,State Trial
ohmunictmarion,ohmunict,,,,,,2023-10-03T01:24:03.413Z,False,False,False,366.996326,"Oh. Muni. Ct., Marion",Marion County Municipal Court,Marion County Municipal Court,,,,ST,Created as part of import of Case.Law data.,State Trial
ohmunictmarysvi,ohmunict,,,,,,2023-10-03T01:24:03.435Z,False,False,False,366.996327,"Oh. Muni. Ct., Marysville",Marysville Municipal Court,Marysville Municipal Court,,,,ST,Created as part of import of Case.Law data.,State Trial
ohmunictmassill,ohmunict,,,,,,2023-10-03T01:24:03.455Z,False,False,False,366.996328,"Oh. Muni. Ct., Massillon",Massillon Municipal Court,Massillon Municipal Court,,,,ST,Created as part of import of Case.Law data.,State Trial
ohmunictmaumee,ohmunict,,,,,,2023-10-03T01:24:03.471Z,False,False,False,366.996329,"Oh. Muni. Ct., Maumee",Maumee Municipal Court,Maumee Municipal Court,,,,ST,Created as part of import of Case.Law data.,State Trial
ohmunictmedina,ohmunict,,,,,,2023-10-03T01:24:03.479Z,False,False,False,366.99633,"Oh. Muni. Ct., Medina",Medina Municipal Court,Medina Municipal Court,,,,ST,Created as part of import of Case.Law data.,State Trial
ohmunictmiamisb,ohmunict,,,,,,2023-10-03T01:24:03.486Z,False,False,False,366.996331,"Oh. Muni. Ct., Miamisburg",Miamisburg Municipal Court,Miamisburg Municipal Court,,,,ST,Created as part of import of Case.Law data.,State Trial
ohmunictmiddlet,ohmunict,,,,,,2023-10-03T01:24:03.503Z,False,False,False,366.996332,"Oh. Muni. Ct., Middletown",Middletown Municipal Court,Middletown Municipal Court,,,,ST,Created as part of import of Case.Law data.,State Trial
ohmunictmorrow,ohmunict,,,,,,2023-10-03T01:24:03.517Z,False,False,False,366.996333,"Oh. Muni. Ct., Morrow",Morrow County Municipal Court,Morrow County Municipal Court,,,,ST,Created as part of import of Case.Law data.,State Trial
ohmunictnewphil,ohmunict,,,,,,2023-10-03T01:24:03.535Z,False,False,False,366.996334,"Oh. Muni. Ct., New Philadelphia",New Philadelphia Municipal Court,New Philadelphia Municipal Court,,,,ST,Created as part of import of Case.Law data.,State Trial
ohmunictnewtonf,ohmunict,,,,,,2023-10-03T01:24:03.551Z,False,False,False,366.996335,"Oh. Muni. Ct., Newton Falls",Newton Falls Municipal Court,Newton Falls Municipal Court,,,,ST,Created as part of import of Case.Law data.,State Trial
ohmunictoberlin,ohmunict,,,,,,2023-10-03T01:24:03.563Z,False,False,False,366.996336,"Oh. Muni. Ct., Oberlin",Oberlin Municipal Court,Oberlin Municipal Court,,,,ST,Created as part of import of Case.Law data.,State Trial
ohmunictparma,ohmunict,,,,,,2023-10-03T01:24:03.575Z,False,False,False,366.996337,"Oh. Muni. Ct., Parma",Parma Municipal Court,Parma Municipal Court,,,,ST,Created as part of import of Case.Law data.,State Trial
ohmunictperrysb,ohmunict,,,,,,2023-10-03T01:24:03.591Z,False,False,False,366.996338,"Oh. Muni. Ct., Perrysburg",Perrysburg Municipal Court,Perrysburg Municipal Court,,,,ST,Created as part of import of Case.Law data.,State Trial
ohmunictpiqua,ohmunict,,,,,,2023-10-03T01:24:03.607Z,False,False,False,366.996339,"Oh. Muni. Ct., Piqua",Piqua Municipal Court,Piqua Municipal Court,,,,ST,Created as part of import of Case.Law data.,State Trial
ohmunictportage,ohmunict,,,,,,2023-10-03T01:24:03.623Z,False,False,False,366.99634,"Oh. Muni. Ct., Portage",Portage County Municipal Court,Portage County Municipal Court,,,,ST,Created as part of import of Case.Law data.,State Trial
ohmunictportcli,ohmunict,,,,,,2023-10-03T01:24:03.639Z,False,False,False,366.996341,"Oh. Muni. Ct., Port Clinton",Port Clinton Municipal Court,Port Clinton Municipal Court,,,,ST,Created as part of import of Case.Law data.,State Trial
ohmunictportsmo,ohmunict,,,,,,2023-10-03T01:24:03.655Z,False,False,False,366.996342,"Oh. Muni. Ct., Portsmouth",Portsmouth Municipal Court,Portsmouth Municipal Court,,,,ST,Created as part of import of Case.Law data.,State Trial
ohmunictravenna,ohmunict,,,,,,2023-10-03T01:24:03.671Z,False,False,False,366.996343,"Oh. Muni. Ct., Ravenna",Ravenna Municipal Court,Ravenna Municipal Court,,,,ST,Created as part of import of Case.Law data.,State Trial
ohmunictrockyri,ohmunict,,,,,,2023-10-03T01:24:03.683Z,False,False,False,366.996344,"Oh. Muni. Ct., Rocky River",Rocky River Municipal Court,Rocky River Municipal Court,,,,ST,Created as part of import of Case.Law data.,State Trial
ohmunictshakerh,ohmunict,,,,,,2023-10-03T01:24:03.695Z,False,False,False,366.996345,"Oh. Muni. Ct., Shaker Heights",Shaker Heights Municipal Court,Shaker Heights Municipal Court,,,,ST,Created as part of import of Case.Law data.,State Trial
ohmunictsidney,ohmunict,,,,,,2023-10-03T01:24:03.701Z,False,False,False,366.996346,"Oh. Muni. Ct., Sidney",Sidney Municipal Court,Sidney Municipal Court,,,,ST,Created as part of import of Case.Law data.,State Trial
ohmunictsoutheu,ohmunict,,,,,,2023-10-03T01:24:03.711Z,False,False,False,366.996347,"Oh. Muni. Ct., South Euclid",South Euclid Municipal Court,South Euclid Municipal Court,,,,ST,Created as part of import of Case.Law data.,State Trial
ohmunictspringf,ohmunict,,,,,,2023-10-03T01:24:03.726Z,False,False,False,366.996348,"Oh. Muni. Ct., Springfield",Springfield Municipal Court,Springfield Municipal Court,,,,ST,Created as part of import of Case.Law data.,State Trial
ohmunictstruthe,ohmunict,,,,,,2023-10-03T01:24:03.743Z,False,False,False,366.996349,"Oh. Muni. Ct., Struthers",Struthers Municipal Court,Struthers Municipal Court,,,,ST,Created as part of import of Case.Law data.,State Trial
ohmunictsummit,ohmunict,,,,,,2023-10-03T01:24:03.753Z,False,False,False,366.99635,"Oh. Muni. Ct., Summit",Summit County Municipal Court,Summit County Municipal Court,,,,ST,Created as part of import of Case.Law data.,State Trial
ohmunictsylvani,ohmunict,,,,,,2023-10-03T01:24:03.759Z,False,False,False,366.996351,"Oh. Muni. Ct., Sylvania",Sylvania Municipal Court,Sylvania Municipal Court,,,,ST,Created as part of import of Case.Law data.,State Trial
ohmunicttiffin,ohmunict,,,,,,2023-10-03T01:24:03.775Z,False,False,False,366.996352,"Oh. Muni. Ct., Tiffin",Tiffin Municipal Court,Tiffin Municipal Court,,,,ST,Created as part of import of Case.Law data.,State Trial
ohmunicttoledo,ohmunict,,,,,,2023-10-03T01:24:03.789Z,False,False,False,366.996353,"Oh. Muni. Ct., Toledo",Toledo Municipal Court,Toledo Municipal Court,,,,ST,Created as part of import of Case.Law data.,State Trial
ohmunicttrumbul,ohmunict,,,,,,2023-10-03T01:24:03.799Z,False,False,False,366.996354,"Oh. Muni. Ct., Trumbull",Trumbull County Municipal Court,Trumbull County Municipal Court,,,,ST,Created as part of import of Case.Law data.,State Trial
ohmunictuppersa,ohmunict,,,,,,2023-10-03T01:24:03.815Z,False,False,False,366.996355,"Oh. Muni. Ct., Upper Sandusky",Upper Sandusky Municipal Court,Upper Sandusky Municipal Court,,,,ST,Created as part of import of Case.Law data.,State Trial
ohmunictvandali,ohmunict,,,,,,2023-10-03T01:24:03.831Z,False,False,False,366.996356,"Oh. Muni. Ct., Vandalia",Municipal Court of Vandalia,Municipal Court of Vandalia,,,,ST,Created as part of import of Case.Law data.,State Trial
ohmunictvanwert,ohmunict,,,,,,2023-10-03T01:24:03.845Z,False,False,False,366.996357,"Oh. Muni. Ct., Van Wert",Van Wert County Municipal Court,Van Wert County Municipal Court,,,,ST,Created as part of import of Case.Law data.,State Trial
ohmunictwadswor,ohmunict,,,,,,2023-10-03T01:24:03.856Z,False,False,False,366.996358,"Oh. Muni. Ct., Wadsworth",Wadsworth Municipal Court,Wadsworth Municipal Court,,,,ST,Created as part of import of Case.Law data.,State Trial
ohmunictwarren,ohmunict,,,,,,2023-10-03T01:24:03.864Z,False,False,False,366.996359,"Oh. Muni. Ct., Warren",Warren County Municipal Court,Warren County Municipal Court,,,,ST,Created as part of import of Case.Law data.,State Trial
ohmunictwayne,ohmunict,,,,,,2023-10-03T01:24:03.877Z,False,False,False,366.99636,"Oh. Muni. Ct., Wayne",Wayne County Municipal Court,Wayne County Municipal Court,,,,ST,Created as part of import of Case.Law data.,State Trial
ohmunictwilloug,ohmunict,,,,,,2023-10-03T01:24:03.883Z,False,False,False,366.996361,"Oh. Muni. Ct., Willoughby",Willoughby Municipal Court,Willoughby Municipal Court,,,,ST,Created as part of import of Case.Law data.,State Trial
ohmunictxenia,ohmunict,,,,,,2023-10-03T01:24:03.892Z,False,False,False,366.996362,"Oh. Muni. Ct., Xenia",Xenia Municipal Court,Xenia Municipal Court,,,,ST,Created as part of import of Case.Law data.,State Trial
ohmunictzanesvi,ohmunict,,,,,,2023-10-03T01:24:03.907Z,False,False,False,366.996363,"Oh. Muni. Ct., Zanesville",Zanesville Municipal Court,Zanesville Municipal Court,,,,ST,Created as part of import of Case.Law data.,State Trial
ohprobct,,,,,,,2025-04-03T21:20:03.865Z,False,False,False,366.996364,Oh. Prob. Ct.,Ohio Probate Court,Ohio Probate Court,,,,ST,Created as part of import of Case.Law data.,State Trial
ohprobctallen,ohprobct,,,,,,2023-10-03T01:24:03.934Z,False,False,False,366.996365,"Oh. Prob. Ct., Allen",Allen County Probate Court,Allen County Probate Court,,,,ST,Created as part of import of Case.Law data.,State Trial
ohprobctashtabu,ohprobct,,,,,,2023-10-03T01:24:03.940Z,False,False,False,366.996366,"Oh. Prob. Ct., Ashtabula",Ashtabula County Probate Court,Ashtabula County Probate Court,,,,ST,Created as part of import of Case.Law data.,State Trial
ohprobctauglaiz,ohprobct,,,,,,2023-10-03T01:24:03.946Z,False,False,False,366.996367,"Oh. Prob. Ct., Auglaize",Auglaize County Probate Court,Auglaize County Probate Court,,,,ST,Created as part of import of Case.Law data.,State Trial
ohprobctbelmont,ohprobct,,,,,,2023-10-03T01:24:03.957Z,False,False,False,366.996368,"Oh. Prob. Ct., Belmont",Belmont County Probate Court,Belmont County Probate Court,,,,ST,Created as part of import of Case.Law data.,State Trial
ohprobctbutler,ohprobct,,,,,,2023-10-03T01:24:03.979Z,False,False,False,366.996369,"Oh. Prob. Ct., Butler",Butler County Probate Court,Butler County Probate Court,,,,ST,Created as part of import of Case.Law data.,State Trial
ohprobctchampai,ohprobct,,,,,,2023-10-03T01:24:03.995Z,False,False,False,366.99637,"Oh. Prob. Ct., Champaign",Champaign County Probate Court,Champaign County Probate Court,,,,ST,Created as part of import of Case.Law data.,State Trial
ohprobctclark,ohprobct,,,,,,2023-10-03T01:24:04.003Z,False,False,False,366.996371,"Oh. Prob. Ct., Clark",Clark County Probate Court,Clark County Probate Court,,,,ST,Created as part of import of Case.Law data.,State Trial
ohprobctclarke,ohprobct,,,,,,2023-10-03T01:24:04.015Z,False,False,False,366.996372,"Oh. Prob. Ct., Clarke",Clarke County Probate Court,Clarke County Probate Court,,,,ST,Created as part of import of Case.Law data.,State Trial
ohprobctclermon,ohprobct,,,,,,2023-10-03T01:24:04.028Z,False,False,False,366.996373,"Oh. Prob. Ct., Clermont",Clermont County Probate Court,Clermont County Probate Court,,,,ST,Created as part of import of Case.Law data.,State Trial
ohprobctclinton,ohprobct,,,,,,2023-10-03T01:24:04.037Z,False,False,False,366.996374,"Oh. Prob. Ct., Clinton",Clinton County Probate Court,Clinton County Probate Court,,,,ST,Created as part of import of Case.Law data.,State Trial
ohprobctcolumbi,ohprobct,,,,,,2023-10-03T01:24:04.048Z,False,False,False,366.996375,"Oh. Prob. Ct., Columbiana",Columbiana County Probate Court,Columbiana County Probate Court,,,,ST,Created as part of import of Case.Law data.,State Trial
ohprobctcuyahog,ohprobct,,,,,,2023-10-03T01:24:04.059Z,False,False,False,366.996376,"Oh. Prob. Ct., Cuyahoga",Cuyahoga County Probate Court,Cuyahoga County Probate Court,,,,ST,Created as part of import of Case.Law data.,State Trial
ohprobctdarke,ohprobct,,,,,,2023-10-03T01:24:04.075Z,False,False,False,366.996377,"Oh. Prob. Ct., Darke",Darke County Probate Court,Darke County Probate Court,,,,ST,Created as part of import of Case.Law data.,State Trial
ohprobcterie,ohprobct,,,,,,2023-10-03T01:24:04.091Z,False,False,False,366.996378,"Oh. Prob. Ct., Erie",Erie County Probate Court,Erie County Probate Court,,,,ST,Created as part of import of Case.Law data.,State Trial
ohprobctfairfie,ohprobct,,,,,,2023-10-03T01:24:04.097Z,False,False,False,366.996379,"Oh. Prob. Ct., Fairfield",Fairfield County Probate Court,Fairfield County Probate Court,,,,ST,Created as part of import of Case.Law data.,State Trial
ohprobctfayette,ohprobct,,,,,,2023-10-03T01:24:04.107Z,False,False,False,366.99638,"Oh. Prob. Ct., Fayette",Fayette County Probate Court,Fayette County Probate Court,,,,ST,Created as part of import of Case.Law data.,State Trial
ohprobctfrankli,ohprobct,,,,,,2023-10-03T01:24:04.123Z,False,False,False,366.996381,"Oh. Prob. Ct., Franklin",Ohio Probate Court of Franklin County,Ohio Probate Court of Franklin County,,,,ST,Created as part of import of Case.Law data.,State Trial
ohprobctfulton,ohprobct,,,,,,2023-10-03T01:24:04.129Z,False,False,False,366.996382,"Oh. Prob. Ct., Fulton",Fulton County Probate Court,Fulton County Probate Court,,,,ST,Created as part of import of Case.Law data.,State Trial
ohprobctgeauga,ohprobct,,,,,,2023-10-03T01:24:04.139Z,False,False,False,366.996383,"Oh. Prob. Ct., Geauga",Geauga County Probate Court,Geauga County Probate Court,,,,ST,Created as part of import of Case.Law data.,State Trial
ohprobctgreene,ohprobct,,,,,,2023-10-03T01:24:04.145Z,False,False,False,366.996384,"Oh. Prob. Ct., Greene",Greene County Probate Court,Greene County Probate Court,,,,ST,Created as part of import of Case.Law data.,State Trial
ohprobcthamilto,ohprobct,,,,,,2023-10-03T01:24:04.158Z,False,False,False,366.996385,"Oh. Prob. Ct., Hamilton",Hamilton County Probate Court,Hamilton County Probate Court,,,,ST,Created as part of import of Case.Law data.,State Trial
ohprobcthancock,ohprobct,,,,,,2023-10-03T01:24:04.183Z,False,False,False,366.996386,"Oh. Prob. Ct., Hancock",Hancock County Probate Court,Hancock County Probate Court,,,,ST,Created as part of import of Case.Law data.,State Trial
ohprobcthardin,ohprobct,,,,,,2023-10-03T01:24:04.199Z,False,False,False,366.996387,"Oh. Prob. Ct., Hardin",Hardin County Probate Court,Hardin County Probate Court,,,,ST,Created as part of import of Case.Law data.,State Trial
ohprobctharriso,ohprobct,,,,,,2023-10-03T01:24:04.215Z,False,False,False,366.996388,"Oh. Prob. Ct., Harrison",Harrison County Probate Court,Harrison County Probate Court,,,,ST,Created as part of import of Case.Law data.,State Trial
ohprobcthenry,ohprobct,,,,,,2023-10-03T01:24:04.231Z,False,False,False,366.996389,"Oh. Prob. Ct., Henry",Henry County Probate Court,Henry County Probate Court,,,,ST,Created as part of import of Case.Law data.,State Trial
ohprobcthighlan,ohprobct,,,,,,2023-10-03T01:24:04.253Z,False,False,False,366.99639,"Oh. Prob. Ct., Highland",Highland County Probate Court,Highland County Probate Court,,,,ST,Created as part of import of Case.Law data.,State Trial
ohprobcthuron,ohprobct,,,,,,2023-10-03T01:24:04.273Z,False,False,False,366.996391,"Oh. Prob. Ct., Huron",Huron County Probate Court,Huron County Probate Court,,,,ST,Created as part of import of Case.Law data.,State Trial
ohprobctjackson,ohprobct,,,,,,2023-10-03T01:24:04.291Z,False,False,False,366.996392,"Oh. Prob. Ct., Jackson",Jackson County Probate Court,Jackson County Probate Court,,,,ST,Created as part of import of Case.Law data.,State Trial
ohprobctjeffers,ohprobct,,,,,,2023-10-03T01:24:04.298Z,False,False,False,366.996393,"Oh. Prob. Ct., Jefferson",Jefferson County Probate Court,Jefferson County Probate Court,,,,ST,Created as part of import of Case.Law data.,State Trial
ohprobctknox,ohprobct,,,,,,2023-10-03T01:24:04.305Z,False,False,False,366.996394,"Oh. Prob. Ct., Knox",Knox County Probate Court,Knox County Probate Court,,,,ST,Created as part of import of Case.Law data.,State Trial
ohprobctlake,ohprobct,,,,,,2023-10-03T01:24:04.313Z,False,False,False,366.996395,"Oh. Prob. Ct., Lake",Lake County Probate Court,Lake County Probate Court,,,,ST,Created as part of import of Case.Law data.,State Trial
ohprobctlicking,ohprobct,,,,,,2023-10-03T01:24:04.323Z,False,False,False,366.996396,"Oh. Prob. Ct., Licking",Licking County Probate Court,Licking County Probate Court,,,,ST,Created as part of import of Case.Law data.,State Trial
ohprobctlorain,ohprobct,,,,,,2023-10-03T01:24:04.338Z,False,False,False,366.996397,"Oh. Prob. Ct., Lorain",Lorain County Probate Court,Lorain County Probate Court,,,,ST,Created as part of import of Case.Law data.,State Trial
ohprobctlucas,ohprobct,,,,,,2023-10-03T01:24:04.351Z,False,False,False,366.996398,"Oh. Prob. Ct., Lucas",Lucas County Probate Court,Lucas County Probate Court,,,,ST,Created as part of import of Case.Law data.,State Trial
ohprobctmadison,ohprobct,,,,,,2023-10-03T01:24:04.367Z,False,False,False,366.996399,"Oh. Prob. Ct., Madison",Madison County Probate Court,Madison County Probate Court,,,,ST,Created as part of import of Case.Law data.,State Trial
ohprobctmahonin,ohprobct,,,,,,2023-10-03T01:24:04.383Z,False,False,False,366.9964,"Oh. Prob. Ct., Mahoning",Mahoning County Probate Court,Mahoning County Probate Court,,,,ST,Created as part of import of Case.Law data.,State Trial
ohprobctmarion,ohprobct,,,,,,2023-10-03T01:24:04.399Z,False,False,False,366.996401,"Oh. Prob. Ct., Marion",Marion County Probate Court,Marion County Probate Court,,,,ST,Created as part of import of Case.Law data.,State Trial
ohprobctmeigs,ohprobct,,,,,,2023-10-03T01:24:04.412Z,False,False,False,366.996402,"Oh. Prob. Ct., Meigs",Meigs County Probate Court,Meigs County Probate Court,,,,ST,Created as part of import of Case.Law data.,State Trial
ohprobctmercer,ohprobct,,,,,,2023-10-03T01:24:04.427Z,False,False,False,366.996403,"Oh. Prob. Ct., Mercer",Mercer County Probate Court,Mercer County Probate Court,,,,ST,Created as part of import of Case.Law data.,State Trial
ohprobctmiami,ohprobct,,,,,,2023-10-03T01:24:04.443Z,False,False,False,366.996404,"Oh. Prob. Ct., Miami",Miami County Probate Court,Miami County Probate Court,,,,ST,Created as part of import of Case.Law data.,State Trial
ohprobctmontgom,ohprobct,,,,,,2023-10-03T01:24:04.455Z,False,False,False,366.996405,"Oh. Prob. Ct., Montgomery",Montgomery County Probate Court,Montgomery County Probate Court,,,,ST,Created as part of import of Case.Law data.,State Trial
ohprobctmorgan,ohprobct,,,,,,2023-10-03T01:24:04.470Z,False,False,False,366.996406,"Oh. Prob. Ct., Morgan",Morgan County Probate Court,Morgan County Probate Court,,,,ST,Created as part of import of Case.Law data.,State Trial
ohprobctmusking,ohprobct,,,,,,2023-10-03T01:24:04.478Z,False,False,False,366.996407,"Oh. Prob. Ct., Muskingum",Muskingum County Probate Court,Muskingum County Probate Court,,,,ST,Created as part of import of Case.Law data.,State Trial
ohprobctnoble,ohprobct,,,,,,2023-10-03T01:24:04.491Z,False,False,False,366.996408,"Oh. Prob. Ct., Noble",Noble County Probate Court,Noble County Probate Court,,,,ST,Created as part of import of Case.Law data.,State Trial
ohprobctperry,ohprobct,,,,,,2023-10-03T01:24:04.507Z,False,False,False,366.996409,"Oh. Prob. Ct., Perry",Perry County Probate Court,Perry County Probate Court,,,,ST,Created as part of import of Case.Law data.,State Trial
ohprobctpike,ohprobct,,,,,,2023-10-03T01:24:04.519Z,False,False,False,366.99641,"Oh. Prob. Ct., Pike",Pike County Probate Court,Pike County Probate Court,,,,ST,Created as part of import of Case.Law data.,State Trial
ohprobctportage,ohprobct,,,,,,2023-10-03T01:24:04.535Z,False,False,False,366.996411,"Oh. Prob. Ct., Portage",Portage County Probate Court,Portage County Probate Court,,,,ST,Created as part of import of Case.Law data.,State Trial
ohprobctpreble,ohprobct,,,,,,2023-10-03T01:24:04.546Z,False,False,False,366.996412,"Oh. Prob. Ct., Preble",Preble County Probate Court,Preble County Probate Court,,,,ST,Created as part of import of Case.Law data.,State Trial
ohprobctputnam,ohprobct,,,,,,2023-10-03T01:24:04.551Z,False,False,False,366.996413,"Oh. Prob. Ct., Putnam",Putnam County Probate Court,Putnam County Probate Court,,,,ST,Created as part of import of Case.Law data.,State Trial
ohprobctross,ohprobct,,,,,,2023-10-03T01:24:04.563Z,False,False,False,366.996414,"Oh. Prob. Ct., Ross",Ross County Probate Court,Ross County Probate Court,,,,ST,Created as part of import of Case.Law data.,State Trial
ohprobctsandusk,ohprobct,,,,,,2023-10-03T01:24:04.576Z,False,False,False,366.996415,"Oh. Prob. Ct., Sandusky",Sandusky County Probate Court,Sandusky County Probate Court,,,,ST,Created as part of import of Case.Law data.,State Trial
ohprobctscioto,ohprobct,,,,,,2023-10-03T01:24:04.582Z,False,False,False,366.996416,"Oh. Prob. Ct., Scioto",Scioto County Probate Court,Scioto County Probate Court,,,,ST,Created as part of import of Case.Law data.,State Trial
ohprobctseneca,ohprobct,,,,,,2023-10-03T01:24:04.593Z,False,False,False,366.996417,"Oh. Prob. Ct., Seneca",Seneca County Probate Court,Seneca County Probate Court,,,,ST,Created as part of import of Case.Law data.,State Trial
ohprobctshelby,ohprobct,,,,,,2023-10-03T01:24:04.598Z,False,False,False,366.996418,"Oh. Prob. Ct., Shelby",Shelby County Probate Court,Shelby County Probate Court,,,,ST,Created as part of import of Case.Law data.,State Trial
ohprobctstark,ohprobct,,,,,,2023-10-03T01:24:04.611Z,False,False,False,366.996419,"Oh. Prob. Ct., Stark",Stark County Probate Court,Stark County Probate Court,,,,ST,Created as part of import of Case.Law data.,State Trial
ohprobctsummit,ohprobct,,,,,,2023-10-03T01:24:04.627Z,False,False,False,366.99642,"Oh. Prob. Ct., Summit",Summit County Probate Court,Summit County Probate Court,,,,ST,Created as part of import of Case.Law data.,State Trial
ohprobcttrumbul,ohprobct,,,,,,2023-10-03T01:24:04.647Z,False,False,False,366.996421,"Oh. Prob. Ct., Trumbull",Trumbull County Probate Court,Trumbull County Probate Court,,,,ST,Created as part of import of Case.Law data.,State Trial
ohprobcttuscara,ohprobct,,,,,,2023-10-03T01:24:04.660Z,False,False,False,366.996422,"Oh. Prob. Ct., Tuscarawas",Tuscarawas County Probate Court,Tuscarawas County Probate Court,,,,ST,Created as part of import of Case.Law data.,State Trial
ohprobctunion,ohprobct,,,,,,2023-10-03T01:24:04.673Z,False,False,False,366.996423,"Oh. Prob. Ct., Union",Union County Probate Court,Union County Probate Court,,,,ST,Created as part of import of Case.Law data.,State Trial
ohprobctvanwer,ohprobct,,,,,,2023-10-03T01:24:04.691Z,False,False,False,366.996424,"Oh. Prob. Ct., Van Wert",Van Wert County Probate Court,Van Wert County Probate Court,,,,ST,Created as part of import of Case.Law data.,State Trial
ohprobctwarren,ohprobct,,,,,,2023-10-03T01:24:04.703Z,False,False,False,366.996425,"Oh. Prob. Ct., Warren",Warren County Probate Court,Warren County Probate Court,,,,ST,Created as part of import of Case.Law data.,State Trial
ohprobctwashing,ohprobct,,,,,,2023-10-03T01:24:04.723Z,False,False,False,366.996426,"Oh. Prob. Ct., Washington",Washington County Probate Court,Washington County Probate Court,,,,ST,Created as part of import of Case.Law data.,State Trial
ohprobctwayne,ohprobct,,,,,,2023-10-03T01:24:04.747Z,False,False,False,366.996427,"Oh. Prob. Ct., Wayne",Wayne County Probate Court,Wayne County Probate Court,,,,ST,Created as part of import of Case.Law data.,State Trial
ohctinsolv,,,,,,,2022-11-18T02:50:59.967Z,False,False,False,366.9964271,,Ohio County Court of Insovency,Ohio County Court of Insovency,,,,ST,Created as part of import of Case.Law data.,State Trial
ohctinsolvcuyah,ohctinsolv,,,,,,2023-10-03T01:24:04.769Z,False,False,False,366.996428,Cuyahoga Cty. Ct. of Insolv.,Cuyahoga County Court of Insolvency,Cuyahoga County Court of Insolvency,,,,SS,Created as part of import of Case.Law data.,State Special
ohctinsolvhamil,ohctinsolv,,,,,,2023-10-03T01:24:04.807Z,False,False,False,366.996429,Cuyahoga Cty. Ct. of Insolv.,Hamilton County Court of Insolvency,Hamilton County Court of Insolvency,,,,SS,Created as part of import of Case.Law data.,State Special
ohioctnp,,,,,,,2022-11-18T02:50:59.974Z,False,False,False,366.99643,Oh. Ct. N.P.,Ohio Court of Nisi Prius,Ohio Court of Nisi Prius,,,,ST,Created as part of import of Case.Law data.,State Trial
ohiosuperct,,,,,,,2022-11-18T02:50:59.976Z,False,False,False,366.996431,Oh. Super. Ct.,Ohio Superior Court,Ohio Superior Court,,,,ST,Created as part of import of Case.Law data.,State Trial
ohsuperctcinci,ohiosuperct,,,,,,2023-10-03T01:24:04.823Z,False,False,False,366.996432,"Oh. Super. Ct., Cinci.","Ohio Superior Court, Cincinnati","Ohio Superior Court, Cincinnati",,,,ST,Created as part of import of Case.Law data.,State Trial
ohiopuc,,,,,,,2022-11-18T02:50:59.982Z,False,False,False,366.996433,,Ohio Public Utilities Commission,Ohio Public Utilities Commission,,,,ST,Created as part of import of Case.Law data.,State Trial
ohiorac,,,,,,,2022-11-18T02:50:59.984Z,False,False,False,366.996434,,Ohio State Racing Commission,Ohio State Racing Commission,,,,SS,Created as part of import of Case.Law data.,State Special
ohiotax,,,,,,,2022-11-18T02:50:59.986Z,False,False,False,366.996435,,Board of Tax Appeals of Ohio Department of Taxation,Board of Tax Appeals of Ohio Department of Taxation,,,,SS,Created as part of import of Case.Law data.,State Special
ohiobar,,,,,,,2022-11-18T02:50:59.988Z,False,False,False,366.996436,,Board of Commissioners On The Unauthorized Practice of Law State of Ohio,Board of Commissioners On The Unauthorized Practice of Law State of Ohio,,,,C,Created as part of import of Case.Law data.,Committee
ohiocivright,,,,,,,2022-11-18T02:50:59.990Z,False,False,False,366.996437,,Ohio Civil Rights Commission,Ohio Civil Rights Commission,,,,C,Created as part of import of Case.Law data.,Committee
ohioctcl,,,,,,,2014-08-01T19:47:46.796Z,True,True,False,366.997,Ohio Ct. Cl.,Ohio Court of Claims,Ohio Court of Claims,http://www.cco.state.oh.us/,,,SS,,State Special
ohioctcompl,,,,,,,2023-10-02T15:36:39.673Z,False,False,False,366.9984,,Court of Common Pleas of Ohio,Court Of Common Pleas Of Ohio,,1787-01-01,,ST,,State Trial
okla,,,,,,,2016-09-08T20:40:27.897Z,True,True,False,366.999,Okla.,Supreme Court of Oklahoma,Supreme Court of Oklahoma,http://www.oscn.net/oscn/schome/start.htm,1884-01-01,,S,"Created by Lawbox
Start date based on earliest case.",State Supreme
ctappindterr,uscirct,,,,,,2023-10-03T01:24:04.839Z,False,False,False,366.9992,Ct. App. Ind. Terr.,Court Of Appeals Of Indian Territory,Court Of Appeals Of Indian Territory,,1889-01-01,1907-12-31,F,See https://www.okhistory.org/publications/enc/entry?entry=UN017 for history of the court.,Federal Appellate
oklacivapp,,,,,,,2014-07-11T20:30:09.947Z,True,True,False,366.9995,Okla. Civ. App.,Court of Civil Appeals of Oklahoma,Court of Civil Appeals of Oklahoma,http://www.oscn.net/oscn/schome/civilappeals.htm,1968-01-01,,SA,Lawbox,State Appellate
oklacrimapp,,,,,,,2014-07-11T20:30:00.133Z,True,True,False,366.9996,Okla. Crim. App.,Court of Criminal Appeals of Oklahoma,Court of Criminal Appeals of Oklahoma,http://www.okcca.net/,,,SA,Lawbox,State Appellate
oklajeap,,,,,,,2013-08-15T21:14:18Z,True,False,False,366.9997,Okla. J.E.A.P.,Oklahoma Judicial Ethics Advisory Panel,Oklahoma Judicial Ethics Advisory Panel,http://www.oscn.net/applications/oscn/index.asp?ftdb=STOKCSJE&level=1,,,SS,Lawbox,State Special
oklacoj,,,,,,,2021-09-15T13:59:16.502Z,True,False,False,366.9998,Okla. Ct. Jud.,Court on the Judiciary of Oklahoma,Court on the Judiciary of Oklahoma,http://en.wikipedia.org/wiki/Oklahoma_Court_on_the_Judiciary,,,SS,Lawbox,State Special
oklaag,,,,,,,2014-07-11T20:44:58.744Z,True,True,False,366.9999,Okla. Att’y Gen.,Oklahoma Attorney General Reports,Oklahoma Attorney General Reports,http://www.oscn.net/applications/oscn/Index.asp?ftdb=STOKAG&level=1,,,SS,,State Special
or,,,,,,,2013-08-14T16:46:30Z,True,True,False,367.0,Or.,Oregon Supreme Court,Oregon Supreme Court,http://www.publications.ojd.state.or.us/Pages/OpinionsSC.aspx,1841-01-01,,S,,State Supreme
orctapp,,,,,,,2024-01-09T19:28:13.359Z,True,True,False,367.1,Or. Ct. App.,Court of Appeals of Oregon,Court of Appeals of Oregon,http://courts.oregon.gov/COA/,1969-07-01,,SA,Lawbox,State Appellate
ortc,,,,,,,2024-10-11T13:29:45.470Z,True,True,False,367.11,Or. T.C.,Oregon Tax Court,Oregon Tax Court,http://courts.oregon.gov/Tax/Pages/index.aspx,,,SS,,State Special
orcc,,,,,,,2023-10-02T15:46:26.449Z,False,False,False,367.12,,Oregon County Circuit Courts,Oregon County Circuit Courts,,,,ST,,State Trial
orccbaker,orcc,,,,,,2023-10-03T01:24:04.855Z,False,False,False,367.1201,"Baker Cty. Cir. Ct., O.R.","Baker County Circuit Court, Oregon","Baker County Circuit Court, Oregon",,,,ST,Created as part of import of Case.Law data.,State Trial
orccbenton,orcc,,,,,,2023-10-03T01:24:04.863Z,False,False,False,367.1202,"Benton Cty. Cir. Ct., O.R.","Benton County Circuit Court, Oregon","Benton County Circuit Court, Oregon",,,,ST,Created as part of import of Case.Law data.,State Trial
orccclackamas,orcc,,,,,,2023-10-03T01:24:04.873Z,False,False,False,367.1203,"Clackamas Cty. Cir. Ct., O.R.","Clackamas County Circuit Court, Oregon","Clackamas County Circuit Court, Oregon",,,,ST,Created as part of import of Case.Law data.,State Trial
orccclatsop,orcc,,,,,,2023-10-03T01:24:04.895Z,False,False,False,367.1204,"Clatsop Cty. Cir. Ct., O.R.","Clatsop County Circuit Court, Oregon","Clatsop County Circuit Court, Oregon",,,,ST,Created as part of import of Case.Law data.,State Trial
orcccolumbia,orcc,,,,,,2023-10-03T01:24:04.907Z,False,False,False,367.1205,"Columbia Cty. Cir. Ct., O.R.","Columbia County Circuit Court, Oregon","Columbia County Circuit Court, Oregon",,,,ST,Created as part of import of Case.Law data.,State Trial
orcccoos,orcc,,,,,,2023-10-03T01:24:04.925Z,False,False,False,367.1206,"Coos Cty. Cir. Ct., O.R.","Coos County Circuit Court, Oregon","Coos County Circuit Court, Oregon",,,,ST,Created as part of import of Case.Law data.,State Trial
orccdeschutes,orcc,,,,,,2023-10-03T01:24:04.932Z,False,False,False,367.1207,"Deschutes Cty. Cir. Ct., O.R.","Deschutes County Circuit Court, Oregon","Deschutes County Circuit Court, Oregon",,,,ST,Created as part of import of Case.Law data.,State Trial
orccdouglas,orcc,,,,,,2023-10-03T01:24:04.947Z,False,False,False,367.1208,"Douglas Cty. Cir. Ct., O.R.","Douglas County Circuit Court, Oregon","Douglas County Circuit Court, Oregon",,,,ST,Created as part of import of Case.Law data.,State Trial
orccjackson,orcc,,,,,,2023-10-03T01:24:04.955Z,False,False,False,367.12085,"Jackson Cty. Cir. Ct., O.R.","Jackson County Circuit Court, Oregon","Jackson County Circuit Court, Oregon",,,,ST,,State Trial
orccjosephine,orcc,,,,,,2023-10-03T01:24:04.962Z,False,False,False,367.1209,"Josephine Cty. Cir. Ct., O.R.","Josephine County Circuit Court, Oregon","Josephine County Circuit Court, Oregon",,,,ST,Created as part of import of Case.Law data.,State Trial
orccklamath,orcc,,,,,,2023-10-03T01:24:04.969Z,False,False,False,367.121,"Klamath Cty. Cir. Ct., O.R.","Klamath County Circuit Court, Oregon","Klamath County Circuit Court, Oregon",,,,ST,Created as part of import of Case.Law data.,State Trial
orcclake,orcc,,,,,,2023-10-03T01:24:04.975Z,False,False,False,367.12101,"Lake Cty. Cir. Ct., O.R.","Lake County Circuit Court, Oregon","Lake County Circuit Court, Oregon",,,,ST,,State Trial
orcclane,orcc,,,,,,2023-10-03T01:24:04.992Z,False,False,False,367.1211,"Lane Cty. Cir. Ct., O.R.","Lane County Circuit Court, Oregon","Lane County Circuit Court, Oregon",,,,ST,Created as part of import of Case.Law data.,State Trial
orcclincoln,orcc,,,,,,2023-10-03T01:24:05.003Z,False,False,False,367.1212,"Lincoln Cty. Cir. Ct., O.R.","Lincoln County Circuit Court, Oregon","Lincoln County Circuit Court, Oregon",,,,ST,Created as part of import of Case.Law data.,State Trial
orcclinn,orcc,,,,,,2023-10-03T01:24:05.012Z,False,False,False,367.1213,"Linn Cty. Cir. Ct., O.R.","Linn County Circuit Court, Oregon","Linn County Circuit Court, Oregon",,,,ST,Created as part of import of Case.Law data.,State Trial
orccmalheur,orcc,,,,,,2023-10-03T01:24:05.027Z,False,False,False,367.1214,"Malheur Cty. Cir. Ct., O.R.","Malheur County Circuit Court, Oregon","Malheur County Circuit Court, Oregon",,,,ST,Created as part of import of Case.Law data.,State Trial
orccmarion,orcc,,,,,,2023-10-03T01:24:05.039Z,False,False,False,367.1215,"Marion Cty. Cir. Ct., O.R.","Marion County Circuit Court, Oregon","Marion County Circuit Court, Oregon",,,,ST,Created as part of import of Case.Law data.,State Trial
orccmorrow,orcc,,,,,,2023-10-03T01:24:05.056Z,False,False,False,367.1216,"Morrow Cty. Cir. Ct., O.R.","Morrow County Circuit Court, Oregon","Morrow County Circuit Court, Oregon",,,,ST,Created as part of import of Case.Law data.,State Trial
orccmultnomah,orcc,,,,,,2023-10-03T01:24:05.072Z,False,False,False,367.1217,"Multnomah Cty. Cir. Ct., O.R.","Multnomah County Circuit Court, Oregon","Multnomah County Circuit Court, Oregon",,,,ST,Created as part of import of Case.Law data.,State Trial
orccpolk,orcc,,,,,,2023-10-03T01:24:05.087Z,False,False,False,367.1218,"Polk Cty. Cir. Ct., O.R.","Polk County Circuit Court, Oregon","Polk County Circuit Court, Oregon",,,,ST,Created as part of import of Case.Law data.,State Trial
orcctillamook,orcc,,,,,,2023-10-03T01:24:05.095Z,False,False,False,367.1219,"Tillamook Cty. Cir. Ct., O.R.","Tillamook County Circuit Court, Oregon","Tillamook County Circuit Court, Oregon",,,,ST,Created as part of import of Case.Law data.,State Trial
orccumatilla,orcc,,,,,,2023-10-03T01:24:05.102Z,False,False,False,367.122,"Umatilla Cty. Cir. Ct., O.R.","Umatilla County Circuit Court, Oregon","Umatilla County Circuit Court, Oregon",,,,ST,Created as part of import of Case.Law data.,State Trial
orccunion,orcc,,,,,,2023-10-03T01:24:05.111Z,False,False,False,367.12201,"Union Cty. Cir. Ct., O.R.","Union County Circuit Court, Oregon","Union County Circuit Court, Oregon",,,,ST,,State Trial
orccwasco,orcc,,,,,,2023-10-03T01:24:05.127Z,False,False,False,367.1221,"Wasco Cty. Cir. Ct., O.R.","Wasco County Circuit Court, Oregon","Wasco County Circuit Court, Oregon",,,,ST,Created as part of import of Case.Law data.,State Trial
orccwashington,orcc,,,,,,2023-10-03T01:24:05.143Z,False,False,False,367.12215,"Washington Cty. Cir. Ct., O.R.","Washington County Circuit Court, Oregon","Washington County Circuit Court, Oregon",,,,ST,,State Trial
orccyamhill,orcc,,,,,,2023-10-03T01:24:05.159Z,False,False,False,367.1222,"Yamhill Cty. Cir. Ct., O.R.","Yamhill County Circuit Court, Oregon","Yamhill County Circuit Court, Oregon",,,,ST,Created as part of import of Case.Law data.,State Trial
pa,,,,,,,2014-08-01T20:56:27.532Z,True,True,False,367.15,Pa.,Supreme Court of Pennsylvania,Supreme Court of Pennsylvania,http://www.pacourts.us/courts/supreme-court/,1722-05-22,,S,Lawbox,State Supreme
pasuperct,,,,,,,2024-02-10T16:25:46.779Z,True,True,False,367.2,Pa. Super. Ct.,Superior Court of Pennsylvania,Superior Court of Pennsylvania,http://www.pacourts.us/courts/superior-court/,1895-01-01,,SA,Lawbox,State Appellate
pacommwct,,,,,,,2016-05-17T23:45:33.786Z,True,True,False,367.25,Pa. Commw. Ct.,Commonwealth Court of Pennsylvania,Commonwealth Court of Pennsylvania,http://www.pacourts.us/courts/commonwealth-court/,1968-01-01,,SA,Lawbox,State Appellate
cjdpa,,,,,,,2013-10-30T06:08:47.628Z,True,False,False,367.26,Ct. Jud. Disc. Pa,Judicial Discipline of Pennsylvania,Court of Judicial Discipline of Pennsylvania,http://www.pacourts.us/courts/court-of-judicial-discipline‎,,,SS,Lawbox,State Special
paadmct,,,,,,,2022-11-18T02:51:00.040Z,False,False,False,367.262,Pa. Adm. Ct.,Pennsylvania Admiralty Court,Pennsylvania Admiralty Court,,,,SS,Created as part of import of Case.Law data.,State Special
philactnp,,,0.0,,,,2022-06-24T20:15:52.935Z,False,False,False,367.265,,Philadelphia Court of Nisi Prius,Philadelphia Court of Nisi Prius,,,,ST,,State Trial
pactcompl,,,,,,,2022-02-04T15:17:29.172Z,False,False,False,367.271,,Pennsylvania Court of Common Pleas,Pennsylvania Court of Common Pleas,,,,ST,,State Trial
pactcompladams,pactcompl,,,,,,2023-10-03T01:24:05.165Z,False,False,False,367.271001,,Adams County Court of Common Pleas,"Pennsylvania Court of Common Pleas, Adams County",,,,ST,,State Trial
pactcomplallegh,pactcompl,,,,,,2023-10-03T01:24:05.175Z,False,False,False,367.271002,,Alleghany County Court of Common Pleas,"Pennsylvania Court of Common Pleas, Alleghany County",,,,ST,,State Trial
pactcomplarmstr,pactcompl,,,,,,2023-10-03T01:24:05.195Z,False,False,False,367.271003,,Armstrong County Court of Common Pleas,"Pennsylvania Court of Common Pleas, Armstrong County",,,,ST,,State Trial
pactcomplbeaver,pactcompl,,,,,,2023-10-03T01:24:05.211Z,False,False,False,367.271004,,Beaver County Court of Common Pleas,"Pennsylvania Court of Common Pleas, Beaver County",,,,ST,,State Trial
pactcomplbedfor,pactcompl,,,,,,2023-10-03T01:24:05.227Z,False,False,False,367.271005,,Bedford County Court of Common Pleas,"Pennsylvania Court of Common Pleas, Bedford County",,,,ST,,State Trial
pactcomplberks,pactcompl,,,,,,2023-10-03T01:24:05.240Z,False,False,False,367.271006,,Berks County Court of Common Pleas,"Pennsylvania Court of Common Pleas, Berks County",,,,ST,,State Trial
pactcomplblair,pactcompl,,,,,,2023-10-03T01:24:05.251Z,False,False,False,367.271007,,Blair County Court of Common Pleas,"Pennsylvania Court of Common Pleas, Blair County",,,,ST,,State Trial
pactcomplbradfo,pactcompl,,,,,,2023-10-03T01:24:05.260Z,False,False,False,367.271008,,Bradford County Court of Common Pleas,"Pennsylvania Court of Common Pleas, Bradford County",,,,ST,,State Trial
pactcomplbucks,pactcompl,,,,,,2023-10-03T01:24:05.270Z,False,False,False,367.271009,,Bucks County Court of Common Pleas,"Pennsylvania Court of Common Pleas, Bucks County",,,,ST,,State Trial
pactcomplbutler,pactcompl,,,,,,2023-10-03T01:24:05.278Z,False,False,False,367.27101,,Butler County Court of Common Pleas,"Pennsylvania Court of Common Pleas, Butler County",,,,ST,,State Trial
pactcomplcambri,pactcompl,,,,,,2023-10-03T01:24:05.287Z,False,False,False,367.271011,,Cambria County Court of Common Pleas,"Pennsylvania Court of Common Pleas, Cambria County",,,,ST,,State Trial
pactcomplcamero,pactcompl,,,,,,2023-10-03T01:24:05.295Z,False,False,False,367.271012,,Cameron County Court of Common Pleas,"Pennsylvania Court of Common Pleas, Cameron County",,,,ST,,State Trial
pactcomplcarbon,pactcompl,,,,,,2023-10-03T01:24:05.307Z,False,False,False,367.271013,,Carbon County Court of Common Pleas,"Pennsylvania Court of Common Pleas, Carbon County",,,,ST,,State Trial
pactcomplcentre,pactcompl,,,,,,2023-10-03T01:24:05.323Z,False,False,False,367.271014,,Centre County Court of Common Pleas,"Pennsylvania Court of Common Pleas, Centre County",,,,ST,,State Trial
pactcomplcheste,pactcompl,,,,,,2023-10-03T01:24:05.334Z,False,False,False,367.271015,,Chester County Court of Common Pleas,"Pennsylvania Court of Common Pleas, Chester County",,,,ST,,State Trial
pactcomplclario,pactcompl,,,,,,2023-10-03T01:24:05.345Z,False,False,False,367.271016,,Clarion County Court of Common Pleas,"Pennsylvania Court of Common Pleas, Clarion County",,,,ST,,State Trial
pactcomplclearf,pactcompl,,,,,,2023-10-03T01:24:05.356Z,False,False,False,367.271017,,Clearfield County Court of Common Pleas,"Pennsylvania Court of Common Pleas, Clearfield County",,,,ST,,State Trial
pactcomplclinto,pactcompl,,,,,,2023-10-03T01:24:05.371Z,False,False,False,367.271018,,Clinton County Court of Common Pleas,"Pennsylvania Court of Common Pleas, Clinton County",,,,ST,,State Trial
pactcomplcolumb,pactcompl,,,,,,2023-10-03T01:24:05.387Z,False,False,False,367.271019,,Columbia County Court of Common Pleas,"Pennsylvania Court of Common Pleas, Columbia County",,,,ST,,State Trial
pactcomplcrawfo,pactcompl,,,,,,2023-10-03T01:24:05.407Z,False,False,False,367.27102,,Crawford County Court of Common Pleas,"Pennsylvania Court of Common Pleas, Crawford County",,,,ST,,State Trial
pactcomplcumber,pactcompl,,,,,,2023-10-03T01:24:05.423Z,False,False,False,367.271021,,Cumberland County Court of Common Pleas,"Pennsylvania Court of Common Pleas, Cumberland County",,,,ST,,State Trial
pactcompldauphi,pactcompl,,,,,,2023-10-03T01:24:05.435Z,False,False,False,367.271022,,Dauphin County Court of Common Pleas,"Pennsylvania Court of Common Pleas, Dauphin County",,,,ST,,State Trial
pactcompldelawa,pactcompl,,,,,,2023-10-03T01:24:05.448Z,False,False,False,367.271023,,Delaware County Court of Common Pleas,"Pennsylvania Court of Common Pleas, Delaware County",,,,ST,,State Trial
pactcomplelk,pactcompl,,,,,,2023-10-03T01:24:05.471Z,False,False,False,367.271024,,Elk County Court of Common Pleas,"Pennsylvania Court of Common Pleas, Elk County",,,,ST,,State Trial
pactcomplerie,pactcompl,,,,,,2023-10-03T01:24:05.488Z,False,False,False,367.271025,,Erie County Court Common Pleas,"Pennsylvania Court of Common Pleas, Erie County",,,,ST,,State Trial
pactcomplfayett,pactcompl,,,,,,2023-10-03T01:24:05.498Z,False,False,False,367.271026,,Fayette County Court,"Pennsylvania Court of Common Pleas, Fayette County",,,,ST,,State Trial
pactcomplforest,pactcompl,,,,,,2023-10-03T01:24:05.506Z,False,False,False,367.271027,,Forest County Court of Common Pleas,"Pennsylvania Court of Common Pleas, Forest County",,,,ST,,State Trial
pactcomplfrankl,pactcompl,,,,,,2023-10-03T01:24:05.524Z,False,False,False,367.271028,,Franklin County Court of Common Pleas,"Pennsylvania Court of Common Pleas, Franklin County",,,,ST,,State Trial
pactcomplfulton,pactcompl,,,,,,2023-10-03T01:24:05.541Z,False,False,False,367.271029,,Fulton County Court of Common Pleas,"Pennsylvania Court of Common Pleas, Fulton County",,,,ST,,State Trial
pactcomplgreen,pactcompl,,,,,,2023-10-03T01:24:05.555Z,False,False,False,367.27103,,Green County Court of Common Pleas,"Pennsylvania Court of Common Pleas, Green County",,,,ST,,State Trial
pactcomplgreene,pactcompl,,,,,,2023-10-03T01:24:05.571Z,False,False,False,367.271031,,Greene County Court of Common Pleas,"Pennsylvania Court of Common Pleas, Greene County",,,,ST,,State Trial
pactcomplharris,pactcompl,,,,,,2023-10-03T01:24:05.588Z,False,False,False,367.271032,,Harrisburg County Court of Common Pleas,"Pennsylvania Court of Common Pleas, Harrisburg County",,,,ST,,State Trial
pactcomplhuntin,pactcompl,,,,,,2023-10-03T01:24:05.604Z,False,False,False,367.271033,,Huntingdon County Court of Common Pleas,"Pennsylvania Court of Common Pleas, Huntingdon County",,,,ST,,State Trial
pactcomplindian,pactcompl,,,,,,2023-10-03T01:24:05.619Z,False,False,False,367.271034,,Indiana County Court of Common Pleas,"Pennsylvania Court of Common Pleas, Indiana County",,,,ST,,State Trial
pactcompljeffer,pactcompl,,,,,,2023-10-03T01:24:05.631Z,False,False,False,367.271035,,Jefferson County Court of Common Pleas,"Pennsylvania Court of Common Pleas, Jefferson County",,,,ST,,State Trial
pactcompljuniat,pactcompl,,,,,,2023-10-03T01:24:05.639Z,False,False,False,367.271036,,Juniata County Court of Common Pleas,"Pennsylvania Court of Common Pleas, Juniata County",,,,ST,,State Trial
pactcompllackaw,pactcompl,,,,,,2023-10-03T01:24:05.656Z,False,False,False,367.271037,,Lackawanna County Court of Common Pleas,"Pennsylvania Court of Common Pleas, Lackawanna County",,,,ST,,State Trial
pactcompllancas,pactcompl,,,,,,2023-10-03T01:24:05.665Z,False,False,False,367.271038,,Lancaster County Court of Common Pleas,"Pennsylvania Court of Common Pleas, Lancaster County",,,,ST,,State Trial
pactcompllawren,pactcompl,,,,,,2023-10-03T01:24:05.683Z,False,False,False,367.271039,,Lawrence County Court of Common Pleas,"Pennsylvania Court of Common Pleas, Lawrence County",,,,ST,,State Trial
pactcompllebano,pactcompl,,,,,,2023-10-03T01:24:05.699Z,False,False,False,367.27104,,Lebanon County Court of Common Pleas,"Pennsylvania Court of Common Pleas, Lebanon County",,,,ST,,State Trial
pactcompllehigh,pactcompl,,,,,,2023-10-03T01:24:05.715Z,False,False,False,367.271041,,Lehigh County Court of Common Pleas,"Pennsylvania Court of Common Pleas, Lehigh County",,,,ST,,State Trial
pactcomplluzern,pactcompl,,,,,,2023-10-03T01:24:05.732Z,False,False,False,367.271042,,Luzerne County Court of Common Pleas,"Pennsylvania Court of Common Pleas, Luzerne County",,,,ST,,State Trial
pactcompllycomi,pactcompl,,,,,,2023-10-03T01:24:05.751Z,False,False,False,367.271043,,Lycoming County Court of Common Pleas,"Pennsylvania Court of Common Pleas, Lycoming County",,,,ST,,State Trial
pactcomplmckean,pactcompl,,,,,,2023-10-03T01:24:05.767Z,False,False,False,367.271044,,McKean County Court of Common Pleas,"Pennsylvania Court of Common Pleas, McKean County",,,,ST,,State Trial
pactcomplmercer,pactcompl,,,,,,2023-10-03T01:24:05.783Z,False,False,False,367.271045,,Mercer County Court of Common Pleas,"Pennsylvania Court of Common Pleas, Mercer County",,,,ST,,State Trial
pactcomplmiffli,pactcompl,,,,,,2023-10-03T01:24:05.799Z,False,False,False,367.271046,,Mifflin County Court of Common Pleas,"Pennsylvania Court of Common Pleas, Mifflin County",,,,ST,,State Trial
pactcomplmonroe,pactcompl,,,,,,2023-10-03T01:24:05.815Z,False,False,False,367.271047,,Monroe County Court of Common Pleas,"Pennsylvania Court of Common Pleas, Monroe County",,,,ST,,State Trial
pactcomplmontgo,pactcompl,,,,,,2023-10-03T01:24:05.831Z,False,False,False,367.271048,,Montgomery County Court of Common Pleas,"Pennsylvania Court of Common Pleas, Montgomery County",,,,ST,,State Trial
pactcomplmontou,pactcompl,,,,,,2023-10-03T01:24:05.849Z,False,False,False,367.271049,,Montour County Court of Common Pleas,"Pennsylvania Court of Common Pleas, Montour County",,,,ST,,State Trial
pactcomplnortha,pactcompl,,,,,,2023-10-03T01:24:05.863Z,False,False,False,367.27105,,Northampton County Court of Common Pleas,"Pennsylvania Court of Common Pleas, Northampton County",,,,ST,,State Trial
pactcomplnorthu,pactcompl,,,,,,2023-10-03T01:24:05.874Z,False,False,False,367.271051,,Northumberland County Court of Common Pleas,"Pennsylvania Court of Common Pleas, Northumberland County",,,,ST,,State Trial
pactcomplperry,pactcompl,,,,,,2023-10-03T01:24:05.894Z,False,False,False,367.271052,,Perry County Court of Common Pleas,"Pennsylvania Court of Common Pleas, Perry County",,,,ST,,State Trial
pactcomplphilad,pactcompl,,,,,,2023-10-03T01:24:05.905Z,False,False,False,367.271053,,Philadelphia County Court of Common Pleas,"Pennsylvania Court of Common Pleas, Philadelphia County",,,,ST,,State Trial
pactcomplpike,pactcompl,,,,,,2023-10-03T01:24:05.923Z,False,False,False,367.271054,,Pike County Court of Common Pleas,"Pennsylvania Court of Common Pleas, Pike County",,,,ST,,State Trial
pactcomplpotter,pactcompl,,,,,,2023-10-03T01:24:05.943Z,False,False,False,367.271055,,Potter County Court of Common Pleas,"Pennsylvania Court of Common Pleas, Potter County",,,,ST,,State Trial
pactcomplschuyl,pactcompl,,,,,,2023-10-03T01:24:05.953Z,False,False,False,367.271056,,Schuylkill County Court of Common Pleas,"Pennsylvania Court of Common Pleas, Schuylkill County",,,,ST,,State Trial
pactcomplsnyder,pactcompl,,,,,,2023-10-03T01:24:05.975Z,False,False,False,367.271057,,Snyder County Court of Common Pleas,"Pennsylvania Court of Common Pleas, Snyder County",,,,ST,,State Trial
pactcomplsomers,pactcompl,,,,,,2023-10-03T01:24:05.987Z,False,False,False,367.271058,,Somerset County Court of Common Pleas,"Pennsylvania Court of Common Pleas, Somerset County",,,,ST,,State Trial
pactcomplsulliv,pactcompl,,,,,,2023-10-03T01:24:06.007Z,False,False,False,367.271059,,Sullivan County Court of Common Pleas,"Pennsylvania Court of Common Pleas, Sullivan County",,,,ST,,State Trial
pactcomplsunder,pactcompl,,,,,,2023-10-03T01:24:06.021Z,False,False,False,367.27106,,Sunder County Court of Common Pleas,"Pennsylvania Court of Common Pleas, Sunder County",,,,ST,,State Trial
pactcomplsusque,pactcompl,,,,,,2023-10-03T01:24:06.028Z,False,False,False,367.271061,,Susquehanna County Court of Common Pleas,"Pennsylvania Court of Common Pleas, Susquehanna County",,,,ST,,State Trial
pactcomplsynder,pactcompl,,,,,,2023-10-03T01:24:06.035Z,False,False,False,367.271062,,Synder County Court of Common Pleas,"Pennsylvania Court of Common Pleas, Synder County",,,,ST,,State Trial
pactcompltioga,pactcompl,,,,,,2023-10-03T01:24:06.048Z,False,False,False,367.271063,,Tioga County Court of Common Pleas,"Pennsylvania Court of Common Pleas, Tioga County",,,,ST,,State Trial
pactcomplunion,pactcompl,,,,,,2023-10-03T01:24:06.055Z,False,False,False,367.271064,,Union County Court of Common Pleas,"Pennsylvania Court of Common Pleas, Union County",,,,ST,,State Trial
pactcomplvenang,pactcompl,,,,,,2023-10-03T01:24:06.068Z,False,False,False,367.271065,,Venango County Court of Common Pleas,"Pennsylvania Court of Common Pleas, Venango County",,,,ST,,State Trial
pactcomplwarren,pactcompl,,,,,,2023-10-03T01:24:06.076Z,False,False,False,367.271066,,Warren County Court of Common Pleas,"Pennsylvania Court of Common Pleas, Warren County",,,,ST,,State Trial
pactcomplwashin,pactcompl,,,,,,2023-10-03T01:24:06.090Z,False,False,False,367.271067,,Washington County Court of Common Pleas,"Pennsylvania Court of Common Pleas, Washington County",,,,ST,,State Trial
pactcomplwayne,pactcompl,,,,,,2023-10-03T01:24:06.115Z,False,False,False,367.271068,,Wayne County Court of Common Pleas,"Pennsylvania Court of Common Pleas, Wayne County",,,,ST,,State Trial
pactcomplwestmo,pactcompl,,,,,,2023-10-03T01:24:06.135Z,False,False,False,367.271069,,Westmoreland County Court of Common Pleas,"Pennsylvania Court of Common Pleas, Westmoreland County",,,,ST,,State Trial
pactcomplwycomi,pactcompl,,,,,,2023-10-03T01:24:06.151Z,False,False,False,367.27107,,Wycoming County Court of Common Pleas,"Pennsylvania Court of Common Pleas, Wycoming County",,,,ST,,State Trial
pactcomplwyomin,pactcompl,,,,,,2023-10-03T01:24:06.167Z,False,False,False,367.271071,,Wyoming County Court of Common Pleas,"Pennsylvania Court of Common Pleas, Wyoming County",,,,ST,,State Trial
pactcomplyork,pactcompl,,,,,,2023-10-03T01:24:06.177Z,False,False,False,367.271072,,York County Court of Common Pleas,"Pennsylvania Court of Common Pleas, York County",,,,ST,,State Trial
paorphct,,,,,,,2022-06-23T18:36:31.480Z,False,False,False,367.27108,,Pennsylvania Orphans' Court,Pennsylvania Orphans' Court,,,,ST,,State Trial
paorphctadams,paorphct,,,,,,2023-10-03T01:24:06.192Z,False,False,False,367.271081,,Adams County Orphans' Court,"Pennsylvania Orphans' Court, Adams County",,,,ST,,State Trial
paorphctallegh,paorphct,,,,,,2023-10-03T01:24:06.203Z,False,False,False,367.271082,,Allegheny County Orphans' Court,"Pennsylvania Orphans' Court, Allegheny County",,,,ST,,State Trial
paorphctarmstr,paorphct,,,,,,2023-10-03T01:24:06.217Z,False,False,False,367.271083,,Armstrong County Orphans' Court,"Pennsylvania Orphans' Court, Armstrong County",,,,ST,,State Trial
paorphctbeaver,paorphct,,,,,,2023-10-03T01:24:06.229Z,False,False,False,367.271084,,Beaver County Orphans' Court,"Pennsylvania Orphans' Court, Beaver County",,,,ST,,State Trial
paorphctbedfor,paorphct,,,,,,2023-10-03T01:24:06.245Z,False,False,False,367.271085,,Bedford County Orphans' Court,"Pennsylvania Orphans' Court, Bedford County",,,,ST,,State Trial
paorphctberks,paorphct,,,,,,2023-10-03T01:24:06.252Z,False,False,False,367.271086,,Berks County Orphans' Court,"Pennsylvania Orphans' Court, Berks County",,,,ST,,State Trial
paorphctblair,paorphct,,,,,,2023-10-03T01:24:06.263Z,False,False,False,367.271087,,Blair County Orphans' Court,"Pennsylvania Orphans' Court, Blair County",,,,ST,,State Trial
paorphctbradfo,paorphct,,,,,,2023-10-03T01:24:06.270Z,False,False,False,367.271088,,Bradford County Orphans' Court,"Pennsylvania Orphans' Court, Bradford County",,,,ST,,State Trial
paorphctbucks,paorphct,,,,,,2023-10-03T01:24:06.291Z,False,False,False,367.271089,,Bucks County Orphans' Court,"Pennsylvania Orphans' Court, Bucks County",,,,ST,,State Trial
paorphctbutler,paorphct,,,,,,2023-10-03T01:24:06.302Z,False,False,False,367.27109,,Butler County Orphans' Court,"Pennsylvania Orphans' Court, Butler County",,,,ST,,State Trial
paorphctcambri,paorphct,,,,,,2023-10-03T01:24:06.316Z,False,False,False,367.271091,,Cambria County Orphans' Court,"Pennsylvania Orphans' Court, Cambria County",,,,ST,,State Trial
paorphctcamero,paorphct,,,,,,2023-10-03T01:24:06.327Z,False,False,False,367.271092,,Cameron County Orphans' Court,"Pennsylvania Orphans' Court, Cameron County",,,,ST,,State Trial
paorphctcarbon,paorphct,,,,,,2023-10-03T01:24:06.342Z,False,False,False,367.271093,,Carbon County Orphans' Court,"Pennsylvania Orphans' Court, Carbon County",,,,ST,,State Trial
paorphctcentre,paorphct,,,,,,2023-10-03T01:24:06.355Z,False,False,False,367.271094,,Centre County Orphans' Court,"Pennsylvania Orphans' Court, Centre County",,,,ST,,State Trial
paorphctcheste,paorphct,,,,,,2023-10-03T01:24:06.363Z,False,False,False,367.271095,,Chester County Orphans' Court,"Pennsylvania Orphans' Court, Chester County",,,,ST,,State Trial
paorphctclario,paorphct,,,,,,2023-10-03T01:24:06.369Z,False,False,False,367.271096,,Clarion County Orphans' Court,"Pennsylvania Orphans' Court, Clarion County",,,,ST,,State Trial
paorphctclearf,paorphct,,,,,,2023-10-03T01:24:06.379Z,False,False,False,367.271097,,Clearfield County Orphans' Court,"Pennsylvania Orphans' Court, Clearfield County",,,,ST,,State Trial
paorphctclinto,paorphct,,,,,,2023-10-03T01:24:06.391Z,False,False,False,367.271098,,Clinton County Orphans' Court,"Pennsylvania Orphans' Court, Clinton County",,,,ST,,State Trial
paorphctcolumb,paorphct,,,,,,2023-10-03T01:24:06.407Z,False,False,False,367.271099,,Columbia County Orphans' Court,"Pennsylvania Orphans' Court, Columbia County",,,,ST,,State Trial
paorphctcrawfo,paorphct,,,,,,2023-10-03T01:24:06.423Z,False,False,False,367.2711,,Crawford County Orphans' Court,"Pennsylvania Orphans' Court, Crawford County",,,,ST,,State Trial
paorphctcumber,paorphct,,,,,,2023-10-03T01:24:06.434Z,False,False,False,367.271101,,Cumberland County Orphans' Court,"Pennsylvania Orphans' Court, Cumberland County",,,,ST,,State Trial
paorphctdauphi,paorphct,,,,,,2023-10-03T01:24:06.440Z,False,False,False,367.271102,,Dauphin County Orphans' Court,"Pennsylvania Orphans' Court, Dauphin County",,,,ST,,State Trial
paorphctdelawa,paorphct,,,,,,2023-10-03T01:24:06.450Z,False,False,False,367.271103,,Delaware County Orphans' Court,"Pennsylvania Orphans' Court, Delaware County",,,,ST,,State Trial
paorphctelk,paorphct,,,,,,2023-10-03T01:24:06.462Z,False,False,False,367.271104,,Elk County Orphans' Court,"Pennsylvania Orphans' Court, Elk County",,,,ST,,State Trial
paorphcterie,paorphct,,,,,,2023-10-03T01:24:06.479Z,False,False,False,367.271105,,Erie County Orphans' Court,"Pennsylvania Orphans' Court, Erie County",,,,ST,,State Trial
paorphctfayett,paorphct,,,,,,2023-10-03T01:24:06.487Z,False,False,False,367.271106,,Fayette County Orphans' Court,"Pennsylvania Orphans' Court, Fayette County",,,,ST,,State Trial
paorphctforest,paorphct,,,,,,2023-10-03T01:24:06.503Z,False,False,False,367.271107,,Forest County Orphans' Court,"Pennsylvania Orphans' Court, Forest County",,,,ST,,State Trial
paorphctfrankl,paorphct,,,,,,2023-10-03T01:24:06.519Z,False,False,False,367.271108,,Franklin County Orphans' Court,"Pennsylvania Orphans' Court, Franklin County",,,,ST,,State Trial
paorphctfulton,paorphct,,,,,,2023-10-03T01:24:06.528Z,False,False,False,367.271109,,Fulton County Orphans' Court,"Pennsylvania Orphans' Court, Fulton County",,,,ST,,State Trial
paorphctgreene,paorphct,,,,,,2023-10-03T01:24:06.541Z,False,False,False,367.27111,,Greene County Orphans' Court,"Pennsylvania Orphans' Court, Greene County",,,,ST,,State Trial
paorphcthuntin,paorphct,,,,,,2023-10-03T01:24:06.551Z,False,False,False,367.271111,,Huntingdon County Orphans' Court,"Pennsylvania Orphans' Court, Huntingdon County",,,,ST,,State Trial
paorphctindian,paorphct,,,,,,2023-10-03T01:24:06.559Z,False,False,False,367.271112,,Indiana County Orphans' Court,"Pennsylvania Orphans' Court, Indiana County",,,,ST,,State Trial
paorphctjeffer,paorphct,,,,,,2023-10-03T01:24:06.571Z,False,False,False,367.271113,,Jefferson County Orphans' Court,"Pennsylvania Orphans' Court, Jefferson County",,,,ST,,State Trial
paorphctjuniat,paorphct,,,,,,2023-10-03T01:24:06.583Z,False,False,False,367.271114,,Juniata County Orphans' Court,"Pennsylvania Orphans' Court, Juniata County",,,,ST,,State Trial
paorphctlackaw,paorphct,,,,,,2023-10-03T01:24:06.592Z,False,False,False,367.271115,,Lackawanna County Orphans' Court,"Pennsylvania Orphans' Court, Lackawanna County",,,,ST,,State Trial
paorphctlancas,paorphct,,,,,,2023-10-03T01:24:06.600Z,False,False,False,367.271116,,Lancaster County Orphans' Court,"Pennsylvania Orphans' Court, Lancaster County",,,,ST,,State Trial
paorphctlawren,paorphct,,,,,,2023-10-03T01:24:06.611Z,False,False,False,367.271117,,Lawrence County Orphans' Court,"Pennsylvania Orphans' Court, Lawrence County",,,,ST,,State Trial
paorphctlebano,paorphct,,,,,,2023-10-03T01:24:06.619Z,False,False,False,367.271118,,Lebanon County Orphans' Court,"Pennsylvania Orphans' Court, Lebanon County",,,,ST,,State Trial
paorphctlehigh,paorphct,,,,,,2023-10-03T01:24:06.625Z,False,False,False,367.271119,,Lehigh County Orphans' Court,"Pennsylvania Orphans' Court, Lehigh County",,,,ST,,State Trial
paorphctluzern,paorphct,,,,,,2023-10-03T01:24:06.632Z,False,False,False,367.27112,,Luzerne County Orphans' Court,"Pennsylvania Orphans' Court, Luzerne County",,,,ST,,State Trial
paorphctlycomi,paorphct,,,,,,2023-10-03T01:24:06.643Z,False,False,False,367.271121,,Lycoming County Orphans' Court,"Pennsylvania Orphans' Court, Lycoming County",,,,ST,,State Trial
paorphctmercer,paorphct,,,,,,2023-10-03T01:24:06.655Z,False,False,False,367.271122,,Mercer County Orphans' Court,"Pennsylvania Orphans' Court, Mercer County",,,,ST,,State Trial
paorphctmiffli,paorphct,,,,,,2023-10-03T01:24:06.668Z,False,False,False,367.271123,,Mifflin County Orphans' Court,"Pennsylvania Orphans' Court, Mifflin County",,,,ST,,State Trial
paorphctmongto,paorphct,,,,,,2023-10-03T01:24:06.683Z,False,False,False,367.271124,,Mongtomery County Orphans' Court,"Pennsylvania Orphans' Court, Mongtomery County",,,,ST,,State Trial
paorphctmonroe,paorphct,,,,,,2023-10-03T01:24:06.691Z,False,False,False,367.271125,,Monroe County Orphans' Court,"Pennsylvania Orphans' Court, Monroe County",,,,ST,,State Trial
paorphctmontgo,paorphct,,,,,,2023-10-03T01:24:06.706Z,False,False,False,367.271126,,Montgomery County Orphans' Court,"Pennsylvania Orphans' Court, Montgomery County",,,,ST,,State Trial
paorphctmontou,paorphct,,,,,,2023-10-03T01:24:06.721Z,False,False,False,367.271127,,Montour County Orphans' Court,"Pennsylvania Orphans' Court, Montour County",,,,ST,,State Trial
paorphctnortha,paorphct,,,,,,2023-10-03T01:24:06.739Z,False,False,False,367.271128,,Northampton County Orphans' Court,"Pennsylvania Orphans' Court, Northampton County",,,,ST,,State Trial
paorphctnorthu,paorphct,,,,,,2023-10-03T01:24:06.765Z,False,False,False,367.271129,,Northumberland County Orphans' Court,"Pennsylvania Orphans' Court, Northumberland County",,,,ST,,State Trial
paorphctperry,paorphct,,,,,,2023-10-03T01:24:06.779Z,False,False,False,367.27113,,Perry County Orphans' Court,"Pennsylvania Orphans' Court, Perry County",,,,ST,,State Trial
paorphctphilad,paorphct,,,,,,2023-10-03T01:24:06.799Z,False,False,False,367.271131,,Philadelphia County Orphans' Court,"Pennsylvania Orphans' Court, Philadelphia County",,,,ST,,State Trial
paorphctpike,paorphct,,,,,,2023-10-03T01:24:06.815Z,False,False,False,367.271132,,Pike County Orphans' Court,"Pennsylvania Orphans' Court, Pike County",,,,ST,,State Trial
paorphctschuyl,paorphct,,,,,,2023-10-03T01:24:06.828Z,False,False,False,367.271133,,Schuylkill County Orphans' Court,"Pennsylvania Orphans' Court, Schuylkill County",,,,ST,,State Trial
paorphctsnyder,paorphct,,,,,,2023-10-03T01:24:06.843Z,False,False,False,367.271134,,Snyder County Orphans' Court,"Pennsylvania Orphans' Court, Snyder County",,,,ST,,State Trial
paorphctsomers,paorphct,,,,,,2023-10-03T01:24:06.863Z,False,False,False,367.271135,,Somerset County Orphans' Court,"Pennsylvania Orphans' Court, Somerset County",,,,ST,,State Trial
paorphctsulliv,paorphct,,,,,,2023-10-03T01:24:06.879Z,False,False,False,367.271136,,Sullivan County Orphans' Court,"Pennsylvania Orphans' Court, Sullivan County",,,,ST,,State Trial
paorphctsusque,paorphct,,,,,,2023-10-03T01:24:06.895Z,False,False,False,367.271137,,Susquehanna County Orphans' Court,"Pennsylvania Orphans' Court, Susquehanna County",,,,ST,,State Trial
paorphcttioga,paorphct,,,,,,2023-10-03T01:24:06.915Z,False,False,False,367.271138,,Tioga County Orphans' Court,"Pennsylvania Orphans' Court, Tioga County",,,,ST,,State Trial
paorphctunion,paorphct,,,,,,2023-10-03T01:24:06.928Z,False,False,False,367.271139,,Union County Orphans' Court,"Pennsylvania Orphans' Court, Union County",,,,ST,,State Trial
paorphctvenang,paorphct,,,,,,2023-10-03T01:24:06.943Z,False,False,False,367.27114,,Venango County Orphans' Court,"Pennsylvania Orphans' Court, Venango County",,,,ST,,State Trial
paorphctwarren,paorphct,,,,,,2023-10-03T01:24:06.959Z,False,False,False,367.271141,,Warren County Orphans' Court,"Pennsylvania Orphans' Court, Warren County",,,,ST,,State Trial
paorphctwashin,paorphct,,,,,,2023-10-03T01:24:06.975Z,False,False,False,367.271142,,Washington County Orphans' Court,"Pennsylvania Orphans' Court, Washington County",,,,ST,,State Trial
paorphctwayne,paorphct,,,,,,2023-10-03T01:24:06.987Z,False,False,False,367.271143,,Wayne County Orphans' Court,"Pennsylvania Orphans' Court, Wayne County",,,,ST,,State Trial
paorphctwestmo,paorphct,,,,,,2023-10-03T01:24:06.997Z,False,False,False,367.271144,,Westmoreland County Orphans' Court,"Pennsylvania Orphans' Court, Westmoreland County",,,,ST,,State Trial
paorphctwyomin,paorphct,,,,,,2023-10-03T01:24:07.015Z,False,False,False,367.271145,,Wyoming County Orphans' Court,"Pennsylvania Orphans' Court, Wyoming County",,,,ST,,State Trial
paorphctyork,paorphct,,,,,,2023-10-03T01:24:07.031Z,False,False,False,367.271146,York Cty. Orphans' Ct.,York County Orphans' Court,York County Orphans' Court,,,,ST,Created as part of import of Case.Law data.,State Trial
paoytermct,,,,,,,2023-10-02T15:46:26.454Z,False,False,False,367.272,,Pennsylvania Court of Oyer and Terminer,Pennsylvania Court of Oyer and Terminer,,,,ST,,State Trial
paoytermctadams,paoytermct,,,,,,2023-10-03T01:24:07.043Z,False,False,False,367.27201,Adams Cty. Ct. Oy. Term.,Adams County Court of Oyer and Terminer,Adams County Court of Oyer and Terminer,,,,ST,Created as part of import of Case.Law data.,State Trial
paoytermctalleg,paoytermct,,,,,,2023-10-03T01:24:07.059Z,False,False,False,367.27202,Allegheny Cty. Ct. Oy. Term.,Allegheny County Court of Oyer and Terminer,Allegheny County Court of Oyer and Terminer,,,,ST,Created as part of import of Case.Law data.,State Trial
paoytermctbeave,paoytermct,,,,,,2023-10-03T01:24:07.075Z,False,False,False,367.27203,Beaver Cty. Ct. Oy. Term.,Beaver County Court of Oyer and Terminer,Beaver County Court of Oyer and Terminer,,,,ST,Created as part of import of Case.Law data.,State Trial
paoytermctberks,paoytermct,,,,,,2023-10-03T01:24:07.095Z,False,False,False,367.27204,Berks Cty. Ct. Oy. Term.,Berks County Court of Oyer and Terminer,Berks County Court of Oyer and Terminer,,,,ST,Created as part of import of Case.Law data.,State Trial
paoytermctbucks,paoytermct,,,,,,2023-10-03T01:24:07.110Z,False,False,False,367.27205,Bucks Cty. Ct. Oy. Term.,Bucks County Court of Oyer and Terminer,Bucks County Court of Oyer and Terminer,,,,ST,Created as part of import of Case.Law data.,State Trial
paoytermctcambr,paoytermct,,,,,,2023-10-03T01:24:07.123Z,False,False,False,367.27206,Cambria Cty. Ct. Oy. Term.,Cambria County Court of Oyer and Terminer,Cambria County Court of Oyer and Terminer,,,,ST,Created as part of import of Case.Law data.,State Trial
paoytermctcarbo,paoytermct,,,,,,2023-10-03T01:24:07.137Z,False,False,False,367.27207,Carbon Cty. Ct. Oy. Term.,Carbon County Court of Oyer and Terminer,Carbon County Court of Oyer and Terminer,,,,ST,Created as part of import of Case.Law data.,State Trial
paoytermctchest,paoytermct,,,,,,2023-10-03T01:24:07.151Z,False,False,False,367.27208,Chester Cty. Ct. Oy. Term.,Chester County Court of Oyer and Terminer,Chester County Court of Oyer and Terminer,,,,ST,Created as part of import of Case.Law data.,State Trial
paoytermctclari,paoytermct,,,,,,2023-10-03T01:24:07.160Z,False,False,False,367.27209,Clarion Cty. Ct. Oy. Term.,Clarion County Court of Oyer and Terminer,Clarion County Court of Oyer and Terminer,,,,ST,Created as part of import of Case.Law data.,State Trial
paoytermctcolum,paoytermct,,,,,,2023-10-03T01:24:07.179Z,False,False,False,367.2721,Columbia Cty. Ct. Oy. Term.,Columbia County Court of Oyer and Terminer,Columbia County Court of Oyer and Terminer,,,,ST,Created as part of import of Case.Law data.,State Trial
paoytermctcumbe,paoytermct,,,,,,2023-10-03T01:24:07.189Z,False,False,False,367.27211,Cumberl Cty. Ct. Oy. Term.,Cumberland County Court of Oyer and Terminer,Cumberland County Court of Oyer and Terminer,,,,ST,Created as part of import of Case.Law data.,State Trial
paoytermctdauph,paoytermct,,,,,,2023-10-03T01:24:07.207Z,False,False,False,367.27212,Dauphin Cty. Ct. Oy. Term.,Dauphin County Court of Oyer and Terminer,Dauphin County Court of Oyer and Terminer,,,,ST,Created as part of import of Case.Law data.,State Trial
paoytermctdelaw,paoytermct,,,,,,2023-10-03T01:24:07.223Z,False,False,False,367.27213,Delaware Cty. Ct. Oy. Term.,Delaware County Court of Oyer and Terminer,Delaware County Court of Oyer and Terminer,,,,ST,Created as part of import of Case.Law data.,State Trial
paoytermcterie,paoytermct,,,,,,2023-10-03T01:24:07.239Z,False,False,False,367.27214,Erie Cty. Ct. Oy. Term.,Erie County Court of Oyer and Terminer,Erie County Court of Oyer and Terminer,,,,ST,Created as part of import of Case.Law data.,State Trial
paoytermctfayet,paoytermct,,,,,,2023-10-03T01:24:07.251Z,False,False,False,367.27215,Fayette Cty. Ct. Oy. Term.,Fayette County Court of Oyer and Terminer,Fayette County Court of Oyer and Terminer,,,,ST,Created as part of import of Case.Law data.,State Trial
paoytermctfrank,paoytermct,,,,,,2023-10-03T01:24:07.267Z,False,False,False,367.27216,Franklin Cty. Ct. Oy. Term.,Franklin County Court of Oyer and Terminer,Franklin County Court of Oyer and Terminer,,,,ST,Created as part of import of Case.Law data.,State Trial
paoytermctfulto,paoytermct,,,,,,2023-10-03T01:24:07.279Z,False,False,False,367.27217,Fulton Cty. Ct. Oy. Term.,Fulton County Court of Oyer and Terminer,Fulton County Court of Oyer and Terminer,,,,ST,Created as part of import of Case.Law data.,State Trial
paoytermctgreen,paoytermct,,,,,,2023-10-03T01:24:07.295Z,False,False,False,367.27218,Greene Cty. Ct. Oy. Term.,Greene County Court of Oyer and Terminer,Greene County Court of Oyer and Terminer,,,,ST,Created as part of import of Case.Law data.,State Trial
paoytermctjeffe,paoytermct,,,,,,2023-10-03T01:24:07.309Z,False,False,False,367.27219,Jefferson Cty. Ct. Oy. Term.,Jefferson County Court of Oyer and Terminer,Jefferson County Court of Oyer and Terminer,,,,ST,Created as part of import of Case.Law data.,State Trial
paoytermctjunia,paoytermct,,,,,,2023-10-03T01:24:07.323Z,False,False,False,367.2722,Juniata Cty. Ct. Oy. Term.,Juniata County Court of Oyer and Terminer,Juniata County Court of Oyer and Terminer,,,,ST,Created as part of import of Case.Law data.,State Trial
paoytermctlacka,paoytermct,,,,,,2023-10-03T01:24:07.334Z,False,False,False,367.27221,Lackawanna Cty. Ct. Oy. Term.,Lackawanna County Court of Oyer and Terminer,Lackawanna County Court of Oyer and Terminer,,,,ST,Created as part of import of Case.Law data.,State Trial
paoytermctlanca,paoytermct,,,,,,2023-10-03T01:24:07.348Z,False,False,False,367.27222,Lancaster Cty. Ct. Oy. Term.,Lancaster County Court of Oyer and Terminer,Lancaster County Court of Oyer and Terminer,,,,ST,Created as part of import of Case.Law data.,State Trial
paoytermctlawre,paoytermct,,,,,,2023-10-03T01:24:07.358Z,False,False,False,367.27223,Lawrence Cty. Ct. Oy. Term.,Lawrence County Court of Oyer and Terminer,Lawrence County Court of Oyer and Terminer,,,,ST,Created as part of import of Case.Law data.,State Trial
paoytermctleban,paoytermct,,,,,,2023-10-03T01:24:07.375Z,False,False,False,367.27224,Lebanon Cty. Ct. Oy. Term.,Lebanon County Court of Oyer and Terminer,Lebanon County Court of Oyer and Terminer,,,,ST,Created as part of import of Case.Law data.,State Trial
paoytermctlehig,paoytermct,,,,,,2023-10-03T01:24:07.391Z,False,False,False,367.27225,Lehigh Cty. Ct. Oy. Term.,Lehigh County Court of Oyer and Terminer,Lehigh County Court of Oyer and Terminer,,,,ST,Created as part of import of Case.Law data.,State Trial
paoytermctluzer,paoytermct,,,,,,2023-10-03T01:24:07.406Z,False,False,False,367.27226,Luzerne Cty. Ct. Oy. Term.,Luzerne County Court of Oyer and Terminer,Luzerne County Court of Oyer and Terminer,,,,ST,Created as part of import of Case.Law data.,State Trial
paoytermctmerce,paoytermct,,,,,,2023-10-03T01:24:07.434Z,False,False,False,367.27227,Mercer Cty. Ct. Oy. Term.,Mercer County Court of Oyer and Terminer,Mercer County Court of Oyer and Terminer,,,,ST,Created as part of import of Case.Law data.,State Trial
paoytermctmontg,paoytermct,,,,,,2023-10-03T01:24:07.447Z,False,False,False,367.27228,Montgomery Cty. Ct. Oy. Term.,Montgomery County Court of Oyer and Terminer,Montgomery County Court of Oyer and Terminer,,,,ST,Created as part of import of Case.Law data.,State Trial
paoytermctnorth,paoytermct,,,,,,2023-10-03T01:24:07.459Z,False,False,False,367.27229,Northampton Cty. Ct. Oy. Term.,Northampton County Court of Oyer and Terminer,Northampton County Court of Oyer and Terminer,,,,ST,Created as part of import of Case.Law data.,State Trial
paoytermctperry,paoytermct,,,,,,2023-10-03T01:24:07.475Z,False,False,False,367.2723,Perry Cty. Ct. Oy. Term.,Perry County Court of Oyer and Terminer,Perry County Court of Oyer and Terminer,,,,ST,Created as part of import of Case.Law data.,State Trial
paoytermctphila,paoytermct,,,,,,2023-10-03T01:24:07.491Z,False,False,False,367.27231,Philadelphia Cty. Ct. Oy. Term.,Philadelphia County Court of Oyer and Terminer,Philadelphia County Court of Oyer and Terminer,,,,ST,Created as part of import of Case.Law data.,State Trial
paoytermctschuy,paoytermct,,,,,,2023-10-03T01:24:07.507Z,False,False,False,367.27232,Schuylkill Cty. Ct. Oy. Term.,Schuylkill County Court of Oyer and Terminer,Schuylkill County Court of Oyer and Terminer,,,,ST,Created as part of import of Case.Law data.,State Trial
paoytermctsomer,paoytermct,,,,,,2023-10-03T01:24:07.519Z,False,False,False,367.27233,Somerset Cty. Ct. Oy. & Term.,Somerset County Ct. Oyer & Terminer,Somerset County Ct. Oyer & Terminer,,,,ST,Created as part of import of Case.Law data.,State Trial
paoytermctvenan,paoytermct,,,,,,2023-10-03T01:24:07.531Z,False,False,False,367.27234,Venango Cty. Ct. Oy. Term.,Venango County Court of Oyer and Terminer,Venango County Court of Oyer and Terminer,,,,ST,Created as part of import of Case.Law data.,State Trial
paoytermctwestm,paoytermct,,,,,,2023-10-03T01:24:07.548Z,False,False,False,367.27235,Westmorel Cty. Ct. Oy. Term.,Westmoreland County Court of Oyer and Terminer,Westmoreland County Court of Oyer and Terminer,,,,ST,Created as part of import of Case.Law data.,State Trial
paoytermctyork,paoytermct,,,,,,2023-10-03T01:24:07.567Z,False,False,False,367.27236,York Cty. Ct. Oy. Term.,York County Court of Oyer and Terminer,York County Court of Oyer and Terminer,,,,ST,Created as part of import of Case.Law data.,State Trial
pennctqtrsess,,,,,,,2022-02-04T15:17:29.186Z,False,False,False,367.273,,Pennsylvania Court of Quarter Sessions,Pennsylvania Court of Quarter Sessions,,,,SS,,State Special
paqtrsessadams,pennctqtrsess,,,,,,2023-10-03T01:24:07.574Z,False,False,False,367.27301,Adams Cty. Ct. Qtr. Sess.,Adams County Court of Quarter Sessions,Adams County Court of Quarter Sessions,,,,ST,Created as part of import of Case.Law data.,State Trial
paqtrsessallegh,pennctqtrsess,,,,,,2023-10-03T01:24:07.581Z,False,False,False,367.27302,Allegheny Cty. Ct. Qtr. Sess.,Allegheny County Court of Quarter Sessions,Allegheny County Court of Quarter Sessions,,,,ST,Created as part of import of Case.Law data.,State Trial
paqtrsessarmstr,pennctqtrsess,,,,,,2023-10-03T01:24:07.589Z,False,False,False,367.27303,Armstrong Cty. Ct. Qtr. Sess.,Armstrong County Court of Quarter Sessions,Armstrong County Court of Quarter Sessions,,,,ST,Created as part of import of Case.Law data.,State Trial
paqtrsessbeaver,pennctqtrsess,,,,,,2023-10-03T01:24:07.598Z,False,False,False,367.27304,Beaver Cty. Ct. Qtr. Sess.,Beaver County Court of Quarter Sessions,Beaver County Court of Quarter Sessions,,,,ST,Created as part of import of Case.Law data.,State Trial
paqtrsessbedfor,pennctqtrsess,,,,,,2023-10-03T01:24:07.612Z,False,False,False,367.27305,Bedford Cty. Ct. Qtr. Sess.,Bedford County Court of Quarter Sessions,Bedford County Court of Quarter Sessions,,,,ST,Created as part of import of Case.Law data.,State Trial
paqtrsessberks,pennctqtrsess,,,,,,2023-10-03T01:24:07.622Z,False,False,False,367.27306,Berks Cty. Ct. Qtr. Sess.,Berks County Court of Quarter Sessions,Berks County Court of Quarter Sessions,,,,ST,Created as part of import of Case.Law data.,State Trial
paqtrsessblair,pennctqtrsess,,,,,,2023-10-03T01:24:07.634Z,False,False,False,367.27307,Blair Cty. Ct. Qtr. Sess.,Blair County Court of Quarter Sessions,Blair County Court of Quarter Sessions,,,,ST,Created as part of import of Case.Law data.,State Trial
paqtrsessbradfo,pennctqtrsess,,,,,,2023-10-03T01:24:07.648Z,False,False,False,367.27308,Bradford Cty. Ct. Qtr. Sess.,Bradford County Court of Quarter Sessions,Bradford County Court of Quarter Sessions,,,,ST,Created as part of import of Case.Law data.,State Trial
paqtrsessbucks,pennctqtrsess,,,,,,2023-10-03T01:24:07.663Z,False,False,False,367.27309,Bucks Cty. Ct. Qtr. Sess.,Bucks County Court of Quarter Sessions,Bucks County Court of Quarter Sessions,,,,ST,Created as part of import of Case.Law data.,State Trial
paqtrsessbutler,pennctqtrsess,,,,,,2023-10-03T01:24:07.679Z,False,False,False,367.2731,Butler Cty. Ct. Qtr. Sess.,Butler County Court of Quarter Sessions,Butler County Court of Quarter Sessions,,,,ST,Created as part of import of Case.Law data.,State Trial
paqtrsesscambri,pennctqtrsess,,,,,,2023-10-03T01:24:07.695Z,False,False,False,367.27311,Cambria Cty. Ct. Qtr. Sess.,Cambria County Court of Quarter Sessions,Cambria County Court of Quarter Sessions,,,,ST,Created as part of import of Case.Law data.,State Trial
paqtrsesscamero,pennctqtrsess,,,,,,2023-10-03T01:24:07.707Z,False,False,False,367.27312,Cameron Cty. Ct. Qtr. Sess.,Cameron County Court of Quarter Sessions,Cameron County Court of Quarter Sessions,,,,ST,Created as part of import of Case.Law data.,State Trial
paqtrsesscarbon,pennctqtrsess,,,,,,2023-10-03T01:24:07.717Z,False,False,False,367.27313,Carbon Cty. Ct. Qtr. Sess.,Carbon County Court of Quarter Sessions,Carbon County Court of Quarter Sessions,,,,ST,Created as part of import of Case.Law data.,State Trial
paqtrsesscentre,pennctqtrsess,,,,,,2023-10-03T01:24:07.726Z,False,False,False,367.27314,Centre Cty. Ct. Qtr. Sess.,Centre County Court of Quarter Sessions,Centre County Court of Quarter Sessions,,,,ST,Created as part of import of Case.Law data.,State Trial
paqtrsesscheste,pennctqtrsess,,,,,,2023-10-03T01:24:07.732Z,False,False,False,367.27315,Chester Cty. Ct. Qtr. Sess.,Chester County Court of Quarter Sessions,Chester County Court of Quarter Sessions,,,,ST,Created as part of import of Case.Law data.,State Trial
paqtrsessclario,pennctqtrsess,,,,,,2023-10-03T01:24:07.738Z,False,False,False,367.27316,Clarion Cty. Ct. Qtr. Sess.,Clarion County Court of Quarter Sessions,Clarion County Court of Quarter Sessions,,,,ST,Created as part of import of Case.Law data.,State Trial
paqtrsessclearf,pennctqtrsess,,,,,,2023-10-03T01:24:07.746Z,False,False,False,367.27317,Clearfield Cty. Ct. Qtr. Sess.,Clearfield County Court of Quarter Sessions,Clearfield County Court of Quarter Sessions,,,,ST,Created as part of import of Case.Law data.,State Trial
paqtrsessclinto,pennctqtrsess,,,,,,2023-10-03T01:24:07.759Z,False,False,False,367.27318,Clinton Cty. Ct. Qtr. Sess.,Clinton County Court of Quarter Sessions,Clinton County Court of Quarter Sessions,,,,ST,Created as part of import of Case.Law data.,State Trial
paqtrsesscolumb,pennctqtrsess,,,,,,2023-10-03T01:24:07.769Z,False,False,False,367.27319,Columbia Cty. Ct. Qtr. Sess.,Columbia County Court of Quarter Sessions,Columbia County Court of Quarter Sessions,,,,ST,Created as part of import of Case.Law data.,State Trial
paqtrsesscrawfo,pennctqtrsess,,,,,,2023-10-03T01:24:07.779Z,False,False,False,367.2732,Crawford Cty. Ct. Qtr. Sess.,Crawford County Court of Quarter Sessions,Crawford County Court of Quarter Sessions,,,,ST,Created as part of import of Case.Law data.,State Trial
paqtrsesscumber,pennctqtrsess,,,,,,2023-10-03T01:24:07.790Z,False,False,False,367.27321,Cumberland Cty. Ct. Qtr. Sess.,Cumberland County Court of Quarter Sessions,Cumberland County Court of Quarter Sessions,,,,ST,Created as part of import of Case.Law data.,State Trial
paqtrsessdauphi,pennctqtrsess,,,,,,2023-10-03T01:24:07.801Z,False,False,False,367.27322,Dauphin Cty. Ct. Qtr. Sess.,Dauphin County Court of Quarter Sessions,Dauphin County Court of Quarter Sessions,,,,ST,Created as part of import of Case.Law data.,State Trial
paqtrsessdelawa,pennctqtrsess,,,,,,2023-10-03T01:24:07.807Z,False,False,False,367.27323,Delaware Cty. Ct. Qtr. Sess.,Delaware County Court of Quarter Sessions,Delaware County Court of Quarter Sessions,,,,ST,Created as part of import of Case.Law data.,State Trial
paqtrsesselk,pennctqtrsess,,,,,,2023-10-03T01:24:07.816Z,False,False,False,367.27324,Elk Cty. Ct. Qtr. Sess.,Elk County Court of Quarter Sessions,Elk County Court of Quarter Sessions,,,,ST,Created as part of import of Case.Law data.,State Trial
paqtrsesserie,pennctqtrsess,,,,,,2023-10-03T01:24:07.825Z,False,False,False,367.27325,Erie Cty. Ct. Qtr. Sess.,Erie County Court of Quarter Sessions,Erie County Court of Quarter Sessions,,,,ST,Created as part of import of Case.Law data.,State Trial
paqtrsessfayett,pennctqtrsess,,,,,,2023-10-03T01:24:07.851Z,False,False,False,367.27326,Fayette Cty. Ct. Qtr. Sess.,Fayette County Court of Quarter Sessions,Fayette County Court of Quarter Sessions,,,,ST,Created as part of import of Case.Law data.,State Trial
paqtrsessfrankl,pennctqtrsess,,,,,,2023-10-03T01:24:07.871Z,False,False,False,367.27327,Franklin Cty. Ct. Qtr. Sess.,Franklin County Court of Quarter Sessions,Franklin County Court of Quarter Sessions,,,,ST,Created as part of import of Case.Law data.,State Trial
paqtrsessfulton,pennctqtrsess,,,,,,2023-10-03T01:24:07.882Z,False,False,False,367.27328,Fulton Cty. Ct. Qtr. Sess.,Fulton County Court of Quarter Sessions,Fulton County Court of Quarter Sessions,,,,ST,Created as part of import of Case.Law data.,State Trial
paqtrsessgreene,pennctqtrsess,,,,,,2023-10-03T01:24:07.900Z,False,False,False,367.27329,Greene Cty. Ct. Qtr. Sess.,Greene County Court of Quarter Sessions,Greene County Court of Quarter Sessions,,,,ST,Created as part of import of Case.Law data.,State Trial
paqtrsesshuntin,pennctqtrsess,,,,,,2023-10-03T01:24:07.923Z,False,False,False,367.2733,Huntingdon Cty. Ct. Qtr. Sess.,Huntingdon County Court of Quarter Sessions,Huntingdon County Court of Quarter Sessions,,,,ST,Created as part of import of Case.Law data.,State Trial
paqtrsessindian,pennctqtrsess,,,,,,2023-10-03T01:24:07.939Z,False,False,False,367.27331,Indiana Cty. Ct. Qtr. Sess.,Indiana County Court of Quarter Sessions,Indiana County Court of Quarter Sessions,,,,ST,Created as part of import of Case.Law data.,State Trial
paqtrsessjeffer,pennctqtrsess,,,,,,2023-10-03T01:24:07.954Z,False,False,False,367.27332,Jefferson Cty. Ct. Qtr. Sess.,Jefferson County Court of Quarter Sessions,Jefferson County Court of Quarter Sessions,,,,ST,Created as part of import of Case.Law data.,State Trial
paqtrsessjuniat,pennctqtrsess,,,,,,2023-10-03T01:24:07.975Z,False,False,False,367.27333,Juniata Cty. Ct. Qtr. Sess.,Juniata County Court of Quarter Sessions,Juniata County Court of Quarter Sessions,,,,ST,Created as part of import of Case.Law data.,State Trial
paqtrsesslackaw,pennctqtrsess,,,,,,2023-10-03T01:24:07.991Z,False,False,False,367.27334,Lackawanna Cty. Ct. Qtr. Sess.,Lackawanna County Court of Quarter Sessions,Lackawanna County Court of Quarter Sessions,,,,ST,Created as part of import of Case.Law data.,State Trial
paqtrsesslancas,pennctqtrsess,,,,,,2023-10-03T01:24:08.002Z,False,False,False,367.27335,Lancaster Cty. Ct. Qtr. Sess.,Lancaster County Court of Quarter Sessions,Lancaster County Court of Quarter Sessions,,,,ST,Created as part of import of Case.Law data.,State Trial
paqtrsesslawren,pennctqtrsess,,,,,,2023-10-03T01:24:08.014Z,False,False,False,367.27336,Lawrence Cty. Ct. Qtr. Sess.,Lawrence County Court of Quarter Sessions,Lawrence County Court of Quarter Sessions,,,,ST,Created as part of import of Case.Law data.,State Trial
paqtrsesslebano,pennctqtrsess,,,,,,2023-10-03T01:24:08.027Z,False,False,False,367.27337,Lebanon Cty. Ct. Qtr. Sess.,Lebanon County Court of Quarter Sessions,Lebanon County Court of Quarter Sessions,,,,ST,Created as part of import of Case.Law data.,State Trial
paqtrsesslehigh,pennctqtrsess,,,,,,2023-10-03T01:24:08.047Z,False,False,False,367.27338,Lehigh Cty. Ct. Qtr. Sess.,Lehigh County Court of Quarter Sessions,Lehigh County Court of Quarter Sessions,,,,ST,Created as part of import of Case.Law data.,State Trial
paqtrsessluzern,pennctqtrsess,,,,,,2023-10-03T01:24:08.053Z,False,False,False,367.27339,Luzerne Cty. Ct. Qtr. Sess.,Luzerne County Court of Quarter Sessions,Luzerne County Court of Quarter Sessions,,,,ST,Created as part of import of Case.Law data.,State Trial
paqtrsesslycomi,pennctqtrsess,,,,,,2023-10-03T01:24:08.063Z,False,False,False,367.2734,Lycoming Cty. Ct. Qtr. Sess.,Lycoming County Court of Quarter Sessions,Lycoming County Court of Quarter Sessions,,,,ST,Created as part of import of Case.Law data.,State Trial
paqtrsessmckean,pennctqtrsess,,,,,,2023-10-03T01:24:08.083Z,False,False,False,367.27341,McKean Cty. Ct. Qtr. Sess.,McKean County Court of Quarter Sessions,McKean County Court of Quarter Sessions,,,,ST,Created as part of import of Case.Law data.,State Trial
paqtrsessmercer,pennctqtrsess,,,,,,2023-10-03T01:24:08.100Z,False,False,False,367.27342,Mercer Cty. Ct. Qtr. Sess.,Mercer County Court of Quarter Sessions,Mercer County Court of Quarter Sessions,,,,ST,Created as part of import of Case.Law data.,State Trial
paqtrsessmiffli,pennctqtrsess,,,,,,2023-10-03T01:24:08.110Z,False,False,False,367.27343,Mifflin Cty. Ct. Qtr. Sess.,Mifflin County Court of Quarter Sessions,Mifflin County Court of Quarter Sessions,,,,ST,Created as part of import of Case.Law data.,State Trial
paqtrsessmonroe,pennctqtrsess,,,,,,2023-10-03T01:24:08.116Z,False,False,False,367.27344,Monroe Cty. Ct. Qtr. Sess.,Monroe County Court of Quarter Sessions,Monroe County Court of Quarter Sessions,,,,ST,Created as part of import of Case.Law data.,State Trial
paqtrsessmontgo,pennctqtrsess,,,,,,2023-10-03T01:24:08.135Z,False,False,False,367.27345,Montgomery Cty. Ct. Qtr. Sess.,Montgomery County Court of Quarter Sessions,Montgomery County Court of Quarter Sessions,,,,ST,Created as part of import of Case.Law data.,State Trial
paqtrsessmontou,pennctqtrsess,,,,,,2023-10-03T01:24:08.148Z,False,False,False,367.27346,Montour Cty. Ct. Qtr. Sess.,Montour County Court of Quarter Sessions,Montour County Court of Quarter Sessions,,,,ST,Created as part of import of Case.Law data.,State Trial
paqtrsessnortha,pennctqtrsess,,,,,,2023-10-03T01:24:08.155Z,False,False,False,367.27347,Northampton Cty. Ct. Qtr. Sess.,Northampton County Court of Quarter Sessions,Northampton County Court of Quarter Sessions,,,,ST,Created as part of import of Case.Law data.,State Trial
paqtrsessnorthu,pennctqtrsess,,,,,,2023-10-03T01:24:08.171Z,False,False,False,367.27348,Northumberland Cty. Ct. Qtr. Sess.,Northumberland County Court of Quarter Sessions,Northumberland County Court of Quarter Sessions,,,,ST,Created as part of import of Case.Law data.,State Trial
paqtrsessperry,pennctqtrsess,,,,,,2023-10-03T01:24:08.183Z,False,False,False,367.27349,Perry Cty. Ct. Qtr. Sess.,Perry County Court of Quarter Sessions,Perry County Court of Quarter Sessions,,,,ST,Created as part of import of Case.Law data.,State Trial
paqtrsessphilad,pennctqtrsess,,,,,,2023-10-03T01:24:08.192Z,False,False,False,367.2735,Philadelphia Cty. Ct. Qtr. Sess.,Philadelphia County Court of Quarter Sessions,Philadelphia County Court of Quarter Sessions,,,,ST,Created as part of import of Case.Law data.,State Trial
paqtrsesspike,pennctqtrsess,,,,,,2023-10-03T01:24:08.201Z,False,False,False,367.27351,Pike Cty. Ct. Qtr. Sess.,Pike County Court of Quarter Sessions,Pike County Court of Quarter Sessions,,,,ST,Created as part of import of Case.Law data.,State Trial
paqtrsesspotter,pennctqtrsess,,,,,,2023-10-03T01:24:08.213Z,False,False,False,367.27352,Potter Cty. Ct. Qtr. Sess.,Potter County Court of Quarter Sessions,Potter County Court of Quarter Sessions,,,,ST,Created as part of import of Case.Law data.,State Trial
paqtrsessschuyl,pennctqtrsess,,,,,,2023-10-03T01:24:08.227Z,False,False,False,367.27353,Schuylkill Cty. Ct. Qtr. Sess.,Schuylkill County Court of Quarter Sessions,Schuylkill County Court of Quarter Sessions,,,,ST,Created as part of import of Case.Law data.,State Trial
paqtrsesssnyder,pennctqtrsess,,,,,,2023-10-03T01:24:08.240Z,False,False,False,367.27354,Snyder Cty. Ct. Qtr. Sess.,Snyder County Court of Quarter Sessions,Snyder County Court of Quarter Sessions,,,,ST,Created as part of import of Case.Law data.,State Trial
paqtrsesssomers,pennctqtrsess,,,,,,2023-10-03T01:24:08.246Z,False,False,False,367.27355,Somerset Cty. Ct. Qtr. Sess.,Somerset County Court of Quarter Sessions,Somerset County Court of Quarter Sessions,,,,ST,Created as part of import of Case.Law data.,State Trial
paqtrsesssulliv,pennctqtrsess,,,,,,2023-10-03T01:24:08.263Z,False,False,False,367.27356,Sullivan Cty. Ct. Qtr. Sess.,Sullivan County Court of Quarter Sessions,Sullivan County Court of Quarter Sessions,,,,ST,Created as part of import of Case.Law data.,State Trial
paqtrsesssusque,pennctqtrsess,,,,,,2023-10-03T01:24:08.272Z,False,False,False,367.27357,Susquehanna Cty. Ct. Qtr. Sess.,Susquehanna County Court of Quarter Sessions,Susquehanna County Court of Quarter Sessions,,,,ST,Created as part of import of Case.Law data.,State Trial
paqtrsesstioga,pennctqtrsess,,,,,,2023-10-03T01:24:08.286Z,False,False,False,367.27358,Tioga Cty. Ct. Qtr. Sess.,Tioga County Court of Quarter Sessions,Tioga County Court of Quarter Sessions,,,,ST,Created as part of import of Case.Law data.,State Trial
paqtrsessunion,pennctqtrsess,,,,,,2023-10-03T01:24:08.299Z,False,False,False,367.27359,Union Cty. Ct. Qtr. Sess.,Union County Court of Quarter Sessions,Union County Court of Quarter Sessions,,,,ST,Created as part of import of Case.Law data.,State Trial
paqtrsessvenang,pennctqtrsess,,,,,,2023-10-03T01:24:08.309Z,False,False,False,367.2736,Venango Cty. Ct. Qtr. Sess.,Venango County Court of Quarter Sessions,Venango County Court of Quarter Sessions,,,,ST,Created as part of import of Case.Law data.,State Trial
paqtrsesswarren,pennctqtrsess,,,,,,2023-10-03T01:24:08.324Z,False,False,False,367.27361,Warren Cty. Ct. Qtr. Sess.,Warren County Court of Quarter Sessions,Warren County Court of Quarter Sessions,,,,ST,Created as part of import of Case.Law data.,State Trial
paqtrsesswashin,pennctqtrsess,,,,,,2023-10-03T01:24:08.343Z,False,False,False,367.27362,Washington Cty. Ct. Qtr. Sess.,Washington County Court of Quarter Sessions,Washington County Court of Quarter Sessions,,,,ST,Created as part of import of Case.Law data.,State Trial
paqtrsesswayne,pennctqtrsess,,,,,,2023-10-03T01:24:08.359Z,False,False,False,367.27363,Wayne Cty. Ct. Qtr. Sess.,Wayne County Court of Quarter Sessions,Wayne County Court of Quarter Sessions,,,,ST,Created as part of import of Case.Law data.,State Trial
paqtrsesswestmo,pennctqtrsess,,,,,,2023-10-03T01:24:08.375Z,False,False,False,367.27364,Westmoreland Cty. Ct. Qtr. Sess.,Westmoreland County Court of Quarter Sessions,Westmoreland County Court of Quarter Sessions,,,,ST,Created as part of import of Case.Law data.,State Trial
paqtrsesswyomin,pennctqtrsess,,,,,,2023-10-03T01:24:08.392Z,False,False,False,367.27365,Wyoming Cty. Ct. Qtr. Sess.,Wyoming County Court of Quarter Sessions,Wyoming County Court of Quarter Sessions,,,,ST,Created as part of import of Case.Law data.,State Trial
paqtrsessyork,pennctqtrsess,,,,,,2023-10-03T01:24:08.398Z,False,False,False,367.27366,York Cty. Ct. Qtr. Sess.,York County Court of Quarter Sessions,York County Court of Quarter Sessions,,,,ST,Created as part of import of Case.Law data.,State Trial
pamunict,,,,,,,2022-11-18T02:51:00.272Z,False,False,False,367.27399,Pa. Muni Ct.,Pennsylvania Municipal Court,Pennsylvania Municipal Court,,,,ST,Created as part of import of Case.Law data.,State Trial
pamunictphila,pamunict,,,,,,2023-10-03T01:24:08.407Z,False,False,False,367.274,,Philadelphia County Municipal Court,"Pennylvania Municipal Court, Philadelphia County",,,,ST,,State Trial
pajuvct,,,,,,,2023-10-02T15:46:26.460Z,False,False,False,367.274001,,Penn. Juv. Court,Pennsylvania Juvenile Courts,,,,SS,,State Special
pajuvctcambria,pajuvct,,,,,,2023-10-03T01:24:08.421Z,False,False,False,367.27401,Cambria Cty. Juv. Ct.,Cambria County of Juvenile Court,Cambria County of Juvenile Court,,,,ST,Created as part of import of Case.Law data.,State Trial
pajuvctdel,pajuvct,,,,,,2023-10-03T01:24:08.437Z,False,False,False,367.27402,Delaware Cty. Juv. Ct.,Delaware County Juvenile Court,Delaware County Juvenile Court,,,,ST,Created as part of import of Case.Law data.,State Trial
philaelecct,,,,,,,2022-11-18T02:51:00.279Z,False,False,False,367.2741,Phila. Elec. Ct.,Philadelphia Election Court,Philadelphia Election Court,,,,SS,Created as part of import of Case.Law data.,State Special
philamayorct,,,,,,,2022-11-18T02:51:00.281Z,False,False,False,367.2742,Phila. Mayor Ct.,Philadelphia Mayor's Court,Philadelphia Mayor's Court,,,,ST,Created as part of import of Case.Law data.,State Trial
philarec,,,,,,,2022-11-18T02:51:00.283Z,False,False,False,367.2743,Recorder Philadelphia,Recorder of Philadelphia,Recorder of Philadelphia,,,,SS,Created as part of import of Case.Law data.,State Special
paag,,,,,,,2022-06-23T18:36:31.737Z,False,False,False,367.276,,Pennsylvania Office of the Attorney General,Pennsylvania Office of the Attorney General,,,,SAG,,State Attorney General
paarbpnlhc,,,,,,,2022-06-23T18:36:31.741Z,False,False,False,367.27601,,Pennsylvania Arbitration Panels for Health Care,Pennsylvania Arbitration Panels for Health Care,,,,SS,,State Special
paenvhrbd,,,,,,,2022-06-23T18:36:31.747Z,False,False,False,367.27602,,Pennsylvania Environmental Hearing Board,Pennsylvania Environmental Hearing Board,,,,SS,,State Special
padepted,,,,,,,2022-06-23T18:36:31.750Z,False,False,False,367.27603,,Pennsylvania Department of Education,Pennsylvania Department of Education,,,,SS,,State Special
padeptpubwel,,,,,,,2022-11-18T02:51:00.285Z,False,False,False,367.27604,Pa. Dept. Pub. Wel.,Pennsylvania Department of Public Welfare,Pennsylvania Department of Public Welfare,,,,SS,Created as part of import of Case.Law data.,State Special
paparolebd,,,,,,,2022-11-18T02:51:00.287Z,False,False,False,367.27605,Pa. Bd. Parole,Pennsylvania Board of Parole,Pennsylvania Board of Parole,,,,SS,Created as part of import of Case.Law data.,State Special
ri,,,,,,,2014-08-08T20:59:44.315Z,True,True,False,367.3,R.I.,Supreme Court of Rhode Island,Supreme Court of Rhode Island,http://www.courts.ri.gov/courts/supremecourt/default.aspx,1747-01-01,,S,"Lawbox, Scraper created 2013-08-12",State Supreme
risuperct,,,,,,,2016-05-18T19:33:46.675Z,True,False,False,367.35,Sup. Ct. R.I.,Superior Court of Rhode Island,Superior Court of Rhode Island,https://www.courts.ri.gov/Courts/SuperiorCourt/Pages/default.aspx,,,SA,,State Appellate
riviceadmct,,,,,,,2022-12-15T18:01:59.881Z,False,False,False,367.355,,Rhode Island Vice Admiralty Court,Rhode Island Vice Admiralty Court,,,,SS,,State Special
sc,,,,,,,2013-09-09T06:22:31Z,True,True,False,367.4,S.C.,Supreme Court of South Carolina,Supreme Court of South Carolina,http://www.judicial.state.sc.us/supreme/,1841-01-01,,S,Lawbox,State Supreme
scctapp,,,,,,,2024-01-09T19:28:41.626Z,True,True,False,367.41,S.C. Ct. App.,Court of Appeals of South Carolina,Court of Appeals of South Carolina,http://www.judicial.state.sc.us/appeals/,1983-01-01,,SA,Lawbox,State Appellate
superctsc,,,,,,,2022-02-17T13:58:44.037Z,False,False,False,367.45,Super. Ct. S.C.,Superior Court of South Carolina,Superior Court of South Carolina,,,,ST,,State Trial
admiraltyctsc,,,,,,,2022-12-15T18:01:59.281Z,False,False,False,367.47,,South Carolina Admiralty Court,South Carolina Admiralty Court,,,,SS,,State Special
ctchansc,,,,,,,2022-12-15T18:01:59.394Z,False,False,False,367.48,,Court of Chancery of South Carolina,Court of Chancery of South Carolina,,,,ST,,State Trial
sd,,,,,,,2013-08-14T16:46:30Z,True,True,False,367.5,S.D.,South Dakota Supreme Court,South Dakota Supreme Court,http://www.sdjudicial.com/,1889-01-01,,S,,State Supreme
tenn,,,,,,,2016-09-08T20:39:03.982Z,True,True,False,367.6,Tenn.,Tennessee Supreme Court,Tennessee Supreme Court,https://www.tncourts.gov/courts/supreme-court,1790-01-01,,S,"Created by Lawbox
Start date: http://www.tschsociety.org/justices.html",State Supreme
tennctapp,,,,,,,2013-09-09T02:23:19Z,True,True,False,367.7,Tenn. Ct. App.,Court of Appeals of Tennessee,Court of Appeals of Tennessee,http://www.tncourts.gov/courts/court-appeals,1925-01-01,,SA,Lawbox,State Appellate
tenncrimapp,,,,,,,2013-09-09T16:30:08Z,True,True,False,367.8,Tenn. Crim. App.,Court of Criminal Appeals of Tennessee,Court of Criminal Appeals of Tennessee,http://www.tsc.state.tn.us/courts/court-criminal-appeals,1925-01-01,,SA,Lawbox,State Appellate
tennworkcompcl,,,,,,,2020-08-26T21:13:10.029Z,True,False,False,367.85,Tenn. Ct. Work. Comp. Cl.,Tennessee Court of Workers' Comp. Claims,Tennessee Court of Workers' Compensation Claims,https://www.tn.gov/workforce/injuries-at-work/bureau-services/bureau-services/court-of-wc-claims.html,2013-01-01,,SS,,State Special
tennworkcompapp,,,,,,,2020-08-26T21:13:55.708Z,True,False,False,367.851,Tenn. Work. Comp. App. Bd.,Tennessee Workers' Comp. Appeals Board,Tennessee Workers' Compensation Appeals Board,https://www.tn.gov/workforce/injuries-at-work/bureau-services/bureau-services/appeals-board.html,2013-01-01,,SS,,State Special
tennsuperct,,,,,,,2016-06-18T20:01:59.649Z,True,False,False,367.9,Tenn. Sup. Ct.,Tennessee Superior Court for Law and Equity,Tennessee Superior Court for Law and Equity,https://familysearch.org/wiki/en/Tennessee_Court_Records,1796-01-01,1809-12-31,SA,,State Appellate
tex,,,,,,,2014-08-08T17:27:09.820Z,True,True,False,368.0,Tex.,Texas Supreme Court,Texas Supreme Court,http://www.supreme.courts.state.tx.us/,1840-01-01,,S,,State Supreme
texcommnapp,,,,,,,2021-09-08T23:28:12.593Z,False,False,False,368.1,Tex. Comm'n App.,Texas Commission of Appeals,Texas Commission of Appeals,,1918-01-01,1945-12-31,SS,"""One of three Commissions established over the years to alleviate case load on the Texas Supreme Court.",State Special
texrevtrib,,,,,,,2021-09-08T23:31:00.395Z,False,False,False,368.12,Tex. Rev. Trib.,Texas Court of Review Tribunal,Texas Court of Review Tribunal,,,,SS,This court reviews recommendation for removal or retirement of a judge. Selected from appellate judges by the Chief Justice.,State Special
texapp,,,,,,,2014-08-08T17:27:23.258Z,True,True,False,368.2,Tex. App.,Court of Appeals of Texas,Court of Appeals of Texas,http://www.courts.state.tx.us/courts/coa.asp,1891-01-01,,SA,Lawbox,State Appellate
texcrimapp,,,,,,,2025-06-11T20:55:59.708Z,True,True,False,368.3,Tex. Crim. App.,Court of Criminal Appeals of Texas,Court of Criminal Appeals of Texas,http://www.cca.courts.state.tx.us/,,,S,Lawbox,State Supreme
texreview,,,,,,,2013-10-30T07:11:37.284Z,True,False,False,368.4,Tex. Rev.,Texas Special Court of Review,Texas Special Court of Review,http://www.scjc.state.tx.us/,,,SS,Lawbox,State Special
texjpml,,,,,,,2016-06-18T20:01:59.649Z,True,False,False,368.5,Tex. J.P.M.L.,Texas Judicial Panel on Multidistrict Litigation,Texas Judicial Panel on Multidistrict Litigation,http://www.txcourts.gov/about-texas-courts/multi-district-litigation-panel.aspx,,,SA,,State Appellate
texag,,,,,,,2024-01-09T19:29:03.195Z,True,True,False,368.6,Tex. Att'y Gen.,Texas Attorney General Reports,Texas Attorney General Reports,https://texasattorneygeneral.gov/,,,SAG,,State Attorney General
txctapp1,texapp,,,,,,2023-10-03T01:24:08.447Z,False,False,False,368.701,,"Tex. App. Ct., 1st Dist. (Houston)","Texas Court of Appeals, 1st District (Houston)",http://www.txcourts.gov/1stcoa.aspx,,,SA,,State Appellate
txctapp2,texapp,,,,,,2023-10-03T01:24:08.459Z,False,False,False,368.7011,,"Tex. App. Ct., 2nd Dist. (Fort Worth)","Texas Court of Appeals, 2nd District (Fort Worth)",http://www.txcourts.gov/2ndcoa.aspx,,,SA,,State Appellate
txctapp3,texapp,,,,,,2023-10-03T01:24:08.479Z,False,False,False,368.7012,,"Tex. App. Ct., 3rd Dist. (Austin)","Texas Court of Appeals, 3rd District (Austin)",http://www.txcourts.gov/3rdcoa.aspx,,,SA,,State Appellate
txctapp4,texapp,,,,,,2023-10-03T01:24:08.497Z,False,False,False,368.7013,,"Tex. App. Ct., 4th Dist. (San Antonio)","Texas Court of Appeals, 4th District (San Antonio)",http://www.txcourts.gov/4thcoa.aspx,,,SA,,State Appellate
txctapp5,texapp,,,,,,2023-10-03T01:24:08.519Z,False,False,False,368.7014,,"Tex. App. Ct., 5th Dist. (Dallas)","Texas Court of Appeals, 5th District (Dallas)",http://www.txcourts.gov/5thcoa.aspx,,,SA,,State Appellate
txctapp6,texapp,,,,,,2023-10-03T01:24:08.541Z,False,False,False,368.7015,,"Tex. App. Ct., 6th Dist. (Texarkana)","Texas Court of Appeals, 6th District (Texarkana)",http://www.txcourts.gov/6thcoa.aspx,,,SA,,State Appellate
txctapp7,texapp,,,,,,2023-10-03T01:24:08.559Z,False,False,False,368.7016,,"Tex. App. Ct., 7th Dist. (Amarillo)","Texas Court of Appeals, 7th District (Amarillo)",http://www.txcourts.gov/7thcoa.aspx,,,SA,,State Appellate
txctapp8,texapp,,,,,,2023-10-03T01:24:08.575Z,False,False,False,368.7017,,"Tex. App. Ct., 8th Dist. (El Paso)","Texas Court of Appeals, 8th District (El Paso)",http://www.txcourts.gov/8thcoa.aspx,,,SA,,State Appellate
txctapp9,texapp,,,,,,2023-10-03T01:24:08.591Z,False,False,False,368.7018,,"Tex. App. Ct., 9th Dist. (Beaumont)","Texas Court of Appeals, 9th District (Beaumont)",http://www.txcourts.gov/9thcoa.aspx,,,SA,,State Appellate
txctapp10,texapp,,,,,,2023-10-03T01:24:08.607Z,False,False,False,368.7019,,"Tex. App. Ct., 10th Dist. (Waco)","Texas Court of Appeals, 10th District (Waco)",http://www.txcourts.gov/10thcoa.aspx,,,SA,,State Appellate
txctapp11,texapp,,,,,,2023-10-03T01:24:08.623Z,False,False,False,368.702,,"Tex. App. Ct., 11th Dist. (Eastland)","Texas Court of Appeals, 11th District (Eastland)",http://www.txcourts.gov/11thcoa.aspx,,,SA,,State Appellate
txctapp12,texapp,,,,,,2023-10-03T01:24:08.632Z,False,False,False,368.7021,,"Tex. App. Ct., 12th Dist. (Tyler)","Texas Court of Appeals, 12th District (Tyler)",http://www.txcourts.gov/12thcoa.aspx,,,SA,,State Appellate
txctapp13A,texapp,,,,,,2023-10-03T01:24:08.647Z,False,False,False,368.7022,,"Tex. App. Ct., 13th Dist. (Corpus Christi)","Texas Court of Appeals, 13th District (Corpus Christi)",http://www.txcourts.gov/13thcoa.aspx,,,SA,,State Appellate
txctapp13B,texapp,,,,,,2023-10-03T01:24:08.663Z,False,False,False,368.70221,,"Tex. App. Ct., 13th Dist. (Edinburg)","Texas Court of Appeals, 13th District (Edinburg)",http://www.txcourts.gov/13thcoa.aspx,,,SA,,State Appellate
txctapp14,texapp,,,,,,2023-10-03T01:24:08.679Z,False,False,False,368.7023,,"Tex. App. Ct., 14th Dist. (Houston)","Texas Court of Appeals, 14th District (Houston)",http://www.txcourts.gov/14thcoa.aspx,,,SA,,State Appellate
texdistct,,,,,,,2022-06-13T13:38:08.829Z,False,False,False,368.7025,,Tex. Dist. Ct.,Texas District Court,,,,ST,,State Trial
texdistct1,texdistct,,,,,,2023-10-03T01:24:08.687Z,False,False,False,368.7026,,Tex. 1st Jud. Dist. Ct.,Texas 1st Judicial District Court,http://www.co.jasper.tx.us/default.aspx?Jasper_County/1st,,,ST,,State Trial
texdistct2,texdistct,,,,,,2023-10-03T01:24:08.694Z,False,False,False,368.7027,,Tex. 1A Jud. Dist. Ct.,Texas 1A Judicial District Court,http://www.co.jasper.tx.us/default.aspx?Jasper_County/1A,,,ST,,State Trial
texdistct3,texdistct,,,,,,2023-10-03T01:24:08.707Z,False,False,False,368.7028,,Tex. 2nd Jud. Dist. Ct.,Texas 2nd Judicial District Court,http://www.co.cherokee.tx.us/ips/cms/districtcourt/2nddistrictJudge.html,,,ST,,State Trial
texdistct4,texdistct,,,,,,2023-10-03T01:24:08.721Z,False,False,False,368.7029,,Tex. 3rd Jud. Dist. Ct.,Texas 3rd Judicial District Court,http://www.co.anderson.tx.us/default.aspx?Anderson_County/3rdDC,,,ST,,State Trial
texdistct5,texdistct,,,,,,2023-10-03T01:24:08.735Z,False,False,False,368.703,,Tex. 4th Jud. Dist. Ct.,Texas 4th Judicial District Court,http://co.rusk.tx.us/default.aspx?Rusk_County/District.Court,,,ST,,State Trial
texdistct6,texdistct,,,,,,2023-10-03T01:24:08.748Z,False,False,False,368.7031,,Tex. 5th Jud. Dist. Ct.,Texas 5th Judicial District Court,http://www.co.bowie.tx.us/page/bowie.5thDistrictCourt,,,ST,,State Trial
texdistct7,texdistct,,,,,,2023-10-03T01:24:08.759Z,False,False,False,368.7032,,Tex. 6th Jud. Dist. Ct.,Texas 6th Judicial District Court,http://www.co.lamar.tx.us/,,,ST,,State Trial
texdistct8,texdistct,,,,,,2023-10-03T01:24:08.775Z,False,False,False,368.7033,,Tex. 7th Jud. Dist. Ct.,Texas 7th Judicial District Court,http://www.smith-county.com/,,,ST,,State Trial
texdistct9,texdistct,,,,,,2023-10-03T01:24:08.783Z,False,False,False,368.7034,,Tex. 8th Jud. Dist. Ct.,Texas 8th Judicial District Court,http://www.hopkinscountytx.org/default.aspx?Hopkins_County/8thJudicialDistrict,,,ST,,State Trial
texdistct10,texdistct,,,,,,2023-10-03T01:24:08.795Z,False,False,False,368.7035,,Tex. 9th Jud. Dist. Ct.,Texas 9th Judicial District Court,http://www.mctx.org/departments/departments_d_-_f/district_courts/9th_district_court/index.php,,,ST,,State Trial
texdistct11,texdistct,,,,,,2023-10-03T01:24:08.809Z,False,False,False,368.7036,,Tex. 10th Jud. Dist. Ct.,Texas 10th Judicial District Court,http://www.galvestoncountytx.gov/jd/jd1/Pages/default.aspx,,,ST,,State Trial
texdistct12,texdistct,,,,,,2023-10-03T01:24:08.819Z,False,False,False,368.7037,,Tex. 11th Jud. Dist. Ct.,Texas 11th Judicial District Court,https://www.justex.net/Courts/Civil/CivilCourt.aspx?crt=1,,,ST,,State Trial
texdistct13,texdistct,,,,,,2023-10-03T01:24:08.828Z,False,False,False,368.7038,,Tex. 12th Jud. Dist. Ct.,Texas 12th Judicial District Court,https://www.co.walker.tx.us/department/index.php?structureid=2,,,ST,,State Trial
texdistct14,texdistct,,,,,,2023-10-03T01:24:08.843Z,False,False,False,368.7039,,Tex. 13th Jud. Dist. Ct.,Texas 13th Judicial District Court,http://www.co.navarro.tx.us/default.aspx?Navarro_County/District.Court,,,ST,,State Trial
texdistct15,texdistct,,,,,,2023-10-03T01:24:08.863Z,False,False,False,368.704,,Tex. 14th Jud. Dist. Ct.,Texas 14th Judicial District Court,http://www.dallascounty.org/government/courts/civil_district/14th/,,,ST,,State Trial
texdistct16,texdistct,,,,,,2023-10-03T01:24:08.880Z,False,False,False,368.7041,,Tex. 15th Jud. Dist. Ct.,Texas 15th Judicial District Court,http://www.co.grayson.tx.us/default.aspx?name=court15.home,,,ST,,State Trial
texdistct17,texdistct,,,,,,2023-10-03T01:24:08.888Z,False,False,False,368.7042,,Tex. 16th Jud. Dist. Ct.,Texas 16th Judicial District Court,https://www.dentoncounty.gov/528/16th-District-Court,,,ST,,State Trial
texdistct18,texdistct,,,,,,2023-10-03T01:24:08.899Z,False,False,False,368.7043,,Tex. 17th Jud. Dist. Ct.,Texas 17th Judicial District Court,http://access.tarrantcounty.com/en/civil-courts/district-courts/17th-district-court.html,,,ST,,State Trial
texdistct19,texdistct,,,,,,2023-10-03T01:24:08.915Z,False,False,False,368.7044,,Tex. 18th Jud. Dist. Ct.,Texas 18th Judicial District Court,http://www.johnsoncountytx.org/departments/courts/index.html,,,ST,,State Trial
texdistct20,texdistct,,,,,,2023-10-03T01:24:08.924Z,False,False,False,368.7045,,Tex. 19th Jud. Dist. Ct.,Texas 19th Judicial District Court,http://www.co.mclennan.tx.us/420/19th-District-Court,,,ST,,State Trial
texdistct21,texdistct,,,,,,2023-10-03T01:24:08.937Z,False,False,False,368.7046,,Tex. 20th Jud. Dist. Ct.,Texas 20th Judicial District Court,http://www.milamcounty.org/,,,ST,,State Trial
texdistct22,texdistct,,,,,,2023-10-03T01:24:08.951Z,False,False,False,368.7047,,Tex. 21st Jud. Dist. Ct.,Texas 21st Judicial District Court,http://www.co.washington.tx.us/default.aspx?Washington_County/21stDistrictJudge,,,ST,,State Trial
texdistct23,texdistct,,,,,,2023-10-03T01:24:08.960Z,False,False,False,368.7048,,Tex. 22nd Jud. Dist. Ct.,Texas 22nd Judicial District Court,https://hayscountytx.com/courts/district-court/,,,ST,,State Trial
texdistct24,texdistct,,,,,,2023-10-03T01:24:08.968Z,False,False,False,368.7049,,Tex. 23rd Jud. Dist. Ct.,Texas 23rd Judicial District Court,http://www.co.wharton.tx.us/default.aspx?Wharton_County/23rd,,,ST,,State Trial
texdistct25,texdistct,,,,,,2023-10-03T01:24:08.974Z,False,False,False,368.705,,Tex. 24th Jud. Dist. Ct.,Texas 24th Judicial District Court,http://www.victoriacountytx.org/index.php/en/county-directory,,,ST,,State Trial
texdistct26,texdistct,,,,,,2023-10-03T01:24:08.983Z,False,False,False,368.7051,,Tex. 25th Jud. Dist. Ct.,Texas 25th Judicial District Court,http://www.co.guadalupe.tx.us/home.php?content=dist_cts/dist25,,,ST,,State Trial
texdistct27,texdistct,,,,,,2023-10-03T01:24:08.992Z,False,False,False,368.7052,,Tex. 26th Jud. Dist. Ct.,Texas 26th Judicial District Court,http://williamson-county.org/Elected-Officials/District-Courts/26th-District-Court,,,ST,,State Trial
texdistct28,texdistct,,,,,,2023-10-03T01:24:09.000Z,False,False,False,368.7053,,Tex. 27th Jud. Dist. Ct.,Texas 27th Judicial District Court,http://www.bellcountytx.com/county_government/district_courts/27th_district_court/index.php,,,ST,,State Trial
texdistct29,texdistct,,,,,,2023-10-03T01:24:09.015Z,False,False,False,368.7054,,Tex. 28th Jud. Dist. Ct.,Texas 28th Judicial District Court,https://www.nuecesco.com/courts/district-courts/28th-district-court-a,,,ST,,State Trial
texdistct30,texdistct,,,,,,2023-10-03T01:24:09.032Z,False,False,False,368.7055,,Tex. 29th Jud. Dist. Ct.,Texas 29th Judicial District Court,http://www.co.palo-pinto.tx.us/default.aspx?Palo-Pinto_County/District.Court,,,ST,,State Trial
texdistct31,texdistct,,,,,,2023-10-03T01:24:09.047Z,False,False,False,368.7056,,Tex. 30th Jud. Dist. Ct.,Texas 30th Judicial District Court,https://wichitacountytx.com/locations/30th-district-court/,,,ST,,State Trial
texdistct32,texdistct,,,,,,2023-10-03T01:24:09.059Z,False,False,False,368.7057,,Tex. 31st Jud. Dist. Ct.,Texas 31st Judicial District Court,http://www.co.wheeler.tx.us/default.aspx?Wheeler_County/District.Court,,,ST,,State Trial
texdistct33,texdistct,,,,,,2023-10-03T01:24:09.068Z,False,False,False,368.7058,,Tex. 32nd Jud. Dist. Ct.,Texas 32nd Judicial District Court,http://www.districtcourt32.org/,,,ST,,State Trial
texdistct34,texdistct,,,,,,2023-10-03T01:24:09.075Z,False,False,False,368.7059,,Tex. 33rd Jud. Dist. Ct.,Texas 33rd Judicial District Court,http://www.dcourttexas.org,,,ST,,State Trial
texdistct35,texdistct,,,,,,2023-10-03T01:24:09.081Z,False,False,False,368.706,,Tex. 34th Jud. Dist. Ct.,Texas 34th Judicial District Court,http://www.epcounty.com/courts/directory.htm,,,ST,,State Trial
texdistct36,texdistct,,,,,,2023-10-03T01:24:09.089Z,False,False,False,368.7061,,Tex. 35th Jud. Dist. Ct.,Texas 35th Judicial District Court,http://www.browncountytx.org/page/brown.District.Court,,,ST,,State Trial
texdistct37,texdistct,,,,,,2023-10-03T01:24:09.095Z,False,False,False,368.7062,,Tex. 36th Jud. Dist. Ct.,Texas 36th Judicial District Court,http://www.co.san-patricio.tx.us/default.aspx?San-Patricio_County/District.Court.36th,,,ST,,State Trial
texdistct38,texdistct,,,,,,2023-10-03T01:24:09.109Z,False,False,False,368.7063,,Tex. 37th Jud. Dist. Ct.,Texas 37th Judicial District Court,http://www.bexar.org/1777/37th-Civil-District-Court,,,ST,,State Trial
texdistct39,texdistct,,,,,,2023-10-03T01:24:09.119Z,False,False,False,368.7064,,Tex. 38th Jud. Dist. Ct.,Texas 38th Judicial District Court,http://www.uvaldecounty.com/index.php?option=com_content&task=view&id=61&It,,,ST,,State Trial
texdistct40,texdistct,,,,,,2023-10-03T01:24:09.131Z,False,False,False,368.7065,,Tex. 39th Jud. Dist. Ct.,Texas 39th Judicial District Court,http://www.co.haskell.tx.us/default.aspx?Haskell_County/District.Court,,,ST,,State Trial
texdistct41,texdistct,,,,,,2023-10-03T01:24:09.144Z,False,False,False,368.7066,,Tex. 40th Jud. Dist. Ct.,Texas 40th Judicial District Court,http://www.co.ellis.tx.us/index.aspx?nid=83,,,ST,,State Trial
texdistct42,texdistct,,,,,,2023-10-03T01:24:09.159Z,False,False,False,368.7067,,Tex. 41st Jud. Dist. Ct.,Texas 41st Judicial District Court,http://www.epcounty.com/courts/directory.htm,,,ST,,State Trial
texdistct43,texdistct,,,,,,2023-10-03T01:24:09.171Z,False,False,False,368.7068,,Tex. 42nd Jud. Dist. Ct.,Texas 42nd Judicial District Court,http://www.taylorcountytexas.org/index.aspx?NID=208,,,ST,,State Trial
texdistct44,texdistct,,,,,,2023-10-03T01:24:09.183Z,False,False,False,368.7069,,Tex. 43rd Jud. Dist. Ct.,Texas 43rd Judicial District Court,http://parkercountytx.com/,,,ST,,State Trial
texdistct45,texdistct,,,,,,2023-10-03T01:24:09.199Z,False,False,False,368.707,,Tex. 44th Jud. Dist. Ct.,Texas 44th Judicial District Court,http://www.dallascounty.org/government/courts/civil_district/44th/,,,ST,,State Trial
texdistct46,texdistct,,,,,,2023-10-03T01:24:09.205Z,False,False,False,368.7071,,Tex. 45th Jud. Dist. Ct.,Texas 45th Judicial District Court,http://www.bexar.org/Judges/DistrictCourt45.html,,,ST,,State Trial
texdistct47,texdistct,,,,,,2023-10-03T01:24:09.218Z,False,False,False,368.7072,,Tex. 46th Jud. Dist. Ct.,Texas 46th Judicial District Court,http://www.co.wilbarger.tx.us/,,,ST,,State Trial
texdistct48,texdistct,,,,,,2023-10-03T01:24:09.235Z,False,False,False,368.7073,,Tex. 47th Jud. Dist. Ct.,Texas 47th Judicial District Court,http://www.randallcounty.org/dcourt/default.htm,,,ST,,State Trial
texdistct49,texdistct,,,,,,2023-10-03T01:24:09.252Z,False,False,False,368.7074,,Tex. 48th Jud. Dist. Ct.,Texas 48th Judicial District Court,http://access.tarrantcounty.com/en/civil-courts/district-courts/48th-district-court.html,,,ST,,State Trial
texdistct50,texdistct,,,,,,2023-10-03T01:24:09.259Z,False,False,False,368.7075,,Tex. 49th Jud. Dist. Ct.,Texas 49th Judicial District Court,http://www.webbcountytx.gov/,,,ST,,State Trial
texdistct51,texdistct,,,,,,2023-10-03T01:24:09.279Z,False,False,False,368.7076,,Tex. 50th Jud. Dist. Ct.,Texas 50th Judicial District Court,,,,ST,,State Trial
texdistct52,texdistct,,,,,,2023-10-03T01:24:09.295Z,False,False,False,368.7077,,Tex. 51st Jud. Dist. Ct.,Texas 51st Judicial District Court,https://www.co.schleicher.tx.us/page/schleicher.District.Judge,,,ST,,State Trial
texdistct53,texdistct,,,,,,2023-10-03T01:24:09.311Z,False,False,False,368.7078,,Tex. 52nd Jud. Dist. Ct.,Texas 52nd Judicial District Court,http://www.coryellcounty.org/government/district-court,,,ST,,State Trial
texdistct54,texdistct,,,,,,2023-10-03T01:24:09.327Z,False,False,False,368.7079,,Tex. 53rd Jud. Dist. Ct.,Texas 53rd Judicial District Court,https://www.traviscountytx.gov/courts/civil/district/53,,,ST,,State Trial
texdistct55,texdistct,,,,,,2023-10-03T01:24:09.339Z,False,False,False,368.708,,Tex. 54th Jud. Dist. Ct.,Texas 54th Judicial District Court,http://www.co.mclennan.tx.us/427/54th-District-Court,,,ST,,State Trial
texdistct56,texdistct,,,,,,2023-10-03T01:24:09.355Z,False,False,False,368.7081,,Tex. 55th Jud. Dist. Ct.,Texas 55th Judicial District Court,https://www.justex.net/Courts/Civil/CivilCourt.aspx?crt=2,,,ST,,State Trial
texdistct57,texdistct,,,,,,2023-10-03T01:24:09.371Z,False,False,False,368.7082,,Tex. 56th Jud. Dist. Ct.,Texas 56th Judicial District Court,http://www.galvestoncountytx.gov/jd/jd2/Pages/default.aspx,,,ST,,State Trial
texdistct58,texdistct,,,,,,2023-10-03T01:24:09.383Z,False,False,False,368.7083,,Tex. 57th Jud. Dist. Ct.,Texas 57th Judicial District Court,http://www.bexar.org/Judges/DistrictCourt57.html,,,ST,,State Trial
texdistct59,texdistct,,,,,,2023-10-03T01:24:09.399Z,False,False,False,368.7084,,Tex. 58th Jud. Dist. Ct.,Texas 58th Judicial District Court,http://www.co.jefferson.tx.us/distcrts/58th.htm,,,ST,,State Trial
texdistct60,texdistct,,,,,,2023-10-03T01:24:09.415Z,False,False,False,368.7085,,Tex. 59th Jud. Dist. Ct.,Texas 59th Judicial District Court,http://www.co.grayson.tx.us/default.aspx?name=court59.home,,,ST,,State Trial
texdistct61,texdistct,,,,,,2023-10-03T01:24:09.431Z,False,False,False,368.7086,,Tex. 60th Jud. Dist. Ct.,Texas 60th Judicial District Court,http://www.co.jefferson.tx.us/distcrts/60th.htm,,,ST,,State Trial
texdistct62,texdistct,,,,,,2023-10-03T01:24:09.451Z,False,False,False,368.7087,,Tex. 61st Jud. Dist. Ct.,Texas 61st Judicial District Court,https://www.justex.net/Courts/Civil/CivilCourt.aspx?crt=3,,,ST,,State Trial
texdistct63,texdistct,,,,,,2023-10-03T01:24:09.467Z,False,False,False,368.7088,,Tex. 62nd Jud. Dist. Ct.,Texas 62nd Judicial District Court,http://www.co.lamar.tx.us/default.aspx?Lamar_County/62nd,,,ST,,State Trial
texdistct64,texdistct,,,,,,2023-10-03T01:24:09.487Z,False,False,False,368.7089,,Tex. 63rd Jud. Dist. Ct.,Texas 63rd Judicial District Court,http://valverdecounty.texas.gov/163/63rd-District-Court,,,ST,,State Trial
texdistct65,texdistct,,,,,,2023-10-03T01:24:09.496Z,False,False,False,368.709,,Tex. 64th Jud. Dist. Ct.,Texas 64th Judicial District Court,http://www.halecounty.org,,,ST,,State Trial
texdistct66,texdistct,,,,,,2023-10-03T01:24:09.515Z,False,False,False,368.7091,,Tex. 65th Jud. Dist. Ct.,Texas 65th Judicial District Court,http://www.epcounty.com/courts/directory.htm,,,ST,,State Trial
texdistct67,texdistct,,,,,,2023-10-03T01:24:09.523Z,False,False,False,368.7092,,Tex. 66th Jud. Dist. Ct.,Texas 66th Judicial District Court,http://www.co.hill.tx.us/default.aspx?Hill_County/District.Court,,,ST,,State Trial
texdistct68,texdistct,,,,,,2023-10-03T01:24:09.533Z,False,False,False,368.7093,,Tex. 67th Jud. Dist. Ct.,Texas 67th Judicial District Court,https://www.tarrantcounty.com/en/civil-courts/district-courts/67th-district-court.html,,,ST,,State Trial
texdistct69,texdistct,,,,,,2023-10-03T01:24:09.540Z,False,False,False,368.7094,,Tex. 68th Jud. Dist. Ct.,Texas 68th Judicial District Court,http://www.dallascounty.org/government/courts/civil_district/68th/,,,ST,,State Trial
texdistct70,texdistct,,,,,,2023-10-03T01:24:09.546Z,False,False,False,368.7095,,Tex. 69th Jud. Dist. Ct.,Texas 69th Judicial District Court,http://www.co.moore.tx.us/default.aspx?Moore_County/District.Court,,,ST,,State Trial
texdistct71,texdistct,,,,,,2023-10-03T01:24:09.552Z,False,False,False,368.7096,,Tex. 70th Jud. Dist. Ct.,Texas 70th Judicial District Court,http://www.co.ector.tx.us/default.aspx?Ector_County/District.Court,,,ST,,State Trial
texdistct72,texdistct,,,,,,2023-10-03T01:24:09.558Z,False,False,False,368.7097,,Tex. 71st Jud. Dist. Ct.,Texas 71st Judicial District Court,http://www.co.harrison.tx.us,,,ST,,State Trial
texdistct73,texdistct,,,,,,2023-10-03T01:24:09.576Z,False,False,False,368.7098,,Tex. 72nd Jud. Dist. Ct.,Texas 72nd Judicial District Court,http://www.co.lubbock.tx.us/department/division.php?fDD=10-42,,,ST,,State Trial
texdistct74,texdistct,,,,,,2023-10-03T01:24:09.591Z,False,False,False,368.7099,,Tex. 73rd Jud. Dist. Ct.,Texas 73rd Judicial District Court,http://www.bexar.org/judges/districtcourt73.html,,,ST,,State Trial
texdistct75,texdistct,,,,,,2023-10-03T01:24:09.599Z,False,False,False,368.71,,Tex. 74th Jud. Dist. Ct.,Texas 74th Judicial District Court,http://www.co.mclennan.tx.us/distjudges/74thcourt.aspx,,,ST,,State Trial
texdistct76,texdistct,,,,,,2023-10-03T01:24:09.610Z,False,False,False,368.7101,,Tex. 75th Jud. Dist. Ct.,Texas 75th Judicial District Court,http://www.co.liberty.tx.us/default.aspx?Liberty_County/75th,,,ST,,State Trial
texdistct77,texdistct,,,,,,2023-10-03T01:24:09.623Z,False,False,False,368.7102,,Tex. 76th Jud. Dist. Ct.,Texas 76th Judicial District Court,http://www.co.titus.tx.us/,,,ST,,State Trial
texdistct78,texdistct,,,,,,2023-10-03T01:24:09.633Z,False,False,False,368.7103,,Tex. 77th Jud. Dist. Ct.,Texas 77th Judicial District Court,http://www.co.limestone.tx.us/default.aspx?Limestone_County/77th,,,ST,,State Trial
texdistct79,texdistct,,,,,,2023-10-03T01:24:09.644Z,False,False,False,368.7104,,Tex. 78th Jud. Dist. Ct.,Texas 78th Judicial District Court,https://wichitacountytx.com/locations/78th-district-court/,,,ST,,State Trial
texdistct80,texdistct,,,,,,2023-10-03T01:24:09.652Z,False,False,False,368.7105,,Tex. 79th Jud. Dist. Ct.,Texas 79th Judicial District Court,http://www.co.jim-wells.tx.us/default.aspx?name=co.district.judge,,,ST,,State Trial
texdistct81,texdistct,,,,,,2023-10-03T01:24:09.658Z,False,False,False,368.7106,,Tex. 80th Jud. Dist. Ct.,Texas 80th Judicial District Court,https://www.justex.net/Courts/Civil/CivilCourt.aspx?crt=4,,,ST,,State Trial
texdistct82,texdistct,,,,,,2023-10-03T01:24:09.664Z,False,False,False,368.7107,,Tex. 81st Jud. Dist. Ct.,Texas 81st Judicial District Court,http://www.81st-218thdistrictcourt.org/,,,ST,,State Trial
texdistct83,texdistct,,,,,,2023-10-03T01:24:09.675Z,False,False,False,368.7108,,Tex. 82nd Jud. Dist. Ct.,Texas 82nd Judicial District Court,,,,ST,,State Trial
texdistct84,texdistct,,,,,,2023-10-03T01:24:09.686Z,False,False,False,368.7109,,Tex. 83rd Jud. Dist. Ct.,Texas 83rd Judicial District Court,http://www.valverdecounty.org/83rd_Court.html,,,ST,,State Trial
texdistct85,texdistct,,,,,,2023-10-03T01:24:09.694Z,False,False,False,368.711,,Tex. 84th Jud. Dist. Ct.,Texas 84th Judicial District Court,https://84thcourt.com/,,,ST,,State Trial
texdistct86,texdistct,,,,,,2023-10-03T01:24:09.700Z,False,False,False,368.7111,,Tex. 85th Jud. Dist. Ct.,Texas 85th Judicial District Court,http://www.brazoscountytx.gov/index.aspx?nid=135,,,ST,,State Trial
texdistct87,texdistct,,,,,,2023-10-03T01:24:09.706Z,False,False,False,368.7112,,Tex. 86th Jud. Dist. Ct.,Texas 86th Judicial District Court,http://www.kaufmancounty.net/districtjudge.htm,,,ST,,State Trial
texdistct88,texdistct,,,,,,2023-10-03T01:24:09.719Z,False,False,False,368.7113,,Tex. 87th Jud. Dist. Ct.,Texas 87th Judicial District Court,http://www.co.anderson.tx.us/default.aspx?Anderson_County/87thDC,,,ST,,State Trial
texdistct89,texdistct,,,,,,2023-10-03T01:24:09.728Z,False,False,False,368.7114,,Tex. 88th Jud. Dist. Ct.,Texas 88th Judicial District Court,http://www.co.tyler.tx.us/,,,ST,,State Trial
texdistct90,texdistct,,,,,,2023-10-03T01:24:09.739Z,False,False,False,368.7115,,Tex. 89th Jud. Dist. Ct.,Texas 89th Judicial District Court,https://wichitacountytx.com/locations/89th-district-court/,,,ST,,State Trial
texdistct91,texdistct,,,,,,2023-10-03T01:24:09.755Z,False,False,False,368.7116,,Tex. 90th Jud. Dist. Ct.,Texas 90th Judicial District Court,http://www.co.young.tx.us/default.aspx?Young_County/District.Court,,,ST,,State Trial
texdistct92,texdistct,,,,,,2023-10-03T01:24:09.771Z,False,False,False,368.7117,,Tex. 91st Jud. Dist. Ct.,Texas 91st Judicial District Court,http://www.eastlandcountytexas.com/default.aspx?Eastland_County/District.Court,,,ST,,State Trial
texdistct93,texdistct,,,,,,2023-10-03T01:24:09.789Z,False,False,False,368.7118,,Tex. 92nd Jud. Dist. Ct.,Texas 92nd Judicial District Court,http://www.co.hidalgo.tx.us/index.aspx?nid=210,,,ST,,State Trial
texdistct94,texdistct,,,,,,2023-10-03T01:24:09.803Z,False,False,False,368.7119,,Tex. 93rd Jud. Dist. Ct.,Texas 93rd Judicial District Court,http://www.co.hidalgo.tx.us/index.aspx?nid=228,,,ST,,State Trial
texdistct95,texdistct,,,,,,2023-10-03T01:24:09.815Z,False,False,False,368.712,,Tex. 94th Jud. Dist. Ct.,Texas 94th Judicial District Court,https://www.nuecesco.com/courts/district-courts/94th-district-court-c,,,ST,,State Trial
texdistct96,texdistct,,,,,,2023-10-03T01:24:09.831Z,False,False,False,368.7121,,Tex. 95th Jud. Dist. Ct.,Texas 95th Judicial District Court,http://www.dallascounty.org/government/courts/civil_district/95th/,,,ST,,State Trial
texdistct97,texdistct,,,,,,2023-10-03T01:24:09.843Z,False,False,False,368.7122,,Tex. 96th Jud. Dist. Ct.,Texas 96th Judicial District Court,http://access.tarrantcounty.com/en/civil-courts/district-courts/96th-district-court.html,,,ST,,State Trial
texdistct98,texdistct,,,,,,2023-10-03T01:24:09.859Z,False,False,False,368.7123,,Tex. 97th Jud. Dist. Ct.,Texas 97th Judicial District Court,http://www.97thdistrictcourt.com,,,ST,,State Trial
texdistct99,texdistct,,,,,,2023-10-03T01:24:09.874Z,False,False,False,368.7124,,Tex. 98th Jud. Dist. Ct.,Texas 98th Judicial District Court,https://www.traviscountytx.gov/courts/civil/district/98,,,ST,,State Trial
texdistct100,texdistct,,,,,,2023-10-03T01:24:09.891Z,False,False,False,368.7125,,Tex. 99th Jud. Dist. Ct.,Texas 99th Judicial District Court,http://www.co.lubbock.tx.us/department/division.php?fDD=10-43,,,ST,,State Trial
texdistct101,texdistct,,,,,,2023-10-03T01:24:09.898Z,False,False,False,368.7126,,Tex. 100th Jud. Dist. Ct.,Texas 100th Judicial District Court,http://www.co.donley.tx.us/default.aspx?Donley_County/District.Court,,,ST,,State Trial
texdistct102,texdistct,,,,,,2023-10-03T01:24:09.905Z,False,False,False,368.7127,,Tex. 101st Jud. Dist. Ct.,Texas 101st Judicial District Court,http://www.dallascounty.org/government/courts/civil_district/101st/,,,ST,,State Trial
texdistct103,texdistct,,,,,,2023-10-03T01:24:09.915Z,False,False,False,368.7128,,Tex. 102nd Jud. Dist. Ct.,Texas 102nd Judicial District Court,http://www.co.bowie.tx.us/page/bowie.102ndDistrictCourt,,,ST,,State Trial
texdistct104,texdistct,,,,,,2023-10-03T01:24:09.935Z,False,False,False,368.7129,,Tex. 103rd Jud. Dist. Ct.,Texas 103rd Judicial District Court,https://www.cameroncounty.us/district-courts/,,,ST,,State Trial
texdistct105,texdistct,,,,,,2023-10-03T01:24:09.946Z,False,False,False,368.713,,Tex. 104th Jud. Dist. Ct.,Texas 104th Judicial District Court,http://tx-taylorcounty.civicplus.com/index.aspx?nid=209,,,ST,,State Trial
texdistct106,texdistct,,,,,,2023-10-03T01:24:09.955Z,False,False,False,368.7131,,Tex. 105th Jud. Dist. Ct.,Texas 105th Judicial District Court,http://www.co.kleberg.tx.us/default.aspx?Kleberg_County/District.Court,,,ST,,State Trial
texdistct107,texdistct,,,,,,2023-10-03T01:24:09.967Z,False,False,False,368.7132,,Tex. 106th Jud. Dist. Ct.,Texas 106th Judicial District Court,http://www.co.dawson.tx.us/default.aspx?Dawson_County/District.Court,,,ST,,State Trial
texdistct108,texdistct,,,,,,2023-10-03T01:24:09.978Z,False,False,False,368.7133,,Tex. 107th Jud. Dist. Ct.,Texas 107th Judicial District Court,https://www.cameroncounty.us/district-courts/,,,ST,,State Trial
texdistct109,texdistct,,,,,,2023-10-03T01:24:10.001Z,False,False,False,368.7134,,Tex. 108th Jud. Dist. Ct.,Texas 108th Judicial District Court,http://www.co.potter.tx.us/default.aspx?Potter_County/District.Court.108,,,ST,,State Trial
texdistct110,texdistct,,,,,,2023-10-03T01:24:10.012Z,False,False,False,368.7135,,Tex. 109th Jud. Dist. Ct.,Texas 109th Judicial District Court,http://www.co.andrews.tx.us/departments/district_judge.php,,,ST,,State Trial
texdistct111,texdistct,,,,,,2023-10-03T01:24:10.029Z,False,False,False,368.7136,,Tex. 110th Jud. Dist. Ct.,Texas 110th Judicial District Court,http://www.floydcountytexas.us/Officials/Dist_Judge.htm,,,ST,,State Trial
texdistct112,texdistct,,,,,,2023-10-03T01:24:10.040Z,False,False,False,368.7137,,Tex. 111th Jud. Dist. Ct.,Texas 111th Judicial District Court,http://www.webbcountytx.gov/,,,ST,,State Trial
texdistct113,texdistct,,,,,,2023-10-03T01:24:10.050Z,False,False,False,368.7138,,Tex. 112th Jud. Dist. Ct.,Texas 112th Judicial District Court,http://www.co.crockett.tx.us/default.aspx?Crockett_County/District.Clerk,,,ST,,State Trial
texdistct114,texdistct,,,,,,2023-10-03T01:24:10.065Z,False,False,False,368.7139,,Tex. 113th Jud. Dist. Ct.,Texas 113th Judicial District Court,https://www.justex.net/Courts/Civil/CivilCourt.aspx?crt=5,,,ST,,State Trial
texdistct115,texdistct,,,,,,2023-10-03T01:24:10.075Z,False,False,False,368.714,,Tex. 114th Jud. Dist. Ct.,Texas 114th Judicial District Court,http://www.smith-county.com/,,,ST,,State Trial
texdistct116,texdistct,,,,,,2023-10-03T01:24:10.084Z,False,False,False,368.7141,,Tex. 115th Jud. Dist. Ct.,Texas 115th Judicial District Court,http://www.countyofupshur.com/Departments/115th_district_court.htm,,,ST,,State Trial
texdistct117,texdistct,,,,,,2023-10-03T01:24:10.096Z,False,False,False,368.7142,,Tex. 116th Jud. Dist. Ct.,Texas 116th Judicial District Court,http://www.dallascounty.org/government/courts/civil_district/116th/,,,ST,,State Trial
texdistct118,texdistct,,,,,,2023-10-03T01:24:10.104Z,False,False,False,368.7143,,Tex. 117th Jud. Dist. Ct.,Texas 117th Judicial District Court,https://www.nuecesco.com/courts/district-courts/117th-district-court-b,,,ST,,State Trial
texdistct119,texdistct,,,,,,2023-10-03T01:24:10.115Z,False,False,False,368.7144,,Tex. 118th Jud. Dist. Ct.,Texas 118th Judicial District Court,http://www.co.howard.tx.us/default.aspx?Howard_County/District.Court,,,ST,,State Trial
texdistct120,texdistct,,,,,,2023-10-03T01:24:10.127Z,False,False,False,368.7145,,Tex. 119th Jud. Dist. Ct.,Texas 119th Judicial District Court,http://www.co.tom-green.tx.us/default.aspx?Tom-Green_County/District.Court,,,ST,,State Trial
texdistct121,texdistct,,,,,,2023-10-03T01:24:10.136Z,False,False,False,368.7146,,Tex. 120th Jud. Dist. Ct.,Texas 120th Judicial District Court,http://www.epcounty.com/courts/directory.htm,,,ST,,State Trial
texdistct122,texdistct,,,,,,2023-10-03T01:24:10.147Z,False,False,False,368.7147,,Tex. 121st Jud. Dist. Ct.,Texas 121st Judicial District Court,http://www.co.terry.tx.us/default.aspx?Terry_County/District.Court,,,ST,,State Trial
texdistct123,texdistct,,,,,,2023-10-03T01:24:10.159Z,False,False,False,368.7148,,Tex. 122nd Jud. Dist. Ct.,Texas 122nd Judicial District Court,http://www.galvestoncountytx.gov/jd/jd3/Pages/default.aspx,,,ST,,State Trial
texdistct124,texdistct,,,,,,2023-10-03T01:24:10.168Z,False,False,False,368.7149,,Tex. 123rd Jud. Dist. Ct.,Texas 123rd Judicial District Court,http://www.co.panola.tx.us/default.aspx?Panola_County/District.Court,,,ST,,State Trial
texdistct125,texdistct,,,,,,2023-10-03T01:24:10.177Z,False,False,False,368.715,,Tex. 124th Jud. Dist. Ct.,Texas 124th Judicial District Court,http://www.co.gregg.tx.us/124th-district-court,,,ST,,State Trial
texdistct126,texdistct,,,,,,2023-10-03T01:24:10.187Z,False,False,False,368.7151,,Tex. 125th Jud. Dist. Ct.,Texas 125th Judicial District Court,http://www.justex.net/,,,ST,,State Trial
texdistct127,texdistct,,,,,,2023-10-03T01:24:10.196Z,False,False,False,368.7152,,Tex. 126th Jud. Dist. Ct.,Texas 126th Judicial District Court,https://www.traviscountytx.gov/courts/civil/district/126,,,ST,,State Trial
texdistct128,texdistct,,,,,,2023-10-03T01:24:10.202Z,False,False,False,368.7153,,Tex. 127th Jud. Dist. Ct.,Texas 127th Judicial District Court,https://www.justex.net/Courts/Civil/CivilCourt.aspx?crt=7,,,ST,,State Trial
texdistct129,texdistct,,,,,,2023-10-03T01:24:10.215Z,False,False,False,368.7154,,Tex. 128th Jud. Dist. Ct.,Texas 128th Judicial District Court,http://www.co.orange.tx.us/128th_District_Judge.html,,,ST,,State Trial
texdistct130,texdistct,,,,,,2023-10-03T01:24:10.224Z,False,False,False,368.7155,,Tex. 129th Jud. Dist. Ct.,Texas 129th Judicial District Court,https://www.justex.net/Courts/Civil/CivilCourt.aspx?crt=8,,,ST,,State Trial
texdistct131,texdistct,,,,,,2023-10-03T01:24:10.231Z,False,False,False,368.7156,,Tex. 130th Jud. Dist. Ct.,Texas 130th Judicial District Court,http://www.co.matagorda.tx.us/default.aspx?Matagorda_County/130th,,,ST,,State Trial
texdistct132,texdistct,,,,,,2023-10-03T01:24:10.242Z,False,False,False,368.7157,,Tex. 131st Jud. Dist. Ct.,Texas 131st Judicial District Court,http://www.bexar.org/1781/131st-civil-district-court,,,ST,,State Trial
texdistct133,texdistct,,,,,,2023-10-03T01:24:10.251Z,False,False,False,368.7158,,Tex. 132nd Jud. Dist. Ct.,Texas 132nd Judicial District Court,http://www.co.scurry.tx.us/default.aspx?Scurry_County/District.Clerk,,,ST,,State Trial
texdistct134,texdistct,,,,,,2023-10-03T01:24:10.263Z,False,False,False,368.7159,,Tex. 133rd Jud. Dist. Ct.,Texas 133rd Judicial District Court,http://www.justex.net/,,,ST,,State Trial
texdistct135,texdistct,,,,,,2023-10-03T01:24:10.279Z,False,False,False,368.716,,Tex. 134th Jud. Dist. Ct.,Texas 134th Judicial District Court,http://www.dallascounty.org/government/courts/civil_district/134th/,,,ST,,State Trial
texdistct136,texdistct,,,,,,2023-10-03T01:24:10.290Z,False,False,False,368.7161,,Tex. 135th Jud. Dist. Ct.,Texas 135th Judicial District Court,http://www.victoriacountytx.org/index.php/en/county-directory,,,ST,,State Trial
texdistct137,texdistct,,,,,,2023-10-03T01:24:10.307Z,False,False,False,368.7162,,Tex. 136th Jud. Dist. Ct.,Texas 136th Judicial District Court,http://www.co.jefferson.tx.us/distcrts/136th.htm,,,ST,,State Trial
texdistct138,texdistct,,,,,,2023-10-03T01:24:10.323Z,False,False,False,368.7163,,Tex. 137th Jud. Dist. Ct.,Texas 137th Judicial District Court,http://www.co.lubbock.tx.us/department/division.php?fDD=10-44,,,ST,,State Trial
texdistct139,texdistct,,,,,,2023-10-03T01:24:10.335Z,False,False,False,368.7164,,Tex. 138th Jud. Dist. Ct.,Texas 138th Judicial District Court,https://www.cameroncounty.tx.gov/Justice/courts/DistrictCourts/138,,,ST,,State Trial
texdistct140,texdistct,,,,,,2023-10-03T01:24:10.349Z,False,False,False,368.7165,,Tex. 139th Jud. Dist. Ct.,Texas 139th Judicial District Court,http://www.co.hidalgo.tx.us/index.aspx?nid=232,,,ST,,State Trial
texdistct141,texdistct,,,,,,2023-10-03T01:24:10.368Z,False,False,False,368.7166,,Tex. 140th Jud. Dist. Ct.,Texas 140th Judicial District Court,https://www.co.lubbock.tx.us/topic/index.php?topicid=6&structureid=208,,,ST,,State Trial
texdistct142,texdistct,,,,,,2023-10-03T01:24:10.383Z,False,False,False,368.7167,,Tex. 141st Jud. Dist. Ct.,Texas 141st Judicial District Court,http://access.tarrantcounty.com/en/civil-courts/district-courts/141st-district-court.html,,,ST,,State Trial
texdistct143,texdistct,,,,,,2023-10-03T01:24:10.399Z,False,False,False,368.7168,,Tex. 142nd Jud. Dist. Ct.,Texas 142nd Judicial District Court,https://www.co.midland.tx.us/264/142nd-District-Court,,,ST,,State Trial
texdistct144,texdistct,,,,,,2023-10-03T01:24:10.415Z,False,False,False,368.7169,,Tex. 143rd Jud. Dist. Ct.,Texas 143rd Judicial District Court,http://www.co.ward.tx.us/default.aspx?Ward_County/District.Court,,,ST,,State Trial
texdistct145,texdistct,,,,,,2023-10-03T01:24:10.426Z,False,False,False,368.717,,Tex. 144th Jud. Dist. Ct.,Texas 144th Judicial District Court,http://www.bexar.org/judges/DistrictCourt144.html,,,ST,,State Trial
texdistct146,texdistct,,,,,,2023-10-03T01:24:10.451Z,False,False,False,368.7171,,Tex. 145th Jud. Dist. Ct.,Texas 145th Judicial District Court,http://www.co.nacogdoches.tx.us/districtcourt/145_district_court.asp,,,ST,,State Trial
texdistct147,texdistct,,,,,,2023-10-03T01:24:10.467Z,False,False,False,368.7172,,Tex. 146th Jud. Dist. Ct.,Texas 146th Judicial District Court,http://www.bellcountytx.com/county_government/district_courts/146th_district_court/index.php,,,ST,,State Trial
texdistct148,texdistct,,,,,,2023-10-03T01:24:10.480Z,False,False,False,368.7173,,Tex. 147th Jud. Dist. Ct.,Texas 147th Judicial District Court,https://www.traviscountytx.gov/courts/criminal/district/147,,,ST,,State Trial
texdistct149,texdistct,,,,,,2023-10-03T01:24:10.499Z,False,False,False,368.7174,,Tex. 148th Jud. Dist. Ct.,Texas 148th Judicial District Court,https://www.nuecesco.com/courts/district-courts/148th-district-court-e,,,ST,,State Trial
texdistct150,texdistct,,,,,,2023-10-03T01:24:10.513Z,False,False,False,368.7175,,Tex. 149th Jud. Dist. Ct.,Texas 149th Judicial District Court,https://brazoriacountytx.gov/departments/all-courts/district-court/149th-district-court,,,ST,,State Trial
texdistct151,texdistct,,,,,,2023-10-03T01:24:10.531Z,False,False,False,368.7176,,Tex. 150th Jud. Dist. Ct.,Texas 150th Judicial District Court,http://www.bexar.org/judges/DistrictCourt150.html,,,ST,,State Trial
texdistct152,texdistct,,,,,,2023-10-03T01:24:10.542Z,False,False,False,368.7177,,Tex. 151st Jud. Dist. Ct.,Texas 151st Judicial District Court,https://www.justex.net/Courts/Civil/CivilCourt.aspx?crt=10,,,ST,,State Trial
texdistct153,texdistct,,,,,,2023-10-03T01:24:10.549Z,False,False,False,368.7178,,Tex. 152nd Jud. Dist. Ct.,Texas 152nd Judicial District Court,https://www.justex.net/Courts/Civil/CivilCourt.aspx?crt=11,,,ST,,State Trial
texdistct154,texdistct,,,,,,2023-10-03T01:24:10.556Z,False,False,False,368.7179,,Tex. 153rd Jud. Dist. Ct.,Texas 153rd Judicial District Court,http://access.tarrantcounty.com/en/civil-courts/district-courts/153rd-district-court.html,,,ST,,State Trial
texdistct155,texdistct,,,,,,2023-10-03T01:24:10.562Z,False,False,False,368.718,,Tex. 154th Jud. Dist. Ct.,Texas 154th Judicial District Court,http://www.co.lamb.tx.us/default.aspx?Lamb_County/District.Court,,,ST,,State Trial
texdistct156,texdistct,,,,,,2023-10-03T01:24:10.570Z,False,False,False,368.7181,,Tex. 155th Jud. Dist. Ct.,Texas 155th Judicial District Court,http://www.155discttx.com/,,,ST,,State Trial
texdistct157,texdistct,,,,,,2023-10-03T01:24:10.579Z,False,False,False,368.7182,,Tex. 156th Jud. Dist. Ct.,Texas 156th Judicial District Court,http://www.co.san-patricio.tx.us/default.aspx?San-Patricio_County/District.Court,,,ST,,State Trial
texdistct158,texdistct,,,,,,2023-10-03T01:24:10.599Z,False,False,False,368.7183,,Tex. 157th Jud. Dist. Ct.,Texas 157th Judicial District Court,http://www.justex.net/,,,ST,,State Trial
texdistct159,texdistct,,,,,,2023-10-03T01:24:10.615Z,False,False,False,368.7184,,Tex. 158th Jud. Dist. Ct.,Texas 158th Judicial District Court,https://www.dentoncounty.gov/530/158th-District-Court,,,ST,,State Trial
texdistct160,texdistct,,,,,,2023-10-03T01:24:10.631Z,False,False,False,368.7185,,Tex. 159th Jud. Dist. Ct.,Texas 159th Judicial District Court,http://www.angelinacounty.net/dist159/,,,ST,,State Trial
texdistct161,texdistct,,,,,,2023-10-03T01:24:10.647Z,False,False,False,368.7186,,Tex. 160th Jud. Dist. Ct.,Texas 160th Judicial District Court,http://www.dallascounty.org/government/courts/civil_district/160th/,,,ST,,State Trial
texdistct162,texdistct,,,,,,2023-10-03T01:24:10.663Z,False,False,False,368.7187,,Tex. 161st Jud. Dist. Ct.,Texas 161st Judicial District Court,http://www.co.ector.tx.us/default.aspx?Ector_County/District.Court,,,ST,,State Trial
texdistct163,texdistct,,,,,,2023-10-03T01:24:10.672Z,False,False,False,368.7188,,Tex. 162nd Jud. Dist. Ct.,Texas 162nd Judicial District Court,http://www.dallascounty.org/government/courts/civil_district/162nd/,,,ST,,State Trial
texdistct164,texdistct,,,,,,2023-10-03T01:24:10.687Z,False,False,False,368.7189,,Tex. 163rd Jud. Dist. Ct.,Texas 163rd Judicial District Court,http://www.co.orange.tx.us/163rd_District_Court.html,,,ST,,State Trial
texdistct165,texdistct,,,,,,2023-10-03T01:24:10.711Z,False,False,False,368.719,,Tex. 164th Jud. Dist. Ct.,Texas 164th Judicial District Court,http://www.justex.net/Courts/Civil/CivilCourt.aspx?crt=13,,,ST,,State Trial
texdistct166,texdistct,,,,,,2023-10-03T01:24:10.727Z,False,False,False,368.7191,,Tex. 165th Jud. Dist. Ct.,Texas 165th Judicial District Court,http://www.justex.net/,,,ST,,State Trial
texdistct167,texdistct,,,,,,2023-10-03T01:24:10.743Z,False,False,False,368.7192,,Tex. 166th Jud. Dist. Ct.,Texas 166th Judicial District Court,http://www.bexar.org/judges/DistrictCourt166.html,,,ST,,State Trial
texdistct168,texdistct,,,,,,2023-10-03T01:24:10.759Z,False,False,False,368.7193,,Tex. 167th Jud. Dist. Ct.,Texas 167th Judicial District Court,https://www.traviscountytx.gov/courts/criminal/district/167,,,ST,,State Trial
texdistct169,texdistct,,,,,,2023-10-03T01:24:10.771Z,False,False,False,368.7194,,Tex. 168th Jud. Dist. Ct.,Texas 168th Judicial District Court,http://www.epcounty.com/courts/directory.htm,,,ST,,State Trial
texdistct170,texdistct,,,,,,2023-10-03T01:24:10.783Z,False,False,False,368.7195,,Tex. 169th Jud. Dist. Ct.,Texas 169th Judicial District Court,http://www.bellcountytx.com/county_government/district_courts/169th_district_court/index.php,,,ST,,State Trial
texdistct171,texdistct,,,,,,2023-10-03T01:24:10.796Z,False,False,False,368.7196,,Tex. 170th Jud. Dist. Ct.,Texas 170th Judicial District Court,http://www.co.mclennan.tx.us/distjudges/170thcourt.aspx,,,ST,,State Trial
texdistct172,texdistct,,,,,,2023-10-03T01:24:10.811Z,False,False,False,368.7197,,Tex. 171st Jud. Dist. Ct.,Texas 171st Judicial District Court,http://www.epcounty.com/courts/directory.htm,,,ST,,State Trial
texdistct173,texdistct,,,,,,2023-10-03T01:24:10.824Z,False,False,False,368.7198,,Tex. 172nd Jud. Dist. Ct.,Texas 172nd Judicial District Court,http://www.co.jefferson.tx.us,,,ST,,State Trial
texdistct174,texdistct,,,,,,2023-10-03T01:24:10.831Z,False,False,False,368.7199,,Tex. 173rd Jud. Dist. Ct.,Texas 173rd Judicial District Court,http://www.henderson-county.com/departments/courts/173rd-district-court,,,ST,,State Trial
texdistct175,texdistct,,,,,,2023-10-03T01:24:10.844Z,False,False,False,368.72,,Tex. 174th Jud. Dist. Ct.,Texas 174th Judicial District Court,http://www.justex.net/,,,ST,,State Trial
texdistct176,texdistct,,,,,,2023-10-03T01:24:10.864Z,False,False,False,368.7201,,Tex. 175th Jud. Dist. Ct.,Texas 175th Judicial District Court,http://www.bexar.org/judges/DistrictCourt175.html,,,ST,,State Trial
texdistct177,texdistct,,,,,,2023-10-03T01:24:10.873Z,False,False,False,368.7202,,Tex. 176th Jud. Dist. Ct.,Texas 176th Judicial District Court,https://www.justex.net/Courts/Criminal/CriminalCourt.aspx?crt=28,,,ST,,State Trial
texdistct178,texdistct,,,,,,2023-10-03T01:24:10.888Z,False,False,False,368.7203,,Tex. 177th Jud. Dist. Ct.,Texas 177th Judicial District Court,https://www.justex.net/Courts/Criminal/CriminalCourt.aspx?crt=29,,,ST,,State Trial
texdistct179,texdistct,,,,,,2023-10-03T01:24:10.903Z,False,False,False,368.7204,,Tex. 178th Jud. Dist. Ct.,Texas 178th Judicial District Court,http://www.justex.net/,,,ST,,State Trial
texdistct180,texdistct,,,,,,2023-10-03T01:24:10.919Z,False,False,False,368.7205,,Tex. 179th Jud. Dist. Ct.,Texas 179th Judicial District Court,http://www.justex.net/,,,ST,,State Trial
texdistct181,texdistct,,,,,,2023-10-03T01:24:10.935Z,False,False,False,368.7206,,Tex. 180th Jud. Dist. Ct.,Texas 180th Judicial District Court,http://www.justex.net/,,,ST,,State Trial
texdistct182,texdistct,,,,,,2023-10-03T01:24:10.949Z,False,False,False,368.7207,,Tex. 181st Jud. Dist. Ct.,Texas 181st Judicial District Court,http://www.co.potter.tx.us/default.aspx?Potter_County/District.Court.181,,,ST,,State Trial
texdistct183,texdistct,,,,,,2023-10-03T01:24:10.963Z,False,False,False,368.7208,,Tex. 182nd Jud. Dist. Ct.,Texas 182nd Judicial District Court,https://www.justex.net/Courts/Criminal/CriminalCourt.aspx?crt=33,,,ST,,State Trial
texdistct184,texdistct,,,,,,2023-10-03T01:24:10.979Z,False,False,False,368.7209,,Tex. 183rd Jud. Dist. Ct.,Texas 183rd Judicial District Court,https://www.justex.net/Courts/Criminal/CriminalCourt.aspx?crt=34,,,ST,,State Trial
texdistct185,texdistct,,,,,,2023-10-03T01:24:10.997Z,False,False,False,368.721,,Tex. 184th Jud. Dist. Ct.,Texas 184th Judicial District Court,https://www.justex.net/Courts/Criminal/CriminalCourt.aspx?crt=35,,,ST,,State Trial
texdistct186,texdistct,,,,,,2023-10-03T01:24:11.003Z,False,False,False,368.7211,,Tex. 185th Jud. Dist. Ct.,Texas 185th Judicial District Court,https://www.justex.net/Courts/Criminal/CriminalCourt.aspx?crt=36,,,ST,,State Trial
texdistct187,texdistct,,,,,,2023-10-03T01:24:11.015Z,False,False,False,368.7212,,Tex. 186th Jud. Dist. Ct.,Texas 186th Judicial District Court,http://www.bexar.org/judges/DistrictCourt186.html,,,ST,,State Trial
texdistct188,texdistct,,,,,,2023-10-03T01:24:11.027Z,False,False,False,368.7213,,Tex. 187th Jud. Dist. Ct.,Texas 187th Judicial District Court,http://www.bexar.org/judges/DistrictCourt187.html,,,ST,,State Trial
texdistct189,texdistct,,,,,,2023-10-03T01:24:11.039Z,False,False,False,368.7214,,Tex. 188th Jud. Dist. Ct.,Texas 188th Judicial District Court,http://www.co.gregg.tx.us/188th-district-court,,,ST,,State Trial
texdistct190,texdistct,,,,,,2023-10-03T01:24:11.050Z,False,False,False,368.7215,,Tex. 189th Jud. Dist. Ct.,Texas 189th Judicial District Court,https://www.justex.net/Courts/Civil/CivilCourt.aspx?crt=15,,,ST,,State Trial
texdistct191,texdistct,,,,,,2023-10-03T01:24:11.060Z,False,False,False,368.7216,,Tex. 190th Jud. Dist. Ct.,Texas 190th Judicial District Court,http://www.justex.net/,,,ST,,State Trial
texdistct192,texdistct,,,,,,2023-10-03T01:24:11.075Z,False,False,False,368.7217,,Tex. 191st Jud. Dist. Ct.,Texas 191st Judicial District Court,http://www.dallascounty.org/government/courts/civil_district/191st/,,,ST,,State Trial
texdistct193,texdistct,,,,,,2023-10-03T01:24:11.085Z,False,False,False,368.7218,,Tex. 192nd Jud. Dist. Ct.,Texas 192nd Judicial District Court,http://www.dallascounty.org/government/courts/civil_district/192nd/,,,ST,,State Trial
texdistct194,texdistct,,,,,,2023-10-03T01:24:11.091Z,False,False,False,368.7219,,Tex. 193rd Jud. Dist. Ct.,Texas 193rd Judicial District Court,http://www.dallascounty.org/government/courts/civil_district/193rd/,,,ST,,State Trial
texdistct195,texdistct,,,,,,2023-10-03T01:24:11.103Z,False,False,False,368.722,,Tex. 194th Jud. Dist. Ct.,Texas 194th Judicial District Court,http://www.dallascounty.org/government/courts/criminal_district/194th/,,,ST,,State Trial
texdistct196,texdistct,,,,,,2023-10-03T01:24:11.115Z,False,False,False,368.7221,,Tex. 195th Jud. Dist. Ct.,Texas 195th Judicial District Court,http://www.dallascounty.org/government/courts/criminal_district/195th/,,,ST,,State Trial
texdistct197,texdistct,,,,,,2023-10-03T01:24:11.124Z,False,False,False,368.7222,,Tex. 196th Jud. Dist. Ct.,Texas 196th Judicial District Court,http://www.huntcounty.net/DistCourts/distcrthome.htm,,,ST,,State Trial
texdistct198,texdistct,,,,,,2023-10-03T01:24:11.131Z,False,False,False,368.7223,,Tex. 197th Jud. Dist. Ct.,Texas 197th Judicial District Court,https://www.cameroncounty.us/district-courts/,,,ST,,State Trial
texdistct199,texdistct,,,,,,2023-10-03T01:24:11.139Z,False,False,False,368.7224,,Tex. 198th Jud. Dist. Ct.,Texas 198th Judicial District Court,http://www.co.kerr.tx.us/dcourt/,,,ST,,State Trial
texdistct200,texdistct,,,,,,2023-10-03T01:24:11.146Z,False,False,False,368.7225,,Tex. 199th Jud. Dist. Ct.,Texas 199th Judicial District Court,http://www.collincountytx.gov/district_courts/Pages/199dc.aspx,,,ST,,State Trial
texdistct201,texdistct,,,,,,2023-10-03T01:24:11.163Z,False,False,False,368.7226,,Tex. 200th Jud. Dist. Ct.,Texas 200th Judicial District Court,https://www.traviscountytx.gov/courts/civil/district/200,,,ST,,State Trial
texdistct202,texdistct,,,,,,2023-10-03T01:24:11.171Z,False,False,False,368.7227,,Tex. 201st Jud. Dist. Ct.,Texas 201st Judicial District Court,https://www.traviscountytx.gov/courts/civil/district/201,,,ST,,State Trial
texdistct203,texdistct,,,,,,2023-10-03T01:24:11.178Z,False,False,False,368.7228,,Tex. 202nd Jud. Dist. Ct.,Texas 202nd Judicial District Court,http://tools.cira.state.tx.us/default.aspx?Bowie_County/202ndDistrictCourt,,,ST,,State Trial
texdistct204,texdistct,,,,,,2023-10-03T01:24:11.191Z,False,False,False,368.7229,,Tex. 203rd Jud. Dist. Ct.,Texas 203rd Judicial District Court,http://www.dallascounty.org/government/courts/criminal_district/203rd/,,,ST,,State Trial
texdistct205,texdistct,,,,,,2023-10-03T01:24:11.211Z,False,False,False,368.723,,Tex. 204th Jud. Dist. Ct.,Texas 204th Judicial District Court,http://www.dallascounty.org/government/courts/criminal_district/204th/,,,ST,,State Trial
texdistct206,texdistct,,,,,,2023-10-03T01:24:11.227Z,False,False,False,368.7231,,Tex. 205th Jud. Dist. Ct.,Texas 205th Judicial District Court,http://www.epcounty.com/courts/directory.htm,,,ST,,State Trial
texdistct207,texdistct,,,,,,2023-10-03T01:24:11.235Z,False,False,False,368.7232,,Tex. 206th Jud. Dist. Ct.,Texas 206th Judicial District Court,http://tx-hidalgocounty.civicplus.com/index.aspx?NID=240,,,ST,,State Trial
texdistct208,texdistct,,,,,,2023-10-03T01:24:11.243Z,False,False,False,368.7233,,Tex. 207th Jud. Dist. Ct.,Texas 207th Judicial District Court,http://www.co.comal.tx.us/DCT.htm,,,ST,,State Trial
texdistct209,texdistct,,,,,,2023-10-03T01:24:11.251Z,False,False,False,368.7234,,Tex. 208th Jud. Dist. Ct.,Texas 208th Judicial District Court,https://www.justex.net/Courts/Criminal/CriminalCourt.aspx?crt=37,,,ST,,State Trial
texdistct210,texdistct,,,,,,2023-10-03T01:24:11.271Z,False,False,False,368.7235,,Tex. 209th Jud. Dist. Ct.,Texas 209th Judicial District Court,https://www.justex.net/Courts/Criminal/CriminalCourt.aspx?crt=38,,,ST,,State Trial
texdistct211,texdistct,,,,,,2023-10-03T01:24:11.287Z,False,False,False,368.7236,,Tex. 210th Jud. Dist. Ct.,Texas 210th Judicial District Court,http://www.epcounty.com/courts/directory.htm,,,ST,,State Trial
texdistct212,texdistct,,,,,,2023-10-03T01:24:11.293Z,False,False,False,368.7237,,Tex. 211th Jud. Dist. Ct.,Texas 211th Judicial District Court,https://www.dentoncounty.gov/532/211th-District-Court,,,ST,,State Trial
texdistct213,texdistct,,,,,,2023-10-03T01:24:11.299Z,False,False,False,368.7238,,Tex. 212th Jud. Dist. Ct.,Texas 212th Judicial District Court,http://www.galvestoncountytx.gov/jd/jd4/pages/default.aspx,,,ST,,State Trial
texdistct214,texdistct,,,,,,2023-10-03T01:24:11.314Z,False,False,False,368.7239,,Tex. 213th Jud. Dist. Ct.,Texas 213th Judicial District Court,http://access.tarrantcounty.com/en/criminal-courts/felony-courts/213th-district-court.html,,,ST,,State Trial
texdistct215,texdistct,,,,,,2023-10-03T01:24:11.335Z,False,False,False,368.724,,Tex. 214th Jud. Dist. Ct.,Texas 214th Judicial District Court,https://www.nuecesco.com/courts/district-courts/214th-district-court-f,,,ST,,State Trial
texdistct216,texdistct,,,,,,2023-10-03T01:24:11.351Z,False,False,False,368.7241,,Tex. 215th Jud. Dist. Ct.,Texas 215th Judicial District Court,http://www.justex.net/,,,ST,,State Trial
texdistct217,texdistct,,,,,,2023-10-03T01:24:11.363Z,False,False,False,368.7242,,Tex. 216th Jud. Dist. Ct.,Texas 216th Judicial District Court,http://www.co.kerr.tx.us/dcourt/,,,ST,,State Trial
texdistct218,texdistct,,,,,,2023-10-03T01:24:11.379Z,False,False,False,368.7243,,Tex. 217th Jud. Dist. Ct.,Texas 217th Judicial District Court,http://www.angelinacounty.net/dist217/,,,ST,,State Trial
texdistct219,texdistct,,,,,,2023-10-03T01:24:11.391Z,False,False,False,368.7244,,Tex. 218th Jud. Dist. Ct.,Texas 218th Judicial District Court,http://www.81-218.txcourts.gov,,,ST,,State Trial
texdistct220,texdistct,,,,,,2023-10-03T01:24:11.401Z,False,False,False,368.7245,,Tex. 219th Jud. Dist. Ct.,Texas 219th Judicial District Court,http://www.collincountytx.gov/district_courts/Pages/219dc.aspx,,,ST,,State Trial
texdistct221,texdistct,,,,,,2023-10-03T01:24:11.423Z,False,False,False,368.7246,,Tex. 220th Jud. Dist. Ct.,Texas 220th Judicial District Court,http://www.bosquecounty.us/district-court/,,,ST,,State Trial
texdistct222,texdistct,,,,,,2023-10-03T01:24:11.434Z,False,False,False,368.7247,,Tex. 221st Jud. Dist. Ct.,Texas 221st Judicial District Court,http://www.mctx.org,,,ST,,State Trial
texdistct223,texdistct,,,,,,2023-10-03T01:24:11.440Z,False,False,False,368.7248,,Tex. 222nd Jud. Dist. Ct.,Texas 222nd Judicial District Court,http://www.co.deaf-smith.tx.us/default.aspx?Deaf-Smith_County/District.Court,,,ST,,State Trial
texdistct224,texdistct,,,,,,2023-10-03T01:24:11.447Z,False,False,False,368.7249,,Tex. 223rd Jud. Dist. Ct.,Texas 223rd Judicial District Court,https://www.223rddistrictcourt.org/,,,ST,,State Trial
texdistct225,texdistct,,,,,,2023-10-03T01:24:11.460Z,False,False,False,368.725,,Tex. 224th Jud. Dist. Ct.,Texas 224th Judicial District Court,http://www.bexar.org/judges/DistrictCourt224.html,,,ST,,State Trial
texdistct226,texdistct,,,,,,2023-10-03T01:24:11.479Z,False,False,False,368.7251,,Tex. 225th Jud. Dist. Ct.,Texas 225th Judicial District Court,http://www.bexar.org/judges/JudgeSakai.html,,,ST,,State Trial
texdistct227,texdistct,,,,,,2023-10-03T01:24:11.492Z,False,False,False,368.7252,,Tex. 226th Jud. Dist. Ct.,Texas 226th Judicial District Court,https://www.bexar.org/1790/226th-Criminal-District-Court,,,ST,,State Trial
texdistct228,texdistct,,,,,,2023-10-03T01:24:11.505Z,False,False,False,368.7253,,Tex. 227th Jud. Dist. Ct.,Texas 227th Judicial District Court,http://www.bexar.org/judges/DistrictCourt227.html,,,ST,,State Trial
texdistct229,texdistct,,,,,,2023-10-03T01:24:11.523Z,False,False,False,368.7254,,Tex. 228th Jud. Dist. Ct.,Texas 228th Judicial District Court,https://www.justex.net/Courts/Criminal/CriminalCourt.aspx?crt=39,,,ST,,State Trial
texdistct230,texdistct,,,,,,2023-10-03T01:24:11.536Z,False,False,False,368.7255,,Tex. 229th Jud. Dist. Ct.,Texas 229th Judicial District Court,http://co.starr.tx.us/default.aspx?Starr_County/229th,,,ST,,State Trial
texdistct231,texdistct,,,,,,2023-10-03T01:24:11.545Z,False,False,False,368.7256,,Tex. 230th Jud. Dist. Ct.,Texas 230th Judicial District Court,http://www.justex.net/,,,ST,,State Trial
texdistct232,texdistct,,,,,,2023-10-03T01:24:11.564Z,False,False,False,368.7257,,Tex. 231st Jud. Dist. Ct.,Texas 231st Judicial District Court,http://access.tarrantcounty.com/en/family-courts/231st-district-court.html,,,ST,,State Trial
texdistct233,texdistct,,,,,,2023-10-03T01:24:11.579Z,False,False,False,368.7258,,Tex. 232nd Jud. Dist. Ct.,Texas 232nd Judicial District Court,https://www.justex.net/Courts/Criminal/CriminalCourt.aspx?crt=41,,,ST,,State Trial
texdistct234,texdistct,,,,,,2023-10-03T01:24:11.599Z,False,False,False,368.7259,,Tex. 233rd Jud. Dist. Ct.,Texas 233rd Judicial District Court,http://access.tarrantcounty.com/en/family-courts/233rd-district-court.html,,,ST,,State Trial
texdistct235,texdistct,,,,,,2023-10-03T01:24:11.619Z,False,False,False,368.726,,Tex. 234th Jud. Dist. Ct.,Texas 234th Judicial District Court,http://www.justex.net/,,,ST,,State Trial
texdistct236,texdistct,,,,,,2023-10-03T01:24:11.639Z,False,False,False,368.7261,,Tex. 235th Jud. Dist. Ct.,Texas 235th Judicial District Court,http://www.co.cooke.tx.us/default.aspx?Cooke_County/District.Clerk,,,ST,,State Trial
texdistct237,texdistct,,,,,,2023-10-03T01:24:11.651Z,False,False,False,368.7262,,Tex. 236th Jud. Dist. Ct.,Texas 236th Judicial District Court,http://access.tarrantcounty.com/en/civil-courts/district-courts/236th-district-court.html,,,ST,,State Trial
texdistct238,texdistct,,,,,,2023-10-03T01:24:11.667Z,False,False,False,368.7263,,Tex. 237th Jud. Dist. Ct.,Texas 237th Judicial District Court,http://www.co.lubbock.tx.us/department/division.php?fDD=10-47,,,ST,,State Trial
texdistct239,texdistct,,,,,,2023-10-03T01:24:11.679Z,False,False,False,368.7264,,Tex. 238th Jud. Dist. Ct.,Texas 238th Judicial District Court,https://www.co.midland.tx.us/268/238th-District-Court,,,ST,,State Trial
texdistct240,texdistct,,,,,,2023-10-03T01:24:11.694Z,False,False,False,368.7265,,Tex. 239th Jud. Dist. Ct.,Texas 239th Judicial District Court,https://brazoriacountytx.gov/departments/all-courts/district-court/239th-district-court,,,ST,,State Trial
texdistct241,texdistct,,,,,,2023-10-03T01:24:11.707Z,False,False,False,368.7266,,Tex. 240th Jud. Dist. Ct.,Texas 240th Judicial District Court,http://www.fortbendcountytx.gov,,,ST,,State Trial
texdistct242,texdistct,,,,,,2023-10-03T01:24:11.713Z,False,False,False,368.7267,,Tex. 241st Jud. Dist. Ct.,Texas 241st Judicial District Court,http://www.smith-county.com/,,,ST,,State Trial
texdistct243,texdistct,,,,,,2023-10-03T01:24:11.719Z,False,False,False,368.7268,,Tex. 242nd Jud. Dist. Ct.,Texas 242nd Judicial District Court,http://www.242ndcourt.com/,,,ST,,State Trial
texdistct244,texdistct,,,,,,2023-10-03T01:24:11.727Z,False,False,False,368.7269,,Tex. 243rd Jud. Dist. Ct.,Texas 243rd Judicial District Court,http://www.epcounty.com/courts/directory.htm,,,ST,,State Trial
texdistct245,texdistct,,,,,,2023-10-03T01:24:11.747Z,False,False,False,368.727,,Tex. 244th Jud. Dist. Ct.,Texas 244th Judicial District Court,http://www.co.ector.tx.us/default.aspx?Ector_County/District.Court,,,ST,,State Trial
texdistct246,texdistct,,,,,,2023-10-03T01:24:11.760Z,False,False,False,368.7271,,Tex. 245th Jud. Dist. Ct.,Texas 245th Judicial District Court,http://www.justex.net/,,,ST,,State Trial
texdistct247,texdistct,,,,,,2023-10-03T01:24:11.779Z,False,False,False,368.7272,,Tex. 246th Jud. Dist. Ct.,Texas 246th Judicial District Court,http://www.justex.net/,,,ST,,State Trial
texdistct248,texdistct,,,,,,2023-10-03T01:24:11.791Z,False,False,False,368.7273,,Tex. 247th Jud. Dist. Ct.,Texas 247th Judicial District Court,https://www.justex.net/Courts/Family/FamilyCourt.aspx?crt=53,,,ST,,State Trial
texdistct249,texdistct,,,,,,2023-10-03T01:24:11.799Z,False,False,False,368.7274,,Tex. 248th Jud. Dist. Ct.,Texas 248th Judicial District Court,http://www.justex.net/,,,ST,,State Trial
texdistct250,texdistct,,,,,,2023-10-03T01:24:11.811Z,False,False,False,368.7275,,Tex. 249th Jud. Dist. Ct.,Texas 249th Judicial District Court,http://www.johnsoncountytx.org/government/district-courts/249th-district-court,,,ST,,State Trial
texdistct251,texdistct,,,,,,2023-10-03T01:24:11.831Z,False,False,False,368.7276,,Tex. 250th Jud. Dist. Ct.,Texas 250th Judicial District Court,https://www.traviscountytx.gov/courts/civil/district/250,,,ST,,State Trial
texdistct252,texdistct,,,,,,2023-10-03T01:24:11.842Z,False,False,False,368.7277,,Tex. 251st Jud. Dist. Ct.,Texas 251st Judicial District Court,http://www.co.potter.tx.us/default.aspx?Potter_County/District.Court.251,,,ST,,State Trial
texdistct253,texdistct,,,,,,2023-10-03T01:24:11.861Z,False,False,False,368.7278,,Tex. 252nd Jud. Dist. Ct.,Texas 252nd Judicial District Court,http://www.co.jefferson.tx.us/distcrts/252nd.htm,,,ST,,State Trial
texdistct254,texdistct,,,,,,2023-10-03T01:24:11.874Z,False,False,False,368.7279,,Tex. 253rd Jud. Dist. Ct.,Texas 253rd Judicial District Court,http://www.co.liberty.tx.us/default.aspx?Liberty_County/253rd,,,ST,,State Trial
texdistct255,texdistct,,,,,,2023-10-03T01:24:11.881Z,False,False,False,368.728,,Tex. 254th Jud. Dist. Ct.,Texas 254th Judicial District Court,http://www.dallascounty.org/government/courts/family_district/254th/,,,ST,,State Trial
texdistct256,texdistct,,,,,,2023-10-03T01:24:11.891Z,False,False,False,368.7281,,Tex. 255th Jud. Dist. Ct.,Texas 255th Judicial District Court,http://www.dallascounty.org/government/courts/family_district/255th/,,,ST,,State Trial
texdistct257,texdistct,,,,,,2023-10-03T01:24:11.907Z,False,False,False,368.7282,,Tex. 256th Jud. Dist. Ct.,Texas 256th Judicial District Court,http://www.dallascounty.org/government/courts/family_district/256th/,,,ST,,State Trial
texdistct258,texdistct,,,,,,2023-10-03T01:24:11.923Z,False,False,False,368.7283,,Tex. 257th Jud. Dist. Ct.,Texas 257th Judicial District Court,https://www.justex.net/Courts/Family/FamilyCourt.aspx?crt=54,,,ST,,State Trial
texdistct259,texdistct,,,,,,2023-10-03T01:24:11.939Z,False,False,False,368.7284,,Tex. 258th Jud. Dist. Ct.,Texas 258th Judicial District Court,http://www.co.polk.tx.us/default.aspx?Polk_County/District.Court258,,,ST,,State Trial
texdistct260,texdistct,,,,,,2023-10-03T01:24:11.950Z,False,False,False,368.7285,,Tex. 259th Jud. Dist. Ct.,Texas 259th Judicial District Court,http://www.co.jones.tx.us/default.aspx?Jones_County/District.Clerk,,,ST,,State Trial
texdistct261,texdistct,,,,,,2023-10-03T01:24:11.962Z,False,False,False,368.7286,,Tex. 260th Jud. Dist. Ct.,Texas 260th Judicial District Court,http://www.co.orange.tx.us/260th_District_Court.html,,,ST,,State Trial
texdistct262,texdistct,,,,,,2023-10-03T01:24:11.975Z,False,False,False,368.7287,,Tex. 261st Jud. Dist. Ct.,Texas 261st Judicial District Court,https://www.traviscountytx.gov/courts/civil/district/261,,,ST,,State Trial
texdistct263,texdistct,,,,,,2023-10-03T01:24:11.987Z,False,False,False,368.7288,,Tex. 262nd Jud. Dist. Ct.,Texas 262nd Judicial District Court,http://www.justex.net/,,,ST,,State Trial
texdistct264,texdistct,,,,,,2023-10-03T01:24:11.996Z,False,False,False,368.7289,,Tex. 263rd Jud. Dist. Ct.,Texas 263rd Judicial District Court,http://www.justex.net/,,,ST,,State Trial
texdistct265,texdistct,,,,,,2023-10-03T01:24:12.006Z,False,False,False,368.729,,Tex. 264th Jud. Dist. Ct.,Texas 264th Judicial District Court,http://www.bellcountytx.com/county_government/district_courts/264th_district_court/index.php,,,ST,,State Trial
texdistct266,texdistct,,,,,,2023-10-03T01:24:12.020Z,False,False,False,368.7291,,Tex. 265th Jud. Dist. Ct.,Texas 265th Judicial District Court,https://www.dallascounty.org/government/courts/criminal_district/265th/,,,ST,,State Trial
texdistct267,texdistct,,,,,,2023-10-03T01:24:12.026Z,False,False,False,368.7292,,Tex. 266th Jud. Dist. Ct.,Texas 266th Judicial District Court,http://co.erath.tx.us/districtcourt.html,,,ST,,State Trial
texdistct268,texdistct,,,,,,2023-10-03T01:24:12.043Z,False,False,False,368.7293,,Tex. 267th Jud. Dist. Ct.,Texas 267th Judicial District Court,http://www.victoriacountytx.org/index.php/en/county-directory,,,ST,,State Trial
texdistct269,texdistct,,,,,,2023-10-03T01:24:12.055Z,False,False,False,368.7294,,Tex. 268th Jud. Dist. Ct.,Texas 268th Judicial District Court,http://www.fortbendcountytx.gov/index.aspx?page=202,,,ST,,State Trial
texdistct270,texdistct,,,,,,2023-10-03T01:24:12.072Z,False,False,False,368.7295,,Tex. 269th Jud. Dist. Ct.,Texas 269th Judicial District Court,http://www.justex.net/,,,ST,,State Trial
texdistct271,texdistct,,,,,,2023-10-03T01:24:12.084Z,False,False,False,368.7296,,Tex. 270th Jud. Dist. Ct.,Texas 270th Judicial District Court,https://www.justex.net/Courts/Civil/CivilCourt.aspx?crt=20,,,ST,,State Trial
texdistct272,texdistct,,,,,,2023-10-03T01:24:12.095Z,False,False,False,368.7297,,Tex. 271st Jud. Dist. Ct.,Texas 271st Judicial District Court,http://www.co.wise.tx.us/DC/,,,ST,,State Trial
texdistct273,texdistct,,,,,,2023-10-03T01:24:12.111Z,False,False,False,368.7298,,Tex. 272nd Jud. Dist. Ct.,Texas 272nd Judicial District Court,http://www.brazoscountytx.gov/index.aspx?nid=135,,,ST,,State Trial
texdistct274,texdistct,,,,,,2023-10-03T01:24:12.123Z,False,False,False,368.7299,,Tex. 273rd Jud. Dist. Ct.,Texas 273rd Judicial District Court,http://www.co.san-augustine.tx.us/districtJudge.html,,,ST,,State Trial
texdistct275,texdistct,,,,,,2023-10-03T01:24:12.136Z,False,False,False,368.73,,Tex. 274th Jud. Dist. Ct.,Texas 274th Judicial District Court,http://www.co.guadalupe.tx.us/home.php?content=dist_cts/dist274,,,ST,,State Trial
texdistct276,texdistct,,,,,,2023-10-03T01:24:12.141Z,False,False,False,368.7301,,Tex. 275th Jud. Dist. Ct.,Texas 275th Judicial District Court,http://tx-hidalgocounty.civicplus.com/index.aspx?nid=241,,,ST,,State Trial
texdistct277,texdistct,,,,,,2023-10-03T01:24:12.154Z,False,False,False,368.7302,,Tex. 276th Jud. Dist. Ct.,Texas 276th Judicial District Court,http://www.co.titus.tx.us/,,,ST,,State Trial
texdistct278,texdistct,,,,,,2023-10-03T01:24:12.160Z,False,False,False,368.7303,,Tex. 277th Jud. Dist. Ct.,Texas 277th Judicial District Court,http://williamson-county.org/Elected-Officials/District-Courts/277th-District-Court,,,ST,,State Trial
texdistct279,texdistct,,,,,,2023-10-03T01:24:12.171Z,False,False,False,368.7304,,Tex. 278th Jud. Dist. Ct.,Texas 278th Judicial District Court,https://www.co.walker.tx.us/department/index.php?structureid=3,,,ST,,State Trial
texdistct280,texdistct,,,,,,2023-10-03T01:24:12.177Z,False,False,False,368.7305,,Tex. 279th Jud. Dist. Ct.,Texas 279th Judicial District Court,http://www.co.jefferson.tx.us/distcrts/279th.htm,,,ST,,State Trial
texdistct281,texdistct,,,,,,2023-10-03T01:24:12.184Z,False,False,False,368.7306,,Tex. 280th Jud. Dist. Ct.,Texas 280th Judicial District Court,https://www.justex.net/Courts/Family/FamilyCourt.aspx?crt=21,,,ST,,State Trial
texdistct282,texdistct,,,,,,2023-10-03T01:24:12.190Z,False,False,False,368.7307,,Tex. 281st Jud. Dist. Ct.,Texas 281st Judicial District Court,http://www.justex.net/,,,ST,,State Trial
texdistct283,texdistct,,,,,,2023-10-03T01:24:12.196Z,False,False,False,368.7308,,Tex. 282nd Jud. Dist. Ct.,Texas 282nd Judicial District Court,http://www.dallascounty.org/government/courts/criminal_district/282nd/,,,ST,,State Trial
texdistct284,texdistct,,,,,,2023-10-03T01:24:12.205Z,False,False,False,368.7309,,Tex. 283rd Jud. Dist. Ct.,Texas 283rd Judicial District Court,http://www.dallascounty.org/government/courts/criminal_district/283rd/,,,ST,,State Trial
texdistct285,texdistct,,,,,,2023-10-03T01:24:12.211Z,False,False,False,368.731,,Tex. 284th Jud. Dist. Ct.,Texas 284th Judicial District Court,http://www.mctx.org/departments/departments_d_-_f/district_courts/284th_district_court/index.php,,,ST,,State Trial
texdistct286,texdistct,,,,,,2023-10-03T01:24:12.223Z,False,False,False,368.7311,,Tex. 285th Jud. Dist. Ct.,Texas 285th Judicial District Court,http://www.bexar.org/judges/DistrictCourt285.html,,,ST,,State Trial
texdistct287,texdistct,,,,,,2023-10-03T01:24:12.243Z,False,False,False,368.7312,,Tex. 286th Jud. Dist. Ct.,Texas 286th Judicial District Court,http://www.co.hockley.tx.us/default.aspx?Hockley_County/District.Court,,,ST,,State Trial
texdistct288,texdistct,,,,,,2023-10-03T01:24:12.259Z,False,False,False,368.7313,,Tex. 287th Jud. Dist. Ct.,Texas 287th Judicial District Court,http://www.co.bailey.tx.us/default.aspx?Bailey_County/District.Court,,,ST,,State Trial
texdistct289,texdistct,,,,,,2023-10-03T01:24:12.279Z,False,False,False,368.7314,,Tex. 288th Jud. Dist. Ct.,Texas 288th Judicial District Court,http://www.bexar.org/judges/DistrictCourt288.html,,,ST,,State Trial
texdistct290,texdistct,,,,,,2023-10-03T01:24:12.293Z,False,False,False,368.7315,,Tex. 289th Jud. Dist. Ct.,Texas 289th Judicial District Court,https://www.bexar.org/1794/289th-Juvenile-District-Court,,,ST,,State Trial
texdistct291,texdistct,,,,,,2023-10-03T01:24:12.301Z,False,False,False,368.7316,,Tex. 290th Jud. Dist. Ct.,Texas 290th Judicial District Court,http://www.bexar.org/judges/DistrictCourt290.html,,,ST,,State Trial
texdistct292,texdistct,,,,,,2023-10-03T01:24:12.315Z,False,False,False,368.7317,,Tex. 291st Jud. Dist. Ct.,Texas 291st Judicial District Court,http://www.dallascounty.org/government/courts/criminal_district/291st/,,,ST,,State Trial
texdistct293,texdistct,,,,,,2023-10-03T01:24:12.331Z,False,False,False,368.7318,,Tex. 292nd Jud. Dist. Ct.,Texas 292nd Judicial District Court,https://www.dallascounty.org/government/courts/criminal_district/292nd/,,,ST,,State Trial
texdistct294,texdistct,,,,,,2023-10-03T01:24:12.347Z,False,False,False,368.7319,,Tex. 293rd Jud. Dist. Ct.,Texas 293rd Judicial District Court,,,,ST,,State Trial
texdistct295,texdistct,,,,,,2023-10-03T01:24:12.357Z,False,False,False,368.732,,Tex. 294th Jud. Dist. Ct.,Texas 294th Judicial District Court,http://www.vanzandtcounty.org/default.aspx?Van-Zandt_County/District.Court,,,ST,,State Trial
texdistct296,texdistct,,,,,,2023-10-03T01:24:12.364Z,False,False,False,368.7321,,Tex. 295th Jud. Dist. Ct.,Texas 295th Judicial District Court,https://www.justex.net/Courts/Civil/CivilCourt.aspx?crt=23,,,ST,,State Trial
texdistct297,texdistct,,,,,,2023-10-03T01:24:12.370Z,False,False,False,368.7322,,Tex. 296th Jud. Dist. Ct.,Texas 296th Judicial District Court,http://www.collincountytx.gov/district_courts/Pages/296dc.aspx,,,ST,,State Trial
texdistct298,texdistct,,,,,,2023-10-03T01:24:12.377Z,False,False,False,368.7323,,Tex. 297th Jud. Dist. Ct.,Texas 297th Judicial District Court,http://access.tarrantcounty.com/en/criminal-courts/felony-courts/297th-district-court.html,,,ST,,State Trial
texdistct299,texdistct,,,,,,2023-10-03T01:24:12.384Z,False,False,False,368.7324,,Tex. 298th Jud. Dist. Ct.,Texas 298th Judicial District Court,http://www.dallascounty.org/government/courts/civil_district/298th/,,,ST,,State Trial
texdistct300,texdistct,,,,,,2023-10-03T01:24:12.390Z,False,False,False,368.7325,,Tex. 299th Jud. Dist. Ct.,Texas 299th Judicial District Court,https://www.traviscountytx.gov/courts/criminal/district/299,,,ST,,State Trial
texdistct301,texdistct,,,,,,2023-10-03T01:24:12.396Z,False,False,False,368.7326,,Tex. 300th Jud. Dist. Ct.,Texas 300th Judicial District Court,https://brazoriacountytx.gov/departments/all-courts/district-court/300th-district-court,,,ST,,State Trial
texdistct302,texdistct,,,,,,2023-10-03T01:24:12.413Z,False,False,False,368.7327,,Tex. 301st Jud. Dist. Ct.,Texas 301st Judicial District Court,http://www.dallascounty.org/government/courts/family_district/301st/,,,ST,,State Trial
texdistct303,texdistct,,,,,,2023-10-03T01:24:12.431Z,False,False,False,368.7328,,Tex. 302nd Jud. Dist. Ct.,Texas 302nd Judicial District Court,http://www.dallascounty.org/government/courts/family_district/302nd/,,,ST,,State Trial
texdistct304,texdistct,,,,,,2023-10-03T01:24:12.451Z,False,False,False,368.7329,,Tex. 303rd Jud. Dist. Ct.,Texas 303rd Judicial District Court,http://www.dallascounty.org/government/courts/family_district/303rd/,,,ST,,State Trial
texdistct305,texdistct,,,,,,2023-10-03T01:24:12.467Z,False,False,False,368.733,,Tex. 304th Jud. Dist. Ct.,Texas 304th Judicial District Court,http://www.dallascounty.org/government/courts/juvenile/304th/,,,ST,,State Trial
texdistct306,texdistct,,,,,,2023-10-03T01:24:12.487Z,False,False,False,368.7331,,Tex. 305th Jud. Dist. Ct.,Texas 305th Judicial District Court,http://www.dallascounty.org/government/courts/juvenile/305th/,,,ST,,State Trial
texdistct307,texdistct,,,,,,2023-10-03T01:24:12.503Z,False,False,False,368.7332,,Tex. 306th Jud. Dist. Ct.,Texas 306th Judicial District Court,http://www.galvestoncountytx.gov/jd/jd5/Pages/default.aspx,,,ST,,State Trial
texdistct308,texdistct,,,,,,2023-10-03T01:24:12.519Z,False,False,False,368.7333,,Tex. 307th Jud. Dist. Ct.,Texas 307th Judicial District Court,http://www.co.gregg.tx.us/307th-district-court,,,ST,,State Trial
texdistct309,texdistct,,,,,,2023-10-03T01:24:12.543Z,False,False,False,368.7334,,Tex. 308th Jud. Dist. Ct.,Texas 308th Judicial District Court,https://www.justex.net/Courts/Family/FamilyCourt.aspx?crt=55,,,ST,,State Trial
texdistct310,texdistct,,,,,,2023-10-03T01:24:12.559Z,False,False,False,368.7335,,Tex. 309th Jud. Dist. Ct.,Texas 309th Judicial District Court,http://www.justex.net/,,,ST,,State Trial
texdistct311,texdistct,,,,,,2023-10-03T01:24:12.570Z,False,False,False,368.7336,,Tex. 310th Jud. Dist. Ct.,Texas 310th Judicial District Court,http://www.justex.net/,,,ST,,State Trial
texdistct312,texdistct,,,,,,2023-10-03T01:24:12.599Z,False,False,False,368.7337,,Tex. 311th Jud. Dist. Ct.,Texas 311th Judicial District Court,http://www.justex.net/,,,ST,,State Trial
texdistct313,texdistct,,,,,,2023-10-03T01:24:12.608Z,False,False,False,368.7338,,Tex. 312th Jud. Dist. Ct.,Texas 312th Judicial District Court,https://www.justex.net/Courts/Family/FamilyCourt.aspx?crt=59,,,ST,,State Trial
texdistct314,texdistct,,,,,,2023-10-03T01:24:12.615Z,False,False,False,368.7339,,Tex. 313th Jud. Dist. Ct.,Texas 313th Judicial District Court,https://www.justex.net/Courts/Juvenile/JuvenileCourt.aspx?crt=49,,,ST,,State Trial
texdistct315,texdistct,,,,,,2023-10-03T01:24:12.623Z,False,False,False,368.734,,Tex. 314th Jud. Dist. Ct.,Texas 314th Judicial District Court,https://www.justex.net/Courts/Juvenile/JuvenileCourt.aspx?crt=50,,,ST,,State Trial
texdistct316,texdistct,,,,,,2023-10-03T01:24:12.629Z,False,False,False,368.7341,,Tex. 315th Jud. Dist. Ct.,Texas 315th Judicial District Court,https://www.justex.net/Courts/Juvenile/JuvenileCourt.aspx?crt=51,,,ST,,State Trial
texdistct317,texdistct,,,,,,2023-10-03T01:24:12.639Z,False,False,False,368.7342,,Tex. 316th Jud. Dist. Ct.,Texas 316th Judicial District Court,http://www.316thcourt.com/,,,ST,,State Trial
texdistct318,texdistct,,,,,,2023-10-03T01:24:12.651Z,False,False,False,368.7343,,Tex. 317th Jud. Dist. Ct.,Texas 317th Judicial District Court,http://www.co.jefferson.tx.us/distcrts/317th.htm,,,ST,,State Trial
texdistct319,texdistct,,,,,,2023-10-03T01:24:12.667Z,False,False,False,368.7344,,Tex. 318th Jud. Dist. Ct.,Texas 318th Judicial District Court,https://www.co.midland.tx.us/288/318th-Family-District-Court,,,ST,,State Trial
texdistct320,texdistct,,,,,,2023-10-03T01:24:12.683Z,False,False,False,368.7345,,Tex. 319th Jud. Dist. Ct.,Texas 319th Judicial District Court,https://www.nuecesco.com/courts/district-courts/319th-district-court-g,,,ST,,State Trial
texdistct321,texdistct,,,,,,2023-10-03T01:24:12.699Z,False,False,False,368.7346,,Tex. 320th Jud. Dist. Ct.,Texas 320th Judicial District Court,http://www.co.potter.tx.us/default.aspx?Potter_County/District.Court.320,,,ST,,State Trial
texdistct322,texdistct,,,,,,2023-10-03T01:24:12.715Z,False,False,False,368.7347,,Tex. 321st Jud. Dist. Ct.,Texas 321st Judicial District Court,http://www.smith-county.com/,,,ST,,State Trial
texdistct323,texdistct,,,,,,2023-10-03T01:24:12.731Z,False,False,False,368.7348,,Tex. 322nd Jud. Dist. Ct.,Texas 322nd Judicial District Court,http://access.tarrantcounty.com/en/family-courts/322nd-district-court.html,,,ST,,State Trial
texdistct324,texdistct,,,,,,2023-10-03T01:24:12.747Z,False,False,False,368.7349,,Tex. 323rd Jud. Dist. Ct.,Texas 323rd Judicial District Court,https://www.tarrantcounty.com/en/juvenile-courts/323rd-district-court.html,,,ST,,State Trial
texdistct325,texdistct,,,,,,2023-10-03T01:24:12.755Z,False,False,False,368.735,,Tex. 324th Jud. Dist. Ct.,Texas 324th Judicial District Court,http://access.tarrantcounty.com/en/family-courts/324th-district-court.html,,,ST,,State Trial
texdistct326,texdistct,,,,,,2023-10-03T01:24:12.771Z,False,False,False,368.7351,,Tex. 325th Jud. Dist. Ct.,Texas 325th Judicial District Court,http://access.tarrantcounty.com/en/family-courts/325th-district-court.html,,,ST,,State Trial
texdistct327,texdistct,,,,,,2023-10-03T01:24:12.791Z,False,False,False,368.7352,,Tex. 326th Jud. Dist. Ct.,Texas 326th Judicial District Court,http://tx-taylorcounty.civicplus.com/index.aspx?NID=210,,,ST,,State Trial
texdistct328,texdistct,,,,,,2023-10-03T01:24:12.803Z,False,False,False,368.7353,,Tex. 327th Jud. Dist. Ct.,Texas 327th Judicial District Court,http://www.epcounty.com/courts/directory.htm,,,ST,,State Trial
texdistct329,texdistct,,,,,,2023-10-03T01:24:12.815Z,False,False,False,368.7354,,Tex. 328th Jud. Dist. Ct.,Texas 328th Judicial District Court,http://www.fortbendcountytx.gov/index.aspx?page=203,,,ST,,State Trial
texdistct330,texdistct,,,,,,2023-10-03T01:24:12.827Z,False,False,False,368.7355,,Tex. 329th Jud. Dist. Ct.,Texas 329th Judicial District Court,http://www.329th.com,,,ST,,State Trial
texdistct331,texdistct,,,,,,2023-10-03T01:24:12.840Z,False,False,False,368.7356,,Tex. 330th Jud. Dist. Ct.,Texas 330th Judicial District Court,http://www.dallascounty.org/government/courts/family_district/330th/,,,ST,,State Trial
texdistct332,texdistct,,,,,,2023-10-03T01:24:12.855Z,False,False,False,368.7357,,Tex. 331st Jud. Dist. Ct.,Texas 331st Judicial District Court,https://www.traviscountytx.gov/courts/criminal/district/331,,,ST,,State Trial
texdistct333,texdistct,,,,,,2023-10-03T01:24:12.861Z,False,False,False,368.7358,,Tex. 332nd Jud. Dist. Ct.,Texas 332nd Judicial District Court,http://co.hidalgo.tx.us/index.aspx?NID=246,,,ST,,State Trial
texdistct334,texdistct,,,,,,2023-10-03T01:24:12.879Z,False,False,False,368.7359,,Tex. 333rd Jud. Dist. Ct.,Texas 333rd Judicial District Court,https://www.justex.net/Courts/Civil/CivilCourt.aspx?crt=24,,,ST,,State Trial
texdistct335,texdistct,,,,,,2023-10-03T01:24:12.887Z,False,False,False,368.736,,Tex. 334th Jud. Dist. Ct.,Texas 334th Judicial District Court,https://www.justex.net/Courts/Civil/CivilCourt.aspx?crt=25,,,ST,,State Trial
texdistct336,texdistct,,,,,,2023-10-03T01:24:12.895Z,False,False,False,368.7361,,Tex. 335th Jud. Dist. Ct.,Texas 335th Judicial District Court,http://co.burleson.tx.us/government/district-courts/,,,ST,,State Trial
texdistct337,texdistct,,,,,,2023-10-03T01:24:12.907Z,False,False,False,368.7362,,Tex. 336th Jud. Dist. Ct.,Texas 336th Judicial District Court,http://www.co.fannin.tx.us/default.aspx?Fannin_County/District.Court,,,ST,,State Trial
texdistct338,texdistct,,,,,,2023-10-03T01:24:12.923Z,False,False,False,368.7363,,Tex. 337th Jud. Dist. Ct.,Texas 337th Judicial District Court,http://www.justex.net/,,,ST,,State Trial
texdistct339,texdistct,,,,,,2023-10-03T01:24:12.939Z,False,False,False,368.7364,,Tex. 338th Jud. Dist. Ct.,Texas 338th Judicial District Court,https://www.justex.net/Courts/Criminal/CriminalCourt.aspx?crt=46,,,ST,,State Trial
texdistct340,texdistct,,,,,,2023-10-03T01:24:12.948Z,False,False,False,368.7365,,Tex. 339th Jud. Dist. Ct.,Texas 339th Judicial District Court,https://www.justex.net/Courts/Criminal/CriminalCourt.aspx?crt=47,,,ST,,State Trial
texdistct341,texdistct,,,,,,2023-10-03T01:24:12.963Z,False,False,False,368.7366,,Tex. 340th Jud. Dist. Ct.,Texas 340th Judicial District Court,https://www.tomgreencountytx.gov/page/dc.340th,,,ST,,State Trial
texdistct342,texdistct,,,,,,2023-10-03T01:24:12.979Z,False,False,False,368.7367,,Tex. 341st Jud. Dist. Ct.,Texas 341st Judicial District Court,http://www.webbcountytx.gov/DC341st/,,,ST,,State Trial
texdistct343,texdistct,,,,,,2023-10-03T01:24:12.990Z,False,False,False,368.7368,,Tex. 342nd Jud. Dist. Ct.,Texas 342nd Judicial District Court,http://access.tarrantcounty.com/en/civil-courts/district-courts/342nd-district-court.html,,,ST,,State Trial
texdistct344,texdistct,,,,,,2023-10-03T01:24:13.007Z,False,False,False,368.7369,,Tex. 343rd Jud. Dist. Ct.,Texas 343rd Judicial District Court,http://www.36-156-343districtcourts.org/,,,ST,,State Trial
texdistct345,texdistct,,,,,,2023-10-03T01:24:13.023Z,False,False,False,368.737,,Tex. 344th Jud. Dist. Ct.,Texas 344th Judicial District Court,http://www.co.chambers.tx.us/default.aspx?name=344thDistrictCourt,,,ST,,State Trial
texdistct346,texdistct,,,,,,2023-10-03T01:24:13.035Z,False,False,False,368.7371,,Tex. 345th Jud. Dist. Ct.,Texas 345th Judicial District Court,https://www.traviscountytx.gov/courts/civil/district/345,,,ST,,State Trial
texdistct347,texdistct,,,,,,2023-10-03T01:24:13.051Z,False,False,False,368.7372,,Tex. 346th Jud. Dist. Ct.,Texas 346th Judicial District Court,http://www.epcounty.com/courts/directory.htm,,,ST,,State Trial
texdistct348,texdistct,,,,,,2023-10-03T01:24:13.063Z,False,False,False,368.7373,,Tex. 347th Jud. Dist. Ct.,Texas 347th Judicial District Court,https://www.nuecesco.com/courts/district-courts/347th-district-court-h,,,ST,,State Trial
texdistct349,texdistct,,,,,,2023-10-03T01:24:13.079Z,False,False,False,368.7374,,Tex. 348th Jud. Dist. Ct.,Texas 348th Judicial District Court,http://access.tarrantcounty.com/en/civil-courts/district-courts/348th-district-court.html,,,ST,,State Trial
texdistct350,texdistct,,,,,,2023-10-03T01:24:13.090Z,False,False,False,368.7375,,Tex. 349th Jud. Dist. Ct.,Texas 349th Judicial District Court,http://www.co.anderson.tx.us/default.aspx?Anderson_County/349thDC,,,ST,,State Trial
texdistct351,texdistct,,,,,,2023-10-03T01:24:13.096Z,False,False,False,368.7376,,Tex. 350th Jud. Dist. Ct.,Texas 350th Judicial District Court,http://www.taylorcountytexas.org/index.aspx?NID=211,,,ST,,State Trial
texdistct352,texdistct,,,,,,2023-10-03T01:24:13.119Z,False,False,False,368.7377,,Tex. 351st Jud. Dist. Ct.,Texas 351st Judicial District Court,http://www.justex.net/,,,ST,,State Trial
texdistct353,texdistct,,,,,,2023-10-03T01:24:13.130Z,False,False,False,368.7378,,Tex. 352nd Jud. Dist. Ct.,Texas 352nd Judicial District Court,http://access.tarrantcounty.com/en/civil-courts/district-courts/352nd-district-court.html,,,ST,,State Trial
texdistct354,texdistct,,,,,,2023-10-03T01:24:13.136Z,False,False,False,368.7379,,Tex. 353rd Jud. Dist. Ct.,Texas 353rd Judicial District Court,https://www.traviscountytx.gov/courts/civil/district/353,,,ST,,State Trial
texdistct355,texdistct,,,,,,2023-10-03T01:24:13.151Z,False,False,False,368.738,,Tex. 354th Jud. Dist. Ct.,Texas 354th Judicial District Court,http://www.co.rains.tx.us/default.aspx?Rains_County/354th,,,ST,,State Trial
texdistct356,texdistct,,,,,,2023-10-03T01:24:13.166Z,False,False,False,368.7381,,Tex. 355th Jud. Dist. Ct.,Texas 355th Judicial District Court,http://www.co.hood.tx.us/218/355th-District-Judge,,,ST,,State Trial
texdistct357,texdistct,,,,,,2023-10-03T01:24:13.179Z,False,False,False,368.7382,,Tex. 356th Jud. Dist. Ct.,Texas 356th Judicial District Court,http://www.co.hardin.tx.us/default.aspx?Hardin_County/District.Court,,,ST,,State Trial
texdistct358,texdistct,,,,,,2023-10-03T01:24:13.189Z,False,False,False,368.7383,,Tex. 357th Jud. Dist. Ct.,Texas 357th Judicial District Court,http://www.co.cameron.tx.us/judicial_courts/district_courts/index.php,,,ST,,State Trial
texdistct359,texdistct,,,,,,2023-10-03T01:24:13.200Z,False,False,False,368.7384,,Tex. 358th Jud. Dist. Ct.,Texas 358th Judicial District Court,http://www.co.ector.tx.us/default.aspx?Ector_County/District.Court,,,ST,,State Trial
texdistct360,texdistct,,,,,,2023-10-03T01:24:13.215Z,False,False,False,368.7385,,Tex. 359th Jud. Dist. Ct.,Texas 359th Judicial District Court,http://www.mctx.org/departments/departments_d_-_f/district_courts/359th_district_court/index.php,,,ST,,State Trial
texdistct361,texdistct,,,,,,2023-10-03T01:24:13.231Z,False,False,False,368.7386,,Tex. 360th Jud. Dist. Ct.,Texas 360th Judicial District Court,http://access.tarrantcounty.com/en/family-courts/360th-district-court.html,,,ST,,State Trial
texdistct362,texdistct,,,,,,2023-10-03T01:24:13.247Z,False,False,False,368.7387,,Tex. 361st Jud. Dist. Ct.,Texas 361st Judicial District Court,https://www.brazoscountytx.gov/132/361st-District-Court,,,ST,,State Trial
texdistct363,texdistct,,,,,,2023-10-03T01:24:13.263Z,False,False,False,368.7388,,Tex. 362nd Jud. Dist. Ct.,Texas 362nd Judicial District Court,https://www.dentoncounty.gov/537/362nd-District-Court,,,ST,,State Trial
texdistct364,texdistct,,,,,,2023-10-03T01:24:13.279Z,False,False,False,368.7389,,Tex. 363rd Jud. Dist. Ct.,Texas 363rd Judicial District Court,http://www.dallascounty.org/government/courts/criminal_district/363rd/,,,ST,,State Trial
texdistct365,texdistct,,,,,,2023-10-03T01:24:13.295Z,False,False,False,368.739,,Tex. 364th Jud. Dist. Ct.,Texas 364th Judicial District Court,http://www.co.lubbock.tx.us/department/division.php?fDD=10-48,,,ST,,State Trial
texdistct366,texdistct,,,,,,2023-10-03T01:24:13.311Z,False,False,False,368.7391,,Tex. 365th Jud. Dist. Ct.,Texas 365th Judicial District Court,http://www.co.maverick.tx.us/default.aspx?Maverick_County/365th,,,ST,,State Trial
texdistct367,texdistct,,,,,,2023-10-03T01:24:13.331Z,False,False,False,368.7392,,Tex. 366th Jud. Dist. Ct.,Texas 366th Judicial District Court,http://www.collincountytx.gov/district_courts/Pages/366dc.aspx,,,ST,,State Trial
texdistct368,texdistct,,,,,,2023-10-03T01:24:13.347Z,False,False,False,368.7393,,Tex. 367th Jud. Dist. Ct.,Texas 367th Judicial District Court,https://www.dentoncounty.gov/544/367th-District-Court,,,ST,,State Trial
texdistct369,texdistct,,,,,,2023-10-03T01:24:13.360Z,False,False,False,368.7394,,Tex. 368th Jud. Dist. Ct.,Texas 368th Judicial District Court,http://williamson-county.org/Elected-Officials/District-Courts/368th-District-Court,,,ST,,State Trial
texdistct370,texdistct,,,,,,2023-10-03T01:24:13.371Z,False,False,False,368.7395,,Tex. 369th Jud. Dist. Ct.,Texas 369th Judicial District Court,http://www.co.anderson.tx.us/default.aspx?Anderson_County/369thDC,,,ST,,State Trial
texdistct371,texdistct,,,,,,2023-10-03T01:24:13.383Z,False,False,False,368.7396,,Tex. 370th Jud. Dist. Ct.,Texas 370th Judicial District Court,http://www.co.hidalgo.tx.us/index.aspx?nid=249,,,ST,,State Trial
texdistct372,texdistct,,,,,,2023-10-03T01:24:13.403Z,False,False,False,368.7397,,Tex. 371st Jud. Dist. Ct.,Texas 371st Judicial District Court,http://access.tarrantcounty.com/en/criminal-courts/felony-courts/371st-district-court.html,,,ST,,State Trial
texdistct373,texdistct,,,,,,2023-10-03T01:24:13.419Z,False,False,False,368.7398,,Tex. 372nd Jud. Dist. Ct.,Texas 372nd Judicial District Court,http://access.tarrantcounty.com/en/criminal-courts/felony-courts/372nd-district-court.html,,,ST,,State Trial
texdistct374,texdistct,,,,,,2023-10-03T01:24:13.428Z,False,False,False,368.7399,,Tex. 373rd Jud. Dist. Ct.,Texas 373rd Judicial District Court,http://access.tarrantcounty.com/en/criminal-courts/felony-courts/372nd-district-court.html,,,ST,,State Trial
texdistct375,texdistct,,,,,,2023-10-03T01:24:13.436Z,False,False,False,368.74,,Tex. 374th Jud. Dist. Ct.,Texas 374th Judicial District Court,http://access.tarrantcounty.com/en/criminal-courts/felony-courts/372nd-district-court.html,,,ST,,State Trial
texdistct376,texdistct,,,,,,2023-10-03T01:24:13.447Z,False,False,False,368.7401,,Tex. 375th Jud. Dist. Ct.,Texas 375th Judicial District Court,http://access.tarrantcounty.com/en/criminal-courts/felony-courts/372nd-district-court.html,,,ST,,State Trial
texdistct377,texdistct,,,,,,2023-10-03T01:24:13.463Z,False,False,False,368.7402,,Tex. 376th Jud. Dist. Ct.,Texas 376th Judicial District Court,http://access.tarrantcounty.com/en/criminal-courts/felony-courts/372nd-district-court.html,,,ST,,State Trial
texdistct378,texdistct,,,,,,2023-10-03T01:24:13.483Z,False,False,False,368.7403,,Tex. 377th Jud. Dist. Ct.,Texas 377th Judicial District Court,http://www.victoriacountytx.org/index.php/en/county-directory,,,ST,,State Trial
texdistct379,texdistct,,,,,,2023-10-03T01:24:13.489Z,False,False,False,368.7404,,Tex. 378th Jud. Dist. Ct.,Texas 378th Judicial District Court,http://www.co.ellis.tx.us,,,ST,,State Trial
texdistct380,texdistct,,,,,,2023-10-03T01:24:13.495Z,False,False,False,368.7405,,Tex. 379th Jud. Dist. Ct.,Texas 379th Judicial District Court,http://www.bexar.org/judges/DistrictCourt379.html,,,ST,,State Trial
texdistct381,texdistct,,,,,,2023-10-03T01:24:13.502Z,False,False,False,368.7406,,Tex. 380th Jud. Dist. Ct.,Texas 380th Judicial District Court,http://www.collincountytx.gov/district_courts/Pages/380dc.aspx,,,ST,,State Trial
texdistct382,texdistct,,,,,,2023-10-03T01:24:13.514Z,False,False,False,368.7407,,Tex. 381st Jud. Dist. Ct.,Texas 381st Judicial District Court,http://co.starr.tx.us/default.aspx?Starr_County/381st,,,ST,,State Trial
texdistct383,texdistct,,,,,,2023-10-03T01:24:13.522Z,False,False,False,368.7408,,Tex. 382nd Jud. Dist. Ct.,Texas 382nd Judicial District Court,http://www.rockwallcountytexas.com/dct.html,,,ST,,State Trial
texdistct384,texdistct,,,,,,2023-10-03T01:24:13.539Z,False,False,False,368.7409,,Tex. 383rd Jud. Dist. Ct.,Texas 383rd Judicial District Court,http://www.epcounty.com/courts/directory.htm,,,ST,,State Trial
texdistct385,texdistct,,,,,,2023-10-03T01:24:13.555Z,False,False,False,368.741,,Tex. 384th Jud. Dist. Ct.,Texas 384th Judicial District Court,http://www.epcounty.com/courts/directory.htm,,,ST,,State Trial
texdistct386,texdistct,,,,,,2023-10-03T01:24:13.568Z,False,False,False,368.7411,,Tex. 385th Jud. Dist. Ct.,Texas 385th Judicial District Court,https://www.co.midland.tx.us/274/385th-District-Court,,,ST,,State Trial
texdistct387,texdistct,,,,,,2023-10-03T01:24:13.583Z,False,False,False,368.7412,,Tex. 386th Jud. Dist. Ct.,Texas 386th Judicial District Court,http://www.bexar.org/judges/JudgeParker.html,,,ST,,State Trial
texdistct388,texdistct,,,,,,2023-10-03T01:24:13.595Z,False,False,False,368.7413,,Tex. 387th Jud. Dist. Ct.,Texas 387th Judicial District Court,http://www.fortbendcountytx.gov/index.aspx?page=206,,,ST,,State Trial
texdistct389,texdistct,,,,,,2023-10-03T01:24:13.604Z,False,False,False,368.7414,,Tex. 388th Jud. Dist. Ct.,Texas 388th Judicial District Court,http://www.epcounty.com/courts/directory.htm,,,ST,,State Trial
texdistct390,texdistct,,,,,,2023-10-03T01:24:13.623Z,False,False,False,368.7415,,Tex. 389th Jud. Dist. Ct.,Texas 389th Judicial District Court,http://www.co.hidalgo.tx.us/index.aspx?nid=251,,,ST,,State Trial
texdistct391,texdistct,,,,,,2023-10-03T01:24:13.636Z,False,False,False,368.7416,,Tex. 390th Jud. Dist. Ct.,Texas 390th Judicial District Court,https://www.traviscountytx.gov/courts/criminal/district/390,,,ST,,State Trial
texdistct392,texdistct,,,,,,2023-10-03T01:24:13.651Z,False,False,False,368.7417,,Tex. 391st Jud. Dist. Ct.,Texas 391st Judicial District Court,http://www.co.tom-green.tx.us/default.aspx?Tom-Green_County/District.Court.Judges,,,ST,,State Trial
texdistct393,texdistct,,,,,,2023-10-03T01:24:13.667Z,False,False,False,368.7418,,Tex. 392nd Jud. Dist. Ct.,Texas 392nd Judicial District Court,http://www.henderson-county.com/departments/courts/392nd-district-court,,,ST,,State Trial
texdistct394,texdistct,,,,,,2023-10-03T01:24:13.683Z,False,False,False,368.7419,,Tex. 393rd Jud. Dist. Ct.,Texas 393rd Judicial District Court,https://www.dentoncounty.gov/549/393rd-District-Court,,,ST,,State Trial
texdistct395,texdistct,,,,,,2023-10-03T01:24:13.699Z,False,False,False,368.742,,Tex. 394th Jud. Dist. Ct.,Texas 394th Judicial District Court,https://texas394th.com/,,,ST,,State Trial
texdistct396,texdistct,,,,,,2023-10-03T01:24:13.708Z,False,False,False,368.7421,,Tex. 395th Jud. Dist. Ct.,Texas 395th Judicial District Court,https://www.wilco.org/Elected-Officials/District-Courts/395th-District-Court,,,ST,,State Trial
texdistct397,texdistct,,,,,,2023-10-03T01:24:13.723Z,False,False,False,368.7422,,Tex. 396th Jud. Dist. Ct.,Texas 396th Judicial District Court,http://access.tarrantcounty.com/en/criminal-courts/felony-courts/396th-district-court.html,,,ST,,State Trial
texdistct398,texdistct,,,,,,2023-10-03T01:24:13.739Z,False,False,False,368.7423,,Tex. 397th Jud. Dist. Ct.,Texas 397th Judicial District Court,http://www.co.grayson.tx.us/default.aspx?name=court397.home,,,ST,,State Trial
texdistct399,texdistct,,,,,,2023-10-03T01:24:13.750Z,False,False,False,368.7424,,Tex. 398th Jud. Dist. Ct.,Texas 398th Judicial District Court,http://co.hidalgo.tx.us/index.aspx?NID=252,,,ST,,State Trial
texdistct400,texdistct,,,,,,2023-10-03T01:24:13.767Z,False,False,False,368.7425,,Tex. 399th Jud. Dist. Ct.,Texas 399th Judicial District Court,http://www.bexar.org/judges/DistrictCourt399.html,,,ST,,State Trial
texdistct401,texdistct,,,,,,2023-10-03T01:24:13.783Z,False,False,False,368.7426,,Tex. 400th Jud. Dist. Ct.,Texas 400th Judicial District Court,http://www.fortbendcountytx.gov/index.aspx?page=214,,,ST,,State Trial
texdistct402,texdistct,,,,,,2023-10-03T01:24:13.800Z,False,False,False,368.7427,,Tex. 401st Jud. Dist. Ct.,Texas 401st Judicial District Court,http://www.collincountytx.gov/district_courts/Pages/401dc.aspx,,,ST,,State Trial
texdistct403,texdistct,,,,,,2023-10-03T01:24:13.806Z,False,False,False,368.7428,,Tex. 402nd Jud. Dist. Ct.,Texas 402nd Judicial District Court,http://www.mywoodcounty.com/default.aspx?name=distcourt,,,ST,,State Trial
texdistct404,texdistct,,,,,,2023-10-03T01:24:13.818Z,False,False,False,368.7429,,Tex. 403rd Jud. Dist. Ct.,Texas 403rd Judicial District Court,https://www.traviscountytx.gov/courts/criminal/district/403,,,ST,,State Trial
texdistct405,texdistct,,,,,,2023-10-03T01:24:13.829Z,False,False,False,368.743,,Tex. 404th Jud. Dist. Ct.,Texas 404th Judicial District Court,https://www.cameroncounty.us/district-courts/,,,ST,,State Trial
texdistct406,texdistct,,,,,,2023-10-03T01:24:13.843Z,False,False,False,368.7431,,Tex. 405th Jud. Dist. Ct.,Texas 405th Judicial District Court,http://www.galvestoncountytx.gov/jd/jd6/Pages/default.aspx,,,ST,,State Trial
texdistct407,texdistct,,,,,,2023-10-03T01:24:13.855Z,False,False,False,368.7432,,Tex. 406th Jud. Dist. Ct.,Texas 406th Judicial District Court,http://www.webbcountytx.gov/DC406th/,,,ST,,State Trial
texdistct408,texdistct,,,,,,2023-10-03T01:24:13.863Z,False,False,False,368.7433,,Tex. 407th Jud. Dist. Ct.,Texas 407th Judicial District Court,http://www.bexar.org/judges/DistrictCourt407.html,,,ST,,State Trial
texdistct409,texdistct,,,,,,2023-10-03T01:24:13.871Z,False,False,False,368.7434,,Tex. 408th Jud. Dist. Ct.,Texas 408th Judicial District Court,http://www.bexar.org/judges/DistrictCourt408.html,,,ST,,State Trial
texdistct410,texdistct,,,,,,2023-10-03T01:24:13.877Z,False,False,False,368.7435,,Tex. 409th Jud. Dist. Ct.,Texas 409th Judicial District Court,http://www.epcounty.com/courts/directory.htm,,,ST,,State Trial
texdistct411,texdistct,,,,,,2023-10-03T01:24:13.886Z,False,False,False,368.7436,,Tex. 410th Jud. Dist. Ct.,Texas 410th Judicial District Court,http://www.mctx.org/departments/departments_d_-_f/district_courts/410th_district_court/index.php,,,ST,,State Trial
texdistct412,texdistct,,,,,,2023-10-03T01:24:13.892Z,False,False,False,368.7437,,Tex. 411th Jud. Dist. Ct.,Texas 411th Judicial District Court,http://www.co.polk.tx.us/default.aspx?Polk_County/District.Court,,,ST,,State Trial
texdistct413,texdistct,,,,,,2023-10-03T01:24:13.898Z,False,False,False,368.7438,,Tex. 412th Jud. Dist. Ct.,Texas 412th Judicial District Court,https://brazoriacountytx.gov/departments/all-courts/district-court/412th-district-court,,,ST,,State Trial
texdistct414,texdistct,,,,,,2023-10-03T01:24:13.911Z,False,False,False,368.7439,,Tex. 413th Jud. Dist. Ct.,Texas 413th Judicial District Court,http://www.johnsoncountytx.org/government/district-courts/413th-district-court,,,ST,,State Trial
texdistct415,texdistct,,,,,,2023-10-03T01:24:13.923Z,False,False,False,368.744,,Tex. 414th Jud. Dist. Ct.,Texas 414th Judicial District Court,http://www.co.mclennan.tx.us/distjudges/414thcourt.aspx,,,ST,,State Trial
texdistct416,texdistct,,,,,,2023-10-03T01:24:13.933Z,False,False,False,368.7441,,Tex. 415th Jud. Dist. Ct.,Texas 415th Judicial District Court,http://www.parkercountytx.com/index.aspx?NID=356,,,ST,,State Trial
texdistct417,texdistct,,,,,,2023-10-03T01:24:13.940Z,False,False,False,368.7442,,Tex. 416th Jud. Dist. Ct.,Texas 416th Judicial District Court,http://www.collincountytx.gov/district_courts/Pages/416dc.aspx,,,ST,,State Trial
texdistct418,texdistct,,,,,,2023-10-03T01:24:13.951Z,False,False,False,368.7443,,Tex. 417th Jud. Dist. Ct.,Texas 417th Judicial District Court,http://www.collincountytx.gov/district_courts/Pages/417dc.aspx,,,ST,,State Trial
texdistct419,texdistct,,,,,,2023-10-03T01:24:13.967Z,False,False,False,368.7444,,Tex. 418th Jud. Dist. Ct.,Texas 418th Judicial District Court,http://www.mctx.org/departments/departments_d_-_f/district_courts/418th_district_court/index.php,,,ST,,State Trial
texdistct420,texdistct,,,,,,2023-10-03T01:24:13.984Z,False,False,False,368.7445,,Tex. 419th Jud. Dist. Ct.,Texas 419th Judicial District Court,https://www.traviscountytx.gov/courts/civil/district/419,,,ST,,State Trial
texdistct421,texdistct,,,,,,2023-10-03T01:24:14.002Z,False,False,False,368.7446,,Tex. 420th Jud. Dist. Ct.,Texas 420th Judicial District Court,http://www.co.nacogdoches.tx.us/districtcourt/420th_district_court.asp,,,ST,,State Trial
texdistct422,texdistct,,,,,,2023-10-03T01:24:14.014Z,False,False,False,368.7447,,Tex. 421st Jud. Dist. Ct.,Texas 421st Judicial District Court,http://www.co.caldwell.tx.us/default.aspx?Caldwell_County/421st,,,ST,,State Trial
texdistct423,texdistct,,,,,,2023-10-03T01:24:14.027Z,False,False,False,368.7448,,Tex. 422nd Jud. Dist. Ct.,Texas 422nd Judicial District Court,http://www.kaufmancounty.net/judgechitty.htm,,,ST,,State Trial
texdistct424,texdistct,,,,,,2023-10-03T01:24:14.035Z,False,False,False,368.7449,,Tex. 423rd Jud. Dist. Ct.,Texas 423rd Judicial District Court,http://www.co.bastrop.tx.us/default.aspx?name=dc.423,,,ST,,State Trial
texdistct425,texdistct,,,,,,2023-10-03T01:24:14.048Z,False,False,False,368.745,,Tex. 424th Jud. Dist. Ct.,Texas 424th Judicial District Court,http://dcourttexas.org,,,ST,,State Trial
texdistct426,texdistct,,,,,,2023-10-03T01:24:14.056Z,False,False,False,368.7451,,Tex. 425th Jud. Dist. Ct.,Texas 425th Judicial District Court,http://williamson-county.org/Elected-Officials/District-Courts/425th-District-Court,,,ST,,State Trial
texdistct427,texdistct,,,,,,2023-10-03T01:24:14.083Z,False,False,False,368.7452,,Tex. 426th Jud. Dist. Ct.,Texas 426th Judicial District Court,http://www.bellcountytx.com/county_government/district_courts/426th_district_court/index.php,,,ST,,State Trial
texdistct428,texdistct,,,,,,2023-10-03T01:24:14.099Z,False,False,False,368.7453,,Tex. 427th Jud. Dist. Ct.,Texas 427th Judicial District Court,https://www.traviscountytx.gov/courts/criminal/district/427,,,ST,,State Trial
texdistct429,texdistct,,,,,,2023-10-03T01:24:14.115Z,False,False,False,368.7454,,Tex. 428th Jud. Dist. Ct.,Texas 428th Judicial District Court,https://hayscountytx.com/courts/district-court/,,,ST,,State Trial
texdistct430,texdistct,,,,,,2023-10-03T01:24:14.131Z,False,False,False,368.7455,,Tex. 429th Jud. Dist. Ct.,Texas 429th Judicial District Court,http://www.collincountytx.gov/district_courts/Pages/429dc.aspx,,,ST,,State Trial
texdistct431,texdistct,,,,,,2023-10-03T01:24:14.147Z,False,False,False,368.7456,,Tex. 430th Jud. Dist. Ct.,Texas 430th Judicial District Court,http://co.hidalgo.tx.us/index.aspx?NID=259,,,ST,,State Trial
texdistct432,texdistct,,,,,,2023-10-03T01:24:14.163Z,False,False,False,368.7457,,Tex. 431st Jud. Dist. Ct.,Texas 431st Judicial District Court,https://www.dentoncounty.gov/553/431st-District-Court,,,ST,,State Trial
texdistct433,texdistct,,,,,,2023-10-03T01:24:14.175Z,False,False,False,368.7458,,Tex. 432nd Jud. Dist. Ct.,Texas 432nd Judicial District Court,http://access.tarrantcounty.com/en/criminal-courts/felony-courts/432nd-district-court.html,,,ST,,State Trial
texdistct434,texdistct,,,,,,2023-10-03T01:24:14.191Z,False,False,False,368.7459,,Tex. 433rd Jud. Dist. Ct.,Texas 433rd Judicial District Court,http://www.co.comal.tx.us/dct.htm,,,ST,,State Trial
texdistct435,texdistct,,,,,,2023-10-03T01:24:14.204Z,False,False,False,368.746,,Tex. 434th Jud. Dist. Ct.,Texas 434th Judicial District Court,http://www.fortbendcountytx.gov/index.aspx?page=219,,,ST,,State Trial
texdistct436,texdistct,,,,,,2023-10-03T01:24:14.219Z,False,False,False,368.7461,,Tex. 435th Jud. Dist. Ct.,Texas 435th Judicial District Court,http://www.mctx.org/departments/departments_d_-_f/district_courts/435th_district_court/index.php,,,ST,,State Trial
texdistct437,texdistct,,,,,,2023-10-03T01:24:14.233Z,False,False,False,368.7462,,Tex. 436th Jud. Dist. Ct.,Texas 436th Judicial District Court,http://www.bexar.org/judges/DistrictCourt436.html,,,ST,,State Trial
texdistct438,texdistct,,,,,,2023-10-03T01:24:14.251Z,False,False,False,368.7463,,Tex. 437th Jud. Dist. Ct.,Texas 437th Judicial District Court,http://www.bexar.org/judges/DistrictCourt437.html,,,ST,,State Trial
texdistct439,texdistct,,,,,,2023-10-03T01:24:14.267Z,False,False,False,368.7464,,Tex. 438th Jud. Dist. Ct.,Texas 438th Judicial District Court,http://www.bexar.org/judges/DistrictCourt438.html,,,ST,,State Trial
texdistct440,texdistct,,,,,,2023-10-03T01:24:14.283Z,False,False,False,368.7465,,Tex. 439th Jud. Dist. Ct.,Texas 439th Judicial District Court,http://www.rockwallcountytexas.com/index.aspx?NID=571,,,ST,,State Trial
texdistct441,texdistct,,,,,,2023-10-03T01:24:14.294Z,False,False,False,368.7466,,Tex. 440th Jud. Dist. Ct.,Texas 440th Judicial District Court,http://www.coryellcounty.org/government/district-court,,,ST,,State Trial
texdistct442,texdistct,,,,,,2023-10-03T01:24:14.301Z,False,False,False,368.7467,,Tex. 441st Jud. Dist. Ct.,Texas 441st Judicial District Court,https://www.co.midland.tx.us/281/441st-District-Court,,,ST,,State Trial
texdistct443,texdistct,,,,,,2023-10-03T01:24:14.309Z,False,False,False,368.7468,,Tex. 442nd Jud. Dist. Ct.,Texas 442nd Judicial District Court,https://www.dentoncounty.gov/555/442nd-District-Court,,,ST,,State Trial
texdistct444,texdistct,,,,,,2023-10-03T01:24:14.327Z,False,False,False,368.7469,,Tex. 443rd Jud. Dist. Ct.,Texas 443rd Judicial District Court,http://www.co.ellis.tx.us/index.aspx?NID=578,,,ST,,State Trial
texdistct445,texdistct,,,,,,2023-10-03T01:24:14.343Z,False,False,False,368.747,,Tex. 444th Jud. Dist. Ct.,Texas 444th Judicial District Court,https://www.cameroncounty.us/district-courts/,,,ST,,State Trial
texdistct446,texdistct,,,,,,2023-10-03T01:24:14.356Z,False,False,False,368.7471,,Tex. 445th Jud. Dist. Ct.,Texas 445th Judicial District Court,https://www.cameroncounty.us/district-courts/,,,ST,,State Trial
texdistct447,texdistct,,,,,,2023-10-03T01:24:14.368Z,False,False,False,368.7472,,Tex. 446th Jud. Dist. Ct.,Texas 446th Judicial District Court,http://www.co.ector.tx.us/page/ector.JudgeBillingsley,,,ST,,State Trial
texdistct448,texdistct,,,,,,2023-10-03T01:24:14.375Z,False,False,False,368.7473,,Tex. 447th Jud. Dist. Ct.,Texas 447th Judicial District Court,http://www.co.ector.tx.us/page/ector.JudgeBillingsley,,,ST,,State Trial
texdistct449,texdistct,,,,,,2023-10-03T01:24:14.384Z,False,False,False,368.7474,,Tex. 448th Jud. Dist. Ct.,Texas 448th Judicial District Court,http://www.epcounty.com/courts/directory.htm,,,ST,,State Trial
texdistct450,texdistct,,,,,,2023-10-03T01:24:14.405Z,False,False,False,368.7475,,Tex. 449th Jud. Dist. Ct.,Texas 449th Judicial District Court,http://co.hidalgo.tx.us/index.aspx?NID=1076,,,ST,,State Trial
texdistct451,texdistct,,,,,,2023-10-03T01:24:14.427Z,False,False,False,368.7476,,Tex. 450th Jud. Dist. Ct.,Texas 450th Judicial District Court,http://www.traviscountytx.gov/courts/criminald,,,ST,,State Trial
texdistct452,texdistct,,,,,,2023-10-03T01:24:14.443Z,False,False,False,368.7477,,Tex. 451st Jud. Dist. Ct.,Texas 451st Judicial District Court,http://www.co.kendall.tx.us,,,ST,,State Trial
texdistct453,texdistct,,,,,,2023-10-03T01:24:14.454Z,False,False,False,368.7478,,Tex. 452nd Jud. Dist. Ct.,Texas 452nd Judicial District Court,http://www.co.mason.tx.us/default.aspx?Mason_County/District.Court,,,ST,,State Trial
texdistct454,texdistct,,,,,,2023-10-03T01:24:14.464Z,False,False,False,368.7479,,Tex. 453rd Jud. Dist. Ct.,Texas 453rd Judicial District Court,https://hayscountytx.com/courts/district-court/,,,ST,,State Trial
texdistct455,texdistct,,,,,,2023-10-03T01:24:14.475Z,False,False,False,368.748,,Tex. 454th Jud. Dist. Ct.,Texas 454th Judicial District Court,http://www.medinacountytexas.org/page/medina.District.Court,,,ST,,State Trial
texdistct456,texdistct,,,,,,2023-10-03T01:24:14.491Z,False,False,False,368.7481,,Tex. 455th Jud. Dist. Ct.,Texas 455th Judicial District Court,https://www.traviscountytx.gov/courts/civil/district/455th-civil-district-court,,,ST,,State Trial
texdistct457,texdistct,,,,,,2023-10-03T01:24:14.506Z,False,False,False,368.7482,,Tex. 456th Jud. Dist. Ct.,Texas 456th Judicial District Court,https://www.co.guadalupe.tx.us/456/456.php,,,ST,,State Trial
texdistct458,texdistct,,,,,,2023-10-03T01:24:14.523Z,False,False,False,368.7483,,Tex. 457th Jud. Dist. Ct.,Texas 457th Judicial District Court,https://www.mctx.org/departments/departments_d_-_f/district_courts/457th_district_court.php,,,ST,,State Trial
texdistct459,texdistct,,,,,,2023-10-03T01:24:14.540Z,False,False,False,368.7484,,Tex. 458th Jud. Dist. Ct.,Texas 458th Judicial District Court,http://www.fortbendcountytx.gov/index.aspx?page=2015,,,ST,,State Trial
texdistct460,texdistct,,,,,,2023-10-03T01:24:14.557Z,False,False,False,368.7485,,Tex. 459th Jud. Dist. Ct.,Texas 459th Judicial District Court,https://www.traviscountytx.gov/courts/civil/district/459,,,ST,,State Trial
texdistct461,texdistct,,,,,,2023-10-03T01:24:14.572Z,False,False,False,368.7486,,Tex. 460th Jud. Dist. Ct.,Texas 460th Judicial District Court,https://www.traviscountytx.gov/courts/criminal/district/460,,,ST,,State Trial
texdistct462,texdistct,,,,,,2023-10-03T01:24:14.579Z,False,False,False,368.7487,,Tex. 461st Jud. Dist. Ct.,Texas 461st Judicial District Court,https://www.brazoriacountytx.gov/departments/all-courts/district-court/461st-district-court/contact-us,,,ST,,State Trial
texdistct463,texdistct,,,,,,2023-10-03T01:24:14.590Z,False,False,False,368.7488,,Tex. 462nd Jud. Dist. Ct.,Texas 462nd Judicial District Court,https://www.dentoncounty.gov/600/462nd-District-Court,,,ST,,State Trial
texdistct464,texdistct,,,,,,2023-10-03T01:24:14.603Z,False,False,False,368.7489,,Tex. 463rd Jud. Dist. Ct.,Texas 463rd Judicial District Court,https://www.dentoncounty.gov/600/462nd-District-Court,,,ST,,State Trial
texdistct465,texdistct,,,,,,2023-10-03T01:24:14.618Z,False,False,False,368.749,,Tex. 464th Jud. Dist. Ct.,Texas 464th Judicial District Court,https://www.hidalgocounty.us/2418/464th-District-Court,,,ST,,State Trial
texdistct466,texdistct,,,,,,2023-10-03T01:24:14.639Z,False,False,False,368.7491,,Tex. 465th Jud. Dist. Ct.,Texas 465th Judicial District Court,https://www.hidalgocounty.us/2418/464th-District-Court,,,ST,,State Trial
texdistct467,texdistct,,,,,,2023-10-03T01:24:14.647Z,False,False,False,368.7492,,Tex. 466th Jud. Dist. Ct.,Texas 466th Judicial District Court,https://www.co.comal.tx.us/DCT.htm,,,ST,,State Trial
texdistct468,texdistct,,,,,,2023-10-03T01:24:14.663Z,False,False,False,368.7493,,Tex. 467th Jud. Dist. Ct.,Texas 467th Judicial District Court,https://www.dentoncounty.gov/1505/467th-District-Court,,,ST,,State Trial
texdistct469,texdistct,,,,,,2023-10-03T01:24:14.679Z,False,False,False,368.7494,,Tex. 468th Jud. Dist. Ct.,Texas 468th Judicial District Court,https://www.collincountytx.gov/district_courts/Pages/468dc.aspx,,,ST,,State Trial
texdistct470,texdistct,,,,,,2023-10-03T01:24:14.692Z,False,False,False,368.7495,,Tex. 469th Jud. Dist. Ct.,Texas 469th Judicial District Court,http://www.collincountytx.gov/district_courts/Pages/469dc.aspx,,,ST,,State Trial
texdistct471,texdistct,,,,,,2023-10-03T01:24:14.708Z,False,False,False,368.7496,,Tex. 470th Jud. Dist. Ct.,Texas 470th Judicial District Court,http://www.collincountytx.gov/district_courts/Pages/470dc.aspx,,,ST,,State Trial
texdistct472,texdistct,,,,,,2023-10-03T01:24:14.714Z,False,False,False,368.7497,,Tex. 471st Jud. Dist. Ct.,Texas 471st Judicial District Court,https://www.collincountytx.gov/district_courts/Pages/471dc.aspx,,,ST,,State Trial
texdistct473,texdistct,,,,,,2023-10-03T01:24:14.721Z,False,False,False,368.7498,,Tex. 472nd Jud. Dist. Ct.,Texas 472nd Judicial District Court,https://www.collincountytx.gov/district_courts/Pages/471dc.aspx,,,ST,,State Trial
texdistct474,texdistct,,,,,,2023-10-03T01:24:14.735Z,False,False,False,368.7499,,Tex. 473rd Jud. Dist. Ct.,Texas 473rd Judicial District Court,https://www.collincountytx.gov/district_courts/Pages/471dc.aspx,,,ST,,State Trial
texdistct475,texdistct,,,,,,2023-10-03T01:24:14.751Z,False,False,False,368.75,,Tex. 474th Jud. Dist. Ct.,Texas 474th Judicial District Court,https://www.collincountytx.gov/district_courts/Pages/471dc.aspx,,,ST,,State Trial
texdistct476,texdistct,,,,,,2023-10-03T01:24:14.767Z,False,False,False,368.7501,,Tex. 475th Jud. Dist. Ct.,Texas 475th Judicial District Court,https://www.collincountytx.gov/district_courts/Pages/471dc.aspx,,,ST,,State Trial
texdistct477,texdistct,,,,,,2023-10-03T01:24:14.780Z,False,False,False,368.7502,,Tex. 476th Jud. Dist. Ct.,Texas 476th Judicial District Court,https://www.collincountytx.gov/district_courts/Pages/471dc.aspx,,,ST,,State Trial
texdistct478,texdistct,,,,,,2023-10-03T01:24:14.789Z,False,False,False,368.7503,,Tex. 477th Jud. Dist. Ct.,Texas 477th Judicial District Court,https://www.collincountytx.gov/district_courts/Pages/471dc.aspx,,,ST,,State Trial
texdistct479,texdistct,,,,,,2023-10-03T01:24:14.795Z,False,False,False,368.7504,,Tex. 478th Jud. Dist. Ct.,Texas 478th Judicial District Court,,,,ST,,State Trial
texdistct480,texdistct,,,,,,2023-10-03T01:24:14.809Z,False,False,False,368.7505,,Tex. 479th Jud. Dist. Ct.,Texas 479th Judicial District Court,,,,ST,,State Trial
texdistct481,texdistct,,,,,,2023-10-03T01:24:14.821Z,False,False,False,368.7506,,Tex. 480th Jud. Dist. Ct.,Texas 480th Judicial District Court,http://www.randallcounty.org/dcourt/default.htm,,,ST,,State Trial
texdistct482,texdistct,,,,,,2023-10-03T01:24:14.828Z,False,False,False,368.7507,,Tex. 481st Jud. Dist. Ct.,Texas 481st Judicial District Court,https://www.dentoncounty.gov/1574/481st-District-Court,,,ST,,State Trial
texdistct483,texdistct,,,,,,2023-10-03T01:24:14.835Z,False,False,False,368.7508,,Tex. 482nd Jud. Dist. Ct.,Texas 482nd Judicial District Court,https://www.justex.net/Courts/Criminal/CriminalCourt.aspx?crt=101,,,ST,,State Trial
texdistct484,texdistct,,,,,,2023-10-03T01:24:14.841Z,False,False,False,368.7509,,Tex. 483rd Jud. Dist. Ct.,Texas 483rd Judicial District Court,https://www.justex.net/Courts/Criminal/CriminalCourt.aspx?crt=101,,,ST,,State Trial
texdistct485,texdistct,,,,,,2023-10-03T01:24:14.854Z,False,False,False,368.751,,Tex. 484th Jud. Dist. Ct.,Texas 484th Judicial District Court,https://www.cameroncountytx.gov/district-courts/,,,ST,,State Trial
texdistct486,texdistct,,,,,,2023-10-03T01:24:14.871Z,False,False,False,368.7511,,Tex. 485th Jud. Dist. Ct.,Texas 485th Judicial District Court,,,,ST,,State Trial
texdistct487,texdistct,,,,,,2023-10-03T01:24:14.887Z,False,False,False,368.7512,,Tex. 486th Jud. Dist. Ct.,Texas 486th Judicial District Court,,,,ST,,State Trial
texdistct488,texdistct,,,,,,2023-10-03T01:24:14.900Z,False,False,False,368.7513,,Tex. 487th Jud. Dist. Ct.,Texas 487th Judicial District Court,,,,ST,,State Trial
texdistct489,texdistct,,,,,,2023-10-03T01:24:14.915Z,False,False,False,368.7514,,Tex. 488th Jud. Dist. Ct.,Texas 488th Judicial District Court,,,,ST,,State Trial
texdistct490,texdistct,,,,,,2023-10-03T01:24:14.935Z,False,False,False,368.7515,,Tex. 489th Jud. Dist. Ct.,Texas 489th Judicial District Court,,,,ST,,State Trial
texdistct491,texdistct,,,,,,2023-10-03T01:24:14.955Z,False,False,False,368.7516,,Tex. 490th Jud. Dist. Ct.,Texas 490th Judicial District Court,http://access.tarrantcounty.com/en/civil-courts/district-courts/48th-district-court.html,,,ST,,State Trial
texdistct492,texdistct,,,,,,2023-10-03T01:24:14.975Z,False,False,False,368.7517,,Tex. 491st Jud. Dist. Ct.,Texas 491st Judicial District Court,http://access.tarrantcounty.com/en/civil-courts/district-courts/48th-district-court.html,,,ST,,State Trial
texdistct493,texdistct,,,,,,2023-10-03T01:24:14.995Z,False,False,False,368.7518,,Tex. 492nd Jud. Dist. Ct.,Texas 492nd Judicial District Court,http://access.tarrantcounty.com/en/civil-courts/district-courts/48th-district-court.html,,,ST,,State Trial
texdistct494,texdistct,,,,,,2023-10-03T01:24:15.001Z,False,False,False,368.7519,,Tex. 493rd Jud. Dist. Ct.,Texas 493rd Judicial District Court,http://access.tarrantcounty.com/en/civil-courts/district-courts/48th-district-court.html,,,ST,,State Trial
texdistct495,texdistct,,,,,,2023-10-03T01:24:15.012Z,False,False,False,368.752,,Tex. 494th Jud. Dist. Ct.,Texas 494th Judicial District Court,http://access.tarrantcounty.com/en/civil-courts/district-courts/48th-district-court.html,,,ST,,State Trial
texdistct496,texdistct,,,,,,2023-10-03T01:24:15.018Z,False,False,False,368.7521,,Tex. 495th Jud. Dist. Ct.,Texas 495th Judicial District Court,http://access.tarrantcounty.com/en/civil-courts/district-courts/48th-district-court.html,,,ST,,State Trial
texdistct497,texdistct,,,,,,2023-10-03T01:24:15.024Z,False,False,False,368.7522,,Tex. 496th Jud. Dist. Ct.,Texas 496th Judicial District Court,http://access.tarrantcounty.com/en/civil-courts/district-courts/48th-district-court.html,,,ST,,State Trial
texdistct498,texdistct,,,,,,2023-10-03T01:24:15.039Z,False,False,False,368.7523,,Tex. 497th Jud. Dist. Ct.,Texas 497th Judicial District Court,http://access.tarrantcounty.com/en/civil-courts/district-courts/48th-district-court.html,,,ST,,State Trial
texdistct499,texdistct,,,,,,2023-10-03T01:24:15.045Z,False,False,False,368.7524,,Tex. 498th Jud. Dist. Ct.,Texas 498th Judicial District Court,http://access.tarrantcounty.com/en/civil-courts/district-courts/48th-district-court.html,,,ST,,State Trial
texdistct500,texdistct,,,,,,2023-10-03T01:24:15.051Z,False,False,False,368.7525,,Tex. 499th Jud. Dist. Ct.,Texas 499th Judicial District Court,http://access.tarrantcounty.com/en/civil-courts/district-courts/48th-district-court.html,,,ST,,State Trial
texdistct501,texdistct,,,,,,2023-10-03T01:24:15.059Z,False,False,False,368.7526,,Tex. 500th Jud. Dist. Ct.,Texas 500th Judicial District Court,http://co.rusk.tx.us/default.aspx?Rusk_County/District.Court,,,ST,,State Trial
texdistct502,texdistct,,,,,,2023-10-03T01:24:15.070Z,False,False,False,368.7527,,Tex. 501st Jud. Dist. Ct.,Texas 501st Judicial District Court,http://co.rusk.tx.us/default.aspx?Rusk_County/District.Court,,,ST,,State Trial
texdistct503,texdistct,,,,,,2023-10-03T01:24:15.080Z,False,False,False,368.7528,,Tex. 502nd Jud. Dist. Ct.,Texas 502nd Judicial District Court,http://co.rusk.tx.us/default.aspx?Rusk_County/District.Court,,,ST,,State Trial
texdistct504,texdistct,,,,,,2023-10-03T01:24:15.097Z,False,False,False,368.7529,,Tex. 503rd Jud. Dist. Ct.,Texas 503rd Judicial District Court,http://co.rusk.tx.us/default.aspx?Rusk_County/District.Court,,,ST,,State Trial
texdistct505,texdistct,,,,,,2023-10-03T01:24:15.105Z,False,False,False,368.753,,Tex. 504th Jud. Dist. Ct.,Texas 504th Judicial District Court,http://co.rusk.tx.us/default.aspx?Rusk_County/District.Court,,,ST,,State Trial
texdistct506,texdistct,,,,,,2023-10-03T01:24:15.112Z,False,False,False,368.7531,,Tex. 505th Jud. Dist. Ct.,Texas 505th Judicial District Court,http://www.fortbendcountytx.gov/index.aspx?page=1729,,,ST,,State Trial
texdistct507,texdistct,,,,,,2023-10-03T01:24:15.124Z,False,False,False,368.7532,,Tex. 506th Jud. Dist. Ct.,Texas 506th Judicial District Court,http://www.court506.com,,,ST,,State Trial
texdistct508,texdistct,,,,,,2023-10-03T01:24:15.131Z,False,False,False,368.7533,,Tex. 507th Jud. Dist. Ct.,Texas 507th Judicial District Court,https://www.justex.net/Courts/Family/FamilyCourt.aspx?crt=70,,,ST,,State Trial
texcrimdistct1,,,,,,,2022-06-13T13:38:09.892Z,False,False,False,368.7534,,"Tex. Crim. Dist. Ct., No. 1, Dallas Cty.","Texas Criminal District Court, No. 1, Dallas City",,,,ST,,State Trial
texcrimdistct2,,,,,,,2022-06-13T13:38:09.894Z,False,False,False,368.7535,,"Tex. Crim. Dist. Ct., No. 2, Dallas Cty.","Texas Criminal District Court, No. 2, Dallas City",,,,ST,,State Trial
texcrimdistct3,,,,,,,2022-06-13T13:38:09.897Z,False,False,False,368.7536,,"Tex. Crim. Dist. Ct., No. 3, Dallas Cty.","Texas Criminal District Court, No. 3, Dallas City",,,,ST,,State Trial
texcrimdistct4,,,,,,,2022-06-13T13:38:09.900Z,False,False,False,368.7537,,"Tex. Crim. Dist. Ct., No. 4, Dallas Cty.","Texas Criminal District Court, No. 4, Dallas City",,,,ST,,State Trial
texcrimdistct5,,,,,,,2022-06-13T13:38:09.903Z,False,False,False,368.7538,,"Tex. Crim. Dist. Ct., No. 5, Dallas Cty.","Texas Criminal District Court, No. 5, Dallas City",,,,ST,,State Trial
texcrimdistct6,,,,,,,2022-06-13T13:38:09.905Z,False,False,False,368.7539,,"Tex. Crim. Dist. Ct., No. 6, Dallas Cty.","Texas Criminal District Court, No. 6, Dallas City",,,,ST,,State Trial
texcrimdistct7,,,,,,,2022-06-13T13:38:09.907Z,False,False,False,368.754,,"Tex. Crim. Dist. Ct., No. 7, Dallas Cty.","Texas Criminal District Court, No. 7, Dallas City",,,,ST,,State Trial
texcrimdistct8,,,,,,,2022-06-13T13:38:09.909Z,False,False,False,368.7541,,"Tex. Crim. Dist. Ct., Jefferson Cty.","Texas Criminal District Court, Jefferson City",,,,ST,,State Trial
texctyct,,,,,,,2022-06-13T13:38:09.912Z,False,False,False,368.7542,,Tex. Cty. Ct.,Texas City Court,,,,ST,,State Trial
texctyct1,texctyct,,,,,,2023-10-03T01:24:15.139Z,False,False,False,368.7543,,"Tex. Cty. Ct., Angelina Cty.","Texas City Court, Angelina City",,,,ST,,State Trial
texctyct2,texctyct,,,,,,2023-10-03T01:24:15.149Z,False,False,False,368.7544,,"Tex. Cty. Ct., Angelina Cty. Ct. at Law No. 1","Texas City Court, Angelina City Court at Law No. 1",,,,ST,,State Trial
texctyct3,texctyct,,,,,,2023-10-03T01:24:15.159Z,False,False,False,368.7545,,"Tex. Cty. Ct., Austin Cty.","Texas City Court, Austin City",,,,ST,,State Trial
texctyct4,texctyct,,,,,,2023-10-03T01:24:15.175Z,False,False,False,368.7546,,"Tex. Cty. Ct., Austin Cty. Ct. at Law","Texas City Court, Austin City Court at Law",,,,ST,,State Trial
texctyct5,texctyct,,,,,,2023-10-03T01:24:15.184Z,False,False,False,368.7547,,"Tex. Cty. Ct., Bastrop Cty.","Texas City Court, Bastrop City",,,,ST,,State Trial
texctyct6,texctyct,,,,,,2023-10-03T01:24:15.195Z,False,False,False,368.7548,,"Tex. Cty. Ct., Bell Cty. Ct. at Law No. 1","Texas City Court, Bell City Court at Law No. 1",,,,ST,,State Trial
texctyct7,texctyct,,,,,,2023-10-03T01:24:15.207Z,False,False,False,368.7549,,"Tex. Cty. Ct., Bell Cty. Ct. at Law No. 3","Texas City Court, Bell City Court at Law No. 3",,,,ST,,State Trial
texctyct8,texctyct,,,,,,2023-10-03T01:24:15.227Z,False,False,False,368.755,,"Tex. Cty. Ct., Bexar Cty.","Texas City Court, Bexar City",,,,ST,,State Trial
texctyct9,texctyct,,,,,,2023-10-03T01:24:15.236Z,False,False,False,368.7551,,"Tex. Cty. Ct., Bexar Cty. Ct. at Law No. 1","Texas City Court, Bexar City Court at Law No. 1",,,,ST,,State Trial
texctyct10,texctyct,,,,,,2023-10-03T01:24:15.255Z,False,False,False,368.7552,,"Tex. Cty. Ct., Bexar Cty. Ct. at Law No. 2","Texas City Court, Bexar City Court at Law No. 2",,,,ST,,State Trial
texctyct11,texctyct,,,,,,2023-10-03T01:24:15.271Z,False,False,False,368.7553,,"Tex. Cty. Ct., Bexar Cty. Ct. at Law No. 3","Texas City Court, Bexar City Court at Law No. 3",,,,ST,,State Trial
texctyct12,texctyct,,,,,,2023-10-03T01:24:15.282Z,False,False,False,368.7554,,"Tex. Cty. Ct., Bexar Cty. Ct. at Law No. 5","Texas City Court, Bexar City Court at Law No. 5",,,,ST,,State Trial
texctyct13,texctyct,,,,,,2023-10-03T01:24:15.295Z,False,False,False,368.7555,,"Tex. Cty. Ct., Bowie Cty. Ct. at Law","Texas City Court, Bowie City Court at Law",,,,ST,,State Trial
texctyct14,texctyct,,,,,,2023-10-03T01:24:15.310Z,False,False,False,368.7556,,"Tex. Cty. Ct., Brazoria Cty. Ct. at Law No. 2","Texas City Court, Brazoria City Court at Law No. 2",,,,ST,,State Trial
texctyct15,texctyct,,,,,,2023-10-03T01:24:15.327Z,False,False,False,368.7557,,"Tex. Cty. Ct., Brazoria Cty. Ct. at Law No. 3","Texas City Court, Brazoria City Court at Law No. 3",,,,ST,,State Trial
texctyct16,texctyct,,,,,,2023-10-03T01:24:15.339Z,False,False,False,368.7558,,"Tex. Cty. Ct., Brazoria Cty. Ct. at Law No. 4","Texas City Court, Brazoria City Court at Law No. 4",,,,ST,,State Trial
texctyct17,texctyct,,,,,,2023-10-03T01:24:15.350Z,False,False,False,368.7559,,"Tex. Cty. Ct., Brazos Cty. Ct. at Law No. 1","Texas City Court, Brazos City Court at Law No. 1",,,,ST,,State Trial
texctyct18,texctyct,,,,,,2023-10-03T01:24:15.359Z,False,False,False,368.756,,"Tex. Cty. Ct., Brazos Cty. Ct. at Law No. 2","Texas City Court, Brazos City Court at Law No. 2",,,,ST,,State Trial
texctyct19,texctyct,,,,,,2023-10-03T01:24:15.370Z,False,False,False,368.7561,,"Tex. Cty. Ct., Burnet Cty.","Texas City Court, Burnet City",,,,ST,,State Trial
texctyct20,texctyct,,,,,,2023-10-03T01:24:15.383Z,False,False,False,368.7562,,"Tex. Cty. Ct., Burnet Cty. Ct. at Law","Texas City Court, Burnet City Court at Law",,,,ST,,State Trial
texctyct21,texctyct,,,,,,2023-10-03T01:24:15.399Z,False,False,False,368.7563,,"Tex. Cty. Ct., Caldwell Cty.","Texas City Court, Caldwell City",,,,ST,,State Trial
texctyct22,texctyct,,,,,,2023-10-03T01:24:15.415Z,False,False,False,368.7564,,"Tex. Cty. Ct., Caldwell Cty. Ct. at Law","Texas City Court, Caldwell City Court at Law",,,,ST,,State Trial
texctyct23,texctyct,,,,,,2023-10-03T01:24:15.431Z,False,False,False,368.7565,,"Tex. Cty. Ct., Calhoun Cty. Ct. at Law No. 1","Texas City Court, Calhoun City Court at Law No. 1",,,,ST,,State Trial
texctyct24,texctyct,,,,,,2023-10-03T01:24:15.451Z,False,False,False,368.7566,,"Tex. Cty. Ct., Cameron Cty. Ct. at Law No. 1","Texas City Court, Cameron City Court at Law No. 1",,,,ST,,State Trial
texctyct25,texctyct,,,,,,2023-10-03T01:24:15.463Z,False,False,False,368.7567,,"Tex. Cty. Ct., Cameron Cty. Ct. at Law No. 2","Texas City Court, Cameron City Court at Law No. 2",,,,ST,,State Trial
texctyct26,texctyct,,,,,,2023-10-03T01:24:15.469Z,False,False,False,368.7568,,"Tex. Cty. Ct., Cameron Cty. Ct. at Law No. 3","Texas City Court, Cameron City Court at Law No. 3",,,,ST,,State Trial
texctyct27,texctyct,,,,,,2023-10-03T01:24:15.481Z,False,False,False,368.7569,,"Tex. Cty. Ct., Chambers Cty.","Texas City Court, Chambers City",,,,ST,,State Trial
texctyct28,texctyct,,,,,,2023-10-03T01:24:15.488Z,False,False,False,368.757,,"Tex. Cty. Ct., Cherokee Cty. Ct. at Law","Texas City Court, Cherokee City Court at Law",,,,ST,,State Trial
texctyct29,texctyct,,,,,,2023-10-03T01:24:15.495Z,False,False,False,368.7571,,"Tex. Cty. Ct., Collin Cty. Ct. at Law No. 4","Texas City Court, Collin City Court at Law No. 4",,,,ST,,State Trial
texctyct30,texctyct,,,,,,2023-10-03T01:24:15.504Z,False,False,False,368.7572,,"Tex. Cty. Ct., Collin Cty. Ct. at Law No. 5","Texas City Court, Collin City Court at Law No. 5",,,,ST,,State Trial
texctyct31,texctyct,,,,,,2023-10-03T01:24:15.514Z,False,False,False,368.7573,,"Tex. Cty. Ct., Collin Cty. Ct. at Law No. 6","Texas City Court, Collin City Court at Law No. 6",,,,ST,,State Trial
texctyct32,texctyct,,,,,,2023-10-03T01:24:15.531Z,False,False,False,368.7574,,"Tex. Cty. Ct., Comal Cty. Ct. at Law No. 1","Texas City Court, Comal City Court at Law No. 1",,,,ST,,State Trial
texctyct33,texctyct,,,,,,2023-10-03T01:24:15.547Z,False,False,False,368.7575,,"Tex. Cty. Ct., Coryell Cty. Ct. at Law","Texas City Court, Coryell City Court at Law",,,,ST,,State Trial
texctyct34,texctyct,,,,,,2023-10-03T01:24:15.554Z,False,False,False,368.7576,,"Tex. Cty. Ct., Dallas Cty.","Texas City Court, Dallas City",,,,ST,,State Trial
texctyct35,texctyct,,,,,,2023-10-03T01:24:15.571Z,False,False,False,368.7577,,"Tex. Cty. Ct., Dallas Cty. Ct. at Law No. 1","Texas City Court, Dallas City Court at Law No. 1",,,,ST,,State Trial
texctyct36,texctyct,,,,,,2023-10-03T01:24:15.584Z,False,False,False,368.7578,,"Tex. Cty. Ct., Dallas Cty. Ct. at Law No. 2","Texas City Court, Dallas City Court at Law No. 2",,,,ST,,State Trial
texctyct37,texctyct,,,,,,2023-10-03T01:24:15.596Z,False,False,False,368.7579,,"Tex. Cty. Ct., Dallas Cty. Ct. at Law No. 3","Texas City Court, Dallas City Court at Law No. 3",,,,ST,,State Trial
texctyct38,texctyct,,,,,,2023-10-03T01:24:15.619Z,False,False,False,368.758,,"Tex. Cty. Ct., Dallas Cty. Ct. at Law No. 4","Texas City Court, Dallas City Court at Law No. 4",,,,ST,,State Trial
texctyct39,texctyct,,,,,,2023-10-03T01:24:15.632Z,False,False,False,368.7581,,"Tex. Cty. Ct., Dallas Cty. Ct. at Law No. 5","Texas City Court, Dallas City Court at Law No. 5",,,,ST,,State Trial
texctyct40,texctyct,,,,,,2023-10-03T01:24:15.640Z,False,False,False,368.7582,,"Tex. Cty. Ct., Dallas Cty. Crim. Ct. No. 1","Texas City Court, Dallas City Criminal Court No. 1",,,,ST,,State Trial
texctyct41,texctyct,,,,,,2023-10-03T01:24:15.655Z,False,False,False,368.7583,,"Tex. Cty. Ct., Dallas Cty. Crim. Ct. No. 3","Texas City Court, Dallas City Criminal Court No. 3",,,,ST,,State Trial
texctyct42,texctyct,,,,,,2023-10-03T01:24:15.676Z,False,False,False,368.7584,,"Tex. Cty. Ct., Dallas Cty. Crim. Ct. No. 5","Texas City Court, Dallas City Criminal Court No. 5",,,,ST,,State Trial
texctyct43,texctyct,,,,,,2023-10-03T01:24:15.691Z,False,False,False,368.7585,,"Tex. Cty. Ct., Dallas Cty. Crim. Ct. No. 6","Texas City Court, Dallas City Criminal Court No. 6",,,,ST,,State Trial
texctyct44,texctyct,,,,,,2023-10-03T01:24:15.705Z,False,False,False,368.7586,,"Tex. Cty. Ct., Dallas Cty. Crim. Ct. No. 7","Texas City Court, Dallas City Criminal Court No. 7",,,,ST,,State Trial
texctyct45,texctyct,,,,,,2023-10-03T01:24:15.711Z,False,False,False,368.7587,,"Tex. Cty. Ct., Dallas Cty. Crim. Ct. No. 10","Texas City Court, Dallas City Criminal Court No. 10",,,,ST,,State Trial
texctyct46,texctyct,,,,,,2023-10-03T01:24:15.727Z,False,False,False,368.7588,,"Tex. Cty. Ct., Denton Cty. Ct. at Law No. 2","Texas City Court, Denton City Court at Law No. 2",,,,ST,,State Trial
texctyct47,texctyct,,,,,,2023-10-03T01:24:15.743Z,False,False,False,368.7589,,"Tex. Cty. Ct., Denton Cty. Crim. Ct. No. 1","Texas City Court, Denton City Criminal Court No. 1",,,,ST,,State Trial
texctyct48,texctyct,,,,,,2023-10-03T01:24:15.759Z,False,False,False,368.759,,"Tex. Cty. Ct., Denton Cty. Crim. Ct. No. 3","Texas City Court, Denton City Criminal Court No. 3",,,,ST,,State Trial
texctyct49,texctyct,,,,,,2023-10-03T01:24:15.773Z,False,False,False,368.7591,,"Tex. Cty. Ct., Ector Cty. Ct. at Law No. 2","Texas City Court, Ector City Court at Law No. 2",,,,ST,,State Trial
texctyct50,texctyct,,,,,,2023-10-03T01:24:15.795Z,False,False,False,368.7592,,"Tex. Cty. Ct., El Paso Cty. Ct. at Law No. 1","Texas City Court, El Paso City Court at Law No. 1",,,,ST,,State Trial
texctyct51,texctyct,,,,,,2023-10-03T01:24:15.811Z,False,False,False,368.7593,,"Tex. Cty. Ct., El Paso Cty. Ct. at Law No. 2","Texas City Court, El Paso City Court at Law No. 2",,,,ST,,State Trial
texctyct52,texctyct,,,,,,2023-10-03T01:24:15.827Z,False,False,False,368.7594,,"Tex. Cty. Ct., El Paso Cty. Ct. at Law No. 3","Texas City Court, El Paso City Court at Law No. 3",,,,ST,,State Trial
texctyct53,texctyct,,,,,,2023-10-03T01:24:15.843Z,False,False,False,368.7595,,"Tex. Cty. Ct., El Paso Cty. Ct. at Law No. 5","Texas City Court, El Paso City Court at Law No. 5",,,,ST,,State Trial
texctyct54,texctyct,,,,,,2023-10-03T01:24:15.859Z,False,False,False,368.7596,,"Tex. Cty. Ct., El Paso Cty. Ct. at Law No. 6","Texas City Court, El Paso City Court at Law No. 6",,,,ST,,State Trial
texctyct55,texctyct,,,,,,2023-10-03T01:24:15.875Z,False,False,False,368.7597,,"Tex. Cty. Ct., El Paso Cty. Ct. at Law No. 7","Texas City Court, El Paso City Court at Law No. 7",,,,ST,,State Trial
texctyct56,texctyct,,,,,,2023-10-03T01:24:15.889Z,False,False,False,368.7598,,"Tex. Cty. Ct., Fort Bend Cty.","Texas City Court, Fort Bend City",,,,ST,,State Trial
texctyct57,texctyct,,,,,,2023-10-03T01:24:15.899Z,False,False,False,368.7599,,"Tex. Cty. Ct., Fort Bend Cty. Ct. at Law No. 1","Texas City Court, Fort Bend City Court at Law No. 1",,,,ST,,State Trial
texctyct58,texctyct,,,,,,2023-10-03T01:24:15.911Z,False,False,False,368.76,,"Tex. Cty. Ct., Fort Bend Cty. Ct. at Law No. 2","Texas City Court, Fort Bend City Court at Law No. 2",,,,ST,,State Trial
texctyct59,texctyct,,,,,,2023-10-03T01:24:15.925Z,False,False,False,368.7601,,"Tex. Cty. Ct., Fort Bend Cty. Ct. at Law No. 3","Texas City Court, Fort Bend City Court at Law No. 3",,,,ST,,State Trial
texctyct60,texctyct,,,,,,2023-10-03T01:24:15.939Z,False,False,False,368.7602,,"Tex. Cty. Ct., Fort Bend Cty. Ct. at Law No. 4","Texas City Court, Fort Bend City Court at Law No. 4",,,,ST,,State Trial
texctyct61,texctyct,,,,,,2023-10-03T01:24:15.947Z,False,False,False,368.7603,,"Tex. Cty. Ct., Franklin Cty.","Texas City Court, Franklin City",,,,ST,,State Trial
texctyct62,texctyct,,,,,,2023-10-03T01:24:15.967Z,False,False,False,368.7604,,"Tex. Cty. Ct., Galveston Cty.","Texas City Court, Galveston City",,,,ST,,State Trial
texctyct63,texctyct,,,,,,2023-10-03T01:24:15.985Z,False,False,False,368.7605,,"Tex. Cty. Ct., Galveston Cty. Ct. at Law No. 1","Texas City Court, Galveston City Court at Law No. 1",,,,ST,,State Trial
texctyct64,texctyct,,,,,,2023-10-03T01:24:16.003Z,False,False,False,368.7606,,"Tex. Cty. Ct., Galveston Cty. Ct. at Law No. 2","Texas City Court, Galveston City Court at Law No. 2",,,,ST,,State Trial
texctyct65,texctyct,,,,,,2023-10-03T01:24:16.019Z,False,False,False,368.7607,,"Tex. Cty. Ct., Galveston Cty. Ct. at Law No. 3","Texas City Court, Galveston City Court at Law No. 3",,,,ST,,State Trial
texctyct66,texctyct,,,,,,2023-10-03T01:24:16.035Z,False,False,False,368.7608,,"Tex. Cty. Ct., Grayson Cty. Ct. at Law No. 2","Texas City Court, Grayson City Court at Law No. 2",,,,ST,,State Trial
texctyct67,texctyct,,,,,,2023-10-03T01:24:16.049Z,False,False,False,368.7609,,"Tex. Cty. Ct., Gregg Cty. Ct. at Law No. 2","Texas City Court, Gregg City Court at Law No. 2",,,,ST,,State Trial
texctyct68,texctyct,,,,,,2023-10-03T01:24:16.067Z,False,False,False,368.761,,"Tex. Cty. Ct., Guadalupe Cty.","Texas City Court, Guadalupe City",,,,ST,,State Trial
texctyct69,texctyct,,,,,,2023-10-03T01:24:16.087Z,False,False,False,368.7611,,"Tex. Cty. Ct., Harris Cty.","Texas City Court, Harris City",,,,ST,,State Trial
texctyct70,texctyct,,,,,,2023-10-03T01:24:16.103Z,False,False,False,368.7612,,"Tex. Cty. Ct., Harris Cty. Crim. Ct. at Law No. 3","Texas City Court, Harris City Criminal Court at Law No.",,,,ST,,State Trial
texctyct71,texctyct,,,,,,2023-10-03T01:24:16.127Z,False,False,False,368.7613,,"Tex. Cty. Ct., Harris Cty. Crim. Ct. at Law No. 4","Texas City Court, Harris City Criminal Court at Law No.",,,,ST,,State Trial
texctyct72,texctyct,,,,,,2023-10-03T01:24:16.143Z,False,False,False,368.7614,,"Tex. Cty. Ct., Harris Cty. Crim. Ct. at Law No. 11","Texas City Court, Harris City Criminal Court at Law No.",,,,ST,,State Trial
texctyct73,texctyct,,,,,,2023-10-03T01:24:16.150Z,False,False,False,368.7615,,"Tex. Cty. Ct., Harris Cty. Civ. Ct. at Law No. 1","Texas City Court, Harris City Civ. Court at Law No. 1",,,,ST,,State Trial
texctyct74,texctyct,,,,,,2023-10-03T01:24:16.160Z,False,False,False,368.7616,,"Tex. Cty. Ct., Harris Cty. Civ. Ct. at Law No. 2","Texas City Court, Harris City Civ. Court at Law No. 2",,,,ST,,State Trial
texctyct75,texctyct,,,,,,2023-10-03T01:24:16.165Z,False,False,False,368.7617,,"Tex. Cty. Ct., Harris Cty. Civ. Ct. at Law No. 3","Texas City Court, Harris City Civ. Court at Law No. 3",,,,ST,,State Trial
texctyct76,texctyct,,,,,,2023-10-03T01:24:16.182Z,False,False,False,368.7618,,"Tex. Cty. Ct., Harris Cty. Civ. Ct. at Law No. 4","Texas City Court, Harris City Civ. Court at Law No. 4",,,,ST,,State Trial
texctyct77,texctyct,,,,,,2023-10-03T01:24:16.199Z,False,False,False,368.7619,,"Tex. Cty. Ct., Hays Cty.","Texas City Court, Hays City",,,,ST,,State Trial
texctyct78,texctyct,,,,,,2023-10-03T01:24:16.206Z,False,False,False,368.762,,"Tex. Cty. Ct., Henderson Cty.","Texas City Court, Henderson City",,,,ST,,State Trial
texctyct79,texctyct,,,,,,2023-10-03T01:24:16.223Z,False,False,False,368.7621,,"Tex. Cty. Ct., Hidalgo Cty. Ct. at Law No. 1","Texas City Court, Hidalgo City Court at Law No. 1",,,,ST,,State Trial
texctyct80,texctyct,,,,,,2023-10-03T01:24:16.239Z,False,False,False,368.7622,,"Tex. Cty. Ct., Hidalgo Cty. Ct. at Law No. 4","Texas City Court, Hidalgo City Court at Law No. 4",,,,ST,,State Trial
texctyct81,texctyct,,,,,,2023-10-03T01:24:16.253Z,False,False,False,368.7623,,"Tex. Cty. Ct., Hidalgo Cty. Ct. at Law No. 5","Texas City Court, Hidalgo City Court at Law No. 5",,,,ST,,State Trial
texctyct82,texctyct,,,,,,2023-10-03T01:24:16.271Z,False,False,False,368.7624,,"Tex. Cty. Ct., Hidalgo Cty. Ct. at Law No. 6","Texas City Court, Hidalgo City Court at Law No. 6",,,,ST,,State Trial
texctyct83,texctyct,,,,,,2023-10-03T01:24:16.287Z,False,False,False,368.7625,,"Tex. Cty. Ct., Hidalgo Cty. Ct. at Law No. 7","Texas City Court, Hidalgo City Court at Law No. 7",,,,ST,,State Trial
texctyct84,texctyct,,,,,,2023-10-03T01:24:16.299Z,False,False,False,368.7626,,"Tex. Cty. Ct., Hidalgo Cty. Ct. at Law No. 8","Texas City Court, Hidalgo City Court at Law No. 8",,,,ST,,State Trial
texctyct85,texctyct,,,,,,2023-10-03T01:24:16.306Z,False,False,False,368.7627,,"Tex. Cty. Ct., Hill Cty.","Texas City Court, Hill City",,,,ST,,State Trial
texctyct86,texctyct,,,,,,2023-10-03T01:24:16.319Z,False,False,False,368.7628,,"Tex. Cty. Ct., Hood Cty.","Texas City Court, Hood City",,,,ST,,State Trial
texctyct87,texctyct,,,,,,2023-10-03T01:24:16.329Z,False,False,False,368.7629,,"Tex. Cty. Ct., Hopkins Cty.","Texas City Court, Hopkins City",,,,ST,,State Trial
texctyct88,texctyct,,,,,,2023-10-03T01:24:16.339Z,False,False,False,368.763,,"Tex. Cty. Ct., Houston Cty.","Texas City Court, Houston City",,,,ST,,State Trial
texctyct89,texctyct,,,,,,2023-10-03T01:24:16.354Z,False,False,False,368.7631,,"Tex. Cty. Ct., Howard Cty.","Texas City Court, Howard City",,,,ST,,State Trial
texctyct90,texctyct,,,,,,2023-10-03T01:24:16.361Z,False,False,False,368.7632,,"Tex. Cty. Ct., Jasper Cty.","Texas City Court, Jasper City",,,,ST,,State Trial
texctyct91,texctyct,,,,,,2023-10-03T01:24:16.367Z,False,False,False,368.7633,,"Tex. Cty. Ct., Jefferson Cty.","Texas City Court, Jefferson City",,,,ST,,State Trial
texctyct92,texctyct,,,,,,2023-10-03T01:24:16.375Z,False,False,False,368.7634,,"Tex. Cty. Ct., Jefferson Cty. Ct. at Law No. 1","Texas City Court, Jefferson City Court at Law No. 1",,,,ST,,State Trial
texctyct93,texctyct,,,,,,2023-10-03T01:24:16.387Z,False,False,False,368.7635,,"Tex. Cty. Ct., Jefferson Cty. Ct. at Law No. 2","Texas City Court, Jefferson City Court at Law No. 2",,,,ST,,State Trial
texctyct94,texctyct,,,,,,2023-10-03T01:24:16.403Z,False,False,False,368.7636,,"Tex. Cty. Ct., Karnes Cty.","Texas City Court, Karnes City",,,,ST,,State Trial
texctyct95,texctyct,,,,,,2023-10-03T01:24:16.413Z,False,False,False,368.7637,,"Tex. Cty. Ct., Kaufman Cty. Ct. at Law No. 2","Texas City Court, Kaufman City Court at Law No. 2",,,,ST,,State Trial
texctyct96,texctyct,,,,,,2023-10-03T01:24:16.420Z,False,False,False,368.7638,,"Tex. Cty. Ct., Kendall Cty.","Texas City Court, Kendall City",,,,ST,,State Trial
texctyct97,texctyct,,,,,,2023-10-03T01:24:16.433Z,False,False,False,368.7639,,"Tex. Cty. Ct., Kerr Cty.","Texas City Court, Kerr City",,,,ST,,State Trial
texctyct98,texctyct,,,,,,2023-10-03T01:24:16.443Z,False,False,False,368.764,,"Tex. Cty. Ct., Kerr Cty. Ct. at Law","Texas City Court, Kerr City Court at Law",,,,ST,,State Trial
texctyct99,texctyct,,,,,,2023-10-03T01:24:16.459Z,False,False,False,368.7641,,"Tex. Cty. Ct., Kleberg Cty.","Texas City Court, Kleberg City",,,,ST,,State Trial
texctyct100,texctyct,,,,,,2023-10-03T01:24:16.475Z,False,False,False,368.7642,,"Tex. Cty. Ct., Lamar Cty.","Texas City Court, Lamar City",,,,ST,,State Trial
texctyct101,texctyct,,,,,,2023-10-03T01:24:16.485Z,False,False,False,368.7643,,"Tex. Cty. Ct., Leon Cty.","Texas City Court, Leon City",,,,ST,,State Trial
texctyct102,texctyct,,,,,,2023-10-03T01:24:16.507Z,False,False,False,368.7644,,"Tex. Cty. Ct., Liberty Cty. Ct. at Law","Texas City Court, Liberty City Court at Law",,,,ST,,State Trial
texctyct103,texctyct,,,,,,2023-10-03T01:24:16.519Z,False,False,False,368.7645,,"Tex. Cty. Ct., Lubbock Cty. Ct. at Law No. 1","Texas City Court, Lubbock City Court at Law No. 1",,,,ST,,State Trial
texctyct104,texctyct,,,,,,2023-10-03T01:24:16.530Z,False,False,False,368.7646,,"Tex. Cty. Ct., McCulloch Cty.","Texas City Court, McCulloch City",,,,ST,,State Trial
texctyct105,texctyct,,,,,,2023-10-03T01:24:16.549Z,False,False,False,368.7647,,"Tex. Cty. Ct., McLennan Cty.","Texas City Court, McLennan City",,,,ST,,State Trial
texctyct106,texctyct,,,,,,2023-10-03T01:24:16.559Z,False,False,False,368.7648,,"Tex. Cty. Ct., McLennan Cty. Ct. at Law No. 2","Texas City Court, McLennan City Court at Law No. 2",,,,ST,,State Trial
texctyct107,texctyct,,,,,,2023-10-03T01:24:16.575Z,False,False,False,368.7649,,"Tex. Cty. Ct., Midland Cty.","Texas City Court, Midland City",,,,ST,,State Trial
texctyct108,texctyct,,,,,,2023-10-03T01:24:16.590Z,False,False,False,368.765,,"Tex. Cty. Ct., Montgomery Cty.","Texas City Court, Montgomery City",,,,ST,,State Trial
texctyct109,texctyct,,,,,,2023-10-03T01:24:16.599Z,False,False,False,368.7651,,"Tex. Cty. Ct., Montgomery Cty. Ct. at Law No. 1","Texas City Court, Montgomery City Court at Law No. 1",,,,ST,,State Trial
texctyct110,texctyct,,,,,,2023-10-03T01:24:16.615Z,False,False,False,368.7652,,"Tex. Cty. Ct., Montgomery Cty. Ct. at Law No. 2","Texas City Court, Montgomery City Court at Law No. 2",,,,ST,,State Trial
texctyct111,texctyct,,,,,,2023-10-03T01:24:16.631Z,False,False,False,368.7653,,"Tex. Cty. Ct., Montgomery Cty. Ct. at Law No. 3","Texas City Court, Montgomery City Court at Law No. 3",,,,ST,,State Trial
texctyct112,texctyct,,,,,,2023-10-03T01:24:16.637Z,False,False,False,368.7654,,"Tex. Cty. Ct., Montgomery Cty. Ct. at Law No. 4","Texas City Court, Montgomery City Court at Law No. 4",,,,ST,,State Trial
texctyct113,texctyct,,,,,,2023-10-03T01:24:16.643Z,False,False,False,368.7655,,"Tex. Cty. Ct., Montgomery Cty. Ct. at Law No. 5","Texas City Court, Montgomery City Court at Law No. 5",,,,ST,,State Trial
texctyct114,texctyct,,,,,,2023-10-03T01:24:16.657Z,False,False,False,368.7656,,"Tex. Cty. Ct., Nacogdoches Cty.","Texas City Court, Nacogdoches City",,,,ST,,State Trial
texctyct115,texctyct,,,,,,2023-10-03T01:24:16.667Z,False,False,False,368.7657,,"Tex. Cty. Ct., Nueces Cty. Ct. at Law No. 1","Texas City Court, Nueces City Court at Law No. 1",,,,ST,,State Trial
texctyct116,texctyct,,,,,,2023-10-03T01:24:16.683Z,False,False,False,368.7658,,"Tex. Cty. Ct., Nueces Cty. Ct. at Law No. 2","Texas City Court, Nueces City Court at Law No. 2",,,,ST,,State Trial
texctyct117,texctyct,,,,,,2023-10-03T01:24:16.695Z,False,False,False,368.7659,,"Tex. Cty. Ct., Nueces Cty. Ct. at Law No. 3","Texas City Court, Nueces City Court at Law No. 3",,,,ST,,State Trial
texctyct118,texctyct,,,,,,2023-10-03T01:24:16.703Z,False,False,False,368.766,,"Tex. Cty. Ct., Nueces Cty. Ct. at Law No. 4","Texas City Court, Nueces City Court at Law No. 4",,,,ST,,State Trial
texctyct119,texctyct,,,,,,2023-10-03T01:24:16.715Z,False,False,False,368.7661,,"Tex. Cty. Ct., Nueces Cty. Ct. at Law No. 5","Texas City Court, Nueces City Court at Law No. 5",,,,ST,,State Trial
texctyct120,texctyct,,,,,,2023-10-03T01:24:16.726Z,False,False,False,368.7662,,"Tex. Cty. Ct., Ochiltree Cty.","Texas City Court, Ochiltree City",,,,ST,,State Trial
texctyct121,texctyct,,,,,,2023-10-03T01:24:16.738Z,False,False,False,368.7663,,"Tex. Cty. Ct., Orange Cty.","Texas City Court, Orange City",,,,ST,,State Trial
texctyct122,texctyct,,,,,,2023-10-03T01:24:16.748Z,False,False,False,368.7664,,"Tex. Cty. Ct., Orange Cty. Ct. at Law No. 2","Texas City Court, Orange City Court at Law No. 2",,,,ST,,State Trial
texctyct123,texctyct,,,,,,2023-10-03T01:24:16.762Z,False,False,False,368.7665,,"Tex. Cty. Ct., Panola Cty.","Texas City Court, Panola City",,,,ST,,State Trial
texctyct124,texctyct,,,,,,2023-10-03T01:24:16.781Z,False,False,False,368.7666,,"Tex. Cty. Ct., Parker Cty. Ct. at Law No. 1","Texas City Court, Parker City Court at Law No. 1",,,,ST,,State Trial
texctyct125,texctyct,,,,,,2023-10-03T01:24:16.793Z,False,False,False,368.7667,,"Tex. Cty. Ct., Polk Cty.","Texas City Court, Polk City",,,,ST,,State Trial
texctyct126,texctyct,,,,,,2023-10-03T01:24:16.808Z,False,False,False,368.7668,,"Tex. Cty. Ct., Polk Cty. Ct. at Law","Texas City Court, Polk City Court at Law",,,,ST,,State Trial
texctyct127,texctyct,,,,,,2023-10-03T01:24:16.814Z,False,False,False,368.7669,,"Tex. Cty. Ct., Potter Cty.","Texas City Court, Potter City",,,,ST,,State Trial
texctyct128,texctyct,,,,,,2023-10-03T01:24:16.822Z,False,False,False,368.767,,"Tex. Cty. Ct., Potter Cty. Ct. at Law No. 1","Texas City Court, Potter City Court at Law No. 1",,,,ST,,State Trial
texctyct129,texctyct,,,,,,2023-10-03T01:24:16.832Z,False,False,False,368.7671,,"Tex. Cty. Ct., Red River Cty.","Texas City Court, Red River City",,,,ST,,State Trial
texctyct130,texctyct,,,,,,2023-10-03T01:24:16.847Z,False,False,False,368.7672,,"Tex. Cty. Ct., San Jacinto Cty.","Texas City Court, San Jacinto City",,,,ST,,State Trial
texctyct131,texctyct,,,,,,2023-10-03T01:24:16.863Z,False,False,False,368.7673,,"Tex. Cty. Ct., San Patricio Cty.","Texas City Court, San Patricio City",,,,ST,,State Trial
texctyct132,texctyct,,,,,,2023-10-03T01:24:16.874Z,False,False,False,368.7674,,"Tex. Cty. Ct., San Patricio Cty. Ct. at Law","Texas City Court, San Patricio City Court at Law",,,,ST,,State Trial
texctyct133,texctyct,,,,,,2023-10-03T01:24:16.887Z,False,False,False,368.7675,,"Tex. Cty. Ct., Smith Cty. Ct. at Law No. 2","Texas City Court, Smith City Court at Law No. 2",,,,ST,,State Trial
texctyct134,texctyct,,,,,,2023-10-03T01:24:16.899Z,False,False,False,368.7676,,"Tex. Cty. Ct., Tarrant Cty.","Texas City Court, Tarrant City",,,,ST,,State Trial
texctyct135,texctyct,,,,,,2023-10-03T01:24:16.910Z,False,False,False,368.7677,,"Tex. Cty. Ct., Tarrant Cty. Ct. at Law No. 1","Texas City Court, Tarrant City Court at Law No. 1",,,,ST,,State Trial
texctyct136,texctyct,,,,,,2023-10-03T01:24:16.922Z,False,False,False,368.7678,,"Tex. Cty. Ct., Tarrant Cty. Ct. at Law No. 2","Texas City Court, Tarrant City Court at Law No. 2",,,,ST,,State Trial
texctyct137,texctyct,,,,,,2023-10-03T01:24:16.932Z,False,False,False,368.7679,,"Tex. Cty. Ct., Tarrant Cty. Ct. at Law No. 3","Texas City Court, Tarrant City Court at Law No. 3",,,,ST,,State Trial
texctyct138,texctyct,,,,,,2023-10-03T01:24:16.939Z,False,False,False,368.768,,"Tex. Cty. Ct., Taylor Cty. Ct. at Law No. 2","Texas City Court, Taylor City Court at Law No. 2",,,,ST,,State Trial
texctyct139,texctyct,,,,,,2023-10-03T01:24:16.955Z,False,False,False,368.7681,,"Tex. Cty. Ct., Travis Cty.","Texas City Court, Travis City",,,,ST,,State Trial
texctyct140,texctyct,,,,,,2023-10-03T01:24:16.967Z,False,False,False,368.7682,,"Tex. Cty. Ct., Travis Cty. Ct. at Law No. 1","Texas City Court, Travis City Court at Law No. 1",,,,ST,,State Trial
texctyct141,texctyct,,,,,,2023-10-03T01:24:16.983Z,False,False,False,368.7683,,"Tex. Cty. Ct., Travis Cty. Ct. at Law No. 2","Texas City Court, Travis City Court at Law No. 2",,,,ST,,State Trial
texctyct142,texctyct,,,,,,2023-10-03T01:24:16.999Z,False,False,False,368.7684,,"Tex. Cty. Ct., Travis Cty. Ct. at Law No. 3","Texas City Court, Travis City Court at Law No. 3",,,,ST,,State Trial
texctyct143,texctyct,,,,,,2023-10-03T01:24:17.010Z,False,False,False,368.7685,,"Tex. Cty. Ct., Trinity Cty.","Texas City Court, Trinity City",,,,ST,,State Trial
texctyct144,texctyct,,,,,,2023-10-03T01:24:17.017Z,False,False,False,368.7686,,"Tex. Cty. Ct., Val Verde Cty. Ct. at Law","Texas City Court, Val Verde City Court at Law",,,,ST,,State Trial
texctyct145,texctyct,,,,,,2023-10-03T01:24:17.023Z,False,False,False,368.7687,,"Tex. Cty. Ct., Walker Cty. Ct. at Law","Texas City Court, Walker City Court at Law",,,,ST,,State Trial
texctyct146,texctyct,,,,,,2023-10-03T01:24:17.033Z,False,False,False,368.7688,,"Tex. Cty. Ct., Waller Cty.","Texas City Court, Waller City",,,,ST,,State Trial
texctyct147,texctyct,,,,,,2023-10-03T01:24:17.047Z,False,False,False,368.7689,,"Tex. Cty. Ct., Waller Cty. Ct. at Law","Texas City Court, Waller City Court at Law",,,,ST,,State Trial
texctyct148,texctyct,,,,,,2023-10-03T01:24:17.063Z,False,False,False,368.769,,"Tex. Cty. Ct., Wash. Cty. Ct. at Law","Texas City Court, Wash. City Court at Law",,,,ST,,State Trial
texctyct149,texctyct,,,,,,2023-10-03T01:24:17.075Z,False,False,False,368.7691,,"Tex. Cty. Ct., Webb Cty. Ct. at Law No. 1","Texas City Court, Webb City Court at Law No. 1",,,,ST,,State Trial
texctyct150,texctyct,,,,,,2023-10-03T01:24:17.088Z,False,False,False,368.7692,,"Tex. Cty. Ct., Webb Cty. Ct. at Law No. 2","Texas City Court, Webb City Court at Law No. 2",,,,ST,,State Trial
texctyct151,texctyct,,,,,,2023-10-03T01:24:17.094Z,False,False,False,368.7693,,"Tex. Cty. Ct., Wichita Cty. Ct. at Law No. 2","Texas City Court, Wichita City Court at Law No. 2",,,,ST,,State Trial
texctyct152,texctyct,,,,,,2023-10-03T01:24:17.102Z,False,False,False,368.7694,,"Tex. Cty. Ct., Willacy Cty.","Texas City Court, Willacy City",,,,ST,,State Trial
texctyct153,texctyct,,,,,,2023-10-03T01:24:17.108Z,False,False,False,368.7695,,"Tex. Cty. Ct., Williamson Cty. Ct. at Law No. 1","Texas City Court, Williamson City Court at Law No. 1",,,,ST,,State Trial
texctyct154,texctyct,,,,,,2023-10-03T01:24:17.116Z,False,False,False,368.7696,,"Tex. Cty. Ct., Williamson Cty. Ct. at Law No. 2","Texas City Court, Williamson City Court at Law No. 2",,,,ST,,State Trial
texctyct155,texctyct,,,,,,2023-10-03T01:24:17.127Z,False,False,False,368.7697,,"Tex. Cty. Ct., Williamson Cty. Ct. at Law No. 3","Texas City Court, Williamson City Court at Law No. 3",,,,ST,,State Trial
texctyct156,texctyct,,,,,,2023-10-03T01:24:17.143Z,False,False,False,368.7698,,"Tex. Cty. Ct., Williamson Cty. Ct. at Law No. 4","Texas City Court, Williamson City Court at Law No. 4",,,,ST,,State Trial
texctyct157,texctyct,,,,,,2023-10-03T01:24:17.155Z,False,False,False,368.7699,,"Tex. Cty. Ct., Young Cty.","Texas City Court, Young City",,,,ST,,State Trial
texprobct,,,,,,,2022-06-13T13:38:10.278Z,False,False,False,368.77,,Tex. Prob. Ct.,Texas Probate Court,,,,ST,,State Trial
texprobct1,,,,,,,2022-06-13T13:38:10.284Z,False,False,False,368.7701,,"Tex. Prob. Ct., Dallas No. 2","Texas Probate Court, Dallas No. 2",,,,ST,,State Trial
utah,,,,,,,2013-08-14T16:46:30Z,True,True,False,369.0,Utah,Utah Supreme Court,Utah Supreme Court,http://www.utcourts.gov/opinions/supopin/index.htm,1850-01-01,,S,,State Supreme
utahctapp,,,,,,,2021-12-21T00:17:58.416Z,True,True,False,369.1,Utah Ct. App.,Court of Appeals of Utah,Court of Appeals of Utah,http://www.utcourts.gov/courts/appell/,1987-01-17,,SA,Lawbox,State Appellate
slcregrec,,,,,,,2022-12-15T18:01:59.887Z,False,False,False,369.15,,Salt Lake City Register and Receiver,Salt Lake City Register and Receiver,,,,SS,,State Special
vt,,,,,,,2013-09-09T17:24:51Z,True,True,False,369.2,Vt.,Supreme Court of Vermont,Supreme Court of Vermont,http://www.vermontjudiciary.org/gtc/supreme/default.aspx,1778-01-01,,S,Lawbox,State Supreme
vtsuperct,,,,,,,2018-04-23T23:31:46.174Z,True,True,False,369.25,Vt. Super. Ct. ,Vermont Superior Court,Vermont Superior Court,https://www.vermontjudiciary.org/court-divisions,,,SA,,State Appellate
va,,,,,,,2013-09-09T17:23:22Z,True,True,False,369.4,Va.,Supreme Court of Virginia,Supreme Court of Virginia,http://www.courts.state.va.us/courts/scv/,1779-01-01,,S,Lawbox,State Supreme
vagensess,,,,,,,2022-02-04T15:18:06.721Z,False,False,False,369.405,,General Court of Virginia,General Court of Virginia,,,,SS,,State Special
vactapp,,,,,,,2013-09-09T17:05:43Z,True,True,False,369.5,Va. Ct. App.,Court of Appeals of Virginia,Court of Appeals of Virginia,http://www.courts.state.va.us/courts/cav/,1985-01-01,,SA,Lawbox,State Appellate
vachanct,,,,,,,2023-10-02T15:36:39.685Z,False,False,False,369.6,,Virginia Chancery Court,Virginia Chancery Court,,1802-01-01,,ST,,State Trial
vacc,,,,,,,2022-11-18T02:51:00.289Z,False,False,False,369.7,,Virginia Circuit Court,Virginia Circuit Court,,,,ST,Created as part of import of Case.Law data.,State Trial
vaccaccomack,vacc,,,,,,2023-10-03T01:24:17.171Z,False,False,False,369.701,Accomack Cir. Ct.,Accomack County Circuit Court,Accomack County Circuit Court,,,,ST,Created as part of import of Case.Law data.,State Trial
vaccalbemarle,vacc,,,,,,2023-10-03T01:24:17.191Z,False,False,False,369.702,Albemarle Cir. Ct.,Albemarle County Circuit Court,Albemarle County Circuit Court,,,,ST,Created as part of import of Case.Law data.,State Trial
vaccalexandria,vacc,,,,,,2023-10-03T01:24:17.207Z,False,False,False,369.703,Alexandria Cir. Ct.,Alexandria County Circuit Court,Alexandria County Circuit Court,,,,ST,Created as part of import of Case.Law data.,State Trial
vaccalleghany,vacc,,,,,,2023-10-03T01:24:17.219Z,False,False,False,369.704,Alleghany Cir. Ct.,Alleghany County Circuit Court,Alleghany County Circuit Court,,,,ST,Created as part of import of Case.Law data.,State Trial
vaccamelia,vacc,,,,,,2023-10-03T01:24:17.233Z,False,False,False,369.705,Amelia Cir. Ct.,Amelia County Circuit Court,Amelia County Circuit Court,,,,ST,Created as part of import of Case.Law data.,State Trial
vaccamherst,vacc,,,,,,2023-10-03T01:24:17.247Z,False,False,False,369.706,Amherst Cir. Ct.,Amherst County Circuit Court,Amherst County Circuit Court,,,,ST,Created as part of import of Case.Law data.,State Trial
vaccarlington,vacc,,,,,,2023-10-03T01:24:17.253Z,False,False,False,369.707,Arlington Cir. Ct.,Arlington County Circuit Court,Arlington County Circuit Court,,,,ST,Created as part of import of Case.Law data.,State Trial
vaccaugusta,vacc,,,,,,2023-10-03T01:24:17.259Z,False,False,False,369.708,Augusta Cir. Ct.,Augusta County Circuit Court,Augusta County Circuit Court,,,,ST,Created as part of import of Case.Law data.,State Trial
vaccbath,vacc,,,,,,2023-10-03T01:24:17.279Z,False,False,False,369.709,Bath Cir. Ct.,Bath County Circuit Court,Bath County Circuit Court,,,,ST,Created as part of import of Case.Law data.,State Trial
vaccbedford,vacc,,,,,,2023-10-03T01:24:17.295Z,False,False,False,369.71,Bedford Cir. Ct.,Bedford County Circuit Court,Bedford County Circuit Court,,,,ST,Created as part of import of Case.Law data.,State Trial
vaccbotetourt,vacc,,,,,,2023-10-03T01:24:17.311Z,False,False,False,369.711,Botetourt Cir. Ct.,Botetourt County Circuit Court,Botetourt County Circuit Court,,,,ST,Created as part of import of Case.Law data.,State Trial
vaccbristol,vacc,,,,,,2023-10-03T01:24:17.323Z,False,False,False,369.712,Bristol Cir. Ct.,Bristol County Circuit Court,Bristol County Circuit Court,,,,ST,Created as part of import of Case.Law data.,State Trial
vaccbrunswick,vacc,,,,,,2023-10-03T01:24:17.343Z,False,False,False,369.713,Brunswick Cir. Ct.,Brunswick County Circuit Court,Brunswick County Circuit Court,,,,ST,Created as part of import of Case.Law data.,State Trial
vaccbuchanan,vacc,,,,,,2023-10-03T01:24:17.350Z,False,False,False,369.714,Buchanan Cir. Ct.,Buchanan County Circuit Court,Buchanan County Circuit Court,,,,ST,Created as part of import of Case.Law data.,State Trial
vaccbuckingham,vacc,,,,,,2023-10-03T01:24:17.356Z,False,False,False,369.715,Buckingham Cir. Ct.,Buckingham County Circuit Court,Buckingham County Circuit Court,,,,ST,Created as part of import of Case.Law data.,State Trial
vacccampbell,vacc,,,,,,2023-10-03T01:24:17.375Z,False,False,False,369.716,Campbell Cir. Ct.,Campbell County Circuit Court,Campbell County Circuit Court,,,,ST,Created as part of import of Case.Law data.,State Trial
vacccaroline,vacc,,,,,,2023-10-03T01:24:17.381Z,False,False,False,369.717,Caroline Cir. Ct.,Caroline County Circuit Court,Caroline County Circuit Court,,,,ST,Created as part of import of Case.Law data.,State Trial
vacccarroll,vacc,,,,,,2023-10-03T01:24:17.388Z,False,False,False,369.7175,Carroll Cir. Ct.,Carroll County Circuit Court,Carroll County Circuit Court,,,,ST,,State Trial
vacccharles,vacc,,,,,,2023-10-03T01:24:17.403Z,False,False,False,369.718,Charles City Cir. Ct.,Charles City County Circuit Court,Charles City County Circuit Court,,,,ST,Created as part of import of Case.Law data.,State Trial
vaccclarke,vacc,,,,,,2023-10-03T01:24:17.415Z,False,False,False,369.7185,Clarke Cir. Ct.,Clarke County Circuit Court,Clarke County Circuit Court,,,,ST,,State Trial
vacccharlottesv,vacc,,,,,,2023-10-03T01:24:17.427Z,False,False,False,369.719,Charlottesville Cir. Ct.,Charlottesville County Circuit Court,Charlottesville County Circuit Court,,,,ST,Created as part of import of Case.Law data.,State Trial
vaccchesapeake,vacc,,,,,,2023-10-03T01:24:17.443Z,False,False,False,369.72,Chesapeake Cir. Ct.,Chesapeake County Circuit Court,Chesapeake County Circuit Court,,,,ST,Created as part of import of Case.Law data.,State Trial
vaccchesterfiel,vacc,,,,,,2023-10-03T01:24:17.452Z,False,False,False,369.721,Chesterfield Cir. Ct.,Chesterfield County Circuit Court,Chesterfield County Circuit Court,,,,ST,Created as part of import of Case.Law data.,State Trial
vacccolonialh,vacc,,,,,,2023-10-03T01:24:17.458Z,False,False,False,369.722,Colonial Heights Cir. Ct.,Colonial Heights County Circuit Court,Colonial Heights County Circuit Court,,,,ST,Created as part of import of Case.Law data.,State Trial
vacccraig,vacc,,,,,,2023-10-03T01:24:17.479Z,False,False,False,369.723,Craig Cir. Ct.,Craig County Circuit Court,Craig County Circuit Court,,,,ST,Created as part of import of Case.Law data.,State Trial
vaccculpeper,vacc,,,,,,2023-10-03T01:24:17.499Z,False,False,False,369.724,Culpeper Cir. Ct.,Culpeper County Circuit Court,Culpeper County Circuit Court,,,,ST,Created as part of import of Case.Law data.,State Trial
vaccdanville,vacc,,,,,,2023-10-03T01:24:17.515Z,False,False,False,369.725,Danville Cir. Ct.,Danville County Circuit Court,Danville County Circuit Court,,,,ST,Created as part of import of Case.Law data.,State Trial
vaccdickenson,vacc,,,,,,2023-10-03T01:24:17.531Z,False,False,False,369.726,Dickenson Cir. Ct.,Dickenson County Circuit Court,Dickenson County Circuit Court,,,,ST,Created as part of import of Case.Law data.,State Trial
vaccdinwiddie,vacc,,,,,,2023-10-03T01:24:17.547Z,False,False,False,369.727,Dinwiddie Cir. Ct.,Dinwiddie County Circuit Court,Dinwiddie County Circuit Court,,,,ST,Created as part of import of Case.Law data.,State Trial
vaccessex,vacc,,,,,,2023-10-03T01:24:17.567Z,False,False,False,369.7275,Essex Cir. Ct.,Essex County Circuit Court,Essex County Circuit Court,,,,ST,,State Trial
vaccfairfax,vacc,,,,,,2023-10-03T01:24:17.579Z,False,False,False,369.728,Fairfax Cir. Ct.,Fairfax County Circuit Court,Fairfax County Circuit Court,,,,ST,Created as part of import of Case.Law data.,State Trial
vaccfauquier,vacc,,,,,,2023-10-03T01:24:17.585Z,False,False,False,369.729,Fauquier Cir. Ct.,Fauquier County Circuit Court,Fauquier County Circuit Court,,,,ST,Created as part of import of Case.Law data.,State Trial
vaccfloyd,vacc,,,,,,2023-10-03T01:24:17.603Z,False,False,False,369.73,Floyd Cir. Ct.,Floyd County Circuit Court,Floyd County Circuit Court,,,,ST,Created as part of import of Case.Law data.,State Trial
vaccfluvanna,vacc,,,,,,2023-10-03T01:24:17.609Z,False,False,False,369.731,Fluvanna Cir. Ct.,Fluvanna County Circuit Court,Fluvanna County Circuit Court,,,,ST,Created as part of import of Case.Law data.,State Trial
vaccfranklin,vacc,,,,,,2023-10-03T01:24:17.619Z,False,False,False,369.7315,Franklin Cir. Ct.,Franklin County Circuit Court,Franklin County Circuit Court,,,,ST,,State Trial
vaccfrederick,vacc,,,,,,2023-10-03T01:24:17.631Z,False,False,False,369.732,Frederick Cir. Ct.,Frederick County Circuit Court,Frederick County Circuit Court,,,,ST,Created as part of import of Case.Law data.,State Trial
vaccfredericksb,vacc,,,,,,2023-10-03T01:24:17.641Z,False,False,False,369.733,Fredericksburg Cir. Ct.,Fredericksburg County Circuit Court,Fredericksburg County Circuit Court,,,,ST,Created as part of import of Case.Law data.,State Trial
vaccgiles,vacc,,,,,,2023-10-03T01:24:17.649Z,False,False,False,369.734,Giles Cir. Ct.,Giles County Circuit Court,Giles County Circuit Court,,,,ST,Created as part of import of Case.Law data.,State Trial
vaccgloucester,vacc,,,,,,2023-10-03T01:24:17.663Z,False,False,False,369.7345,Gloucester Cir. Ct.,Gloucester County Circuit Court,Gloucester County Circuit Court,,,,ST,,State Trial
vaccgoochland,vacc,,,,,,2023-10-03T01:24:17.683Z,False,False,False,369.735,Goochland Cir. Ct.,Goochland County Circuit Court,Goochland County Circuit Court,,,,ST,Created as part of import of Case.Law data.,State Trial
vaccgrayson,vacc,,,,,,2023-10-03T01:24:17.692Z,False,False,False,369.736,Grayson Cir. Ct.,Grayson County Circuit Court,Grayson County Circuit Court,,,,ST,Created as part of import of Case.Law data.,State Trial
vaccgreene,vacc,,,,,,2023-10-03T01:24:17.711Z,False,False,False,369.7365,Greene Cir. Ct.,Greene County Circuit Court,Greene County Circuit Court,,,,ST,,State Trial
vaccgreensville,vacc,,,,,,2023-10-03T01:24:17.725Z,False,False,False,369.737,Greensville Cir. Ct.,Greensville County Circuit Court,Greensville County Circuit Court,,,,ST,Created as part of import of Case.Law data.,State Trial
vacchalifax,vacc,,,,,,2023-10-03T01:24:17.734Z,False,False,False,369.738,Halifax Cir. Ct.,Halifax County Circuit Court,Halifax County Circuit Court,,,,ST,Created as part of import of Case.Law data.,State Trial
vacchampton,vacc,,,,,,2023-10-03T01:24:17.755Z,False,False,False,369.739,Hampton Cir. Ct.,Hampton County Circuit Court,Hampton County Circuit Court,,,,ST,Created as part of import of Case.Law data.,State Trial
vacchanover,vacc,,,,,,2023-10-03T01:24:17.775Z,False,False,False,369.74,Hanover Cir. Ct.,Hanover County Circuit Court,Hanover County Circuit Court,,,,ST,Created as part of import of Case.Law data.,State Trial
vacchenrico,vacc,,,,,,2023-10-03T01:24:17.787Z,False,False,False,369.741,Henrico Cir. Ct.,Henrico County Circuit Court,Henrico County Circuit Court,,,,ST,Created as part of import of Case.Law data.,State Trial
vacchenry,vacc,,,,,,2023-10-03T01:24:17.799Z,False,False,False,369.7415,Henry Cir. Ct.,Henry County Circuit Court,Henry County Circuit Court,,,,ST,,State Trial
vacchighland,vacc,,,,,,2023-10-03T01:24:17.810Z,False,False,False,369.7416,Highland Cir. Ct.,Highland County Circuit Court,Highland County Circuit Court,,,,ST,,State Trial
vacchopewell,vacc,,,,,,2023-10-03T01:24:17.819Z,False,False,False,369.742,Hopewell Cir. Ct.,Hopewell County Circuit Court,Hopewell County Circuit Court,,,,ST,Created as part of import of Case.Law data.,State Trial
vaccisle,vacc,,,,,,2023-10-03T01:24:17.830Z,False,False,False,369.743,Isle of Wight Cir. Ct.,Isle of Wight County Circuit Court,Isle of Wight County Circuit Court,,,,ST,Created as part of import of Case.Law data.,State Trial
vacckinggeorge,vacc,,,,,,2023-10-03T01:24:17.843Z,False,False,False,369.744,King George Cir. Ct.,King George County Circuit Court,King George County Circuit Court,,,,ST,Created as part of import of Case.Law data.,State Trial
vacckingwilliam,vacc,,,,,,2023-10-03T01:24:17.852Z,False,False,False,369.745,King William Cir. Ct.,King William County Circuit Court,King William County Circuit Court,,,,ST,Created as part of import of Case.Law data.,State Trial
vacclancaster,vacc,,,,,,2023-10-03T01:24:17.867Z,False,False,False,369.746,Lancaster Cir. Ct.,Lancaster County Circuit Court,Lancaster County Circuit Court,,,,ST,Created as part of import of Case.Law data.,State Trial
vaccloudoun,vacc,,,,,,2023-10-03T01:24:17.880Z,False,False,False,369.747,Loudoun Cir. Ct.,Loudoun County Circuit Court,Loudoun County Circuit Court,,,,ST,Created as part of import of Case.Law data.,State Trial
vacclouisa,vacc,,,,,,2023-10-03T01:24:17.887Z,False,False,False,369.748,Louisa Cir. Ct.,Louisa County Circuit Court,Louisa County Circuit Court,,,,ST,Created as part of import of Case.Law data.,State Trial
vacclynchburg,vacc,,,,,,2023-10-03T01:24:17.903Z,False,False,False,369.749,Lynchburg Cir. Ct.,Lynchburg County Circuit Court,Lynchburg County Circuit Court,,,,ST,Created as part of import of Case.Law data.,State Trial
vaccmadison,vacc,,,,,,2023-10-03T01:24:17.914Z,False,False,False,369.7495,Madison Cir. Ct.,Madison County Circuit Court,Madison County Circuit Court,,,,ST,,State Trial
vaccmartinsvill,vacc,,,,,,2023-10-03T01:24:17.931Z,False,False,False,369.75,Martinsville Cir. Ct.,Martinsville County Circuit Court,Martinsville County Circuit Court,,,,ST,Created as part of import of Case.Law data.,State Trial
vaccmathews,vacc,,,,,,2023-10-03T01:24:17.947Z,False,False,False,369.751,Mathews Cir. Ct.,Mathews County Circuit Court,Mathews County Circuit Court,,,,ST,Created as part of import of Case.Law data.,State Trial
vaccmecklenburg,vacc,,,,,,2023-10-03T01:24:17.959Z,False,False,False,369.752,Mecklenburg Cir. Ct.,Mecklenburg County Circuit Court,Mecklenburg County Circuit Court,,,,ST,Created as part of import of Case.Law data.,State Trial
vaccmiddlesex,vacc,,,,,,2023-10-03T01:24:17.975Z,False,False,False,369.7525,Middlesex Cir. Ct.,Middlesex County Circuit Court,Middlesex County Circuit Court,,,,ST,,State Trial
vaccmontgomery,vacc,,,,,,2023-10-03T01:24:17.991Z,False,False,False,369.7526,Montgomery Cir. Ct.,Montgomery County Circuit Court,Montgomery County Circuit Court,,,,ST,,State Trial
vaccnelson,vacc,,,,,,2023-10-03T01:24:17.997Z,False,False,False,369.753,Nelson Cir. Ct.,Nelson County Circuit Court,Nelson County Circuit Court,,,,ST,Created as part of import of Case.Law data.,State Trial
vaccnewkent,vacc,,,,,,2023-10-03T01:24:18.003Z,False,False,False,369.754,New Kent Cir. Ct.,New Kent County Circuit Court,New Kent County Circuit Court,,,,ST,Created as part of import of Case.Law data.,State Trial
vaccnewportnew,vacc,,,,,,2023-10-03T01:24:18.015Z,False,False,False,369.755,Newport News Cir. Ct.,Newport News County Circuit Court,Newport News County Circuit Court,,,,ST,Created as part of import of Case.Law data.,State Trial
vaccnorfolk,vacc,,,,,,2023-10-03T01:24:18.027Z,False,False,False,369.756,Norfolk Cir. Ct.,Norfolk County Circuit Court,Norfolk County Circuit Court,,,,ST,Created as part of import of Case.Law data.,State Trial
vaccnorthampton,vacc,,,,,,2023-10-03T01:24:18.034Z,False,False,False,369.757,Northampton Cir. Ct.,Northampton County Circuit Court,Northampton County Circuit Court,,,,ST,Created as part of import of Case.Law data.,State Trial
vaccnorthumberl,vacc,,,,,,2023-10-03T01:24:18.046Z,False,False,False,369.758,Northumberland Cir. Ct.,Northumberland County Circuit Court,Northumberland County Circuit Court,,,,ST,Created as part of import of Case.Law data.,State Trial
vaccnottoway,vacc,,,,,,2023-10-03T01:24:18.053Z,False,False,False,369.759,Nottoway Cir. Ct.,Nottoway County Circuit Court,Nottoway County Circuit Court,,,,ST,Created as part of import of Case.Law data.,State Trial
vaccpage,vacc,,,,,,2023-10-03T01:24:18.071Z,False,False,False,369.76,Page Cir. Ct.,Page County Circuit Court,Page County Circuit Court,,,,ST,Created as part of import of Case.Law data.,State Trial
vaccpatrick,vacc,,,,,,2023-10-03T01:24:18.085Z,False,False,False,369.761,Patrick Cir. Ct.,Patrick County Circuit Court,Patrick County Circuit Court,,,,ST,Created as part of import of Case.Law data.,State Trial
vaccpetersburg,vacc,,,,,,2023-10-03T01:24:18.099Z,False,False,False,369.762,Petersburg Cir. Ct.,Petersburg County Circuit Court,Petersburg County Circuit Court,,,,ST,Created as part of import of Case.Law data.,State Trial
vaccpittsylvani,vacc,,,,,,2023-10-03T01:24:18.111Z,False,False,False,369.763,Pittsylvania Cir. Ct.,Pittsylvania County Circuit Court,Pittsylvania County Circuit Court,,,,ST,Created as part of import of Case.Law data.,State Trial
vaccportsmouth,vacc,,,,,,2023-10-03T01:24:18.125Z,False,False,False,369.764,Portsmouth Cir. Ct.,Portsmouth County Circuit Court,Portsmouth County Circuit Court,,,,ST,Created as part of import of Case.Law data.,State Trial
vaccpowhatan,vacc,,,,,,2023-10-03T01:24:18.143Z,False,False,False,369.765,Powhatan Cir. Ct.,Powhatan County Circuit Court,Powhatan County Circuit Court,,,,ST,Created as part of import of Case.Law data.,State Trial
vaccprinceedwa,vacc,,,,,,2023-10-03T01:24:18.157Z,False,False,False,369.766,Prince Edward Cir. Ct.,Prince Edward County Circuit Court,Prince Edward County Circuit Court,,,,ST,Created as part of import of Case.Law data.,State Trial
vaccprincegeo,vacc,,,,,,2023-10-03T01:24:18.167Z,False,False,False,369.767,Prince George Cir. Ct.,Prince George County Circuit Court,Prince George County Circuit Court,,,,ST,Created as part of import of Case.Law data.,State Trial
vaccprincewill,vacc,,,,,,2023-10-03T01:24:18.175Z,False,False,False,369.768,Prince William Cir. Ct.,Prince William County Circuit Court,Prince William County Circuit Court,,,,ST,Created as part of import of Case.Law data.,State Trial
vaccpulaski,vacc,,,,,,2023-10-03T01:24:18.191Z,False,False,False,369.769,Pulaski Cir. Ct.,Pulaski County Circuit Court,Pulaski County Circuit Court,,,,ST,Created as part of import of Case.Law data.,State Trial
vaccradford,vacc,,,,,,2023-10-03T01:24:18.200Z,False,False,False,369.77,Radford Cir. Ct.,Radford County Circuit Court,Radford County Circuit Court,,,,ST,Created as part of import of Case.Law data.,State Trial
vaccrappahannoc,vacc,,,,,,2023-10-03T01:24:18.215Z,False,False,False,369.771,Rappahannock Cir. Ct.,Rappahannock County Circuit Court,Rappahannock County Circuit Court,,,,ST,Created as part of import of Case.Law data.,State Trial
vaccrichcity,vacc,,,,,,2023-10-03T01:24:18.227Z,False,False,False,369.772,Richmond City Cir. Ct.,Richmond City Circuit Court,Richmond City Circuit Court,,,,ST,Created as part of import of Case.Law data.,State Trial
vaccrichmondcty,vacc,,,,,,2023-10-03T01:24:18.239Z,False,False,False,369.773,Richmond County Cir. Ct.,Richmond County Circuit Court,Richmond County Circuit Court,,,,ST,Created as part of import of Case.Law data.,State Trial
vaccroanokecty,vacc,,,,,,2023-10-03T01:24:18.255Z,False,False,False,369.774,Roanoke County Cir. Ct.,Roanoke County Circuit Court,Roanoke County Circuit Court,,,,ST,Created as part of import of Case.Law data.,State Trial
vaccrockbridge,vacc,,,,,,2023-10-03T01:24:18.266Z,False,False,False,369.775,Rockbridge Cir. Ct.,Rockbridge County Circuit Court,Rockbridge County Circuit Court,,,,ST,Created as part of import of Case.Law data.,State Trial
vaccrockingham,vacc,,,,,,2023-10-03T01:24:18.280Z,False,False,False,369.776,Rockingham Cir. Ct.,Rockingham County Circuit Court,Rockingham County Circuit Court,,,,ST,Created as part of import of Case.Law data.,State Trial
vaccrussell,vacc,,,,,,2023-10-03T01:24:18.295Z,False,False,False,369.777,Russell Cir. Ct.,Russell County Circuit Court,Russell County Circuit Court,,,,ST,Created as part of import of Case.Law data.,State Trial
vaccsalem,vacc,,,,,,2023-10-03T01:24:18.311Z,False,False,False,369.778,Salem Cir. Ct.,Salem County Circuit Court,Salem County Circuit Court,,,,ST,Created as part of import of Case.Law data.,State Trial
vaccscott,vacc,,,,,,2023-10-03T01:24:18.324Z,False,False,False,369.779,Scott Cir. Ct.,Scott County Circuit Court,Scott County Circuit Court,,,,ST,Created as part of import of Case.Law data.,State Trial
vaccshenandoah,vacc,,,,,,2023-10-03T01:24:18.331Z,False,False,False,369.78,Shenandoah Cir. Ct.,Shenandoah County Circuit Court,Shenandoah County Circuit Court,,,,ST,Created as part of import of Case.Law data.,State Trial
vaccsmyth,vacc,,,,,,2023-10-03T01:24:18.347Z,False,False,False,369.781,Smyth Cir. Ct.,Smyth County Circuit Court,Smyth County Circuit Court,,,,ST,Created as part of import of Case.Law data.,State Trial
vaccsouthampton,vacc,,,,,,2023-10-03T01:24:18.363Z,False,False,False,369.782,Southampton Cir. Ct.,Southampton County Circuit Court,Southampton County Circuit Court,,,,ST,Created as part of import of Case.Law data.,State Trial
vaccspotsylvani,vacc,,,,,,2023-10-03T01:24:18.375Z,False,False,False,369.783,Spotsylvania Cir. Ct.,Spotsylvania County Circuit Court,Spotsylvania County Circuit Court,,,,ST,Created as part of import of Case.Law data.,State Trial
vaccstafford,vacc,,,,,,2023-10-03T01:24:18.391Z,False,False,False,369.784,Stafford Cir. Ct.,Stafford County Circuit Court,Stafford County Circuit Court,,,,ST,Created as part of import of Case.Law data.,State Trial
vaccstaunton,vacc,,,,,,2023-10-03T01:24:18.411Z,False,False,False,369.785,Staunton Cir. Ct.,Staunton County Circuit Court,Staunton County Circuit Court,,,,ST,Created as part of import of Case.Law data.,State Trial
vaccsuffolk,vacc,,,,,,2023-10-03T01:24:18.425Z,False,False,False,369.786,Suffolk Cir. Ct.,Suffolk County Circuit Court,Suffolk County Circuit Court,,,,ST,Created as part of import of Case.Law data.,State Trial
vaccsurry,vacc,,,,,,2023-10-03T01:24:18.432Z,False,False,False,369.787,Surry Cir. Ct.,Surry County Circuit Court,Surry County Circuit Court,,,,ST,Created as part of import of Case.Law data.,State Trial
vaccsussex,vacc,,,,,,2023-10-03T01:24:18.438Z,False,False,False,369.7875,Sussex Cir. Ct.,Sussex County Circuit Court,Sussex County Circuit Court,,,,ST,,State Trial
vacctazewell,vacc,,,,,,2023-10-03T01:24:18.451Z,False,False,False,369.788,Tazewell Cir. Ct.,Tazewell County Circuit Court,Tazewell County Circuit Court,,,,ST,Created as part of import of Case.Law data.,State Trial
vaccvabeach,vacc,,,,,,2023-10-03T01:24:18.471Z,False,False,False,369.789,Virginia Beach Cir. Ct.,Virginia Beach County Circuit Court,Virginia Beach County Circuit Court,,,,ST,Created as part of import of Case.Law data.,State Trial
vaccwarren,vacc,,,,,,2023-10-03T01:24:18.503Z,False,False,False,369.7895,Warren Cir. Ct.,Warren County Circuit Court,Warren County Circuit Court,,,,ST,,State Trial
vaccwashington,vacc,,,,,,2023-10-03T01:24:18.520Z,False,False,False,369.7896,Washington Cir. Ct.,Washington County Circuit Court,Washington County Circuit Court,,,,ST,,State Trial
vaccwaynesboro,vacc,,,,,,2023-10-03T01:24:18.535Z,False,False,False,369.79,Waynesboro Cir. Ct.,Waynesboro County Circuit Court,Waynesboro County Circuit Court,,,,ST,Created as part of import of Case.Law data.,State Trial
vaccwestmorelan,vacc,,,,,,2023-10-03T01:24:18.548Z,False,False,False,369.791,Westmoreland Cir. Ct.,Westmoreland County Circuit Court,Westmoreland County Circuit Court,,,,ST,Created as part of import of Case.Law data.,State Trial
vaccwilliams,vacc,,,,,,2023-10-03T01:24:18.556Z,False,False,False,369.792,Williamsburg and James Cir. Ct.,Williamsburg and James County Circuit Court,Williamsburg and James County Circuit Court,,,,ST,Created as part of import of Case.Law data.,State Trial
vaccwinchester,vacc,,,,,,2023-10-03T01:24:18.567Z,False,False,False,369.793,Winchester Cir. Ct.,Winchester County Circuit Court,Winchester County Circuit Court,,,,ST,Created as part of import of Case.Law data.,State Trial
vaccwise,vacc,,,,,,2023-10-03T01:24:18.583Z,False,False,False,369.794,Wise Norton Cir. Ct.,Wise & Norton County Circuit Court,Wise & Norton County Circuit Court,,,,ST,Created as part of import of Case.Law data.,State Trial
vaccwythe,vacc,,,,,,2023-10-03T01:24:18.596Z,False,False,False,369.795,Wythe Cir. Ct.,Wythe County Circuit Court,Wythe County Circuit Court,,,,ST,Created as part of import of Case.Law data.,State Trial
vaccyork,vacc,,,,,,2023-10-03T01:24:18.615Z,False,False,False,369.796,York County & Poquoson Cir. Ct.,York County Poquoson County Circuit Court,York County Poquoson County Circuit Court,,,,ST,Created as part of import of Case.Law data.,State Trial
vachanctnorf,vachanct,,,,,,2023-10-03T01:24:18.631Z,False,False,False,369.8,,"Norfolk Chancery Court, Virginia","Norfolk Chancery Court, Virginia",,,,ST,Created as part of import of Case.Law data.,State Trial
vachanctrich,vachanct,,,,,,2023-10-03T01:24:18.639Z,False,False,False,369.82,,"Richmond Chancery Court, Virginia","Richmond Chancery Court, Virginia",,,,ST,Created as part of import of Case.Law data.,State Trial
vacorpct,,,,,,,2023-10-02T15:36:39.690Z,False,False,False,369.85,,Virginia Corporation Court,Virginia Coporation Court,,,,ST,Created as part of import of Case.Law data.,State Trial
vacorpctradford,vacorpct,,,,,,2023-10-03T01:24:18.656Z,False,False,False,369.851,,"Radford Corporation Court, Va.","Radford Corporation Court, Va.",,,,ST,Created as part of import of Case.Law data.,State Trial
vacorpctsbris,vacorpct,,,,,,2023-10-03T01:24:18.662Z,False,False,False,369.852,,"Bristol Corporation Court, Va.","Bristol Corporation Court, Va.",,,,ST,Created as part of import of Case.Law data.,State Trial
vacorpctslynch,vacorpct,,,,,,2023-10-03T01:24:18.675Z,False,False,False,369.853,,"Lynchburg Corporation Court, Va.","Lynchburg Corporation Court, Va.",,,,ST,Created as part of import of Case.Law data.,State Trial
vacorpctsnorf,vacorpct,,,,,,2023-10-03T01:24:18.700Z,False,False,False,369.854,,"South Norfolk Corporation Court, Va.","South Norfolk Corporation Court, Va.",,,,ST,Created as part of import of Case.Law data.,State Trial
vacorpctwinche,vacorpct,,,,,,2023-10-03T01:24:18.711Z,False,False,False,369.855,,"Winchester Corporation Court, Va.","Winchester Corporation Court, Va.",,,,ST,Created as part of import of Case.Law data.,State Trial
vamedmalrevpan,,,,,,,2022-11-18T02:51:00.514Z,False,False,False,369.9,,Medical Malpractice Review Panel,Medical Malpractice Review Panel,,,,ST,Created as part of import of Case.Law data.,State Trial
wash,,,,,,,2024-11-18T18:43:44.145Z,True,True,False,370.0,Wash.,Washington Supreme Court,Washington Supreme Court,https://www.courts.wa.gov/appellate_trial_courts/SupremeCourt/,1889-01-01,,S,,State Supreme
washctapp,,,,,,,2024-11-18T18:43:49.881Z,True,True,False,385.0,Wash. Ct. App.,Court of Appeals of Washington,Court of Appeals of Washington,https://www.courts.wa.gov/appellate_trial_courts/,1969-01-01,,SA,Lawbox,State Appellate
washag,,,,,,,2016-05-18T20:13:55.908Z,True,False,False,385.05,Wash. Att'y Gen.,Washington Attorney General Reports,Washington Attorney General Reports,http://www.atg.wa.gov/,,,SAG,,State Attorney General
washterr,,,,,,,2021-08-12T17:47:53.617Z,True,False,False,385.075,Wash. Terr.,Washington Territory,Washington Territory,https://en.wikipedia.org/wiki/Washington_Territory,1853-03-02,1889-11-11,SS,,State Special
wva,,,,,,,2013-08-14T16:46:30Z,True,True,False,385.1,W. Va.,West Virginia Supreme Court,West Virginia Supreme Court,http://www.courtswv.gov/supreme-court/,1863-01-01,,S,,State Supreme
wvactapp,,,,,,,2024-01-09T19:29:35.436Z,True,True,False,385.2,,Int. Ct. of App. of W.Va.,Intermediate Court of Appeals of West Virginia,,2022-07-01,,SA,,State Appellate
wvctcl,,,,,,,2022-11-18T02:51:00.516Z,False,False,False,385.7,W. Va. Ct. Cl.,West Virginia Court of Claims,West Virginia Court of Claims,,,,ST,Created as part of import of Case.Law data.,State Trial
wis,,,,,,,2013-08-14T16:46:30Z,True,True,False,386.0,Wis.,Wisconsin Supreme Court,Wisconsin Supreme Court,http://www.wicourts.gov/courts/supreme/index.htm,1836-01-01,,S,,State Supreme
wisctapp,,,,,,,2024-09-04T00:46:28.982Z,True,True,False,387.0,Wis. Ct. App.,Court of Appeals of Wisconsin,Court of Appeals of Wisconsin,http://www.wicourts.gov/courts/appeals/,1978-08-01,,SA,Lawbox,State Appellate
wisag,,,,,,,2016-05-18T20:15:10.051Z,True,False,False,388.0,Wis. Att'y Gen.,Wisconsin Attorney General Reports,Wisconsin Attorney General Reports,https://docs.legis.wisconsin.gov/misc/oag,,,SAG,,State Attorney General
wyo,,,,,,,2013-08-14T16:46:30Z,True,True,False,390.0,Wyo.,Wyoming Supreme Court,Wyoming Supreme Court,http://www.courts.state.wy.us/,1921-01-01,,S,,State Supreme
guam,,,,,,,2023-10-02T15:46:26.465Z,True,True,False,400.0,Guam,Supreme Court of Guam,Supreme Court of Guam,http://www.guamsupremecourt.com,1996-01-01,,TS,,Territory Supreme
superctguam,,,,,,,2022-11-18T02:51:00.518Z,False,False,False,400.1,Super. Ct. Guam,Superior Court of Guam,Superior Court of Guam,,,,TA,Created as part of import of Case.Law data.,Territory Appellate
nmariana,,,,,,,2024-07-23T16:22:05.805Z,True,True,False,403.0,,Sup. Ct. of the Comm. of the N. Mariana Islands,Supreme Court of The Commonwealth of The Northern Mariana Islands,,,,TS,,Territory Supreme
cnmisuperct,,,,,,,2024-07-23T16:22:29.439Z,True,False,False,403.1,,Northern Mariana Islands Commonwealth Superior Court,Northern Mariana Islands Commonwealth Superior Court,,,,TT,Created as part of import of Case.Law data.,Territory Trial
cnmitrialct,,,,,,,2024-07-23T16:22:50.445Z,True,False,False,403.2,,Northern Mariana Islands Commonwealth Trial Court,Northern Mariana Islands Commonwealth Trial Court,,,,TT,Created as part of import of Case.Law data.,Territory Trial
prsupreme,,,,,,,2024-07-23T16:19:40.327Z,True,True,False,405.0,,Supreme Court of Puerto Rico,Supreme Court of Puerto Rico,,,,TS,Created as part of import of Case.Law data.,Territory Supreme
prapp,,,,,,,2024-07-23T16:20:15.559Z,True,True,False,405.1,,Tribunal De Apelaciones De Puerto Rico/Court of Appeals of Puerto Rico,Tribunal De Apelaciones De Puerto Rico/Court of Appeals of Puerto Rico,,,,TA,Created as part of import of Case.Law data.,Territory Appellate
virginislands,,,,,,,2024-07-23T16:21:25.754Z,True,True,False,407.0,,Supreme Court of The Virgin Islands,Supreme Court of The Virgin Islands,,,,TS,Created as part of import of Case.Law data.,Territory Supreme
visuper,,,,,,,2024-01-09T19:32:12.674Z,False,True,False,407.1,,Superior Court of The Virgin Islands,Superior Court of The Virgin Islands,,,,TT,Created as part of import of Case.Law data.,Territory Trial
vimunict,,,,,,,2022-11-18T02:51:00.533Z,False,False,False,407.2,,Municipal Court of The Virgin Islands,Municipal Court of The Virgin Islands,,,,TT,Created as part of import of Case.Law data.,Territory Trial
vipolct,,,,,,,2022-11-18T02:51:00.535Z,False,False,False,407.3,,Police Court of The Virgin Islands,Police Court of The Virgin Islands,,,,TT,Created as part of import of Case.Law data.,Territory Trial
amsamoa,,,,,,,2024-07-19T17:57:42.353Z,True,False,False,408.0,,High Court of American Samoa,High Court of American Samoa,,,,TS,Created as part of import of Case.Law data.,Territory Supreme
amsamoatc,,,,,,,2024-07-23T16:40:42.963Z,True,False,False,408.4,,American Samoa District Court,American Samoa District Court,,,,TT,Created as part of import of Case.Law data.,Territory Trial
usjc,,,,,,,2013-08-14T22:40:00Z,True,False,False,450.0,U.S.J.C.,U.S. Judicial Conference Committee,United States Judicial Conference Committee,http://www.uscourts.gov/FederalCourts/JudicialConference/Committees.aspx,,,C,,Committee
jpml,,850.0,,,,,2019-02-06T19:56:40.074Z,True,False,False,451.0,J.P.M.L.,Judicial Panel on Multidistrict Litigation,United States Judicial Panel on Multidistrict Litigation,http://www.jpml.uscourts.gov/,,,FS,Lawbox,Federal Special
judcoun,,,,,,,2022-11-18T02:51:00.542Z,False,False,False,451.2,,Circuit Judicial Councils,Circuit Judicial Councils,,,,FS,Created as part of import of Case.Law data.,Federal Special
judcoun2,judcoun,,,,,,2023-10-03T01:24:18.723Z,False,False,False,451.202,,Judicial Council of The Second Circuit,Judicial Council of The Second Circuit,,,,FS,Created as part of import of Case.Law data.,Federal Special
judcoun3,judcoun,,,,,,2023-10-03T01:24:18.739Z,False,False,False,451.203,,Judicial Council of The Third Circuit,Judicial Council of The Third Circuit,,,,FS,Created as part of import of Case.Law data.,Federal Special
judcoun5,judcoun,,,,,,2023-10-03T01:24:18.751Z,False,False,False,451.205,,Judicial Council of The Fifth Circuit,Judicial Council of The Fifth Circuit,,,,FS,,Federal Special
judcoun6,judcoun,,,,,,2023-10-03T01:24:18.767Z,False,False,False,451.206,,Judicial Council of The Sixth Circuit,Judicial Council of The Sixth Circuit,,,,FS,,Federal Special
judcoun7,judcoun,,,,,,2023-10-03T01:24:18.778Z,False,False,False,451.207,,Judicial Council of The Seventh Circuit,Judicial Council of The Seventh Circuit,,,,FS,Created as part of import of Case.Law data.,Federal Special
judcoun8,judcoun,,,,,,2023-10-03T01:24:18.795Z,False,False,False,451.208,,Judicial Council of The Eighth Circuit,Judicial Council of The Eighth Circuit,,,,FS,Created as part of import of Case.Law data.,Federal Special
judcoun9,judcoun,,,,,,2023-10-03T01:24:18.815Z,False,False,False,451.209,,Judicial Council of The Ninth Circuit,Judicial Council of The Ninth Circuit,,,,FS,Created as part of import of Case.Law data.,Federal Special
judcoun10,judcoun,,,,,,2023-10-03T01:24:18.827Z,False,False,False,451.21,,Judicial Council of The Tenth Circuit,Judicial Council of The Tenth Circuit,,,,FS,Created as part of import of Case.Law data.,Federal Special
judcoundc,judcoun,,,,,,2023-10-03T01:24:18.843Z,False,False,False,451.23,,Judicial Council of the District of Columbia Circuit,Judicial Council of the District of Columbia Circuit,,,,FS,Created as part of import of Case.Law data.,Federal Special
usjudconfcomdis,,,,,,,2022-11-18T02:51:00.559Z,False,False,False,451.25,,United States Judicial Conference Committee on Judicial Conduct and Disability,United States Judicial Conference Committee on Judicial Conduct and Disability,,,,FS,Created as part of import of Case.Law data.,Federal Special
sttex,,,,,,,2023-10-02T15:51:21.281Z,False,False,False,451.5,Spec. Trib. of Tex.,Special Tribunals of Texas,United States Special Tribunal of Texas,,,,SS,Columbia,State Special
stp,,,,,,,2023-10-02T15:51:40.895Z,False,False,False,452.0,Spec. Trib. of Pa.,Special Tribunals of Pennsylvania,United States Special Tribunals of Pennsylvania,,,,SS,Lawbox,State Special
fcc,,,,,,,2022-11-18T02:51:00.561Z,False,False,False,460.0,,Decisions of the Federal Communications Commission,Decisions of the Federal Communications Commission,,,,C,Created as part of import of Case.Law data.,Committee
kingsbench,,,,,,,2016-05-18T17:52:50.471Z,True,False,False,501.0,King's Bench,Court of King's Bench,Court of King's Bench,https://en.wikipedia.org/wiki/Court_of_King%27s_Bench_(England),1200-01-01,1873-12-31,I,This court was abolished by a total reorganization in Great Britain.,International
houseoflordsuk,,,,,,,2022-12-15T18:01:59.434Z,False,False,False,501.1,HL,House of Lords (UK),House of Lords (UK),,,,I,,International
highctjchuk,,,,,,,2022-12-15T18:01:59.424Z,False,False,False,501.2,High Ct. J. Ch.,"High Court of Justice, Chancery Division","High Court of Justice, Chancery Division",,,,I,,International
cherokee,,,,,,,2022-11-18T02:51:00.563Z,True,False,False,611.0,,Cherokee Nation Supreme Court,Cherokee Nation Supreme Court,,,,TRS,Created as part of import of Case.Law data.,Tribal Supreme
cherokeeapp,,,,,,,2022-12-13T22:29:48.805Z,True,False,False,611.2,,Cherokee Nation Judicial Appeals Tribunal,Cherokee Nation Judicial Appeals Tribunal,,,,TRA,,Tribal Appellate
cherokeetribct,,,,,,,2022-12-13T22:30:28.979Z,True,False,False,611.4,,Cherokee Indian Trib. Ct.,Cherokee Indian Tribal Court,,,,TRT,,Tribal Trial
cheyrsiouxctapp,,,,,,,2022-12-14T17:22:31.270Z,True,False,False,611.6,,Cheyenne River Sioux Tribal Court of Appeals,Cheyenne River Sioux Tribal Court of Appeals,,,,TRA,,Tribal Appellate
colvctapp,,,,,,,2022-12-15T18:01:59.377Z,True,False,False,611.8,,Colville Confederated Court of Appeals,Colville Confederated Court of Appeals,,,,TRA,,Tribal Appellate
coquct,,,,,,,2022-11-18T02:51:00.565Z,True,False,False,612.0,,Coquille Indian Tribal Court,Coquille Indian Tribal Court,,,,TRT,Created as part of import of Case.Law data.,Tribal Trial
echerkokee,,,,,,,2022-11-18T02:51:00.567Z,True,False,False,619.0,,Eastern Band of Cherokee Indians Supreme Court,Eastern Band of Cherokee Indians Supreme Court,,,,TRS,Created as part of import of Case.Law data.,Tribal Supreme
echerokeect,,,,,,,2022-12-14T17:22:31.280Z,True,False,False,619.5,,Eastern Band of Cherokee Indians Tribal Court,Eastern Band of Cherokee Indians Tribal Court,,,,TRT,,Tribal Trial
ftmcdowctapp,,,,,,,2022-12-14T17:22:31.285Z,True,False,False,621.0,,Fort McDowell Yavapai Nation Tribal Court of Appeals,Fort McDowell Yavapai Nation Tribal Court of Appeals,,,,TRA,,Tribal Appellate
ftmcdowell,,,,,,,2022-12-14T17:22:31.290Z,True,False,False,621.2,,Fort McDowell Supreme Court,Fort McDowell Supreme Court,,,,TRS,,Tribal Supreme
ftpeckctapp,,,,,,,2022-12-14T17:22:31.294Z,True,False,False,623.0,,Fort Peck Appellate Court,Fort Peck Appellate Court,,,,TRA,,Tribal Appellate
ftpecktrialct,,,,,,,2022-12-14T17:22:31.298Z,True,False,False,623.2,,Fort Peck Tribal Court,Fort Peck Tribal Court,,,,TRT,,Tribal Trial
grrondectapp,,,,,,,2022-12-14T17:22:31.302Z,True,False,False,625.0,,Grand Ronde Court of Appeals,Grand Ronde Court of Appeals,,,,TRA,,Tribal Appellate
grrondect,,,,,,,2022-12-15T18:01:59.415Z,True,False,False,625.1,,Grand Ronde Tribal Court,Grand Ronde Tribal Court,,,,TRT,,Tribal Trial
grtravbandctapp,,,,,,,2022-12-14T17:23:38.642Z,True,False,False,626.0,,Grand Traverse Band of Ottawa & Chippewa Indians Tribal Appellate Court,Grand Traverse Band of Ottawa & Chippewa Indians Tribal Appellate Court,,,,TRA,,Tribal Appellate
grtravbandct,,,,,,,2022-12-14T17:23:38.646Z,True,False,False,626.2,,Grand Traverse Band of Ottawa and Chippewa Indians Tribal Court,Grand Traverse Band of Ottawa and Chippewa Indians Tribal Court,,,,TRA,,Tribal Appellate
hochunk,,,,,,,2022-11-18T02:51:00.569Z,True,False,False,631.0,,Ho-Chunk Nation Supreme Court,Ho-Chunk Nation Supreme Court,,,,TRS,Created as part of import of Case.Law data.,Tribal Supreme
hochunkct,,,,,,,2022-11-18T02:51:00.572Z,True,False,False,631.1,,Ho-Chunk Nation Trial Court,Ho-Chunk Nation Trial Court,,,,TRT,Created as part of import of Case.Law data.,Tribal Trial
hopiappct,,,,,,,2022-12-15T18:01:59.429Z,True,False,False,632.0,,Hopi Appellate Court,Hopi Appellate Court,,,,TRA,,Tribal Appellate
leechojibtr,,,,,,,2022-12-14T17:23:38.650Z,True,False,False,633.2,,Leech Lake Band of Ojibwe Tribal Court,Leech Lake Band of Ojibwe Tribal Court,,,,TRT,,Tribal Trial
lrbottawactapp,,,,,,,2022-12-14T17:23:38.654Z,True,False,False,641.9,,Little River Band of Ottawa Indians Tribal Court of Appeals,Little River Band of Ottawa Indians Tribal Court of Appeals,,,,TRA,,Tribal Appellate
lrbottawact,,,,,,,2022-11-18T02:51:00.574Z,True,False,False,642.0,,Little River Band of Ottawa Indians Tribal Court,Little River Band of Ottawa Indians Tribal Court,,,,TRT,Created as part of import of Case.Law data.,Tribal Trial
odawactapp,,,,,,,2022-12-15T18:01:59.641Z,True,False,False,644.0,,Little Traverse Bay Bands of Odawa Indians Tribal Appellate Court,Little Traverse Bay Bands of Odawa Indians Tribal Appellate Court,,,,TRA,,Tribal Appellate
moheganctapp,,,,,,,2022-11-18T02:51:00.576Z,True,False,False,650.2,,Mohegan Tribal Court of Appeals,Mohegan Tribal Court of Appeals,,,,TRA,Created as part of import of Case.Law data.,Tribal Appellate
moheganct,,,,,,,2022-12-15T18:01:59.588Z,True,False,False,650.22,,Mohegan Trial Court,Mohegan Trial Court,,,,TRT,,Tribal Trial
mohegangct,,,,,,,2022-11-18T02:51:00.578Z,True,False,False,650.3,,Mohegan Gaming Disputes Trial Court,Mohegan Gaming Disputes Trial Court,,,,TRX,Created as part of import of Case.Law data.,Tribal Special
mohegangctapp,,,,,,,2022-11-18T02:51:00.580Z,True,False,False,650.4,,Mohegan Gaming Disputes Court of Appeals,Mohegan Gaming Disputes Court of Appeals,,,,TRA,Created as part of import of Case.Law data.,Tribal Appellate
moheganelders,,,,,,,2022-12-14T17:23:38.657Z,True,False,False,650.5,,Council of Elders of the Mohegan Tribe,Council of Elders of the Mohegan Tribe,,,,TRX,,Tribal Special
navajo,,,,,,,2022-11-18T02:51:00.582Z,True,False,False,653.0,,Navajo Nation Supreme Court,Navajo Nation Supreme Court,,,,TRS,Created as part of import of Case.Law data.,Tribal Supreme
navajoctapp,,,,,,,2022-11-29T17:31:37.430Z,True,False,False,653.1,,Navajo Nation Ct. App.,Navajo Nation Court of Appeals,,,,TRA,,Tribal Appellate
navajofamct,,,,,,,2022-11-29T17:39:02.619Z,True,False,False,653.3,,Navajo Nation Family Court,Navajo Nation Family Court,,,,TRX,,Tribal Special
navajochildct,,,,,,,2022-11-29T17:39:25.579Z,True,False,False,653.4,,Navajo Nation Children's Court,Navajo Nation Children's Court,,,,TRX,,Tribal Special
oneidactapp,,,,,,,2022-12-15T18:01:59.846Z,True,False,False,654.0,,Oneida Appellate Court,Oneida Appellate Court,,,,TRA,,Tribal Appellate
oneidatrialct,,,,,,,2022-12-14T17:23:38.662Z,True,False,False,655.0,,"Oneida Tribal Judicial System, Trial Court","Oneida Tribal Judicial System, Trial Court",,,,TRT,,Tribal Trial
sacfoxsupct,,,,,,,2022-12-14T17:23:38.669Z,True,False,False,659.0,,Sac and Fox Nation Supreme Court,Sac and Fox Nation Supreme Court,,,,TRS,,Tribal Supreme
sacfoxdistct,,,,,,,2022-12-14T17:23:38.674Z,True,False,False,659.2,,Sac and Fox Nation District Court,Sac and Fox Nation District Court,,,,TRT,,Tribal Trial
salishctapp,,,,,,,2022-12-14T17:23:38.678Z,True,False,False,661.0,,Confederated Salish & Kootenai Court of Appeals,Confederated Salish & Kootenai Court of Appeals,,,,TRA,,Tribal Appellate
shoaraphotr,,,,,,,2022-12-14T17:23:38.682Z,True,False,False,663.2,,Shoshone and Arapaho Tribal Court,Shoshone and Arapaho Tribal Court,,,,TRT,,Tribal Trial
swinomishappct,,,,,,,2022-12-14T17:23:38.686Z,True,False,False,665.0,,Swinomish Tribal Court of Appeals,Swinomish Tribal Court of Appeals,,,,TRA,,Tribal Appellate
swinomishtr,,,,,,,2022-12-14T17:23:38.690Z,True,False,False,665.2,,Swinomish Tribal Court,Swinomish Tribal Court,,,,TRT,,Tribal Trial
tulalipctapp,,,,,,,2022-12-15T18:01:59.892Z,True,False,False,667.0,,Tulalip Court of Appeals,Tulalip Court of Appeals,,,,TRA,,Tribal Appellate
webchippewatr,,,,,,,2022-12-14T17:23:38.693Z,True,False,False,680.0,,White Earth Band of Chippewa Tribal Court,White Earth Band of Chippewa Tribal Court,,,,TRT,,Tribal Trial
test,,,,,,,2013-08-14T22:38:31Z,False,False,False,999.0,Test.,Testing Supreme Court,Testing Supreme Court,http://www.example.com/,,,T,"This court is used for tests, and should not appear in the UI.",Testing Court
psc,,,,,,,2016-04-30T00:11:51.389Z,False,False,False,999.1,Test.,PACER Training Site,U.S. DISTRICT COURT for the PACER Training Site,https://dcecf.psc.uscourts.gov/cgi-bin/ShowIndex.pl,,,T,,Testing Court
