6553608
2621461
524313
1835034
7077920
8519715
2490406
1441834
262187
1966124
393262
1441850
393275
393277
1966143
524354
67
131145
524365
8519759
524369
131156
131159
393308
8913004
8519805
8913021
1835139
655504
8519830
655515
1966237
786599
9044135
2228400
1835185
1835206
1835227
8519910
7995629
1310972
1835261
8519947
786707
1966356
1966362
8913182
8519973
8519993
2359612
8520010
786770
8520034
1835363
4456808
1442168
1966461
524675
524677
524689
2097553
1835414
1835426
420
1835438
2359727
1311156
786874
1835457
1835465
1835477
1835480
7471578
8520157
1835488
1835496
1835516
7471614
786951
8520201
1835540
7471638
1835546
8520232
1835562
1835566
1835575
5243459
8782403
1835590
1835596
7471696
1835602
7471700
393814
1966678
787035
3146344
1835629
635
1966718
7471744
1835658
1835662
659
7471774
393888
1966755
787110
6947497
8913577
393904
787124
393915
787134
262864
1180370
3015379
1311442
525015
1966811
1835742
525029
8520432
656113
787191
656119
1442556
1835776
787207
656135
7471887
1835792
9044769
2622251
656204
7471952
2098015
1966947
1835880
1311597
3015538
1966969
8782714
1835902
787331
1835914
3933070
1966993
8520593
1967003
5637021
7078826
1835948
1835957
1835961
1704890
1835971
394181
1442764
8520678
1836018
1049596
8913916
1836035
2098183
787470
7603235
1836085
1836088
2098233
525372
2098238
1180734
1311813
1836105
1967179
8520786
1967187
2622549
1836117
787544
1836124
7079008
1967209
1836143
1967232
1967234
787589
3540112
1442964
1967253
1967276
1836204
1967281
1574066
1836210
8520887
1836216
1836219
1836231
1967311
1836245
1311961
1836250
656604
8520925
1836261
787693
8783087
1574132
1967353
1967365
525577
525583
1180945
1967403
525616
1836343
1967421
1836360
1967433
1443149
8783184
1836371
1836380
1967456
787809
1574251
1967468
1387
1836402
1967482
1836414
3540354
5899654
1836428
1836435
1836441
8783259
1967520
8521129
1836462
2098614
1836472
1836475
1836512
1967592
2754031
8521205
5244415
8521217
1836545
1967619
7079428
7079434
1836558
1836564
787998
1836586
1312305
1836596
1836602
1967679
3540547
1967693
8521298
394851
1967723
394860
8521323
1651
1836700
1967773
1967790
8521392
1727
7079615
1443522
1735
1836753
1747
8521429
1967842
526054
6686439
2361085
657159
8521479
1443598
1836815
1967890
1181464
7079706
657181
657201
1967922
1836851
1967937
8914762
1836888
1967962
526171
657253
7997288
1967976
657260
7079791
1967989
395129
395142
1836936
1443724
1968023
1836957
788389
1836972
1836976
1968050
1836987
788415
395203
1443782
526290
1968086
1968093
395230
1837023
8521695
8521697
788467
395253
7079934
1050626
1837063
395292
395297
1837109
788536
788550
395338
8521805
1968211
395349
1837145
788572
8521824
8521833
1968234
1837164
8521838
1968244
1837181
8521864
6949006
1968270
8521871
1443982
1968275
8915093
1837212
1968287
526496
8915111
8521911
8915127
788667
1837250
3147971
788684
5900492
1837263
8521936
1968346
1837276
788706
1968363
8521972
3410165
8521974
8521976
1968379
1837308
8521982
8521991
2361607
1837321
8521994
1575189
8522022
1837358
2361648
1837375
1837381
8522054
8522064
8522072
1968473
8522075
7080284
1837405
8522080
788833
7080289
8522091
1837426
8522101
8522108
1837440
1313152
8522122
1837452
1968525
526747
8522139
8522147
8522148
8522149
788909
8522158
526767
526768
1837487
6425010
526774
2493
1837508
788935
1837515
8522188
1837532
8522204
526816
2492897
1837544
7080427
8522226
7080435
2557
8522241
8522245
8522249
1837577
8522260
2230805
8522261
6949401
1182236
8522272
1444397
1968686
1968687
8522295
789048
8522296
789067
1051212
789073
1968724
1837670
8522358
1313399
8522363
264846
8522384
2099858
9046680
789145
8522395
789148
1837727
527008
2720
789154
789155
1837733
789159
8915626
2734
1837745
9046705
2740
264886
1968828
1837759
658115
1968836
8522441
527049
8522443
4197070
2099921
658130
789203
8522453
4459222
8522466
527074
1837799
8522473
7211754
8522480
1968882
8522483
1837812
2099976
8784660
8522521
1837861
264999
1968938
1968946
2878
8522560
8522569
1968974
1837904
1968982
8522582
1968990
1837921
4590437
8522605
1837939
396150
8522614
658305
1837960
1444745
8522634
396175
8522642
1969043
1969047
1969057
8522661
8522663
1706921
1837995
8522674
8522675
8522676
1838010
8522687
1969094
7080905
789462
1969115
5639135
1838047
8522721
8522724
8522727
1838070
8522742
396281
8522750
8522756
8522757
1575945
8522762
1838093
8522766
265235
8522776
1969176
8522781
1838110
7080991
1969184
789543
7081003
1969195
8522808
1969209
8522811
8522824
1313865
8522825
8522834
1576021
1969237
8522841
8522842
1838169
1969246
1969255
1444979
1969270
1313912
1969284
8522892
265357
1969296
8522898
8522903
7081111
658589
1969323
8522927
8522930
3255
1969336
8522938
8522939
8522941
527553
2362567
1969353
1838290
8522967
1838296
8522969
1969377
789729
8522983
8522987
1838318
396529
8522997
789749
8523001
8523002
789758
1969407
8523008
1838342
1969414
1969418
1969434
1183014
1445162
396590
7081263
8523061
1969465
8523069
8523071
396610
789832
2493771
8523084
1969487
8523092
8523099
1183068
8523101
4197729
8523111
7605611
1969520
1969523
8523123
8523125
8523129
1838462
265599
8523139
8523140
3461
1838474
1183119
8785304
8523161
1838490
658846
789919
1969571
8523174
5115307
8523185
789944
1576380
789952
1314242
2624964
1838538
8523210
8523222
8523223
1969623
527833
265690
8523229
1969630
8523232
1838564
8523239
1707497
8523242
1969649
1969659
8523262
8523263
3601
8523283
8523284
1969689
8523290
8523291
8523293
1838624
8523297
527909
1969702
8523307
8523321
1183296
8523329
1969730
1969737
2231883
1838669
2362958
8523345
1969746
134741
134742
1969752
134751
8523371
8523379
8523392
8523396
8785541
8523401
8523410
8523414
8523418
8523423
8523432
8523433
790195
8523444
1838774
1838781
1969858
8523461
8523471
8523472
1969874
6950612
1969881
8523483
8523497
2625258
790256
265969
9047799
1969914
8523515
5639950
8523540
8523547
1838875
1969948
8916770
1969956
1969959
1838888
8523561
8523567
8523568
8523579
1838913
1969988
2363221
8523623
8523626
8523629
8523633
8523639
3963
8523644
659337
528266
1838988
8523663
790417
8523674
528296
1970089
2232237
8523693
1970098
1576882
8523698
528309
1970101
397239
1970111
8523713
8523717
1970118
790470
659400
1970124
1970131
1970139
659421
1970148
1970152
1839104
8523779
1839112
1970187
8523793
8523794
528402
1839124
528405
8523801
8523802
1970213
8523822
790582
2101303
790589
790593
528454
790601
8523851
1970255
1970258
790611
8523866
397410
2625648
1970293
9048183
1183868
8523901
1970311
1183880
1970314
266379
1839246
1839265
8523939
1970341
8523941
1970347
1839279
8523953
8523955
1970355
8523956
8523960
790712
1970364
8523965
1839292
6426815
8523971
8523975
8523976
1970384
1970388
1315032
8523996
1970402
6557926
1970410
1839340
8524013
1970414
1970423
8524031
8524034
1970442
1970452
1970455
5509399
1970459
1970462
1970474
1839405
1970478
1446190
1970481
790833
1970483
1970491
1577282
266563
8524100
1970505
8524108
1970513
1839444
1970517
8524116
8524122
1970528
790883
1970534
1708392
2363755
1970541
1970546
8524146
1970551
1970554
1970559
1970568
8524169
2757004
1315213
1839502
7082383
8524174
659854
1970583
790947
266674
659891
528818
659903
2757059
1970634
1970642
1970643
8524250
1970651
1839580
659933
1970655
791013
8524262
528870
1970664
659949
528878
791023
1970672
1708527
8524283
1970688
8524288
8524291
659972
1839622
1970702
1970706
2232855
1839641
1970713
1970723
2757155
8524328
8524332
1970742
1970746
1970751
1970754
6951493
1970759
1970761
1970763
6951503
1970774
791129
8524377
8917601
1970786
1970790
1970798
1839730
660085
8524411
1970812
1970815
8524434
1970843
1839773
8524452
791205
1839780
4461224
1970857
1839785
4461226
1839796
8524471
8524477
660166
1839826
1970901
398038
398039
2364119
1970904
8524501
1839836
8524513
660194
660196
660203
8524524
1970947
660233
660234
8524556
660239
8524560
8524563
1839922
8524594
1839924
398132
791347
1839933
791357
8524609
8524613
1839945
267082
1839950
1839964
8524645
1971056
1971060
8524664
1446778
398203
8524668
1840008
1577864
8524680
791437
8524685
8524689
529298
2626450
1971092
398227
1971105
791457
2364322
1971111
8524711
1840041
8524714
8524716
5038
1971124
8524727
791487
8524747
3019730
1971154
2364370
1971166
8524766
529379
1971177
8524788
9049076
1840121
529405
8524797
1971199
9049100
1971221
1840150
8524832
3413027
1971235
1971238
5379116
791598
8524850
8524851
1971256
791610
1971263
2495557
8524870
8524875
2495567
8524881
1840210
2233430
1971290
1971295
1840226
7214180
8524903
8524906
1971307
1971311
1315953
9049207
1840251
1971323
8524925
1971332
8524936
9180301
8524942
1971348
8524951
1840300
1971375
8524975
1578163
8524985
2102457
7083197
5321
1840331
660686
267470
8525011
8525012
660695
1840344
8525020
8525021
8525022
9049319
1840360
660716
791790
1971445
8525045
791799
8525051
1447164
791804
1971458
398597
1971462
8525063
6690054
1971466
8525067
5391
1840409
1971486
791842
1971490
1840424
2102570
8525098
5641520
1840433
1840438
1971511
529718
1840442
1840446
1971519
529728
3020101
8525126
1840455
1840458
1840461
8525136
5464
529754
529758
8918368
529764
9049445
1840486
1971569
8525174
529793
8525186
1971587
1840517
1971596
1840526
1971599
1840528
8525201
8525217
1971619
660901
5542
1840552
1971630
1840558
1840566
8525255
6690254
1971668
1971670
8525273
8525278
8918497
8525293
792048
8525302
8525304
792059
8525312
1840647
1447432
6559242
1971729
8525334
792090
529952
1971745
529958
8525350
398895
529968
529970
8525363
1971767
398910
1971774
8525374
529985
1316418
3413577
529994
8525386
1840716
8525396
1971800
1578589
8787550
1971809
8525411
8525414
6559334
8525421
8525422
8525425
530036
792180
398967
398974
8525445
1971851
8525461
6035101
792230
8918695
1840818
1971899
8525518
8525523
1971925
1840857
1840864
1971939
8525541
399079
1840871
8525548
5878
1971960
268025
9311998
5887
8525573
8525576
399116
2103055
8525591
136984
4593434
1316638
8525599
1972005
137001
399153
8525617
792376
1840954
399163
792380
8918852
8525637
792394
2365268
8525663
1840995
1972067
530282
268139
1841008
530289
1841029
6690693
530314
8525708
1841041
1972118
8525719
530331
8525725
8525726
1841055
8525729
792484
8525737
8525739
8525743
8525745
8525748
1841076
399290
1841082
8918970
1972162
1972165
1841097
1972170
1972175
1841114
8919006
1841119
8525795
1972200
6126
1841134
1972208
8525819
1841148
6141
6140
1972223
1841150
661508
399365
8525836
8525838
8525842
1841171
792602
6175
8525860
6181
661548
8525869
1972272
1972276
1972278
8525888
1841218
8525890
8525907
8525912
1841247
1841252
1972335
8525937
6257
6259
1841267
6690945
792712
1841295
8525978
399514
1841309
8525996
1317047
1972407
1841337
530633
8526031
8526035
1841364
8526037
530647
1972443
8526046
1972455
1972461
1841390
1972463
792817
8526070
8526071
8526072
8919290
1841409
8526096
1841425
8526099
1841434
1841437
8526112
1841442
8526117
1972519
8919338
6444
1841455
8526130
1841458
8526141
8526142
1972544
8526144
1841474
6481
1186130
792915
3414356
1841495
8526172
792927
792931
6691173
792943
1972592
1841529
1972610
1841545
8526225
1841562
1972640
5118372
1841576
8526252
8526265
793027
1841603
8526281
1972685
8526287
8526300
9050592
1972707
8526310
8526311
1972714
1972716
1972722
1448439
8526327
1841658
137728
8526340
137732
8526342
793101
8526350
8526351
1186323
6681
8788515
6697
8526377
8526380
8526381
793134
793146
8526394
8526403
6725
531016
1841738
6691418
1972828
1972837
7084647
6760
531052
1972847
1841775
1841779
1972869
6800
1972882
1186457
8526496
8526497
8788643
1841829
1972922
1972926
1972931
8788681
8526540
6874
6953690
1972956
1972964
8526567
1841900
6167282
8526579
1841919
400129
1841921
531204
1841925
1973000
1841931
8526605
1973007
1973010
1841941
1973013
531223
8526615
8526626
6952
6956
3545902
1973039
6962
400181
1973051
8526651
8526654
1841984
1841989
8526665
8526674
531287
8919905
793443
7011
8526695
7017
1973102
8526711
6691704
8919927
7038
1973123
1973131
5643149
1973142
8526745
8526750
1448862
1973152
1973161
662444
662445
1842097
1973171
7094
1973174
1973178
662465
1842116
1973189
1842124
8526799
1973202
1973206
1842137
1973210
793563
1973214
9051105
662525
8526850
1317891
1842179
793607
1842183
1317897
7179
1973259
1186829
1711121
793618
8526870
1973284
2366504
1842221
9051185
2366530
8526925
1973327
1973332
8526952
8526964
1842304
1973376
1973380
8526983
1973385
8527003
1973410
8527019
1842354
2759860
1973436
8527057
9313489
1973457
8527060
1842394
8527070
9051359
1973478
7399
8527084
1842436
8527118
1842447
1973522
8527126
1842464
1842478
8527159
7495
1842508
793973
1973621
8527223
8527226
1973626
1711488
6954368
1973636
1973640
1973645
531854
8527251
1973661
531870
8527277
2366917
8527315
8527328
794083
8789483
1318383
6692348
2104829
1842691
1973764
1973772
8920594
7701
1842709
8527391
400931
532008
1842730
400938
663089
2367027
400949
663112
8789590
1842777
1973853
794212
794223
532082
8527476
401013
1842813
532096
2104962
532101
663179
794261
794265
1973921
2760359
8527534
1842863
1580723
5119673
1973952
2367182
1973978
8920798
1449696
8527594
1973997
1842939
8527623
1974034
8527636
1974041
8920860
794401
1974049
270113
1842981
270124
1974064
9051975
1843036
8527711
8920928
1974128
1843082
8527763
1318810
1843099
8527773
8527781
1187753
8108
1843117
8527795
1843125
8527802
1843136
1187800
2105306
2760669
8527837
1843171
8527845
794606
6954993
9052153
1974268
6037503
1843200
8527882
794637
3940365
1843216
2105363
8527894
8527900
532509
1974300
2236454
1974317
532528
1974321
8527925
532537
1974336
8527937
8260
1450076
8527980
8527989
8527995
2367613
8528000
1974402
8528006
1974411
663700
1974421
663701
8528024
663708
1843375
9052339
8528059
8528062
8921285
1974470
1843401
794829
794833
8528082
794834
8528096
1450212
8528101
8423
2367722
8440
8528127
1843455
8528129
1843457
1974535
1843466
1974541
1974549
8528158
532768
8528169
8528173
8528185
1974586
1188165
8528221
1843577
795003
8921467
8528254
139647
7086466
1843596
1974669
8528277
1188245
2105760
1843618
8528301
2498995
2499002
1843644
1974719
2105795
8528327
1974730
1843661
8528334
1843664
1974737
2367955
1974746
3940828
1974752
1843687
1843695
1843698
532979
1319413
1974776
8528386
664068
1843725
1974797
533012
7086615
1843738
1974812
8528414
8528415
8528416
795171
795172
8528427
1974835
1974841
1843772
8528446
2368067
2105935
8921686
7479901
1974903
795264
1974921
8921744
795282
402070
1450649
1057434
2368157
1974942
8528559
1057457
8528563
8528574
8921796
1974982
8528608
8528617
795378
8921849
8528641
8528645
8528647
1975063
8528669
1975070
402209
1844002
8528686
8921905
402226
402233
8528711
8528729
1975130
8921955
1057638
1319787
1975151
140144
1975159
2106235
795523
1975173
795529
9053067
1057676
8528781
1057678
1975183
8528788
1975191
1975193
8528798
8528805
402346
1844142
1188799
7087041
8528834
8922053
2106310
1844165
1975245
1975254
1844187
1975259
8528863
1844193
1844197
1975269
795624
2630641
402430
1975313
1451027
1975317
8791063
6038551
1975323
1975326
8528933
8528934
1975336
8528938
8528941
795702
795703
8528958
8528959
9283
664648
1844299
533580
8922190
8528977
402517
8528982
1975394
664676
1975398
1844331
5252207
402545
1844349
1320061
1844351
1975426
402563
533634
8529039
2237585
8922260
1844373
795803
1975455
664735
1451179
8529068
664752
1844403
1975480
1975488
271561
8529097
2499789
1844441
8529114
7873756
1975518
9438
8922336
8922339
8529129
8529139
8922359
795897
6169851
8529151
1975560
8529168
533780
795933
1844509
1844513
8529187
1844521
8529205
533815
8529213
1975614
664912
664913
664914
533844
1975646
533859
533867
1058165
1844601
664954
8529280
1975684
8529287
271753
4203924
1975702
8529312
796065
8529314
2368933
271798
1844668
1189313
8529351
8529354
1975758
1975765
1975769
1844706
1844710
6039024
2631160
1844729
2237947
1975810
1844739
1844744
8529420
8529427
8529429
271899
8529439
1975847
1844779
8529453
1975864
8529471
9053773
1975886
1058393
796250
1975900
1975904
1975908
1451631
8529522
1844853
6563449
1451642
1189498
3417738
1844879
8529556
1844889
8922786
1975981
8529598
1976001
534221
534231
1976026
1320668
534240
2238184
1844971
272108
8529645
534255
796403
8529653
1713909
8529660
1976063
796429
534285
6694699
1451833
6956882
1976151
1058654
1976166
1845100
8529774
1976180
796538
796556
403341
1976208
403345
1845141
4335532
1845168
1976245
1976250
2107327
2107334
8923081
1845195
1189844
2631640
1845216
1845224
1845229
796662
1583100
1845250
1583108
1058823
1058834
272408
2369563
272415
8923168
1845285
1976367
1845296
1845300
534593
1976387
8792137
7350346
796750
10323
1845332
1845339
1976415
1189986
4991078
796802
3942530
1845381
796813
8923285
1976471
1845399
1845412
796851
1845431
1976504
665786
403648
1845441
1321157
2631879
1845450
665807
9054428
665824
1845474
1976549
3549418
1845487
796917
1845509
5908752
534801
534803
1059098
2238748
796960
1845541
796969
796980
403767
8923449
1845562
6039866
403782
8923469
1845588
534872
6695261
1714526
1845606
2238823
8923507
1845625
665990
1845640
665992
666006
1845660
666022
797105
1845686
1845691
10686
8923585
1845702
10695
8923590
1845715
797151
272864
1845729
1976811
1845742
1059310
1845746
1976820
6695416
797177
1190392
1845755
1976829
6564351
1845760
1976848
1845778
1845781
2370081
2632227
1976877
1845806
1321524
1845824
1976897
8923715
1845830
1845837
2501198
1976917
1845845
8923746
1976931
1845862
1845866
8923756
2239093
1845880
1845885
797313
4729480
797323
5122699
404111
1845903
1845910
1976989
404127
7088801
1977000
273066
1977018
797372
1977023
1845973
10969
797401
8923871
404192
535270
535284
797429
1452795
8923899
273153
1977089
2501386
2501400
535325
1846048
1846052
1452843
797504
1846088
1846093
1846103
1846111
2108262
1059689
1846140
1977216
1846156
273293
2370459
1059745
1977255
8924073
1452974
11183
1977267
1846202
666560
3025859
797636
1846227
1977310
797669
6171634
797700
1322005
2239511
8793117
2370601
535597
1846318
1846323
797749
11337
535629
797779
535636
797782
797788
1846372
1846377
1846382
8924297
797834
535693
8924304
1059988
7220373
535706
8924331
1846451
2239685
1846481
1977564
1846527
666893
1846551
1846554
1977628
1846567
1060145
1846620
273761
273765
1846648
1977722
798076
1453439
1846656
8924549
1453447
1846670
8924569
6565274
2239900
273822
1846693
11688
2239916
2370998
1846711
1846730
798155
536012
1846746
1977820
1846753
536033
1977826
1977835
1846766
536048
536061
8924681
667150
2108944
1846804
798235
1060381
142881
142885
142888
142894
1060405
8924726
2240063
1846850
1846875
667233
405093
274023
1977961
2109035
1584749
536182
1977988
536199
405129
1846921
1060492
8924815
1846934
536216
536226
1846970
1846989
1847012
1978092
1191667
1847035
1060606
1584895
798464
2371339
6958872
2240303
3157814
1847098
8924990
1060696
405340
1847134
1847139
1847141
1847143
9056110
1191793
1847154
9056115
405368
1847171
405402
2240417
8925090
8925101
1847216
1847221
536508
667582
8925122
6565828
536516
1978318
8925138
1847257
1978329
667610
536541
1847262
536547
8925163
1191917
1191919
1847284
2633716
1847323
4337708
1847340
1191982
1978415
1847371
1847375
1978454
8925292
1060974
1847417
1060994
9056392
1847450
1847458
12452
12454
1847466
1847470
1847475
1978549
1978559
2109634
1061059
1847534
1978608
1847539
1847546
1978649
9056545
1847605
6304054
1847616
799067
1847653
1847658
2503018
1847662
1847669
1847674
12678
12682
536974
2109842
12698
12706
12708
1454502
2240936
1323436
1978797
1847725
537017
537021
274881
537026
8925643
1978829
537045
1323479
1847768
1847790
274939
1192455
1847818
3420685
1847829
1847843
406070
8925767
668233
2372172
1192534
537175
668253
1847903
537184
2765411
1192548
799333
1847917
1323632
2241139
8925825
2372236
1847955
1847959
5255835
1192608
1847970
1979050
1847981
1716911
1848020
1979093
2372310
1454807
1192666
2372315
1848050
1979125
1848063
1848066
1848071
3945234
1848089
1848093
1848115
1979197
1848127
1848143
1979224
1979229
13150
4338527
537439
13154
1848183
1848186
1848190
1848200
668553
1979278
1979291
1323945
668589
1848239
5911497
1848271
1848278
1979352
1848283
8926173
2372597
1848313
799737
1848315
6435842
1979408
1848339
1979418
1848348
5125156
1848361
1848366
1848375
2241595
1848380
1848387
1848390
9057368
537691
537693
406624
1324132
8795236
799849
406650
1979514
1848446
1979530
1979552
1848486
537768
2372780
4207789
537787
1848507
1848512
1848520
1848526
1979606
1848541
1979619
799978
799981
1848560
799987
799989
13561
799993
13578
1979659
2503963
406811
800036
2241832
406828
1848622
406834
1848631
406850
1848655
406876
1848673
1848685
1979758
2372977
406897
1979765
1979779
669070
1979796
1979803
1979810
8926631
669100
1586607
1848757
8926647
1848760
1455566
2241998
8926675
6436315
2242021
1848816
1848817
8926722
1848840
13841
1979926
1848866
1848886
1848894
1848901
1979981
1848919
8926818
6567524
1980027
1848980
1849004
276158
1849028
6436554
14036
1324758
145120
1980150
1849094
8926989
1849102
1718031
2242321
8926999
8927004
538413
8009519
6960943
538418
1980210
800569
276283
276289
2111308
1455952
6567769
1455964
1849180
1849186
1980269
2111349
8927093
1849208
1980303
145306
1193894
538561
1849285
1980363
1980379
1193954
669670
669676
1849348
1849357
1849363
407576
6043682
1456163
8927276
1980461
1849392
800816
2373683
1849417
1849427
1325144
407656
1849450
1194093
1849464
276601
1587324
1849474
669830
8927369
8927383
1849505
1980580
1849537
2111681
1849541
800972
407757
6568151
1849564
932061
3029222
145644
2373869
538860
145660
538878
145663
8927494
145677
145688
407833
145693
1849629
1849644
145709
145714
145715
538934
1849657
2242873
8927547
145722
145725
1849661
8796477
407872
145730
1980740
145736
145738
1849675
1194316
1980752
145744
1194320
145748
801109
1849685
145752
8927580
145757
1194333
1456482
145767
2373991
145779
1849715
145784
145791
145793
1849738
1849745
276889
145822
1849765
1980837
1849769
145838
1849775
8927668
2505142
145850
145858
1849798
145863
408016
145875
8927706
145884
145888
1980897
1849829
408041
801261
145902
1849842
1194484
145908
2111993
145914
14852
145928
801300
539157
539199
8927813
539217
1849939
539219
408166
539242
1325697
8927883
8927891
1850012
1456801
1850017
408230
1850022
8927911
8927935
2636492
1850078
9059040
1981152
1850084
1981179
1850111
1850117
1981201
277267
15128
15137
670500
1981242
1850177
2112331
277328
1588054
1850206
6044517
2636665
8928126
1981311
670602
1981325
8928142
670614
1981356
5782451
2243507
1850291
1981378
1194962
1194964
1981396
1850352
1719281
670707
2243576
670724
670734
1981492
3554360
1981499
1326146
1981508
2112590
1981519
1981557
1850495
8010880
1588354
1981581
1195155
1981589
539811
9059494
801961
1195180
1981612
539823
1981631
1981636
539850
8010954
8928467
7355619
2505957
7355623
9059565
7355641
1457401
1981693
8928510
277761
7355651
277764
1981700
539911
3030281
1457432
7355677
4734247
7355695
146736
6307126
1981751
15671
1850680
7355713
1981769
1457481
539980
1981784
6569305
1981789
8797535
7355744
3423588
802150
1719658
2375022
540023
1850745
1981822
1981829
1457542
9059720
1719696
540048
7355802
540063
1457583
1981881
9059772
2637250
9059781
2375115
7355852
7355855
540117
540120
7355887
802287
1981948
7355901
1850884
1981961
15882
15887
1457686
1195555
1850923
1326643
1982006
1850943
4472387
7355983
7355989
1982060
409199
802443
409229
1851023
1982103
409249
2506406
8928936
1982123
409265
1982136
8928953
6569658
1982144
540354
540367
1851093
8928981
7356120
540378
4603611
671466
409327
1457917
540414
2113281
540418
1982215
1982221
7356175
1982227
16154
1982239
1982241
1851194
1982270
2244421
1851207
409427
6569816
1851224
1589104
409461
1851261
9322366
1982341
1982360
2244509
1982367
1195944
6569897
16303
8011704
1851337
278475
3424207
9060309
2375653
1851368
278509
1851375
7356412
802818
7356419
278565
278566
1851432
7356469
409658
409676
1458258
1851477
409688
1982554
409698
409699
409700
409701
1196137
1589357
1851505
6570114
1458322
16535
5783724
1851583
7356616
1982670
1851609
7356635
147678
3031265
7356642
1851618
1982696
7356675
1851659
1982735
672047
1851710
1851728
16726
1196375
8929624
8929631
6046055
1851755
278893
8929651
1458551
672123
2376061
541060
147851
541076
147873
541102
541104
1851828
1851834
1851844
803268
278997
1851864
1851878
147952
147953
1851888
5259780
1982984
1851930
1983035
1851967
1851990
672355
1852027
1983104
3949186
3424899
1983109
672389
1983119
1852069
1852086
672458
672459
1852107
148200
7881459
1983224
1852167
410378
2507535
410407
17259
1983348
6570875
7095168
1852289
2245507
1983366
1852302
1983380
1852311
1852316
803755
1852335
6702019
1983445
7226342
8930280
1721321
1983466
7881717
1852428
5784591
803859
1983509
148512
541732
803883
1983532
3032113
6177846
1983561
1983575
1983586
541800
672872
1983600
17522
1983629
1852558
1852563
279708
672936
1459370
672944
6046906
6571195
1983678
1983687
1721548
148720
1852659
2639115
1852688
17682
1852695
7095582
1983775
1983781
1983788
2377013
7095607
410935
148796
279870
410944
410945
410952
1328470
1983842
410984
1852779
410996
5916029
1328522
279955
411033
1721770
1983928
1721788
1983950
804306
2377170
804317
1983981
6571514
411131
2639358
1984015
1984024
5785114
1852958
411197
1852992
542297
2639466
4474474
1984110
542331
6571647
1984128
542339
542340
3425929
673418
542349
804494
1984150
3950231
673432
673446
4474538
1853103
8930994
542390
542394
542401
2246339
1984196
6702789
411338
804565
411359
673512
673513
1328891
8931067
1984263
6702856
411408
149265
411411
1197848
1853222
8931116
1984311
1460026
1853245
18258
2377555
1984344
18264
1853286
1853302
1984375
1853319
8013714
1853330
804810
1984480
1984487
411645
1984515
280643
1984583
1984589
6572111
673883
8013926
1853543
411769
1984635
411800
411803
1853613
6047918
542914
2246858
1984725
1853657
1984733
542944
280803
1984741
411882
1853682
1984761
1853698
542981
411916
1853714
1853726
1460514
805173
4344118
411968
1853763
1984835
1460557
1853777
149842
1984852
1984858
1853786
1722718
8800607
1853791
1984874
1853804
1853832
1853837
1984910
2378129
543153
1460668
412092
1853896
1853908
1853913
543196
412133
1329638
1853938
1198581
1853942
1853974
1460774
1329704
281130
1853995
2247243
1985100
2640463
1854034
1985106
19027
1985120
1854050
19043
1591918
7096967
1985161
1985172
8932005
1854119
1854127
1854131
1854147
8800969
1854160
1985251
7097066
8932078
281355
3033885
2640672
674595
1723175
674603
674605
674615
674622
9325375
1461074
1985380
1854313
543601
543607
1854359
543642
1985439
1985459
4213702
543691
6966222
281564
281568
8932321
1985516
1723380
543746
1985548
1985551
1854496
1985575
5262399
1854529
1854546
19570
543861
1985661
543875
1985686
3034272
8932527
2641076
8932543
2247874
8801489
2378964
2378966
8932583
2641134
1854705
1461495
1854711
1854716
2116866
5131532
1854734
1985807
6049045
1985821
675106
675107
5262638
1854768
1199408
1854775
1985848
6049079
1985856
675146
281930
1854794
1854800
19825
1985915
19837
1854847
1854851
4083076
1985932
1854864
1854870
675224
1985948
1854881
1985969
675261
1854912
8670670
1854927
282066
6966753
675297
413170
1854971
1986050
413196
806420
1855002
1986075
1855017
1855022
544304
1855026
544339
1855066
413279
544360
1855099
1986175
2379392
1986176
1855107
20101
1855120
1986195
1855136
1855140
1855147
1986228
20155
1986239
1986244
1986250
413388
1855181
1986267
1986279
1855217
413435
3952382
1855231
1855237
1855242
1986314
8802060
1855251
1855266
806693
1855275
1855283
2379585
1855310
2510678
1986397
544609
3034982
8802155
544630
544636
544644
806790
1855367
6705033
675727
675737
1462170
675739
1986464
9064355
1855400
20399
1986488
1724358
544710
3297224
1855435
1986508
1855439
1986513
7360468
1462231
1986526
1986543
1855480
544761
282621
1855491
544772
544774
4214793
675850
151562
151561
675857
675858
8933398
1986583
6705177
544796
1986591
1855521
8933425
1855552
1986630
3035208
1986655
151650
1855591
6705261
1986671
1986680
1855610
1855613
1986687
6180996
1855628
1986706
1855653
1986725
1855656
1462456
1986762
1855697
676051
5918953
20718
1986815
1855744
1986822
6050068
282902
1855770
676131
1855788
1855799
8933693
1855811
151893
151895
1855833
1855859
1986932
1986939
1855885
8540558
414095
1986960
1855890
1986966
545179
1986972
807325
1855906
1986980
1855910
8016306
414130
1987000
2642365
414145
1987012
2380241
1724888
1987040
3035617
1855981
807406
414201
1987066
1855994
545278
1462792
414216
1987091
2249235
414232
1462815
1856033
1987124
1987131
1331784
2773582
1987157
1856086
1856092
21098
1987179
1856113
21110
1987191
2249341
8934037
2249368
414384
1856178
676531
1856184
545464
1856189
1987266
545488
8934099
676573
8934113
545511
1987303
545521
3166962
4346613
414468
8016646
807690
1856268
676621
414479
1463071
1987363
1594164
1987400
1725258
1856332
1463131
807771
6706011
7754595
1856358
2380651
1987437
6706048
1987458
3167107
1987481
1725340
1856417
8541091
1987495
4215740
1463231
1987524
807890
1856469
5264341
807903
1987552
807909
21488
1856501
1987579
1201158
1856532
1856540
1987616
1856559
152647
1856587
1987665
283734
1856603
1987689
152682
152712
677000
1987722
677007
677013
152731
1987760
3036337
283829
283843
1987779
21723
1987806
1463519
9065695
1856738
1987819
8541421
1463535
1987826
1856755
677111
677114
677115
1987834
2118921
1856780
546069
2643229
546105
1987901
808255
3167555
1987909
546120
152930
6706530
546149
3954023
546159
1987956
1463676
1856893
6706564
284043
1070489
284057
1856926
1988008
1463720
1463724
1988018
2250165
1070531
1201607
6706650
677353
8934891
8934901
1857026
8934918
415242
1857041
415260
3036706
1988136
1857090
546374
1463891
546389
1857110
415322
546394
1201765
1988217
415363
1857160
1988247
6051484
6706855
415412
1857205
1988279
8804025
2381500
1857224
1464010
2381515
2381518
415440
1988327
1857260
415470
1857263
1857270
6706934
1726201
8804099
1857287
7100167
1857300
415509
153366
1857317
1857319
1988396
1857340
415563
1988437
415578
2381682
1857399
2512763
1202047
1857409
1333128
1988493
1988506
2250652
1857437
677790
677792
415657
1857469
677823
1988561
415705
3168222
677856
1857505
1988578
1857509
415724
1857528
8673273
1857547
3299347
677914
1857563
284702
1988644
2644015
1857584
284726
1988665
546888
1857610
6707289
1988697
1202278
1857661
546947
1202311
546965
1988773
1857706
1857709
1857726
4085952
1988815
6576341
8804570
1857755
22751
1202416
8935667
284924
1857802
8542488
1988894
1857835
1202476
1857850
8935738
1988932
1857863
2382157
1988946
8935764
3168606
1988959
1857898
1988972
1857907
1857933
1989012
2382247
1857963
2644396
22963
1857980
1989056
1857985
22986
1858010
23008
3037669
2120176
1858036
285186
1858072
1989154
154166
1858103
8804927
285252
2120292
1858155
678512
6576768
1858179
1989253
1989258
547481
678559
678573
1858232
2644666
1858236
678589
2644673
547528
678606
5135057
154322
547540
2382549
6970083
1858278
416500
416504
547580
416509
1858308
416518
416521
809741
1989390
6314773
1858334
416544
1858340
1858346
416561
6708038
547657
1858378
1989449
416587
5397321
547677
1858416
1858424
1858448
6052752
154525
154529
1858466
1858473
5266348
678834
1989564
1989572
1989575
678860
678861
5135309
1858517
678880
678883
1858538
1858544
1858546
1203199
1858565
4086797
1858582
1334294
2513954
1334313
1989689
4086841
6708287
1727554
1858641
8805477
1858661
7101546
1858669
1989743
6708338
416896
1858689
1858697
1203337
416907
6577296
1596562
1858715
1858719
416945
2383027
2383039
416959
679113
1989838
416978
1858771
416981
1989845
1596647
1858800
2120949
1858809
1858815
1858819
2645261
154907
1989943
1989952
1989959
1858903
23904
1989985
1858933
3300731
1990013
1858947
1334666
1990027
286093
3169679
1858962
2645422
1465783
1990086
1859017
6577612
1859036
1859046
1990129
1859068
8805888
548355
1859075
548361
286223
2645531
1465904
155200
1990217
1990229
1859161
1859169
2252390
6708853
679541
679549
1990271
7888522
679567
1990305
679590
1859241
1990323
1990325
679608
1859261
2383549
679615
1990338
1859271
1466084
1859307
1990386
1859331
1990412
1859358
1990464
1859395
1990468
548682
1990494
155491
1859431
24430
1990517
1990524
7888768
1859459
1859464
8937363
810905
1990558
1466286
1204145
1990583
1990593
1859522
1859525
3563462
1990607
1859537
4349909
1204195
6578160
417778
2121720
417795
1990666
1859606
1990682
417823
1204262
1204264
679981
1990704
8937527
8806459
1859675
8937565
548963
2121831
2777192
548972
1990765
155757
8937583
1990771
1990775
1204350
1859720
1990806
1859741
5267617
1859749
2121903
155835
6578366
8806592
1204439
418007
24809
1073388
1466610
1990923
418068
5267735
1859875
3301686
1990983
1990986
1859915
1990989
1859922
7102826
2384237
1859953
1991046
1597841
1860022
1991096
1728959
418255
25045
1991126
418269
1335807
1991169
1597960
2122256
1991187
1991193
1860136
1991211
1729078
1860156
3957311
1860161
1860173
1991258
1860199
1991278
1991281
1991297
1860226
1991301
1860242
1467055
1860273
156353
8676034
1991373
1991382
1860314
1860347
1991419
1991428
3040009
1991446
1729320
1991466
156461
1991483
1860413
1991488
1860419
1991495
1860452
6972264
3433322
1991532
1860467
1860476
1205119
1991554
1991567
156572
2778013
1860512
5268386
156580
1991591
549800
1860532
25525
25524
549824
1860551
1860559
418767
418827
1991692
1467405
4088844
9069589
9069602
681002
681003
1991731
1991755
1991786
7103595
1991792
5399666
1991795
1860745
681101
3302546
4088992
2385068
1991867
1205438
1991872
1205446
2122959
1991890
1860830
550122
550126
8807662
2122995
1991947
2254099
1991961
1991974
1860906
8938802
8938812
1860938
6317388
7890255
1992026
681311
1860961
2123107
419177
419205
1992077
4089234
1861010
8021399
681369
7103904
550305
681379
550312
1992106
1992111
1861042
157110
550329
1992123
1861056
1992130
1861059
1992137
550349
1861071
1861081
1861090
1992172
550384
1861105
26103
1992194
2254353
1861138
6579731
2778644
1861143
288282
5531167
288288
1861183
1992258
1992269
1861217
1992290
1730165
5924472
2123387
6973055
1861249
1861258
812704
2254506
1992364
1861295
812721
8808113
6579899
1992380
1861309
1992392
1992399
288486
681704
157422
1992431
1992432
1861358
1861375
1992448
550660
1992459
3041042
1861395
419607
1861407
1861423
1992506
1992511
1861445
550735
550736
1992532
1992537
419683
26478
2254708
6580099
1992585
1861537
1861541
1992636
157630
1992647
8939469
6711246
1992661
1861591
8939488
944097
1992674
550888
1861625
419834
1861637
1992716
550930
9070622
3172383
8939555
1730595
8939571
813111
1861707
419920
1992789
1861720
1861724
6973537
1992802
1992813
2386037
1861761
2254977
7104655
419986
1992852
8939670
1992860
157862
1992872
420012
420026
1861820
1992896
1861835
1992927
1992933
8808684
1206511
1861875
2386163
1861900
2648344
8808729
1992987
7104798
1468712
1993002
1861933
1993011
1993021
1993026
1993047
1861977
1993098
1862029
551323
1862048
551330
813476
682424
1862085
1862089
1993163
7891426
682470
4221416
7891436
682480
1993202
1993210
682501
1862152
1862162
1993238
1993243
1862185
8940078
1862190
6318639
1993269
1862199
551489
1862213
551494
27211
6580828
551522
1993315
1862246
1993336
7891583
1862281
1993356
1862295
6711975
1862315
1731245
7891653
1993414
1993422
1993448
1993460
1993465
682745
682754
1993490
1993498
1993518
1862449
682804
682817
1862466
1469255
1862471
2648912
1862483
1862489
1993562
1993597
420747
420758
1862552
3042209
1993647
27571
1993663
1862596
289734
1862609
1862654
2255876
158756
1993772
1993778
1993784
2124857
683066
4090949
1993809
1993814
1731674
420956
1862753
1993858
1993863
421016
3304600
1862835
1993910
1993918
421057
814281
2649290
1993951
683232
1862883
1993956
552167
8940778
8940784
290035
8940803
552198
7892232
1993998
1862930
2387232
1862944
1862948
1994022
1731881
1994029
8940848
421179
3304766
552261
421199
8940885
1863025
1994097
1994100
1994117
1994131
1863063
552349
1994153
8809900
8023470
1863104
1863113
552394
7105999
1994207
1863137
159203
4091366
1863184
1863188
1863192
290329
8023579
290343
28204
1863215
1994289
1994296
683585
1863237
8023623
1863255
1994336
290404
7892586
1863274
1207919
5795441
1994362
1863318
1994392
1994420
683718
3305169
1863389
1994461
7892705
1994467
1863407
1994480
1863416
1863420
1994495
1994508
421654
1208097
1863462
814892
1994551
4091703
421702
8810310
552779
6713170
4091737
552795
552798
1601376
421733
1994597
421736
4091756
2518894
552817
159611
552828
1863570
1863576
4091801
1994649
8810395
1994662
290743
4222911
1994705
552916
1994712
1863653
4091884
1863671
4616185
1863674
1863685
159750
1208350
684074
7106610
1863734
8941634
1863753
6975561
684108
2781270
1863778
4092003
7106660
1994860
1994867
2519179
422028
1863826
8941714
8941715
1994900
1994911
1994921
1863851
1994933
8941750
2388157
4092107
8941771
422101
1994967
553187
553191
1863917
553200
553202
1994995
1994999
8810746
553211
1863951
2126103
1995033
815393
684341
1864005
1864011
1995083
1864015
1864023
422233
1864028
684383
1995110
553321
1864042
1995122
4485493
291190
553342
1864064
1864067
1864075
1995149
291221
1864089
422299
422300
6320547
160164
553384
160169
1864113
1995187
1864117
1864122
1995201
7107021
1864149
1995225
553437
1864157
1864162
1864174
684528
1864184
1602041
1864200
1864213
1995288
1864240
7893553
1339962
1995322
1864257
4092485
3961419
1995364
1864294
1864298
1864302
9073267
1995381
291448
5927550
1995393
9073290
9073291
2388625
1864341
1864348
1864353
1864383
1995459
160458
5403344
1864406
2650842
1864419
2781925
291583
1995527
1995547
7107355
1864483
4485926
1864488
1864502
1864515
1864525
160589
6583128
1733464
1995611
2257764
1864555
1864565
1209206
160631
553851
2519936
4092801
2126747
553884
2126765
553918
1995725
1864661
2651096
1864679
2651135
1864732
1602596
1864740
1864766
1864770
685132
816212
5141591
816224
291942
6583402
8942712
3568774
1864839
9073801
1995919
1995930
1864865
1864868
1995946
816318
1995971
1864917
1995997
1864940
1864944
8025328
1864952
161018
8942844
3175680
1864990
1996062
9073971
1996086
1865019
1996092
161085
1865025
1996111
2520400
5141854
1865062
1996152
1865083
1865088
1996166
1602958
1865110
7108013
4224433
1996223
1471941
1996232
1865164
1865167
1865170
3569111
1209815
1865189
1996263
1865193
1865195
1865200
1865203
1996276
1865223
6714888
1209867
1996305
685588
1996334
1996335
1996343
1865273
2258502
1865302
1996391
423534
161417
2127499
423564
1865371
1865374
1996455
4093611
1865389
161457
4486836
1996472
1865409
1996481
423618
1865423
2127569
2258650
1865435
423655
8943349
1996535
7108344
1865464
1865467
1996541
1865470
1865481
8025872
1472273
8943389
1865510
1865519
5928759
1472325
423752
4093774
6977358
1865550
1865556
1865569
2652002
8812398
6584174
1865585
1996659
1865594
1996668
1865597
554887
1865608
1472405
2127767
554904
161701
1996712
554925
1996723
1865658
1865661
554947
1865669
8812491
3045324
7894992
1472470
1865690
1865694
1996769
1472484
1865706
1865714
1865723
423949
555025
1865746
1865752
555032
1210393
5928996
30776
1996859
1865789
555076
1865805
3438694
555112
1996906
8943722
2259060
8943735
1865858
1865866
1210508
1996943
1865874
8943778
1996968
1865903
1865912
1210562
1997004
1865934
2128082
424150
1997014
1865948
7108829
8943841
1210601
1865967
7895282
8812788
4094198
1865980
293121
1865991
6060298
6060311
4094232
1866010
1341728
162082
1866019
1866023
4094282
1866062
1866069
686423
1866075
7108958
1997151
7895397
1866089
686447
1997169
8812915
1997174
1472891
1997182
1866117
1997201
1997214
1997218
1866147
1866150
1866155
1210796
1472943
555448
1866172
5142973
1472959
1341888
1604036
1866182
1997258
1866191
2783699
1997269
1866198
162280
1997290
1866220
1866226
1473011
162295
1997338
7895579
1997342
1210912
6322726
1997353
1866291
1866294
31290
7109214
7764576
1473129
1997432
1866361
1866382
1997454
1997457
1866391
1997469
1997474
1997484
1997485
1997495
1997503
948929
8813251
1866441
4618958
1997521
1997526
1997530
1997532
2390776
424705
1866499
1866503
1997576
1211150
1997583
555794
686869
1211161
31516
1997606
424778
1997646
424796
1866590
9075556
424807
1997674
1997690
424828
162696
1997713
1997718
818070
1866648
1866654
1866658
1866666
424885
2128821
424895
1997785
1866725
424933
1997807
1997809
8944633
1211387
7109631
1735682
1866761
1997835
1866775
1735706
4095002
162851
1211428
4095013
2128958
1735743
8944712
162890
1473629
1997921
1473634
1997926
1866856
1997941
1866890
687272
687277
31923
8944820
687297
2129089
8944845
294096
1998035
2653399
31968
6847728
687347
425206
425207
2260219
1998078
4095247
1867026
8813862
1998127
1867061
3046711
6847824
1998161
1867089
1998165
1867096
1473881
8813916
556388
6847850
1998194
1604983
1867134
32138
2260386
1998242
556452
556461
1998258
1998261
1867190
32188
1998280
556501
1998294
1867239
1342954
4226542
1605112
687622
1998351
2391575
687646
1605162
8814123
1998381
1867318
556605
687677
556609
1474121
556621
163405
1998450
1867379
1998458
1867389
1867392
556678
5144207
1867416
1998498
1998501
163498
1998509
556721
1867460
556747
1998546
1867476
6586076
1998558
1998562
1998599
1998633
1212203
1474352
5930802
1998650
1998670
32591
32595
1867603
32608
1867628
1736561
1998708
1867643
1998732
2654093
1867674
1343391
2129828
1867685
1867708
1867735
1998809
425959
425962
425986
1212423
1998872
1867802
1867804
426024
1867835
1474619
1867843
9076824
1867867
1867869
1474664
1867882
6848620
1998987
1867917
1998994
557203
3965077
1999007
1867937
1867940
1867943
295083
426157
2261169
1999026
557241
1999034
557249
8945859
426180
1999061
1867996
8945889
557282
1868026
1868032
1999106
2392326
7766287
426260
1999126
557334
2130203
1868076
1999150
1999157
1999169
1868101
3047749
1868107
557394
1999187
164181
557407
1868131
3047781
1212777
2130289
1999240
2392457
1999253
1868190
1999262
426403
33192
1868203
1868224
164290
164299
1868238
1999314
1868242
1999317
1868260
1999345
1999349
6062594
1868299
1999378
1999380
1999386
1868319
1868337
1212983
688702
6980161
1999425
1868355
4096579
1999430
688713
1999441
1344083
1999446
3310168
688749
1868414
1999492
5145221
688775
6324881
6980254
3310241
1475238
7111336
1475268
557782
1868512
1999584
295651
1999590
1475313
8815349
1868552
1868564
1999650
2392867
1868580
1999709
1868644
1999727
1868675
1868680
8946573
1999765
1999779
1999784
1868716
1999804
1999813
1868747
1999827
1868757
558041
2393051
1999836
689123
1999851
1999856
558066
1999862
33783
427001
295932
1999873
1999876
689157
295946
427025
2393106
1999892
689185
1606696
689222
1999944
558155
1868877
8946771
1999975
1999979
1868912
2393207
1999997
1868932
33931
1868944
2000017
1868950
2000023
4097178
2000031
1868960
2000038
2000043
1868972
5801152
1737921
1475787
1869015
2262247
6980841
1869042
6980872
2000137
2655499
2000153
2000171
8815922
2000178
2393395
2000183
2000187
6587708
2000197
1869131
296285
1869149
1869154
2000236
1869169
1475954
3179898
5670271
427397
689561
165277
2000287
820657
2000306
2000310
1607095
2000332
2000349
2393582
427517
1869313
427530
6981131
558604
2000417
427560
427563
9078322
3966522
6850116
427591
2000461
1869394
2000476
1869415
1869418
2000491
2000500
2000511
1869468
820895
1607332
2131620
2000548
2000565
1869512
1869516
1869527
1869535
427753
2393840
1869600
2000672
1869631
2000709
689995
3180379
1869668
2000751
1869683
1869692
2000768
558982
2000777
1869710
6981534
2000806
5146538
559027
559028
1869750
2262979
2000843
2000847
2000851
2525139
2000864
1869792
3180518
1738727
1476586
2000880
2131955
2000892
1869821
1214468
2000901
1869832
2000911
2000915
2000925
3180574
2000953
821306
2000958
2000963
1869900
821324
2000986
1869916
1476722
821363
1869941
2001016
8947842
9341059
1345677
1869966
2001048
1214620
690347
2001067
166060
2001072
1476788
1345718
2001097
2001102
2001110
166104
1870046
2001123
4098280
1870056
1870059
2001133
8685810
1870073
1870076
1870080
3967251
2132251
1870121
2001207
1870137
7506237
428356
2001227
428368
1870161
1870165
2001242
1214814
2001247
1870174
2001251
2263419
1870236
35236
2001320
559528
2132394
1214894
2001329
1870260
2001351
2001358
1739216
2001362
2394582
2001370
8948192
2132461
559597
5933554
1870322
166389
1870326
559609
1477117
2001410
428546
2394629
35336
428564
428581
2787890
1870388
428610
2001494
2001503
2001514
1870453
2394749
2001538
2001562
6064807
2001575
166570
1870512
2001586
4229811
2394804
2001600
2001605
297678
297697
2132726
6589180
559873
1477381
559884
2001677
559885
6720274
35616
559906
2001703
559915
2394926
1870642
2001715
691012
1870664
559959
6982487
691041
2001762
2001776
1870707
1870721
691075
2001815
8162224
2001842
2001850
1870786
1870804
1870815
166884
2001893
2001909
691192
4230138
2001936
2526233
7900201
1870929
7638108
6589539
691316
560254
1870978
1477766
691336
35984
1871000
1871012
691371
36017
5147826
2002099
691384
2002105
429265
429266
2657496
1871084
1871097
560378
429309
8817925
1871115
2002190
2002202
1871137
298285
560436
2002231
1871165
1609023
429383
560461
1871190
429403
560477
6983007
6983008
167264
429422
2002293
4099458
429443
1871237
560517
429461
2133400
2002334
4230563
2002352
1346997
7900603
560580
2002374
8949197
167375
1871313
9342417
2395613
2002400
1871329
2002403
1871333
6589930
1215985
8949238
1871364
1871369
2002442
1871372
822796
1871378
429600
2002465
4099625
1871409
2002482
822834
1478205
2002495
2002498
2002512
429657
429665
2002531
2002535
2002544
1871494
2264711
2395793
1871511
8949412
1871549
1871555
429777
429779
298715
1871582
2002655
7114468
1871588
691950
2002676
2133753
691962
429819
1871610
691966
691967
1871616
691969
2133765
1871624
2002703
2658065
1871636
1871639
691991
691997
167719
692011
1478444
2002736
1871665
2002750
1871679
7900992
1347394
1216324
1871685
2002757
2002763
2133846
2002774
298847
2002788
1871722
2002798
8949618
2396029
2002816
1871749
1871760
2002840
2002843
1871776
2002848
298917
2002867
2002874
1871809
1871819
1609681
1871825
1871828
1871834
1216485
1871846
2002924
561148
3575819
1871892
561177
7901213
9343012
1871916
1216558
1871920
2396210
1871934
1871937
1085507
692292
1871961
2003036
1871966
2003043
692337
1871990
8949883
561276
2003067
168069
8949894
7901322
8949910
561303
561307
692380
1872032
2003114
1872047
2134191
2658489
37049
37052
4100287
1872068
3182794
37067
2003148
1872079
2134230
6066402
2003170
1872146
2134303
2003239
299309
2003250
1872185
1872189
1872199
2003294
2003298
2134371
2134385
2003317
1872248
8163715
2003335
1872265
1872274
2003352
2003358
1872298
1479089
430525
1872336
1872340
1872343
430560
1348078
1872366
1872373
1872384
2003461
1872390
1872398
1872402
2003474
1872408
9081373
430630
1872425
9343549
7115339
2003535
430673
430677
2003545
1872475
9343579
2003558
3183217
430714
9343611
1872512
2003590
299657
3576466
561821
8950432
430755
1872548
299694
8819379
8950457
2003646
2003663
1872595
561877
1872599
2003673
6984412
1872612
299763
2003705
692988
8950529
692997
1872648
2003722
1872651
2134794
2003728
2003734
693015
1872664
2265882
1872667
430877
693022
693029
2003755
2003759
1872691
1348403
1872696
9343804
1872700
1872703
1872708
9343820
1872717
168780
1872725
2528085
37746
1872758
168832
299904
2003844
8950662
430986
168849
1872799
431011
1872808
431020
8950701
1872817
562101
1872832
1872839
299982
2003925
7115757
37873
1872884
37880
37886
4625411
2003984
431120
2003997
1872927
2004019
1872948
2004035
2004056
1872990
1479784
1873005
1873011
562294
1873016
300154
2004092
693373
2004109
300180
1873047
4625564
693412
562342
2004138
38066
1086643
1873085
1873090
693445
1873096
693452
1873104
2004180
693472
2004196
1873127
1479912
2004203
2528498
2266363
2004224
6984963
169233
6984982
1873174
2004270
2004279
2004284
169282
7902540
2004306
2004311
1873239
1873240
1480027
169311
2004320
1480055
1873284
1873293
1480081
1873310
4232609
1873319
1480104
2004393
562609
1873338
1873343
38358
1480156
169443
300517
2004458
1873390
1873394
1873405
2004480
2004488
2004492
2004498
1742358
562720
2004519
2004525
2004531
1873466
2004539
1873470
431682
2004548
1611341
2004557
2004562
431703
1873496
2004568
1873508
1873514
431726
2004593
431733
1218167
431745
1873572
2004653
1349302
1218231
300729
1873597
2004674
38597
2004680
169681
1742550
1611480
1873625
1873628
2004702
1873634
7902956
2004721
300790
431866
1873659
2135804
2004734
1873663
1480455
1873678
8951568
169760
1873701
2529065
1873706
2004781
300848
2004784
1087283
2004789
2004795
431931
1873730
2004812
431949
1873752
2004840
2266995
1873781
431996
1873791
300927
1873796
432008
2004879
2004885
432027
7903134
1873824
2004905
2791343
2004919
1218510
1873880
1873907
2004980
2004984
563203
2005009
1218578
8689693
3446832
2398264
563257
2005050
1611841
6985795
2005059
2005065
38998
694366
432250
432251
6985861
2005141
1874086
1874093
1087664
1087670
5281975
1874112
432325
301254
2005192
1874131
4102365
2136336
1480989
694584
694585
2005307
1874237
694592
2005315
1874254
8952152
8952154
1874268
2005372
1218945
2398603
9083276
1874318
2005397
1087899
1218979
2005413
3971499
2005431
1612224
170441
1087956
1087957
2005464
2005467
170460
1087974
563696
563700
1481205
563706
1088006
1743387
2267679
2005543
1219113
2005556
1743416
1874489
563782
4102730
1481299
2005611
7903852
2005617
2005628
1874560
2005636
563845
563846
563851
7903884
9083532
2005650
1874592
6331043
2005674
1481388
2005683
1481398
2398904
2005713
2005721
2005729
2005732
39656
301801
6331115
2267900
2005782
7117590
2136861
2136871
1743657
2005824
1874755
1874758
2005850
1874793
695146
2792301
2005879
6593405
433025
1874819
2005908
5282711
2005913
2005919
433063
170921
3578810
2005948
2005953
4234179
2005958
6986701
2005968
5282775
302043
1874908
2005988
2005999
2006004
2006011
1874946
171017
1481743
171025
1874972
2006049
302127
2792498
2530355
2006074
1743936
2006089
1481802
171084
2006100
2006113
3972197
2006121
4103287
2006138
564347
6855803
1875072
564371
2006164
1350814
2006174
8821922
2006179
8821928
2006200
2006205
7642303
2006225
1613011
1875157
302312
2006250
1350893
695535
1875188
8953094
302349
2006300
2006310
433447
6724907
695624
8953194
2006379
1875314
8953205
1875319
433528
1875326
433537
433560
1875354
433571
1875364
433574
433575
2006453
6331845
1875400
1875416
1875432
8953323
2006508
2006514
8953333
6987257
2006529
1875459
8953354
1875467
8953358
2006543
1220117
2006562
2006566
302634
564786
564788
1875511
9084487
1744461
1875538
3317332
2137688
1351266
564840
2006642
1482364
2268804
433810
1875603
2268825
40616
564907
1875636
9084610
6987467
433869
6594262
564956
564961
2006757
302831
2793220
1220357
1351446
1875742
6987550
1744672
1875756
1875762
2006842
2269008
2006871
1875811
2006884
2006889
2006900
2006917
1875848
696211
2006957
565168
2006968
696250
2269115
1220551
565196
1613773
1744849
2006999
696281
1875929
5677019
2007006
1875939
6332387
565231
1875957
1875961
2007048
6332431
2007057
172055
1875992
696344
2007083
2007104
2007109
1876055
1482849
2138212
1876080
172192
1876130
1876136
1745069
1876162
2007237
565460
1482965
1876189
2007262
8954080
6332640
1482984
2007273
1745130
303345
2007283
1876226
696585
2138385
2007316
696596
2007327
2007332
1089847
2007361
1876290
1876293
696649
1876301
1745241
1876328
1483112
1483114
1352043
1876334
2007407
1876340
8823162
1352059
1876355
2007432
2269584
3187093
172488
8167887
1876452
2007549
1876490
1745421
2007568
9347605
2007581
434724
1352228
8954415
1876554
8954449
2007634
2007651
3973732
8954483
2007673
1876602
1745537
1876617
1876624
8954543
2007730
1221302
6333114
172748
303821
2007763
1876718
303858
2007798
2007805
2007808
566020
172814
9085710
2007826
1745694
2007862
2007875
2007884
566094
435023
566103
2007901
7119714
1483619
1221474
1876847
697242
2007969
2007984
2401215
6333391
2008038
2008054
6726666
2401291
2008080
697362
2008084
2008087
2008090
7382043
2008100
1877045
435267
173130
2008138
304206
7119953
2139218
2008157
2008161
2008166
1877098
2008174
1614960
2008187
2008199
2008205
566420
566435
1877170
1877182
8955077
1483973
1877199
3318992
8955094
8955096
2008286
1615078
9086193
2008311
1877248
1484032
8824064
1221888
8955141
1352973
2270484
2401563
5678365
1352990
2008379
2008382
697673
9086281
697675
697678
697682
1877331
2008409
697696
1877356
697718
1877369
304511
1877378
2008454
697746
697747
173463
1877405
2401702
2008498
2401716
7906743
1877432
1877450
1877456
1877476
2008553
2008556
1877503
697867
2008591
304658
1877523
566819
2008623
2008645
2008656
435799
566880
1877607
3319401
2008681
435826
2008703
2008711
4105867
435858
8693396
2008726
42656
698019
1877669
2008741
1746605
2008752
2008765
1877705
2008778
2008792
304861
8955614
8824543
2008807
435949
435952
304888
1877756
435968
2008839
2008844
2270994
436002
2008872
2139965
8431429
1877836
1877840
2008914
2008918
2008924
2008936
2008957
1484673
2008984
436171
2009039
4237266
698324
698328
2009066
174079
2009102
3581969
1615891
3319827
1878050
698402
436259
436262
2009129
2009133
2009148
2009154
2009194
2009206
305276
2009226
1222811
1878178
567458
1222822
1878189
305332
1878201
1878208
2140362
8956107
2009298
2009303
2009321
1878251
8956141
6072557
2140416
2009345
1747201
1878274
2009362
1878294
8956187
1878299
2009374
4499746
1878307
567588
2009382
2009391
2009406
2009411
567623
567634
8956246
1878360
2009437
1878371
2009443
2009447
2009452
567664
698742
2009462
567680
5810564
2009485
5679508
2009497
567723
2009517
1878450
2009524
2009530
1878475
6990291
2009556
305622
5286373
2009586
6990333
1878526
1878528
2009604
1878534
2402827
2009618
43553
1878561
1878569
2009642
2009650
2009656
174655
2009666
1878595
4631108
4237894
2009675
1878604
2009679
1485395
5810781
567906
567907
1747565
1878645
305784
2009723
567932
567934
2009748
1878688
567972
1354405
1878695
2009768
1878723
1223363
3975882
1878747
1485543
1878762
2009848
2009850
1878782
1878811
6990644
1878848
2009923
5811022
1878865
2009940
2009946
2009952
1616737
699238
1747814
437103
2009968
1485689
699264
699275
699277
1878927
2010001
1616788
2010006
1878936
2010012
2010018
437178
437191
6335474
2010100
437241
437249
1485828
1223697
1879059
2010136
1879090
2010175
437324
2141270
2010201
2010217
2403437
437359
2010246
2403483
2010272
2141347
699567
568497
2010290
568503
2010297
175292
175300
568523
1748175
2010326
2010332
568543
437473
175330
568553
2010349
8695021
2010369
6073608
2010389
1879320
568607
7253290
2010437
1879382
8826205
2010466
2010473
2010485
2141569
2010500
437642
2010507
1879447
437670
2010540
2010546
1748405
7253442
2010564
437718
8957409
437753
2403841
3059222
2010655
2010666
1879595
1879606
1879618
2010695
1879637
8957529
2010741
2010764
1486478
1879704
2797209
1486562
2797291
1486594
569091
2010884
1486597
1879836
1879844
2010917
3321639
569130
2010946
5943110
2010956
2404185
1879907
1224550
2010993
1879925
7647095
2011001
6336397
2011023
1879963
1879980
1879987
2011059
1879994
6336458
2011085
2011096
1880029
3321848
307201
1880075
2011159
700440
2011166
2011175
569395
1880133
2011208
1880159
1093734
1880174
307312
307329
1880201
1093770
2011292
1487009
1880227
2011302
1487020
2011329
8958147
700625
8958165
700632
7254236
700639
1880305
2011377
176375
1880318
8696075
2011404
176414
1880351
176416
1880355
2011436
1880366
2011447
1880381
2011459
4239709
2011486
2011492
2273659
2011515
1880453
1880468
176549
1880486
2011563
438724
438735
1880527
1880540
1487328
2011618
2011623
307691
9089520
1880562
438772
2142708
2011640
2011656
2011682
1356324
2011688
438830
1880655
1356374
2011737
1880671
3060323
438885
2011749
9089641
2011753
307836
2011779
1880711
2011789
1880722
2798228
2011797
1880739
1225382
2011831
2011845
307927
1880799
1225454
1618674
2011891
2011897
2011911
2011933
307999
4502306
2011939
1880894
2011988
1880923
439137
1356641
2012004
1225583
439157
5682038
8958845
2143102
701320
439180
2012047
8958888
2012088
46022
1881034
1881055
2012128
439283
308233
308242
1881135
2012211
1881144
2012220
1881150
8959042
2012229
2012235
308299
2012251
5682282
8959086
1881203
8828037
570501
46220
570520
1881251
1881265
1881272
8697019
2405565
1881277
1881291
1881304
1881319
1881323
4371706
2012415
1881346
1881357
1094936
1488154
1881373
1881377
1881390
701743
1881399
701761
1881410
701763
2012487
177486
1881432
1881445
1488247
6862212
701832
1881482
2012554
2798996
701845
1881493
2012571
1881500
2405790
1881511
2012590
1881526
1881530
2012606
1881536
1881545
1881547
1881551
3978709
2012630
1881561
2012638
1881576
1881583
1881611
1488403
1488404
2012710
1881639
1881659
1226305
1619528
1881673
1750617
1881689
2405979
177756
1881713
2406001
2012785
2012789
2012797
308862
1881725
1619582
1881730
1881735
2012808
46727
2143884
1881743
1881748
2012822
1881755
1750701
6338224
1881778
1881789
2012874
440011
440013
1881807
2012879
440019
1881818
571098
571107
440073
2012940
2012944
1881873
2012956
2012974
2012978
2012985
2012992
1881922
1881926
1881933
178001
702289
5683028
702305
2013026
1357679
702321
571255
3192697
1881982
1357701
571270
2013062
1881995
1882002
1488786
2013081
1882011
702366
2144159
1488800
2013089
7911330
1882019
702379
2013105
1882036
2013117
178114
2013124
1882054
2406361
2013151
1882089
2406383
4503545
440316
1882122
2275342
1882130
2013209
2013213
1882146
2406434
702501
1882154
702507
702513
702527
5683263
2013247
1095749
5683283
571477
2013271
2406492
2013279
1882211
1882216
6994026
571503
2013307
2406527
571524
1882267
1882270
440478
1882278
440487
4372653
2013358
1882285
2013360
2013357
1882326
2013398
1882333
2013423
2013431
1489149
2013469
5683491
2013476
5683506
309557
2013494
2013509
5683531
1489233
2013524
1227096
9091418
1882459
2013532
2144618
2013548
1882478
2013556
2013562
1882498
1882505
309643
2013594
8960415
4241845
8960441
8960442
2013632
1882562
2013640
1882579
8042966
2013658
6076893
2013664
2013667
2013676
2013690
178684
1882629
8960520
2013726
2013729
1882659
2013733
2013748
1882683
2406972
2013762
1882707
2013804
1882741
2013824
1882752
1882759
2144912
1882780
1882814
2013886
2669252
1882829
2013911
703195
2013943
3062525
2013955
2013960
7387914
572177
2013972
2013974
1882903
703255
703262
6863647
572206
2014000
1358654
572229
1882956
1882969
1227628
2014074
1883014
1358737
1883035
2014109
1883045
2014117
6863791
1883057
1883087
1883098
2014180
2014200
2276350
1883143
2014218
2014222
310301
2014248
4504622
1883187
1883191
8961083
2014275
2014282
5946450
1883228
2014310
1883239
7912554
1883245
2407534
8174704
5684341
5684342
2014356
8961179
179367
1621168
2538679
8961211
2014401
2014427
1883356
572640
441586
572670
4504834
2014477
1228050
1883410
1883413
2014486
8830233
1883420
2014506
2014511
179511
1359159
6864190
1752389
1490250
2407754
1752394
1490254
572756
6864238
1228156
1359231
2014599
703894
441752
441761
2014661
703942
1359306
8699339
310730
1359310
2014671
2014681
2014686
1883616
2014692
1883620
5684710
441831
2407916
703987
1883637
2670087
6077966
1490472
2014775
1490488
1097279
8437316
48711
6995571
441986
8961666
573068
2014861
573077
310933
1228439
442014
2014884
442022
442035
1228469
179898
2014907
573116
8961723
2408125
573123
1752777
2014927
2014935
573144
8437478
442109
8961793
8961794
573187
8437512
2277130
8437516
1883918
8961806
1752851
1883924
573207
3063576
573209
442140
2015005
1883944
1359665
2015054
442192
1883985
442194
1883989
1883991
8437592
6995806
2015070
3325800
2015086
1884022
2539389
1884031
2015104
1884034
1884046
1490834
1884059
1228706
1490852
1884072
1753010
180150
1884087
2015167
2015178
8437707
1753039
2146262
1884123
1884146
180224
1884161
2015234
8437764
1490960
2015263
1884195
2015280
1884211
1884221
1884233
311376
1884247
1884250
6865007
2015343
180344
8437884
2015371
1884308
311444
2277528
2015384
1884324
2015399
1884328
2015403
8437932
1884331
2277547
8700080
2015418
1884356
2015430
2539723
2015437
1884371
7258347
2015470
1884407
8438007
2015492
1491208
7520529
2015506
2015513
2015519
1884451
2015539
1884476
1884480
2015555
2015558
1491275
1491276
1229135
1884497
2015573
2015579
8438108
2015598
8438139
2015614
2015617
2015643
1753506
2015650
1884582
2015659
1491395
573895
2015692
2015698
8438230
4506073
2015709
2015711
8438242
2015715
2015717
2015732
6865409
573958
2015756
442896
2015762
442906
1884701
7651870
1884704
2015779
705064
1884716
573999
1884722
574005
2015800
2015804
1884737
1884745
1884753
442974
8438367
2015842
442981
2277990
442983
2015854
2540153
2015865
705149
2015885
1229455
2015896
1884828
1884832
2015911
2015914
8438453
2015928
2015931
705215
6996672
705230
1884878
7258849
2671331
1884901
8176358
1884920
2016008
1491733
1884954
2278179
312114
5686066
181046
1884982
2016057
1884985
2671432
1885005
1491797
2016093
312175
2016118
1885050
2016125
2016129
2671489
2016134
2671510
8438681
574372
3589049
8700858
8831932
1098689
1885126
312272
1623009
1623019
1491955
1885171
2016251
1885193
1491977
2016266
2016270
1885205
1885230
2016315
5686339
1885277
6341757
2278532
1492109
8438929
2016405
8438944
1885345
4244641
2016436
1492151
1885368
1885394
1885396
1098983
1492201
1885432
2016509
1230078
1885439
2016514
1885443
2016520
1885450
8439063
2016536
7783712
1754411
2147631
2016576
2016586
312659
2278740
2016597
1885523
2016603
1885539
1885544
2016642
8963458
705929
2016651
1230220
2278795
1885592
2016673
2016678
8963498
2016686
1885621
2016697
574911
2016707
705990
705993
312778
1885642
574926
1885648
181715
2016725
706018
1885669
1492480
706050
1754628
181768
2147862
575004
1885730
443945
2803249
2016828
1492550
1885769
2672209
1885784
443998
2541151
1885804
2410097
1885809
8439420
8439427
2016906
1492638
444068
1885873
1361588
4376246
2016969
313042
1885913
8439514
2016988
1885916
2410208
1492712
1885950
444163
1885957
2672413
182048
1230645
1886008
2017093
8439630
1361743
8439638
2017130
1492846
2017140
1886073
1361801
5687180
1230735
1886111
1886121
5687210
1886132
8964028
1886145
444354
1886146
1886150
2017226
1361869
1492942
1886157
1886160
2017238
575451
1886172
1886176
8964069
1886183
2672618
1624043
2017274
1886203
1886208
1886214
444445
1493025
2410529
444471
1886285
8833102
2410575
1886294
4376667
9095279
8439921
1493121
444554
1886347
1886356
313499
1099931
1886372
3328170
313526
2017469
1886403
444611
1886409
1886417
1886425
8964316
2017513
1886448
182516
1886460
1362173
2017556
1362206
706848
2279715
1886500
182567
706858
1755439
1886514
313652
8702261
8702265
1886524
2541897
1886549
1886560
575851
4245876
8702326
2017655
1886583
2541957
8702345
7915914
575890
4376984
1886619
2017697
2017712
1886645
7784887
8964536
2017733
1886666
1886672
2017754
1886687
1362405
1362411
2673136
8440310
4246016
2411022
5687824
1755678
8440372
2017852
5687872
2148938
1886799
1886818
445041
5687925
1886843
6343293
2017920
1493642
445078
445080
445084
1886880
2017953
1886885
445127
2017991
8440533
314084
576235
314092
2411255
1886967
4377351
1886992
1887002
576283
1887006
576302
576305
1231682
1887049
2411342
1887063
4246371
8178541
1231727
1887093
2018174
3066757
2018182
1493903
2018193
1887123
445341
8965025
3066789
1887144
1231785
1887146
8178603
7654319
2018230
707516
707518
183234
1756100
2804677
2018255
2804690
183251
707542
1887191
707544
8440793
2149348
2018282
2018294
8965110
8965113
1887227
1887231
8440837
1887237
1231885
6999057
2280470
707608
707611
8965151
8965156
1494056
5688367
8965168
707635
1887287
8440888
445495
2018362
707642
1756217
2018365
5688375
1363007
1231939
5688388
445510
1887304
1887308
2280524
1887323
8965214
2018398
2149470
1887339
2018425
1887361
576648
2018441
576661
1887389
576675
2018468
445611
1887416
1494215
576724
1887453
445671
1887485
8441101
2018594
1887528
8965430
1887568
2018650
1887579
1887583
2018656
1887587
1887602
8441204
2018682
1494401
1887628
183698
2280853
2018714
1887669
314815
2018757
8441286
1887706
2018788
2018808
2018818
1363476
2018850
2018862
577076
1232453
2018897
708180
8441432
577115
8441440
8834657
2018919
1494637
577135
1887856
8441455
577150
577159
1887907
2018981
2018994
8834746
1887931
577218
577220
1494737
577234
1887954
5689041
577233
8441564
5689055
4378352
2019082
2019101
2019106
1888067
2019152
1757032
8441711
2019193
1888121
1888160
446372
1888164
446378
1888171
4378546
5689284
1888198
2019270
446421
1888221
2019303
446440
2019315
8441853
8441858
1495044
8441867
4247570
1888275
2019353
1888282
1888295
2019370
2019376
2019381
2019390
1888322
446532
8835140
6606921
2019402
1888335
1888350
2281575
53369
446589
2019457
1888392
2543761
1888401
2019496
8442032
577721
446652
1888453
2019525
1495243
1495244
8442061
1888463
2412754
1888472
2019547
8442089
1888505
1888520
8442125
2019599
1233174
2019610
1888540
1888553
8442170
2019648
1495363
8442180
446787
1888591
2019671
2019679
2019689
446830
1888635
2019709
1233278
1888641
2019720
446862
2019731
2019751
1888682
1888698
6607298
1888709
4510149
2019786
1888724
1888735
1364450
8442342
2019818
1888750
2019822
2019832
1888761
8442365
1888770
2019844
1233414
2019849
2019877
1888806
2019882
8704555
1888818
1888821
7000640
2150987
1233484
709200
2019929
8966746
1495644
1888873
2019946
1888876
2151029
1888892
2019973
2019982
2675361
1495717
2020013
2413235
1888948
2020020
8966844
578240
578242
2413252
1888984
8442592
2020074
1889007
1102576
8966900
2020084
2020091
2282241
1889032
1889045
2020131
1889060
2806579
2020164
1889106
8442712
9360235
2020211
709502
2020223
709504
2020226
185229
1889165
2020242
2020247
2020268
316341
8442805
2020283
5690300
709567
1889215
1627076
2020302
2020307
2020317
2020323
1889257
2020335
4379632
2020340
1889269
2020381
2282527
2020386
1889320
2020395
8442926
578613
1889350
1496134
316488
1889354
1889357
2020429
578645
447586
2020460
578672
1889399
2020480
3200129
2282627
7918731
447629
2020518
8443051
578737
2020542
2020548
5690569
2020553
6083791
1889487
2020570
3986652
2020583
1889524
2020606
1365247
1889543
316680
1889554
8443159
2020634
1234211
1889572
2020648
1889577
316715
8967473
1889590
2020665
1889594
1889603
1889607
8181085
2020714
447855
447861
2020728
1889660
2020735
2020738
8443269
2020742
447878
447883
8705422
2020750
710033
1889689
710042
447899
2020762
710046
2151844
710055
8443309
1889710
447920
710081
2020802
1889731
2020813
1889750
2020829
2020833
5690867
2020853
447989
1889787
447997
2020862
2020871
2020873
1889804
2020876
448025
9098784
1889826
2020902
1889833
2020909
2545202
2020919
1889859
2020935
2020941
317011
710232
710234
2020961
710242
710247
1889902
1234546
2020979
6084214
2020984
8967802
579195
2020989
579200
1365640
2021003
448139
54929
6870674
2021014
2545311
2021025
8967843
2807460
710309
1889958
8967847
579238
1889960
186029
1758904
1889979
8967869
2021058
579269
579275
1496780
4118223
2021077
2021084
2021097
1890029
2021110
186102
448247
2152186
2021114
2021121
1890051
2021130
4380435
1890068
2021141
2021145
1890090
2021170
1890102
2021176
2021195
1890130
2283353
1890142
2021218
1890148
317286
2676593
2021236
579447
4249470
1890182
1628044
2021263
1890195
1890198
2021271
1890204
2021277
2021281
1496995
1890231
8837053
2283458
1497030
1890255
2021329
2021334
1890263
2021350
1759206
186345
9099241
2021365
1890294
2021372
2021381
2021388
2021398
8837143
2021406
1890335
1890366
8443967
2021439
2021447
1235017
1890378
2021458
1366110
1890405
1890414
1890419
2021492
2021499
1890428
1890453
2021561
1890491
2021567
2021575
2021592
1890529
2021612
1890540
2152686
1104116
2021628
710911
1235201
2152716
1890573
1628435
2021655
1104152
2021671
1890627
2021700
186692
8968520
2021705
579915
2021717
317782
1890648
2021726
2808160
2808162
2021734
8968560
1890687
2021763
1497480
448915
1890707
579990
711066
8444314
6609323
186796
1890733
1366448
448946
448962
2021830
1890759
2021838
711127
2021866
449003
2021869
711157
1890808
8968701
8968705
2021893
1890830
2021903
449049
2021913
711196
711201
1104434
1235507
1890871
1890880
1890894
1890899
2021974
1890909
2022016
1759874
1890948
1890961
2022036
7920280
1628833
2022060
2022068
2808503
2022072
449224
2022089
318154
1497807
580304
580308
318165
2284246
2022133
2022138
580348
580351
2022143
5430015
6609666
318217
449297
2022163
2284316
8444701
2022173
449327
8444724
1760058
2677565
1891134
318270
2677571
2022212
1366857
1760073
2677581
318287
2022229
318295
1891177
6609775
2022269
1891200
1891206
2022302
1891248
449462
1891259
6085575
2022359
449501
2284520
1891307
449520
1891314
1498103
1235960
449545
1498123
2284556
3202059
1891366
1891376
318518
1891383
1891387
2415675
187459
1891399
2022472
318551
2022497
1891428
2153572
8838249
580717
1891443
318580
580730
580734
1891458
1367170
7003270
449670
2022539
1891470
2677909
449692
1891486
580771
1891492
1629348
1891498
4381872
1891521
2022595
1891527
1891535
580826
2022623
2022628
2022632
1236205
449777
2022650
1891584
6610183
580883
4644133
2022765
1367411
2678133
2022774
2678134
2022777
2022781
1498511
2809232
2284944
1891735
2022809
2022813
1367461
6610342
7003558
1367464
2022830
2022842
8838592
2022884
1760746
1891831
2022903
1891839
1891856
4382225
1891872
1891887
2022964
2022968
2022981
712264
1236577
712291
2154091
712300
712320
2023055
2023058
2023086
1367735
1892046
7003901
581392
1498910
1498916
1892135
2023210
1892142
1236791
2416439
2023227
1892161
2416463
4120399
450390
319324
581474
450413
2023279
450418
2023292
8970111
581513
2678676
1892245
8970133
581529
450469
8839078
1892291
1892310
2023384
1892314
8970204
581598
2285534
2023394
8970210
1368045
2023407
581616
2023411
1892344
2023418
2154497
2023427
6610950
2023441
2023462
450614
1892424
57417
1237070
2023502
1892436
57428
450646
2023512
450649
1237090
2023522
2023526
2023532
450672
1892467
2023576
1630364
1892524
2023608
2023631
712917
2023641
450777
2023650
2023654
1892582
712956
1630460
450814
2023681
1892614
450831
712986
712999
2023723
2416959
1892694
1761624
2285917
2023774
2023777
2023783
8839547
2023804
713089
2023817
2417034
4907412
1237397
1892767
2023842
2023847
1892783
1892788
2023867
5431762
2023895
2023902
2023918
1368560
2023924
2023925
1499645
1368575
4907532
1892881
2023954
1368598
1892887
2023964
2023987
2023995
320061
2024000
1106512
4383315
1892987
2024060
7398015
2024067
1892999
2024104
1893034
2024106
3203762
3203763
3203765
1893045
2155200
2024128
1893088
1368835
2024217
1893172
6611775
8446789
2024262
1237839
58194
2024277
1893207
2024285
4907880
4907885
2024303
6218607
2024311
582528
2024326
2024331
2155403
582544
4907923
2024340
2024343
8971162
2417564
2024354
2024358
2024362
8971178
8971180
2024370
1893303
1631161
8971194
9102265
1893317
1893340
582621
1237982
8971231
8971246
451573
2024440
1369106
2024468
2024471
451622
2024492
2024500
2024503
2024507
2024510
2024514
1893446
2024521
2024536
451676
1500260
451689
451695
582772
2024574
2024577
2024582
320648
2155659
451726
2024592
582804
1893525
451734
2024599
2024602
2679966
451746
2024613
2024622
5956786
2024632
2024640
2024652
2024657
1893588
2024666
9102559
2024673
2024685
2024689
1369336
2024700
1893629
2024707
1500424
2024718
2024723
1500436
714006
714018
2024745
4252971
2024748
451892
1893687
714045
2024778
1500494
451923
451926
1893725
1893734
2024809
2024812
451954
2024820
451963
2024834
451974
2024840
7005576
7267723
451983
714129
4908435
714146
1893797
2287021
714159
8185266
714166
1500608
2024916
714196
2024919
452063
5957101
452081
2024956
2418173
1500678
452105
321040
2024977
452120
2024990
1893922
2025000
452139
2025006
2025011
452167
1893968
1893973
1893978
452186
1893995
3466871
1894011
2025102
1894036
2025108
1894048
4908705
6481590
1500857
9103060
583380
1894103
8971998
1894117
1763047
1894144
8972037
1894150
3598106
2025249
2418466
1763108
8972076
583483
1894203
1894207
583488
1894210
1500994
4384583
2025289
3598161
1238867
8972115
321367
2680665
2287454
1894258
2156418
4908941
2025366
2025378
1501103
2811845
2811848
2025427
583639
583650
2025444
1894375
1894385
1501170
8972275
2025463
2025465
1894395
1763327
1894400
583694
2025494
2025506
8972346
1894462
2025541
714828
2025551
2156624
1894485
714842
1894490
8448092
2025583
8972400
1501307
10020988
2025603
321669
2025606
321672
2549897
8448138
714899
2025624
2025629
8841387
321715
2025658
583880
714969
1501409
2025707
714996
583935
4909325
2681115
8448291
583973
1763628
1894708
583996
2025796
8972614
1894736
1894746
2025819
2025837
1894766
1894772
452987
1894781
1894786
321948
1894815
2025890
1894821
3467693
2025922
2419139
584141
1894861
2025946
2681311
2025953
4254188
2025982
1894911
584192
2025985
2025999
2026002
584217
2026013
1894946
2026032
2026037
453179
2026046
2026049
2026051
1894981
2026062
1894990
2026066
2419289
584301
2026094
1895025
584308
1895033
2026106
322175
2026116
7006877
453282
2026153
2026161
3599034
2026178
2026188
2026193
2157270
1895127
4909783
1895145
1501938
2026228
2026239
453378
2419470
1895187
2026269
453415
4254507
453423
2026296
1370944
2026305
2026307
1370953
2026322
2157398
7400296
1502057
3468153
2026364
8711039
453505
2026377
1895308
2026387
2419606
60320
1895330
2026407
715689
453549
2026417
453560
2026428
453566
1895368
2026455
2026479
322545
2026482
2026486
453625
1895420
1895440
3599384
2026521
1895461
715813
2026541
2026562
1895491
1764425
1895497
715856
3206224
2419799
1895548
3599492
2026633
1895612
2026684
1895618
2026694
2419918
1895637
2682106
716032
1895689
8711434
1502495
1895737
2026815
2026820
1895759
7531855
1895786
7400813
2026882
322950
1895820
2026892
1895827
1502612
1502619
2026921
1895866
1895895
1895930
8973820
2682365
2682366
1895945
2420235
323087
1895952
1502738
1895957
8842777
1240601
585243
585244
2027038
2420257
1896010
323175
454269
2027137
454273
2027141
9105032
323212
454310
2682539
2027185
2027236
1502967
2682623
2027293
8843047
323377
716603
2027352
1634137
2027357
716640
2027364
716662
454522
2027400
1896334
2027407
1634195
2027413
454556
1765299
716737
454595
2027466
2027471
716758
2027479
2027497
1765356
2027513
1503231
1634305
1896454
2158606
2027542
454687
2027551
2289702
2027583
1110079
2027591
585810
2027611
2027619
1765484
2027629
585839
585842
1765492
1896580
2027664
585874
1896606
454817
2027689
454826
1896620
2027701
8843463
2027727
454867
2027732
2027737
61659
1896670
1896678
1372419
2027779
2027784
2027787
2027799
2027804
8974634
1634603
2027832
2027836
8974663
1896776
2027875
2027885
2027894
1896827
1896841
2027938
1896889
1896898
2027972
61893
2027975
3076556
1896916
2027989
2027994
2028011
2028022
324088
324090
8843772
2028040
324109
1241617
1503769
2159138
2028076
586289
2028100
2028112
2028118
2028127
586336
2028133
1897066
1897084
1897089
2028170
1897107
1766050
2028195
2028213
1897145
717505
1897160
717529
2028250
2028266
1503987
717559
1897208
717561
1897220
2028299
6746895
2028310
1897241
1897251
4387640
1897274
8975190
2028382
1373023
1897315
2028387
2028397
1897356
62356
2028443
8975263
7140256
2945952
8975270
8713137
1897398
324538
1897406
7271387
8188893
8188899
2028531
2683895
2028549
8844296
2028571
586797
1897522
1897525
586807
2028621
1766483
324692
1897562
2028638
586849
2290788
2028657
455794
2028663
1766522
1897600
586882
2028675
324742
4912271
4387993
1897628
586910
5829792
1897634
455851
455854
586937
1897667
455879
1897671
455888
2028774
1504491
1897740
3208465
1504529
2028828
455968
2684196
1897779
456002
1897810
2028894
456037
2028924
1373580
8975758
2684303
1897888
718259
62907
1897923
1897936
2160083
3470803
456164
2029030
456171
587244
2291201
1897998
718351
1898009
587291
8451614
587308
8451634
8975924
1242677
718390
456256
6354498
1898052
6354503
1898073
9107062
8975995
1898108
587393
456324
2029202
1898131
1898135
8713881
1373862
1636006
1898168
1898192
4388566
2029277
1898206
1898221
2160374
1111816
1898271
1898276
1898296
718650
325435
718675
1898356
587639
587647
1898372
1505156
1898376
718739
718744
1898402
587686
1898409
587698
194497
1898436
1112009
1767373
1898452
1898455
587735
325599
587760
1898512
1898523
2160674
1898548
1374288
1898585
1898598
1898603
2291831
4257942
1898659
1243309
1898694
1898698
8714445
8190162
1505511
1505526
1243383
1898745
1898754
1898765
1898783
1898788
1898793
2423086
2816302
7010615
194890
194900
1898836
194922
1505643
194930
588146
326004
1898874
457083
588174
1898898
457109
1898911
2292133
195000
457147
2030022
195018
1898960
457173
1898971
1898997
1899008
1767945
1899019
1899020
195087
1899023
326170
3209771
1899052
1899061
1899067
1899072
2292298
195156
1899098
1899106
195174
1899112
1899117
7928443
1899144
3472024
195241
4913867
1899234
64235
326380
1899246
2161398
4389641
8452878
195359
1899297
719653
719655
1506095
195376
719665
8977218
1899345
1899353
8584026
1899371
719740
2030464
457601
1899392
719750
195462
1899401
195467
1899406
457619
1899412
719776
719778
719780
457638
1506219
457646
64437
719803
7011264
195525
2423777
3603427
457708
457719
588802
64516
1113095
1899529
457737
64523
1899537
457750
2030615
588828
1768487
1506348
588845
1899568
588850
2161715
1899577
5176385
9108550
5962823
7404621
195673
8453216
1899624
1899632
588912
326784
1375362
1899655
1899663
3472537
457891
457896
9108652
2423981
5176501
457909
64713
1113298
1899751
195818
1899757
457975
1899780
5176599
326942
1899809
3472681
7011631
326961
1899839
8453452
1768784
3472749
7404914
8453509
9239961
1899943
1899958
6356409
1899983
327132
1900004
8977900
196077
65008
4652532
2293241
65017
1900035
1113603
65031
327179
1900059
1506843
1900066
1900071
1900093
1769021
196161
1506889
1113698
6618722
8978025
2293354
8978056
720527
1900180
2293411
2686629
1900200
1506993
1506994
196288
196328
1900265
5832428
1900274
720627
196369
1900314
196386
1900335
1900344
720706
65347
196420
2293587
589683
458617
1900414
196479
196487
458637
589710
458639
458643
1900460
1376182
1900473
589764
327621
1900510
458721
458766
458778
458780
8716334
2293816
196671
1638479
1900633
1900640
1769581
1900655
2424965
589974
6095033
2162876
590015
4391109
9109714
1114333
590052
327920
590065
6881522
458992
327926
327956
3473693
459039
8716576
7012653
1114421
1900887
590220
721299
1900954
721309
590242
1638843
590274
1901003
197068
721359
590297
1901027
1376751
1245693
2425343
590335
590339
5177859
1770002
2163219
1376790
1507871
7275046
1901102
1901105
197173
1901111
1901116
721468
2032195
721478
1901133
1901135
1901142
1901162
721521
1901170
721523
1376887
1901177
1901179
197245
721534
1901198
1901222
721578
1901229
8848046
1901233
1901235
2163391
2818771
1901267
1901269
1901291
852721
197393
66325
1770271
1901359
1901360
1901372
197442
328527
328549
8848233
9110384
197500
1508238
1901461
1508260
459687
1901489
1901497
852922
8979399
852975
1115131
5047318
590881
1770563
459859
197717
7406680
1901670
590952
8193132
1508464
197763
1901700
590987
459918
2819225
197801
197805
9110742
3605726
1901792
1901809
197880
197888
1901826
460035
1246472
460041
66832
1901846
197912
1901849
591132
460062
1901856
328999
1901868
1901870
1246512
1901874
591156
1901886
1901888
1901906
5178706
1901916
1901923
460134
1901933
1901934
1901942
1901949
8193426
8979865
1901978
1901982
1901989
2295211
1508783
2033076
460232
1902025
1902028
1902031
722389
8586712
1902045
198111
198119
8586729
8717802
1902058
722416
1902081
198162
1902106
2426394
460318
9111075
1902118
591399
591400
1902123
722478
460338
7013944
6358585
591423
722499
1640006
1902153
198218
198222
1902167
329313
1902179
1902183
722542
1902198
6751863
722550
1902205
198270
198278
1902214
2164367
1902239
722599
1902256
2426558
329408
1902273
2819784
329416
1902317
1902320
1902327
198404
329484
1902353
329495
1902364
1115941
2819883
3606317
8980270
1902386
198453
1902397
8980293
1640270
1902419
3475284
2819926
1902423
8980313
1902429
1902439
329608
1378218
1902514
1771445
1509317
1902535
2295758
1902554
1902567
722921
8980458
1902582
9111544
198659
2164750
1509393
1116177
1902632
8587309
198701
198709
1902651
1902667
1902683
8980586
985207
6097025
460933
8718483
198810
1902754
1902771
8194227
2296003
8194248
592073
461005
2033873
329941
1509590
1902818
1378549
1509629
1116419
1902861
8849682
6883606
1378603
2296109
1902905
4393283
1378631
8325451
7014732
1902927
592209
1902931
592211
1902962
1902975
1902993
1903010
8194466
5179823
461238
1903030
1903046
8718804
8849892
8718825
2034154
330223
2296307
8849918
1903112
461327
199203
1903139
330277
1903171
1509961
4000331
461404
2427493
2165357
3607161
199295
461440
2427543
2165412
1378988
1903289
6097601
1903306
8587981
5966554
1247963
1903368
8850186
6753039
723732
1903381
1903386
723741
1903395
1772324
723754
723762
723765
723766
723792
461653
1903449
199555
199560
1379217
1903511
1248178
723894
68582
8588282
1903616
723972
2296847
199704
1903643
2427974
1903709
199781
2165863
330882
1903760
1903785
1379527
199890
855255
199913
1903853
331019
331024
199963
593185
1903916
199996
593216
2035009
593230
200016
593233
331091
1903958
1510747
200029
8981856
1903981
8981891
855442
6360468
593306
593307
8981916
200092
4132255
8850856
1904047
69050
200129
593345
1510853
2166229
593374
1904110
462327
200185
6098435
8982021
462362
331303
6491687
200238
1904194
8982088
4656718
8982105
462427
200289
462450
462452
462464
462471
331404
8982165
3477145
1117852
462495
200352
200373
8982197
462519
8982202
2428608
1904326
462535
200396
200404
462556
1904357
1904381
1380094
200459
8720142
200469
1904409
462620
200477
1511199
1904444
331584
1904452
200528
4394839
462682
462688
331621
462709
462717
462731
331663
200602
7409567
3477413
1904550
724903
200616
724913
1380281
2297790
200651
200684
8589298
200697
2297850
1904634
593917
1249281
7409676
593941
1380390
331817
593973
2428982
725050
1904702
8720447
1904706
725061
1904724
725092
1904743
725097
200813
1904750
725103
331905
1904777
725141
69782
1904793
1904797
1904816
1904822
200889
3477695
8589505
200934
1904895
332036
1904901
1904943
332096
332110
463185
201049
1904989
8720734
201057
463201
2298212
1905002
1249654
1905020
1905025
463239
1905031
1773967
1905040
6361502
463262
1905058
463278
70067
463309
1905104
1905112
201179
2167261
594399
594403
1905154
594434
201237
725533
1511973
1643050
725552
725555
332343
725562
70212
4395588
1249867
1905234
1905245
1380960
1118818
1905255
1905260
1905286
1118854
8983183
8983184
1905306
463527
1905326
6755009
856771
6755012
856772
8983236
1249991
8983243
5444308
8983260
1905380
201446
1905389
1905399
201468
1905411
463623
1905416
201503
594721
594736
1512242
594747
856895
1905471
70465
1905475
1512263
1905491
1905494
1905499
856942
1905520
201600
1905550
201615
1250198
1905567
2429860
201641
1774526
1905617
1905644
8983538
70660
1643534
726050
726072
5182528
726089
1119309
1250387
726105
1381467
1905767
1905771
857198
2167937
332942
201880
70808
332966
70824
1905852
201919
1512641
1119442
201955
201967
1250547
9114879
6755591
1905929
857369
1119529
1381693
6755651
70983
3609935
6100333
1906045
1250698
1512861
1250721
333219
2299356
71148
1906178
202246
595474
1381907
595478
595481
595482
71203
1906211
1906217
595500
1906222
1906235
1906241
726619
857695
595556
1906288
71289
8984191
1250944
202367
71298
2037381
8984197
71325
1906336
726695
2430634
726715
1906363
1906390
1906407
1906412
726772
71413
1906423
1906430
1906457
464670
2823966
6231849
2430768
1906496
71496
1513293
5576546
1906555
1906561
1906565
202641
71578
1906586
6494108
1120158
1906592
464818
202687
1906624
464833
464835
8984515
464852
1513451
1251312
464885
8984573
4397055
1906690
464905
1906707
8984606
1906725
1120297
1906735
858162
1644609
1906756
1906775
464986
2168922
1906786
7018596
2824319
465028
596116
202913
8984744
1906868
1906885
1906891
1906899
334035
596187
8722676
1907002
72001
1907029
727382
1907034
2169185
6887779
1907047
1907053
1907079
4397450
1907085
1907092
858532
1907108
1907115
596405
2824632
596414
1907149
1907157
596438
1907162
8722907
6363613
1907166
465378
1907179
1120753
1513973
465406
465409
465421
1120787
1907228
1907239
1907260
2562642
1383007
2300512
1907305
1907309
1383029
1776247
1251967
1514139
1907365
334548
1907417
1907440
2169607
1776398
1907482
1514287
72501
203578
1383232
6495045
1907530
1252171
6495052
1907546
203621
1907564
1907600
1907613
1907622
1907628
728002
1383362
1252319
8723426
5577712
728086
1907747
728111
728127
2169923
1907795
1907816
203890
2563196
597118
597138
9116821
1383574
9116825
597169
1907924
466156
466173
728319
204042
2301226
204103
1908054
2170200
204120
1908059
466285
466288
1777037
7019925
597408
466340
204196
597419
1514930
2825656
466362
597443
335310
6364632
4922842
1908186
466409
1908202
1121801
73236
597524
1908250
1908262
2432554
73263
1908282
1908291
1384024
1646177
466534
1908328
1908345
1908352
2170502
1646218
728761
728762
204477
1908413
204485
2301640
5447379
1908446
1908451
1253092
8986342
1908461
1908467
1908472
1908481
1908485
1515281
8199986
1908535
1384253
9117505
1908549
1908553
2432854
728919
1908576
204659
1908596
1908605
1384329
597903
7020446
8462256
1908672
3481557
1515485
1908707
8986603
1908718
8986608
8986610
1908727
1646587
8986620
1908736
1646601
8069130
1908756
8986651
8986682
8986683
2433086
8986694
1908834
8986735
1908852
335993
1908875
1908887
8986786
1908962
1908973
1777915
1909013
1909033
1909039
1909044
336186
1909063
2171246
1384833
8855943
4399509
2433438
1909153
7020971
205230
1909179
1909203
8724967
1909225
1122793
74254
2433562
1909275
467486
1385007
1909296
1909319
1909327
1909330
729684
1909339
729701
1122924
1909388
1909392
1385105
1909401
7807641
1909405
1647262
467616
1909419
74419
9118396
336576
1909440
1909466
8200923
1909470
7021292
1909499
1909512
1909551
1909570
1909574
1909584
2040658
1909588
1909599
729955
1909612
1909629
1909633
729994
1909647
1909656
1385369
1909660
1909665
8725409
1909676
598967
1909689
1909702
598992
1385429
1909720
599006
1909733
599015
1909737
599022
2827258
1909764
599046
9118729
1909776
1909781
9118752
1909800
599095
1909829
8594506
1909859
7021675
599167
8594561
468098
1385623
1909912
1123490
1123494
1516713
1254577
1909937
468146
1516728
8987833
468164
1516751
8594640
7152853
1909975
599255
1516762
599258
599263
8725734
468198
1909991
468201
1123575
599306
1910029
599319
2041118
1910072
4007225
8594750
1910122
7021964
1910186
1910189
75192
8201668
1910216
206330
8070658
1910279
1910283
1910287
1910307
468545
468548
468549
468574
7546464
468598
206466
1910403
1255053
1910426
337585
1910456
1910466
337605
1910485
1910504
1910513
730866
1255157
337657
5973757
1910535
1910542
468755
1910583
1910598
1648454
6367057
1910640
1910647
8988543
2041744
1910672
1779601
5449626
1910696
1910710
1910726
5449673
337872
1648596
337897
7153652
6498296
1910782
1910812
1386530
1910820
1910823
9119790
1910845
1648704
469062
8333392
1910866
8333409
1255523
8988783
75888
1910903
1910917
75912
731274
1910933
75931
469156
1910974
1386690
731331
75974
2042063
1911000
600324
1911046
600331
76048
1911058
1911065
1517877
1911099
1911118
4401496
76124
9120095
2435430
600424
600427
600436
600439
600444
469375
469381
2435461
2959751
76171
1911185
76178
600478
469415
1911213
1911221
1649086
338367
1911239
469453
76242
338387
1911253
76245
469465
338394
469491
7023110
8989192
338452
8989208
8989224
8333866
338490
338513
338517
1124950
1911385
8989273
1911404
8989306
1387132
76429
600733
600744
600750
1125042
1911482
600764
8334017
600774
1911510
76514
1911533
1911540
76535
600826
3222267
8727292
1387268
8989447
8989463
469804
8989486
469818
1911615
469850
6368099
1911656
1911682
1911687
1256335
1911697
1911701
1125273
1518491
8727466
1387437
1911726
1911751
1911758
7023588
1911781
7285737
1911795
470008
1911803
338949
470026
2173966
470033
1125394
3091480
76857
470085
1911885
1911888
207953
1911908
470120
1911913
4402289
1911924
339062
1911950
732305
76965
339111
339113
1518766
732335
1911991
732351
1912027
339175
8334577
3615998
208149
77083
470316
6368562
1912114
470336
1649991
1912152
6499685
732524
732527
7286136
1912186
601477
6368662
601498
1387931
601500
601518
601531
601537
2043347
601565
601567
601581
601584
1912314
1912320
1912356
77369
1912380
7024193
1519173
1912390
8466014
1912421
7286386
1912435
1519223
1912456
1912460
1781389
77467
1650333
1912487
6762174
77502
2436806
6368969
1912529
8990420
1781463
2436827
1912543
1388277
1126148
601869
8335120
1912596
1912600
601895
1912621
5320530
3223388
1912686
2043784
1912750
470965
1912794
2174939
471004
77792
339944
6500331
1912817
339954
471034
5713917
471042
2437131
1257495
2043934
1912876
1388598
733250
208968
1126479
77926
1126517
1912952
340110
733330
1388695
1913009
1519795
78018
1913041
733416
471273
602355
733429
78078
1519873
2568454
2437385
602380
602382
471312
8991003
8991006
471340
78131
1388853
1126717
1126719
471364
602458
471411
1913238
8728985
1126821
3617201
3617230
209366
1913348
340500
9122325
1913365
1913371
78367
471584
1126958
471619
340559
8467024
1913425
1913438
4403807
4403809
471656
6763129
471676
471682
7025296
1913496
4534940
1127084
1782447
340655
1913522
1389237
78530
1913553
8991451
1913567
1913576
340719
8336114
602870
471815
1913611
1913617
602903
340763
1258273
471851
1913644
78644
340798
471873
1913671
2306890
1913677
471885
1913686
1913719
209797
1913736
8991634
8991637
1913752
340900
734137
1389503
8991684
734163
1913811
1913822
209890
7025635
209893
1913832
2438125
8991743
1127440
1913879
734236
734247
209960
8991786
1913910
734262
2307130
8729672
472139
472141
2307163
472172
1913974
1913978
1127570
472220
1914023
8729776
210098
1127603
472250
1520827
1914056
472266
2176207
1520849
1520853
5321944
210139
1914075
1914089
6763755
1520876
2438384
1520885
7025910
1520895
1914119
6763808
1914160
1914170
1520967
210258
7026003
2569557
1914208
1652071
1521002
1914233
4142461
7026045
1914249
603533
1914254
1521043
2438549
2307478
1914294
603580
1521087
1521092
7026127
1914320
1521114
1521124
1521142
3225079
1521147
7026176
1521153
472578
1914372
1914375
341526
472603
472605
1783328
1521193
1914414
9254462
9254463
1521226
1521241
1914459
1521250
1914478
1521269
1914492
7026309
1521311
2569887
1914528
2438826
1914539
2307766
2438838
1914567
2307783
8337110
1914598
6895334
8992508
1914639
7026449
8992529
1521435
1521438
1914668
1521454
1914671
1914679
1914692
8337221
1914701
1259344
8337236
8337239
7026520
8337251
8337254
8992615
1521522
8337276
1914755
1914766
2045842
1521558
8730533
8337325
1783746
604127
7026656
7026659
604134
1914855
473076
604152
2045944
8337414
473099
7026702
8337428
1914929
1914936
7026754
8992838
2177095
1914961
735337
2570347
735351
1521796
1915014
8337555
8992918
1521816
1915040
1915049
6371501
1915055
1521871
8337623
1521883
2046177
1521892
7026917
342254
1128696
8337658
8337663
6895879
8993035
1784084
342295
8337689
1521947
1521951
7026985
342320
1521973
2046264
1521976
1915198
342346
1521995
1128781
5323100
1522021
1915247
1915267
1259916
7027084
2439569
7027090
8337815
342424
8337843
1915318
1915325
1522125
342499
1915369
8337899
1522160
1260034
6109704
8337933
1653262
1915417
8337946
2308640
1915436
1915440
2439730
1522238
8337985
8337986
8993345
473668
8337992
1915474
1915485
8338020
1915493
7027304
8338026
7027316
1915514
8338048
8338060
1915542
473751
1391260
1915549
1915550
1522339
8338094
2046638
1915567
342707
604853
8338101
8338103
604858
1915584
1522375
211664
604881
211665
1522387
8338133
8338148
1522407
1915623
8338165
4143866
604922
1915644
2308860
1915651
604934
1522446
1522450
7027476
1522456
8338204
1915678
1522483
1915700
1915705
8338239
6896448
211780
8338254
867159
1522524
8338270
1915744
7027559
1915758
1522547
1915767
1522555
8338301
1522568
8338315
473995
8338319
1522583
8338329
1522587
1915803
1915819
1391538
1915826
8338362
8338365
1915838
1522621
8338368
474056
474059
736205
8338385
1522645
6372312
736224
8993760
1915874
736226
474084
8338405
8338411
1522684
2964479
1522689
736259
7027718
1522697
2046997
8993816
1915928
8338460
1915936
1915942
3226671
1522747
7027784
8338504
1915982
1522770
1915991
343137
1522786
1916007
474227
1522803
1522807
474236
1916035
5586053
1916037
2309264
8338577
1522834
8338585
2440347
5586080
474272
1391777
1916071
2178217
1916074
8338602
8993969
8338614
1522872
1522876
1522879
8338625
1391813
1916108
8338636
474317
1522905
8338651
212189
2833630
474335
1522913
1522917
3226860
343283
343297
1522951
8338705
1522962
8338708
2178332
1391900
212256
8338724
212264
7028018
8338738
7028020
8994105
867644
8338748
8994111
8338754
1523013
1916259
605543
1523048
1523051
8994155
1916277
1523062
867705
1916282
2178441
8994188
1916302
5324176
1916309
474519
6897047
1523096
1392025
605599
8338848
1523113
605613
1523120
8994224
8338872
1916345
605628
1523135
7028178
1523155
8338909
1523165
605671
8338924
1523188
1916413
1523200
1523205
474633
1916441
2309667
1523248
7028282
8339004
8339006
1916485
1523300
8339046
8339052
8339053
7028348
1523328
8339079
1785480
3489425
5848728
1523359
7028398
1916603
1523393
474818
1523407
474831
736978
474834
1523412
1916633
474842
8339164
1916650
1523443
737015
737020
8994563
1523463
1523466
1916684
7028495
1916689
1523478
8339229
1523486
474912
1916705
1523490
8339232
7028513
1523497
1523521
1130312
606024
1916758
1654618
1523550
212831
1916782
1523571
1916791
606074
1523584
1916815
1523609
3227547
1916828
7028639
1523623
1916840
1916844
606125
1916848
7028661
2310069
1916859
1523668
1523672
7028701
1523693
2310129
1523698
1916924
7028746
1523725
1523729
1916945
5980179
1523743
2310187
3620940
1917014
1917021
2310237
737394
868475
1917062
606343
737417
475274
868494
1917079
1917082
213151
475295
606374
737451
737452
1523887
475312
606389
475318
1917111
606392
1917124
737476
1523912
475339
1523917
475343
1917140
4407514
737512
8208626
1523980
1523983
1523989
4407590
1524014
1524038
1917255
475465
1917260
475468
475479
1917279
1524067
1917286
1524072
1524087
6242704
1917333
1917339
344478
1917345
2048442
344506
344523
1524184
213504
8208898
1524226
1917456
1917461
7160342
1917484
1917495
1917509
3228232
475735
1917531
1917560
1917562
1917565
475775
1917571
8471179
1524376
1917592
1917596
4014758
7029415
1917621
1917625
2441926
1917658
1262309
1524454
1917684
1524469
1917690
344832
1917696
1917704
6636298
1917708
5325582
1917713
3621656
213797
1917741
1917744
1917770
7029579
1917774
1917781
1917796
1524582
2179944
1524595
344949
8209274
607104
607106
1524612
1917830
1524618
1917837
1524623
1917843
607125
7029654
1655702
7029659
1524637
7029670
345003
607148
2966460
345030
738247
1524685
2311127
2442201
2966490
6374370
738284
1917941
1524728
1917963
7029772
214029
1524759
345117
1918006
1524795
1918012
7029830
1918024
8471632
2966611
1393748
1524839
476263
7029872
1524849
476288
1918088
2966672
1524881
7029907
1918100
1524885
1524895
1918131
1524916
1524919
738506
2311375
8209627
1918197
738552
1524988
1525001
345366
1918230
1525019
7030059
1525036
1918266
1525052
1918272
1525063
1918282
1918287
1918291
1525075
1787226
1918299
1525084
214368
1525106
2311540
1918327
1918328
2180482
1918340
1918348
1525132
1918355
1525149
1525152
1918374
1525159
1525162
1525170
2180535
1263035
1525181
1918403
1525201
1525204
1525217
2967009
1918438
2180585
214509
1525235
1918453
1525237
1525248
1918465
476690
1918484
4933141
1918490
1525279
1525281
1918510
1918521
1918525
7030336
1525313
2967112
1525325
1918543
476752
2180695
1525338
1525340
1525344
345721
1525381
8210069
1525404
6112927
1787554
476835
345767
345771
1787563
2574001
1525427
1525435
1525439
1525444
1918662
1525461
476890
607962
607973
1525486
5195506
1525490
1525506
1525510
2443016
3491594
8996626
739095
739099
5981995
1525550
1525554
1918774
739131
8996674
1525577
1918793
1656649
1918799
7030608
8996700
1525607
608104
1525614
1918870
1525655
1918882
1918897
608177
608180
1918908
1525696
1918920
739290
1525725
7030750
1918945
739302
1525738
2181098
1918956
2443255
2181113
1918971
1525758
1918990
1656850
739346
1918994
1525781
739350
1919015
870448
215093
1919044
1919048
3623009
1919082
1525874
8996987
8996990
1919106
1919115
1919120
2967698
1919123
1132700
1919163
1525947
215228
1919170
8997091
1919220
1788156
1919232
1526025
1919271
7031085
1919279
1919286
7031095
1526085
7031119
739669
1919320
1526111
1526123
1919342
1919346
1919349
4409719
1919356
1919361
6113665
1526155
4016525
739726
1526161
7293329
1526169
1919385
1919388
1919409
7031217
1395123
1526202
1526204
1526219
1919442
1919448
1526243
1919460
2968039
1919485
1919503
7031312
1526291
2968094
1919531
8997421
1919535
2968113
1919543
477758
1919551
9128517
8997446
8997447
1526347
739918
1526363
477792
4409958
4409961
1919598
1526384
1919601
2050677
608886
8473209
1919613
1919618
608904
739986
477844
84630
1919643
6507179
477875
608949
608952
84681
7031508
4147932
1526494
1919725
346865
1919731
8735493
1919751
1526537
2181903
346902
84759
7031575
1526553
1526574
1919792
1919796
1526581
1919799
4934458
7031616
478019
1919813
346954
1264458
84812
1919822
1526630
7031669
1526651
1526684
609186
740269
1919926
1919936
84931
1919939
1395657
1133533
1657821
1919971
609251
84965
1919976
84968
1919987
84983
1920000
1920004
1920021
216089
1920036
1526824
1920040
2051115
8211515
8211525
1526871
1133655
3230812
8735857
5983374
1526930
740501
1526934
2051226
871582
1920171
1526956
1395888
1526963
1920184
1526976
740549
1920199
1526984
7032017
1527010
1920236
1527029
1527037
1395974
1920266
8998159
85267
347420
1920285
1527077
1920298
1133870
8998191
1527093
1527099
1527101
1920323
9129285
8998219
8998220
85330
1527123
1527127
1527130
478555
1920357
1920362
1527147
1265014
478590
1527176
1527188
478626
478627
85412
1527205
1527209
1920429
8736177
85430
7032255
7032260
609741
2575824
1527250
609752
2969055
1527271
1527272
609787
3231228
1920511
1920516
8867344
478736
85530
216605
6376991
7032356
1527332
7032359
609833
478776
1920575
2182727
8736334
478800
2313815
1920609
478818
1527405
2051694
7032438
1920652
1527439
2313878
7032473
1920665
7032475
1527473
85684
2576068
741065
216802
1920752
4411123
478971
478972
1658639
1527568
1920788
478999
1527581
479007
4411168
1920802
2445109
1527609
1920839
1527637
1527640
1920875
8998768
8998774
1920889
1527675
1920896
8998796
8998799
1920922
8998814
1527720
85930
1527728
1920962
1920965
479182
1920984
1527773
1920992
3231719
1527794
1921011
1921015
1527804
479237
1921031
1921044
2445340
1527844
1396780
8998973
8867905
8998977
1527875
1134666
2314314
1921107
1921112
8999003
2314335
217207
1527930
1921152
7032963
8999047
479379
1921185
1003686
8999089
6115508
1527994
1921215
8999109
6377674
7033058
1921256
1528042
86255
86272
86273
348425
610572
610582
6377753
2445603
6115624
8999212
86320
1528126
4018497
8999236
8999246
1528149
8999258
348509
741725
348519
2314601
610672
2183539
8999283
1921412
610692
86405
741770
1528218
610716
741792
1528226
1921455
1528239
1659326
1921482
348631
1528284
7033315
7295461
2314726
86514
741880
1528313
610810
1266178
1528327
610824
610825
2052630
741918
741931
8868402
479806
217667
1528410
741980
1528413
2052706
479848
1528428
1921655
742012
610942
610949
2314902
1528483
1528484
1528517
6116039
1921736
1528521
1528529
1528535
7033563
611038
873187
7033580
3232496
1921777
1921781
1528578
7033606
1528602
1921821
86836
1528638
1921861
1528651
1528662
1528681
3232618
1528685
4412270
8344430
1921911
2708348
1921935
1528720
86936
1528780
1528793
87010
2708468
2708472
1528828
1528838
1528848
1266706
480276
1790999
6116375
87080
3101741
1397812
4412474
7033917
1528895
218177
1528906
1922124
1528916
87132
1528925
1922163
1528986
1922222
1529008
349362
480444
1529021
9000130
7034056
742607
87254
2053344
1529061
1922279
1397992
8082665
1529071
7034096
611569
8475899
2184447
1922305
349457
8738067
1922327
3626264
1922333
1529118
611618
480557
1529139
1529154
1529163
1922380
480591
2708816
1791314
2708820
1922389
7034198
1529181
349538
1529196
1922412
349556
480632
480633
1529225
1922443
1267089
6378904
9000344
349594
1529244
1529259
1922476
1529267
7034296
7034298
87482
1529281
2708937
1791451
1922531
480745
480750
1922546
7034356
1922554
1529339
2971132
218622
1922563
1529352
4544011
480784
480793
480795
1529373
2315812
2709031
1922606
1922610
1529396
1529410
2709058
1922630
2709064
1922642
87634
1529433
743009
1529443
2446950
1529446
1922667
1922676
1529466
1922682
1529469
87681
2709128
1529482
2709133
1922707
743071
1922739
1922746
743100
1922749
1529539
743115
1529550
2709203
87779
2316004
2578158
1529584
2184948
481014
5592823
1922817
1529607
2447122
1529628
1398564
1529641
612148
1922870
7034702
612176
1922897
7034705
1529686
1398618
1529693
1922909
1922915
3626866
218999
2709369
350079
5724033
3233665
1922955
219025
1922969
1922975
1922981
1529766
7034813
1529793
1529810
88020
1529813
1923033
1529822
1529826
1529830
350187
1529844
1529868
1529872
1923117
1529903
1529906
88117
1529931
1529945
1923163
1923172
7034981
2054245
2316397
1529977
1136763
1529981
481407
743551
1792127
1529999
1530021
7166126
743599
2054322
1398968
1530050
1530051
743621
1530058
2054365
1530090
1530114
1530117
612613
7035143
1005843
1530146
7035175
1530163
1530180
1923430
1923441
2447730
6642049
1530243
481672
1923464
88473
350629
1923500
1923515
350662
9001439
9001440
219617
1137123
7035363
1923574
1530377
1530381
9001487
3627537
2316824
4020766
1923617
1923623
9001516
2447947
1792598
88679
3627628
1923695
7035512
9001599
1530495
9001608
9132680
1923726
744082
2316948
1530520
350873
9001630
1923746
2448043
9001644
1792692
88757
4414147
481994
1923786
219852
219853
1530575
8739538
7035602
7166687
1530603
7035638
1530628
1399567
744220
1923869
1399589
482088
2448179
2448180
1530678
88890
482115
88918
1530722
1923959
1268604
1530749
1530753
613255
1923978
613266
875416
1530784
1530799
89018
1530816
1530829
1399777
1924068
1530863
1924085
2972666
1530875
1530879
1399818
1530897
1530910
1530922
1924139
1530931
1530942
1530945
1924174
1530960
2448471
1268824
5594211
89193
1530989
6380656
1924223
8739988
482457
7298204
8084637
1531045
744615
1531048
1924265
1924272
744625
1268917
1531066
2186426
1531070
1531075
8215754
1924321
1924336
482547
613620
1531127
1531148
1924374
1924380
482598
89386
89388
1531184
1531186
2186557
1531201
1531204
1531207
89420
1531217
744789
1531234
1531242
9002350
2579822
1531250
1531253
1531256
7036289
89476
1531269
1531272
89489
1531283
1531295
9002420
7298486
1531323
1924541
1269185
613836
1924559
7036374
1531356
1531365
6774246
5332458
1531380
613883
3628541
1531393
220677
1531400
1793550
1531410
1924638
5594660
1924645
1531431
482868
89654
89656
613957
2055758
482898
2186837
220759
1924696
482920
9002610
1924728
8216187
1924754
7036566
8085143
9002650
1400494
1531580
1924797
351942
89805
1531600
1400532
1924822
2580209
1924856
351995
1531645
1924862
1662722
3366667
7560975
9002776
1531676
5988143
1924916
1662773
2187098
1924960
1924965
8216425
1924978
1531768
1924992
2973581
7036813
2187154
1531801
1269674
1925039
1531856
90069
1662939
1531869
1925088
1925092
2187243
2187251
2187252
1925107
1925129
3629080
352282
7036955
1925147
1925156
483372
1925172
1138741
2580541
2187336
1925203
2187352
221276
1925217
2580578
1925224
2187374
1925235
1925254
2973834
1532050
1532063
1794210
1138855
1532075
1401014
1532090
9003200
221391
221395
2318549
9003228
2187491
2973924
1925353
483586
1532166
8347917
8347923
221460
1532181
90423
483639
90428
90434
1532228
1401158
352587
352592
1532247
2449753
8085854
1532258
1401186
1532260
2187620
1663337
1925495
2056571
1925517
1925524
745891
1925543
1532336
1532347
2974149
1925574
1925584
877011
1925606
1532392
483817
90604
7299565
1532398
5333489
1794573
352783
483857
483860
2056731
5333540
746029
1532465
1925689
8086076
90687
483906
1925710
2187856
1532508
1532509
1532515
8872549
1925750
1532547
1532550
90762
1925774
8872597
2187925
1925784
1532573
221854
1794722
2974376
8217267
1925819
1532607
5333710
1532639
1925858
2188003
2450148
1532651
9003757
1794799
746228
90871
1532670
1532682
2188046
1925905
9003805
1532704
746273
1925922
746276
1532718
353082
1925956
1532746
1532763
1532770
1532773
1532788
1926007
2188151
1926013
1532806
91018
1401738
1926036
1926043
1532830
484263
91050
5333933
1401776
1926073
2188218
484284
2188223
746433
1532866
1926087
484296
91085
2188242
877529
9003994
91099
746462
91106
9004004
1532901
9004008
1532909
1270767
1532920
1532924
9004032
9004035
615427
1270789
1532936
1139725
1926161
353298
1926165
91157
1532955
2188322
9004071
1532972
9004080
1532976
9004082
9004085
1532982
2188345
2188360
91233
1926244
1533033
2450537
9004142
1533048
2188410
9004160
1533064
1533071
9004176
2450579
2319514
9004192
2188448
9004199
1926318
5203123
9004213
9004232
1533130
5334220
91346
1533145
1533146
615644
1533149
2581736
222452
222453
7038200
1533187
1533195
91404
9004304
9004307
3630365
1533217
91426
746808
1533248
2581826
746827
484693
2188630
1533272
1533274
484698
1926506
746861
1795446
9135478
1533304
1533319
1533324
746898
746899
484756
7038359
484763
746913
5334442
1533365
878010
2975175
878039
1533399
1533401
1533419
1533422
222706
5334522
7038459
1271292
91647
222729
2188811
1926668
2975249
1926673
1533460
1271316
1926684
1533471
353827
1533480
1533485
1533492
1402423
91704
1926714
1926723
1533512
1533515
1533521
9004627
1009247
1926753
1533538
4154987
1926771
1533558
1533563
353917
1533570
1533588
1926810
485032
1533621
1926838
485050
2188988
747210
1533654
1926870
354019
7038692
1533678
3630833
1533696
1664770
2189062
2189068
3630861
1402637
1533714
1533717
1533724
8480541
223014
1533734
354088
1926969
1533754
1271610
1926974
354126
1533782
1927010
1927014
1402732
1009518
1533808
1533810
1533813
354166
2189174
485239
7300986
1927041
1533839
1927058
485270
1927063
9004953
9004958
1927070
1927075
1533860
1533867
485292
485293
2189227
485297
1533875
616378
1533884
354250
2451410
485334
354274
2189294
9005045
3237881
223235
223246
2582545
7301139
354325
1533973
4024344
223265
747564
1927218
2058295
4024388
6383692
4024401
1534036
747607
616538
1534047
2189408
5597283
747635
1796212
1402997
1796219
1534083
1534113
1927338
1927361
2451652
1927365
92373
2189527
1927387
4024548
878846
2189568
92431
485655
1534231
1534243
747811
223525
1927471
1534256
1534263
1665336
1927486
1534280
616808
5073264
1534321
1927542
1534348
2189712
223636
2189738
1927595
2189744
1927627
2976227
92645
2189802
8219115
1534449
616965
2058759
1010191
92693
92702
2189880
8481338
9005630
2189886
1927751
1141320
1927757
1534561
1665639
1665643
1534579
1534587
2583164
92812
1665685
4418200
1534617
1927836
2189990
2189997
92845
1665709
2190022
617159
1534667
879312
1141463
1927896
1534684
2452190
1927910
1534697
1927916
2976494
1927930
1927955
1534742
92954
1534749
2190116
1927986
2583350
1534780
1928007
1534793
8874827
1928016
1928021
1403734
1928028
355165
1534814
1928035
1534827
2190194
1534835
1534838
1534843
1928060
748413
2190206
1534849
1534850
9137026
2190212
1534853
1928067
1796996
1534855
1928086
1928090
1534877
1534880
1534913
2190295
1534935
1534937
1534944
1534961
1534969
1534973
486406
1534986
1928210
1534997
1928217
7302171
1403931
1535003
224287
1928225
93218
2190376
1535020
6777901
1535024
748594
1535029
7040054
1535032
1928249
224314
1535040
1535044
1535061
8744022
1928283
6384739
1535076
1535082
1535097
1535105
93318
2190471
1535114
1535121
1404052
486550
1928342
2190492
1928357
355494
1535144
2452654
1928369
1535154
93363
6384823
1535160
1535169
1928385
1273027
1928392
4549833
1535177
355533
1928399
1535183
1535185
1535192
1928411
1142003
1928441
1535243
8744204
1535245
1535252
1928474
1535258
8744222
1535268
1535270
1535272
1535278
1928497
1535282
1535284
1535288
2190648
1928507
7040317
748862
224578
1535300
1928517
2190672
1928535
2190686
1535327
1928551
1535342
1928562
2059636
93563
1928575
2977151
1928578
1535365
2190725
2190730
1535377
1535383
9006495
1928610
1928617
9006508
9006518
1928636
1535428
1535439
1535444
1928661
9137626
1535452
1535464
1928681
1535468
8744431
1928690
1535480
1535488
93697
3632643
2190853
93705
1928714
1928717
1535506
2584092
355879
224812
7302702
7040559
1535546
1928782
1535573
1535575
1535589
93798
1535596
4025965
1535603
1535612
93820
1535615
4026006
355994
356001
93857
1535653
224940
1535668
2191028
1928888
2191034
1535676
1928894
1535678
1142469
5729999
7302866
1535700
1535703
487131
1535708
1928926
1535712
1928929
1535723
1273580
487163
7040765
1928959
1535748
1928974
1273617
487187
1535766
1928983
1535779
749353
1535791
2191152
1535794
749363
356152
2191160
1535811
1535828
1535834
2191199
1666912
1535854
1535856
1535859
1142649
1535881
225164
2191254
1535896
1535905
2191267
1535907
1666994
4943795
94133
1929142
1929145
1535937
1535955
1535976
1535978
487410
1535989
1929209
487440
487444
1536021
1536028
2191389
1536031
2977835
94252
5730349
1536050
1536057
487488
8089665
1929284
1929290
1536078
1929299
1929304
1929325
94320
2191476
1929333
1536128
7041169
1798290
1536146
1929364
9007255
1929384
1667247
1929401
9138373
1798341
1929419
9007309
9138382
1929437
1536223
618719
1929451
1929466
1929469
1929473
1929482
1929498
8089900
749869
1929518
2191662
1536330
487755
749898
1536331
1536338
749906
1536343
9138524
487773
2191710
1536352
1667433
1536374
1667449
1536378
1536384
2322829
1536402
487827
1929620
1929630
6386080
1536426
487854
1929662
1929703
1536497
7041524
1929723
1929726
1536513
94722
1536517
1929735
1536520
750088
750091
750101
94743
1536537
94747
2191901
4157981
1929761
2191906
1929770
1536568
1929784
7041602
1536582
1536591
1536595
488021
488024
1536602
2585178
2191966
2585185
488035
1536613
1929829
356974
2585211
1667711
488066
1536643
1798791
1536650
488077
8483485
488093
1536671
2192032
9138855
2192049
2060985
2454206
1929924
1536708
225993
1405642
2192074
1536720
1536724
1536729
94941
1536736
226019
4158187
7041780
357116
1536765
1930006
1536791
2192158
357151
1536806
619303
1930022
2192173
1930032
1274674
1930036
1536820
1536825
1536827
1536835
619332
1536846
1930067
1536852
95060
1930071
2061146
1536859
2192229
1536877
2061165
95092
1930107
1536895
1536904
95113
1536906
1930128
1536934
226225
1274803
9008052
7304126
226243
1536965
2323403
1143765
2192346
1536987
1536989
1930211
1930218
2061294
1537009
1537011
1930231
95228
1537024
1537040
1537044
1537051
1537054
1537055
1930276
1537062
2192422
1930281
1537078
1930300
1930304
1537092
488521
1537100
1537107
1406036
95321
1537114
1537116
488552
2192488
1537128
1930352
1930361
2978938
8746110
488578
1930373
1537157
488585
1537161
2192524
1537177
1930395
1537181
1537183
1930404
1930408
1537192
1537194
881839
1930417
1537208
1930428
95422
1930453
1537245
1930465
1537249
1930468
1537265
1537267
1537272
1930493
1537279
95494
2716934
8090892
95511
2454815
1537327
1537335
1930558
1537345
1537349
1537356
2192716
95574
1537367
8090969
1537371
8090975
1930593
7042402
1537382
488819
1930617
1537403
1930626
7959938
1537415
1537418
1537426
7042454
1930649
1537455
1537457
8746417
1930675
1537460
1537468
95681
1537479
1537481
1668553
1537483
1930700
619980
1537490
1537491
1537492
1537496
1537501
95714
1799652
1537510
1537512
751092
2586103
1537531
1013255
1406475
620053
357910
357911
1537560
95769
6911514
357919
751136
8091176
1930795
1537585
1537587
1930806
1537591
751162
2061883
1537604
1537606
751178
1537612
95828
1406551
1930839
1537635
1537637
1930855
1537639
1930870
6387322
2193023
1275521
1537668
95879
95894
1930906
1537696
6387361
1930919
1930923
95915
1537710
8091324
1930945
8091334
2586316
1537740
1537743
1930960
1537751
1799896
2193117
1537764
1930981
9008886
7960311
1537784
751354
1931007
1537795
1537798
2193159
9008904
9008909
1537813
1931038
96033
96040
4814637
96046
1537842
2455352
2193208
1537853
2193222
1537864
1931086
227156
227157
1931101
9008994
96106
1537899
1144689
1537909
1537912
9009025
1537922
1537926
1537932
96145
1931157
96150
1537943
1669016
1537945
1931164
1537949
1537960
96175
489391
1537970
6387637
1537974
489403
1537980
1931198
1537983
1537989
1537991
751573
1538006
3241943
96216
8091605
1538010
620510
1931234
1538023
8091625
1538025
1538031
1144825
1538041
1538046
7305217
2193412
1538053
1931269
1538058
7043086
2193430
620568
1931291
9009183
1538080
1538082
751652
96293
1538088
1538093
1538095
1931312
1538102
751670
1538107
5339197
1275965
1538111
1538115
1538120
1538123
2455636
620629
1538132
1538137
1407079
489581
1538169
2193529
1538171
1800320
1538182
489609
6387850
1538185
1276044
882829
751758
1538189
1144975
1538195
1538201
2193564
1538205
1538214
2193577
2455721
1931435
1538220
1538227
1538234
751804
1538246
1931469
1538254
1931476
1931489
751844
6912238
1538289
1538290
1538292
1538304
1538311
1538313
1538320
1931537
3635481
1538334
1669408
96546
1931560
1538351
9009466
1931580
9009470
1538373
2455879
1538376
2193741
1538384
1931610
96610
227688
883049
1538410
1538413
2193779
2062708
1538424
7305592
9009547
1538448
620948
2193825
2193842
1538482
1538484
1276342
8747446
1931702
1538494
489921
7305665
2193860
1538503
489937
1538524
2324960
9009633
489956
489957
1931752
1538544
1538561
1538572
358925
752142
1538579
1538581
1538583
2193947
1931805
1538593
490018
1538595
358952
1931817
1538602
1931825
1800753
96819
1538624
1538626
1538635
1931853
1538639
1538641
1931861
1538647
1538648
96866
7305830
490090
1538670
1538675
1538677
1538679
1538682
883325
1538686
1538690
1538694
2194056
2194058
1538701
1931918
2456207
1538705
1538710
1538714
1538715
96927
96928
1538719
1538726
1538731
1538736
1538740
8747703
1931967
96959
1538755
490181
490185
2194122
1538762
1931980
490189
1538767
1145552
1538782
3635936
1538788
1538789
1932006
1538795
1145579
883440
97010
2456315
1538812
1538826
1538831
1538835
1538839
1538841
1538843
1932061
97059
1538853
1932074
752428
1538865
752434
1932084
1538872
1538880
1538885
97095
752457
1538890
1538892
1538894
1538896
1538900
752480
752483
1538917
621414
1538918
1538920
1801067
1932139
752495
1538928
1538929
1538937
1670011
1538945
1538958
1538960
1276817
3898264
1932205
1539012
1539017
1539020
1932251
2194435
1539078
1539083
1276946
2194462
7306270
8617007
1539138
1277001
97356
621645
1539150
1539156
1932375
490584
1539164
1932387
1539172
1539174
1932395
2194541
1539183
1539191
97402
490626
1539218
490645
1539223
1932440
97437
1539231
1539241
1932461
1539246
2063544
1932475
1408188
1539265
621762
2718928
1539280
97500
752873
1932523
1539322
1932539
1539325
1539326
883966
1932544
1932554
1539352
1932571
1539364
752935
1539368
2981171
1539380
1539387
752959
1539392
1932612
752980
2194773
752982
1539430
753001
2194800
97652
1539447
1932670
2194815
621950
1539460
97670
97675
1539467
1932690
97686
1932698
884129
1539489
2588067
8748462
1932722
2194883
1932747
359890
97757
8093162
2194922
1539568
1670643
490997
1539580
2981384
8879627
1277454
359951
491028
6389269
1539612
1932831
1932837
1932844
884292
2195016
97866
228942
884307
884310
1932886
1539683
7962218
1932906
1539698
1932914
1539700
1932920
7306873
1408636
1539709
2195072
1932929
2457217
1539716
1146505
1539725
1539738
1932956
6782622
1539742
1932960
1539754
1539769
9273019
1539784
1933023
1539810
2195177
8748786
1539826
2195188
1933049
2195203
6127365
1539848
6127368
1408780
2195225
1408794
2195229
1933096
1277736
1539882
2195251
884531
98119
229194
1539915
1802062
1539918
98131
1539924
4423524
9011048
1408879
1539954
3637113
1802107
7307140
1539973
1802119
1539977
1933195
1539991
1539993
1933215
1540003
1540006
1933223
1802160
1540018
2195379
1802170
98236
1933249
1540034
360388
2195399
1933256
1802187
1802200
1540064
1802215
1933290
1540086
1802231
360442
1540090
2195451
1540101
491530
491532
1540120
491557
98342
491559
1802283
1540141
1933360
1540146
1540148
1540153
1540172
229453
1540174
1933392
98385
98386
1802326
1540194
2195560
1409134
98417
1540213
491640
2326651
491646
1802369
1540227
1540240
491665
4948118
1540247
98456
1409181
1540256
1802403
229542
1802408
1540269
1540273
2326706
98482
1540274
1933490
2195634
1540279
2064568
1933498
1540284
5734590
1016003
1540294
1540295
1540299
8618187
1802445
1540309
1802456
1802464
491747
2195683
1540325
1540327
1933551
2195696
1802481
1540342
1802489
884987
1540348
2195716
2195722
1540363
1933583
9273622
9011479
1540376
8225046
9011486
1540383
1933601
2195750
229673
1933620
1540405
622904
1933626
98630
7045457
1802580
4161880
1540441
4424029
1540446
1802592
1540453
1802598
1802609
9011569
1540467
1802616
1540478
754048
754050
98695
1933704
885136
98705
1802642
1671580
1540515
1802661
754089
98733
1540539
1933757
1540543
1540546
885191
1540552
1540553
98764
2195918
1540568
1540575
1933808
1933812
1671669
360952
1540603
1540605
492035
1933831
492040
1933836
1933841
1933848
754201
1802780
754205
1540637
2720287
98849
98854
492074
2196017
1147442
1802805
492085
2196022
2196026
492093
7176772
1540682
1933903
1802842
1933918
1933942
1802876
1540737
1802882
1540741
623239
1540748
2720397
98965
1540761
1933983
1540772
230053
1933996
885421
1540781
1540784
885430
2196153
1934011
1802941
9011907
9011923
1802967
1540823
1540843
1540846
3113713
1934065
99058
1540851
1540855
1934072
1803005
1540861
1540867
1540872
1540877
99087
9011984
5341969
1540889
1803038
1540906
1540908
2196280
1934139
1540926
2196296
1803082
754508
1934157
1540947
492371
1540952
361314
754533
2196334
1803124
1540981
492411
2196349
1934205
8618879
754560
1540991
99202
1934214
2589576
1934218
2196364
492429
1541006
1541008
1803154
1541010
492437
1672086
885655
1541015
1541021
754591
754593
2196387
1934245
1541029
1541034
7308205
1934255
2196410
1541058
2327490
1934283
2196427
1541067
1541070
754645
1541087
2196453
1803240
1934319
99314
1541108
1934334
2196484
1541125
1541131
1934350
1541138
1934358
2196503
5211163
1541149
1934369
9143332
230437
1672230
1541160
492610
1541193
1934412
1934423
2196571
6915164
623709
1934435
1541222
1934449
1934453
1803383
1541241
2458750
492675
2196612
1934470
1541256
1934484
2196642
1541284
1934501
1541286
1541289
230569
1934513
1541297
2196659
1934521
492745
1541323
1672396
2196683
492750
1803479
1934553
2196698
1541344
1541352
1541359
1934586
1541376
1934593
1934598
1934604
1541401
2196762
1541410
1541413
2196775
1934633
1541417
1541420
1934637
2196783
1541426
1541428
99638
1541439
2196803
1541447
2196808
1541449
1541451
230733
1541458
1934674
1541469
1934707
99703
99706
1541498
1541503
7570815
1541511
1541515
2196875
1672589
1934731
1541522
9012627
1934743
1541530
1541535
1803681
7308708
1541551
2196919
1934795
1541580
1934799
1541584
1541587
1541600
1803749
1934822
1934827
1934828
99824
1541616
99832
1541630
1541634
1541636
1934853
1541639
1541642
1541644
9012750
1934863
1541647
1541649
1541652
1934868
1541654
1934871
7046680
1541656
9012763
1934876
1541665
1541666
1541668
1541672
1541677
1541681
5735985
1541683
1803829
1541686
1934905
1803835
886332
1934909
1541701
1541712
1541716
2066007
1803874
2197104
1803891
9012853
1934968
9012859
1934974
1541766
1934989
1541775
1934999
1541793
1935013
1279659
1541807
2197170
1541810
1541815
755384
1541825
1935053
2459350
1541851
1541853
1148641
1541858
1804004
2197221
1541862
9275111
1541866
1541868
100079
624367
2066161
1541886
493318
1541896
1541904
1541909
1541911
100119
2197276
1935136
4163361
1804067
1541925
1541929
2197291
1673004
1541936
1541946
1935168
755521
1541954
100167
1541963
1541969
100179
1541973
1541975
1541980
1935199
1541985
1541986
2459497
1673066
1541999
1935219
1542007
2590597
1542025
755594
1935243
1542029
1935254
755607
1542044
1935266
1542052
886699
1935277
1804207
2197427
755637
1542070
1542073
2197437
1542080
1542084
1935304
1804238
1935314
362452
1935317
100309
7309269
2197465
1935322
1542112
1935330
1542115
100339
1935352
100350
1279998
5605377
1804297
1935372
7440398
1411104
1542178
100389
1804334
231476
100407
9013304
1542200
755771
1542208
1542211
1935428
1935431
1804370
1935445
493655
493656
1542233
1935451
493664
1673323
1935470
493681
1935479
493693
755840
8751234
1542276
1542281
1542302
2721952
1542305
7047350
624826
1804494
1542351
2197718
1804514
1935586
1935590
1542377
1935596
1542386
1542387
100602
1542398
100624
624915
1935636
1542420
1542426
1935642
1935657
1804590
1673528
100664
2459973
1935693
493905
1804627
493915
2197854
493920
493932
100726
1935735
1804672
2722188
493964
887189
1542553
100765
1804704
493990
2197927
1804714
1935791
100786
231865
1542618
1804779
100848
362994
1542644
363006
1542666
1280524
625169
100898
1542698
1542702
1935918
9013824
8751688
1935945
100943
1804880
5081690
1935964
494173
1542755
100967
494190
1935992
1542783
1936004
9013895
1411720
363148
1542797
1804950
2198168
1542812
1936031
2198175
1936036
3902125
2198195
1936063
2198214
1805001
1542860
232147
1936084
1149654
1936098
1936102
1805030
1542891
1805036
1542904
1936121
232189
1805062
1542922
1936140
1936149
6785825
887594
1805106
1936178
232254
101182
1936190
1542978
1936208
8751957
1805143
1936224
9014115
1543012
1411942
9014120
1805168
1543027
101246
1543041
2198401
1543046
1543054
1805202
9014163
1936281
1805213
1543072
2198439
8752039
1805228
1936310
1543098
2067387
2198461
1543102
625603
756679
101323
2198476
101332
1936340
6786005
1543128
1805284
363492
5082084
1936366
1543150
101360
1543156
1936373
101369
1805309
1936382
494597
1805324
101392
494610
2460690
5344285
363553
1805345
494642
101426
1805365
1543221
1805370
101435
1543231
1936448
1543233
625735
1805388
494670
2198612
1936470
1936482
2460774
1543275
1805419
1150063
1805428
1936502
1936503
1936506
101501
2198654
1543295
887936
1936514
2198659
363655
1805451
1543308
101517
2591885
2198671
1936537
1805468
1543327
2460831
887978
1543346
1805494
1543351
7048378
1936570
1936573
1543359
1936578
625862
888006
1805511
1936587
1805517
1936597
1805528
1543389
1543393
1936614
1936618
1543406
1805551
1805570
888067
1543432
101643
101649
1936658
1543443
101652
1543448
1936673
101669
101671
1543463
625961
5344554
888109
1543471
1543477
757048
1543481
101696
101702
1543497
232781
1543503
2067796
2329955
363877
1543526
101736
1543531
5999979
1543539
1805685
1543542
1543544
101758
1805695
1543550
1543563
1805711
1281426
1412499
2198932
1543573
6000025
1543579
101790
495007
101791
626083
1543592
1805738
1543599
888243
2198968
1805753
101817
495043
1543629
101838
1543632
1543635
495063
2198999
1936855
1543642
888291
101864
495085
1543664
1805808
101879
2592248
101881
1805825
2199044
101897
1543689
1412621
1936914
1543698
1805844
1543705
1543711
626208
1936934
5213735
1543722
626218
1543724
364077
1805871
1543729
2068017
101939
5475898
5606978
757316
2199109
1936967
1805896
101959
757322
757325
4558415
757331
1543769
1936989
888419
1805924
101988
1936995
1937001
1543786
1543788
1543794
8752754
1937011
233078
1543801
1805951
1543807
1543809
1543813
1543824
1937041
1543827
1937043
102039
1543837
233118
1543839
1543850
1543857
1806006
2723511
495288
2461376
1806019
495301
102100
1543898
8621788
888541
1543903
1543913
1543915
757488
1543921
626427
233211
1543932
2068224
1543937
1937158
102153
1543947
102166
2199322
233245
1806110
1937187
102180
1806117
1806120
626477
7049006
1543987
1937204
2330424
102200
1543998
2068286
2199359
1544001
102224
495449
495453
1806182
2592615
1544042
102265
1937278
102271
495490
1937283
1806215
6918023
495499
1544078
1937298
1544085
102294
102311
1806249
1544119
1544127
2199490
102339
2330564
102340
1544135
102344
102349
757714
1544147
1544150
1544153
1544170
1937389
757753
1544186
2199549
1544192
1806341
1544200
102413
1544220
1937436
2592799
1544234
1675313
888883
6787124
1806391
102455
102458
1937471
757840
1544275
1544277
757846
1544281
757850
1544286
1544288
1544290
102500
888932
1544297
102508
1937517
1937528
1544312
1806464
1544321
364676
1544325
1544326
1806470
102537
1544332
1544340
1806488
1544368
102580
1544372
2330807
102599
102605
1806541
364759
364764
8884448
1544420
1937645
2330862
364784
102641
1544447
102656
1544456
1937674
1544460
626960
1544470
2330904
1544475
102685
1544478
1937694
6787357
1544492
1806649
102720
3641665
2199878
1937738
1937743
102737
1544530
102738
1806678
1937751
1937758
5214566
1544551
233842
2199923
102770
1282423
1937790
102789
5607818
1282446
2068880
1806737
2724246
2199964
1544605
1806750
1675680
1937824
1544614
102830
1544622
102839
1544632
1806777
1544634
102843
1937852
8884669
3248591
1937875
102875
2200028
1937884
1937886
1544677
1544679
1937905
2200050
2593270
1937912
2331135
1937933
234010
1937947
1937955
2200102
1937960
1544745
1544750
2200110
1544753
496187
2462267
496192
758340
1937989
1544781
2200150
1544791
1806938
1938013
2200161
103012
627304
2200172
1806958
1544816
496244
496246
1544831
9015937
1806977
103050
103053
496269
1544854
5608096
627360
1544867
496295
1938088
1807017
1807031
103096
1544895
889540
1544901
1544909
1544911
1807057
1938132
627414
1938136
8753885
758497
758501
1938154
103152
627441
2200311
1544957
103166
2200321
1938177
2200328
1938185
1938190
1807118
1807143
627496
1938219
627502
1938223
1545011
1938239
103240
1938250
103255
1807191
8098649
1545055
103264
1938272
1938275
1545062
2200422
1938280
1545066
1545069
103284
1545089
2200451
7443334
2069389
365454
103309
1807248
1938326
103324
1545119
1938338
2200502
1938361
1545150
7181248
1414084
1545156
1807302
103369
1545162
103379
1545177
496603
103393
1545189
7050220
103408
2200587
103438
103442
103444
103445
234524
103456
103457
1938464
1545252
103464
1545256
1545264
2200625
1938487
103481
103483
365630
1545278
103492
1807428
1807432
496715
1938507
1545295
1938512
103505
1938516
7312472
1545308
496732
7312478
234590
103516
889951
1807453
496735
103520
103529
365680
103542
1938554
3642492
365695
103553
103554
1414276
234629
6919302
1807496
1938589
1938603
1676463
103600
1545396
103605
496823
496825
1807558
103624
7312585
2200785
1938645
1938650
9016540
1807580
103647
9016544
2200801
103651
1545444
6788331
1545459
1807611
1545476
1807621
1545504
1545509
103721
1545514
1938738
1545524
1938741
103735
1283386
1545530
1807684
103749
103751
890183
103753
365898
1938759
8754512
1545553
5739862
1938783
1807711
1545570
2200931
1938793
1545577
103791
1807732
759156
1545591
103804
1807740
1938818
9016715
1676684
1938828
1545616
1545619
9016729
1938847
1545635
103848
7312809
9016746
1152424
1938861
2201011
1938867
1545654
1938873
2201018
1807803
9016769
1414595
103877
759238
2201032
1807817
1545675
9016779
103889
2332122
2463196
1938913
890337
1545702
103927
1545720
7312888
1807867
1938947
1938952
1545738
1676812
2463247
1545744
1807889
235026
103952
1545747
1807893
7312918
628247
1938959
7050784
103974
1938991
1545775
103987
1938996
1545781
103991
1807930
1939009
1807941
1545800
628301
628304
628311
1545820
104034
1545829
235114
1939051
2201203
104053
104054
104071
104075
2201227
2201230
1545871
104087
1939099
104093
104095
104096
1939104
1939110
1545897
8754864
759476
104131
1939140
1939146
1939150
1545936
1545937
1545951
6002407
2201323
2332398
1545971
1808117
1545978
1808123
104190
1939199
1545985
1808132
1545989
1939206
1545992
104200
104206
104219
1939241
759595
104236
1808173
1808177
1677111
1808183
1677113
104250
1808188
1546046
104257
1939268
1808197
104263
366408
1546059
1808208
104272
104275
1939292
104289
1808227
1546085
9017189
1939306
104310
1546105
366465
104321
104332
1546132
1546135
1415064
628633
1939356
1808291
1546153
104362
2201514
104363
2332595
1546175
104385
1546180
1808333
366542
104399
1808338
104414
1808351
2463712
2201572
104425
1546226
104444
104451
1939474
104470
104471
104480
1546272
104489
2201649
1546292
104505
1546299
104508
1677377
235586
1284165
2201674
104523
1939544
104537
3905628
104559
1546356
759928
1546365
2201728
1546370
1546373
2070668
1939605
8755362
104611
1546409
2594992
104627
104630
1546431
104640
2595008
2463940
1939652
104691
1546483
104695
1546494
104711
104712
629002
629006
629010
2201881
104731
629020
104734
1808678
629034
1546541
366910
104768
104769
1808718
760144
104786
1546579
1939798
1546584
104794
104795
1546588
235869
104802
498024
1546602
1546603
1546611
2201973
1546615
498039
366972
104831
498051
2070935
760217
1808803
104868
1546665
629177
104893
104894
6920642
104898
2464194
498120
104914
1808856
367082
104943
2202100
1939957
8624630
104952
6920699
104957
1808900
104980
498198
104987
498219
760365
1546803
105018
2202170
105023
760395
1940046
2202193
367193
1546843
105056
105057
105062
1546858
1809006
1809022
1546887
760476
1940125
1809055
105123
760487
1153710
2333359
2202294
1940152
2202309
10590922
1809099
498387
105172
1153749
1678036
498396
1546973
1809123
8755941
1546982
105191
1809125
1546989
2071283
1415923
105210
105217
105222
105227
498447
1547027
1940248
498457
105244
1809182
2202401
2202409
2202414
105262
1547074
105289
498509
236370
1547091
6921047
1809240
2595671
1809244
1547102
2202464
1547119
1284981
1809270
2333572
2202501
105348
105353
1940361
2202509
105363
1547159
2202523
2071459
1809316
1940394
2202538
1809324
1809330
1547193
1809343
105408
1547201
1809348
9018317
105427
105435
9018332
5479389
1547236
105444
1547239
1940460
1809394
1940466
1940472
1547257
1285114
8625147
1547268
1547275
1547278
1940499
2202648
1547291
1547294
498719
1547297
1940513
2595874
1940523
1809452
1547319
498745
1547322
1809470
105535
1940553
1547342
1809492
1547363
498788
105573
1547371
1809516
1547381
1809531
105596
2202749
760963
1809539
8756357
1940617
1809547
1547413
1547421
1809572
1940645
1547432
1809577
1809583
1547445
1547447
1940666
105659
105662
2071746
1547467
9018573
105694
1940710
8887531
105713
2202869
2071801
105721
1940731
2071805
9018642
2202905
1809698
1809705
1547563
1809713
1547574
2202938
1809734
2596168
1809749
1547619
105829
1547624
9018733
105847
1940855
1547646
1809793
761222
1809803
1154452
2071963
1809820
761246
105889
1940900
2334118
1547688
2203049
2334121
761260
1809841
1809858
1809860
1023443
2203091
1547733
1940959
1678817
1547750
1547757
2596334
6921712
1547769
1416701
1809924
2596357
1809928
1547792
1809939
8756756
1941012
1809944
1809947
1941020
106016
2203168
1809956
1547819
106040
2334273
1547842
237136
368212
2203220
368219
106079
1941103
106097
1285749
1810039
1023610
1810046
1547906
1810051
106126
1547919
368282
1810079
1547941
368294
106153
1285801
1941171
106170
106172
1547971
2334405
1810122
1547979
1941195
2203346
7577307
2203361
499434
1810157
1548020
106234
499459
1548037
7053062
368396
106253
499468
1810200
1548057
1810206
1548073
1548077
2596661
1548099
1810257
1548116
106333
1941342
106334
106336
1941348
1941352
106345
1810281
761705
761709
1548143
1548146
1810291
761718
1548156
1810309
106385
2203538
106392
1548186
1810331
106395
1941409
2596781
2203570
1548210
1810364
1548221
106433
1810373
106440
106442
1810382
106447
106449
1810390
1941462
1548249
1548251
1548257
1810404
1810408
1548264
1679339
1548269
1548271
1548277
106494
106497
6791171
1548297
106510
1548313
1548317
499742
106535
1548328
1548331
106544
106546
1810484
1548340
106548
2203701
1548347
499777
1941569
1679425
1548356
499782
499783
106568
2334791
1548363
2203728
1548371
7053399
1548375
499808
1941603
6004839
106601
499824
106618
2728059
1810563
1548422
1941638
7577743
1548434
1941651
106644
1548438
7053465
1810590
1548450
106659
1548452
106662
1548456
1810616
237753
1548485
237769
1941708
1548494
1548495
106707
106712
6004956
1548508
2203873
2466019
1548516
1941742
1548527
106744
1810681
237822
1810696
1548554
7315729
106770
1548563
1548571
1810719
1941791
1548578
1941800
1810737
2203961
1548610
106819
1548622
1548630
500062
1810782
106848
1155422
7315820
1810799
106864
1941875
1941878
1941884
106877
500094
500106
1810829
1810837
762262
1941919
1548709
500134
369066
2466224
1941941
1548734
1941952
106949
106950
106951
1810892
1941972
2204123
1548771
1941987
1548776
1548779
1548782
1810927
1548794
1810940
2466308
1810950
1942023
107016
1810955
1942028
1548815
107024
1548827
1548831
1942058
6922797
238129
762418
1942078
1548877
369236
1811031
9020000
369254
1548913
107122
1548914
1942133
1548921
762497
107138
107144
1548940
1811085
1942162
500374
1942167
1811098
1811100
500383
1548962
369317
1811111
1548972
1286829
1811117
107185
1942194
1286837
1680053
762550
107200
1548997
8889030
2335430
762574
1942224
1811154
8889046
1811159
762603
107248
107254
107258
762628
1942285
1549074
1942294
107299
1811237
762663
1942319
7316275
1549121
1942339
1549131
1811283
1942362
1942370
1549159
1942381
1549173
1549183
1549189
1942412
1549198
1811342
1942419
1942424
107420
762783
107425
238501
1549234
1811380
1024951
107451
1549250
1942479
1811409
1811416
238553
500699
2335708
107489
1811428
107492
1942507
1942514
1549300
8758260
1942517
500730
369662
1549321
1549324
500749
107534
500757
238614
1549353
1549355
1942578
1549369
1811515
1680459
369748
1942614
1549405
3253345
1811559
1549419
1811567
1942641
107637
107642
1811579
1811585
1549443
107654
1942663
1811592
1811596
1549459
2466970
2073755
107678
1549473
1418403
107685
107686
763047
1942697
107691
1549484
1811637
107701
1811642
1942717
1549503
107713
1549513
1811659
1942731
1811663
2204879
1549521
107731
107734
1549528
1549530
763109
1942758
1942770
1287411
1287413
1811703
1549561
369915
1942790
1811723
1549586
1549595
1942816
1942818
1942820
1025322
1549620
1549624
1942841
1549634
1549644
1549646
1811793
1549653
1549660
1811805
107868
1942882
1549668
763237
1811816
1942889
1549676
1942896
1811827
1811831
1942907
1811846
1549712
107933
107943
1025448
107951
1549746
107960
501184
8889796
1549770
501199
1549781
3253725
1549793
1811939
501228
1943022
501238
894456
1943034
108032
108041
501263
1549841
1549844
7054873
1287710
1549869
1418800
108088
8496700
1943103
1549893
1943113
763469
108111
108113
763474
9021017
8889948
108137
239216
8234614
108153
1549946
108166
8758924
1549967
370319
370322
1549979
894621
108192
108198
1550000
370355
108213
1550006
4564677
108230
894667
108237
9283289
1943258
2336478
1550055
108263
1550057
1550061
1681134
108281
1550075
108292
1550086
1812231
1943307
1550117
108330
108341
108350
1943373
1550173
1943392
1025890
7055203
1550184
763754
1943408
1812340
108406
1550200
108409
108416
1812356
1550219
108432
1943440
1288085
1812379
501663
894888
501673
1943467
108466
1943477
108474
108475
108478
894912
894913
108481
1943490
1550285
894926
1943506
1550291
108502
1550299
894940
501726
501727
1943524
1943530
501746
1943539
1812470
1812471
239608
108540
108547
1812485
1812488
501770
1550346
1550355
108566
108568
1550364
1943585
895010
1026084
1550374
2074663
108590
1550385
1812529
1550390
2467895
108606
895041
1157187
1550411
895057
501841
1681496
501855
108645
108646
1943656
1812584
108652
1288301
1550445
108655
108663
1943678
1550463
1550472
895112
1550474
1026193
501910
764057
1550496
1943719
108713
1943724
108723
1550519
1550525
108736
1812673
108737
1550533
1288396
108751
764114
9283802
1943770
239841
1550563
1550567
108792
108800
1419522
1812740
1550599
895240
108811
370956
8890639
895250
1550615
1550633
8890678
6007095
1550648
1550659
1550663
1550666
1812810
1943886
1812821
1943893
1681752
1943900
239968
1550693
1550695
108903
108904
108906
2468203
1550698
108909
108911
1812861
1550718
1550749
108962
1550755
1943975
108968
1550767
108977
108983
108985
108990
1550784
764356
1550793
109004
1944015
109009
109014
764374
109023
764384
109026
5482979
371181
8890870
1550838
109048
1550840
1812993
1944066
8628740
764421
764423
764424
109066
109067
109073
109076
1813014
1944087
1813019
109086
764457
502314
1550896
109113
1944122
109117
109130
9284171
109137
502357
7973465
502364
1944163
1682020
1550949
8890980
1550952
8890986
502390
1550969
1944186
1550974
8104582
1944207
6924946
1550997
1813144
1813145
1551004
1551006
1551014
1551019
502452
1813175
2075320
502457
1551034
371387
1551036
109246
1551041
1813188
109254
1813196
502481
109266
109267
8891092
1944277
9284311
1682136
1944284
1551070
109281
109286
240361
109298
502516
109301
1551094
109308
109314
1420043
1944332
764687
1944337
1551125
764695
109340
109345
764709
1551141
240430
1551165
1813312
1551168
1944386
1551171
109380
1813318
1944390
1944397
109400
109405
1551200
1813346
109420
1944436
109429
2206587
2206590
1551252
109461
109462
109466
1944475
1551261
8760222
1551264
1944482
2468784
502704
1944503
1420217
1551294
1944517
1551304
1813449
2206667
502734
7056335
1944529
109530
1944541
1289184
764897
1944549
764904
1551338
1944565
1158134
1551351
109561
1944574
1813508
1551365
1944584
1551372
1420313
764968
1944617
9022508
1551404
1551407
109615
1551408
1813554
1551410
109621
1813560
109625
109626
109628
1551421
109630
371772
1551424
1420357
1551430
109641
109647
1551444
1813589
1813593
1551451
1551453
1944671
1944680
109677
2075760
2600049
1551476
1289336
9284729
4435076
765060
8891526
1813639
109704
1944712
1944716
1551501
1551505
1551508
1551510
109721
2206875
1944731
1551517
109729
1551525
2075814
765095
1944743
1813671
1813675
1551535
109744
1944754
8891571
1551544
1551545
1551546
109755
1420473
1551549
1551550
109761
1551557
765127
1551560
109767
1551566
1944783
1551568
109777
1944792
1551582
109794
1551591
1551593
1551594
1551599
371953
1813749
2600183
1551609
109826
371974
1944841
1551626
503066
1551643
1551644
1944861
1551646
503075
109863
765230
1551670
1944888
1551673
765240
109883
1813820
1551675
503102
1289538
1551682
503110
109897
1813834
1944905
109900
1551694
1551698
1551700
1944917
1551703
1551705
1813851
109919
1944930
109924
1944935
1551722
1551724
1551727
1551735
1551738
109952
1944962
1944966
1813898
1551755
109964
1813903
1551759
109976
9285023
1551776
1813931
1945006
1813949
1551808
110017
110022
1813968
1551825
1945046
1551831
1551833
2469339
110044
1551839
110048
765410
1551843
110062
765424
1551857
110067
110072
1551864
1814010
110076
110077
110078
1551870
1551882
241163
110092
1551892
110101
1814038
1551897
1289762
1814057
1551915
110136
8236602
765499
765503
1814084
1551944
110154
1551951
1551952
110161
1551957
1551961
1551965
110180
1551975
110186
1551978
1814134
1551991
7057018
1814141
1551998
1552002
241283
1945225
1552010
1814154
110221
765583
1552019
1552022
1552024
110233
1552027
1552032
1814179
1945259
110252
1552046
6794928
110257
110258
1552049
1814197
1552066
1552067
7057091
1552070
1552078
1552080
1552081
1683156
110293
1552085
1552087
110292
1945305
1552090
1552089
503514
110301
110304
1552107
110315
1945323
110318
1552111
110322
1552115
1552117
1552119
503545
1552122
1814270
1552130
1814276
1814291
110360
1552159
1552161
241443
1552168
1683240
110378
110381
1552176
1552177
765745
1552181
1158966
1814327
1552184
1552185
1552187
1552191
372544
1552193
1552192
6926150
1552199
110413
765778
1552210
1552212
765781
1552214
1814354
1552216
1552220
1552221
1814366
1159006
1552226
241515
1552244
1814389
1552246
110458
110460
1552255
110466
1814404
110470
1945482
241547
1552269
765839
1552273
1552275
110484
1552279
110488
110489
2338718
1552288
1552290
1552291
110513
1945524
2994100
1552310
765880
110520
1552319
1552320
110529
1552321
2469836
1552334
1552335
1552336
1552338
1814484
1552341
110552
110555
1814508
110579
1552373
1945594
1552379
110592
503815
110600
110599
1552398
1552399
110608
1814545
1552400
1552407
1290266
765980
1552414
1552416
1552420
1552421
1945651
1945658
1552446
110655
766016
1552449
110658
110659
1945667
1814597
5353542
1552459
766029
1552461
110674
1814611
1552469
1552471
1552475
3387485
372830
110687
241759
1552481
110690
1552484
372837
110698
110706
1552504
110715
1552516
1945740
1814673
1552533
1552535
1552537
1552544
1945765
110758
110759
2338984
2207909
1552554
110763
1552556
1552557
1814695
1814703
1945776
110771
110773
1552569
110779
503997
2339005
110783
1945792
1552573
110787
7319751
1945800
110792
372942
1552596
110810
110811
1814748
1814754
1552612
1945830
1552614
372968
110825
1552615
766188
6926579
1552635
1814780
1552642
1552643
1945863
1552648
1552649
1552650
1945869
1552657
1552665
110873
1552668
1945884
373024
1552674
1552675
1945891
2076963
110889
1552681
1552683
1552686
373044
110902
110905
766268
1421628
1552702
1552703
1552704
766274
110916
110919
110923
766286
110929
1552727
1552730
110938
766300
1552737
1552738
1814883
1552740
766309
1814889
110956
110958
110961
242035
1945981
1552767
1814912
110981
1552774
4436359
1552778
1552779
1552782
1946001
1552787
1552788
1552790
1552792
897433
1552795
1552797
1552798
1552799
1552800
111010
111012
1946025
111021
1552821
1552824
1946045
1552829
1946050
111043
1552837
1946059
111052
1421773
111053
1946063
1552844
2077141
1552856
1552860
1552861
1552866
1552869
1552875
1159665
766450
111093
1552886
1552887
1683963
1552893
1552896
1552897
1552898
1552899
111108
1552900
1552903
1552906
1946126
1552911
111123
1552915
1552918
1552921
1552925
1552932
1946149
1552933
1552935
111145
1552938
766509
111150
1552943
1552949
1552950
1815096
1552952
1552953
1552956
2732605
1552966
1552974
1552977
111187
1552980
111188
1946198
1552984
1552986
9024090
1815132
504411
1159783
1815153
766577
1553010
111218
111221
1553012
111227
1946236
1421948
504444
1553024
1946243
111243
1553045
111258
1553052
1946268
1290910
111264
1553060
1553061
111287
766648
1553081
1553083
111292
1553085
111293
373439
111296
111298
1553092
1553093
111302
1553096
1553100
1553104
1946325
1553115
1553118
1553119
1946336
1553121
1553125
242410
1946346
1553134
1946352
1553143
1553145
1553146
111358
1815297
1553154
111361
1815299
111365
1553157
1553159
1553160
1553163
1553164
111373
4174605
111375
1815311
1553178
1553184
1553185
766753
1946405
1553189
111403
6796079
1553200
1553201
1946419
111412
504629
1553207
1815352
111419
8762171
1553213
1553216
1815361
1946436
111429
1815369
111435
111437
111438
1815374
1553232
111442
1553235
504661
504662
504663
1815384
1553241
1553243
1815389
504670
1946463
1684319
1553254
111463
1553256
111468
1553260
1553261
504689
1553265
766837
1553270
1553269
1553274
7058299
1946492
111485
1815426
1946498
1946500
1553285
2601865
1553289
1553291
1946508
1553292
111503
1815441
1946514
111507
8893332
111510
111511
111513
1553309
766879
1946528
1553313
1815458
1553312
1553317
1553320
1815465
1553323
1946542
504753
111538
1553334
111545
1815484
8893374
1553347
111557
1815495
1553351
6927305
111562
111563
1815500
766925
373710
1553360
1553362
1553363
2339796
1553364
1815511
766942
766943
1553376
1553379
7320548
1946597
1553384
1553388
1553390
1553393
1553394
1553403
111617
111620
1553415
1553416
1553421
766991
111634
1553428
1553439
1553441
1553442
4568099
1553444
9286691
1553445
1946668
1553453
7320623
1815599
1553455
1553459
1553462
111672
111673
1946680
111678
1815617
1553473
1815621
1553478
1553487
1422415
1553489
1553494
504919
1553496
1553498
1553502
111718
111719
1553512
1553510
111722
9024618
9024620
1553515
1553513
111730
1553523
1553525
1946745
1553530
1815677
111742
1553538
111747
2077828
373893
111749
6403206
1946756
111756
111757
111759
1553553
7320722
1553555
1553558
111772
767136
2602144
111789
111794
1815734
1815743
111838
111840
767204
111856
111873
111875
111880
1815817
8238348
2340109
9286927
111891
111892
6927636
1815830
1946916
111910
8762667
1946924
7058732
111918
111915
374068
1815864
767288
767294
111937
111955
767323
111964
111967
111968
1029480
111977
2602349
111984
1946994
1946999
767373
2340238
112020
1815973
112038
112042
112052
2471362
112082
5223892
2078166
1816030
1422821
1816040
112106
112115
112125
1947135
112128
767491
2340356
112137
1816078
112143
1816083
1816090
1816095
112161
1816102
1029672
1816111
767552
7321155
112196
112200
2078283
112204
1816141
112206
1947218
112212
1947229
1947232
112225
112226
112227
767590
767592
1947242
112241
112245
767606
112247
112254
112261
8763013
112263
1816200
112264
112272
112273
1947299
112293
505512
112296
112299
767659
112302
505520
1947312
112311
112312
505532
112317
112318
1816258
112323
5486274
767685
6403790
112337
112342
112349
2078444
505583
1816314
112379
112380
1947396
112394
1816332
112402
112403
1947417
112414
112415
1685281
112418
112429
112433
112434
767794
1816376
112445
112446
112449
112457
112458
112460
112466
112473
1947485
112478
767848
8763248
1947511
112503
112506
112509
112510
112517
112518
112522
767886
1947545
112539
8894364
243613
112559
767920
112560
112562
1161136
112565
112567
112570
1816507
112577
374724
112584
112587
1947597
374734
112589
1947603
112597
112598
505831
112616
112617
1816554
112618
1423339
112621
9025523
112628
112634
112640
112641
112643
112644
505864
112654
1816592
112658
112666
112670
8763422
112673
2340899
2340902
112679
112680
374826
1947693
112694
112695
1947705
1816638
112706
112709
112711
112714
1947723
112716
768077
1947732
112725
1816666
505946
3389530
1947747
112739
2996327
112744
112747
374895
112752
1947761
112754
112766
7321727
1816703
112776
112777
1947786
112778
112786
112787
112792
112798
1947813
112809
8763564
1947827
112825
112830
112835
5880003
112839
1947850
1947856
112852
768223
1947872
112865
5748962
1947871
112866
112871
112877
112878
1947885
112883
112884
1947895
112890
1816835
2210052
112900
1947910
112903
768266
112907
1947923
112915
112919
1816867
112931
1947942
112935
506150
1947954
4438332
1816892
768321
768325
1947975
1816906
1947988
2472276
1292630
2341209
768346
1948010
1816942
506230
1816950
1816961
1948045
768410
768415
1948064
506273
506276
506283
1948084
1948092
2079169
7059907
2079173
506313
506318
1948113
1685974
1948121
1817050
1948136
2603510
2996735
244228
768518
7322121
1817099
1817106
1948190
1817121
1817126
1161783
768569
1948221
1817152
2603591
244296
3914319
1948240
768593
1817171
3390042
1555037
244328
1948266
1817196
1817203
2603638
9157244
1948290
2603651
1948298
6142616
768677
1555111
2341544
1817267
1817276
1948352
2341573
1948360
375497
1817292
506595
1030886
1555176
768752
1817354
768786
1948438
506648
1948447
768802
1948463
506678
2472767
1817411
2079559
768844
768850
1948499
375641
506717
6011749
1948537
1817470
1424256
1162143
1817507
1948584
8764342
375753
1948623
1948634
1817570
1948644
1948659
1817600
2604035
1817611
2604052
8895534
1948721
1817659
1948732
8764505
1948762
375899
2210914
1031268
769144
769150
1686666
1424523
375954
1817746
1424537
1686681
1948833
375971
1817771
1948852
375991
1948861
507073
769226
1817805
1817809
1817813
1817817
769242
507099
1948897
1817834
1817863
6143243
1948944
245009
507159
1293593
1555738
769311
769315
8895783
507187
1817917
769344
1948993
2604374
769369
507225
1817952
1817957
769384
2473330
769403
769404
769413
1949063
8764810
769428
6143384
1949087
2997671
2211257
769473
5488068
1818052
1818062
769496
1818091
1818097
245236
769532
507395
1031683
1818116
507403
1818131
2604571
1031708
1949219
1818155
1949236
1818178
2473556
1818197
1818202
769632
1818218
245356
769670
1818254
2080419
769705
769709
1818303
769729
8765122
1818308
1949382
9027276
900814
1818323
2211563
769775
1818354
1687293
769789
1949448
1818385
2998036
1818402
769842
2211635
2998069
769850
3522369
2342724
1949523
376660
376659
1949526
376663
1949532
1949548
769900
2342769
1163129
1949567
1949584
4702099
769941
1949594
1818529
507829
245697
1818562
1949650
770011
1687528
1818603
1556473
770045
9027607
2080792
770072
770074
770076
376875
770099
1294404
2605132
1294417
770137
1818728
770153
1949807
770196
376992
2605219
377010
770254
1818841
1425631
1949925
1818857
114927
508155
1949959
770319
377110
1818903
377118
4178206
508199
1949994
770367
770377
377165
508251
1818980
1425772
377220
1819033
1425828
1819048
9028011
2212273
770484
1819091
770524
770532
7324134
2212332
1425928
1950252
508463
770609
508467
1819194
2081354
770635
246358
1950305
508523
6013554
508531
508537
1950330
1819263
770718
7062187
6144687
1950386
1819317
2081466
3392188
7717579
1950417
1819355
770785
770793
770794
770803
1950464
1819398
1819411
1819423
9028391
508714
508715
1819441
901940
770881
1950530
770909
1950559
770927
1950583
1819520
508831
2212788
1819578
1557439
771035
2212827
1819618
377836
771056
5227521
1819658
1819662
1819670
1819681
7324716
771117
1950772
8897595
1950782
771138
1819717
509002
1164362
1164365
1819727
2606162
771158
1819744
7062625
771180
1819765
377985
1819781
377992
771212
771228
5096606
509089
6145200
2606259
8897717
1950935
1819864
1426657
5358819
1950950
1688810
247025
1950966
771337
378122
1819916
1819933
1951014
1951026
378182
1819979
771420
509285
1951078
1820024
1820039
2999693
1951127
771483
378274
5752251
1951170
1820100
1820105
1557997
1426933
1820155
509439
1820160
771601
1951250
1689115
1820195
1820216
2344508
3393101
1820247
378476
1951343
1820278
1820287
1820300
509591
771737
509601
1427121
1820342
1951426
509635
509637
1820381
9029349
2475765
1951498
3131149
8767246
1820430
1820449
1689380
1951524
1820455
1951553
771906
6801224
1951569
1820500
1951574
771939
1951594
1820525
1296243
1951634
2082720
1951651
1820582
772020
1951671
2607032
772025
9029560
1951678
1820612
772039
7063497
1820628
3393496
772065
772068
1951720
1951725
1820658
8898550
378877
1427469
1951761
378899
1951765
1951770
1951774
1951787
1820723
2476083
1951808
116803
1558613
510039
7325784
1820760
2476122
1951838
510051
1951853
1820792
1296508
1951874
1820807
1427594
1951883
1820829
772258
1689762
379044
1951914
1951918
772272
510131
1820853
1820858
6408382
248006
772299
1820889
1820901
772328
510190
6408443
1820925
1820933
1952034
1820982
1952056
379206
1952073
1427796
6801758
1821027
1952101
1821032
1952106
1821038
2607470
6408564
1821048
1821055
1952130
1821061
1821066
1821071
1952144
7063975
1821097
1952173
772537
1821114
1952204
1427917
2607575
772571
1821151
1427943
1821166
1821177
1952259
1559056
1952282
6801949
6015524
772648
772649
1821231
7064123
1952320
1952323
1952335
772703
1821292
248434
1952374
1952377
379515
379522
1821320
1952395
1952402
772767
1952420
1821359
379572
1952442
2476732
1297093
1821384
772809
1821391
1428198
510695
1428203
1821428
4180733
1821440
9292545
1821445
2607878
1952543
903973
7064365
6802231
1428288
1821512
1821515
1952588
5229390
1952610
1821569
6802308
1821583
773013
1821610
8899515
6802365
1821630
1952704
6802368
773061
773072
1428438
1166296
773081
1821661
1952738
1821675
6802413
1952751
1821680
6802419
248821
6802425
510973
2608133
773145
511016
1821737
1821747
1690690
2739268
6802502
1821768
117837
773200
117841
117844
117845
773212
117872
117876
1821814
117891
1821835
117902
1297551
117906
1952914
6802588
117916
117918
773277
117920
773280
117919
1821859
1952929
117926
1952939
117931
117937
1952964
117957
6409415
1821896
117965
1428687
117977
773339
117980
117984
117987
1821925
117992
1821929
118001
249074
773367
118008
1821944
118007
118011
1821948
1821956
118024
118026
118031
380180
1953046
118044
118050
118055
118062
1821999
2608434
1822002
9030974
118082
1822024
118090
118096
6802785
118115
118121
118127
3132783
118131
118133
773493
1953147
773507
8899978
118157
1822094
773517
118161
1822098
8899988
6802841
1297819
118174
118178
118179
1953188
1166759
118187
1953196
6802859
118196
118198
118199
1822138
2608587
118227
118230
1822174
118238
1953256
1822192
118256
1428980
118261
1953272
1822200
2084345
118268
773635
6802949
773643
118285
118288
118294
1822234
8900125
1822238
118313
1822249
7065132
118318
2346544
773684
118329
2346555
1822270
118347
118360
118364
118368
6803042
118378
118379
773739
1822318
1822325
1953399
118394
6803070
1822335
1822338
2215556
773765
118410
511634
9031314
1822356
118419
6803095
1822360
118435
1822372
118447
118450
1822393
118459
2608831
118467
118469
1167050
4705999
118482
6803155
1822422
118486
1822424
1822425
118497
118498
1953518
2477807
1429231
1953523
1822463
1822470
773900
511763
1822484
2346772
511779
1429301
2215737
1822525
1953601
1822531
2215786
774011
1822600
1429387
1822608
1822611
380827
4444070
1822635
249788
2478031
1560530
1953749
1822696
1822705
1822708
511996
774142
380956
2609193
7065663
1822793
1822799
1822803
1822817
2347109
1822823
1822826
1822831
1822837
1822840
1822851
1953928
1298597
1429675
1953967
3526833
1953975
2347194
1429709
1822925
1822933
5099739
1822941
1822968
1822973
2347269
1822992
1954066
1954072
1823021
1954097
1823031
1823043
774471
1954132
1560933
250224
512369
6803835
8900987
512391
1429899
8901006
512409
1429920
4575650
1429936
2085300
1823160
1823166
1823202
4444644
1823205
1954291
2478584
1823226
2347523
1823235
2085385
7066124
250381
2085390
1823281
1823287
1954367
1430079
1954377
1823307
1954394
7328351
1692255
1954402
1954406
774765
1954421
512634
1954431
1823369
1036942
1823406
2609844
1954493
6017729
2347714
1430219
1954508
1823440
1823449
1954524
1954537
1037048
1823494
774920
1954569
1954594
1954601
1954606
1823535
1954623
774998
1954651
2085734
2610025
2347893
5100420
9032584
512910
512911
1954706
512914
1954709
381860
1954737
2216882
1954753
1954759
1823694
512974
775123
775125
775134
1823712
1954790
775150
1823731
6673396
1823743
775177
1954829
1430544
1954835
1954871
1823809
1561667
1823813
2610256
1299555
1954919
1823872
3396739
1299599
1823887
382101
2086042
1561755
1823900
513181
1954975
775327
513193
382139
1823940
1955015
382157
1823954
1955027
382170
1823965
513247
9032928
513249
1823972
1955070
513285
1955091
382229
6411543
2086173
513313
1824045
775476
1955133
775494
775498
1824085
1824137
775566
513427
513429
1824152
1955232
1430947
1955237
1562025
775594
513453
1824178
1824181
775607
2086328
775611
1562045
513470
5756353
1955268
775621
1824204
1824208
1824215
2086361
775642
1431015
6149608
1562100
251401
1824266
1955360
1824292
1824303
1955377
1824317
1824325
2479686
1824330
6936157
775788
1955438
775799
7329422
1824406
1037977
2086557
2610854
2086575
1824442
1824448
775887
382688
1955556
775913
2086650
251657
1824529
1955608
1955613
1824544
1169211
382785
1824586
382814
1824613
1824658
1824682
776112
513973
1824699
776128
7329743
1824726
1824745
382970
1955860
9033750
8116254
8116257
1955884
776263
1955922
5101651
1955928
9164888
8116320
1955937
3004517
1824871
776309
1955959
9033849
3135609
8116362
3004557
6936731
7067807
1956005
2611375
9033907
8116410
514235
1956031
8116418
776397
514258
1824985
1824998
8902889
1825007
8116470
1038592
1825028
776454
1825032
8116489
1956108
2611476
1956124
8116513
8116520
121149
776529
776530
8903008
1956214
1956223
8116614
8116634
776606
1169839
2349489
8116660
2480564
6674868
776641
1956325
1956352
1432072
3004943
3922452
1956377
1956379
776743
1825322
1432108
8116790
8116791
7985724
514621
5233215
1956417
1825373
1956452
1825384
8116866
1825420
7068305
8116889
776858
1956508
8116900
8116905
1432234
1825452
8903342
1956528
1825464
1956541
3529409
6937282
1825480
8116939
1432278
776924
1956573
776936
6937327
8116983
8772353
8116997
8116998
1956618
514830
8772373
8117015
1956638
1825573
1825579
777014
777016
1825602
8117063
1825608
1956679
8117065
8117096
1956715
1956725
2087802
1956752
777112
8641452
777147
777150
777190
1956853
7330807
1825786
1956859
1825792
1956865
1956868
8117254
1956875
2219035
1825820
1825824
1825844
1825848
7330873
1956928
1825856
1825868
1956945
1956951
1825886
2350182
1825895
8117363
8772728
8117372
515217
8903831
1957017
4185247
2743467
8903852
1957039
1825970
777396
8117445
1825991
4447431
1957072
1826038
1957111
2743561
7068943
1826066
1826084
2350379
777521
1826105
1957181
253249
1826133
777560
1957215
8117600
384358
1957229
515442
515445
515455
1957247
1826179
1957251
122246
1170824
122253
1170830
1957263
122257
122259
1170835
1826199
1957273
1826202
1039771
1826203
1170847
515510
777656
1564093
1826237
2612671
515532
7069133
777677
1564111
777678
6544849
8117731
1957349
1957360
1170941
777728
1826304
384534
1826346
2088495
1957430
1826361
1957444
384588
1957455
777808
1957468
3006049
1957497
777851
777857
1826446
1957526
1957530
515753
6938287
1957553
384696
1957564
1826495
2088641
1957569
1957585
8904406
1826519
1040109
1957617
777973
777977
1826570
1957647
1826578
1826583
2744095
1826593
1957669
1826607
1957687
1826621
1957694
1957698
1826634
1826651
1826663
1826668
1826677
1826685
1957758
1826688
8118145
8773507
8773508
1957765
1826709
1826722
1826731
1826738
1957825
1040323
1957837
1826772
516074
1826795
778227
1957878
1826810
1957906
778280
1957937
1433657
254016
1826882
516164
1826901
1826934
1826941
8118398
8118416
1826967
778397
516263
516267
1958059
1958064
1958071
1827007
1564864
1827016
1827024
1958104
1433817
1827037
1827052
1958124
1958137
778492
254222
6807823
778522
1827100
1958175
1827105
1827127
1958209
2220360
8773964
1958221
1958229
8773985
778599
8118637
778610
1958266
254330
254337
1958274
1958277
4448654
9036182
516514
778661
8118694
778663
1958312
1040816
778674
1827250
1827256
8118713
2089404
1827264
1958361
1827323
1958409
1827341
1958427
778785
1958438
254506
254507
1827381
1958461
1958473
1827405
778829
1958484
1958495
1827427
2220645
1958505
2482800
1827442
1958517
1958539
1827470
254608
1827497
1827505
1827520
3531464
1827530
9036498
1827541
3531488
1827556
1827560
9036520
1827565
2351860
1958646
9036538
1827580
2220799
1827585
1827593
779022
779023
1827603
7987987
1958677
1827607
1434398
385824
1827629
516909
1827644
779071
8119112
516946
9036641
1827681
9036646
1827686
1565555
9036660
1958783
1172354
1827716
1958797
517011
1958829
779187
1958839
2220991
254925
1827792
779216
1827802
1827810
779262
1827850
1827857
1958936
779289
386074
1827868
1827879
1827887
779311
1827901
1827914
255057
779351
1434742
2090127
779410
9036948
4318357
779414
1959064
1827993
1434779
1959071
1959083
1959094
779459
386243
386247
779466
1828047
386265
1434858
386285
1828090
1172736
7070994
9168147
779540
1828117
1959198
1828129
1959207
1959231
1959241
1828175
779604
4580694
1959259
1828188
7071072
2614631
1959276
1828207
517495
1959301
517528
1959339
255419
1828288
1959376
1828306
1959389
1828323
1959397
6022644
779769
1828346
1959422
1828359
779792
2614802
517680
1959473
1959478
779859
1959510
7071321
779865
1828453
6940261
1959527
5498474
1959541
1959548
3925638
2483847
1828487
1828491
779915
1959588
1828526
7595701
1828540
1959615
1828546
1828549
1566411
1828561
1959635
1828570
1304286
1173221
1828582
1828587
1566446
780023
1828608
1959681
1828615
255752
1435414
2615072
1828643
1304361
1959728
1959751
386888
386893
386895
2090831
1435474
9037651
780124
1828700
1304415
8644456
9037675
1173359
2353009
1959796
4450181
6809489
2353042
1959842
1959847
2221992
1435575
1959867
8775613
780223
1959879
1828819
1566678
1959894
1828829
1173477
1828861
518145
2091022
1959953
387095
1828892
518175
1828895
1959967
2222115
1828903
387125
1828939
387147
780365
256094
1960035
780388
1828966
780391
1828969
1828993
1960087
1829016
1829048
387257
2353349
1960134
8644827
1829083
387299
387303
3533067
1829131
1960212
6023445
387362
9038114
1829156
1829168
780595
4188487
1829195
780624
1960278
1960285
7596386
5237096
1829227
1960304
1173874
1960315
5237117
1829249
9038215
7727501
1960334
1829277
780706
7203237
1829287
1042859
1960373
780731
1829308
1829312
256455
1960411
1829361
1829369
1960464
1829402
1567261
1829416
1960488
1829424
1960497
1829428
1960504
780858
1829444
3533382
2353741
1829454
1567314
1829458
518761
1829481
780911
1829488
1960561
1829496
1960575
518820
2615972
1829544
1829549
1960633
518841
518848
1829576
6417099
518862
1698512
518864
1960663
1829598
1305310
518880
7072486
1960682
1829612
1829616
1960697
256773
1829647
387857
1829653
518935
781087
2222883
1829672
1960750
387892
1829687
518968
781113
387901
1960783
1960790
1698649
8907612
1960820
1174388
781174
8907651
1960836
781198
781200
1829784
1960861
1829794
1829800
1829805
1043375
781232
1960879
2354105
9300932
781254
1960925
781299
388096
1567748
9038856
1829897
8776713
1829904
1960976
781331
781360
1829942
1961016
388157
1567811
1829962
519244
8645726
257121
2092129
388206
1830001
257138
781427
1830008
5368955
388233
1830027
388246
1961116
1830068
2092222
1043650
8907975
1961177
1830114
781541
1830130
388338
2616565
1961214
7335166
1961219
1961229
388369
1961234
781592
1043762
1961274
519493
388425
1830221
8777037
1961306
781661
1568095
1830244
781671
3534192
519537
1830261
1437049
1830267
1830289
519574
519578
4320682
7073197
1961391
781744
5762488
1961404
781757
1830332
519623
1961422
257489
1830380
2354674
1043962
1830417
1830423
1306136
781870
1830449
1961522
1830456
1437249
1830467
9170505
1830475
1830478
1830480
781907
1830489
1830494
1961577
1830508
781943
1568384
1961604
3141255
3927692
7073424
1961627
781980
1830557
1830573
1830576
388787
1830582
388793
1961660
1961672
1830611
1306324
1568478
1830626
6680302
5238510
782063
1830647
1830654
1830668
1830677
782110
782113
2354980
1830694
782119
7335718
1830702
2355013
520011
1830732
1437530
1961822
1830757
1568620
520045
1830764
1961843
1961851
1830783
4190083
1830789
2617222
6680456
2092942
1699737
1961882
782240
1830818
1175473
1830836
1961908
782265
1830853
1568715
1830867
7073784
1830911
1830917
2355205
4059146
1568790
389145
389146
389159
3534900
2355252
1962043
6942781
389213
1699938
1962083
1831011
3010661
1831023
9039986
1831035
1962126
1831057
2224281
389276
1831073
6549671
520359
1831089
1700018
2355379
1568955
1962175
782534
258249
389340
9040094
7074024
1569001
1175785
520431
1962234
1962240
3010822
2224393
1962266
2093342
258337
1962285
8778057
1831254
782687
1831271
1831286
520577
1962370
6549905
1962391
1831320
389530
1962395
1962402
1831338
1962416
520636
1438145
1831366
3535302
782796
520660
1831385
1438177
1962467
1307108
2093543
1831405
1831412
3011063
782849
782860
1962520
1831454
1831468
1962542
7336508
1962569
1307210
782965
1831548
1962621
782979
1831562
782989
1962638
1831574
1962652
9040546
1307314
2093747
8909497
1831615
1962689
1831628
1831637
1045206
783079
1831663
1962735
2618096
1831668
1962744
6943485
1962757
1831687
1569545
1831690
8516370
1831709
1831710
520998
1962800
1831743
1831747
1962825
783179
1962828
521045
1831766
389977
1831770
1962843
8516446
7336806
1831785
1962858
1962873
390014
1831811
1962894
1831822
1962898
127904
1831841
127906
127905
127910
1831847
127917
1831854
1831859
9040825
2487228
2094034
259031
1962978
1962985
9040874
1831918
8516591
8516593
1962996
2618357
1831936
8516614
1963025
1831960
1831976
8516650
1963051
1831984
390197
1831991
1831994
1963071
783426
1832011
783437
1832017
390232
8516696
8516747
8516749
783502
1832082
783509
1963158
1832092
390300
7074973
1832105
8516780
1832112
1832117
3404983
8516792
1176761
390336
1963207
1963220
1832155
1963228
1438941
783586
259301
4191467
1832172
2094317
390385
1963252
1832186
783615
2225407
1832194
8516870
1963277
1832210
8516885
783640
390439
1832239
2618679
259385
1832255
521561
1832281
8516955
1832284
521566
8516960
521568
1439079
390517
8516981
1963402
783755
1963410
8517011
1832340
1439126
8517023
1832359
1963433
1832364
1963448
1177030
8517070
8910303
1832421
783848
2094582
1832440
8517124
2225669
1832465
1963550
6551080
1832515
1832518
652880
1439315
8910420
652890
652893
1439335
3012206
1832560
652920
1832569
652923
1439360
3143300
1832584
1832599
1832616
8910508
8517296
8910517
652985
521918
8517313
390850
1439434
390858
6026958
1963733
1832676
1963753
1832688
521973
259843
1832713
1963797
390948
522026
1177399
8517442
784197
1963848
9172815
9172818
1832791
2357087
1963875
784228
784229
1832810
2357100
9041773
1832829
391038
1963910
1963919
1832848
8910741
1963926
1439644
1963936
1963969
1832902
8517585
784351
784355
522211
1832935
2619375
784370
8910837
8517624
260089
1832961
2357249
784387
1832971
1832979
3012656
1964084
1964086
391223
522303
1964097
1964101
522313
1177681
1964115
1833045
1964119
1833059
1964133
1964134
1833063
1833076
1177716
1964154
784517
1177747
129173
1964204
1833136
1964213
1964225
4192480
2226402
1833205
8517877
8911096
8517893
1440005
391437
1964312
1964317
2488616
2095413
1964345
1177922
1177926
1177928
1964374
260441
1833311
653663
1964389
784747
8518000
2357622
653690
784772
8518021
8911243
3013004
1833362
1964446
653729
7076262
8780198
8518068
1833425
2226642
8518100
1833444
8518117
4454894
8911351
8518135
8518145
2357775
784917
4586007
784927
1571360
2226722
8518196
1833524
1964601
1833531
784958
1964610
1964623
260688
1964627
1833562
785004
1833586
1309309
1964674
2226823
785035
1833614
2095777
522926
1964720
3013298
8518322
1833667
1964741
6683338
1440458
2620112
3013331
2489050
9173725
785124
1964788
1964792
1833748
1833756
1833759
1964839
1833782
1833784
8518468
9042767
1964884
8518484
1964889
2358113
2227045
654192
1964918
1571703
1833847
392060
8518524
8518526
392064
1964933
1964939
8518541
1964950
1833880
785309
1964968
7076777
523184
1964976
8911797
785335
392120
1964984
9305016
9042876
392126
1964990
1833929
1965003
4324302
1833939
1965014
1965028
1571813
523238
8518633
1833962
523246
392176
1965044
785406
523274
1965069
1834013
392232
8518697
1965104
785457
1834033
3013680
1965113
1965131
1834064
1965140
1965143
1965148
1965153
1440865
2620535
8518780
8518782
8518783
1965211
1965225
3013802
1965228
2096308
785603
785604
9174214
785611
1965263
1965266
1834202
1965276
1965284
3538151
1834216
1965289
4717801
2096368
8518908
654607
1965330
8518930
1834260
5897494
1834263
654614
1965335
2620697
2096418
1965349
1965366
523579
9043259
654655
1965382
3538249
6946122
8518989
654680
1965400
785754
7077208
654689
1965412
1834343
523624
1834347
8519025
8912255
1834386
1965460
1965463
1834391
785848
8519104
4062660
1965512
1834449
1965523
392660
2620886
1965541
7077353
1834474
9174506
1179137
7077377
1965592
1965603
1965606
5766702
1965620
6946358
1310263
7077447
1310279
8519264
8519276
392815
2621048
8519292
1965695
1441407
1834626
2358919
1965709
1834638
6946448
2621076
1834649
786085
1179308
7077549
1965743
1179316
392893
392902
7077579
3538647
2359000
3014381
1834733
786159
1965820
392965
261893
1965834
261898
786193
1834775
7077660
1834782
1965869
786223
393007
786234
8519485
786241
1834850
1834854
524140
8519535
393072
1965942
8519545
1965946
1834874
1834881
262017
1965955
1310611
8519573
7077783
1834925
786352
262065
1834932
1966010
1834945
9043910
8519638
1834972
9043939
1966057
524265
1966060
1966072
524281
